case_id,event,repeat,mode,src,dst,bytes,n,cell,before,after,delta,decreased
1,penv_cg_tbox1_desc_rma_put,1,put,0,1,64,0,0,0,0,0,0
1,penv_cg_tbox1_desc_rma_put,1,put,0,1,64,0,1,0,0,0,0
1,penv_cg_tbox1_desc_rma_put,1,put,0,1,64,0,2,0,0,0,0
1,penv_cg_tbox1_desc_rma_put,1,put,0,1,64,0,3,0,0,0,0
1,penv_cg_tbox1_desc_rma_put,1,put,0,1,64,0,4,0,0,0,0
1,penv_cg_tbox1_desc_rma_put,1,put,0,1,64,0,5,0,0,0,0
1,penv_cg_tbox1_desc_rma_put,1,put,0,1,64,0,6,0,0,0,0
1,penv_cg_tbox1_desc_rma_put,1,put,0,1,64,0,7,0,0,0,0
1,penv_cg_tbox1_desc_rma_put,1,put,0,1,64,0,8,0,0,0,0
1,penv_cg_tbox1_desc_rma_put,1,put,0,1,64,0,9,0,0,0,0
1,penv_cg_tbox1_desc_rma_put,1,put,0,1,64,0,10,0,0,0,0
1,penv_cg_tbox1_desc_rma_put,1,put,0,1,64,0,11,0,0,0,0
1,penv_cg_tbox1_desc_rma_put,1,put,0,1,64,0,12,0,0,0,0
1,penv_cg_tbox1_desc_rma_put,1,put,0,1,64,0,13,0,0,0,0
1,penv_cg_tbox1_desc_rma_put,1,put,0,1,64,0,14,0,0,0,0
1,penv_cg_tbox1_desc_rma_put,1,put,0,1,64,0,15,0,0,0,0
2,penv_cg_tbox1_desc_rma_put,1,local,0,1,64,0,0,0,0,0,0
2,penv_cg_tbox1_desc_rma_put,1,local,0,1,64,0,1,0,0,0,0
2,penv_cg_tbox1_desc_rma_put,1,local,0,1,64,0,2,0,0,0,0
2,penv_cg_tbox1_desc_rma_put,1,local,0,1,64,0,3,0,0,0,0
2,penv_cg_tbox1_desc_rma_put,1,local,0,1,64,0,4,0,0,0,0
2,penv_cg_tbox1_desc_rma_put,1,local,0,1,64,0,5,0,0,0,0
2,penv_cg_tbox1_desc_rma_put,1,local,0,1,64,0,6,0,0,0,0
2,penv_cg_tbox1_desc_rma_put,1,local,0,1,64,0,7,0,0,0,0
2,penv_cg_tbox1_desc_rma_put,1,local,0,1,64,0,8,0,0,0,0
2,penv_cg_tbox1_desc_rma_put,1,local,0,1,64,0,9,0,0,0,0
2,penv_cg_tbox1_desc_rma_put,1,local,0,1,64,0,10,0,0,0,0
2,penv_cg_tbox1_desc_rma_put,1,local,0,1,64,0,11,0,0,0,0
2,penv_cg_tbox1_desc_rma_put,1,local,0,1,64,0,12,0,0,0,0
2,penv_cg_tbox1_desc_rma_put,1,local,0,1,64,0,13,0,0,0,0
2,penv_cg_tbox1_desc_rma_put,1,local,0,1,64,0,14,0,0,0,0
2,penv_cg_tbox1_desc_rma_put,1,local,0,1,64,0,15,0,0,0,0
3,penv_cg_tbox1_desc_rma_put,1,put,0,1,64,64,0,0,64,64,0
3,penv_cg_tbox1_desc_rma_put,1,put,0,1,64,64,1,0,0,0,0
3,penv_cg_tbox1_desc_rma_put,1,put,0,1,64,64,2,0,0,0,0
3,penv_cg_tbox1_desc_rma_put,1,put,0,1,64,64,3,0,0,0,0
3,penv_cg_tbox1_desc_rma_put,1,put,0,1,64,64,4,0,0,0,0
3,penv_cg_tbox1_desc_rma_put,1,put,0,1,64,64,5,0,0,0,0
3,penv_cg_tbox1_desc_rma_put,1,put,0,1,64,64,6,0,0,0,0
3,penv_cg_tbox1_desc_rma_put,1,put,0,1,64,64,7,0,0,0,0
3,penv_cg_tbox1_desc_rma_put,1,put,0,1,64,64,8,0,0,0,0
3,penv_cg_tbox1_desc_rma_put,1,put,0,1,64,64,9,0,0,0,0
3,penv_cg_tbox1_desc_rma_put,1,put,0,1,64,64,10,0,0,0,0
3,penv_cg_tbox1_desc_rma_put,1,put,0,1,64,64,11,0,0,0,0
3,penv_cg_tbox1_desc_rma_put,1,put,0,1,64,64,12,0,0,0,0
3,penv_cg_tbox1_desc_rma_put,1,put,0,1,64,64,13,0,0,0,0
3,penv_cg_tbox1_desc_rma_put,1,put,0,1,64,64,14,0,0,0,0
3,penv_cg_tbox1_desc_rma_put,1,put,0,1,64,64,15,0,0,0,0
4,penv_cg_tbox1_desc_rma_put,1,local,0,1,64,64,0,0,0,0,0
4,penv_cg_tbox1_desc_rma_put,1,local,0,1,64,64,1,0,0,0,0
4,penv_cg_tbox1_desc_rma_put,1,local,0,1,64,64,2,0,0,0,0
4,penv_cg_tbox1_desc_rma_put,1,local,0,1,64,64,3,0,0,0,0
4,penv_cg_tbox1_desc_rma_put,1,local,0,1,64,64,4,0,0,0,0
4,penv_cg_tbox1_desc_rma_put,1,local,0,1,64,64,5,0,0,0,0
4,penv_cg_tbox1_desc_rma_put,1,local,0,1,64,64,6,0,0,0,0
4,penv_cg_tbox1_desc_rma_put,1,local,0,1,64,64,7,0,0,0,0
4,penv_cg_tbox1_desc_rma_put,1,local,0,1,64,64,8,0,0,0,0
4,penv_cg_tbox1_desc_rma_put,1,local,0,1,64,64,9,0,0,0,0
4,penv_cg_tbox1_desc_rma_put,1,local,0,1,64,64,10,0,0,0,0
4,penv_cg_tbox1_desc_rma_put,1,local,0,1,64,64,11,0,0,0,0
4,penv_cg_tbox1_desc_rma_put,1,local,0,1,64,64,12,0,0,0,0
4,penv_cg_tbox1_desc_rma_put,1,local,0,1,64,64,13,0,0,0,0
4,penv_cg_tbox1_desc_rma_put,1,local,0,1,64,64,14,0,0,0,0
4,penv_cg_tbox1_desc_rma_put,1,local,0,1,64,64,15,0,0,0,0
5,penv_cg_tbox1_desc_rma_put,1,put,0,1,64,256,0,0,256,256,0
5,penv_cg_tbox1_desc_rma_put,1,put,0,1,64,256,1,0,0,0,0
5,penv_cg_tbox1_desc_rma_put,1,put,0,1,64,256,2,0,0,0,0
5,penv_cg_tbox1_desc_rma_put,1,put,0,1,64,256,3,0,0,0,0
5,penv_cg_tbox1_desc_rma_put,1,put,0,1,64,256,4,0,0,0,0
5,penv_cg_tbox1_desc_rma_put,1,put,0,1,64,256,5,0,0,0,0
5,penv_cg_tbox1_desc_rma_put,1,put,0,1,64,256,6,0,0,0,0
5,penv_cg_tbox1_desc_rma_put,1,put,0,1,64,256,7,0,0,0,0
5,penv_cg_tbox1_desc_rma_put,1,put,0,1,64,256,8,0,0,0,0
5,penv_cg_tbox1_desc_rma_put,1,put,0,1,64,256,9,0,0,0,0
5,penv_cg_tbox1_desc_rma_put,1,put,0,1,64,256,10,0,0,0,0
5,penv_cg_tbox1_desc_rma_put,1,put,0,1,64,256,11,0,0,0,0
5,penv_cg_tbox1_desc_rma_put,1,put,0,1,64,256,12,0,0,0,0
5,penv_cg_tbox1_desc_rma_put,1,put,0,1,64,256,13,0,0,0,0
5,penv_cg_tbox1_desc_rma_put,1,put,0,1,64,256,14,0,0,0,0
5,penv_cg_tbox1_desc_rma_put,1,put,0,1,64,256,15,0,0,0,0
6,penv_cg_tbox1_desc_rma_put,1,local,0,1,64,256,0,0,0,0,0
6,penv_cg_tbox1_desc_rma_put,1,local,0,1,64,256,1,0,0,0,0
6,penv_cg_tbox1_desc_rma_put,1,local,0,1,64,256,2,0,0,0,0
6,penv_cg_tbox1_desc_rma_put,1,local,0,1,64,256,3,0,0,0,0
6,penv_cg_tbox1_desc_rma_put,1,local,0,1,64,256,4,0,0,0,0
6,penv_cg_tbox1_desc_rma_put,1,local,0,1,64,256,5,0,0,0,0
6,penv_cg_tbox1_desc_rma_put,1,local,0,1,64,256,6,0,0,0,0
6,penv_cg_tbox1_desc_rma_put,1,local,0,1,64,256,7,0,0,0,0
6,penv_cg_tbox1_desc_rma_put,1,local,0,1,64,256,8,0,0,0,0
6,penv_cg_tbox1_desc_rma_put,1,local,0,1,64,256,9,0,0,0,0
6,penv_cg_tbox1_desc_rma_put,1,local,0,1,64,256,10,0,0,0,0
6,penv_cg_tbox1_desc_rma_put,1,local,0,1,64,256,11,0,0,0,0
6,penv_cg_tbox1_desc_rma_put,1,local,0,1,64,256,12,0,0,0,0
6,penv_cg_tbox1_desc_rma_put,1,local,0,1,64,256,13,0,0,0,0
6,penv_cg_tbox1_desc_rma_put,1,local,0,1,64,256,14,0,0,0,0
6,penv_cg_tbox1_desc_rma_put,1,local,0,1,64,256,15,0,0,0,0
7,penv_cg_tbox1_desc_rma_put,2,local,0,1,64,256,0,0,0,0,0
7,penv_cg_tbox1_desc_rma_put,2,local,0,1,64,256,1,0,0,0,0
7,penv_cg_tbox1_desc_rma_put,2,local,0,1,64,256,2,0,0,0,0
7,penv_cg_tbox1_desc_rma_put,2,local,0,1,64,256,3,0,0,0,0
7,penv_cg_tbox1_desc_rma_put,2,local,0,1,64,256,4,0,0,0,0
7,penv_cg_tbox1_desc_rma_put,2,local,0,1,64,256,5,0,0,0,0
7,penv_cg_tbox1_desc_rma_put,2,local,0,1,64,256,6,0,0,0,0
7,penv_cg_tbox1_desc_rma_put,2,local,0,1,64,256,7,0,0,0,0
7,penv_cg_tbox1_desc_rma_put,2,local,0,1,64,256,8,0,0,0,0
7,penv_cg_tbox1_desc_rma_put,2,local,0,1,64,256,9,0,0,0,0
7,penv_cg_tbox1_desc_rma_put,2,local,0,1,64,256,10,0,0,0,0
7,penv_cg_tbox1_desc_rma_put,2,local,0,1,64,256,11,0,0,0,0
7,penv_cg_tbox1_desc_rma_put,2,local,0,1,64,256,12,0,0,0,0
7,penv_cg_tbox1_desc_rma_put,2,local,0,1,64,256,13,0,0,0,0
7,penv_cg_tbox1_desc_rma_put,2,local,0,1,64,256,14,0,0,0,0
7,penv_cg_tbox1_desc_rma_put,2,local,0,1,64,256,15,0,0,0,0
8,penv_cg_tbox1_desc_rma_put,2,put,0,1,64,256,0,0,256,256,0
8,penv_cg_tbox1_desc_rma_put,2,put,0,1,64,256,1,0,0,0,0
8,penv_cg_tbox1_desc_rma_put,2,put,0,1,64,256,2,0,0,0,0
8,penv_cg_tbox1_desc_rma_put,2,put,0,1,64,256,3,0,0,0,0
8,penv_cg_tbox1_desc_rma_put,2,put,0,1,64,256,4,0,0,0,0
8,penv_cg_tbox1_desc_rma_put,2,put,0,1,64,256,5,0,0,0,0
8,penv_cg_tbox1_desc_rma_put,2,put,0,1,64,256,6,0,0,0,0
8,penv_cg_tbox1_desc_rma_put,2,put,0,1,64,256,7,0,0,0,0
8,penv_cg_tbox1_desc_rma_put,2,put,0,1,64,256,8,0,0,0,0
8,penv_cg_tbox1_desc_rma_put,2,put,0,1,64,256,9,0,0,0,0
8,penv_cg_tbox1_desc_rma_put,2,put,0,1,64,256,10,0,0,0,0
8,penv_cg_tbox1_desc_rma_put,2,put,0,1,64,256,11,0,0,0,0
8,penv_cg_tbox1_desc_rma_put,2,put,0,1,64,256,12,0,0,0,0
8,penv_cg_tbox1_desc_rma_put,2,put,0,1,64,256,13,0,0,0,0
8,penv_cg_tbox1_desc_rma_put,2,put,0,1,64,256,14,0,0,0,0
8,penv_cg_tbox1_desc_rma_put,2,put,0,1,64,256,15,0,0,0,0
9,penv_cg_tbox1_desc_rma_put,2,local,0,1,64,64,0,0,0,0,0
9,penv_cg_tbox1_desc_rma_put,2,local,0,1,64,64,1,0,0,0,0
9,penv_cg_tbox1_desc_rma_put,2,local,0,1,64,64,2,0,0,0,0
9,penv_cg_tbox1_desc_rma_put,2,local,0,1,64,64,3,0,0,0,0
9,penv_cg_tbox1_desc_rma_put,2,local,0,1,64,64,4,0,0,0,0
9,penv_cg_tbox1_desc_rma_put,2,local,0,1,64,64,5,0,0,0,0
9,penv_cg_tbox1_desc_rma_put,2,local,0,1,64,64,6,0,0,0,0
9,penv_cg_tbox1_desc_rma_put,2,local,0,1,64,64,7,0,0,0,0
9,penv_cg_tbox1_desc_rma_put,2,local,0,1,64,64,8,0,0,0,0
9,penv_cg_tbox1_desc_rma_put,2,local,0,1,64,64,9,0,0,0,0
9,penv_cg_tbox1_desc_rma_put,2,local,0,1,64,64,10,0,0,0,0
9,penv_cg_tbox1_desc_rma_put,2,local,0,1,64,64,11,0,0,0,0
9,penv_cg_tbox1_desc_rma_put,2,local,0,1,64,64,12,0,0,0,0
9,penv_cg_tbox1_desc_rma_put,2,local,0,1,64,64,13,0,0,0,0
9,penv_cg_tbox1_desc_rma_put,2,local,0,1,64,64,14,0,0,0,0
9,penv_cg_tbox1_desc_rma_put,2,local,0,1,64,64,15,0,0,0,0
10,penv_cg_tbox1_desc_rma_put,2,put,0,1,64,64,0,0,64,64,0
10,penv_cg_tbox1_desc_rma_put,2,put,0,1,64,64,1,0,0,0,0
10,penv_cg_tbox1_desc_rma_put,2,put,0,1,64,64,2,0,0,0,0
10,penv_cg_tbox1_desc_rma_put,2,put,0,1,64,64,3,0,0,0,0
10,penv_cg_tbox1_desc_rma_put,2,put,0,1,64,64,4,0,0,0,0
10,penv_cg_tbox1_desc_rma_put,2,put,0,1,64,64,5,0,0,0,0
10,penv_cg_tbox1_desc_rma_put,2,put,0,1,64,64,6,0,0,0,0
10,penv_cg_tbox1_desc_rma_put,2,put,0,1,64,64,7,0,0,0,0
10,penv_cg_tbox1_desc_rma_put,2,put,0,1,64,64,8,0,0,0,0
10,penv_cg_tbox1_desc_rma_put,2,put,0,1,64,64,9,0,0,0,0
10,penv_cg_tbox1_desc_rma_put,2,put,0,1,64,64,10,0,0,0,0
10,penv_cg_tbox1_desc_rma_put,2,put,0,1,64,64,11,0,0,0,0
10,penv_cg_tbox1_desc_rma_put,2,put,0,1,64,64,12,0,0,0,0
10,penv_cg_tbox1_desc_rma_put,2,put,0,1,64,64,13,0,0,0,0
10,penv_cg_tbox1_desc_rma_put,2,put,0,1,64,64,14,0,0,0,0
10,penv_cg_tbox1_desc_rma_put,2,put,0,1,64,64,15,0,0,0,0
11,penv_cg_tbox1_desc_rma_put,2,local,0,1,64,0,0,0,0,0,0
11,penv_cg_tbox1_desc_rma_put,2,local,0,1,64,0,1,0,0,0,0
11,penv_cg_tbox1_desc_rma_put,2,local,0,1,64,0,2,0,0,0,0
11,penv_cg_tbox1_desc_rma_put,2,local,0,1,64,0,3,0,0,0,0
11,penv_cg_tbox1_desc_rma_put,2,local,0,1,64,0,4,0,0,0,0
11,penv_cg_tbox1_desc_rma_put,2,local,0,1,64,0,5,0,0,0,0
11,penv_cg_tbox1_desc_rma_put,2,local,0,1,64,0,6,0,0,0,0
11,penv_cg_tbox1_desc_rma_put,2,local,0,1,64,0,7,0,0,0,0
11,penv_cg_tbox1_desc_rma_put,2,local,0,1,64,0,8,0,0,0,0
11,penv_cg_tbox1_desc_rma_put,2,local,0,1,64,0,9,0,0,0,0
11,penv_cg_tbox1_desc_rma_put,2,local,0,1,64,0,10,0,0,0,0
11,penv_cg_tbox1_desc_rma_put,2,local,0,1,64,0,11,0,0,0,0
11,penv_cg_tbox1_desc_rma_put,2,local,0,1,64,0,12,0,0,0,0
11,penv_cg_tbox1_desc_rma_put,2,local,0,1,64,0,13,0,0,0,0
11,penv_cg_tbox1_desc_rma_put,2,local,0,1,64,0,14,0,0,0,0
11,penv_cg_tbox1_desc_rma_put,2,local,0,1,64,0,15,0,0,0,0
12,penv_cg_tbox1_desc_rma_put,2,put,0,1,64,0,0,0,0,0,0
12,penv_cg_tbox1_desc_rma_put,2,put,0,1,64,0,1,0,0,0,0
12,penv_cg_tbox1_desc_rma_put,2,put,0,1,64,0,2,0,0,0,0
12,penv_cg_tbox1_desc_rma_put,2,put,0,1,64,0,3,0,0,0,0
12,penv_cg_tbox1_desc_rma_put,2,put,0,1,64,0,4,0,0,0,0
12,penv_cg_tbox1_desc_rma_put,2,put,0,1,64,0,5,0,0,0,0
12,penv_cg_tbox1_desc_rma_put,2,put,0,1,64,0,6,0,0,0,0
12,penv_cg_tbox1_desc_rma_put,2,put,0,1,64,0,7,0,0,0,0
12,penv_cg_tbox1_desc_rma_put,2,put,0,1,64,0,8,0,0,0,0
12,penv_cg_tbox1_desc_rma_put,2,put,0,1,64,0,9,0,0,0,0
12,penv_cg_tbox1_desc_rma_put,2,put,0,1,64,0,10,0,0,0,0
12,penv_cg_tbox1_desc_rma_put,2,put,0,1,64,0,11,0,0,0,0
12,penv_cg_tbox1_desc_rma_put,2,put,0,1,64,0,12,0,0,0,0
12,penv_cg_tbox1_desc_rma_put,2,put,0,1,64,0,13,0,0,0,0
12,penv_cg_tbox1_desc_rma_put,2,put,0,1,64,0,14,0,0,0,0
12,penv_cg_tbox1_desc_rma_put,2,put,0,1,64,0,15,0,0,0,0
13,penv_cg_tbox1_desc_rma_put,1,put,1,2,64,0,0,0,0,0,0
13,penv_cg_tbox1_desc_rma_put,1,put,1,2,64,0,1,0,0,0,0
13,penv_cg_tbox1_desc_rma_put,1,put,1,2,64,0,2,0,0,0,0
13,penv_cg_tbox1_desc_rma_put,1,put,1,2,64,0,3,0,0,0,0
13,penv_cg_tbox1_desc_rma_put,1,put,1,2,64,0,4,0,0,0,0
13,penv_cg_tbox1_desc_rma_put,1,put,1,2,64,0,5,0,0,0,0
13,penv_cg_tbox1_desc_rma_put,1,put,1,2,64,0,6,0,0,0,0
13,penv_cg_tbox1_desc_rma_put,1,put,1,2,64,0,7,0,0,0,0
13,penv_cg_tbox1_desc_rma_put,1,put,1,2,64,0,8,0,0,0,0
13,penv_cg_tbox1_desc_rma_put,1,put,1,2,64,0,9,0,0,0,0
13,penv_cg_tbox1_desc_rma_put,1,put,1,2,64,0,10,0,0,0,0
13,penv_cg_tbox1_desc_rma_put,1,put,1,2,64,0,11,0,0,0,0
13,penv_cg_tbox1_desc_rma_put,1,put,1,2,64,0,12,0,0,0,0
13,penv_cg_tbox1_desc_rma_put,1,put,1,2,64,0,13,0,0,0,0
13,penv_cg_tbox1_desc_rma_put,1,put,1,2,64,0,14,0,0,0,0
13,penv_cg_tbox1_desc_rma_put,1,put,1,2,64,0,15,0,0,0,0
14,penv_cg_tbox1_desc_rma_put,1,local,1,2,64,0,0,0,0,0,0
14,penv_cg_tbox1_desc_rma_put,1,local,1,2,64,0,1,0,0,0,0
14,penv_cg_tbox1_desc_rma_put,1,local,1,2,64,0,2,0,0,0,0
14,penv_cg_tbox1_desc_rma_put,1,local,1,2,64,0,3,0,0,0,0
14,penv_cg_tbox1_desc_rma_put,1,local,1,2,64,0,4,0,0,0,0
14,penv_cg_tbox1_desc_rma_put,1,local,1,2,64,0,5,0,0,0,0
14,penv_cg_tbox1_desc_rma_put,1,local,1,2,64,0,6,0,0,0,0
14,penv_cg_tbox1_desc_rma_put,1,local,1,2,64,0,7,0,0,0,0
14,penv_cg_tbox1_desc_rma_put,1,local,1,2,64,0,8,0,0,0,0
14,penv_cg_tbox1_desc_rma_put,1,local,1,2,64,0,9,0,0,0,0
14,penv_cg_tbox1_desc_rma_put,1,local,1,2,64,0,10,0,0,0,0
14,penv_cg_tbox1_desc_rma_put,1,local,1,2,64,0,11,0,0,0,0
14,penv_cg_tbox1_desc_rma_put,1,local,1,2,64,0,12,0,0,0,0
14,penv_cg_tbox1_desc_rma_put,1,local,1,2,64,0,13,0,0,0,0
14,penv_cg_tbox1_desc_rma_put,1,local,1,2,64,0,14,0,0,0,0
14,penv_cg_tbox1_desc_rma_put,1,local,1,2,64,0,15,0,0,0,0
15,penv_cg_tbox1_desc_rma_put,1,put,1,2,64,64,0,0,64,64,0
15,penv_cg_tbox1_desc_rma_put,1,put,1,2,64,64,1,0,0,0,0
15,penv_cg_tbox1_desc_rma_put,1,put,1,2,64,64,2,0,0,0,0
15,penv_cg_tbox1_desc_rma_put,1,put,1,2,64,64,3,0,0,0,0
15,penv_cg_tbox1_desc_rma_put,1,put,1,2,64,64,4,0,0,0,0
15,penv_cg_tbox1_desc_rma_put,1,put,1,2,64,64,5,0,0,0,0
15,penv_cg_tbox1_desc_rma_put,1,put,1,2,64,64,6,0,0,0,0
15,penv_cg_tbox1_desc_rma_put,1,put,1,2,64,64,7,0,0,0,0
15,penv_cg_tbox1_desc_rma_put,1,put,1,2,64,64,8,0,0,0,0
15,penv_cg_tbox1_desc_rma_put,1,put,1,2,64,64,9,0,0,0,0
15,penv_cg_tbox1_desc_rma_put,1,put,1,2,64,64,10,0,0,0,0
15,penv_cg_tbox1_desc_rma_put,1,put,1,2,64,64,11,0,0,0,0
15,penv_cg_tbox1_desc_rma_put,1,put,1,2,64,64,12,0,0,0,0
15,penv_cg_tbox1_desc_rma_put,1,put,1,2,64,64,13,0,0,0,0
15,penv_cg_tbox1_desc_rma_put,1,put,1,2,64,64,14,0,0,0,0
15,penv_cg_tbox1_desc_rma_put,1,put,1,2,64,64,15,0,0,0,0
16,penv_cg_tbox1_desc_rma_put,1,local,1,2,64,64,0,0,0,0,0
16,penv_cg_tbox1_desc_rma_put,1,local,1,2,64,64,1,0,0,0,0
16,penv_cg_tbox1_desc_rma_put,1,local,1,2,64,64,2,0,0,0,0
16,penv_cg_tbox1_desc_rma_put,1,local,1,2,64,64,3,0,0,0,0
16,penv_cg_tbox1_desc_rma_put,1,local,1,2,64,64,4,0,0,0,0
16,penv_cg_tbox1_desc_rma_put,1,local,1,2,64,64,5,0,0,0,0
16,penv_cg_tbox1_desc_rma_put,1,local,1,2,64,64,6,0,0,0,0
16,penv_cg_tbox1_desc_rma_put,1,local,1,2,64,64,7,0,0,0,0
16,penv_cg_tbox1_desc_rma_put,1,local,1,2,64,64,8,0,0,0,0
16,penv_cg_tbox1_desc_rma_put,1,local,1,2,64,64,9,0,0,0,0
16,penv_cg_tbox1_desc_rma_put,1,local,1,2,64,64,10,0,0,0,0
16,penv_cg_tbox1_desc_rma_put,1,local,1,2,64,64,11,0,0,0,0
16,penv_cg_tbox1_desc_rma_put,1,local,1,2,64,64,12,0,0,0,0
16,penv_cg_tbox1_desc_rma_put,1,local,1,2,64,64,13,0,0,0,0
16,penv_cg_tbox1_desc_rma_put,1,local,1,2,64,64,14,0,0,0,0
16,penv_cg_tbox1_desc_rma_put,1,local,1,2,64,64,15,0,0,0,0
17,penv_cg_tbox1_desc_rma_put,1,put,1,2,64,256,0,0,256,256,0
17,penv_cg_tbox1_desc_rma_put,1,put,1,2,64,256,1,0,0,0,0
17,penv_cg_tbox1_desc_rma_put,1,put,1,2,64,256,2,0,0,0,0
17,penv_cg_tbox1_desc_rma_put,1,put,1,2,64,256,3,0,0,0,0
17,penv_cg_tbox1_desc_rma_put,1,put,1,2,64,256,4,0,0,0,0
17,penv_cg_tbox1_desc_rma_put,1,put,1,2,64,256,5,0,0,0,0
17,penv_cg_tbox1_desc_rma_put,1,put,1,2,64,256,6,0,0,0,0
17,penv_cg_tbox1_desc_rma_put,1,put,1,2,64,256,7,0,0,0,0
17,penv_cg_tbox1_desc_rma_put,1,put,1,2,64,256,8,0,0,0,0
17,penv_cg_tbox1_desc_rma_put,1,put,1,2,64,256,9,0,0,0,0
17,penv_cg_tbox1_desc_rma_put,1,put,1,2,64,256,10,0,0,0,0
17,penv_cg_tbox1_desc_rma_put,1,put,1,2,64,256,11,0,0,0,0
17,penv_cg_tbox1_desc_rma_put,1,put,1,2,64,256,12,0,0,0,0
17,penv_cg_tbox1_desc_rma_put,1,put,1,2,64,256,13,0,0,0,0
17,penv_cg_tbox1_desc_rma_put,1,put,1,2,64,256,14,0,0,0,0
17,penv_cg_tbox1_desc_rma_put,1,put,1,2,64,256,15,0,0,0,0
18,penv_cg_tbox1_desc_rma_put,1,local,1,2,64,256,0,0,0,0,0
18,penv_cg_tbox1_desc_rma_put,1,local,1,2,64,256,1,0,0,0,0
18,penv_cg_tbox1_desc_rma_put,1,local,1,2,64,256,2,0,0,0,0
18,penv_cg_tbox1_desc_rma_put,1,local,1,2,64,256,3,0,0,0,0
18,penv_cg_tbox1_desc_rma_put,1,local,1,2,64,256,4,0,0,0,0
18,penv_cg_tbox1_desc_rma_put,1,local,1,2,64,256,5,0,0,0,0
18,penv_cg_tbox1_desc_rma_put,1,local,1,2,64,256,6,0,0,0,0
18,penv_cg_tbox1_desc_rma_put,1,local,1,2,64,256,7,0,0,0,0
18,penv_cg_tbox1_desc_rma_put,1,local,1,2,64,256,8,0,0,0,0
18,penv_cg_tbox1_desc_rma_put,1,local,1,2,64,256,9,0,0,0,0
18,penv_cg_tbox1_desc_rma_put,1,local,1,2,64,256,10,0,0,0,0
18,penv_cg_tbox1_desc_rma_put,1,local,1,2,64,256,11,0,0,0,0
18,penv_cg_tbox1_desc_rma_put,1,local,1,2,64,256,12,0,0,0,0
18,penv_cg_tbox1_desc_rma_put,1,local,1,2,64,256,13,0,0,0,0
18,penv_cg_tbox1_desc_rma_put,1,local,1,2,64,256,14,0,0,0,0
18,penv_cg_tbox1_desc_rma_put,1,local,1,2,64,256,15,0,0,0,0
19,penv_cg_tbox1_desc_rma_put,2,local,1,2,64,256,0,0,0,0,0
19,penv_cg_tbox1_desc_rma_put,2,local,1,2,64,256,1,0,0,0,0
19,penv_cg_tbox1_desc_rma_put,2,local,1,2,64,256,2,0,0,0,0
19,penv_cg_tbox1_desc_rma_put,2,local,1,2,64,256,3,0,0,0,0
19,penv_cg_tbox1_desc_rma_put,2,local,1,2,64,256,4,0,0,0,0
19,penv_cg_tbox1_desc_rma_put,2,local,1,2,64,256,5,0,0,0,0
19,penv_cg_tbox1_desc_rma_put,2,local,1,2,64,256,6,0,0,0,0
19,penv_cg_tbox1_desc_rma_put,2,local,1,2,64,256,7,0,0,0,0
19,penv_cg_tbox1_desc_rma_put,2,local,1,2,64,256,8,0,0,0,0
19,penv_cg_tbox1_desc_rma_put,2,local,1,2,64,256,9,0,0,0,0
19,penv_cg_tbox1_desc_rma_put,2,local,1,2,64,256,10,0,0,0,0
19,penv_cg_tbox1_desc_rma_put,2,local,1,2,64,256,11,0,0,0,0
19,penv_cg_tbox1_desc_rma_put,2,local,1,2,64,256,12,0,0,0,0
19,penv_cg_tbox1_desc_rma_put,2,local,1,2,64,256,13,0,0,0,0
19,penv_cg_tbox1_desc_rma_put,2,local,1,2,64,256,14,0,0,0,0
19,penv_cg_tbox1_desc_rma_put,2,local,1,2,64,256,15,0,0,0,0
20,penv_cg_tbox1_desc_rma_put,2,put,1,2,64,256,0,0,256,256,0
20,penv_cg_tbox1_desc_rma_put,2,put,1,2,64,256,1,0,0,0,0
20,penv_cg_tbox1_desc_rma_put,2,put,1,2,64,256,2,0,0,0,0
20,penv_cg_tbox1_desc_rma_put,2,put,1,2,64,256,3,0,0,0,0
20,penv_cg_tbox1_desc_rma_put,2,put,1,2,64,256,4,0,0,0,0
20,penv_cg_tbox1_desc_rma_put,2,put,1,2,64,256,5,0,0,0,0
20,penv_cg_tbox1_desc_rma_put,2,put,1,2,64,256,6,0,0,0,0
20,penv_cg_tbox1_desc_rma_put,2,put,1,2,64,256,7,0,0,0,0
20,penv_cg_tbox1_desc_rma_put,2,put,1,2,64,256,8,0,0,0,0
20,penv_cg_tbox1_desc_rma_put,2,put,1,2,64,256,9,0,0,0,0
20,penv_cg_tbox1_desc_rma_put,2,put,1,2,64,256,10,0,0,0,0
20,penv_cg_tbox1_desc_rma_put,2,put,1,2,64,256,11,0,0,0,0
20,penv_cg_tbox1_desc_rma_put,2,put,1,2,64,256,12,0,0,0,0
20,penv_cg_tbox1_desc_rma_put,2,put,1,2,64,256,13,0,0,0,0
20,penv_cg_tbox1_desc_rma_put,2,put,1,2,64,256,14,0,0,0,0
20,penv_cg_tbox1_desc_rma_put,2,put,1,2,64,256,15,0,0,0,0
21,penv_cg_tbox1_desc_rma_put,2,local,1,2,64,64,0,0,0,0,0
21,penv_cg_tbox1_desc_rma_put,2,local,1,2,64,64,1,0,0,0,0
21,penv_cg_tbox1_desc_rma_put,2,local,1,2,64,64,2,0,0,0,0
21,penv_cg_tbox1_desc_rma_put,2,local,1,2,64,64,3,0,0,0,0
21,penv_cg_tbox1_desc_rma_put,2,local,1,2,64,64,4,0,0,0,0
21,penv_cg_tbox1_desc_rma_put,2,local,1,2,64,64,5,0,0,0,0
21,penv_cg_tbox1_desc_rma_put,2,local,1,2,64,64,6,0,0,0,0
21,penv_cg_tbox1_desc_rma_put,2,local,1,2,64,64,7,0,0,0,0
21,penv_cg_tbox1_desc_rma_put,2,local,1,2,64,64,8,0,0,0,0
21,penv_cg_tbox1_desc_rma_put,2,local,1,2,64,64,9,0,0,0,0
21,penv_cg_tbox1_desc_rma_put,2,local,1,2,64,64,10,0,0,0,0
21,penv_cg_tbox1_desc_rma_put,2,local,1,2,64,64,11,0,0,0,0
21,penv_cg_tbox1_desc_rma_put,2,local,1,2,64,64,12,0,0,0,0
21,penv_cg_tbox1_desc_rma_put,2,local,1,2,64,64,13,0,0,0,0
21,penv_cg_tbox1_desc_rma_put,2,local,1,2,64,64,14,0,0,0,0
21,penv_cg_tbox1_desc_rma_put,2,local,1,2,64,64,15,0,0,0,0
22,penv_cg_tbox1_desc_rma_put,2,put,1,2,64,64,0,0,64,64,0
22,penv_cg_tbox1_desc_rma_put,2,put,1,2,64,64,1,0,0,0,0
22,penv_cg_tbox1_desc_rma_put,2,put,1,2,64,64,2,0,0,0,0
22,penv_cg_tbox1_desc_rma_put,2,put,1,2,64,64,3,0,0,0,0
22,penv_cg_tbox1_desc_rma_put,2,put,1,2,64,64,4,0,0,0,0
22,penv_cg_tbox1_desc_rma_put,2,put,1,2,64,64,5,0,0,0,0
22,penv_cg_tbox1_desc_rma_put,2,put,1,2,64,64,6,0,0,0,0
22,penv_cg_tbox1_desc_rma_put,2,put,1,2,64,64,7,0,0,0,0
22,penv_cg_tbox1_desc_rma_put,2,put,1,2,64,64,8,0,0,0,0
22,penv_cg_tbox1_desc_rma_put,2,put,1,2,64,64,9,0,0,0,0
22,penv_cg_tbox1_desc_rma_put,2,put,1,2,64,64,10,0,0,0,0
22,penv_cg_tbox1_desc_rma_put,2,put,1,2,64,64,11,0,0,0,0
22,penv_cg_tbox1_desc_rma_put,2,put,1,2,64,64,12,0,0,0,0
22,penv_cg_tbox1_desc_rma_put,2,put,1,2,64,64,13,0,0,0,0
22,penv_cg_tbox1_desc_rma_put,2,put,1,2,64,64,14,0,0,0,0
22,penv_cg_tbox1_desc_rma_put,2,put,1,2,64,64,15,0,0,0,0
23,penv_cg_tbox1_desc_rma_put,2,local,1,2,64,0,0,0,0,0,0
23,penv_cg_tbox1_desc_rma_put,2,local,1,2,64,0,1,0,0,0,0
23,penv_cg_tbox1_desc_rma_put,2,local,1,2,64,0,2,0,0,0,0
23,penv_cg_tbox1_desc_rma_put,2,local,1,2,64,0,3,0,0,0,0
23,penv_cg_tbox1_desc_rma_put,2,local,1,2,64,0,4,0,0,0,0
23,penv_cg_tbox1_desc_rma_put,2,local,1,2,64,0,5,0,0,0,0
23,penv_cg_tbox1_desc_rma_put,2,local,1,2,64,0,6,0,0,0,0
23,penv_cg_tbox1_desc_rma_put,2,local,1,2,64,0,7,0,0,0,0
23,penv_cg_tbox1_desc_rma_put,2,local,1,2,64,0,8,0,0,0,0
23,penv_cg_tbox1_desc_rma_put,2,local,1,2,64,0,9,0,0,0,0
23,penv_cg_tbox1_desc_rma_put,2,local,1,2,64,0,10,0,0,0,0
23,penv_cg_tbox1_desc_rma_put,2,local,1,2,64,0,11,0,0,0,0
23,penv_cg_tbox1_desc_rma_put,2,local,1,2,64,0,12,0,0,0,0
23,penv_cg_tbox1_desc_rma_put,2,local,1,2,64,0,13,0,0,0,0
23,penv_cg_tbox1_desc_rma_put,2,local,1,2,64,0,14,0,0,0,0
23,penv_cg_tbox1_desc_rma_put,2,local,1,2,64,0,15,0,0,0,0
24,penv_cg_tbox1_desc_rma_put,2,put,1,2,64,0,0,0,0,0,0
24,penv_cg_tbox1_desc_rma_put,2,put,1,2,64,0,1,0,0,0,0
24,penv_cg_tbox1_desc_rma_put,2,put,1,2,64,0,2,0,0,0,0
24,penv_cg_tbox1_desc_rma_put,2,put,1,2,64,0,3,0,0,0,0
24,penv_cg_tbox1_desc_rma_put,2,put,1,2,64,0,4,0,0,0,0
24,penv_cg_tbox1_desc_rma_put,2,put,1,2,64,0,5,0,0,0,0
24,penv_cg_tbox1_desc_rma_put,2,put,1,2,64,0,6,0,0,0,0
24,penv_cg_tbox1_desc_rma_put,2,put,1,2,64,0,7,0,0,0,0
24,penv_cg_tbox1_desc_rma_put,2,put,1,2,64,0,8,0,0,0,0
24,penv_cg_tbox1_desc_rma_put,2,put,1,2,64,0,9,0,0,0,0
24,penv_cg_tbox1_desc_rma_put,2,put,1,2,64,0,10,0,0,0,0
24,penv_cg_tbox1_desc_rma_put,2,put,1,2,64,0,11,0,0,0,0
24,penv_cg_tbox1_desc_rma_put,2,put,1,2,64,0,12,0,0,0,0
24,penv_cg_tbox1_desc_rma_put,2,put,1,2,64,0,13,0,0,0,0
24,penv_cg_tbox1_desc_rma_put,2,put,1,2,64,0,14,0,0,0,0
24,penv_cg_tbox1_desc_rma_put,2,put,1,2,64,0,15,0,0,0,0
25,penv_cg_tbox6_total_rma_put,1,put,0,1,64,0,0,0,0,0,0
25,penv_cg_tbox6_total_rma_put,1,put,0,1,64,0,1,0,0,0,0
25,penv_cg_tbox6_total_rma_put,1,put,0,1,64,0,2,0,0,0,0
25,penv_cg_tbox6_total_rma_put,1,put,0,1,64,0,3,0,0,0,0
25,penv_cg_tbox6_total_rma_put,1,put,0,1,64,0,4,0,0,0,0
25,penv_cg_tbox6_total_rma_put,1,put,0,1,64,0,5,0,0,0,0
25,penv_cg_tbox6_total_rma_put,1,put,0,1,64,0,6,0,0,0,0
25,penv_cg_tbox6_total_rma_put,1,put,0,1,64,0,7,0,0,0,0
25,penv_cg_tbox6_total_rma_put,1,put,0,1,64,0,8,0,0,0,0
25,penv_cg_tbox6_total_rma_put,1,put,0,1,64,0,9,0,0,0,0
25,penv_cg_tbox6_total_rma_put,1,put,0,1,64,0,10,0,0,0,0
25,penv_cg_tbox6_total_rma_put,1,put,0,1,64,0,11,0,0,0,0
25,penv_cg_tbox6_total_rma_put,1,put,0,1,64,0,12,0,0,0,0
25,penv_cg_tbox6_total_rma_put,1,put,0,1,64,0,13,0,0,0,0
25,penv_cg_tbox6_total_rma_put,1,put,0,1,64,0,14,0,0,0,0
25,penv_cg_tbox6_total_rma_put,1,put,0,1,64,0,15,0,0,0,0
26,penv_cg_tbox6_total_rma_put,1,local,0,1,64,0,0,0,0,0,0
26,penv_cg_tbox6_total_rma_put,1,local,0,1,64,0,1,0,0,0,0
26,penv_cg_tbox6_total_rma_put,1,local,0,1,64,0,2,0,0,0,0
26,penv_cg_tbox6_total_rma_put,1,local,0,1,64,0,3,0,0,0,0
26,penv_cg_tbox6_total_rma_put,1,local,0,1,64,0,4,0,0,0,0
26,penv_cg_tbox6_total_rma_put,1,local,0,1,64,0,5,0,0,0,0
26,penv_cg_tbox6_total_rma_put,1,local,0,1,64,0,6,0,0,0,0
26,penv_cg_tbox6_total_rma_put,1,local,0,1,64,0,7,0,0,0,0
26,penv_cg_tbox6_total_rma_put,1,local,0,1,64,0,8,0,0,0,0
26,penv_cg_tbox6_total_rma_put,1,local,0,1,64,0,9,0,0,0,0
26,penv_cg_tbox6_total_rma_put,1,local,0,1,64,0,10,0,0,0,0
26,penv_cg_tbox6_total_rma_put,1,local,0,1,64,0,11,0,0,0,0
26,penv_cg_tbox6_total_rma_put,1,local,0,1,64,0,12,0,0,0,0
26,penv_cg_tbox6_total_rma_put,1,local,0,1,64,0,13,0,0,0,0
26,penv_cg_tbox6_total_rma_put,1,local,0,1,64,0,14,0,0,0,0
26,penv_cg_tbox6_total_rma_put,1,local,0,1,64,0,15,0,0,0,0
27,penv_cg_tbox6_total_rma_put,1,put,0,1,64,64,0,0,1024,1024,0
27,penv_cg_tbox6_total_rma_put,1,put,0,1,64,64,1,0,0,0,0
27,penv_cg_tbox6_total_rma_put,1,put,0,1,64,64,2,0,0,0,0
27,penv_cg_tbox6_total_rma_put,1,put,0,1,64,64,3,0,0,0,0
27,penv_cg_tbox6_total_rma_put,1,put,0,1,64,64,4,0,0,0,0
27,penv_cg_tbox6_total_rma_put,1,put,0,1,64,64,5,0,0,0,0
27,penv_cg_tbox6_total_rma_put,1,put,0,1,64,64,6,0,0,0,0
27,penv_cg_tbox6_total_rma_put,1,put,0,1,64,64,7,0,0,0,0
27,penv_cg_tbox6_total_rma_put,1,put,0,1,64,64,8,0,0,0,0
27,penv_cg_tbox6_total_rma_put,1,put,0,1,64,64,9,0,0,0,0
27,penv_cg_tbox6_total_rma_put,1,put,0,1,64,64,10,0,0,0,0
27,penv_cg_tbox6_total_rma_put,1,put,0,1,64,64,11,0,0,0,0
27,penv_cg_tbox6_total_rma_put,1,put,0,1,64,64,12,0,0,0,0
27,penv_cg_tbox6_total_rma_put,1,put,0,1,64,64,13,0,0,0,0
27,penv_cg_tbox6_total_rma_put,1,put,0,1,64,64,14,0,0,0,0
27,penv_cg_tbox6_total_rma_put,1,put,0,1,64,64,15,0,0,0,0
28,penv_cg_tbox6_total_rma_put,1,local,0,1,64,64,0,0,0,0,0
28,penv_cg_tbox6_total_rma_put,1,local,0,1,64,64,1,0,0,0,0
28,penv_cg_tbox6_total_rma_put,1,local,0,1,64,64,2,0,0,0,0
28,penv_cg_tbox6_total_rma_put,1,local,0,1,64,64,3,0,0,0,0
28,penv_cg_tbox6_total_rma_put,1,local,0,1,64,64,4,0,0,0,0
28,penv_cg_tbox6_total_rma_put,1,local,0,1,64,64,5,0,0,0,0
28,penv_cg_tbox6_total_rma_put,1,local,0,1,64,64,6,0,0,0,0
28,penv_cg_tbox6_total_rma_put,1,local,0,1,64,64,7,0,0,0,0
28,penv_cg_tbox6_total_rma_put,1,local,0,1,64,64,8,0,0,0,0
28,penv_cg_tbox6_total_rma_put,1,local,0,1,64,64,9,0,0,0,0
28,penv_cg_tbox6_total_rma_put,1,local,0,1,64,64,10,0,0,0,0
28,penv_cg_tbox6_total_rma_put,1,local,0,1,64,64,11,0,0,0,0
28,penv_cg_tbox6_total_rma_put,1,local,0,1,64,64,12,0,0,0,0
28,penv_cg_tbox6_total_rma_put,1,local,0,1,64,64,13,0,0,0,0
28,penv_cg_tbox6_total_rma_put,1,local,0,1,64,64,14,0,0,0,0
28,penv_cg_tbox6_total_rma_put,1,local,0,1,64,64,15,0,0,0,0
29,penv_cg_tbox6_total_rma_put,1,put,0,1,64,256,0,0,4096,4096,0
29,penv_cg_tbox6_total_rma_put,1,put,0,1,64,256,1,0,0,0,0
29,penv_cg_tbox6_total_rma_put,1,put,0,1,64,256,2,0,0,0,0
29,penv_cg_tbox6_total_rma_put,1,put,0,1,64,256,3,0,0,0,0
29,penv_cg_tbox6_total_rma_put,1,put,0,1,64,256,4,0,0,0,0
29,penv_cg_tbox6_total_rma_put,1,put,0,1,64,256,5,0,0,0,0
29,penv_cg_tbox6_total_rma_put,1,put,0,1,64,256,6,0,0,0,0
29,penv_cg_tbox6_total_rma_put,1,put,0,1,64,256,7,0,0,0,0
29,penv_cg_tbox6_total_rma_put,1,put,0,1,64,256,8,0,0,0,0
29,penv_cg_tbox6_total_rma_put,1,put,0,1,64,256,9,0,0,0,0
29,penv_cg_tbox6_total_rma_put,1,put,0,1,64,256,10,0,0,0,0
29,penv_cg_tbox6_total_rma_put,1,put,0,1,64,256,11,0,0,0,0
29,penv_cg_tbox6_total_rma_put,1,put,0,1,64,256,12,0,0,0,0
29,penv_cg_tbox6_total_rma_put,1,put,0,1,64,256,13,0,0,0,0
29,penv_cg_tbox6_total_rma_put,1,put,0,1,64,256,14,0,0,0,0
29,penv_cg_tbox6_total_rma_put,1,put,0,1,64,256,15,0,0,0,0
30,penv_cg_tbox6_total_rma_put,1,local,0,1,64,256,0,0,0,0,0
30,penv_cg_tbox6_total_rma_put,1,local,0,1,64,256,1,0,0,0,0
30,penv_cg_tbox6_total_rma_put,1,local,0,1,64,256,2,0,0,0,0
30,penv_cg_tbox6_total_rma_put,1,local,0,1,64,256,3,0,0,0,0
30,penv_cg_tbox6_total_rma_put,1,local,0,1,64,256,4,0,0,0,0
30,penv_cg_tbox6_total_rma_put,1,local,0,1,64,256,5,0,0,0,0
30,penv_cg_tbox6_total_rma_put,1,local,0,1,64,256,6,0,0,0,0
30,penv_cg_tbox6_total_rma_put,1,local,0,1,64,256,7,0,0,0,0
30,penv_cg_tbox6_total_rma_put,1,local,0,1,64,256,8,0,0,0,0
30,penv_cg_tbox6_total_rma_put,1,local,0,1,64,256,9,0,0,0,0
30,penv_cg_tbox6_total_rma_put,1,local,0,1,64,256,10,0,0,0,0
30,penv_cg_tbox6_total_rma_put,1,local,0,1,64,256,11,0,0,0,0
30,penv_cg_tbox6_total_rma_put,1,local,0,1,64,256,12,0,0,0,0
30,penv_cg_tbox6_total_rma_put,1,local,0,1,64,256,13,0,0,0,0
30,penv_cg_tbox6_total_rma_put,1,local,0,1,64,256,14,0,0,0,0
30,penv_cg_tbox6_total_rma_put,1,local,0,1,64,256,15,0,0,0,0
31,penv_cg_tbox6_total_rma_put,2,local,0,1,64,256,0,0,0,0,0
31,penv_cg_tbox6_total_rma_put,2,local,0,1,64,256,1,0,0,0,0
31,penv_cg_tbox6_total_rma_put,2,local,0,1,64,256,2,0,0,0,0
31,penv_cg_tbox6_total_rma_put,2,local,0,1,64,256,3,0,0,0,0
31,penv_cg_tbox6_total_rma_put,2,local,0,1,64,256,4,0,0,0,0
31,penv_cg_tbox6_total_rma_put,2,local,0,1,64,256,5,0,0,0,0
31,penv_cg_tbox6_total_rma_put,2,local,0,1,64,256,6,0,0,0,0
31,penv_cg_tbox6_total_rma_put,2,local,0,1,64,256,7,0,0,0,0
31,penv_cg_tbox6_total_rma_put,2,local,0,1,64,256,8,0,0,0,0
31,penv_cg_tbox6_total_rma_put,2,local,0,1,64,256,9,0,0,0,0
31,penv_cg_tbox6_total_rma_put,2,local,0,1,64,256,10,0,0,0,0
31,penv_cg_tbox6_total_rma_put,2,local,0,1,64,256,11,0,0,0,0
31,penv_cg_tbox6_total_rma_put,2,local,0,1,64,256,12,0,0,0,0
31,penv_cg_tbox6_total_rma_put,2,local,0,1,64,256,13,0,0,0,0
31,penv_cg_tbox6_total_rma_put,2,local,0,1,64,256,14,0,0,0,0
31,penv_cg_tbox6_total_rma_put,2,local,0,1,64,256,15,0,0,0,0
32,penv_cg_tbox6_total_rma_put,2,put,0,1,64,256,0,0,4096,4096,0
32,penv_cg_tbox6_total_rma_put,2,put,0,1,64,256,1,0,0,0,0
32,penv_cg_tbox6_total_rma_put,2,put,0,1,64,256,2,0,0,0,0
32,penv_cg_tbox6_total_rma_put,2,put,0,1,64,256,3,0,0,0,0
32,penv_cg_tbox6_total_rma_put,2,put,0,1,64,256,4,0,0,0,0
32,penv_cg_tbox6_total_rma_put,2,put,0,1,64,256,5,0,0,0,0
32,penv_cg_tbox6_total_rma_put,2,put,0,1,64,256,6,0,0,0,0
32,penv_cg_tbox6_total_rma_put,2,put,0,1,64,256,7,0,0,0,0
32,penv_cg_tbox6_total_rma_put,2,put,0,1,64,256,8,0,0,0,0
32,penv_cg_tbox6_total_rma_put,2,put,0,1,64,256,9,0,0,0,0
32,penv_cg_tbox6_total_rma_put,2,put,0,1,64,256,10,0,0,0,0
32,penv_cg_tbox6_total_rma_put,2,put,0,1,64,256,11,0,0,0,0
32,penv_cg_tbox6_total_rma_put,2,put,0,1,64,256,12,0,0,0,0
32,penv_cg_tbox6_total_rma_put,2,put,0,1,64,256,13,0,0,0,0
32,penv_cg_tbox6_total_rma_put,2,put,0,1,64,256,14,0,0,0,0
32,penv_cg_tbox6_total_rma_put,2,put,0,1,64,256,15,0,0,0,0
33,penv_cg_tbox6_total_rma_put,2,local,0,1,64,64,0,0,0,0,0
33,penv_cg_tbox6_total_rma_put,2,local,0,1,64,64,1,0,0,0,0
33,penv_cg_tbox6_total_rma_put,2,local,0,1,64,64,2,0,0,0,0
33,penv_cg_tbox6_total_rma_put,2,local,0,1,64,64,3,0,0,0,0
33,penv_cg_tbox6_total_rma_put,2,local,0,1,64,64,4,0,0,0,0
33,penv_cg_tbox6_total_rma_put,2,local,0,1,64,64,5,0,0,0,0
33,penv_cg_tbox6_total_rma_put,2,local,0,1,64,64,6,0,0,0,0
33,penv_cg_tbox6_total_rma_put,2,local,0,1,64,64,7,0,0,0,0
33,penv_cg_tbox6_total_rma_put,2,local,0,1,64,64,8,0,0,0,0
33,penv_cg_tbox6_total_rma_put,2,local,0,1,64,64,9,0,0,0,0
33,penv_cg_tbox6_total_rma_put,2,local,0,1,64,64,10,0,0,0,0
33,penv_cg_tbox6_total_rma_put,2,local,0,1,64,64,11,0,0,0,0
33,penv_cg_tbox6_total_rma_put,2,local,0,1,64,64,12,0,0,0,0
33,penv_cg_tbox6_total_rma_put,2,local,0,1,64,64,13,0,0,0,0
33,penv_cg_tbox6_total_rma_put,2,local,0,1,64,64,14,0,0,0,0
33,penv_cg_tbox6_total_rma_put,2,local,0,1,64,64,15,0,0,0,0
34,penv_cg_tbox6_total_rma_put,2,put,0,1,64,64,0,0,1024,1024,0
34,penv_cg_tbox6_total_rma_put,2,put,0,1,64,64,1,0,0,0,0
34,penv_cg_tbox6_total_rma_put,2,put,0,1,64,64,2,0,0,0,0
34,penv_cg_tbox6_total_rma_put,2,put,0,1,64,64,3,0,0,0,0
34,penv_cg_tbox6_total_rma_put,2,put,0,1,64,64,4,0,0,0,0
34,penv_cg_tbox6_total_rma_put,2,put,0,1,64,64,5,0,0,0,0
34,penv_cg_tbox6_total_rma_put,2,put,0,1,64,64,6,0,0,0,0
34,penv_cg_tbox6_total_rma_put,2,put,0,1,64,64,7,0,0,0,0
34,penv_cg_tbox6_total_rma_put,2,put,0,1,64,64,8,0,0,0,0
34,penv_cg_tbox6_total_rma_put,2,put,0,1,64,64,9,0,0,0,0
34,penv_cg_tbox6_total_rma_put,2,put,0,1,64,64,10,0,0,0,0
34,penv_cg_tbox6_total_rma_put,2,put,0,1,64,64,11,0,0,0,0
34,penv_cg_tbox6_total_rma_put,2,put,0,1,64,64,12,0,0,0,0
34,penv_cg_tbox6_total_rma_put,2,put,0,1,64,64,13,0,0,0,0
34,penv_cg_tbox6_total_rma_put,2,put,0,1,64,64,14,0,0,0,0
34,penv_cg_tbox6_total_rma_put,2,put,0,1,64,64,15,0,0,0,0
35,penv_cg_tbox6_total_rma_put,2,local,0,1,64,0,0,0,0,0,0
35,penv_cg_tbox6_total_rma_put,2,local,0,1,64,0,1,0,0,0,0
35,penv_cg_tbox6_total_rma_put,2,local,0,1,64,0,2,0,0,0,0
35,penv_cg_tbox6_total_rma_put,2,local,0,1,64,0,3,0,0,0,0
35,penv_cg_tbox6_total_rma_put,2,local,0,1,64,0,4,0,0,0,0
35,penv_cg_tbox6_total_rma_put,2,local,0,1,64,0,5,0,0,0,0
35,penv_cg_tbox6_total_rma_put,2,local,0,1,64,0,6,0,0,0,0
35,penv_cg_tbox6_total_rma_put,2,local,0,1,64,0,7,0,0,0,0
35,penv_cg_tbox6_total_rma_put,2,local,0,1,64,0,8,0,0,0,0
35,penv_cg_tbox6_total_rma_put,2,local,0,1,64,0,9,0,0,0,0
35,penv_cg_tbox6_total_rma_put,2,local,0,1,64,0,10,0,0,0,0
35,penv_cg_tbox6_total_rma_put,2,local,0,1,64,0,11,0,0,0,0
35,penv_cg_tbox6_total_rma_put,2,local,0,1,64,0,12,0,0,0,0
35,penv_cg_tbox6_total_rma_put,2,local,0,1,64,0,13,0,0,0,0
35,penv_cg_tbox6_total_rma_put,2,local,0,1,64,0,14,0,0,0,0
35,penv_cg_tbox6_total_rma_put,2,local,0,1,64,0,15,0,0,0,0
36,penv_cg_tbox6_total_rma_put,2,put,0,1,64,0,0,0,0,0,0
36,penv_cg_tbox6_total_rma_put,2,put,0,1,64,0,1,0,0,0,0
36,penv_cg_tbox6_total_rma_put,2,put,0,1,64,0,2,0,0,0,0
36,penv_cg_tbox6_total_rma_put,2,put,0,1,64,0,3,0,0,0,0
36,penv_cg_tbox6_total_rma_put,2,put,0,1,64,0,4,0,0,0,0
36,penv_cg_tbox6_total_rma_put,2,put,0,1,64,0,5,0,0,0,0
36,penv_cg_tbox6_total_rma_put,2,put,0,1,64,0,6,0,0,0,0
36,penv_cg_tbox6_total_rma_put,2,put,0,1,64,0,7,0,0,0,0
36,penv_cg_tbox6_total_rma_put,2,put,0,1,64,0,8,0,0,0,0
36,penv_cg_tbox6_total_rma_put,2,put,0,1,64,0,9,0,0,0,0
36,penv_cg_tbox6_total_rma_put,2,put,0,1,64,0,10,0,0,0,0
36,penv_cg_tbox6_total_rma_put,2,put,0,1,64,0,11,0,0,0,0
36,penv_cg_tbox6_total_rma_put,2,put,0,1,64,0,12,0,0,0,0
36,penv_cg_tbox6_total_rma_put,2,put,0,1,64,0,13,0,0,0,0
36,penv_cg_tbox6_total_rma_put,2,put,0,1,64,0,14,0,0,0,0
36,penv_cg_tbox6_total_rma_put,2,put,0,1,64,0,15,0,0,0,0
37,penv_cg_tbox6_total_rma_put,1,put,1,2,64,0,0,0,0,0,0
37,penv_cg_tbox6_total_rma_put,1,put,1,2,64,0,1,0,0,0,0
37,penv_cg_tbox6_total_rma_put,1,put,1,2,64,0,2,0,0,0,0
37,penv_cg_tbox6_total_rma_put,1,put,1,2,64,0,3,0,0,0,0
37,penv_cg_tbox6_total_rma_put,1,put,1,2,64,0,4,0,0,0,0
37,penv_cg_tbox6_total_rma_put,1,put,1,2,64,0,5,0,0,0,0
37,penv_cg_tbox6_total_rma_put,1,put,1,2,64,0,6,0,0,0,0
37,penv_cg_tbox6_total_rma_put,1,put,1,2,64,0,7,0,0,0,0
37,penv_cg_tbox6_total_rma_put,1,put,1,2,64,0,8,0,0,0,0
37,penv_cg_tbox6_total_rma_put,1,put,1,2,64,0,9,0,0,0,0
37,penv_cg_tbox6_total_rma_put,1,put,1,2,64,0,10,0,0,0,0
37,penv_cg_tbox6_total_rma_put,1,put,1,2,64,0,11,0,0,0,0
37,penv_cg_tbox6_total_rma_put,1,put,1,2,64,0,12,0,0,0,0
37,penv_cg_tbox6_total_rma_put,1,put,1,2,64,0,13,0,0,0,0
37,penv_cg_tbox6_total_rma_put,1,put,1,2,64,0,14,0,0,0,0
37,penv_cg_tbox6_total_rma_put,1,put,1,2,64,0,15,0,0,0,0
38,penv_cg_tbox6_total_rma_put,1,local,1,2,64,0,0,0,0,0,0
38,penv_cg_tbox6_total_rma_put,1,local,1,2,64,0,1,0,0,0,0
38,penv_cg_tbox6_total_rma_put,1,local,1,2,64,0,2,0,0,0,0
38,penv_cg_tbox6_total_rma_put,1,local,1,2,64,0,3,0,0,0,0
38,penv_cg_tbox6_total_rma_put,1,local,1,2,64,0,4,0,0,0,0
38,penv_cg_tbox6_total_rma_put,1,local,1,2,64,0,5,0,0,0,0
38,penv_cg_tbox6_total_rma_put,1,local,1,2,64,0,6,0,0,0,0
38,penv_cg_tbox6_total_rma_put,1,local,1,2,64,0,7,0,0,0,0
38,penv_cg_tbox6_total_rma_put,1,local,1,2,64,0,8,0,0,0,0
38,penv_cg_tbox6_total_rma_put,1,local,1,2,64,0,9,0,0,0,0
38,penv_cg_tbox6_total_rma_put,1,local,1,2,64,0,10,0,0,0,0
38,penv_cg_tbox6_total_rma_put,1,local,1,2,64,0,11,0,0,0,0
38,penv_cg_tbox6_total_rma_put,1,local,1,2,64,0,12,0,0,0,0
38,penv_cg_tbox6_total_rma_put,1,local,1,2,64,0,13,0,0,0,0
38,penv_cg_tbox6_total_rma_put,1,local,1,2,64,0,14,0,0,0,0
38,penv_cg_tbox6_total_rma_put,1,local,1,2,64,0,15,0,0,0,0
39,penv_cg_tbox6_total_rma_put,1,put,1,2,64,64,0,0,1024,1024,0
39,penv_cg_tbox6_total_rma_put,1,put,1,2,64,64,1,0,0,0,0
39,penv_cg_tbox6_total_rma_put,1,put,1,2,64,64,2,0,0,0,0
39,penv_cg_tbox6_total_rma_put,1,put,1,2,64,64,3,0,0,0,0
39,penv_cg_tbox6_total_rma_put,1,put,1,2,64,64,4,0,0,0,0
39,penv_cg_tbox6_total_rma_put,1,put,1,2,64,64,5,0,0,0,0
39,penv_cg_tbox6_total_rma_put,1,put,1,2,64,64,6,0,0,0,0
39,penv_cg_tbox6_total_rma_put,1,put,1,2,64,64,7,0,0,0,0
39,penv_cg_tbox6_total_rma_put,1,put,1,2,64,64,8,0,0,0,0
39,penv_cg_tbox6_total_rma_put,1,put,1,2,64,64,9,0,0,0,0
39,penv_cg_tbox6_total_rma_put,1,put,1,2,64,64,10,0,0,0,0
39,penv_cg_tbox6_total_rma_put,1,put,1,2,64,64,11,0,0,0,0
39,penv_cg_tbox6_total_rma_put,1,put,1,2,64,64,12,0,0,0,0
39,penv_cg_tbox6_total_rma_put,1,put,1,2,64,64,13,0,0,0,0
39,penv_cg_tbox6_total_rma_put,1,put,1,2,64,64,14,0,0,0,0
39,penv_cg_tbox6_total_rma_put,1,put,1,2,64,64,15,0,0,0,0
40,penv_cg_tbox6_total_rma_put,1,local,1,2,64,64,0,0,0,0,0
40,penv_cg_tbox6_total_rma_put,1,local,1,2,64,64,1,0,0,0,0
40,penv_cg_tbox6_total_rma_put,1,local,1,2,64,64,2,0,0,0,0
40,penv_cg_tbox6_total_rma_put,1,local,1,2,64,64,3,0,0,0,0
40,penv_cg_tbox6_total_rma_put,1,local,1,2,64,64,4,0,0,0,0
40,penv_cg_tbox6_total_rma_put,1,local,1,2,64,64,5,0,0,0,0
40,penv_cg_tbox6_total_rma_put,1,local,1,2,64,64,6,0,0,0,0
40,penv_cg_tbox6_total_rma_put,1,local,1,2,64,64,7,0,0,0,0
40,penv_cg_tbox6_total_rma_put,1,local,1,2,64,64,8,0,0,0,0
40,penv_cg_tbox6_total_rma_put,1,local,1,2,64,64,9,0,0,0,0
40,penv_cg_tbox6_total_rma_put,1,local,1,2,64,64,10,0,0,0,0
40,penv_cg_tbox6_total_rma_put,1,local,1,2,64,64,11,0,0,0,0
40,penv_cg_tbox6_total_rma_put,1,local,1,2,64,64,12,0,0,0,0
40,penv_cg_tbox6_total_rma_put,1,local,1,2,64,64,13,0,0,0,0
40,penv_cg_tbox6_total_rma_put,1,local,1,2,64,64,14,0,0,0,0
40,penv_cg_tbox6_total_rma_put,1,local,1,2,64,64,15,0,0,0,0
41,penv_cg_tbox6_total_rma_put,1,put,1,2,64,256,0,0,4096,4096,0
41,penv_cg_tbox6_total_rma_put,1,put,1,2,64,256,1,0,0,0,0
41,penv_cg_tbox6_total_rma_put,1,put,1,2,64,256,2,0,0,0,0
41,penv_cg_tbox6_total_rma_put,1,put,1,2,64,256,3,0,0,0,0
41,penv_cg_tbox6_total_rma_put,1,put,1,2,64,256,4,0,0,0,0
41,penv_cg_tbox6_total_rma_put,1,put,1,2,64,256,5,0,0,0,0
41,penv_cg_tbox6_total_rma_put,1,put,1,2,64,256,6,0,0,0,0
41,penv_cg_tbox6_total_rma_put,1,put,1,2,64,256,7,0,0,0,0
41,penv_cg_tbox6_total_rma_put,1,put,1,2,64,256,8,0,0,0,0
41,penv_cg_tbox6_total_rma_put,1,put,1,2,64,256,9,0,0,0,0
41,penv_cg_tbox6_total_rma_put,1,put,1,2,64,256,10,0,0,0,0
41,penv_cg_tbox6_total_rma_put,1,put,1,2,64,256,11,0,0,0,0
41,penv_cg_tbox6_total_rma_put,1,put,1,2,64,256,12,0,0,0,0
41,penv_cg_tbox6_total_rma_put,1,put,1,2,64,256,13,0,0,0,0
41,penv_cg_tbox6_total_rma_put,1,put,1,2,64,256,14,0,0,0,0
41,penv_cg_tbox6_total_rma_put,1,put,1,2,64,256,15,0,0,0,0
42,penv_cg_tbox6_total_rma_put,1,local,1,2,64,256,0,0,0,0,0
42,penv_cg_tbox6_total_rma_put,1,local,1,2,64,256,1,0,0,0,0
42,penv_cg_tbox6_total_rma_put,1,local,1,2,64,256,2,0,0,0,0
42,penv_cg_tbox6_total_rma_put,1,local,1,2,64,256,3,0,0,0,0
42,penv_cg_tbox6_total_rma_put,1,local,1,2,64,256,4,0,0,0,0
42,penv_cg_tbox6_total_rma_put,1,local,1,2,64,256,5,0,0,0,0
42,penv_cg_tbox6_total_rma_put,1,local,1,2,64,256,6,0,0,0,0
42,penv_cg_tbox6_total_rma_put,1,local,1,2,64,256,7,0,0,0,0
42,penv_cg_tbox6_total_rma_put,1,local,1,2,64,256,8,0,0,0,0
42,penv_cg_tbox6_total_rma_put,1,local,1,2,64,256,9,0,0,0,0
42,penv_cg_tbox6_total_rma_put,1,local,1,2,64,256,10,0,0,0,0
42,penv_cg_tbox6_total_rma_put,1,local,1,2,64,256,11,0,0,0,0
42,penv_cg_tbox6_total_rma_put,1,local,1,2,64,256,12,0,0,0,0
42,penv_cg_tbox6_total_rma_put,1,local,1,2,64,256,13,0,0,0,0
42,penv_cg_tbox6_total_rma_put,1,local,1,2,64,256,14,0,0,0,0
42,penv_cg_tbox6_total_rma_put,1,local,1,2,64,256,15,0,0,0,0
43,penv_cg_tbox6_total_rma_put,2,local,1,2,64,256,0,0,0,0,0
43,penv_cg_tbox6_total_rma_put,2,local,1,2,64,256,1,0,0,0,0
43,penv_cg_tbox6_total_rma_put,2,local,1,2,64,256,2,0,0,0,0
43,penv_cg_tbox6_total_rma_put,2,local,1,2,64,256,3,0,0,0,0
43,penv_cg_tbox6_total_rma_put,2,local,1,2,64,256,4,0,0,0,0
43,penv_cg_tbox6_total_rma_put,2,local,1,2,64,256,5,0,0,0,0
43,penv_cg_tbox6_total_rma_put,2,local,1,2,64,256,6,0,0,0,0
43,penv_cg_tbox6_total_rma_put,2,local,1,2,64,256,7,0,0,0,0
43,penv_cg_tbox6_total_rma_put,2,local,1,2,64,256,8,0,0,0,0
43,penv_cg_tbox6_total_rma_put,2,local,1,2,64,256,9,0,0,0,0
43,penv_cg_tbox6_total_rma_put,2,local,1,2,64,256,10,0,0,0,0
43,penv_cg_tbox6_total_rma_put,2,local,1,2,64,256,11,0,0,0,0
43,penv_cg_tbox6_total_rma_put,2,local,1,2,64,256,12,0,0,0,0
43,penv_cg_tbox6_total_rma_put,2,local,1,2,64,256,13,0,0,0,0
43,penv_cg_tbox6_total_rma_put,2,local,1,2,64,256,14,0,0,0,0
43,penv_cg_tbox6_total_rma_put,2,local,1,2,64,256,15,0,0,0,0
44,penv_cg_tbox6_total_rma_put,2,put,1,2,64,256,0,0,4096,4096,0
44,penv_cg_tbox6_total_rma_put,2,put,1,2,64,256,1,0,0,0,0
44,penv_cg_tbox6_total_rma_put,2,put,1,2,64,256,2,0,0,0,0
44,penv_cg_tbox6_total_rma_put,2,put,1,2,64,256,3,0,0,0,0
44,penv_cg_tbox6_total_rma_put,2,put,1,2,64,256,4,0,0,0,0
44,penv_cg_tbox6_total_rma_put,2,put,1,2,64,256,5,0,0,0,0
44,penv_cg_tbox6_total_rma_put,2,put,1,2,64,256,6,0,0,0,0
44,penv_cg_tbox6_total_rma_put,2,put,1,2,64,256,7,0,0,0,0
44,penv_cg_tbox6_total_rma_put,2,put,1,2,64,256,8,0,0,0,0
44,penv_cg_tbox6_total_rma_put,2,put,1,2,64,256,9,0,0,0,0
44,penv_cg_tbox6_total_rma_put,2,put,1,2,64,256,10,0,0,0,0
44,penv_cg_tbox6_total_rma_put,2,put,1,2,64,256,11,0,0,0,0
44,penv_cg_tbox6_total_rma_put,2,put,1,2,64,256,12,0,0,0,0
44,penv_cg_tbox6_total_rma_put,2,put,1,2,64,256,13,0,0,0,0
44,penv_cg_tbox6_total_rma_put,2,put,1,2,64,256,14,0,0,0,0
44,penv_cg_tbox6_total_rma_put,2,put,1,2,64,256,15,0,0,0,0
45,penv_cg_tbox6_total_rma_put,2,local,1,2,64,64,0,0,0,0,0
45,penv_cg_tbox6_total_rma_put,2,local,1,2,64,64,1,0,0,0,0
45,penv_cg_tbox6_total_rma_put,2,local,1,2,64,64,2,0,0,0,0
45,penv_cg_tbox6_total_rma_put,2,local,1,2,64,64,3,0,0,0,0
45,penv_cg_tbox6_total_rma_put,2,local,1,2,64,64,4,0,0,0,0
45,penv_cg_tbox6_total_rma_put,2,local,1,2,64,64,5,0,0,0,0
45,penv_cg_tbox6_total_rma_put,2,local,1,2,64,64,6,0,0,0,0
45,penv_cg_tbox6_total_rma_put,2,local,1,2,64,64,7,0,0,0,0
45,penv_cg_tbox6_total_rma_put,2,local,1,2,64,64,8,0,0,0,0
45,penv_cg_tbox6_total_rma_put,2,local,1,2,64,64,9,0,0,0,0
45,penv_cg_tbox6_total_rma_put,2,local,1,2,64,64,10,0,0,0,0
45,penv_cg_tbox6_total_rma_put,2,local,1,2,64,64,11,0,0,0,0
45,penv_cg_tbox6_total_rma_put,2,local,1,2,64,64,12,0,0,0,0
45,penv_cg_tbox6_total_rma_put,2,local,1,2,64,64,13,0,0,0,0
45,penv_cg_tbox6_total_rma_put,2,local,1,2,64,64,14,0,0,0,0
45,penv_cg_tbox6_total_rma_put,2,local,1,2,64,64,15,0,0,0,0
46,penv_cg_tbox6_total_rma_put,2,put,1,2,64,64,0,0,1024,1024,0
46,penv_cg_tbox6_total_rma_put,2,put,1,2,64,64,1,0,0,0,0
46,penv_cg_tbox6_total_rma_put,2,put,1,2,64,64,2,0,0,0,0
46,penv_cg_tbox6_total_rma_put,2,put,1,2,64,64,3,0,0,0,0
46,penv_cg_tbox6_total_rma_put,2,put,1,2,64,64,4,0,0,0,0
46,penv_cg_tbox6_total_rma_put,2,put,1,2,64,64,5,0,0,0,0
46,penv_cg_tbox6_total_rma_put,2,put,1,2,64,64,6,0,0,0,0
46,penv_cg_tbox6_total_rma_put,2,put,1,2,64,64,7,0,0,0,0
46,penv_cg_tbox6_total_rma_put,2,put,1,2,64,64,8,0,0,0,0
46,penv_cg_tbox6_total_rma_put,2,put,1,2,64,64,9,0,0,0,0
46,penv_cg_tbox6_total_rma_put,2,put,1,2,64,64,10,0,0,0,0
46,penv_cg_tbox6_total_rma_put,2,put,1,2,64,64,11,0,0,0,0
46,penv_cg_tbox6_total_rma_put,2,put,1,2,64,64,12,0,0,0,0
46,penv_cg_tbox6_total_rma_put,2,put,1,2,64,64,13,0,0,0,0
46,penv_cg_tbox6_total_rma_put,2,put,1,2,64,64,14,0,0,0,0
46,penv_cg_tbox6_total_rma_put,2,put,1,2,64,64,15,0,0,0,0
47,penv_cg_tbox6_total_rma_put,2,local,1,2,64,0,0,0,0,0,0
47,penv_cg_tbox6_total_rma_put,2,local,1,2,64,0,1,0,0,0,0
47,penv_cg_tbox6_total_rma_put,2,local,1,2,64,0,2,0,0,0,0
47,penv_cg_tbox6_total_rma_put,2,local,1,2,64,0,3,0,0,0,0
47,penv_cg_tbox6_total_rma_put,2,local,1,2,64,0,4,0,0,0,0
47,penv_cg_tbox6_total_rma_put,2,local,1,2,64,0,5,0,0,0,0
47,penv_cg_tbox6_total_rma_put,2,local,1,2,64,0,6,0,0,0,0
47,penv_cg_tbox6_total_rma_put,2,local,1,2,64,0,7,0,0,0,0
47,penv_cg_tbox6_total_rma_put,2,local,1,2,64,0,8,0,0,0,0
47,penv_cg_tbox6_total_rma_put,2,local,1,2,64,0,9,0,0,0,0
47,penv_cg_tbox6_total_rma_put,2,local,1,2,64,0,10,0,0,0,0
47,penv_cg_tbox6_total_rma_put,2,local,1,2,64,0,11,0,0,0,0
47,penv_cg_tbox6_total_rma_put,2,local,1,2,64,0,12,0,0,0,0
47,penv_cg_tbox6_total_rma_put,2,local,1,2,64,0,13,0,0,0,0
47,penv_cg_tbox6_total_rma_put,2,local,1,2,64,0,14,0,0,0,0
47,penv_cg_tbox6_total_rma_put,2,local,1,2,64,0,15,0,0,0,0
48,penv_cg_tbox6_total_rma_put,2,put,1,2,64,0,0,0,0,0,0
48,penv_cg_tbox6_total_rma_put,2,put,1,2,64,0,1,0,0,0,0
48,penv_cg_tbox6_total_rma_put,2,put,1,2,64,0,2,0,0,0,0
48,penv_cg_tbox6_total_rma_put,2,put,1,2,64,0,3,0,0,0,0
48,penv_cg_tbox6_total_rma_put,2,put,1,2,64,0,4,0,0,0,0
48,penv_cg_tbox6_total_rma_put,2,put,1,2,64,0,5,0,0,0,0
48,penv_cg_tbox6_total_rma_put,2,put,1,2,64,0,6,0,0,0,0
48,penv_cg_tbox6_total_rma_put,2,put,1,2,64,0,7,0,0,0,0
48,penv_cg_tbox6_total_rma_put,2,put,1,2,64,0,8,0,0,0,0
48,penv_cg_tbox6_total_rma_put,2,put,1,2,64,0,9,0,0,0,0
48,penv_cg_tbox6_total_rma_put,2,put,1,2,64,0,10,0,0,0,0
48,penv_cg_tbox6_total_rma_put,2,put,1,2,64,0,11,0,0,0,0
48,penv_cg_tbox6_total_rma_put,2,put,1,2,64,0,12,0,0,0,0
48,penv_cg_tbox6_total_rma_put,2,put,1,2,64,0,13,0,0,0,0
48,penv_cg_tbox6_total_rma_put,2,put,1,2,64,0,14,0,0,0,0
48,penv_cg_tbox6_total_rma_put,2,put,1,2,64,0,15,0,0,0,0
49,penv_cg_stn_lpcr1_l1_req_p1up_flit,1,put,0,1,64,0,0,0,0,0,0
49,penv_cg_stn_lpcr1_l1_req_p1up_flit,1,put,0,1,64,0,1,0,0,0,0
49,penv_cg_stn_lpcr1_l1_req_p1up_flit,1,put,0,1,64,0,2,0,0,0,0
49,penv_cg_stn_lpcr1_l1_req_p1up_flit,1,put,0,1,64,0,3,0,0,0,0
49,penv_cg_stn_lpcr1_l1_req_p1up_flit,1,put,0,1,64,0,4,0,0,0,0
49,penv_cg_stn_lpcr1_l1_req_p1up_flit,1,put,0,1,64,0,5,0,0,0,0
49,penv_cg_stn_lpcr1_l1_req_p1up_flit,1,put,0,1,64,0,6,0,0,0,0
49,penv_cg_stn_lpcr1_l1_req_p1up_flit,1,put,0,1,64,0,7,0,0,0,0
49,penv_cg_stn_lpcr1_l1_req_p1up_flit,1,put,0,1,64,0,8,0,0,0,0
49,penv_cg_stn_lpcr1_l1_req_p1up_flit,1,put,0,1,64,0,9,0,0,0,0
49,penv_cg_stn_lpcr1_l1_req_p1up_flit,1,put,0,1,64,0,10,0,0,0,0
49,penv_cg_stn_lpcr1_l1_req_p1up_flit,1,put,0,1,64,0,11,0,0,0,0
49,penv_cg_stn_lpcr1_l1_req_p1up_flit,1,put,0,1,64,0,12,0,0,0,0
49,penv_cg_stn_lpcr1_l1_req_p1up_flit,1,put,0,1,64,0,13,0,0,0,0
49,penv_cg_stn_lpcr1_l1_req_p1up_flit,1,put,0,1,64,0,14,0,0,0,0
49,penv_cg_stn_lpcr1_l1_req_p1up_flit,1,put,0,1,64,0,15,0,0,0,0
50,penv_cg_stn_lpcr1_l1_req_p1up_flit,1,local,0,1,64,0,0,0,0,0,0
50,penv_cg_stn_lpcr1_l1_req_p1up_flit,1,local,0,1,64,0,1,0,0,0,0
50,penv_cg_stn_lpcr1_l1_req_p1up_flit,1,local,0,1,64,0,2,0,0,0,0
50,penv_cg_stn_lpcr1_l1_req_p1up_flit,1,local,0,1,64,0,3,0,0,0,0
50,penv_cg_stn_lpcr1_l1_req_p1up_flit,1,local,0,1,64,0,4,0,0,0,0
50,penv_cg_stn_lpcr1_l1_req_p1up_flit,1,local,0,1,64,0,5,0,0,0,0
50,penv_cg_stn_lpcr1_l1_req_p1up_flit,1,local,0,1,64,0,6,0,0,0,0
50,penv_cg_stn_lpcr1_l1_req_p1up_flit,1,local,0,1,64,0,7,0,0,0,0
50,penv_cg_stn_lpcr1_l1_req_p1up_flit,1,local,0,1,64,0,8,0,0,0,0
50,penv_cg_stn_lpcr1_l1_req_p1up_flit,1,local,0,1,64,0,9,0,0,0,0
50,penv_cg_stn_lpcr1_l1_req_p1up_flit,1,local,0,1,64,0,10,0,0,0,0
50,penv_cg_stn_lpcr1_l1_req_p1up_flit,1,local,0,1,64,0,11,0,0,0,0
50,penv_cg_stn_lpcr1_l1_req_p1up_flit,1,local,0,1,64,0,12,0,0,0,0
50,penv_cg_stn_lpcr1_l1_req_p1up_flit,1,local,0,1,64,0,13,0,0,0,0
50,penv_cg_stn_lpcr1_l1_req_p1up_flit,1,local,0,1,64,0,14,0,0,0,0
50,penv_cg_stn_lpcr1_l1_req_p1up_flit,1,local,0,1,64,0,15,0,0,0,0
51,penv_cg_stn_lpcr1_l1_req_p1up_flit,1,put,0,1,64,64,0,0,384,384,0
51,penv_cg_stn_lpcr1_l1_req_p1up_flit,1,put,0,1,64,64,1,0,0,0,0
51,penv_cg_stn_lpcr1_l1_req_p1up_flit,1,put,0,1,64,64,2,0,0,0,0
51,penv_cg_stn_lpcr1_l1_req_p1up_flit,1,put,0,1,64,64,3,0,0,0,0
51,penv_cg_stn_lpcr1_l1_req_p1up_flit,1,put,0,1,64,64,4,0,0,0,0
51,penv_cg_stn_lpcr1_l1_req_p1up_flit,1,put,0,1,64,64,5,0,0,0,0
51,penv_cg_stn_lpcr1_l1_req_p1up_flit,1,put,0,1,64,64,6,0,0,0,0
51,penv_cg_stn_lpcr1_l1_req_p1up_flit,1,put,0,1,64,64,7,0,0,0,0
51,penv_cg_stn_lpcr1_l1_req_p1up_flit,1,put,0,1,64,64,8,0,0,0,0
51,penv_cg_stn_lpcr1_l1_req_p1up_flit,1,put,0,1,64,64,9,0,0,0,0
51,penv_cg_stn_lpcr1_l1_req_p1up_flit,1,put,0,1,64,64,10,0,0,0,0
51,penv_cg_stn_lpcr1_l1_req_p1up_flit,1,put,0,1,64,64,11,0,0,0,0
51,penv_cg_stn_lpcr1_l1_req_p1up_flit,1,put,0,1,64,64,12,0,0,0,0
51,penv_cg_stn_lpcr1_l1_req_p1up_flit,1,put,0,1,64,64,13,0,0,0,0
51,penv_cg_stn_lpcr1_l1_req_p1up_flit,1,put,0,1,64,64,14,0,0,0,0
51,penv_cg_stn_lpcr1_l1_req_p1up_flit,1,put,0,1,64,64,15,0,0,0,0
52,penv_cg_stn_lpcr1_l1_req_p1up_flit,1,local,0,1,64,64,0,0,0,0,0
52,penv_cg_stn_lpcr1_l1_req_p1up_flit,1,local,0,1,64,64,1,0,0,0,0
52,penv_cg_stn_lpcr1_l1_req_p1up_flit,1,local,0,1,64,64,2,0,0,0,0
52,penv_cg_stn_lpcr1_l1_req_p1up_flit,1,local,0,1,64,64,3,0,0,0,0
52,penv_cg_stn_lpcr1_l1_req_p1up_flit,1,local,0,1,64,64,4,0,0,0,0
52,penv_cg_stn_lpcr1_l1_req_p1up_flit,1,local,0,1,64,64,5,0,0,0,0
52,penv_cg_stn_lpcr1_l1_req_p1up_flit,1,local,0,1,64,64,6,0,0,0,0
52,penv_cg_stn_lpcr1_l1_req_p1up_flit,1,local,0,1,64,64,7,0,0,0,0
52,penv_cg_stn_lpcr1_l1_req_p1up_flit,1,local,0,1,64,64,8,0,0,0,0
52,penv_cg_stn_lpcr1_l1_req_p1up_flit,1,local,0,1,64,64,9,0,0,0,0
52,penv_cg_stn_lpcr1_l1_req_p1up_flit,1,local,0,1,64,64,10,0,0,0,0
52,penv_cg_stn_lpcr1_l1_req_p1up_flit,1,local,0,1,64,64,11,0,0,0,0
52,penv_cg_stn_lpcr1_l1_req_p1up_flit,1,local,0,1,64,64,12,0,0,0,0
52,penv_cg_stn_lpcr1_l1_req_p1up_flit,1,local,0,1,64,64,13,0,0,0,0
52,penv_cg_stn_lpcr1_l1_req_p1up_flit,1,local,0,1,64,64,14,0,0,0,0
52,penv_cg_stn_lpcr1_l1_req_p1up_flit,1,local,0,1,64,64,15,0,0,0,0
53,penv_cg_stn_lpcr1_l1_req_p1up_flit,1,put,0,1,64,256,0,0,1536,1536,0
53,penv_cg_stn_lpcr1_l1_req_p1up_flit,1,put,0,1,64,256,1,0,0,0,0
53,penv_cg_stn_lpcr1_l1_req_p1up_flit,1,put,0,1,64,256,2,0,0,0,0
53,penv_cg_stn_lpcr1_l1_req_p1up_flit,1,put,0,1,64,256,3,0,0,0,0
53,penv_cg_stn_lpcr1_l1_req_p1up_flit,1,put,0,1,64,256,4,0,0,0,0
53,penv_cg_stn_lpcr1_l1_req_p1up_flit,1,put,0,1,64,256,5,0,0,0,0
53,penv_cg_stn_lpcr1_l1_req_p1up_flit,1,put,0,1,64,256,6,0,0,0,0
53,penv_cg_stn_lpcr1_l1_req_p1up_flit,1,put,0,1,64,256,7,0,0,0,0
53,penv_cg_stn_lpcr1_l1_req_p1up_flit,1,put,0,1,64,256,8,0,0,0,0
53,penv_cg_stn_lpcr1_l1_req_p1up_flit,1,put,0,1,64,256,9,0,0,0,0
53,penv_cg_stn_lpcr1_l1_req_p1up_flit,1,put,0,1,64,256,10,0,0,0,0
53,penv_cg_stn_lpcr1_l1_req_p1up_flit,1,put,0,1,64,256,11,0,0,0,0
53,penv_cg_stn_lpcr1_l1_req_p1up_flit,1,put,0,1,64,256,12,0,0,0,0
53,penv_cg_stn_lpcr1_l1_req_p1up_flit,1,put,0,1,64,256,13,0,0,0,0
53,penv_cg_stn_lpcr1_l1_req_p1up_flit,1,put,0,1,64,256,14,0,0,0,0
53,penv_cg_stn_lpcr1_l1_req_p1up_flit,1,put,0,1,64,256,15,0,0,0,0
54,penv_cg_stn_lpcr1_l1_req_p1up_flit,1,local,0,1,64,256,0,0,0,0,0
54,penv_cg_stn_lpcr1_l1_req_p1up_flit,1,local,0,1,64,256,1,0,0,0,0
54,penv_cg_stn_lpcr1_l1_req_p1up_flit,1,local,0,1,64,256,2,0,0,0,0
54,penv_cg_stn_lpcr1_l1_req_p1up_flit,1,local,0,1,64,256,3,0,0,0,0
54,penv_cg_stn_lpcr1_l1_req_p1up_flit,1,local,0,1,64,256,4,0,0,0,0
54,penv_cg_stn_lpcr1_l1_req_p1up_flit,1,local,0,1,64,256,5,0,0,0,0
54,penv_cg_stn_lpcr1_l1_req_p1up_flit,1,local,0,1,64,256,6,0,0,0,0
54,penv_cg_stn_lpcr1_l1_req_p1up_flit,1,local,0,1,64,256,7,0,0,0,0
54,penv_cg_stn_lpcr1_l1_req_p1up_flit,1,local,0,1,64,256,8,0,0,0,0
54,penv_cg_stn_lpcr1_l1_req_p1up_flit,1,local,0,1,64,256,9,0,0,0,0
54,penv_cg_stn_lpcr1_l1_req_p1up_flit,1,local,0,1,64,256,10,0,0,0,0
54,penv_cg_stn_lpcr1_l1_req_p1up_flit,1,local,0,1,64,256,11,0,0,0,0
54,penv_cg_stn_lpcr1_l1_req_p1up_flit,1,local,0,1,64,256,12,0,0,0,0
54,penv_cg_stn_lpcr1_l1_req_p1up_flit,1,local,0,1,64,256,13,0,0,0,0
54,penv_cg_stn_lpcr1_l1_req_p1up_flit,1,local,0,1,64,256,14,0,0,0,0
54,penv_cg_stn_lpcr1_l1_req_p1up_flit,1,local,0,1,64,256,15,0,0,0,0
55,penv_cg_stn_lpcr1_l1_req_p1up_flit,2,local,0,1,64,256,0,0,0,0,0
55,penv_cg_stn_lpcr1_l1_req_p1up_flit,2,local,0,1,64,256,1,0,0,0,0
55,penv_cg_stn_lpcr1_l1_req_p1up_flit,2,local,0,1,64,256,2,0,0,0,0
55,penv_cg_stn_lpcr1_l1_req_p1up_flit,2,local,0,1,64,256,3,0,0,0,0
55,penv_cg_stn_lpcr1_l1_req_p1up_flit,2,local,0,1,64,256,4,0,0,0,0
55,penv_cg_stn_lpcr1_l1_req_p1up_flit,2,local,0,1,64,256,5,0,0,0,0
55,penv_cg_stn_lpcr1_l1_req_p1up_flit,2,local,0,1,64,256,6,0,0,0,0
55,penv_cg_stn_lpcr1_l1_req_p1up_flit,2,local,0,1,64,256,7,0,0,0,0
55,penv_cg_stn_lpcr1_l1_req_p1up_flit,2,local,0,1,64,256,8,0,0,0,0
55,penv_cg_stn_lpcr1_l1_req_p1up_flit,2,local,0,1,64,256,9,0,0,0,0
55,penv_cg_stn_lpcr1_l1_req_p1up_flit,2,local,0,1,64,256,10,0,0,0,0
55,penv_cg_stn_lpcr1_l1_req_p1up_flit,2,local,0,1,64,256,11,0,0,0,0
55,penv_cg_stn_lpcr1_l1_req_p1up_flit,2,local,0,1,64,256,12,0,0,0,0
55,penv_cg_stn_lpcr1_l1_req_p1up_flit,2,local,0,1,64,256,13,0,0,0,0
55,penv_cg_stn_lpcr1_l1_req_p1up_flit,2,local,0,1,64,256,14,0,0,0,0
55,penv_cg_stn_lpcr1_l1_req_p1up_flit,2,local,0,1,64,256,15,0,0,0,0
56,penv_cg_stn_lpcr1_l1_req_p1up_flit,2,put,0,1,64,256,0,0,1536,1536,0
56,penv_cg_stn_lpcr1_l1_req_p1up_flit,2,put,0,1,64,256,1,0,0,0,0
56,penv_cg_stn_lpcr1_l1_req_p1up_flit,2,put,0,1,64,256,2,0,0,0,0
56,penv_cg_stn_lpcr1_l1_req_p1up_flit,2,put,0,1,64,256,3,0,0,0,0
56,penv_cg_stn_lpcr1_l1_req_p1up_flit,2,put,0,1,64,256,4,0,0,0,0
56,penv_cg_stn_lpcr1_l1_req_p1up_flit,2,put,0,1,64,256,5,0,0,0,0
56,penv_cg_stn_lpcr1_l1_req_p1up_flit,2,put,0,1,64,256,6,0,0,0,0
56,penv_cg_stn_lpcr1_l1_req_p1up_flit,2,put,0,1,64,256,7,0,0,0,0
56,penv_cg_stn_lpcr1_l1_req_p1up_flit,2,put,0,1,64,256,8,0,0,0,0
56,penv_cg_stn_lpcr1_l1_req_p1up_flit,2,put,0,1,64,256,9,0,0,0,0
56,penv_cg_stn_lpcr1_l1_req_p1up_flit,2,put,0,1,64,256,10,0,0,0,0
56,penv_cg_stn_lpcr1_l1_req_p1up_flit,2,put,0,1,64,256,11,0,0,0,0
56,penv_cg_stn_lpcr1_l1_req_p1up_flit,2,put,0,1,64,256,12,0,0,0,0
56,penv_cg_stn_lpcr1_l1_req_p1up_flit,2,put,0,1,64,256,13,0,0,0,0
56,penv_cg_stn_lpcr1_l1_req_p1up_flit,2,put,0,1,64,256,14,0,0,0,0
56,penv_cg_stn_lpcr1_l1_req_p1up_flit,2,put,0,1,64,256,15,0,0,0,0
57,penv_cg_stn_lpcr1_l1_req_p1up_flit,2,local,0,1,64,64,0,0,0,0,0
57,penv_cg_stn_lpcr1_l1_req_p1up_flit,2,local,0,1,64,64,1,0,0,0,0
57,penv_cg_stn_lpcr1_l1_req_p1up_flit,2,local,0,1,64,64,2,0,0,0,0
57,penv_cg_stn_lpcr1_l1_req_p1up_flit,2,local,0,1,64,64,3,0,0,0,0
57,penv_cg_stn_lpcr1_l1_req_p1up_flit,2,local,0,1,64,64,4,0,0,0,0
57,penv_cg_stn_lpcr1_l1_req_p1up_flit,2,local,0,1,64,64,5,0,0,0,0
57,penv_cg_stn_lpcr1_l1_req_p1up_flit,2,local,0,1,64,64,6,0,0,0,0
57,penv_cg_stn_lpcr1_l1_req_p1up_flit,2,local,0,1,64,64,7,0,0,0,0
57,penv_cg_stn_lpcr1_l1_req_p1up_flit,2,local,0,1,64,64,8,0,0,0,0
57,penv_cg_stn_lpcr1_l1_req_p1up_flit,2,local,0,1,64,64,9,0,0,0,0
57,penv_cg_stn_lpcr1_l1_req_p1up_flit,2,local,0,1,64,64,10,0,0,0,0
57,penv_cg_stn_lpcr1_l1_req_p1up_flit,2,local,0,1,64,64,11,0,0,0,0
57,penv_cg_stn_lpcr1_l1_req_p1up_flit,2,local,0,1,64,64,12,0,0,0,0
57,penv_cg_stn_lpcr1_l1_req_p1up_flit,2,local,0,1,64,64,13,0,0,0,0
57,penv_cg_stn_lpcr1_l1_req_p1up_flit,2,local,0,1,64,64,14,0,0,0,0
57,penv_cg_stn_lpcr1_l1_req_p1up_flit,2,local,0,1,64,64,15,0,0,0,0
58,penv_cg_stn_lpcr1_l1_req_p1up_flit,2,put,0,1,64,64,0,0,384,384,0
58,penv_cg_stn_lpcr1_l1_req_p1up_flit,2,put,0,1,64,64,1,0,0,0,0
58,penv_cg_stn_lpcr1_l1_req_p1up_flit,2,put,0,1,64,64,2,0,0,0,0
58,penv_cg_stn_lpcr1_l1_req_p1up_flit,2,put,0,1,64,64,3,0,0,0,0
58,penv_cg_stn_lpcr1_l1_req_p1up_flit,2,put,0,1,64,64,4,0,0,0,0
58,penv_cg_stn_lpcr1_l1_req_p1up_flit,2,put,0,1,64,64,5,0,0,0,0
58,penv_cg_stn_lpcr1_l1_req_p1up_flit,2,put,0,1,64,64,6,0,0,0,0
58,penv_cg_stn_lpcr1_l1_req_p1up_flit,2,put,0,1,64,64,7,0,0,0,0
58,penv_cg_stn_lpcr1_l1_req_p1up_flit,2,put,0,1,64,64,8,0,0,0,0
58,penv_cg_stn_lpcr1_l1_req_p1up_flit,2,put,0,1,64,64,9,0,0,0,0
58,penv_cg_stn_lpcr1_l1_req_p1up_flit,2,put,0,1,64,64,10,0,0,0,0
58,penv_cg_stn_lpcr1_l1_req_p1up_flit,2,put,0,1,64,64,11,0,0,0,0
58,penv_cg_stn_lpcr1_l1_req_p1up_flit,2,put,0,1,64,64,12,0,0,0,0
58,penv_cg_stn_lpcr1_l1_req_p1up_flit,2,put,0,1,64,64,13,0,0,0,0
58,penv_cg_stn_lpcr1_l1_req_p1up_flit,2,put,0,1,64,64,14,0,0,0,0
58,penv_cg_stn_lpcr1_l1_req_p1up_flit,2,put,0,1,64,64,15,0,0,0,0
59,penv_cg_stn_lpcr1_l1_req_p1up_flit,2,local,0,1,64,0,0,0,0,0,0
59,penv_cg_stn_lpcr1_l1_req_p1up_flit,2,local,0,1,64,0,1,0,0,0,0
59,penv_cg_stn_lpcr1_l1_req_p1up_flit,2,local,0,1,64,0,2,0,0,0,0
59,penv_cg_stn_lpcr1_l1_req_p1up_flit,2,local,0,1,64,0,3,0,0,0,0
59,penv_cg_stn_lpcr1_l1_req_p1up_flit,2,local,0,1,64,0,4,0,0,0,0
59,penv_cg_stn_lpcr1_l1_req_p1up_flit,2,local,0,1,64,0,5,0,0,0,0
59,penv_cg_stn_lpcr1_l1_req_p1up_flit,2,local,0,1,64,0,6,0,0,0,0
59,penv_cg_stn_lpcr1_l1_req_p1up_flit,2,local,0,1,64,0,7,0,0,0,0
59,penv_cg_stn_lpcr1_l1_req_p1up_flit,2,local,0,1,64,0,8,0,0,0,0
59,penv_cg_stn_lpcr1_l1_req_p1up_flit,2,local,0,1,64,0,9,0,0,0,0
59,penv_cg_stn_lpcr1_l1_req_p1up_flit,2,local,0,1,64,0,10,0,0,0,0
59,penv_cg_stn_lpcr1_l1_req_p1up_flit,2,local,0,1,64,0,11,0,0,0,0
59,penv_cg_stn_lpcr1_l1_req_p1up_flit,2,local,0,1,64,0,12,0,0,0,0
59,penv_cg_stn_lpcr1_l1_req_p1up_flit,2,local,0,1,64,0,13,0,0,0,0
59,penv_cg_stn_lpcr1_l1_req_p1up_flit,2,local,0,1,64,0,14,0,0,0,0
59,penv_cg_stn_lpcr1_l1_req_p1up_flit,2,local,0,1,64,0,15,0,0,0,0
60,penv_cg_stn_lpcr1_l1_req_p1up_flit,2,put,0,1,64,0,0,0,0,0,0
60,penv_cg_stn_lpcr1_l1_req_p1up_flit,2,put,0,1,64,0,1,0,0,0,0
60,penv_cg_stn_lpcr1_l1_req_p1up_flit,2,put,0,1,64,0,2,0,0,0,0
60,penv_cg_stn_lpcr1_l1_req_p1up_flit,2,put,0,1,64,0,3,0,0,0,0
60,penv_cg_stn_lpcr1_l1_req_p1up_flit,2,put,0,1,64,0,4,0,0,0,0
60,penv_cg_stn_lpcr1_l1_req_p1up_flit,2,put,0,1,64,0,5,0,0,0,0
60,penv_cg_stn_lpcr1_l1_req_p1up_flit,2,put,0,1,64,0,6,0,0,0,0
60,penv_cg_stn_lpcr1_l1_req_p1up_flit,2,put,0,1,64,0,7,0,0,0,0
60,penv_cg_stn_lpcr1_l1_req_p1up_flit,2,put,0,1,64,0,8,0,0,0,0
60,penv_cg_stn_lpcr1_l1_req_p1up_flit,2,put,0,1,64,0,9,0,0,0,0
60,penv_cg_stn_lpcr1_l1_req_p1up_flit,2,put,0,1,64,0,10,0,0,0,0
60,penv_cg_stn_lpcr1_l1_req_p1up_flit,2,put,0,1,64,0,11,0,0,0,0
60,penv_cg_stn_lpcr1_l1_req_p1up_flit,2,put,0,1,64,0,12,0,0,0,0
60,penv_cg_stn_lpcr1_l1_req_p1up_flit,2,put,0,1,64,0,13,0,0,0,0
60,penv_cg_stn_lpcr1_l1_req_p1up_flit,2,put,0,1,64,0,14,0,0,0,0
60,penv_cg_stn_lpcr1_l1_req_p1up_flit,2,put,0,1,64,0,15,0,0,0,0
61,penv_cg_stn_lpcr1_l1_req_p1up_flit,1,put,1,2,64,0,0,0,0,0,0
61,penv_cg_stn_lpcr1_l1_req_p1up_flit,1,put,1,2,64,0,1,0,0,0,0
61,penv_cg_stn_lpcr1_l1_req_p1up_flit,1,put,1,2,64,0,2,0,0,0,0
61,penv_cg_stn_lpcr1_l1_req_p1up_flit,1,put,1,2,64,0,3,0,0,0,0
61,penv_cg_stn_lpcr1_l1_req_p1up_flit,1,put,1,2,64,0,4,0,0,0,0
61,penv_cg_stn_lpcr1_l1_req_p1up_flit,1,put,1,2,64,0,5,0,0,0,0
61,penv_cg_stn_lpcr1_l1_req_p1up_flit,1,put,1,2,64,0,6,0,0,0,0
61,penv_cg_stn_lpcr1_l1_req_p1up_flit,1,put,1,2,64,0,7,0,0,0,0
61,penv_cg_stn_lpcr1_l1_req_p1up_flit,1,put,1,2,64,0,8,0,0,0,0
61,penv_cg_stn_lpcr1_l1_req_p1up_flit,1,put,1,2,64,0,9,0,0,0,0
61,penv_cg_stn_lpcr1_l1_req_p1up_flit,1,put,1,2,64,0,10,0,0,0,0
61,penv_cg_stn_lpcr1_l1_req_p1up_flit,1,put,1,2,64,0,11,0,0,0,0
61,penv_cg_stn_lpcr1_l1_req_p1up_flit,1,put,1,2,64,0,12,0,0,0,0
61,penv_cg_stn_lpcr1_l1_req_p1up_flit,1,put,1,2,64,0,13,0,0,0,0
61,penv_cg_stn_lpcr1_l1_req_p1up_flit,1,put,1,2,64,0,14,0,0,0,0
61,penv_cg_stn_lpcr1_l1_req_p1up_flit,1,put,1,2,64,0,15,0,0,0,0
62,penv_cg_stn_lpcr1_l1_req_p1up_flit,1,local,1,2,64,0,0,0,0,0,0
62,penv_cg_stn_lpcr1_l1_req_p1up_flit,1,local,1,2,64,0,1,0,0,0,0
62,penv_cg_stn_lpcr1_l1_req_p1up_flit,1,local,1,2,64,0,2,0,0,0,0
62,penv_cg_stn_lpcr1_l1_req_p1up_flit,1,local,1,2,64,0,3,0,0,0,0
62,penv_cg_stn_lpcr1_l1_req_p1up_flit,1,local,1,2,64,0,4,0,0,0,0
62,penv_cg_stn_lpcr1_l1_req_p1up_flit,1,local,1,2,64,0,5,0,0,0,0
62,penv_cg_stn_lpcr1_l1_req_p1up_flit,1,local,1,2,64,0,6,0,0,0,0
62,penv_cg_stn_lpcr1_l1_req_p1up_flit,1,local,1,2,64,0,7,0,0,0,0
62,penv_cg_stn_lpcr1_l1_req_p1up_flit,1,local,1,2,64,0,8,0,0,0,0
62,penv_cg_stn_lpcr1_l1_req_p1up_flit,1,local,1,2,64,0,9,0,0,0,0
62,penv_cg_stn_lpcr1_l1_req_p1up_flit,1,local,1,2,64,0,10,0,0,0,0
62,penv_cg_stn_lpcr1_l1_req_p1up_flit,1,local,1,2,64,0,11,0,0,0,0
62,penv_cg_stn_lpcr1_l1_req_p1up_flit,1,local,1,2,64,0,12,0,0,0,0
62,penv_cg_stn_lpcr1_l1_req_p1up_flit,1,local,1,2,64,0,13,0,0,0,0
62,penv_cg_stn_lpcr1_l1_req_p1up_flit,1,local,1,2,64,0,14,0,0,0,0
62,penv_cg_stn_lpcr1_l1_req_p1up_flit,1,local,1,2,64,0,15,0,0,0,0
63,penv_cg_stn_lpcr1_l1_req_p1up_flit,1,put,1,2,64,64,0,0,384,384,0
63,penv_cg_stn_lpcr1_l1_req_p1up_flit,1,put,1,2,64,64,1,0,0,0,0
63,penv_cg_stn_lpcr1_l1_req_p1up_flit,1,put,1,2,64,64,2,0,0,0,0
63,penv_cg_stn_lpcr1_l1_req_p1up_flit,1,put,1,2,64,64,3,0,0,0,0
63,penv_cg_stn_lpcr1_l1_req_p1up_flit,1,put,1,2,64,64,4,0,0,0,0
63,penv_cg_stn_lpcr1_l1_req_p1up_flit,1,put,1,2,64,64,5,0,0,0,0
63,penv_cg_stn_lpcr1_l1_req_p1up_flit,1,put,1,2,64,64,6,0,0,0,0
63,penv_cg_stn_lpcr1_l1_req_p1up_flit,1,put,1,2,64,64,7,0,0,0,0
63,penv_cg_stn_lpcr1_l1_req_p1up_flit,1,put,1,2,64,64,8,0,0,0,0
63,penv_cg_stn_lpcr1_l1_req_p1up_flit,1,put,1,2,64,64,9,0,0,0,0
63,penv_cg_stn_lpcr1_l1_req_p1up_flit,1,put,1,2,64,64,10,0,0,0,0
63,penv_cg_stn_lpcr1_l1_req_p1up_flit,1,put,1,2,64,64,11,0,0,0,0
63,penv_cg_stn_lpcr1_l1_req_p1up_flit,1,put,1,2,64,64,12,0,0,0,0
63,penv_cg_stn_lpcr1_l1_req_p1up_flit,1,put,1,2,64,64,13,0,0,0,0
63,penv_cg_stn_lpcr1_l1_req_p1up_flit,1,put,1,2,64,64,14,0,0,0,0
63,penv_cg_stn_lpcr1_l1_req_p1up_flit,1,put,1,2,64,64,15,0,0,0,0
64,penv_cg_stn_lpcr1_l1_req_p1up_flit,1,local,1,2,64,64,0,0,0,0,0
64,penv_cg_stn_lpcr1_l1_req_p1up_flit,1,local,1,2,64,64,1,0,0,0,0
64,penv_cg_stn_lpcr1_l1_req_p1up_flit,1,local,1,2,64,64,2,0,0,0,0
64,penv_cg_stn_lpcr1_l1_req_p1up_flit,1,local,1,2,64,64,3,0,0,0,0
64,penv_cg_stn_lpcr1_l1_req_p1up_flit,1,local,1,2,64,64,4,0,0,0,0
64,penv_cg_stn_lpcr1_l1_req_p1up_flit,1,local,1,2,64,64,5,0,0,0,0
64,penv_cg_stn_lpcr1_l1_req_p1up_flit,1,local,1,2,64,64,6,0,0,0,0
64,penv_cg_stn_lpcr1_l1_req_p1up_flit,1,local,1,2,64,64,7,0,0,0,0
64,penv_cg_stn_lpcr1_l1_req_p1up_flit,1,local,1,2,64,64,8,0,0,0,0
64,penv_cg_stn_lpcr1_l1_req_p1up_flit,1,local,1,2,64,64,9,0,0,0,0
64,penv_cg_stn_lpcr1_l1_req_p1up_flit,1,local,1,2,64,64,10,0,0,0,0
64,penv_cg_stn_lpcr1_l1_req_p1up_flit,1,local,1,2,64,64,11,0,0,0,0
64,penv_cg_stn_lpcr1_l1_req_p1up_flit,1,local,1,2,64,64,12,0,0,0,0
64,penv_cg_stn_lpcr1_l1_req_p1up_flit,1,local,1,2,64,64,13,0,0,0,0
64,penv_cg_stn_lpcr1_l1_req_p1up_flit,1,local,1,2,64,64,14,0,0,0,0
64,penv_cg_stn_lpcr1_l1_req_p1up_flit,1,local,1,2,64,64,15,0,0,0,0
65,penv_cg_stn_lpcr1_l1_req_p1up_flit,1,put,1,2,64,256,0,0,1536,1536,0
65,penv_cg_stn_lpcr1_l1_req_p1up_flit,1,put,1,2,64,256,1,0,0,0,0
65,penv_cg_stn_lpcr1_l1_req_p1up_flit,1,put,1,2,64,256,2,0,0,0,0
65,penv_cg_stn_lpcr1_l1_req_p1up_flit,1,put,1,2,64,256,3,0,0,0,0
65,penv_cg_stn_lpcr1_l1_req_p1up_flit,1,put,1,2,64,256,4,0,0,0,0
65,penv_cg_stn_lpcr1_l1_req_p1up_flit,1,put,1,2,64,256,5,0,0,0,0
65,penv_cg_stn_lpcr1_l1_req_p1up_flit,1,put,1,2,64,256,6,0,0,0,0
65,penv_cg_stn_lpcr1_l1_req_p1up_flit,1,put,1,2,64,256,7,0,0,0,0
65,penv_cg_stn_lpcr1_l1_req_p1up_flit,1,put,1,2,64,256,8,0,0,0,0
65,penv_cg_stn_lpcr1_l1_req_p1up_flit,1,put,1,2,64,256,9,0,0,0,0
65,penv_cg_stn_lpcr1_l1_req_p1up_flit,1,put,1,2,64,256,10,0,0,0,0
65,penv_cg_stn_lpcr1_l1_req_p1up_flit,1,put,1,2,64,256,11,0,0,0,0
65,penv_cg_stn_lpcr1_l1_req_p1up_flit,1,put,1,2,64,256,12,0,0,0,0
65,penv_cg_stn_lpcr1_l1_req_p1up_flit,1,put,1,2,64,256,13,0,0,0,0
65,penv_cg_stn_lpcr1_l1_req_p1up_flit,1,put,1,2,64,256,14,0,0,0,0
65,penv_cg_stn_lpcr1_l1_req_p1up_flit,1,put,1,2,64,256,15,0,0,0,0
66,penv_cg_stn_lpcr1_l1_req_p1up_flit,1,local,1,2,64,256,0,0,0,0,0
66,penv_cg_stn_lpcr1_l1_req_p1up_flit,1,local,1,2,64,256,1,0,0,0,0
66,penv_cg_stn_lpcr1_l1_req_p1up_flit,1,local,1,2,64,256,2,0,0,0,0
66,penv_cg_stn_lpcr1_l1_req_p1up_flit,1,local,1,2,64,256,3,0,0,0,0
66,penv_cg_stn_lpcr1_l1_req_p1up_flit,1,local,1,2,64,256,4,0,0,0,0
66,penv_cg_stn_lpcr1_l1_req_p1up_flit,1,local,1,2,64,256,5,0,0,0,0
66,penv_cg_stn_lpcr1_l1_req_p1up_flit,1,local,1,2,64,256,6,0,0,0,0
66,penv_cg_stn_lpcr1_l1_req_p1up_flit,1,local,1,2,64,256,7,0,0,0,0
66,penv_cg_stn_lpcr1_l1_req_p1up_flit,1,local,1,2,64,256,8,0,0,0,0
66,penv_cg_stn_lpcr1_l1_req_p1up_flit,1,local,1,2,64,256,9,0,0,0,0
66,penv_cg_stn_lpcr1_l1_req_p1up_flit,1,local,1,2,64,256,10,0,0,0,0
66,penv_cg_stn_lpcr1_l1_req_p1up_flit,1,local,1,2,64,256,11,0,0,0,0
66,penv_cg_stn_lpcr1_l1_req_p1up_flit,1,local,1,2,64,256,12,0,0,0,0
66,penv_cg_stn_lpcr1_l1_req_p1up_flit,1,local,1,2,64,256,13,0,0,0,0
66,penv_cg_stn_lpcr1_l1_req_p1up_flit,1,local,1,2,64,256,14,0,0,0,0
66,penv_cg_stn_lpcr1_l1_req_p1up_flit,1,local,1,2,64,256,15,0,0,0,0
67,penv_cg_stn_lpcr1_l1_req_p1up_flit,2,local,1,2,64,256,0,0,0,0,0
67,penv_cg_stn_lpcr1_l1_req_p1up_flit,2,local,1,2,64,256,1,0,0,0,0
67,penv_cg_stn_lpcr1_l1_req_p1up_flit,2,local,1,2,64,256,2,0,0,0,0
67,penv_cg_stn_lpcr1_l1_req_p1up_flit,2,local,1,2,64,256,3,0,0,0,0
67,penv_cg_stn_lpcr1_l1_req_p1up_flit,2,local,1,2,64,256,4,0,0,0,0
67,penv_cg_stn_lpcr1_l1_req_p1up_flit,2,local,1,2,64,256,5,0,0,0,0
67,penv_cg_stn_lpcr1_l1_req_p1up_flit,2,local,1,2,64,256,6,0,0,0,0
67,penv_cg_stn_lpcr1_l1_req_p1up_flit,2,local,1,2,64,256,7,0,0,0,0
67,penv_cg_stn_lpcr1_l1_req_p1up_flit,2,local,1,2,64,256,8,0,0,0,0
67,penv_cg_stn_lpcr1_l1_req_p1up_flit,2,local,1,2,64,256,9,0,0,0,0
67,penv_cg_stn_lpcr1_l1_req_p1up_flit,2,local,1,2,64,256,10,0,0,0,0
67,penv_cg_stn_lpcr1_l1_req_p1up_flit,2,local,1,2,64,256,11,0,0,0,0
67,penv_cg_stn_lpcr1_l1_req_p1up_flit,2,local,1,2,64,256,12,0,0,0,0
67,penv_cg_stn_lpcr1_l1_req_p1up_flit,2,local,1,2,64,256,13,0,0,0,0
67,penv_cg_stn_lpcr1_l1_req_p1up_flit,2,local,1,2,64,256,14,0,0,0,0
67,penv_cg_stn_lpcr1_l1_req_p1up_flit,2,local,1,2,64,256,15,0,0,0,0
68,penv_cg_stn_lpcr1_l1_req_p1up_flit,2,put,1,2,64,256,0,0,1536,1536,0
68,penv_cg_stn_lpcr1_l1_req_p1up_flit,2,put,1,2,64,256,1,0,0,0,0
68,penv_cg_stn_lpcr1_l1_req_p1up_flit,2,put,1,2,64,256,2,0,0,0,0
68,penv_cg_stn_lpcr1_l1_req_p1up_flit,2,put,1,2,64,256,3,0,0,0,0
68,penv_cg_stn_lpcr1_l1_req_p1up_flit,2,put,1,2,64,256,4,0,0,0,0
68,penv_cg_stn_lpcr1_l1_req_p1up_flit,2,put,1,2,64,256,5,0,0,0,0
68,penv_cg_stn_lpcr1_l1_req_p1up_flit,2,put,1,2,64,256,6,0,0,0,0
68,penv_cg_stn_lpcr1_l1_req_p1up_flit,2,put,1,2,64,256,7,0,0,0,0
68,penv_cg_stn_lpcr1_l1_req_p1up_flit,2,put,1,2,64,256,8,0,0,0,0
68,penv_cg_stn_lpcr1_l1_req_p1up_flit,2,put,1,2,64,256,9,0,0,0,0
68,penv_cg_stn_lpcr1_l1_req_p1up_flit,2,put,1,2,64,256,10,0,0,0,0
68,penv_cg_stn_lpcr1_l1_req_p1up_flit,2,put,1,2,64,256,11,0,0,0,0
68,penv_cg_stn_lpcr1_l1_req_p1up_flit,2,put,1,2,64,256,12,0,0,0,0
68,penv_cg_stn_lpcr1_l1_req_p1up_flit,2,put,1,2,64,256,13,0,0,0,0
68,penv_cg_stn_lpcr1_l1_req_p1up_flit,2,put,1,2,64,256,14,0,0,0,0
68,penv_cg_stn_lpcr1_l1_req_p1up_flit,2,put,1,2,64,256,15,0,0,0,0
69,penv_cg_stn_lpcr1_l1_req_p1up_flit,2,local,1,2,64,64,0,0,0,0,0
69,penv_cg_stn_lpcr1_l1_req_p1up_flit,2,local,1,2,64,64,1,0,0,0,0
69,penv_cg_stn_lpcr1_l1_req_p1up_flit,2,local,1,2,64,64,2,0,0,0,0
69,penv_cg_stn_lpcr1_l1_req_p1up_flit,2,local,1,2,64,64,3,0,0,0,0
69,penv_cg_stn_lpcr1_l1_req_p1up_flit,2,local,1,2,64,64,4,0,0,0,0
69,penv_cg_stn_lpcr1_l1_req_p1up_flit,2,local,1,2,64,64,5,0,0,0,0
69,penv_cg_stn_lpcr1_l1_req_p1up_flit,2,local,1,2,64,64,6,0,0,0,0
69,penv_cg_stn_lpcr1_l1_req_p1up_flit,2,local,1,2,64,64,7,0,0,0,0
69,penv_cg_stn_lpcr1_l1_req_p1up_flit,2,local,1,2,64,64,8,0,0,0,0
69,penv_cg_stn_lpcr1_l1_req_p1up_flit,2,local,1,2,64,64,9,0,0,0,0
69,penv_cg_stn_lpcr1_l1_req_p1up_flit,2,local,1,2,64,64,10,0,0,0,0
69,penv_cg_stn_lpcr1_l1_req_p1up_flit,2,local,1,2,64,64,11,0,0,0,0
69,penv_cg_stn_lpcr1_l1_req_p1up_flit,2,local,1,2,64,64,12,0,0,0,0
69,penv_cg_stn_lpcr1_l1_req_p1up_flit,2,local,1,2,64,64,13,0,0,0,0
69,penv_cg_stn_lpcr1_l1_req_p1up_flit,2,local,1,2,64,64,14,0,0,0,0
69,penv_cg_stn_lpcr1_l1_req_p1up_flit,2,local,1,2,64,64,15,0,0,0,0
70,penv_cg_stn_lpcr1_l1_req_p1up_flit,2,put,1,2,64,64,0,0,384,384,0
70,penv_cg_stn_lpcr1_l1_req_p1up_flit,2,put,1,2,64,64,1,0,0,0,0
70,penv_cg_stn_lpcr1_l1_req_p1up_flit,2,put,1,2,64,64,2,0,0,0,0
70,penv_cg_stn_lpcr1_l1_req_p1up_flit,2,put,1,2,64,64,3,0,0,0,0
70,penv_cg_stn_lpcr1_l1_req_p1up_flit,2,put,1,2,64,64,4,0,0,0,0
70,penv_cg_stn_lpcr1_l1_req_p1up_flit,2,put,1,2,64,64,5,0,0,0,0
70,penv_cg_stn_lpcr1_l1_req_p1up_flit,2,put,1,2,64,64,6,0,0,0,0
70,penv_cg_stn_lpcr1_l1_req_p1up_flit,2,put,1,2,64,64,7,0,0,0,0
70,penv_cg_stn_lpcr1_l1_req_p1up_flit,2,put,1,2,64,64,8,0,0,0,0
70,penv_cg_stn_lpcr1_l1_req_p1up_flit,2,put,1,2,64,64,9,0,0,0,0
70,penv_cg_stn_lpcr1_l1_req_p1up_flit,2,put,1,2,64,64,10,0,0,0,0
70,penv_cg_stn_lpcr1_l1_req_p1up_flit,2,put,1,2,64,64,11,0,0,0,0
70,penv_cg_stn_lpcr1_l1_req_p1up_flit,2,put,1,2,64,64,12,0,0,0,0
70,penv_cg_stn_lpcr1_l1_req_p1up_flit,2,put,1,2,64,64,13,0,0,0,0
70,penv_cg_stn_lpcr1_l1_req_p1up_flit,2,put,1,2,64,64,14,0,0,0,0
70,penv_cg_stn_lpcr1_l1_req_p1up_flit,2,put,1,2,64,64,15,0,0,0,0
71,penv_cg_stn_lpcr1_l1_req_p1up_flit,2,local,1,2,64,0,0,0,0,0,0
71,penv_cg_stn_lpcr1_l1_req_p1up_flit,2,local,1,2,64,0,1,0,0,0,0
71,penv_cg_stn_lpcr1_l1_req_p1up_flit,2,local,1,2,64,0,2,0,0,0,0
71,penv_cg_stn_lpcr1_l1_req_p1up_flit,2,local,1,2,64,0,3,0,0,0,0
71,penv_cg_stn_lpcr1_l1_req_p1up_flit,2,local,1,2,64,0,4,0,0,0,0
71,penv_cg_stn_lpcr1_l1_req_p1up_flit,2,local,1,2,64,0,5,0,0,0,0
71,penv_cg_stn_lpcr1_l1_req_p1up_flit,2,local,1,2,64,0,6,0,0,0,0
71,penv_cg_stn_lpcr1_l1_req_p1up_flit,2,local,1,2,64,0,7,0,0,0,0
71,penv_cg_stn_lpcr1_l1_req_p1up_flit,2,local,1,2,64,0,8,0,0,0,0
71,penv_cg_stn_lpcr1_l1_req_p1up_flit,2,local,1,2,64,0,9,0,0,0,0
71,penv_cg_stn_lpcr1_l1_req_p1up_flit,2,local,1,2,64,0,10,0,0,0,0
71,penv_cg_stn_lpcr1_l1_req_p1up_flit,2,local,1,2,64,0,11,0,0,0,0
71,penv_cg_stn_lpcr1_l1_req_p1up_flit,2,local,1,2,64,0,12,0,0,0,0
71,penv_cg_stn_lpcr1_l1_req_p1up_flit,2,local,1,2,64,0,13,0,0,0,0
71,penv_cg_stn_lpcr1_l1_req_p1up_flit,2,local,1,2,64,0,14,0,0,0,0
71,penv_cg_stn_lpcr1_l1_req_p1up_flit,2,local,1,2,64,0,15,0,0,0,0
72,penv_cg_stn_lpcr1_l1_req_p1up_flit,2,put,1,2,64,0,0,0,0,0,0
72,penv_cg_stn_lpcr1_l1_req_p1up_flit,2,put,1,2,64,0,1,0,0,0,0
72,penv_cg_stn_lpcr1_l1_req_p1up_flit,2,put,1,2,64,0,2,0,0,0,0
72,penv_cg_stn_lpcr1_l1_req_p1up_flit,2,put,1,2,64,0,3,0,0,0,0
72,penv_cg_stn_lpcr1_l1_req_p1up_flit,2,put,1,2,64,0,4,0,0,0,0
72,penv_cg_stn_lpcr1_l1_req_p1up_flit,2,put,1,2,64,0,5,0,0,0,0
72,penv_cg_stn_lpcr1_l1_req_p1up_flit,2,put,1,2,64,0,6,0,0,0,0
72,penv_cg_stn_lpcr1_l1_req_p1up_flit,2,put,1,2,64,0,7,0,0,0,0
72,penv_cg_stn_lpcr1_l1_req_p1up_flit,2,put,1,2,64,0,8,0,0,0,0
72,penv_cg_stn_lpcr1_l1_req_p1up_flit,2,put,1,2,64,0,9,0,0,0,0
72,penv_cg_stn_lpcr1_l1_req_p1up_flit,2,put,1,2,64,0,10,0,0,0,0
72,penv_cg_stn_lpcr1_l1_req_p1up_flit,2,put,1,2,64,0,11,0,0,0,0
72,penv_cg_stn_lpcr1_l1_req_p1up_flit,2,put,1,2,64,0,12,0,0,0,0
72,penv_cg_stn_lpcr1_l1_req_p1up_flit,2,put,1,2,64,0,13,0,0,0,0
72,penv_cg_stn_lpcr1_l1_req_p1up_flit,2,put,1,2,64,0,14,0,0,0,0
72,penv_cg_stn_lpcr1_l1_req_p1up_flit,2,put,1,2,64,0,15,0,0,0,0
73,penv_cg_stn_spcr1_s1_req_p1up_flit,1,put,0,1,64,0,0,0,0,0,0
73,penv_cg_stn_spcr1_s1_req_p1up_flit,1,put,0,1,64,0,1,0,0,0,0
73,penv_cg_stn_spcr1_s1_req_p1up_flit,1,put,0,1,64,0,2,0,0,0,0
73,penv_cg_stn_spcr1_s1_req_p1up_flit,1,put,0,1,64,0,3,0,0,0,0
73,penv_cg_stn_spcr1_s1_req_p1up_flit,1,put,0,1,64,0,4,0,0,0,0
73,penv_cg_stn_spcr1_s1_req_p1up_flit,1,put,0,1,64,0,5,0,0,0,0
73,penv_cg_stn_spcr1_s1_req_p1up_flit,1,put,0,1,64,0,6,0,0,0,0
73,penv_cg_stn_spcr1_s1_req_p1up_flit,1,put,0,1,64,0,7,0,0,0,0
73,penv_cg_stn_spcr1_s1_req_p1up_flit,1,put,0,1,64,0,8,0,0,0,0
73,penv_cg_stn_spcr1_s1_req_p1up_flit,1,put,0,1,64,0,9,0,0,0,0
73,penv_cg_stn_spcr1_s1_req_p1up_flit,1,put,0,1,64,0,10,0,0,0,0
73,penv_cg_stn_spcr1_s1_req_p1up_flit,1,put,0,1,64,0,11,0,0,0,0
73,penv_cg_stn_spcr1_s1_req_p1up_flit,1,put,0,1,64,0,12,0,0,0,0
73,penv_cg_stn_spcr1_s1_req_p1up_flit,1,put,0,1,64,0,13,0,0,0,0
73,penv_cg_stn_spcr1_s1_req_p1up_flit,1,put,0,1,64,0,14,0,0,0,0
73,penv_cg_stn_spcr1_s1_req_p1up_flit,1,put,0,1,64,0,15,0,0,0,0
74,penv_cg_stn_spcr1_s1_req_p1up_flit,1,local,0,1,64,0,0,0,0,0,0
74,penv_cg_stn_spcr1_s1_req_p1up_flit,1,local,0,1,64,0,1,0,0,0,0
74,penv_cg_stn_spcr1_s1_req_p1up_flit,1,local,0,1,64,0,2,0,0,0,0
74,penv_cg_stn_spcr1_s1_req_p1up_flit,1,local,0,1,64,0,3,0,0,0,0
74,penv_cg_stn_spcr1_s1_req_p1up_flit,1,local,0,1,64,0,4,0,0,0,0
74,penv_cg_stn_spcr1_s1_req_p1up_flit,1,local,0,1,64,0,5,0,0,0,0
74,penv_cg_stn_spcr1_s1_req_p1up_flit,1,local,0,1,64,0,6,0,0,0,0
74,penv_cg_stn_spcr1_s1_req_p1up_flit,1,local,0,1,64,0,7,0,0,0,0
74,penv_cg_stn_spcr1_s1_req_p1up_flit,1,local,0,1,64,0,8,0,0,0,0
74,penv_cg_stn_spcr1_s1_req_p1up_flit,1,local,0,1,64,0,9,0,0,0,0
74,penv_cg_stn_spcr1_s1_req_p1up_flit,1,local,0,1,64,0,10,0,0,0,0
74,penv_cg_stn_spcr1_s1_req_p1up_flit,1,local,0,1,64,0,11,0,0,0,0
74,penv_cg_stn_spcr1_s1_req_p1up_flit,1,local,0,1,64,0,12,0,0,0,0
74,penv_cg_stn_spcr1_s1_req_p1up_flit,1,local,0,1,64,0,13,0,0,0,0
74,penv_cg_stn_spcr1_s1_req_p1up_flit,1,local,0,1,64,0,14,0,0,0,0
74,penv_cg_stn_spcr1_s1_req_p1up_flit,1,local,0,1,64,0,15,0,0,0,0
75,penv_cg_stn_spcr1_s1_req_p1up_flit,1,put,0,1,64,64,0,0,0,0,0
75,penv_cg_stn_spcr1_s1_req_p1up_flit,1,put,0,1,64,64,1,0,0,0,0
75,penv_cg_stn_spcr1_s1_req_p1up_flit,1,put,0,1,64,64,2,0,0,0,0
75,penv_cg_stn_spcr1_s1_req_p1up_flit,1,put,0,1,64,64,3,0,0,0,0
75,penv_cg_stn_spcr1_s1_req_p1up_flit,1,put,0,1,64,64,4,0,0,0,0
75,penv_cg_stn_spcr1_s1_req_p1up_flit,1,put,0,1,64,64,5,0,0,0,0
75,penv_cg_stn_spcr1_s1_req_p1up_flit,1,put,0,1,64,64,6,0,0,0,0
75,penv_cg_stn_spcr1_s1_req_p1up_flit,1,put,0,1,64,64,7,0,0,0,0
75,penv_cg_stn_spcr1_s1_req_p1up_flit,1,put,0,1,64,64,8,0,0,0,0
75,penv_cg_stn_spcr1_s1_req_p1up_flit,1,put,0,1,64,64,9,0,0,0,0
75,penv_cg_stn_spcr1_s1_req_p1up_flit,1,put,0,1,64,64,10,0,0,0,0
75,penv_cg_stn_spcr1_s1_req_p1up_flit,1,put,0,1,64,64,11,0,0,0,0
75,penv_cg_stn_spcr1_s1_req_p1up_flit,1,put,0,1,64,64,12,0,0,0,0
75,penv_cg_stn_spcr1_s1_req_p1up_flit,1,put,0,1,64,64,13,0,0,0,0
75,penv_cg_stn_spcr1_s1_req_p1up_flit,1,put,0,1,64,64,14,0,0,0,0
75,penv_cg_stn_spcr1_s1_req_p1up_flit,1,put,0,1,64,64,15,0,0,0,0
76,penv_cg_stn_spcr1_s1_req_p1up_flit,1,local,0,1,64,64,0,0,0,0,0
76,penv_cg_stn_spcr1_s1_req_p1up_flit,1,local,0,1,64,64,1,0,0,0,0
76,penv_cg_stn_spcr1_s1_req_p1up_flit,1,local,0,1,64,64,2,0,0,0,0
76,penv_cg_stn_spcr1_s1_req_p1up_flit,1,local,0,1,64,64,3,0,0,0,0
76,penv_cg_stn_spcr1_s1_req_p1up_flit,1,local,0,1,64,64,4,0,0,0,0
76,penv_cg_stn_spcr1_s1_req_p1up_flit,1,local,0,1,64,64,5,0,0,0,0
76,penv_cg_stn_spcr1_s1_req_p1up_flit,1,local,0,1,64,64,6,0,0,0,0
76,penv_cg_stn_spcr1_s1_req_p1up_flit,1,local,0,1,64,64,7,0,0,0,0
76,penv_cg_stn_spcr1_s1_req_p1up_flit,1,local,0,1,64,64,8,0,0,0,0
76,penv_cg_stn_spcr1_s1_req_p1up_flit,1,local,0,1,64,64,9,0,0,0,0
76,penv_cg_stn_spcr1_s1_req_p1up_flit,1,local,0,1,64,64,10,0,0,0,0
76,penv_cg_stn_spcr1_s1_req_p1up_flit,1,local,0,1,64,64,11,0,0,0,0
76,penv_cg_stn_spcr1_s1_req_p1up_flit,1,local,0,1,64,64,12,0,0,0,0
76,penv_cg_stn_spcr1_s1_req_p1up_flit,1,local,0,1,64,64,13,0,0,0,0
76,penv_cg_stn_spcr1_s1_req_p1up_flit,1,local,0,1,64,64,14,0,0,0,0
76,penv_cg_stn_spcr1_s1_req_p1up_flit,1,local,0,1,64,64,15,0,0,0,0
77,penv_cg_stn_spcr1_s1_req_p1up_flit,1,put,0,1,64,256,0,0,0,0,0
77,penv_cg_stn_spcr1_s1_req_p1up_flit,1,put,0,1,64,256,1,0,0,0,0
77,penv_cg_stn_spcr1_s1_req_p1up_flit,1,put,0,1,64,256,2,0,0,0,0
77,penv_cg_stn_spcr1_s1_req_p1up_flit,1,put,0,1,64,256,3,0,0,0,0
77,penv_cg_stn_spcr1_s1_req_p1up_flit,1,put,0,1,64,256,4,0,0,0,0
77,penv_cg_stn_spcr1_s1_req_p1up_flit,1,put,0,1,64,256,5,0,0,0,0
77,penv_cg_stn_spcr1_s1_req_p1up_flit,1,put,0,1,64,256,6,0,0,0,0
77,penv_cg_stn_spcr1_s1_req_p1up_flit,1,put,0,1,64,256,7,0,0,0,0
77,penv_cg_stn_spcr1_s1_req_p1up_flit,1,put,0,1,64,256,8,0,0,0,0
77,penv_cg_stn_spcr1_s1_req_p1up_flit,1,put,0,1,64,256,9,0,0,0,0
77,penv_cg_stn_spcr1_s1_req_p1up_flit,1,put,0,1,64,256,10,0,0,0,0
77,penv_cg_stn_spcr1_s1_req_p1up_flit,1,put,0,1,64,256,11,0,0,0,0
77,penv_cg_stn_spcr1_s1_req_p1up_flit,1,put,0,1,64,256,12,0,0,0,0
77,penv_cg_stn_spcr1_s1_req_p1up_flit,1,put,0,1,64,256,13,0,0,0,0
77,penv_cg_stn_spcr1_s1_req_p1up_flit,1,put,0,1,64,256,14,0,0,0,0
77,penv_cg_stn_spcr1_s1_req_p1up_flit,1,put,0,1,64,256,15,0,0,0,0
78,penv_cg_stn_spcr1_s1_req_p1up_flit,1,local,0,1,64,256,0,0,0,0,0
78,penv_cg_stn_spcr1_s1_req_p1up_flit,1,local,0,1,64,256,1,0,0,0,0
78,penv_cg_stn_spcr1_s1_req_p1up_flit,1,local,0,1,64,256,2,0,0,0,0
78,penv_cg_stn_spcr1_s1_req_p1up_flit,1,local,0,1,64,256,3,0,0,0,0
78,penv_cg_stn_spcr1_s1_req_p1up_flit,1,local,0,1,64,256,4,0,0,0,0
78,penv_cg_stn_spcr1_s1_req_p1up_flit,1,local,0,1,64,256,5,0,0,0,0
78,penv_cg_stn_spcr1_s1_req_p1up_flit,1,local,0,1,64,256,6,0,0,0,0
78,penv_cg_stn_spcr1_s1_req_p1up_flit,1,local,0,1,64,256,7,0,0,0,0
78,penv_cg_stn_spcr1_s1_req_p1up_flit,1,local,0,1,64,256,8,0,0,0,0
78,penv_cg_stn_spcr1_s1_req_p1up_flit,1,local,0,1,64,256,9,0,0,0,0
78,penv_cg_stn_spcr1_s1_req_p1up_flit,1,local,0,1,64,256,10,0,0,0,0
78,penv_cg_stn_spcr1_s1_req_p1up_flit,1,local,0,1,64,256,11,0,0,0,0
78,penv_cg_stn_spcr1_s1_req_p1up_flit,1,local,0,1,64,256,12,0,0,0,0
78,penv_cg_stn_spcr1_s1_req_p1up_flit,1,local,0,1,64,256,13,0,0,0,0
78,penv_cg_stn_spcr1_s1_req_p1up_flit,1,local,0,1,64,256,14,0,0,0,0
78,penv_cg_stn_spcr1_s1_req_p1up_flit,1,local,0,1,64,256,15,0,0,0,0
79,penv_cg_stn_spcr1_s1_req_p1up_flit,2,local,0,1,64,256,0,0,0,0,0
79,penv_cg_stn_spcr1_s1_req_p1up_flit,2,local,0,1,64,256,1,0,0,0,0
79,penv_cg_stn_spcr1_s1_req_p1up_flit,2,local,0,1,64,256,2,0,0,0,0
79,penv_cg_stn_spcr1_s1_req_p1up_flit,2,local,0,1,64,256,3,0,0,0,0
79,penv_cg_stn_spcr1_s1_req_p1up_flit,2,local,0,1,64,256,4,0,0,0,0
79,penv_cg_stn_spcr1_s1_req_p1up_flit,2,local,0,1,64,256,5,0,0,0,0
79,penv_cg_stn_spcr1_s1_req_p1up_flit,2,local,0,1,64,256,6,0,0,0,0
79,penv_cg_stn_spcr1_s1_req_p1up_flit,2,local,0,1,64,256,7,0,0,0,0
79,penv_cg_stn_spcr1_s1_req_p1up_flit,2,local,0,1,64,256,8,0,0,0,0
79,penv_cg_stn_spcr1_s1_req_p1up_flit,2,local,0,1,64,256,9,0,0,0,0
79,penv_cg_stn_spcr1_s1_req_p1up_flit,2,local,0,1,64,256,10,0,0,0,0
79,penv_cg_stn_spcr1_s1_req_p1up_flit,2,local,0,1,64,256,11,0,0,0,0
79,penv_cg_stn_spcr1_s1_req_p1up_flit,2,local,0,1,64,256,12,0,0,0,0
79,penv_cg_stn_spcr1_s1_req_p1up_flit,2,local,0,1,64,256,13,0,0,0,0
79,penv_cg_stn_spcr1_s1_req_p1up_flit,2,local,0,1,64,256,14,0,0,0,0
79,penv_cg_stn_spcr1_s1_req_p1up_flit,2,local,0,1,64,256,15,0,0,0,0
80,penv_cg_stn_spcr1_s1_req_p1up_flit,2,put,0,1,64,256,0,0,0,0,0
80,penv_cg_stn_spcr1_s1_req_p1up_flit,2,put,0,1,64,256,1,0,0,0,0
80,penv_cg_stn_spcr1_s1_req_p1up_flit,2,put,0,1,64,256,2,0,0,0,0
80,penv_cg_stn_spcr1_s1_req_p1up_flit,2,put,0,1,64,256,3,0,0,0,0
80,penv_cg_stn_spcr1_s1_req_p1up_flit,2,put,0,1,64,256,4,0,0,0,0
80,penv_cg_stn_spcr1_s1_req_p1up_flit,2,put,0,1,64,256,5,0,0,0,0
80,penv_cg_stn_spcr1_s1_req_p1up_flit,2,put,0,1,64,256,6,0,0,0,0
80,penv_cg_stn_spcr1_s1_req_p1up_flit,2,put,0,1,64,256,7,0,0,0,0
80,penv_cg_stn_spcr1_s1_req_p1up_flit,2,put,0,1,64,256,8,0,0,0,0
80,penv_cg_stn_spcr1_s1_req_p1up_flit,2,put,0,1,64,256,9,0,0,0,0
80,penv_cg_stn_spcr1_s1_req_p1up_flit,2,put,0,1,64,256,10,0,0,0,0
80,penv_cg_stn_spcr1_s1_req_p1up_flit,2,put,0,1,64,256,11,0,0,0,0
80,penv_cg_stn_spcr1_s1_req_p1up_flit,2,put,0,1,64,256,12,0,0,0,0
80,penv_cg_stn_spcr1_s1_req_p1up_flit,2,put,0,1,64,256,13,0,0,0,0
80,penv_cg_stn_spcr1_s1_req_p1up_flit,2,put,0,1,64,256,14,0,0,0,0
80,penv_cg_stn_spcr1_s1_req_p1up_flit,2,put,0,1,64,256,15,0,0,0,0
81,penv_cg_stn_spcr1_s1_req_p1up_flit,2,local,0,1,64,64,0,0,0,0,0
81,penv_cg_stn_spcr1_s1_req_p1up_flit,2,local,0,1,64,64,1,0,0,0,0
81,penv_cg_stn_spcr1_s1_req_p1up_flit,2,local,0,1,64,64,2,0,0,0,0
81,penv_cg_stn_spcr1_s1_req_p1up_flit,2,local,0,1,64,64,3,0,0,0,0
81,penv_cg_stn_spcr1_s1_req_p1up_flit,2,local,0,1,64,64,4,0,0,0,0
81,penv_cg_stn_spcr1_s1_req_p1up_flit,2,local,0,1,64,64,5,0,0,0,0
81,penv_cg_stn_spcr1_s1_req_p1up_flit,2,local,0,1,64,64,6,0,0,0,0
81,penv_cg_stn_spcr1_s1_req_p1up_flit,2,local,0,1,64,64,7,0,0,0,0
81,penv_cg_stn_spcr1_s1_req_p1up_flit,2,local,0,1,64,64,8,0,0,0,0
81,penv_cg_stn_spcr1_s1_req_p1up_flit,2,local,0,1,64,64,9,0,0,0,0
81,penv_cg_stn_spcr1_s1_req_p1up_flit,2,local,0,1,64,64,10,0,0,0,0
81,penv_cg_stn_spcr1_s1_req_p1up_flit,2,local,0,1,64,64,11,0,0,0,0
81,penv_cg_stn_spcr1_s1_req_p1up_flit,2,local,0,1,64,64,12,0,0,0,0
81,penv_cg_stn_spcr1_s1_req_p1up_flit,2,local,0,1,64,64,13,0,0,0,0
81,penv_cg_stn_spcr1_s1_req_p1up_flit,2,local,0,1,64,64,14,0,0,0,0
81,penv_cg_stn_spcr1_s1_req_p1up_flit,2,local,0,1,64,64,15,0,0,0,0
82,penv_cg_stn_spcr1_s1_req_p1up_flit,2,put,0,1,64,64,0,0,0,0,0
82,penv_cg_stn_spcr1_s1_req_p1up_flit,2,put,0,1,64,64,1,0,0,0,0
82,penv_cg_stn_spcr1_s1_req_p1up_flit,2,put,0,1,64,64,2,0,0,0,0
82,penv_cg_stn_spcr1_s1_req_p1up_flit,2,put,0,1,64,64,3,0,0,0,0
82,penv_cg_stn_spcr1_s1_req_p1up_flit,2,put,0,1,64,64,4,0,0,0,0
82,penv_cg_stn_spcr1_s1_req_p1up_flit,2,put,0,1,64,64,5,0,0,0,0
82,penv_cg_stn_spcr1_s1_req_p1up_flit,2,put,0,1,64,64,6,0,0,0,0
82,penv_cg_stn_spcr1_s1_req_p1up_flit,2,put,0,1,64,64,7,0,0,0,0
82,penv_cg_stn_spcr1_s1_req_p1up_flit,2,put,0,1,64,64,8,0,0,0,0
82,penv_cg_stn_spcr1_s1_req_p1up_flit,2,put,0,1,64,64,9,0,0,0,0
82,penv_cg_stn_spcr1_s1_req_p1up_flit,2,put,0,1,64,64,10,0,0,0,0
82,penv_cg_stn_spcr1_s1_req_p1up_flit,2,put,0,1,64,64,11,0,0,0,0
82,penv_cg_stn_spcr1_s1_req_p1up_flit,2,put,0,1,64,64,12,0,0,0,0
82,penv_cg_stn_spcr1_s1_req_p1up_flit,2,put,0,1,64,64,13,0,0,0,0
82,penv_cg_stn_spcr1_s1_req_p1up_flit,2,put,0,1,64,64,14,0,0,0,0
82,penv_cg_stn_spcr1_s1_req_p1up_flit,2,put,0,1,64,64,15,0,0,0,0
83,penv_cg_stn_spcr1_s1_req_p1up_flit,2,local,0,1,64,0,0,0,0,0,0
83,penv_cg_stn_spcr1_s1_req_p1up_flit,2,local,0,1,64,0,1,0,0,0,0
83,penv_cg_stn_spcr1_s1_req_p1up_flit,2,local,0,1,64,0,2,0,0,0,0
83,penv_cg_stn_spcr1_s1_req_p1up_flit,2,local,0,1,64,0,3,0,0,0,0
83,penv_cg_stn_spcr1_s1_req_p1up_flit,2,local,0,1,64,0,4,0,0,0,0
83,penv_cg_stn_spcr1_s1_req_p1up_flit,2,local,0,1,64,0,5,0,0,0,0
83,penv_cg_stn_spcr1_s1_req_p1up_flit,2,local,0,1,64,0,6,0,0,0,0
83,penv_cg_stn_spcr1_s1_req_p1up_flit,2,local,0,1,64,0,7,0,0,0,0
83,penv_cg_stn_spcr1_s1_req_p1up_flit,2,local,0,1,64,0,8,0,0,0,0
83,penv_cg_stn_spcr1_s1_req_p1up_flit,2,local,0,1,64,0,9,0,0,0,0
83,penv_cg_stn_spcr1_s1_req_p1up_flit,2,local,0,1,64,0,10,0,0,0,0
83,penv_cg_stn_spcr1_s1_req_p1up_flit,2,local,0,1,64,0,11,0,0,0,0
83,penv_cg_stn_spcr1_s1_req_p1up_flit,2,local,0,1,64,0,12,0,0,0,0
83,penv_cg_stn_spcr1_s1_req_p1up_flit,2,local,0,1,64,0,13,0,0,0,0
83,penv_cg_stn_spcr1_s1_req_p1up_flit,2,local,0,1,64,0,14,0,0,0,0
83,penv_cg_stn_spcr1_s1_req_p1up_flit,2,local,0,1,64,0,15,0,0,0,0
84,penv_cg_stn_spcr1_s1_req_p1up_flit,2,put,0,1,64,0,0,0,0,0,0
84,penv_cg_stn_spcr1_s1_req_p1up_flit,2,put,0,1,64,0,1,0,0,0,0
84,penv_cg_stn_spcr1_s1_req_p1up_flit,2,put,0,1,64,0,2,0,0,0,0
84,penv_cg_stn_spcr1_s1_req_p1up_flit,2,put,0,1,64,0,3,0,0,0,0
84,penv_cg_stn_spcr1_s1_req_p1up_flit,2,put,0,1,64,0,4,0,0,0,0
84,penv_cg_stn_spcr1_s1_req_p1up_flit,2,put,0,1,64,0,5,0,0,0,0
84,penv_cg_stn_spcr1_s1_req_p1up_flit,2,put,0,1,64,0,6,0,0,0,0
84,penv_cg_stn_spcr1_s1_req_p1up_flit,2,put,0,1,64,0,7,0,0,0,0
84,penv_cg_stn_spcr1_s1_req_p1up_flit,2,put,0,1,64,0,8,0,0,0,0
84,penv_cg_stn_spcr1_s1_req_p1up_flit,2,put,0,1,64,0,9,0,0,0,0
84,penv_cg_stn_spcr1_s1_req_p1up_flit,2,put,0,1,64,0,10,0,0,0,0
84,penv_cg_stn_spcr1_s1_req_p1up_flit,2,put,0,1,64,0,11,0,0,0,0
84,penv_cg_stn_spcr1_s1_req_p1up_flit,2,put,0,1,64,0,12,0,0,0,0
84,penv_cg_stn_spcr1_s1_req_p1up_flit,2,put,0,1,64,0,13,0,0,0,0
84,penv_cg_stn_spcr1_s1_req_p1up_flit,2,put,0,1,64,0,14,0,0,0,0
84,penv_cg_stn_spcr1_s1_req_p1up_flit,2,put,0,1,64,0,15,0,0,0,0
85,penv_cg_stn_spcr1_s1_req_p1up_flit,1,put,1,2,64,0,0,0,0,0,0
85,penv_cg_stn_spcr1_s1_req_p1up_flit,1,put,1,2,64,0,1,0,0,0,0
85,penv_cg_stn_spcr1_s1_req_p1up_flit,1,put,1,2,64,0,2,0,0,0,0
85,penv_cg_stn_spcr1_s1_req_p1up_flit,1,put,1,2,64,0,3,0,0,0,0
85,penv_cg_stn_spcr1_s1_req_p1up_flit,1,put,1,2,64,0,4,0,0,0,0
85,penv_cg_stn_spcr1_s1_req_p1up_flit,1,put,1,2,64,0,5,0,0,0,0
85,penv_cg_stn_spcr1_s1_req_p1up_flit,1,put,1,2,64,0,6,0,0,0,0
85,penv_cg_stn_spcr1_s1_req_p1up_flit,1,put,1,2,64,0,7,0,0,0,0
85,penv_cg_stn_spcr1_s1_req_p1up_flit,1,put,1,2,64,0,8,0,0,0,0
85,penv_cg_stn_spcr1_s1_req_p1up_flit,1,put,1,2,64,0,9,0,0,0,0
85,penv_cg_stn_spcr1_s1_req_p1up_flit,1,put,1,2,64,0,10,0,0,0,0
85,penv_cg_stn_spcr1_s1_req_p1up_flit,1,put,1,2,64,0,11,0,0,0,0
85,penv_cg_stn_spcr1_s1_req_p1up_flit,1,put,1,2,64,0,12,0,0,0,0
85,penv_cg_stn_spcr1_s1_req_p1up_flit,1,put,1,2,64,0,13,0,0,0,0
85,penv_cg_stn_spcr1_s1_req_p1up_flit,1,put,1,2,64,0,14,0,0,0,0
85,penv_cg_stn_spcr1_s1_req_p1up_flit,1,put,1,2,64,0,15,0,0,0,0
86,penv_cg_stn_spcr1_s1_req_p1up_flit,1,local,1,2,64,0,0,0,0,0,0
86,penv_cg_stn_spcr1_s1_req_p1up_flit,1,local,1,2,64,0,1,0,0,0,0
86,penv_cg_stn_spcr1_s1_req_p1up_flit,1,local,1,2,64,0,2,0,0,0,0
86,penv_cg_stn_spcr1_s1_req_p1up_flit,1,local,1,2,64,0,3,0,0,0,0
86,penv_cg_stn_spcr1_s1_req_p1up_flit,1,local,1,2,64,0,4,0,0,0,0
86,penv_cg_stn_spcr1_s1_req_p1up_flit,1,local,1,2,64,0,5,0,0,0,0
86,penv_cg_stn_spcr1_s1_req_p1up_flit,1,local,1,2,64,0,6,0,0,0,0
86,penv_cg_stn_spcr1_s1_req_p1up_flit,1,local,1,2,64,0,7,0,0,0,0
86,penv_cg_stn_spcr1_s1_req_p1up_flit,1,local,1,2,64,0,8,0,0,0,0
86,penv_cg_stn_spcr1_s1_req_p1up_flit,1,local,1,2,64,0,9,0,0,0,0
86,penv_cg_stn_spcr1_s1_req_p1up_flit,1,local,1,2,64,0,10,0,0,0,0
86,penv_cg_stn_spcr1_s1_req_p1up_flit,1,local,1,2,64,0,11,0,0,0,0
86,penv_cg_stn_spcr1_s1_req_p1up_flit,1,local,1,2,64,0,12,0,0,0,0
86,penv_cg_stn_spcr1_s1_req_p1up_flit,1,local,1,2,64,0,13,0,0,0,0
86,penv_cg_stn_spcr1_s1_req_p1up_flit,1,local,1,2,64,0,14,0,0,0,0
86,penv_cg_stn_spcr1_s1_req_p1up_flit,1,local,1,2,64,0,15,0,0,0,0
87,penv_cg_stn_spcr1_s1_req_p1up_flit,1,put,1,2,64,64,0,0,0,0,0
87,penv_cg_stn_spcr1_s1_req_p1up_flit,1,put,1,2,64,64,1,0,0,0,0
87,penv_cg_stn_spcr1_s1_req_p1up_flit,1,put,1,2,64,64,2,0,0,0,0
87,penv_cg_stn_spcr1_s1_req_p1up_flit,1,put,1,2,64,64,3,0,0,0,0
87,penv_cg_stn_spcr1_s1_req_p1up_flit,1,put,1,2,64,64,4,0,0,0,0
87,penv_cg_stn_spcr1_s1_req_p1up_flit,1,put,1,2,64,64,5,0,0,0,0
87,penv_cg_stn_spcr1_s1_req_p1up_flit,1,put,1,2,64,64,6,0,0,0,0
87,penv_cg_stn_spcr1_s1_req_p1up_flit,1,put,1,2,64,64,7,0,0,0,0
87,penv_cg_stn_spcr1_s1_req_p1up_flit,1,put,1,2,64,64,8,0,0,0,0
87,penv_cg_stn_spcr1_s1_req_p1up_flit,1,put,1,2,64,64,9,0,0,0,0
87,penv_cg_stn_spcr1_s1_req_p1up_flit,1,put,1,2,64,64,10,0,0,0,0
87,penv_cg_stn_spcr1_s1_req_p1up_flit,1,put,1,2,64,64,11,0,0,0,0
87,penv_cg_stn_spcr1_s1_req_p1up_flit,1,put,1,2,64,64,12,0,0,0,0
87,penv_cg_stn_spcr1_s1_req_p1up_flit,1,put,1,2,64,64,13,0,0,0,0
87,penv_cg_stn_spcr1_s1_req_p1up_flit,1,put,1,2,64,64,14,0,0,0,0
87,penv_cg_stn_spcr1_s1_req_p1up_flit,1,put,1,2,64,64,15,0,0,0,0
88,penv_cg_stn_spcr1_s1_req_p1up_flit,1,local,1,2,64,64,0,0,0,0,0
88,penv_cg_stn_spcr1_s1_req_p1up_flit,1,local,1,2,64,64,1,0,0,0,0
88,penv_cg_stn_spcr1_s1_req_p1up_flit,1,local,1,2,64,64,2,0,0,0,0
88,penv_cg_stn_spcr1_s1_req_p1up_flit,1,local,1,2,64,64,3,0,0,0,0
88,penv_cg_stn_spcr1_s1_req_p1up_flit,1,local,1,2,64,64,4,0,0,0,0
88,penv_cg_stn_spcr1_s1_req_p1up_flit,1,local,1,2,64,64,5,0,0,0,0
88,penv_cg_stn_spcr1_s1_req_p1up_flit,1,local,1,2,64,64,6,0,0,0,0
88,penv_cg_stn_spcr1_s1_req_p1up_flit,1,local,1,2,64,64,7,0,0,0,0
88,penv_cg_stn_spcr1_s1_req_p1up_flit,1,local,1,2,64,64,8,0,0,0,0
88,penv_cg_stn_spcr1_s1_req_p1up_flit,1,local,1,2,64,64,9,0,0,0,0
88,penv_cg_stn_spcr1_s1_req_p1up_flit,1,local,1,2,64,64,10,0,0,0,0
88,penv_cg_stn_spcr1_s1_req_p1up_flit,1,local,1,2,64,64,11,0,0,0,0
88,penv_cg_stn_spcr1_s1_req_p1up_flit,1,local,1,2,64,64,12,0,0,0,0
88,penv_cg_stn_spcr1_s1_req_p1up_flit,1,local,1,2,64,64,13,0,0,0,0
88,penv_cg_stn_spcr1_s1_req_p1up_flit,1,local,1,2,64,64,14,0,0,0,0
88,penv_cg_stn_spcr1_s1_req_p1up_flit,1,local,1,2,64,64,15,0,0,0,0
89,penv_cg_stn_spcr1_s1_req_p1up_flit,1,put,1,2,64,256,0,0,0,0,0
89,penv_cg_stn_spcr1_s1_req_p1up_flit,1,put,1,2,64,256,1,0,0,0,0
89,penv_cg_stn_spcr1_s1_req_p1up_flit,1,put,1,2,64,256,2,0,0,0,0
89,penv_cg_stn_spcr1_s1_req_p1up_flit,1,put,1,2,64,256,3,0,0,0,0
89,penv_cg_stn_spcr1_s1_req_p1up_flit,1,put,1,2,64,256,4,0,0,0,0
89,penv_cg_stn_spcr1_s1_req_p1up_flit,1,put,1,2,64,256,5,0,0,0,0
89,penv_cg_stn_spcr1_s1_req_p1up_flit,1,put,1,2,64,256,6,0,0,0,0
89,penv_cg_stn_spcr1_s1_req_p1up_flit,1,put,1,2,64,256,7,0,0,0,0
89,penv_cg_stn_spcr1_s1_req_p1up_flit,1,put,1,2,64,256,8,0,0,0,0
89,penv_cg_stn_spcr1_s1_req_p1up_flit,1,put,1,2,64,256,9,0,0,0,0
89,penv_cg_stn_spcr1_s1_req_p1up_flit,1,put,1,2,64,256,10,0,0,0,0
89,penv_cg_stn_spcr1_s1_req_p1up_flit,1,put,1,2,64,256,11,0,0,0,0
89,penv_cg_stn_spcr1_s1_req_p1up_flit,1,put,1,2,64,256,12,0,0,0,0
89,penv_cg_stn_spcr1_s1_req_p1up_flit,1,put,1,2,64,256,13,0,0,0,0
89,penv_cg_stn_spcr1_s1_req_p1up_flit,1,put,1,2,64,256,14,0,0,0,0
89,penv_cg_stn_spcr1_s1_req_p1up_flit,1,put,1,2,64,256,15,0,0,0,0
90,penv_cg_stn_spcr1_s1_req_p1up_flit,1,local,1,2,64,256,0,0,0,0,0
90,penv_cg_stn_spcr1_s1_req_p1up_flit,1,local,1,2,64,256,1,0,0,0,0
90,penv_cg_stn_spcr1_s1_req_p1up_flit,1,local,1,2,64,256,2,0,0,0,0
90,penv_cg_stn_spcr1_s1_req_p1up_flit,1,local,1,2,64,256,3,0,0,0,0
90,penv_cg_stn_spcr1_s1_req_p1up_flit,1,local,1,2,64,256,4,0,0,0,0
90,penv_cg_stn_spcr1_s1_req_p1up_flit,1,local,1,2,64,256,5,0,0,0,0
90,penv_cg_stn_spcr1_s1_req_p1up_flit,1,local,1,2,64,256,6,0,0,0,0
90,penv_cg_stn_spcr1_s1_req_p1up_flit,1,local,1,2,64,256,7,0,0,0,0
90,penv_cg_stn_spcr1_s1_req_p1up_flit,1,local,1,2,64,256,8,0,0,0,0
90,penv_cg_stn_spcr1_s1_req_p1up_flit,1,local,1,2,64,256,9,0,0,0,0
90,penv_cg_stn_spcr1_s1_req_p1up_flit,1,local,1,2,64,256,10,0,0,0,0
90,penv_cg_stn_spcr1_s1_req_p1up_flit,1,local,1,2,64,256,11,0,0,0,0
90,penv_cg_stn_spcr1_s1_req_p1up_flit,1,local,1,2,64,256,12,0,0,0,0
90,penv_cg_stn_spcr1_s1_req_p1up_flit,1,local,1,2,64,256,13,0,0,0,0
90,penv_cg_stn_spcr1_s1_req_p1up_flit,1,local,1,2,64,256,14,0,0,0,0
90,penv_cg_stn_spcr1_s1_req_p1up_flit,1,local,1,2,64,256,15,0,0,0,0
91,penv_cg_stn_spcr1_s1_req_p1up_flit,2,local,1,2,64,256,0,0,0,0,0
91,penv_cg_stn_spcr1_s1_req_p1up_flit,2,local,1,2,64,256,1,0,0,0,0
91,penv_cg_stn_spcr1_s1_req_p1up_flit,2,local,1,2,64,256,2,0,0,0,0
91,penv_cg_stn_spcr1_s1_req_p1up_flit,2,local,1,2,64,256,3,0,0,0,0
91,penv_cg_stn_spcr1_s1_req_p1up_flit,2,local,1,2,64,256,4,0,0,0,0
91,penv_cg_stn_spcr1_s1_req_p1up_flit,2,local,1,2,64,256,5,0,0,0,0
91,penv_cg_stn_spcr1_s1_req_p1up_flit,2,local,1,2,64,256,6,0,0,0,0
91,penv_cg_stn_spcr1_s1_req_p1up_flit,2,local,1,2,64,256,7,0,0,0,0
91,penv_cg_stn_spcr1_s1_req_p1up_flit,2,local,1,2,64,256,8,0,0,0,0
91,penv_cg_stn_spcr1_s1_req_p1up_flit,2,local,1,2,64,256,9,0,0,0,0
91,penv_cg_stn_spcr1_s1_req_p1up_flit,2,local,1,2,64,256,10,0,0,0,0
91,penv_cg_stn_spcr1_s1_req_p1up_flit,2,local,1,2,64,256,11,0,0,0,0
91,penv_cg_stn_spcr1_s1_req_p1up_flit,2,local,1,2,64,256,12,0,0,0,0
91,penv_cg_stn_spcr1_s1_req_p1up_flit,2,local,1,2,64,256,13,0,0,0,0
91,penv_cg_stn_spcr1_s1_req_p1up_flit,2,local,1,2,64,256,14,0,0,0,0
91,penv_cg_stn_spcr1_s1_req_p1up_flit,2,local,1,2,64,256,15,0,0,0,0
92,penv_cg_stn_spcr1_s1_req_p1up_flit,2,put,1,2,64,256,0,0,0,0,0
92,penv_cg_stn_spcr1_s1_req_p1up_flit,2,put,1,2,64,256,1,0,0,0,0
92,penv_cg_stn_spcr1_s1_req_p1up_flit,2,put,1,2,64,256,2,0,0,0,0
92,penv_cg_stn_spcr1_s1_req_p1up_flit,2,put,1,2,64,256,3,0,0,0,0
92,penv_cg_stn_spcr1_s1_req_p1up_flit,2,put,1,2,64,256,4,0,0,0,0
92,penv_cg_stn_spcr1_s1_req_p1up_flit,2,put,1,2,64,256,5,0,0,0,0
92,penv_cg_stn_spcr1_s1_req_p1up_flit,2,put,1,2,64,256,6,0,0,0,0
92,penv_cg_stn_spcr1_s1_req_p1up_flit,2,put,1,2,64,256,7,0,0,0,0
92,penv_cg_stn_spcr1_s1_req_p1up_flit,2,put,1,2,64,256,8,0,0,0,0
92,penv_cg_stn_spcr1_s1_req_p1up_flit,2,put,1,2,64,256,9,0,0,0,0
92,penv_cg_stn_spcr1_s1_req_p1up_flit,2,put,1,2,64,256,10,0,0,0,0
92,penv_cg_stn_spcr1_s1_req_p1up_flit,2,put,1,2,64,256,11,0,0,0,0
92,penv_cg_stn_spcr1_s1_req_p1up_flit,2,put,1,2,64,256,12,0,0,0,0
92,penv_cg_stn_spcr1_s1_req_p1up_flit,2,put,1,2,64,256,13,0,0,0,0
92,penv_cg_stn_spcr1_s1_req_p1up_flit,2,put,1,2,64,256,14,0,0,0,0
92,penv_cg_stn_spcr1_s1_req_p1up_flit,2,put,1,2,64,256,15,0,0,0,0
93,penv_cg_stn_spcr1_s1_req_p1up_flit,2,local,1,2,64,64,0,0,0,0,0
93,penv_cg_stn_spcr1_s1_req_p1up_flit,2,local,1,2,64,64,1,0,0,0,0
93,penv_cg_stn_spcr1_s1_req_p1up_flit,2,local,1,2,64,64,2,0,0,0,0
93,penv_cg_stn_spcr1_s1_req_p1up_flit,2,local,1,2,64,64,3,0,0,0,0
93,penv_cg_stn_spcr1_s1_req_p1up_flit,2,local,1,2,64,64,4,0,0,0,0
93,penv_cg_stn_spcr1_s1_req_p1up_flit,2,local,1,2,64,64,5,0,0,0,0
93,penv_cg_stn_spcr1_s1_req_p1up_flit,2,local,1,2,64,64,6,0,0,0,0
93,penv_cg_stn_spcr1_s1_req_p1up_flit,2,local,1,2,64,64,7,0,0,0,0
93,penv_cg_stn_spcr1_s1_req_p1up_flit,2,local,1,2,64,64,8,0,0,0,0
93,penv_cg_stn_spcr1_s1_req_p1up_flit,2,local,1,2,64,64,9,0,0,0,0
93,penv_cg_stn_spcr1_s1_req_p1up_flit,2,local,1,2,64,64,10,0,0,0,0
93,penv_cg_stn_spcr1_s1_req_p1up_flit,2,local,1,2,64,64,11,0,0,0,0
93,penv_cg_stn_spcr1_s1_req_p1up_flit,2,local,1,2,64,64,12,0,0,0,0
93,penv_cg_stn_spcr1_s1_req_p1up_flit,2,local,1,2,64,64,13,0,0,0,0
93,penv_cg_stn_spcr1_s1_req_p1up_flit,2,local,1,2,64,64,14,0,0,0,0
93,penv_cg_stn_spcr1_s1_req_p1up_flit,2,local,1,2,64,64,15,0,0,0,0
94,penv_cg_stn_spcr1_s1_req_p1up_flit,2,put,1,2,64,64,0,0,0,0,0
94,penv_cg_stn_spcr1_s1_req_p1up_flit,2,put,1,2,64,64,1,0,0,0,0
94,penv_cg_stn_spcr1_s1_req_p1up_flit,2,put,1,2,64,64,2,0,0,0,0
94,penv_cg_stn_spcr1_s1_req_p1up_flit,2,put,1,2,64,64,3,0,0,0,0
94,penv_cg_stn_spcr1_s1_req_p1up_flit,2,put,1,2,64,64,4,0,0,0,0
94,penv_cg_stn_spcr1_s1_req_p1up_flit,2,put,1,2,64,64,5,0,0,0,0
94,penv_cg_stn_spcr1_s1_req_p1up_flit,2,put,1,2,64,64,6,0,0,0,0
94,penv_cg_stn_spcr1_s1_req_p1up_flit,2,put,1,2,64,64,7,0,0,0,0
94,penv_cg_stn_spcr1_s1_req_p1up_flit,2,put,1,2,64,64,8,0,0,0,0
94,penv_cg_stn_spcr1_s1_req_p1up_flit,2,put,1,2,64,64,9,0,0,0,0
94,penv_cg_stn_spcr1_s1_req_p1up_flit,2,put,1,2,64,64,10,0,0,0,0
94,penv_cg_stn_spcr1_s1_req_p1up_flit,2,put,1,2,64,64,11,0,0,0,0
94,penv_cg_stn_spcr1_s1_req_p1up_flit,2,put,1,2,64,64,12,0,0,0,0
94,penv_cg_stn_spcr1_s1_req_p1up_flit,2,put,1,2,64,64,13,0,0,0,0
94,penv_cg_stn_spcr1_s1_req_p1up_flit,2,put,1,2,64,64,14,0,0,0,0
94,penv_cg_stn_spcr1_s1_req_p1up_flit,2,put,1,2,64,64,15,0,0,0,0
95,penv_cg_stn_spcr1_s1_req_p1up_flit,2,local,1,2,64,0,0,0,0,0,0
95,penv_cg_stn_spcr1_s1_req_p1up_flit,2,local,1,2,64,0,1,0,0,0,0
95,penv_cg_stn_spcr1_s1_req_p1up_flit,2,local,1,2,64,0,2,0,0,0,0
95,penv_cg_stn_spcr1_s1_req_p1up_flit,2,local,1,2,64,0,3,0,0,0,0
95,penv_cg_stn_spcr1_s1_req_p1up_flit,2,local,1,2,64,0,4,0,0,0,0
95,penv_cg_stn_spcr1_s1_req_p1up_flit,2,local,1,2,64,0,5,0,0,0,0
95,penv_cg_stn_spcr1_s1_req_p1up_flit,2,local,1,2,64,0,6,0,0,0,0
95,penv_cg_stn_spcr1_s1_req_p1up_flit,2,local,1,2,64,0,7,0,0,0,0
95,penv_cg_stn_spcr1_s1_req_p1up_flit,2,local,1,2,64,0,8,0,0,0,0
95,penv_cg_stn_spcr1_s1_req_p1up_flit,2,local,1,2,64,0,9,0,0,0,0
95,penv_cg_stn_spcr1_s1_req_p1up_flit,2,local,1,2,64,0,10,0,0,0,0
95,penv_cg_stn_spcr1_s1_req_p1up_flit,2,local,1,2,64,0,11,0,0,0,0
95,penv_cg_stn_spcr1_s1_req_p1up_flit,2,local,1,2,64,0,12,0,0,0,0
95,penv_cg_stn_spcr1_s1_req_p1up_flit,2,local,1,2,64,0,13,0,0,0,0
95,penv_cg_stn_spcr1_s1_req_p1up_flit,2,local,1,2,64,0,14,0,0,0,0
95,penv_cg_stn_spcr1_s1_req_p1up_flit,2,local,1,2,64,0,15,0,0,0,0
96,penv_cg_stn_spcr1_s1_req_p1up_flit,2,put,1,2,64,0,0,0,0,0,0
96,penv_cg_stn_spcr1_s1_req_p1up_flit,2,put,1,2,64,0,1,0,0,0,0
96,penv_cg_stn_spcr1_s1_req_p1up_flit,2,put,1,2,64,0,2,0,0,0,0
96,penv_cg_stn_spcr1_s1_req_p1up_flit,2,put,1,2,64,0,3,0,0,0,0
96,penv_cg_stn_spcr1_s1_req_p1up_flit,2,put,1,2,64,0,4,0,0,0,0
96,penv_cg_stn_spcr1_s1_req_p1up_flit,2,put,1,2,64,0,5,0,0,0,0
96,penv_cg_stn_spcr1_s1_req_p1up_flit,2,put,1,2,64,0,6,0,0,0,0
96,penv_cg_stn_spcr1_s1_req_p1up_flit,2,put,1,2,64,0,7,0,0,0,0
96,penv_cg_stn_spcr1_s1_req_p1up_flit,2,put,1,2,64,0,8,0,0,0,0
96,penv_cg_stn_spcr1_s1_req_p1up_flit,2,put,1,2,64,0,9,0,0,0,0
96,penv_cg_stn_spcr1_s1_req_p1up_flit,2,put,1,2,64,0,10,0,0,0,0
96,penv_cg_stn_spcr1_s1_req_p1up_flit,2,put,1,2,64,0,11,0,0,0,0
96,penv_cg_stn_spcr1_s1_req_p1up_flit,2,put,1,2,64,0,12,0,0,0,0
96,penv_cg_stn_spcr1_s1_req_p1up_flit,2,put,1,2,64,0,13,0,0,0,0
96,penv_cg_stn_spcr1_s1_req_p1up_flit,2,put,1,2,64,0,14,0,0,0,0
96,penv_cg_stn_spcr1_s1_req_p1up_flit,2,put,1,2,64,0,15,0,0,0,0
97,penv_cg_stn_npcr1_n1_req_p1up_flit,1,put,0,1,64,0,0,0,0,0,0
97,penv_cg_stn_npcr1_n1_req_p1up_flit,1,put,0,1,64,0,1,0,0,0,0
97,penv_cg_stn_npcr1_n1_req_p1up_flit,1,put,0,1,64,0,2,0,0,0,0
97,penv_cg_stn_npcr1_n1_req_p1up_flit,1,put,0,1,64,0,3,0,0,0,0
97,penv_cg_stn_npcr1_n1_req_p1up_flit,1,put,0,1,64,0,4,0,0,0,0
97,penv_cg_stn_npcr1_n1_req_p1up_flit,1,put,0,1,64,0,5,0,0,0,0
97,penv_cg_stn_npcr1_n1_req_p1up_flit,1,put,0,1,64,0,6,0,0,0,0
97,penv_cg_stn_npcr1_n1_req_p1up_flit,1,put,0,1,64,0,7,0,0,0,0
97,penv_cg_stn_npcr1_n1_req_p1up_flit,1,put,0,1,64,0,8,0,0,0,0
97,penv_cg_stn_npcr1_n1_req_p1up_flit,1,put,0,1,64,0,9,0,0,0,0
97,penv_cg_stn_npcr1_n1_req_p1up_flit,1,put,0,1,64,0,10,0,0,0,0
97,penv_cg_stn_npcr1_n1_req_p1up_flit,1,put,0,1,64,0,11,0,0,0,0
97,penv_cg_stn_npcr1_n1_req_p1up_flit,1,put,0,1,64,0,12,0,0,0,0
97,penv_cg_stn_npcr1_n1_req_p1up_flit,1,put,0,1,64,0,13,0,0,0,0
97,penv_cg_stn_npcr1_n1_req_p1up_flit,1,put,0,1,64,0,14,0,0,0,0
97,penv_cg_stn_npcr1_n1_req_p1up_flit,1,put,0,1,64,0,15,0,0,0,0
98,penv_cg_stn_npcr1_n1_req_p1up_flit,1,local,0,1,64,0,0,0,0,0,0
98,penv_cg_stn_npcr1_n1_req_p1up_flit,1,local,0,1,64,0,1,0,0,0,0
98,penv_cg_stn_npcr1_n1_req_p1up_flit,1,local,0,1,64,0,2,0,0,0,0
98,penv_cg_stn_npcr1_n1_req_p1up_flit,1,local,0,1,64,0,3,0,0,0,0
98,penv_cg_stn_npcr1_n1_req_p1up_flit,1,local,0,1,64,0,4,0,0,0,0
98,penv_cg_stn_npcr1_n1_req_p1up_flit,1,local,0,1,64,0,5,0,0,0,0
98,penv_cg_stn_npcr1_n1_req_p1up_flit,1,local,0,1,64,0,6,0,0,0,0
98,penv_cg_stn_npcr1_n1_req_p1up_flit,1,local,0,1,64,0,7,0,0,0,0
98,penv_cg_stn_npcr1_n1_req_p1up_flit,1,local,0,1,64,0,8,0,0,0,0
98,penv_cg_stn_npcr1_n1_req_p1up_flit,1,local,0,1,64,0,9,0,0,0,0
98,penv_cg_stn_npcr1_n1_req_p1up_flit,1,local,0,1,64,0,10,0,0,0,0
98,penv_cg_stn_npcr1_n1_req_p1up_flit,1,local,0,1,64,0,11,0,0,0,0
98,penv_cg_stn_npcr1_n1_req_p1up_flit,1,local,0,1,64,0,12,0,0,0,0
98,penv_cg_stn_npcr1_n1_req_p1up_flit,1,local,0,1,64,0,13,0,0,0,0
98,penv_cg_stn_npcr1_n1_req_p1up_flit,1,local,0,1,64,0,14,0,0,0,0
98,penv_cg_stn_npcr1_n1_req_p1up_flit,1,local,0,1,64,0,15,0,0,0,0
99,penv_cg_stn_npcr1_n1_req_p1up_flit,1,put,0,1,64,64,0,0,0,0,0
99,penv_cg_stn_npcr1_n1_req_p1up_flit,1,put,0,1,64,64,1,0,0,0,0
99,penv_cg_stn_npcr1_n1_req_p1up_flit,1,put,0,1,64,64,2,0,0,0,0
99,penv_cg_stn_npcr1_n1_req_p1up_flit,1,put,0,1,64,64,3,0,0,0,0
99,penv_cg_stn_npcr1_n1_req_p1up_flit,1,put,0,1,64,64,4,0,0,0,0
99,penv_cg_stn_npcr1_n1_req_p1up_flit,1,put,0,1,64,64,5,0,0,0,0
99,penv_cg_stn_npcr1_n1_req_p1up_flit,1,put,0,1,64,64,6,0,0,0,0
99,penv_cg_stn_npcr1_n1_req_p1up_flit,1,put,0,1,64,64,7,0,0,0,0
99,penv_cg_stn_npcr1_n1_req_p1up_flit,1,put,0,1,64,64,8,0,0,0,0
99,penv_cg_stn_npcr1_n1_req_p1up_flit,1,put,0,1,64,64,9,0,0,0,0
99,penv_cg_stn_npcr1_n1_req_p1up_flit,1,put,0,1,64,64,10,0,0,0,0
99,penv_cg_stn_npcr1_n1_req_p1up_flit,1,put,0,1,64,64,11,0,0,0,0
99,penv_cg_stn_npcr1_n1_req_p1up_flit,1,put,0,1,64,64,12,0,0,0,0
99,penv_cg_stn_npcr1_n1_req_p1up_flit,1,put,0,1,64,64,13,0,0,0,0
99,penv_cg_stn_npcr1_n1_req_p1up_flit,1,put,0,1,64,64,14,0,0,0,0
99,penv_cg_stn_npcr1_n1_req_p1up_flit,1,put,0,1,64,64,15,0,0,0,0
100,penv_cg_stn_npcr1_n1_req_p1up_flit,1,local,0,1,64,64,0,0,0,0,0
100,penv_cg_stn_npcr1_n1_req_p1up_flit,1,local,0,1,64,64,1,0,0,0,0
100,penv_cg_stn_npcr1_n1_req_p1up_flit,1,local,0,1,64,64,2,0,0,0,0
100,penv_cg_stn_npcr1_n1_req_p1up_flit,1,local,0,1,64,64,3,0,0,0,0
100,penv_cg_stn_npcr1_n1_req_p1up_flit,1,local,0,1,64,64,4,0,0,0,0
100,penv_cg_stn_npcr1_n1_req_p1up_flit,1,local,0,1,64,64,5,0,0,0,0
100,penv_cg_stn_npcr1_n1_req_p1up_flit,1,local,0,1,64,64,6,0,0,0,0
100,penv_cg_stn_npcr1_n1_req_p1up_flit,1,local,0,1,64,64,7,0,0,0,0
100,penv_cg_stn_npcr1_n1_req_p1up_flit,1,local,0,1,64,64,8,0,0,0,0
100,penv_cg_stn_npcr1_n1_req_p1up_flit,1,local,0,1,64,64,9,0,0,0,0
100,penv_cg_stn_npcr1_n1_req_p1up_flit,1,local,0,1,64,64,10,0,0,0,0
100,penv_cg_stn_npcr1_n1_req_p1up_flit,1,local,0,1,64,64,11,0,0,0,0
100,penv_cg_stn_npcr1_n1_req_p1up_flit,1,local,0,1,64,64,12,0,0,0,0
100,penv_cg_stn_npcr1_n1_req_p1up_flit,1,local,0,1,64,64,13,0,0,0,0
100,penv_cg_stn_npcr1_n1_req_p1up_flit,1,local,0,1,64,64,14,0,0,0,0
100,penv_cg_stn_npcr1_n1_req_p1up_flit,1,local,0,1,64,64,15,0,0,0,0
101,penv_cg_stn_npcr1_n1_req_p1up_flit,1,put,0,1,64,256,0,0,0,0,0
101,penv_cg_stn_npcr1_n1_req_p1up_flit,1,put,0,1,64,256,1,0,0,0,0
101,penv_cg_stn_npcr1_n1_req_p1up_flit,1,put,0,1,64,256,2,0,0,0,0
101,penv_cg_stn_npcr1_n1_req_p1up_flit,1,put,0,1,64,256,3,0,0,0,0
101,penv_cg_stn_npcr1_n1_req_p1up_flit,1,put,0,1,64,256,4,0,0,0,0
101,penv_cg_stn_npcr1_n1_req_p1up_flit,1,put,0,1,64,256,5,0,0,0,0
101,penv_cg_stn_npcr1_n1_req_p1up_flit,1,put,0,1,64,256,6,0,0,0,0
101,penv_cg_stn_npcr1_n1_req_p1up_flit,1,put,0,1,64,256,7,0,0,0,0
101,penv_cg_stn_npcr1_n1_req_p1up_flit,1,put,0,1,64,256,8,0,0,0,0
101,penv_cg_stn_npcr1_n1_req_p1up_flit,1,put,0,1,64,256,9,0,0,0,0
101,penv_cg_stn_npcr1_n1_req_p1up_flit,1,put,0,1,64,256,10,0,0,0,0
101,penv_cg_stn_npcr1_n1_req_p1up_flit,1,put,0,1,64,256,11,0,0,0,0
101,penv_cg_stn_npcr1_n1_req_p1up_flit,1,put,0,1,64,256,12,0,0,0,0
101,penv_cg_stn_npcr1_n1_req_p1up_flit,1,put,0,1,64,256,13,0,0,0,0
101,penv_cg_stn_npcr1_n1_req_p1up_flit,1,put,0,1,64,256,14,0,0,0,0
101,penv_cg_stn_npcr1_n1_req_p1up_flit,1,put,0,1,64,256,15,0,0,0,0
102,penv_cg_stn_npcr1_n1_req_p1up_flit,1,local,0,1,64,256,0,0,0,0,0
102,penv_cg_stn_npcr1_n1_req_p1up_flit,1,local,0,1,64,256,1,0,0,0,0
102,penv_cg_stn_npcr1_n1_req_p1up_flit,1,local,0,1,64,256,2,0,0,0,0
102,penv_cg_stn_npcr1_n1_req_p1up_flit,1,local,0,1,64,256,3,0,0,0,0
102,penv_cg_stn_npcr1_n1_req_p1up_flit,1,local,0,1,64,256,4,0,0,0,0
102,penv_cg_stn_npcr1_n1_req_p1up_flit,1,local,0,1,64,256,5,0,0,0,0
102,penv_cg_stn_npcr1_n1_req_p1up_flit,1,local,0,1,64,256,6,0,0,0,0
102,penv_cg_stn_npcr1_n1_req_p1up_flit,1,local,0,1,64,256,7,0,0,0,0
102,penv_cg_stn_npcr1_n1_req_p1up_flit,1,local,0,1,64,256,8,0,0,0,0
102,penv_cg_stn_npcr1_n1_req_p1up_flit,1,local,0,1,64,256,9,0,0,0,0
102,penv_cg_stn_npcr1_n1_req_p1up_flit,1,local,0,1,64,256,10,0,0,0,0
102,penv_cg_stn_npcr1_n1_req_p1up_flit,1,local,0,1,64,256,11,0,0,0,0
102,penv_cg_stn_npcr1_n1_req_p1up_flit,1,local,0,1,64,256,12,0,0,0,0
102,penv_cg_stn_npcr1_n1_req_p1up_flit,1,local,0,1,64,256,13,0,0,0,0
102,penv_cg_stn_npcr1_n1_req_p1up_flit,1,local,0,1,64,256,14,0,0,0,0
102,penv_cg_stn_npcr1_n1_req_p1up_flit,1,local,0,1,64,256,15,0,0,0,0
103,penv_cg_stn_npcr1_n1_req_p1up_flit,2,local,0,1,64,256,0,0,0,0,0
103,penv_cg_stn_npcr1_n1_req_p1up_flit,2,local,0,1,64,256,1,0,0,0,0
103,penv_cg_stn_npcr1_n1_req_p1up_flit,2,local,0,1,64,256,2,0,0,0,0
103,penv_cg_stn_npcr1_n1_req_p1up_flit,2,local,0,1,64,256,3,0,0,0,0
103,penv_cg_stn_npcr1_n1_req_p1up_flit,2,local,0,1,64,256,4,0,0,0,0
103,penv_cg_stn_npcr1_n1_req_p1up_flit,2,local,0,1,64,256,5,0,0,0,0
103,penv_cg_stn_npcr1_n1_req_p1up_flit,2,local,0,1,64,256,6,0,0,0,0
103,penv_cg_stn_npcr1_n1_req_p1up_flit,2,local,0,1,64,256,7,0,0,0,0
103,penv_cg_stn_npcr1_n1_req_p1up_flit,2,local,0,1,64,256,8,0,0,0,0
103,penv_cg_stn_npcr1_n1_req_p1up_flit,2,local,0,1,64,256,9,0,0,0,0
103,penv_cg_stn_npcr1_n1_req_p1up_flit,2,local,0,1,64,256,10,0,0,0,0
103,penv_cg_stn_npcr1_n1_req_p1up_flit,2,local,0,1,64,256,11,0,0,0,0
103,penv_cg_stn_npcr1_n1_req_p1up_flit,2,local,0,1,64,256,12,0,0,0,0
103,penv_cg_stn_npcr1_n1_req_p1up_flit,2,local,0,1,64,256,13,0,0,0,0
103,penv_cg_stn_npcr1_n1_req_p1up_flit,2,local,0,1,64,256,14,0,0,0,0
103,penv_cg_stn_npcr1_n1_req_p1up_flit,2,local,0,1,64,256,15,0,0,0,0
104,penv_cg_stn_npcr1_n1_req_p1up_flit,2,put,0,1,64,256,0,0,0,0,0
104,penv_cg_stn_npcr1_n1_req_p1up_flit,2,put,0,1,64,256,1,0,0,0,0
104,penv_cg_stn_npcr1_n1_req_p1up_flit,2,put,0,1,64,256,2,0,0,0,0
104,penv_cg_stn_npcr1_n1_req_p1up_flit,2,put,0,1,64,256,3,0,0,0,0
104,penv_cg_stn_npcr1_n1_req_p1up_flit,2,put,0,1,64,256,4,0,0,0,0
104,penv_cg_stn_npcr1_n1_req_p1up_flit,2,put,0,1,64,256,5,0,0,0,0
104,penv_cg_stn_npcr1_n1_req_p1up_flit,2,put,0,1,64,256,6,0,0,0,0
104,penv_cg_stn_npcr1_n1_req_p1up_flit,2,put,0,1,64,256,7,0,0,0,0
104,penv_cg_stn_npcr1_n1_req_p1up_flit,2,put,0,1,64,256,8,0,0,0,0
104,penv_cg_stn_npcr1_n1_req_p1up_flit,2,put,0,1,64,256,9,0,0,0,0
104,penv_cg_stn_npcr1_n1_req_p1up_flit,2,put,0,1,64,256,10,0,0,0,0
104,penv_cg_stn_npcr1_n1_req_p1up_flit,2,put,0,1,64,256,11,0,0,0,0
104,penv_cg_stn_npcr1_n1_req_p1up_flit,2,put,0,1,64,256,12,0,0,0,0
104,penv_cg_stn_npcr1_n1_req_p1up_flit,2,put,0,1,64,256,13,0,0,0,0
104,penv_cg_stn_npcr1_n1_req_p1up_flit,2,put,0,1,64,256,14,0,0,0,0
104,penv_cg_stn_npcr1_n1_req_p1up_flit,2,put,0,1,64,256,15,0,0,0,0
105,penv_cg_stn_npcr1_n1_req_p1up_flit,2,local,0,1,64,64,0,0,0,0,0
105,penv_cg_stn_npcr1_n1_req_p1up_flit,2,local,0,1,64,64,1,0,0,0,0
105,penv_cg_stn_npcr1_n1_req_p1up_flit,2,local,0,1,64,64,2,0,0,0,0
105,penv_cg_stn_npcr1_n1_req_p1up_flit,2,local,0,1,64,64,3,0,0,0,0
105,penv_cg_stn_npcr1_n1_req_p1up_flit,2,local,0,1,64,64,4,0,0,0,0
105,penv_cg_stn_npcr1_n1_req_p1up_flit,2,local,0,1,64,64,5,0,0,0,0
105,penv_cg_stn_npcr1_n1_req_p1up_flit,2,local,0,1,64,64,6,0,0,0,0
105,penv_cg_stn_npcr1_n1_req_p1up_flit,2,local,0,1,64,64,7,0,0,0,0
105,penv_cg_stn_npcr1_n1_req_p1up_flit,2,local,0,1,64,64,8,0,0,0,0
105,penv_cg_stn_npcr1_n1_req_p1up_flit,2,local,0,1,64,64,9,0,0,0,0
105,penv_cg_stn_npcr1_n1_req_p1up_flit,2,local,0,1,64,64,10,0,0,0,0
105,penv_cg_stn_npcr1_n1_req_p1up_flit,2,local,0,1,64,64,11,0,0,0,0
105,penv_cg_stn_npcr1_n1_req_p1up_flit,2,local,0,1,64,64,12,0,0,0,0
105,penv_cg_stn_npcr1_n1_req_p1up_flit,2,local,0,1,64,64,13,0,0,0,0
105,penv_cg_stn_npcr1_n1_req_p1up_flit,2,local,0,1,64,64,14,0,0,0,0
105,penv_cg_stn_npcr1_n1_req_p1up_flit,2,local,0,1,64,64,15,0,0,0,0
106,penv_cg_stn_npcr1_n1_req_p1up_flit,2,put,0,1,64,64,0,0,0,0,0
106,penv_cg_stn_npcr1_n1_req_p1up_flit,2,put,0,1,64,64,1,0,0,0,0
106,penv_cg_stn_npcr1_n1_req_p1up_flit,2,put,0,1,64,64,2,0,0,0,0
106,penv_cg_stn_npcr1_n1_req_p1up_flit,2,put,0,1,64,64,3,0,0,0,0
106,penv_cg_stn_npcr1_n1_req_p1up_flit,2,put,0,1,64,64,4,0,0,0,0
106,penv_cg_stn_npcr1_n1_req_p1up_flit,2,put,0,1,64,64,5,0,0,0,0
106,penv_cg_stn_npcr1_n1_req_p1up_flit,2,put,0,1,64,64,6,0,0,0,0
106,penv_cg_stn_npcr1_n1_req_p1up_flit,2,put,0,1,64,64,7,0,0,0,0
106,penv_cg_stn_npcr1_n1_req_p1up_flit,2,put,0,1,64,64,8,0,0,0,0
106,penv_cg_stn_npcr1_n1_req_p1up_flit,2,put,0,1,64,64,9,0,0,0,0
106,penv_cg_stn_npcr1_n1_req_p1up_flit,2,put,0,1,64,64,10,0,0,0,0
106,penv_cg_stn_npcr1_n1_req_p1up_flit,2,put,0,1,64,64,11,0,0,0,0
106,penv_cg_stn_npcr1_n1_req_p1up_flit,2,put,0,1,64,64,12,0,0,0,0
106,penv_cg_stn_npcr1_n1_req_p1up_flit,2,put,0,1,64,64,13,0,0,0,0
106,penv_cg_stn_npcr1_n1_req_p1up_flit,2,put,0,1,64,64,14,0,0,0,0
106,penv_cg_stn_npcr1_n1_req_p1up_flit,2,put,0,1,64,64,15,0,0,0,0
107,penv_cg_stn_npcr1_n1_req_p1up_flit,2,local,0,1,64,0,0,0,0,0,0
107,penv_cg_stn_npcr1_n1_req_p1up_flit,2,local,0,1,64,0,1,0,0,0,0
107,penv_cg_stn_npcr1_n1_req_p1up_flit,2,local,0,1,64,0,2,0,0,0,0
107,penv_cg_stn_npcr1_n1_req_p1up_flit,2,local,0,1,64,0,3,0,0,0,0
107,penv_cg_stn_npcr1_n1_req_p1up_flit,2,local,0,1,64,0,4,0,0,0,0
107,penv_cg_stn_npcr1_n1_req_p1up_flit,2,local,0,1,64,0,5,0,0,0,0
107,penv_cg_stn_npcr1_n1_req_p1up_flit,2,local,0,1,64,0,6,0,0,0,0
107,penv_cg_stn_npcr1_n1_req_p1up_flit,2,local,0,1,64,0,7,0,0,0,0
107,penv_cg_stn_npcr1_n1_req_p1up_flit,2,local,0,1,64,0,8,0,0,0,0
107,penv_cg_stn_npcr1_n1_req_p1up_flit,2,local,0,1,64,0,9,0,0,0,0
107,penv_cg_stn_npcr1_n1_req_p1up_flit,2,local,0,1,64,0,10,0,0,0,0
107,penv_cg_stn_npcr1_n1_req_p1up_flit,2,local,0,1,64,0,11,0,0,0,0
107,penv_cg_stn_npcr1_n1_req_p1up_flit,2,local,0,1,64,0,12,0,0,0,0
107,penv_cg_stn_npcr1_n1_req_p1up_flit,2,local,0,1,64,0,13,0,0,0,0
107,penv_cg_stn_npcr1_n1_req_p1up_flit,2,local,0,1,64,0,14,0,0,0,0
107,penv_cg_stn_npcr1_n1_req_p1up_flit,2,local,0,1,64,0,15,0,0,0,0
108,penv_cg_stn_npcr1_n1_req_p1up_flit,2,put,0,1,64,0,0,0,0,0,0
108,penv_cg_stn_npcr1_n1_req_p1up_flit,2,put,0,1,64,0,1,0,0,0,0
108,penv_cg_stn_npcr1_n1_req_p1up_flit,2,put,0,1,64,0,2,0,0,0,0
108,penv_cg_stn_npcr1_n1_req_p1up_flit,2,put,0,1,64,0,3,0,0,0,0
108,penv_cg_stn_npcr1_n1_req_p1up_flit,2,put,0,1,64,0,4,0,0,0,0
108,penv_cg_stn_npcr1_n1_req_p1up_flit,2,put,0,1,64,0,5,0,0,0,0
108,penv_cg_stn_npcr1_n1_req_p1up_flit,2,put,0,1,64,0,6,0,0,0,0
108,penv_cg_stn_npcr1_n1_req_p1up_flit,2,put,0,1,64,0,7,0,0,0,0
108,penv_cg_stn_npcr1_n1_req_p1up_flit,2,put,0,1,64,0,8,0,0,0,0
108,penv_cg_stn_npcr1_n1_req_p1up_flit,2,put,0,1,64,0,9,0,0,0,0
108,penv_cg_stn_npcr1_n1_req_p1up_flit,2,put,0,1,64,0,10,0,0,0,0
108,penv_cg_stn_npcr1_n1_req_p1up_flit,2,put,0,1,64,0,11,0,0,0,0
108,penv_cg_stn_npcr1_n1_req_p1up_flit,2,put,0,1,64,0,12,0,0,0,0
108,penv_cg_stn_npcr1_n1_req_p1up_flit,2,put,0,1,64,0,13,0,0,0,0
108,penv_cg_stn_npcr1_n1_req_p1up_flit,2,put,0,1,64,0,14,0,0,0,0
108,penv_cg_stn_npcr1_n1_req_p1up_flit,2,put,0,1,64,0,15,0,0,0,0
109,penv_cg_stn_npcr1_n1_req_p1up_flit,1,put,1,2,64,0,0,0,0,0,0
109,penv_cg_stn_npcr1_n1_req_p1up_flit,1,put,1,2,64,0,1,0,0,0,0
109,penv_cg_stn_npcr1_n1_req_p1up_flit,1,put,1,2,64,0,2,0,0,0,0
109,penv_cg_stn_npcr1_n1_req_p1up_flit,1,put,1,2,64,0,3,0,0,0,0
109,penv_cg_stn_npcr1_n1_req_p1up_flit,1,put,1,2,64,0,4,0,0,0,0
109,penv_cg_stn_npcr1_n1_req_p1up_flit,1,put,1,2,64,0,5,0,0,0,0
109,penv_cg_stn_npcr1_n1_req_p1up_flit,1,put,1,2,64,0,6,0,0,0,0
109,penv_cg_stn_npcr1_n1_req_p1up_flit,1,put,1,2,64,0,7,0,0,0,0
109,penv_cg_stn_npcr1_n1_req_p1up_flit,1,put,1,2,64,0,8,0,0,0,0
109,penv_cg_stn_npcr1_n1_req_p1up_flit,1,put,1,2,64,0,9,0,0,0,0
109,penv_cg_stn_npcr1_n1_req_p1up_flit,1,put,1,2,64,0,10,0,0,0,0
109,penv_cg_stn_npcr1_n1_req_p1up_flit,1,put,1,2,64,0,11,0,0,0,0
109,penv_cg_stn_npcr1_n1_req_p1up_flit,1,put,1,2,64,0,12,0,0,0,0
109,penv_cg_stn_npcr1_n1_req_p1up_flit,1,put,1,2,64,0,13,0,0,0,0
109,penv_cg_stn_npcr1_n1_req_p1up_flit,1,put,1,2,64,0,14,0,0,0,0
109,penv_cg_stn_npcr1_n1_req_p1up_flit,1,put,1,2,64,0,15,0,0,0,0
110,penv_cg_stn_npcr1_n1_req_p1up_flit,1,local,1,2,64,0,0,0,0,0,0
110,penv_cg_stn_npcr1_n1_req_p1up_flit,1,local,1,2,64,0,1,0,0,0,0
110,penv_cg_stn_npcr1_n1_req_p1up_flit,1,local,1,2,64,0,2,0,0,0,0
110,penv_cg_stn_npcr1_n1_req_p1up_flit,1,local,1,2,64,0,3,0,0,0,0
110,penv_cg_stn_npcr1_n1_req_p1up_flit,1,local,1,2,64,0,4,0,0,0,0
110,penv_cg_stn_npcr1_n1_req_p1up_flit,1,local,1,2,64,0,5,0,0,0,0
110,penv_cg_stn_npcr1_n1_req_p1up_flit,1,local,1,2,64,0,6,0,0,0,0
110,penv_cg_stn_npcr1_n1_req_p1up_flit,1,local,1,2,64,0,7,0,0,0,0
110,penv_cg_stn_npcr1_n1_req_p1up_flit,1,local,1,2,64,0,8,0,0,0,0
110,penv_cg_stn_npcr1_n1_req_p1up_flit,1,local,1,2,64,0,9,0,0,0,0
110,penv_cg_stn_npcr1_n1_req_p1up_flit,1,local,1,2,64,0,10,0,0,0,0
110,penv_cg_stn_npcr1_n1_req_p1up_flit,1,local,1,2,64,0,11,0,0,0,0
110,penv_cg_stn_npcr1_n1_req_p1up_flit,1,local,1,2,64,0,12,0,0,0,0
110,penv_cg_stn_npcr1_n1_req_p1up_flit,1,local,1,2,64,0,13,0,0,0,0
110,penv_cg_stn_npcr1_n1_req_p1up_flit,1,local,1,2,64,0,14,0,0,0,0
110,penv_cg_stn_npcr1_n1_req_p1up_flit,1,local,1,2,64,0,15,0,0,0,0
111,penv_cg_stn_npcr1_n1_req_p1up_flit,1,put,1,2,64,64,0,0,0,0,0
111,penv_cg_stn_npcr1_n1_req_p1up_flit,1,put,1,2,64,64,1,0,0,0,0
111,penv_cg_stn_npcr1_n1_req_p1up_flit,1,put,1,2,64,64,2,0,0,0,0
111,penv_cg_stn_npcr1_n1_req_p1up_flit,1,put,1,2,64,64,3,0,0,0,0
111,penv_cg_stn_npcr1_n1_req_p1up_flit,1,put,1,2,64,64,4,0,0,0,0
111,penv_cg_stn_npcr1_n1_req_p1up_flit,1,put,1,2,64,64,5,0,0,0,0
111,penv_cg_stn_npcr1_n1_req_p1up_flit,1,put,1,2,64,64,6,0,0,0,0
111,penv_cg_stn_npcr1_n1_req_p1up_flit,1,put,1,2,64,64,7,0,0,0,0
111,penv_cg_stn_npcr1_n1_req_p1up_flit,1,put,1,2,64,64,8,0,0,0,0
111,penv_cg_stn_npcr1_n1_req_p1up_flit,1,put,1,2,64,64,9,0,0,0,0
111,penv_cg_stn_npcr1_n1_req_p1up_flit,1,put,1,2,64,64,10,0,0,0,0
111,penv_cg_stn_npcr1_n1_req_p1up_flit,1,put,1,2,64,64,11,0,0,0,0
111,penv_cg_stn_npcr1_n1_req_p1up_flit,1,put,1,2,64,64,12,0,0,0,0
111,penv_cg_stn_npcr1_n1_req_p1up_flit,1,put,1,2,64,64,13,0,0,0,0
111,penv_cg_stn_npcr1_n1_req_p1up_flit,1,put,1,2,64,64,14,0,0,0,0
111,penv_cg_stn_npcr1_n1_req_p1up_flit,1,put,1,2,64,64,15,0,0,0,0
112,penv_cg_stn_npcr1_n1_req_p1up_flit,1,local,1,2,64,64,0,0,0,0,0
112,penv_cg_stn_npcr1_n1_req_p1up_flit,1,local,1,2,64,64,1,0,0,0,0
112,penv_cg_stn_npcr1_n1_req_p1up_flit,1,local,1,2,64,64,2,0,0,0,0
112,penv_cg_stn_npcr1_n1_req_p1up_flit,1,local,1,2,64,64,3,0,0,0,0
112,penv_cg_stn_npcr1_n1_req_p1up_flit,1,local,1,2,64,64,4,0,0,0,0
112,penv_cg_stn_npcr1_n1_req_p1up_flit,1,local,1,2,64,64,5,0,0,0,0
112,penv_cg_stn_npcr1_n1_req_p1up_flit,1,local,1,2,64,64,6,0,0,0,0
112,penv_cg_stn_npcr1_n1_req_p1up_flit,1,local,1,2,64,64,7,0,0,0,0
112,penv_cg_stn_npcr1_n1_req_p1up_flit,1,local,1,2,64,64,8,0,0,0,0
112,penv_cg_stn_npcr1_n1_req_p1up_flit,1,local,1,2,64,64,9,0,0,0,0
112,penv_cg_stn_npcr1_n1_req_p1up_flit,1,local,1,2,64,64,10,0,0,0,0
112,penv_cg_stn_npcr1_n1_req_p1up_flit,1,local,1,2,64,64,11,0,0,0,0
112,penv_cg_stn_npcr1_n1_req_p1up_flit,1,local,1,2,64,64,12,0,0,0,0
112,penv_cg_stn_npcr1_n1_req_p1up_flit,1,local,1,2,64,64,13,0,0,0,0
112,penv_cg_stn_npcr1_n1_req_p1up_flit,1,local,1,2,64,64,14,0,0,0,0
112,penv_cg_stn_npcr1_n1_req_p1up_flit,1,local,1,2,64,64,15,0,0,0,0
113,penv_cg_stn_npcr1_n1_req_p1up_flit,1,put,1,2,64,256,0,0,0,0,0
113,penv_cg_stn_npcr1_n1_req_p1up_flit,1,put,1,2,64,256,1,0,0,0,0
113,penv_cg_stn_npcr1_n1_req_p1up_flit,1,put,1,2,64,256,2,0,0,0,0
113,penv_cg_stn_npcr1_n1_req_p1up_flit,1,put,1,2,64,256,3,0,0,0,0
113,penv_cg_stn_npcr1_n1_req_p1up_flit,1,put,1,2,64,256,4,0,0,0,0
113,penv_cg_stn_npcr1_n1_req_p1up_flit,1,put,1,2,64,256,5,0,0,0,0
113,penv_cg_stn_npcr1_n1_req_p1up_flit,1,put,1,2,64,256,6,0,0,0,0
113,penv_cg_stn_npcr1_n1_req_p1up_flit,1,put,1,2,64,256,7,0,0,0,0
113,penv_cg_stn_npcr1_n1_req_p1up_flit,1,put,1,2,64,256,8,0,0,0,0
113,penv_cg_stn_npcr1_n1_req_p1up_flit,1,put,1,2,64,256,9,0,0,0,0
113,penv_cg_stn_npcr1_n1_req_p1up_flit,1,put,1,2,64,256,10,0,0,0,0
113,penv_cg_stn_npcr1_n1_req_p1up_flit,1,put,1,2,64,256,11,0,0,0,0
113,penv_cg_stn_npcr1_n1_req_p1up_flit,1,put,1,2,64,256,12,0,0,0,0
113,penv_cg_stn_npcr1_n1_req_p1up_flit,1,put,1,2,64,256,13,0,0,0,0
113,penv_cg_stn_npcr1_n1_req_p1up_flit,1,put,1,2,64,256,14,0,0,0,0
113,penv_cg_stn_npcr1_n1_req_p1up_flit,1,put,1,2,64,256,15,0,0,0,0
114,penv_cg_stn_npcr1_n1_req_p1up_flit,1,local,1,2,64,256,0,0,0,0,0
114,penv_cg_stn_npcr1_n1_req_p1up_flit,1,local,1,2,64,256,1,0,0,0,0
114,penv_cg_stn_npcr1_n1_req_p1up_flit,1,local,1,2,64,256,2,0,0,0,0
114,penv_cg_stn_npcr1_n1_req_p1up_flit,1,local,1,2,64,256,3,0,0,0,0
114,penv_cg_stn_npcr1_n1_req_p1up_flit,1,local,1,2,64,256,4,0,0,0,0
114,penv_cg_stn_npcr1_n1_req_p1up_flit,1,local,1,2,64,256,5,0,0,0,0
114,penv_cg_stn_npcr1_n1_req_p1up_flit,1,local,1,2,64,256,6,0,0,0,0
114,penv_cg_stn_npcr1_n1_req_p1up_flit,1,local,1,2,64,256,7,0,0,0,0
114,penv_cg_stn_npcr1_n1_req_p1up_flit,1,local,1,2,64,256,8,0,0,0,0
114,penv_cg_stn_npcr1_n1_req_p1up_flit,1,local,1,2,64,256,9,0,0,0,0
114,penv_cg_stn_npcr1_n1_req_p1up_flit,1,local,1,2,64,256,10,0,0,0,0
114,penv_cg_stn_npcr1_n1_req_p1up_flit,1,local,1,2,64,256,11,0,0,0,0
114,penv_cg_stn_npcr1_n1_req_p1up_flit,1,local,1,2,64,256,12,0,0,0,0
114,penv_cg_stn_npcr1_n1_req_p1up_flit,1,local,1,2,64,256,13,0,0,0,0
114,penv_cg_stn_npcr1_n1_req_p1up_flit,1,local,1,2,64,256,14,0,0,0,0
114,penv_cg_stn_npcr1_n1_req_p1up_flit,1,local,1,2,64,256,15,0,0,0,0
115,penv_cg_stn_npcr1_n1_req_p1up_flit,2,local,1,2,64,256,0,0,0,0,0
115,penv_cg_stn_npcr1_n1_req_p1up_flit,2,local,1,2,64,256,1,0,0,0,0
115,penv_cg_stn_npcr1_n1_req_p1up_flit,2,local,1,2,64,256,2,0,0,0,0
115,penv_cg_stn_npcr1_n1_req_p1up_flit,2,local,1,2,64,256,3,0,0,0,0
115,penv_cg_stn_npcr1_n1_req_p1up_flit,2,local,1,2,64,256,4,0,0,0,0
115,penv_cg_stn_npcr1_n1_req_p1up_flit,2,local,1,2,64,256,5,0,0,0,0
115,penv_cg_stn_npcr1_n1_req_p1up_flit,2,local,1,2,64,256,6,0,0,0,0
115,penv_cg_stn_npcr1_n1_req_p1up_flit,2,local,1,2,64,256,7,0,0,0,0
115,penv_cg_stn_npcr1_n1_req_p1up_flit,2,local,1,2,64,256,8,0,0,0,0
115,penv_cg_stn_npcr1_n1_req_p1up_flit,2,local,1,2,64,256,9,0,0,0,0
115,penv_cg_stn_npcr1_n1_req_p1up_flit,2,local,1,2,64,256,10,0,0,0,0
115,penv_cg_stn_npcr1_n1_req_p1up_flit,2,local,1,2,64,256,11,0,0,0,0
115,penv_cg_stn_npcr1_n1_req_p1up_flit,2,local,1,2,64,256,12,0,0,0,0
115,penv_cg_stn_npcr1_n1_req_p1up_flit,2,local,1,2,64,256,13,0,0,0,0
115,penv_cg_stn_npcr1_n1_req_p1up_flit,2,local,1,2,64,256,14,0,0,0,0
115,penv_cg_stn_npcr1_n1_req_p1up_flit,2,local,1,2,64,256,15,0,0,0,0
116,penv_cg_stn_npcr1_n1_req_p1up_flit,2,put,1,2,64,256,0,0,0,0,0
116,penv_cg_stn_npcr1_n1_req_p1up_flit,2,put,1,2,64,256,1,0,0,0,0
116,penv_cg_stn_npcr1_n1_req_p1up_flit,2,put,1,2,64,256,2,0,0,0,0
116,penv_cg_stn_npcr1_n1_req_p1up_flit,2,put,1,2,64,256,3,0,0,0,0
116,penv_cg_stn_npcr1_n1_req_p1up_flit,2,put,1,2,64,256,4,0,0,0,0
116,penv_cg_stn_npcr1_n1_req_p1up_flit,2,put,1,2,64,256,5,0,0,0,0
116,penv_cg_stn_npcr1_n1_req_p1up_flit,2,put,1,2,64,256,6,0,0,0,0
116,penv_cg_stn_npcr1_n1_req_p1up_flit,2,put,1,2,64,256,7,0,0,0,0
116,penv_cg_stn_npcr1_n1_req_p1up_flit,2,put,1,2,64,256,8,0,0,0,0
116,penv_cg_stn_npcr1_n1_req_p1up_flit,2,put,1,2,64,256,9,0,0,0,0
116,penv_cg_stn_npcr1_n1_req_p1up_flit,2,put,1,2,64,256,10,0,0,0,0
116,penv_cg_stn_npcr1_n1_req_p1up_flit,2,put,1,2,64,256,11,0,0,0,0
116,penv_cg_stn_npcr1_n1_req_p1up_flit,2,put,1,2,64,256,12,0,0,0,0
116,penv_cg_stn_npcr1_n1_req_p1up_flit,2,put,1,2,64,256,13,0,0,0,0
116,penv_cg_stn_npcr1_n1_req_p1up_flit,2,put,1,2,64,256,14,0,0,0,0
116,penv_cg_stn_npcr1_n1_req_p1up_flit,2,put,1,2,64,256,15,0,0,0,0
117,penv_cg_stn_npcr1_n1_req_p1up_flit,2,local,1,2,64,64,0,0,0,0,0
117,penv_cg_stn_npcr1_n1_req_p1up_flit,2,local,1,2,64,64,1,0,0,0,0
117,penv_cg_stn_npcr1_n1_req_p1up_flit,2,local,1,2,64,64,2,0,0,0,0
117,penv_cg_stn_npcr1_n1_req_p1up_flit,2,local,1,2,64,64,3,0,0,0,0
117,penv_cg_stn_npcr1_n1_req_p1up_flit,2,local,1,2,64,64,4,0,0,0,0
117,penv_cg_stn_npcr1_n1_req_p1up_flit,2,local,1,2,64,64,5,0,0,0,0
117,penv_cg_stn_npcr1_n1_req_p1up_flit,2,local,1,2,64,64,6,0,0,0,0
117,penv_cg_stn_npcr1_n1_req_p1up_flit,2,local,1,2,64,64,7,0,0,0,0
117,penv_cg_stn_npcr1_n1_req_p1up_flit,2,local,1,2,64,64,8,0,0,0,0
117,penv_cg_stn_npcr1_n1_req_p1up_flit,2,local,1,2,64,64,9,0,0,0,0
117,penv_cg_stn_npcr1_n1_req_p1up_flit,2,local,1,2,64,64,10,0,0,0,0
117,penv_cg_stn_npcr1_n1_req_p1up_flit,2,local,1,2,64,64,11,0,0,0,0
117,penv_cg_stn_npcr1_n1_req_p1up_flit,2,local,1,2,64,64,12,0,0,0,0
117,penv_cg_stn_npcr1_n1_req_p1up_flit,2,local,1,2,64,64,13,0,0,0,0
117,penv_cg_stn_npcr1_n1_req_p1up_flit,2,local,1,2,64,64,14,0,0,0,0
117,penv_cg_stn_npcr1_n1_req_p1up_flit,2,local,1,2,64,64,15,0,0,0,0
118,penv_cg_stn_npcr1_n1_req_p1up_flit,2,put,1,2,64,64,0,0,0,0,0
118,penv_cg_stn_npcr1_n1_req_p1up_flit,2,put,1,2,64,64,1,0,0,0,0
118,penv_cg_stn_npcr1_n1_req_p1up_flit,2,put,1,2,64,64,2,0,0,0,0
118,penv_cg_stn_npcr1_n1_req_p1up_flit,2,put,1,2,64,64,3,0,0,0,0
118,penv_cg_stn_npcr1_n1_req_p1up_flit,2,put,1,2,64,64,4,0,0,0,0
118,penv_cg_stn_npcr1_n1_req_p1up_flit,2,put,1,2,64,64,5,0,0,0,0
118,penv_cg_stn_npcr1_n1_req_p1up_flit,2,put,1,2,64,64,6,0,0,0,0
118,penv_cg_stn_npcr1_n1_req_p1up_flit,2,put,1,2,64,64,7,0,0,0,0
118,penv_cg_stn_npcr1_n1_req_p1up_flit,2,put,1,2,64,64,8,0,0,0,0
118,penv_cg_stn_npcr1_n1_req_p1up_flit,2,put,1,2,64,64,9,0,0,0,0
118,penv_cg_stn_npcr1_n1_req_p1up_flit,2,put,1,2,64,64,10,0,0,0,0
118,penv_cg_stn_npcr1_n1_req_p1up_flit,2,put,1,2,64,64,11,0,0,0,0
118,penv_cg_stn_npcr1_n1_req_p1up_flit,2,put,1,2,64,64,12,0,0,0,0
118,penv_cg_stn_npcr1_n1_req_p1up_flit,2,put,1,2,64,64,13,0,0,0,0
118,penv_cg_stn_npcr1_n1_req_p1up_flit,2,put,1,2,64,64,14,0,0,0,0
118,penv_cg_stn_npcr1_n1_req_p1up_flit,2,put,1,2,64,64,15,0,0,0,0
119,penv_cg_stn_npcr1_n1_req_p1up_flit,2,local,1,2,64,0,0,0,0,0,0
119,penv_cg_stn_npcr1_n1_req_p1up_flit,2,local,1,2,64,0,1,0,0,0,0
119,penv_cg_stn_npcr1_n1_req_p1up_flit,2,local,1,2,64,0,2,0,0,0,0
119,penv_cg_stn_npcr1_n1_req_p1up_flit,2,local,1,2,64,0,3,0,0,0,0
119,penv_cg_stn_npcr1_n1_req_p1up_flit,2,local,1,2,64,0,4,0,0,0,0
119,penv_cg_stn_npcr1_n1_req_p1up_flit,2,local,1,2,64,0,5,0,0,0,0
119,penv_cg_stn_npcr1_n1_req_p1up_flit,2,local,1,2,64,0,6,0,0,0,0
119,penv_cg_stn_npcr1_n1_req_p1up_flit,2,local,1,2,64,0,7,0,0,0,0
119,penv_cg_stn_npcr1_n1_req_p1up_flit,2,local,1,2,64,0,8,0,0,0,0
119,penv_cg_stn_npcr1_n1_req_p1up_flit,2,local,1,2,64,0,9,0,0,0,0
119,penv_cg_stn_npcr1_n1_req_p1up_flit,2,local,1,2,64,0,10,0,0,0,0
119,penv_cg_stn_npcr1_n1_req_p1up_flit,2,local,1,2,64,0,11,0,0,0,0
119,penv_cg_stn_npcr1_n1_req_p1up_flit,2,local,1,2,64,0,12,0,0,0,0
119,penv_cg_stn_npcr1_n1_req_p1up_flit,2,local,1,2,64,0,13,0,0,0,0
119,penv_cg_stn_npcr1_n1_req_p1up_flit,2,local,1,2,64,0,14,0,0,0,0
119,penv_cg_stn_npcr1_n1_req_p1up_flit,2,local,1,2,64,0,15,0,0,0,0
120,penv_cg_stn_npcr1_n1_req_p1up_flit,2,put,1,2,64,0,0,0,0,0,0
120,penv_cg_stn_npcr1_n1_req_p1up_flit,2,put,1,2,64,0,1,0,0,0,0
120,penv_cg_stn_npcr1_n1_req_p1up_flit,2,put,1,2,64,0,2,0,0,0,0
120,penv_cg_stn_npcr1_n1_req_p1up_flit,2,put,1,2,64,0,3,0,0,0,0
120,penv_cg_stn_npcr1_n1_req_p1up_flit,2,put,1,2,64,0,4,0,0,0,0
120,penv_cg_stn_npcr1_n1_req_p1up_flit,2,put,1,2,64,0,5,0,0,0,0
120,penv_cg_stn_npcr1_n1_req_p1up_flit,2,put,1,2,64,0,6,0,0,0,0
120,penv_cg_stn_npcr1_n1_req_p1up_flit,2,put,1,2,64,0,7,0,0,0,0
120,penv_cg_stn_npcr1_n1_req_p1up_flit,2,put,1,2,64,0,8,0,0,0,0
120,penv_cg_stn_npcr1_n1_req_p1up_flit,2,put,1,2,64,0,9,0,0,0,0
120,penv_cg_stn_npcr1_n1_req_p1up_flit,2,put,1,2,64,0,10,0,0,0,0
120,penv_cg_stn_npcr1_n1_req_p1up_flit,2,put,1,2,64,0,11,0,0,0,0
120,penv_cg_stn_npcr1_n1_req_p1up_flit,2,put,1,2,64,0,12,0,0,0,0
120,penv_cg_stn_npcr1_n1_req_p1up_flit,2,put,1,2,64,0,13,0,0,0,0
120,penv_cg_stn_npcr1_n1_req_p1up_flit,2,put,1,2,64,0,14,0,0,0,0
120,penv_cg_stn_npcr1_n1_req_p1up_flit,2,put,1,2,64,0,15,0,0,0,0
121,penv_cg_stn_wpcr1_w1_req_p1up_flit,1,put,0,1,64,0,0,0,0,0,0
121,penv_cg_stn_wpcr1_w1_req_p1up_flit,1,put,0,1,64,0,1,0,0,0,0
121,penv_cg_stn_wpcr1_w1_req_p1up_flit,1,put,0,1,64,0,2,0,0,0,0
121,penv_cg_stn_wpcr1_w1_req_p1up_flit,1,put,0,1,64,0,3,0,0,0,0
121,penv_cg_stn_wpcr1_w1_req_p1up_flit,1,put,0,1,64,0,4,0,0,0,0
121,penv_cg_stn_wpcr1_w1_req_p1up_flit,1,put,0,1,64,0,5,0,0,0,0
121,penv_cg_stn_wpcr1_w1_req_p1up_flit,1,put,0,1,64,0,6,0,0,0,0
121,penv_cg_stn_wpcr1_w1_req_p1up_flit,1,put,0,1,64,0,7,0,0,0,0
121,penv_cg_stn_wpcr1_w1_req_p1up_flit,1,put,0,1,64,0,8,0,0,0,0
121,penv_cg_stn_wpcr1_w1_req_p1up_flit,1,put,0,1,64,0,9,0,0,0,0
121,penv_cg_stn_wpcr1_w1_req_p1up_flit,1,put,0,1,64,0,10,0,0,0,0
121,penv_cg_stn_wpcr1_w1_req_p1up_flit,1,put,0,1,64,0,11,0,0,0,0
121,penv_cg_stn_wpcr1_w1_req_p1up_flit,1,put,0,1,64,0,12,0,0,0,0
121,penv_cg_stn_wpcr1_w1_req_p1up_flit,1,put,0,1,64,0,13,0,0,0,0
121,penv_cg_stn_wpcr1_w1_req_p1up_flit,1,put,0,1,64,0,14,0,0,0,0
121,penv_cg_stn_wpcr1_w1_req_p1up_flit,1,put,0,1,64,0,15,0,0,0,0
122,penv_cg_stn_wpcr1_w1_req_p1up_flit,1,local,0,1,64,0,0,0,0,0,0
122,penv_cg_stn_wpcr1_w1_req_p1up_flit,1,local,0,1,64,0,1,0,0,0,0
122,penv_cg_stn_wpcr1_w1_req_p1up_flit,1,local,0,1,64,0,2,0,0,0,0
122,penv_cg_stn_wpcr1_w1_req_p1up_flit,1,local,0,1,64,0,3,0,0,0,0
122,penv_cg_stn_wpcr1_w1_req_p1up_flit,1,local,0,1,64,0,4,0,0,0,0
122,penv_cg_stn_wpcr1_w1_req_p1up_flit,1,local,0,1,64,0,5,0,0,0,0
122,penv_cg_stn_wpcr1_w1_req_p1up_flit,1,local,0,1,64,0,6,0,0,0,0
122,penv_cg_stn_wpcr1_w1_req_p1up_flit,1,local,0,1,64,0,7,0,0,0,0
122,penv_cg_stn_wpcr1_w1_req_p1up_flit,1,local,0,1,64,0,8,0,0,0,0
122,penv_cg_stn_wpcr1_w1_req_p1up_flit,1,local,0,1,64,0,9,0,0,0,0
122,penv_cg_stn_wpcr1_w1_req_p1up_flit,1,local,0,1,64,0,10,0,0,0,0
122,penv_cg_stn_wpcr1_w1_req_p1up_flit,1,local,0,1,64,0,11,0,0,0,0
122,penv_cg_stn_wpcr1_w1_req_p1up_flit,1,local,0,1,64,0,12,0,0,0,0
122,penv_cg_stn_wpcr1_w1_req_p1up_flit,1,local,0,1,64,0,13,0,0,0,0
122,penv_cg_stn_wpcr1_w1_req_p1up_flit,1,local,0,1,64,0,14,0,0,0,0
122,penv_cg_stn_wpcr1_w1_req_p1up_flit,1,local,0,1,64,0,15,0,0,0,0
123,penv_cg_stn_wpcr1_w1_req_p1up_flit,1,put,0,1,64,64,0,0,0,0,0
123,penv_cg_stn_wpcr1_w1_req_p1up_flit,1,put,0,1,64,64,1,0,0,0,0
123,penv_cg_stn_wpcr1_w1_req_p1up_flit,1,put,0,1,64,64,2,0,0,0,0
123,penv_cg_stn_wpcr1_w1_req_p1up_flit,1,put,0,1,64,64,3,0,0,0,0
123,penv_cg_stn_wpcr1_w1_req_p1up_flit,1,put,0,1,64,64,4,0,0,0,0
123,penv_cg_stn_wpcr1_w1_req_p1up_flit,1,put,0,1,64,64,5,0,0,0,0
123,penv_cg_stn_wpcr1_w1_req_p1up_flit,1,put,0,1,64,64,6,0,0,0,0
123,penv_cg_stn_wpcr1_w1_req_p1up_flit,1,put,0,1,64,64,7,0,0,0,0
123,penv_cg_stn_wpcr1_w1_req_p1up_flit,1,put,0,1,64,64,8,0,0,0,0
123,penv_cg_stn_wpcr1_w1_req_p1up_flit,1,put,0,1,64,64,9,0,0,0,0
123,penv_cg_stn_wpcr1_w1_req_p1up_flit,1,put,0,1,64,64,10,0,0,0,0
123,penv_cg_stn_wpcr1_w1_req_p1up_flit,1,put,0,1,64,64,11,0,0,0,0
123,penv_cg_stn_wpcr1_w1_req_p1up_flit,1,put,0,1,64,64,12,0,0,0,0
123,penv_cg_stn_wpcr1_w1_req_p1up_flit,1,put,0,1,64,64,13,0,0,0,0
123,penv_cg_stn_wpcr1_w1_req_p1up_flit,1,put,0,1,64,64,14,0,0,0,0
123,penv_cg_stn_wpcr1_w1_req_p1up_flit,1,put,0,1,64,64,15,0,0,0,0
124,penv_cg_stn_wpcr1_w1_req_p1up_flit,1,local,0,1,64,64,0,0,0,0,0
124,penv_cg_stn_wpcr1_w1_req_p1up_flit,1,local,0,1,64,64,1,0,0,0,0
124,penv_cg_stn_wpcr1_w1_req_p1up_flit,1,local,0,1,64,64,2,0,0,0,0
124,penv_cg_stn_wpcr1_w1_req_p1up_flit,1,local,0,1,64,64,3,0,0,0,0
124,penv_cg_stn_wpcr1_w1_req_p1up_flit,1,local,0,1,64,64,4,0,0,0,0
124,penv_cg_stn_wpcr1_w1_req_p1up_flit,1,local,0,1,64,64,5,0,0,0,0
124,penv_cg_stn_wpcr1_w1_req_p1up_flit,1,local,0,1,64,64,6,0,0,0,0
124,penv_cg_stn_wpcr1_w1_req_p1up_flit,1,local,0,1,64,64,7,0,0,0,0
124,penv_cg_stn_wpcr1_w1_req_p1up_flit,1,local,0,1,64,64,8,0,0,0,0
124,penv_cg_stn_wpcr1_w1_req_p1up_flit,1,local,0,1,64,64,9,0,0,0,0
124,penv_cg_stn_wpcr1_w1_req_p1up_flit,1,local,0,1,64,64,10,0,0,0,0
124,penv_cg_stn_wpcr1_w1_req_p1up_flit,1,local,0,1,64,64,11,0,0,0,0
124,penv_cg_stn_wpcr1_w1_req_p1up_flit,1,local,0,1,64,64,12,0,0,0,0
124,penv_cg_stn_wpcr1_w1_req_p1up_flit,1,local,0,1,64,64,13,0,0,0,0
124,penv_cg_stn_wpcr1_w1_req_p1up_flit,1,local,0,1,64,64,14,0,0,0,0
124,penv_cg_stn_wpcr1_w1_req_p1up_flit,1,local,0,1,64,64,15,0,0,0,0
125,penv_cg_stn_wpcr1_w1_req_p1up_flit,1,put,0,1,64,256,0,0,0,0,0
125,penv_cg_stn_wpcr1_w1_req_p1up_flit,1,put,0,1,64,256,1,0,0,0,0
125,penv_cg_stn_wpcr1_w1_req_p1up_flit,1,put,0,1,64,256,2,0,0,0,0
125,penv_cg_stn_wpcr1_w1_req_p1up_flit,1,put,0,1,64,256,3,0,0,0,0
125,penv_cg_stn_wpcr1_w1_req_p1up_flit,1,put,0,1,64,256,4,0,0,0,0
125,penv_cg_stn_wpcr1_w1_req_p1up_flit,1,put,0,1,64,256,5,0,0,0,0
125,penv_cg_stn_wpcr1_w1_req_p1up_flit,1,put,0,1,64,256,6,0,0,0,0
125,penv_cg_stn_wpcr1_w1_req_p1up_flit,1,put,0,1,64,256,7,0,0,0,0
125,penv_cg_stn_wpcr1_w1_req_p1up_flit,1,put,0,1,64,256,8,0,0,0,0
125,penv_cg_stn_wpcr1_w1_req_p1up_flit,1,put,0,1,64,256,9,0,0,0,0
125,penv_cg_stn_wpcr1_w1_req_p1up_flit,1,put,0,1,64,256,10,0,0,0,0
125,penv_cg_stn_wpcr1_w1_req_p1up_flit,1,put,0,1,64,256,11,0,0,0,0
125,penv_cg_stn_wpcr1_w1_req_p1up_flit,1,put,0,1,64,256,12,0,0,0,0
125,penv_cg_stn_wpcr1_w1_req_p1up_flit,1,put,0,1,64,256,13,0,0,0,0
125,penv_cg_stn_wpcr1_w1_req_p1up_flit,1,put,0,1,64,256,14,0,0,0,0
125,penv_cg_stn_wpcr1_w1_req_p1up_flit,1,put,0,1,64,256,15,0,0,0,0
126,penv_cg_stn_wpcr1_w1_req_p1up_flit,1,local,0,1,64,256,0,0,0,0,0
126,penv_cg_stn_wpcr1_w1_req_p1up_flit,1,local,0,1,64,256,1,0,0,0,0
126,penv_cg_stn_wpcr1_w1_req_p1up_flit,1,local,0,1,64,256,2,0,0,0,0
126,penv_cg_stn_wpcr1_w1_req_p1up_flit,1,local,0,1,64,256,3,0,0,0,0
126,penv_cg_stn_wpcr1_w1_req_p1up_flit,1,local,0,1,64,256,4,0,0,0,0
126,penv_cg_stn_wpcr1_w1_req_p1up_flit,1,local,0,1,64,256,5,0,0,0,0
126,penv_cg_stn_wpcr1_w1_req_p1up_flit,1,local,0,1,64,256,6,0,0,0,0
126,penv_cg_stn_wpcr1_w1_req_p1up_flit,1,local,0,1,64,256,7,0,0,0,0
126,penv_cg_stn_wpcr1_w1_req_p1up_flit,1,local,0,1,64,256,8,0,0,0,0
126,penv_cg_stn_wpcr1_w1_req_p1up_flit,1,local,0,1,64,256,9,0,0,0,0
126,penv_cg_stn_wpcr1_w1_req_p1up_flit,1,local,0,1,64,256,10,0,0,0,0
126,penv_cg_stn_wpcr1_w1_req_p1up_flit,1,local,0,1,64,256,11,0,0,0,0
126,penv_cg_stn_wpcr1_w1_req_p1up_flit,1,local,0,1,64,256,12,0,0,0,0
126,penv_cg_stn_wpcr1_w1_req_p1up_flit,1,local,0,1,64,256,13,0,0,0,0
126,penv_cg_stn_wpcr1_w1_req_p1up_flit,1,local,0,1,64,256,14,0,0,0,0
126,penv_cg_stn_wpcr1_w1_req_p1up_flit,1,local,0,1,64,256,15,0,0,0,0
127,penv_cg_stn_wpcr1_w1_req_p1up_flit,2,local,0,1,64,256,0,0,0,0,0
127,penv_cg_stn_wpcr1_w1_req_p1up_flit,2,local,0,1,64,256,1,0,0,0,0
127,penv_cg_stn_wpcr1_w1_req_p1up_flit,2,local,0,1,64,256,2,0,0,0,0
127,penv_cg_stn_wpcr1_w1_req_p1up_flit,2,local,0,1,64,256,3,0,0,0,0
127,penv_cg_stn_wpcr1_w1_req_p1up_flit,2,local,0,1,64,256,4,0,0,0,0
127,penv_cg_stn_wpcr1_w1_req_p1up_flit,2,local,0,1,64,256,5,0,0,0,0
127,penv_cg_stn_wpcr1_w1_req_p1up_flit,2,local,0,1,64,256,6,0,0,0,0
127,penv_cg_stn_wpcr1_w1_req_p1up_flit,2,local,0,1,64,256,7,0,0,0,0
127,penv_cg_stn_wpcr1_w1_req_p1up_flit,2,local,0,1,64,256,8,0,0,0,0
127,penv_cg_stn_wpcr1_w1_req_p1up_flit,2,local,0,1,64,256,9,0,0,0,0
127,penv_cg_stn_wpcr1_w1_req_p1up_flit,2,local,0,1,64,256,10,0,0,0,0
127,penv_cg_stn_wpcr1_w1_req_p1up_flit,2,local,0,1,64,256,11,0,0,0,0
127,penv_cg_stn_wpcr1_w1_req_p1up_flit,2,local,0,1,64,256,12,0,0,0,0
127,penv_cg_stn_wpcr1_w1_req_p1up_flit,2,local,0,1,64,256,13,0,0,0,0
127,penv_cg_stn_wpcr1_w1_req_p1up_flit,2,local,0,1,64,256,14,0,0,0,0
127,penv_cg_stn_wpcr1_w1_req_p1up_flit,2,local,0,1,64,256,15,0,0,0,0
128,penv_cg_stn_wpcr1_w1_req_p1up_flit,2,put,0,1,64,256,0,0,0,0,0
128,penv_cg_stn_wpcr1_w1_req_p1up_flit,2,put,0,1,64,256,1,0,0,0,0
128,penv_cg_stn_wpcr1_w1_req_p1up_flit,2,put,0,1,64,256,2,0,0,0,0
128,penv_cg_stn_wpcr1_w1_req_p1up_flit,2,put,0,1,64,256,3,0,0,0,0
128,penv_cg_stn_wpcr1_w1_req_p1up_flit,2,put,0,1,64,256,4,0,0,0,0
128,penv_cg_stn_wpcr1_w1_req_p1up_flit,2,put,0,1,64,256,5,0,0,0,0
128,penv_cg_stn_wpcr1_w1_req_p1up_flit,2,put,0,1,64,256,6,0,0,0,0
128,penv_cg_stn_wpcr1_w1_req_p1up_flit,2,put,0,1,64,256,7,0,0,0,0
128,penv_cg_stn_wpcr1_w1_req_p1up_flit,2,put,0,1,64,256,8,0,0,0,0
128,penv_cg_stn_wpcr1_w1_req_p1up_flit,2,put,0,1,64,256,9,0,0,0,0
128,penv_cg_stn_wpcr1_w1_req_p1up_flit,2,put,0,1,64,256,10,0,0,0,0
128,penv_cg_stn_wpcr1_w1_req_p1up_flit,2,put,0,1,64,256,11,0,0,0,0
128,penv_cg_stn_wpcr1_w1_req_p1up_flit,2,put,0,1,64,256,12,0,0,0,0
128,penv_cg_stn_wpcr1_w1_req_p1up_flit,2,put,0,1,64,256,13,0,0,0,0
128,penv_cg_stn_wpcr1_w1_req_p1up_flit,2,put,0,1,64,256,14,0,0,0,0
128,penv_cg_stn_wpcr1_w1_req_p1up_flit,2,put,0,1,64,256,15,0,0,0,0
129,penv_cg_stn_wpcr1_w1_req_p1up_flit,2,local,0,1,64,64,0,0,0,0,0
129,penv_cg_stn_wpcr1_w1_req_p1up_flit,2,local,0,1,64,64,1,0,0,0,0
129,penv_cg_stn_wpcr1_w1_req_p1up_flit,2,local,0,1,64,64,2,0,0,0,0
129,penv_cg_stn_wpcr1_w1_req_p1up_flit,2,local,0,1,64,64,3,0,0,0,0
129,penv_cg_stn_wpcr1_w1_req_p1up_flit,2,local,0,1,64,64,4,0,0,0,0
129,penv_cg_stn_wpcr1_w1_req_p1up_flit,2,local,0,1,64,64,5,0,0,0,0
129,penv_cg_stn_wpcr1_w1_req_p1up_flit,2,local,0,1,64,64,6,0,0,0,0
129,penv_cg_stn_wpcr1_w1_req_p1up_flit,2,local,0,1,64,64,7,0,0,0,0
129,penv_cg_stn_wpcr1_w1_req_p1up_flit,2,local,0,1,64,64,8,0,0,0,0
129,penv_cg_stn_wpcr1_w1_req_p1up_flit,2,local,0,1,64,64,9,0,0,0,0
129,penv_cg_stn_wpcr1_w1_req_p1up_flit,2,local,0,1,64,64,10,0,0,0,0
129,penv_cg_stn_wpcr1_w1_req_p1up_flit,2,local,0,1,64,64,11,0,0,0,0
129,penv_cg_stn_wpcr1_w1_req_p1up_flit,2,local,0,1,64,64,12,0,0,0,0
129,penv_cg_stn_wpcr1_w1_req_p1up_flit,2,local,0,1,64,64,13,0,0,0,0
129,penv_cg_stn_wpcr1_w1_req_p1up_flit,2,local,0,1,64,64,14,0,0,0,0
129,penv_cg_stn_wpcr1_w1_req_p1up_flit,2,local,0,1,64,64,15,0,0,0,0
130,penv_cg_stn_wpcr1_w1_req_p1up_flit,2,put,0,1,64,64,0,0,0,0,0
130,penv_cg_stn_wpcr1_w1_req_p1up_flit,2,put,0,1,64,64,1,0,0,0,0
130,penv_cg_stn_wpcr1_w1_req_p1up_flit,2,put,0,1,64,64,2,0,0,0,0
130,penv_cg_stn_wpcr1_w1_req_p1up_flit,2,put,0,1,64,64,3,0,0,0,0
130,penv_cg_stn_wpcr1_w1_req_p1up_flit,2,put,0,1,64,64,4,0,0,0,0
130,penv_cg_stn_wpcr1_w1_req_p1up_flit,2,put,0,1,64,64,5,0,0,0,0
130,penv_cg_stn_wpcr1_w1_req_p1up_flit,2,put,0,1,64,64,6,0,0,0,0
130,penv_cg_stn_wpcr1_w1_req_p1up_flit,2,put,0,1,64,64,7,0,0,0,0
130,penv_cg_stn_wpcr1_w1_req_p1up_flit,2,put,0,1,64,64,8,0,0,0,0
130,penv_cg_stn_wpcr1_w1_req_p1up_flit,2,put,0,1,64,64,9,0,0,0,0
130,penv_cg_stn_wpcr1_w1_req_p1up_flit,2,put,0,1,64,64,10,0,0,0,0
130,penv_cg_stn_wpcr1_w1_req_p1up_flit,2,put,0,1,64,64,11,0,0,0,0
130,penv_cg_stn_wpcr1_w1_req_p1up_flit,2,put,0,1,64,64,12,0,0,0,0
130,penv_cg_stn_wpcr1_w1_req_p1up_flit,2,put,0,1,64,64,13,0,0,0,0
130,penv_cg_stn_wpcr1_w1_req_p1up_flit,2,put,0,1,64,64,14,0,0,0,0
130,penv_cg_stn_wpcr1_w1_req_p1up_flit,2,put,0,1,64,64,15,0,0,0,0
131,penv_cg_stn_wpcr1_w1_req_p1up_flit,2,local,0,1,64,0,0,0,0,0,0
131,penv_cg_stn_wpcr1_w1_req_p1up_flit,2,local,0,1,64,0,1,0,0,0,0
131,penv_cg_stn_wpcr1_w1_req_p1up_flit,2,local,0,1,64,0,2,0,0,0,0
131,penv_cg_stn_wpcr1_w1_req_p1up_flit,2,local,0,1,64,0,3,0,0,0,0
131,penv_cg_stn_wpcr1_w1_req_p1up_flit,2,local,0,1,64,0,4,0,0,0,0
131,penv_cg_stn_wpcr1_w1_req_p1up_flit,2,local,0,1,64,0,5,0,0,0,0
131,penv_cg_stn_wpcr1_w1_req_p1up_flit,2,local,0,1,64,0,6,0,0,0,0
131,penv_cg_stn_wpcr1_w1_req_p1up_flit,2,local,0,1,64,0,7,0,0,0,0
131,penv_cg_stn_wpcr1_w1_req_p1up_flit,2,local,0,1,64,0,8,0,0,0,0
131,penv_cg_stn_wpcr1_w1_req_p1up_flit,2,local,0,1,64,0,9,0,0,0,0
131,penv_cg_stn_wpcr1_w1_req_p1up_flit,2,local,0,1,64,0,10,0,0,0,0
131,penv_cg_stn_wpcr1_w1_req_p1up_flit,2,local,0,1,64,0,11,0,0,0,0
131,penv_cg_stn_wpcr1_w1_req_p1up_flit,2,local,0,1,64,0,12,0,0,0,0
131,penv_cg_stn_wpcr1_w1_req_p1up_flit,2,local,0,1,64,0,13,0,0,0,0
131,penv_cg_stn_wpcr1_w1_req_p1up_flit,2,local,0,1,64,0,14,0,0,0,0
131,penv_cg_stn_wpcr1_w1_req_p1up_flit,2,local,0,1,64,0,15,0,0,0,0
132,penv_cg_stn_wpcr1_w1_req_p1up_flit,2,put,0,1,64,0,0,0,0,0,0
132,penv_cg_stn_wpcr1_w1_req_p1up_flit,2,put,0,1,64,0,1,0,0,0,0
132,penv_cg_stn_wpcr1_w1_req_p1up_flit,2,put,0,1,64,0,2,0,0,0,0
132,penv_cg_stn_wpcr1_w1_req_p1up_flit,2,put,0,1,64,0,3,0,0,0,0
132,penv_cg_stn_wpcr1_w1_req_p1up_flit,2,put,0,1,64,0,4,0,0,0,0
132,penv_cg_stn_wpcr1_w1_req_p1up_flit,2,put,0,1,64,0,5,0,0,0,0
132,penv_cg_stn_wpcr1_w1_req_p1up_flit,2,put,0,1,64,0,6,0,0,0,0
132,penv_cg_stn_wpcr1_w1_req_p1up_flit,2,put,0,1,64,0,7,0,0,0,0
132,penv_cg_stn_wpcr1_w1_req_p1up_flit,2,put,0,1,64,0,8,0,0,0,0
132,penv_cg_stn_wpcr1_w1_req_p1up_flit,2,put,0,1,64,0,9,0,0,0,0
132,penv_cg_stn_wpcr1_w1_req_p1up_flit,2,put,0,1,64,0,10,0,0,0,0
132,penv_cg_stn_wpcr1_w1_req_p1up_flit,2,put,0,1,64,0,11,0,0,0,0
132,penv_cg_stn_wpcr1_w1_req_p1up_flit,2,put,0,1,64,0,12,0,0,0,0
132,penv_cg_stn_wpcr1_w1_req_p1up_flit,2,put,0,1,64,0,13,0,0,0,0
132,penv_cg_stn_wpcr1_w1_req_p1up_flit,2,put,0,1,64,0,14,0,0,0,0
132,penv_cg_stn_wpcr1_w1_req_p1up_flit,2,put,0,1,64,0,15,0,0,0,0
133,penv_cg_stn_wpcr1_w1_req_p1up_flit,1,put,1,2,64,0,0,0,0,0,0
133,penv_cg_stn_wpcr1_w1_req_p1up_flit,1,put,1,2,64,0,1,0,0,0,0
133,penv_cg_stn_wpcr1_w1_req_p1up_flit,1,put,1,2,64,0,2,0,0,0,0
133,penv_cg_stn_wpcr1_w1_req_p1up_flit,1,put,1,2,64,0,3,0,0,0,0
133,penv_cg_stn_wpcr1_w1_req_p1up_flit,1,put,1,2,64,0,4,0,0,0,0
133,penv_cg_stn_wpcr1_w1_req_p1up_flit,1,put,1,2,64,0,5,0,0,0,0
133,penv_cg_stn_wpcr1_w1_req_p1up_flit,1,put,1,2,64,0,6,0,0,0,0
133,penv_cg_stn_wpcr1_w1_req_p1up_flit,1,put,1,2,64,0,7,0,0,0,0
133,penv_cg_stn_wpcr1_w1_req_p1up_flit,1,put,1,2,64,0,8,0,0,0,0
133,penv_cg_stn_wpcr1_w1_req_p1up_flit,1,put,1,2,64,0,9,0,0,0,0
133,penv_cg_stn_wpcr1_w1_req_p1up_flit,1,put,1,2,64,0,10,0,0,0,0
133,penv_cg_stn_wpcr1_w1_req_p1up_flit,1,put,1,2,64,0,11,0,0,0,0
133,penv_cg_stn_wpcr1_w1_req_p1up_flit,1,put,1,2,64,0,12,0,0,0,0
133,penv_cg_stn_wpcr1_w1_req_p1up_flit,1,put,1,2,64,0,13,0,0,0,0
133,penv_cg_stn_wpcr1_w1_req_p1up_flit,1,put,1,2,64,0,14,0,0,0,0
133,penv_cg_stn_wpcr1_w1_req_p1up_flit,1,put,1,2,64,0,15,0,0,0,0
134,penv_cg_stn_wpcr1_w1_req_p1up_flit,1,local,1,2,64,0,0,0,0,0,0
134,penv_cg_stn_wpcr1_w1_req_p1up_flit,1,local,1,2,64,0,1,0,0,0,0
134,penv_cg_stn_wpcr1_w1_req_p1up_flit,1,local,1,2,64,0,2,0,0,0,0
134,penv_cg_stn_wpcr1_w1_req_p1up_flit,1,local,1,2,64,0,3,0,0,0,0
134,penv_cg_stn_wpcr1_w1_req_p1up_flit,1,local,1,2,64,0,4,0,0,0,0
134,penv_cg_stn_wpcr1_w1_req_p1up_flit,1,local,1,2,64,0,5,0,0,0,0
134,penv_cg_stn_wpcr1_w1_req_p1up_flit,1,local,1,2,64,0,6,0,0,0,0
134,penv_cg_stn_wpcr1_w1_req_p1up_flit,1,local,1,2,64,0,7,0,0,0,0
134,penv_cg_stn_wpcr1_w1_req_p1up_flit,1,local,1,2,64,0,8,0,0,0,0
134,penv_cg_stn_wpcr1_w1_req_p1up_flit,1,local,1,2,64,0,9,0,0,0,0
134,penv_cg_stn_wpcr1_w1_req_p1up_flit,1,local,1,2,64,0,10,0,0,0,0
134,penv_cg_stn_wpcr1_w1_req_p1up_flit,1,local,1,2,64,0,11,0,0,0,0
134,penv_cg_stn_wpcr1_w1_req_p1up_flit,1,local,1,2,64,0,12,0,0,0,0
134,penv_cg_stn_wpcr1_w1_req_p1up_flit,1,local,1,2,64,0,13,0,0,0,0
134,penv_cg_stn_wpcr1_w1_req_p1up_flit,1,local,1,2,64,0,14,0,0,0,0
134,penv_cg_stn_wpcr1_w1_req_p1up_flit,1,local,1,2,64,0,15,0,0,0,0
135,penv_cg_stn_wpcr1_w1_req_p1up_flit,1,put,1,2,64,64,0,0,0,0,0
135,penv_cg_stn_wpcr1_w1_req_p1up_flit,1,put,1,2,64,64,1,0,0,0,0
135,penv_cg_stn_wpcr1_w1_req_p1up_flit,1,put,1,2,64,64,2,0,0,0,0
135,penv_cg_stn_wpcr1_w1_req_p1up_flit,1,put,1,2,64,64,3,0,0,0,0
135,penv_cg_stn_wpcr1_w1_req_p1up_flit,1,put,1,2,64,64,4,0,0,0,0
135,penv_cg_stn_wpcr1_w1_req_p1up_flit,1,put,1,2,64,64,5,0,0,0,0
135,penv_cg_stn_wpcr1_w1_req_p1up_flit,1,put,1,2,64,64,6,0,0,0,0
135,penv_cg_stn_wpcr1_w1_req_p1up_flit,1,put,1,2,64,64,7,0,0,0,0
135,penv_cg_stn_wpcr1_w1_req_p1up_flit,1,put,1,2,64,64,8,0,0,0,0
135,penv_cg_stn_wpcr1_w1_req_p1up_flit,1,put,1,2,64,64,9,0,0,0,0
135,penv_cg_stn_wpcr1_w1_req_p1up_flit,1,put,1,2,64,64,10,0,0,0,0
135,penv_cg_stn_wpcr1_w1_req_p1up_flit,1,put,1,2,64,64,11,0,0,0,0
135,penv_cg_stn_wpcr1_w1_req_p1up_flit,1,put,1,2,64,64,12,0,0,0,0
135,penv_cg_stn_wpcr1_w1_req_p1up_flit,1,put,1,2,64,64,13,0,0,0,0
135,penv_cg_stn_wpcr1_w1_req_p1up_flit,1,put,1,2,64,64,14,0,0,0,0
135,penv_cg_stn_wpcr1_w1_req_p1up_flit,1,put,1,2,64,64,15,0,0,0,0
136,penv_cg_stn_wpcr1_w1_req_p1up_flit,1,local,1,2,64,64,0,0,0,0,0
136,penv_cg_stn_wpcr1_w1_req_p1up_flit,1,local,1,2,64,64,1,0,0,0,0
136,penv_cg_stn_wpcr1_w1_req_p1up_flit,1,local,1,2,64,64,2,0,0,0,0
136,penv_cg_stn_wpcr1_w1_req_p1up_flit,1,local,1,2,64,64,3,0,0,0,0
136,penv_cg_stn_wpcr1_w1_req_p1up_flit,1,local,1,2,64,64,4,0,0,0,0
136,penv_cg_stn_wpcr1_w1_req_p1up_flit,1,local,1,2,64,64,5,0,0,0,0
136,penv_cg_stn_wpcr1_w1_req_p1up_flit,1,local,1,2,64,64,6,0,0,0,0
136,penv_cg_stn_wpcr1_w1_req_p1up_flit,1,local,1,2,64,64,7,0,0,0,0
136,penv_cg_stn_wpcr1_w1_req_p1up_flit,1,local,1,2,64,64,8,0,0,0,0
136,penv_cg_stn_wpcr1_w1_req_p1up_flit,1,local,1,2,64,64,9,0,0,0,0
136,penv_cg_stn_wpcr1_w1_req_p1up_flit,1,local,1,2,64,64,10,0,0,0,0
136,penv_cg_stn_wpcr1_w1_req_p1up_flit,1,local,1,2,64,64,11,0,0,0,0
136,penv_cg_stn_wpcr1_w1_req_p1up_flit,1,local,1,2,64,64,12,0,0,0,0
136,penv_cg_stn_wpcr1_w1_req_p1up_flit,1,local,1,2,64,64,13,0,0,0,0
136,penv_cg_stn_wpcr1_w1_req_p1up_flit,1,local,1,2,64,64,14,0,0,0,0
136,penv_cg_stn_wpcr1_w1_req_p1up_flit,1,local,1,2,64,64,15,0,0,0,0
137,penv_cg_stn_wpcr1_w1_req_p1up_flit,1,put,1,2,64,256,0,0,0,0,0
137,penv_cg_stn_wpcr1_w1_req_p1up_flit,1,put,1,2,64,256,1,0,0,0,0
137,penv_cg_stn_wpcr1_w1_req_p1up_flit,1,put,1,2,64,256,2,0,0,0,0
137,penv_cg_stn_wpcr1_w1_req_p1up_flit,1,put,1,2,64,256,3,0,0,0,0
137,penv_cg_stn_wpcr1_w1_req_p1up_flit,1,put,1,2,64,256,4,0,0,0,0
137,penv_cg_stn_wpcr1_w1_req_p1up_flit,1,put,1,2,64,256,5,0,0,0,0
137,penv_cg_stn_wpcr1_w1_req_p1up_flit,1,put,1,2,64,256,6,0,0,0,0
137,penv_cg_stn_wpcr1_w1_req_p1up_flit,1,put,1,2,64,256,7,0,0,0,0
137,penv_cg_stn_wpcr1_w1_req_p1up_flit,1,put,1,2,64,256,8,0,0,0,0
137,penv_cg_stn_wpcr1_w1_req_p1up_flit,1,put,1,2,64,256,9,0,0,0,0
137,penv_cg_stn_wpcr1_w1_req_p1up_flit,1,put,1,2,64,256,10,0,0,0,0
137,penv_cg_stn_wpcr1_w1_req_p1up_flit,1,put,1,2,64,256,11,0,0,0,0
137,penv_cg_stn_wpcr1_w1_req_p1up_flit,1,put,1,2,64,256,12,0,0,0,0
137,penv_cg_stn_wpcr1_w1_req_p1up_flit,1,put,1,2,64,256,13,0,0,0,0
137,penv_cg_stn_wpcr1_w1_req_p1up_flit,1,put,1,2,64,256,14,0,0,0,0
137,penv_cg_stn_wpcr1_w1_req_p1up_flit,1,put,1,2,64,256,15,0,0,0,0
138,penv_cg_stn_wpcr1_w1_req_p1up_flit,1,local,1,2,64,256,0,0,0,0,0
138,penv_cg_stn_wpcr1_w1_req_p1up_flit,1,local,1,2,64,256,1,0,0,0,0
138,penv_cg_stn_wpcr1_w1_req_p1up_flit,1,local,1,2,64,256,2,0,0,0,0
138,penv_cg_stn_wpcr1_w1_req_p1up_flit,1,local,1,2,64,256,3,0,0,0,0
138,penv_cg_stn_wpcr1_w1_req_p1up_flit,1,local,1,2,64,256,4,0,0,0,0
138,penv_cg_stn_wpcr1_w1_req_p1up_flit,1,local,1,2,64,256,5,0,0,0,0
138,penv_cg_stn_wpcr1_w1_req_p1up_flit,1,local,1,2,64,256,6,0,0,0,0
138,penv_cg_stn_wpcr1_w1_req_p1up_flit,1,local,1,2,64,256,7,0,0,0,0
138,penv_cg_stn_wpcr1_w1_req_p1up_flit,1,local,1,2,64,256,8,0,0,0,0
138,penv_cg_stn_wpcr1_w1_req_p1up_flit,1,local,1,2,64,256,9,0,0,0,0
138,penv_cg_stn_wpcr1_w1_req_p1up_flit,1,local,1,2,64,256,10,0,0,0,0
138,penv_cg_stn_wpcr1_w1_req_p1up_flit,1,local,1,2,64,256,11,0,0,0,0
138,penv_cg_stn_wpcr1_w1_req_p1up_flit,1,local,1,2,64,256,12,0,0,0,0
138,penv_cg_stn_wpcr1_w1_req_p1up_flit,1,local,1,2,64,256,13,0,0,0,0
138,penv_cg_stn_wpcr1_w1_req_p1up_flit,1,local,1,2,64,256,14,0,0,0,0
138,penv_cg_stn_wpcr1_w1_req_p1up_flit,1,local,1,2,64,256,15,0,0,0,0
139,penv_cg_stn_wpcr1_w1_req_p1up_flit,2,local,1,2,64,256,0,0,0,0,0
139,penv_cg_stn_wpcr1_w1_req_p1up_flit,2,local,1,2,64,256,1,0,0,0,0
139,penv_cg_stn_wpcr1_w1_req_p1up_flit,2,local,1,2,64,256,2,0,0,0,0
139,penv_cg_stn_wpcr1_w1_req_p1up_flit,2,local,1,2,64,256,3,0,0,0,0
139,penv_cg_stn_wpcr1_w1_req_p1up_flit,2,local,1,2,64,256,4,0,0,0,0
139,penv_cg_stn_wpcr1_w1_req_p1up_flit,2,local,1,2,64,256,5,0,0,0,0
139,penv_cg_stn_wpcr1_w1_req_p1up_flit,2,local,1,2,64,256,6,0,0,0,0
139,penv_cg_stn_wpcr1_w1_req_p1up_flit,2,local,1,2,64,256,7,0,0,0,0
139,penv_cg_stn_wpcr1_w1_req_p1up_flit,2,local,1,2,64,256,8,0,0,0,0
139,penv_cg_stn_wpcr1_w1_req_p1up_flit,2,local,1,2,64,256,9,0,0,0,0
139,penv_cg_stn_wpcr1_w1_req_p1up_flit,2,local,1,2,64,256,10,0,0,0,0
139,penv_cg_stn_wpcr1_w1_req_p1up_flit,2,local,1,2,64,256,11,0,0,0,0
139,penv_cg_stn_wpcr1_w1_req_p1up_flit,2,local,1,2,64,256,12,0,0,0,0
139,penv_cg_stn_wpcr1_w1_req_p1up_flit,2,local,1,2,64,256,13,0,0,0,0
139,penv_cg_stn_wpcr1_w1_req_p1up_flit,2,local,1,2,64,256,14,0,0,0,0
139,penv_cg_stn_wpcr1_w1_req_p1up_flit,2,local,1,2,64,256,15,0,0,0,0
140,penv_cg_stn_wpcr1_w1_req_p1up_flit,2,put,1,2,64,256,0,0,0,0,0
140,penv_cg_stn_wpcr1_w1_req_p1up_flit,2,put,1,2,64,256,1,0,0,0,0
140,penv_cg_stn_wpcr1_w1_req_p1up_flit,2,put,1,2,64,256,2,0,0,0,0
140,penv_cg_stn_wpcr1_w1_req_p1up_flit,2,put,1,2,64,256,3,0,0,0,0
140,penv_cg_stn_wpcr1_w1_req_p1up_flit,2,put,1,2,64,256,4,0,0,0,0
140,penv_cg_stn_wpcr1_w1_req_p1up_flit,2,put,1,2,64,256,5,0,0,0,0
140,penv_cg_stn_wpcr1_w1_req_p1up_flit,2,put,1,2,64,256,6,0,0,0,0
140,penv_cg_stn_wpcr1_w1_req_p1up_flit,2,put,1,2,64,256,7,0,0,0,0
140,penv_cg_stn_wpcr1_w1_req_p1up_flit,2,put,1,2,64,256,8,0,0,0,0
140,penv_cg_stn_wpcr1_w1_req_p1up_flit,2,put,1,2,64,256,9,0,0,0,0
140,penv_cg_stn_wpcr1_w1_req_p1up_flit,2,put,1,2,64,256,10,0,0,0,0
140,penv_cg_stn_wpcr1_w1_req_p1up_flit,2,put,1,2,64,256,11,0,0,0,0
140,penv_cg_stn_wpcr1_w1_req_p1up_flit,2,put,1,2,64,256,12,0,0,0,0
140,penv_cg_stn_wpcr1_w1_req_p1up_flit,2,put,1,2,64,256,13,0,0,0,0
140,penv_cg_stn_wpcr1_w1_req_p1up_flit,2,put,1,2,64,256,14,0,0,0,0
140,penv_cg_stn_wpcr1_w1_req_p1up_flit,2,put,1,2,64,256,15,0,0,0,0
141,penv_cg_stn_wpcr1_w1_req_p1up_flit,2,local,1,2,64,64,0,0,0,0,0
141,penv_cg_stn_wpcr1_w1_req_p1up_flit,2,local,1,2,64,64,1,0,0,0,0
141,penv_cg_stn_wpcr1_w1_req_p1up_flit,2,local,1,2,64,64,2,0,0,0,0
141,penv_cg_stn_wpcr1_w1_req_p1up_flit,2,local,1,2,64,64,3,0,0,0,0
141,penv_cg_stn_wpcr1_w1_req_p1up_flit,2,local,1,2,64,64,4,0,0,0,0
141,penv_cg_stn_wpcr1_w1_req_p1up_flit,2,local,1,2,64,64,5,0,0,0,0
141,penv_cg_stn_wpcr1_w1_req_p1up_flit,2,local,1,2,64,64,6,0,0,0,0
141,penv_cg_stn_wpcr1_w1_req_p1up_flit,2,local,1,2,64,64,7,0,0,0,0
141,penv_cg_stn_wpcr1_w1_req_p1up_flit,2,local,1,2,64,64,8,0,0,0,0
141,penv_cg_stn_wpcr1_w1_req_p1up_flit,2,local,1,2,64,64,9,0,0,0,0
141,penv_cg_stn_wpcr1_w1_req_p1up_flit,2,local,1,2,64,64,10,0,0,0,0
141,penv_cg_stn_wpcr1_w1_req_p1up_flit,2,local,1,2,64,64,11,0,0,0,0
141,penv_cg_stn_wpcr1_w1_req_p1up_flit,2,local,1,2,64,64,12,0,0,0,0
141,penv_cg_stn_wpcr1_w1_req_p1up_flit,2,local,1,2,64,64,13,0,0,0,0
141,penv_cg_stn_wpcr1_w1_req_p1up_flit,2,local,1,2,64,64,14,0,0,0,0
141,penv_cg_stn_wpcr1_w1_req_p1up_flit,2,local,1,2,64,64,15,0,0,0,0
142,penv_cg_stn_wpcr1_w1_req_p1up_flit,2,put,1,2,64,64,0,0,0,0,0
142,penv_cg_stn_wpcr1_w1_req_p1up_flit,2,put,1,2,64,64,1,0,0,0,0
142,penv_cg_stn_wpcr1_w1_req_p1up_flit,2,put,1,2,64,64,2,0,0,0,0
142,penv_cg_stn_wpcr1_w1_req_p1up_flit,2,put,1,2,64,64,3,0,0,0,0
142,penv_cg_stn_wpcr1_w1_req_p1up_flit,2,put,1,2,64,64,4,0,0,0,0
142,penv_cg_stn_wpcr1_w1_req_p1up_flit,2,put,1,2,64,64,5,0,0,0,0
142,penv_cg_stn_wpcr1_w1_req_p1up_flit,2,put,1,2,64,64,6,0,0,0,0
142,penv_cg_stn_wpcr1_w1_req_p1up_flit,2,put,1,2,64,64,7,0,0,0,0
142,penv_cg_stn_wpcr1_w1_req_p1up_flit,2,put,1,2,64,64,8,0,0,0,0
142,penv_cg_stn_wpcr1_w1_req_p1up_flit,2,put,1,2,64,64,9,0,0,0,0
142,penv_cg_stn_wpcr1_w1_req_p1up_flit,2,put,1,2,64,64,10,0,0,0,0
142,penv_cg_stn_wpcr1_w1_req_p1up_flit,2,put,1,2,64,64,11,0,0,0,0
142,penv_cg_stn_wpcr1_w1_req_p1up_flit,2,put,1,2,64,64,12,0,0,0,0
142,penv_cg_stn_wpcr1_w1_req_p1up_flit,2,put,1,2,64,64,13,0,0,0,0
142,penv_cg_stn_wpcr1_w1_req_p1up_flit,2,put,1,2,64,64,14,0,0,0,0
142,penv_cg_stn_wpcr1_w1_req_p1up_flit,2,put,1,2,64,64,15,0,0,0,0
143,penv_cg_stn_wpcr1_w1_req_p1up_flit,2,local,1,2,64,0,0,0,0,0,0
143,penv_cg_stn_wpcr1_w1_req_p1up_flit,2,local,1,2,64,0,1,0,0,0,0
143,penv_cg_stn_wpcr1_w1_req_p1up_flit,2,local,1,2,64,0,2,0,0,0,0
143,penv_cg_stn_wpcr1_w1_req_p1up_flit,2,local,1,2,64,0,3,0,0,0,0
143,penv_cg_stn_wpcr1_w1_req_p1up_flit,2,local,1,2,64,0,4,0,0,0,0
143,penv_cg_stn_wpcr1_w1_req_p1up_flit,2,local,1,2,64,0,5,0,0,0,0
143,penv_cg_stn_wpcr1_w1_req_p1up_flit,2,local,1,2,64,0,6,0,0,0,0
143,penv_cg_stn_wpcr1_w1_req_p1up_flit,2,local,1,2,64,0,7,0,0,0,0
143,penv_cg_stn_wpcr1_w1_req_p1up_flit,2,local,1,2,64,0,8,0,0,0,0
143,penv_cg_stn_wpcr1_w1_req_p1up_flit,2,local,1,2,64,0,9,0,0,0,0
143,penv_cg_stn_wpcr1_w1_req_p1up_flit,2,local,1,2,64,0,10,0,0,0,0
143,penv_cg_stn_wpcr1_w1_req_p1up_flit,2,local,1,2,64,0,11,0,0,0,0
143,penv_cg_stn_wpcr1_w1_req_p1up_flit,2,local,1,2,64,0,12,0,0,0,0
143,penv_cg_stn_wpcr1_w1_req_p1up_flit,2,local,1,2,64,0,13,0,0,0,0
143,penv_cg_stn_wpcr1_w1_req_p1up_flit,2,local,1,2,64,0,14,0,0,0,0
143,penv_cg_stn_wpcr1_w1_req_p1up_flit,2,local,1,2,64,0,15,0,0,0,0
144,penv_cg_stn_wpcr1_w1_req_p1up_flit,2,put,1,2,64,0,0,0,0,0,0
144,penv_cg_stn_wpcr1_w1_req_p1up_flit,2,put,1,2,64,0,1,0,0,0,0
144,penv_cg_stn_wpcr1_w1_req_p1up_flit,2,put,1,2,64,0,2,0,0,0,0
144,penv_cg_stn_wpcr1_w1_req_p1up_flit,2,put,1,2,64,0,3,0,0,0,0
144,penv_cg_stn_wpcr1_w1_req_p1up_flit,2,put,1,2,64,0,4,0,0,0,0
144,penv_cg_stn_wpcr1_w1_req_p1up_flit,2,put,1,2,64,0,5,0,0,0,0
144,penv_cg_stn_wpcr1_w1_req_p1up_flit,2,put,1,2,64,0,6,0,0,0,0
144,penv_cg_stn_wpcr1_w1_req_p1up_flit,2,put,1,2,64,0,7,0,0,0,0
144,penv_cg_stn_wpcr1_w1_req_p1up_flit,2,put,1,2,64,0,8,0,0,0,0
144,penv_cg_stn_wpcr1_w1_req_p1up_flit,2,put,1,2,64,0,9,0,0,0,0
144,penv_cg_stn_wpcr1_w1_req_p1up_flit,2,put,1,2,64,0,10,0,0,0,0
144,penv_cg_stn_wpcr1_w1_req_p1up_flit,2,put,1,2,64,0,11,0,0,0,0
144,penv_cg_stn_wpcr1_w1_req_p1up_flit,2,put,1,2,64,0,12,0,0,0,0
144,penv_cg_stn_wpcr1_w1_req_p1up_flit,2,put,1,2,64,0,13,0,0,0,0
144,penv_cg_stn_wpcr1_w1_req_p1up_flit,2,put,1,2,64,0,14,0,0,0,0
144,penv_cg_stn_wpcr1_w1_req_p1up_flit,2,put,1,2,64,0,15,0,0,0,0
145,penv_cg_stn_epcr1_e1_req_p1up_flit,1,put,0,1,64,0,0,0,0,0,0
145,penv_cg_stn_epcr1_e1_req_p1up_flit,1,put,0,1,64,0,1,0,0,0,0
145,penv_cg_stn_epcr1_e1_req_p1up_flit,1,put,0,1,64,0,2,0,0,0,0
145,penv_cg_stn_epcr1_e1_req_p1up_flit,1,put,0,1,64,0,3,0,0,0,0
145,penv_cg_stn_epcr1_e1_req_p1up_flit,1,put,0,1,64,0,4,0,0,0,0
145,penv_cg_stn_epcr1_e1_req_p1up_flit,1,put,0,1,64,0,5,0,0,0,0
145,penv_cg_stn_epcr1_e1_req_p1up_flit,1,put,0,1,64,0,6,0,0,0,0
145,penv_cg_stn_epcr1_e1_req_p1up_flit,1,put,0,1,64,0,7,0,0,0,0
145,penv_cg_stn_epcr1_e1_req_p1up_flit,1,put,0,1,64,0,8,0,0,0,0
145,penv_cg_stn_epcr1_e1_req_p1up_flit,1,put,0,1,64,0,9,0,0,0,0
145,penv_cg_stn_epcr1_e1_req_p1up_flit,1,put,0,1,64,0,10,0,0,0,0
145,penv_cg_stn_epcr1_e1_req_p1up_flit,1,put,0,1,64,0,11,0,0,0,0
145,penv_cg_stn_epcr1_e1_req_p1up_flit,1,put,0,1,64,0,12,0,0,0,0
145,penv_cg_stn_epcr1_e1_req_p1up_flit,1,put,0,1,64,0,13,0,0,0,0
145,penv_cg_stn_epcr1_e1_req_p1up_flit,1,put,0,1,64,0,14,0,0,0,0
145,penv_cg_stn_epcr1_e1_req_p1up_flit,1,put,0,1,64,0,15,0,0,0,0
146,penv_cg_stn_epcr1_e1_req_p1up_flit,1,local,0,1,64,0,0,0,0,0,0
146,penv_cg_stn_epcr1_e1_req_p1up_flit,1,local,0,1,64,0,1,0,0,0,0
146,penv_cg_stn_epcr1_e1_req_p1up_flit,1,local,0,1,64,0,2,0,0,0,0
146,penv_cg_stn_epcr1_e1_req_p1up_flit,1,local,0,1,64,0,3,0,0,0,0
146,penv_cg_stn_epcr1_e1_req_p1up_flit,1,local,0,1,64,0,4,0,0,0,0
146,penv_cg_stn_epcr1_e1_req_p1up_flit,1,local,0,1,64,0,5,0,0,0,0
146,penv_cg_stn_epcr1_e1_req_p1up_flit,1,local,0,1,64,0,6,0,0,0,0
146,penv_cg_stn_epcr1_e1_req_p1up_flit,1,local,0,1,64,0,7,0,0,0,0
146,penv_cg_stn_epcr1_e1_req_p1up_flit,1,local,0,1,64,0,8,0,0,0,0
146,penv_cg_stn_epcr1_e1_req_p1up_flit,1,local,0,1,64,0,9,0,0,0,0
146,penv_cg_stn_epcr1_e1_req_p1up_flit,1,local,0,1,64,0,10,0,0,0,0
146,penv_cg_stn_epcr1_e1_req_p1up_flit,1,local,0,1,64,0,11,0,0,0,0
146,penv_cg_stn_epcr1_e1_req_p1up_flit,1,local,0,1,64,0,12,0,0,0,0
146,penv_cg_stn_epcr1_e1_req_p1up_flit,1,local,0,1,64,0,13,0,0,0,0
146,penv_cg_stn_epcr1_e1_req_p1up_flit,1,local,0,1,64,0,14,0,0,0,0
146,penv_cg_stn_epcr1_e1_req_p1up_flit,1,local,0,1,64,0,15,0,0,0,0
147,penv_cg_stn_epcr1_e1_req_p1up_flit,1,put,0,1,64,64,0,0,0,0,0
147,penv_cg_stn_epcr1_e1_req_p1up_flit,1,put,0,1,64,64,1,0,0,0,0
147,penv_cg_stn_epcr1_e1_req_p1up_flit,1,put,0,1,64,64,2,0,0,0,0
147,penv_cg_stn_epcr1_e1_req_p1up_flit,1,put,0,1,64,64,3,0,0,0,0
147,penv_cg_stn_epcr1_e1_req_p1up_flit,1,put,0,1,64,64,4,0,0,0,0
147,penv_cg_stn_epcr1_e1_req_p1up_flit,1,put,0,1,64,64,5,0,0,0,0
147,penv_cg_stn_epcr1_e1_req_p1up_flit,1,put,0,1,64,64,6,0,0,0,0
147,penv_cg_stn_epcr1_e1_req_p1up_flit,1,put,0,1,64,64,7,0,0,0,0
147,penv_cg_stn_epcr1_e1_req_p1up_flit,1,put,0,1,64,64,8,0,0,0,0
147,penv_cg_stn_epcr1_e1_req_p1up_flit,1,put,0,1,64,64,9,0,0,0,0
147,penv_cg_stn_epcr1_e1_req_p1up_flit,1,put,0,1,64,64,10,0,0,0,0
147,penv_cg_stn_epcr1_e1_req_p1up_flit,1,put,0,1,64,64,11,0,0,0,0
147,penv_cg_stn_epcr1_e1_req_p1up_flit,1,put,0,1,64,64,12,0,0,0,0
147,penv_cg_stn_epcr1_e1_req_p1up_flit,1,put,0,1,64,64,13,0,0,0,0
147,penv_cg_stn_epcr1_e1_req_p1up_flit,1,put,0,1,64,64,14,0,0,0,0
147,penv_cg_stn_epcr1_e1_req_p1up_flit,1,put,0,1,64,64,15,0,0,0,0
148,penv_cg_stn_epcr1_e1_req_p1up_flit,1,local,0,1,64,64,0,0,0,0,0
148,penv_cg_stn_epcr1_e1_req_p1up_flit,1,local,0,1,64,64,1,0,0,0,0
148,penv_cg_stn_epcr1_e1_req_p1up_flit,1,local,0,1,64,64,2,0,0,0,0
148,penv_cg_stn_epcr1_e1_req_p1up_flit,1,local,0,1,64,64,3,0,0,0,0
148,penv_cg_stn_epcr1_e1_req_p1up_flit,1,local,0,1,64,64,4,0,0,0,0
148,penv_cg_stn_epcr1_e1_req_p1up_flit,1,local,0,1,64,64,5,0,0,0,0
148,penv_cg_stn_epcr1_e1_req_p1up_flit,1,local,0,1,64,64,6,0,0,0,0
148,penv_cg_stn_epcr1_e1_req_p1up_flit,1,local,0,1,64,64,7,0,0,0,0
148,penv_cg_stn_epcr1_e1_req_p1up_flit,1,local,0,1,64,64,8,0,0,0,0
148,penv_cg_stn_epcr1_e1_req_p1up_flit,1,local,0,1,64,64,9,0,0,0,0
148,penv_cg_stn_epcr1_e1_req_p1up_flit,1,local,0,1,64,64,10,0,0,0,0
148,penv_cg_stn_epcr1_e1_req_p1up_flit,1,local,0,1,64,64,11,0,0,0,0
148,penv_cg_stn_epcr1_e1_req_p1up_flit,1,local,0,1,64,64,12,0,0,0,0
148,penv_cg_stn_epcr1_e1_req_p1up_flit,1,local,0,1,64,64,13,0,0,0,0
148,penv_cg_stn_epcr1_e1_req_p1up_flit,1,local,0,1,64,64,14,0,0,0,0
148,penv_cg_stn_epcr1_e1_req_p1up_flit,1,local,0,1,64,64,15,0,0,0,0
149,penv_cg_stn_epcr1_e1_req_p1up_flit,1,put,0,1,64,256,0,0,0,0,0
149,penv_cg_stn_epcr1_e1_req_p1up_flit,1,put,0,1,64,256,1,0,0,0,0
149,penv_cg_stn_epcr1_e1_req_p1up_flit,1,put,0,1,64,256,2,0,0,0,0
149,penv_cg_stn_epcr1_e1_req_p1up_flit,1,put,0,1,64,256,3,0,0,0,0
149,penv_cg_stn_epcr1_e1_req_p1up_flit,1,put,0,1,64,256,4,0,0,0,0
149,penv_cg_stn_epcr1_e1_req_p1up_flit,1,put,0,1,64,256,5,0,0,0,0
149,penv_cg_stn_epcr1_e1_req_p1up_flit,1,put,0,1,64,256,6,0,0,0,0
149,penv_cg_stn_epcr1_e1_req_p1up_flit,1,put,0,1,64,256,7,0,0,0,0
149,penv_cg_stn_epcr1_e1_req_p1up_flit,1,put,0,1,64,256,8,0,0,0,0
149,penv_cg_stn_epcr1_e1_req_p1up_flit,1,put,0,1,64,256,9,0,0,0,0
149,penv_cg_stn_epcr1_e1_req_p1up_flit,1,put,0,1,64,256,10,0,0,0,0
149,penv_cg_stn_epcr1_e1_req_p1up_flit,1,put,0,1,64,256,11,0,0,0,0
149,penv_cg_stn_epcr1_e1_req_p1up_flit,1,put,0,1,64,256,12,0,0,0,0
149,penv_cg_stn_epcr1_e1_req_p1up_flit,1,put,0,1,64,256,13,0,0,0,0
149,penv_cg_stn_epcr1_e1_req_p1up_flit,1,put,0,1,64,256,14,0,0,0,0
149,penv_cg_stn_epcr1_e1_req_p1up_flit,1,put,0,1,64,256,15,0,0,0,0
150,penv_cg_stn_epcr1_e1_req_p1up_flit,1,local,0,1,64,256,0,0,0,0,0
150,penv_cg_stn_epcr1_e1_req_p1up_flit,1,local,0,1,64,256,1,0,0,0,0
150,penv_cg_stn_epcr1_e1_req_p1up_flit,1,local,0,1,64,256,2,0,0,0,0
150,penv_cg_stn_epcr1_e1_req_p1up_flit,1,local,0,1,64,256,3,0,0,0,0
150,penv_cg_stn_epcr1_e1_req_p1up_flit,1,local,0,1,64,256,4,0,0,0,0
150,penv_cg_stn_epcr1_e1_req_p1up_flit,1,local,0,1,64,256,5,0,0,0,0
150,penv_cg_stn_epcr1_e1_req_p1up_flit,1,local,0,1,64,256,6,0,0,0,0
150,penv_cg_stn_epcr1_e1_req_p1up_flit,1,local,0,1,64,256,7,0,0,0,0
150,penv_cg_stn_epcr1_e1_req_p1up_flit,1,local,0,1,64,256,8,0,0,0,0
150,penv_cg_stn_epcr1_e1_req_p1up_flit,1,local,0,1,64,256,9,0,0,0,0
150,penv_cg_stn_epcr1_e1_req_p1up_flit,1,local,0,1,64,256,10,0,0,0,0
150,penv_cg_stn_epcr1_e1_req_p1up_flit,1,local,0,1,64,256,11,0,0,0,0
150,penv_cg_stn_epcr1_e1_req_p1up_flit,1,local,0,1,64,256,12,0,0,0,0
150,penv_cg_stn_epcr1_e1_req_p1up_flit,1,local,0,1,64,256,13,0,0,0,0
150,penv_cg_stn_epcr1_e1_req_p1up_flit,1,local,0,1,64,256,14,0,0,0,0
150,penv_cg_stn_epcr1_e1_req_p1up_flit,1,local,0,1,64,256,15,0,0,0,0
151,penv_cg_stn_epcr1_e1_req_p1up_flit,2,local,0,1,64,256,0,0,0,0,0
151,penv_cg_stn_epcr1_e1_req_p1up_flit,2,local,0,1,64,256,1,0,0,0,0
151,penv_cg_stn_epcr1_e1_req_p1up_flit,2,local,0,1,64,256,2,0,0,0,0
151,penv_cg_stn_epcr1_e1_req_p1up_flit,2,local,0,1,64,256,3,0,0,0,0
151,penv_cg_stn_epcr1_e1_req_p1up_flit,2,local,0,1,64,256,4,0,0,0,0
151,penv_cg_stn_epcr1_e1_req_p1up_flit,2,local,0,1,64,256,5,0,0,0,0
151,penv_cg_stn_epcr1_e1_req_p1up_flit,2,local,0,1,64,256,6,0,0,0,0
151,penv_cg_stn_epcr1_e1_req_p1up_flit,2,local,0,1,64,256,7,0,0,0,0
151,penv_cg_stn_epcr1_e1_req_p1up_flit,2,local,0,1,64,256,8,0,0,0,0
151,penv_cg_stn_epcr1_e1_req_p1up_flit,2,local,0,1,64,256,9,0,0,0,0
151,penv_cg_stn_epcr1_e1_req_p1up_flit,2,local,0,1,64,256,10,0,0,0,0
151,penv_cg_stn_epcr1_e1_req_p1up_flit,2,local,0,1,64,256,11,0,0,0,0
151,penv_cg_stn_epcr1_e1_req_p1up_flit,2,local,0,1,64,256,12,0,0,0,0
151,penv_cg_stn_epcr1_e1_req_p1up_flit,2,local,0,1,64,256,13,0,0,0,0
151,penv_cg_stn_epcr1_e1_req_p1up_flit,2,local,0,1,64,256,14,0,0,0,0
151,penv_cg_stn_epcr1_e1_req_p1up_flit,2,local,0,1,64,256,15,0,0,0,0
152,penv_cg_stn_epcr1_e1_req_p1up_flit,2,put,0,1,64,256,0,0,0,0,0
152,penv_cg_stn_epcr1_e1_req_p1up_flit,2,put,0,1,64,256,1,0,0,0,0
152,penv_cg_stn_epcr1_e1_req_p1up_flit,2,put,0,1,64,256,2,0,0,0,0
152,penv_cg_stn_epcr1_e1_req_p1up_flit,2,put,0,1,64,256,3,0,0,0,0
152,penv_cg_stn_epcr1_e1_req_p1up_flit,2,put,0,1,64,256,4,0,0,0,0
152,penv_cg_stn_epcr1_e1_req_p1up_flit,2,put,0,1,64,256,5,0,0,0,0
152,penv_cg_stn_epcr1_e1_req_p1up_flit,2,put,0,1,64,256,6,0,0,0,0
152,penv_cg_stn_epcr1_e1_req_p1up_flit,2,put,0,1,64,256,7,0,0,0,0
152,penv_cg_stn_epcr1_e1_req_p1up_flit,2,put,0,1,64,256,8,0,0,0,0
152,penv_cg_stn_epcr1_e1_req_p1up_flit,2,put,0,1,64,256,9,0,0,0,0
152,penv_cg_stn_epcr1_e1_req_p1up_flit,2,put,0,1,64,256,10,0,0,0,0
152,penv_cg_stn_epcr1_e1_req_p1up_flit,2,put,0,1,64,256,11,0,0,0,0
152,penv_cg_stn_epcr1_e1_req_p1up_flit,2,put,0,1,64,256,12,0,0,0,0
152,penv_cg_stn_epcr1_e1_req_p1up_flit,2,put,0,1,64,256,13,0,0,0,0
152,penv_cg_stn_epcr1_e1_req_p1up_flit,2,put,0,1,64,256,14,0,0,0,0
152,penv_cg_stn_epcr1_e1_req_p1up_flit,2,put,0,1,64,256,15,0,0,0,0
153,penv_cg_stn_epcr1_e1_req_p1up_flit,2,local,0,1,64,64,0,0,0,0,0
153,penv_cg_stn_epcr1_e1_req_p1up_flit,2,local,0,1,64,64,1,0,0,0,0
153,penv_cg_stn_epcr1_e1_req_p1up_flit,2,local,0,1,64,64,2,0,0,0,0
153,penv_cg_stn_epcr1_e1_req_p1up_flit,2,local,0,1,64,64,3,0,0,0,0
153,penv_cg_stn_epcr1_e1_req_p1up_flit,2,local,0,1,64,64,4,0,0,0,0
153,penv_cg_stn_epcr1_e1_req_p1up_flit,2,local,0,1,64,64,5,0,0,0,0
153,penv_cg_stn_epcr1_e1_req_p1up_flit,2,local,0,1,64,64,6,0,0,0,0
153,penv_cg_stn_epcr1_e1_req_p1up_flit,2,local,0,1,64,64,7,0,0,0,0
153,penv_cg_stn_epcr1_e1_req_p1up_flit,2,local,0,1,64,64,8,0,0,0,0
153,penv_cg_stn_epcr1_e1_req_p1up_flit,2,local,0,1,64,64,9,0,0,0,0
153,penv_cg_stn_epcr1_e1_req_p1up_flit,2,local,0,1,64,64,10,0,0,0,0
153,penv_cg_stn_epcr1_e1_req_p1up_flit,2,local,0,1,64,64,11,0,0,0,0
153,penv_cg_stn_epcr1_e1_req_p1up_flit,2,local,0,1,64,64,12,0,0,0,0
153,penv_cg_stn_epcr1_e1_req_p1up_flit,2,local,0,1,64,64,13,0,0,0,0
153,penv_cg_stn_epcr1_e1_req_p1up_flit,2,local,0,1,64,64,14,0,0,0,0
153,penv_cg_stn_epcr1_e1_req_p1up_flit,2,local,0,1,64,64,15,0,0,0,0
154,penv_cg_stn_epcr1_e1_req_p1up_flit,2,put,0,1,64,64,0,0,0,0,0
154,penv_cg_stn_epcr1_e1_req_p1up_flit,2,put,0,1,64,64,1,0,0,0,0
154,penv_cg_stn_epcr1_e1_req_p1up_flit,2,put,0,1,64,64,2,0,0,0,0
154,penv_cg_stn_epcr1_e1_req_p1up_flit,2,put,0,1,64,64,3,0,0,0,0
154,penv_cg_stn_epcr1_e1_req_p1up_flit,2,put,0,1,64,64,4,0,0,0,0
154,penv_cg_stn_epcr1_e1_req_p1up_flit,2,put,0,1,64,64,5,0,0,0,0
154,penv_cg_stn_epcr1_e1_req_p1up_flit,2,put,0,1,64,64,6,0,0,0,0
154,penv_cg_stn_epcr1_e1_req_p1up_flit,2,put,0,1,64,64,7,0,0,0,0
154,penv_cg_stn_epcr1_e1_req_p1up_flit,2,put,0,1,64,64,8,0,0,0,0
154,penv_cg_stn_epcr1_e1_req_p1up_flit,2,put,0,1,64,64,9,0,0,0,0
154,penv_cg_stn_epcr1_e1_req_p1up_flit,2,put,0,1,64,64,10,0,0,0,0
154,penv_cg_stn_epcr1_e1_req_p1up_flit,2,put,0,1,64,64,11,0,0,0,0
154,penv_cg_stn_epcr1_e1_req_p1up_flit,2,put,0,1,64,64,12,0,0,0,0
154,penv_cg_stn_epcr1_e1_req_p1up_flit,2,put,0,1,64,64,13,0,0,0,0
154,penv_cg_stn_epcr1_e1_req_p1up_flit,2,put,0,1,64,64,14,0,0,0,0
154,penv_cg_stn_epcr1_e1_req_p1up_flit,2,put,0,1,64,64,15,0,0,0,0
155,penv_cg_stn_epcr1_e1_req_p1up_flit,2,local,0,1,64,0,0,0,0,0,0
155,penv_cg_stn_epcr1_e1_req_p1up_flit,2,local,0,1,64,0,1,0,0,0,0
155,penv_cg_stn_epcr1_e1_req_p1up_flit,2,local,0,1,64,0,2,0,0,0,0
155,penv_cg_stn_epcr1_e1_req_p1up_flit,2,local,0,1,64,0,3,0,0,0,0
155,penv_cg_stn_epcr1_e1_req_p1up_flit,2,local,0,1,64,0,4,0,0,0,0
155,penv_cg_stn_epcr1_e1_req_p1up_flit,2,local,0,1,64,0,5,0,0,0,0
155,penv_cg_stn_epcr1_e1_req_p1up_flit,2,local,0,1,64,0,6,0,0,0,0
155,penv_cg_stn_epcr1_e1_req_p1up_flit,2,local,0,1,64,0,7,0,0,0,0
155,penv_cg_stn_epcr1_e1_req_p1up_flit,2,local,0,1,64,0,8,0,0,0,0
155,penv_cg_stn_epcr1_e1_req_p1up_flit,2,local,0,1,64,0,9,0,0,0,0
155,penv_cg_stn_epcr1_e1_req_p1up_flit,2,local,0,1,64,0,10,0,0,0,0
155,penv_cg_stn_epcr1_e1_req_p1up_flit,2,local,0,1,64,0,11,0,0,0,0
155,penv_cg_stn_epcr1_e1_req_p1up_flit,2,local,0,1,64,0,12,0,0,0,0
155,penv_cg_stn_epcr1_e1_req_p1up_flit,2,local,0,1,64,0,13,0,0,0,0
155,penv_cg_stn_epcr1_e1_req_p1up_flit,2,local,0,1,64,0,14,0,0,0,0
155,penv_cg_stn_epcr1_e1_req_p1up_flit,2,local,0,1,64,0,15,0,0,0,0
156,penv_cg_stn_epcr1_e1_req_p1up_flit,2,put,0,1,64,0,0,0,0,0,0
156,penv_cg_stn_epcr1_e1_req_p1up_flit,2,put,0,1,64,0,1,0,0,0,0
156,penv_cg_stn_epcr1_e1_req_p1up_flit,2,put,0,1,64,0,2,0,0,0,0
156,penv_cg_stn_epcr1_e1_req_p1up_flit,2,put,0,1,64,0,3,0,0,0,0
156,penv_cg_stn_epcr1_e1_req_p1up_flit,2,put,0,1,64,0,4,0,0,0,0
156,penv_cg_stn_epcr1_e1_req_p1up_flit,2,put,0,1,64,0,5,0,0,0,0
156,penv_cg_stn_epcr1_e1_req_p1up_flit,2,put,0,1,64,0,6,0,0,0,0
156,penv_cg_stn_epcr1_e1_req_p1up_flit,2,put,0,1,64,0,7,0,0,0,0
156,penv_cg_stn_epcr1_e1_req_p1up_flit,2,put,0,1,64,0,8,0,0,0,0
156,penv_cg_stn_epcr1_e1_req_p1up_flit,2,put,0,1,64,0,9,0,0,0,0
156,penv_cg_stn_epcr1_e1_req_p1up_flit,2,put,0,1,64,0,10,0,0,0,0
156,penv_cg_stn_epcr1_e1_req_p1up_flit,2,put,0,1,64,0,11,0,0,0,0
156,penv_cg_stn_epcr1_e1_req_p1up_flit,2,put,0,1,64,0,12,0,0,0,0
156,penv_cg_stn_epcr1_e1_req_p1up_flit,2,put,0,1,64,0,13,0,0,0,0
156,penv_cg_stn_epcr1_e1_req_p1up_flit,2,put,0,1,64,0,14,0,0,0,0
156,penv_cg_stn_epcr1_e1_req_p1up_flit,2,put,0,1,64,0,15,0,0,0,0
157,penv_cg_stn_epcr1_e1_req_p1up_flit,1,put,1,2,64,0,0,0,0,0,0
157,penv_cg_stn_epcr1_e1_req_p1up_flit,1,put,1,2,64,0,1,0,0,0,0
157,penv_cg_stn_epcr1_e1_req_p1up_flit,1,put,1,2,64,0,2,0,0,0,0
157,penv_cg_stn_epcr1_e1_req_p1up_flit,1,put,1,2,64,0,3,0,0,0,0
157,penv_cg_stn_epcr1_e1_req_p1up_flit,1,put,1,2,64,0,4,0,0,0,0
157,penv_cg_stn_epcr1_e1_req_p1up_flit,1,put,1,2,64,0,5,0,0,0,0
157,penv_cg_stn_epcr1_e1_req_p1up_flit,1,put,1,2,64,0,6,0,0,0,0
157,penv_cg_stn_epcr1_e1_req_p1up_flit,1,put,1,2,64,0,7,0,0,0,0
157,penv_cg_stn_epcr1_e1_req_p1up_flit,1,put,1,2,64,0,8,0,0,0,0
157,penv_cg_stn_epcr1_e1_req_p1up_flit,1,put,1,2,64,0,9,0,0,0,0
157,penv_cg_stn_epcr1_e1_req_p1up_flit,1,put,1,2,64,0,10,0,0,0,0
157,penv_cg_stn_epcr1_e1_req_p1up_flit,1,put,1,2,64,0,11,0,0,0,0
157,penv_cg_stn_epcr1_e1_req_p1up_flit,1,put,1,2,64,0,12,0,0,0,0
157,penv_cg_stn_epcr1_e1_req_p1up_flit,1,put,1,2,64,0,13,0,0,0,0
157,penv_cg_stn_epcr1_e1_req_p1up_flit,1,put,1,2,64,0,14,0,0,0,0
157,penv_cg_stn_epcr1_e1_req_p1up_flit,1,put,1,2,64,0,15,0,0,0,0
158,penv_cg_stn_epcr1_e1_req_p1up_flit,1,local,1,2,64,0,0,0,0,0,0
158,penv_cg_stn_epcr1_e1_req_p1up_flit,1,local,1,2,64,0,1,0,0,0,0
158,penv_cg_stn_epcr1_e1_req_p1up_flit,1,local,1,2,64,0,2,0,0,0,0
158,penv_cg_stn_epcr1_e1_req_p1up_flit,1,local,1,2,64,0,3,0,0,0,0
158,penv_cg_stn_epcr1_e1_req_p1up_flit,1,local,1,2,64,0,4,0,0,0,0
158,penv_cg_stn_epcr1_e1_req_p1up_flit,1,local,1,2,64,0,5,0,0,0,0
158,penv_cg_stn_epcr1_e1_req_p1up_flit,1,local,1,2,64,0,6,0,0,0,0
158,penv_cg_stn_epcr1_e1_req_p1up_flit,1,local,1,2,64,0,7,0,0,0,0
158,penv_cg_stn_epcr1_e1_req_p1up_flit,1,local,1,2,64,0,8,0,0,0,0
158,penv_cg_stn_epcr1_e1_req_p1up_flit,1,local,1,2,64,0,9,0,0,0,0
158,penv_cg_stn_epcr1_e1_req_p1up_flit,1,local,1,2,64,0,10,0,0,0,0
158,penv_cg_stn_epcr1_e1_req_p1up_flit,1,local,1,2,64,0,11,0,0,0,0
158,penv_cg_stn_epcr1_e1_req_p1up_flit,1,local,1,2,64,0,12,0,0,0,0
158,penv_cg_stn_epcr1_e1_req_p1up_flit,1,local,1,2,64,0,13,0,0,0,0
158,penv_cg_stn_epcr1_e1_req_p1up_flit,1,local,1,2,64,0,14,0,0,0,0
158,penv_cg_stn_epcr1_e1_req_p1up_flit,1,local,1,2,64,0,15,0,0,0,0
159,penv_cg_stn_epcr1_e1_req_p1up_flit,1,put,1,2,64,64,0,0,0,0,0
159,penv_cg_stn_epcr1_e1_req_p1up_flit,1,put,1,2,64,64,1,0,384,384,0
159,penv_cg_stn_epcr1_e1_req_p1up_flit,1,put,1,2,64,64,2,0,0,0,0
159,penv_cg_stn_epcr1_e1_req_p1up_flit,1,put,1,2,64,64,3,0,0,0,0
159,penv_cg_stn_epcr1_e1_req_p1up_flit,1,put,1,2,64,64,4,0,0,0,0
159,penv_cg_stn_epcr1_e1_req_p1up_flit,1,put,1,2,64,64,5,0,0,0,0
159,penv_cg_stn_epcr1_e1_req_p1up_flit,1,put,1,2,64,64,6,0,0,0,0
159,penv_cg_stn_epcr1_e1_req_p1up_flit,1,put,1,2,64,64,7,0,0,0,0
159,penv_cg_stn_epcr1_e1_req_p1up_flit,1,put,1,2,64,64,8,0,0,0,0
159,penv_cg_stn_epcr1_e1_req_p1up_flit,1,put,1,2,64,64,9,0,0,0,0
159,penv_cg_stn_epcr1_e1_req_p1up_flit,1,put,1,2,64,64,10,0,0,0,0
159,penv_cg_stn_epcr1_e1_req_p1up_flit,1,put,1,2,64,64,11,0,0,0,0
159,penv_cg_stn_epcr1_e1_req_p1up_flit,1,put,1,2,64,64,12,0,0,0,0
159,penv_cg_stn_epcr1_e1_req_p1up_flit,1,put,1,2,64,64,13,0,0,0,0
159,penv_cg_stn_epcr1_e1_req_p1up_flit,1,put,1,2,64,64,14,0,0,0,0
159,penv_cg_stn_epcr1_e1_req_p1up_flit,1,put,1,2,64,64,15,0,0,0,0
160,penv_cg_stn_epcr1_e1_req_p1up_flit,1,local,1,2,64,64,0,0,0,0,0
160,penv_cg_stn_epcr1_e1_req_p1up_flit,1,local,1,2,64,64,1,0,0,0,0
160,penv_cg_stn_epcr1_e1_req_p1up_flit,1,local,1,2,64,64,2,0,0,0,0
160,penv_cg_stn_epcr1_e1_req_p1up_flit,1,local,1,2,64,64,3,0,0,0,0
160,penv_cg_stn_epcr1_e1_req_p1up_flit,1,local,1,2,64,64,4,0,0,0,0
160,penv_cg_stn_epcr1_e1_req_p1up_flit,1,local,1,2,64,64,5,0,0,0,0
160,penv_cg_stn_epcr1_e1_req_p1up_flit,1,local,1,2,64,64,6,0,0,0,0
160,penv_cg_stn_epcr1_e1_req_p1up_flit,1,local,1,2,64,64,7,0,0,0,0
160,penv_cg_stn_epcr1_e1_req_p1up_flit,1,local,1,2,64,64,8,0,0,0,0
160,penv_cg_stn_epcr1_e1_req_p1up_flit,1,local,1,2,64,64,9,0,0,0,0
160,penv_cg_stn_epcr1_e1_req_p1up_flit,1,local,1,2,64,64,10,0,0,0,0
160,penv_cg_stn_epcr1_e1_req_p1up_flit,1,local,1,2,64,64,11,0,0,0,0
160,penv_cg_stn_epcr1_e1_req_p1up_flit,1,local,1,2,64,64,12,0,0,0,0
160,penv_cg_stn_epcr1_e1_req_p1up_flit,1,local,1,2,64,64,13,0,0,0,0
160,penv_cg_stn_epcr1_e1_req_p1up_flit,1,local,1,2,64,64,14,0,0,0,0
160,penv_cg_stn_epcr1_e1_req_p1up_flit,1,local,1,2,64,64,15,0,0,0,0
161,penv_cg_stn_epcr1_e1_req_p1up_flit,1,put,1,2,64,256,0,0,0,0,0
161,penv_cg_stn_epcr1_e1_req_p1up_flit,1,put,1,2,64,256,1,0,1536,1536,0
161,penv_cg_stn_epcr1_e1_req_p1up_flit,1,put,1,2,64,256,2,0,0,0,0
161,penv_cg_stn_epcr1_e1_req_p1up_flit,1,put,1,2,64,256,3,0,0,0,0
161,penv_cg_stn_epcr1_e1_req_p1up_flit,1,put,1,2,64,256,4,0,0,0,0
161,penv_cg_stn_epcr1_e1_req_p1up_flit,1,put,1,2,64,256,5,0,0,0,0
161,penv_cg_stn_epcr1_e1_req_p1up_flit,1,put,1,2,64,256,6,0,0,0,0
161,penv_cg_stn_epcr1_e1_req_p1up_flit,1,put,1,2,64,256,7,0,0,0,0
161,penv_cg_stn_epcr1_e1_req_p1up_flit,1,put,1,2,64,256,8,0,0,0,0
161,penv_cg_stn_epcr1_e1_req_p1up_flit,1,put,1,2,64,256,9,0,0,0,0
161,penv_cg_stn_epcr1_e1_req_p1up_flit,1,put,1,2,64,256,10,0,0,0,0
161,penv_cg_stn_epcr1_e1_req_p1up_flit,1,put,1,2,64,256,11,0,0,0,0
161,penv_cg_stn_epcr1_e1_req_p1up_flit,1,put,1,2,64,256,12,0,0,0,0
161,penv_cg_stn_epcr1_e1_req_p1up_flit,1,put,1,2,64,256,13,0,0,0,0
161,penv_cg_stn_epcr1_e1_req_p1up_flit,1,put,1,2,64,256,14,0,0,0,0
161,penv_cg_stn_epcr1_e1_req_p1up_flit,1,put,1,2,64,256,15,0,0,0,0
162,penv_cg_stn_epcr1_e1_req_p1up_flit,1,local,1,2,64,256,0,0,0,0,0
162,penv_cg_stn_epcr1_e1_req_p1up_flit,1,local,1,2,64,256,1,0,0,0,0
162,penv_cg_stn_epcr1_e1_req_p1up_flit,1,local,1,2,64,256,2,0,0,0,0
162,penv_cg_stn_epcr1_e1_req_p1up_flit,1,local,1,2,64,256,3,0,0,0,0
162,penv_cg_stn_epcr1_e1_req_p1up_flit,1,local,1,2,64,256,4,0,0,0,0
162,penv_cg_stn_epcr1_e1_req_p1up_flit,1,local,1,2,64,256,5,0,0,0,0
162,penv_cg_stn_epcr1_e1_req_p1up_flit,1,local,1,2,64,256,6,0,0,0,0
162,penv_cg_stn_epcr1_e1_req_p1up_flit,1,local,1,2,64,256,7,0,0,0,0
162,penv_cg_stn_epcr1_e1_req_p1up_flit,1,local,1,2,64,256,8,0,0,0,0
162,penv_cg_stn_epcr1_e1_req_p1up_flit,1,local,1,2,64,256,9,0,0,0,0
162,penv_cg_stn_epcr1_e1_req_p1up_flit,1,local,1,2,64,256,10,0,0,0,0
162,penv_cg_stn_epcr1_e1_req_p1up_flit,1,local,1,2,64,256,11,0,0,0,0
162,penv_cg_stn_epcr1_e1_req_p1up_flit,1,local,1,2,64,256,12,0,0,0,0
162,penv_cg_stn_epcr1_e1_req_p1up_flit,1,local,1,2,64,256,13,0,0,0,0
162,penv_cg_stn_epcr1_e1_req_p1up_flit,1,local,1,2,64,256,14,0,0,0,0
162,penv_cg_stn_epcr1_e1_req_p1up_flit,1,local,1,2,64,256,15,0,0,0,0
163,penv_cg_stn_epcr1_e1_req_p1up_flit,2,local,1,2,64,256,0,0,0,0,0
163,penv_cg_stn_epcr1_e1_req_p1up_flit,2,local,1,2,64,256,1,0,0,0,0
163,penv_cg_stn_epcr1_e1_req_p1up_flit,2,local,1,2,64,256,2,0,0,0,0
163,penv_cg_stn_epcr1_e1_req_p1up_flit,2,local,1,2,64,256,3,0,0,0,0
163,penv_cg_stn_epcr1_e1_req_p1up_flit,2,local,1,2,64,256,4,0,0,0,0
163,penv_cg_stn_epcr1_e1_req_p1up_flit,2,local,1,2,64,256,5,0,0,0,0
163,penv_cg_stn_epcr1_e1_req_p1up_flit,2,local,1,2,64,256,6,0,0,0,0
163,penv_cg_stn_epcr1_e1_req_p1up_flit,2,local,1,2,64,256,7,0,0,0,0
163,penv_cg_stn_epcr1_e1_req_p1up_flit,2,local,1,2,64,256,8,0,0,0,0
163,penv_cg_stn_epcr1_e1_req_p1up_flit,2,local,1,2,64,256,9,0,0,0,0
163,penv_cg_stn_epcr1_e1_req_p1up_flit,2,local,1,2,64,256,10,0,0,0,0
163,penv_cg_stn_epcr1_e1_req_p1up_flit,2,local,1,2,64,256,11,0,0,0,0
163,penv_cg_stn_epcr1_e1_req_p1up_flit,2,local,1,2,64,256,12,0,0,0,0
163,penv_cg_stn_epcr1_e1_req_p1up_flit,2,local,1,2,64,256,13,0,0,0,0
163,penv_cg_stn_epcr1_e1_req_p1up_flit,2,local,1,2,64,256,14,0,0,0,0
163,penv_cg_stn_epcr1_e1_req_p1up_flit,2,local,1,2,64,256,15,0,0,0,0
164,penv_cg_stn_epcr1_e1_req_p1up_flit,2,put,1,2,64,256,0,0,0,0,0
164,penv_cg_stn_epcr1_e1_req_p1up_flit,2,put,1,2,64,256,1,0,1536,1536,0
164,penv_cg_stn_epcr1_e1_req_p1up_flit,2,put,1,2,64,256,2,0,0,0,0
164,penv_cg_stn_epcr1_e1_req_p1up_flit,2,put,1,2,64,256,3,0,0,0,0
164,penv_cg_stn_epcr1_e1_req_p1up_flit,2,put,1,2,64,256,4,0,0,0,0
164,penv_cg_stn_epcr1_e1_req_p1up_flit,2,put,1,2,64,256,5,0,0,0,0
164,penv_cg_stn_epcr1_e1_req_p1up_flit,2,put,1,2,64,256,6,0,0,0,0
164,penv_cg_stn_epcr1_e1_req_p1up_flit,2,put,1,2,64,256,7,0,0,0,0
164,penv_cg_stn_epcr1_e1_req_p1up_flit,2,put,1,2,64,256,8,0,0,0,0
164,penv_cg_stn_epcr1_e1_req_p1up_flit,2,put,1,2,64,256,9,0,0,0,0
164,penv_cg_stn_epcr1_e1_req_p1up_flit,2,put,1,2,64,256,10,0,0,0,0
164,penv_cg_stn_epcr1_e1_req_p1up_flit,2,put,1,2,64,256,11,0,0,0,0
164,penv_cg_stn_epcr1_e1_req_p1up_flit,2,put,1,2,64,256,12,0,0,0,0
164,penv_cg_stn_epcr1_e1_req_p1up_flit,2,put,1,2,64,256,13,0,0,0,0
164,penv_cg_stn_epcr1_e1_req_p1up_flit,2,put,1,2,64,256,14,0,0,0,0
164,penv_cg_stn_epcr1_e1_req_p1up_flit,2,put,1,2,64,256,15,0,0,0,0
165,penv_cg_stn_epcr1_e1_req_p1up_flit,2,local,1,2,64,64,0,0,0,0,0
165,penv_cg_stn_epcr1_e1_req_p1up_flit,2,local,1,2,64,64,1,0,0,0,0
165,penv_cg_stn_epcr1_e1_req_p1up_flit,2,local,1,2,64,64,2,0,0,0,0
165,penv_cg_stn_epcr1_e1_req_p1up_flit,2,local,1,2,64,64,3,0,0,0,0
165,penv_cg_stn_epcr1_e1_req_p1up_flit,2,local,1,2,64,64,4,0,0,0,0
165,penv_cg_stn_epcr1_e1_req_p1up_flit,2,local,1,2,64,64,5,0,0,0,0
165,penv_cg_stn_epcr1_e1_req_p1up_flit,2,local,1,2,64,64,6,0,0,0,0
165,penv_cg_stn_epcr1_e1_req_p1up_flit,2,local,1,2,64,64,7,0,0,0,0
165,penv_cg_stn_epcr1_e1_req_p1up_flit,2,local,1,2,64,64,8,0,0,0,0
165,penv_cg_stn_epcr1_e1_req_p1up_flit,2,local,1,2,64,64,9,0,0,0,0
165,penv_cg_stn_epcr1_e1_req_p1up_flit,2,local,1,2,64,64,10,0,0,0,0
165,penv_cg_stn_epcr1_e1_req_p1up_flit,2,local,1,2,64,64,11,0,0,0,0
165,penv_cg_stn_epcr1_e1_req_p1up_flit,2,local,1,2,64,64,12,0,0,0,0
165,penv_cg_stn_epcr1_e1_req_p1up_flit,2,local,1,2,64,64,13,0,0,0,0
165,penv_cg_stn_epcr1_e1_req_p1up_flit,2,local,1,2,64,64,14,0,0,0,0
165,penv_cg_stn_epcr1_e1_req_p1up_flit,2,local,1,2,64,64,15,0,0,0,0
166,penv_cg_stn_epcr1_e1_req_p1up_flit,2,put,1,2,64,64,0,0,0,0,0
166,penv_cg_stn_epcr1_e1_req_p1up_flit,2,put,1,2,64,64,1,0,384,384,0
166,penv_cg_stn_epcr1_e1_req_p1up_flit,2,put,1,2,64,64,2,0,0,0,0
166,penv_cg_stn_epcr1_e1_req_p1up_flit,2,put,1,2,64,64,3,0,0,0,0
166,penv_cg_stn_epcr1_e1_req_p1up_flit,2,put,1,2,64,64,4,0,0,0,0
166,penv_cg_stn_epcr1_e1_req_p1up_flit,2,put,1,2,64,64,5,0,0,0,0
166,penv_cg_stn_epcr1_e1_req_p1up_flit,2,put,1,2,64,64,6,0,0,0,0
166,penv_cg_stn_epcr1_e1_req_p1up_flit,2,put,1,2,64,64,7,0,0,0,0
166,penv_cg_stn_epcr1_e1_req_p1up_flit,2,put,1,2,64,64,8,0,0,0,0
166,penv_cg_stn_epcr1_e1_req_p1up_flit,2,put,1,2,64,64,9,0,0,0,0
166,penv_cg_stn_epcr1_e1_req_p1up_flit,2,put,1,2,64,64,10,0,0,0,0
166,penv_cg_stn_epcr1_e1_req_p1up_flit,2,put,1,2,64,64,11,0,0,0,0
166,penv_cg_stn_epcr1_e1_req_p1up_flit,2,put,1,2,64,64,12,0,0,0,0
166,penv_cg_stn_epcr1_e1_req_p1up_flit,2,put,1,2,64,64,13,0,0,0,0
166,penv_cg_stn_epcr1_e1_req_p1up_flit,2,put,1,2,64,64,14,0,0,0,0
166,penv_cg_stn_epcr1_e1_req_p1up_flit,2,put,1,2,64,64,15,0,0,0,0
167,penv_cg_stn_epcr1_e1_req_p1up_flit,2,local,1,2,64,0,0,0,0,0,0
167,penv_cg_stn_epcr1_e1_req_p1up_flit,2,local,1,2,64,0,1,0,0,0,0
167,penv_cg_stn_epcr1_e1_req_p1up_flit,2,local,1,2,64,0,2,0,0,0,0
167,penv_cg_stn_epcr1_e1_req_p1up_flit,2,local,1,2,64,0,3,0,0,0,0
167,penv_cg_stn_epcr1_e1_req_p1up_flit,2,local,1,2,64,0,4,0,0,0,0
167,penv_cg_stn_epcr1_e1_req_p1up_flit,2,local,1,2,64,0,5,0,0,0,0
167,penv_cg_stn_epcr1_e1_req_p1up_flit,2,local,1,2,64,0,6,0,0,0,0
167,penv_cg_stn_epcr1_e1_req_p1up_flit,2,local,1,2,64,0,7,0,0,0,0
167,penv_cg_stn_epcr1_e1_req_p1up_flit,2,local,1,2,64,0,8,0,0,0,0
167,penv_cg_stn_epcr1_e1_req_p1up_flit,2,local,1,2,64,0,9,0,0,0,0
167,penv_cg_stn_epcr1_e1_req_p1up_flit,2,local,1,2,64,0,10,0,0,0,0
167,penv_cg_stn_epcr1_e1_req_p1up_flit,2,local,1,2,64,0,11,0,0,0,0
167,penv_cg_stn_epcr1_e1_req_p1up_flit,2,local,1,2,64,0,12,0,0,0,0
167,penv_cg_stn_epcr1_e1_req_p1up_flit,2,local,1,2,64,0,13,0,0,0,0
167,penv_cg_stn_epcr1_e1_req_p1up_flit,2,local,1,2,64,0,14,0,0,0,0
167,penv_cg_stn_epcr1_e1_req_p1up_flit,2,local,1,2,64,0,15,0,0,0,0
168,penv_cg_stn_epcr1_e1_req_p1up_flit,2,put,1,2,64,0,0,0,0,0,0
168,penv_cg_stn_epcr1_e1_req_p1up_flit,2,put,1,2,64,0,1,0,0,0,0
168,penv_cg_stn_epcr1_e1_req_p1up_flit,2,put,1,2,64,0,2,0,0,0,0
168,penv_cg_stn_epcr1_e1_req_p1up_flit,2,put,1,2,64,0,3,0,0,0,0
168,penv_cg_stn_epcr1_e1_req_p1up_flit,2,put,1,2,64,0,4,0,0,0,0
168,penv_cg_stn_epcr1_e1_req_p1up_flit,2,put,1,2,64,0,5,0,0,0,0
168,penv_cg_stn_epcr1_e1_req_p1up_flit,2,put,1,2,64,0,6,0,0,0,0
168,penv_cg_stn_epcr1_e1_req_p1up_flit,2,put,1,2,64,0,7,0,0,0,0
168,penv_cg_stn_epcr1_e1_req_p1up_flit,2,put,1,2,64,0,8,0,0,0,0
168,penv_cg_stn_epcr1_e1_req_p1up_flit,2,put,1,2,64,0,9,0,0,0,0
168,penv_cg_stn_epcr1_e1_req_p1up_flit,2,put,1,2,64,0,10,0,0,0,0
168,penv_cg_stn_epcr1_e1_req_p1up_flit,2,put,1,2,64,0,11,0,0,0,0
168,penv_cg_stn_epcr1_e1_req_p1up_flit,2,put,1,2,64,0,12,0,0,0,0
168,penv_cg_stn_epcr1_e1_req_p1up_flit,2,put,1,2,64,0,13,0,0,0,0
168,penv_cg_stn_epcr1_e1_req_p1up_flit,2,put,1,2,64,0,14,0,0,0,0
168,penv_cg_stn_epcr1_e1_req_p1up_flit,2,put,1,2,64,0,15,0,0,0,0
