benchmark,case,cluster_index,bytes,reps,window,flows,pe,cycles,aggregate_bytes_per_cycle,errors,repeat,case_id,type,src,dst,cycles_per_payload_round
rma_flow,pair,0,1024,2000,2,1,1,216042,,0,1,bandwidth_pair_s1_d2_b1024_r2000_w2_c0,bandwidth,1,2,108.021
rma_flow,pair,0,1024,2000,2,1,2,216025,,0,1,bandwidth_pair_s1_d2_b1024_r2000_w2_c0,bandwidth,1,2,108.0125
rma_flow,pair,0,16,2000,16,1,0,123043,,0,1,bandwidth_pair_s0_d56_b16_r2000_w16_c0,bandwidth,0,56,61.5215
rma_flow,pair,0,16,2000,16,1,56,123011,,0,1,bandwidth_pair_s0_d56_b16_r2000_w16_c0,bandwidth,0,56,61.5055
rma_flow,pair,0,32768,2000,2,1,8,2676041,,0,1,bandwidth_pair_s8_d16_b32768_r2000_w2_c0,bandwidth,8,16,1338.0205
rma_flow,pair,0,32768,2000,2,1,16,2676025,,0,1,bandwidth_pair_s8_d16_b32768_r2000_w2_c0,bandwidth,8,16,1338.0125
rma_flow,pair,0,256,2000,4,1,0,150043,,0,1,bandwidth_pair_s0_d9_b256_r2000_w4_c0,bandwidth,0,9,75.0215
rma_flow,pair,0,256,2000,4,1,9,150010,,0,1,bandwidth_pair_s0_d9_b256_r2000_w4_c0,bandwidth,0,9,75.005
rma_flow,pair,0,16,2000,8,1,0,130042,,0,1,bandwidth_pair_s0_d8_b16_r2000_w8_c0,bandwidth,0,8,65.021
rma_flow,pair,0,16,2000,8,1,8,130013,,0,1,bandwidth_pair_s0_d8_b16_r2000_w8_c0,bandwidth,0,8,65.0065
rma_flow,pair,0,256,2000,2,1,0,180042,,0,1,bandwidth_pair_s0_d56_b256_r2000_w2_c0,bandwidth,0,56,90.021
rma_flow,pair,0,256,2000,2,1,56,180017,,0,1,bandwidth_pair_s0_d56_b256_r2000_w2_c0,bandwidth,0,56,90.0085
rma_flow,pair,0,4096,2000,1,1,0,548042,,0,1,bandwidth_pair_s0_d7_b4096_r2000_w1_c0,bandwidth,0,7,274.021
rma_flow,pair,0,4096,2000,1,1,7,548010,,0,1,bandwidth_pair_s0_d7_b4096_r2000_w1_c0,bandwidth,0,7,274.005
rma_flow,pair,0,8,2000,4,1,0,144043,,0,1,bandwidth_pair_s0_d56_b8_r2000_w4_c0,bandwidth,0,56,72.0215
rma_flow,pair,0,8,2000,4,1,56,144011,,0,1,bandwidth_pair_s0_d56_b8_r2000_w4_c0,bandwidth,0,56,72.0055
rma_flow,ring4,15,64,2000,4,4,54,295993,,0,1,contention_ring4_s0_d0_b64_r2000_w4_c15,contention,0,0,147.9965
rma_flow,ring4,15,64,2000,4,4,55,288118,,0,1,contention_ring4_s0_d0_b64_r2000_w4_c15,contention,0,0,144.059
rma_flow,ring4,15,64,2000,4,4,62,296022,,0,1,contention_ring4_s0_d0_b64_r2000_w4_c15,contention,0,0,148.011
rma_flow,ring4,15,64,2000,4,4,63,288091,,0,1,contention_ring4_s0_d0_b64_r2000_w4_c15,contention,0,0,144.0455
rma_flow,alltoall4,15,64,2000,4,12,54,740845,,0,1,contention_alltoall4_s0_d0_b64_r2000_w4_c15,contention,0,0,370.4225
rma_flow,alltoall4,15,64,2000,4,12,55,740882,,0,1,contention_alltoall4_s0_d0_b64_r2000_w4_c15,contention,0,0,370.441
rma_flow,alltoall4,15,64,2000,4,12,62,740914,,0,1,contention_alltoall4_s0_d0_b64_r2000_w4_c15,contention,0,0,370.457
rma_flow,alltoall4,15,64,2000,4,12,63,740944,,0,1,contention_alltoall4_s0_d0_b64_r2000_w4_c15,contention,0,0,370.472
rma_flow,pair,0,4096,2000,4,1,1,378042,,0,1,bandwidth_pair_s1_d2_b4096_r2000_w4_c0,bandwidth,1,2,189.021
rma_flow,pair,0,4096,2000,4,1,2,378026,,0,1,bandwidth_pair_s1_d2_b4096_r2000_w4_c0,bandwidth,1,2,189.013
rma_flow,pair,0,32,2000,2,1,0,172042,,0,1,bandwidth_pair_s0_d8_b32_r2000_w2_c0,bandwidth,0,8,86.021
rma_flow,pair,0,32,2000,2,1,8,172013,,0,1,bandwidth_pair_s0_d8_b32_r2000_w2_c0,bandwidth,0,8,86.0065
rma_flow,pair,0,256,2000,2,1,8,180042,,0,1,bandwidth_pair_s8_d16_b256_r2000_w2_c0,bandwidth,8,16,90.021
rma_flow,pair,0,256,2000,2,1,16,180025,,0,1,bandwidth_pair_s8_d16_b256_r2000_w2_c0,bandwidth,8,16,90.0125
rma_flow,pair,0,32,2000,16,1,0,123042,,0,1,bandwidth_pair_s0_d8_b32_r2000_w16_c0,bandwidth,0,8,61.521
rma_flow,pair,0,32,2000,16,1,8,123013,,0,1,bandwidth_pair_s0_d8_b32_r2000_w16_c0,bandwidth,0,8,61.5065
rma_flow,pair,0,16,2000,4,1,1,144042,,0,1,bandwidth_pair_s1_d2_b16_r2000_w4_c0,bandwidth,1,2,72.021
rma_flow,pair,0,16,2000,4,1,2,144021,,0,1,bandwidth_pair_s1_d2_b16_r2000_w4_c0,bandwidth,1,2,72.0105
rma_flow,ring4,5,64,2000,4,4,18,295902,,0,1,contention_ring4_s0_d0_b64_r2000_w4_c5,contention,0,0,147.951
rma_flow,ring4,5,64,2000,4,4,19,288541,,0,1,contention_ring4_s0_d0_b64_r2000_w4_c5,contention,0,0,144.2705
rma_flow,ring4,5,64,2000,4,4,26,295931,,0,1,contention_ring4_s0_d0_b64_r2000_w4_c5,contention,0,0,147.9655
rma_flow,ring4,5,64,2000,4,4,27,288514,,0,1,contention_ring4_s0_d0_b64_r2000_w4_c5,contention,0,0,144.257
rma_flow,pair,0,32,2000,4,1,0,144042,,0,1,bandwidth_pair_s0_d1_b32_r2000_w4_c0,bandwidth,0,1,72.021
rma_flow,pair,0,32,2000,4,1,1,144013,,0,1,bandwidth_pair_s0_d1_b32_r2000_w4_c0,bandwidth,0,1,72.0065
rma_flow,pair,0,1024,2000,1,1,8,310042,,0,1,bandwidth_pair_s8_d16_b1024_r2000_w1_c0,bandwidth,8,16,155.021
rma_flow,pair,0,1024,2000,1,1,16,310026,,0,1,bandwidth_pair_s8_d16_b1024_r2000_w1_c0,bandwidth,8,16,155.013
rma_flow,pair,0,16384,2000,2,1,0,1394042,,0,1,bandwidth_pair_s0_d56_b16384_r2000_w2_c0,bandwidth,0,56,697.021
rma_flow,pair,0,16384,2000,2,1,56,1394011,,0,1,bandwidth_pair_s0_d56_b16384_r2000_w2_c0,bandwidth,0,56,697.0055
rma_flow,pair,0,4096,2000,4,1,8,378043,,0,1,bandwidth_pair_s8_d16_b4096_r2000_w4_c0,bandwidth,8,16,189.0215
rma_flow,pair,0,4096,2000,4,1,16,378025,,0,1,bandwidth_pair_s8_d16_b4096_r2000_w4_c0,bandwidth,8,16,189.0125
rma_flow,pair,0,256,2000,16,1,8,127542,,0,1,bandwidth_pair_s8_d16_b256_r2000_w16_c0,bandwidth,8,16,63.771
rma_flow,pair,0,256,2000,16,1,16,127524,,0,1,bandwidth_pair_s8_d16_b256_r2000_w16_c0,bandwidth,8,16,63.762
rma_flow,pair,0,32,2000,1,1,0,228041,,0,1,bandwidth_pair_s0_d9_b32_r2000_w1_c0,bandwidth,0,9,114.0205
rma_flow,pair,0,32,2000,1,1,9,228003,,0,1,bandwidth_pair_s0_d9_b32_r2000_w1_c0,bandwidth,0,9,114.0015
rma_flow,pair,0,8,2000,1,1,0,228041,,0,1,bandwidth_pair_s0_d56_b8_r2000_w1_c0,bandwidth,0,56,114.0205
rma_flow,pair,0,8,2000,1,1,56,228009,,0,1,bandwidth_pair_s0_d56_b8_r2000_w1_c0,bandwidth,0,56,114.0045
rma_flow,split_side2,0,64,2000,1,2,0,248042,,0,1,contention_split_side2_s0_d0_b64_r2000_w1_c0,contention,0,0,124.021
rma_flow,split_side2,0,64,2000,1,2,1,248009,,0,1,contention_split_side2_s0_d0_b64_r2000_w1_c0,contention,0,0,124.0045
rma_flow,split_side2,0,64,2000,1,2,2,276042,,0,1,contention_split_side2_s0_d0_b64_r2000_w1_c0,contention,0,0,138.021
rma_flow,split_side2,0,64,2000,1,2,3,276030,,0,1,contention_split_side2_s0_d0_b64_r2000_w1_c0,contention,0,0,138.015
rma_flow,pair,0,128,2000,2,1,9,180041,,0,1,bandwidth_pair_s9_d18_b128_r2000_w2_c0,bandwidth,9,18,90.0205
rma_flow,pair,0,128,2000,2,1,18,180017,,0,1,bandwidth_pair_s9_d18_b128_r2000_w2_c0,bandwidth,9,18,90.0085
rma_flow,pair,0,8,2000,4,1,0,144043,,0,1,bandwidth_pair_s0_d63_b8_r2000_w4_c0,bandwidth,0,63,72.0215
rma_flow,pair,0,8,2000,4,1,63,143998,,0,1,bandwidth_pair_s0_d63_b8_r2000_w4_c0,bandwidth,0,63,71.999
rma_flow,pair,0,65536,2000,1,1,0,5350042,,0,1,bandwidth_pair_s0_d8_b65536_r2000_w1_c0,bandwidth,0,8,2675.021
rma_flow,pair,0,65536,2000,1,1,8,5350012,,0,1,bandwidth_pair_s0_d8_b65536_r2000_w1_c0,bandwidth,0,8,2675.006
rma_flow,pair,0,16,2000,16,1,0,123043,,0,1,bandwidth_pair_s0_d8_b16_r2000_w16_c0,bandwidth,0,8,61.5215
rma_flow,pair,0,16,2000,16,1,8,123014,,0,1,bandwidth_pair_s0_d8_b16_r2000_w16_c0,bandwidth,0,8,61.507
rma_flow,pair,0,128,2000,16,1,0,127541,,0,1,bandwidth_pair_s0_d9_b128_r2000_w16_c0,bandwidth,0,9,63.7705
rma_flow,pair,0,128,2000,16,1,9,127501,,0,1,bandwidth_pair_s0_d9_b128_r2000_w16_c0,bandwidth,0,9,63.7505
rma_flow,single,0,1024,2000,4,1,0,171043,,0,1,contention_single_s0_d0_b1024_r2000_w4_c0,contention,0,0,85.5215
rma_flow,single,0,1024,2000,4,1,1,171016,,0,1,contention_single_s0_d0_b1024_r2000_w4_c0,contention,0,0,85.508
rma_flow,pair,0,1024,2000,2,1,0,216042,,0,1,bandwidth_pair_s0_d1_b1024_r2000_w2_c0,bandwidth,0,1,108.021
rma_flow,pair,0,1024,2000,2,1,1,216017,,0,1,bandwidth_pair_s0_d1_b1024_r2000_w2_c0,bandwidth,0,1,108.0085
rma_flow,pair,0,256,2000,8,1,8,135042,,0,1,bandwidth_pair_s8_d16_b256_r2000_w8_c0,bandwidth,8,16,67.521
rma_flow,pair,0,256,2000,8,1,16,135028,,0,1,bandwidth_pair_s8_d16_b256_r2000_w8_c0,bandwidth,8,16,67.514
rma_flow,pair,0,32,2000,4,1,0,144042,,0,1,bandwidth_pair_s0_d63_b32_r2000_w4_c0,bandwidth,0,63,72.021
rma_flow,pair,0,32,2000,4,1,63,143997,,0,1,bandwidth_pair_s0_d63_b32_r2000_w4_c0,bandwidth,0,63,71.9985
rma_flow,intra2,5,64,2000,1,2,18,248042,,0,1,contention_intra2_s0_d0_b64_r2000_w1_c5,contention,0,0,124.021
rma_flow,intra2,5,64,2000,1,2,19,248020,,0,1,contention_intra2_s0_d0_b64_r2000_w1_c5,contention,0,0,124.01
rma_flow,intra2,5,64,2000,1,2,26,277090,,0,1,contention_intra2_s0_d0_b64_r2000_w1_c5,contention,0,0,138.545
rma_flow,intra2,5,64,2000,1,2,27,277076,,0,1,contention_intra2_s0_d0_b64_r2000_w1_c5,contention,0,0,138.538
rma_flow,ring4,5,1024,2000,4,4,18,359182,,0,1,contention_ring4_s0_d0_b1024_r2000_w4_c5,contention,0,0,179.591
rma_flow,ring4,5,1024,2000,4,4,19,357874,,0,1,contention_ring4_s0_d0_b1024_r2000_w4_c5,contention,0,0,178.937
rma_flow,ring4,5,1024,2000,4,4,26,359215,,0,1,contention_ring4_s0_d0_b1024_r2000_w4_c5,contention,0,0,179.6075
rma_flow,ring4,5,1024,2000,4,4,27,358602,,0,1,contention_ring4_s0_d0_b1024_r2000_w4_c5,contention,0,0,179.301
rma_flow,pair,0,8,2000,8,1,0,130043,,0,1,bandwidth_pair_s0_d7_b8_r2000_w8_c0,bandwidth,0,7,65.0215
rma_flow,pair,0,8,2000,8,1,7,130011,,0,1,bandwidth_pair_s0_d7_b8_r2000_w8_c0,bandwidth,0,7,65.0055
rma_flow,single,5,64,2000,1,1,18,228042,,0,1,contention_single_s0_d0_b64_r2000_w1_c5,contention,0,0,114.021
rma_flow,single,5,64,2000,1,1,19,228026,,0,1,contention_single_s0_d0_b64_r2000_w1_c5,contention,0,0,114.013
rma_flow,pair,0,4096,2000,4,1,0,378042,,0,1,bandwidth_pair_s0_d8_b4096_r2000_w4_c0,bandwidth,0,8,189.021
rma_flow,pair,0,4096,2000,4,1,8,378018,,0,1,bandwidth_pair_s0_d8_b4096_r2000_w4_c0,bandwidth,0,8,189.009
rma_flow,pair,0,64,2000,16,1,0,123041,,0,1,bandwidth_pair_s0_d1_b64_r2000_w16_c0,bandwidth,0,1,61.5205
rma_flow,pair,0,64,2000,16,1,1,123014,,0,1,bandwidth_pair_s0_d1_b64_r2000_w16_c0,bandwidth,0,1,61.507
rma_flow,pair,0,16,2000,1,1,0,228041,,0,1,bandwidth_pair_s0_d63_b16_r2000_w1_c0,bandwidth,0,63,114.0205
rma_flow,pair,0,16,2000,1,1,63,227996,,0,1,bandwidth_pair_s0_d63_b16_r2000_w1_c0,bandwidth,0,63,113.998
rma_flow,pair,0,16,2000,8,1,0,130042,,0,1,bandwidth_pair_s0_d7_b16_r2000_w8_c0,bandwidth,0,7,65.021
rma_flow,pair,0,16,2000,8,1,7,130010,,0,1,bandwidth_pair_s0_d7_b16_r2000_w8_c0,bandwidth,0,7,65.005
rma_flow,pair,0,8,2000,8,1,0,130042,,0,1,bandwidth_pair_s0_d9_b8_r2000_w8_c0,bandwidth,0,9,65.021
rma_flow,pair,0,8,2000,8,1,9,130004,,0,1,bandwidth_pair_s0_d9_b8_r2000_w8_c0,bandwidth,0,9,65.002
rma_flow,pair,0,32768,2000,2,1,0,2676042,,0,1,bandwidth_pair_s0_d56_b32768_r2000_w2_c0,bandwidth,0,56,1338.021
rma_flow,pair,0,32768,2000,2,1,56,2676014,,0,1,bandwidth_pair_s0_d56_b32768_r2000_w2_c0,bandwidth,0,56,1338.007
rma_flow,split_side2,15,64,2000,1,2,52,276502,,0,1,contention_split_side2_s0_d0_b64_r2000_w1_c15,contention,0,0,138.251
rma_flow,split_side2,15,64,2000,1,2,53,276488,,0,1,contention_split_side2_s0_d0_b64_r2000_w1_c15,contention,0,0,138.244
rma_flow,split_side2,15,64,2000,1,2,54,248042,,0,1,contention_split_side2_s0_d0_b64_r2000_w1_c15,contention,0,0,124.021
rma_flow,split_side2,15,64,2000,1,2,55,248017,,0,1,contention_split_side2_s0_d0_b64_r2000_w1_c15,contention,0,0,124.0085
rma_flow,pair,0,128,2000,16,1,0,127541,,0,1,bandwidth_pair_s0_d1_b128_r2000_w16_c0,bandwidth,0,1,63.7705
rma_flow,pair,0,128,2000,16,1,1,127513,,0,1,bandwidth_pair_s0_d1_b128_r2000_w16_c0,bandwidth,0,1,63.7565
rma_flow,intra2,15,64,2000,4,2,54,188036,,0,1,contention_intra2_s0_d0_b64_r2000_w4_c15,contention,0,0,94.018
rma_flow,intra2,15,64,2000,4,2,55,188014,,0,1,contention_intra2_s0_d0_b64_r2000_w4_c15,contention,0,0,94.007
rma_flow,intra2,15,64,2000,4,2,62,195248,,0,1,contention_intra2_s0_d0_b64_r2000_w4_c15,contention,0,0,97.624
rma_flow,intra2,15,64,2000,4,2,63,195236,,0,1,contention_intra2_s0_d0_b64_r2000_w4_c15,contention,0,0,97.618
rma_flow,alltoall4,0,1024,2000,1,12,0,1194694,,0,1,contention_alltoall4_s0_d0_b1024_r2000_w1_c0,contention,0,0,597.347
rma_flow,alltoall4,0,1024,2000,1,12,1,1194726,,0,1,contention_alltoall4_s0_d0_b1024_r2000_w1_c0,contention,0,0,597.363
rma_flow,alltoall4,0,1024,2000,1,12,8,1194762,,0,1,contention_alltoall4_s0_d0_b1024_r2000_w1_c0,contention,0,0,597.381
rma_flow,alltoall4,0,1024,2000,1,12,9,1194786,,0,1,contention_alltoall4_s0_d0_b1024_r2000_w1_c0,contention,0,0,597.393
rma_flow,pair,0,128,2000,8,1,0,135042,,0,1,bandwidth_pair_s0_d8_b128_r2000_w8_c0,bandwidth,0,8,67.521
rma_flow,pair,0,128,2000,8,1,8,135011,,0,1,bandwidth_pair_s0_d8_b128_r2000_w8_c0,bandwidth,0,8,67.5055
rma_flow,pair,0,256,2000,1,1,8,240042,,0,1,bandwidth_pair_s8_d16_b256_r2000_w1_c0,bandwidth,8,16,120.021
rma_flow,pair,0,256,2000,1,1,16,240025,,0,1,bandwidth_pair_s8_d16_b256_r2000_w1_c0,bandwidth,8,16,120.0125
rma_flow,pair,0,256,2000,8,1,0,135042,,0,1,bandwidth_pair_s0_d1_b256_r2000_w8_c0,bandwidth,0,1,67.521
rma_flow,pair,0,256,2000,8,1,1,135019,,0,1,bandwidth_pair_s0_d1_b256_r2000_w8_c0,bandwidth,0,1,67.5095
rma_flow,pair,0,8,2000,16,1,0,123042,,0,1,bandwidth_pair_s0_d9_b8_r2000_w16_c0,bandwidth,0,9,61.521
rma_flow,pair,0,8,2000,16,1,9,123004,,0,1,bandwidth_pair_s0_d9_b8_r2000_w16_c0,bandwidth,0,9,61.502
rma_flow,pair,0,1024,2000,4,1,1,171042,,0,1,bandwidth_pair_s1_d2_b1024_r2000_w4_c0,bandwidth,1,2,85.521
rma_flow,pair,0,1024,2000,4,1,2,171020,,0,1,bandwidth_pair_s1_d2_b1024_r2000_w4_c0,bandwidth,1,2,85.51
rma_flow,pair,0,32,2000,4,1,0,144042,,0,1,bandwidth_pair_s0_d8_b32_r2000_w4_c0,bandwidth,0,8,72.021
rma_flow,pair,0,32,2000,4,1,8,144013,,0,1,bandwidth_pair_s0_d8_b32_r2000_w4_c0,bandwidth,0,8,72.0065
rma_flow,pair,0,128,2000,8,1,0,135042,,0,1,bandwidth_pair_s0_d7_b128_r2000_w8_c0,bandwidth,0,7,67.521
rma_flow,pair,0,128,2000,8,1,7,135011,,0,1,bandwidth_pair_s0_d7_b128_r2000_w8_c0,bandwidth,0,7,67.5055
rma_flow,pair,0,128,2000,4,1,0,150042,,0,1,bandwidth_pair_s0_d9_b128_r2000_w4_c0,bandwidth,0,9,75.021
rma_flow,pair,0,128,2000,4,1,9,150002,,0,1,bandwidth_pair_s0_d9_b128_r2000_w4_c0,bandwidth,0,9,75.001
rma_flow,pair,0,1024,2000,16,1,0,136542,,0,1,bandwidth_pair_s0_d8_b1024_r2000_w16_c0,bandwidth,0,8,68.271
rma_flow,pair,0,1024,2000,16,1,8,136513,,0,1,bandwidth_pair_s0_d8_b1024_r2000_w16_c0,bandwidth,0,8,68.2565
rma_flow,pair,0,65536,2000,1,1,8,5350042,,0,1,bandwidth_pair_s8_d16_b65536_r2000_w1_c0,bandwidth,8,16,2675.021
rma_flow,pair,0,65536,2000,1,1,16,5350025,,0,1,bandwidth_pair_s8_d16_b65536_r2000_w1_c0,bandwidth,8,16,2675.0125
rma_flow,single,5,1024,2000,4,1,18,171042,,0,1,contention_single_s0_d0_b1024_r2000_w4_c5,contention,0,0,85.521
rma_flow,single,5,1024,2000,4,1,19,171029,,0,1,contention_single_s0_d0_b1024_r2000_w4_c5,contention,0,0,85.5145
rma_flow,pair,0,4096,2000,8,1,0,349542,,0,1,bandwidth_pair_s0_d56_b4096_r2000_w8_c0,bandwidth,0,56,174.771
rma_flow,pair,0,4096,2000,8,1,56,349514,,0,1,bandwidth_pair_s0_d56_b4096_r2000_w8_c0,bandwidth,0,56,174.757
rma_flow,pair,0,4096,2000,4,1,0,378042,,0,1,bandwidth_pair_s0_d9_b4096_r2000_w4_c0,bandwidth,0,9,189.021
rma_flow,pair,0,4096,2000,4,1,9,378004,,0,1,bandwidth_pair_s0_d9_b4096_r2000_w4_c0,bandwidth,0,9,189.002
rma_flow,pair,0,64,2000,2,1,8,172041,,0,1,bandwidth_pair_s8_d16_b64_r2000_w2_c0,bandwidth,8,16,86.0205
rma_flow,pair,0,64,2000,2,1,16,172023,,0,1,bandwidth_pair_s8_d16_b64_r2000_w2_c0,bandwidth,8,16,86.0115
rma_flow,pair,0,8,2000,16,1,0,123043,,0,1,bandwidth_pair_s0_d56_b8_r2000_w16_c0,bandwidth,0,56,61.5215
rma_flow,pair,0,8,2000,16,1,56,123011,,0,1,bandwidth_pair_s0_d56_b8_r2000_w16_c0,bandwidth,0,56,61.5055
rma_flow,pair,0,4096,2000,8,1,8,349543,,0,1,bandwidth_pair_s8_d16_b4096_r2000_w8_c0,bandwidth,8,16,174.7715
rma_flow,pair,0,4096,2000,8,1,16,349527,,0,1,bandwidth_pair_s8_d16_b4096_r2000_w8_c0,bandwidth,8,16,174.7635
rma_flow,pair,0,128,2000,2,1,0,180041,,0,1,bandwidth_pair_s0_d56_b128_r2000_w2_c0,bandwidth,0,56,90.0205
rma_flow,pair,0,128,2000,2,1,56,180010,,0,1,bandwidth_pair_s0_d56_b128_r2000_w2_c0,bandwidth,0,56,90.005
rma_flow,pair,0,256,2000,4,1,0,150042,,0,1,bandwidth_pair_s0_d7_b256_r2000_w4_c0,bandwidth,0,7,75.021
rma_flow,pair,0,256,2000,4,1,7,150016,,0,1,bandwidth_pair_s0_d7_b256_r2000_w4_c0,bandwidth,0,7,75.008
rma_flow,pair,0,128,2000,4,1,0,150041,,0,1,bandwidth_pair_s0_d1_b128_r2000_w4_c0,bandwidth,0,1,75.0205
rma_flow,pair,0,128,2000,4,1,1,150010,,0,1,bandwidth_pair_s0_d1_b128_r2000_w4_c0,bandwidth,0,1,75.005
rma_flow,pair,0,256,2000,2,1,0,180042,,0,1,bandwidth_pair_s0_d9_b256_r2000_w2_c0,bandwidth,0,9,90.021
rma_flow,pair,0,256,2000,2,1,9,180011,,0,1,bandwidth_pair_s0_d9_b256_r2000_w2_c0,bandwidth,0,9,90.0055
rma_flow,split_near2,10,64,2000,1,2,36,248494,,0,1,contention_split_near2_s0_d0_b64_r2000_w1_c10,contention,0,0,124.247
rma_flow,split_near2,10,64,2000,1,2,37,248467,,0,1,contention_split_near2_s0_d0_b64_r2000_w1_c10,contention,0,0,124.2335
rma_flow,split_near2,10,64,2000,1,2,52,276042,,0,1,contention_split_near2_s0_d0_b64_r2000_w1_c10,contention,0,0,138.021
rma_flow,split_near2,10,64,2000,1,2,53,276030,,0,1,contention_split_near2_s0_d0_b64_r2000_w1_c10,contention,0,0,138.015
rma_flow,pair,0,32,2000,8,1,0,130043,,0,1,bandwidth_pair_s0_d56_b32_r2000_w8_c0,bandwidth,0,56,65.0215
rma_flow,pair,0,32,2000,8,1,56,130011,,0,1,bandwidth_pair_s0_d56_b32_r2000_w8_c0,bandwidth,0,56,65.0055
rma_flow,pair,0,32,2000,16,1,0,123043,,0,1,bandwidth_pair_s0_d7_b32_r2000_w16_c0,bandwidth,0,7,61.5215
rma_flow,pair,0,32,2000,16,1,7,123011,,0,1,bandwidth_pair_s0_d7_b32_r2000_w16_c0,bandwidth,0,7,61.5055
rma_flow,pair,0,16,2000,4,1,0,144043,,0,1,bandwidth_pair_s0_d9_b16_r2000_w4_c0,bandwidth,0,9,72.0215
rma_flow,pair,0,16,2000,4,1,9,144005,,0,1,bandwidth_pair_s0_d9_b16_r2000_w4_c0,bandwidth,0,9,72.0025
rma_flow,pair,0,256,2000,4,1,1,150043,,0,1,bandwidth_pair_s1_d2_b256_r2000_w4_c0,bandwidth,1,2,75.0215
rma_flow,pair,0,256,2000,4,1,2,150024,,0,1,bandwidth_pair_s1_d2_b256_r2000_w4_c0,bandwidth,1,2,75.012
rma_flow,pair,0,4096,2000,1,1,0,548042,,0,1,bandwidth_pair_s0_d8_b4096_r2000_w1_c0,bandwidth,0,8,274.021
rma_flow,pair,0,4096,2000,1,1,8,548016,,0,1,bandwidth_pair_s0_d8_b4096_r2000_w1_c0,bandwidth,0,8,274.008
rma_flow,incast3,15,1024,2000,1,3,54,422217,,0,1,contention_incast3_s0_d0_b1024_r2000_w1_c15,contention,0,0,211.1085
rma_flow,incast3,15,1024,2000,1,3,55,355136,,0,1,contention_incast3_s0_d0_b1024_r2000_w1_c15,contention,0,0,177.568
rma_flow,incast3,15,1024,2000,1,3,62,415428,,0,1,contention_incast3_s0_d0_b1024_r2000_w1_c15,contention,0,0,207.714
rma_flow,incast3,15,1024,2000,1,3,63,422238,,0,1,contention_incast3_s0_d0_b1024_r2000_w1_c15,contention,0,0,211.119
rma_flow,pair,0,16384,2000,2,1,0,1394042,,0,1,bandwidth_pair_s0_d63_b16384_r2000_w2_c0,bandwidth,0,63,697.021
rma_flow,pair,0,16384,2000,2,1,63,1393997,,0,1,bandwidth_pair_s0_d63_b16384_r2000_w2_c0,bandwidth,0,63,696.9985
rma_flow,pair,0,64,2000,4,1,0,144041,,0,1,bandwidth_pair_s0_d9_b64_r2000_w4_c0,bandwidth,0,9,72.0205
rma_flow,pair,0,64,2000,4,1,9,144005,,0,1,bandwidth_pair_s0_d9_b64_r2000_w4_c0,bandwidth,0,9,72.0025
rma_flow,pair,0,256,2000,2,1,0,180043,,0,1,bandwidth_pair_s0_d7_b256_r2000_w2_c0,bandwidth,0,7,90.0215
rma_flow,pair,0,256,2000,2,1,7,180018,,0,1,bandwidth_pair_s0_d7_b256_r2000_w2_c0,bandwidth,0,7,90.009
rma_flow,single,5,1024,2000,1,1,18,310042,,0,1,contention_single_s0_d0_b1024_r2000_w1_c5,contention,0,0,155.021
rma_flow,single,5,1024,2000,1,1,19,310024,,0,1,contention_single_s0_d0_b1024_r2000_w1_c5,contention,0,0,155.012
rma_flow,pair,0,64,2000,8,1,0,130041,,0,1,bandwidth_pair_s0_d56_b64_r2000_w8_c0,bandwidth,0,56,65.0205
rma_flow,pair,0,64,2000,8,1,56,130011,,0,1,bandwidth_pair_s0_d56_b64_r2000_w8_c0,bandwidth,0,56,65.0055
rma_flow,pair,0,256,2000,16,1,9,127542,,0,1,bandwidth_pair_s9_d18_b256_r2000_w16_c0,bandwidth,9,18,63.771
rma_flow,pair,0,256,2000,16,1,18,127522,,0,1,bandwidth_pair_s9_d18_b256_r2000_w16_c0,bandwidth,9,18,63.761
rma_flow,pair,0,16384,2000,4,1,0,1338041,,0,1,bandwidth_pair_s0_d9_b16384_r2000_w4_c0,bandwidth,0,9,669.0205
rma_flow,pair,0,16384,2000,4,1,9,1338005,,0,1,bandwidth_pair_s0_d9_b16384_r2000_w4_c0,bandwidth,0,9,669.0025
rma_flow,split_near2,15,64,2000,1,2,38,276496,,0,1,contention_split_near2_s0_d0_b64_r2000_w1_c15,contention,0,0,138.248
rma_flow,split_near2,15,64,2000,1,2,39,276482,,0,1,contention_split_near2_s0_d0_b64_r2000_w1_c15,contention,0,0,138.241
rma_flow,split_near2,15,64,2000,1,2,54,248042,,0,1,contention_split_near2_s0_d0_b64_r2000_w1_c15,contention,0,0,124.021
rma_flow,split_near2,15,64,2000,1,2,55,248017,,0,1,contention_split_near2_s0_d0_b64_r2000_w1_c15,contention,0,0,124.0085
rma_flow,pair,0,32,2000,4,1,0,144043,,0,1,bandwidth_pair_s0_d7_b32_r2000_w4_c0,bandwidth,0,7,72.0215
rma_flow,pair,0,32,2000,4,1,7,144011,,0,1,bandwidth_pair_s0_d7_b32_r2000_w4_c0,bandwidth,0,7,72.0055
rma_flow,intra2,15,1024,2000,4,2,54,218007,,0,1,contention_intra2_s0_d0_b1024_r2000_w4_c15,contention,0,0,109.0035
rma_flow,intra2,15,1024,2000,4,2,55,217992,,0,1,contention_intra2_s0_d0_b1024_r2000_w4_c15,contention,0,0,108.996
rma_flow,intra2,15,1024,2000,4,2,62,218050,,0,1,contention_intra2_s0_d0_b1024_r2000_w4_c15,contention,0,0,109.025
rma_flow,intra2,15,1024,2000,4,2,63,218034,,0,1,contention_intra2_s0_d0_b1024_r2000_w4_c15,contention,0,0,109.017
rma_flow,pair,0,32,2000,1,1,9,228041,,0,1,bandwidth_pair_s9_d18_b32_r2000_w1_c0,bandwidth,9,18,114.0205
rma_flow,pair,0,32,2000,1,1,18,228019,,0,1,bandwidth_pair_s9_d18_b32_r2000_w1_c0,bandwidth,9,18,114.0095
rma_flow,pair,0,8,2000,16,1,0,123042,,0,1,bandwidth_pair_s0_d8_b8_r2000_w16_c0,bandwidth,0,8,61.521
rma_flow,pair,0,8,2000,16,1,8,123013,,0,1,bandwidth_pair_s0_d8_b8_r2000_w16_c0,bandwidth,0,8,61.5065
rma_flow,pair,0,128,2000,4,1,0,150042,,0,1,bandwidth_pair_s0_d8_b128_r2000_w4_c0,bandwidth,0,8,75.021
rma_flow,pair,0,128,2000,4,1,8,150011,,0,1,bandwidth_pair_s0_d8_b128_r2000_w4_c0,bandwidth,0,8,75.0055
rma_flow,pair,0,8,2000,4,1,0,144043,,0,1,bandwidth_pair_s0_d8_b8_r2000_w4_c0,bandwidth,0,8,72.0215
rma_flow,pair,0,8,2000,4,1,8,144014,,0,1,bandwidth_pair_s0_d8_b8_r2000_w4_c0,bandwidth,0,8,72.007
rma_flow,pair,0,1024,2000,2,1,8,216042,,0,1,bandwidth_pair_s8_d16_b1024_r2000_w2_c0,bandwidth,8,16,108.021
rma_flow,pair,0,1024,2000,2,1,16,216026,,0,1,bandwidth_pair_s8_d16_b1024_r2000_w2_c0,bandwidth,8,16,108.013
rma_flow,single,10,1024,2000,1,1,36,310042,,0,1,contention_single_s0_d0_b1024_r2000_w1_c10,contention,0,0,155.021
rma_flow,single,10,1024,2000,1,1,37,310024,,0,1,contention_single_s0_d0_b1024_r2000_w1_c10,contention,0,0,155.012
rma_flow,single,5,64,2000,4,1,18,144041,,0,1,contention_single_s0_d0_b64_r2000_w4_c5,contention,0,0,72.0205
rma_flow,single,5,64,2000,4,1,19,144025,,0,1,contention_single_s0_d0_b64_r2000_w4_c5,contention,0,0,72.0125
rma_flow,split_far2,15,64,2000,4,2,22,195537,,0,1,contention_split_far2_s0_d0_b64_r2000_w4_c15,contention,0,0,97.7685
rma_flow,split_far2,15,64,2000,4,2,23,195523,,0,1,contention_split_far2_s0_d0_b64_r2000_w4_c15,contention,0,0,97.7615
rma_flow,split_far2,15,64,2000,4,2,54,188041,,0,1,contention_split_far2_s0_d0_b64_r2000_w4_c15,contention,0,0,94.0205
rma_flow,split_far2,15,64,2000,4,2,55,188017,,0,1,contention_split_far2_s0_d0_b64_r2000_w4_c15,contention,0,0,94.0085
rma_flow,pair,0,16,2000,16,1,0,123042,,0,1,bandwidth_pair_s0_d63_b16_r2000_w16_c0,bandwidth,0,63,61.521
rma_flow,pair,0,16,2000,16,1,63,122997,,0,1,bandwidth_pair_s0_d63_b16_r2000_w16_c0,bandwidth,0,63,61.4985
rma_flow,alltoall4,10,64,2000,1,12,36,824842,,0,1,contention_alltoall4_s0_d0_b64_r2000_w1_c10,contention,0,0,412.421
rma_flow,alltoall4,10,64,2000,1,12,37,824879,,0,1,contention_alltoall4_s0_d0_b64_r2000_w1_c10,contention,0,0,412.4395
rma_flow,alltoall4,10,64,2000,1,12,44,824917,,0,1,contention_alltoall4_s0_d0_b64_r2000_w1_c10,contention,0,0,412.4585
rma_flow,alltoall4,10,64,2000,1,12,45,824944,,0,1,contention_alltoall4_s0_d0_b64_r2000_w1_c10,contention,0,0,412.472
rma_flow,incast3,5,64,2000,1,3,18,328042,,0,1,contention_incast3_s0_d0_b64_r2000_w1_c5,contention,0,0,164.021
rma_flow,incast3,5,64,2000,1,3,19,298219,,0,1,contention_incast3_s0_d0_b64_r2000_w1_c5,contention,0,0,149.1095
rma_flow,incast3,5,64,2000,1,3,26,298223,,0,1,contention_incast3_s0_d0_b64_r2000_w1_c5,contention,0,0,149.1115
rma_flow,incast3,5,64,2000,1,3,27,328060,,0,1,contention_incast3_s0_d0_b64_r2000_w1_c5,contention,0,0,164.03
rma_flow,pair,0,8,2000,1,1,9,228041,,0,1,bandwidth_pair_s9_d18_b8_r2000_w1_c0,bandwidth,9,18,114.0205
rma_flow,pair,0,8,2000,1,1,18,228019,,0,1,bandwidth_pair_s9_d18_b8_r2000_w1_c0,bandwidth,9,18,114.0095
rma_flow,pair,0,32,2000,2,1,8,172042,,0,1,bandwidth_pair_s8_d16_b32_r2000_w2_c0,bandwidth,8,16,86.021
rma_flow,pair,0,32,2000,2,1,16,172022,,0,1,bandwidth_pair_s8_d16_b32_r2000_w2_c0,bandwidth,8,16,86.011
rma_flow,split_near2,5,64,2000,4,2,18,188041,,0,1,contention_split_near2_s0_d0_b64_r2000_w4_c5,contention,0,0,94.0205
rma_flow,split_near2,5,64,2000,4,2,19,188017,,0,1,contention_split_near2_s0_d0_b64_r2000_w4_c5,contention,0,0,94.0085
rma_flow,split_near2,5,64,2000,4,2,34,195493,,0,1,contention_split_near2_s0_d0_b64_r2000_w4_c5,contention,0,0,97.7465
rma_flow,split_near2,5,64,2000,4,2,35,195479,,0,1,contention_split_near2_s0_d0_b64_r2000_w4_c5,contention,0,0,97.7395
rma_flow,split_side2,10,1024,2000,1,2,36,306042,,0,1,contention_split_side2_s0_d0_b1024_r2000_w1_c10,contention,0,0,153.021
rma_flow,split_side2,10,1024,2000,1,2,37,306028,,0,1,contention_split_side2_s0_d0_b1024_r2000_w1_c10,contention,0,0,153.014
rma_flow,split_side2,10,1024,2000,1,2,38,360042,,0,1,contention_split_side2_s0_d0_b1024_r2000_w1_c10,contention,0,0,180.021
rma_flow,split_side2,10,1024,2000,1,2,39,360022,,0,1,contention_split_side2_s0_d0_b1024_r2000_w1_c10,contention,0,0,180.011
rma_flow,pair,0,4096,2000,1,1,1,548042,,0,1,bandwidth_pair_s1_d2_b4096_r2000_w1_c0,bandwidth,1,2,274.021
rma_flow,pair,0,4096,2000,1,1,2,548025,,0,1,bandwidth_pair_s1_d2_b4096_r2000_w1_c0,bandwidth,1,2,274.0125
rma_flow,pair,0,8,2000,2,1,1,172043,,0,1,bandwidth_pair_s1_d2_b8_r2000_w2_c0,bandwidth,1,2,86.0215
rma_flow,pair,0,8,2000,2,1,2,172022,,0,1,bandwidth_pair_s1_d2_b8_r2000_w2_c0,bandwidth,1,2,86.011
rma_flow,intra2,0,64,2000,4,2,0,188042,,0,1,contention_intra2_s0_d0_b64_r2000_w4_c0,contention,0,0,94.021
rma_flow,intra2,0,64,2000,4,2,1,188006,,0,1,contention_intra2_s0_d0_b64_r2000_w4_c0,contention,0,0,94.003
rma_flow,intra2,0,64,2000,4,2,8,195258,,0,1,contention_intra2_s0_d0_b64_r2000_w4_c0,contention,0,0,97.629
rma_flow,intra2,0,64,2000,4,2,9,195232,,0,1,contention_intra2_s0_d0_b64_r2000_w4_c0,contention,0,0,97.616
rma_flow,pair,0,32,2000,16,1,0,123043,,0,1,bandwidth_pair_s0_d1_b32_r2000_w16_c0,bandwidth,0,1,61.5215
rma_flow,pair,0,32,2000,16,1,1,123014,,0,1,bandwidth_pair_s0_d1_b32_r2000_w16_c0,bandwidth,0,1,61.507
rma_flow,pair,0,16,2000,2,1,0,172043,,0,1,bandwidth_pair_s0_d8_b16_r2000_w2_c0,bandwidth,0,8,86.0215
rma_flow,pair,0,16,2000,2,1,8,172014,,0,1,bandwidth_pair_s0_d8_b16_r2000_w2_c0,bandwidth,0,8,86.007
rma_flow,split_side2,0,1024,2000,4,2,0,204041,,0,1,contention_split_side2_s0_d0_b1024_r2000_w4_c0,contention,0,0,102.0205
rma_flow,split_side2,0,1024,2000,4,2,1,204013,,0,1,contention_split_side2_s0_d0_b1024_r2000_w4_c0,contention,0,0,102.0065
rma_flow,split_side2,0,1024,2000,4,2,2,218042,,0,1,contention_split_side2_s0_d0_b1024_r2000_w4_c0,contention,0,0,109.021
rma_flow,split_side2,0,1024,2000,4,2,3,218026,,0,1,contention_split_side2_s0_d0_b1024_r2000_w4_c0,contention,0,0,109.013
rma_flow,pair,0,4096,2000,16,1,9,336292,,0,1,bandwidth_pair_s9_d18_b4096_r2000_w16_c0,bandwidth,9,18,168.146
rma_flow,pair,0,4096,2000,16,1,18,336273,,0,1,bandwidth_pair_s9_d18_b4096_r2000_w16_c0,bandwidth,9,18,168.1365
rma_flow,pair,0,64,2000,2,1,0,172042,,0,1,bandwidth_pair_s0_d8_b64_r2000_w2_c0,bandwidth,0,8,86.021
rma_flow,pair,0,64,2000,2,1,8,172015,,0,1,bandwidth_pair_s0_d8_b64_r2000_w2_c0,bandwidth,0,8,86.0075
rma_flow,pair,0,64,2000,8,1,0,130042,,0,1,bandwidth_pair_s0_d7_b64_r2000_w8_c0,bandwidth,0,7,65.021
rma_flow,pair,0,64,2000,8,1,7,130012,,0,1,bandwidth_pair_s0_d7_b64_r2000_w8_c0,bandwidth,0,7,65.006
rma_flow,pair,0,64,2000,8,1,0,130041,,0,1,bandwidth_pair_s0_d63_b64_r2000_w8_c0,bandwidth,0,63,65.0205
rma_flow,pair,0,64,2000,8,1,63,129998,,0,1,bandwidth_pair_s0_d63_b64_r2000_w8_c0,bandwidth,0,63,64.999
rma_flow,split_near2,5,1024,2000,4,2,18,204041,,0,1,contention_split_near2_s0_d0_b1024_r2000_w4_c5,contention,0,0,102.0205
rma_flow,split_near2,5,1024,2000,4,2,19,204024,,0,1,contention_split_near2_s0_d0_b1024_r2000_w4_c5,contention,0,0,102.012
rma_flow,split_near2,5,1024,2000,4,2,34,218042,,0,1,contention_split_near2_s0_d0_b1024_r2000_w4_c5,contention,0,0,109.021
rma_flow,split_near2,5,1024,2000,4,2,35,218026,,0,1,contention_split_near2_s0_d0_b1024_r2000_w4_c5,contention,0,0,109.013
rma_flow,pair,0,64,2000,1,1,0,228041,,0,1,bandwidth_pair_s0_d56_b64_r2000_w1_c0,bandwidth,0,56,114.0205
rma_flow,pair,0,64,2000,1,1,56,228011,,0,1,bandwidth_pair_s0_d56_b64_r2000_w1_c0,bandwidth,0,56,114.0055
rma_flow,pair,0,32,2000,4,1,1,144043,,0,1,bandwidth_pair_s1_d2_b32_r2000_w4_c0,bandwidth,1,2,72.0215
rma_flow,pair,0,32,2000,4,1,2,144022,,0,1,bandwidth_pair_s1_d2_b32_r2000_w4_c0,bandwidth,1,2,72.011
rma_flow,pair,0,16384,2000,4,1,0,1337042,,0,1,bandwidth_pair_s0_d56_b16384_r2000_w4_c0,bandwidth,0,56,668.521
rma_flow,pair,0,16384,2000,4,1,56,1337014,,0,1,bandwidth_pair_s0_d56_b16384_r2000_w4_c0,bandwidth,0,56,668.507
rma_flow,pair,0,16,2000,2,1,0,172043,,0,1,bandwidth_pair_s0_d56_b16_r2000_w2_c0,bandwidth,0,56,86.0215
rma_flow,pair,0,16,2000,2,1,56,172011,,0,1,bandwidth_pair_s0_d56_b16_r2000_w2_c0,bandwidth,0,56,86.0055
rma_flow,pair,0,64,2000,8,1,0,130041,,0,1,bandwidth_pair_s0_d9_b64_r2000_w8_c0,bandwidth,0,9,65.0205
rma_flow,pair,0,64,2000,8,1,9,130005,,0,1,bandwidth_pair_s0_d9_b64_r2000_w8_c0,bandwidth,0,9,65.0025
rma_flow,pair,0,64,2000,1,1,0,228041,,0,1,bandwidth_pair_s0_d63_b64_r2000_w1_c0,bandwidth,0,63,114.0205
rma_flow,pair,0,64,2000,1,1,63,227998,,0,1,bandwidth_pair_s0_d63_b64_r2000_w1_c0,bandwidth,0,63,113.999
rma_flow,pair,0,128,2000,1,1,8,240042,,0,1,bandwidth_pair_s8_d16_b128_r2000_w1_c0,bandwidth,8,16,120.021
rma_flow,pair,0,128,2000,1,1,16,240019,,0,1,bandwidth_pair_s8_d16_b128_r2000_w1_c0,bandwidth,8,16,120.0095
rma_flow,pair,0,64,2000,2,1,0,172042,,0,1,bandwidth_pair_s0_d63_b64_r2000_w2_c0,bandwidth,0,63,86.021
rma_flow,pair,0,64,2000,2,1,63,171999,,0,1,bandwidth_pair_s0_d63_b64_r2000_w2_c0,bandwidth,0,63,85.9995
rma_flow,pair,0,1024,2000,8,1,0,148041,,0,1,bandwidth_pair_s0_d9_b1024_r2000_w8_c0,bandwidth,0,9,74.0205
rma_flow,pair,0,1024,2000,8,1,9,148001,,0,1,bandwidth_pair_s0_d9_b1024_r2000_w8_c0,bandwidth,0,9,74.0005
rma_flow,pair,0,32,2000,8,1,0,130042,,0,1,bandwidth_pair_s0_d9_b32_r2000_w8_c0,bandwidth,0,9,65.021
rma_flow,pair,0,32,2000,8,1,9,130004,,0,1,bandwidth_pair_s0_d9_b32_r2000_w8_c0,bandwidth,0,9,65.002
rma_flow,pair,0,128,2000,1,1,0,240042,,0,1,bandwidth_pair_s0_d8_b128_r2000_w1_c0,bandwidth,0,8,120.021
rma_flow,pair,0,128,2000,1,1,8,240010,,0,1,bandwidth_pair_s0_d8_b128_r2000_w1_c0,bandwidth,0,8,120.005
rma_flow,pair,0,1024,2000,1,1,0,310042,,0,1,bandwidth_pair_s0_d63_b1024_r2000_w1_c0,bandwidth,0,63,155.021
rma_flow,pair,0,1024,2000,1,1,63,309997,,0,1,bandwidth_pair_s0_d63_b1024_r2000_w1_c0,bandwidth,0,63,154.9985
rma_flow,split_near2,5,1024,2000,1,2,18,306042,,0,1,contention_split_near2_s0_d0_b1024_r2000_w1_c5,contention,0,0,153.021
rma_flow,split_near2,5,1024,2000,1,2,19,306028,,0,1,contention_split_near2_s0_d0_b1024_r2000_w1_c5,contention,0,0,153.014
rma_flow,split_near2,5,1024,2000,1,2,34,360042,,0,1,contention_split_near2_s0_d0_b1024_r2000_w1_c5,contention,0,0,180.021
rma_flow,split_near2,5,1024,2000,1,2,35,360023,,0,1,contention_split_near2_s0_d0_b1024_r2000_w1_c5,contention,0,0,180.0115
rma_flow,pair,0,128,2000,16,1,1,127542,,0,1,bandwidth_pair_s1_d2_b128_r2000_w16_c0,bandwidth,1,2,63.771
rma_flow,pair,0,128,2000,16,1,2,127522,,0,1,bandwidth_pair_s1_d2_b128_r2000_w16_c0,bandwidth,1,2,63.761
rma_flow,pair,0,8,2000,2,1,0,172042,,0,1,bandwidth_pair_s0_d7_b8_r2000_w2_c0,bandwidth,0,7,86.021
rma_flow,pair,0,8,2000,2,1,7,172010,,0,1,bandwidth_pair_s0_d7_b8_r2000_w2_c0,bandwidth,0,7,86.005
rma_flow,pair,0,64,2000,16,1,0,123041,,0,1,bandwidth_pair_s0_d8_b64_r2000_w16_c0,bandwidth,0,8,61.5205
rma_flow,pair,0,64,2000,16,1,8,123014,,0,1,bandwidth_pair_s0_d8_b64_r2000_w16_c0,bandwidth,0,8,61.507
rma_flow,pair,0,1024,2000,8,1,0,148041,,0,1,bandwidth_pair_s0_d8_b1024_r2000_w8_c0,bandwidth,0,8,74.0205
rma_flow,pair,0,1024,2000,8,1,8,148010,,0,1,bandwidth_pair_s0_d8_b1024_r2000_w8_c0,bandwidth,0,8,74.005
rma_flow,split_side2,0,1024,2000,1,2,0,306042,,0,1,contention_split_side2_s0_d0_b1024_r2000_w1_c0,contention,0,0,153.021
rma_flow,split_side2,0,1024,2000,1,2,1,306015,,0,1,contention_split_side2_s0_d0_b1024_r2000_w1_c0,contention,0,0,153.0075
rma_flow,split_side2,0,1024,2000,1,2,2,360042,,0,1,contention_split_side2_s0_d0_b1024_r2000_w1_c0,contention,0,0,180.021
rma_flow,split_side2,0,1024,2000,1,2,3,360023,,0,1,contention_split_side2_s0_d0_b1024_r2000_w1_c0,contention,0,0,180.0115
rma_flow,intra2,15,64,2000,1,2,54,248043,,0,1,contention_intra2_s0_d0_b64_r2000_w1_c15,contention,0,0,124.0215
rma_flow,intra2,15,64,2000,1,2,55,248021,,0,1,contention_intra2_s0_d0_b64_r2000_w1_c15,contention,0,0,124.0105
rma_flow,intra2,15,64,2000,1,2,62,277091,,0,1,contention_intra2_s0_d0_b64_r2000_w1_c15,contention,0,0,138.5455
rma_flow,intra2,15,64,2000,1,2,63,277077,,0,1,contention_intra2_s0_d0_b64_r2000_w1_c15,contention,0,0,138.5385
rma_flow,pair,0,16384,2000,4,1,0,1337042,,0,1,bandwidth_pair_s0_d63_b16384_r2000_w4_c0,bandwidth,0,63,668.521
rma_flow,pair,0,16384,2000,4,1,63,1337004,,0,1,bandwidth_pair_s0_d63_b16384_r2000_w4_c0,bandwidth,0,63,668.502
rma_flow,split_far2,10,64,2000,4,2,4,195731,,0,1,contention_split_far2_s0_d0_b64_r2000_w4_c10,contention,0,0,97.8655
rma_flow,split_far2,10,64,2000,4,2,5,195717,,0,1,contention_split_far2_s0_d0_b64_r2000_w4_c10,contention,0,0,97.8585
rma_flow,split_far2,10,64,2000,4,2,36,188042,,0,1,contention_split_far2_s0_d0_b64_r2000_w4_c10,contention,0,0,94.021
rma_flow,split_far2,10,64,2000,4,2,37,188016,,0,1,contention_split_far2_s0_d0_b64_r2000_w4_c10,contention,0,0,94.008
rma_flow,pair,0,128,2000,2,1,1,180042,,0,1,bandwidth_pair_s1_d2_b128_r2000_w2_c0,bandwidth,1,2,90.021
rma_flow,pair,0,128,2000,2,1,2,180019,,0,1,bandwidth_pair_s1_d2_b128_r2000_w2_c0,bandwidth,1,2,90.0095
rma_flow,pair,0,128,2000,8,1,1,135042,,0,1,bandwidth_pair_s1_d2_b128_r2000_w8_c0,bandwidth,1,2,67.521
rma_flow,pair,0,128,2000,8,1,2,135019,,0,1,bandwidth_pair_s1_d2_b128_r2000_w8_c0,bandwidth,1,2,67.5095
rma_flow,incast3,10,64,2000,1,3,36,328042,,0,1,contention_incast3_s0_d0_b64_r2000_w1_c10,contention,0,0,164.021
rma_flow,incast3,10,64,2000,1,3,37,298219,,0,1,contention_incast3_s0_d0_b64_r2000_w1_c10,contention,0,0,149.1095
rma_flow,incast3,10,64,2000,1,3,44,298223,,0,1,contention_incast3_s0_d0_b64_r2000_w1_c10,contention,0,0,149.1115
rma_flow,incast3,10,64,2000,1,3,45,328060,,0,1,contention_incast3_s0_d0_b64_r2000_w1_c10,contention,0,0,164.03
rma_flow,pair,0,8,2000,2,1,8,172043,,0,1,bandwidth_pair_s8_d16_b8_r2000_w2_c0,bandwidth,8,16,86.0215
rma_flow,pair,0,8,2000,2,1,16,172023,,0,1,bandwidth_pair_s8_d16_b8_r2000_w2_c0,bandwidth,8,16,86.0115
rma_flow,pair,0,4096,2000,4,1,0,378043,,0,1,bandwidth_pair_s0_d63_b4096_r2000_w4_c0,bandwidth,0,63,189.0215
rma_flow,pair,0,4096,2000,4,1,63,377998,,0,1,bandwidth_pair_s0_d63_b4096_r2000_w4_c0,bandwidth,0,63,188.999
rma_flow,pair,0,128,2000,1,1,9,240042,,0,1,bandwidth_pair_s9_d18_b128_r2000_w1_c0,bandwidth,9,18,120.021
rma_flow,pair,0,128,2000,1,1,18,240017,,0,1,bandwidth_pair_s9_d18_b128_r2000_w1_c0,bandwidth,9,18,120.0085
rma_flow,pair,0,16,2000,16,1,8,123043,,0,1,bandwidth_pair_s8_d16_b16_r2000_w16_c0,bandwidth,8,16,61.5215
rma_flow,pair,0,16,2000,16,1,16,123023,,0,1,bandwidth_pair_s8_d16_b16_r2000_w16_c0,bandwidth,8,16,61.5115
rma_flow,pair,0,1024,2000,16,1,0,136542,,0,1,bandwidth_pair_s0_d1_b1024_r2000_w16_c0,bandwidth,0,1,68.271
rma_flow,pair,0,1024,2000,16,1,1,136513,,0,1,bandwidth_pair_s0_d1_b1024_r2000_w16_c0,bandwidth,0,1,68.2565
rma_flow,pair,0,32,2000,16,1,0,123043,,0,1,bandwidth_pair_s0_d9_b32_r2000_w16_c0,bandwidth,0,9,61.5215
rma_flow,pair,0,32,2000,16,1,9,123005,,0,1,bandwidth_pair_s0_d9_b32_r2000_w16_c0,bandwidth,0,9,61.5025
rma_flow,split_side2,5,64,2000,1,2,18,248042,,0,1,contention_split_side2_s0_d0_b64_r2000_w1_c5,contention,0,0,124.021
rma_flow,split_side2,5,64,2000,1,2,19,248016,,0,1,contention_split_side2_s0_d0_b64_r2000_w1_c5,contention,0,0,124.008
rma_flow,split_side2,5,64,2000,1,2,20,276487,,0,1,contention_split_side2_s0_d0_b64_r2000_w1_c5,contention,0,0,138.2435
rma_flow,split_side2,5,64,2000,1,2,21,276473,,0,1,contention_split_side2_s0_d0_b64_r2000_w1_c5,contention,0,0,138.2365
rma_flow,pair,0,16,2000,4,1,0,144043,,0,1,bandwidth_pair_s0_d56_b16_r2000_w4_c0,bandwidth,0,56,72.0215
rma_flow,pair,0,16,2000,4,1,56,144011,,0,1,bandwidth_pair_s0_d56_b16_r2000_w4_c0,bandwidth,0,56,72.0055
rma_flow,pair,0,8,2000,16,1,9,123043,,0,1,bandwidth_pair_s9_d18_b8_r2000_w16_c0,bandwidth,9,18,61.5215
rma_flow,pair,0,8,2000,16,1,18,123021,,0,1,bandwidth_pair_s9_d18_b8_r2000_w16_c0,bandwidth,9,18,61.5105
rma_flow,pair,0,4096,2000,1,1,0,548042,,0,1,bandwidth_pair_s0_d9_b4096_r2000_w1_c0,bandwidth,0,9,274.021
rma_flow,pair,0,4096,2000,1,1,9,548003,,0,1,bandwidth_pair_s0_d9_b4096_r2000_w1_c0,bandwidth,0,9,274.0015
rma_flow,incast3,15,64,2000,1,3,54,328042,,0,1,contention_incast3_s0_d0_b64_r2000_w1_c15,contention,0,0,164.021
rma_flow,incast3,15,64,2000,1,3,55,298219,,0,1,contention_incast3_s0_d0_b64_r2000_w1_c15,contention,0,0,149.1095
rma_flow,incast3,15,64,2000,1,3,62,298223,,0,1,contention_incast3_s0_d0_b64_r2000_w1_c15,contention,0,0,149.1115
rma_flow,incast3,15,64,2000,1,3,63,328060,,0,1,contention_incast3_s0_d0_b64_r2000_w1_c15,contention,0,0,164.03
rma_flow,pair,0,32,2000,16,1,9,123042,,0,1,bandwidth_pair_s9_d18_b32_r2000_w16_c0,bandwidth,9,18,61.521
rma_flow,pair,0,32,2000,16,1,18,123020,,0,1,bandwidth_pair_s9_d18_b32_r2000_w16_c0,bandwidth,9,18,61.51
rma_flow,pair,0,16,2000,8,1,0,130043,,0,1,bandwidth_pair_s0_d63_b16_r2000_w8_c0,bandwidth,0,63,65.0215
rma_flow,pair,0,16,2000,8,1,63,129998,,0,1,bandwidth_pair_s0_d63_b16_r2000_w8_c0,bandwidth,0,63,64.999
rma_flow,split_far2,0,64,2000,4,2,0,188041,,0,1,contention_split_far2_s0_d0_b64_r2000_w4_c0,contention,0,0,94.0205
rma_flow,split_far2,0,64,2000,4,2,1,188008,,0,1,contention_split_far2_s0_d0_b64_r2000_w4_c0,contention,0,0,94.004
rma_flow,split_far2,0,64,2000,4,2,32,195042,,0,1,contention_split_far2_s0_d0_b64_r2000_w4_c0,contention,0,0,97.521
rma_flow,split_far2,0,64,2000,4,2,33,195017,,0,1,contention_split_far2_s0_d0_b64_r2000_w4_c0,contention,0,0,97.5085
rma_flow,pair,0,4096,2000,4,1,9,378043,,0,1,bandwidth_pair_s9_d18_b4096_r2000_w4_c0,bandwidth,9,18,189.0215
rma_flow,pair,0,4096,2000,4,1,18,378026,,0,1,bandwidth_pair_s9_d18_b4096_r2000_w4_c0,bandwidth,9,18,189.013
rma_flow,split_near2,0,1024,2000,4,2,0,204042,,0,1,contention_split_near2_s0_d0_b1024_r2000_w4_c0,contention,0,0,102.021
rma_flow,split_near2,0,1024,2000,4,2,1,204018,,0,1,contention_split_near2_s0_d0_b1024_r2000_w4_c0,contention,0,0,102.009
rma_flow,split_near2,0,1024,2000,4,2,16,218041,,0,1,contention_split_near2_s0_d0_b1024_r2000_w4_c0,contention,0,0,109.0205
rma_flow,split_near2,0,1024,2000,4,2,17,218014,,0,1,contention_split_near2_s0_d0_b1024_r2000_w4_c0,contention,0,0,109.007
rma_flow,pair,0,32768,2000,1,1,0,2788042,,0,1,bandwidth_pair_s0_d56_b32768_r2000_w1_c0,bandwidth,0,56,1394.021
rma_flow,pair,0,32768,2000,1,1,56,2788010,,0,1,bandwidth_pair_s0_d56_b32768_r2000_w1_c0,bandwidth,0,56,1394.005
rma_flow,pair,0,16,2000,1,1,0,228042,,0,1,bandwidth_pair_s0_d1_b16_r2000_w1_c0,bandwidth,0,1,114.021
rma_flow,pair,0,16,2000,1,1,1,228013,,0,1,bandwidth_pair_s0_d1_b16_r2000_w1_c0,bandwidth,0,1,114.0065
rma_flow,pair,0,16384,2000,4,1,0,1338042,,0,1,bandwidth_pair_s0_d8_b16384_r2000_w4_c0,bandwidth,0,8,669.021
rma_flow,pair,0,16384,2000,4,1,8,1338015,,0,1,bandwidth_pair_s0_d8_b16384_r2000_w4_c0,bandwidth,0,8,669.0075
rma_flow,pair,0,16,2000,2,1,9,172042,,0,1,bandwidth_pair_s9_d18_b16_r2000_w2_c0,bandwidth,9,18,86.021
rma_flow,pair,0,16,2000,2,1,18,172020,,0,1,bandwidth_pair_s9_d18_b16_r2000_w2_c0,bandwidth,9,18,86.01
rma_flow,pair,0,16,2000,1,1,0,228041,,0,1,bandwidth_pair_s0_d56_b16_r2000_w1_c0,bandwidth,0,56,114.0205
rma_flow,pair,0,16,2000,1,1,56,228009,,0,1,bandwidth_pair_s0_d56_b16_r2000_w1_c0,bandwidth,0,56,114.0045
rma_flow,pair,0,128,2000,1,1,1,240042,,0,1,bandwidth_pair_s1_d2_b128_r2000_w1_c0,bandwidth,1,2,120.021
rma_flow,pair,0,128,2000,1,1,2,240018,,0,1,bandwidth_pair_s1_d2_b128_r2000_w1_c0,bandwidth,1,2,120.009
rma_flow,split_side2,10,64,2000,4,2,36,188041,,0,1,contention_split_side2_s0_d0_b64_r2000_w4_c10,contention,0,0,94.0205
rma_flow,split_side2,10,64,2000,4,2,37,188017,,0,1,contention_split_side2_s0_d0_b64_r2000_w4_c10,contention,0,0,94.0085
rma_flow,split_side2,10,64,2000,4,2,38,195042,,0,1,contention_split_side2_s0_d0_b64_r2000_w4_c10,contention,0,0,97.521
rma_flow,split_side2,10,64,2000,4,2,39,195030,,0,1,contention_split_side2_s0_d0_b64_r2000_w4_c10,contention,0,0,97.515
rma_flow,pair,0,32768,2000,1,1,8,2788042,,0,1,bandwidth_pair_s8_d16_b32768_r2000_w1_c0,bandwidth,8,16,1394.021
rma_flow,pair,0,32768,2000,1,1,16,2788022,,0,1,bandwidth_pair_s8_d16_b32768_r2000_w1_c0,bandwidth,8,16,1394.011
rma_flow,pair,0,4096,2000,1,1,0,548042,,0,1,bandwidth_pair_s0_d1_b4096_r2000_w1_c0,bandwidth,0,1,274.021
rma_flow,pair,0,4096,2000,1,1,1,548017,,0,1,bandwidth_pair_s0_d1_b4096_r2000_w1_c0,bandwidth,0,1,274.0085
rma_flow,pair,0,8,2000,8,1,0,130043,,0,1,bandwidth_pair_s0_d56_b8_r2000_w8_c0,bandwidth,0,56,65.0215
rma_flow,pair,0,8,2000,8,1,56,130011,,0,1,bandwidth_pair_s0_d56_b8_r2000_w8_c0,bandwidth,0,56,65.0055
rma_flow,split_near2,10,1024,2000,1,2,36,306042,,0,1,contention_split_near2_s0_d0_b1024_r2000_w1_c10,contention,0,0,153.021
rma_flow,split_near2,10,1024,2000,1,2,37,306027,,0,1,contention_split_near2_s0_d0_b1024_r2000_w1_c10,contention,0,0,153.0135
rma_flow,split_near2,10,1024,2000,1,2,52,360042,,0,1,contention_split_near2_s0_d0_b1024_r2000_w1_c10,contention,0,0,180.021
rma_flow,split_near2,10,1024,2000,1,2,53,360023,,0,1,contention_split_near2_s0_d0_b1024_r2000_w1_c10,contention,0,0,180.0115
rma_flow,pair,0,4096,2000,8,1,0,350543,,0,1,bandwidth_pair_s0_d8_b4096_r2000_w8_c0,bandwidth,0,8,175.2715
rma_flow,pair,0,4096,2000,8,1,8,350518,,0,1,bandwidth_pair_s0_d8_b4096_r2000_w8_c0,bandwidth,0,8,175.259
rma_flow,split_far2,0,1024,2000,1,2,0,306042,,0,1,contention_split_far2_s0_d0_b1024_r2000_w1_c0,contention,0,0,153.021
rma_flow,split_far2,0,1024,2000,1,2,1,306014,,0,1,contention_split_far2_s0_d0_b1024_r2000_w1_c0,contention,0,0,153.007
rma_flow,split_far2,0,1024,2000,1,2,32,360042,,0,1,contention_split_far2_s0_d0_b1024_r2000_w1_c0,contention,0,0,180.021
rma_flow,split_far2,0,1024,2000,1,2,33,360014,,0,1,contention_split_far2_s0_d0_b1024_r2000_w1_c0,contention,0,0,180.007
rma_flow,pair,0,4096,2000,1,1,8,548042,,0,1,bandwidth_pair_s8_d16_b4096_r2000_w1_c0,bandwidth,8,16,274.021
rma_flow,pair,0,4096,2000,1,1,16,548022,,0,1,bandwidth_pair_s8_d16_b4096_r2000_w1_c0,bandwidth,8,16,274.011
rma_flow,pair,0,64,2000,16,1,1,123042,,0,1,bandwidth_pair_s1_d2_b64_r2000_w16_c0,bandwidth,1,2,61.521
rma_flow,pair,0,64,2000,16,1,2,123023,,0,1,bandwidth_pair_s1_d2_b64_r2000_w16_c0,bandwidth,1,2,61.5115
rma_flow,intra2,10,64,2000,1,2,36,248043,,0,1,contention_intra2_s0_d0_b64_r2000_w1_c10,contention,0,0,124.0215
rma_flow,intra2,10,64,2000,1,2,37,248021,,0,1,contention_intra2_s0_d0_b64_r2000_w1_c10,contention,0,0,124.0105
rma_flow,intra2,10,64,2000,1,2,44,277091,,0,1,contention_intra2_s0_d0_b64_r2000_w1_c10,contention,0,0,138.5455
rma_flow,intra2,10,64,2000,1,2,45,277077,,0,1,contention_intra2_s0_d0_b64_r2000_w1_c10,contention,0,0,138.5385
rma_flow,pair,0,1024,2000,16,1,9,135793,,0,1,bandwidth_pair_s9_d18_b1024_r2000_w16_c0,bandwidth,9,18,67.8965
rma_flow,pair,0,1024,2000,16,1,18,135772,,0,1,bandwidth_pair_s9_d18_b1024_r2000_w16_c0,bandwidth,9,18,67.886
rma_flow,incast3,0,1024,2000,1,3,0,420075,,0,1,contention_incast3_s0_d0_b1024_r2000_w1_c0,contention,0,0,210.0375
rma_flow,incast3,0,1024,2000,1,3,1,355143,,0,1,contention_incast3_s0_d0_b1024_r2000_w1_c0,contention,0,0,177.5715
rma_flow,incast3,0,1024,2000,1,3,8,419718,,0,1,contention_incast3_s0_d0_b1024_r2000_w1_c0,contention,0,0,209.859
rma_flow,incast3,0,1024,2000,1,3,9,420077,,0,1,contention_incast3_s0_d0_b1024_r2000_w1_c0,contention,0,0,210.0385
rma_flow,pair,0,256,2000,8,1,0,135043,,0,1,bandwidth_pair_s0_d8_b256_r2000_w8_c0,bandwidth,0,8,67.5215
rma_flow,pair,0,256,2000,8,1,8,135020,,0,1,bandwidth_pair_s0_d8_b256_r2000_w8_c0,bandwidth,0,8,67.51
rma_flow,pair,0,128,2000,8,1,0,135042,,0,1,bandwidth_pair_s0_d56_b128_r2000_w8_c0,bandwidth,0,56,67.521
rma_flow,pair,0,128,2000,8,1,56,135011,,0,1,bandwidth_pair_s0_d56_b128_r2000_w8_c0,bandwidth,0,56,67.5055
rma_flow,pair,0,1024,2000,8,1,8,147542,,0,1,bandwidth_pair_s8_d16_b1024_r2000_w8_c0,bandwidth,8,16,73.771
rma_flow,pair,0,1024,2000,8,1,16,147521,,0,1,bandwidth_pair_s8_d16_b1024_r2000_w8_c0,bandwidth,8,16,73.7605
rma_flow,pair,0,16384,2000,2,1,0,1394042,,0,1,bandwidth_pair_s0_d7_b16384_r2000_w2_c0,bandwidth,0,7,697.021
rma_flow,pair,0,16384,2000,2,1,7,1394011,,0,1,bandwidth_pair_s0_d7_b16384_r2000_w2_c0,bandwidth,0,7,697.0055
rma_flow,pair,0,128,2000,16,1,0,127542,,0,1,bandwidth_pair_s0_d8_b128_r2000_w16_c0,bandwidth,0,8,63.771
rma_flow,pair,0,128,2000,16,1,8,127514,,0,1,bandwidth_pair_s0_d8_b128_r2000_w16_c0,bandwidth,0,8,63.757
rma_flow,pair,0,16,2000,1,1,0,228041,,0,1,bandwidth_pair_s0_d9_b16_r2000_w1_c0,bandwidth,0,9,114.0205
rma_flow,pair,0,16,2000,1,1,9,228003,,0,1,bandwidth_pair_s0_d9_b16_r2000_w1_c0,bandwidth,0,9,114.0015
rma_flow,pair,0,32768,2000,2,1,0,2676042,,0,1,bandwidth_pair_s0_d1_b32768_r2000_w2_c0,bandwidth,0,1,1338.021
rma_flow,pair,0,32768,2000,2,1,1,2676017,,0,1,bandwidth_pair_s0_d1_b32768_r2000_w2_c0,bandwidth,0,1,1338.0085
rma_flow,pair,0,16,2000,8,1,8,130042,,0,1,bandwidth_pair_s8_d16_b16_r2000_w8_c0,bandwidth,8,16,65.021
rma_flow,pair,0,16,2000,8,1,16,130022,,0,1,bandwidth_pair_s8_d16_b16_r2000_w8_c0,bandwidth,8,16,65.011
rma_flow,split_side2,15,1024,2000,4,2,52,218041,,0,1,contention_split_side2_s0_d0_b1024_r2000_w4_c15,contention,0,0,109.0205
rma_flow,split_side2,15,1024,2000,4,2,53,218025,,0,1,contention_split_side2_s0_d0_b1024_r2000_w4_c15,contention,0,0,109.0125
rma_flow,split_side2,15,1024,2000,4,2,54,204041,,0,1,contention_split_side2_s0_d0_b1024_r2000_w4_c15,contention,0,0,102.0205
rma_flow,split_side2,15,1024,2000,4,2,55,204024,,0,1,contention_split_side2_s0_d0_b1024_r2000_w4_c15,contention,0,0,102.012
rma_flow,incast3,15,1024,2000,4,3,54,273180,,0,1,contention_incast3_s0_d0_b1024_r2000_w4_c15,contention,0,0,136.59
rma_flow,incast3,15,1024,2000,4,3,55,273096,,0,1,contention_incast3_s0_d0_b1024_r2000_w4_c15,contention,0,0,136.548
rma_flow,incast3,15,1024,2000,4,3,62,273153,,0,1,contention_incast3_s0_d0_b1024_r2000_w4_c15,contention,0,0,136.5765
rma_flow,incast3,15,1024,2000,4,3,63,273197,,0,1,contention_incast3_s0_d0_b1024_r2000_w4_c15,contention,0,0,136.5985
rma_flow,pair,0,32,2000,16,1,0,123043,,0,1,bandwidth_pair_s0_d56_b32_r2000_w16_c0,bandwidth,0,56,61.5215
rma_flow,pair,0,32,2000,16,1,56,123011,,0,1,bandwidth_pair_s0_d56_b32_r2000_w16_c0,bandwidth,0,56,61.5055
rma_flow,alltoall4,5,1024,2000,4,12,18,1026130,,0,1,contention_alltoall4_s0_d0_b1024_r2000_w4_c5,contention,0,0,513.065
rma_flow,alltoall4,5,1024,2000,4,12,19,1026174,,0,1,contention_alltoall4_s0_d0_b1024_r2000_w4_c5,contention,0,0,513.087
rma_flow,alltoall4,5,1024,2000,4,12,26,1026212,,0,1,contention_alltoall4_s0_d0_b1024_r2000_w4_c5,contention,0,0,513.106
rma_flow,alltoall4,5,1024,2000,4,12,27,1026241,,0,1,contention_alltoall4_s0_d0_b1024_r2000_w4_c5,contention,0,0,513.1205
rma_flow,pair,0,1024,2000,8,1,0,148042,,0,1,bandwidth_pair_s0_d1_b1024_r2000_w8_c0,bandwidth,0,1,74.021
rma_flow,pair,0,1024,2000,8,1,1,148011,,0,1,bandwidth_pair_s0_d1_b1024_r2000_w8_c0,bandwidth,0,1,74.0055
rma_flow,pair,0,1024,2000,1,1,0,310042,,0,1,bandwidth_pair_s0_d7_b1024_r2000_w1_c0,bandwidth,0,7,155.021
rma_flow,pair,0,1024,2000,1,1,7,310010,,0,1,bandwidth_pair_s0_d7_b1024_r2000_w1_c0,bandwidth,0,7,155.005
rma_flow,pair,0,64,2000,2,1,0,172041,,0,1,bandwidth_pair_s0_d9_b64_r2000_w2_c0,bandwidth,0,9,86.0205
rma_flow,pair,0,64,2000,2,1,9,172005,,0,1,bandwidth_pair_s0_d9_b64_r2000_w2_c0,bandwidth,0,9,86.0025
rma_flow,split_near2,0,1024,2000,1,2,0,306042,,0,1,contention_split_near2_s0_d0_b1024_r2000_w1_c0,contention,0,0,153.021
rma_flow,split_near2,0,1024,2000,1,2,1,306014,,0,1,contention_split_near2_s0_d0_b1024_r2000_w1_c0,contention,0,0,153.007
rma_flow,split_near2,0,1024,2000,1,2,16,360042,,0,1,contention_split_near2_s0_d0_b1024_r2000_w1_c0,contention,0,0,180.021
rma_flow,split_near2,0,1024,2000,1,2,17,360016,,0,1,contention_split_near2_s0_d0_b1024_r2000_w1_c0,contention,0,0,180.008
rma_flow,pair,0,64,2000,8,1,9,130041,,0,1,bandwidth_pair_s9_d18_b64_r2000_w8_c0,bandwidth,9,18,65.0205
rma_flow,pair,0,64,2000,8,1,18,130021,,0,1,bandwidth_pair_s9_d18_b64_r2000_w8_c0,bandwidth,9,18,65.0105
rma_flow,pair,0,64,2000,16,1,9,123041,,0,1,bandwidth_pair_s9_d18_b64_r2000_w16_c0,bandwidth,9,18,61.5205
rma_flow,pair,0,64,2000,16,1,18,123021,,0,1,bandwidth_pair_s9_d18_b64_r2000_w16_c0,bandwidth,9,18,61.5105
rma_flow,pair,0,128,2000,1,1,0,240042,,0,1,bandwidth_pair_s0_d63_b128_r2000_w1_c0,bandwidth,0,63,120.021
rma_flow,pair,0,128,2000,1,1,63,239994,,0,1,bandwidth_pair_s0_d63_b128_r2000_w1_c0,bandwidth,0,63,119.997
rma_flow,split_far2,15,1024,2000,1,2,22,360042,,0,1,contention_split_far2_s0_d0_b1024_r2000_w1_c15,contention,0,0,180.021
rma_flow,split_far2,15,1024,2000,1,2,23,360022,,0,1,contention_split_far2_s0_d0_b1024_r2000_w1_c15,contention,0,0,180.011
rma_flow,split_far2,15,1024,2000,1,2,54,306042,,0,1,contention_split_far2_s0_d0_b1024_r2000_w1_c15,contention,0,0,153.021
rma_flow,split_far2,15,1024,2000,1,2,55,306027,,0,1,contention_split_far2_s0_d0_b1024_r2000_w1_c15,contention,0,0,153.0135
rma_flow,pair,0,256,2000,1,1,0,240043,,0,1,bandwidth_pair_s0_d9_b256_r2000_w1_c0,bandwidth,0,9,120.0215
rma_flow,pair,0,256,2000,1,1,9,240008,,0,1,bandwidth_pair_s0_d9_b256_r2000_w1_c0,bandwidth,0,9,120.004
rma_flow,pair,0,128,2000,8,1,8,135042,,0,1,bandwidth_pair_s8_d16_b128_r2000_w8_c0,bandwidth,8,16,67.521
rma_flow,pair,0,128,2000,8,1,16,135023,,0,1,bandwidth_pair_s8_d16_b128_r2000_w8_c0,bandwidth,8,16,67.5115
rma_flow,pair,0,16384,2000,1,1,0,1508042,,0,1,bandwidth_pair_s0_d8_b16384_r2000_w1_c0,bandwidth,0,8,754.021
rma_flow,pair,0,16384,2000,1,1,8,1508011,,0,1,bandwidth_pair_s0_d8_b16384_r2000_w1_c0,bandwidth,0,8,754.0055
rma_flow,pair,0,256,2000,4,1,0,150042,,0,1,bandwidth_pair_s0_d56_b256_r2000_w4_c0,bandwidth,0,56,75.021
rma_flow,pair,0,256,2000,4,1,56,150016,,0,1,bandwidth_pair_s0_d56_b256_r2000_w4_c0,bandwidth,0,56,75.008
rma_flow,pair,0,4096,2000,2,1,8,436042,,0,1,bandwidth_pair_s8_d16_b4096_r2000_w2_c0,bandwidth,8,16,218.021
rma_flow,pair,0,4096,2000,2,1,16,436026,,0,1,bandwidth_pair_s8_d16_b4096_r2000_w2_c0,bandwidth,8,16,218.013
rma_flow,pair,0,4096,2000,16,1,0,336292,,0,1,bandwidth_pair_s0_d56_b4096_r2000_w16_c0,bandwidth,0,56,168.146
rma_flow,pair,0,4096,2000,16,1,56,336263,,0,1,bandwidth_pair_s0_d56_b4096_r2000_w16_c0,bandwidth,0,56,168.1315
rma_flow,pair,0,65536,2000,1,1,0,5350042,,0,1,bandwidth_pair_s0_d7_b65536_r2000_w1_c0,bandwidth,0,7,2675.021
rma_flow,pair,0,65536,2000,1,1,7,5350011,,0,1,bandwidth_pair_s0_d7_b65536_r2000_w1_c0,bandwidth,0,7,2675.0055
rma_flow,pair,0,64,2000,8,1,8,130042,,0,1,bandwidth_pair_s8_d16_b64_r2000_w8_c0,bandwidth,8,16,65.021
rma_flow,pair,0,64,2000,8,1,16,130024,,0,1,bandwidth_pair_s8_d16_b64_r2000_w8_c0,bandwidth,8,16,65.012
rma_flow,pair,0,16,2000,2,1,0,172042,,0,1,bandwidth_pair_s0_d63_b16_r2000_w2_c0,bandwidth,0,63,86.021
rma_flow,pair,0,16,2000,2,1,63,171997,,0,1,bandwidth_pair_s0_d63_b16_r2000_w2_c0,bandwidth,0,63,85.9985
rma_flow,pair,0,256,2000,4,1,0,150043,,0,1,bandwidth_pair_s0_d8_b256_r2000_w4_c0,bandwidth,0,8,75.0215
rma_flow,pair,0,256,2000,4,1,8,150016,,0,1,bandwidth_pair_s0_d8_b256_r2000_w4_c0,bandwidth,0,8,75.008
rma_flow,intra2,0,1024,2000,4,2,0,218008,,0,1,contention_intra2_s0_d0_b1024_r2000_w4_c0,contention,0,0,109.004
rma_flow,intra2,0,1024,2000,4,2,1,217983,,0,1,contention_intra2_s0_d0_b1024_r2000_w4_c0,contention,0,0,108.9915
rma_flow,intra2,0,1024,2000,4,2,8,218041,,0,1,contention_intra2_s0_d0_b1024_r2000_w4_c0,contention,0,0,109.0205
rma_flow,intra2,0,1024,2000,4,2,9,218015,,0,1,contention_intra2_s0_d0_b1024_r2000_w4_c0,contention,0,0,109.0075
rma_flow,pair,0,32768,2000,2,1,0,2676042,,0,1,bandwidth_pair_s0_d63_b32768_r2000_w2_c0,bandwidth,0,63,1338.021
rma_flow,pair,0,32768,2000,2,1,63,2676001,,0,1,bandwidth_pair_s0_d63_b32768_r2000_w2_c0,bandwidth,0,63,1338.0005
rma_flow,pair,0,1024,2000,16,1,1,135792,,0,1,bandwidth_pair_s1_d2_b1024_r2000_w16_c0,bandwidth,1,2,67.896
rma_flow,pair,0,1024,2000,16,1,2,135772,,0,1,bandwidth_pair_s1_d2_b1024_r2000_w16_c0,bandwidth,1,2,67.886
rma_flow,intra2,5,64,2000,4,2,18,188041,,0,1,contention_intra2_s0_d0_b64_r2000_w4_c5,contention,0,0,94.0205
rma_flow,intra2,5,64,2000,4,2,19,188015,,0,1,contention_intra2_s0_d0_b64_r2000_w4_c5,contention,0,0,94.0075
rma_flow,intra2,5,64,2000,4,2,26,195267,,0,1,contention_intra2_s0_d0_b64_r2000_w4_c5,contention,0,0,97.6335
rma_flow,intra2,5,64,2000,4,2,27,195251,,0,1,contention_intra2_s0_d0_b64_r2000_w4_c5,contention,0,0,97.6255
rma_flow,pair,0,32,2000,8,1,1,130042,,0,1,bandwidth_pair_s1_d2_b32_r2000_w8_c0,bandwidth,1,2,65.021
rma_flow,pair,0,32,2000,8,1,2,130021,,0,1,bandwidth_pair_s1_d2_b32_r2000_w8_c0,bandwidth,1,2,65.0105
rma_flow,pair,0,256,2000,1,1,1,240043,,0,1,bandwidth_pair_s1_d2_b256_r2000_w1_c0,bandwidth,1,2,120.0215
rma_flow,pair,0,256,2000,1,1,2,240025,,0,1,bandwidth_pair_s1_d2_b256_r2000_w1_c0,bandwidth,1,2,120.0125
rma_flow,pair,0,8,2000,8,1,0,130043,,0,1,bandwidth_pair_s0_d8_b8_r2000_w8_c0,bandwidth,0,8,65.0215
rma_flow,pair,0,8,2000,8,1,8,130014,,0,1,bandwidth_pair_s0_d8_b8_r2000_w8_c0,bandwidth,0,8,65.007
rma_flow,split_far2,5,1024,2000,1,2,18,306042,,0,1,contention_split_far2_s0_d0_b1024_r2000_w1_c5,contention,0,0,153.021
rma_flow,split_far2,5,1024,2000,1,2,19,306028,,0,1,contention_split_far2_s0_d0_b1024_r2000_w1_c5,contention,0,0,153.014
rma_flow,split_far2,5,1024,2000,1,2,50,360499,,0,1,contention_split_far2_s0_d0_b1024_r2000_w1_c5,contention,0,0,180.2495
rma_flow,split_far2,5,1024,2000,1,2,51,360485,,0,1,contention_split_far2_s0_d0_b1024_r2000_w1_c5,contention,0,0,180.2425
rma_flow,split_far2,0,64,2000,1,2,0,248042,,0,1,contention_split_far2_s0_d0_b64_r2000_w1_c0,contention,0,0,124.021
rma_flow,split_far2,0,64,2000,1,2,1,248008,,0,1,contention_split_far2_s0_d0_b64_r2000_w1_c0,contention,0,0,124.004
rma_flow,split_far2,0,64,2000,1,2,32,276042,,0,1,contention_split_far2_s0_d0_b64_r2000_w1_c0,contention,0,0,138.021
rma_flow,split_far2,0,64,2000,1,2,33,276017,,0,1,contention_split_far2_s0_d0_b64_r2000_w1_c0,contention,0,0,138.0085
rma_flow,pair,0,8,2000,2,1,0,172043,,0,1,bandwidth_pair_s0_d63_b8_r2000_w2_c0,bandwidth,0,63,86.0215
rma_flow,pair,0,8,2000,2,1,63,171998,,0,1,bandwidth_pair_s0_d63_b8_r2000_w2_c0,bandwidth,0,63,85.999
rma_flow,split_far2,0,1024,2000,4,2,0,204042,,0,1,contention_split_far2_s0_d0_b1024_r2000_w4_c0,contention,0,0,102.021
rma_flow,split_far2,0,1024,2000,4,2,1,204018,,0,1,contention_split_far2_s0_d0_b1024_r2000_w4_c0,contention,0,0,102.009
rma_flow,split_far2,0,1024,2000,4,2,32,218042,,0,1,contention_split_far2_s0_d0_b1024_r2000_w4_c0,contention,0,0,109.021
rma_flow,split_far2,0,1024,2000,4,2,33,218015,,0,1,contention_split_far2_s0_d0_b1024_r2000_w4_c0,contention,0,0,109.0075
rma_flow,single,15,1024,2000,4,1,54,171043,,0,1,contention_single_s0_d0_b1024_r2000_w4_c15,contention,0,0,85.5215
rma_flow,single,15,1024,2000,4,1,55,171030,,0,1,contention_single_s0_d0_b1024_r2000_w4_c15,contention,0,0,85.515
rma_flow,pair,0,4096,2000,2,1,1,436042,,0,1,bandwidth_pair_s1_d2_b4096_r2000_w2_c0,bandwidth,1,2,218.021
rma_flow,pair,0,4096,2000,2,1,2,436025,,0,1,bandwidth_pair_s1_d2_b4096_r2000_w2_c0,bandwidth,1,2,218.0125
rma_flow,pair,0,64,2000,2,1,9,172042,,0,1,bandwidth_pair_s9_d18_b64_r2000_w2_c0,bandwidth,9,18,86.021
rma_flow,pair,0,64,2000,2,1,18,172022,,0,1,bandwidth_pair_s9_d18_b64_r2000_w2_c0,bandwidth,9,18,86.011
rma_flow,pair,0,64,2000,2,1,1,172041,,0,1,bandwidth_pair_s1_d2_b64_r2000_w2_c0,bandwidth,1,2,86.0205
rma_flow,pair,0,64,2000,2,1,2,172022,,0,1,bandwidth_pair_s1_d2_b64_r2000_w2_c0,bandwidth,1,2,86.011
rma_flow,pair,0,1024,2000,8,1,0,147542,,0,1,bandwidth_pair_s0_d7_b1024_r2000_w8_c0,bandwidth,0,7,73.771
rma_flow,pair,0,1024,2000,8,1,7,147511,,0,1,bandwidth_pair_s0_d7_b1024_r2000_w8_c0,bandwidth,0,7,73.7555
rma_flow,ring4,5,1024,2000,1,4,18,474900,,0,1,contention_ring4_s0_d0_b1024_r2000_w1_c5,contention,0,0,237.45
rma_flow,ring4,5,1024,2000,1,4,19,421840,,0,1,contention_ring4_s0_d0_b1024_r2000_w1_c5,contention,0,0,210.92
rma_flow,ring4,5,1024,2000,1,4,26,474928,,0,1,contention_ring4_s0_d0_b1024_r2000_w1_c5,contention,0,0,237.464
rma_flow,ring4,5,1024,2000,1,4,27,474509,,0,1,contention_ring4_s0_d0_b1024_r2000_w1_c5,contention,0,0,237.2545
rma_flow,pair,0,64,2000,1,1,0,228042,,0,1,bandwidth_pair_s0_d8_b64_r2000_w1_c0,bandwidth,0,8,114.021
rma_flow,pair,0,64,2000,1,1,8,228015,,0,1,bandwidth_pair_s0_d8_b64_r2000_w1_c0,bandwidth,0,8,114.0075
rma_flow,split_side2,5,1024,2000,4,2,18,204042,,0,1,contention_split_side2_s0_d0_b1024_r2000_w4_c5,contention,0,0,102.021
rma_flow,split_side2,5,1024,2000,4,2,19,204025,,0,1,contention_split_side2_s0_d0_b1024_r2000_w4_c5,contention,0,0,102.0125
rma_flow,split_side2,5,1024,2000,4,2,20,218042,,0,1,contention_split_side2_s0_d0_b1024_r2000_w4_c5,contention,0,0,109.021
rma_flow,split_side2,5,1024,2000,4,2,21,218026,,0,1,contention_split_side2_s0_d0_b1024_r2000_w4_c5,contention,0,0,109.013
rma_flow,pair,0,16384,2000,1,1,0,1508042,,0,1,bandwidth_pair_s0_d1_b16384_r2000_w1_c0,bandwidth,0,1,754.021
rma_flow,pair,0,16384,2000,1,1,1,1508017,,0,1,bandwidth_pair_s0_d1_b16384_r2000_w1_c0,bandwidth,0,1,754.0085
rma_flow,pair,0,256,2000,1,1,0,240043,,0,1,bandwidth_pair_s0_d7_b256_r2000_w1_c0,bandwidth,0,7,120.0215
rma_flow,pair,0,256,2000,1,1,7,240014,,0,1,bandwidth_pair_s0_d7_b256_r2000_w1_c0,bandwidth,0,7,120.007
rma_flow,pair,0,1024,2000,1,1,1,310042,,0,1,bandwidth_pair_s1_d2_b1024_r2000_w1_c0,bandwidth,1,2,155.021
rma_flow,pair,0,1024,2000,1,1,2,310025,,0,1,bandwidth_pair_s1_d2_b1024_r2000_w1_c0,bandwidth,1,2,155.0125
rma_flow,pair,0,4096,2000,2,1,9,436041,,0,1,bandwidth_pair_s9_d18_b4096_r2000_w2_c0,bandwidth,9,18,218.0205
rma_flow,pair,0,4096,2000,2,1,18,436023,,0,1,bandwidth_pair_s9_d18_b4096_r2000_w2_c0,bandwidth,9,18,218.0115
rma_flow,pair,0,4096,2000,16,1,1,336293,,0,1,bandwidth_pair_s1_d2_b4096_r2000_w16_c0,bandwidth,1,2,168.1465
rma_flow,pair,0,4096,2000,16,1,2,336275,,0,1,bandwidth_pair_s1_d2_b4096_r2000_w16_c0,bandwidth,1,2,168.1375
rma_flow,incast3,0,64,2000,1,3,0,328797,,0,1,contention_incast3_s0_d0_b64_r2000_w1_c0,contention,0,0,164.3985
rma_flow,incast3,0,64,2000,1,3,1,298042,,0,1,contention_incast3_s0_d0_b64_r2000_w1_c0,contention,0,0,149.021
rma_flow,incast3,0,64,2000,1,3,8,298042,,0,1,contention_incast3_s0_d0_b64_r2000_w1_c0,contention,0,0,149.021
rma_flow,incast3,0,64,2000,1,3,9,328791,,0,1,contention_incast3_s0_d0_b64_r2000_w1_c0,contention,0,0,164.3955
rma_flow,pair,0,64,2000,1,1,8,228042,,0,1,bandwidth_pair_s8_d16_b64_r2000_w1_c0,bandwidth,8,16,114.021
rma_flow,pair,0,64,2000,1,1,16,228024,,0,1,bandwidth_pair_s8_d16_b64_r2000_w1_c0,bandwidth,8,16,114.012
rma_flow,pair,0,32768,2000,1,1,0,2788042,,0,1,bandwidth_pair_s0_d7_b32768_r2000_w1_c0,bandwidth,0,7,1394.021
rma_flow,pair,0,32768,2000,1,1,7,2788009,,0,1,bandwidth_pair_s0_d7_b32768_r2000_w1_c0,bandwidth,0,7,1394.0045
rma_flow,pair,0,16384,2000,2,1,8,1394042,,0,1,bandwidth_pair_s8_d16_b16384_r2000_w2_c0,bandwidth,8,16,697.021
rma_flow,pair,0,16384,2000,2,1,16,1394025,,0,1,bandwidth_pair_s8_d16_b16384_r2000_w2_c0,bandwidth,8,16,697.0125
rma_flow,pair,0,128,2000,1,1,0,240042,,0,1,bandwidth_pair_s0_d9_b128_r2000_w1_c0,bandwidth,0,9,120.021
rma_flow,pair,0,128,2000,1,1,9,240001,,0,1,bandwidth_pair_s0_d9_b128_r2000_w1_c0,bandwidth,0,9,120.0005
rma_flow,single,10,64,2000,4,1,36,144042,,0,1,contention_single_s0_d0_b64_r2000_w4_c10,contention,0,0,72.021
rma_flow,single,10,64,2000,4,1,37,144026,,0,1,contention_single_s0_d0_b64_r2000_w4_c10,contention,0,0,72.013
rma_flow,split_side2,10,64,2000,1,2,36,248042,,0,1,contention_split_side2_s0_d0_b64_r2000_w1_c10,contention,0,0,124.021
rma_flow,split_side2,10,64,2000,1,2,37,248016,,0,1,contention_split_side2_s0_d0_b64_r2000_w1_c10,contention,0,0,124.008
rma_flow,split_side2,10,64,2000,1,2,38,276043,,0,1,contention_split_side2_s0_d0_b64_r2000_w1_c10,contention,0,0,138.0215
rma_flow,split_side2,10,64,2000,1,2,39,276029,,0,1,contention_split_side2_s0_d0_b64_r2000_w1_c10,contention,0,0,138.0145
rma_flow,pair,0,1024,2000,2,1,0,216042,,0,1,bandwidth_pair_s0_d7_b1024_r2000_w2_c0,bandwidth,0,7,108.021
rma_flow,pair,0,1024,2000,2,1,7,216011,,0,1,bandwidth_pair_s0_d7_b1024_r2000_w2_c0,bandwidth,0,7,108.0055
rma_flow,pair,0,64,2000,1,1,9,228041,,0,1,bandwidth_pair_s9_d18_b64_r2000_w1_c0,bandwidth,9,18,114.0205
rma_flow,pair,0,64,2000,1,1,18,228021,,0,1,bandwidth_pair_s9_d18_b64_r2000_w1_c0,bandwidth,9,18,114.0105
rma_flow,alltoall4,0,1024,2000,4,12,0,1026227,,0,1,contention_alltoall4_s0_d0_b1024_r2000_w4_c0,contention,0,0,513.1135
rma_flow,alltoall4,0,1024,2000,4,12,1,1026258,,0,1,contention_alltoall4_s0_d0_b1024_r2000_w4_c0,contention,0,0,513.129
rma_flow,alltoall4,0,1024,2000,4,12,8,1026299,,0,1,contention_alltoall4_s0_d0_b1024_r2000_w4_c0,contention,0,0,513.1495
rma_flow,alltoall4,0,1024,2000,4,12,9,1026318,,0,1,contention_alltoall4_s0_d0_b1024_r2000_w4_c0,contention,0,0,513.159
rma_flow,pair,0,16,2000,8,1,9,130043,,0,1,bandwidth_pair_s9_d18_b16_r2000_w8_c0,bandwidth,9,18,65.0215
rma_flow,pair,0,16,2000,8,1,18,130021,,0,1,bandwidth_pair_s9_d18_b16_r2000_w8_c0,bandwidth,9,18,65.0105
rma_flow,pair,0,64,2000,16,1,0,123042,,0,1,bandwidth_pair_s0_d63_b64_r2000_w16_c0,bandwidth,0,63,61.521
rma_flow,pair,0,64,2000,16,1,63,122999,,0,1,bandwidth_pair_s0_d63_b64_r2000_w16_c0,bandwidth,0,63,61.4995
rma_flow,pair,0,64,2000,1,1,1,228041,,0,1,bandwidth_pair_s1_d2_b64_r2000_w1_c0,bandwidth,1,2,114.0205
rma_flow,pair,0,64,2000,1,1,2,228022,,0,1,bandwidth_pair_s1_d2_b64_r2000_w1_c0,bandwidth,1,2,114.011
rma_flow,pair,0,4096,2000,16,1,0,336293,,0,1,bandwidth_pair_s0_d63_b4096_r2000_w16_c0,bandwidth,0,63,168.1465
rma_flow,pair,0,4096,2000,16,1,63,336251,,0,1,bandwidth_pair_s0_d63_b4096_r2000_w16_c0,bandwidth,0,63,168.1255
rma_flow,pair,0,256,2000,16,1,0,127542,,0,1,bandwidth_pair_s0_d63_b256_r2000_w16_c0,bandwidth,0,63,63.771
rma_flow,pair,0,256,2000,16,1,63,127503,,0,1,bandwidth_pair_s0_d63_b256_r2000_w16_c0,bandwidth,0,63,63.7515
rma_flow,pair,0,4096,2000,1,1,0,548042,,0,1,bandwidth_pair_s0_d56_b4096_r2000_w1_c0,bandwidth,0,56,274.021
rma_flow,pair,0,4096,2000,1,1,56,548010,,0,1,bandwidth_pair_s0_d56_b4096_r2000_w1_c0,bandwidth,0,56,274.005
rma_flow,pair,0,16384,2000,4,1,9,1337043,,0,1,bandwidth_pair_s9_d18_b16384_r2000_w4_c0,bandwidth,9,18,668.5215
rma_flow,pair,0,16384,2000,4,1,18,1337025,,0,1,bandwidth_pair_s9_d18_b16384_r2000_w4_c0,bandwidth,9,18,668.5125
rma_flow,split_far2,15,64,2000,1,2,22,276043,,0,1,contention_split_far2_s0_d0_b64_r2000_w1_c15,contention,0,0,138.0215
rma_flow,split_far2,15,64,2000,1,2,23,276029,,0,1,contention_split_far2_s0_d0_b64_r2000_w1_c15,contention,0,0,138.0145
rma_flow,split_far2,15,64,2000,1,2,54,248042,,0,1,contention_split_far2_s0_d0_b64_r2000_w1_c15,contention,0,0,124.021
rma_flow,split_far2,15,64,2000,1,2,55,248017,,0,1,contention_split_far2_s0_d0_b64_r2000_w1_c15,contention,0,0,124.0085
rma_flow,intra2,10,1024,2000,4,2,36,218007,,0,1,contention_intra2_s0_d0_b1024_r2000_w4_c10,contention,0,0,109.0035
rma_flow,intra2,10,1024,2000,4,2,37,217992,,0,1,contention_intra2_s0_d0_b1024_r2000_w4_c10,contention,0,0,108.996
rma_flow,intra2,10,1024,2000,4,2,44,218050,,0,1,contention_intra2_s0_d0_b1024_r2000_w4_c10,contention,0,0,109.025
rma_flow,intra2,10,1024,2000,4,2,45,218034,,0,1,contention_intra2_s0_d0_b1024_r2000_w4_c10,contention,0,0,109.017
rma_flow,pair,0,65536,2000,1,1,1,5350042,,0,1,bandwidth_pair_s1_d2_b65536_r2000_w1_c0,bandwidth,1,2,2675.021
rma_flow,pair,0,65536,2000,1,1,2,5350025,,0,1,bandwidth_pair_s1_d2_b65536_r2000_w1_c0,bandwidth,1,2,2675.0125
rma_flow,pair,0,32,2000,1,1,0,228042,,0,1,bandwidth_pair_s0_d63_b32_r2000_w1_c0,bandwidth,0,63,114.021
rma_flow,pair,0,32,2000,1,1,63,227997,,0,1,bandwidth_pair_s0_d63_b32_r2000_w1_c0,bandwidth,0,63,113.9985
rma_flow,pair,0,32768,2000,1,1,0,2788042,,0,1,bandwidth_pair_s0_d1_b32768_r2000_w1_c0,bandwidth,0,1,1394.021
rma_flow,pair,0,32768,2000,1,1,1,2788017,,0,1,bandwidth_pair_s0_d1_b32768_r2000_w1_c0,bandwidth,0,1,1394.0085
rma_flow,pair,0,8,2000,1,1,0,228041,,0,1,bandwidth_pair_s0_d63_b8_r2000_w1_c0,bandwidth,0,63,114.0205
rma_flow,pair,0,8,2000,1,1,63,227996,,0,1,bandwidth_pair_s0_d63_b8_r2000_w1_c0,bandwidth,0,63,113.998
rma_flow,pair,0,256,2000,8,1,0,135042,,0,1,bandwidth_pair_s0_d9_b256_r2000_w8_c0,bandwidth,0,9,67.521
rma_flow,pair,0,256,2000,8,1,9,135009,,0,1,bandwidth_pair_s0_d9_b256_r2000_w8_c0,bandwidth,0,9,67.5045
rma_flow,pair,0,16,2000,2,1,0,172042,,0,1,bandwidth_pair_s0_d7_b16_r2000_w2_c0,bandwidth,0,7,86.021
rma_flow,pair,0,16,2000,2,1,7,172010,,0,1,bandwidth_pair_s0_d7_b16_r2000_w2_c0,bandwidth,0,7,86.005
rma_flow,pair,0,32,2000,8,1,0,130043,,0,1,bandwidth_pair_s0_d7_b32_r2000_w8_c0,bandwidth,0,7,65.0215
rma_flow,pair,0,32,2000,8,1,7,130011,,0,1,bandwidth_pair_s0_d7_b32_r2000_w8_c0,bandwidth,0,7,65.0055
rma_flow,pair,0,65536,2000,1,1,0,5350042,,0,1,bandwidth_pair_s0_d9_b65536_r2000_w1_c0,bandwidth,0,9,2675.021
rma_flow,pair,0,65536,2000,1,1,9,5350003,,0,1,bandwidth_pair_s0_d9_b65536_r2000_w1_c0,bandwidth,0,9,2675.0015
rma_flow,pair,0,256,2000,4,1,8,150042,,0,1,bandwidth_pair_s8_d16_b256_r2000_w4_c0,bandwidth,8,16,75.021
rma_flow,pair,0,256,2000,4,1,16,150024,,0,1,bandwidth_pair_s8_d16_b256_r2000_w4_c0,bandwidth,8,16,75.012
rma_flow,pair,0,32,2000,8,1,0,130042,,0,1,bandwidth_pair_s0_d63_b32_r2000_w8_c0,bandwidth,0,63,65.021
rma_flow,pair,0,32,2000,8,1,63,129997,,0,1,bandwidth_pair_s0_d63_b32_r2000_w8_c0,bandwidth,0,63,64.9985
rma_flow,pair,0,4096,2000,2,1,0,436042,,0,1,bandwidth_pair_s0_d56_b4096_r2000_w2_c0,bandwidth,0,56,218.021
rma_flow,pair,0,4096,2000,2,1,56,436014,,0,1,bandwidth_pair_s0_d56_b4096_r2000_w2_c0,bandwidth,0,56,218.007
rma_flow,pair,0,16,2000,4,1,8,144043,,0,1,bandwidth_pair_s8_d16_b16_r2000_w4_c0,bandwidth,8,16,72.0215
rma_flow,pair,0,16,2000,4,1,16,144023,,0,1,bandwidth_pair_s8_d16_b16_r2000_w4_c0,bandwidth,8,16,72.0115
rma_flow,pair,0,32,2000,1,1,8,228041,,0,1,bandwidth_pair_s8_d16_b32_r2000_w1_c0,bandwidth,8,16,114.0205
rma_flow,pair,0,32,2000,1,1,16,228021,,0,1,bandwidth_pair_s8_d16_b32_r2000_w1_c0,bandwidth,8,16,114.0105
rma_flow,pair,0,65536,2000,1,1,0,5350042,,0,1,bandwidth_pair_s0_d56_b65536_r2000_w1_c0,bandwidth,0,56,2675.021
rma_flow,pair,0,65536,2000,1,1,56,5350010,,0,1,bandwidth_pair_s0_d56_b65536_r2000_w1_c0,bandwidth,0,56,2675.005
rma_flow,pair,0,256,2000,4,1,9,150043,,0,1,bandwidth_pair_s9_d18_b256_r2000_w4_c0,bandwidth,9,18,75.0215
rma_flow,pair,0,256,2000,4,1,18,150023,,0,1,bandwidth_pair_s9_d18_b256_r2000_w4_c0,bandwidth,9,18,75.0115
rma_flow,pair,0,16,2000,16,1,9,123042,,0,1,bandwidth_pair_s9_d18_b16_r2000_w16_c0,bandwidth,9,18,61.521
rma_flow,pair,0,16,2000,16,1,18,123020,,0,1,bandwidth_pair_s9_d18_b16_r2000_w16_c0,bandwidth,9,18,61.51
rma_flow,pair,0,65536,2000,1,1,0,5350042,,0,1,bandwidth_pair_s0_d1_b65536_r2000_w1_c0,bandwidth,0,1,2675.021
rma_flow,pair,0,65536,2000,1,1,1,5350012,,0,1,bandwidth_pair_s0_d1_b65536_r2000_w1_c0,bandwidth,0,1,2675.006
rma_flow,pair,0,256,2000,2,1,0,180043,,0,1,bandwidth_pair_s0_d63_b256_r2000_w2_c0,bandwidth,0,63,90.0215
rma_flow,pair,0,256,2000,2,1,63,180004,,0,1,bandwidth_pair_s0_d63_b256_r2000_w2_c0,bandwidth,0,63,90.002
rma_flow,pair,0,64,2000,8,1,0,130042,,0,1,bandwidth_pair_s0_d8_b64_r2000_w8_c0,bandwidth,0,8,65.021
rma_flow,pair,0,64,2000,8,1,8,130015,,0,1,bandwidth_pair_s0_d8_b64_r2000_w8_c0,bandwidth,0,8,65.0075
rma_flow,pair,0,65536,2000,1,1,0,5350042,,0,1,bandwidth_pair_s0_d63_b65536_r2000_w1_c0,bandwidth,0,63,2675.021
rma_flow,pair,0,65536,2000,1,1,63,5349996,,0,1,bandwidth_pair_s0_d63_b65536_r2000_w1_c0,bandwidth,0,63,2674.998
rma_flow,pair,0,256,2000,16,1,0,127542,,0,1,bandwidth_pair_s0_d9_b256_r2000_w16_c0,bandwidth,0,9,63.771
rma_flow,pair,0,256,2000,16,1,9,127510,,0,1,bandwidth_pair_s0_d9_b256_r2000_w16_c0,bandwidth,0,9,63.755
rma_flow,incast3,15,64,2000,4,3,54,244294,,0,1,contention_incast3_s0_d0_b64_r2000_w4_c15,contention,0,0,122.147
rma_flow,incast3,15,64,2000,4,3,55,236593,,0,1,contention_incast3_s0_d0_b64_r2000_w4_c15,contention,0,0,118.2965
rma_flow,incast3,15,64,2000,4,3,62,237104,,0,1,contention_incast3_s0_d0_b64_r2000_w4_c15,contention,0,0,118.552
rma_flow,incast3,15,64,2000,4,3,63,244312,,0,1,contention_incast3_s0_d0_b64_r2000_w4_c15,contention,0,0,122.156
rma_flow,single,10,64,2000,1,1,36,228041,,0,1,contention_single_s0_d0_b64_r2000_w1_c10,contention,0,0,114.0205
rma_flow,single,10,64,2000,1,1,37,228025,,0,1,contention_single_s0_d0_b64_r2000_w1_c10,contention,0,0,114.0125
rma_flow,intra2,15,1024,2000,1,2,54,330778,,0,1,contention_intra2_s0_d0_b1024_r2000_w1_c15,contention,0,0,165.389
rma_flow,intra2,15,1024,2000,1,2,55,330768,,0,1,contention_intra2_s0_d0_b1024_r2000_w1_c15,contention,0,0,165.384
rma_flow,intra2,15,1024,2000,1,2,62,375805,,0,1,contention_intra2_s0_d0_b1024_r2000_w1_c15,contention,0,0,187.9025
rma_flow,intra2,15,1024,2000,1,2,63,375788,,0,1,contention_intra2_s0_d0_b1024_r2000_w1_c15,contention,0,0,187.894
rma_flow,pair,0,16384,2000,1,1,0,1508042,,0,1,bandwidth_pair_s0_d56_b16384_r2000_w1_c0,bandwidth,0,56,754.021
rma_flow,pair,0,16384,2000,1,1,56,1508017,,0,1,bandwidth_pair_s0_d56_b16384_r2000_w1_c0,bandwidth,0,56,754.0085
rma_flow,pair,0,4096,2000,16,1,0,336293,,0,1,bandwidth_pair_s0_d7_b4096_r2000_w16_c0,bandwidth,0,7,168.1465
rma_flow,pair,0,4096,2000,16,1,7,336264,,0,1,bandwidth_pair_s0_d7_b4096_r2000_w16_c0,bandwidth,0,7,168.132
rma_flow,pair,0,32,2000,1,1,0,228041,,0,1,bandwidth_pair_s0_d8_b32_r2000_w1_c0,bandwidth,0,8,114.0205
rma_flow,pair,0,32,2000,1,1,8,228012,,0,1,bandwidth_pair_s0_d8_b32_r2000_w1_c0,bandwidth,0,8,114.006
rma_flow,pair,0,128,2000,2,1,0,180041,,0,1,bandwidth_pair_s0_d1_b128_r2000_w2_c0,bandwidth,0,1,90.0205
rma_flow,pair,0,128,2000,2,1,1,180010,,0,1,bandwidth_pair_s0_d1_b128_r2000_w2_c0,bandwidth,0,1,90.005
rma_flow,alltoall4,15,1024,2000,4,12,54,1026130,,0,1,contention_alltoall4_s0_d0_b1024_r2000_w4_c15,contention,0,0,513.065
rma_flow,alltoall4,15,1024,2000,4,12,55,1026174,,0,1,contention_alltoall4_s0_d0_b1024_r2000_w4_c15,contention,0,0,513.087
rma_flow,alltoall4,15,1024,2000,4,12,62,1026212,,0,1,contention_alltoall4_s0_d0_b1024_r2000_w4_c15,contention,0,0,513.106
rma_flow,alltoall4,15,1024,2000,4,12,63,1026241,,0,1,contention_alltoall4_s0_d0_b1024_r2000_w4_c15,contention,0,0,513.1205
rma_flow,pair,0,64,2000,8,1,0,130042,,0,1,bandwidth_pair_s0_d1_b64_r2000_w8_c0,bandwidth,0,1,65.021
rma_flow,pair,0,64,2000,8,1,1,130015,,0,1,bandwidth_pair_s0_d1_b64_r2000_w8_c0,bandwidth,0,1,65.0075
rma_flow,intra2,10,64,2000,4,2,36,188041,,0,1,contention_intra2_s0_d0_b64_r2000_w4_c10,contention,0,0,94.0205
rma_flow,intra2,10,64,2000,4,2,37,188015,,0,1,contention_intra2_s0_d0_b64_r2000_w4_c10,contention,0,0,94.0075
rma_flow,intra2,10,64,2000,4,2,44,195267,,0,1,contention_intra2_s0_d0_b64_r2000_w4_c10,contention,0,0,97.6335
rma_flow,intra2,10,64,2000,4,2,45,195251,,0,1,contention_intra2_s0_d0_b64_r2000_w4_c10,contention,0,0,97.6255
rma_flow,pair,0,16384,2000,1,1,0,1508042,,0,1,bandwidth_pair_s0_d63_b16384_r2000_w1_c0,bandwidth,0,63,754.021
rma_flow,pair,0,16384,2000,1,1,63,1507996,,0,1,bandwidth_pair_s0_d63_b16384_r2000_w1_c0,bandwidth,0,63,753.998
rma_flow,ring4,0,64,2000,4,4,0,295823,,0,1,contention_ring4_s0_d0_b64_r2000_w4_c0,contention,0,0,147.9115
rma_flow,ring4,0,64,2000,4,4,1,287250,,0,1,contention_ring4_s0_d0_b64_r2000_w4_c0,contention,0,0,143.625
rma_flow,ring4,0,64,2000,4,4,8,295842,,0,1,contention_ring4_s0_d0_b64_r2000_w4_c0,contention,0,0,147.921
rma_flow,ring4,0,64,2000,4,4,9,288071,,0,1,contention_ring4_s0_d0_b64_r2000_w4_c0,contention,0,0,144.0355
rma_flow,pair,0,8,2000,1,1,0,228041,,0,1,bandwidth_pair_s0_d8_b8_r2000_w1_c0,bandwidth,0,8,114.0205
rma_flow,pair,0,8,2000,1,1,8,228012,,0,1,bandwidth_pair_s0_d8_b8_r2000_w1_c0,bandwidth,0,8,114.006
rma_flow,pair,0,128,2000,4,1,0,150042,,0,1,bandwidth_pair_s0_d7_b128_r2000_w4_c0,bandwidth,0,7,75.021
rma_flow,pair,0,128,2000,4,1,7,150011,,0,1,bandwidth_pair_s0_d7_b128_r2000_w4_c0,bandwidth,0,7,75.0055
rma_flow,pair,0,32,2000,4,1,0,144043,,0,1,bandwidth_pair_s0_d9_b32_r2000_w4_c0,bandwidth,0,9,72.0215
rma_flow,pair,0,32,2000,4,1,9,144005,,0,1,bandwidth_pair_s0_d9_b32_r2000_w4_c0,bandwidth,0,9,72.0025
rma_flow,pair,0,1024,2000,4,1,0,171043,,0,1,bandwidth_pair_s0_d7_b1024_r2000_w4_c0,bandwidth,0,7,85.5215
rma_flow,pair,0,1024,2000,4,1,7,171011,,0,1,bandwidth_pair_s0_d7_b1024_r2000_w4_c0,bandwidth,0,7,85.5055
rma_flow,incast3,5,1024,2000,4,3,18,273165,,0,1,contention_incast3_s0_d0_b1024_r2000_w4_c5,contention,0,0,136.5825
rma_flow,incast3,5,1024,2000,4,3,19,273081,,0,1,contention_incast3_s0_d0_b1024_r2000_w4_c5,contention,0,0,136.5405
rma_flow,incast3,5,1024,2000,4,3,26,273138,,0,1,contention_incast3_s0_d0_b1024_r2000_w4_c5,contention,0,0,136.569
rma_flow,incast3,5,1024,2000,4,3,27,273182,,0,1,contention_incast3_s0_d0_b1024_r2000_w4_c5,contention,0,0,136.591
rma_flow,pair,0,32,2000,1,1,0,228041,,0,1,bandwidth_pair_s0_d56_b32_r2000_w1_c0,bandwidth,0,56,114.0205
rma_flow,pair,0,32,2000,1,1,56,228009,,0,1,bandwidth_pair_s0_d56_b32_r2000_w1_c0,bandwidth,0,56,114.0045
rma_flow,pair,0,32,2000,8,1,0,130043,,0,1,bandwidth_pair_s0_d8_b32_r2000_w8_c0,bandwidth,0,8,65.0215
rma_flow,pair,0,32,2000,8,1,8,130014,,0,1,bandwidth_pair_s0_d8_b32_r2000_w8_c0,bandwidth,0,8,65.007
rma_flow,pair,0,32768,2000,2,1,1,2676041,,0,1,bandwidth_pair_s1_d2_b32768_r2000_w2_c0,bandwidth,1,2,1338.0205
rma_flow,pair,0,32768,2000,2,1,2,2676024,,0,1,bandwidth_pair_s1_d2_b32768_r2000_w2_c0,bandwidth,1,2,1338.012
rma_flow,pair,0,256,2000,16,1,0,127542,,0,1,bandwidth_pair_s0_d8_b256_r2000_w16_c0,bandwidth,0,8,63.771
rma_flow,pair,0,256,2000,16,1,8,127515,,0,1,bandwidth_pair_s0_d8_b256_r2000_w16_c0,bandwidth,0,8,63.7575
rma_flow,pair,0,32,2000,1,1,0,228041,,0,1,bandwidth_pair_s0_d7_b32_r2000_w1_c0,bandwidth,0,7,114.0205
rma_flow,pair,0,32,2000,1,1,7,228009,,0,1,bandwidth_pair_s0_d7_b32_r2000_w1_c0,bandwidth,0,7,114.0045
rma_flow,pair,0,16384,2000,4,1,1,1337042,,0,1,bandwidth_pair_s1_d2_b16384_r2000_w4_c0,bandwidth,1,2,668.521
rma_flow,pair,0,16384,2000,4,1,2,1337025,,0,1,bandwidth_pair_s1_d2_b16384_r2000_w4_c0,bandwidth,1,2,668.5125
rma_flow,split_side2,5,64,2000,4,2,18,188042,,0,1,contention_split_side2_s0_d0_b64_r2000_w4_c5,contention,0,0,94.021
rma_flow,split_side2,5,64,2000,4,2,19,188016,,0,1,contention_split_side2_s0_d0_b64_r2000_w4_c5,contention,0,0,94.008
rma_flow,split_side2,5,64,2000,4,2,20,195043,,0,1,contention_split_side2_s0_d0_b64_r2000_w4_c5,contention,0,0,97.5215
rma_flow,split_side2,5,64,2000,4,2,21,195029,,0,1,contention_split_side2_s0_d0_b64_r2000_w4_c5,contention,0,0,97.5145
rma_flow,pair,0,256,2000,8,1,9,135042,,0,1,bandwidth_pair_s9_d18_b256_r2000_w8_c0,bandwidth,9,18,67.521
rma_flow,pair,0,256,2000,8,1,18,135026,,0,1,bandwidth_pair_s9_d18_b256_r2000_w8_c0,bandwidth,9,18,67.513
rma_flow,pair,0,4096,2000,4,1,0,378043,,0,1,bandwidth_pair_s0_d7_b4096_r2000_w4_c0,bandwidth,0,7,189.0215
rma_flow,pair,0,4096,2000,4,1,7,378011,,0,1,bandwidth_pair_s0_d7_b4096_r2000_w4_c0,bandwidth,0,7,189.0055
rma_flow,single,0,64,2000,4,1,0,144042,,0,1,contention_single_s0_d0_b64_r2000_w4_c0,contention,0,0,72.021
rma_flow,single,0,64,2000,4,1,1,144015,,0,1,contention_single_s0_d0_b64_r2000_w4_c0,contention,0,0,72.0075
rma_flow,pair,0,4096,2000,2,1,0,436041,,0,1,bandwidth_pair_s0_d63_b4096_r2000_w2_c0,bandwidth,0,63,218.0205
rma_flow,pair,0,4096,2000,2,1,63,436000,,0,1,bandwidth_pair_s0_d63_b4096_r2000_w2_c0,bandwidth,0,63,218.0
rma_flow,pair,0,16,2000,2,1,8,172043,,0,1,bandwidth_pair_s8_d16_b16_r2000_w2_c0,bandwidth,8,16,86.0215
rma_flow,pair,0,16,2000,2,1,16,172023,,0,1,bandwidth_pair_s8_d16_b16_r2000_w2_c0,bandwidth,8,16,86.0115
rma_flow,pair,0,8,2000,4,1,8,144043,,0,1,bandwidth_pair_s8_d16_b8_r2000_w4_c0,bandwidth,8,16,72.0215
rma_flow,pair,0,8,2000,4,1,16,144023,,0,1,bandwidth_pair_s8_d16_b8_r2000_w4_c0,bandwidth,8,16,72.0115
rma_flow,incast3,5,64,2000,4,3,18,244294,,0,1,contention_incast3_s0_d0_b64_r2000_w4_c5,contention,0,0,122.147
rma_flow,incast3,5,64,2000,4,3,19,236593,,0,1,contention_incast3_s0_d0_b64_r2000_w4_c5,contention,0,0,118.2965
rma_flow,incast3,5,64,2000,4,3,26,237104,,0,1,contention_incast3_s0_d0_b64_r2000_w4_c5,contention,0,0,118.552
rma_flow,incast3,5,64,2000,4,3,27,244312,,0,1,contention_incast3_s0_d0_b64_r2000_w4_c5,contention,0,0,122.156
rma_flow,split_side2,5,1024,2000,1,2,18,306042,,0,1,contention_split_side2_s0_d0_b1024_r2000_w1_c5,contention,0,0,153.021
rma_flow,split_side2,5,1024,2000,1,2,19,306027,,0,1,contention_split_side2_s0_d0_b1024_r2000_w1_c5,contention,0,0,153.0135
rma_flow,split_side2,5,1024,2000,1,2,20,360042,,0,1,contention_split_side2_s0_d0_b1024_r2000_w1_c5,contention,0,0,180.021
rma_flow,split_side2,5,1024,2000,1,2,21,360023,,0,1,contention_split_side2_s0_d0_b1024_r2000_w1_c5,contention,0,0,180.0115
rma_flow,pair,0,16384,2000,1,1,0,1508042,,0,1,bandwidth_pair_s0_d7_b16384_r2000_w1_c0,bandwidth,0,7,754.021
rma_flow,pair,0,16384,2000,1,1,7,1508011,,0,1,bandwidth_pair_s0_d7_b16384_r2000_w1_c0,bandwidth,0,7,754.0055
rma_flow,pair,0,256,2000,8,1,0,135043,,0,1,bandwidth_pair_s0_d63_b256_r2000_w8_c0,bandwidth,0,63,67.5215
rma_flow,pair,0,256,2000,8,1,63,135000,,0,1,bandwidth_pair_s0_d63_b256_r2000_w8_c0,bandwidth,0,63,67.5
rma_flow,pair,0,8,2000,8,1,1,130042,,0,1,bandwidth_pair_s1_d2_b8_r2000_w8_c0,bandwidth,1,2,65.021
rma_flow,pair,0,8,2000,8,1,2,130021,,0,1,bandwidth_pair_s1_d2_b8_r2000_w8_c0,bandwidth,1,2,65.0105
rma_flow,pair,0,128,2000,16,1,0,127541,,0,1,bandwidth_pair_s0_d56_b128_r2000_w16_c0,bandwidth,0,56,63.7705
rma_flow,pair,0,128,2000,16,1,56,127507,,0,1,bandwidth_pair_s0_d56_b128_r2000_w16_c0,bandwidth,0,56,63.7535
rma_flow,pair,0,8,2000,16,1,1,123043,,0,1,bandwidth_pair_s1_d2_b8_r2000_w16_c0,bandwidth,1,2,61.5215
rma_flow,pair,0,8,2000,16,1,2,123022,,0,1,bandwidth_pair_s1_d2_b8_r2000_w16_c0,bandwidth,1,2,61.511
rma_flow,ring4,0,1024,2000,4,4,0,359005,,0,1,contention_ring4_s0_d0_b1024_r2000_w4_c0,contention,0,0,179.5025
rma_flow,ring4,0,1024,2000,4,4,1,357695,,0,1,contention_ring4_s0_d0_b1024_r2000_w4_c0,contention,0,0,178.8475
rma_flow,ring4,0,1024,2000,4,4,8,359028,,0,1,contention_ring4_s0_d0_b1024_r2000_w4_c0,contention,0,0,179.514
rma_flow,ring4,0,1024,2000,4,4,9,358416,,0,1,contention_ring4_s0_d0_b1024_r2000_w4_c0,contention,0,0,179.208
rma_flow,pair,0,128,2000,2,1,8,180041,,0,1,bandwidth_pair_s8_d16_b128_r2000_w2_c0,bandwidth,8,16,90.0205
rma_flow,pair,0,128,2000,2,1,16,180019,,0,1,bandwidth_pair_s8_d16_b128_r2000_w2_c0,bandwidth,8,16,90.0095
rma_flow,pair,0,32,2000,4,1,9,144043,,0,1,bandwidth_pair_s9_d18_b32_r2000_w4_c0,bandwidth,9,18,72.0215
rma_flow,pair,0,32,2000,4,1,18,144021,,0,1,bandwidth_pair_s9_d18_b32_r2000_w4_c0,bandwidth,9,18,72.0105
rma_flow,alltoall4,15,64,2000,1,12,54,825504,,0,1,contention_alltoall4_s0_d0_b64_r2000_w1_c15,contention,0,0,412.752
rma_flow,alltoall4,15,64,2000,1,12,55,825544,,0,1,contention_alltoall4_s0_d0_b64_r2000_w1_c15,contention,0,0,412.772
rma_flow,alltoall4,15,64,2000,1,12,62,825579,,0,1,contention_alltoall4_s0_d0_b64_r2000_w1_c15,contention,0,0,412.7895
rma_flow,alltoall4,15,64,2000,1,12,63,825606,,0,1,contention_alltoall4_s0_d0_b64_r2000_w1_c15,contention,0,0,412.803
rma_flow,pair,0,256,2000,1,1,9,240042,,0,1,bandwidth_pair_s9_d18_b256_r2000_w1_c0,bandwidth,9,18,120.021
rma_flow,pair,0,256,2000,1,1,18,240023,,0,1,bandwidth_pair_s9_d18_b256_r2000_w1_c0,bandwidth,9,18,120.0115
rma_flow,pair,0,256,2000,4,1,0,150043,,0,1,bandwidth_pair_s0_d63_b256_r2000_w4_c0,bandwidth,0,63,75.0215
rma_flow,pair,0,256,2000,4,1,63,150003,,0,1,bandwidth_pair_s0_d63_b256_r2000_w4_c0,bandwidth,0,63,75.0015
rma_flow,pair,0,1024,2000,1,1,0,310042,,0,1,bandwidth_pair_s0_d8_b1024_r2000_w1_c0,bandwidth,0,8,155.021
rma_flow,pair,0,1024,2000,1,1,8,310012,,0,1,bandwidth_pair_s0_d8_b1024_r2000_w1_c0,bandwidth,0,8,155.006
rma_flow,pair,0,32,2000,16,1,0,123042,,0,1,bandwidth_pair_s0_d63_b32_r2000_w16_c0,bandwidth,0,63,61.521
rma_flow,pair,0,32,2000,16,1,63,122997,,0,1,bandwidth_pair_s0_d63_b32_r2000_w16_c0,bandwidth,0,63,61.4985
rma_flow,pair,0,64,2000,4,1,8,144042,,0,1,bandwidth_pair_s8_d16_b64_r2000_w4_c0,bandwidth,8,16,72.021
rma_flow,pair,0,64,2000,4,1,16,144024,,0,1,bandwidth_pair_s8_d16_b64_r2000_w4_c0,bandwidth,8,16,72.012
rma_flow,intra2,5,1024,2000,4,2,18,218007,,0,1,contention_intra2_s0_d0_b1024_r2000_w4_c5,contention,0,0,109.0035
rma_flow,intra2,5,1024,2000,4,2,19,217992,,0,1,contention_intra2_s0_d0_b1024_r2000_w4_c5,contention,0,0,108.996
rma_flow,intra2,5,1024,2000,4,2,26,218050,,0,1,contention_intra2_s0_d0_b1024_r2000_w4_c5,contention,0,0,109.025
rma_flow,intra2,5,1024,2000,4,2,27,218034,,0,1,contention_intra2_s0_d0_b1024_r2000_w4_c5,contention,0,0,109.017
rma_flow,pair,0,1024,2000,4,1,9,171043,,0,1,bandwidth_pair_s9_d18_b1024_r2000_w4_c0,bandwidth,9,18,85.5215
rma_flow,pair,0,1024,2000,4,1,18,171020,,0,1,bandwidth_pair_s9_d18_b1024_r2000_w4_c0,bandwidth,9,18,85.51
rma_flow,pair,0,4096,2000,2,1,0,436042,,0,1,bandwidth_pair_s0_d8_b4096_r2000_w2_c0,bandwidth,0,8,218.021
rma_flow,pair,0,4096,2000,2,1,8,436017,,0,1,bandwidth_pair_s0_d8_b4096_r2000_w2_c0,bandwidth,0,8,218.0085
rma_flow,pair,0,1024,2000,16,1,0,135793,,0,1,bandwidth_pair_s0_d56_b1024_r2000_w16_c0,bandwidth,0,56,67.8965
rma_flow,pair,0,1024,2000,16,1,56,135762,,0,1,bandwidth_pair_s0_d56_b1024_r2000_w16_c0,bandwidth,0,56,67.881
rma_flow,pair,0,128,2000,16,1,8,127542,,0,1,bandwidth_pair_s8_d16_b128_r2000_w16_c0,bandwidth,8,16,63.771
rma_flow,pair,0,128,2000,16,1,16,127520,,0,1,bandwidth_pair_s8_d16_b128_r2000_w16_c0,bandwidth,8,16,63.76
rma_flow,pair,0,16,2000,4,1,0,144043,,0,1,bandwidth_pair_s0_d63_b16_r2000_w4_c0,bandwidth,0,63,72.0215
rma_flow,pair,0,16,2000,4,1,63,143998,,0,1,bandwidth_pair_s0_d63_b16_r2000_w4_c0,bandwidth,0,63,71.999
rma_flow,pair,0,1024,2000,16,1,0,136541,,0,1,bandwidth_pair_s0_d9_b1024_r2000_w16_c0,bandwidth,0,9,68.2705
rma_flow,pair,0,1024,2000,16,1,9,136503,,0,1,bandwidth_pair_s0_d9_b1024_r2000_w16_c0,bandwidth,0,9,68.2515
rma_flow,pair,0,32768,2000,1,1,9,2788042,,0,1,bandwidth_pair_s9_d18_b32768_r2000_w1_c0,bandwidth,9,18,1394.021
rma_flow,pair,0,32768,2000,1,1,18,2788024,,0,1,bandwidth_pair_s9_d18_b32768_r2000_w1_c0,bandwidth,9,18,1394.012
rma_flow,pair,0,64,2000,16,1,8,123042,,0,1,bandwidth_pair_s8_d16_b64_r2000_w16_c0,bandwidth,8,16,61.521
rma_flow,pair,0,64,2000,16,1,16,123024,,0,1,bandwidth_pair_s8_d16_b64_r2000_w16_c0,bandwidth,8,16,61.512
rma_flow,pair,0,8,2000,16,1,0,123043,,0,1,bandwidth_pair_s0_d63_b8_r2000_w16_c0,bandwidth,0,63,61.5215
rma_flow,pair,0,8,2000,16,1,63,122998,,0,1,bandwidth_pair_s0_d63_b8_r2000_w16_c0,bandwidth,0,63,61.499
rma_flow,pair,0,4096,2000,1,1,9,548042,,0,1,bandwidth_pair_s9_d18_b4096_r2000_w1_c0,bandwidth,9,18,274.021
rma_flow,pair,0,4096,2000,1,1,18,548023,,0,1,bandwidth_pair_s9_d18_b4096_r2000_w1_c0,bandwidth,9,18,274.0115
rma_flow,pair,0,16384,2000,2,1,0,1396041,,0,1,bandwidth_pair_s0_d8_b16384_r2000_w2_c0,bandwidth,0,8,698.0205
rma_flow,pair,0,16384,2000,2,1,8,1396014,,0,1,bandwidth_pair_s0_d8_b16384_r2000_w2_c0,bandwidth,0,8,698.007
rma_flow,pair,0,32,2000,8,1,0,130043,,0,1,bandwidth_pair_s0_d1_b32_r2000_w8_c0,bandwidth,0,1,65.0215
rma_flow,pair,0,32,2000,8,1,1,130014,,0,1,bandwidth_pair_s0_d1_b32_r2000_w8_c0,bandwidth,0,1,65.007
rma_flow,pair,0,128,2000,2,1,0,180042,,0,1,bandwidth_pair_s0_d7_b128_r2000_w2_c0,bandwidth,0,7,90.021
rma_flow,pair,0,128,2000,2,1,7,180011,,0,1,bandwidth_pair_s0_d7_b128_r2000_w2_c0,bandwidth,0,7,90.0055
rma_flow,pair,0,64,2000,1,1,0,228042,,0,1,bandwidth_pair_s0_d7_b64_r2000_w1_c0,bandwidth,0,7,114.021
rma_flow,pair,0,64,2000,1,1,7,228012,,0,1,bandwidth_pair_s0_d7_b64_r2000_w1_c0,bandwidth,0,7,114.006
rma_flow,pair,0,8,2000,2,1,0,172042,,0,1,bandwidth_pair_s0_d9_b8_r2000_w2_c0,bandwidth,0,9,86.021
rma_flow,pair,0,8,2000,2,1,9,172004,,0,1,bandwidth_pair_s0_d9_b8_r2000_w2_c0,bandwidth,0,9,86.002
rma_flow,pair,0,64,2000,4,1,0,144041,,0,1,bandwidth_pair_s0_d56_b64_r2000_w4_c0,bandwidth,0,56,72.0205
rma_flow,pair,0,64,2000,4,1,56,144011,,0,1,bandwidth_pair_s0_d56_b64_r2000_w4_c0,bandwidth,0,56,72.0055
rma_flow,incast3,10,64,2000,4,3,36,244294,,0,1,contention_incast3_s0_d0_b64_r2000_w4_c10,contention,0,0,122.147
rma_flow,incast3,10,64,2000,4,3,37,236593,,0,1,contention_incast3_s0_d0_b64_r2000_w4_c10,contention,0,0,118.2965
rma_flow,incast3,10,64,2000,4,3,44,237104,,0,1,contention_incast3_s0_d0_b64_r2000_w4_c10,contention,0,0,118.552
rma_flow,incast3,10,64,2000,4,3,45,244312,,0,1,contention_incast3_s0_d0_b64_r2000_w4_c10,contention,0,0,122.156
rma_flow,pair,0,1024,2000,16,1,8,135792,,0,1,bandwidth_pair_s8_d16_b1024_r2000_w16_c0,bandwidth,8,16,67.896
rma_flow,pair,0,1024,2000,16,1,16,135773,,0,1,bandwidth_pair_s8_d16_b1024_r2000_w16_c0,bandwidth,8,16,67.8865
rma_flow,pair,0,8,2000,2,1,0,172043,,0,1,bandwidth_pair_s0_d56_b8_r2000_w2_c0,bandwidth,0,56,86.0215
rma_flow,pair,0,8,2000,2,1,56,172011,,0,1,bandwidth_pair_s0_d56_b8_r2000_w2_c0,bandwidth,0,56,86.0055
rma_flow,pair,0,64,2000,2,1,0,172041,,0,1,bandwidth_pair_s0_d56_b64_r2000_w2_c0,bandwidth,0,56,86.0205
rma_flow,pair,0,64,2000,2,1,56,172011,,0,1,bandwidth_pair_s0_d56_b64_r2000_w2_c0,bandwidth,0,56,86.0055
rma_flow,split_side2,15,1024,2000,1,2,52,360042,,0,1,contention_split_side2_s0_d0_b1024_r2000_w1_c15,contention,0,0,180.021
rma_flow,split_side2,15,1024,2000,1,2,53,360022,,0,1,contention_split_side2_s0_d0_b1024_r2000_w1_c15,contention,0,0,180.011
rma_flow,split_side2,15,1024,2000,1,2,54,306042,,0,1,contention_split_side2_s0_d0_b1024_r2000_w1_c15,contention,0,0,153.021
rma_flow,split_side2,15,1024,2000,1,2,55,306028,,0,1,contention_split_side2_s0_d0_b1024_r2000_w1_c15,contention,0,0,153.014
rma_flow,pair,0,64,2000,2,1,0,172042,,0,1,bandwidth_pair_s0_d7_b64_r2000_w2_c0,bandwidth,0,7,86.021
rma_flow,pair,0,64,2000,2,1,7,172012,,0,1,bandwidth_pair_s0_d7_b64_r2000_w2_c0,bandwidth,0,7,86.006
rma_flow,pair,0,32768,2000,2,1,9,2676042,,0,1,bandwidth_pair_s9_d18_b32768_r2000_w2_c0,bandwidth,9,18,1338.021
rma_flow,pair,0,32768,2000,2,1,18,2676024,,0,1,bandwidth_pair_s9_d18_b32768_r2000_w2_c0,bandwidth,9,18,1338.012
rma_flow,pair,0,16,2000,16,1,0,123042,,0,1,bandwidth_pair_s0_d1_b16_r2000_w16_c0,bandwidth,0,1,61.521
rma_flow,pair,0,16,2000,16,1,1,123013,,0,1,bandwidth_pair_s0_d1_b16_r2000_w16_c0,bandwidth,0,1,61.5065
rma_flow,pair,0,1024,2000,4,1,0,171042,,0,1,bandwidth_pair_s0_d8_b1024_r2000_w4_c0,bandwidth,0,8,85.521
rma_flow,pair,0,1024,2000,4,1,8,171015,,0,1,bandwidth_pair_s0_d8_b1024_r2000_w4_c0,bandwidth,0,8,85.5075
rma_flow,split_far2,5,64,2000,1,2,18,248042,,0,1,contention_split_far2_s0_d0_b64_r2000_w1_c5,contention,0,0,124.021
rma_flow,split_far2,5,64,2000,1,2,19,248017,,0,1,contention_split_far2_s0_d0_b64_r2000_w1_c5,contention,0,0,124.0085
rma_flow,split_far2,5,64,2000,1,2,50,276042,,0,1,contention_split_far2_s0_d0_b64_r2000_w1_c5,contention,0,0,138.021
rma_flow,split_far2,5,64,2000,1,2,51,276030,,0,1,contention_split_far2_s0_d0_b64_r2000_w1_c5,contention,0,0,138.015
rma_flow,pair,0,4096,2000,16,1,0,336543,,0,1,bandwidth_pair_s0_d1_b4096_r2000_w16_c0,bandwidth,0,1,168.2715
rma_flow,pair,0,4096,2000,16,1,1,336516,,0,1,bandwidth_pair_s0_d1_b4096_r2000_w16_c0,bandwidth,0,1,168.258
rma_flow,pair,0,32768,2000,1,1,1,2788042,,0,1,bandwidth_pair_s1_d2_b32768_r2000_w1_c0,bandwidth,1,2,1394.021
rma_flow,pair,0,32768,2000,1,1,2,2788025,,0,1,bandwidth_pair_s1_d2_b32768_r2000_w1_c0,bandwidth,1,2,1394.0125
rma_flow,ring4,10,64,2000,4,4,36,295776,,0,1,contention_ring4_s0_d0_b64_r2000_w4_c10,contention,0,0,147.888
rma_flow,ring4,10,64,2000,4,4,37,287319,,0,1,contention_ring4_s0_d0_b64_r2000_w4_c10,contention,0,0,143.6595
rma_flow,ring4,10,64,2000,4,4,44,295805,,0,1,contention_ring4_s0_d0_b64_r2000_w4_c10,contention,0,0,147.9025
rma_flow,ring4,10,64,2000,4,4,45,288018,,0,1,contention_ring4_s0_d0_b64_r2000_w4_c10,contention,0,0,144.009
rma_flow,pair,0,32768,2000,1,1,0,2788042,,0,1,bandwidth_pair_s0_d63_b32768_r2000_w1_c0,bandwidth,0,63,1394.021
rma_flow,pair,0,32768,2000,1,1,63,2787997,,0,1,bandwidth_pair_s0_d63_b32768_r2000_w1_c0,bandwidth,0,63,1393.9985
rma_flow,pair,0,128,2000,4,1,8,150042,,0,1,bandwidth_pair_s8_d16_b128_r2000_w4_c0,bandwidth,8,16,75.021
rma_flow,pair,0,128,2000,4,1,16,150023,,0,1,bandwidth_pair_s8_d16_b128_r2000_w4_c0,bandwidth,8,16,75.0115
rma_flow,pair,0,8,2000,4,1,0,144042,,0,1,bandwidth_pair_s0_d7_b8_r2000_w4_c0,bandwidth,0,7,72.021
rma_flow,pair,0,8,2000,4,1,7,144010,,0,1,bandwidth_pair_s0_d7_b8_r2000_w4_c0,bandwidth,0,7,72.005
rma_flow,pair,0,32768,2000,2,1,0,2676041,,0,1,bandwidth_pair_s0_d8_b32768_r2000_w2_c0,bandwidth,0,8,1338.0205
rma_flow,pair,0,32768,2000,2,1,8,2676016,,0,1,bandwidth_pair_s0_d8_b32768_r2000_w2_c0,bandwidth,0,8,1338.008
rma_flow,pair,0,32,2000,1,1,0,228042,,0,1,bandwidth_pair_s0_d1_b32_r2000_w1_c0,bandwidth,0,1,114.021
rma_flow,pair,0,32,2000,1,1,1,228013,,0,1,bandwidth_pair_s0_d1_b32_r2000_w1_c0,bandwidth,0,1,114.0065
rma_flow,pair,0,1024,2000,1,1,0,310042,,0,1,bandwidth_pair_s0_d1_b1024_r2000_w1_c0,bandwidth,0,1,155.021
rma_flow,pair,0,1024,2000,1,1,1,310011,,0,1,bandwidth_pair_s0_d1_b1024_r2000_w1_c0,bandwidth,0,1,155.0055
rma_flow,pair,0,16384,2000,2,1,0,1396042,,0,1,bandwidth_pair_s0_d1_b16384_r2000_w2_c0,bandwidth,0,1,698.021
rma_flow,pair,0,16384,2000,2,1,1,1396015,,0,1,bandwidth_pair_s0_d1_b16384_r2000_w2_c0,bandwidth,0,1,698.0075
rma_flow,pair,0,256,2000,8,1,0,135043,,0,1,bandwidth_pair_s0_d56_b256_r2000_w8_c0,bandwidth,0,56,67.5215
rma_flow,pair,0,256,2000,8,1,56,135016,,0,1,bandwidth_pair_s0_d56_b256_r2000_w8_c0,bandwidth,0,56,67.508
rma_flow,pair,0,16,2000,4,1,0,144043,,0,1,bandwidth_pair_s0_d1_b16_r2000_w4_c0,bandwidth,0,1,72.0215
rma_flow,pair,0,16,2000,4,1,1,144014,,0,1,bandwidth_pair_s0_d1_b16_r2000_w4_c0,bandwidth,0,1,72.007
rma_flow,ring4,10,1024,2000,1,4,36,474900,,0,1,contention_ring4_s0_d0_b1024_r2000_w1_c10,contention,0,0,237.45
rma_flow,ring4,10,1024,2000,1,4,37,421840,,0,1,contention_ring4_s0_d0_b1024_r2000_w1_c10,contention,0,0,210.92
rma_flow,ring4,10,1024,2000,1,4,44,474928,,0,1,contention_ring4_s0_d0_b1024_r2000_w1_c10,contention,0,0,237.464
rma_flow,ring4,10,1024,2000,1,4,45,474509,,0,1,contention_ring4_s0_d0_b1024_r2000_w1_c10,contention,0,0,237.2545
rma_flow,pair,0,32,2000,2,1,0,172043,,0,1,bandwidth_pair_s0_d9_b32_r2000_w2_c0,bandwidth,0,9,86.0215
rma_flow,pair,0,32,2000,2,1,9,172005,,0,1,bandwidth_pair_s0_d9_b32_r2000_w2_c0,bandwidth,0,9,86.0025
rma_flow,pair,0,8,2000,8,1,8,130043,,0,1,bandwidth_pair_s8_d16_b8_r2000_w8_c0,bandwidth,8,16,65.0215
rma_flow,pair,0,8,2000,8,1,16,130023,,0,1,bandwidth_pair_s8_d16_b8_r2000_w8_c0,bandwidth,8,16,65.0115
rma_flow,pair,0,16,2000,4,1,9,144042,,0,1,bandwidth_pair_s9_d18_b16_r2000_w4_c0,bandwidth,9,18,72.021
rma_flow,pair,0,16,2000,4,1,18,144020,,0,1,bandwidth_pair_s9_d18_b16_r2000_w4_c0,bandwidth,9,18,72.01
rma_flow,alltoall4,0,64,2000,4,12,0,740663,,0,1,contention_alltoall4_s0_d0_b64_r2000_w4_c0,contention,0,0,370.3315
rma_flow,alltoall4,0,64,2000,4,12,1,740690,,0,1,contention_alltoall4_s0_d0_b64_r2000_w4_c0,contention,0,0,370.345
rma_flow,alltoall4,0,64,2000,4,12,8,740722,,0,1,contention_alltoall4_s0_d0_b64_r2000_w4_c0,contention,0,0,370.361
rma_flow,alltoall4,0,64,2000,4,12,9,740742,,0,1,contention_alltoall4_s0_d0_b64_r2000_w4_c0,contention,0,0,370.371
rma_flow,pair,0,128,2000,16,1,9,127541,,0,1,bandwidth_pair_s9_d18_b128_r2000_w16_c0,bandwidth,9,18,63.7705
rma_flow,pair,0,128,2000,16,1,18,127520,,0,1,bandwidth_pair_s9_d18_b128_r2000_w16_c0,bandwidth,9,18,63.76
rma_flow,pair,0,128,2000,8,1,0,135041,,0,1,bandwidth_pair_s0_d9_b128_r2000_w8_c0,bandwidth,0,9,67.5205
rma_flow,pair,0,128,2000,8,1,9,135004,,0,1,bandwidth_pair_s0_d9_b128_r2000_w8_c0,bandwidth,0,9,67.502
rma_flow,pair,0,128,2000,4,1,0,150041,,0,1,bandwidth_pair_s0_d63_b128_r2000_w4_c0,bandwidth,0,63,75.0205
rma_flow,pair,0,128,2000,4,1,63,149997,,0,1,bandwidth_pair_s0_d63_b128_r2000_w4_c0,bandwidth,0,63,74.9985
rma_flow,pair,0,32,2000,1,1,1,228042,,0,1,bandwidth_pair_s1_d2_b32_r2000_w1_c0,bandwidth,1,2,114.021
rma_flow,pair,0,32,2000,1,1,2,228021,,0,1,bandwidth_pair_s1_d2_b32_r2000_w1_c0,bandwidth,1,2,114.0105
rma_flow,pair,0,1024,2000,4,1,8,171042,,0,1,bandwidth_pair_s8_d16_b1024_r2000_w4_c0,bandwidth,8,16,85.521
rma_flow,pair,0,1024,2000,4,1,16,171021,,0,1,bandwidth_pair_s8_d16_b1024_r2000_w4_c0,bandwidth,8,16,85.5105
rma_flow,alltoall4,10,1024,2000,4,12,36,1026121,,0,1,contention_alltoall4_s0_d0_b1024_r2000_w4_c10,contention,0,0,513.0605
rma_flow,alltoall4,10,1024,2000,4,12,37,1026165,,0,1,contention_alltoall4_s0_d0_b1024_r2000_w4_c10,contention,0,0,513.0825
rma_flow,alltoall4,10,1024,2000,4,12,44,1026203,,0,1,contention_alltoall4_s0_d0_b1024_r2000_w4_c10,contention,0,0,513.1015
rma_flow,alltoall4,10,1024,2000,4,12,45,1026232,,0,1,contention_alltoall4_s0_d0_b1024_r2000_w4_c10,contention,0,0,513.116
rma_flow,pair,0,32,2000,4,1,8,144043,,0,1,bandwidth_pair_s8_d16_b32_r2000_w4_c0,bandwidth,8,16,72.0215
rma_flow,pair,0,32,2000,4,1,16,144023,,0,1,bandwidth_pair_s8_d16_b32_r2000_w4_c0,bandwidth,8,16,72.0115
rma_flow,pair,0,8,2000,4,1,0,144042,,0,1,bandwidth_pair_s0_d1_b8_r2000_w4_c0,bandwidth,0,1,72.021
rma_flow,pair,0,8,2000,4,1,1,144013,,0,1,bandwidth_pair_s0_d1_b8_r2000_w4_c0,bandwidth,0,1,72.0065
rma_flow,alltoall4,10,64,2000,4,12,36,740845,,0,1,contention_alltoall4_s0_d0_b64_r2000_w4_c10,contention,0,0,370.4225
rma_flow,alltoall4,10,64,2000,4,12,37,740882,,0,1,contention_alltoall4_s0_d0_b64_r2000_w4_c10,contention,0,0,370.441
rma_flow,alltoall4,10,64,2000,4,12,44,740914,,0,1,contention_alltoall4_s0_d0_b64_r2000_w4_c10,contention,0,0,370.457
rma_flow,alltoall4,10,64,2000,4,12,45,740944,,0,1,contention_alltoall4_s0_d0_b64_r2000_w4_c10,contention,0,0,370.472
rma_flow,single,0,64,2000,1,1,0,228041,,0,1,contention_single_s0_d0_b64_r2000_w1_c0,contention,0,0,114.0205
rma_flow,single,0,64,2000,1,1,1,228014,,0,1,contention_single_s0_d0_b64_r2000_w1_c0,contention,0,0,114.007
rma_flow,pair,0,128,2000,2,1,0,180042,,0,1,bandwidth_pair_s0_d63_b128_r2000_w2_c0,bandwidth,0,63,90.021
rma_flow,pair,0,128,2000,2,1,63,179995,,0,1,bandwidth_pair_s0_d63_b128_r2000_w2_c0,bandwidth,0,63,89.9975
rma_flow,ring4,10,1024,2000,4,4,36,359273,,0,1,contention_ring4_s0_d0_b1024_r2000_w4_c10,contention,0,0,179.6365
rma_flow,ring4,10,1024,2000,4,4,37,357973,,0,1,contention_ring4_s0_d0_b1024_r2000_w4_c10,contention,0,0,178.9865
rma_flow,ring4,10,1024,2000,4,4,44,359306,,0,1,contention_ring4_s0_d0_b1024_r2000_w4_c10,contention,0,0,179.653
rma_flow,ring4,10,1024,2000,4,4,45,358704,,0,1,contention_ring4_s0_d0_b1024_r2000_w4_c10,contention,0,0,179.352
rma_flow,pair,0,16,2000,8,1,0,130042,,0,1,bandwidth_pair_s0_d1_b16_r2000_w8_c0,bandwidth,0,1,65.021
rma_flow,pair,0,16,2000,8,1,1,130013,,0,1,bandwidth_pair_s0_d1_b16_r2000_w8_c0,bandwidth,0,1,65.0065
rma_flow,pair,0,16384,2000,4,1,0,1338042,,0,1,bandwidth_pair_s0_d1_b16384_r2000_w4_c0,bandwidth,0,1,669.021
rma_flow,pair,0,16384,2000,4,1,1,1338015,,0,1,bandwidth_pair_s0_d1_b16384_r2000_w4_c0,bandwidth,0,1,669.0075
rma_flow,pair,0,16,2000,1,1,0,228041,,0,1,bandwidth_pair_s0_d7_b16_r2000_w1_c0,bandwidth,0,7,114.0205
rma_flow,pair,0,16,2000,1,1,7,228009,,0,1,bandwidth_pair_s0_d7_b16_r2000_w1_c0,bandwidth,0,7,114.0045
rma_flow,pair,0,16384,2000,2,1,1,1394042,,0,1,bandwidth_pair_s1_d2_b16384_r2000_w2_c0,bandwidth,1,2,697.021
rma_flow,pair,0,16384,2000,2,1,2,1394024,,0,1,bandwidth_pair_s1_d2_b16384_r2000_w2_c0,bandwidth,1,2,697.012
rma_flow,split_near2,0,64,2000,4,2,0,188042,,0,1,contention_split_near2_s0_d0_b64_r2000_w4_c0,contention,0,0,94.021
rma_flow,split_near2,0,64,2000,4,2,1,188009,,0,1,contention_split_near2_s0_d0_b64_r2000_w4_c0,contention,0,0,94.0045
rma_flow,split_near2,0,64,2000,4,2,16,195042,,0,1,contention_split_near2_s0_d0_b64_r2000_w4_c0,contention,0,0,97.521
rma_flow,split_near2,0,64,2000,4,2,17,195017,,0,1,contention_split_near2_s0_d0_b64_r2000_w4_c0,contention,0,0,97.5085
rma_flow,pair,0,32768,2000,1,1,0,2788042,,0,1,bandwidth_pair_s0_d9_b32768_r2000_w1_c0,bandwidth,0,9,1394.021
rma_flow,pair,0,32768,2000,1,1,9,2788003,,0,1,bandwidth_pair_s0_d9_b32768_r2000_w1_c0,bandwidth,0,9,1394.0015
rma_flow,pair,0,16384,2000,4,1,8,1337042,,0,1,bandwidth_pair_s8_d16_b16384_r2000_w4_c0,bandwidth,8,16,668.521
rma_flow,pair,0,16384,2000,4,1,16,1337026,,0,1,bandwidth_pair_s8_d16_b16384_r2000_w4_c0,bandwidth,8,16,668.513
rma_flow,ring4,10,64,2000,1,4,36,379222,,0,1,contention_ring4_s0_d0_b64_r2000_w1_c10,contention,0,0,189.611
rma_flow,ring4,10,64,2000,1,4,37,348062,,0,1,contention_ring4_s0_d0_b64_r2000_w1_c10,contention,0,0,174.031
rma_flow,ring4,10,64,2000,1,4,44,379251,,0,1,contention_ring4_s0_d0_b64_r2000_w1_c10,contention,0,0,189.6255
rma_flow,ring4,10,64,2000,1,4,45,348054,,0,1,contention_ring4_s0_d0_b64_r2000_w1_c10,contention,0,0,174.027
rma_flow,split_near2,0,64,2000,1,2,0,248042,,0,1,contention_split_near2_s0_d0_b64_r2000_w1_c0,contention,0,0,124.021
rma_flow,split_near2,0,64,2000,1,2,1,248009,,0,1,contention_split_near2_s0_d0_b64_r2000_w1_c0,contention,0,0,124.0045
rma_flow,split_near2,0,64,2000,1,2,16,276042,,0,1,contention_split_near2_s0_d0_b64_r2000_w1_c0,contention,0,0,138.021
rma_flow,split_near2,0,64,2000,1,2,17,276017,,0,1,contention_split_near2_s0_d0_b64_r2000_w1_c0,contention,0,0,138.0085
rma_flow,pair,0,1024,2000,2,1,0,216042,,0,1,bandwidth_pair_s0_d63_b1024_r2000_w2_c0,bandwidth,0,63,108.021
rma_flow,pair,0,1024,2000,2,1,63,215997,,0,1,bandwidth_pair_s0_d63_b1024_r2000_w2_c0,bandwidth,0,63,107.9985
rma_flow,pair,0,4096,2000,1,1,0,548042,,0,1,bandwidth_pair_s0_d63_b4096_r2000_w1_c0,bandwidth,0,63,274.021
rma_flow,pair,0,4096,2000,1,1,63,547996,,0,1,bandwidth_pair_s0_d63_b4096_r2000_w1_c0,bandwidth,0,63,273.998
rma_flow,incast3,0,64,2000,4,3,0,244304,,0,1,contention_incast3_s0_d0_b64_r2000_w4_c0,contention,0,0,122.152
rma_flow,incast3,0,64,2000,4,3,1,236592,,0,1,contention_incast3_s0_d0_b64_r2000_w4_c0,contention,0,0,118.296
rma_flow,incast3,0,64,2000,4,3,8,237104,,0,1,contention_incast3_s0_d0_b64_r2000_w4_c0,contention,0,0,118.552
rma_flow,incast3,0,64,2000,4,3,9,244301,,0,1,contention_incast3_s0_d0_b64_r2000_w4_c0,contention,0,0,122.1505
rma_flow,pair,0,8,2000,2,1,9,172043,,0,1,bandwidth_pair_s9_d18_b8_r2000_w2_c0,bandwidth,9,18,86.0215
rma_flow,pair,0,8,2000,2,1,18,172021,,0,1,bandwidth_pair_s9_d18_b8_r2000_w2_c0,bandwidth,9,18,86.0105
rma_flow,pair,0,128,2000,1,1,0,240042,,0,1,bandwidth_pair_s0_d7_b128_r2000_w1_c0,bandwidth,0,7,120.021
rma_flow,pair,0,128,2000,1,1,7,240008,,0,1,bandwidth_pair_s0_d7_b128_r2000_w1_c0,bandwidth,0,7,120.004
rma_flow,split_near2,10,1024,2000,4,2,36,204042,,0,1,contention_split_near2_s0_d0_b1024_r2000_w4_c10,contention,0,0,102.021
rma_flow,split_near2,10,1024,2000,4,2,37,204025,,0,1,contention_split_near2_s0_d0_b1024_r2000_w4_c10,contention,0,0,102.0125
rma_flow,split_near2,10,1024,2000,4,2,52,218042,,0,1,contention_split_near2_s0_d0_b1024_r2000_w4_c10,contention,0,0,109.021
rma_flow,split_near2,10,1024,2000,4,2,53,218026,,0,1,contention_split_near2_s0_d0_b1024_r2000_w4_c10,contention,0,0,109.013
rma_flow,incast3,0,1024,2000,4,3,0,273175,,0,1,contention_incast3_s0_d0_b1024_r2000_w4_c0,contention,0,0,136.5875
rma_flow,incast3,0,1024,2000,4,3,1,273078,,0,1,contention_incast3_s0_d0_b1024_r2000_w4_c0,contention,0,0,136.539
rma_flow,incast3,0,1024,2000,4,3,8,273137,,0,1,contention_incast3_s0_d0_b1024_r2000_w4_c0,contention,0,0,136.5685
rma_flow,incast3,0,1024,2000,4,3,9,273171,,0,1,contention_incast3_s0_d0_b1024_r2000_w4_c0,contention,0,0,136.5855
rma_flow,pair,0,128,2000,1,1,0,240042,,0,1,bandwidth_pair_s0_d56_b128_r2000_w1_c0,bandwidth,0,56,120.021
rma_flow,pair,0,128,2000,1,1,56,240007,,0,1,bandwidth_pair_s0_d56_b128_r2000_w1_c0,bandwidth,0,56,120.0035
rma_flow,pair,0,16,2000,16,1,0,123042,,0,1,bandwidth_pair_s0_d7_b16_r2000_w16_c0,bandwidth,0,7,61.521
rma_flow,pair,0,16,2000,16,1,7,123010,,0,1,bandwidth_pair_s0_d7_b16_r2000_w16_c0,bandwidth,0,7,61.505
rma_flow,single,15,64,2000,1,1,54,228042,,0,1,contention_single_s0_d0_b64_r2000_w1_c15,contention,0,0,114.021
rma_flow,single,15,64,2000,1,1,55,228026,,0,1,contention_single_s0_d0_b64_r2000_w1_c15,contention,0,0,114.013
rma_flow,pair,0,4096,2000,8,1,0,350543,,0,1,bandwidth_pair_s0_d1_b4096_r2000_w8_c0,bandwidth,0,1,175.2715
rma_flow,pair,0,4096,2000,8,1,1,350518,,0,1,bandwidth_pair_s0_d1_b4096_r2000_w8_c0,bandwidth,0,1,175.259
rma_flow,pair,0,4096,2000,2,1,0,436042,,0,1,bandwidth_pair_s0_d7_b4096_r2000_w2_c0,bandwidth,0,7,218.021
rma_flow,pair,0,4096,2000,2,1,7,436014,,0,1,bandwidth_pair_s0_d7_b4096_r2000_w2_c0,bandwidth,0,7,218.007
rma_flow,pair,0,256,2000,1,1,0,240042,,0,1,bandwidth_pair_s0_d1_b256_r2000_w1_c0,bandwidth,0,1,120.021
rma_flow,pair,0,256,2000,1,1,1,240016,,0,1,bandwidth_pair_s0_d1_b256_r2000_w1_c0,bandwidth,0,1,120.008
rma_flow,pair,0,64,2000,8,1,1,130042,,0,1,bandwidth_pair_s1_d2_b64_r2000_w8_c0,bandwidth,1,2,65.021
rma_flow,pair,0,64,2000,8,1,2,130023,,0,1,bandwidth_pair_s1_d2_b64_r2000_w8_c0,bandwidth,1,2,65.0115
rma_flow,split_near2,10,64,2000,4,2,36,188041,,0,1,contention_split_near2_s0_d0_b64_r2000_w4_c10,contention,0,0,94.0205
rma_flow,split_near2,10,64,2000,4,2,37,188017,,0,1,contention_split_near2_s0_d0_b64_r2000_w4_c10,contention,0,0,94.0085
rma_flow,split_near2,10,64,2000,4,2,52,195042,,0,1,contention_split_near2_s0_d0_b64_r2000_w4_c10,contention,0,0,97.521
rma_flow,split_near2,10,64,2000,4,2,53,195030,,0,1,contention_split_near2_s0_d0_b64_r2000_w4_c10,contention,0,0,97.515
rma_flow,pair,0,8,2000,1,1,1,228041,,0,1,bandwidth_pair_s1_d2_b8_r2000_w1_c0,bandwidth,1,2,114.0205
rma_flow,pair,0,8,2000,1,1,2,228020,,0,1,bandwidth_pair_s1_d2_b8_r2000_w1_c0,bandwidth,1,2,114.01
rma_flow,split_side2,10,1024,2000,4,2,36,204041,,0,1,contention_split_side2_s0_d0_b1024_r2000_w4_c10,contention,0,0,102.0205
rma_flow,split_side2,10,1024,2000,4,2,37,204024,,0,1,contention_split_side2_s0_d0_b1024_r2000_w4_c10,contention,0,0,102.012
rma_flow,split_side2,10,1024,2000,4,2,38,218041,,0,1,contention_split_side2_s0_d0_b1024_r2000_w4_c10,contention,0,0,109.0205
rma_flow,split_side2,10,1024,2000,4,2,39,218025,,0,1,contention_split_side2_s0_d0_b1024_r2000_w4_c10,contention,0,0,109.0125
rma_flow,pair,0,16,2000,2,1,0,172043,,0,1,bandwidth_pair_s0_d9_b16_r2000_w2_c0,bandwidth,0,9,86.0215
rma_flow,pair,0,16,2000,2,1,9,172005,,0,1,bandwidth_pair_s0_d9_b16_r2000_w2_c0,bandwidth,0,9,86.0025
rma_flow,pair,0,16384,2000,1,1,9,1508042,,0,1,bandwidth_pair_s9_d18_b16384_r2000_w1_c0,bandwidth,9,18,754.021
rma_flow,pair,0,16384,2000,1,1,18,1508024,,0,1,bandwidth_pair_s9_d18_b16384_r2000_w1_c0,bandwidth,9,18,754.012
rma_flow,pair,0,8,2000,16,1,8,123043,,0,1,bandwidth_pair_s8_d16_b8_r2000_w16_c0,bandwidth,8,16,61.5215
rma_flow,pair,0,8,2000,16,1,16,123023,,0,1,bandwidth_pair_s8_d16_b8_r2000_w16_c0,bandwidth,8,16,61.5115
rma_flow,pair,0,4096,2000,16,1,8,336293,,0,1,bandwidth_pair_s8_d16_b4096_r2000_w16_c0,bandwidth,8,16,168.1465
rma_flow,pair,0,4096,2000,16,1,16,336276,,0,1,bandwidth_pair_s8_d16_b4096_r2000_w16_c0,bandwidth,8,16,168.138
rma_flow,pair,0,1024,2000,4,1,0,171042,,0,1,bandwidth_pair_s0_d56_b1024_r2000_w4_c0,bandwidth,0,56,85.521
rma_flow,pair,0,1024,2000,4,1,56,171011,,0,1,bandwidth_pair_s0_d56_b1024_r2000_w4_c0,bandwidth,0,56,85.5055
rma_flow,pair,0,256,2000,16,1,1,127542,,0,1,bandwidth_pair_s1_d2_b256_r2000_w16_c0,bandwidth,1,2,63.771
rma_flow,pair,0,256,2000,16,1,2,127523,,0,1,bandwidth_pair_s1_d2_b256_r2000_w16_c0,bandwidth,1,2,63.7615
rma_flow,ring4,0,64,2000,1,4,0,376961,,0,1,contention_ring4_s0_d0_b64_r2000_w1_c0,contention,0,0,188.4805
rma_flow,ring4,0,64,2000,1,4,1,348053,,0,1,contention_ring4_s0_d0_b64_r2000_w1_c0,contention,0,0,174.0265
rma_flow,ring4,0,64,2000,1,4,8,376980,,0,1,contention_ring4_s0_d0_b64_r2000_w1_c0,contention,0,0,188.49
rma_flow,ring4,0,64,2000,1,4,9,348052,,0,1,contention_ring4_s0_d0_b64_r2000_w1_c0,contention,0,0,174.026
rma_flow,pair,0,4096,2000,8,1,0,350542,,0,1,bandwidth_pair_s0_d9_b4096_r2000_w8_c0,bandwidth,0,9,175.271
rma_flow,pair,0,4096,2000,8,1,9,350508,,0,1,bandwidth_pair_s0_d9_b4096_r2000_w8_c0,bandwidth,0,9,175.254
rma_flow,alltoall4,5,64,2000,4,12,18,740845,,0,1,contention_alltoall4_s0_d0_b64_r2000_w4_c5,contention,0,0,370.4225
rma_flow,alltoall4,5,64,2000,4,12,19,740882,,0,1,contention_alltoall4_s0_d0_b64_r2000_w4_c5,contention,0,0,370.441
rma_flow,alltoall4,5,64,2000,4,12,26,740914,,0,1,contention_alltoall4_s0_d0_b64_r2000_w4_c5,contention,0,0,370.457
rma_flow,alltoall4,5,64,2000,4,12,27,740944,,0,1,contention_alltoall4_s0_d0_b64_r2000_w4_c5,contention,0,0,370.472
rma_flow,pair,0,32,2000,16,1,8,123042,,0,1,bandwidth_pair_s8_d16_b32_r2000_w16_c0,bandwidth,8,16,61.521
rma_flow,pair,0,32,2000,16,1,16,123022,,0,1,bandwidth_pair_s8_d16_b32_r2000_w16_c0,bandwidth,8,16,61.511
rma_flow,pair,0,8,2000,2,1,0,172043,,0,1,bandwidth_pair_s0_d1_b8_r2000_w2_c0,bandwidth,0,1,86.0215
rma_flow,pair,0,8,2000,2,1,1,172014,,0,1,bandwidth_pair_s0_d1_b8_r2000_w2_c0,bandwidth,0,1,86.007
rma_flow,pair,0,1024,2000,2,1,9,216043,,0,1,bandwidth_pair_s9_d18_b1024_r2000_w2_c0,bandwidth,9,18,108.0215
rma_flow,pair,0,1024,2000,2,1,18,216025,,0,1,bandwidth_pair_s9_d18_b1024_r2000_w2_c0,bandwidth,9,18,108.0125
rma_flow,ring4,0,1024,2000,1,4,0,475538,,0,1,contention_ring4_s0_d0_b1024_r2000_w1_c0,contention,0,0,237.769
rma_flow,ring4,0,1024,2000,1,4,1,421781,,0,1,contention_ring4_s0_d0_b1024_r2000_w1_c0,contention,0,0,210.8905
rma_flow,ring4,0,1024,2000,1,4,8,475559,,0,1,contention_ring4_s0_d0_b1024_r2000_w1_c0,contention,0,0,237.7795
rma_flow,ring4,0,1024,2000,1,4,9,474670,,0,1,contention_ring4_s0_d0_b1024_r2000_w1_c0,contention,0,0,237.335
rma_flow,pair,0,128,2000,4,1,1,150042,,0,1,bandwidth_pair_s1_d2_b128_r2000_w4_c0,bandwidth,1,2,75.021
rma_flow,pair,0,128,2000,4,1,2,150019,,0,1,bandwidth_pair_s1_d2_b128_r2000_w4_c0,bandwidth,1,2,75.0095
rma_flow,pair,0,4096,2000,4,1,0,378042,,0,1,bandwidth_pair_s0_d1_b4096_r2000_w4_c0,bandwidth,0,1,189.021
rma_flow,pair,0,4096,2000,4,1,1,378018,,0,1,bandwidth_pair_s0_d1_b4096_r2000_w4_c0,bandwidth,0,1,189.009
rma_flow,single,10,1024,2000,4,1,36,171042,,0,1,contention_single_s0_d0_b1024_r2000_w4_c10,contention,0,0,85.521
rma_flow,single,10,1024,2000,4,1,37,171029,,0,1,contention_single_s0_d0_b1024_r2000_w4_c10,contention,0,0,85.5145
rma_flow,pair,0,16,2000,1,1,8,228041,,0,1,bandwidth_pair_s8_d16_b16_r2000_w1_c0,bandwidth,8,16,114.0205
rma_flow,pair,0,16,2000,1,1,16,228021,,0,1,bandwidth_pair_s8_d16_b16_r2000_w1_c0,bandwidth,8,16,114.0105
rma_flow,pair,0,128,2000,4,1,9,150042,,0,1,bandwidth_pair_s9_d18_b128_r2000_w4_c0,bandwidth,9,18,75.021
rma_flow,pair,0,128,2000,4,1,18,150018,,0,1,bandwidth_pair_s9_d18_b128_r2000_w4_c0,bandwidth,9,18,75.009
rma_flow,pair,0,16,2000,8,1,0,130043,,0,1,bandwidth_pair_s0_d56_b16_r2000_w8_c0,bandwidth,0,56,65.0215
rma_flow,pair,0,16,2000,8,1,56,130011,,0,1,bandwidth_pair_s0_d56_b16_r2000_w8_c0,bandwidth,0,56,65.0055
rma_flow,pair,0,128,2000,2,1,0,180041,,0,1,bandwidth_pair_s0_d9_b128_r2000_w2_c0,bandwidth,0,9,90.0205
rma_flow,pair,0,128,2000,2,1,9,180004,,0,1,bandwidth_pair_s0_d9_b128_r2000_w2_c0,bandwidth,0,9,90.002
rma_flow,alltoall4,0,64,2000,1,12,0,823689,,0,1,contention_alltoall4_s0_d0_b64_r2000_w1_c0,contention,0,0,411.8445
rma_flow,alltoall4,0,64,2000,1,12,1,823716,,0,1,contention_alltoall4_s0_d0_b64_r2000_w1_c0,contention,0,0,411.858
rma_flow,alltoall4,0,64,2000,1,12,8,823751,,0,1,contention_alltoall4_s0_d0_b64_r2000_w1_c0,contention,0,0,411.8755
rma_flow,alltoall4,0,64,2000,1,12,9,823771,,0,1,contention_alltoall4_s0_d0_b64_r2000_w1_c0,contention,0,0,411.8855
rma_flow,split_side2,0,64,2000,4,2,0,188041,,0,1,contention_split_side2_s0_d0_b64_r2000_w4_c0,contention,0,0,94.0205
rma_flow,split_side2,0,64,2000,4,2,1,188008,,0,1,contention_split_side2_s0_d0_b64_r2000_w4_c0,contention,0,0,94.004
rma_flow,split_side2,0,64,2000,4,2,2,195043,,0,1,contention_split_side2_s0_d0_b64_r2000_w4_c0,contention,0,0,97.5215
rma_flow,split_side2,0,64,2000,4,2,3,195029,,0,1,contention_split_side2_s0_d0_b64_r2000_w4_c0,contention,0,0,97.5145
rma_flow,incast3,10,1024,2000,4,3,36,273165,,0,1,contention_incast3_s0_d0_b1024_r2000_w4_c10,contention,0,0,136.5825
rma_flow,incast3,10,1024,2000,4,3,37,273081,,0,1,contention_incast3_s0_d0_b1024_r2000_w4_c10,contention,0,0,136.5405
rma_flow,incast3,10,1024,2000,4,3,44,273138,,0,1,contention_incast3_s0_d0_b1024_r2000_w4_c10,contention,0,0,136.569
rma_flow,incast3,10,1024,2000,4,3,45,273182,,0,1,contention_incast3_s0_d0_b1024_r2000_w4_c10,contention,0,0,136.591
rma_flow,incast3,5,1024,2000,1,3,18,420089,,0,1,contention_incast3_s0_d0_b1024_r2000_w1_c5,contention,0,0,210.0445
rma_flow,incast3,5,1024,2000,1,3,19,355108,,0,1,contention_incast3_s0_d0_b1024_r2000_w1_c5,contention,0,0,177.554
rma_flow,incast3,5,1024,2000,1,3,26,419739,,0,1,contention_incast3_s0_d0_b1024_r2000_w1_c5,contention,0,0,209.8695
rma_flow,incast3,5,1024,2000,1,3,27,420109,,0,1,contention_incast3_s0_d0_b1024_r2000_w1_c5,contention,0,0,210.0545
rma_flow,pair,0,256,2000,4,1,0,150042,,0,1,bandwidth_pair_s0_d1_b256_r2000_w4_c0,bandwidth,0,1,75.021
rma_flow,pair,0,256,2000,4,1,1,150015,,0,1,bandwidth_pair_s0_d1_b256_r2000_w4_c0,bandwidth,0,1,75.0075
rma_flow,pair,0,1024,2000,1,1,0,310042,,0,1,bandwidth_pair_s0_d9_b1024_r2000_w1_c0,bandwidth,0,9,155.021
rma_flow,pair,0,1024,2000,1,1,9,310003,,0,1,bandwidth_pair_s0_d9_b1024_r2000_w1_c0,bandwidth,0,9,155.0015
rma_flow,pair,0,32,2000,2,1,1,172042,,0,1,bandwidth_pair_s1_d2_b32_r2000_w2_c0,bandwidth,1,2,86.021
rma_flow,pair,0,32,2000,2,1,2,172021,,0,1,bandwidth_pair_s1_d2_b32_r2000_w2_c0,bandwidth,1,2,86.0105
rma_flow,incast3,10,1024,2000,1,3,36,420089,,0,1,contention_incast3_s0_d0_b1024_r2000_w1_c10,contention,0,0,210.0445
rma_flow,incast3,10,1024,2000,1,3,37,355108,,0,1,contention_incast3_s0_d0_b1024_r2000_w1_c10,contention,0,0,177.554
rma_flow,incast3,10,1024,2000,1,3,44,419739,,0,1,contention_incast3_s0_d0_b1024_r2000_w1_c10,contention,0,0,209.8695
rma_flow,incast3,10,1024,2000,1,3,45,420109,,0,1,contention_incast3_s0_d0_b1024_r2000_w1_c10,contention,0,0,210.0545
rma_flow,pair,0,128,2000,8,1,9,135042,,0,1,bandwidth_pair_s9_d18_b128_r2000_w8_c0,bandwidth,9,18,67.521
rma_flow,pair,0,128,2000,8,1,18,135018,,0,1,bandwidth_pair_s9_d18_b128_r2000_w8_c0,bandwidth,9,18,67.509
rma_flow,ring4,15,1024,2000,4,4,54,359182,,0,1,contention_ring4_s0_d0_b1024_r2000_w4_c15,contention,0,0,179.591
rma_flow,ring4,15,1024,2000,4,4,55,357874,,0,1,contention_ring4_s0_d0_b1024_r2000_w4_c15,contention,0,0,178.937
rma_flow,ring4,15,1024,2000,4,4,62,359215,,0,1,contention_ring4_s0_d0_b1024_r2000_w4_c15,contention,0,0,179.6075
rma_flow,ring4,15,1024,2000,4,4,63,358602,,0,1,contention_ring4_s0_d0_b1024_r2000_w4_c15,contention,0,0,179.301
rma_flow,pair,0,64,2000,4,1,0,144041,,0,1,bandwidth_pair_s0_d63_b64_r2000_w4_c0,bandwidth,0,63,72.0205
rma_flow,pair,0,64,2000,4,1,63,143998,,0,1,bandwidth_pair_s0_d63_b64_r2000_w4_c0,bandwidth,0,63,71.999
rma_flow,pair,0,32,2000,8,1,8,130042,,0,1,bandwidth_pair_s8_d16_b32_r2000_w8_c0,bandwidth,8,16,65.021
rma_flow,pair,0,32,2000,8,1,16,130022,,0,1,bandwidth_pair_s8_d16_b32_r2000_w8_c0,bandwidth,8,16,65.011
rma_flow,pair,0,64,2000,4,1,0,144042,,0,1,bandwidth_pair_s0_d1_b64_r2000_w4_c0,bandwidth,0,1,72.021
rma_flow,pair,0,64,2000,4,1,1,144015,,0,1,bandwidth_pair_s0_d1_b64_r2000_w4_c0,bandwidth,0,1,72.0075
rma_flow,split_near2,15,1024,2000,4,2,38,218041,,0,1,contention_split_near2_s0_d0_b1024_r2000_w4_c15,contention,0,0,109.0205
rma_flow,split_near2,15,1024,2000,4,2,39,218025,,0,1,contention_split_near2_s0_d0_b1024_r2000_w4_c15,contention,0,0,109.0125
rma_flow,split_near2,15,1024,2000,4,2,54,204041,,0,1,contention_split_near2_s0_d0_b1024_r2000_w4_c15,contention,0,0,102.0205
rma_flow,split_near2,15,1024,2000,4,2,55,204024,,0,1,contention_split_near2_s0_d0_b1024_r2000_w4_c15,contention,0,0,102.012
rma_flow,pair,0,8,2000,4,1,0,144042,,0,1,bandwidth_pair_s0_d9_b8_r2000_w4_c0,bandwidth,0,9,72.021
rma_flow,pair,0,8,2000,4,1,9,144004,,0,1,bandwidth_pair_s0_d9_b8_r2000_w4_c0,bandwidth,0,9,72.002
rma_flow,pair,0,8,2000,4,1,9,144042,,0,1,bandwidth_pair_s9_d18_b8_r2000_w4_c0,bandwidth,9,18,72.021
rma_flow,pair,0,8,2000,4,1,18,144020,,0,1,bandwidth_pair_s9_d18_b8_r2000_w4_c0,bandwidth,9,18,72.01
rma_flow,pair,0,8,2000,1,1,0,228041,,0,1,bandwidth_pair_s0_d1_b8_r2000_w1_c0,bandwidth,0,1,114.0205
rma_flow,pair,0,8,2000,1,1,1,228012,,0,1,bandwidth_pair_s0_d1_b8_r2000_w1_c0,bandwidth,0,1,114.006
rma_flow,pair,0,8,2000,1,1,0,228042,,0,1,bandwidth_pair_s0_d9_b8_r2000_w1_c0,bandwidth,0,9,114.021
rma_flow,pair,0,8,2000,1,1,9,228004,,0,1,bandwidth_pair_s0_d9_b8_r2000_w1_c0,bandwidth,0,9,114.002
rma_flow,pair,0,32,2000,2,1,0,172042,,0,1,bandwidth_pair_s0_d7_b32_r2000_w2_c0,bandwidth,0,7,86.021
rma_flow,pair,0,32,2000,2,1,7,172010,,0,1,bandwidth_pair_s0_d7_b32_r2000_w2_c0,bandwidth,0,7,86.005
rma_flow,alltoall4,5,64,2000,1,12,18,825504,,0,1,contention_alltoall4_s0_d0_b64_r2000_w1_c5,contention,0,0,412.752
rma_flow,alltoall4,5,64,2000,1,12,19,825544,,0,1,contention_alltoall4_s0_d0_b64_r2000_w1_c5,contention,0,0,412.772
rma_flow,alltoall4,5,64,2000,1,12,26,825579,,0,1,contention_alltoall4_s0_d0_b64_r2000_w1_c5,contention,0,0,412.7895
rma_flow,alltoall4,5,64,2000,1,12,27,825606,,0,1,contention_alltoall4_s0_d0_b64_r2000_w1_c5,contention,0,0,412.803
rma_flow,split_far2,5,64,2000,4,2,18,188041,,0,1,contention_split_far2_s0_d0_b64_r2000_w4_c5,contention,0,0,94.0205
rma_flow,split_far2,5,64,2000,4,2,19,188017,,0,1,contention_split_far2_s0_d0_b64_r2000_w4_c5,contention,0,0,94.0085
rma_flow,split_far2,5,64,2000,4,2,50,195042,,0,1,contention_split_far2_s0_d0_b64_r2000_w4_c5,contention,0,0,97.521
rma_flow,split_far2,5,64,2000,4,2,51,195030,,0,1,contention_split_far2_s0_d0_b64_r2000_w4_c5,contention,0,0,97.515
rma_flow,pair,0,1024,2000,8,1,9,147543,,0,1,bandwidth_pair_s9_d18_b1024_r2000_w8_c0,bandwidth,9,18,73.7715
rma_flow,pair,0,1024,2000,8,1,18,147520,,0,1,bandwidth_pair_s9_d18_b1024_r2000_w8_c0,bandwidth,9,18,73.76
rma_flow,pair,0,8,2000,4,1,1,144043,,0,1,bandwidth_pair_s1_d2_b8_r2000_w4_c0,bandwidth,1,2,72.0215
rma_flow,pair,0,8,2000,4,1,2,144022,,0,1,bandwidth_pair_s1_d2_b8_r2000_w4_c0,bandwidth,1,2,72.011
rma_flow,pair,0,32768,2000,1,1,0,2788042,,0,1,bandwidth_pair_s0_d8_b32768_r2000_w1_c0,bandwidth,0,8,1394.021
rma_flow,pair,0,32768,2000,1,1,8,2788016,,0,1,bandwidth_pair_s0_d8_b32768_r2000_w1_c0,bandwidth,0,8,1394.008
rma_flow,pair,0,64,2000,1,1,0,228041,,0,1,bandwidth_pair_s0_d1_b64_r2000_w1_c0,bandwidth,0,1,114.0205
rma_flow,pair,0,64,2000,1,1,1,228014,,0,1,bandwidth_pair_s0_d1_b64_r2000_w1_c0,bandwidth,0,1,114.007
rma_flow,intra2,5,1024,2000,1,2,18,330778,,0,1,contention_intra2_s0_d0_b1024_r2000_w1_c5,contention,0,0,165.389
rma_flow,intra2,5,1024,2000,1,2,19,330768,,0,1,contention_intra2_s0_d0_b1024_r2000_w1_c5,contention,0,0,165.384
rma_flow,intra2,5,1024,2000,1,2,26,375805,,0,1,contention_intra2_s0_d0_b1024_r2000_w1_c5,contention,0,0,187.9025
rma_flow,intra2,5,1024,2000,1,2,27,375788,,0,1,contention_intra2_s0_d0_b1024_r2000_w1_c5,contention,0,0,187.894
rma_flow,ring4,15,1024,2000,1,4,54,474900,,0,1,contention_ring4_s0_d0_b1024_r2000_w1_c15,contention,0,0,237.45
rma_flow,ring4,15,1024,2000,1,4,55,421840,,0,1,contention_ring4_s0_d0_b1024_r2000_w1_c15,contention,0,0,210.92
rma_flow,ring4,15,1024,2000,1,4,62,474928,,0,1,contention_ring4_s0_d0_b1024_r2000_w1_c15,contention,0,0,237.464
rma_flow,ring4,15,1024,2000,1,4,63,474509,,0,1,contention_ring4_s0_d0_b1024_r2000_w1_c15,contention,0,0,237.2545
rma_flow,pair,0,1024,2000,4,1,0,171043,,0,1,bandwidth_pair_s0_d1_b1024_r2000_w4_c0,bandwidth,0,1,85.5215
rma_flow,pair,0,1024,2000,4,1,1,171016,,0,1,bandwidth_pair_s0_d1_b1024_r2000_w4_c0,bandwidth,0,1,85.508
rma_flow,pair,0,4096,2000,4,1,0,378043,,0,1,bandwidth_pair_s0_d56_b4096_r2000_w4_c0,bandwidth,0,56,189.0215
rma_flow,pair,0,4096,2000,4,1,56,378011,,0,1,bandwidth_pair_s0_d56_b4096_r2000_w4_c0,bandwidth,0,56,189.0055
rma_flow,pair,0,16,2000,16,1,0,123043,,0,1,bandwidth_pair_s0_d9_b16_r2000_w16_c0,bandwidth,0,9,61.5215
rma_flow,pair,0,16,2000,16,1,9,123005,,0,1,bandwidth_pair_s0_d9_b16_r2000_w16_c0,bandwidth,0,9,61.5025
rma_flow,pair,0,1024,2000,16,1,0,135793,,0,1,bandwidth_pair_s0_d7_b1024_r2000_w16_c0,bandwidth,0,7,67.8965
rma_flow,pair,0,1024,2000,16,1,7,135762,,0,1,bandwidth_pair_s0_d7_b1024_r2000_w16_c0,bandwidth,0,7,67.881
rma_flow,pair,0,1024,2000,8,1,1,147542,,0,1,bandwidth_pair_s1_d2_b1024_r2000_w8_c0,bandwidth,1,2,73.771
rma_flow,pair,0,1024,2000,8,1,2,147520,,0,1,bandwidth_pair_s1_d2_b1024_r2000_w8_c0,bandwidth,1,2,73.76
rma_flow,intra2,0,1024,2000,1,2,0,359920,,0,1,contention_intra2_s0_d0_b1024_r2000_w1_c0,contention,0,0,179.96
rma_flow,intra2,0,1024,2000,1,2,1,359890,,0,1,contention_intra2_s0_d0_b1024_r2000_w1_c0,contention,0,0,179.945
rma_flow,intra2,0,1024,2000,1,2,8,360049,,0,1,contention_intra2_s0_d0_b1024_r2000_w1_c0,contention,0,0,180.0245
rma_flow,intra2,0,1024,2000,1,2,9,360021,,0,1,contention_intra2_s0_d0_b1024_r2000_w1_c0,contention,0,0,180.0105
rma_flow,pair,0,64,2000,4,1,0,144042,,0,1,bandwidth_pair_s0_d8_b64_r2000_w4_c0,bandwidth,0,8,72.021
rma_flow,pair,0,64,2000,4,1,8,144015,,0,1,bandwidth_pair_s0_d8_b64_r2000_w4_c0,bandwidth,0,8,72.0075
rma_flow,pair,0,128,2000,2,1,0,180042,,0,1,bandwidth_pair_s0_d8_b128_r2000_w2_c0,bandwidth,0,8,90.021
rma_flow,pair,0,128,2000,2,1,8,180011,,0,1,bandwidth_pair_s0_d8_b128_r2000_w2_c0,bandwidth,0,8,90.0055
rma_flow,pair,0,8,2000,1,1,0,228041,,0,1,bandwidth_pair_s0_d7_b8_r2000_w1_c0,bandwidth,0,7,114.0205
rma_flow,pair,0,8,2000,1,1,7,228009,,0,1,bandwidth_pair_s0_d7_b8_r2000_w1_c0,bandwidth,0,7,114.0045
rma_flow,single,0,1024,2000,1,1,0,310042,,0,1,contention_single_s0_d0_b1024_r2000_w1_c0,contention,0,0,155.021
rma_flow,single,0,1024,2000,1,1,1,310012,,0,1,contention_single_s0_d0_b1024_r2000_w1_c0,contention,0,0,155.006
rma_flow,pair,0,16,2000,1,1,1,228041,,0,1,bandwidth_pair_s1_d2_b16_r2000_w1_c0,bandwidth,1,2,114.0205
rma_flow,pair,0,16,2000,1,1,2,228020,,0,1,bandwidth_pair_s1_d2_b16_r2000_w1_c0,bandwidth,1,2,114.01
rma_flow,pair,0,4096,2000,2,1,0,436042,,0,1,bandwidth_pair_s0_d1_b4096_r2000_w2_c0,bandwidth,0,1,218.021
rma_flow,pair,0,4096,2000,2,1,1,436017,,0,1,bandwidth_pair_s0_d1_b4096_r2000_w2_c0,bandwidth,0,1,218.0085
rma_flow,pair,0,1024,2000,2,1,0,216042,,0,1,bandwidth_pair_s0_d8_b1024_r2000_w2_c0,bandwidth,0,8,108.021
rma_flow,pair,0,1024,2000,2,1,8,216017,,0,1,bandwidth_pair_s0_d8_b1024_r2000_w2_c0,bandwidth,0,8,108.0085
rma_flow,pair,0,16,2000,8,1,1,130042,,0,1,bandwidth_pair_s1_d2_b16_r2000_w8_c0,bandwidth,1,2,65.021
rma_flow,pair,0,16,2000,8,1,2,130021,,0,1,bandwidth_pair_s1_d2_b16_r2000_w8_c0,bandwidth,1,2,65.0105
rma_flow,pair,0,1024,2000,2,1,0,216043,,0,1,bandwidth_pair_s0_d56_b1024_r2000_w2_c0,bandwidth,0,56,108.0215
rma_flow,pair,0,1024,2000,2,1,56,216011,,0,1,bandwidth_pair_s0_d56_b1024_r2000_w2_c0,bandwidth,0,56,108.0055
rma_flow,pair,0,8,2000,1,1,8,228042,,0,1,bandwidth_pair_s8_d16_b8_r2000_w1_c0,bandwidth,8,16,114.021
rma_flow,pair,0,8,2000,1,1,16,228022,,0,1,bandwidth_pair_s8_d16_b8_r2000_w1_c0,bandwidth,8,16,114.011
rma_flow,pair,0,16384,2000,2,1,0,1396041,,0,1,bandwidth_pair_s0_d9_b16384_r2000_w2_c0,bandwidth,0,9,698.0205
rma_flow,pair,0,16384,2000,2,1,9,1396007,,0,1,bandwidth_pair_s0_d9_b16384_r2000_w2_c0,bandwidth,0,9,698.0035
rma_flow,ring4,5,64,2000,1,4,18,377049,,0,1,contention_ring4_s0_d0_b64_r2000_w1_c5,contention,0,0,188.5245
rma_flow,ring4,5,64,2000,1,4,19,348056,,0,1,contention_ring4_s0_d0_b64_r2000_w1_c5,contention,0,0,174.028
rma_flow,ring4,5,64,2000,1,4,26,377078,,0,1,contention_ring4_s0_d0_b64_r2000_w1_c5,contention,0,0,188.539
rma_flow,ring4,5,64,2000,1,4,27,348058,,0,1,contention_ring4_s0_d0_b64_r2000_w1_c5,contention,0,0,174.029
rma_flow,pair,0,128,2000,8,1,0,135041,,0,1,bandwidth_pair_s0_d1_b128_r2000_w8_c0,bandwidth,0,1,67.5205
rma_flow,pair,0,128,2000,8,1,1,135010,,0,1,bandwidth_pair_s0_d1_b128_r2000_w8_c0,bandwidth,0,1,67.505
rma_flow,pair,0,4096,2000,16,1,0,336543,,0,1,bandwidth_pair_s0_d9_b4096_r2000_w16_c0,bandwidth,0,9,168.2715
rma_flow,pair,0,4096,2000,16,1,9,336507,,0,1,bandwidth_pair_s0_d9_b4096_r2000_w16_c0,bandwidth,0,9,168.2535
rma_flow,pair,0,1024,2000,4,1,0,171042,,0,1,bandwidth_pair_s0_d63_b1024_r2000_w4_c0,bandwidth,0,63,85.521
rma_flow,pair,0,1024,2000,4,1,63,170997,,0,1,bandwidth_pair_s0_d63_b1024_r2000_w4_c0,bandwidth,0,63,85.4985
rma_flow,single,15,1024,2000,1,1,54,310042,,0,1,contention_single_s0_d0_b1024_r2000_w1_c15,contention,0,0,155.021
rma_flow,single,15,1024,2000,1,1,55,310025,,0,1,contention_single_s0_d0_b1024_r2000_w1_c15,contention,0,0,155.0125
rma_flow,pair,0,4096,2000,8,1,9,349542,,0,1,bandwidth_pair_s9_d18_b4096_r2000_w8_c0,bandwidth,9,18,174.771
rma_flow,pair,0,4096,2000,8,1,18,349527,,0,1,bandwidth_pair_s9_d18_b4096_r2000_w8_c0,bandwidth,9,18,174.7635
rma_flow,split_near2,5,64,2000,1,2,18,248042,,0,1,contention_split_near2_s0_d0_b64_r2000_w1_c5,contention,0,0,124.021
rma_flow,split_near2,5,64,2000,1,2,19,248017,,0,1,contention_split_near2_s0_d0_b64_r2000_w1_c5,contention,0,0,124.0085
rma_flow,split_near2,5,64,2000,1,2,34,276043,,0,1,contention_split_near2_s0_d0_b64_r2000_w1_c5,contention,0,0,138.0215
rma_flow,split_near2,5,64,2000,1,2,35,276029,,0,1,contention_split_near2_s0_d0_b64_r2000_w1_c5,contention,0,0,138.0145
rma_flow,pair,0,16,2000,2,1,1,172042,,0,1,bandwidth_pair_s1_d2_b16_r2000_w2_c0,bandwidth,1,2,86.021
rma_flow,pair,0,16,2000,2,1,2,172021,,0,1,bandwidth_pair_s1_d2_b16_r2000_w2_c0,bandwidth,1,2,86.0105
rma_flow,pair,0,256,2000,2,1,1,180043,,0,1,bandwidth_pair_s1_d2_b256_r2000_w2_c0,bandwidth,1,2,90.0215
rma_flow,pair,0,256,2000,2,1,2,180025,,0,1,bandwidth_pair_s1_d2_b256_r2000_w2_c0,bandwidth,1,2,90.0125
rma_flow,pair,0,64,2000,1,1,0,228042,,0,1,bandwidth_pair_s0_d9_b64_r2000_w1_c0,bandwidth,0,9,114.021
rma_flow,pair,0,64,2000,1,1,9,228006,,0,1,bandwidth_pair_s0_d9_b64_r2000_w1_c0,bandwidth,0,9,114.003
rma_flow,pair,0,64,2000,4,1,0,144042,,0,1,bandwidth_pair_s0_d7_b64_r2000_w4_c0,bandwidth,0,7,72.021
rma_flow,pair,0,64,2000,4,1,7,144012,,0,1,bandwidth_pair_s0_d7_b64_r2000_w4_c0,bandwidth,0,7,72.006
rma_flow,pair,0,256,2000,16,1,0,127542,,0,1,bandwidth_pair_s0_d56_b256_r2000_w16_c0,bandwidth,0,56,63.771
rma_flow,pair,0,256,2000,16,1,56,127516,,0,1,bandwidth_pair_s0_d56_b256_r2000_w16_c0,bandwidth,0,56,63.758
rma_flow,pair,0,256,2000,1,1,0,240042,,0,1,bandwidth_pair_s0_d8_b256_r2000_w1_c0,bandwidth,0,8,120.021
rma_flow,pair,0,256,2000,1,1,8,240016,,0,1,bandwidth_pair_s0_d8_b256_r2000_w1_c0,bandwidth,0,8,120.008
rma_flow,pair,0,32768,2000,2,1,0,2676042,,0,1,bandwidth_pair_s0_d9_b32768_r2000_w2_c0,bandwidth,0,9,1338.021
rma_flow,pair,0,32768,2000,2,1,9,2676008,,0,1,bandwidth_pair_s0_d9_b32768_r2000_w2_c0,bandwidth,0,9,1338.004
rma_flow,pair,0,64,2000,4,1,9,144042,,0,1,bandwidth_pair_s9_d18_b64_r2000_w4_c0,bandwidth,9,18,72.021
rma_flow,pair,0,64,2000,4,1,18,144022,,0,1,bandwidth_pair_s9_d18_b64_r2000_w4_c0,bandwidth,9,18,72.011
rma_flow,pair,0,1024,2000,8,1,0,147542,,0,1,bandwidth_pair_s0_d63_b1024_r2000_w8_c0,bandwidth,0,63,73.771
rma_flow,pair,0,1024,2000,8,1,63,147496,,0,1,bandwidth_pair_s0_d63_b1024_r2000_w8_c0,bandwidth,0,63,73.748
rma_flow,pair,0,256,2000,8,1,0,135043,,0,1,bandwidth_pair_s0_d7_b256_r2000_w8_c0,bandwidth,0,7,67.5215
rma_flow,pair,0,256,2000,8,1,7,135016,,0,1,bandwidth_pair_s0_d7_b256_r2000_w8_c0,bandwidth,0,7,67.508
rma_flow,pair,0,16,2000,4,1,0,144043,,0,1,bandwidth_pair_s0_d7_b16_r2000_w4_c0,bandwidth,0,7,72.0215
rma_flow,pair,0,16,2000,4,1,7,144011,,0,1,bandwidth_pair_s0_d7_b16_r2000_w4_c0,bandwidth,0,7,72.0055
rma_flow,pair,0,128,2000,1,1,0,240042,,0,1,bandwidth_pair_s0_d1_b128_r2000_w1_c0,bandwidth,0,1,120.021
rma_flow,pair,0,128,2000,1,1,1,240010,,0,1,bandwidth_pair_s0_d1_b128_r2000_w1_c0,bandwidth,0,1,120.005
rma_flow,alltoall4,5,1024,2000,1,12,18,1194981,,0,1,contention_alltoall4_s0_d0_b1024_r2000_w1_c5,contention,0,0,597.4905
rma_flow,alltoall4,5,1024,2000,1,12,19,1195023,,0,1,contention_alltoall4_s0_d0_b1024_r2000_w1_c5,contention,0,0,597.5115
rma_flow,alltoall4,5,1024,2000,1,12,26,1195060,,0,1,contention_alltoall4_s0_d0_b1024_r2000_w1_c5,contention,0,0,597.53
rma_flow,alltoall4,5,1024,2000,1,12,27,1195089,,0,1,contention_alltoall4_s0_d0_b1024_r2000_w1_c5,contention,0,0,597.5445
rma_flow,pair,0,1024,2000,4,1,0,171042,,0,1,bandwidth_pair_s0_d9_b1024_r2000_w4_c0,bandwidth,0,9,85.521
rma_flow,pair,0,1024,2000,4,1,9,171009,,0,1,bandwidth_pair_s0_d9_b1024_r2000_w4_c0,bandwidth,0,9,85.5045
rma_flow,pair,0,128,2000,16,1,0,127541,,0,1,bandwidth_pair_s0_d7_b128_r2000_w16_c0,bandwidth,0,7,63.7705
rma_flow,pair,0,128,2000,16,1,7,127507,,0,1,bandwidth_pair_s0_d7_b128_r2000_w16_c0,bandwidth,0,7,63.7535
rma_flow,pair,0,8,2000,8,1,9,130043,,0,1,bandwidth_pair_s9_d18_b8_r2000_w8_c0,bandwidth,9,18,65.0215
rma_flow,pair,0,8,2000,8,1,18,130021,,0,1,bandwidth_pair_s9_d18_b8_r2000_w8_c0,bandwidth,9,18,65.0105
rma_flow,pair,0,4096,2000,16,1,0,336543,,0,1,bandwidth_pair_s0_d8_b4096_r2000_w16_c0,bandwidth,0,8,168.2715
rma_flow,pair,0,4096,2000,16,1,8,336516,,0,1,bandwidth_pair_s0_d8_b4096_r2000_w16_c0,bandwidth,0,8,168.258
rma_flow,pair,0,32,2000,2,1,0,172042,,0,1,bandwidth_pair_s0_d63_b32_r2000_w2_c0,bandwidth,0,63,86.021
rma_flow,pair,0,32,2000,2,1,63,171997,,0,1,bandwidth_pair_s0_d63_b32_r2000_w2_c0,bandwidth,0,63,85.9985
rma_flow,split_far2,5,1024,2000,4,2,18,204042,,0,1,contention_split_far2_s0_d0_b1024_r2000_w4_c5,contention,0,0,102.021
rma_flow,split_far2,5,1024,2000,4,2,19,204025,,0,1,contention_split_far2_s0_d0_b1024_r2000_w4_c5,contention,0,0,102.0125
rma_flow,split_far2,5,1024,2000,4,2,50,218042,,0,1,contention_split_far2_s0_d0_b1024_r2000_w4_c5,contention,0,0,109.021
rma_flow,split_far2,5,1024,2000,4,2,51,218026,,0,1,contention_split_far2_s0_d0_b1024_r2000_w4_c5,contention,0,0,109.013
rma_flow,pair,0,16,2000,2,1,0,172042,,0,1,bandwidth_pair_s0_d1_b16_r2000_w2_c0,bandwidth,0,1,86.021
rma_flow,pair,0,16,2000,2,1,1,172013,,0,1,bandwidth_pair_s0_d1_b16_r2000_w2_c0,bandwidth,0,1,86.0065
rma_flow,split_near2,15,1024,2000,1,2,38,360042,,0,1,contention_split_near2_s0_d0_b1024_r2000_w1_c15,contention,0,0,180.021
rma_flow,split_near2,15,1024,2000,1,2,39,360022,,0,1,contention_split_near2_s0_d0_b1024_r2000_w1_c15,contention,0,0,180.011
rma_flow,split_near2,15,1024,2000,1,2,54,306042,,0,1,contention_split_near2_s0_d0_b1024_r2000_w1_c15,contention,0,0,153.021
rma_flow,split_near2,15,1024,2000,1,2,55,306028,,0,1,contention_split_near2_s0_d0_b1024_r2000_w1_c15,contention,0,0,153.014
rma_flow,pair,0,128,2000,4,1,0,150042,,0,1,bandwidth_pair_s0_d56_b128_r2000_w4_c0,bandwidth,0,56,75.021
rma_flow,pair,0,128,2000,4,1,56,150011,,0,1,bandwidth_pair_s0_d56_b128_r2000_w4_c0,bandwidth,0,56,75.0055
rma_flow,pair,0,32,2000,2,1,0,172043,,0,1,bandwidth_pair_s0_d56_b32_r2000_w2_c0,bandwidth,0,56,86.0215
rma_flow,pair,0,32,2000,2,1,56,172011,,0,1,bandwidth_pair_s0_d56_b32_r2000_w2_c0,bandwidth,0,56,86.0055
rma_flow,intra2,0,64,2000,1,2,0,248043,,0,1,contention_intra2_s0_d0_b64_r2000_w1_c0,contention,0,0,124.0215
rma_flow,intra2,0,64,2000,1,2,1,248011,,0,1,contention_intra2_s0_d0_b64_r2000_w1_c0,contention,0,0,124.0055
rma_flow,intra2,0,64,2000,1,2,8,277085,,0,1,contention_intra2_s0_d0_b64_r2000_w1_c0,contention,0,0,138.5425
rma_flow,intra2,0,64,2000,1,2,9,277063,,0,1,contention_intra2_s0_d0_b64_r2000_w1_c0,contention,0,0,138.5315
rma_flow,pair,0,1024,2000,1,1,9,310042,,0,1,bandwidth_pair_s9_d18_b1024_r2000_w1_c0,bandwidth,9,18,155.021
rma_flow,pair,0,1024,2000,1,1,18,310018,,0,1,bandwidth_pair_s9_d18_b1024_r2000_w1_c0,bandwidth,9,18,155.009
rma_flow,split_far2,15,1024,2000,4,2,22,218041,,0,1,contention_split_far2_s0_d0_b1024_r2000_w4_c15,contention,0,0,109.0205
rma_flow,split_far2,15,1024,2000,4,2,23,218025,,0,1,contention_split_far2_s0_d0_b1024_r2000_w4_c15,contention,0,0,109.0125
rma_flow,split_far2,15,1024,2000,4,2,54,204042,,0,1,contention_split_far2_s0_d0_b1024_r2000_w4_c15,contention,0,0,102.021
rma_flow,split_far2,15,1024,2000,4,2,55,204025,,0,1,contention_split_far2_s0_d0_b1024_r2000_w4_c15,contention,0,0,102.0125
rma_flow,pair,0,4096,2000,8,1,1,349542,,0,1,bandwidth_pair_s1_d2_b4096_r2000_w8_c0,bandwidth,1,2,174.771
rma_flow,pair,0,4096,2000,8,1,2,349528,,0,1,bandwidth_pair_s1_d2_b4096_r2000_w8_c0,bandwidth,1,2,174.764
rma_flow,intra2,10,1024,2000,1,2,36,359919,,0,1,contention_intra2_s0_d0_b1024_r2000_w1_c10,contention,0,0,179.9595
rma_flow,intra2,10,1024,2000,1,2,37,359898,,0,1,contention_intra2_s0_d0_b1024_r2000_w1_c10,contention,0,0,179.949
rma_flow,intra2,10,1024,2000,1,2,44,360056,,0,1,contention_intra2_s0_d0_b1024_r2000_w1_c10,contention,0,0,180.028
rma_flow,intra2,10,1024,2000,1,2,45,360037,,0,1,contention_intra2_s0_d0_b1024_r2000_w1_c10,contention,0,0,180.0185
rma_flow,split_near2,15,64,2000,4,2,38,195043,,0,1,contention_split_near2_s0_d0_b64_r2000_w4_c15,contention,0,0,97.5215
rma_flow,split_near2,15,64,2000,4,2,39,195029,,0,1,contention_split_near2_s0_d0_b64_r2000_w4_c15,contention,0,0,97.5145
rma_flow,split_near2,15,64,2000,4,2,54,188042,,0,1,contention_split_near2_s0_d0_b64_r2000_w4_c15,contention,0,0,94.021
rma_flow,split_near2,15,64,2000,4,2,55,188016,,0,1,contention_split_near2_s0_d0_b64_r2000_w4_c15,contention,0,0,94.008
rma_flow,alltoall4,15,1024,2000,1,12,54,1196152,,0,1,contention_alltoall4_s0_d0_b1024_r2000_w1_c15,contention,0,0,598.076
rma_flow,alltoall4,15,1024,2000,1,12,55,1196196,,0,1,contention_alltoall4_s0_d0_b1024_r2000_w1_c15,contention,0,0,598.098
rma_flow,alltoall4,15,1024,2000,1,12,62,1196234,,0,1,contention_alltoall4_s0_d0_b1024_r2000_w1_c15,contention,0,0,598.117
rma_flow,alltoall4,15,1024,2000,1,12,63,1196264,,0,1,contention_alltoall4_s0_d0_b1024_r2000_w1_c15,contention,0,0,598.132
rma_flow,pair,0,256,2000,8,1,1,135042,,0,1,bandwidth_pair_s1_d2_b256_r2000_w8_c0,bandwidth,1,2,67.521
rma_flow,pair,0,256,2000,8,1,2,135027,,0,1,bandwidth_pair_s1_d2_b256_r2000_w8_c0,bandwidth,1,2,67.5135
rma_flow,pair,0,32768,2000,2,1,0,2676042,,0,1,bandwidth_pair_s0_d7_b32768_r2000_w2_c0,bandwidth,0,7,1338.021
rma_flow,pair,0,32768,2000,2,1,7,2676014,,0,1,bandwidth_pair_s0_d7_b32768_r2000_w2_c0,bandwidth,0,7,1338.007
rma_flow,pair,0,16384,2000,1,1,8,1508042,,0,1,bandwidth_pair_s8_d16_b16384_r2000_w1_c0,bandwidth,8,16,754.021
rma_flow,pair,0,16384,2000,1,1,16,1508019,,0,1,bandwidth_pair_s8_d16_b16384_r2000_w1_c0,bandwidth,8,16,754.0095
rma_flow,pair,0,64,2000,4,1,1,144042,,0,1,bandwidth_pair_s1_d2_b64_r2000_w4_c0,bandwidth,1,2,72.021
rma_flow,pair,0,64,2000,4,1,2,144023,,0,1,bandwidth_pair_s1_d2_b64_r2000_w4_c0,bandwidth,1,2,72.0115
rma_flow,pair,0,256,2000,1,1,0,240042,,0,1,bandwidth_pair_s0_d56_b256_r2000_w1_c0,bandwidth,0,56,120.021
rma_flow,pair,0,256,2000,1,1,56,240013,,0,1,bandwidth_pair_s0_d56_b256_r2000_w1_c0,bandwidth,0,56,120.0065
rma_flow,pair,0,1024,2000,8,1,0,147543,,0,1,bandwidth_pair_s0_d56_b1024_r2000_w8_c0,bandwidth,0,56,73.7715
rma_flow,pair,0,1024,2000,8,1,56,147510,,0,1,bandwidth_pair_s0_d56_b1024_r2000_w8_c0,bandwidth,0,56,73.755
rma_flow,pair,0,32,2000,4,1,0,144043,,0,1,bandwidth_pair_s0_d56_b32_r2000_w4_c0,bandwidth,0,56,72.0215
rma_flow,pair,0,32,2000,4,1,56,144011,,0,1,bandwidth_pair_s0_d56_b32_r2000_w4_c0,bandwidth,0,56,72.0055
rma_flow,pair,0,256,2000,16,1,0,127542,,0,1,bandwidth_pair_s0_d1_b256_r2000_w16_c0,bandwidth,0,1,63.771
rma_flow,pair,0,256,2000,16,1,1,127515,,0,1,bandwidth_pair_s0_d1_b256_r2000_w16_c0,bandwidth,0,1,63.7575
rma_flow,pair,0,65536,2000,1,1,9,5350042,,0,1,bandwidth_pair_s9_d18_b65536_r2000_w1_c0,bandwidth,9,18,2675.021
rma_flow,pair,0,65536,2000,1,1,18,5350018,,0,1,bandwidth_pair_s9_d18_b65536_r2000_w1_c0,bandwidth,9,18,2675.009
rma_flow,split_far2,10,1024,2000,4,2,4,218041,,0,1,contention_split_far2_s0_d0_b1024_r2000_w4_c10,contention,0,0,109.0205
rma_flow,split_far2,10,1024,2000,4,2,5,218025,,0,1,contention_split_far2_s0_d0_b1024_r2000_w4_c10,contention,0,0,109.0125
rma_flow,split_far2,10,1024,2000,4,2,36,204041,,0,1,contention_split_far2_s0_d0_b1024_r2000_w4_c10,contention,0,0,102.0205
rma_flow,split_far2,10,1024,2000,4,2,37,204024,,0,1,contention_split_far2_s0_d0_b1024_r2000_w4_c10,contention,0,0,102.012
rma_flow,pair,0,256,2000,2,1,0,180043,,0,1,bandwidth_pair_s0_d8_b256_r2000_w2_c0,bandwidth,0,8,90.0215
rma_flow,pair,0,256,2000,2,1,8,180017,,0,1,bandwidth_pair_s0_d8_b256_r2000_w2_c0,bandwidth,0,8,90.0085
rma_flow,pair,0,4096,2000,8,1,0,349543,,0,1,bandwidth_pair_s0_d7_b4096_r2000_w8_c0,bandwidth,0,7,174.7715
rma_flow,pair,0,4096,2000,8,1,7,349513,,0,1,bandwidth_pair_s0_d7_b4096_r2000_w8_c0,bandwidth,0,7,174.7565
rma_flow,pair,0,16,2000,8,1,0,130043,,0,1,bandwidth_pair_s0_d9_b16_r2000_w8_c0,bandwidth,0,9,65.0215
rma_flow,pair,0,16,2000,8,1,9,130005,,0,1,bandwidth_pair_s0_d9_b16_r2000_w8_c0,bandwidth,0,9,65.0025
rma_flow,pair,0,16384,2000,1,1,0,1508042,,0,1,bandwidth_pair_s0_d9_b16384_r2000_w1_c0,bandwidth,0,9,754.021
rma_flow,pair,0,16384,2000,1,1,9,1508003,,0,1,bandwidth_pair_s0_d9_b16384_r2000_w1_c0,bandwidth,0,9,754.0015
rma_flow,pair,0,256,2000,2,1,9,180042,,0,1,bandwidth_pair_s9_d18_b256_r2000_w2_c0,bandwidth,9,18,90.021
rma_flow,pair,0,256,2000,2,1,18,180025,,0,1,bandwidth_pair_s9_d18_b256_r2000_w2_c0,bandwidth,9,18,90.0125
rma_flow,pair,0,8,2000,16,1,0,123042,,0,1,bandwidth_pair_s0_d7_b8_r2000_w16_c0,bandwidth,0,7,61.521
rma_flow,pair,0,8,2000,16,1,7,123010,,0,1,bandwidth_pair_s0_d7_b8_r2000_w16_c0,bandwidth,0,7,61.505
rma_flow,pair,0,256,2000,16,1,0,127543,,0,1,bandwidth_pair_s0_d7_b256_r2000_w16_c0,bandwidth,0,7,63.7715
rma_flow,pair,0,256,2000,16,1,7,127517,,0,1,bandwidth_pair_s0_d7_b256_r2000_w16_c0,bandwidth,0,7,63.7585
rma_flow,split_side2,15,64,2000,4,2,52,195043,,0,1,contention_split_side2_s0_d0_b64_r2000_w4_c15,contention,0,0,97.5215
rma_flow,split_side2,15,64,2000,4,2,53,195029,,0,1,contention_split_side2_s0_d0_b64_r2000_w4_c15,contention,0,0,97.5145
rma_flow,split_side2,15,64,2000,4,2,54,188042,,0,1,contention_split_side2_s0_d0_b64_r2000_w4_c15,contention,0,0,94.021
rma_flow,split_side2,15,64,2000,4,2,55,188016,,0,1,contention_split_side2_s0_d0_b64_r2000_w4_c15,contention,0,0,94.008
rma_flow,pair,0,1024,2000,16,1,0,135792,,0,1,bandwidth_pair_s0_d63_b1024_r2000_w16_c0,bandwidth,0,63,67.896
rma_flow,pair,0,1024,2000,16,1,63,135748,,0,1,bandwidth_pair_s0_d63_b1024_r2000_w16_c0,bandwidth,0,63,67.874
rma_flow,split_far2,10,64,2000,1,2,4,276043,,0,1,contention_split_far2_s0_d0_b64_r2000_w1_c10,contention,0,0,138.0215
rma_flow,split_far2,10,64,2000,1,2,5,276029,,0,1,contention_split_far2_s0_d0_b64_r2000_w1_c10,contention,0,0,138.0145
rma_flow,split_far2,10,64,2000,1,2,36,248042,,0,1,contention_split_far2_s0_d0_b64_r2000_w1_c10,contention,0,0,124.021
rma_flow,split_far2,10,64,2000,1,2,37,248016,,0,1,contention_split_far2_s0_d0_b64_r2000_w1_c10,contention,0,0,124.008
rma_flow,pair,0,16,2000,16,1,1,123042,,0,1,bandwidth_pair_s1_d2_b16_r2000_w16_c0,bandwidth,1,2,61.521
rma_flow,pair,0,16,2000,16,1,2,123021,,0,1,bandwidth_pair_s1_d2_b16_r2000_w16_c0,bandwidth,1,2,61.5105
rma_flow,single,15,64,2000,4,1,54,144042,,0,1,contention_single_s0_d0_b64_r2000_w4_c15,contention,0,0,72.021
rma_flow,single,15,64,2000,4,1,55,144026,,0,1,contention_single_s0_d0_b64_r2000_w4_c15,contention,0,0,72.013
rma_flow,ring4,15,64,2000,1,4,54,377049,,0,1,contention_ring4_s0_d0_b64_r2000_w1_c15,contention,0,0,188.5245
rma_flow,ring4,15,64,2000,1,4,55,348056,,0,1,contention_ring4_s0_d0_b64_r2000_w1_c15,contention,0,0,174.028
rma_flow,ring4,15,64,2000,1,4,62,377078,,0,1,contention_ring4_s0_d0_b64_r2000_w1_c15,contention,0,0,188.539
rma_flow,ring4,15,64,2000,1,4,63,348058,,0,1,contention_ring4_s0_d0_b64_r2000_w1_c15,contention,0,0,174.029
rma_flow,pair,0,16,2000,4,1,0,144043,,0,1,bandwidth_pair_s0_d8_b16_r2000_w4_c0,bandwidth,0,8,72.0215
rma_flow,pair,0,16,2000,4,1,8,144014,,0,1,bandwidth_pair_s0_d8_b16_r2000_w4_c0,bandwidth,0,8,72.007
rma_flow,pair,0,16,2000,1,1,9,228041,,0,1,bandwidth_pair_s9_d18_b16_r2000_w1_c0,bandwidth,9,18,114.0205
rma_flow,pair,0,16,2000,1,1,18,228019,,0,1,bandwidth_pair_s9_d18_b16_r2000_w1_c0,bandwidth,9,18,114.0095
rma_flow,pair,0,8,2000,8,1,0,130043,,0,1,bandwidth_pair_s0_d63_b8_r2000_w8_c0,bandwidth,0,63,65.0215
rma_flow,pair,0,8,2000,8,1,63,129998,,0,1,bandwidth_pair_s0_d63_b8_r2000_w8_c0,bandwidth,0,63,64.999
rma_flow,pair,0,64,2000,16,1,0,123042,,0,1,bandwidth_pair_s0_d56_b64_r2000_w16_c0,bandwidth,0,56,61.521
rma_flow,pair,0,64,2000,16,1,56,123012,,0,1,bandwidth_pair_s0_d56_b64_r2000_w16_c0,bandwidth,0,56,61.506
rma_flow,pair,0,4096,2000,8,1,0,349543,,0,1,bandwidth_pair_s0_d63_b4096_r2000_w8_c0,bandwidth,0,63,174.7715
rma_flow,pair,0,4096,2000,8,1,63,349500,,0,1,bandwidth_pair_s0_d63_b4096_r2000_w8_c0,bandwidth,0,63,174.75
rma_flow,pair,0,1024,2000,1,1,0,310042,,0,1,bandwidth_pair_s0_d56_b1024_r2000_w1_c0,bandwidth,0,56,155.021
rma_flow,pair,0,1024,2000,1,1,56,310010,,0,1,bandwidth_pair_s0_d56_b1024_r2000_w1_c0,bandwidth,0,56,155.005
rma_flow,pair,0,1024,2000,2,1,0,216042,,0,1,bandwidth_pair_s0_d9_b1024_r2000_w2_c0,bandwidth,0,9,108.021
rma_flow,pair,0,1024,2000,2,1,9,216003,,0,1,bandwidth_pair_s0_d9_b1024_r2000_w2_c0,bandwidth,0,9,108.0015
rma_flow,split_far2,10,1024,2000,1,2,4,360042,,0,1,contention_split_far2_s0_d0_b1024_r2000_w1_c10,contention,0,0,180.021
rma_flow,split_far2,10,1024,2000,1,2,5,360023,,0,1,contention_split_far2_s0_d0_b1024_r2000_w1_c10,contention,0,0,180.0115
rma_flow,split_far2,10,1024,2000,1,2,36,306042,,0,1,contention_split_far2_s0_d0_b1024_r2000_w1_c10,contention,0,0,153.021
rma_flow,split_far2,10,1024,2000,1,2,37,306027,,0,1,contention_split_far2_s0_d0_b1024_r2000_w1_c10,contention,0,0,153.0135
rma_flow,pair,0,8,2000,2,1,0,172043,,0,1,bandwidth_pair_s0_d8_b8_r2000_w2_c0,bandwidth,0,8,86.0215
rma_flow,pair,0,8,2000,2,1,8,172014,,0,1,bandwidth_pair_s0_d8_b8_r2000_w2_c0,bandwidth,0,8,86.007
rma_flow,pair,0,32,2000,16,1,1,123043,,0,1,bandwidth_pair_s1_d2_b32_r2000_w16_c0,bandwidth,1,2,61.5215
rma_flow,pair,0,32,2000,16,1,2,123022,,0,1,bandwidth_pair_s1_d2_b32_r2000_w16_c0,bandwidth,1,2,61.511
rma_flow,pair,0,256,2000,1,1,0,240042,,0,1,bandwidth_pair_s0_d63_b256_r2000_w1_c0,bandwidth,0,63,120.021
rma_flow,pair,0,256,2000,1,1,63,240000,,0,1,bandwidth_pair_s0_d63_b256_r2000_w1_c0,bandwidth,0,63,120.0
rma_flow,pair,0,64,2000,16,1,0,123042,,0,1,bandwidth_pair_s0_d7_b64_r2000_w16_c0,bandwidth,0,7,61.521
rma_flow,pair,0,64,2000,16,1,7,123012,,0,1,bandwidth_pair_s0_d7_b64_r2000_w16_c0,bandwidth,0,7,61.506
rma_flow,pair,0,16,2000,1,1,0,228042,,0,1,bandwidth_pair_s0_d8_b16_r2000_w1_c0,bandwidth,0,8,114.021
rma_flow,pair,0,16,2000,1,1,8,228013,,0,1,bandwidth_pair_s0_d8_b16_r2000_w1_c0,bandwidth,0,8,114.0065
rma_flow,pair,0,128,2000,8,1,0,135041,,0,1,bandwidth_pair_s0_d63_b128_r2000_w8_c0,bandwidth,0,63,67.5205
rma_flow,pair,0,128,2000,8,1,63,134997,,0,1,bandwidth_pair_s0_d63_b128_r2000_w8_c0,bandwidth,0,63,67.4985
rma_flow,pair,0,128,2000,16,1,0,127542,,0,1,bandwidth_pair_s0_d63_b128_r2000_w16_c0,bandwidth,0,63,63.771
rma_flow,pair,0,128,2000,16,1,63,127498,,0,1,bandwidth_pair_s0_d63_b128_r2000_w16_c0,bandwidth,0,63,63.749
rma_flow,pair,0,32,2000,2,1,9,172042,,0,1,bandwidth_pair_s9_d18_b32_r2000_w2_c0,bandwidth,9,18,86.021
rma_flow,pair,0,32,2000,2,1,18,172020,,0,1,bandwidth_pair_s9_d18_b32_r2000_w2_c0,bandwidth,9,18,86.01
rma_flow,pair,0,4096,2000,2,1,0,436042,,0,1,bandwidth_pair_s0_d9_b4096_r2000_w2_c0,bandwidth,0,9,218.021
rma_flow,pair,0,4096,2000,2,1,9,436008,,0,1,bandwidth_pair_s0_d9_b4096_r2000_w2_c0,bandwidth,0,9,218.004
rma_flow,pair,0,32,2000,8,1,9,130043,,0,1,bandwidth_pair_s9_d18_b32_r2000_w8_c0,bandwidth,9,18,65.0215
rma_flow,pair,0,32,2000,8,1,18,130021,,0,1,bandwidth_pair_s9_d18_b32_r2000_w8_c0,bandwidth,9,18,65.0105
rma_flow,pair,0,8,2000,8,1,0,130042,,0,1,bandwidth_pair_s0_d1_b8_r2000_w8_c0,bandwidth,0,1,65.021
rma_flow,pair,0,8,2000,8,1,1,130013,,0,1,bandwidth_pair_s0_d1_b8_r2000_w8_c0,bandwidth,0,1,65.0065
rma_flow,pair,0,16384,2000,1,1,1,1508042,,0,1,bandwidth_pair_s1_d2_b16384_r2000_w1_c0,bandwidth,1,2,754.021
rma_flow,pair,0,16384,2000,1,1,2,1508018,,0,1,bandwidth_pair_s1_d2_b16384_r2000_w1_c0,bandwidth,1,2,754.009
rma_flow,pair,0,8,2000,16,1,0,123043,,0,1,bandwidth_pair_s0_d1_b8_r2000_w16_c0,bandwidth,0,1,61.5215
rma_flow,pair,0,8,2000,16,1,1,123014,,0,1,bandwidth_pair_s0_d1_b8_r2000_w16_c0,bandwidth,0,1,61.507
rma_flow,pair,0,16384,2000,2,1,9,1394043,,0,1,bandwidth_pair_s9_d18_b16384_r2000_w2_c0,bandwidth,9,18,697.0215
rma_flow,pair,0,16384,2000,2,1,18,1394024,,0,1,bandwidth_pair_s9_d18_b16384_r2000_w2_c0,bandwidth,9,18,697.012
rma_flow,alltoall4,10,1024,2000,1,12,36,1194981,,0,1,contention_alltoall4_s0_d0_b1024_r2000_w1_c10,contention,0,0,597.4905
rma_flow,alltoall4,10,1024,2000,1,12,37,1195023,,0,1,contention_alltoall4_s0_d0_b1024_r2000_w1_c10,contention,0,0,597.5115
rma_flow,alltoall4,10,1024,2000,1,12,44,1195060,,0,1,contention_alltoall4_s0_d0_b1024_r2000_w1_c10,contention,0,0,597.53
rma_flow,alltoall4,10,1024,2000,1,12,45,1195089,,0,1,contention_alltoall4_s0_d0_b1024_r2000_w1_c10,contention,0,0,597.5445
rma_flow,pair,0,32,2000,2,1,0,172043,,0,1,bandwidth_pair_s0_d1_b32_r2000_w2_c0,bandwidth,0,1,86.0215
rma_flow,pair,0,32,2000,2,1,1,172014,,0,1,bandwidth_pair_s0_d1_b32_r2000_w2_c0,bandwidth,0,1,86.007
rma_flow,pair,0,16384,2000,4,1,0,1337042,,0,1,bandwidth_pair_s0_d7_b16384_r2000_w4_c0,bandwidth,0,7,668.521
rma_flow,pair,0,16384,2000,4,1,7,1337014,,0,1,bandwidth_pair_s0_d7_b16384_r2000_w4_c0,bandwidth,0,7,668.507
rma_flow,pair,0,64,2000,2,1,0,172041,,0,1,bandwidth_pair_s0_d1_b64_r2000_w2_c0,bandwidth,0,1,86.0205
rma_flow,pair,0,64,2000,2,1,1,172014,,0,1,bandwidth_pair_s0_d1_b64_r2000_w2_c0,bandwidth,0,1,86.007
rma_flow,pair,0,64,2000,16,1,0,123042,,0,1,bandwidth_pair_s0_d9_b64_r2000_w16_c0,bandwidth,0,9,61.521
rma_flow,pair,0,64,2000,16,1,9,123006,,0,1,bandwidth_pair_s0_d9_b64_r2000_w16_c0,bandwidth,0,9,61.503
rma_flow,pair,0,256,2000,2,1,0,180042,,0,1,bandwidth_pair_s0_d1_b256_r2000_w2_c0,bandwidth,0,1,90.021
rma_flow,pair,0,256,2000,2,1,1,180018,,0,1,bandwidth_pair_s0_d1_b256_r2000_w2_c0,bandwidth,0,1,90.009
rma_flow,pair,0,128,2000,2,1,0,180041,,0,2,bandwidth_pair_s0_d7_b128_r2000_w2_c0,bandwidth,0,7,90.0205
rma_flow,pair,0,128,2000,2,1,7,180010,,0,2,bandwidth_pair_s0_d7_b128_r2000_w2_c0,bandwidth,0,7,90.005
rma_flow,pair,0,16384,2000,4,1,8,1337042,,0,2,bandwidth_pair_s8_d16_b16384_r2000_w4_c0,bandwidth,8,16,668.521
rma_flow,pair,0,16384,2000,4,1,16,1337026,,0,2,bandwidth_pair_s8_d16_b16384_r2000_w4_c0,bandwidth,8,16,668.513
rma_flow,split_far2,0,1024,2000,4,2,0,204042,,0,2,contention_split_far2_s0_d0_b1024_r2000_w4_c0,contention,0,0,102.021
rma_flow,split_far2,0,1024,2000,4,2,1,204018,,0,2,contention_split_far2_s0_d0_b1024_r2000_w4_c0,contention,0,0,102.009
rma_flow,split_far2,0,1024,2000,4,2,32,218042,,0,2,contention_split_far2_s0_d0_b1024_r2000_w4_c0,contention,0,0,109.021
rma_flow,split_far2,0,1024,2000,4,2,33,218015,,0,2,contention_split_far2_s0_d0_b1024_r2000_w4_c0,contention,0,0,109.0075
rma_flow,split_side2,10,1024,2000,1,2,36,306542,,0,2,contention_split_side2_s0_d0_b1024_r2000_w1_c10,contention,0,0,153.271
rma_flow,split_side2,10,1024,2000,1,2,37,306526,,0,2,contention_split_side2_s0_d0_b1024_r2000_w1_c10,contention,0,0,153.263
rma_flow,split_side2,10,1024,2000,1,2,38,360603,,0,2,contention_split_side2_s0_d0_b1024_r2000_w1_c10,contention,0,0,180.3015
rma_flow,split_side2,10,1024,2000,1,2,39,360589,,0,2,contention_split_side2_s0_d0_b1024_r2000_w1_c10,contention,0,0,180.2945
rma_flow,pair,0,64,2000,16,1,0,123042,,0,2,bandwidth_pair_s0_d1_b64_r2000_w16_c0,bandwidth,0,1,61.521
rma_flow,pair,0,64,2000,16,1,1,123015,,0,2,bandwidth_pair_s0_d1_b64_r2000_w16_c0,bandwidth,0,1,61.5075
rma_flow,pair,0,32768,2000,2,1,0,2676041,,0,2,bandwidth_pair_s0_d8_b32768_r2000_w2_c0,bandwidth,0,8,1338.0205
rma_flow,pair,0,32768,2000,2,1,8,2676016,,0,2,bandwidth_pair_s0_d8_b32768_r2000_w2_c0,bandwidth,0,8,1338.008
rma_flow,single,0,64,2000,1,1,0,228041,,0,2,contention_single_s0_d0_b64_r2000_w1_c0,contention,0,0,114.0205
rma_flow,single,0,64,2000,1,1,1,228014,,0,2,contention_single_s0_d0_b64_r2000_w1_c0,contention,0,0,114.007
rma_flow,pair,0,8,2000,4,1,9,144042,,0,2,bandwidth_pair_s9_d18_b8_r2000_w4_c0,bandwidth,9,18,72.021
rma_flow,pair,0,8,2000,4,1,18,144020,,0,2,bandwidth_pair_s9_d18_b8_r2000_w4_c0,bandwidth,9,18,72.01
rma_flow,split_side2,5,1024,2000,4,2,18,204042,,0,2,contention_split_side2_s0_d0_b1024_r2000_w4_c5,contention,0,0,102.021
rma_flow,split_side2,5,1024,2000,4,2,19,204024,,0,2,contention_split_side2_s0_d0_b1024_r2000_w4_c5,contention,0,0,102.012
rma_flow,split_side2,5,1024,2000,4,2,20,218510,,0,2,contention_split_side2_s0_d0_b1024_r2000_w4_c5,contention,0,0,109.255
rma_flow,split_side2,5,1024,2000,4,2,21,218494,,0,2,contention_split_side2_s0_d0_b1024_r2000_w4_c5,contention,0,0,109.247
rma_flow,pair,0,32,2000,8,1,0,130042,,0,2,bandwidth_pair_s0_d63_b32_r2000_w8_c0,bandwidth,0,63,65.021
rma_flow,pair,0,32,2000,8,1,63,129997,,0,2,bandwidth_pair_s0_d63_b32_r2000_w8_c0,bandwidth,0,63,64.9985
rma_flow,split_near2,5,1024,2000,4,2,18,204041,,0,2,contention_split_near2_s0_d0_b1024_r2000_w4_c5,contention,0,0,102.0205
rma_flow,split_near2,5,1024,2000,4,2,19,204024,,0,2,contention_split_near2_s0_d0_b1024_r2000_w4_c5,contention,0,0,102.012
rma_flow,split_near2,5,1024,2000,4,2,34,218542,,0,2,contention_split_near2_s0_d0_b1024_r2000_w4_c5,contention,0,0,109.271
rma_flow,split_near2,5,1024,2000,4,2,35,218526,,0,2,contention_split_near2_s0_d0_b1024_r2000_w4_c5,contention,0,0,109.263
rma_flow,split_near2,0,64,2000,4,2,0,188042,,0,2,contention_split_near2_s0_d0_b64_r2000_w4_c0,contention,0,0,94.021
rma_flow,split_near2,0,64,2000,4,2,1,188009,,0,2,contention_split_near2_s0_d0_b64_r2000_w4_c0,contention,0,0,94.0045
rma_flow,split_near2,0,64,2000,4,2,16,195042,,0,2,contention_split_near2_s0_d0_b64_r2000_w4_c0,contention,0,0,97.521
rma_flow,split_near2,0,64,2000,4,2,17,195017,,0,2,contention_split_near2_s0_d0_b64_r2000_w4_c0,contention,0,0,97.5085
rma_flow,split_far2,15,1024,2000,1,2,22,360486,,0,2,contention_split_far2_s0_d0_b1024_r2000_w1_c15,contention,0,0,180.243
rma_flow,split_far2,15,1024,2000,1,2,23,360466,,0,2,contention_split_far2_s0_d0_b1024_r2000_w1_c15,contention,0,0,180.233
rma_flow,split_far2,15,1024,2000,1,2,54,306550,,0,2,contention_split_far2_s0_d0_b1024_r2000_w1_c15,contention,0,0,153.275
rma_flow,split_far2,15,1024,2000,1,2,55,306533,,0,2,contention_split_far2_s0_d0_b1024_r2000_w1_c15,contention,0,0,153.2665
rma_flow,alltoall4,5,1024,2000,4,12,18,1026392,,0,2,contention_alltoall4_s0_d0_b1024_r2000_w4_c5,contention,0,0,513.196
rma_flow,alltoall4,5,1024,2000,4,12,19,1026436,,0,2,contention_alltoall4_s0_d0_b1024_r2000_w4_c5,contention,0,0,513.218
rma_flow,alltoall4,5,1024,2000,4,12,26,1026474,,0,2,contention_alltoall4_s0_d0_b1024_r2000_w4_c5,contention,0,0,513.237
rma_flow,alltoall4,5,1024,2000,4,12,27,1026503,,0,2,contention_alltoall4_s0_d0_b1024_r2000_w4_c5,contention,0,0,513.2515
rma_flow,pair,0,32768,2000,2,1,0,2676042,,0,2,bandwidth_pair_s0_d9_b32768_r2000_w2_c0,bandwidth,0,9,1338.021
rma_flow,pair,0,32768,2000,2,1,9,2676008,,0,2,bandwidth_pair_s0_d9_b32768_r2000_w2_c0,bandwidth,0,9,1338.004
rma_flow,pair,0,16384,2000,1,1,0,1508042,,0,2,bandwidth_pair_s0_d56_b16384_r2000_w1_c0,bandwidth,0,56,754.021
rma_flow,pair,0,16384,2000,1,1,56,1508011,,0,2,bandwidth_pair_s0_d56_b16384_r2000_w1_c0,bandwidth,0,56,754.0055
rma_flow,pair,0,32,2000,1,1,9,228042,,0,2,bandwidth_pair_s9_d18_b32_r2000_w1_c0,bandwidth,9,18,114.021
rma_flow,pair,0,32,2000,1,1,18,228020,,0,2,bandwidth_pair_s9_d18_b32_r2000_w1_c0,bandwidth,9,18,114.01
rma_flow,pair,0,128,2000,16,1,1,127542,,0,2,bandwidth_pair_s1_d2_b128_r2000_w16_c0,bandwidth,1,2,63.771
rma_flow,pair,0,128,2000,16,1,2,127522,,0,2,bandwidth_pair_s1_d2_b128_r2000_w16_c0,bandwidth,1,2,63.761
rma_flow,pair,0,32,2000,4,1,9,144042,,0,2,bandwidth_pair_s9_d18_b32_r2000_w4_c0,bandwidth,9,18,72.021
rma_flow,pair,0,32,2000,4,1,18,144020,,0,2,bandwidth_pair_s9_d18_b32_r2000_w4_c0,bandwidth,9,18,72.01
rma_flow,pair,0,1024,2000,4,1,8,171042,,0,2,bandwidth_pair_s8_d16_b1024_r2000_w4_c0,bandwidth,8,16,85.521
rma_flow,pair,0,1024,2000,4,1,16,171021,,0,2,bandwidth_pair_s8_d16_b1024_r2000_w4_c0,bandwidth,8,16,85.5105
rma_flow,split_side2,0,1024,2000,1,2,0,306042,,0,2,contention_split_side2_s0_d0_b1024_r2000_w1_c0,contention,0,0,153.021
rma_flow,split_side2,0,1024,2000,1,2,1,306015,,0,2,contention_split_side2_s0_d0_b1024_r2000_w1_c0,contention,0,0,153.0075
rma_flow,split_side2,0,1024,2000,1,2,2,360042,,0,2,contention_split_side2_s0_d0_b1024_r2000_w1_c0,contention,0,0,180.021
rma_flow,split_side2,0,1024,2000,1,2,3,360023,,0,2,contention_split_side2_s0_d0_b1024_r2000_w1_c0,contention,0,0,180.0115
rma_flow,split_far2,5,1024,2000,4,2,18,204042,,0,2,contention_split_far2_s0_d0_b1024_r2000_w4_c5,contention,0,0,102.021
rma_flow,split_far2,5,1024,2000,4,2,19,204025,,0,2,contention_split_far2_s0_d0_b1024_r2000_w4_c5,contention,0,0,102.0125
rma_flow,split_far2,5,1024,2000,4,2,50,218500,,0,2,contention_split_far2_s0_d0_b1024_r2000_w4_c5,contention,0,0,109.25
rma_flow,split_far2,5,1024,2000,4,2,51,218484,,0,2,contention_split_far2_s0_d0_b1024_r2000_w4_c5,contention,0,0,109.242
rma_flow,intra2,15,64,2000,4,2,54,188042,,0,2,contention_intra2_s0_d0_b64_r2000_w4_c15,contention,0,0,94.021
rma_flow,intra2,15,64,2000,4,2,55,188023,,0,2,contention_intra2_s0_d0_b64_r2000_w4_c15,contention,0,0,94.0115
rma_flow,intra2,15,64,2000,4,2,62,195700,,0,2,contention_intra2_s0_d0_b64_r2000_w4_c15,contention,0,0,97.85
rma_flow,intra2,15,64,2000,4,2,63,195686,,0,2,contention_intra2_s0_d0_b64_r2000_w4_c15,contention,0,0,97.843
rma_flow,intra2,15,1024,2000,4,2,54,218014,,0,2,contention_intra2_s0_d0_b1024_r2000_w4_c15,contention,0,0,109.007
rma_flow,intra2,15,1024,2000,4,2,55,217999,,0,2,contention_intra2_s0_d0_b1024_r2000_w4_c15,contention,0,0,108.9995
rma_flow,intra2,15,1024,2000,4,2,62,218057,,0,2,contention_intra2_s0_d0_b1024_r2000_w4_c15,contention,0,0,109.0285
rma_flow,intra2,15,1024,2000,4,2,63,218041,,0,2,contention_intra2_s0_d0_b1024_r2000_w4_c15,contention,0,0,109.0205
rma_flow,pair,0,128,2000,1,1,0,240042,,0,2,bandwidth_pair_s0_d1_b128_r2000_w1_c0,bandwidth,0,1,120.021
rma_flow,pair,0,128,2000,1,1,1,240010,,0,2,bandwidth_pair_s0_d1_b128_r2000_w1_c0,bandwidth,0,1,120.005
rma_flow,pair,0,32,2000,8,1,9,130043,,0,2,bandwidth_pair_s9_d18_b32_r2000_w8_c0,bandwidth,9,18,65.0215
rma_flow,pair,0,32,2000,8,1,18,130021,,0,2,bandwidth_pair_s9_d18_b32_r2000_w8_c0,bandwidth,9,18,65.0105
rma_flow,single,10,64,2000,1,1,36,228041,,0,2,contention_single_s0_d0_b64_r2000_w1_c10,contention,0,0,114.0205
rma_flow,single,10,64,2000,1,1,37,228025,,0,2,contention_single_s0_d0_b64_r2000_w1_c10,contention,0,0,114.0125
rma_flow,pair,0,4096,2000,2,1,1,436041,,0,2,bandwidth_pair_s1_d2_b4096_r2000_w2_c0,bandwidth,1,2,218.0205
rma_flow,pair,0,4096,2000,2,1,2,436024,,0,2,bandwidth_pair_s1_d2_b4096_r2000_w2_c0,bandwidth,1,2,218.012
rma_flow,pair,0,64,2000,2,1,9,172042,,0,2,bandwidth_pair_s9_d18_b64_r2000_w2_c0,bandwidth,9,18,86.021
rma_flow,pair,0,64,2000,2,1,18,172022,,0,2,bandwidth_pair_s9_d18_b64_r2000_w2_c0,bandwidth,9,18,86.011
rma_flow,pair,0,8,2000,4,1,0,144043,,0,2,bandwidth_pair_s0_d63_b8_r2000_w4_c0,bandwidth,0,63,72.0215
rma_flow,pair,0,8,2000,4,1,63,143998,,0,2,bandwidth_pair_s0_d63_b8_r2000_w4_c0,bandwidth,0,63,71.999
rma_flow,pair,0,32768,2000,1,1,0,2788042,,0,2,bandwidth_pair_s0_d8_b32768_r2000_w1_c0,bandwidth,0,8,1394.021
rma_flow,pair,0,32768,2000,1,1,8,2788016,,0,2,bandwidth_pair_s0_d8_b32768_r2000_w1_c0,bandwidth,0,8,1394.008
rma_flow,pair,0,4096,2000,8,1,0,350542,,0,2,bandwidth_pair_s0_d8_b4096_r2000_w8_c0,bandwidth,0,8,175.271
rma_flow,pair,0,4096,2000,8,1,8,350517,,0,2,bandwidth_pair_s0_d8_b4096_r2000_w8_c0,bandwidth,0,8,175.2585
rma_flow,pair,0,256,2000,1,1,0,240042,,0,2,bandwidth_pair_s0_d9_b256_r2000_w1_c0,bandwidth,0,9,120.021
rma_flow,pair,0,256,2000,1,1,9,240007,,0,2,bandwidth_pair_s0_d9_b256_r2000_w1_c0,bandwidth,0,9,120.0035
rma_flow,split_side2,10,64,2000,4,2,36,188041,,0,2,contention_split_side2_s0_d0_b64_r2000_w4_c10,contention,0,0,94.0205
rma_flow,split_side2,10,64,2000,4,2,37,188017,,0,2,contention_split_side2_s0_d0_b64_r2000_w4_c10,contention,0,0,94.0085
rma_flow,split_side2,10,64,2000,4,2,38,195042,,0,2,contention_split_side2_s0_d0_b64_r2000_w4_c10,contention,0,0,97.521
rma_flow,split_side2,10,64,2000,4,2,39,195030,,0,2,contention_split_side2_s0_d0_b64_r2000_w4_c10,contention,0,0,97.515
rma_flow,pair,0,8,2000,16,1,0,123042,,0,2,bandwidth_pair_s0_d1_b8_r2000_w16_c0,bandwidth,0,1,61.521
rma_flow,pair,0,8,2000,16,1,1,123013,,0,2,bandwidth_pair_s0_d1_b8_r2000_w16_c0,bandwidth,0,1,61.5065
rma_flow,pair,0,64,2000,16,1,1,123042,,0,2,bandwidth_pair_s1_d2_b64_r2000_w16_c0,bandwidth,1,2,61.521
rma_flow,pair,0,64,2000,16,1,2,123023,,0,2,bandwidth_pair_s1_d2_b64_r2000_w16_c0,bandwidth,1,2,61.5115
rma_flow,pair,0,16,2000,2,1,0,172042,,0,2,bandwidth_pair_s0_d8_b16_r2000_w2_c0,bandwidth,0,8,86.021
rma_flow,pair,0,16,2000,2,1,8,172013,,0,2,bandwidth_pair_s0_d8_b16_r2000_w2_c0,bandwidth,0,8,86.0065
rma_flow,pair,0,64,2000,2,1,0,172042,,0,2,bandwidth_pair_s0_d7_b64_r2000_w2_c0,bandwidth,0,7,86.021
rma_flow,pair,0,64,2000,2,1,7,172012,,0,2,bandwidth_pair_s0_d7_b64_r2000_w2_c0,bandwidth,0,7,86.006
rma_flow,pair,0,4096,2000,2,1,8,436041,,0,2,bandwidth_pair_s8_d16_b4096_r2000_w2_c0,bandwidth,8,16,218.0205
rma_flow,pair,0,4096,2000,2,1,16,436025,,0,2,bandwidth_pair_s8_d16_b4096_r2000_w2_c0,bandwidth,8,16,218.0125
rma_flow,pair,0,64,2000,16,1,0,123041,,0,2,bandwidth_pair_s0_d56_b64_r2000_w16_c0,bandwidth,0,56,61.5205
rma_flow,pair,0,64,2000,16,1,56,123011,,0,2,bandwidth_pair_s0_d56_b64_r2000_w16_c0,bandwidth,0,56,61.5055
rma_flow,pair,0,32,2000,2,1,0,172042,,0,2,bandwidth_pair_s0_d9_b32_r2000_w2_c0,bandwidth,0,9,86.021
rma_flow,pair,0,32,2000,2,1,9,172004,,0,2,bandwidth_pair_s0_d9_b32_r2000_w2_c0,bandwidth,0,9,86.002
rma_flow,pair,0,1024,2000,16,1,0,135793,,0,2,bandwidth_pair_s0_d7_b1024_r2000_w16_c0,bandwidth,0,7,67.8965
rma_flow,pair,0,1024,2000,16,1,7,135762,,0,2,bandwidth_pair_s0_d7_b1024_r2000_w16_c0,bandwidth,0,7,67.881
rma_flow,single,5,1024,2000,4,1,18,171042,,0,2,contention_single_s0_d0_b1024_r2000_w4_c5,contention,0,0,85.521
rma_flow,single,5,1024,2000,4,1,19,171029,,0,2,contention_single_s0_d0_b1024_r2000_w4_c5,contention,0,0,85.5145
rma_flow,pair,0,128,2000,16,1,0,127541,,0,2,bandwidth_pair_s0_d7_b128_r2000_w16_c0,bandwidth,0,7,63.7705
rma_flow,pair,0,128,2000,16,1,7,127507,,0,2,bandwidth_pair_s0_d7_b128_r2000_w16_c0,bandwidth,0,7,63.7535
rma_flow,pair,0,8,2000,8,1,1,130043,,0,2,bandwidth_pair_s1_d2_b8_r2000_w8_c0,bandwidth,1,2,65.0215
rma_flow,pair,0,8,2000,8,1,2,130022,,0,2,bandwidth_pair_s1_d2_b8_r2000_w8_c0,bandwidth,1,2,65.011
rma_flow,pair,0,16,2000,8,1,8,130042,,0,2,bandwidth_pair_s8_d16_b16_r2000_w8_c0,bandwidth,8,16,65.021
rma_flow,pair,0,16,2000,8,1,16,130022,,0,2,bandwidth_pair_s8_d16_b16_r2000_w8_c0,bandwidth,8,16,65.011
rma_flow,pair,0,128,2000,4,1,0,150042,,0,2,bandwidth_pair_s0_d9_b128_r2000_w4_c0,bandwidth,0,9,75.021
rma_flow,pair,0,128,2000,4,1,9,150002,,0,2,bandwidth_pair_s0_d9_b128_r2000_w4_c0,bandwidth,0,9,75.001
rma_flow,pair,0,1024,2000,16,1,0,135792,,0,2,bandwidth_pair_s0_d63_b1024_r2000_w16_c0,bandwidth,0,63,67.896
rma_flow,pair,0,1024,2000,16,1,63,135748,,0,2,bandwidth_pair_s0_d63_b1024_r2000_w16_c0,bandwidth,0,63,67.874
rma_flow,pair,0,4096,2000,8,1,1,349543,,0,2,bandwidth_pair_s1_d2_b4096_r2000_w8_c0,bandwidth,1,2,174.7715
rma_flow,pair,0,4096,2000,8,1,2,349529,,0,2,bandwidth_pair_s1_d2_b4096_r2000_w8_c0,bandwidth,1,2,174.7645
rma_flow,pair,0,256,2000,1,1,0,240042,,0,2,bandwidth_pair_s0_d63_b256_r2000_w1_c0,bandwidth,0,63,120.021
rma_flow,pair,0,256,2000,1,1,63,240000,,0,2,bandwidth_pair_s0_d63_b256_r2000_w1_c0,bandwidth,0,63,120.0
rma_flow,pair,0,4096,2000,2,1,9,436042,,0,2,bandwidth_pair_s9_d18_b4096_r2000_w2_c0,bandwidth,9,18,218.021
rma_flow,pair,0,4096,2000,2,1,18,436024,,0,2,bandwidth_pair_s9_d18_b4096_r2000_w2_c0,bandwidth,9,18,218.012
rma_flow,single,15,64,2000,4,1,54,144041,,0,2,contention_single_s0_d0_b64_r2000_w4_c15,contention,0,0,72.0205
rma_flow,single,15,64,2000,4,1,55,144025,,0,2,contention_single_s0_d0_b64_r2000_w4_c15,contention,0,0,72.0125
rma_flow,pair,0,8,2000,1,1,0,228042,,0,2,bandwidth_pair_s0_d8_b8_r2000_w1_c0,bandwidth,0,8,114.021
rma_flow,pair,0,8,2000,1,1,8,228013,,0,2,bandwidth_pair_s0_d8_b8_r2000_w1_c0,bandwidth,0,8,114.0065
rma_flow,pair,0,4096,2000,16,1,1,336292,,0,2,bandwidth_pair_s1_d2_b4096_r2000_w16_c0,bandwidth,1,2,168.146
rma_flow,pair,0,4096,2000,16,1,2,336274,,0,2,bandwidth_pair_s1_d2_b4096_r2000_w16_c0,bandwidth,1,2,168.137
rma_flow,pair,0,128,2000,16,1,0,127542,,0,2,bandwidth_pair_s0_d8_b128_r2000_w16_c0,bandwidth,0,8,63.771
rma_flow,pair,0,128,2000,16,1,8,127514,,0,2,bandwidth_pair_s0_d8_b128_r2000_w16_c0,bandwidth,0,8,63.757
rma_flow,pair,0,256,2000,1,1,0,240042,,0,2,bandwidth_pair_s0_d7_b256_r2000_w1_c0,bandwidth,0,7,120.021
rma_flow,pair,0,256,2000,1,1,7,240013,,0,2,bandwidth_pair_s0_d7_b256_r2000_w1_c0,bandwidth,0,7,120.0065
rma_flow,pair,0,16,2000,16,1,0,123043,,0,2,bandwidth_pair_s0_d1_b16_r2000_w16_c0,bandwidth,0,1,61.5215
rma_flow,pair,0,16,2000,16,1,1,123014,,0,2,bandwidth_pair_s0_d1_b16_r2000_w16_c0,bandwidth,0,1,61.507
rma_flow,pair,0,256,2000,1,1,0,240043,,0,2,bandwidth_pair_s0_d1_b256_r2000_w1_c0,bandwidth,0,1,120.0215
rma_flow,pair,0,256,2000,1,1,1,240017,,0,2,bandwidth_pair_s0_d1_b256_r2000_w1_c0,bandwidth,0,1,120.0085
rma_flow,pair,0,256,2000,2,1,0,180042,,0,2,bandwidth_pair_s0_d8_b256_r2000_w2_c0,bandwidth,0,8,90.021
rma_flow,pair,0,256,2000,2,1,8,180018,,0,2,bandwidth_pair_s0_d8_b256_r2000_w2_c0,bandwidth,0,8,90.009
rma_flow,pair,0,32,2000,2,1,0,172043,,0,2,bandwidth_pair_s0_d56_b32_r2000_w2_c0,bandwidth,0,56,86.0215
rma_flow,pair,0,32,2000,2,1,56,172011,,0,2,bandwidth_pair_s0_d56_b32_r2000_w2_c0,bandwidth,0,56,86.0055
rma_flow,pair,0,128,2000,16,1,0,127542,,0,2,bandwidth_pair_s0_d63_b128_r2000_w16_c0,bandwidth,0,63,63.771
rma_flow,pair,0,128,2000,16,1,63,127498,,0,2,bandwidth_pair_s0_d63_b128_r2000_w16_c0,bandwidth,0,63,63.749
rma_flow,split_side2,15,64,2000,4,2,52,195552,,0,2,contention_split_side2_s0_d0_b64_r2000_w4_c15,contention,0,0,97.776
rma_flow,split_side2,15,64,2000,4,2,53,195538,,0,2,contention_split_side2_s0_d0_b64_r2000_w4_c15,contention,0,0,97.769
rma_flow,split_side2,15,64,2000,4,2,54,188041,,0,2,contention_split_side2_s0_d0_b64_r2000_w4_c15,contention,0,0,94.0205
rma_flow,split_side2,15,64,2000,4,2,55,188017,,0,2,contention_split_side2_s0_d0_b64_r2000_w4_c15,contention,0,0,94.0085
rma_flow,alltoall4,0,64,2000,4,12,0,740664,,0,2,contention_alltoall4_s0_d0_b64_r2000_w4_c0,contention,0,0,370.332
rma_flow,alltoall4,0,64,2000,4,12,1,740691,,0,2,contention_alltoall4_s0_d0_b64_r2000_w4_c0,contention,0,0,370.3455
rma_flow,alltoall4,0,64,2000,4,12,8,740723,,0,2,contention_alltoall4_s0_d0_b64_r2000_w4_c0,contention,0,0,370.3615
rma_flow,alltoall4,0,64,2000,4,12,9,740743,,0,2,contention_alltoall4_s0_d0_b64_r2000_w4_c0,contention,0,0,370.3715
rma_flow,single,10,64,2000,4,1,36,144041,,0,2,contention_single_s0_d0_b64_r2000_w4_c10,contention,0,0,72.0205
rma_flow,single,10,64,2000,4,1,37,144025,,0,2,contention_single_s0_d0_b64_r2000_w4_c10,contention,0,0,72.0125
rma_flow,pair,0,128,2000,8,1,0,135041,,0,2,bandwidth_pair_s0_d8_b128_r2000_w8_c0,bandwidth,0,8,67.5205
rma_flow,pair,0,128,2000,8,1,8,135010,,0,2,bandwidth_pair_s0_d8_b128_r2000_w8_c0,bandwidth,0,8,67.505
rma_flow,pair,0,128,2000,8,1,0,135041,,0,2,bandwidth_pair_s0_d63_b128_r2000_w8_c0,bandwidth,0,63,67.5205
rma_flow,pair,0,128,2000,8,1,63,134997,,0,2,bandwidth_pair_s0_d63_b128_r2000_w8_c0,bandwidth,0,63,67.4985
rma_flow,pair,0,256,2000,2,1,0,180043,,0,2,bandwidth_pair_s0_d7_b256_r2000_w2_c0,bandwidth,0,7,90.0215
rma_flow,pair,0,256,2000,2,1,7,180018,,0,2,bandwidth_pair_s0_d7_b256_r2000_w2_c0,bandwidth,0,7,90.009
rma_flow,pair,0,16384,2000,2,1,0,1394042,,0,2,bandwidth_pair_s0_d63_b16384_r2000_w2_c0,bandwidth,0,63,697.021
rma_flow,pair,0,16384,2000,2,1,63,1393997,,0,2,bandwidth_pair_s0_d63_b16384_r2000_w2_c0,bandwidth,0,63,696.9985
rma_flow,pair,0,65536,2000,1,1,0,5350042,,0,2,bandwidth_pair_s0_d8_b65536_r2000_w1_c0,bandwidth,0,8,2675.021
rma_flow,pair,0,65536,2000,1,1,8,5350012,,0,2,bandwidth_pair_s0_d8_b65536_r2000_w1_c0,bandwidth,0,8,2675.006
rma_flow,pair,0,8,2000,2,1,0,172042,,0,2,bandwidth_pair_s0_d1_b8_r2000_w2_c0,bandwidth,0,1,86.021
rma_flow,pair,0,8,2000,2,1,1,172013,,0,2,bandwidth_pair_s0_d1_b8_r2000_w2_c0,bandwidth,0,1,86.0065
rma_flow,pair,0,256,2000,4,1,0,150043,,0,2,bandwidth_pair_s0_d7_b256_r2000_w4_c0,bandwidth,0,7,75.0215
rma_flow,pair,0,256,2000,4,1,7,150017,,0,2,bandwidth_pair_s0_d7_b256_r2000_w4_c0,bandwidth,0,7,75.0085
rma_flow,split_near2,0,1024,2000,1,2,0,306042,,0,2,contention_split_near2_s0_d0_b1024_r2000_w1_c0,contention,0,0,153.021
rma_flow,split_near2,0,1024,2000,1,2,1,306014,,0,2,contention_split_near2_s0_d0_b1024_r2000_w1_c0,contention,0,0,153.007
rma_flow,split_near2,0,1024,2000,1,2,16,360042,,0,2,contention_split_near2_s0_d0_b1024_r2000_w1_c0,contention,0,0,180.021
rma_flow,split_near2,0,1024,2000,1,2,17,360016,,0,2,contention_split_near2_s0_d0_b1024_r2000_w1_c0,contention,0,0,180.008
rma_flow,pair,0,1024,2000,2,1,0,216042,,0,2,bandwidth_pair_s0_d63_b1024_r2000_w2_c0,bandwidth,0,63,108.021
rma_flow,pair,0,1024,2000,2,1,63,215997,,0,2,bandwidth_pair_s0_d63_b1024_r2000_w2_c0,bandwidth,0,63,107.9985
rma_flow,pair,0,16,2000,4,1,0,144042,,0,2,bandwidth_pair_s0_d9_b16_r2000_w4_c0,bandwidth,0,9,72.021
rma_flow,pair,0,16,2000,4,1,9,144004,,0,2,bandwidth_pair_s0_d9_b16_r2000_w4_c0,bandwidth,0,9,72.002
rma_flow,pair,0,1024,2000,16,1,8,135792,,0,2,bandwidth_pair_s8_d16_b1024_r2000_w16_c0,bandwidth,8,16,67.896
rma_flow,pair,0,1024,2000,16,1,16,135773,,0,2,bandwidth_pair_s8_d16_b1024_r2000_w16_c0,bandwidth,8,16,67.8865
rma_flow,pair,0,1024,2000,8,1,1,147542,,0,2,bandwidth_pair_s1_d2_b1024_r2000_w8_c0,bandwidth,1,2,73.771
rma_flow,pair,0,1024,2000,8,1,2,147520,,0,2,bandwidth_pair_s1_d2_b1024_r2000_w8_c0,bandwidth,1,2,73.76
rma_flow,incast3,10,64,2000,1,3,36,329238,,0,2,contention_incast3_s0_d0_b64_r2000_w1_c10,contention,0,0,164.619
rma_flow,incast3,10,64,2000,1,3,37,298045,,0,2,contention_incast3_s0_d0_b64_r2000_w1_c10,contention,0,0,149.0225
rma_flow,incast3,10,64,2000,1,3,44,298545,,0,2,contention_incast3_s0_d0_b64_r2000_w1_c10,contention,0,0,149.2725
rma_flow,incast3,10,64,2000,1,3,45,329256,,0,2,contention_incast3_s0_d0_b64_r2000_w1_c10,contention,0,0,164.628
rma_flow,pair,0,32,2000,16,1,0,123042,,0,2,bandwidth_pair_s0_d8_b32_r2000_w16_c0,bandwidth,0,8,61.521
rma_flow,pair,0,32,2000,16,1,8,123013,,0,2,bandwidth_pair_s0_d8_b32_r2000_w16_c0,bandwidth,0,8,61.5065
rma_flow,intra2,10,1024,2000,4,2,36,218007,,0,2,contention_intra2_s0_d0_b1024_r2000_w4_c10,contention,0,0,109.0035
rma_flow,intra2,10,1024,2000,4,2,37,217992,,0,2,contention_intra2_s0_d0_b1024_r2000_w4_c10,contention,0,0,108.996
rma_flow,intra2,10,1024,2000,4,2,44,218050,,0,2,contention_intra2_s0_d0_b1024_r2000_w4_c10,contention,0,0,109.025
rma_flow,intra2,10,1024,2000,4,2,45,218034,,0,2,contention_intra2_s0_d0_b1024_r2000_w4_c10,contention,0,0,109.017
rma_flow,single,0,1024,2000,1,1,0,310042,,0,2,contention_single_s0_d0_b1024_r2000_w1_c0,contention,0,0,155.021
rma_flow,single,0,1024,2000,1,1,1,310012,,0,2,contention_single_s0_d0_b1024_r2000_w1_c0,contention,0,0,155.006
rma_flow,pair,0,8,2000,1,1,0,228042,,0,2,bandwidth_pair_s0_d63_b8_r2000_w1_c0,bandwidth,0,63,114.021
rma_flow,pair,0,8,2000,1,1,63,227997,,0,2,bandwidth_pair_s0_d63_b8_r2000_w1_c0,bandwidth,0,63,113.9985
rma_flow,pair,0,8,2000,16,1,0,123042,,0,2,bandwidth_pair_s0_d9_b8_r2000_w16_c0,bandwidth,0,9,61.521
rma_flow,pair,0,8,2000,16,1,9,123004,,0,2,bandwidth_pair_s0_d9_b8_r2000_w16_c0,bandwidth,0,9,61.502
rma_flow,pair,0,64,2000,1,1,0,228042,,0,2,bandwidth_pair_s0_d63_b64_r2000_w1_c0,bandwidth,0,63,114.021
rma_flow,pair,0,64,2000,1,1,63,227999,,0,2,bandwidth_pair_s0_d63_b64_r2000_w1_c0,bandwidth,0,63,113.9995
rma_flow,pair,0,16,2000,16,1,9,123043,,0,2,bandwidth_pair_s9_d18_b16_r2000_w16_c0,bandwidth,9,18,61.5215
rma_flow,pair,0,16,2000,16,1,18,123021,,0,2,bandwidth_pair_s9_d18_b16_r2000_w16_c0,bandwidth,9,18,61.5105
rma_flow,pair,0,16384,2000,4,1,0,1337042,,0,2,bandwidth_pair_s0_d7_b16384_r2000_w4_c0,bandwidth,0,7,668.521
rma_flow,pair,0,16384,2000,4,1,7,1337014,,0,2,bandwidth_pair_s0_d7_b16384_r2000_w4_c0,bandwidth,0,7,668.507
rma_flow,pair,0,128,2000,8,1,0,135042,,0,2,bandwidth_pair_s0_d1_b128_r2000_w8_c0,bandwidth,0,1,67.521
rma_flow,pair,0,128,2000,8,1,1,135011,,0,2,bandwidth_pair_s0_d1_b128_r2000_w8_c0,bandwidth,0,1,67.5055
rma_flow,intra2,15,1024,2000,1,2,54,359919,,0,2,contention_intra2_s0_d0_b1024_r2000_w1_c15,contention,0,0,179.9595
rma_flow,intra2,15,1024,2000,1,2,55,359898,,0,2,contention_intra2_s0_d0_b1024_r2000_w1_c15,contention,0,0,179.949
rma_flow,intra2,15,1024,2000,1,2,62,360056,,0,2,contention_intra2_s0_d0_b1024_r2000_w1_c15,contention,0,0,180.028
rma_flow,intra2,15,1024,2000,1,2,63,360037,,0,2,contention_intra2_s0_d0_b1024_r2000_w1_c15,contention,0,0,180.0185
rma_flow,single,5,64,2000,1,1,18,228041,,0,2,contention_single_s0_d0_b64_r2000_w1_c5,contention,0,0,114.0205
rma_flow,single,5,64,2000,1,1,19,228025,,0,2,contention_single_s0_d0_b64_r2000_w1_c5,contention,0,0,114.0125
rma_flow,pair,0,16,2000,2,1,0,172042,,0,2,bandwidth_pair_s0_d7_b16_r2000_w2_c0,bandwidth,0,7,86.021
rma_flow,pair,0,16,2000,2,1,7,172010,,0,2,bandwidth_pair_s0_d7_b16_r2000_w2_c0,bandwidth,0,7,86.005
rma_flow,intra2,10,1024,2000,1,2,36,359919,,0,2,contention_intra2_s0_d0_b1024_r2000_w1_c10,contention,0,0,179.9595
rma_flow,intra2,10,1024,2000,1,2,37,359898,,0,2,contention_intra2_s0_d0_b1024_r2000_w1_c10,contention,0,0,179.949
rma_flow,intra2,10,1024,2000,1,2,44,360056,,0,2,contention_intra2_s0_d0_b1024_r2000_w1_c10,contention,0,0,180.028
rma_flow,intra2,10,1024,2000,1,2,45,360037,,0,2,contention_intra2_s0_d0_b1024_r2000_w1_c10,contention,0,0,180.0185
rma_flow,ring4,15,1024,2000,1,4,54,474900,,0,2,contention_ring4_s0_d0_b1024_r2000_w1_c15,contention,0,0,237.45
rma_flow,ring4,15,1024,2000,1,4,55,421840,,0,2,contention_ring4_s0_d0_b1024_r2000_w1_c15,contention,0,0,210.92
rma_flow,ring4,15,1024,2000,1,4,62,474928,,0,2,contention_ring4_s0_d0_b1024_r2000_w1_c15,contention,0,0,237.464
rma_flow,ring4,15,1024,2000,1,4,63,474509,,0,2,contention_ring4_s0_d0_b1024_r2000_w1_c15,contention,0,0,237.2545
rma_flow,pair,0,4096,2000,2,1,0,436042,,0,2,bandwidth_pair_s0_d63_b4096_r2000_w2_c0,bandwidth,0,63,218.021
rma_flow,pair,0,4096,2000,2,1,63,436001,,0,2,bandwidth_pair_s0_d63_b4096_r2000_w2_c0,bandwidth,0,63,218.0005
rma_flow,pair,0,128,2000,16,1,0,127542,,0,2,bandwidth_pair_s0_d56_b128_r2000_w16_c0,bandwidth,0,56,63.771
rma_flow,pair,0,128,2000,16,1,56,127508,,0,2,bandwidth_pair_s0_d56_b128_r2000_w16_c0,bandwidth,0,56,63.754
rma_flow,pair,0,32768,2000,1,1,0,2788042,,0,2,bandwidth_pair_s0_d7_b32768_r2000_w1_c0,bandwidth,0,7,1394.021
rma_flow,pair,0,32768,2000,1,1,7,2788009,,0,2,bandwidth_pair_s0_d7_b32768_r2000_w1_c0,bandwidth,0,7,1394.0045
rma_flow,pair,0,8,2000,2,1,0,172042,,0,2,bandwidth_pair_s0_d7_b8_r2000_w2_c0,bandwidth,0,7,86.021
rma_flow,pair,0,8,2000,2,1,7,172010,,0,2,bandwidth_pair_s0_d7_b8_r2000_w2_c0,bandwidth,0,7,86.005
rma_flow,incast3,15,64,2000,4,3,54,244294,,0,2,contention_incast3_s0_d0_b64_r2000_w4_c15,contention,0,0,122.147
rma_flow,incast3,15,64,2000,4,3,55,236593,,0,2,contention_incast3_s0_d0_b64_r2000_w4_c15,contention,0,0,118.2965
rma_flow,incast3,15,64,2000,4,3,62,237104,,0,2,contention_incast3_s0_d0_b64_r2000_w4_c15,contention,0,0,118.552
rma_flow,incast3,15,64,2000,4,3,63,244312,,0,2,contention_incast3_s0_d0_b64_r2000_w4_c15,contention,0,0,122.156
rma_flow,pair,0,32,2000,1,1,0,228042,,0,2,bandwidth_pair_s0_d8_b32_r2000_w1_c0,bandwidth,0,8,114.021
rma_flow,pair,0,32,2000,1,1,8,228013,,0,2,bandwidth_pair_s0_d8_b32_r2000_w1_c0,bandwidth,0,8,114.0065
rma_flow,intra2,10,64,2000,4,2,36,188036,,0,2,contention_intra2_s0_d0_b64_r2000_w4_c10,contention,0,0,94.018
rma_flow,intra2,10,64,2000,4,2,37,188014,,0,2,contention_intra2_s0_d0_b64_r2000_w4_c10,contention,0,0,94.007
rma_flow,intra2,10,64,2000,4,2,44,195248,,0,2,contention_intra2_s0_d0_b64_r2000_w4_c10,contention,0,0,97.624
rma_flow,intra2,10,64,2000,4,2,45,195236,,0,2,contention_intra2_s0_d0_b64_r2000_w4_c10,contention,0,0,97.618
rma_flow,pair,0,4096,2000,8,1,0,349543,,0,2,bandwidth_pair_s0_d56_b4096_r2000_w8_c0,bandwidth,0,56,174.7715
rma_flow,pair,0,4096,2000,8,1,56,349513,,0,2,bandwidth_pair_s0_d56_b4096_r2000_w8_c0,bandwidth,0,56,174.7565
rma_flow,intra2,5,1024,2000,4,2,18,218007,,0,2,contention_intra2_s0_d0_b1024_r2000_w4_c5,contention,0,0,109.0035
rma_flow,intra2,5,1024,2000,4,2,19,217992,,0,2,contention_intra2_s0_d0_b1024_r2000_w4_c5,contention,0,0,108.996
rma_flow,intra2,5,1024,2000,4,2,26,218050,,0,2,contention_intra2_s0_d0_b1024_r2000_w4_c5,contention,0,0,109.025
rma_flow,intra2,5,1024,2000,4,2,27,218034,,0,2,contention_intra2_s0_d0_b1024_r2000_w4_c5,contention,0,0,109.017
rma_flow,ring4,0,1024,2000,4,4,0,359224,,0,2,contention_ring4_s0_d0_b1024_r2000_w4_c0,contention,0,0,179.612
rma_flow,ring4,0,1024,2000,4,4,1,357145,,0,2,contention_ring4_s0_d0_b1024_r2000_w4_c0,contention,0,0,178.5725
rma_flow,ring4,0,1024,2000,4,4,8,359247,,0,2,contention_ring4_s0_d0_b1024_r2000_w4_c0,contention,0,0,179.6235
rma_flow,ring4,0,1024,2000,4,4,9,358423,,0,2,contention_ring4_s0_d0_b1024_r2000_w4_c0,contention,0,0,179.2115
rma_flow,split_near2,5,1024,2000,1,2,18,306042,,0,2,contention_split_near2_s0_d0_b1024_r2000_w1_c5,contention,0,0,153.021
rma_flow,split_near2,5,1024,2000,1,2,19,306028,,0,2,contention_split_near2_s0_d0_b1024_r2000_w1_c5,contention,0,0,153.014
rma_flow,split_near2,5,1024,2000,1,2,34,360042,,0,2,contention_split_near2_s0_d0_b1024_r2000_w1_c5,contention,0,0,180.021
rma_flow,split_near2,5,1024,2000,1,2,35,360023,,0,2,contention_split_near2_s0_d0_b1024_r2000_w1_c5,contention,0,0,180.0115
rma_flow,pair,0,128,2000,2,1,1,180042,,0,2,bandwidth_pair_s1_d2_b128_r2000_w2_c0,bandwidth,1,2,90.021
rma_flow,pair,0,128,2000,2,1,2,180019,,0,2,bandwidth_pair_s1_d2_b128_r2000_w2_c0,bandwidth,1,2,90.0095
rma_flow,pair,0,256,2000,2,1,8,180042,,0,2,bandwidth_pair_s8_d16_b256_r2000_w2_c0,bandwidth,8,16,90.021
rma_flow,pair,0,256,2000,2,1,16,180025,,0,2,bandwidth_pair_s8_d16_b256_r2000_w2_c0,bandwidth,8,16,90.0125
rma_flow,pair,0,32768,2000,2,1,9,2676042,,0,2,bandwidth_pair_s9_d18_b32768_r2000_w2_c0,bandwidth,9,18,1338.021
rma_flow,pair,0,32768,2000,2,1,18,2676024,,0,2,bandwidth_pair_s9_d18_b32768_r2000_w2_c0,bandwidth,9,18,1338.012
rma_flow,pair,0,4096,2000,8,1,0,350542,,0,2,bandwidth_pair_s0_d1_b4096_r2000_w8_c0,bandwidth,0,1,175.271
rma_flow,pair,0,4096,2000,8,1,1,350517,,0,2,bandwidth_pair_s0_d1_b4096_r2000_w8_c0,bandwidth,0,1,175.2585
rma_flow,split_near2,10,1024,2000,1,2,36,306042,,0,2,contention_split_near2_s0_d0_b1024_r2000_w1_c10,contention,0,0,153.021
rma_flow,split_near2,10,1024,2000,1,2,37,306027,,0,2,contention_split_near2_s0_d0_b1024_r2000_w1_c10,contention,0,0,153.0135
rma_flow,split_near2,10,1024,2000,1,2,52,360042,,0,2,contention_split_near2_s0_d0_b1024_r2000_w1_c10,contention,0,0,180.021
rma_flow,split_near2,10,1024,2000,1,2,53,360023,,0,2,contention_split_near2_s0_d0_b1024_r2000_w1_c10,contention,0,0,180.0115
rma_flow,pair,0,4096,2000,1,1,0,548042,,0,2,bandwidth_pair_s0_d63_b4096_r2000_w1_c0,bandwidth,0,63,274.021
rma_flow,pair,0,4096,2000,1,1,63,547996,,0,2,bandwidth_pair_s0_d63_b4096_r2000_w1_c0,bandwidth,0,63,273.998
rma_flow,pair,0,32768,2000,2,1,0,2676042,,0,2,bandwidth_pair_s0_d63_b32768_r2000_w2_c0,bandwidth,0,63,1338.021
rma_flow,pair,0,32768,2000,2,1,63,2676001,,0,2,bandwidth_pair_s0_d63_b32768_r2000_w2_c0,bandwidth,0,63,1338.0005
rma_flow,pair,0,16,2000,16,1,0,123043,,0,2,bandwidth_pair_s0_d8_b16_r2000_w16_c0,bandwidth,0,8,61.5215
rma_flow,pair,0,16,2000,16,1,8,123014,,0,2,bandwidth_pair_s0_d8_b16_r2000_w16_c0,bandwidth,0,8,61.507
rma_flow,intra2,5,1024,2000,1,2,18,330778,,0,2,contention_intra2_s0_d0_b1024_r2000_w1_c5,contention,0,0,165.389
rma_flow,intra2,5,1024,2000,1,2,19,330768,,0,2,contention_intra2_s0_d0_b1024_r2000_w1_c5,contention,0,0,165.384
rma_flow,intra2,5,1024,2000,1,2,26,375805,,0,2,contention_intra2_s0_d0_b1024_r2000_w1_c5,contention,0,0,187.9025
rma_flow,intra2,5,1024,2000,1,2,27,375788,,0,2,contention_intra2_s0_d0_b1024_r2000_w1_c5,contention,0,0,187.894
rma_flow,pair,0,32768,2000,1,1,0,2788042,,0,2,bandwidth_pair_s0_d1_b32768_r2000_w1_c0,bandwidth,0,1,1394.021
rma_flow,pair,0,32768,2000,1,1,1,2788017,,0,2,bandwidth_pair_s0_d1_b32768_r2000_w1_c0,bandwidth,0,1,1394.0085
rma_flow,alltoall4,0,64,2000,1,12,0,823689,,0,2,contention_alltoall4_s0_d0_b64_r2000_w1_c0,contention,0,0,411.8445
rma_flow,alltoall4,0,64,2000,1,12,1,823716,,0,2,contention_alltoall4_s0_d0_b64_r2000_w1_c0,contention,0,0,411.858
rma_flow,alltoall4,0,64,2000,1,12,8,823751,,0,2,contention_alltoall4_s0_d0_b64_r2000_w1_c0,contention,0,0,411.8755
rma_flow,alltoall4,0,64,2000,1,12,9,823771,,0,2,contention_alltoall4_s0_d0_b64_r2000_w1_c0,contention,0,0,411.8855
rma_flow,pair,0,256,2000,4,1,1,150043,,0,2,bandwidth_pair_s1_d2_b256_r2000_w4_c0,bandwidth,1,2,75.0215
rma_flow,pair,0,256,2000,4,1,2,150024,,0,2,bandwidth_pair_s1_d2_b256_r2000_w4_c0,bandwidth,1,2,75.012
rma_flow,pair,0,1024,2000,8,1,0,147542,,0,2,bandwidth_pair_s0_d63_b1024_r2000_w8_c0,bandwidth,0,63,73.771
rma_flow,pair,0,1024,2000,8,1,63,147496,,0,2,bandwidth_pair_s0_d63_b1024_r2000_w8_c0,bandwidth,0,63,73.748
rma_flow,pair,0,8,2000,8,1,0,130042,,0,2,bandwidth_pair_s0_d9_b8_r2000_w8_c0,bandwidth,0,9,65.021
rma_flow,pair,0,8,2000,8,1,9,130004,,0,2,bandwidth_pair_s0_d9_b8_r2000_w8_c0,bandwidth,0,9,65.002
rma_flow,pair,0,16,2000,16,1,0,123043,,0,2,bandwidth_pair_s0_d56_b16_r2000_w16_c0,bandwidth,0,56,61.5215
rma_flow,pair,0,16,2000,16,1,56,123011,,0,2,bandwidth_pair_s0_d56_b16_r2000_w16_c0,bandwidth,0,56,61.5055
rma_flow,pair,0,16,2000,1,1,9,228041,,0,2,bandwidth_pair_s9_d18_b16_r2000_w1_c0,bandwidth,9,18,114.0205
rma_flow,pair,0,16,2000,1,1,18,228019,,0,2,bandwidth_pair_s9_d18_b16_r2000_w1_c0,bandwidth,9,18,114.0095
rma_flow,pair,0,64,2000,8,1,0,130042,,0,2,bandwidth_pair_s0_d63_b64_r2000_w8_c0,bandwidth,0,63,65.021
rma_flow,pair,0,64,2000,8,1,63,129999,,0,2,bandwidth_pair_s0_d63_b64_r2000_w8_c0,bandwidth,0,63,64.9995
rma_flow,pair,0,65536,2000,1,1,0,5350042,,0,2,bandwidth_pair_s0_d7_b65536_r2000_w1_c0,bandwidth,0,7,2675.021
rma_flow,pair,0,65536,2000,1,1,7,5350011,,0,2,bandwidth_pair_s0_d7_b65536_r2000_w1_c0,bandwidth,0,7,2675.0055
rma_flow,pair,0,16384,2000,1,1,0,1508042,,0,2,bandwidth_pair_s0_d8_b16384_r2000_w1_c0,bandwidth,0,8,754.021
rma_flow,pair,0,16384,2000,1,1,8,1508017,,0,2,bandwidth_pair_s0_d8_b16384_r2000_w1_c0,bandwidth,0,8,754.0085
rma_flow,pair,0,8,2000,8,1,0,130042,,0,2,bandwidth_pair_s0_d63_b8_r2000_w8_c0,bandwidth,0,63,65.021
rma_flow,pair,0,8,2000,8,1,63,129997,,0,2,bandwidth_pair_s0_d63_b8_r2000_w8_c0,bandwidth,0,63,64.9985
rma_flow,pair,0,256,2000,16,1,0,127542,,0,2,bandwidth_pair_s0_d9_b256_r2000_w16_c0,bandwidth,0,9,63.771
rma_flow,pair,0,256,2000,16,1,9,127510,,0,2,bandwidth_pair_s0_d9_b256_r2000_w16_c0,bandwidth,0,9,63.755
rma_flow,pair,0,64,2000,1,1,0,228041,,0,2,bandwidth_pair_s0_d1_b64_r2000_w1_c0,bandwidth,0,1,114.0205
rma_flow,pair,0,64,2000,1,1,1,228014,,0,2,bandwidth_pair_s0_d1_b64_r2000_w1_c0,bandwidth,0,1,114.007
rma_flow,pair,0,8,2000,2,1,0,172042,,0,2,bandwidth_pair_s0_d9_b8_r2000_w2_c0,bandwidth,0,9,86.021
rma_flow,pair,0,8,2000,2,1,9,172004,,0,2,bandwidth_pair_s0_d9_b8_r2000_w2_c0,bandwidth,0,9,86.002
rma_flow,pair,0,128,2000,4,1,0,150041,,0,2,bandwidth_pair_s0_d8_b128_r2000_w4_c0,bandwidth,0,8,75.0205
rma_flow,pair,0,128,2000,4,1,8,150010,,0,2,bandwidth_pair_s0_d8_b128_r2000_w4_c0,bandwidth,0,8,75.005
rma_flow,pair,0,16,2000,4,1,0,144042,,0,2,bandwidth_pair_s0_d63_b16_r2000_w4_c0,bandwidth,0,63,72.021
rma_flow,pair,0,16,2000,4,1,63,143997,,0,2,bandwidth_pair_s0_d63_b16_r2000_w4_c0,bandwidth,0,63,71.9985
rma_flow,intra2,0,1024,2000,1,2,0,359920,,0,2,contention_intra2_s0_d0_b1024_r2000_w1_c0,contention,0,0,179.96
rma_flow,intra2,0,1024,2000,1,2,1,359891,,0,2,contention_intra2_s0_d0_b1024_r2000_w1_c0,contention,0,0,179.9455
rma_flow,intra2,0,1024,2000,1,2,8,360049,,0,2,contention_intra2_s0_d0_b1024_r2000_w1_c0,contention,0,0,180.0245
rma_flow,intra2,0,1024,2000,1,2,9,360022,,0,2,contention_intra2_s0_d0_b1024_r2000_w1_c0,contention,0,0,180.011
rma_flow,pair,0,256,2000,1,1,0,240043,,0,2,bandwidth_pair_s0_d56_b256_r2000_w1_c0,bandwidth,0,56,120.0215
rma_flow,pair,0,256,2000,1,1,56,240014,,0,2,bandwidth_pair_s0_d56_b256_r2000_w1_c0,bandwidth,0,56,120.007
rma_flow,pair,0,1024,2000,4,1,0,171043,,0,2,bandwidth_pair_s0_d8_b1024_r2000_w4_c0,bandwidth,0,8,85.5215
rma_flow,pair,0,1024,2000,4,1,8,171016,,0,2,bandwidth_pair_s0_d8_b1024_r2000_w4_c0,bandwidth,0,8,85.508
rma_flow,pair,0,32,2000,4,1,0,144043,,0,2,bandwidth_pair_s0_d7_b32_r2000_w4_c0,bandwidth,0,7,72.0215
rma_flow,pair,0,32,2000,4,1,7,144011,,0,2,bandwidth_pair_s0_d7_b32_r2000_w4_c0,bandwidth,0,7,72.0055
rma_flow,pair,0,1024,2000,16,1,9,135793,,0,2,bandwidth_pair_s9_d18_b1024_r2000_w16_c0,bandwidth,9,18,67.8965
rma_flow,pair,0,1024,2000,16,1,18,135772,,0,2,bandwidth_pair_s9_d18_b1024_r2000_w16_c0,bandwidth,9,18,67.886
rma_flow,pair,0,128,2000,1,1,0,240042,,0,2,bandwidth_pair_s0_d7_b128_r2000_w1_c0,bandwidth,0,7,120.021
rma_flow,pair,0,128,2000,1,1,7,240008,,0,2,bandwidth_pair_s0_d7_b128_r2000_w1_c0,bandwidth,0,7,120.004
rma_flow,pair,0,16,2000,1,1,0,228041,,0,2,bandwidth_pair_s0_d9_b16_r2000_w1_c0,bandwidth,0,9,114.0205
rma_flow,pair,0,16,2000,1,1,9,228003,,0,2,bandwidth_pair_s0_d9_b16_r2000_w1_c0,bandwidth,0,9,114.0015
rma_flow,alltoall4,5,64,2000,1,12,18,825504,,0,2,contention_alltoall4_s0_d0_b64_r2000_w1_c5,contention,0,0,412.752
rma_flow,alltoall4,5,64,2000,1,12,19,825544,,0,2,contention_alltoall4_s0_d0_b64_r2000_w1_c5,contention,0,0,412.772
rma_flow,alltoall4,5,64,2000,1,12,26,825579,,0,2,contention_alltoall4_s0_d0_b64_r2000_w1_c5,contention,0,0,412.7895
rma_flow,alltoall4,5,64,2000,1,12,27,825606,,0,2,contention_alltoall4_s0_d0_b64_r2000_w1_c5,contention,0,0,412.803
rma_flow,pair,0,256,2000,8,1,0,135042,,0,2,bandwidth_pair_s0_d8_b256_r2000_w8_c0,bandwidth,0,8,67.521
rma_flow,pair,0,256,2000,8,1,8,135019,,0,2,bandwidth_pair_s0_d8_b256_r2000_w8_c0,bandwidth,0,8,67.5095
rma_flow,single,10,1024,2000,4,1,36,171042,,0,2,contention_single_s0_d0_b1024_r2000_w4_c10,contention,0,0,85.521
rma_flow,single,10,1024,2000,4,1,37,171029,,0,2,contention_single_s0_d0_b1024_r2000_w4_c10,contention,0,0,85.5145
rma_flow,pair,0,32,2000,1,1,0,228041,,0,2,bandwidth_pair_s0_d56_b32_r2000_w1_c0,bandwidth,0,56,114.0205
rma_flow,pair,0,32,2000,1,1,56,228009,,0,2,bandwidth_pair_s0_d56_b32_r2000_w1_c0,bandwidth,0,56,114.0045
rma_flow,alltoall4,10,64,2000,4,12,36,740845,,0,2,contention_alltoall4_s0_d0_b64_r2000_w4_c10,contention,0,0,370.4225
rma_flow,alltoall4,10,64,2000,4,12,37,740882,,0,2,contention_alltoall4_s0_d0_b64_r2000_w4_c10,contention,0,0,370.441
rma_flow,alltoall4,10,64,2000,4,12,44,740914,,0,2,contention_alltoall4_s0_d0_b64_r2000_w4_c10,contention,0,0,370.457
rma_flow,alltoall4,10,64,2000,4,12,45,740944,,0,2,contention_alltoall4_s0_d0_b64_r2000_w4_c10,contention,0,0,370.472
rma_flow,pair,0,16,2000,8,1,0,130042,,0,2,bandwidth_pair_s0_d1_b16_r2000_w8_c0,bandwidth,0,1,65.021
rma_flow,pair,0,16,2000,8,1,1,130013,,0,2,bandwidth_pair_s0_d1_b16_r2000_w8_c0,bandwidth,0,1,65.0065
rma_flow,pair,0,128,2000,8,1,1,135042,,0,2,bandwidth_pair_s1_d2_b128_r2000_w8_c0,bandwidth,1,2,67.521
rma_flow,pair,0,128,2000,8,1,2,135019,,0,2,bandwidth_pair_s1_d2_b128_r2000_w8_c0,bandwidth,1,2,67.5095
rma_flow,pair,0,256,2000,8,1,0,135042,,0,2,bandwidth_pair_s0_d7_b256_r2000_w8_c0,bandwidth,0,7,67.521
rma_flow,pair,0,256,2000,8,1,7,135015,,0,2,bandwidth_pair_s0_d7_b256_r2000_w8_c0,bandwidth,0,7,67.5075
rma_flow,pair,0,16,2000,2,1,0,172042,,0,2,bandwidth_pair_s0_d9_b16_r2000_w2_c0,bandwidth,0,9,86.021
rma_flow,pair,0,16,2000,2,1,9,172004,,0,2,bandwidth_pair_s0_d9_b16_r2000_w2_c0,bandwidth,0,9,86.002
rma_flow,pair,0,1024,2000,1,1,0,310042,,0,2,bandwidth_pair_s0_d7_b1024_r2000_w1_c0,bandwidth,0,7,155.021
rma_flow,pair,0,1024,2000,1,1,7,310011,,0,2,bandwidth_pair_s0_d7_b1024_r2000_w1_c0,bandwidth,0,7,155.0055
rma_flow,pair,0,256,2000,16,1,1,127542,,0,2,bandwidth_pair_s1_d2_b256_r2000_w16_c0,bandwidth,1,2,63.771
rma_flow,pair,0,256,2000,16,1,2,127523,,0,2,bandwidth_pair_s1_d2_b256_r2000_w16_c0,bandwidth,1,2,63.7615
rma_flow,pair,0,256,2000,1,1,0,240042,,0,2,bandwidth_pair_s0_d8_b256_r2000_w1_c0,bandwidth,0,8,120.021
rma_flow,pair,0,256,2000,1,1,8,240016,,0,2,bandwidth_pair_s0_d8_b256_r2000_w1_c0,bandwidth,0,8,120.008
rma_flow,pair,0,256,2000,4,1,0,150043,,0,2,bandwidth_pair_s0_d1_b256_r2000_w4_c0,bandwidth,0,1,75.0215
rma_flow,pair,0,256,2000,4,1,1,150016,,0,2,bandwidth_pair_s0_d1_b256_r2000_w4_c0,bandwidth,0,1,75.008
rma_flow,pair,0,8,2000,2,1,8,172042,,0,2,bandwidth_pair_s8_d16_b8_r2000_w2_c0,bandwidth,8,16,86.021
rma_flow,pair,0,8,2000,2,1,16,172022,,0,2,bandwidth_pair_s8_d16_b8_r2000_w2_c0,bandwidth,8,16,86.011
rma_flow,pair,0,16384,2000,1,1,0,1508042,,0,2,bandwidth_pair_s0_d63_b16384_r2000_w1_c0,bandwidth,0,63,754.021
rma_flow,pair,0,16384,2000,1,1,63,1507996,,0,2,bandwidth_pair_s0_d63_b16384_r2000_w1_c0,bandwidth,0,63,753.998
rma_flow,pair,0,1024,2000,1,1,8,310042,,0,2,bandwidth_pair_s8_d16_b1024_r2000_w1_c0,bandwidth,8,16,155.021
rma_flow,pair,0,1024,2000,1,1,16,310026,,0,2,bandwidth_pair_s8_d16_b1024_r2000_w1_c0,bandwidth,8,16,155.013
rma_flow,pair,0,128,2000,2,1,0,180041,,0,2,bandwidth_pair_s0_d63_b128_r2000_w2_c0,bandwidth,0,63,90.0205
rma_flow,pair,0,128,2000,2,1,63,179997,,0,2,bandwidth_pair_s0_d63_b128_r2000_w2_c0,bandwidth,0,63,89.9985
rma_flow,pair,0,8,2000,4,1,0,144043,,0,2,bandwidth_pair_s0_d7_b8_r2000_w4_c0,bandwidth,0,7,72.0215
rma_flow,pair,0,8,2000,4,1,7,144011,,0,2,bandwidth_pair_s0_d7_b8_r2000_w4_c0,bandwidth,0,7,72.0055
rma_flow,pair,0,64,2000,2,1,1,172042,,0,2,bandwidth_pair_s1_d2_b64_r2000_w2_c0,bandwidth,1,2,86.021
rma_flow,pair,0,64,2000,2,1,2,172023,,0,2,bandwidth_pair_s1_d2_b64_r2000_w2_c0,bandwidth,1,2,86.0115
rma_flow,pair,0,1024,2000,2,1,0,216042,,0,2,bandwidth_pair_s0_d9_b1024_r2000_w2_c0,bandwidth,0,9,108.021
rma_flow,pair,0,1024,2000,2,1,9,216003,,0,2,bandwidth_pair_s0_d9_b1024_r2000_w2_c0,bandwidth,0,9,108.0015
rma_flow,pair,0,16,2000,16,1,0,123042,,0,2,bandwidth_pair_s0_d7_b16_r2000_w16_c0,bandwidth,0,7,61.521
rma_flow,pair,0,16,2000,16,1,7,123010,,0,2,bandwidth_pair_s0_d7_b16_r2000_w16_c0,bandwidth,0,7,61.505
rma_flow,pair,0,8,2000,8,1,0,130043,,0,2,bandwidth_pair_s0_d7_b8_r2000_w8_c0,bandwidth,0,7,65.0215
rma_flow,pair,0,8,2000,8,1,7,130011,,0,2,bandwidth_pair_s0_d7_b8_r2000_w8_c0,bandwidth,0,7,65.0055
rma_flow,pair,0,8,2000,1,1,0,228041,,0,2,bandwidth_pair_s0_d1_b8_r2000_w1_c0,bandwidth,0,1,114.0205
rma_flow,pair,0,8,2000,1,1,1,228012,,0,2,bandwidth_pair_s0_d1_b8_r2000_w1_c0,bandwidth,0,1,114.006
rma_flow,pair,0,4096,2000,2,1,0,436042,,0,2,bandwidth_pair_s0_d7_b4096_r2000_w2_c0,bandwidth,0,7,218.021
rma_flow,pair,0,4096,2000,2,1,7,436014,,0,2,bandwidth_pair_s0_d7_b4096_r2000_w2_c0,bandwidth,0,7,218.007
rma_flow,pair,0,1024,2000,4,1,0,171042,,0,2,bandwidth_pair_s0_d63_b1024_r2000_w4_c0,bandwidth,0,63,85.521
rma_flow,pair,0,1024,2000,4,1,63,170997,,0,2,bandwidth_pair_s0_d63_b1024_r2000_w4_c0,bandwidth,0,63,85.4985
rma_flow,split_far2,15,1024,2000,4,2,22,218041,,0,2,contention_split_far2_s0_d0_b1024_r2000_w4_c15,contention,0,0,109.0205
rma_flow,split_far2,15,1024,2000,4,2,23,218025,,0,2,contention_split_far2_s0_d0_b1024_r2000_w4_c15,contention,0,0,109.0125
rma_flow,split_far2,15,1024,2000,4,2,54,204042,,0,2,contention_split_far2_s0_d0_b1024_r2000_w4_c15,contention,0,0,102.021
rma_flow,split_far2,15,1024,2000,4,2,55,204025,,0,2,contention_split_far2_s0_d0_b1024_r2000_w4_c15,contention,0,0,102.0125
rma_flow,pair,0,64,2000,1,1,8,228042,,0,2,bandwidth_pair_s8_d16_b64_r2000_w1_c0,bandwidth,8,16,114.021
rma_flow,pair,0,64,2000,1,1,16,228024,,0,2,bandwidth_pair_s8_d16_b64_r2000_w1_c0,bandwidth,8,16,114.012
rma_flow,pair,0,64,2000,8,1,0,130042,,0,2,bandwidth_pair_s0_d7_b64_r2000_w8_c0,bandwidth,0,7,65.021
rma_flow,pair,0,64,2000,8,1,7,130012,,0,2,bandwidth_pair_s0_d7_b64_r2000_w8_c0,bandwidth,0,7,65.006
rma_flow,pair,0,256,2000,2,1,0,180043,,0,2,bandwidth_pair_s0_d1_b256_r2000_w2_c0,bandwidth,0,1,90.0215
rma_flow,pair,0,256,2000,2,1,1,180017,,0,2,bandwidth_pair_s0_d1_b256_r2000_w2_c0,bandwidth,0,1,90.0085
rma_flow,ring4,15,64,2000,1,4,54,377049,,0,2,contention_ring4_s0_d0_b64_r2000_w1_c15,contention,0,0,188.5245
rma_flow,ring4,15,64,2000,1,4,55,348056,,0,2,contention_ring4_s0_d0_b64_r2000_w1_c15,contention,0,0,174.028
rma_flow,ring4,15,64,2000,1,4,62,377078,,0,2,contention_ring4_s0_d0_b64_r2000_w1_c15,contention,0,0,188.539
rma_flow,ring4,15,64,2000,1,4,63,348058,,0,2,contention_ring4_s0_d0_b64_r2000_w1_c15,contention,0,0,174.029
rma_flow,pair,0,4096,2000,4,1,0,378042,,0,2,bandwidth_pair_s0_d8_b4096_r2000_w4_c0,bandwidth,0,8,189.021
rma_flow,pair,0,4096,2000,4,1,8,378018,,0,2,bandwidth_pair_s0_d8_b4096_r2000_w4_c0,bandwidth,0,8,189.009
rma_flow,pair,0,1024,2000,1,1,0,310042,,0,2,bandwidth_pair_s0_d1_b1024_r2000_w1_c0,bandwidth,0,1,155.021
rma_flow,pair,0,1024,2000,1,1,1,310012,,0,2,bandwidth_pair_s0_d1_b1024_r2000_w1_c0,bandwidth,0,1,155.006
rma_flow,split_side2,0,64,2000,1,2,0,248042,,0,2,contention_split_side2_s0_d0_b64_r2000_w1_c0,contention,0,0,124.021
rma_flow,split_side2,0,64,2000,1,2,1,248009,,0,2,contention_split_side2_s0_d0_b64_r2000_w1_c0,contention,0,0,124.0045
rma_flow,split_side2,0,64,2000,1,2,2,276042,,0,2,contention_split_side2_s0_d0_b64_r2000_w1_c0,contention,0,0,138.021
rma_flow,split_side2,0,64,2000,1,2,3,276030,,0,2,contention_split_side2_s0_d0_b64_r2000_w1_c0,contention,0,0,138.015
rma_flow,pair,0,32,2000,1,1,8,228042,,0,2,bandwidth_pair_s8_d16_b32_r2000_w1_c0,bandwidth,8,16,114.021
rma_flow,pair,0,32,2000,1,1,16,228022,,0,2,bandwidth_pair_s8_d16_b32_r2000_w1_c0,bandwidth,8,16,114.011
rma_flow,single,15,1024,2000,1,1,54,310042,,0,2,contention_single_s0_d0_b1024_r2000_w1_c15,contention,0,0,155.021
rma_flow,single,15,1024,2000,1,1,55,310025,,0,2,contention_single_s0_d0_b1024_r2000_w1_c15,contention,0,0,155.0125
rma_flow,pair,0,16,2000,1,1,0,228042,,0,2,bandwidth_pair_s0_d7_b16_r2000_w1_c0,bandwidth,0,7,114.021
rma_flow,pair,0,16,2000,1,1,7,228010,,0,2,bandwidth_pair_s0_d7_b16_r2000_w1_c0,bandwidth,0,7,114.005
rma_flow,pair,0,8,2000,2,1,0,172043,,0,2,bandwidth_pair_s0_d56_b8_r2000_w2_c0,bandwidth,0,56,86.0215
rma_flow,pair,0,8,2000,2,1,56,172011,,0,2,bandwidth_pair_s0_d56_b8_r2000_w2_c0,bandwidth,0,56,86.0055
rma_flow,split_side2,15,1024,2000,1,2,52,360042,,0,2,contention_split_side2_s0_d0_b1024_r2000_w1_c15,contention,0,0,180.021
rma_flow,split_side2,15,1024,2000,1,2,53,360022,,0,2,contention_split_side2_s0_d0_b1024_r2000_w1_c15,contention,0,0,180.011
rma_flow,split_side2,15,1024,2000,1,2,54,306042,,0,2,contention_split_side2_s0_d0_b1024_r2000_w1_c15,contention,0,0,153.021
rma_flow,split_side2,15,1024,2000,1,2,55,306028,,0,2,contention_split_side2_s0_d0_b1024_r2000_w1_c15,contention,0,0,153.014
rma_flow,pair,0,16,2000,4,1,1,144042,,0,2,bandwidth_pair_s1_d2_b16_r2000_w4_c0,bandwidth,1,2,72.021
rma_flow,pair,0,16,2000,4,1,2,144021,,0,2,bandwidth_pair_s1_d2_b16_r2000_w4_c0,bandwidth,1,2,72.0105
rma_flow,pair,0,128,2000,2,1,0,180042,,0,2,bandwidth_pair_s0_d1_b128_r2000_w2_c0,bandwidth,0,1,90.021
rma_flow,pair,0,128,2000,2,1,1,180011,,0,2,bandwidth_pair_s0_d1_b128_r2000_w2_c0,bandwidth,0,1,90.0055
rma_flow,pair,0,32,2000,16,1,9,123043,,0,2,bandwidth_pair_s9_d18_b32_r2000_w16_c0,bandwidth,9,18,61.5215
rma_flow,pair,0,32,2000,16,1,18,123021,,0,2,bandwidth_pair_s9_d18_b32_r2000_w16_c0,bandwidth,9,18,61.5105
rma_flow,pair,0,8,2000,16,1,0,123042,,0,2,bandwidth_pair_s0_d7_b8_r2000_w16_c0,bandwidth,0,7,61.521
rma_flow,pair,0,8,2000,16,1,7,123010,,0,2,bandwidth_pair_s0_d7_b8_r2000_w16_c0,bandwidth,0,7,61.505
rma_flow,pair,0,4096,2000,4,1,0,378042,,0,2,bandwidth_pair_s0_d63_b4096_r2000_w4_c0,bandwidth,0,63,189.021
rma_flow,pair,0,4096,2000,4,1,63,377997,,0,2,bandwidth_pair_s0_d63_b4096_r2000_w4_c0,bandwidth,0,63,188.9985
rma_flow,pair,0,16,2000,1,1,1,228042,,0,2,bandwidth_pair_s1_d2_b16_r2000_w1_c0,bandwidth,1,2,114.021
rma_flow,pair,0,16,2000,1,1,2,228021,,0,2,bandwidth_pair_s1_d2_b16_r2000_w1_c0,bandwidth,1,2,114.0105
rma_flow,pair,0,16384,2000,1,1,1,1508042,,0,2,bandwidth_pair_s1_d2_b16384_r2000_w1_c0,bandwidth,1,2,754.021
rma_flow,pair,0,16384,2000,1,1,2,1508018,,0,2,bandwidth_pair_s1_d2_b16384_r2000_w1_c0,bandwidth,1,2,754.009
rma_flow,incast3,15,1024,2000,4,3,54,273180,,0,2,contention_incast3_s0_d0_b1024_r2000_w4_c15,contention,0,0,136.59
rma_flow,incast3,15,1024,2000,4,3,55,273096,,0,2,contention_incast3_s0_d0_b1024_r2000_w4_c15,contention,0,0,136.548
rma_flow,incast3,15,1024,2000,4,3,62,273153,,0,2,contention_incast3_s0_d0_b1024_r2000_w4_c15,contention,0,0,136.5765
rma_flow,incast3,15,1024,2000,4,3,63,273197,,0,2,contention_incast3_s0_d0_b1024_r2000_w4_c15,contention,0,0,136.5985
rma_flow,pair,0,32,2000,2,1,0,172042,,0,2,bandwidth_pair_s0_d8_b32_r2000_w2_c0,bandwidth,0,8,86.021
rma_flow,pair,0,32,2000,2,1,8,172013,,0,2,bandwidth_pair_s0_d8_b32_r2000_w2_c0,bandwidth,0,8,86.0065
rma_flow,pair,0,32,2000,4,1,0,144042,,0,2,bandwidth_pair_s0_d63_b32_r2000_w4_c0,bandwidth,0,63,72.021
rma_flow,pair,0,32,2000,4,1,63,143997,,0,2,bandwidth_pair_s0_d63_b32_r2000_w4_c0,bandwidth,0,63,71.9985
rma_flow,pair,0,128,2000,4,1,1,150041,,0,2,bandwidth_pair_s1_d2_b128_r2000_w4_c0,bandwidth,1,2,75.0205
rma_flow,pair,0,128,2000,4,1,2,150018,,0,2,bandwidth_pair_s1_d2_b128_r2000_w4_c0,bandwidth,1,2,75.009
rma_flow,pair,0,8,2000,2,1,0,172042,,0,2,bandwidth_pair_s0_d63_b8_r2000_w2_c0,bandwidth,0,63,86.021
rma_flow,pair,0,8,2000,2,1,63,171997,,0,2,bandwidth_pair_s0_d63_b8_r2000_w2_c0,bandwidth,0,63,85.9985
rma_flow,split_far2,0,64,2000,4,2,0,188042,,0,2,contention_split_far2_s0_d0_b64_r2000_w4_c0,contention,0,0,94.021
rma_flow,split_far2,0,64,2000,4,2,1,188009,,0,2,contention_split_far2_s0_d0_b64_r2000_w4_c0,contention,0,0,94.0045
rma_flow,split_far2,0,64,2000,4,2,32,195043,,0,2,contention_split_far2_s0_d0_b64_r2000_w4_c0,contention,0,0,97.5215
rma_flow,split_far2,0,64,2000,4,2,33,195016,,0,2,contention_split_far2_s0_d0_b64_r2000_w4_c0,contention,0,0,97.508
rma_flow,pair,0,64,2000,8,1,0,130041,,0,2,bandwidth_pair_s0_d9_b64_r2000_w8_c0,bandwidth,0,9,65.0205
rma_flow,pair,0,64,2000,8,1,9,130005,,0,2,bandwidth_pair_s0_d9_b64_r2000_w8_c0,bandwidth,0,9,65.0025
rma_flow,single,5,1024,2000,1,1,18,310042,,0,2,contention_single_s0_d0_b1024_r2000_w1_c5,contention,0,0,155.021
rma_flow,single,5,1024,2000,1,1,19,310024,,0,2,contention_single_s0_d0_b1024_r2000_w1_c5,contention,0,0,155.012
rma_flow,pair,0,16384,2000,1,1,8,1508042,,0,2,bandwidth_pair_s8_d16_b16384_r2000_w1_c0,bandwidth,8,16,754.021
rma_flow,pair,0,16384,2000,1,1,16,1508019,,0,2,bandwidth_pair_s8_d16_b16384_r2000_w1_c0,bandwidth,8,16,754.0095
rma_flow,pair,0,128,2000,4,1,8,150041,,0,2,bandwidth_pair_s8_d16_b128_r2000_w4_c0,bandwidth,8,16,75.0205
rma_flow,pair,0,128,2000,4,1,16,150019,,0,2,bandwidth_pair_s8_d16_b128_r2000_w4_c0,bandwidth,8,16,75.0095
rma_flow,pair,0,1024,2000,16,1,0,136542,,0,2,bandwidth_pair_s0_d9_b1024_r2000_w16_c0,bandwidth,0,9,68.271
rma_flow,pair,0,1024,2000,16,1,9,136504,,0,2,bandwidth_pair_s0_d9_b1024_r2000_w16_c0,bandwidth,0,9,68.252
rma_flow,split_far2,15,64,2000,4,2,22,195043,,0,2,contention_split_far2_s0_d0_b64_r2000_w4_c15,contention,0,0,97.5215
rma_flow,split_far2,15,64,2000,4,2,23,195029,,0,2,contention_split_far2_s0_d0_b64_r2000_w4_c15,contention,0,0,97.5145
rma_flow,split_far2,15,64,2000,4,2,54,188041,,0,2,contention_split_far2_s0_d0_b64_r2000_w4_c15,contention,0,0,94.0205
rma_flow,split_far2,15,64,2000,4,2,55,188017,,0,2,contention_split_far2_s0_d0_b64_r2000_w4_c15,contention,0,0,94.0085
rma_flow,incast3,10,64,2000,4,3,36,244294,,0,2,contention_incast3_s0_d0_b64_r2000_w4_c10,contention,0,0,122.147
rma_flow,incast3,10,64,2000,4,3,37,236593,,0,2,contention_incast3_s0_d0_b64_r2000_w4_c10,contention,0,0,118.2965
rma_flow,incast3,10,64,2000,4,3,44,237104,,0,2,contention_incast3_s0_d0_b64_r2000_w4_c10,contention,0,0,118.552
rma_flow,incast3,10,64,2000,4,3,45,244312,,0,2,contention_incast3_s0_d0_b64_r2000_w4_c10,contention,0,0,122.156
rma_flow,pair,0,8,2000,8,1,9,130042,,0,2,bandwidth_pair_s9_d18_b8_r2000_w8_c0,bandwidth,9,18,65.021
rma_flow,pair,0,8,2000,8,1,18,130020,,0,2,bandwidth_pair_s9_d18_b8_r2000_w8_c0,bandwidth,9,18,65.01
rma_flow,pair,0,256,2000,8,1,9,135043,,0,2,bandwidth_pair_s9_d18_b256_r2000_w8_c0,bandwidth,9,18,67.5215
rma_flow,pair,0,256,2000,8,1,18,135027,,0,2,bandwidth_pair_s9_d18_b256_r2000_w8_c0,bandwidth,9,18,67.5135
rma_flow,pair,0,64,2000,2,1,0,172041,,0,2,bandwidth_pair_s0_d63_b64_r2000_w2_c0,bandwidth,0,63,86.0205
rma_flow,pair,0,64,2000,2,1,63,171998,,0,2,bandwidth_pair_s0_d63_b64_r2000_w2_c0,bandwidth,0,63,85.999
rma_flow,pair,0,32768,2000,2,1,0,2676042,,0,2,bandwidth_pair_s0_d1_b32768_r2000_w2_c0,bandwidth,0,1,1338.021
rma_flow,pair,0,32768,2000,2,1,1,2676017,,0,2,bandwidth_pair_s0_d1_b32768_r2000_w2_c0,bandwidth,0,1,1338.0085
rma_flow,pair,0,16384,2000,4,1,9,1337043,,0,2,bandwidth_pair_s9_d18_b16384_r2000_w4_c0,bandwidth,9,18,668.5215
rma_flow,pair,0,16384,2000,4,1,18,1337025,,0,2,bandwidth_pair_s9_d18_b16384_r2000_w4_c0,bandwidth,9,18,668.5125
rma_flow,incast3,15,1024,2000,1,3,54,420089,,0,2,contention_incast3_s0_d0_b1024_r2000_w1_c15,contention,0,0,210.0445
rma_flow,incast3,15,1024,2000,1,3,55,355108,,0,2,contention_incast3_s0_d0_b1024_r2000_w1_c15,contention,0,0,177.554
rma_flow,incast3,15,1024,2000,1,3,62,419739,,0,2,contention_incast3_s0_d0_b1024_r2000_w1_c15,contention,0,0,209.8695
rma_flow,incast3,15,1024,2000,1,3,63,420109,,0,2,contention_incast3_s0_d0_b1024_r2000_w1_c15,contention,0,0,210.0545
rma_flow,pair,0,4096,2000,1,1,0,548042,,0,2,bandwidth_pair_s0_d9_b4096_r2000_w1_c0,bandwidth,0,9,274.021
rma_flow,pair,0,4096,2000,1,1,9,548003,,0,2,bandwidth_pair_s0_d9_b4096_r2000_w1_c0,bandwidth,0,9,274.0015
rma_flow,split_side2,0,64,2000,4,2,0,188041,,0,2,contention_split_side2_s0_d0_b64_r2000_w4_c0,contention,0,0,94.0205
rma_flow,split_side2,0,64,2000,4,2,1,188008,,0,2,contention_split_side2_s0_d0_b64_r2000_w4_c0,contention,0,0,94.004
rma_flow,split_side2,0,64,2000,4,2,2,195043,,0,2,contention_split_side2_s0_d0_b64_r2000_w4_c0,contention,0,0,97.5215
rma_flow,split_side2,0,64,2000,4,2,3,195029,,0,2,contention_split_side2_s0_d0_b64_r2000_w4_c0,contention,0,0,97.5145
rma_flow,pair,0,64,2000,4,1,0,144042,,0,2,bandwidth_pair_s0_d63_b64_r2000_w4_c0,bandwidth,0,63,72.021
rma_flow,pair,0,64,2000,4,1,63,143999,,0,2,bandwidth_pair_s0_d63_b64_r2000_w4_c0,bandwidth,0,63,71.9995
rma_flow,pair,0,64,2000,4,1,0,144042,,0,2,bandwidth_pair_s0_d56_b64_r2000_w4_c0,bandwidth,0,56,72.021
rma_flow,pair,0,64,2000,4,1,56,144012,,0,2,bandwidth_pair_s0_d56_b64_r2000_w4_c0,bandwidth,0,56,72.006
rma_flow,pair,0,64,2000,8,1,0,130041,,0,2,bandwidth_pair_s0_d1_b64_r2000_w8_c0,bandwidth,0,1,65.0205
rma_flow,pair,0,64,2000,8,1,1,130014,,0,2,bandwidth_pair_s0_d1_b64_r2000_w8_c0,bandwidth,0,1,65.007
rma_flow,pair,0,16,2000,1,1,0,228041,,0,2,bandwidth_pair_s0_d8_b16_r2000_w1_c0,bandwidth,0,8,114.0205
rma_flow,pair,0,16,2000,1,1,8,228012,,0,2,bandwidth_pair_s0_d8_b16_r2000_w1_c0,bandwidth,0,8,114.006
rma_flow,single,15,64,2000,1,1,54,228041,,0,2,contention_single_s0_d0_b64_r2000_w1_c15,contention,0,0,114.0205
rma_flow,single,15,64,2000,1,1,55,228025,,0,2,contention_single_s0_d0_b64_r2000_w1_c15,contention,0,0,114.0125
rma_flow,pair,0,4096,2000,4,1,9,378043,,0,2,bandwidth_pair_s9_d18_b4096_r2000_w4_c0,bandwidth,9,18,189.0215
rma_flow,pair,0,4096,2000,4,1,18,378026,,0,2,bandwidth_pair_s9_d18_b4096_r2000_w4_c0,bandwidth,9,18,189.013
rma_flow,pair,0,4096,2000,16,1,0,336542,,0,2,bandwidth_pair_s0_d1_b4096_r2000_w16_c0,bandwidth,0,1,168.271
rma_flow,pair,0,4096,2000,16,1,1,336515,,0,2,bandwidth_pair_s0_d1_b4096_r2000_w16_c0,bandwidth,0,1,168.2575
rma_flow,pair,0,4096,2000,8,1,0,349543,,0,2,bandwidth_pair_s0_d63_b4096_r2000_w8_c0,bandwidth,0,63,174.7715
rma_flow,pair,0,4096,2000,8,1,63,349500,,0,2,bandwidth_pair_s0_d63_b4096_r2000_w8_c0,bandwidth,0,63,174.75
rma_flow,pair,0,32768,2000,2,1,1,2676042,,0,2,bandwidth_pair_s1_d2_b32768_r2000_w2_c0,bandwidth,1,2,1338.021
rma_flow,pair,0,32768,2000,2,1,2,2676025,,0,2,bandwidth_pair_s1_d2_b32768_r2000_w2_c0,bandwidth,1,2,1338.0125
rma_flow,incast3,5,64,2000,1,3,18,328042,,0,2,contention_incast3_s0_d0_b64_r2000_w1_c5,contention,0,0,164.021
rma_flow,incast3,5,64,2000,1,3,19,298219,,0,2,contention_incast3_s0_d0_b64_r2000_w1_c5,contention,0,0,149.1095
rma_flow,incast3,5,64,2000,1,3,26,298223,,0,2,contention_incast3_s0_d0_b64_r2000_w1_c5,contention,0,0,149.1115
rma_flow,incast3,5,64,2000,1,3,27,328060,,0,2,contention_incast3_s0_d0_b64_r2000_w1_c5,contention,0,0,164.03
rma_flow,pair,0,1024,2000,8,1,0,148042,,0,2,bandwidth_pair_s0_d1_b1024_r2000_w8_c0,bandwidth,0,1,74.021
rma_flow,pair,0,1024,2000,8,1,1,148011,,0,2,bandwidth_pair_s0_d1_b1024_r2000_w8_c0,bandwidth,0,1,74.0055
rma_flow,pair,0,8,2000,4,1,1,144043,,0,2,bandwidth_pair_s1_d2_b8_r2000_w4_c0,bandwidth,1,2,72.0215
rma_flow,pair,0,8,2000,4,1,2,144022,,0,2,bandwidth_pair_s1_d2_b8_r2000_w4_c0,bandwidth,1,2,72.011
rma_flow,pair,0,1024,2000,4,1,0,171042,,0,2,bandwidth_pair_s0_d1_b1024_r2000_w4_c0,bandwidth,0,1,85.521
rma_flow,pair,0,1024,2000,4,1,1,171015,,0,2,bandwidth_pair_s0_d1_b1024_r2000_w4_c0,bandwidth,0,1,85.5075
rma_flow,pair,0,32,2000,4,1,1,144043,,0,2,bandwidth_pair_s1_d2_b32_r2000_w4_c0,bandwidth,1,2,72.0215
rma_flow,pair,0,32,2000,4,1,2,144022,,0,2,bandwidth_pair_s1_d2_b32_r2000_w4_c0,bandwidth,1,2,72.011
rma_flow,pair,0,8,2000,16,1,1,123042,,0,2,bandwidth_pair_s1_d2_b8_r2000_w16_c0,bandwidth,1,2,61.521
rma_flow,pair,0,8,2000,16,1,2,123021,,0,2,bandwidth_pair_s1_d2_b8_r2000_w16_c0,bandwidth,1,2,61.5105
rma_flow,split_side2,10,64,2000,1,2,36,248042,,0,2,contention_split_side2_s0_d0_b64_r2000_w1_c10,contention,0,0,124.021
rma_flow,split_side2,10,64,2000,1,2,37,248017,,0,2,contention_split_side2_s0_d0_b64_r2000_w1_c10,contention,0,0,124.0085
rma_flow,split_side2,10,64,2000,1,2,38,276042,,0,2,contention_split_side2_s0_d0_b64_r2000_w1_c10,contention,0,0,138.021
rma_flow,split_side2,10,64,2000,1,2,39,276030,,0,2,contention_split_side2_s0_d0_b64_r2000_w1_c10,contention,0,0,138.015
rma_flow,pair,0,128,2000,16,1,0,127542,,0,2,bandwidth_pair_s0_d9_b128_r2000_w16_c0,bandwidth,0,9,63.771
rma_flow,pair,0,128,2000,16,1,9,127505,,0,2,bandwidth_pair_s0_d9_b128_r2000_w16_c0,bandwidth,0,9,63.7525
rma_flow,pair,0,16,2000,1,1,0,228041,,0,2,bandwidth_pair_s0_d56_b16_r2000_w1_c0,bandwidth,0,56,114.0205
rma_flow,pair,0,16,2000,1,1,56,228009,,0,2,bandwidth_pair_s0_d56_b16_r2000_w1_c0,bandwidth,0,56,114.0045
rma_flow,pair,0,1024,2000,2,1,0,216042,,0,2,bandwidth_pair_s0_d7_b1024_r2000_w2_c0,bandwidth,0,7,108.021
rma_flow,pair,0,1024,2000,2,1,7,216011,,0,2,bandwidth_pair_s0_d7_b1024_r2000_w2_c0,bandwidth,0,7,108.0055
rma_flow,split_far2,10,1024,2000,4,2,4,218533,,0,2,contention_split_far2_s0_d0_b1024_r2000_w4_c10,contention,0,0,109.2665
rma_flow,split_far2,10,1024,2000,4,2,5,218517,,0,2,contention_split_far2_s0_d0_b1024_r2000_w4_c10,contention,0,0,109.2585
rma_flow,split_far2,10,1024,2000,4,2,36,204041,,0,2,contention_split_far2_s0_d0_b1024_r2000_w4_c10,contention,0,0,102.0205
rma_flow,split_far2,10,1024,2000,4,2,37,204024,,0,2,contention_split_far2_s0_d0_b1024_r2000_w4_c10,contention,0,0,102.012
rma_flow,pair,0,128,2000,2,1,0,180042,,0,2,bandwidth_pair_s0_d9_b128_r2000_w2_c0,bandwidth,0,9,90.021
rma_flow,pair,0,128,2000,2,1,9,180002,,0,2,bandwidth_pair_s0_d9_b128_r2000_w2_c0,bandwidth,0,9,90.001
rma_flow,pair,0,64,2000,16,1,8,123042,,0,2,bandwidth_pair_s8_d16_b64_r2000_w16_c0,bandwidth,8,16,61.521
rma_flow,pair,0,64,2000,16,1,16,123024,,0,2,bandwidth_pair_s8_d16_b64_r2000_w16_c0,bandwidth,8,16,61.512
rma_flow,pair,0,32,2000,8,1,0,130043,,0,2,bandwidth_pair_s0_d9_b32_r2000_w8_c0,bandwidth,0,9,65.0215
rma_flow,pair,0,32,2000,8,1,9,130005,,0,2,bandwidth_pair_s0_d9_b32_r2000_w8_c0,bandwidth,0,9,65.0025
rma_flow,split_far2,0,1024,2000,1,2,0,306042,,0,2,contention_split_far2_s0_d0_b1024_r2000_w1_c0,contention,0,0,153.021
rma_flow,split_far2,0,1024,2000,1,2,1,306014,,0,2,contention_split_far2_s0_d0_b1024_r2000_w1_c0,contention,0,0,153.007
rma_flow,split_far2,0,1024,2000,1,2,32,360042,,0,2,contention_split_far2_s0_d0_b1024_r2000_w1_c0,contention,0,0,180.021
rma_flow,split_far2,0,1024,2000,1,2,33,360014,,0,2,contention_split_far2_s0_d0_b1024_r2000_w1_c0,contention,0,0,180.007
rma_flow,split_far2,10,64,2000,1,2,4,276043,,0,2,contention_split_far2_s0_d0_b64_r2000_w1_c10,contention,0,0,138.0215
rma_flow,split_far2,10,64,2000,1,2,5,276029,,0,2,contention_split_far2_s0_d0_b64_r2000_w1_c10,contention,0,0,138.0145
rma_flow,split_far2,10,64,2000,1,2,36,248042,,0,2,contention_split_far2_s0_d0_b64_r2000_w1_c10,contention,0,0,124.021
rma_flow,split_far2,10,64,2000,1,2,37,248016,,0,2,contention_split_far2_s0_d0_b64_r2000_w1_c10,contention,0,0,124.008
rma_flow,intra2,5,64,2000,4,2,18,188036,,0,2,contention_intra2_s0_d0_b64_r2000_w4_c5,contention,0,0,94.018
rma_flow,intra2,5,64,2000,4,2,19,188014,,0,2,contention_intra2_s0_d0_b64_r2000_w4_c5,contention,0,0,94.007
rma_flow,intra2,5,64,2000,4,2,26,195248,,0,2,contention_intra2_s0_d0_b64_r2000_w4_c5,contention,0,0,97.624
rma_flow,intra2,5,64,2000,4,2,27,195236,,0,2,contention_intra2_s0_d0_b64_r2000_w4_c5,contention,0,0,97.618
rma_flow,pair,0,64,2000,2,1,0,172042,,0,2,bandwidth_pair_s0_d9_b64_r2000_w2_c0,bandwidth,0,9,86.021
rma_flow,pair,0,64,2000,2,1,9,172006,,0,2,bandwidth_pair_s0_d9_b64_r2000_w2_c0,bandwidth,0,9,86.003
rma_flow,single,0,1024,2000,4,1,0,171043,,0,2,contention_single_s0_d0_b1024_r2000_w4_c0,contention,0,0,85.5215
rma_flow,single,0,1024,2000,4,1,1,171016,,0,2,contention_single_s0_d0_b1024_r2000_w4_c0,contention,0,0,85.508
rma_flow,split_near2,10,64,2000,1,2,36,248042,,0,2,contention_split_near2_s0_d0_b64_r2000_w1_c10,contention,0,0,124.021
rma_flow,split_near2,10,64,2000,1,2,37,248016,,0,2,contention_split_near2_s0_d0_b64_r2000_w1_c10,contention,0,0,124.008
rma_flow,split_near2,10,64,2000,1,2,52,276043,,0,2,contention_split_near2_s0_d0_b64_r2000_w1_c10,contention,0,0,138.0215
rma_flow,split_near2,10,64,2000,1,2,53,276029,,0,2,contention_split_near2_s0_d0_b64_r2000_w1_c10,contention,0,0,138.0145
rma_flow,pair,0,64,2000,16,1,0,123042,,0,2,bandwidth_pair_s0_d7_b64_r2000_w16_c0,bandwidth,0,7,61.521
rma_flow,pair,0,64,2000,16,1,7,123012,,0,2,bandwidth_pair_s0_d7_b64_r2000_w16_c0,bandwidth,0,7,61.506
rma_flow,pair,0,64,2000,4,1,0,144042,,0,2,bandwidth_pair_s0_d1_b64_r2000_w4_c0,bandwidth,0,1,72.021
rma_flow,pair,0,64,2000,4,1,1,144015,,0,2,bandwidth_pair_s0_d1_b64_r2000_w4_c0,bandwidth,0,1,72.0075
rma_flow,pair,0,256,2000,2,1,1,180042,,0,2,bandwidth_pair_s1_d2_b256_r2000_w2_c0,bandwidth,1,2,90.021
rma_flow,pair,0,256,2000,2,1,2,180024,,0,2,bandwidth_pair_s1_d2_b256_r2000_w2_c0,bandwidth,1,2,90.012
rma_flow,pair,0,256,2000,16,1,8,127543,,0,2,bandwidth_pair_s8_d16_b256_r2000_w16_c0,bandwidth,8,16,63.7715
rma_flow,pair,0,256,2000,16,1,16,127529,,0,2,bandwidth_pair_s8_d16_b256_r2000_w16_c0,bandwidth,8,16,63.7645
rma_flow,pair,0,128,2000,2,1,9,180041,,0,2,bandwidth_pair_s9_d18_b128_r2000_w2_c0,bandwidth,9,18,90.0205
rma_flow,pair,0,128,2000,2,1,18,180017,,0,2,bandwidth_pair_s9_d18_b128_r2000_w2_c0,bandwidth,9,18,90.0085
rma_flow,pair,0,8,2000,1,1,0,228041,,0,2,bandwidth_pair_s0_d9_b8_r2000_w1_c0,bandwidth,0,9,114.0205
rma_flow,pair,0,8,2000,1,1,9,228003,,0,2,bandwidth_pair_s0_d9_b8_r2000_w1_c0,bandwidth,0,9,114.0015
rma_flow,pair,0,32,2000,16,1,0,123043,,0,2,bandwidth_pair_s0_d9_b32_r2000_w16_c0,bandwidth,0,9,61.5215
rma_flow,pair,0,32,2000,16,1,9,123005,,0,2,bandwidth_pair_s0_d9_b32_r2000_w16_c0,bandwidth,0,9,61.5025
rma_flow,pair,0,65536,2000,1,1,0,5350042,,0,2,bandwidth_pair_s0_d63_b65536_r2000_w1_c0,bandwidth,0,63,2675.021
rma_flow,pair,0,65536,2000,1,1,63,5349996,,0,2,bandwidth_pair_s0_d63_b65536_r2000_w1_c0,bandwidth,0,63,2674.998
rma_flow,pair,0,256,2000,4,1,0,150042,,0,2,bandwidth_pair_s0_d63_b256_r2000_w4_c0,bandwidth,0,63,75.021
rma_flow,pair,0,256,2000,4,1,63,150003,,0,2,bandwidth_pair_s0_d63_b256_r2000_w4_c0,bandwidth,0,63,75.0015
rma_flow,pair,0,16,2000,4,1,0,144042,,0,2,bandwidth_pair_s0_d1_b16_r2000_w4_c0,bandwidth,0,1,72.021
rma_flow,pair,0,16,2000,4,1,1,144013,,0,2,bandwidth_pair_s0_d1_b16_r2000_w4_c0,bandwidth,0,1,72.0065
rma_flow,pair,0,1024,2000,1,1,0,310042,,0,2,bandwidth_pair_s0_d56_b1024_r2000_w1_c0,bandwidth,0,56,155.021
rma_flow,pair,0,1024,2000,1,1,56,310011,,0,2,bandwidth_pair_s0_d56_b1024_r2000_w1_c0,bandwidth,0,56,155.0055
rma_flow,ring4,15,1024,2000,4,4,54,359182,,0,2,contention_ring4_s0_d0_b1024_r2000_w4_c15,contention,0,0,179.591
rma_flow,ring4,15,1024,2000,4,4,55,357874,,0,2,contention_ring4_s0_d0_b1024_r2000_w4_c15,contention,0,0,178.937
rma_flow,ring4,15,1024,2000,4,4,62,359215,,0,2,contention_ring4_s0_d0_b1024_r2000_w4_c15,contention,0,0,179.6075
rma_flow,ring4,15,1024,2000,4,4,63,358602,,0,2,contention_ring4_s0_d0_b1024_r2000_w4_c15,contention,0,0,179.301
rma_flow,pair,0,4096,2000,2,1,0,436042,,0,2,bandwidth_pair_s0_d1_b4096_r2000_w2_c0,bandwidth,0,1,218.021
rma_flow,pair,0,4096,2000,2,1,1,436017,,0,2,bandwidth_pair_s0_d1_b4096_r2000_w2_c0,bandwidth,0,1,218.0085
rma_flow,pair,0,32,2000,1,1,0,228041,,0,2,bandwidth_pair_s0_d7_b32_r2000_w1_c0,bandwidth,0,7,114.0205
rma_flow,pair,0,32,2000,1,1,7,228009,,0,2,bandwidth_pair_s0_d7_b32_r2000_w1_c0,bandwidth,0,7,114.0045
rma_flow,pair,0,4096,2000,4,1,0,378042,,0,2,bandwidth_pair_s0_d56_b4096_r2000_w4_c0,bandwidth,0,56,189.021
rma_flow,pair,0,4096,2000,4,1,56,378011,,0,2,bandwidth_pair_s0_d56_b4096_r2000_w4_c0,bandwidth,0,56,189.0055
rma_flow,pair,0,64,2000,1,1,0,228042,,0,2,bandwidth_pair_s0_d9_b64_r2000_w1_c0,bandwidth,0,9,114.021
rma_flow,pair,0,64,2000,1,1,9,228006,,0,2,bandwidth_pair_s0_d9_b64_r2000_w1_c0,bandwidth,0,9,114.003
rma_flow,pair,0,32768,2000,2,1,0,2676042,,0,2,bandwidth_pair_s0_d56_b32768_r2000_w2_c0,bandwidth,0,56,1338.021
rma_flow,pair,0,32768,2000,2,1,56,2676014,,0,2,bandwidth_pair_s0_d56_b32768_r2000_w2_c0,bandwidth,0,56,1338.007
rma_flow,pair,0,16384,2000,1,1,0,1508042,,0,2,bandwidth_pair_s0_d1_b16384_r2000_w1_c0,bandwidth,0,1,754.021
rma_flow,pair,0,16384,2000,1,1,1,1508011,,0,2,bandwidth_pair_s0_d1_b16384_r2000_w1_c0,bandwidth,0,1,754.0055
rma_flow,pair,0,8,2000,1,1,9,228041,,0,2,bandwidth_pair_s9_d18_b8_r2000_w1_c0,bandwidth,9,18,114.0205
rma_flow,pair,0,8,2000,1,1,18,228019,,0,2,bandwidth_pair_s9_d18_b8_r2000_w1_c0,bandwidth,9,18,114.0095
rma_flow,pair,0,1024,2000,8,1,0,147543,,0,2,bandwidth_pair_s0_d56_b1024_r2000_w8_c0,bandwidth,0,56,73.7715
rma_flow,pair,0,1024,2000,8,1,56,147510,,0,2,bandwidth_pair_s0_d56_b1024_r2000_w8_c0,bandwidth,0,56,73.755
rma_flow,pair,0,8,2000,8,1,8,130042,,0,2,bandwidth_pair_s8_d16_b8_r2000_w8_c0,bandwidth,8,16,65.021
rma_flow,pair,0,8,2000,8,1,16,130022,,0,2,bandwidth_pair_s8_d16_b8_r2000_w8_c0,bandwidth,8,16,65.011
rma_flow,incast3,5,1024,2000,4,3,18,273180,,0,2,contention_incast3_s0_d0_b1024_r2000_w4_c5,contention,0,0,136.59
rma_flow,incast3,5,1024,2000,4,3,19,273096,,0,2,contention_incast3_s0_d0_b1024_r2000_w4_c5,contention,0,0,136.548
rma_flow,incast3,5,1024,2000,4,3,26,273153,,0,2,contention_incast3_s0_d0_b1024_r2000_w4_c5,contention,0,0,136.5765
rma_flow,incast3,5,1024,2000,4,3,27,273197,,0,2,contention_incast3_s0_d0_b1024_r2000_w4_c5,contention,0,0,136.5985
rma_flow,pair,0,1024,2000,1,1,0,310042,,0,2,bandwidth_pair_s0_d9_b1024_r2000_w1_c0,bandwidth,0,9,155.021
rma_flow,pair,0,1024,2000,1,1,9,310004,,0,2,bandwidth_pair_s0_d9_b1024_r2000_w1_c0,bandwidth,0,9,155.002
rma_flow,pair,0,32,2000,16,1,0,123042,,0,2,bandwidth_pair_s0_d7_b32_r2000_w16_c0,bandwidth,0,7,61.521
rma_flow,pair,0,32,2000,16,1,7,123010,,0,2,bandwidth_pair_s0_d7_b32_r2000_w16_c0,bandwidth,0,7,61.505
rma_flow,pair,0,16384,2000,4,1,0,1338041,,0,2,bandwidth_pair_s0_d8_b16384_r2000_w4_c0,bandwidth,0,8,669.0205
rma_flow,pair,0,16384,2000,4,1,8,1338014,,0,2,bandwidth_pair_s0_d8_b16384_r2000_w4_c0,bandwidth,0,8,669.007
rma_flow,pair,0,16384,2000,2,1,9,1394043,,0,2,bandwidth_pair_s9_d18_b16384_r2000_w2_c0,bandwidth,9,18,697.0215
rma_flow,pair,0,16384,2000,2,1,18,1394024,,0,2,bandwidth_pair_s9_d18_b16384_r2000_w2_c0,bandwidth,9,18,697.012
rma_flow,pair,0,8,2000,2,1,1,172043,,0,2,bandwidth_pair_s1_d2_b8_r2000_w2_c0,bandwidth,1,2,86.0215
rma_flow,pair,0,8,2000,2,1,2,172022,,0,2,bandwidth_pair_s1_d2_b8_r2000_w2_c0,bandwidth,1,2,86.011
rma_flow,pair,0,16,2000,4,1,0,144043,,0,2,bandwidth_pair_s0_d56_b16_r2000_w4_c0,bandwidth,0,56,72.0215
rma_flow,pair,0,16,2000,4,1,56,144011,,0,2,bandwidth_pair_s0_d56_b16_r2000_w4_c0,bandwidth,0,56,72.0055
rma_flow,pair,0,256,2000,8,1,0,135043,,0,2,bandwidth_pair_s0_d1_b256_r2000_w8_c0,bandwidth,0,1,67.5215
rma_flow,pair,0,256,2000,8,1,1,135020,,0,2,bandwidth_pair_s0_d1_b256_r2000_w8_c0,bandwidth,0,1,67.51
rma_flow,pair,0,128,2000,2,1,8,180041,,0,2,bandwidth_pair_s8_d16_b128_r2000_w2_c0,bandwidth,8,16,90.0205
rma_flow,pair,0,128,2000,2,1,16,180019,,0,2,bandwidth_pair_s8_d16_b128_r2000_w2_c0,bandwidth,8,16,90.0095
rma_flow,pair,0,16,2000,8,1,0,130043,,0,2,bandwidth_pair_s0_d63_b16_r2000_w8_c0,bandwidth,0,63,65.0215
rma_flow,pair,0,16,2000,8,1,63,129998,,0,2,bandwidth_pair_s0_d63_b16_r2000_w8_c0,bandwidth,0,63,64.999
rma_flow,pair,0,32,2000,16,1,0,123043,,0,2,bandwidth_pair_s0_d56_b32_r2000_w16_c0,bandwidth,0,56,61.5215
rma_flow,pair,0,32,2000,16,1,56,123011,,0,2,bandwidth_pair_s0_d56_b32_r2000_w16_c0,bandwidth,0,56,61.5055
rma_flow,pair,0,32,2000,16,1,0,123042,,0,2,bandwidth_pair_s0_d1_b32_r2000_w16_c0,bandwidth,0,1,61.521
rma_flow,pair,0,32,2000,16,1,1,123013,,0,2,bandwidth_pair_s0_d1_b32_r2000_w16_c0,bandwidth,0,1,61.5065
rma_flow,pair,0,256,2000,8,1,0,135042,,0,2,bandwidth_pair_s0_d63_b256_r2000_w8_c0,bandwidth,0,63,67.521
rma_flow,pair,0,256,2000,8,1,63,135002,,0,2,bandwidth_pair_s0_d63_b256_r2000_w8_c0,bandwidth,0,63,67.501
rma_flow,pair,0,128,2000,2,1,0,180042,,0,2,bandwidth_pair_s0_d56_b128_r2000_w2_c0,bandwidth,0,56,90.021
rma_flow,pair,0,128,2000,2,1,56,180011,,0,2,bandwidth_pair_s0_d56_b128_r2000_w2_c0,bandwidth,0,56,90.0055
rma_flow,pair,0,1024,2000,8,1,8,147542,,0,2,bandwidth_pair_s8_d16_b1024_r2000_w8_c0,bandwidth,8,16,73.771
rma_flow,pair,0,1024,2000,8,1,16,147521,,0,2,bandwidth_pair_s8_d16_b1024_r2000_w8_c0,bandwidth,8,16,73.7605
rma_flow,pair,0,32768,2000,2,1,0,2676041,,0,2,bandwidth_pair_s0_d7_b32768_r2000_w2_c0,bandwidth,0,7,1338.0205
rma_flow,pair,0,32768,2000,2,1,7,2676013,,0,2,bandwidth_pair_s0_d7_b32768_r2000_w2_c0,bandwidth,0,7,1338.0065
rma_flow,pair,0,16,2000,8,1,0,130042,,0,2,bandwidth_pair_s0_d7_b16_r2000_w8_c0,bandwidth,0,7,65.021
rma_flow,pair,0,16,2000,8,1,7,130010,,0,2,bandwidth_pair_s0_d7_b16_r2000_w8_c0,bandwidth,0,7,65.005
rma_flow,intra2,15,64,2000,1,2,54,248042,,0,2,contention_intra2_s0_d0_b64_r2000_w1_c15,contention,0,0,124.021
rma_flow,intra2,15,64,2000,1,2,55,248020,,0,2,contention_intra2_s0_d0_b64_r2000_w1_c15,contention,0,0,124.01
rma_flow,intra2,15,64,2000,1,2,62,277090,,0,2,contention_intra2_s0_d0_b64_r2000_w1_c15,contention,0,0,138.545
rma_flow,intra2,15,64,2000,1,2,63,277076,,0,2,contention_intra2_s0_d0_b64_r2000_w1_c15,contention,0,0,138.538
rma_flow,pair,0,4096,2000,1,1,1,548042,,0,2,bandwidth_pair_s1_d2_b4096_r2000_w1_c0,bandwidth,1,2,274.021
rma_flow,pair,0,4096,2000,1,1,2,548024,,0,2,bandwidth_pair_s1_d2_b4096_r2000_w1_c0,bandwidth,1,2,274.012
rma_flow,pair,0,4096,2000,16,1,0,336293,,0,2,bandwidth_pair_s0_d63_b4096_r2000_w16_c0,bandwidth,0,63,168.1465
rma_flow,pair,0,4096,2000,16,1,63,336251,,0,2,bandwidth_pair_s0_d63_b4096_r2000_w16_c0,bandwidth,0,63,168.1255
rma_flow,pair,0,8,2000,1,1,1,228042,,0,2,bandwidth_pair_s1_d2_b8_r2000_w1_c0,bandwidth,1,2,114.021
rma_flow,pair,0,8,2000,1,1,2,228021,,0,2,bandwidth_pair_s1_d2_b8_r2000_w1_c0,bandwidth,1,2,114.0105
rma_flow,pair,0,256,2000,2,1,0,180042,,0,2,bandwidth_pair_s0_d9_b256_r2000_w2_c0,bandwidth,0,9,90.021
rma_flow,pair,0,256,2000,2,1,9,180011,,0,2,bandwidth_pair_s0_d9_b256_r2000_w2_c0,bandwidth,0,9,90.0055
rma_flow,pair,0,16,2000,8,1,0,130043,,0,2,bandwidth_pair_s0_d9_b16_r2000_w8_c0,bandwidth,0,9,65.0215
rma_flow,pair,0,16,2000,8,1,9,130005,,0,2,bandwidth_pair_s0_d9_b16_r2000_w8_c0,bandwidth,0,9,65.0025
rma_flow,pair,0,32,2000,4,1,0,144043,,0,2,bandwidth_pair_s0_d56_b32_r2000_w4_c0,bandwidth,0,56,72.0215
rma_flow,pair,0,32,2000,4,1,56,144011,,0,2,bandwidth_pair_s0_d56_b32_r2000_w4_c0,bandwidth,0,56,72.0055
rma_flow,pair,0,16,2000,2,1,0,172043,,0,2,bandwidth_pair_s0_d1_b16_r2000_w2_c0,bandwidth,0,1,86.0215
rma_flow,pair,0,16,2000,2,1,1,172014,,0,2,bandwidth_pair_s0_d1_b16_r2000_w2_c0,bandwidth,0,1,86.007
rma_flow,alltoall4,15,1024,2000,4,12,54,1026130,,0,2,contention_alltoall4_s0_d0_b1024_r2000_w4_c15,contention,0,0,513.065
rma_flow,alltoall4,15,1024,2000,4,12,55,1026174,,0,2,contention_alltoall4_s0_d0_b1024_r2000_w4_c15,contention,0,0,513.087
rma_flow,alltoall4,15,1024,2000,4,12,62,1026212,,0,2,contention_alltoall4_s0_d0_b1024_r2000_w4_c15,contention,0,0,513.106
rma_flow,alltoall4,15,1024,2000,4,12,63,1026241,,0,2,contention_alltoall4_s0_d0_b1024_r2000_w4_c15,contention,0,0,513.1205
rma_flow,pair,0,4096,2000,16,1,0,336542,,0,2,bandwidth_pair_s0_d8_b4096_r2000_w16_c0,bandwidth,0,8,168.271
rma_flow,pair,0,4096,2000,16,1,8,336515,,0,2,bandwidth_pair_s0_d8_b4096_r2000_w16_c0,bandwidth,0,8,168.2575
rma_flow,split_side2,5,64,2000,1,2,18,248042,,0,2,contention_split_side2_s0_d0_b64_r2000_w1_c5,contention,0,0,124.021
rma_flow,split_side2,5,64,2000,1,2,19,248017,,0,2,contention_split_side2_s0_d0_b64_r2000_w1_c5,contention,0,0,124.0085
rma_flow,split_side2,5,64,2000,1,2,20,276042,,0,2,contention_split_side2_s0_d0_b64_r2000_w1_c5,contention,0,0,138.021
rma_flow,split_side2,5,64,2000,1,2,21,276030,,0,2,contention_split_side2_s0_d0_b64_r2000_w1_c5,contention,0,0,138.015
rma_flow,pair,0,128,2000,8,1,8,135042,,0,2,bandwidth_pair_s8_d16_b128_r2000_w8_c0,bandwidth,8,16,67.521
rma_flow,pair,0,128,2000,8,1,16,135023,,0,2,bandwidth_pair_s8_d16_b128_r2000_w8_c0,bandwidth,8,16,67.5115
rma_flow,pair,0,128,2000,2,1,0,180042,,0,2,bandwidth_pair_s0_d8_b128_r2000_w2_c0,bandwidth,0,8,90.021
rma_flow,pair,0,128,2000,2,1,8,180011,,0,2,bandwidth_pair_s0_d8_b128_r2000_w2_c0,bandwidth,0,8,90.0055
rma_flow,pair,0,256,2000,4,1,0,150043,,0,2,bandwidth_pair_s0_d8_b256_r2000_w4_c0,bandwidth,0,8,75.0215
rma_flow,pair,0,256,2000,4,1,8,150016,,0,2,bandwidth_pair_s0_d8_b256_r2000_w4_c0,bandwidth,0,8,75.008
rma_flow,pair,0,32,2000,1,1,0,228041,,0,2,bandwidth_pair_s0_d1_b32_r2000_w1_c0,bandwidth,0,1,114.0205
rma_flow,pair,0,32,2000,1,1,1,228012,,0,2,bandwidth_pair_s0_d1_b32_r2000_w1_c0,bandwidth,0,1,114.006
rma_flow,ring4,5,1024,2000,1,4,18,474900,,0,2,contention_ring4_s0_d0_b1024_r2000_w1_c5,contention,0,0,237.45
rma_flow,ring4,5,1024,2000,1,4,19,421840,,0,2,contention_ring4_s0_d0_b1024_r2000_w1_c5,contention,0,0,210.92
rma_flow,ring4,5,1024,2000,1,4,26,474928,,0,2,contention_ring4_s0_d0_b1024_r2000_w1_c5,contention,0,0,237.464
rma_flow,ring4,5,1024,2000,1,4,27,474509,,0,2,contention_ring4_s0_d0_b1024_r2000_w1_c5,contention,0,0,237.2545
rma_flow,intra2,10,64,2000,1,2,36,248042,,0,2,contention_intra2_s0_d0_b64_r2000_w1_c10,contention,0,0,124.021
rma_flow,intra2,10,64,2000,1,2,37,248020,,0,2,contention_intra2_s0_d0_b64_r2000_w1_c10,contention,0,0,124.01
rma_flow,intra2,10,64,2000,1,2,44,277090,,0,2,contention_intra2_s0_d0_b64_r2000_w1_c10,contention,0,0,138.545
rma_flow,intra2,10,64,2000,1,2,45,277076,,0,2,contention_intra2_s0_d0_b64_r2000_w1_c10,contention,0,0,138.538
rma_flow,pair,0,32,2000,4,1,0,144043,,0,2,bandwidth_pair_s0_d9_b32_r2000_w4_c0,bandwidth,0,9,72.0215
rma_flow,pair,0,32,2000,4,1,9,144005,,0,2,bandwidth_pair_s0_d9_b32_r2000_w4_c0,bandwidth,0,9,72.0025
rma_flow,pair,0,256,2000,16,1,0,127542,,0,2,bandwidth_pair_s0_d8_b256_r2000_w16_c0,bandwidth,0,8,63.771
rma_flow,pair,0,256,2000,16,1,8,127515,,0,2,bandwidth_pair_s0_d8_b256_r2000_w16_c0,bandwidth,0,8,63.7575
rma_flow,pair,0,256,2000,16,1,0,127542,,0,2,bandwidth_pair_s0_d63_b256_r2000_w16_c0,bandwidth,0,63,63.771
rma_flow,pair,0,256,2000,16,1,63,127503,,0,2,bandwidth_pair_s0_d63_b256_r2000_w16_c0,bandwidth,0,63,63.7515
rma_flow,pair,0,32,2000,1,1,0,228042,,0,2,bandwidth_pair_s0_d9_b32_r2000_w1_c0,bandwidth,0,9,114.021
rma_flow,pair,0,32,2000,1,1,9,228004,,0,2,bandwidth_pair_s0_d9_b32_r2000_w1_c0,bandwidth,0,9,114.002
rma_flow,pair,0,4096,2000,8,1,0,349543,,0,2,bandwidth_pair_s0_d7_b4096_r2000_w8_c0,bandwidth,0,7,174.7715
rma_flow,pair,0,4096,2000,8,1,7,349513,,0,2,bandwidth_pair_s0_d7_b4096_r2000_w8_c0,bandwidth,0,7,174.7565
rma_flow,pair,0,1024,2000,2,1,1,216042,,0,2,bandwidth_pair_s1_d2_b1024_r2000_w2_c0,bandwidth,1,2,108.021
rma_flow,pair,0,1024,2000,2,1,2,216025,,0,2,bandwidth_pair_s1_d2_b1024_r2000_w2_c0,bandwidth,1,2,108.0125
rma_flow,pair,0,16,2000,2,1,9,172043,,0,2,bandwidth_pair_s9_d18_b16_r2000_w2_c0,bandwidth,9,18,86.0215
rma_flow,pair,0,16,2000,2,1,18,172021,,0,2,bandwidth_pair_s9_d18_b16_r2000_w2_c0,bandwidth,9,18,86.0105
rma_flow,pair,0,32,2000,8,1,8,130043,,0,2,bandwidth_pair_s8_d16_b32_r2000_w8_c0,bandwidth,8,16,65.0215
rma_flow,pair,0,32,2000,8,1,16,130023,,0,2,bandwidth_pair_s8_d16_b32_r2000_w8_c0,bandwidth,8,16,65.0115
rma_flow,pair,0,32,2000,4,1,0,144042,,0,2,bandwidth_pair_s0_d8_b32_r2000_w4_c0,bandwidth,0,8,72.021
rma_flow,pair,0,32,2000,4,1,8,144013,,0,2,bandwidth_pair_s0_d8_b32_r2000_w4_c0,bandwidth,0,8,72.0065
rma_flow,split_side2,0,1024,2000,4,2,0,204041,,0,2,contention_split_side2_s0_d0_b1024_r2000_w4_c0,contention,0,0,102.0205
rma_flow,split_side2,0,1024,2000,4,2,1,204013,,0,2,contention_split_side2_s0_d0_b1024_r2000_w4_c0,contention,0,0,102.0065
rma_flow,split_side2,0,1024,2000,4,2,2,218042,,0,2,contention_split_side2_s0_d0_b1024_r2000_w4_c0,contention,0,0,109.021
rma_flow,split_side2,0,1024,2000,4,2,3,218026,,0,2,contention_split_side2_s0_d0_b1024_r2000_w4_c0,contention,0,0,109.013
rma_flow,pair,0,16384,2000,2,1,8,1394042,,0,2,bandwidth_pair_s8_d16_b16384_r2000_w2_c0,bandwidth,8,16,697.021
rma_flow,pair,0,16384,2000,2,1,16,1394025,,0,2,bandwidth_pair_s8_d16_b16384_r2000_w2_c0,bandwidth,8,16,697.0125
rma_flow,pair,0,8,2000,16,1,9,123043,,0,2,bandwidth_pair_s9_d18_b8_r2000_w16_c0,bandwidth,9,18,61.5215
rma_flow,pair,0,8,2000,16,1,18,123021,,0,2,bandwidth_pair_s9_d18_b8_r2000_w16_c0,bandwidth,9,18,61.5105
rma_flow,split_near2,15,1024,2000,1,2,38,360042,,0,2,contention_split_near2_s0_d0_b1024_r2000_w1_c15,contention,0,0,180.021
rma_flow,split_near2,15,1024,2000,1,2,39,360022,,0,2,contention_split_near2_s0_d0_b1024_r2000_w1_c15,contention,0,0,180.011
rma_flow,split_near2,15,1024,2000,1,2,54,306042,,0,2,contention_split_near2_s0_d0_b1024_r2000_w1_c15,contention,0,0,153.021
rma_flow,split_near2,15,1024,2000,1,2,55,306028,,0,2,contention_split_near2_s0_d0_b1024_r2000_w1_c15,contention,0,0,153.014
rma_flow,pair,0,32,2000,2,1,0,172042,,0,2,bandwidth_pair_s0_d63_b32_r2000_w2_c0,bandwidth,0,63,86.021
rma_flow,pair,0,32,2000,2,1,63,171997,,0,2,bandwidth_pair_s0_d63_b32_r2000_w2_c0,bandwidth,0,63,85.9985
rma_flow,pair,0,4096,2000,1,1,8,548042,,0,2,bandwidth_pair_s8_d16_b4096_r2000_w1_c0,bandwidth,8,16,274.021
rma_flow,pair,0,4096,2000,1,1,16,548025,,0,2,bandwidth_pair_s8_d16_b4096_r2000_w1_c0,bandwidth,8,16,274.0125
rma_flow,incast3,0,64,2000,1,3,0,328797,,0,2,contention_incast3_s0_d0_b64_r2000_w1_c0,contention,0,0,164.3985
rma_flow,incast3,0,64,2000,1,3,1,298042,,0,2,contention_incast3_s0_d0_b64_r2000_w1_c0,contention,0,0,149.021
rma_flow,incast3,0,64,2000,1,3,8,298042,,0,2,contention_incast3_s0_d0_b64_r2000_w1_c0,contention,0,0,149.021
rma_flow,incast3,0,64,2000,1,3,9,328791,,0,2,contention_incast3_s0_d0_b64_r2000_w1_c0,contention,0,0,164.3955
rma_flow,single,0,64,2000,4,1,0,144041,,0,2,contention_single_s0_d0_b64_r2000_w4_c0,contention,0,0,72.0205
rma_flow,single,0,64,2000,4,1,1,144014,,0,2,contention_single_s0_d0_b64_r2000_w4_c0,contention,0,0,72.007
rma_flow,split_far2,5,1024,2000,1,2,18,306042,,0,2,contention_split_far2_s0_d0_b1024_r2000_w1_c5,contention,0,0,153.021
rma_flow,split_far2,5,1024,2000,1,2,19,306027,,0,2,contention_split_far2_s0_d0_b1024_r2000_w1_c5,contention,0,0,153.0135
rma_flow,split_far2,5,1024,2000,1,2,50,360042,,0,2,contention_split_far2_s0_d0_b1024_r2000_w1_c5,contention,0,0,180.021
rma_flow,split_far2,5,1024,2000,1,2,51,360023,,0,2,contention_split_far2_s0_d0_b1024_r2000_w1_c5,contention,0,0,180.0115
rma_flow,pair,0,32,2000,16,1,0,123043,,0,2,bandwidth_pair_s0_d63_b32_r2000_w16_c0,bandwidth,0,63,61.5215
rma_flow,pair,0,32,2000,16,1,63,122998,,0,2,bandwidth_pair_s0_d63_b32_r2000_w16_c0,bandwidth,0,63,61.499
rma_flow,intra2,0,1024,2000,4,2,0,218008,,0,2,contention_intra2_s0_d0_b1024_r2000_w4_c0,contention,0,0,109.004
rma_flow,intra2,0,1024,2000,4,2,1,217983,,0,2,contention_intra2_s0_d0_b1024_r2000_w4_c0,contention,0,0,108.9915
rma_flow,intra2,0,1024,2000,4,2,8,218041,,0,2,contention_intra2_s0_d0_b1024_r2000_w4_c0,contention,0,0,109.0205
rma_flow,intra2,0,1024,2000,4,2,9,218015,,0,2,contention_intra2_s0_d0_b1024_r2000_w4_c0,contention,0,0,109.0075
rma_flow,incast3,0,64,2000,4,3,0,244303,,0,2,contention_incast3_s0_d0_b64_r2000_w4_c0,contention,0,0,122.1515
rma_flow,incast3,0,64,2000,4,3,1,236592,,0,2,contention_incast3_s0_d0_b64_r2000_w4_c0,contention,0,0,118.296
rma_flow,incast3,0,64,2000,4,3,8,237103,,0,2,contention_incast3_s0_d0_b64_r2000_w4_c0,contention,0,0,118.5515
rma_flow,incast3,0,64,2000,4,3,9,244301,,0,2,contention_incast3_s0_d0_b64_r2000_w4_c0,contention,0,0,122.1505
rma_flow,pair,0,64,2000,8,1,0,130042,,0,2,bandwidth_pair_s0_d56_b64_r2000_w8_c0,bandwidth,0,56,65.021
rma_flow,pair,0,64,2000,8,1,56,130012,,0,2,bandwidth_pair_s0_d56_b64_r2000_w8_c0,bandwidth,0,56,65.006
rma_flow,pair,0,64,2000,1,1,0,228041,,0,2,bandwidth_pair_s0_d8_b64_r2000_w1_c0,bandwidth,0,8,114.0205
rma_flow,pair,0,64,2000,1,1,8,228014,,0,2,bandwidth_pair_s0_d8_b64_r2000_w1_c0,bandwidth,0,8,114.007
rma_flow,pair,0,16,2000,16,1,0,123043,,0,2,bandwidth_pair_s0_d9_b16_r2000_w16_c0,bandwidth,0,9,61.5215
rma_flow,pair,0,16,2000,16,1,9,123005,,0,2,bandwidth_pair_s0_d9_b16_r2000_w16_c0,bandwidth,0,9,61.5025
rma_flow,incast3,0,1024,2000,1,3,0,420075,,0,2,contention_incast3_s0_d0_b1024_r2000_w1_c0,contention,0,0,210.0375
rma_flow,incast3,0,1024,2000,1,3,1,355143,,0,2,contention_incast3_s0_d0_b1024_r2000_w1_c0,contention,0,0,177.5715
rma_flow,incast3,0,1024,2000,1,3,8,419718,,0,2,contention_incast3_s0_d0_b1024_r2000_w1_c0,contention,0,0,209.859
rma_flow,incast3,0,1024,2000,1,3,9,420077,,0,2,contention_incast3_s0_d0_b1024_r2000_w1_c0,contention,0,0,210.0385
rma_flow,pair,0,8,2000,2,1,0,172043,,0,2,bandwidth_pair_s0_d8_b8_r2000_w2_c0,bandwidth,0,8,86.0215
rma_flow,pair,0,8,2000,2,1,8,172014,,0,2,bandwidth_pair_s0_d8_b8_r2000_w2_c0,bandwidth,0,8,86.007
rma_flow,pair,0,64,2000,4,1,0,144042,,0,2,bandwidth_pair_s0_d7_b64_r2000_w4_c0,bandwidth,0,7,72.021
rma_flow,pair,0,64,2000,4,1,7,144012,,0,2,bandwidth_pair_s0_d7_b64_r2000_w4_c0,bandwidth,0,7,72.006
rma_flow,pair,0,64,2000,8,1,9,130042,,0,2,bandwidth_pair_s9_d18_b64_r2000_w8_c0,bandwidth,9,18,65.021
rma_flow,pair,0,64,2000,8,1,18,130022,,0,2,bandwidth_pair_s9_d18_b64_r2000_w8_c0,bandwidth,9,18,65.011
rma_flow,pair,0,16384,2000,4,1,1,1337042,,0,2,bandwidth_pair_s1_d2_b16384_r2000_w4_c0,bandwidth,1,2,668.521
rma_flow,pair,0,16384,2000,4,1,2,1337025,,0,2,bandwidth_pair_s1_d2_b16384_r2000_w4_c0,bandwidth,1,2,668.5125
rma_flow,pair,0,32,2000,8,1,0,130042,,0,2,bandwidth_pair_s0_d1_b32_r2000_w8_c0,bandwidth,0,1,65.021
rma_flow,pair,0,32,2000,8,1,1,130013,,0,2,bandwidth_pair_s0_d1_b32_r2000_w8_c0,bandwidth,0,1,65.0065
rma_flow,pair,0,1024,2000,1,1,1,310042,,0,2,bandwidth_pair_s1_d2_b1024_r2000_w1_c0,bandwidth,1,2,155.021
rma_flow,pair,0,1024,2000,1,1,2,310025,,0,2,bandwidth_pair_s1_d2_b1024_r2000_w1_c0,bandwidth,1,2,155.0125
rma_flow,ring4,10,1024,2000,4,4,36,359273,,0,2,contention_ring4_s0_d0_b1024_r2000_w4_c10,contention,0,0,179.6365
rma_flow,ring4,10,1024,2000,4,4,37,357973,,0,2,contention_ring4_s0_d0_b1024_r2000_w4_c10,contention,0,0,178.9865
rma_flow,ring4,10,1024,2000,4,4,44,359306,,0,2,contention_ring4_s0_d0_b1024_r2000_w4_c10,contention,0,0,179.653
rma_flow,ring4,10,1024,2000,4,4,45,358704,,0,2,contention_ring4_s0_d0_b1024_r2000_w4_c10,contention,0,0,179.352
rma_flow,pair,0,4096,2000,2,1,0,436042,,0,2,bandwidth_pair_s0_d9_b4096_r2000_w2_c0,bandwidth,0,9,218.021
rma_flow,pair,0,4096,2000,2,1,9,436008,,0,2,bandwidth_pair_s0_d9_b4096_r2000_w2_c0,bandwidth,0,9,218.004
rma_flow,pair,0,8,2000,16,1,0,123043,,0,2,bandwidth_pair_s0_d8_b8_r2000_w16_c0,bandwidth,0,8,61.5215
rma_flow,pair,0,8,2000,16,1,8,123014,,0,2,bandwidth_pair_s0_d8_b8_r2000_w16_c0,bandwidth,0,8,61.507
rma_flow,intra2,0,64,2000,4,2,0,188041,,0,2,contention_intra2_s0_d0_b64_r2000_w4_c0,contention,0,0,94.0205
rma_flow,intra2,0,64,2000,4,2,1,188007,,0,2,contention_intra2_s0_d0_b64_r2000_w4_c0,contention,0,0,94.0035
rma_flow,intra2,0,64,2000,4,2,8,195271,,0,2,contention_intra2_s0_d0_b64_r2000_w4_c0,contention,0,0,97.6355
rma_flow,intra2,0,64,2000,4,2,9,195247,,0,2,contention_intra2_s0_d0_b64_r2000_w4_c0,contention,0,0,97.6235
rma_flow,split_near2,10,1024,2000,4,2,36,204042,,0,2,contention_split_near2_s0_d0_b1024_r2000_w4_c10,contention,0,0,102.021
rma_flow,split_near2,10,1024,2000,4,2,37,204025,,0,2,contention_split_near2_s0_d0_b1024_r2000_w4_c10,contention,0,0,102.0125
rma_flow,split_near2,10,1024,2000,4,2,52,218042,,0,2,contention_split_near2_s0_d0_b1024_r2000_w4_c10,contention,0,0,109.021
rma_flow,split_near2,10,1024,2000,4,2,53,218026,,0,2,contention_split_near2_s0_d0_b1024_r2000_w4_c10,contention,0,0,109.013
rma_flow,pair,0,256,2000,2,1,9,180043,,0,2,bandwidth_pair_s9_d18_b256_r2000_w2_c0,bandwidth,9,18,90.0215
rma_flow,pair,0,256,2000,2,1,18,180024,,0,2,bandwidth_pair_s9_d18_b256_r2000_w2_c0,bandwidth,9,18,90.012
rma_flow,ring4,10,64,2000,1,4,36,377049,,0,2,contention_ring4_s0_d0_b64_r2000_w1_c10,contention,0,0,188.5245
rma_flow,ring4,10,64,2000,1,4,37,348056,,0,2,contention_ring4_s0_d0_b64_r2000_w1_c10,contention,0,0,174.028
rma_flow,ring4,10,64,2000,1,4,44,377078,,0,2,contention_ring4_s0_d0_b64_r2000_w1_c10,contention,0,0,188.539
rma_flow,ring4,10,64,2000,1,4,45,348058,,0,2,contention_ring4_s0_d0_b64_r2000_w1_c10,contention,0,0,174.029
rma_flow,pair,0,16,2000,8,1,0,130042,,0,2,bandwidth_pair_s0_d8_b16_r2000_w8_c0,bandwidth,0,8,65.021
rma_flow,pair,0,16,2000,8,1,8,130013,,0,2,bandwidth_pair_s0_d8_b16_r2000_w8_c0,bandwidth,0,8,65.0065
rma_flow,split_near2,5,64,2000,1,2,18,248042,,0,2,contention_split_near2_s0_d0_b64_r2000_w1_c5,contention,0,0,124.021
rma_flow,split_near2,5,64,2000,1,2,19,248017,,0,2,contention_split_near2_s0_d0_b64_r2000_w1_c5,contention,0,0,124.0085
rma_flow,split_near2,5,64,2000,1,2,34,276043,,0,2,contention_split_near2_s0_d0_b64_r2000_w1_c5,contention,0,0,138.0215
rma_flow,split_near2,5,64,2000,1,2,35,276029,,0,2,contention_split_near2_s0_d0_b64_r2000_w1_c5,contention,0,0,138.0145
rma_flow,pair,0,32,2000,16,1,1,123042,,0,2,bandwidth_pair_s1_d2_b32_r2000_w16_c0,bandwidth,1,2,61.521
rma_flow,pair,0,32,2000,16,1,2,123021,,0,2,bandwidth_pair_s1_d2_b32_r2000_w16_c0,bandwidth,1,2,61.5105
rma_flow,pair,0,256,2000,1,1,1,240043,,0,2,bandwidth_pair_s1_d2_b256_r2000_w1_c0,bandwidth,1,2,120.0215
rma_flow,pair,0,256,2000,1,1,2,240025,,0,2,bandwidth_pair_s1_d2_b256_r2000_w1_c0,bandwidth,1,2,120.0125
rma_flow,pair,0,32,2000,8,1,0,130043,,0,2,bandwidth_pair_s0_d8_b32_r2000_w8_c0,bandwidth,0,8,65.0215
rma_flow,pair,0,32,2000,8,1,8,130014,,0,2,bandwidth_pair_s0_d8_b32_r2000_w8_c0,bandwidth,0,8,65.007
rma_flow,pair,0,1024,2000,2,1,0,216043,,0,2,bandwidth_pair_s0_d1_b1024_r2000_w2_c0,bandwidth,0,1,108.0215
rma_flow,pair,0,1024,2000,2,1,1,216018,,0,2,bandwidth_pair_s0_d1_b1024_r2000_w2_c0,bandwidth,0,1,108.009
rma_flow,pair,0,64,2000,1,1,9,228042,,0,2,bandwidth_pair_s9_d18_b64_r2000_w1_c0,bandwidth,9,18,114.021
rma_flow,pair,0,64,2000,1,1,18,228022,,0,2,bandwidth_pair_s9_d18_b64_r2000_w1_c0,bandwidth,9,18,114.011
rma_flow,pair,0,4096,2000,4,1,0,378042,,0,2,bandwidth_pair_s0_d1_b4096_r2000_w4_c0,bandwidth,0,1,189.021
rma_flow,pair,0,4096,2000,4,1,1,378018,,0,2,bandwidth_pair_s0_d1_b4096_r2000_w4_c0,bandwidth,0,1,189.009
rma_flow,split_side2,10,1024,2000,4,2,36,204041,,0,2,contention_split_side2_s0_d0_b1024_r2000_w4_c10,contention,0,0,102.0205
rma_flow,split_side2,10,1024,2000,4,2,37,204024,,0,2,contention_split_side2_s0_d0_b1024_r2000_w4_c10,contention,0,0,102.012
rma_flow,split_side2,10,1024,2000,4,2,38,218041,,0,2,contention_split_side2_s0_d0_b1024_r2000_w4_c10,contention,0,0,109.0205
rma_flow,split_side2,10,1024,2000,4,2,39,218025,,0,2,contention_split_side2_s0_d0_b1024_r2000_w4_c10,contention,0,0,109.0125
rma_flow,pair,0,8,2000,8,1,0,130043,,0,2,bandwidth_pair_s0_d56_b8_r2000_w8_c0,bandwidth,0,56,65.0215
rma_flow,pair,0,8,2000,8,1,56,130011,,0,2,bandwidth_pair_s0_d56_b8_r2000_w8_c0,bandwidth,0,56,65.0055
rma_flow,alltoall4,10,1024,2000,1,12,36,1196152,,0,2,contention_alltoall4_s0_d0_b1024_r2000_w1_c10,contention,0,0,598.076
rma_flow,alltoall4,10,1024,2000,1,12,37,1196196,,0,2,contention_alltoall4_s0_d0_b1024_r2000_w1_c10,contention,0,0,598.098
rma_flow,alltoall4,10,1024,2000,1,12,44,1196234,,0,2,contention_alltoall4_s0_d0_b1024_r2000_w1_c10,contention,0,0,598.117
rma_flow,alltoall4,10,1024,2000,1,12,45,1196264,,0,2,contention_alltoall4_s0_d0_b1024_r2000_w1_c10,contention,0,0,598.132
rma_flow,pair,0,256,2000,2,1,0,180042,,0,2,bandwidth_pair_s0_d56_b256_r2000_w2_c0,bandwidth,0,56,90.021
rma_flow,pair,0,256,2000,2,1,56,180017,,0,2,bandwidth_pair_s0_d56_b256_r2000_w2_c0,bandwidth,0,56,90.0085
rma_flow,ring4,5,64,2000,1,4,18,377049,,0,2,contention_ring4_s0_d0_b64_r2000_w1_c5,contention,0,0,188.5245
rma_flow,ring4,5,64,2000,1,4,19,348056,,0,2,contention_ring4_s0_d0_b64_r2000_w1_c5,contention,0,0,174.028
rma_flow,ring4,5,64,2000,1,4,26,377078,,0,2,contention_ring4_s0_d0_b64_r2000_w1_c5,contention,0,0,188.539
rma_flow,ring4,5,64,2000,1,4,27,348058,,0,2,contention_ring4_s0_d0_b64_r2000_w1_c5,contention,0,0,174.029
rma_flow,split_near2,15,64,2000,1,2,38,276042,,0,2,contention_split_near2_s0_d0_b64_r2000_w1_c15,contention,0,0,138.021
rma_flow,split_near2,15,64,2000,1,2,39,276030,,0,2,contention_split_near2_s0_d0_b64_r2000_w1_c15,contention,0,0,138.015
rma_flow,split_near2,15,64,2000,1,2,54,248042,,0,2,contention_split_near2_s0_d0_b64_r2000_w1_c15,contention,0,0,124.021
rma_flow,split_near2,15,64,2000,1,2,55,248017,,0,2,contention_split_near2_s0_d0_b64_r2000_w1_c15,contention,0,0,124.0085
rma_flow,pair,0,8,2000,4,1,8,144042,,0,2,bandwidth_pair_s8_d16_b8_r2000_w4_c0,bandwidth,8,16,72.021
rma_flow,pair,0,8,2000,4,1,16,144022,,0,2,bandwidth_pair_s8_d16_b8_r2000_w4_c0,bandwidth,8,16,72.011
rma_flow,split_near2,15,1024,2000,4,2,38,218041,,0,2,contention_split_near2_s0_d0_b1024_r2000_w4_c15,contention,0,0,109.0205
rma_flow,split_near2,15,1024,2000,4,2,39,218025,,0,2,contention_split_near2_s0_d0_b1024_r2000_w4_c15,contention,0,0,109.0125
rma_flow,split_near2,15,1024,2000,4,2,54,204041,,0,2,contention_split_near2_s0_d0_b1024_r2000_w4_c15,contention,0,0,102.0205
rma_flow,split_near2,15,1024,2000,4,2,55,204024,,0,2,contention_split_near2_s0_d0_b1024_r2000_w4_c15,contention,0,0,102.012
rma_flow,pair,0,32768,2000,1,1,0,2788042,,0,2,bandwidth_pair_s0_d63_b32768_r2000_w1_c0,bandwidth,0,63,1394.021
rma_flow,pair,0,32768,2000,1,1,63,2787997,,0,2,bandwidth_pair_s0_d63_b32768_r2000_w1_c0,bandwidth,0,63,1393.9985
rma_flow,pair,0,1024,2000,2,1,8,216042,,0,2,bandwidth_pair_s8_d16_b1024_r2000_w2_c0,bandwidth,8,16,108.021
rma_flow,pair,0,1024,2000,2,1,16,216026,,0,2,bandwidth_pair_s8_d16_b1024_r2000_w2_c0,bandwidth,8,16,108.013
rma_flow,pair,0,64,2000,4,1,8,144042,,0,2,bandwidth_pair_s8_d16_b64_r2000_w4_c0,bandwidth,8,16,72.021
rma_flow,pair,0,64,2000,4,1,16,144024,,0,2,bandwidth_pair_s8_d16_b64_r2000_w4_c0,bandwidth,8,16,72.012
rma_flow,ring4,0,1024,2000,1,4,0,475538,,0,2,contention_ring4_s0_d0_b1024_r2000_w1_c0,contention,0,0,237.769
rma_flow,ring4,0,1024,2000,1,4,1,421781,,0,2,contention_ring4_s0_d0_b1024_r2000_w1_c0,contention,0,0,210.8905
rma_flow,ring4,0,1024,2000,1,4,8,475559,,0,2,contention_ring4_s0_d0_b1024_r2000_w1_c0,contention,0,0,237.7795
rma_flow,ring4,0,1024,2000,1,4,9,474670,,0,2,contention_ring4_s0_d0_b1024_r2000_w1_c0,contention,0,0,237.335
rma_flow,pair,0,64,2000,2,1,0,172041,,0,2,bandwidth_pair_s0_d8_b64_r2000_w2_c0,bandwidth,0,8,86.0205
rma_flow,pair,0,64,2000,2,1,8,172014,,0,2,bandwidth_pair_s0_d8_b64_r2000_w2_c0,bandwidth,0,8,86.007
rma_flow,incast3,10,1024,2000,1,3,36,422217,,0,2,contention_incast3_s0_d0_b1024_r2000_w1_c10,contention,0,0,211.1085
rma_flow,incast3,10,1024,2000,1,3,37,355136,,0,2,contention_incast3_s0_d0_b1024_r2000_w1_c10,contention,0,0,177.568
rma_flow,incast3,10,1024,2000,1,3,44,415428,,0,2,contention_incast3_s0_d0_b1024_r2000_w1_c10,contention,0,0,207.714
rma_flow,incast3,10,1024,2000,1,3,45,422238,,0,2,contention_incast3_s0_d0_b1024_r2000_w1_c10,contention,0,0,211.119
rma_flow,pair,0,256,2000,16,1,0,127543,,0,2,bandwidth_pair_s0_d7_b256_r2000_w16_c0,bandwidth,0,7,63.7715
rma_flow,pair,0,256,2000,16,1,7,127517,,0,2,bandwidth_pair_s0_d7_b256_r2000_w16_c0,bandwidth,0,7,63.7585
rma_flow,split_near2,10,64,2000,4,2,36,188041,,0,2,contention_split_near2_s0_d0_b64_r2000_w4_c10,contention,0,0,94.0205
rma_flow,split_near2,10,64,2000,4,2,37,188017,,0,2,contention_split_near2_s0_d0_b64_r2000_w4_c10,contention,0,0,94.0085
rma_flow,split_near2,10,64,2000,4,2,52,195042,,0,2,contention_split_near2_s0_d0_b64_r2000_w4_c10,contention,0,0,97.521
rma_flow,split_near2,10,64,2000,4,2,53,195030,,0,2,contention_split_near2_s0_d0_b64_r2000_w4_c10,contention,0,0,97.515
rma_flow,pair,0,16,2000,16,1,8,123042,,0,2,bandwidth_pair_s8_d16_b16_r2000_w16_c0,bandwidth,8,16,61.521
rma_flow,pair,0,16,2000,16,1,16,123022,,0,2,bandwidth_pair_s8_d16_b16_r2000_w16_c0,bandwidth,8,16,61.511
rma_flow,pair,0,4096,2000,1,1,0,548042,,0,2,bandwidth_pair_s0_d56_b4096_r2000_w1_c0,bandwidth,0,56,274.021
rma_flow,pair,0,4096,2000,1,1,56,548010,,0,2,bandwidth_pair_s0_d56_b4096_r2000_w1_c0,bandwidth,0,56,274.005
rma_flow,split_far2,10,64,2000,4,2,4,195042,,0,2,contention_split_far2_s0_d0_b64_r2000_w4_c10,contention,0,0,97.521
rma_flow,split_far2,10,64,2000,4,2,5,195030,,0,2,contention_split_far2_s0_d0_b64_r2000_w4_c10,contention,0,0,97.515
rma_flow,split_far2,10,64,2000,4,2,36,188041,,0,2,contention_split_far2_s0_d0_b64_r2000_w4_c10,contention,0,0,94.0205
rma_flow,split_far2,10,64,2000,4,2,37,188017,,0,2,contention_split_far2_s0_d0_b64_r2000_w4_c10,contention,0,0,94.0085
rma_flow,pair,0,16384,2000,2,1,1,1394042,,0,2,bandwidth_pair_s1_d2_b16384_r2000_w2_c0,bandwidth,1,2,697.021
rma_flow,pair,0,16384,2000,2,1,2,1394024,,0,2,bandwidth_pair_s1_d2_b16384_r2000_w2_c0,bandwidth,1,2,697.012
rma_flow,pair,0,128,2000,1,1,0,240042,,0,2,bandwidth_pair_s0_d9_b128_r2000_w1_c0,bandwidth,0,9,120.021
rma_flow,pair,0,128,2000,1,1,9,240002,,0,2,bandwidth_pair_s0_d9_b128_r2000_w1_c0,bandwidth,0,9,120.001
rma_flow,ring4,10,64,2000,4,4,36,295775,,0,2,contention_ring4_s0_d0_b64_r2000_w4_c10,contention,0,0,147.8875
rma_flow,ring4,10,64,2000,4,4,37,287318,,0,2,contention_ring4_s0_d0_b64_r2000_w4_c10,contention,0,0,143.659
rma_flow,ring4,10,64,2000,4,4,44,295804,,0,2,contention_ring4_s0_d0_b64_r2000_w4_c10,contention,0,0,147.902
rma_flow,ring4,10,64,2000,4,4,45,288017,,0,2,contention_ring4_s0_d0_b64_r2000_w4_c10,contention,0,0,144.0085
rma_flow,pair,0,256,2000,1,1,8,240042,,0,2,bandwidth_pair_s8_d16_b256_r2000_w1_c0,bandwidth,8,16,120.021
rma_flow,pair,0,256,2000,1,1,16,240025,,0,2,bandwidth_pair_s8_d16_b256_r2000_w1_c0,bandwidth,8,16,120.0125
rma_flow,pair,0,1024,2000,2,1,0,216042,,0,2,bandwidth_pair_s0_d56_b1024_r2000_w2_c0,bandwidth,0,56,108.021
rma_flow,pair,0,1024,2000,2,1,56,216011,,0,2,bandwidth_pair_s0_d56_b1024_r2000_w2_c0,bandwidth,0,56,108.0055
rma_flow,pair,0,16,2000,4,1,9,144043,,0,2,bandwidth_pair_s9_d18_b16_r2000_w4_c0,bandwidth,9,18,72.0215
rma_flow,pair,0,16,2000,4,1,18,144021,,0,2,bandwidth_pair_s9_d18_b16_r2000_w4_c0,bandwidth,9,18,72.0105
rma_flow,pair,0,32,2000,4,1,8,144042,,0,2,bandwidth_pair_s8_d16_b32_r2000_w4_c0,bandwidth,8,16,72.021
rma_flow,pair,0,32,2000,4,1,16,144022,,0,2,bandwidth_pair_s8_d16_b32_r2000_w4_c0,bandwidth,8,16,72.011
rma_flow,pair,0,16,2000,8,1,1,130043,,0,2,bandwidth_pair_s1_d2_b16_r2000_w8_c0,bandwidth,1,2,65.0215
rma_flow,pair,0,16,2000,8,1,2,130022,,0,2,bandwidth_pair_s1_d2_b16_r2000_w8_c0,bandwidth,1,2,65.011
rma_flow,pair,0,4096,2000,4,1,8,378042,,0,2,bandwidth_pair_s8_d16_b4096_r2000_w4_c0,bandwidth,8,16,189.021
rma_flow,pair,0,4096,2000,4,1,16,378027,,0,2,bandwidth_pair_s8_d16_b4096_r2000_w4_c0,bandwidth,8,16,189.0135
rma_flow,pair,0,65536,2000,1,1,0,5350042,,0,2,bandwidth_pair_s0_d1_b65536_r2000_w1_c0,bandwidth,0,1,2675.021
rma_flow,pair,0,65536,2000,1,1,1,5350011,,0,2,bandwidth_pair_s0_d1_b65536_r2000_w1_c0,bandwidth,0,1,2675.0055
rma_flow,single,15,1024,2000,4,1,54,171043,,0,2,contention_single_s0_d0_b1024_r2000_w4_c15,contention,0,0,85.5215
rma_flow,single,15,1024,2000,4,1,55,171030,,0,2,contention_single_s0_d0_b1024_r2000_w4_c15,contention,0,0,85.515
rma_flow,split_side2,5,1024,2000,1,2,18,306042,,0,2,contention_split_side2_s0_d0_b1024_r2000_w1_c5,contention,0,0,153.021
rma_flow,split_side2,5,1024,2000,1,2,19,306027,,0,2,contention_split_side2_s0_d0_b1024_r2000_w1_c5,contention,0,0,153.0135
rma_flow,split_side2,5,1024,2000,1,2,20,360042,,0,2,contention_split_side2_s0_d0_b1024_r2000_w1_c5,contention,0,0,180.021
rma_flow,split_side2,5,1024,2000,1,2,21,360023,,0,2,contention_split_side2_s0_d0_b1024_r2000_w1_c5,contention,0,0,180.0115
rma_flow,pair,0,16384,2000,2,1,0,1396041,,0,2,bandwidth_pair_s0_d9_b16384_r2000_w2_c0,bandwidth,0,9,698.0205
rma_flow,pair,0,16384,2000,2,1,9,1396007,,0,2,bandwidth_pair_s0_d9_b16384_r2000_w2_c0,bandwidth,0,9,698.0035
rma_flow,pair,0,128,2000,8,1,0,135042,,0,2,bandwidth_pair_s0_d56_b128_r2000_w8_c0,bandwidth,0,56,67.521
rma_flow,pair,0,128,2000,8,1,56,135011,,0,2,bandwidth_pair_s0_d56_b128_r2000_w8_c0,bandwidth,0,56,67.5055
rma_flow,pair,0,128,2000,1,1,0,240042,,0,2,bandwidth_pair_s0_d63_b128_r2000_w1_c0,bandwidth,0,63,120.021
rma_flow,pair,0,128,2000,1,1,63,239995,,0,2,bandwidth_pair_s0_d63_b128_r2000_w1_c0,bandwidth,0,63,119.9975
rma_flow,pair,0,8,2000,8,1,0,130043,,0,2,bandwidth_pair_s0_d8_b8_r2000_w8_c0,bandwidth,0,8,65.0215
rma_flow,pair,0,8,2000,8,1,8,130014,,0,2,bandwidth_pair_s0_d8_b8_r2000_w8_c0,bandwidth,0,8,65.007
rma_flow,incast3,5,64,2000,4,3,18,244294,,0,2,contention_incast3_s0_d0_b64_r2000_w4_c5,contention,0,0,122.147
rma_flow,incast3,5,64,2000,4,3,19,236593,,0,2,contention_incast3_s0_d0_b64_r2000_w4_c5,contention,0,0,118.2965
rma_flow,incast3,5,64,2000,4,3,26,237104,,0,2,contention_incast3_s0_d0_b64_r2000_w4_c5,contention,0,0,118.552
rma_flow,incast3,5,64,2000,4,3,27,244312,,0,2,contention_incast3_s0_d0_b64_r2000_w4_c5,contention,0,0,122.156
rma_flow,pair,0,32768,2000,1,1,1,2788042,,0,2,bandwidth_pair_s1_d2_b32768_r2000_w1_c0,bandwidth,1,2,1394.021
rma_flow,pair,0,32768,2000,1,1,2,2788024,,0,2,bandwidth_pair_s1_d2_b32768_r2000_w1_c0,bandwidth,1,2,1394.012
rma_flow,pair,0,64,2000,16,1,0,123042,,0,2,bandwidth_pair_s0_d8_b64_r2000_w16_c0,bandwidth,0,8,61.521
rma_flow,pair,0,64,2000,16,1,8,123015,,0,2,bandwidth_pair_s0_d8_b64_r2000_w16_c0,bandwidth,0,8,61.5075
rma_flow,split_side2,15,64,2000,1,2,52,276042,,0,2,contention_split_side2_s0_d0_b64_r2000_w1_c15,contention,0,0,138.021
rma_flow,split_side2,15,64,2000,1,2,53,276030,,0,2,contention_split_side2_s0_d0_b64_r2000_w1_c15,contention,0,0,138.015
rma_flow,split_side2,15,64,2000,1,2,54,248042,,0,2,contention_split_side2_s0_d0_b64_r2000_w1_c15,contention,0,0,124.021
rma_flow,split_side2,15,64,2000,1,2,55,248017,,0,2,contention_split_side2_s0_d0_b64_r2000_w1_c15,contention,0,0,124.0085
rma_flow,pair,0,1024,2000,4,1,0,171043,,0,2,bandwidth_pair_s0_d56_b1024_r2000_w4_c0,bandwidth,0,56,85.5215
rma_flow,pair,0,1024,2000,4,1,56,171011,,0,2,bandwidth_pair_s0_d56_b1024_r2000_w4_c0,bandwidth,0,56,85.5055
rma_flow,ring4,0,64,2000,4,4,0,295823,,0,2,contention_ring4_s0_d0_b64_r2000_w4_c0,contention,0,0,147.9115
rma_flow,ring4,0,64,2000,4,4,1,287250,,0,2,contention_ring4_s0_d0_b64_r2000_w4_c0,contention,0,0,143.625
rma_flow,ring4,0,64,2000,4,4,8,295842,,0,2,contention_ring4_s0_d0_b64_r2000_w4_c0,contention,0,0,147.921
rma_flow,ring4,0,64,2000,4,4,9,288071,,0,2,contention_ring4_s0_d0_b64_r2000_w4_c0,contention,0,0,144.0355
rma_flow,pair,0,16,2000,4,1,8,144043,,0,2,bandwidth_pair_s8_d16_b16_r2000_w4_c0,bandwidth,8,16,72.0215
rma_flow,pair,0,16,2000,4,1,16,144023,,0,2,bandwidth_pair_s8_d16_b16_r2000_w4_c0,bandwidth,8,16,72.0115
rma_flow,pair,0,4096,2000,8,1,9,349542,,0,2,bandwidth_pair_s9_d18_b4096_r2000_w8_c0,bandwidth,9,18,174.771
rma_flow,pair,0,4096,2000,8,1,18,349527,,0,2,bandwidth_pair_s9_d18_b4096_r2000_w8_c0,bandwidth,9,18,174.7635
rma_flow,pair,0,32,2000,8,1,0,130043,,0,2,bandwidth_pair_s0_d56_b32_r2000_w8_c0,bandwidth,0,56,65.0215
rma_flow,pair,0,32,2000,8,1,56,130011,,0,2,bandwidth_pair_s0_d56_b32_r2000_w8_c0,bandwidth,0,56,65.0055
rma_flow,pair,0,1024,2000,1,1,0,310042,,0,2,bandwidth_pair_s0_d8_b1024_r2000_w1_c0,bandwidth,0,8,155.021
rma_flow,pair,0,1024,2000,1,1,8,310012,,0,2,bandwidth_pair_s0_d8_b1024_r2000_w1_c0,bandwidth,0,8,155.006
rma_flow,alltoall4,15,64,2000,4,12,54,740845,,0,2,contention_alltoall4_s0_d0_b64_r2000_w4_c15,contention,0,0,370.4225
rma_flow,alltoall4,15,64,2000,4,12,55,740882,,0,2,contention_alltoall4_s0_d0_b64_r2000_w4_c15,contention,0,0,370.441
rma_flow,alltoall4,15,64,2000,4,12,62,740914,,0,2,contention_alltoall4_s0_d0_b64_r2000_w4_c15,contention,0,0,370.457
rma_flow,alltoall4,15,64,2000,4,12,63,740944,,0,2,contention_alltoall4_s0_d0_b64_r2000_w4_c15,contention,0,0,370.472
rma_flow,pair,0,32768,2000,1,1,0,2788042,,0,2,bandwidth_pair_s0_d9_b32768_r2000_w1_c0,bandwidth,0,9,1394.021
rma_flow,pair,0,32768,2000,1,1,9,2788004,,0,2,bandwidth_pair_s0_d9_b32768_r2000_w1_c0,bandwidth,0,9,1394.002
rma_flow,pair,0,32,2000,2,1,0,172042,,0,2,bandwidth_pair_s0_d7_b32_r2000_w2_c0,bandwidth,0,7,86.021
rma_flow,pair,0,32,2000,2,1,7,172010,,0,2,bandwidth_pair_s0_d7_b32_r2000_w2_c0,bandwidth,0,7,86.005
rma_flow,pair,0,1024,2000,16,1,0,136542,,0,2,bandwidth_pair_s0_d8_b1024_r2000_w16_c0,bandwidth,0,8,68.271
rma_flow,pair,0,1024,2000,16,1,8,136513,,0,2,bandwidth_pair_s0_d8_b1024_r2000_w16_c0,bandwidth,0,8,68.2565
rma_flow,pair,0,4096,2000,8,1,0,350542,,0,2,bandwidth_pair_s0_d9_b4096_r2000_w8_c0,bandwidth,0,9,175.271
rma_flow,pair,0,4096,2000,8,1,9,350508,,0,2,bandwidth_pair_s0_d9_b4096_r2000_w8_c0,bandwidth,0,9,175.254
rma_flow,pair,0,128,2000,8,1,0,135042,,0,2,bandwidth_pair_s0_d7_b128_r2000_w8_c0,bandwidth,0,7,67.521
rma_flow,pair,0,128,2000,8,1,7,135011,,0,2,bandwidth_pair_s0_d7_b128_r2000_w8_c0,bandwidth,0,7,67.5055
rma_flow,pair,0,16,2000,2,1,0,172043,,0,2,bandwidth_pair_s0_d63_b16_r2000_w2_c0,bandwidth,0,63,86.0215
rma_flow,pair,0,16,2000,2,1,63,171998,,0,2,bandwidth_pair_s0_d63_b16_r2000_w2_c0,bandwidth,0,63,85.999
rma_flow,pair,0,4096,2000,1,1,0,548042,,0,2,bandwidth_pair_s0_d8_b4096_r2000_w1_c0,bandwidth,0,8,274.021
rma_flow,pair,0,4096,2000,1,1,8,548016,,0,2,bandwidth_pair_s0_d8_b4096_r2000_w1_c0,bandwidth,0,8,274.008
rma_flow,pair,0,16384,2000,4,1,0,1338041,,0,2,bandwidth_pair_s0_d9_b16384_r2000_w4_c0,bandwidth,0,9,669.0205
rma_flow,pair,0,16384,2000,4,1,9,1338005,,0,2,bandwidth_pair_s0_d9_b16384_r2000_w4_c0,bandwidth,0,9,669.0025
rma_flow,pair,0,64,2000,16,1,0,123042,,0,2,bandwidth_pair_s0_d9_b64_r2000_w16_c0,bandwidth,0,9,61.521
rma_flow,pair,0,64,2000,16,1,9,123006,,0,2,bandwidth_pair_s0_d9_b64_r2000_w16_c0,bandwidth,0,9,61.503
rma_flow,alltoall4,5,1024,2000,1,12,18,1194981,,0,2,contention_alltoall4_s0_d0_b1024_r2000_w1_c5,contention,0,0,597.4905
rma_flow,alltoall4,5,1024,2000,1,12,19,1195023,,0,2,contention_alltoall4_s0_d0_b1024_r2000_w1_c5,contention,0,0,597.5115
rma_flow,alltoall4,5,1024,2000,1,12,26,1195060,,0,2,contention_alltoall4_s0_d0_b1024_r2000_w1_c5,contention,0,0,597.53
rma_flow,alltoall4,5,1024,2000,1,12,27,1195089,,0,2,contention_alltoall4_s0_d0_b1024_r2000_w1_c5,contention,0,0,597.5445
rma_flow,pair,0,16,2000,8,1,9,130043,,0,2,bandwidth_pair_s9_d18_b16_r2000_w8_c0,bandwidth,9,18,65.0215
rma_flow,pair,0,16,2000,8,1,18,130021,,0,2,bandwidth_pair_s9_d18_b16_r2000_w8_c0,bandwidth,9,18,65.0105
rma_flow,pair,0,4096,2000,1,1,0,548042,,0,2,bandwidth_pair_s0_d1_b4096_r2000_w1_c0,bandwidth,0,1,274.021
rma_flow,pair,0,4096,2000,1,1,1,548017,,0,2,bandwidth_pair_s0_d1_b4096_r2000_w1_c0,bandwidth,0,1,274.0085
rma_flow,pair,0,256,2000,16,1,0,127542,,0,2,bandwidth_pair_s0_d56_b256_r2000_w16_c0,bandwidth,0,56,63.771
rma_flow,pair,0,256,2000,16,1,56,127516,,0,2,bandwidth_pair_s0_d56_b256_r2000_w16_c0,bandwidth,0,56,63.758
rma_flow,pair,0,128,2000,1,1,1,240042,,0,2,bandwidth_pair_s1_d2_b128_r2000_w1_c0,bandwidth,1,2,120.021
rma_flow,pair,0,128,2000,1,1,2,240019,,0,2,bandwidth_pair_s1_d2_b128_r2000_w1_c0,bandwidth,1,2,120.0095
rma_flow,pair,0,64,2000,1,1,1,228041,,0,2,bandwidth_pair_s1_d2_b64_r2000_w1_c0,bandwidth,1,2,114.0205
rma_flow,pair,0,64,2000,1,1,2,228022,,0,2,bandwidth_pair_s1_d2_b64_r2000_w1_c0,bandwidth,1,2,114.011
rma_flow,pair,0,8,2000,16,1,0,123042,,0,2,bandwidth_pair_s0_d63_b8_r2000_w16_c0,bandwidth,0,63,61.521
rma_flow,pair,0,8,2000,16,1,63,122997,,0,2,bandwidth_pair_s0_d63_b8_r2000_w16_c0,bandwidth,0,63,61.4985
rma_flow,pair,0,256,2000,8,1,8,135042,,0,2,bandwidth_pair_s8_d16_b256_r2000_w8_c0,bandwidth,8,16,67.521
rma_flow,pair,0,256,2000,8,1,16,135028,,0,2,bandwidth_pair_s8_d16_b256_r2000_w8_c0,bandwidth,8,16,67.514
rma_flow,pair,0,128,2000,1,1,9,240042,,0,2,bandwidth_pair_s9_d18_b128_r2000_w1_c0,bandwidth,9,18,120.021
rma_flow,pair,0,128,2000,1,1,18,240017,,0,2,bandwidth_pair_s9_d18_b128_r2000_w1_c0,bandwidth,9,18,120.0085
rma_flow,pair,0,64,2000,4,1,0,144041,,0,2,bandwidth_pair_s0_d9_b64_r2000_w4_c0,bandwidth,0,9,72.0205
rma_flow,pair,0,64,2000,4,1,9,144005,,0,2,bandwidth_pair_s0_d9_b64_r2000_w4_c0,bandwidth,0,9,72.0025
rma_flow,pair,0,32,2000,1,1,1,228041,,0,2,bandwidth_pair_s1_d2_b32_r2000_w1_c0,bandwidth,1,2,114.0205
rma_flow,pair,0,32,2000,1,1,2,228020,,0,2,bandwidth_pair_s1_d2_b32_r2000_w1_c0,bandwidth,1,2,114.01
rma_flow,pair,0,1024,2000,2,1,0,216042,,0,2,bandwidth_pair_s0_d8_b1024_r2000_w2_c0,bandwidth,0,8,108.021
rma_flow,pair,0,1024,2000,2,1,8,216017,,0,2,bandwidth_pair_s0_d8_b1024_r2000_w2_c0,bandwidth,0,8,108.0085
rma_flow,pair,0,256,2000,16,1,0,127542,,0,2,bandwidth_pair_s0_d1_b256_r2000_w16_c0,bandwidth,0,1,63.771
rma_flow,pair,0,256,2000,16,1,1,127515,,0,2,bandwidth_pair_s0_d1_b256_r2000_w16_c0,bandwidth,0,1,63.7575
rma_flow,pair,0,256,2000,8,1,0,135043,,0,2,bandwidth_pair_s0_d56_b256_r2000_w8_c0,bandwidth,0,56,67.5215
rma_flow,pair,0,256,2000,8,1,56,135016,,0,2,bandwidth_pair_s0_d56_b256_r2000_w8_c0,bandwidth,0,56,67.508
rma_flow,pair,0,16384,2000,1,1,0,1508042,,0,2,bandwidth_pair_s0_d9_b16384_r2000_w1_c0,bandwidth,0,9,754.021
rma_flow,pair,0,16384,2000,1,1,9,1508003,,0,2,bandwidth_pair_s0_d9_b16384_r2000_w1_c0,bandwidth,0,9,754.0015
rma_flow,pair,0,1024,2000,4,1,0,171043,,0,2,bandwidth_pair_s0_d9_b1024_r2000_w4_c0,bandwidth,0,9,85.5215
rma_flow,pair,0,1024,2000,4,1,9,171010,,0,2,bandwidth_pair_s0_d9_b1024_r2000_w4_c0,bandwidth,0,9,85.505
rma_flow,split_near2,0,64,2000,1,2,0,248042,,0,2,contention_split_near2_s0_d0_b64_r2000_w1_c0,contention,0,0,124.021
rma_flow,split_near2,0,64,2000,1,2,1,248008,,0,2,contention_split_near2_s0_d0_b64_r2000_w1_c0,contention,0,0,124.004
rma_flow,split_near2,0,64,2000,1,2,16,276043,,0,2,contention_split_near2_s0_d0_b64_r2000_w1_c0,contention,0,0,138.0215
rma_flow,split_near2,0,64,2000,1,2,17,276016,,0,2,contention_split_near2_s0_d0_b64_r2000_w1_c0,contention,0,0,138.008
rma_flow,pair,0,1024,2000,8,1,0,148041,,0,2,bandwidth_pair_s0_d9_b1024_r2000_w8_c0,bandwidth,0,9,74.0205
rma_flow,pair,0,1024,2000,8,1,9,148001,,0,2,bandwidth_pair_s0_d9_b1024_r2000_w8_c0,bandwidth,0,9,74.0005
rma_flow,pair,0,16,2000,1,1,8,228042,,0,2,bandwidth_pair_s8_d16_b16_r2000_w1_c0,bandwidth,8,16,114.021
rma_flow,pair,0,16,2000,1,1,16,228022,,0,2,bandwidth_pair_s8_d16_b16_r2000_w1_c0,bandwidth,8,16,114.011
rma_flow,pair,0,32,2000,2,1,1,172042,,0,2,bandwidth_pair_s1_d2_b32_r2000_w2_c0,bandwidth,1,2,86.021
rma_flow,pair,0,32,2000,2,1,2,172021,,0,2,bandwidth_pair_s1_d2_b32_r2000_w2_c0,bandwidth,1,2,86.0105
rma_flow,pair,0,8,2000,8,1,0,130042,,0,2,bandwidth_pair_s0_d1_b8_r2000_w8_c0,bandwidth,0,1,65.021
rma_flow,pair,0,8,2000,8,1,1,130013,,0,2,bandwidth_pair_s0_d1_b8_r2000_w8_c0,bandwidth,0,1,65.0065
rma_flow,split_far2,15,64,2000,1,2,22,276042,,0,2,contention_split_far2_s0_d0_b64_r2000_w1_c15,contention,0,0,138.021
rma_flow,split_far2,15,64,2000,1,2,23,276030,,0,2,contention_split_far2_s0_d0_b64_r2000_w1_c15,contention,0,0,138.015
rma_flow,split_far2,15,64,2000,1,2,54,248042,,0,2,contention_split_far2_s0_d0_b64_r2000_w1_c15,contention,0,0,124.021
rma_flow,split_far2,15,64,2000,1,2,55,248016,,0,2,contention_split_far2_s0_d0_b64_r2000_w1_c15,contention,0,0,124.008
rma_flow,pair,0,4096,2000,2,1,0,436041,,0,2,bandwidth_pair_s0_d8_b4096_r2000_w2_c0,bandwidth,0,8,218.0205
rma_flow,pair,0,4096,2000,2,1,8,436016,,0,2,bandwidth_pair_s0_d8_b4096_r2000_w2_c0,bandwidth,0,8,218.008
rma_flow,alltoall4,10,1024,2000,4,12,36,1026130,,0,2,contention_alltoall4_s0_d0_b1024_r2000_w4_c10,contention,0,0,513.065
rma_flow,alltoall4,10,1024,2000,4,12,37,1026174,,0,2,contention_alltoall4_s0_d0_b1024_r2000_w4_c10,contention,0,0,513.087
rma_flow,alltoall4,10,1024,2000,4,12,44,1026212,,0,2,contention_alltoall4_s0_d0_b1024_r2000_w4_c10,contention,0,0,513.106
rma_flow,alltoall4,10,1024,2000,4,12,45,1026241,,0,2,contention_alltoall4_s0_d0_b1024_r2000_w4_c10,contention,0,0,513.1205
rma_flow,pair,0,128,2000,4,1,0,150041,,0,2,bandwidth_pair_s0_d63_b128_r2000_w4_c0,bandwidth,0,63,75.0205
rma_flow,pair,0,128,2000,4,1,63,149997,,0,2,bandwidth_pair_s0_d63_b128_r2000_w4_c0,bandwidth,0,63,74.9985
rma_flow,intra2,5,64,2000,1,2,18,248043,,0,2,contention_intra2_s0_d0_b64_r2000_w1_c5,contention,0,0,124.0215
rma_flow,intra2,5,64,2000,1,2,19,248021,,0,2,contention_intra2_s0_d0_b64_r2000_w1_c5,contention,0,0,124.0105
rma_flow,intra2,5,64,2000,1,2,26,277091,,0,2,contention_intra2_s0_d0_b64_r2000_w1_c5,contention,0,0,138.5455
rma_flow,intra2,5,64,2000,1,2,27,277077,,0,2,contention_intra2_s0_d0_b64_r2000_w1_c5,contention,0,0,138.5385
rma_flow,alltoall4,0,1024,2000,1,12,0,1202065,,0,2,contention_alltoall4_s0_d0_b1024_r2000_w1_c0,contention,0,0,601.0325
rma_flow,alltoall4,0,1024,2000,1,12,1,1202097,,0,2,contention_alltoall4_s0_d0_b1024_r2000_w1_c0,contention,0,0,601.0485
rma_flow,alltoall4,0,1024,2000,1,12,8,1202133,,0,2,contention_alltoall4_s0_d0_b1024_r2000_w1_c0,contention,0,0,601.0665
rma_flow,alltoall4,0,1024,2000,1,12,9,1202155,,0,2,contention_alltoall4_s0_d0_b1024_r2000_w1_c0,contention,0,0,601.0775
rma_flow,pair,0,32,2000,4,1,0,144043,,0,2,bandwidth_pair_s0_d1_b32_r2000_w4_c0,bandwidth,0,1,72.0215
rma_flow,pair,0,32,2000,4,1,1,144014,,0,2,bandwidth_pair_s0_d1_b32_r2000_w4_c0,bandwidth,0,1,72.007
rma_flow,pair,0,64,2000,2,1,8,172041,,0,2,bandwidth_pair_s8_d16_b64_r2000_w2_c0,bandwidth,8,16,86.0205
rma_flow,pair,0,64,2000,2,1,16,172023,,0,2,bandwidth_pair_s8_d16_b64_r2000_w2_c0,bandwidth,8,16,86.0115
rma_flow,pair,0,64,2000,16,1,9,123041,,0,2,bandwidth_pair_s9_d18_b64_r2000_w16_c0,bandwidth,9,18,61.5205
rma_flow,pair,0,64,2000,16,1,18,123021,,0,2,bandwidth_pair_s9_d18_b64_r2000_w16_c0,bandwidth,9,18,61.5105
rma_flow,split_near2,15,64,2000,4,2,38,195042,,0,2,contention_split_near2_s0_d0_b64_r2000_w4_c15,contention,0,0,97.521
rma_flow,split_near2,15,64,2000,4,2,39,195030,,0,2,contention_split_near2_s0_d0_b64_r2000_w4_c15,contention,0,0,97.515
rma_flow,split_near2,15,64,2000,4,2,54,188041,,0,2,contention_split_near2_s0_d0_b64_r2000_w4_c15,contention,0,0,94.0205
rma_flow,split_near2,15,64,2000,4,2,55,188017,,0,2,contention_split_near2_s0_d0_b64_r2000_w4_c15,contention,0,0,94.0085
rma_flow,pair,0,8,2000,4,1,0,144043,,0,2,bandwidth_pair_s0_d56_b8_r2000_w4_c0,bandwidth,0,56,72.0215
rma_flow,pair,0,8,2000,4,1,56,144011,,0,2,bandwidth_pair_s0_d56_b8_r2000_w4_c0,bandwidth,0,56,72.0055
rma_flow,pair,0,1024,2000,4,1,9,171043,,0,2,bandwidth_pair_s9_d18_b1024_r2000_w4_c0,bandwidth,9,18,85.5215
rma_flow,pair,0,1024,2000,4,1,18,171020,,0,2,bandwidth_pair_s9_d18_b1024_r2000_w4_c0,bandwidth,9,18,85.51
rma_flow,pair,0,32,2000,8,1,0,130042,,0,2,bandwidth_pair_s0_d7_b32_r2000_w8_c0,bandwidth,0,7,65.021
rma_flow,pair,0,32,2000,8,1,7,130010,,0,2,bandwidth_pair_s0_d7_b32_r2000_w8_c0,bandwidth,0,7,65.005
rma_flow,pair,0,128,2000,4,1,9,150041,,0,2,bandwidth_pair_s9_d18_b128_r2000_w4_c0,bandwidth,9,18,75.0205
rma_flow,pair,0,128,2000,4,1,18,150017,,0,2,bandwidth_pair_s9_d18_b128_r2000_w4_c0,bandwidth,9,18,75.0085
rma_flow,pair,0,256,2000,4,1,8,150043,,0,2,bandwidth_pair_s8_d16_b256_r2000_w4_c0,bandwidth,8,16,75.0215
rma_flow,pair,0,256,2000,4,1,16,150029,,0,2,bandwidth_pair_s8_d16_b256_r2000_w4_c0,bandwidth,8,16,75.0145
rma_flow,pair,0,16384,2000,2,1,0,1394042,,0,2,bandwidth_pair_s0_d56_b16384_r2000_w2_c0,bandwidth,0,56,697.021
rma_flow,pair,0,16384,2000,2,1,56,1394011,,0,2,bandwidth_pair_s0_d56_b16384_r2000_w2_c0,bandwidth,0,56,697.0055
rma_flow,pair,0,16,2000,16,1,0,123042,,0,2,bandwidth_pair_s0_d63_b16_r2000_w16_c0,bandwidth,0,63,61.521
rma_flow,pair,0,16,2000,16,1,63,122997,,0,2,bandwidth_pair_s0_d63_b16_r2000_w16_c0,bandwidth,0,63,61.4985
rma_flow,pair,0,32,2000,2,1,8,172042,,0,2,bandwidth_pair_s8_d16_b32_r2000_w2_c0,bandwidth,8,16,86.021
rma_flow,pair,0,32,2000,2,1,16,172022,,0,2,bandwidth_pair_s8_d16_b32_r2000_w2_c0,bandwidth,8,16,86.011
rma_flow,pair,0,128,2000,1,1,0,240042,,0,2,bandwidth_pair_s0_d8_b128_r2000_w1_c0,bandwidth,0,8,120.021
rma_flow,pair,0,128,2000,1,1,8,240011,,0,2,bandwidth_pair_s0_d8_b128_r2000_w1_c0,bandwidth,0,8,120.0055
rma_flow,pair,0,4096,2000,16,1,0,336543,,0,2,bandwidth_pair_s0_d9_b4096_r2000_w16_c0,bandwidth,0,9,168.2715
rma_flow,pair,0,4096,2000,16,1,9,336507,,0,2,bandwidth_pair_s0_d9_b4096_r2000_w16_c0,bandwidth,0,9,168.2535
rma_flow,pair,0,1024,2000,16,1,1,135792,,0,2,bandwidth_pair_s1_d2_b1024_r2000_w16_c0,bandwidth,1,2,67.896
rma_flow,pair,0,1024,2000,16,1,2,135772,,0,2,bandwidth_pair_s1_d2_b1024_r2000_w16_c0,bandwidth,1,2,67.886
rma_flow,pair,0,64,2000,2,1,0,172041,,0,2,bandwidth_pair_s0_d56_b64_r2000_w2_c0,bandwidth,0,56,86.0205
rma_flow,pair,0,64,2000,2,1,56,172011,,0,2,bandwidth_pair_s0_d56_b64_r2000_w2_c0,bandwidth,0,56,86.0055
rma_flow,pair,0,16,2000,2,1,1,172042,,0,2,bandwidth_pair_s1_d2_b16_r2000_w2_c0,bandwidth,1,2,86.021
rma_flow,pair,0,16,2000,2,1,2,172021,,0,2,bandwidth_pair_s1_d2_b16_r2000_w2_c0,bandwidth,1,2,86.0105
rma_flow,pair,0,16384,2000,4,1,0,1337042,,0,2,bandwidth_pair_s0_d63_b16384_r2000_w4_c0,bandwidth,0,63,668.521
rma_flow,pair,0,16384,2000,4,1,63,1337004,,0,2,bandwidth_pair_s0_d63_b16384_r2000_w4_c0,bandwidth,0,63,668.502
rma_flow,ring4,0,64,2000,1,4,0,376961,,0,2,contention_ring4_s0_d0_b64_r2000_w1_c0,contention,0,0,188.4805
rma_flow,ring4,0,64,2000,1,4,1,348053,,0,2,contention_ring4_s0_d0_b64_r2000_w1_c0,contention,0,0,174.0265
rma_flow,ring4,0,64,2000,1,4,8,376980,,0,2,contention_ring4_s0_d0_b64_r2000_w1_c0,contention,0,0,188.49
rma_flow,ring4,0,64,2000,1,4,9,348052,,0,2,contention_ring4_s0_d0_b64_r2000_w1_c0,contention,0,0,174.026
rma_flow,pair,0,8,2000,1,1,0,228042,,0,2,bandwidth_pair_s0_d7_b8_r2000_w1_c0,bandwidth,0,7,114.021
rma_flow,pair,0,8,2000,1,1,7,228010,,0,2,bandwidth_pair_s0_d7_b8_r2000_w1_c0,bandwidth,0,7,114.005
rma_flow,pair,0,32,2000,8,1,1,130043,,0,2,bandwidth_pair_s1_d2_b32_r2000_w8_c0,bandwidth,1,2,65.0215
rma_flow,pair,0,32,2000,8,1,2,130022,,0,2,bandwidth_pair_s1_d2_b32_r2000_w8_c0,bandwidth,1,2,65.011
rma_flow,pair,0,32,2000,1,1,0,228041,,0,2,bandwidth_pair_s0_d63_b32_r2000_w1_c0,bandwidth,0,63,114.0205
rma_flow,pair,0,32,2000,1,1,63,227996,,0,2,bandwidth_pair_s0_d63_b32_r2000_w1_c0,bandwidth,0,63,113.998
rma_flow,pair,0,16,2000,8,1,0,130043,,0,2,bandwidth_pair_s0_d56_b16_r2000_w8_c0,bandwidth,0,56,65.0215
rma_flow,pair,0,16,2000,8,1,56,130011,,0,2,bandwidth_pair_s0_d56_b16_r2000_w8_c0,bandwidth,0,56,65.0055
rma_flow,split_side2,5,64,2000,4,2,18,188041,,0,2,contention_split_side2_s0_d0_b64_r2000_w4_c5,contention,0,0,94.0205
rma_flow,split_side2,5,64,2000,4,2,19,188017,,0,2,contention_split_side2_s0_d0_b64_r2000_w4_c5,contention,0,0,94.0085
rma_flow,split_side2,5,64,2000,4,2,20,195042,,0,2,contention_split_side2_s0_d0_b64_r2000_w4_c5,contention,0,0,97.521
rma_flow,split_side2,5,64,2000,4,2,21,195030,,0,2,contention_split_side2_s0_d0_b64_r2000_w4_c5,contention,0,0,97.515
rma_flow,split_far2,5,64,2000,1,2,18,248042,,0,2,contention_split_far2_s0_d0_b64_r2000_w1_c5,contention,0,0,124.021
rma_flow,split_far2,5,64,2000,1,2,19,248017,,0,2,contention_split_far2_s0_d0_b64_r2000_w1_c5,contention,0,0,124.0085
rma_flow,split_far2,5,64,2000,1,2,50,276042,,0,2,contention_split_far2_s0_d0_b64_r2000_w1_c5,contention,0,0,138.021
rma_flow,split_far2,5,64,2000,1,2,51,276030,,0,2,contention_split_far2_s0_d0_b64_r2000_w1_c5,contention,0,0,138.015
rma_flow,pair,0,4096,2000,2,1,0,436042,,0,2,bandwidth_pair_s0_d56_b4096_r2000_w2_c0,bandwidth,0,56,218.021
rma_flow,pair,0,4096,2000,2,1,56,436014,,0,2,bandwidth_pair_s0_d56_b4096_r2000_w2_c0,bandwidth,0,56,218.007
rma_flow,split_near2,5,64,2000,4,2,18,188042,,0,2,contention_split_near2_s0_d0_b64_r2000_w4_c5,contention,0,0,94.021
rma_flow,split_near2,5,64,2000,4,2,19,188016,,0,2,contention_split_near2_s0_d0_b64_r2000_w4_c5,contention,0,0,94.008
rma_flow,split_near2,5,64,2000,4,2,34,195042,,0,2,contention_split_near2_s0_d0_b64_r2000_w4_c5,contention,0,0,97.521
rma_flow,split_near2,5,64,2000,4,2,35,195030,,0,2,contention_split_near2_s0_d0_b64_r2000_w4_c5,contention,0,0,97.515
rma_flow,pair,0,256,2000,1,1,9,240043,,0,2,bandwidth_pair_s9_d18_b256_r2000_w1_c0,bandwidth,9,18,120.0215
rma_flow,pair,0,256,2000,1,1,18,240024,,0,2,bandwidth_pair_s9_d18_b256_r2000_w1_c0,bandwidth,9,18,120.012
rma_flow,pair,0,256,2000,16,1,9,127543,,0,2,bandwidth_pair_s9_d18_b256_r2000_w16_c0,bandwidth,9,18,63.7715
rma_flow,pair,0,256,2000,16,1,18,127523,,0,2,bandwidth_pair_s9_d18_b256_r2000_w16_c0,bandwidth,9,18,63.7615
rma_flow,pair,0,16384,2000,2,1,0,1396042,,0,2,bandwidth_pair_s0_d1_b16384_r2000_w2_c0,bandwidth,0,1,698.021
rma_flow,pair,0,16384,2000,2,1,1,1396015,,0,2,bandwidth_pair_s0_d1_b16384_r2000_w2_c0,bandwidth,0,1,698.0075
rma_flow,pair,0,16,2000,1,1,0,228041,,0,2,bandwidth_pair_s0_d1_b16_r2000_w1_c0,bandwidth,0,1,114.0205
rma_flow,pair,0,16,2000,1,1,1,228012,,0,2,bandwidth_pair_s0_d1_b16_r2000_w1_c0,bandwidth,0,1,114.006
rma_flow,pair,0,128,2000,8,1,0,135041,,0,2,bandwidth_pair_s0_d9_b128_r2000_w8_c0,bandwidth,0,9,67.5205
rma_flow,pair,0,128,2000,8,1,9,135004,,0,2,bandwidth_pair_s0_d9_b128_r2000_w8_c0,bandwidth,0,9,67.502
rma_flow,pair,0,32,2000,2,1,9,172043,,0,2,bandwidth_pair_s9_d18_b32_r2000_w2_c0,bandwidth,9,18,86.0215
rma_flow,pair,0,32,2000,2,1,18,172021,,0,2,bandwidth_pair_s9_d18_b32_r2000_w2_c0,bandwidth,9,18,86.0105
rma_flow,pair,0,256,2000,4,1,0,150043,,0,2,bandwidth_pair_s0_d9_b256_r2000_w4_c0,bandwidth,0,9,75.0215
rma_flow,pair,0,256,2000,4,1,9,150010,,0,2,bandwidth_pair_s0_d9_b256_r2000_w4_c0,bandwidth,0,9,75.005
rma_flow,pair,0,16,2000,4,1,0,144042,,0,2,bandwidth_pair_s0_d7_b16_r2000_w4_c0,bandwidth,0,7,72.021
rma_flow,pair,0,16,2000,4,1,7,144010,,0,2,bandwidth_pair_s0_d7_b16_r2000_w4_c0,bandwidth,0,7,72.005
rma_flow,alltoall4,0,1024,2000,4,12,0,1026227,,0,2,contention_alltoall4_s0_d0_b1024_r2000_w4_c0,contention,0,0,513.1135
rma_flow,alltoall4,0,1024,2000,4,12,1,1026258,,0,2,contention_alltoall4_s0_d0_b1024_r2000_w4_c0,contention,0,0,513.129
rma_flow,alltoall4,0,1024,2000,4,12,8,1026299,,0,2,contention_alltoall4_s0_d0_b1024_r2000_w4_c0,contention,0,0,513.1495
rma_flow,alltoall4,0,1024,2000,4,12,9,1026318,,0,2,contention_alltoall4_s0_d0_b1024_r2000_w4_c0,contention,0,0,513.159
rma_flow,pair,0,1024,2000,16,1,0,136542,,0,2,bandwidth_pair_s0_d1_b1024_r2000_w16_c0,bandwidth,0,1,68.271
rma_flow,pair,0,1024,2000,16,1,1,136513,,0,2,bandwidth_pair_s0_d1_b1024_r2000_w16_c0,bandwidth,0,1,68.2565
rma_flow,pair,0,16,2000,2,1,8,172043,,0,2,bandwidth_pair_s8_d16_b16_r2000_w2_c0,bandwidth,8,16,86.0215
rma_flow,pair,0,16,2000,2,1,16,172023,,0,2,bandwidth_pair_s8_d16_b16_r2000_w2_c0,bandwidth,8,16,86.0115
rma_flow,pair,0,8,2000,1,1,8,228041,,0,2,bandwidth_pair_s8_d16_b8_r2000_w1_c0,bandwidth,8,16,114.0205
rma_flow,pair,0,8,2000,1,1,16,228021,,0,2,bandwidth_pair_s8_d16_b8_r2000_w1_c0,bandwidth,8,16,114.0105
rma_flow,pair,0,8,2000,2,1,9,172043,,0,2,bandwidth_pair_s9_d18_b8_r2000_w2_c0,bandwidth,9,18,86.0215
rma_flow,pair,0,8,2000,2,1,18,172021,,0,2,bandwidth_pair_s9_d18_b8_r2000_w2_c0,bandwidth,9,18,86.0105
rma_flow,pair,0,8,2000,16,1,8,123043,,0,2,bandwidth_pair_s8_d16_b8_r2000_w16_c0,bandwidth,8,16,61.5215
rma_flow,pair,0,8,2000,16,1,16,123023,,0,2,bandwidth_pair_s8_d16_b8_r2000_w16_c0,bandwidth,8,16,61.5115
rma_flow,pair,0,64,2000,8,1,8,130041,,0,2,bandwidth_pair_s8_d16_b64_r2000_w8_c0,bandwidth,8,16,65.0205
rma_flow,pair,0,64,2000,8,1,16,130023,,0,2,bandwidth_pair_s8_d16_b64_r2000_w8_c0,bandwidth,8,16,65.0115
rma_flow,pair,0,128,2000,4,1,0,150041,,0,2,bandwidth_pair_s0_d56_b128_r2000_w4_c0,bandwidth,0,56,75.0205
rma_flow,pair,0,128,2000,4,1,56,150010,,0,2,bandwidth_pair_s0_d56_b128_r2000_w4_c0,bandwidth,0,56,75.005
rma_flow,alltoall4,5,64,2000,4,12,18,740845,,0,2,contention_alltoall4_s0_d0_b64_r2000_w4_c5,contention,0,0,370.4225
rma_flow,alltoall4,5,64,2000,4,12,19,740882,,0,2,contention_alltoall4_s0_d0_b64_r2000_w4_c5,contention,0,0,370.441
rma_flow,alltoall4,5,64,2000,4,12,26,740914,,0,2,contention_alltoall4_s0_d0_b64_r2000_w4_c5,contention,0,0,370.457
rma_flow,alltoall4,5,64,2000,4,12,27,740944,,0,2,contention_alltoall4_s0_d0_b64_r2000_w4_c5,contention,0,0,370.472
rma_flow,pair,0,16384,2000,4,1,0,1337042,,0,2,bandwidth_pair_s0_d56_b16384_r2000_w4_c0,bandwidth,0,56,668.521
rma_flow,pair,0,16384,2000,4,1,56,1337014,,0,2,bandwidth_pair_s0_d56_b16384_r2000_w4_c0,bandwidth,0,56,668.507
rma_flow,pair,0,1024,2000,1,1,9,310042,,0,2,bandwidth_pair_s9_d18_b1024_r2000_w1_c0,bandwidth,9,18,155.021
rma_flow,pair,0,1024,2000,1,1,18,310018,,0,2,bandwidth_pair_s9_d18_b1024_r2000_w1_c0,bandwidth,9,18,155.009
rma_flow,pair,0,65536,2000,1,1,0,5350042,,0,2,bandwidth_pair_s0_d56_b65536_r2000_w1_c0,bandwidth,0,56,2675.021
rma_flow,pair,0,65536,2000,1,1,56,5350010,,0,2,bandwidth_pair_s0_d56_b65536_r2000_w1_c0,bandwidth,0,56,2675.005
rma_flow,intra2,0,64,2000,1,2,0,248042,,0,2,contention_intra2_s0_d0_b64_r2000_w1_c0,contention,0,0,124.021
rma_flow,intra2,0,64,2000,1,2,1,248008,,0,2,contention_intra2_s0_d0_b64_r2000_w1_c0,contention,0,0,124.004
rma_flow,intra2,0,64,2000,1,2,8,277084,,0,2,contention_intra2_s0_d0_b64_r2000_w1_c0,contention,0,0,138.542
rma_flow,intra2,0,64,2000,1,2,9,277060,,0,2,contention_intra2_s0_d0_b64_r2000_w1_c0,contention,0,0,138.53
rma_flow,pair,0,64,2000,4,1,0,144041,,0,2,bandwidth_pair_s0_d8_b64_r2000_w4_c0,bandwidth,0,8,72.0205
rma_flow,pair,0,64,2000,4,1,8,144014,,0,2,bandwidth_pair_s0_d8_b64_r2000_w4_c0,bandwidth,0,8,72.007
rma_flow,pair,0,16384,2000,2,1,0,1396042,,0,2,bandwidth_pair_s0_d8_b16384_r2000_w2_c0,bandwidth,0,8,698.021
rma_flow,pair,0,16384,2000,2,1,8,1396015,,0,2,bandwidth_pair_s0_d8_b16384_r2000_w2_c0,bandwidth,0,8,698.0075
rma_flow,split_far2,5,64,2000,4,2,18,188041,,0,2,contention_split_far2_s0_d0_b64_r2000_w4_c5,contention,0,0,94.0205
rma_flow,split_far2,5,64,2000,4,2,19,188017,,0,2,contention_split_far2_s0_d0_b64_r2000_w4_c5,contention,0,0,94.0085
rma_flow,split_far2,5,64,2000,4,2,50,195042,,0,2,contention_split_far2_s0_d0_b64_r2000_w4_c5,contention,0,0,97.521
rma_flow,split_far2,5,64,2000,4,2,51,195030,,0,2,contention_split_far2_s0_d0_b64_r2000_w4_c5,contention,0,0,97.515
rma_flow,incast3,0,1024,2000,4,3,0,273175,,0,2,contention_incast3_s0_d0_b1024_r2000_w4_c0,contention,0,0,136.5875
rma_flow,incast3,0,1024,2000,4,3,1,273078,,0,2,contention_incast3_s0_d0_b1024_r2000_w4_c0,contention,0,0,136.539
rma_flow,incast3,0,1024,2000,4,3,8,273137,,0,2,contention_incast3_s0_d0_b1024_r2000_w4_c0,contention,0,0,136.5685
rma_flow,incast3,0,1024,2000,4,3,9,273171,,0,2,contention_incast3_s0_d0_b1024_r2000_w4_c0,contention,0,0,136.5855
rma_flow,pair,0,4096,2000,4,1,0,378042,,0,2,bandwidth_pair_s0_d9_b4096_r2000_w4_c0,bandwidth,0,9,189.021
rma_flow,pair,0,4096,2000,4,1,9,378004,,0,2,bandwidth_pair_s0_d9_b4096_r2000_w4_c0,bandwidth,0,9,189.002
rma_flow,pair,0,256,2000,8,1,1,135042,,0,2,bandwidth_pair_s1_d2_b256_r2000_w8_c0,bandwidth,1,2,67.521
rma_flow,pair,0,256,2000,8,1,2,135027,,0,2,bandwidth_pair_s1_d2_b256_r2000_w8_c0,bandwidth,1,2,67.5135
rma_flow,ring4,15,64,2000,4,4,54,295776,,0,2,contention_ring4_s0_d0_b64_r2000_w4_c15,contention,0,0,147.888
rma_flow,ring4,15,64,2000,4,4,55,287319,,0,2,contention_ring4_s0_d0_b64_r2000_w4_c15,contention,0,0,143.6595
rma_flow,ring4,15,64,2000,4,4,62,295805,,0,2,contention_ring4_s0_d0_b64_r2000_w4_c15,contention,0,0,147.9025
rma_flow,ring4,15,64,2000,4,4,63,288018,,0,2,contention_ring4_s0_d0_b64_r2000_w4_c15,contention,0,0,144.009
rma_flow,split_far2,0,64,2000,1,2,0,248042,,0,2,contention_split_far2_s0_d0_b64_r2000_w1_c0,contention,0,0,124.021
rma_flow,split_far2,0,64,2000,1,2,1,248008,,0,2,contention_split_far2_s0_d0_b64_r2000_w1_c0,contention,0,0,124.004
rma_flow,split_far2,0,64,2000,1,2,32,276042,,0,2,contention_split_far2_s0_d0_b64_r2000_w1_c0,contention,0,0,138.021
rma_flow,split_far2,0,64,2000,1,2,33,276017,,0,2,contention_split_far2_s0_d0_b64_r2000_w1_c0,contention,0,0,138.0085
rma_flow,pair,0,64,2000,16,1,0,123041,,0,2,bandwidth_pair_s0_d63_b64_r2000_w16_c0,bandwidth,0,63,61.5205
rma_flow,pair,0,64,2000,16,1,63,122998,,0,2,bandwidth_pair_s0_d63_b64_r2000_w16_c0,bandwidth,0,63,61.499
rma_flow,pair,0,16384,2000,1,1,0,1508042,,0,2,bandwidth_pair_s0_d7_b16384_r2000_w1_c0,bandwidth,0,7,754.021
rma_flow,pair,0,16384,2000,1,1,7,1508017,,0,2,bandwidth_pair_s0_d7_b16384_r2000_w1_c0,bandwidth,0,7,754.0085
rma_flow,pair,0,1024,2000,8,1,0,148042,,0,2,bandwidth_pair_s0_d8_b1024_r2000_w8_c0,bandwidth,0,8,74.021
rma_flow,pair,0,1024,2000,8,1,8,148011,,0,2,bandwidth_pair_s0_d8_b1024_r2000_w8_c0,bandwidth,0,8,74.0055
rma_flow,pair,0,8,2000,4,1,0,144042,,0,2,bandwidth_pair_s0_d8_b8_r2000_w4_c0,bandwidth,0,8,72.021
rma_flow,pair,0,8,2000,4,1,8,144013,,0,2,bandwidth_pair_s0_d8_b8_r2000_w4_c0,bandwidth,0,8,72.0065
rma_flow,pair,0,65536,2000,1,1,8,5350042,,0,2,bandwidth_pair_s8_d16_b65536_r2000_w1_c0,bandwidth,8,16,2675.021
rma_flow,pair,0,65536,2000,1,1,16,5350026,,0,2,bandwidth_pair_s8_d16_b65536_r2000_w1_c0,bandwidth,8,16,2675.013
rma_flow,split_far2,10,1024,2000,1,2,4,360042,,0,2,contention_split_far2_s0_d0_b1024_r2000_w1_c10,contention,0,0,180.021
rma_flow,split_far2,10,1024,2000,1,2,5,360022,,0,2,contention_split_far2_s0_d0_b1024_r2000_w1_c10,contention,0,0,180.011
rma_flow,split_far2,10,1024,2000,1,2,36,306042,,0,2,contention_split_far2_s0_d0_b1024_r2000_w1_c10,contention,0,0,153.021
rma_flow,split_far2,10,1024,2000,1,2,37,306028,,0,2,contention_split_far2_s0_d0_b1024_r2000_w1_c10,contention,0,0,153.014
rma_flow,incast3,5,1024,2000,1,3,18,420089,,0,2,contention_incast3_s0_d0_b1024_r2000_w1_c5,contention,0,0,210.0445
rma_flow,incast3,5,1024,2000,1,3,19,355108,,0,2,contention_incast3_s0_d0_b1024_r2000_w1_c5,contention,0,0,177.554
rma_flow,incast3,5,1024,2000,1,3,26,419739,,0,2,contention_incast3_s0_d0_b1024_r2000_w1_c5,contention,0,0,209.8695
rma_flow,incast3,5,1024,2000,1,3,27,420109,,0,2,contention_incast3_s0_d0_b1024_r2000_w1_c5,contention,0,0,210.0545
rma_flow,pair,0,256,2000,2,1,0,180042,,0,2,bandwidth_pair_s0_d63_b256_r2000_w2_c0,bandwidth,0,63,90.021
rma_flow,pair,0,256,2000,2,1,63,180004,,0,2,bandwidth_pair_s0_d63_b256_r2000_w2_c0,bandwidth,0,63,90.002
rma_flow,pair,0,4096,2000,16,1,9,336293,,0,2,bandwidth_pair_s9_d18_b4096_r2000_w16_c0,bandwidth,9,18,168.1465
rma_flow,pair,0,4096,2000,16,1,18,336274,,0,2,bandwidth_pair_s9_d18_b4096_r2000_w16_c0,bandwidth,9,18,168.137
rma_flow,pair,0,16384,2000,4,1,0,1338041,,0,2,bandwidth_pair_s0_d1_b16384_r2000_w4_c0,bandwidth,0,1,669.0205
rma_flow,pair,0,16384,2000,4,1,1,1338014,,0,2,bandwidth_pair_s0_d1_b16384_r2000_w4_c0,bandwidth,0,1,669.007
rma_flow,pair,0,128,2000,1,1,0,240042,,0,2,bandwidth_pair_s0_d56_b128_r2000_w1_c0,bandwidth,0,56,120.021
rma_flow,pair,0,128,2000,1,1,56,240008,,0,2,bandwidth_pair_s0_d56_b128_r2000_w1_c0,bandwidth,0,56,120.004
rma_flow,pair,0,64,2000,4,1,9,144042,,0,2,bandwidth_pair_s9_d18_b64_r2000_w4_c0,bandwidth,9,18,72.021
rma_flow,pair,0,64,2000,4,1,18,144022,,0,2,bandwidth_pair_s9_d18_b64_r2000_w4_c0,bandwidth,9,18,72.011
rma_flow,pair,0,64,2000,2,1,0,172041,,0,2,bandwidth_pair_s0_d1_b64_r2000_w2_c0,bandwidth,0,1,86.0205
rma_flow,pair,0,64,2000,2,1,1,172014,,0,2,bandwidth_pair_s0_d1_b64_r2000_w2_c0,bandwidth,0,1,86.007
rma_flow,pair,0,64,2000,1,1,0,228042,,0,2,bandwidth_pair_s0_d7_b64_r2000_w1_c0,bandwidth,0,7,114.021
rma_flow,pair,0,64,2000,1,1,7,228012,,0,2,bandwidth_pair_s0_d7_b64_r2000_w1_c0,bandwidth,0,7,114.006
rma_flow,single,5,64,2000,4,1,18,144041,,0,2,contention_single_s0_d0_b64_r2000_w4_c5,contention,0,0,72.0205
rma_flow,single,5,64,2000,4,1,19,144025,,0,2,contention_single_s0_d0_b64_r2000_w4_c5,contention,0,0,72.0125
rma_flow,single,10,1024,2000,1,1,36,310042,,0,2,contention_single_s0_d0_b1024_r2000_w1_c10,contention,0,0,155.021
rma_flow,single,10,1024,2000,1,1,37,310024,,0,2,contention_single_s0_d0_b1024_r2000_w1_c10,contention,0,0,155.012
rma_flow,pair,0,8,2000,4,1,0,144042,,0,2,bandwidth_pair_s0_d9_b8_r2000_w4_c0,bandwidth,0,9,72.021
rma_flow,pair,0,8,2000,4,1,9,144004,,0,2,bandwidth_pair_s0_d9_b8_r2000_w4_c0,bandwidth,0,9,72.002
rma_flow,pair,0,128,2000,8,1,9,135042,,0,2,bandwidth_pair_s9_d18_b128_r2000_w8_c0,bandwidth,9,18,67.521
rma_flow,pair,0,128,2000,8,1,18,135018,,0,2,bandwidth_pair_s9_d18_b128_r2000_w8_c0,bandwidth,9,18,67.509
rma_flow,pair,0,128,2000,16,1,8,127541,,0,2,bandwidth_pair_s8_d16_b128_r2000_w16_c0,bandwidth,8,16,63.7705
rma_flow,pair,0,128,2000,16,1,16,127522,,0,2,bandwidth_pair_s8_d16_b128_r2000_w16_c0,bandwidth,8,16,63.761
rma_flow,pair,0,128,2000,4,1,0,150041,,0,2,bandwidth_pair_s0_d7_b128_r2000_w4_c0,bandwidth,0,7,75.0205
rma_flow,pair,0,128,2000,4,1,7,150010,,0,2,bandwidth_pair_s0_d7_b128_r2000_w4_c0,bandwidth,0,7,75.005
rma_flow,pair,0,1024,2000,4,1,1,171042,,0,2,bandwidth_pair_s1_d2_b1024_r2000_w4_c0,bandwidth,1,2,85.521
rma_flow,pair,0,1024,2000,4,1,2,171020,,0,2,bandwidth_pair_s1_d2_b1024_r2000_w4_c0,bandwidth,1,2,85.51
rma_flow,pair,0,1024,2000,8,1,0,147543,,0,2,bandwidth_pair_s0_d7_b1024_r2000_w8_c0,bandwidth,0,7,73.7715
rma_flow,pair,0,1024,2000,8,1,7,147510,,0,2,bandwidth_pair_s0_d7_b1024_r2000_w8_c0,bandwidth,0,7,73.755
rma_flow,pair,0,4096,2000,4,1,0,378043,,0,2,bandwidth_pair_s0_d7_b4096_r2000_w4_c0,bandwidth,0,7,189.0215
rma_flow,pair,0,4096,2000,4,1,7,378011,,0,2,bandwidth_pair_s0_d7_b4096_r2000_w4_c0,bandwidth,0,7,189.0055
rma_flow,pair,0,4096,2000,8,1,8,349542,,0,2,bandwidth_pair_s8_d16_b4096_r2000_w8_c0,bandwidth,8,16,174.771
rma_flow,pair,0,4096,2000,8,1,16,349529,,0,2,bandwidth_pair_s8_d16_b4096_r2000_w8_c0,bandwidth,8,16,174.7645
rma_flow,pair,0,8,2000,16,1,0,123043,,0,2,bandwidth_pair_s0_d56_b8_r2000_w16_c0,bandwidth,0,56,61.5215
rma_flow,pair,0,8,2000,16,1,56,123011,,0,2,bandwidth_pair_s0_d56_b8_r2000_w16_c0,bandwidth,0,56,61.5055
rma_flow,pair,0,32768,2000,2,1,8,2676042,,0,2,bandwidth_pair_s8_d16_b32768_r2000_w2_c0,bandwidth,8,16,1338.021
rma_flow,pair,0,32768,2000,2,1,16,2676026,,0,2,bandwidth_pair_s8_d16_b32768_r2000_w2_c0,bandwidth,8,16,1338.013
rma_flow,pair,0,1024,2000,1,1,0,310042,,0,2,bandwidth_pair_s0_d63_b1024_r2000_w1_c0,bandwidth,0,63,155.021
rma_flow,pair,0,1024,2000,1,1,63,309997,,0,2,bandwidth_pair_s0_d63_b1024_r2000_w1_c0,bandwidth,0,63,154.9985
rma_flow,pair,0,256,2000,4,1,9,150043,,0,2,bandwidth_pair_s9_d18_b256_r2000_w4_c0,bandwidth,9,18,75.0215
rma_flow,pair,0,256,2000,4,1,18,150023,,0,2,bandwidth_pair_s9_d18_b256_r2000_w4_c0,bandwidth,9,18,75.0115
rma_flow,pair,0,16,2000,2,1,0,172043,,0,2,bandwidth_pair_s0_d56_b16_r2000_w2_c0,bandwidth,0,56,86.0215
rma_flow,pair,0,16,2000,2,1,56,172011,,0,2,bandwidth_pair_s0_d56_b16_r2000_w2_c0,bandwidth,0,56,86.0055
rma_flow,pair,0,16,2000,1,1,0,228041,,0,2,bandwidth_pair_s0_d63_b16_r2000_w1_c0,bandwidth,0,63,114.0205
rma_flow,pair,0,16,2000,1,1,63,227996,,0,2,bandwidth_pair_s0_d63_b16_r2000_w1_c0,bandwidth,0,63,113.998
rma_flow,pair,0,8,2000,4,1,0,144043,,0,2,bandwidth_pair_s0_d1_b8_r2000_w4_c0,bandwidth,0,1,72.0215
rma_flow,pair,0,8,2000,4,1,1,144014,,0,2,bandwidth_pair_s0_d1_b8_r2000_w4_c0,bandwidth,0,1,72.007
rma_flow,pair,0,4096,2000,16,1,8,336292,,0,2,bandwidth_pair_s8_d16_b4096_r2000_w16_c0,bandwidth,8,16,168.146
rma_flow,pair,0,4096,2000,16,1,16,336275,,0,2,bandwidth_pair_s8_d16_b4096_r2000_w16_c0,bandwidth,8,16,168.1375
rma_flow,pair,0,32,2000,16,1,8,123042,,0,2,bandwidth_pair_s8_d16_b32_r2000_w16_c0,bandwidth,8,16,61.521
rma_flow,pair,0,32,2000,16,1,16,123022,,0,2,bandwidth_pair_s8_d16_b32_r2000_w16_c0,bandwidth,8,16,61.511
rma_flow,alltoall4,10,64,2000,1,12,36,825504,,0,2,contention_alltoall4_s0_d0_b64_r2000_w1_c10,contention,0,0,412.752
rma_flow,alltoall4,10,64,2000,1,12,37,825544,,0,2,contention_alltoall4_s0_d0_b64_r2000_w1_c10,contention,0,0,412.772
rma_flow,alltoall4,10,64,2000,1,12,44,825579,,0,2,contention_alltoall4_s0_d0_b64_r2000_w1_c10,contention,0,0,412.7895
rma_flow,alltoall4,10,64,2000,1,12,45,825606,,0,2,contention_alltoall4_s0_d0_b64_r2000_w1_c10,contention,0,0,412.803
rma_flow,pair,0,128,2000,1,1,8,240042,,0,2,bandwidth_pair_s8_d16_b128_r2000_w1_c0,bandwidth,8,16,120.021
rma_flow,pair,0,128,2000,1,1,16,240019,,0,2,bandwidth_pair_s8_d16_b128_r2000_w1_c0,bandwidth,8,16,120.0095
rma_flow,pair,0,16,2000,16,1,1,123043,,0,2,bandwidth_pair_s1_d2_b16_r2000_w16_c0,bandwidth,1,2,61.5215
rma_flow,pair,0,16,2000,16,1,2,123022,,0,2,bandwidth_pair_s1_d2_b16_r2000_w16_c0,bandwidth,1,2,61.511
rma_flow,pair,0,64,2000,1,1,0,228042,,0,2,bandwidth_pair_s0_d56_b64_r2000_w1_c0,bandwidth,0,56,114.021
rma_flow,pair,0,64,2000,1,1,56,228012,,0,2,bandwidth_pair_s0_d56_b64_r2000_w1_c0,bandwidth,0,56,114.006
rma_flow,pair,0,65536,2000,1,1,9,5350042,,0,2,bandwidth_pair_s9_d18_b65536_r2000_w1_c0,bandwidth,9,18,2675.021
rma_flow,pair,0,65536,2000,1,1,18,5350018,,0,2,bandwidth_pair_s9_d18_b65536_r2000_w1_c0,bandwidth,9,18,2675.009
rma_flow,pair,0,16384,2000,1,1,9,1508042,,0,2,bandwidth_pair_s9_d18_b16384_r2000_w1_c0,bandwidth,9,18,754.021
rma_flow,pair,0,16384,2000,1,1,18,1508024,,0,2,bandwidth_pair_s9_d18_b16384_r2000_w1_c0,bandwidth,9,18,754.012
rma_flow,alltoall4,15,1024,2000,1,12,54,1196152,,0,2,contention_alltoall4_s0_d0_b1024_r2000_w1_c15,contention,0,0,598.076
rma_flow,alltoall4,15,1024,2000,1,12,55,1196196,,0,2,contention_alltoall4_s0_d0_b1024_r2000_w1_c15,contention,0,0,598.098
rma_flow,alltoall4,15,1024,2000,1,12,62,1196234,,0,2,contention_alltoall4_s0_d0_b1024_r2000_w1_c15,contention,0,0,598.117
rma_flow,alltoall4,15,1024,2000,1,12,63,1196264,,0,2,contention_alltoall4_s0_d0_b1024_r2000_w1_c15,contention,0,0,598.132
rma_flow,pair,0,32768,2000,1,1,8,2788042,,0,2,bandwidth_pair_s8_d16_b32768_r2000_w1_c0,bandwidth,8,16,1394.021
rma_flow,pair,0,32768,2000,1,1,16,2788025,,0,2,bandwidth_pair_s8_d16_b32768_r2000_w1_c0,bandwidth,8,16,1394.0125
rma_flow,pair,0,32768,2000,1,1,0,2788042,,0,2,bandwidth_pair_s0_d56_b32768_r2000_w1_c0,bandwidth,0,56,1394.021
rma_flow,pair,0,32768,2000,1,1,56,2788009,,0,2,bandwidth_pair_s0_d56_b32768_r2000_w1_c0,bandwidth,0,56,1394.0045
rma_flow,pair,0,1024,2000,4,1,0,171043,,0,2,bandwidth_pair_s0_d7_b1024_r2000_w4_c0,bandwidth,0,7,85.5215
rma_flow,pair,0,1024,2000,4,1,7,171011,,0,2,bandwidth_pair_s0_d7_b1024_r2000_w4_c0,bandwidth,0,7,85.5055
rma_flow,pair,0,8,2000,1,1,0,228041,,0,2,bandwidth_pair_s0_d56_b8_r2000_w1_c0,bandwidth,0,56,114.0205
rma_flow,pair,0,8,2000,1,1,56,228009,,0,2,bandwidth_pair_s0_d56_b8_r2000_w1_c0,bandwidth,0,56,114.0045
rma_flow,pair,0,65536,2000,1,1,0,5350042,,0,2,bandwidth_pair_s0_d9_b65536_r2000_w1_c0,bandwidth,0,9,2675.021
rma_flow,pair,0,65536,2000,1,1,9,5350004,,0,2,bandwidth_pair_s0_d9_b65536_r2000_w1_c0,bandwidth,0,9,2675.002
rma_flow,ring4,10,1024,2000,1,4,36,474900,,0,2,contention_ring4_s0_d0_b1024_r2000_w1_c10,contention,0,0,237.45
rma_flow,ring4,10,1024,2000,1,4,37,421840,,0,2,contention_ring4_s0_d0_b1024_r2000_w1_c10,contention,0,0,210.92
rma_flow,ring4,10,1024,2000,1,4,44,474928,,0,2,contention_ring4_s0_d0_b1024_r2000_w1_c10,contention,0,0,237.464
rma_flow,ring4,10,1024,2000,1,4,45,474509,,0,2,contention_ring4_s0_d0_b1024_r2000_w1_c10,contention,0,0,237.2545
rma_flow,pair,0,1024,2000,2,1,9,216043,,0,2,bandwidth_pair_s9_d18_b1024_r2000_w2_c0,bandwidth,9,18,108.0215
rma_flow,pair,0,1024,2000,2,1,18,216025,,0,2,bandwidth_pair_s9_d18_b1024_r2000_w2_c0,bandwidth,9,18,108.0125
rma_flow,pair,0,16,2000,4,1,0,144043,,0,2,bandwidth_pair_s0_d8_b16_r2000_w4_c0,bandwidth,0,8,72.0215
rma_flow,pair,0,16,2000,4,1,8,144014,,0,2,bandwidth_pair_s0_d8_b16_r2000_w4_c0,bandwidth,0,8,72.007
rma_flow,pair,0,4096,2000,1,1,0,548042,,0,2,bandwidth_pair_s0_d7_b4096_r2000_w1_c0,bandwidth,0,7,274.021
rma_flow,pair,0,4096,2000,1,1,7,548010,,0,2,bandwidth_pair_s0_d7_b4096_r2000_w1_c0,bandwidth,0,7,274.005
rma_flow,pair,0,32768,2000,1,1,9,2788042,,0,2,bandwidth_pair_s9_d18_b32768_r2000_w1_c0,bandwidth,9,18,1394.021
rma_flow,pair,0,32768,2000,1,1,18,2788024,,0,2,bandwidth_pair_s9_d18_b32768_r2000_w1_c0,bandwidth,9,18,1394.012
rma_flow,pair,0,128,2000,16,1,9,127541,,0,2,bandwidth_pair_s9_d18_b128_r2000_w16_c0,bandwidth,9,18,63.7705
rma_flow,pair,0,128,2000,16,1,18,127520,,0,2,bandwidth_pair_s9_d18_b128_r2000_w16_c0,bandwidth,9,18,63.76
rma_flow,pair,0,64,2000,8,1,1,130041,,0,2,bandwidth_pair_s1_d2_b64_r2000_w8_c0,bandwidth,1,2,65.0205
rma_flow,pair,0,64,2000,8,1,2,130022,,0,2,bandwidth_pair_s1_d2_b64_r2000_w8_c0,bandwidth,1,2,65.011
rma_flow,split_side2,15,1024,2000,4,2,52,218041,,0,2,contention_split_side2_s0_d0_b1024_r2000_w4_c15,contention,0,0,109.0205
rma_flow,split_side2,15,1024,2000,4,2,53,218025,,0,2,contention_split_side2_s0_d0_b1024_r2000_w4_c15,contention,0,0,109.0125
rma_flow,split_side2,15,1024,2000,4,2,54,204041,,0,2,contention_split_side2_s0_d0_b1024_r2000_w4_c15,contention,0,0,102.0205
rma_flow,split_side2,15,1024,2000,4,2,55,204024,,0,2,contention_split_side2_s0_d0_b1024_r2000_w4_c15,contention,0,0,102.012
rma_flow,ring4,5,64,2000,4,4,18,295775,,0,2,contention_ring4_s0_d0_b64_r2000_w4_c5,contention,0,0,147.8875
rma_flow,ring4,5,64,2000,4,4,19,287318,,0,2,contention_ring4_s0_d0_b64_r2000_w4_c5,contention,0,0,143.659
rma_flow,ring4,5,64,2000,4,4,26,295804,,0,2,contention_ring4_s0_d0_b64_r2000_w4_c5,contention,0,0,147.902
rma_flow,ring4,5,64,2000,4,4,27,288017,,0,2,contention_ring4_s0_d0_b64_r2000_w4_c5,contention,0,0,144.0085
rma_flow,pair,0,16384,2000,2,1,0,1394043,,0,2,bandwidth_pair_s0_d7_b16384_r2000_w2_c0,bandwidth,0,7,697.0215
rma_flow,pair,0,16384,2000,2,1,7,1394011,,0,2,bandwidth_pair_s0_d7_b16384_r2000_w2_c0,bandwidth,0,7,697.0055
rma_flow,pair,0,4096,2000,16,1,0,336292,,0,2,bandwidth_pair_s0_d56_b4096_r2000_w16_c0,bandwidth,0,56,168.146
rma_flow,pair,0,4096,2000,16,1,56,336263,,0,2,bandwidth_pair_s0_d56_b4096_r2000_w16_c0,bandwidth,0,56,168.1315
rma_flow,ring4,5,1024,2000,4,4,18,359273,,0,2,contention_ring4_s0_d0_b1024_r2000_w4_c5,contention,0,0,179.6365
rma_flow,ring4,5,1024,2000,4,4,19,357973,,0,2,contention_ring4_s0_d0_b1024_r2000_w4_c5,contention,0,0,178.9865
rma_flow,ring4,5,1024,2000,4,4,26,359306,,0,2,contention_ring4_s0_d0_b1024_r2000_w4_c5,contention,0,0,179.653
rma_flow,ring4,5,1024,2000,4,4,27,358704,,0,2,contention_ring4_s0_d0_b1024_r2000_w4_c5,contention,0,0,179.352
rma_flow,pair,0,4096,2000,16,1,0,336293,,0,2,bandwidth_pair_s0_d7_b4096_r2000_w16_c0,bandwidth,0,7,168.1465
rma_flow,pair,0,4096,2000,16,1,7,336264,,0,2,bandwidth_pair_s0_d7_b4096_r2000_w16_c0,bandwidth,0,7,168.132
rma_flow,pair,0,256,2000,4,1,0,150043,,0,2,bandwidth_pair_s0_d56_b256_r2000_w4_c0,bandwidth,0,56,75.0215
rma_flow,pair,0,256,2000,4,1,56,150017,,0,2,bandwidth_pair_s0_d56_b256_r2000_w4_c0,bandwidth,0,56,75.0085
rma_flow,alltoall4,15,64,2000,1,12,54,825504,,0,2,contention_alltoall4_s0_d0_b64_r2000_w1_c15,contention,0,0,412.752
rma_flow,alltoall4,15,64,2000,1,12,55,825544,,0,2,contention_alltoall4_s0_d0_b64_r2000_w1_c15,contention,0,0,412.772
rma_flow,alltoall4,15,64,2000,1,12,62,825579,,0,2,contention_alltoall4_s0_d0_b64_r2000_w1_c15,contention,0,0,412.7895
rma_flow,alltoall4,15,64,2000,1,12,63,825606,,0,2,contention_alltoall4_s0_d0_b64_r2000_w1_c15,contention,0,0,412.803
rma_flow,incast3,10,1024,2000,4,3,36,273165,,0,2,contention_incast3_s0_d0_b1024_r2000_w4_c10,contention,0,0,136.5825
rma_flow,incast3,10,1024,2000,4,3,37,273081,,0,2,contention_incast3_s0_d0_b1024_r2000_w4_c10,contention,0,0,136.5405
rma_flow,incast3,10,1024,2000,4,3,44,273138,,0,2,contention_incast3_s0_d0_b1024_r2000_w4_c10,contention,0,0,136.569
rma_flow,incast3,10,1024,2000,4,3,45,273182,,0,2,contention_incast3_s0_d0_b1024_r2000_w4_c10,contention,0,0,136.591
rma_flow,pair,0,64,2000,8,1,0,130041,,0,2,bandwidth_pair_s0_d8_b64_r2000_w8_c0,bandwidth,0,8,65.0205
rma_flow,pair,0,64,2000,8,1,8,130014,,0,2,bandwidth_pair_s0_d8_b64_r2000_w8_c0,bandwidth,0,8,65.007
rma_flow,pair,0,1024,2000,16,1,0,135792,,0,2,bandwidth_pair_s0_d56_b1024_r2000_w16_c0,bandwidth,0,56,67.896
rma_flow,pair,0,1024,2000,16,1,56,135764,,0,2,bandwidth_pair_s0_d56_b1024_r2000_w16_c0,bandwidth,0,56,67.882
rma_flow,pair,0,1024,2000,8,1,9,147543,,0,2,bandwidth_pair_s9_d18_b1024_r2000_w8_c0,bandwidth,9,18,73.7715
rma_flow,pair,0,1024,2000,8,1,18,147520,,0,2,bandwidth_pair_s9_d18_b1024_r2000_w8_c0,bandwidth,9,18,73.76
rma_flow,incast3,15,64,2000,1,3,54,328042,,0,2,contention_incast3_s0_d0_b64_r2000_w1_c15,contention,0,0,164.021
rma_flow,incast3,15,64,2000,1,3,55,298219,,0,2,contention_incast3_s0_d0_b64_r2000_w1_c15,contention,0,0,149.1095
rma_flow,incast3,15,64,2000,1,3,62,298223,,0,2,contention_incast3_s0_d0_b64_r2000_w1_c15,contention,0,0,149.1115
rma_flow,incast3,15,64,2000,1,3,63,328060,,0,2,contention_incast3_s0_d0_b64_r2000_w1_c15,contention,0,0,164.03
rma_flow,pair,0,4096,2000,1,1,9,548042,,0,2,bandwidth_pair_s9_d18_b4096_r2000_w1_c0,bandwidth,9,18,274.021
rma_flow,pair,0,4096,2000,1,1,18,548024,,0,2,bandwidth_pair_s9_d18_b4096_r2000_w1_c0,bandwidth,9,18,274.012
rma_flow,pair,0,64,2000,4,1,1,144041,,0,2,bandwidth_pair_s1_d2_b64_r2000_w4_c0,bandwidth,1,2,72.0205
rma_flow,pair,0,64,2000,4,1,2,144022,,0,2,bandwidth_pair_s1_d2_b64_r2000_w4_c0,bandwidth,1,2,72.011
rma_flow,pair,0,32,2000,2,1,0,172043,,0,2,bandwidth_pair_s0_d1_b32_r2000_w2_c0,bandwidth,0,1,86.0215
rma_flow,pair,0,32,2000,2,1,1,172014,,0,2,bandwidth_pair_s0_d1_b32_r2000_w2_c0,bandwidth,0,1,86.007
rma_flow,split_near2,0,1024,2000,4,2,0,204041,,0,2,contention_split_near2_s0_d0_b1024_r2000_w4_c0,contention,0,0,102.0205
rma_flow,split_near2,0,1024,2000,4,2,1,204013,,0,2,contention_split_near2_s0_d0_b1024_r2000_w4_c0,contention,0,0,102.0065
rma_flow,split_near2,0,1024,2000,4,2,16,218042,,0,2,contention_split_near2_s0_d0_b1024_r2000_w4_c0,contention,0,0,109.021
rma_flow,split_near2,0,1024,2000,4,2,17,218015,,0,2,contention_split_near2_s0_d0_b1024_r2000_w4_c0,contention,0,0,109.0075
rma_flow,pair,0,256,2000,8,1,0,135042,,0,2,bandwidth_pair_s0_d9_b256_r2000_w8_c0,bandwidth,0,9,67.521
rma_flow,pair,0,256,2000,8,1,9,135009,,0,2,bandwidth_pair_s0_d9_b256_r2000_w8_c0,bandwidth,0,9,67.5045
rma_flow,pair,0,65536,2000,1,1,1,5350042,,0,2,bandwidth_pair_s1_d2_b65536_r2000_w1_c0,bandwidth,1,2,2675.021
rma_flow,pair,0,65536,2000,1,1,2,5350019,,0,2,bandwidth_pair_s1_d2_b65536_r2000_w1_c0,bandwidth,1,2,2675.0095
rma_flow,pair,0,4096,2000,4,1,1,378043,,0,2,bandwidth_pair_s1_d2_b4096_r2000_w4_c0,bandwidth,1,2,189.0215
rma_flow,pair,0,4096,2000,4,1,2,378027,,0,2,bandwidth_pair_s1_d2_b4096_r2000_w4_c0,bandwidth,1,2,189.0135
rma_flow,pair,0,128,2000,16,1,0,127542,,0,2,bandwidth_pair_s0_d1_b128_r2000_w16_c0,bandwidth,0,1,63.771
rma_flow,pair,0,128,2000,16,1,1,127514,,0,2,bandwidth_pair_s0_d1_b128_r2000_w16_c0,bandwidth,0,1,63.757
rma_flow,pair,0,128,2000,4,1,0,150042,,0,2,bandwidth_pair_s0_d1_b128_r2000_w4_c0,bandwidth,0,1,75.021
rma_flow,pair,0,128,2000,4,1,1,150011,,0,2,bandwidth_pair_s0_d1_b128_r2000_w4_c0,bandwidth,0,1,75.0055
rma_flow,pair,0,128,2000,1,1,0,240042,,0,3,bandwidth_pair_s0_d63_b128_r2000_w1_c0,bandwidth,0,63,120.021
rma_flow,pair,0,128,2000,1,1,63,239995,,0,3,bandwidth_pair_s0_d63_b128_r2000_w1_c0,bandwidth,0,63,119.9975
rma_flow,pair,0,1024,2000,1,1,0,310042,,0,3,bandwidth_pair_s0_d1_b1024_r2000_w1_c0,bandwidth,0,1,155.021
rma_flow,pair,0,1024,2000,1,1,1,310012,,0,3,bandwidth_pair_s0_d1_b1024_r2000_w1_c0,bandwidth,0,1,155.006
rma_flow,pair,0,32,2000,1,1,0,228041,,0,3,bandwidth_pair_s0_d9_b32_r2000_w1_c0,bandwidth,0,9,114.0205
rma_flow,pair,0,32,2000,1,1,9,228003,,0,3,bandwidth_pair_s0_d9_b32_r2000_w1_c0,bandwidth,0,9,114.0015
rma_flow,split_side2,0,64,2000,4,2,0,188041,,0,3,contention_split_side2_s0_d0_b64_r2000_w4_c0,contention,0,0,94.0205
rma_flow,split_side2,0,64,2000,4,2,1,188008,,0,3,contention_split_side2_s0_d0_b64_r2000_w4_c0,contention,0,0,94.004
rma_flow,split_side2,0,64,2000,4,2,2,195043,,0,3,contention_split_side2_s0_d0_b64_r2000_w4_c0,contention,0,0,97.5215
rma_flow,split_side2,0,64,2000,4,2,3,195029,,0,3,contention_split_side2_s0_d0_b64_r2000_w4_c0,contention,0,0,97.5145
rma_flow,pair,0,8,2000,16,1,0,123043,,0,3,bandwidth_pair_s0_d8_b8_r2000_w16_c0,bandwidth,0,8,61.5215
rma_flow,pair,0,8,2000,16,1,8,123014,,0,3,bandwidth_pair_s0_d8_b8_r2000_w16_c0,bandwidth,0,8,61.507
rma_flow,pair,0,16384,2000,2,1,0,1396041,,0,3,bandwidth_pair_s0_d1_b16384_r2000_w2_c0,bandwidth,0,1,698.0205
rma_flow,pair,0,16384,2000,2,1,1,1396014,,0,3,bandwidth_pair_s0_d1_b16384_r2000_w2_c0,bandwidth,0,1,698.007
rma_flow,incast3,5,1024,2000,1,3,18,420627,,0,3,contention_incast3_s0_d0_b1024_r2000_w1_c5,contention,0,0,210.3135
rma_flow,incast3,5,1024,2000,1,3,19,355705,,0,3,contention_incast3_s0_d0_b1024_r2000_w1_c5,contention,0,0,177.8525
rma_flow,incast3,5,1024,2000,1,3,26,420280,,0,3,contention_incast3_s0_d0_b1024_r2000_w1_c5,contention,0,0,210.14
rma_flow,incast3,5,1024,2000,1,3,27,420649,,0,3,contention_incast3_s0_d0_b1024_r2000_w1_c5,contention,0,0,210.3245
rma_flow,pair,0,64,2000,1,1,1,228041,,0,3,bandwidth_pair_s1_d2_b64_r2000_w1_c0,bandwidth,1,2,114.0205
rma_flow,pair,0,64,2000,1,1,2,228022,,0,3,bandwidth_pair_s1_d2_b64_r2000_w1_c0,bandwidth,1,2,114.011
rma_flow,pair,0,64,2000,1,1,0,228041,,0,3,bandwidth_pair_s0_d9_b64_r2000_w1_c0,bandwidth,0,9,114.0205
rma_flow,pair,0,64,2000,1,1,9,228005,,0,3,bandwidth_pair_s0_d9_b64_r2000_w1_c0,bandwidth,0,9,114.0025
rma_flow,pair,0,32768,2000,2,1,0,2676041,,0,3,bandwidth_pair_s0_d7_b32768_r2000_w2_c0,bandwidth,0,7,1338.0205
rma_flow,pair,0,32768,2000,2,1,7,2676013,,0,3,bandwidth_pair_s0_d7_b32768_r2000_w2_c0,bandwidth,0,7,1338.0065
rma_flow,pair,0,8,2000,4,1,0,144043,,0,3,bandwidth_pair_s0_d9_b8_r2000_w4_c0,bandwidth,0,9,72.0215
rma_flow,pair,0,8,2000,4,1,9,144005,,0,3,bandwidth_pair_s0_d9_b8_r2000_w4_c0,bandwidth,0,9,72.0025
rma_flow,pair,0,128,2000,8,1,0,135042,,0,3,bandwidth_pair_s0_d56_b128_r2000_w8_c0,bandwidth,0,56,67.521
rma_flow,pair,0,128,2000,8,1,56,135011,,0,3,bandwidth_pair_s0_d56_b128_r2000_w8_c0,bandwidth,0,56,67.5055
rma_flow,pair,0,16,2000,16,1,8,123043,,0,3,bandwidth_pair_s8_d16_b16_r2000_w16_c0,bandwidth,8,16,61.5215
rma_flow,pair,0,16,2000,16,1,16,123023,,0,3,bandwidth_pair_s8_d16_b16_r2000_w16_c0,bandwidth,8,16,61.5115
rma_flow,pair,0,16,2000,8,1,0,130043,,0,3,bandwidth_pair_s0_d9_b16_r2000_w8_c0,bandwidth,0,9,65.0215
rma_flow,pair,0,16,2000,8,1,9,130005,,0,3,bandwidth_pair_s0_d9_b16_r2000_w8_c0,bandwidth,0,9,65.0025
rma_flow,pair,0,128,2000,8,1,9,135042,,0,3,bandwidth_pair_s9_d18_b128_r2000_w8_c0,bandwidth,9,18,67.521
rma_flow,pair,0,128,2000,8,1,18,135018,,0,3,bandwidth_pair_s9_d18_b128_r2000_w8_c0,bandwidth,9,18,67.509
rma_flow,incast3,0,1024,2000,4,3,0,273176,,0,3,contention_incast3_s0_d0_b1024_r2000_w4_c0,contention,0,0,136.588
rma_flow,incast3,0,1024,2000,4,3,1,273079,,0,3,contention_incast3_s0_d0_b1024_r2000_w4_c0,contention,0,0,136.5395
rma_flow,incast3,0,1024,2000,4,3,8,273138,,0,3,contention_incast3_s0_d0_b1024_r2000_w4_c0,contention,0,0,136.569
rma_flow,incast3,0,1024,2000,4,3,9,273172,,0,3,contention_incast3_s0_d0_b1024_r2000_w4_c0,contention,0,0,136.586
rma_flow,intra2,15,64,2000,4,2,54,188535,,0,3,contention_intra2_s0_d0_b64_r2000_w4_c15,contention,0,0,94.2675
rma_flow,intra2,15,64,2000,4,2,55,188511,,0,3,contention_intra2_s0_d0_b64_r2000_w4_c15,contention,0,0,94.2555
rma_flow,intra2,15,64,2000,4,2,62,195733,,0,3,contention_intra2_s0_d0_b64_r2000_w4_c15,contention,0,0,97.8665
rma_flow,intra2,15,64,2000,4,2,63,195719,,0,3,contention_intra2_s0_d0_b64_r2000_w4_c15,contention,0,0,97.8595
rma_flow,pair,0,64,2000,4,1,1,144041,,0,3,bandwidth_pair_s1_d2_b64_r2000_w4_c0,bandwidth,1,2,72.0205
rma_flow,pair,0,64,2000,4,1,2,144022,,0,3,bandwidth_pair_s1_d2_b64_r2000_w4_c0,bandwidth,1,2,72.011
rma_flow,split_far2,15,64,2000,1,2,22,276486,,0,3,contention_split_far2_s0_d0_b64_r2000_w1_c15,contention,0,0,138.243
rma_flow,split_far2,15,64,2000,1,2,23,276472,,0,3,contention_split_far2_s0_d0_b64_r2000_w1_c15,contention,0,0,138.236
rma_flow,split_far2,15,64,2000,1,2,54,248042,,0,3,contention_split_far2_s0_d0_b64_r2000_w1_c15,contention,0,0,124.021
rma_flow,split_far2,15,64,2000,1,2,55,248016,,0,3,contention_split_far2_s0_d0_b64_r2000_w1_c15,contention,0,0,124.008
rma_flow,pair,0,1024,2000,2,1,1,216042,,0,3,bandwidth_pair_s1_d2_b1024_r2000_w2_c0,bandwidth,1,2,108.021
rma_flow,pair,0,1024,2000,2,1,2,216025,,0,3,bandwidth_pair_s1_d2_b1024_r2000_w2_c0,bandwidth,1,2,108.0125
rma_flow,pair,0,4096,2000,2,1,0,436041,,0,3,bandwidth_pair_s0_d1_b4096_r2000_w2_c0,bandwidth,0,1,218.0205
rma_flow,pair,0,4096,2000,2,1,1,436016,,0,3,bandwidth_pair_s0_d1_b4096_r2000_w2_c0,bandwidth,0,1,218.008
rma_flow,split_far2,10,64,2000,4,2,4,195477,,0,3,contention_split_far2_s0_d0_b64_r2000_w4_c10,contention,0,0,97.7385
rma_flow,split_far2,10,64,2000,4,2,5,195463,,0,3,contention_split_far2_s0_d0_b64_r2000_w4_c10,contention,0,0,97.7315
rma_flow,split_far2,10,64,2000,4,2,36,188530,,0,3,contention_split_far2_s0_d0_b64_r2000_w4_c10,contention,0,0,94.265
rma_flow,split_far2,10,64,2000,4,2,37,188504,,0,3,contention_split_far2_s0_d0_b64_r2000_w4_c10,contention,0,0,94.252
rma_flow,pair,0,32,2000,4,1,0,144043,,0,3,bandwidth_pair_s0_d56_b32_r2000_w4_c0,bandwidth,0,56,72.0215
rma_flow,pair,0,32,2000,4,1,56,144011,,0,3,bandwidth_pair_s0_d56_b32_r2000_w4_c0,bandwidth,0,56,72.0055
rma_flow,pair,0,16,2000,2,1,0,172043,,0,3,bandwidth_pair_s0_d63_b16_r2000_w2_c0,bandwidth,0,63,86.0215
rma_flow,pair,0,16,2000,2,1,63,171998,,0,3,bandwidth_pair_s0_d63_b16_r2000_w2_c0,bandwidth,0,63,85.999
rma_flow,pair,0,16384,2000,1,1,0,1508042,,0,3,bandwidth_pair_s0_d63_b16384_r2000_w1_c0,bandwidth,0,63,754.021
rma_flow,pair,0,16384,2000,1,1,63,1507996,,0,3,bandwidth_pair_s0_d63_b16384_r2000_w1_c0,bandwidth,0,63,753.998
rma_flow,pair,0,64,2000,2,1,0,172041,,0,3,bandwidth_pair_s0_d8_b64_r2000_w2_c0,bandwidth,0,8,86.0205
rma_flow,pair,0,64,2000,2,1,8,172014,,0,3,bandwidth_pair_s0_d8_b64_r2000_w2_c0,bandwidth,0,8,86.007
rma_flow,pair,0,8,2000,2,1,0,172043,,0,3,bandwidth_pair_s0_d56_b8_r2000_w2_c0,bandwidth,0,56,86.0215
rma_flow,pair,0,8,2000,2,1,56,172011,,0,3,bandwidth_pair_s0_d56_b8_r2000_w2_c0,bandwidth,0,56,86.0055
rma_flow,split_side2,15,1024,2000,1,2,52,360503,,0,3,contention_split_side2_s0_d0_b1024_r2000_w1_c15,contention,0,0,180.2515
rma_flow,split_side2,15,1024,2000,1,2,53,360488,,0,3,contention_split_side2_s0_d0_b1024_r2000_w1_c15,contention,0,0,180.244
rma_flow,split_side2,15,1024,2000,1,2,54,306042,,0,3,contention_split_side2_s0_d0_b1024_r2000_w1_c15,contention,0,0,153.021
rma_flow,split_side2,15,1024,2000,1,2,55,306027,,0,3,contention_split_side2_s0_d0_b1024_r2000_w1_c15,contention,0,0,153.0135
rma_flow,pair,0,256,2000,1,1,9,240043,,0,3,bandwidth_pair_s9_d18_b256_r2000_w1_c0,bandwidth,9,18,120.0215
rma_flow,pair,0,256,2000,1,1,18,240024,,0,3,bandwidth_pair_s9_d18_b256_r2000_w1_c0,bandwidth,9,18,120.012
rma_flow,pair,0,32768,2000,2,1,0,2676041,,0,3,bandwidth_pair_s0_d63_b32768_r2000_w2_c0,bandwidth,0,63,1338.0205
rma_flow,pair,0,32768,2000,2,1,63,2676000,,0,3,bandwidth_pair_s0_d63_b32768_r2000_w2_c0,bandwidth,0,63,1338.0
rma_flow,pair,0,1024,2000,2,1,8,216042,,0,3,bandwidth_pair_s8_d16_b1024_r2000_w2_c0,bandwidth,8,16,108.021
rma_flow,pair,0,1024,2000,2,1,16,216026,,0,3,bandwidth_pair_s8_d16_b1024_r2000_w2_c0,bandwidth,8,16,108.013
rma_flow,pair,0,16,2000,2,1,0,172042,,0,3,bandwidth_pair_s0_d1_b16_r2000_w2_c0,bandwidth,0,1,86.021
rma_flow,pair,0,16,2000,2,1,1,172013,,0,3,bandwidth_pair_s0_d1_b16_r2000_w2_c0,bandwidth,0,1,86.0065
rma_flow,single,15,64,2000,1,1,54,228042,,0,3,contention_single_s0_d0_b64_r2000_w1_c15,contention,0,0,114.021
rma_flow,single,15,64,2000,1,1,55,228026,,0,3,contention_single_s0_d0_b64_r2000_w1_c15,contention,0,0,114.013
rma_flow,pair,0,8,2000,1,1,0,228041,,0,3,bandwidth_pair_s0_d9_b8_r2000_w1_c0,bandwidth,0,9,114.0205
rma_flow,pair,0,8,2000,1,1,9,228003,,0,3,bandwidth_pair_s0_d9_b8_r2000_w1_c0,bandwidth,0,9,114.0015
rma_flow,split_side2,5,64,2000,4,2,18,188041,,0,3,contention_split_side2_s0_d0_b64_r2000_w4_c5,contention,0,0,94.0205
rma_flow,split_side2,5,64,2000,4,2,19,188017,,0,3,contention_split_side2_s0_d0_b64_r2000_w4_c5,contention,0,0,94.0085
rma_flow,split_side2,5,64,2000,4,2,20,195536,,0,3,contention_split_side2_s0_d0_b64_r2000_w4_c5,contention,0,0,97.768
rma_flow,split_side2,5,64,2000,4,2,21,195522,,0,3,contention_split_side2_s0_d0_b64_r2000_w4_c5,contention,0,0,97.761
rma_flow,pair,0,64,2000,4,1,0,144042,,0,3,bandwidth_pair_s0_d1_b64_r2000_w4_c0,bandwidth,0,1,72.021
rma_flow,pair,0,64,2000,4,1,1,144015,,0,3,bandwidth_pair_s0_d1_b64_r2000_w4_c0,bandwidth,0,1,72.0075
rma_flow,pair,0,128,2000,2,1,0,180042,,0,3,bandwidth_pair_s0_d9_b128_r2000_w2_c0,bandwidth,0,9,90.021
rma_flow,pair,0,128,2000,2,1,9,180002,,0,3,bandwidth_pair_s0_d9_b128_r2000_w2_c0,bandwidth,0,9,90.001
rma_flow,pair,0,4096,2000,4,1,0,378043,,0,3,bandwidth_pair_s0_d56_b4096_r2000_w4_c0,bandwidth,0,56,189.0215
rma_flow,pair,0,4096,2000,4,1,56,378011,,0,3,bandwidth_pair_s0_d56_b4096_r2000_w4_c0,bandwidth,0,56,189.0055
rma_flow,split_near2,15,64,2000,1,2,38,276550,,0,3,contention_split_near2_s0_d0_b64_r2000_w1_c15,contention,0,0,138.275
rma_flow,split_near2,15,64,2000,1,2,39,276538,,0,3,contention_split_near2_s0_d0_b64_r2000_w1_c15,contention,0,0,138.269
rma_flow,split_near2,15,64,2000,1,2,54,248042,,0,3,contention_split_near2_s0_d0_b64_r2000_w1_c15,contention,0,0,124.021
rma_flow,split_near2,15,64,2000,1,2,55,248017,,0,3,contention_split_near2_s0_d0_b64_r2000_w1_c15,contention,0,0,124.0085
rma_flow,incast3,10,64,2000,1,3,36,329246,,0,3,contention_incast3_s0_d0_b64_r2000_w1_c10,contention,0,0,164.623
rma_flow,incast3,10,64,2000,1,3,37,298042,,0,3,contention_incast3_s0_d0_b64_r2000_w1_c10,contention,0,0,149.021
rma_flow,incast3,10,64,2000,1,3,44,298548,,0,3,contention_incast3_s0_d0_b64_r2000_w1_c10,contention,0,0,149.274
rma_flow,incast3,10,64,2000,1,3,45,329264,,0,3,contention_incast3_s0_d0_b64_r2000_w1_c10,contention,0,0,164.632
rma_flow,pair,0,128,2000,1,1,0,240042,,0,3,bandwidth_pair_s0_d56_b128_r2000_w1_c0,bandwidth,0,56,120.021
rma_flow,pair,0,128,2000,1,1,56,240007,,0,3,bandwidth_pair_s0_d56_b128_r2000_w1_c0,bandwidth,0,56,120.0035
rma_flow,pair,0,4096,2000,16,1,0,336542,,0,3,bandwidth_pair_s0_d8_b4096_r2000_w16_c0,bandwidth,0,8,168.271
rma_flow,pair,0,4096,2000,16,1,8,336515,,0,3,bandwidth_pair_s0_d8_b4096_r2000_w16_c0,bandwidth,0,8,168.2575
rma_flow,pair,0,256,2000,4,1,8,150042,,0,3,bandwidth_pair_s8_d16_b256_r2000_w4_c0,bandwidth,8,16,75.021
rma_flow,pair,0,256,2000,4,1,16,150024,,0,3,bandwidth_pair_s8_d16_b256_r2000_w4_c0,bandwidth,8,16,75.012
rma_flow,pair,0,32,2000,8,1,0,130042,,0,3,bandwidth_pair_s0_d7_b32_r2000_w8_c0,bandwidth,0,7,65.021
rma_flow,pair,0,32,2000,8,1,7,130010,,0,3,bandwidth_pair_s0_d7_b32_r2000_w8_c0,bandwidth,0,7,65.005
rma_flow,pair,0,8,2000,4,1,0,144042,,0,3,bandwidth_pair_s0_d63_b8_r2000_w4_c0,bandwidth,0,63,72.021
rma_flow,pair,0,8,2000,4,1,63,143997,,0,3,bandwidth_pair_s0_d63_b8_r2000_w4_c0,bandwidth,0,63,71.9985
rma_flow,pair,0,4096,2000,8,1,0,349543,,0,3,bandwidth_pair_s0_d7_b4096_r2000_w8_c0,bandwidth,0,7,174.7715
rma_flow,pair,0,4096,2000,8,1,7,349513,,0,3,bandwidth_pair_s0_d7_b4096_r2000_w8_c0,bandwidth,0,7,174.7565
rma_flow,pair,0,128,2000,4,1,8,150041,,0,3,bandwidth_pair_s8_d16_b128_r2000_w4_c0,bandwidth,8,16,75.0205
rma_flow,pair,0,128,2000,4,1,16,150019,,0,3,bandwidth_pair_s8_d16_b128_r2000_w4_c0,bandwidth,8,16,75.0095
rma_flow,pair,0,16384,2000,4,1,0,1338042,,0,3,bandwidth_pair_s0_d1_b16384_r2000_w4_c0,bandwidth,0,1,669.021
rma_flow,pair,0,16384,2000,4,1,1,1338015,,0,3,bandwidth_pair_s0_d1_b16384_r2000_w4_c0,bandwidth,0,1,669.0075
rma_flow,pair,0,32,2000,16,1,8,123042,,0,3,bandwidth_pair_s8_d16_b32_r2000_w16_c0,bandwidth,8,16,61.521
rma_flow,pair,0,32,2000,16,1,16,123022,,0,3,bandwidth_pair_s8_d16_b32_r2000_w16_c0,bandwidth,8,16,61.511
rma_flow,pair,0,65536,2000,1,1,0,5350042,,0,3,bandwidth_pair_s0_d7_b65536_r2000_w1_c0,bandwidth,0,7,2675.021
rma_flow,pair,0,65536,2000,1,1,7,5350011,,0,3,bandwidth_pair_s0_d7_b65536_r2000_w1_c0,bandwidth,0,7,2675.0055
rma_flow,pair,0,4096,2000,16,1,8,336292,,0,3,bandwidth_pair_s8_d16_b4096_r2000_w16_c0,bandwidth,8,16,168.146
rma_flow,pair,0,4096,2000,16,1,16,336275,,0,3,bandwidth_pair_s8_d16_b4096_r2000_w16_c0,bandwidth,8,16,168.1375
rma_flow,pair,0,16384,2000,1,1,0,1508042,,0,3,bandwidth_pair_s0_d8_b16384_r2000_w1_c0,bandwidth,0,8,754.021
rma_flow,pair,0,16384,2000,1,1,8,1508011,,0,3,bandwidth_pair_s0_d8_b16384_r2000_w1_c0,bandwidth,0,8,754.0055
rma_flow,ring4,15,1024,2000,4,4,54,359273,,0,3,contention_ring4_s0_d0_b1024_r2000_w4_c15,contention,0,0,179.6365
rma_flow,ring4,15,1024,2000,4,4,55,357973,,0,3,contention_ring4_s0_d0_b1024_r2000_w4_c15,contention,0,0,178.9865
rma_flow,ring4,15,1024,2000,4,4,62,359306,,0,3,contention_ring4_s0_d0_b1024_r2000_w4_c15,contention,0,0,179.653
rma_flow,ring4,15,1024,2000,4,4,63,358704,,0,3,contention_ring4_s0_d0_b1024_r2000_w4_c15,contention,0,0,179.352
rma_flow,split_near2,10,1024,2000,1,2,36,306042,,0,3,contention_split_near2_s0_d0_b1024_r2000_w1_c10,contention,0,0,153.021
rma_flow,split_near2,10,1024,2000,1,2,37,306027,,0,3,contention_split_near2_s0_d0_b1024_r2000_w1_c10,contention,0,0,153.0135
rma_flow,split_near2,10,1024,2000,1,2,52,360042,,0,3,contention_split_near2_s0_d0_b1024_r2000_w1_c10,contention,0,0,180.021
rma_flow,split_near2,10,1024,2000,1,2,53,360023,,0,3,contention_split_near2_s0_d0_b1024_r2000_w1_c10,contention,0,0,180.0115
rma_flow,pair,0,32,2000,8,1,9,130043,,0,3,bandwidth_pair_s9_d18_b32_r2000_w8_c0,bandwidth,9,18,65.0215
rma_flow,pair,0,32,2000,8,1,18,130021,,0,3,bandwidth_pair_s9_d18_b32_r2000_w8_c0,bandwidth,9,18,65.0105
rma_flow,pair,0,64,2000,1,1,0,228042,,0,3,bandwidth_pair_s0_d63_b64_r2000_w1_c0,bandwidth,0,63,114.021
rma_flow,pair,0,64,2000,1,1,63,227999,,0,3,bandwidth_pair_s0_d63_b64_r2000_w1_c0,bandwidth,0,63,113.9995
rma_flow,pair,0,8,2000,2,1,0,172043,,0,3,bandwidth_pair_s0_d8_b8_r2000_w2_c0,bandwidth,0,8,86.0215
rma_flow,pair,0,8,2000,2,1,8,172014,,0,3,bandwidth_pair_s0_d8_b8_r2000_w2_c0,bandwidth,0,8,86.007
rma_flow,single,5,1024,2000,4,1,18,171042,,0,3,contention_single_s0_d0_b1024_r2000_w4_c5,contention,0,0,85.521
rma_flow,single,5,1024,2000,4,1,19,171029,,0,3,contention_single_s0_d0_b1024_r2000_w4_c5,contention,0,0,85.5145
rma_flow,pair,0,1024,2000,2,1,0,216042,,0,3,bandwidth_pair_s0_d1_b1024_r2000_w2_c0,bandwidth,0,1,108.021
rma_flow,pair,0,1024,2000,2,1,1,216017,,0,3,bandwidth_pair_s0_d1_b1024_r2000_w2_c0,bandwidth,0,1,108.0085
rma_flow,pair,0,16384,2000,2,1,0,1396042,,0,3,bandwidth_pair_s0_d8_b16384_r2000_w2_c0,bandwidth,0,8,698.021
rma_flow,pair,0,16384,2000,2,1,8,1396015,,0,3,bandwidth_pair_s0_d8_b16384_r2000_w2_c0,bandwidth,0,8,698.0075
rma_flow,pair,0,4096,2000,1,1,0,548042,,0,3,bandwidth_pair_s0_d1_b4096_r2000_w1_c0,bandwidth,0,1,274.021
rma_flow,pair,0,4096,2000,1,1,1,548016,,0,3,bandwidth_pair_s0_d1_b4096_r2000_w1_c0,bandwidth,0,1,274.008
rma_flow,pair,0,64,2000,16,1,0,123042,,0,3,bandwidth_pair_s0_d8_b64_r2000_w16_c0,bandwidth,0,8,61.521
rma_flow,pair,0,64,2000,16,1,8,123015,,0,3,bandwidth_pair_s0_d8_b64_r2000_w16_c0,bandwidth,0,8,61.5075
rma_flow,incast3,10,64,2000,4,3,36,244294,,0,3,contention_incast3_s0_d0_b64_r2000_w4_c10,contention,0,0,122.147
rma_flow,incast3,10,64,2000,4,3,37,236593,,0,3,contention_incast3_s0_d0_b64_r2000_w4_c10,contention,0,0,118.2965
rma_flow,incast3,10,64,2000,4,3,44,237104,,0,3,contention_incast3_s0_d0_b64_r2000_w4_c10,contention,0,0,118.552
rma_flow,incast3,10,64,2000,4,3,45,244312,,0,3,contention_incast3_s0_d0_b64_r2000_w4_c10,contention,0,0,122.156
rma_flow,pair,0,128,2000,1,1,1,240042,,0,3,bandwidth_pair_s1_d2_b128_r2000_w1_c0,bandwidth,1,2,120.021
rma_flow,pair,0,128,2000,1,1,2,240018,,0,3,bandwidth_pair_s1_d2_b128_r2000_w1_c0,bandwidth,1,2,120.009
rma_flow,pair,0,8,2000,2,1,0,172043,,0,3,bandwidth_pair_s0_d7_b8_r2000_w2_c0,bandwidth,0,7,86.0215
rma_flow,pair,0,8,2000,2,1,7,172011,,0,3,bandwidth_pair_s0_d7_b8_r2000_w2_c0,bandwidth,0,7,86.0055
rma_flow,pair,0,16,2000,2,1,8,172042,,0,3,bandwidth_pair_s8_d16_b16_r2000_w2_c0,bandwidth,8,16,86.021
rma_flow,pair,0,16,2000,2,1,16,172022,,0,3,bandwidth_pair_s8_d16_b16_r2000_w2_c0,bandwidth,8,16,86.011
rma_flow,pair,0,1024,2000,16,1,0,136542,,0,3,bandwidth_pair_s0_d9_b1024_r2000_w16_c0,bandwidth,0,9,68.271
rma_flow,pair,0,1024,2000,16,1,9,136504,,0,3,bandwidth_pair_s0_d9_b1024_r2000_w16_c0,bandwidth,0,9,68.252
rma_flow,split_near2,15,1024,2000,1,2,38,360042,,0,3,contention_split_near2_s0_d0_b1024_r2000_w1_c15,contention,0,0,180.021
rma_flow,split_near2,15,1024,2000,1,2,39,360022,,0,3,contention_split_near2_s0_d0_b1024_r2000_w1_c15,contention,0,0,180.011
rma_flow,split_near2,15,1024,2000,1,2,54,306042,,0,3,contention_split_near2_s0_d0_b1024_r2000_w1_c15,contention,0,0,153.021
rma_flow,split_near2,15,1024,2000,1,2,55,306028,,0,3,contention_split_near2_s0_d0_b1024_r2000_w1_c15,contention,0,0,153.014
rma_flow,pair,0,1024,2000,1,1,0,310042,,0,3,bandwidth_pair_s0_d9_b1024_r2000_w1_c0,bandwidth,0,9,155.021
rma_flow,pair,0,1024,2000,1,1,9,310003,,0,3,bandwidth_pair_s0_d9_b1024_r2000_w1_c0,bandwidth,0,9,155.0015
rma_flow,pair,0,16384,2000,1,1,9,1508042,,0,3,bandwidth_pair_s9_d18_b16384_r2000_w1_c0,bandwidth,9,18,754.021
rma_flow,pair,0,16384,2000,1,1,18,1508024,,0,3,bandwidth_pair_s9_d18_b16384_r2000_w1_c0,bandwidth,9,18,754.012
rma_flow,pair,0,1024,2000,2,1,9,216043,,0,3,bandwidth_pair_s9_d18_b1024_r2000_w2_c0,bandwidth,9,18,108.0215
rma_flow,pair,0,1024,2000,2,1,18,216025,,0,3,bandwidth_pair_s9_d18_b1024_r2000_w2_c0,bandwidth,9,18,108.0125
rma_flow,pair,0,4096,2000,2,1,0,436042,,0,3,bandwidth_pair_s0_d9_b4096_r2000_w2_c0,bandwidth,0,9,218.021
rma_flow,pair,0,4096,2000,2,1,9,436008,,0,3,bandwidth_pair_s0_d9_b4096_r2000_w2_c0,bandwidth,0,9,218.004
rma_flow,pair,0,128,2000,4,1,0,150042,,0,3,bandwidth_pair_s0_d9_b128_r2000_w4_c0,bandwidth,0,9,75.021
rma_flow,pair,0,128,2000,4,1,9,150002,,0,3,bandwidth_pair_s0_d9_b128_r2000_w4_c0,bandwidth,0,9,75.001
rma_flow,pair,0,32,2000,2,1,0,172043,,0,3,bandwidth_pair_s0_d63_b32_r2000_w2_c0,bandwidth,0,63,86.0215
rma_flow,pair,0,32,2000,2,1,63,171998,,0,3,bandwidth_pair_s0_d63_b32_r2000_w2_c0,bandwidth,0,63,85.999
rma_flow,pair,0,256,2000,2,1,0,180042,,0,3,bandwidth_pair_s0_d7_b256_r2000_w2_c0,bandwidth,0,7,90.021
rma_flow,pair,0,256,2000,2,1,7,180017,,0,3,bandwidth_pair_s0_d7_b256_r2000_w2_c0,bandwidth,0,7,90.0085
rma_flow,pair,0,16,2000,8,1,0,130043,,0,3,bandwidth_pair_s0_d8_b16_r2000_w8_c0,bandwidth,0,8,65.0215
rma_flow,pair,0,16,2000,8,1,8,130014,,0,3,bandwidth_pair_s0_d8_b16_r2000_w8_c0,bandwidth,0,8,65.007
rma_flow,pair,0,1024,2000,8,1,9,147543,,0,3,bandwidth_pair_s9_d18_b1024_r2000_w8_c0,bandwidth,9,18,73.7715
rma_flow,pair,0,1024,2000,8,1,18,147520,,0,3,bandwidth_pair_s9_d18_b1024_r2000_w8_c0,bandwidth,9,18,73.76
rma_flow,pair,0,4096,2000,16,1,0,336542,,0,3,bandwidth_pair_s0_d1_b4096_r2000_w16_c0,bandwidth,0,1,168.271
rma_flow,pair,0,4096,2000,16,1,1,336515,,0,3,bandwidth_pair_s0_d1_b4096_r2000_w16_c0,bandwidth,0,1,168.2575
rma_flow,pair,0,16384,2000,2,1,0,1394042,,0,3,bandwidth_pair_s0_d63_b16384_r2000_w2_c0,bandwidth,0,63,697.021
rma_flow,pair,0,16384,2000,2,1,63,1393997,,0,3,bandwidth_pair_s0_d63_b16384_r2000_w2_c0,bandwidth,0,63,696.9985
rma_flow,pair,0,8,2000,16,1,0,123043,,0,3,bandwidth_pair_s0_d1_b8_r2000_w16_c0,bandwidth,0,1,61.5215
rma_flow,pair,0,8,2000,16,1,1,123014,,0,3,bandwidth_pair_s0_d1_b8_r2000_w16_c0,bandwidth,0,1,61.507
rma_flow,pair,0,32,2000,1,1,0,228041,,0,3,bandwidth_pair_s0_d63_b32_r2000_w1_c0,bandwidth,0,63,114.0205
rma_flow,pair,0,32,2000,1,1,63,227996,,0,3,bandwidth_pair_s0_d63_b32_r2000_w1_c0,bandwidth,0,63,113.998
rma_flow,pair,0,128,2000,2,1,0,180042,,0,3,bandwidth_pair_s0_d8_b128_r2000_w2_c0,bandwidth,0,8,90.021
rma_flow,pair,0,128,2000,2,1,8,180011,,0,3,bandwidth_pair_s0_d8_b128_r2000_w2_c0,bandwidth,0,8,90.0055
rma_flow,pair,0,64,2000,4,1,0,144042,,0,3,bandwidth_pair_s0_d56_b64_r2000_w4_c0,bandwidth,0,56,72.021
rma_flow,pair,0,64,2000,4,1,56,144012,,0,3,bandwidth_pair_s0_d56_b64_r2000_w4_c0,bandwidth,0,56,72.006
rma_flow,pair,0,4096,2000,2,1,0,436041,,0,3,bandwidth_pair_s0_d56_b4096_r2000_w2_c0,bandwidth,0,56,218.0205
rma_flow,pair,0,4096,2000,2,1,56,436013,,0,3,bandwidth_pair_s0_d56_b4096_r2000_w2_c0,bandwidth,0,56,218.0065
rma_flow,pair,0,128,2000,2,1,1,180041,,0,3,bandwidth_pair_s1_d2_b128_r2000_w2_c0,bandwidth,1,2,90.0205
rma_flow,pair,0,128,2000,2,1,2,180018,,0,3,bandwidth_pair_s1_d2_b128_r2000_w2_c0,bandwidth,1,2,90.009
rma_flow,pair,0,32,2000,1,1,8,228041,,0,3,bandwidth_pair_s8_d16_b32_r2000_w1_c0,bandwidth,8,16,114.0205
rma_flow,pair,0,32,2000,1,1,16,228021,,0,3,bandwidth_pair_s8_d16_b32_r2000_w1_c0,bandwidth,8,16,114.0105
rma_flow,pair,0,8,2000,4,1,0,144043,,0,3,bandwidth_pair_s0_d1_b8_r2000_w4_c0,bandwidth,0,1,72.0215
rma_flow,pair,0,8,2000,4,1,1,144014,,0,3,bandwidth_pair_s0_d1_b8_r2000_w4_c0,bandwidth,0,1,72.007
rma_flow,pair,0,256,2000,4,1,0,150042,,0,3,bandwidth_pair_s0_d7_b256_r2000_w4_c0,bandwidth,0,7,75.021
rma_flow,pair,0,256,2000,4,1,7,150016,,0,3,bandwidth_pair_s0_d7_b256_r2000_w4_c0,bandwidth,0,7,75.008
rma_flow,pair,0,16,2000,4,1,0,144043,,0,3,bandwidth_pair_s0_d9_b16_r2000_w4_c0,bandwidth,0,9,72.0215
rma_flow,pair,0,16,2000,4,1,9,144005,,0,3,bandwidth_pair_s0_d9_b16_r2000_w4_c0,bandwidth,0,9,72.0025
rma_flow,pair,0,64,2000,8,1,1,130041,,0,3,bandwidth_pair_s1_d2_b64_r2000_w8_c0,bandwidth,1,2,65.0205
rma_flow,pair,0,64,2000,8,1,2,130022,,0,3,bandwidth_pair_s1_d2_b64_r2000_w8_c0,bandwidth,1,2,65.011
rma_flow,split_near2,5,1024,2000,1,2,18,306042,,0,3,contention_split_near2_s0_d0_b1024_r2000_w1_c5,contention,0,0,153.021
rma_flow,split_near2,5,1024,2000,1,2,19,306027,,0,3,contention_split_near2_s0_d0_b1024_r2000_w1_c5,contention,0,0,153.0135
rma_flow,split_near2,5,1024,2000,1,2,34,360541,,0,3,contention_split_near2_s0_d0_b1024_r2000_w1_c5,contention,0,0,180.2705
rma_flow,split_near2,5,1024,2000,1,2,35,360527,,0,3,contention_split_near2_s0_d0_b1024_r2000_w1_c5,contention,0,0,180.2635
rma_flow,pair,0,256,2000,2,1,0,180042,,0,3,bandwidth_pair_s0_d56_b256_r2000_w2_c0,bandwidth,0,56,90.021
rma_flow,pair,0,256,2000,2,1,56,180017,,0,3,bandwidth_pair_s0_d56_b256_r2000_w2_c0,bandwidth,0,56,90.0085
rma_flow,pair,0,32768,2000,2,1,0,2676041,,0,3,bandwidth_pair_s0_d9_b32768_r2000_w2_c0,bandwidth,0,9,1338.0205
rma_flow,pair,0,32768,2000,2,1,9,2676007,,0,3,bandwidth_pair_s0_d9_b32768_r2000_w2_c0,bandwidth,0,9,1338.0035
rma_flow,pair,0,16,2000,1,1,0,228041,,0,3,bandwidth_pair_s0_d9_b16_r2000_w1_c0,bandwidth,0,9,114.0205
rma_flow,pair,0,16,2000,1,1,9,228003,,0,3,bandwidth_pair_s0_d9_b16_r2000_w1_c0,bandwidth,0,9,114.0015
rma_flow,incast3,10,1024,2000,4,3,36,273180,,0,3,contention_incast3_s0_d0_b1024_r2000_w4_c10,contention,0,0,136.59
rma_flow,incast3,10,1024,2000,4,3,37,273096,,0,3,contention_incast3_s0_d0_b1024_r2000_w4_c10,contention,0,0,136.548
rma_flow,incast3,10,1024,2000,4,3,44,273153,,0,3,contention_incast3_s0_d0_b1024_r2000_w4_c10,contention,0,0,136.5765
rma_flow,incast3,10,1024,2000,4,3,45,273197,,0,3,contention_incast3_s0_d0_b1024_r2000_w4_c10,contention,0,0,136.5985
rma_flow,split_far2,5,1024,2000,4,2,18,204041,,0,3,contention_split_far2_s0_d0_b1024_r2000_w4_c5,contention,0,0,102.0205
rma_flow,split_far2,5,1024,2000,4,2,19,204024,,0,3,contention_split_far2_s0_d0_b1024_r2000_w4_c5,contention,0,0,102.012
rma_flow,split_far2,5,1024,2000,4,2,50,218549,,0,3,contention_split_far2_s0_d0_b1024_r2000_w4_c5,contention,0,0,109.2745
rma_flow,split_far2,5,1024,2000,4,2,51,218533,,0,3,contention_split_far2_s0_d0_b1024_r2000_w4_c5,contention,0,0,109.2665
rma_flow,pair,0,64,2000,16,1,9,123041,,0,3,bandwidth_pair_s9_d18_b64_r2000_w16_c0,bandwidth,9,18,61.5205
rma_flow,pair,0,64,2000,16,1,18,123021,,0,3,bandwidth_pair_s9_d18_b64_r2000_w16_c0,bandwidth,9,18,61.5105
rma_flow,pair,0,16384,2000,1,1,0,1508042,,0,3,bandwidth_pair_s0_d7_b16384_r2000_w1_c0,bandwidth,0,7,754.021
rma_flow,pair,0,16384,2000,1,1,7,1508017,,0,3,bandwidth_pair_s0_d7_b16384_r2000_w1_c0,bandwidth,0,7,754.0085
rma_flow,pair,0,1024,2000,16,1,9,135793,,0,3,bandwidth_pair_s9_d18_b1024_r2000_w16_c0,bandwidth,9,18,67.8965
rma_flow,pair,0,1024,2000,16,1,18,135772,,0,3,bandwidth_pair_s9_d18_b1024_r2000_w16_c0,bandwidth,9,18,67.886
rma_flow,pair,0,128,2000,2,1,0,180041,,0,3,bandwidth_pair_s0_d1_b128_r2000_w2_c0,bandwidth,0,1,90.0205
rma_flow,pair,0,128,2000,2,1,1,180010,,0,3,bandwidth_pair_s0_d1_b128_r2000_w2_c0,bandwidth,0,1,90.005
rma_flow,pair,0,128,2000,8,1,0,135042,,0,3,bandwidth_pair_s0_d8_b128_r2000_w8_c0,bandwidth,0,8,67.521
rma_flow,pair,0,128,2000,8,1,8,135011,,0,3,bandwidth_pair_s0_d8_b128_r2000_w8_c0,bandwidth,0,8,67.5055
rma_flow,pair,0,32,2000,16,1,1,123043,,0,3,bandwidth_pair_s1_d2_b32_r2000_w16_c0,bandwidth,1,2,61.5215
rma_flow,pair,0,32,2000,16,1,2,123022,,0,3,bandwidth_pair_s1_d2_b32_r2000_w16_c0,bandwidth,1,2,61.511
rma_flow,pair,0,256,2000,8,1,0,135042,,0,3,bandwidth_pair_s0_d8_b256_r2000_w8_c0,bandwidth,0,8,67.521
rma_flow,pair,0,256,2000,8,1,8,135019,,0,3,bandwidth_pair_s0_d8_b256_r2000_w8_c0,bandwidth,0,8,67.5095
rma_flow,pair,0,256,2000,1,1,8,240042,,0,3,bandwidth_pair_s8_d16_b256_r2000_w1_c0,bandwidth,8,16,120.021
rma_flow,pair,0,256,2000,1,1,16,240025,,0,3,bandwidth_pair_s8_d16_b256_r2000_w1_c0,bandwidth,8,16,120.0125
rma_flow,pair,0,64,2000,1,1,0,228042,,0,3,bandwidth_pair_s0_d7_b64_r2000_w1_c0,bandwidth,0,7,114.021
rma_flow,pair,0,64,2000,1,1,7,228012,,0,3,bandwidth_pair_s0_d7_b64_r2000_w1_c0,bandwidth,0,7,114.006
rma_flow,alltoall4,10,1024,2000,1,12,36,1194981,,0,3,contention_alltoall4_s0_d0_b1024_r2000_w1_c10,contention,0,0,597.4905
rma_flow,alltoall4,10,1024,2000,1,12,37,1195023,,0,3,contention_alltoall4_s0_d0_b1024_r2000_w1_c10,contention,0,0,597.5115
rma_flow,alltoall4,10,1024,2000,1,12,44,1195060,,0,3,contention_alltoall4_s0_d0_b1024_r2000_w1_c10,contention,0,0,597.53
rma_flow,alltoall4,10,1024,2000,1,12,45,1195089,,0,3,contention_alltoall4_s0_d0_b1024_r2000_w1_c10,contention,0,0,597.5445
rma_flow,pair,0,64,2000,2,1,1,172042,,0,3,bandwidth_pair_s1_d2_b64_r2000_w2_c0,bandwidth,1,2,86.021
rma_flow,pair,0,64,2000,2,1,2,172023,,0,3,bandwidth_pair_s1_d2_b64_r2000_w2_c0,bandwidth,1,2,86.0115
rma_flow,pair,0,128,2000,1,1,9,240042,,0,3,bandwidth_pair_s9_d18_b128_r2000_w1_c0,bandwidth,9,18,120.021
rma_flow,pair,0,128,2000,1,1,18,240017,,0,3,bandwidth_pair_s9_d18_b128_r2000_w1_c0,bandwidth,9,18,120.0085
rma_flow,pair,0,256,2000,8,1,9,135043,,0,3,bandwidth_pair_s9_d18_b256_r2000_w8_c0,bandwidth,9,18,67.5215
rma_flow,pair,0,256,2000,8,1,18,135027,,0,3,bandwidth_pair_s9_d18_b256_r2000_w8_c0,bandwidth,9,18,67.5135
rma_flow,pair,0,256,2000,2,1,9,180042,,0,3,bandwidth_pair_s9_d18_b256_r2000_w2_c0,bandwidth,9,18,90.021
rma_flow,pair,0,256,2000,2,1,18,180025,,0,3,bandwidth_pair_s9_d18_b256_r2000_w2_c0,bandwidth,9,18,90.0125
rma_flow,pair,0,128,2000,1,1,0,240042,,0,3,bandwidth_pair_s0_d1_b128_r2000_w1_c0,bandwidth,0,1,120.021
rma_flow,pair,0,128,2000,1,1,1,240011,,0,3,bandwidth_pair_s0_d1_b128_r2000_w1_c0,bandwidth,0,1,120.0055
rma_flow,pair,0,64,2000,1,1,8,228042,,0,3,bandwidth_pair_s8_d16_b64_r2000_w1_c0,bandwidth,8,16,114.021
rma_flow,pair,0,64,2000,1,1,16,228024,,0,3,bandwidth_pair_s8_d16_b64_r2000_w1_c0,bandwidth,8,16,114.012
rma_flow,pair,0,1024,2000,16,1,1,135792,,0,3,bandwidth_pair_s1_d2_b1024_r2000_w16_c0,bandwidth,1,2,67.896
rma_flow,pair,0,1024,2000,16,1,2,135772,,0,3,bandwidth_pair_s1_d2_b1024_r2000_w16_c0,bandwidth,1,2,67.886
rma_flow,pair,0,128,2000,16,1,8,127541,,0,3,bandwidth_pair_s8_d16_b128_r2000_w16_c0,bandwidth,8,16,63.7705
rma_flow,pair,0,128,2000,16,1,16,127522,,0,3,bandwidth_pair_s8_d16_b128_r2000_w16_c0,bandwidth,8,16,63.761
rma_flow,pair,0,1024,2000,1,1,0,310042,,0,3,bandwidth_pair_s0_d7_b1024_r2000_w1_c0,bandwidth,0,7,155.021
rma_flow,pair,0,1024,2000,1,1,7,310010,,0,3,bandwidth_pair_s0_d7_b1024_r2000_w1_c0,bandwidth,0,7,155.005
rma_flow,pair,0,64,2000,4,1,0,144042,,0,3,bandwidth_pair_s0_d7_b64_r2000_w4_c0,bandwidth,0,7,72.021
rma_flow,pair,0,64,2000,4,1,7,144012,,0,3,bandwidth_pair_s0_d7_b64_r2000_w4_c0,bandwidth,0,7,72.006
rma_flow,pair,0,64,2000,16,1,0,123042,,0,3,bandwidth_pair_s0_d56_b64_r2000_w16_c0,bandwidth,0,56,61.521
rma_flow,pair,0,64,2000,16,1,56,123012,,0,3,bandwidth_pair_s0_d56_b64_r2000_w16_c0,bandwidth,0,56,61.506
rma_flow,pair,0,65536,2000,1,1,0,5350042,,0,3,bandwidth_pair_s0_d8_b65536_r2000_w1_c0,bandwidth,0,8,2675.021
rma_flow,pair,0,65536,2000,1,1,8,5350012,,0,3,bandwidth_pair_s0_d8_b65536_r2000_w1_c0,bandwidth,0,8,2675.006
rma_flow,pair,0,32,2000,8,1,1,130043,,0,3,bandwidth_pair_s1_d2_b32_r2000_w8_c0,bandwidth,1,2,65.0215
rma_flow,pair,0,32,2000,8,1,2,130022,,0,3,bandwidth_pair_s1_d2_b32_r2000_w8_c0,bandwidth,1,2,65.011
rma_flow,pair,0,8,2000,1,1,1,228042,,0,3,bandwidth_pair_s1_d2_b8_r2000_w1_c0,bandwidth,1,2,114.021
rma_flow,pair,0,8,2000,1,1,2,228021,,0,3,bandwidth_pair_s1_d2_b8_r2000_w1_c0,bandwidth,1,2,114.0105
rma_flow,pair,0,8,2000,16,1,0,123043,,0,3,bandwidth_pair_s0_d9_b8_r2000_w16_c0,bandwidth,0,9,61.5215
rma_flow,pair,0,8,2000,16,1,9,123005,,0,3,bandwidth_pair_s0_d9_b8_r2000_w16_c0,bandwidth,0,9,61.5025
rma_flow,pair,0,16,2000,4,1,0,144042,,0,3,bandwidth_pair_s0_d1_b16_r2000_w4_c0,bandwidth,0,1,72.021
rma_flow,pair,0,16,2000,4,1,1,144013,,0,3,bandwidth_pair_s0_d1_b16_r2000_w4_c0,bandwidth,0,1,72.0065
rma_flow,pair,0,128,2000,16,1,9,127542,,0,3,bandwidth_pair_s9_d18_b128_r2000_w16_c0,bandwidth,9,18,63.771
rma_flow,pair,0,128,2000,16,1,18,127521,,0,3,bandwidth_pair_s9_d18_b128_r2000_w16_c0,bandwidth,9,18,63.7605
rma_flow,pair,0,64,2000,16,1,8,123042,,0,3,bandwidth_pair_s8_d16_b64_r2000_w16_c0,bandwidth,8,16,61.521
rma_flow,pair,0,64,2000,16,1,16,123024,,0,3,bandwidth_pair_s8_d16_b64_r2000_w16_c0,bandwidth,8,16,61.512
rma_flow,pair,0,8,2000,16,1,1,123042,,0,3,bandwidth_pair_s1_d2_b8_r2000_w16_c0,bandwidth,1,2,61.521
rma_flow,pair,0,8,2000,16,1,2,123021,,0,3,bandwidth_pair_s1_d2_b8_r2000_w16_c0,bandwidth,1,2,61.5105
rma_flow,pair,0,32,2000,8,1,0,130043,,0,3,bandwidth_pair_s0_d56_b32_r2000_w8_c0,bandwidth,0,56,65.0215
rma_flow,pair,0,32,2000,8,1,56,130011,,0,3,bandwidth_pair_s0_d56_b32_r2000_w8_c0,bandwidth,0,56,65.0055
rma_flow,pair,0,65536,2000,1,1,0,5350042,,0,3,bandwidth_pair_s0_d56_b65536_r2000_w1_c0,bandwidth,0,56,2675.021
rma_flow,pair,0,65536,2000,1,1,56,5350011,,0,3,bandwidth_pair_s0_d56_b65536_r2000_w1_c0,bandwidth,0,56,2675.0055
rma_flow,pair,0,4096,2000,4,1,8,378043,,0,3,bandwidth_pair_s8_d16_b4096_r2000_w4_c0,bandwidth,8,16,189.0215
rma_flow,pair,0,4096,2000,4,1,16,378025,,0,3,bandwidth_pair_s8_d16_b4096_r2000_w4_c0,bandwidth,8,16,189.0125
rma_flow,pair,0,64,2000,8,1,0,130042,,0,3,bandwidth_pair_s0_d63_b64_r2000_w8_c0,bandwidth,0,63,65.021
rma_flow,pair,0,64,2000,8,1,63,129999,,0,3,bandwidth_pair_s0_d63_b64_r2000_w8_c0,bandwidth,0,63,64.9995
rma_flow,pair,0,1024,2000,8,1,0,148042,,0,3,bandwidth_pair_s0_d9_b1024_r2000_w8_c0,bandwidth,0,9,74.021
rma_flow,pair,0,1024,2000,8,1,9,148002,,0,3,bandwidth_pair_s0_d9_b1024_r2000_w8_c0,bandwidth,0,9,74.001
rma_flow,pair,0,256,2000,1,1,0,240043,,0,3,bandwidth_pair_s0_d63_b256_r2000_w1_c0,bandwidth,0,63,120.0215
rma_flow,pair,0,256,2000,1,1,63,240001,,0,3,bandwidth_pair_s0_d63_b256_r2000_w1_c0,bandwidth,0,63,120.0005
rma_flow,ring4,10,1024,2000,1,4,36,474935,,0,3,contention_ring4_s0_d0_b1024_r2000_w1_c10,contention,0,0,237.4675
rma_flow,ring4,10,1024,2000,1,4,37,421875,,0,3,contention_ring4_s0_d0_b1024_r2000_w1_c10,contention,0,0,210.9375
rma_flow,ring4,10,1024,2000,1,4,44,474963,,0,3,contention_ring4_s0_d0_b1024_r2000_w1_c10,contention,0,0,237.4815
rma_flow,ring4,10,1024,2000,1,4,45,474544,,0,3,contention_ring4_s0_d0_b1024_r2000_w1_c10,contention,0,0,237.272
rma_flow,alltoall4,0,1024,2000,4,12,0,1026228,,0,3,contention_alltoall4_s0_d0_b1024_r2000_w4_c0,contention,0,0,513.114
rma_flow,alltoall4,0,1024,2000,4,12,1,1026259,,0,3,contention_alltoall4_s0_d0_b1024_r2000_w4_c0,contention,0,0,513.1295
rma_flow,alltoall4,0,1024,2000,4,12,8,1026300,,0,3,contention_alltoall4_s0_d0_b1024_r2000_w4_c0,contention,0,0,513.15
rma_flow,alltoall4,0,1024,2000,4,12,9,1026319,,0,3,contention_alltoall4_s0_d0_b1024_r2000_w4_c0,contention,0,0,513.1595
rma_flow,pair,0,16384,2000,4,1,0,1338041,,0,3,bandwidth_pair_s0_d9_b16384_r2000_w4_c0,bandwidth,0,9,669.0205
rma_flow,pair,0,16384,2000,4,1,9,1338005,,0,3,bandwidth_pair_s0_d9_b16384_r2000_w4_c0,bandwidth,0,9,669.0025
rma_flow,pair,0,8,2000,8,1,8,130042,,0,3,bandwidth_pair_s8_d16_b8_r2000_w8_c0,bandwidth,8,16,65.021
rma_flow,pair,0,8,2000,8,1,16,130022,,0,3,bandwidth_pair_s8_d16_b8_r2000_w8_c0,bandwidth,8,16,65.011
rma_flow,pair,0,8,2000,4,1,9,144043,,0,3,bandwidth_pair_s9_d18_b8_r2000_w4_c0,bandwidth,9,18,72.0215
rma_flow,pair,0,8,2000,4,1,18,144021,,0,3,bandwidth_pair_s9_d18_b8_r2000_w4_c0,bandwidth,9,18,72.0105
rma_flow,pair,0,32768,2000,2,1,1,2676041,,0,3,bandwidth_pair_s1_d2_b32768_r2000_w2_c0,bandwidth,1,2,1338.0205
rma_flow,pair,0,32768,2000,2,1,2,2676024,,0,3,bandwidth_pair_s1_d2_b32768_r2000_w2_c0,bandwidth,1,2,1338.012
rma_flow,pair,0,128,2000,16,1,0,127542,,0,3,bandwidth_pair_s0_d63_b128_r2000_w16_c0,bandwidth,0,63,63.771
rma_flow,pair,0,128,2000,16,1,63,127498,,0,3,bandwidth_pair_s0_d63_b128_r2000_w16_c0,bandwidth,0,63,63.749
rma_flow,single,5,64,2000,1,1,18,228041,,0,3,contention_single_s0_d0_b64_r2000_w1_c5,contention,0,0,114.0205
rma_flow,single,5,64,2000,1,1,19,228025,,0,3,contention_single_s0_d0_b64_r2000_w1_c5,contention,0,0,114.0125
rma_flow,pair,0,32,2000,16,1,0,123042,,0,3,bandwidth_pair_s0_d8_b32_r2000_w16_c0,bandwidth,0,8,61.521
rma_flow,pair,0,32,2000,16,1,8,123013,,0,3,bandwidth_pair_s0_d8_b32_r2000_w16_c0,bandwidth,0,8,61.5065
rma_flow,pair,0,32,2000,8,1,8,130043,,0,3,bandwidth_pair_s8_d16_b32_r2000_w8_c0,bandwidth,8,16,65.0215
rma_flow,pair,0,32,2000,8,1,16,130023,,0,3,bandwidth_pair_s8_d16_b32_r2000_w8_c0,bandwidth,8,16,65.0115
rma_flow,split_side2,15,64,2000,1,2,52,276042,,0,3,contention_split_side2_s0_d0_b64_r2000_w1_c15,contention,0,0,138.021
rma_flow,split_side2,15,64,2000,1,2,53,276030,,0,3,contention_split_side2_s0_d0_b64_r2000_w1_c15,contention,0,0,138.015
rma_flow,split_side2,15,64,2000,1,2,54,248042,,0,3,contention_split_side2_s0_d0_b64_r2000_w1_c15,contention,0,0,124.021
rma_flow,split_side2,15,64,2000,1,2,55,248017,,0,3,contention_split_side2_s0_d0_b64_r2000_w1_c15,contention,0,0,124.0085
rma_flow,pair,0,4096,2000,1,1,0,548042,,0,3,bandwidth_pair_s0_d8_b4096_r2000_w1_c0,bandwidth,0,8,274.021
rma_flow,pair,0,4096,2000,1,1,8,548017,,0,3,bandwidth_pair_s0_d8_b4096_r2000_w1_c0,bandwidth,0,8,274.0085
rma_flow,single,15,64,2000,4,1,54,144041,,0,3,contention_single_s0_d0_b64_r2000_w4_c15,contention,0,0,72.0205
rma_flow,single,15,64,2000,4,1,55,144025,,0,3,contention_single_s0_d0_b64_r2000_w4_c15,contention,0,0,72.0125
rma_flow,pair,0,16,2000,16,1,0,123043,,0,3,bandwidth_pair_s0_d9_b16_r2000_w16_c0,bandwidth,0,9,61.5215
rma_flow,pair,0,16,2000,16,1,9,123005,,0,3,bandwidth_pair_s0_d9_b16_r2000_w16_c0,bandwidth,0,9,61.5025
rma_flow,pair,0,1024,2000,16,1,0,135792,,0,3,bandwidth_pair_s0_d63_b1024_r2000_w16_c0,bandwidth,0,63,67.896
rma_flow,pair,0,1024,2000,16,1,63,135748,,0,3,bandwidth_pair_s0_d63_b1024_r2000_w16_c0,bandwidth,0,63,67.874
rma_flow,pair,0,4096,2000,4,1,0,378043,,0,3,bandwidth_pair_s0_d7_b4096_r2000_w4_c0,bandwidth,0,7,189.0215
rma_flow,pair,0,4096,2000,4,1,7,378011,,0,3,bandwidth_pair_s0_d7_b4096_r2000_w4_c0,bandwidth,0,7,189.0055
rma_flow,pair,0,4096,2000,8,1,0,349542,,0,3,bandwidth_pair_s0_d56_b4096_r2000_w8_c0,bandwidth,0,56,174.771
rma_flow,pair,0,4096,2000,8,1,56,349514,,0,3,bandwidth_pair_s0_d56_b4096_r2000_w8_c0,bandwidth,0,56,174.757
rma_flow,pair,0,64,2000,8,1,0,130042,,0,3,bandwidth_pair_s0_d1_b64_r2000_w8_c0,bandwidth,0,1,65.021
rma_flow,pair,0,64,2000,8,1,1,130015,,0,3,bandwidth_pair_s0_d1_b64_r2000_w8_c0,bandwidth,0,1,65.0075
rma_flow,split_near2,5,64,2000,1,2,18,248042,,0,3,contention_split_near2_s0_d0_b64_r2000_w1_c5,contention,0,0,124.021
rma_flow,split_near2,5,64,2000,1,2,19,248017,,0,3,contention_split_near2_s0_d0_b64_r2000_w1_c5,contention,0,0,124.0085
rma_flow,split_near2,5,64,2000,1,2,34,276043,,0,3,contention_split_near2_s0_d0_b64_r2000_w1_c5,contention,0,0,138.0215
rma_flow,split_near2,5,64,2000,1,2,35,276029,,0,3,contention_split_near2_s0_d0_b64_r2000_w1_c5,contention,0,0,138.0145
rma_flow,pair,0,128,2000,8,1,0,135042,,0,3,bandwidth_pair_s0_d63_b128_r2000_w8_c0,bandwidth,0,63,67.521
rma_flow,pair,0,128,2000,8,1,63,134995,,0,3,bandwidth_pair_s0_d63_b128_r2000_w8_c0,bandwidth,0,63,67.4975
rma_flow,pair,0,256,2000,16,1,0,127543,,0,3,bandwidth_pair_s0_d7_b256_r2000_w16_c0,bandwidth,0,7,63.7715
rma_flow,pair,0,256,2000,16,1,7,127517,,0,3,bandwidth_pair_s0_d7_b256_r2000_w16_c0,bandwidth,0,7,63.7585
rma_flow,pair,0,256,2000,4,1,0,150042,,0,3,bandwidth_pair_s0_d63_b256_r2000_w4_c0,bandwidth,0,63,75.021
rma_flow,pair,0,256,2000,4,1,63,150003,,0,3,bandwidth_pair_s0_d63_b256_r2000_w4_c0,bandwidth,0,63,75.0015
rma_flow,pair,0,1024,2000,16,1,0,136542,,0,3,bandwidth_pair_s0_d8_b1024_r2000_w16_c0,bandwidth,0,8,68.271
rma_flow,pair,0,1024,2000,16,1,8,136513,,0,3,bandwidth_pair_s0_d8_b1024_r2000_w16_c0,bandwidth,0,8,68.2565
rma_flow,pair,0,256,2000,2,1,0,180042,,0,3,bandwidth_pair_s0_d63_b256_r2000_w2_c0,bandwidth,0,63,90.021
rma_flow,pair,0,256,2000,2,1,63,180004,,0,3,bandwidth_pair_s0_d63_b256_r2000_w2_c0,bandwidth,0,63,90.002
rma_flow,pair,0,128,2000,4,1,0,150042,,0,3,bandwidth_pair_s0_d7_b128_r2000_w4_c0,bandwidth,0,7,75.021
rma_flow,pair,0,128,2000,4,1,7,150011,,0,3,bandwidth_pair_s0_d7_b128_r2000_w4_c0,bandwidth,0,7,75.0055
rma_flow,pair,0,128,2000,8,1,0,135042,,0,3,bandwidth_pair_s0_d7_b128_r2000_w8_c0,bandwidth,0,7,67.521
rma_flow,pair,0,128,2000,8,1,7,135011,,0,3,bandwidth_pair_s0_d7_b128_r2000_w8_c0,bandwidth,0,7,67.5055
rma_flow,pair,0,32768,2000,1,1,9,2788042,,0,3,bandwidth_pair_s9_d18_b32768_r2000_w1_c0,bandwidth,9,18,1394.021
rma_flow,pair,0,32768,2000,1,1,18,2788023,,0,3,bandwidth_pair_s9_d18_b32768_r2000_w1_c0,bandwidth,9,18,1394.0115
rma_flow,split_side2,15,64,2000,4,2,52,195042,,0,3,contention_split_side2_s0_d0_b64_r2000_w4_c15,contention,0,0,97.521
rma_flow,split_side2,15,64,2000,4,2,53,195030,,0,3,contention_split_side2_s0_d0_b64_r2000_w4_c15,contention,0,0,97.515
rma_flow,split_side2,15,64,2000,4,2,54,188041,,0,3,contention_split_side2_s0_d0_b64_r2000_w4_c15,contention,0,0,94.0205
rma_flow,split_side2,15,64,2000,4,2,55,188017,,0,3,contention_split_side2_s0_d0_b64_r2000_w4_c15,contention,0,0,94.0085
rma_flow,pair,0,128,2000,16,1,0,127542,,0,3,bandwidth_pair_s0_d7_b128_r2000_w16_c0,bandwidth,0,7,63.771
rma_flow,pair,0,128,2000,16,1,7,127508,,0,3,bandwidth_pair_s0_d7_b128_r2000_w16_c0,bandwidth,0,7,63.754
rma_flow,pair,0,128,2000,8,1,1,135041,,0,3,bandwidth_pair_s1_d2_b128_r2000_w8_c0,bandwidth,1,2,67.5205
rma_flow,pair,0,128,2000,8,1,2,135018,,0,3,bandwidth_pair_s1_d2_b128_r2000_w8_c0,bandwidth,1,2,67.509
rma_flow,pair,0,256,2000,4,1,1,150043,,0,3,bandwidth_pair_s1_d2_b256_r2000_w4_c0,bandwidth,1,2,75.0215
rma_flow,pair,0,256,2000,4,1,2,150024,,0,3,bandwidth_pair_s1_d2_b256_r2000_w4_c0,bandwidth,1,2,75.012
rma_flow,pair,0,256,2000,2,1,0,180043,,0,3,bandwidth_pair_s0_d8_b256_r2000_w2_c0,bandwidth,0,8,90.0215
rma_flow,pair,0,256,2000,2,1,8,180017,,0,3,bandwidth_pair_s0_d8_b256_r2000_w2_c0,bandwidth,0,8,90.0085
rma_flow,pair,0,64,2000,4,1,0,144042,,0,3,bandwidth_pair_s0_d9_b64_r2000_w4_c0,bandwidth,0,9,72.021
rma_flow,pair,0,64,2000,4,1,9,144006,,0,3,bandwidth_pair_s0_d9_b64_r2000_w4_c0,bandwidth,0,9,72.003
rma_flow,pair,0,4096,2000,8,1,1,349542,,0,3,bandwidth_pair_s1_d2_b4096_r2000_w8_c0,bandwidth,1,2,174.771
rma_flow,pair,0,4096,2000,8,1,2,349528,,0,3,bandwidth_pair_s1_d2_b4096_r2000_w8_c0,bandwidth,1,2,174.764
rma_flow,pair,0,128,2000,4,1,0,150041,,0,3,bandwidth_pair_s0_d8_b128_r2000_w4_c0,bandwidth,0,8,75.0205
rma_flow,pair,0,128,2000,4,1,8,150010,,0,3,bandwidth_pair_s0_d8_b128_r2000_w4_c0,bandwidth,0,8,75.005
rma_flow,pair,0,16384,2000,4,1,0,1337043,,0,3,bandwidth_pair_s0_d7_b16384_r2000_w4_c0,bandwidth,0,7,668.5215
rma_flow,pair,0,16384,2000,4,1,7,1337018,,0,3,bandwidth_pair_s0_d7_b16384_r2000_w4_c0,bandwidth,0,7,668.509
rma_flow,pair,0,16384,2000,4,1,9,1337043,,0,3,bandwidth_pair_s9_d18_b16384_r2000_w4_c0,bandwidth,9,18,668.5215
rma_flow,pair,0,16384,2000,4,1,18,1337025,,0,3,bandwidth_pair_s9_d18_b16384_r2000_w4_c0,bandwidth,9,18,668.5125
rma_flow,pair,0,8,2000,2,1,8,172042,,0,3,bandwidth_pair_s8_d16_b8_r2000_w2_c0,bandwidth,8,16,86.021
rma_flow,pair,0,8,2000,2,1,16,172022,,0,3,bandwidth_pair_s8_d16_b8_r2000_w2_c0,bandwidth,8,16,86.011
rma_flow,ring4,5,64,2000,1,4,18,377049,,0,3,contention_ring4_s0_d0_b64_r2000_w1_c5,contention,0,0,188.5245
rma_flow,ring4,5,64,2000,1,4,19,348056,,0,3,contention_ring4_s0_d0_b64_r2000_w1_c5,contention,0,0,174.028
rma_flow,ring4,5,64,2000,1,4,26,377078,,0,3,contention_ring4_s0_d0_b64_r2000_w1_c5,contention,0,0,188.539
rma_flow,ring4,5,64,2000,1,4,27,348058,,0,3,contention_ring4_s0_d0_b64_r2000_w1_c5,contention,0,0,174.029
rma_flow,pair,0,64,2000,16,1,0,123041,,0,3,bandwidth_pair_s0_d63_b64_r2000_w16_c0,bandwidth,0,63,61.5205
rma_flow,pair,0,64,2000,16,1,63,122998,,0,3,bandwidth_pair_s0_d63_b64_r2000_w16_c0,bandwidth,0,63,61.499
rma_flow,pair,0,32768,2000,1,1,0,2788042,,0,3,bandwidth_pair_s0_d8_b32768_r2000_w1_c0,bandwidth,0,8,1394.021
rma_flow,pair,0,32768,2000,1,1,8,2788016,,0,3,bandwidth_pair_s0_d8_b32768_r2000_w1_c0,bandwidth,0,8,1394.008
rma_flow,pair,0,32,2000,2,1,0,172043,,0,3,bandwidth_pair_s0_d56_b32_r2000_w2_c0,bandwidth,0,56,86.0215
rma_flow,pair,0,32,2000,2,1,56,172011,,0,3,bandwidth_pair_s0_d56_b32_r2000_w2_c0,bandwidth,0,56,86.0055
rma_flow,pair,0,16384,2000,4,1,8,1337042,,0,3,bandwidth_pair_s8_d16_b16384_r2000_w4_c0,bandwidth,8,16,668.521
rma_flow,pair,0,16384,2000,4,1,16,1337026,,0,3,bandwidth_pair_s8_d16_b16384_r2000_w4_c0,bandwidth,8,16,668.513
rma_flow,alltoall4,15,64,2000,4,12,54,740845,,0,3,contention_alltoall4_s0_d0_b64_r2000_w4_c15,contention,0,0,370.4225
rma_flow,alltoall4,15,64,2000,4,12,55,740882,,0,3,contention_alltoall4_s0_d0_b64_r2000_w4_c15,contention,0,0,370.441
rma_flow,alltoall4,15,64,2000,4,12,62,740914,,0,3,contention_alltoall4_s0_d0_b64_r2000_w4_c15,contention,0,0,370.457
rma_flow,alltoall4,15,64,2000,4,12,63,740944,,0,3,contention_alltoall4_s0_d0_b64_r2000_w4_c15,contention,0,0,370.472
rma_flow,pair,0,128,2000,1,1,0,240042,,0,3,bandwidth_pair_s0_d8_b128_r2000_w1_c0,bandwidth,0,8,120.021
rma_flow,pair,0,128,2000,1,1,8,240011,,0,3,bandwidth_pair_s0_d8_b128_r2000_w1_c0,bandwidth,0,8,120.0055
rma_flow,pair,0,32,2000,4,1,0,144042,,0,3,bandwidth_pair_s0_d7_b32_r2000_w4_c0,bandwidth,0,7,72.021
rma_flow,pair,0,32,2000,4,1,7,144010,,0,3,bandwidth_pair_s0_d7_b32_r2000_w4_c0,bandwidth,0,7,72.005
rma_flow,pair,0,8,2000,8,1,0,130043,,0,3,bandwidth_pair_s0_d9_b8_r2000_w8_c0,bandwidth,0,9,65.0215
rma_flow,pair,0,8,2000,8,1,9,130005,,0,3,bandwidth_pair_s0_d9_b8_r2000_w8_c0,bandwidth,0,9,65.0025
rma_flow,pair,0,64,2000,8,1,8,130042,,0,3,bandwidth_pair_s8_d16_b64_r2000_w8_c0,bandwidth,8,16,65.021
rma_flow,pair,0,64,2000,8,1,16,130024,,0,3,bandwidth_pair_s8_d16_b64_r2000_w8_c0,bandwidth,8,16,65.012
rma_flow,pair,0,32,2000,1,1,0,228041,,0,3,bandwidth_pair_s0_d7_b32_r2000_w1_c0,bandwidth,0,7,114.0205
rma_flow,pair,0,32,2000,1,1,7,228009,,0,3,bandwidth_pair_s0_d7_b32_r2000_w1_c0,bandwidth,0,7,114.0045
rma_flow,pair,0,8,2000,2,1,0,172042,,0,3,bandwidth_pair_s0_d63_b8_r2000_w2_c0,bandwidth,0,63,86.021
rma_flow,pair,0,8,2000,2,1,63,171997,,0,3,bandwidth_pair_s0_d63_b8_r2000_w2_c0,bandwidth,0,63,85.9985
rma_flow,pair,0,1024,2000,16,1,0,135792,,0,3,bandwidth_pair_s0_d56_b1024_r2000_w16_c0,bandwidth,0,56,67.896
rma_flow,pair,0,1024,2000,16,1,56,135764,,0,3,bandwidth_pair_s0_d56_b1024_r2000_w16_c0,bandwidth,0,56,67.882
rma_flow,pair,0,256,2000,2,1,8,180042,,0,3,bandwidth_pair_s8_d16_b256_r2000_w2_c0,bandwidth,8,16,90.021
rma_flow,pair,0,256,2000,2,1,16,180025,,0,3,bandwidth_pair_s8_d16_b256_r2000_w2_c0,bandwidth,8,16,90.0125
rma_flow,pair,0,128,2000,2,1,8,180041,,0,3,bandwidth_pair_s8_d16_b128_r2000_w2_c0,bandwidth,8,16,90.0205
rma_flow,pair,0,128,2000,2,1,16,180019,,0,3,bandwidth_pair_s8_d16_b128_r2000_w2_c0,bandwidth,8,16,90.0095
rma_flow,pair,0,16,2000,16,1,0,123043,,0,3,bandwidth_pair_s0_d8_b16_r2000_w16_c0,bandwidth,0,8,61.5215
rma_flow,pair,0,16,2000,16,1,8,123014,,0,3,bandwidth_pair_s0_d8_b16_r2000_w16_c0,bandwidth,0,8,61.507
rma_flow,pair,0,1024,2000,4,1,0,171042,,0,3,bandwidth_pair_s0_d7_b1024_r2000_w4_c0,bandwidth,0,7,85.521
rma_flow,pair,0,1024,2000,4,1,7,171011,,0,3,bandwidth_pair_s0_d7_b1024_r2000_w4_c0,bandwidth,0,7,85.5055
rma_flow,pair,0,16384,2000,4,1,0,1337042,,0,3,bandwidth_pair_s0_d63_b16384_r2000_w4_c0,bandwidth,0,63,668.521
rma_flow,pair,0,16384,2000,4,1,63,1337004,,0,3,bandwidth_pair_s0_d63_b16384_r2000_w4_c0,bandwidth,0,63,668.502
rma_flow,pair,0,256,2000,8,1,8,135042,,0,3,bandwidth_pair_s8_d16_b256_r2000_w8_c0,bandwidth,8,16,67.521
rma_flow,pair,0,256,2000,8,1,16,135028,,0,3,bandwidth_pair_s8_d16_b256_r2000_w8_c0,bandwidth,8,16,67.514
rma_flow,alltoall4,15,64,2000,1,12,54,825504,,0,3,contention_alltoall4_s0_d0_b64_r2000_w1_c15,contention,0,0,412.752
rma_flow,alltoall4,15,64,2000,1,12,55,825544,,0,3,contention_alltoall4_s0_d0_b64_r2000_w1_c15,contention,0,0,412.772
rma_flow,alltoall4,15,64,2000,1,12,62,825579,,0,3,contention_alltoall4_s0_d0_b64_r2000_w1_c15,contention,0,0,412.7895
rma_flow,alltoall4,15,64,2000,1,12,63,825606,,0,3,contention_alltoall4_s0_d0_b64_r2000_w1_c15,contention,0,0,412.803
rma_flow,pair,0,4096,2000,1,1,9,548042,,0,3,bandwidth_pair_s9_d18_b4096_r2000_w1_c0,bandwidth,9,18,274.021
rma_flow,pair,0,4096,2000,1,1,18,548024,,0,3,bandwidth_pair_s9_d18_b4096_r2000_w1_c0,bandwidth,9,18,274.012
rma_flow,pair,0,32,2000,1,1,0,228041,,0,3,bandwidth_pair_s0_d1_b32_r2000_w1_c0,bandwidth,0,1,114.0205
rma_flow,pair,0,32,2000,1,1,1,228012,,0,3,bandwidth_pair_s0_d1_b32_r2000_w1_c0,bandwidth,0,1,114.006
rma_flow,pair,0,256,2000,4,1,9,150042,,0,3,bandwidth_pair_s9_d18_b256_r2000_w4_c0,bandwidth,9,18,75.021
rma_flow,pair,0,256,2000,4,1,18,150022,,0,3,bandwidth_pair_s9_d18_b256_r2000_w4_c0,bandwidth,9,18,75.011
rma_flow,single,0,64,2000,1,1,0,228042,,0,3,contention_single_s0_d0_b64_r2000_w1_c0,contention,0,0,114.021
rma_flow,single,0,64,2000,1,1,1,228015,,0,3,contention_single_s0_d0_b64_r2000_w1_c0,contention,0,0,114.0075
rma_flow,pair,0,16,2000,1,1,0,228042,,0,3,bandwidth_pair_s0_d1_b16_r2000_w1_c0,bandwidth,0,1,114.021
rma_flow,pair,0,16,2000,1,1,1,228013,,0,3,bandwidth_pair_s0_d1_b16_r2000_w1_c0,bandwidth,0,1,114.0065
rma_flow,split_near2,0,64,2000,4,2,0,188041,,0,3,contention_split_near2_s0_d0_b64_r2000_w4_c0,contention,0,0,94.0205
rma_flow,split_near2,0,64,2000,4,2,1,188008,,0,3,contention_split_near2_s0_d0_b64_r2000_w4_c0,contention,0,0,94.004
rma_flow,split_near2,0,64,2000,4,2,16,195043,,0,3,contention_split_near2_s0_d0_b64_r2000_w4_c0,contention,0,0,97.5215
rma_flow,split_near2,0,64,2000,4,2,17,195016,,0,3,contention_split_near2_s0_d0_b64_r2000_w4_c0,contention,0,0,97.508
rma_flow,pair,0,256,2000,8,1,0,135042,,0,3,bandwidth_pair_s0_d63_b256_r2000_w8_c0,bandwidth,0,63,67.521
rma_flow,pair,0,256,2000,8,1,63,135002,,0,3,bandwidth_pair_s0_d63_b256_r2000_w8_c0,bandwidth,0,63,67.501
rma_flow,pair,0,65536,2000,1,1,0,5350042,,0,3,bandwidth_pair_s0_d63_b65536_r2000_w1_c0,bandwidth,0,63,2675.021
rma_flow,pair,0,65536,2000,1,1,63,5349997,,0,3,bandwidth_pair_s0_d63_b65536_r2000_w1_c0,bandwidth,0,63,2674.9985
rma_flow,pair,0,1024,2000,16,1,0,135792,,0,3,bandwidth_pair_s0_d7_b1024_r2000_w16_c0,bandwidth,0,7,67.896
rma_flow,pair,0,1024,2000,16,1,7,135764,,0,3,bandwidth_pair_s0_d7_b1024_r2000_w16_c0,bandwidth,0,7,67.882
rma_flow,split_far2,0,64,2000,1,2,0,248042,,0,3,contention_split_far2_s0_d0_b64_r2000_w1_c0,contention,0,0,124.021
rma_flow,split_far2,0,64,2000,1,2,1,248008,,0,3,contention_split_far2_s0_d0_b64_r2000_w1_c0,contention,0,0,124.004
rma_flow,split_far2,0,64,2000,1,2,32,276042,,0,3,contention_split_far2_s0_d0_b64_r2000_w1_c0,contention,0,0,138.021
rma_flow,split_far2,0,64,2000,1,2,33,276017,,0,3,contention_split_far2_s0_d0_b64_r2000_w1_c0,contention,0,0,138.0085
rma_flow,incast3,0,64,2000,4,3,0,244303,,0,3,contention_incast3_s0_d0_b64_r2000_w4_c0,contention,0,0,122.1515
rma_flow,incast3,0,64,2000,4,3,1,236592,,0,3,contention_incast3_s0_d0_b64_r2000_w4_c0,contention,0,0,118.296
rma_flow,incast3,0,64,2000,4,3,8,237103,,0,3,contention_incast3_s0_d0_b64_r2000_w4_c0,contention,0,0,118.5515
rma_flow,incast3,0,64,2000,4,3,9,244301,,0,3,contention_incast3_s0_d0_b64_r2000_w4_c0,contention,0,0,122.1505
rma_flow,pair,0,32,2000,2,1,8,172042,,0,3,bandwidth_pair_s8_d16_b32_r2000_w2_c0,bandwidth,8,16,86.021
rma_flow,pair,0,32,2000,2,1,16,172022,,0,3,bandwidth_pair_s8_d16_b32_r2000_w2_c0,bandwidth,8,16,86.011
rma_flow,pair,0,64,2000,16,1,0,123042,,0,3,bandwidth_pair_s0_d9_b64_r2000_w16_c0,bandwidth,0,9,61.521
rma_flow,pair,0,64,2000,16,1,9,123006,,0,3,bandwidth_pair_s0_d9_b64_r2000_w16_c0,bandwidth,0,9,61.503
rma_flow,pair,0,16,2000,16,1,0,123042,,0,3,bandwidth_pair_s0_d63_b16_r2000_w16_c0,bandwidth,0,63,61.521
rma_flow,pair,0,16,2000,16,1,63,122997,,0,3,bandwidth_pair_s0_d63_b16_r2000_w16_c0,bandwidth,0,63,61.4985
rma_flow,incast3,5,1024,2000,4,3,18,273180,,0,3,contention_incast3_s0_d0_b1024_r2000_w4_c5,contention,0,0,136.59
rma_flow,incast3,5,1024,2000,4,3,19,273096,,0,3,contention_incast3_s0_d0_b1024_r2000_w4_c5,contention,0,0,136.548
rma_flow,incast3,5,1024,2000,4,3,26,273153,,0,3,contention_incast3_s0_d0_b1024_r2000_w4_c5,contention,0,0,136.5765
rma_flow,incast3,5,1024,2000,4,3,27,273197,,0,3,contention_incast3_s0_d0_b1024_r2000_w4_c5,contention,0,0,136.5985
rma_flow,incast3,15,1024,2000,4,3,54,273180,,0,3,contention_incast3_s0_d0_b1024_r2000_w4_c15,contention,0,0,136.59
rma_flow,incast3,15,1024,2000,4,3,55,273096,,0,3,contention_incast3_s0_d0_b1024_r2000_w4_c15,contention,0,0,136.548
rma_flow,incast3,15,1024,2000,4,3,62,273153,,0,3,contention_incast3_s0_d0_b1024_r2000_w4_c15,contention,0,0,136.5765
rma_flow,incast3,15,1024,2000,4,3,63,273197,,0,3,contention_incast3_s0_d0_b1024_r2000_w4_c15,contention,0,0,136.5985
rma_flow,pair,0,128,2000,2,1,0,180042,,0,3,bandwidth_pair_s0_d7_b128_r2000_w2_c0,bandwidth,0,7,90.021
rma_flow,pair,0,128,2000,2,1,7,180011,,0,3,bandwidth_pair_s0_d7_b128_r2000_w2_c0,bandwidth,0,7,90.0055
rma_flow,pair,0,32768,2000,2,1,0,2676041,,0,3,bandwidth_pair_s0_d8_b32768_r2000_w2_c0,bandwidth,0,8,1338.0205
rma_flow,pair,0,32768,2000,2,1,8,2676016,,0,3,bandwidth_pair_s0_d8_b32768_r2000_w2_c0,bandwidth,0,8,1338.008
rma_flow,split_side2,10,64,2000,1,2,36,248042,,0,3,contention_split_side2_s0_d0_b64_r2000_w1_c10,contention,0,0,124.021
rma_flow,split_side2,10,64,2000,1,2,37,248016,,0,3,contention_split_side2_s0_d0_b64_r2000_w1_c10,contention,0,0,124.008
rma_flow,split_side2,10,64,2000,1,2,38,276043,,0,3,contention_split_side2_s0_d0_b64_r2000_w1_c10,contention,0,0,138.0215
rma_flow,split_side2,10,64,2000,1,2,39,276029,,0,3,contention_split_side2_s0_d0_b64_r2000_w1_c10,contention,0,0,138.0145
rma_flow,pair,0,1024,2000,2,1,0,216043,,0,3,bandwidth_pair_s0_d56_b1024_r2000_w2_c0,bandwidth,0,56,108.0215
rma_flow,pair,0,1024,2000,2,1,56,216011,,0,3,bandwidth_pair_s0_d56_b1024_r2000_w2_c0,bandwidth,0,56,108.0055
rma_flow,pair,0,64,2000,2,1,8,172041,,0,3,bandwidth_pair_s8_d16_b64_r2000_w2_c0,bandwidth,8,16,86.0205
rma_flow,pair,0,64,2000,2,1,16,172023,,0,3,bandwidth_pair_s8_d16_b64_r2000_w2_c0,bandwidth,8,16,86.0115
rma_flow,intra2,10,1024,2000,1,2,36,330778,,0,3,contention_intra2_s0_d0_b1024_r2000_w1_c10,contention,0,0,165.389
rma_flow,intra2,10,1024,2000,1,2,37,330768,,0,3,contention_intra2_s0_d0_b1024_r2000_w1_c10,contention,0,0,165.384
rma_flow,intra2,10,1024,2000,1,2,44,375805,,0,3,contention_intra2_s0_d0_b1024_r2000_w1_c10,contention,0,0,187.9025
rma_flow,intra2,10,1024,2000,1,2,45,375788,,0,3,contention_intra2_s0_d0_b1024_r2000_w1_c10,contention,0,0,187.894
rma_flow,pair,0,16,2000,16,1,0,123043,,0,3,bandwidth_pair_s0_d56_b16_r2000_w16_c0,bandwidth,0,56,61.5215
rma_flow,pair,0,16,2000,16,1,56,123011,,0,3,bandwidth_pair_s0_d56_b16_r2000_w16_c0,bandwidth,0,56,61.5055
rma_flow,pair,0,64,2000,8,1,0,130042,,0,3,bandwidth_pair_s0_d7_b64_r2000_w8_c0,bandwidth,0,7,65.021
rma_flow,pair,0,64,2000,8,1,7,130012,,0,3,bandwidth_pair_s0_d7_b64_r2000_w8_c0,bandwidth,0,7,65.006
rma_flow,pair,0,1024,2000,2,1,0,216043,,0,3,bandwidth_pair_s0_d7_b1024_r2000_w2_c0,bandwidth,0,7,108.0215
rma_flow,pair,0,1024,2000,2,1,7,216011,,0,3,bandwidth_pair_s0_d7_b1024_r2000_w2_c0,bandwidth,0,7,108.0055
rma_flow,pair,0,1024,2000,4,1,8,171042,,0,3,bandwidth_pair_s8_d16_b1024_r2000_w4_c0,bandwidth,8,16,85.521
rma_flow,pair,0,1024,2000,4,1,16,171021,,0,3,bandwidth_pair_s8_d16_b1024_r2000_w4_c0,bandwidth,8,16,85.5105
rma_flow,pair,0,16,2000,8,1,1,130042,,0,3,bandwidth_pair_s1_d2_b16_r2000_w8_c0,bandwidth,1,2,65.021
rma_flow,pair,0,16,2000,8,1,2,130021,,0,3,bandwidth_pair_s1_d2_b16_r2000_w8_c0,bandwidth,1,2,65.0105
rma_flow,pair,0,4096,2000,4,1,0,378043,,0,3,bandwidth_pair_s0_d1_b4096_r2000_w4_c0,bandwidth,0,1,189.0215
rma_flow,pair,0,4096,2000,4,1,1,378019,,0,3,bandwidth_pair_s0_d1_b4096_r2000_w4_c0,bandwidth,0,1,189.0095
rma_flow,split_near2,15,1024,2000,4,2,38,218041,,0,3,contention_split_near2_s0_d0_b1024_r2000_w4_c15,contention,0,0,109.0205
rma_flow,split_near2,15,1024,2000,4,2,39,218025,,0,3,contention_split_near2_s0_d0_b1024_r2000_w4_c15,contention,0,0,109.0125
rma_flow,split_near2,15,1024,2000,4,2,54,204041,,0,3,contention_split_near2_s0_d0_b1024_r2000_w4_c15,contention,0,0,102.0205
rma_flow,split_near2,15,1024,2000,4,2,55,204024,,0,3,contention_split_near2_s0_d0_b1024_r2000_w4_c15,contention,0,0,102.012
rma_flow,alltoall4,0,1024,2000,1,12,0,1194694,,0,3,contention_alltoall4_s0_d0_b1024_r2000_w1_c0,contention,0,0,597.347
rma_flow,alltoall4,0,1024,2000,1,12,1,1194726,,0,3,contention_alltoall4_s0_d0_b1024_r2000_w1_c0,contention,0,0,597.363
rma_flow,alltoall4,0,1024,2000,1,12,8,1194762,,0,3,contention_alltoall4_s0_d0_b1024_r2000_w1_c0,contention,0,0,597.381
rma_flow,alltoall4,0,1024,2000,1,12,9,1194786,,0,3,contention_alltoall4_s0_d0_b1024_r2000_w1_c0,contention,0,0,597.393
rma_flow,pair,0,1024,2000,8,1,0,147542,,0,3,bandwidth_pair_s0_d7_b1024_r2000_w8_c0,bandwidth,0,7,73.771
rma_flow,pair,0,1024,2000,8,1,7,147511,,0,3,bandwidth_pair_s0_d7_b1024_r2000_w8_c0,bandwidth,0,7,73.7555
rma_flow,pair,0,1024,2000,16,1,0,136542,,0,3,bandwidth_pair_s0_d1_b1024_r2000_w16_c0,bandwidth,0,1,68.271
rma_flow,pair,0,1024,2000,16,1,1,136513,,0,3,bandwidth_pair_s0_d1_b1024_r2000_w16_c0,bandwidth,0,1,68.2565
rma_flow,pair,0,32,2000,16,1,9,123043,,0,3,bandwidth_pair_s9_d18_b32_r2000_w16_c0,bandwidth,9,18,61.5215
rma_flow,pair,0,32,2000,16,1,18,123021,,0,3,bandwidth_pair_s9_d18_b32_r2000_w16_c0,bandwidth,9,18,61.5105
rma_flow,pair,0,16384,2000,2,1,0,1396041,,0,3,bandwidth_pair_s0_d9_b16384_r2000_w2_c0,bandwidth,0,9,698.0205
rma_flow,pair,0,16384,2000,2,1,9,1396007,,0,3,bandwidth_pair_s0_d9_b16384_r2000_w2_c0,bandwidth,0,9,698.0035
rma_flow,pair,0,128,2000,8,1,0,135041,,0,3,bandwidth_pair_s0_d1_b128_r2000_w8_c0,bandwidth,0,1,67.5205
rma_flow,pair,0,128,2000,8,1,1,135010,,0,3,bandwidth_pair_s0_d1_b128_r2000_w8_c0,bandwidth,0,1,67.505
rma_flow,intra2,5,64,2000,1,2,18,248043,,0,3,contention_intra2_s0_d0_b64_r2000_w1_c5,contention,0,0,124.0215
rma_flow,intra2,5,64,2000,1,2,19,248021,,0,3,contention_intra2_s0_d0_b64_r2000_w1_c5,contention,0,0,124.0105
rma_flow,intra2,5,64,2000,1,2,26,277091,,0,3,contention_intra2_s0_d0_b64_r2000_w1_c5,contention,0,0,138.5455
rma_flow,intra2,5,64,2000,1,2,27,277077,,0,3,contention_intra2_s0_d0_b64_r2000_w1_c5,contention,0,0,138.5385
rma_flow,pair,0,65536,2000,1,1,0,5350042,,0,3,bandwidth_pair_s0_d9_b65536_r2000_w1_c0,bandwidth,0,9,2675.021
rma_flow,pair,0,65536,2000,1,1,9,5350004,,0,3,bandwidth_pair_s0_d9_b65536_r2000_w1_c0,bandwidth,0,9,2675.002
rma_flow,split_side2,10,1024,2000,4,2,36,204041,,0,3,contention_split_side2_s0_d0_b1024_r2000_w4_c10,contention,0,0,102.0205
rma_flow,split_side2,10,1024,2000,4,2,37,204024,,0,3,contention_split_side2_s0_d0_b1024_r2000_w4_c10,contention,0,0,102.012
rma_flow,split_side2,10,1024,2000,4,2,38,218041,,0,3,contention_split_side2_s0_d0_b1024_r2000_w4_c10,contention,0,0,109.0205
rma_flow,split_side2,10,1024,2000,4,2,39,218025,,0,3,contention_split_side2_s0_d0_b1024_r2000_w4_c10,contention,0,0,109.0125
rma_flow,split_near2,10,1024,2000,4,2,36,204042,,0,3,contention_split_near2_s0_d0_b1024_r2000_w4_c10,contention,0,0,102.021
rma_flow,split_near2,10,1024,2000,4,2,37,204025,,0,3,contention_split_near2_s0_d0_b1024_r2000_w4_c10,contention,0,0,102.0125
rma_flow,split_near2,10,1024,2000,4,2,52,218042,,0,3,contention_split_near2_s0_d0_b1024_r2000_w4_c10,contention,0,0,109.021
rma_flow,split_near2,10,1024,2000,4,2,53,218026,,0,3,contention_split_near2_s0_d0_b1024_r2000_w4_c10,contention,0,0,109.013
rma_flow,ring4,10,1024,2000,4,4,36,359273,,0,3,contention_ring4_s0_d0_b1024_r2000_w4_c10,contention,0,0,179.6365
rma_flow,ring4,10,1024,2000,4,4,37,357973,,0,3,contention_ring4_s0_d0_b1024_r2000_w4_c10,contention,0,0,178.9865
rma_flow,ring4,10,1024,2000,4,4,44,359306,,0,3,contention_ring4_s0_d0_b1024_r2000_w4_c10,contention,0,0,179.653
rma_flow,ring4,10,1024,2000,4,4,45,358704,,0,3,contention_ring4_s0_d0_b1024_r2000_w4_c10,contention,0,0,179.352
rma_flow,pair,0,32768,2000,2,1,0,2676042,,0,3,bandwidth_pair_s0_d1_b32768_r2000_w2_c0,bandwidth,0,1,1338.021
rma_flow,pair,0,32768,2000,2,1,1,2676017,,0,3,bandwidth_pair_s0_d1_b32768_r2000_w2_c0,bandwidth,0,1,1338.0085
rma_flow,split_near2,5,64,2000,4,2,18,188041,,0,3,contention_split_near2_s0_d0_b64_r2000_w4_c5,contention,0,0,94.0205
rma_flow,split_near2,5,64,2000,4,2,19,188017,,0,3,contention_split_near2_s0_d0_b64_r2000_w4_c5,contention,0,0,94.0085
rma_flow,split_near2,5,64,2000,4,2,34,195043,,0,3,contention_split_near2_s0_d0_b64_r2000_w4_c5,contention,0,0,97.5215
rma_flow,split_near2,5,64,2000,4,2,35,195029,,0,3,contention_split_near2_s0_d0_b64_r2000_w4_c5,contention,0,0,97.5145
rma_flow,pair,0,4096,2000,16,1,0,336293,,0,3,bandwidth_pair_s0_d7_b4096_r2000_w16_c0,bandwidth,0,7,168.1465
rma_flow,pair,0,4096,2000,16,1,7,336264,,0,3,bandwidth_pair_s0_d7_b4096_r2000_w16_c0,bandwidth,0,7,168.132
rma_flow,incast3,10,1024,2000,1,3,36,422217,,0,3,contention_incast3_s0_d0_b1024_r2000_w1_c10,contention,0,0,211.1085
rma_flow,incast3,10,1024,2000,1,3,37,355136,,0,3,contention_incast3_s0_d0_b1024_r2000_w1_c10,contention,0,0,177.568
rma_flow,incast3,10,1024,2000,1,3,44,415428,,0,3,contention_incast3_s0_d0_b1024_r2000_w1_c10,contention,0,0,207.714
rma_flow,incast3,10,1024,2000,1,3,45,422238,,0,3,contention_incast3_s0_d0_b1024_r2000_w1_c10,contention,0,0,211.119
rma_flow,pair,0,16,2000,1,1,9,228042,,0,3,bandwidth_pair_s9_d18_b16_r2000_w1_c0,bandwidth,9,18,114.021
rma_flow,pair,0,16,2000,1,1,18,228020,,0,3,bandwidth_pair_s9_d18_b16_r2000_w1_c0,bandwidth,9,18,114.01
rma_flow,pair,0,8,2000,8,1,0,130042,,0,3,bandwidth_pair_s0_d1_b8_r2000_w8_c0,bandwidth,0,1,65.021
rma_flow,pair,0,8,2000,8,1,1,130013,,0,3,bandwidth_pair_s0_d1_b8_r2000_w8_c0,bandwidth,0,1,65.0065
rma_flow,pair,0,4096,2000,8,1,9,349542,,0,3,bandwidth_pair_s9_d18_b4096_r2000_w8_c0,bandwidth,9,18,174.771
rma_flow,pair,0,4096,2000,8,1,18,349527,,0,3,bandwidth_pair_s9_d18_b4096_r2000_w8_c0,bandwidth,9,18,174.7635
rma_flow,single,0,1024,2000,1,1,0,310042,,0,3,contention_single_s0_d0_b1024_r2000_w1_c0,contention,0,0,155.021
rma_flow,single,0,1024,2000,1,1,1,310011,,0,3,contention_single_s0_d0_b1024_r2000_w1_c0,contention,0,0,155.0055
rma_flow,pair,0,1024,2000,8,1,1,147542,,0,3,bandwidth_pair_s1_d2_b1024_r2000_w8_c0,bandwidth,1,2,73.771
rma_flow,pair,0,1024,2000,8,1,2,147520,,0,3,bandwidth_pair_s1_d2_b1024_r2000_w8_c0,bandwidth,1,2,73.76
rma_flow,split_far2,0,64,2000,4,2,0,188042,,0,3,contention_split_far2_s0_d0_b64_r2000_w4_c0,contention,0,0,94.021
rma_flow,split_far2,0,64,2000,4,2,1,188009,,0,3,contention_split_far2_s0_d0_b64_r2000_w4_c0,contention,0,0,94.0045
rma_flow,split_far2,0,64,2000,4,2,32,195043,,0,3,contention_split_far2_s0_d0_b64_r2000_w4_c0,contention,0,0,97.5215
rma_flow,split_far2,0,64,2000,4,2,33,195016,,0,3,contention_split_far2_s0_d0_b64_r2000_w4_c0,contention,0,0,97.508
rma_flow,pair,0,64,2000,8,1,0,130041,,0,3,bandwidth_pair_s0_d8_b64_r2000_w8_c0,bandwidth,0,8,65.0205
rma_flow,pair,0,64,2000,8,1,8,130014,,0,3,bandwidth_pair_s0_d8_b64_r2000_w8_c0,bandwidth,0,8,65.007
rma_flow,pair,0,32,2000,4,1,0,144043,,0,3,bandwidth_pair_s0_d1_b32_r2000_w4_c0,bandwidth,0,1,72.0215
rma_flow,pair,0,32,2000,4,1,1,144014,,0,3,bandwidth_pair_s0_d1_b32_r2000_w4_c0,bandwidth,0,1,72.007
rma_flow,ring4,10,64,2000,1,4,36,379222,,0,3,contention_ring4_s0_d0_b64_r2000_w1_c10,contention,0,0,189.611
rma_flow,ring4,10,64,2000,1,4,37,348062,,0,3,contention_ring4_s0_d0_b64_r2000_w1_c10,contention,0,0,174.031
rma_flow,ring4,10,64,2000,1,4,44,379251,,0,3,contention_ring4_s0_d0_b64_r2000_w1_c10,contention,0,0,189.6255
rma_flow,ring4,10,64,2000,1,4,45,348054,,0,3,contention_ring4_s0_d0_b64_r2000_w1_c10,contention,0,0,174.027
rma_flow,ring4,0,1024,2000,1,4,0,475538,,0,3,contention_ring4_s0_d0_b1024_r2000_w1_c0,contention,0,0,237.769
rma_flow,ring4,0,1024,2000,1,4,1,421781,,0,3,contention_ring4_s0_d0_b1024_r2000_w1_c0,contention,0,0,210.8905
rma_flow,ring4,0,1024,2000,1,4,8,475559,,0,3,contention_ring4_s0_d0_b1024_r2000_w1_c0,contention,0,0,237.7795
rma_flow,ring4,0,1024,2000,1,4,9,474670,,0,3,contention_ring4_s0_d0_b1024_r2000_w1_c0,contention,0,0,237.335
rma_flow,pair,0,4096,2000,4,1,0,378043,,0,3,bandwidth_pair_s0_d63_b4096_r2000_w4_c0,bandwidth,0,63,189.0215
rma_flow,pair,0,4096,2000,4,1,63,377998,,0,3,bandwidth_pair_s0_d63_b4096_r2000_w4_c0,bandwidth,0,63,188.999
rma_flow,pair,0,8,2000,8,1,0,130042,,0,3,bandwidth_pair_s0_d63_b8_r2000_w8_c0,bandwidth,0,63,65.021
rma_flow,pair,0,8,2000,8,1,63,129997,,0,3,bandwidth_pair_s0_d63_b8_r2000_w8_c0,bandwidth,0,63,64.9985
rma_flow,pair,0,1024,2000,8,1,0,148041,,0,3,bandwidth_pair_s0_d1_b1024_r2000_w8_c0,bandwidth,0,1,74.0205
rma_flow,pair,0,1024,2000,8,1,1,148010,,0,3,bandwidth_pair_s0_d1_b1024_r2000_w8_c0,bandwidth,0,1,74.005
rma_flow,pair,0,8,2000,4,1,0,144043,,0,3,bandwidth_pair_s0_d56_b8_r2000_w4_c0,bandwidth,0,56,72.0215
rma_flow,pair,0,8,2000,4,1,56,144011,,0,3,bandwidth_pair_s0_d56_b8_r2000_w4_c0,bandwidth,0,56,72.0055
rma_flow,pair,0,32,2000,16,1,0,123043,,0,3,bandwidth_pair_s0_d63_b32_r2000_w16_c0,bandwidth,0,63,61.5215
rma_flow,pair,0,32,2000,16,1,63,122998,,0,3,bandwidth_pair_s0_d63_b32_r2000_w16_c0,bandwidth,0,63,61.499
rma_flow,pair,0,256,2000,16,1,0,127543,,0,3,bandwidth_pair_s0_d8_b256_r2000_w16_c0,bandwidth,0,8,63.7715
rma_flow,pair,0,256,2000,16,1,8,127516,,0,3,bandwidth_pair_s0_d8_b256_r2000_w16_c0,bandwidth,0,8,63.758
rma_flow,intra2,5,64,2000,4,2,18,188036,,0,3,contention_intra2_s0_d0_b64_r2000_w4_c5,contention,0,0,94.018
rma_flow,intra2,5,64,2000,4,2,19,188014,,0,3,contention_intra2_s0_d0_b64_r2000_w4_c5,contention,0,0,94.007
rma_flow,intra2,5,64,2000,4,2,26,195248,,0,3,contention_intra2_s0_d0_b64_r2000_w4_c5,contention,0,0,97.624
rma_flow,intra2,5,64,2000,4,2,27,195236,,0,3,contention_intra2_s0_d0_b64_r2000_w4_c5,contention,0,0,97.618
rma_flow,alltoall4,15,1024,2000,4,12,54,1026130,,0,3,contention_alltoall4_s0_d0_b1024_r2000_w4_c15,contention,0,0,513.065
rma_flow,alltoall4,15,1024,2000,4,12,55,1026174,,0,3,contention_alltoall4_s0_d0_b1024_r2000_w4_c15,contention,0,0,513.087
rma_flow,alltoall4,15,1024,2000,4,12,62,1026212,,0,3,contention_alltoall4_s0_d0_b1024_r2000_w4_c15,contention,0,0,513.106
rma_flow,alltoall4,15,1024,2000,4,12,63,1026241,,0,3,contention_alltoall4_s0_d0_b1024_r2000_w4_c15,contention,0,0,513.1205
rma_flow,pair,0,16384,2000,1,1,0,1508042,,0,3,bandwidth_pair_s0_d9_b16384_r2000_w1_c0,bandwidth,0,9,754.021
rma_flow,pair,0,16384,2000,1,1,9,1508003,,0,3,bandwidth_pair_s0_d9_b16384_r2000_w1_c0,bandwidth,0,9,754.0015
rma_flow,alltoall4,5,1024,2000,1,12,18,1196152,,0,3,contention_alltoall4_s0_d0_b1024_r2000_w1_c5,contention,0,0,598.076
rma_flow,alltoall4,5,1024,2000,1,12,19,1196196,,0,3,contention_alltoall4_s0_d0_b1024_r2000_w1_c5,contention,0,0,598.098
rma_flow,alltoall4,5,1024,2000,1,12,26,1196234,,0,3,contention_alltoall4_s0_d0_b1024_r2000_w1_c5,contention,0,0,598.117
rma_flow,alltoall4,5,1024,2000,1,12,27,1196264,,0,3,contention_alltoall4_s0_d0_b1024_r2000_w1_c5,contention,0,0,598.132
rma_flow,pair,0,16384,2000,2,1,0,1394042,,0,3,bandwidth_pair_s0_d56_b16384_r2000_w2_c0,bandwidth,0,56,697.021
rma_flow,pair,0,16384,2000,2,1,56,1394011,,0,3,bandwidth_pair_s0_d56_b16384_r2000_w2_c0,bandwidth,0,56,697.0055
rma_flow,pair,0,256,2000,16,1,0,127543,,0,3,bandwidth_pair_s0_d1_b256_r2000_w16_c0,bandwidth,0,1,63.7715
rma_flow,pair,0,256,2000,16,1,1,127516,,0,3,bandwidth_pair_s0_d1_b256_r2000_w16_c0,bandwidth,0,1,63.758
rma_flow,pair,0,256,2000,16,1,9,127543,,0,3,bandwidth_pair_s9_d18_b256_r2000_w16_c0,bandwidth,9,18,63.7715
rma_flow,pair,0,256,2000,16,1,18,127523,,0,3,bandwidth_pair_s9_d18_b256_r2000_w16_c0,bandwidth,9,18,63.7615
rma_flow,pair,0,32,2000,4,1,0,144042,,0,3,bandwidth_pair_s0_d9_b32_r2000_w4_c0,bandwidth,0,9,72.021
rma_flow,pair,0,32,2000,4,1,9,144004,,0,3,bandwidth_pair_s0_d9_b32_r2000_w4_c0,bandwidth,0,9,72.002
rma_flow,pair,0,16384,2000,1,1,0,1508042,,0,3,bandwidth_pair_s0_d1_b16384_r2000_w1_c0,bandwidth,0,1,754.021
rma_flow,pair,0,16384,2000,1,1,1,1508017,,0,3,bandwidth_pair_s0_d1_b16384_r2000_w1_c0,bandwidth,0,1,754.0085
rma_flow,pair,0,32,2000,4,1,9,144042,,0,3,bandwidth_pair_s9_d18_b32_r2000_w4_c0,bandwidth,9,18,72.021
rma_flow,pair,0,32,2000,4,1,18,144020,,0,3,bandwidth_pair_s9_d18_b32_r2000_w4_c0,bandwidth,9,18,72.01
rma_flow,pair,0,256,2000,16,1,0,127543,,0,3,bandwidth_pair_s0_d56_b256_r2000_w16_c0,bandwidth,0,56,63.7715
rma_flow,pair,0,256,2000,16,1,56,127517,,0,3,bandwidth_pair_s0_d56_b256_r2000_w16_c0,bandwidth,0,56,63.7585
rma_flow,pair,0,32,2000,8,1,0,130043,,0,3,bandwidth_pair_s0_d1_b32_r2000_w8_c0,bandwidth,0,1,65.0215
rma_flow,pair,0,32,2000,8,1,1,130014,,0,3,bandwidth_pair_s0_d1_b32_r2000_w8_c0,bandwidth,0,1,65.007
rma_flow,pair,0,16384,2000,4,1,0,1337043,,0,3,bandwidth_pair_s0_d56_b16384_r2000_w4_c0,bandwidth,0,56,668.5215
rma_flow,pair,0,16384,2000,4,1,56,1337018,,0,3,bandwidth_pair_s0_d56_b16384_r2000_w4_c0,bandwidth,0,56,668.509
rma_flow,pair,0,4096,2000,1,1,0,548042,,0,3,bandwidth_pair_s0_d9_b4096_r2000_w1_c0,bandwidth,0,9,274.021
rma_flow,pair,0,4096,2000,1,1,9,548003,,0,3,bandwidth_pair_s0_d9_b4096_r2000_w1_c0,bandwidth,0,9,274.0015
rma_flow,ring4,15,1024,2000,1,4,54,474900,,0,3,contention_ring4_s0_d0_b1024_r2000_w1_c15,contention,0,0,237.45
rma_flow,ring4,15,1024,2000,1,4,55,421840,,0,3,contention_ring4_s0_d0_b1024_r2000_w1_c15,contention,0,0,210.92
rma_flow,ring4,15,1024,2000,1,4,62,474928,,0,3,contention_ring4_s0_d0_b1024_r2000_w1_c15,contention,0,0,237.464
rma_flow,ring4,15,1024,2000,1,4,63,474509,,0,3,contention_ring4_s0_d0_b1024_r2000_w1_c15,contention,0,0,237.2545
rma_flow,split_near2,10,64,2000,4,2,36,188042,,0,3,contention_split_near2_s0_d0_b64_r2000_w4_c10,contention,0,0,94.021
rma_flow,split_near2,10,64,2000,4,2,37,188016,,0,3,contention_split_near2_s0_d0_b64_r2000_w4_c10,contention,0,0,94.008
rma_flow,split_near2,10,64,2000,4,2,52,195043,,0,3,contention_split_near2_s0_d0_b64_r2000_w4_c10,contention,0,0,97.5215
rma_flow,split_near2,10,64,2000,4,2,53,195029,,0,3,contention_split_near2_s0_d0_b64_r2000_w4_c10,contention,0,0,97.5145
rma_flow,pair,0,4096,2000,4,1,9,378043,,0,3,bandwidth_pair_s9_d18_b4096_r2000_w4_c0,bandwidth,9,18,189.0215
rma_flow,pair,0,4096,2000,4,1,18,378026,,0,3,bandwidth_pair_s9_d18_b4096_r2000_w4_c0,bandwidth,9,18,189.013
rma_flow,pair,0,64,2000,8,1,0,130042,,0,3,bandwidth_pair_s0_d9_b64_r2000_w8_c0,bandwidth,0,9,65.021
rma_flow,pair,0,64,2000,8,1,9,130006,,0,3,bandwidth_pair_s0_d9_b64_r2000_w8_c0,bandwidth,0,9,65.003
rma_flow,pair,0,1024,2000,1,1,8,310042,,0,3,bandwidth_pair_s8_d16_b1024_r2000_w1_c0,bandwidth,8,16,155.021
rma_flow,pair,0,1024,2000,1,1,16,310026,,0,3,bandwidth_pair_s8_d16_b1024_r2000_w1_c0,bandwidth,8,16,155.013
rma_flow,single,0,64,2000,4,1,0,144041,,0,3,contention_single_s0_d0_b64_r2000_w4_c0,contention,0,0,72.0205
rma_flow,single,0,64,2000,4,1,1,144014,,0,3,contention_single_s0_d0_b64_r2000_w4_c0,contention,0,0,72.007
rma_flow,pair,0,8,2000,2,1,0,172042,,0,3,bandwidth_pair_s0_d1_b8_r2000_w2_c0,bandwidth,0,1,86.021
rma_flow,pair,0,8,2000,2,1,1,172013,,0,3,bandwidth_pair_s0_d1_b8_r2000_w2_c0,bandwidth,0,1,86.0065
rma_flow,pair,0,8,2000,8,1,0,130042,,0,3,bandwidth_pair_s0_d7_b8_r2000_w8_c0,bandwidth,0,7,65.021
rma_flow,pair,0,8,2000,8,1,7,130010,,0,3,bandwidth_pair_s0_d7_b8_r2000_w8_c0,bandwidth,0,7,65.005
rma_flow,pair,0,1024,2000,8,1,0,147542,,0,3,bandwidth_pair_s0_d63_b1024_r2000_w8_c0,bandwidth,0,63,73.771
rma_flow,pair,0,1024,2000,8,1,63,147496,,0,3,bandwidth_pair_s0_d63_b1024_r2000_w8_c0,bandwidth,0,63,73.748
rma_flow,pair,0,64,2000,2,1,0,172042,,0,3,bandwidth_pair_s0_d9_b64_r2000_w2_c0,bandwidth,0,9,86.021
rma_flow,pair,0,64,2000,2,1,9,172006,,0,3,bandwidth_pair_s0_d9_b64_r2000_w2_c0,bandwidth,0,9,86.003
rma_flow,pair,0,256,2000,1,1,0,240042,,0,3,bandwidth_pair_s0_d56_b256_r2000_w1_c0,bandwidth,0,56,120.021
rma_flow,pair,0,256,2000,1,1,56,240013,,0,3,bandwidth_pair_s0_d56_b256_r2000_w1_c0,bandwidth,0,56,120.0065
rma_flow,pair,0,256,2000,1,1,0,240043,,0,3,bandwidth_pair_s0_d1_b256_r2000_w1_c0,bandwidth,0,1,120.0215
rma_flow,pair,0,256,2000,1,1,1,240017,,0,3,bandwidth_pair_s0_d1_b256_r2000_w1_c0,bandwidth,0,1,120.0085
rma_flow,pair,0,1024,2000,8,1,0,148042,,0,3,bandwidth_pair_s0_d8_b1024_r2000_w8_c0,bandwidth,0,8,74.021
rma_flow,pair,0,1024,2000,8,1,8,148011,,0,3,bandwidth_pair_s0_d8_b1024_r2000_w8_c0,bandwidth,0,8,74.0055
rma_flow,pair,0,4096,2000,16,1,0,336293,,0,3,bandwidth_pair_s0_d63_b4096_r2000_w16_c0,bandwidth,0,63,168.1465
rma_flow,pair,0,4096,2000,16,1,63,336251,,0,3,bandwidth_pair_s0_d63_b4096_r2000_w16_c0,bandwidth,0,63,168.1255
rma_flow,pair,0,1024,2000,4,1,0,171042,,0,3,bandwidth_pair_s0_d9_b1024_r2000_w4_c0,bandwidth,0,9,85.521
rma_flow,pair,0,1024,2000,4,1,9,171009,,0,3,bandwidth_pair_s0_d9_b1024_r2000_w4_c0,bandwidth,0,9,85.5045
rma_flow,pair,0,64,2000,2,1,0,172041,,0,3,bandwidth_pair_s0_d63_b64_r2000_w2_c0,bandwidth,0,63,86.0205
rma_flow,pair,0,64,2000,2,1,63,171998,,0,3,bandwidth_pair_s0_d63_b64_r2000_w2_c0,bandwidth,0,63,85.999
rma_flow,pair,0,256,2000,8,1,0,135042,,0,3,bandwidth_pair_s0_d9_b256_r2000_w8_c0,bandwidth,0,9,67.521
rma_flow,pair,0,256,2000,8,1,9,135009,,0,3,bandwidth_pair_s0_d9_b256_r2000_w8_c0,bandwidth,0,9,67.5045
rma_flow,pair,0,16,2000,1,1,0,228041,,0,3,bandwidth_pair_s0_d56_b16_r2000_w1_c0,bandwidth,0,56,114.0205
rma_flow,pair,0,16,2000,1,1,56,228009,,0,3,bandwidth_pair_s0_d56_b16_r2000_w1_c0,bandwidth,0,56,114.0045
rma_flow,pair,0,64,2000,2,1,0,172042,,0,3,bandwidth_pair_s0_d7_b64_r2000_w2_c0,bandwidth,0,7,86.021
rma_flow,pair,0,64,2000,2,1,7,172012,,0,3,bandwidth_pair_s0_d7_b64_r2000_w2_c0,bandwidth,0,7,86.006
rma_flow,pair,0,32,2000,2,1,0,172042,,0,3,bandwidth_pair_s0_d9_b32_r2000_w2_c0,bandwidth,0,9,86.021
rma_flow,pair,0,32,2000,2,1,9,172004,,0,3,bandwidth_pair_s0_d9_b32_r2000_w2_c0,bandwidth,0,9,86.002
rma_flow,pair,0,4096,2000,4,1,0,378042,,0,3,bandwidth_pair_s0_d8_b4096_r2000_w4_c0,bandwidth,0,8,189.021
rma_flow,pair,0,4096,2000,4,1,8,378018,,0,3,bandwidth_pair_s0_d8_b4096_r2000_w4_c0,bandwidth,0,8,189.009
rma_flow,pair,0,65536,2000,1,1,1,5350042,,0,3,bandwidth_pair_s1_d2_b65536_r2000_w1_c0,bandwidth,1,2,2675.021
rma_flow,pair,0,65536,2000,1,1,2,5350025,,0,3,bandwidth_pair_s1_d2_b65536_r2000_w1_c0,bandwidth,1,2,2675.0125
rma_flow,split_far2,0,1024,2000,1,2,0,306042,,0,3,contention_split_far2_s0_d0_b1024_r2000_w1_c0,contention,0,0,153.021
rma_flow,split_far2,0,1024,2000,1,2,1,306015,,0,3,contention_split_far2_s0_d0_b1024_r2000_w1_c0,contention,0,0,153.0075
rma_flow,split_far2,0,1024,2000,1,2,32,360042,,0,3,contention_split_far2_s0_d0_b1024_r2000_w1_c0,contention,0,0,180.021
rma_flow,split_far2,0,1024,2000,1,2,33,360016,,0,3,contention_split_far2_s0_d0_b1024_r2000_w1_c0,contention,0,0,180.008
rma_flow,pair,0,16384,2000,2,1,1,1394042,,0,3,bandwidth_pair_s1_d2_b16384_r2000_w2_c0,bandwidth,1,2,697.021
rma_flow,pair,0,16384,2000,2,1,2,1394024,,0,3,bandwidth_pair_s1_d2_b16384_r2000_w2_c0,bandwidth,1,2,697.012
rma_flow,pair,0,1024,2000,2,1,0,216043,,0,3,bandwidth_pair_s0_d8_b1024_r2000_w2_c0,bandwidth,0,8,108.0215
rma_flow,pair,0,1024,2000,2,1,8,216018,,0,3,bandwidth_pair_s0_d8_b1024_r2000_w2_c0,bandwidth,0,8,108.009
rma_flow,pair,0,32768,2000,1,1,0,2788042,,0,3,bandwidth_pair_s0_d63_b32768_r2000_w1_c0,bandwidth,0,63,1394.021
rma_flow,pair,0,32768,2000,1,1,63,2787997,,0,3,bandwidth_pair_s0_d63_b32768_r2000_w1_c0,bandwidth,0,63,1393.9985
rma_flow,split_far2,15,64,2000,4,2,22,195043,,0,3,contention_split_far2_s0_d0_b64_r2000_w4_c15,contention,0,0,97.5215
rma_flow,split_far2,15,64,2000,4,2,23,195029,,0,3,contention_split_far2_s0_d0_b64_r2000_w4_c15,contention,0,0,97.5145
rma_flow,split_far2,15,64,2000,4,2,54,188041,,0,3,contention_split_far2_s0_d0_b64_r2000_w4_c15,contention,0,0,94.0205
rma_flow,split_far2,15,64,2000,4,2,55,188017,,0,3,contention_split_far2_s0_d0_b64_r2000_w4_c15,contention,0,0,94.0085
rma_flow,pair,0,32,2000,2,1,0,172042,,0,3,bandwidth_pair_s0_d7_b32_r2000_w2_c0,bandwidth,0,7,86.021
rma_flow,pair,0,32,2000,2,1,7,172010,,0,3,bandwidth_pair_s0_d7_b32_r2000_w2_c0,bandwidth,0,7,86.005
rma_flow,split_side2,0,64,2000,1,2,0,248042,,0,3,contention_split_side2_s0_d0_b64_r2000_w1_c0,contention,0,0,124.021
rma_flow,split_side2,0,64,2000,1,2,1,248009,,0,3,contention_split_side2_s0_d0_b64_r2000_w1_c0,contention,0,0,124.0045
rma_flow,split_side2,0,64,2000,1,2,2,276042,,0,3,contention_split_side2_s0_d0_b64_r2000_w1_c0,contention,0,0,138.021
rma_flow,split_side2,0,64,2000,1,2,3,276030,,0,3,contention_split_side2_s0_d0_b64_r2000_w1_c0,contention,0,0,138.015
rma_flow,pair,0,16384,2000,4,1,1,1337042,,0,3,bandwidth_pair_s1_d2_b16384_r2000_w4_c0,bandwidth,1,2,668.521
rma_flow,pair,0,16384,2000,4,1,2,1337025,,0,3,bandwidth_pair_s1_d2_b16384_r2000_w4_c0,bandwidth,1,2,668.5125
rma_flow,pair,0,1024,2000,2,1,0,216042,,0,3,bandwidth_pair_s0_d63_b1024_r2000_w2_c0,bandwidth,0,63,108.021
rma_flow,pair,0,1024,2000,2,1,63,215997,,0,3,bandwidth_pair_s0_d63_b1024_r2000_w2_c0,bandwidth,0,63,107.9985
rma_flow,split_near2,15,64,2000,4,2,38,195043,,0,3,contention_split_near2_s0_d0_b64_r2000_w4_c15,contention,0,0,97.5215
rma_flow,split_near2,15,64,2000,4,2,39,195029,,0,3,contention_split_near2_s0_d0_b64_r2000_w4_c15,contention,0,0,97.5145
rma_flow,split_near2,15,64,2000,4,2,54,188042,,0,3,contention_split_near2_s0_d0_b64_r2000_w4_c15,contention,0,0,94.021
rma_flow,split_near2,15,64,2000,4,2,55,188016,,0,3,contention_split_near2_s0_d0_b64_r2000_w4_c15,contention,0,0,94.008
rma_flow,pair,0,16384,2000,1,1,0,1508042,,0,3,bandwidth_pair_s0_d56_b16384_r2000_w1_c0,bandwidth,0,56,754.021
rma_flow,pair,0,16384,2000,1,1,56,1508011,,0,3,bandwidth_pair_s0_d56_b16384_r2000_w1_c0,bandwidth,0,56,754.0055
rma_flow,pair,0,4096,2000,16,1,9,336292,,0,3,bandwidth_pair_s9_d18_b4096_r2000_w16_c0,bandwidth,9,18,168.146
rma_flow,pair,0,4096,2000,16,1,18,336273,,0,3,bandwidth_pair_s9_d18_b4096_r2000_w16_c0,bandwidth,9,18,168.1365
rma_flow,pair,0,1024,2000,2,1,0,216043,,0,3,bandwidth_pair_s0_d9_b1024_r2000_w2_c0,bandwidth,0,9,108.0215
rma_flow,pair,0,1024,2000,2,1,9,216004,,0,3,bandwidth_pair_s0_d9_b1024_r2000_w2_c0,bandwidth,0,9,108.002
rma_flow,pair,0,4096,2000,16,1,0,336293,,0,3,bandwidth_pair_s0_d56_b4096_r2000_w16_c0,bandwidth,0,56,168.1465
rma_flow,pair,0,4096,2000,16,1,56,336264,,0,3,bandwidth_pair_s0_d56_b4096_r2000_w16_c0,bandwidth,0,56,168.132
rma_flow,alltoall4,0,64,2000,4,12,0,740663,,0,3,contention_alltoall4_s0_d0_b64_r2000_w4_c0,contention,0,0,370.3315
rma_flow,alltoall4,0,64,2000,4,12,1,740690,,0,3,contention_alltoall4_s0_d0_b64_r2000_w4_c0,contention,0,0,370.345
rma_flow,alltoall4,0,64,2000,4,12,8,740722,,0,3,contention_alltoall4_s0_d0_b64_r2000_w4_c0,contention,0,0,370.361
rma_flow,alltoall4,0,64,2000,4,12,9,740742,,0,3,contention_alltoall4_s0_d0_b64_r2000_w4_c0,contention,0,0,370.371
rma_flow,pair,0,32768,2000,1,1,8,2788042,,0,3,bandwidth_pair_s8_d16_b32768_r2000_w1_c0,bandwidth,8,16,1394.021
rma_flow,pair,0,32768,2000,1,1,16,2788025,,0,3,bandwidth_pair_s8_d16_b32768_r2000_w1_c0,bandwidth,8,16,1394.0125
rma_flow,split_side2,15,1024,2000,4,2,52,218041,,0,3,contention_split_side2_s0_d0_b1024_r2000_w4_c15,contention,0,0,109.0205
rma_flow,split_side2,15,1024,2000,4,2,53,218025,,0,3,contention_split_side2_s0_d0_b1024_r2000_w4_c15,contention,0,0,109.0125
rma_flow,split_side2,15,1024,2000,4,2,54,204041,,0,3,contention_split_side2_s0_d0_b1024_r2000_w4_c15,contention,0,0,102.0205
rma_flow,split_side2,15,1024,2000,4,2,55,204024,,0,3,contention_split_side2_s0_d0_b1024_r2000_w4_c15,contention,0,0,102.012
rma_flow,pair,0,256,2000,16,1,0,127542,,0,3,bandwidth_pair_s0_d63_b256_r2000_w16_c0,bandwidth,0,63,63.771
rma_flow,pair,0,256,2000,16,1,63,127503,,0,3,bandwidth_pair_s0_d63_b256_r2000_w16_c0,bandwidth,0,63,63.7515
rma_flow,intra2,5,1024,2000,1,2,18,330778,,0,3,contention_intra2_s0_d0_b1024_r2000_w1_c5,contention,0,0,165.389
rma_flow,intra2,5,1024,2000,1,2,19,330768,,0,3,contention_intra2_s0_d0_b1024_r2000_w1_c5,contention,0,0,165.384
rma_flow,intra2,5,1024,2000,1,2,26,375805,,0,3,contention_intra2_s0_d0_b1024_r2000_w1_c5,contention,0,0,187.9025
rma_flow,intra2,5,1024,2000,1,2,27,375788,,0,3,contention_intra2_s0_d0_b1024_r2000_w1_c5,contention,0,0,187.894
rma_flow,pair,0,1024,2000,4,1,0,171042,,0,3,bandwidth_pair_s0_d56_b1024_r2000_w4_c0,bandwidth,0,56,85.521
rma_flow,pair,0,1024,2000,4,1,56,171011,,0,3,bandwidth_pair_s0_d56_b1024_r2000_w4_c0,bandwidth,0,56,85.5055
rma_flow,single,5,1024,2000,1,1,18,310042,,0,3,contention_single_s0_d0_b1024_r2000_w1_c5,contention,0,0,155.021
rma_flow,single,5,1024,2000,1,1,19,310024,,0,3,contention_single_s0_d0_b1024_r2000_w1_c5,contention,0,0,155.012
rma_flow,pair,0,8,2000,4,1,0,144043,,0,3,bandwidth_pair_s0_d8_b8_r2000_w4_c0,bandwidth,0,8,72.0215
rma_flow,pair,0,8,2000,4,1,8,144014,,0,3,bandwidth_pair_s0_d8_b8_r2000_w4_c0,bandwidth,0,8,72.007
rma_flow,pair,0,256,2000,4,1,0,150042,,0,3,bandwidth_pair_s0_d56_b256_r2000_w4_c0,bandwidth,0,56,75.021
rma_flow,pair,0,256,2000,4,1,56,150016,,0,3,bandwidth_pair_s0_d56_b256_r2000_w4_c0,bandwidth,0,56,75.008
rma_flow,pair,0,256,2000,2,1,0,180043,,0,3,bandwidth_pair_s0_d1_b256_r2000_w2_c0,bandwidth,0,1,90.0215
rma_flow,pair,0,256,2000,2,1,1,180017,,0,3,bandwidth_pair_s0_d1_b256_r2000_w2_c0,bandwidth,0,1,90.0085
rma_flow,pair,0,32,2000,8,1,0,130042,,0,3,bandwidth_pair_s0_d63_b32_r2000_w8_c0,bandwidth,0,63,65.021
rma_flow,pair,0,32,2000,8,1,63,129997,,0,3,bandwidth_pair_s0_d63_b32_r2000_w8_c0,bandwidth,0,63,64.9985
rma_flow,pair,0,32768,2000,1,1,0,2788042,,0,3,bandwidth_pair_s0_d56_b32768_r2000_w1_c0,bandwidth,0,56,1394.021
rma_flow,pair,0,32768,2000,1,1,56,2788009,,0,3,bandwidth_pair_s0_d56_b32768_r2000_w1_c0,bandwidth,0,56,1394.0045
rma_flow,pair,0,32,2000,4,1,8,144043,,0,3,bandwidth_pair_s8_d16_b32_r2000_w4_c0,bandwidth,8,16,72.0215
rma_flow,pair,0,32,2000,4,1,16,144023,,0,3,bandwidth_pair_s8_d16_b32_r2000_w4_c0,bandwidth,8,16,72.0115
rma_flow,pair,0,32,2000,4,1,1,144043,,0,3,bandwidth_pair_s1_d2_b32_r2000_w4_c0,bandwidth,1,2,72.0215
rma_flow,pair,0,32,2000,4,1,2,144022,,0,3,bandwidth_pair_s1_d2_b32_r2000_w4_c0,bandwidth,1,2,72.011
rma_flow,pair,0,16,2000,4,1,9,144043,,0,3,bandwidth_pair_s9_d18_b16_r2000_w4_c0,bandwidth,9,18,72.0215
rma_flow,pair,0,16,2000,4,1,18,144021,,0,3,bandwidth_pair_s9_d18_b16_r2000_w4_c0,bandwidth,9,18,72.0105
rma_flow,ring4,5,1024,2000,1,4,18,474935,,0,3,contention_ring4_s0_d0_b1024_r2000_w1_c5,contention,0,0,237.4675
rma_flow,ring4,5,1024,2000,1,4,19,421875,,0,3,contention_ring4_s0_d0_b1024_r2000_w1_c5,contention,0,0,210.9375
rma_flow,ring4,5,1024,2000,1,4,26,474963,,0,3,contention_ring4_s0_d0_b1024_r2000_w1_c5,contention,0,0,237.4815
rma_flow,ring4,5,1024,2000,1,4,27,474544,,0,3,contention_ring4_s0_d0_b1024_r2000_w1_c5,contention,0,0,237.272
rma_flow,pair,0,32,2000,16,1,0,123043,,0,3,bandwidth_pair_s0_d56_b32_r2000_w16_c0,bandwidth,0,56,61.5215
rma_flow,pair,0,32,2000,16,1,56,123011,,0,3,bandwidth_pair_s0_d56_b32_r2000_w16_c0,bandwidth,0,56,61.5055
rma_flow,pair,0,32,2000,16,1,0,123042,,0,3,bandwidth_pair_s0_d9_b32_r2000_w16_c0,bandwidth,0,9,61.521
rma_flow,pair,0,32,2000,16,1,9,123004,,0,3,bandwidth_pair_s0_d9_b32_r2000_w16_c0,bandwidth,0,9,61.502
rma_flow,pair,0,16,2000,16,1,0,123042,,0,3,bandwidth_pair_s0_d1_b16_r2000_w16_c0,bandwidth,0,1,61.521
rma_flow,pair,0,16,2000,16,1,1,123013,,0,3,bandwidth_pair_s0_d1_b16_r2000_w16_c0,bandwidth,0,1,61.5065
rma_flow,single,10,64,2000,1,1,36,228041,,0,3,contention_single_s0_d0_b64_r2000_w1_c10,contention,0,0,114.0205
rma_flow,single,10,64,2000,1,1,37,228025,,0,3,contention_single_s0_d0_b64_r2000_w1_c10,contention,0,0,114.0125
rma_flow,pair,0,1024,2000,1,1,0,310042,,0,3,bandwidth_pair_s0_d63_b1024_r2000_w1_c0,bandwidth,0,63,155.021
rma_flow,pair,0,1024,2000,1,1,63,309997,,0,3,bandwidth_pair_s0_d63_b1024_r2000_w1_c0,bandwidth,0,63,154.9985
rma_flow,pair,0,4096,2000,8,1,0,350543,,0,3,bandwidth_pair_s0_d9_b4096_r2000_w8_c0,bandwidth,0,9,175.2715
rma_flow,pair,0,4096,2000,8,1,9,350509,,0,3,bandwidth_pair_s0_d9_b4096_r2000_w8_c0,bandwidth,0,9,175.2545
rma_flow,pair,0,16384,2000,2,1,0,1394042,,0,3,bandwidth_pair_s0_d7_b16384_r2000_w2_c0,bandwidth,0,7,697.021
rma_flow,pair,0,16384,2000,2,1,7,1394011,,0,3,bandwidth_pair_s0_d7_b16384_r2000_w2_c0,bandwidth,0,7,697.0055
rma_flow,pair,0,256,2000,8,1,0,135043,,0,3,bandwidth_pair_s0_d7_b256_r2000_w8_c0,bandwidth,0,7,67.5215
rma_flow,pair,0,256,2000,8,1,7,135016,,0,3,bandwidth_pair_s0_d7_b256_r2000_w8_c0,bandwidth,0,7,67.508
rma_flow,intra2,0,1024,2000,1,2,0,359920,,0,3,contention_intra2_s0_d0_b1024_r2000_w1_c0,contention,0,0,179.96
rma_flow,intra2,0,1024,2000,1,2,1,359891,,0,3,contention_intra2_s0_d0_b1024_r2000_w1_c0,contention,0,0,179.9455
rma_flow,intra2,0,1024,2000,1,2,8,360049,,0,3,contention_intra2_s0_d0_b1024_r2000_w1_c0,contention,0,0,180.0245
rma_flow,intra2,0,1024,2000,1,2,9,360022,,0,3,contention_intra2_s0_d0_b1024_r2000_w1_c0,contention,0,0,180.011
rma_flow,pair,0,32,2000,8,1,0,130043,,0,3,bandwidth_pair_s0_d9_b32_r2000_w8_c0,bandwidth,0,9,65.0215
rma_flow,pair,0,32,2000,8,1,9,130005,,0,3,bandwidth_pair_s0_d9_b32_r2000_w8_c0,bandwidth,0,9,65.0025
rma_flow,incast3,5,64,2000,1,3,18,328042,,0,3,contention_incast3_s0_d0_b64_r2000_w1_c5,contention,0,0,164.021
rma_flow,incast3,5,64,2000,1,3,19,298219,,0,3,contention_incast3_s0_d0_b64_r2000_w1_c5,contention,0,0,149.1095
rma_flow,incast3,5,64,2000,1,3,26,298223,,0,3,contention_incast3_s0_d0_b64_r2000_w1_c5,contention,0,0,149.1115
rma_flow,incast3,5,64,2000,1,3,27,328060,,0,3,contention_incast3_s0_d0_b64_r2000_w1_c5,contention,0,0,164.03
rma_flow,pair,0,16,2000,4,1,1,144043,,0,3,bandwidth_pair_s1_d2_b16_r2000_w4_c0,bandwidth,1,2,72.0215
rma_flow,pair,0,16,2000,4,1,2,144022,,0,3,bandwidth_pair_s1_d2_b16_r2000_w4_c0,bandwidth,1,2,72.011
rma_flow,pair,0,64,2000,4,1,8,144042,,0,3,bandwidth_pair_s8_d16_b64_r2000_w4_c0,bandwidth,8,16,72.021
rma_flow,pair,0,64,2000,4,1,16,144024,,0,3,bandwidth_pair_s8_d16_b64_r2000_w4_c0,bandwidth,8,16,72.012
rma_flow,incast3,15,1024,2000,1,3,54,422217,,0,3,contention_incast3_s0_d0_b1024_r2000_w1_c15,contention,0,0,211.1085
rma_flow,incast3,15,1024,2000,1,3,55,355136,,0,3,contention_incast3_s0_d0_b1024_r2000_w1_c15,contention,0,0,177.568
rma_flow,incast3,15,1024,2000,1,3,62,415428,,0,3,contention_incast3_s0_d0_b1024_r2000_w1_c15,contention,0,0,207.714
rma_flow,incast3,15,1024,2000,1,3,63,422238,,0,3,contention_incast3_s0_d0_b1024_r2000_w1_c15,contention,0,0,211.119
rma_flow,ring4,10,64,2000,4,4,36,295776,,0,3,contention_ring4_s0_d0_b64_r2000_w4_c10,contention,0,0,147.888
rma_flow,ring4,10,64,2000,4,4,37,287319,,0,3,contention_ring4_s0_d0_b64_r2000_w4_c10,contention,0,0,143.6595
rma_flow,ring4,10,64,2000,4,4,44,295805,,0,3,contention_ring4_s0_d0_b64_r2000_w4_c10,contention,0,0,147.9025
rma_flow,ring4,10,64,2000,4,4,45,288018,,0,3,contention_ring4_s0_d0_b64_r2000_w4_c10,contention,0,0,144.009
rma_flow,pair,0,256,2000,4,1,0,150042,,0,3,bandwidth_pair_s0_d9_b256_r2000_w4_c0,bandwidth,0,9,75.021
rma_flow,pair,0,256,2000,4,1,9,150010,,0,3,bandwidth_pair_s0_d9_b256_r2000_w4_c0,bandwidth,0,9,75.005
rma_flow,pair,0,64,2000,1,1,0,228041,,0,3,bandwidth_pair_s0_d1_b64_r2000_w1_c0,bandwidth,0,1,114.0205
rma_flow,pair,0,64,2000,1,1,1,228014,,0,3,bandwidth_pair_s0_d1_b64_r2000_w1_c0,bandwidth,0,1,114.007
rma_flow,single,5,64,2000,4,1,18,144041,,0,3,contention_single_s0_d0_b64_r2000_w4_c5,contention,0,0,72.0205
rma_flow,single,5,64,2000,4,1,19,144025,,0,3,contention_single_s0_d0_b64_r2000_w4_c5,contention,0,0,72.0125
rma_flow,single,10,1024,2000,1,1,36,310042,,0,3,contention_single_s0_d0_b1024_r2000_w1_c10,contention,0,0,155.021
rma_flow,single,10,1024,2000,1,1,37,310024,,0,3,contention_single_s0_d0_b1024_r2000_w1_c10,contention,0,0,155.012
rma_flow,pair,0,1024,2000,8,1,8,147542,,0,3,bandwidth_pair_s8_d16_b1024_r2000_w8_c0,bandwidth,8,16,73.771
rma_flow,pair,0,1024,2000,8,1,16,147521,,0,3,bandwidth_pair_s8_d16_b1024_r2000_w8_c0,bandwidth,8,16,73.7605
rma_flow,pair,0,16,2000,2,1,0,172043,,0,3,bandwidth_pair_s0_d56_b16_r2000_w2_c0,bandwidth,0,56,86.0215
rma_flow,pair,0,16,2000,2,1,56,172011,,0,3,bandwidth_pair_s0_d56_b16_r2000_w2_c0,bandwidth,0,56,86.0055
rma_flow,pair,0,16384,2000,4,1,0,1338042,,0,3,bandwidth_pair_s0_d8_b16384_r2000_w4_c0,bandwidth,0,8,669.021
rma_flow,pair,0,16384,2000,4,1,8,1338015,,0,3,bandwidth_pair_s0_d8_b16384_r2000_w4_c0,bandwidth,0,8,669.0075
rma_flow,pair,0,256,2000,1,1,0,240042,,0,3,bandwidth_pair_s0_d8_b256_r2000_w1_c0,bandwidth,0,8,120.021
rma_flow,pair,0,256,2000,1,1,8,240016,,0,3,bandwidth_pair_s0_d8_b256_r2000_w1_c0,bandwidth,0,8,120.008
rma_flow,pair,0,128,2000,1,1,8,240042,,0,3,bandwidth_pair_s8_d16_b128_r2000_w1_c0,bandwidth,8,16,120.021
rma_flow,pair,0,128,2000,1,1,16,240019,,0,3,bandwidth_pair_s8_d16_b128_r2000_w1_c0,bandwidth,8,16,120.0095
rma_flow,pair,0,4096,2000,4,1,0,378043,,0,3,bandwidth_pair_s0_d9_b4096_r2000_w4_c0,bandwidth,0,9,189.0215
rma_flow,pair,0,4096,2000,4,1,9,378005,,0,3,bandwidth_pair_s0_d9_b4096_r2000_w4_c0,bandwidth,0,9,189.0025
rma_flow,pair,0,32,2000,8,1,0,130043,,0,3,bandwidth_pair_s0_d8_b32_r2000_w8_c0,bandwidth,0,8,65.0215
rma_flow,pair,0,32,2000,8,1,8,130014,,0,3,bandwidth_pair_s0_d8_b32_r2000_w8_c0,bandwidth,0,8,65.007
rma_flow,alltoall4,0,64,2000,1,12,0,825533,,0,3,contention_alltoall4_s0_d0_b64_r2000_w1_c0,contention,0,0,412.7665
rma_flow,alltoall4,0,64,2000,1,12,1,825557,,0,3,contention_alltoall4_s0_d0_b64_r2000_w1_c0,contention,0,0,412.7785
rma_flow,alltoall4,0,64,2000,1,12,8,825592,,0,3,contention_alltoall4_s0_d0_b64_r2000_w1_c0,contention,0,0,412.796
rma_flow,alltoall4,0,64,2000,1,12,9,825612,,0,3,contention_alltoall4_s0_d0_b64_r2000_w1_c0,contention,0,0,412.806
rma_flow,ring4,15,64,2000,1,4,54,377049,,0,3,contention_ring4_s0_d0_b64_r2000_w1_c15,contention,0,0,188.5245
rma_flow,ring4,15,64,2000,1,4,55,348056,,0,3,contention_ring4_s0_d0_b64_r2000_w1_c15,contention,0,0,174.028
rma_flow,ring4,15,64,2000,1,4,62,377078,,0,3,contention_ring4_s0_d0_b64_r2000_w1_c15,contention,0,0,188.539
rma_flow,ring4,15,64,2000,1,4,63,348058,,0,3,contention_ring4_s0_d0_b64_r2000_w1_c15,contention,0,0,174.029
rma_flow,pair,0,32,2000,4,1,0,144042,,0,3,bandwidth_pair_s0_d63_b32_r2000_w4_c0,bandwidth,0,63,72.021
rma_flow,pair,0,32,2000,4,1,63,143997,,0,3,bandwidth_pair_s0_d63_b32_r2000_w4_c0,bandwidth,0,63,71.9985
rma_flow,pair,0,256,2000,4,1,0,150042,,0,3,bandwidth_pair_s0_d8_b256_r2000_w4_c0,bandwidth,0,8,75.021
rma_flow,pair,0,256,2000,4,1,8,150015,,0,3,bandwidth_pair_s0_d8_b256_r2000_w4_c0,bandwidth,0,8,75.0075
rma_flow,pair,0,16384,2000,2,1,8,1394042,,0,3,bandwidth_pair_s8_d16_b16384_r2000_w2_c0,bandwidth,8,16,697.021
rma_flow,pair,0,16384,2000,2,1,16,1394025,,0,3,bandwidth_pair_s8_d16_b16384_r2000_w2_c0,bandwidth,8,16,697.0125
rma_flow,pair,0,8,2000,8,1,1,130043,,0,3,bandwidth_pair_s1_d2_b8_r2000_w8_c0,bandwidth,1,2,65.0215
rma_flow,pair,0,8,2000,8,1,2,130022,,0,3,bandwidth_pair_s1_d2_b8_r2000_w8_c0,bandwidth,1,2,65.011
rma_flow,pair,0,8,2000,4,1,8,144042,,0,3,bandwidth_pair_s8_d16_b8_r2000_w4_c0,bandwidth,8,16,72.021
rma_flow,pair,0,8,2000,4,1,16,144022,,0,3,bandwidth_pair_s8_d16_b8_r2000_w4_c0,bandwidth,8,16,72.011
rma_flow,pair,0,32,2000,2,1,9,172042,,0,3,bandwidth_pair_s9_d18_b32_r2000_w2_c0,bandwidth,9,18,86.021
rma_flow,pair,0,32,2000,2,1,18,172020,,0,3,bandwidth_pair_s9_d18_b32_r2000_w2_c0,bandwidth,9,18,86.01
rma_flow,split_far2,0,1024,2000,4,2,0,204042,,0,3,contention_split_far2_s0_d0_b1024_r2000_w4_c0,contention,0,0,102.021
rma_flow,split_far2,0,1024,2000,4,2,1,204018,,0,3,contention_split_far2_s0_d0_b1024_r2000_w4_c0,contention,0,0,102.009
rma_flow,split_far2,0,1024,2000,4,2,32,218042,,0,3,contention_split_far2_s0_d0_b1024_r2000_w4_c0,contention,0,0,109.021
rma_flow,split_far2,0,1024,2000,4,2,33,218015,,0,3,contention_split_far2_s0_d0_b1024_r2000_w4_c0,contention,0,0,109.0075
rma_flow,split_side2,5,1024,2000,4,2,18,204042,,0,3,contention_split_side2_s0_d0_b1024_r2000_w4_c5,contention,0,0,102.021
rma_flow,split_side2,5,1024,2000,4,2,19,204025,,0,3,contention_split_side2_s0_d0_b1024_r2000_w4_c5,contention,0,0,102.0125
rma_flow,split_side2,5,1024,2000,4,2,20,218042,,0,3,contention_split_side2_s0_d0_b1024_r2000_w4_c5,contention,0,0,109.021
rma_flow,split_side2,5,1024,2000,4,2,21,218026,,0,3,contention_split_side2_s0_d0_b1024_r2000_w4_c5,contention,0,0,109.013
rma_flow,pair,0,128,2000,8,1,8,135042,,0,3,bandwidth_pair_s8_d16_b128_r2000_w8_c0,bandwidth,8,16,67.521
rma_flow,pair,0,128,2000,8,1,16,135023,,0,3,bandwidth_pair_s8_d16_b128_r2000_w8_c0,bandwidth,8,16,67.5115
rma_flow,pair,0,65536,2000,1,1,8,5350042,,0,3,bandwidth_pair_s8_d16_b65536_r2000_w1_c0,bandwidth,8,16,2675.021
rma_flow,pair,0,65536,2000,1,1,16,5350026,,0,3,bandwidth_pair_s8_d16_b65536_r2000_w1_c0,bandwidth,8,16,2675.013
rma_flow,incast3,0,64,2000,1,3,0,328795,,0,3,contention_incast3_s0_d0_b64_r2000_w1_c0,contention,0,0,164.3975
rma_flow,incast3,0,64,2000,1,3,1,298042,,0,3,contention_incast3_s0_d0_b64_r2000_w1_c0,contention,0,0,149.021
rma_flow,incast3,0,64,2000,1,3,8,298042,,0,3,contention_incast3_s0_d0_b64_r2000_w1_c0,contention,0,0,149.021
rma_flow,incast3,0,64,2000,1,3,9,328791,,0,3,contention_incast3_s0_d0_b64_r2000_w1_c0,contention,0,0,164.3955
rma_flow,pair,0,64,2000,1,1,0,228041,,0,3,bandwidth_pair_s0_d56_b64_r2000_w1_c0,bandwidth,0,56,114.0205
rma_flow,pair,0,64,2000,1,1,56,228011,,0,3,bandwidth_pair_s0_d56_b64_r2000_w1_c0,bandwidth,0,56,114.0055
rma_flow,pair,0,32,2000,2,1,0,172042,,0,3,bandwidth_pair_s0_d8_b32_r2000_w2_c0,bandwidth,0,8,86.021
rma_flow,pair,0,32,2000,2,1,8,172013,,0,3,bandwidth_pair_s0_d8_b32_r2000_w2_c0,bandwidth,0,8,86.0065
rma_flow,pair,0,4096,2000,8,1,0,350543,,0,3,bandwidth_pair_s0_d1_b4096_r2000_w8_c0,bandwidth,0,1,175.2715
rma_flow,pair,0,4096,2000,8,1,1,350518,,0,3,bandwidth_pair_s0_d1_b4096_r2000_w8_c0,bandwidth,0,1,175.259
rma_flow,split_far2,15,1024,2000,4,2,22,218041,,0,3,contention_split_far2_s0_d0_b1024_r2000_w4_c15,contention,0,0,109.0205
rma_flow,split_far2,15,1024,2000,4,2,23,218025,,0,3,contention_split_far2_s0_d0_b1024_r2000_w4_c15,contention,0,0,109.0125
rma_flow,split_far2,15,1024,2000,4,2,54,204042,,0,3,contention_split_far2_s0_d0_b1024_r2000_w4_c15,contention,0,0,102.021
rma_flow,split_far2,15,1024,2000,4,2,55,204025,,0,3,contention_split_far2_s0_d0_b1024_r2000_w4_c15,contention,0,0,102.0125
rma_flow,pair,0,16,2000,8,1,0,130043,,0,3,bandwidth_pair_s0_d63_b16_r2000_w8_c0,bandwidth,0,63,65.0215
rma_flow,pair,0,16,2000,8,1,63,129998,,0,3,bandwidth_pair_s0_d63_b16_r2000_w8_c0,bandwidth,0,63,64.999
rma_flow,pair,0,4096,2000,16,1,0,336542,,0,3,bandwidth_pair_s0_d9_b4096_r2000_w16_c0,bandwidth,0,9,168.271
rma_flow,pair,0,4096,2000,16,1,9,336502,,0,3,bandwidth_pair_s0_d9_b4096_r2000_w16_c0,bandwidth,0,9,168.251
rma_flow,pair,0,32,2000,2,1,1,172043,,0,3,bandwidth_pair_s1_d2_b32_r2000_w2_c0,bandwidth,1,2,86.0215
rma_flow,pair,0,32,2000,2,1,2,172022,,0,3,bandwidth_pair_s1_d2_b32_r2000_w2_c0,bandwidth,1,2,86.011
rma_flow,pair,0,1024,2000,16,1,8,135792,,0,3,bandwidth_pair_s8_d16_b1024_r2000_w16_c0,bandwidth,8,16,67.896
rma_flow,pair,0,1024,2000,16,1,16,135773,,0,3,bandwidth_pair_s8_d16_b1024_r2000_w16_c0,bandwidth,8,16,67.8865
rma_flow,pair,0,32768,2000,1,1,0,2788042,,0,3,bandwidth_pair_s0_d9_b32768_r2000_w1_c0,bandwidth,0,9,1394.021
rma_flow,pair,0,32768,2000,1,1,9,2788004,,0,3,bandwidth_pair_s0_d9_b32768_r2000_w1_c0,bandwidth,0,9,1394.002
rma_flow,alltoall4,5,64,2000,1,12,18,825504,,0,3,contention_alltoall4_s0_d0_b64_r2000_w1_c5,contention,0,0,412.752
rma_flow,alltoall4,5,64,2000,1,12,19,825544,,0,3,contention_alltoall4_s0_d0_b64_r2000_w1_c5,contention,0,0,412.772
rma_flow,alltoall4,5,64,2000,1,12,26,825579,,0,3,contention_alltoall4_s0_d0_b64_r2000_w1_c5,contention,0,0,412.7895
rma_flow,alltoall4,5,64,2000,1,12,27,825606,,0,3,contention_alltoall4_s0_d0_b64_r2000_w1_c5,contention,0,0,412.803
rma_flow,pair,0,16,2000,2,1,1,172042,,0,3,bandwidth_pair_s1_d2_b16_r2000_w2_c0,bandwidth,1,2,86.021
rma_flow,pair,0,16,2000,2,1,2,172021,,0,3,bandwidth_pair_s1_d2_b16_r2000_w2_c0,bandwidth,1,2,86.0105
rma_flow,pair,0,16,2000,4,1,0,144043,,0,3,bandwidth_pair_s0_d56_b16_r2000_w4_c0,bandwidth,0,56,72.0215
rma_flow,pair,0,16,2000,4,1,56,144011,,0,3,bandwidth_pair_s0_d56_b16_r2000_w4_c0,bandwidth,0,56,72.0055
rma_flow,alltoall4,10,64,2000,1,12,36,825504,,0,3,contention_alltoall4_s0_d0_b64_r2000_w1_c10,contention,0,0,412.752
rma_flow,alltoall4,10,64,2000,1,12,37,825544,,0,3,contention_alltoall4_s0_d0_b64_r2000_w1_c10,contention,0,0,412.772
rma_flow,alltoall4,10,64,2000,1,12,44,825579,,0,3,contention_alltoall4_s0_d0_b64_r2000_w1_c10,contention,0,0,412.7895
rma_flow,alltoall4,10,64,2000,1,12,45,825606,,0,3,contention_alltoall4_s0_d0_b64_r2000_w1_c10,contention,0,0,412.803
rma_flow,pair,0,16,2000,1,1,8,228042,,0,3,bandwidth_pair_s8_d16_b16_r2000_w1_c0,bandwidth,8,16,114.021
rma_flow,pair,0,16,2000,1,1,16,228022,,0,3,bandwidth_pair_s8_d16_b16_r2000_w1_c0,bandwidth,8,16,114.011
rma_flow,pair,0,16384,2000,1,1,1,1508042,,0,3,bandwidth_pair_s1_d2_b16384_r2000_w1_c0,bandwidth,1,2,754.021
rma_flow,pair,0,16384,2000,1,1,2,1508018,,0,3,bandwidth_pair_s1_d2_b16384_r2000_w1_c0,bandwidth,1,2,754.009
rma_flow,pair,0,4096,2000,1,1,0,548042,,0,3,bandwidth_pair_s0_d63_b4096_r2000_w1_c0,bandwidth,0,63,274.021
rma_flow,pair,0,4096,2000,1,1,63,547996,,0,3,bandwidth_pair_s0_d63_b4096_r2000_w1_c0,bandwidth,0,63,273.998
rma_flow,split_far2,5,1024,2000,1,2,18,306042,,0,3,contention_split_far2_s0_d0_b1024_r2000_w1_c5,contention,0,0,153.021
rma_flow,split_far2,5,1024,2000,1,2,19,306027,,0,3,contention_split_far2_s0_d0_b1024_r2000_w1_c5,contention,0,0,153.0135
rma_flow,split_far2,5,1024,2000,1,2,50,360042,,0,3,contention_split_far2_s0_d0_b1024_r2000_w1_c5,contention,0,0,180.021
rma_flow,split_far2,5,1024,2000,1,2,51,360023,,0,3,contention_split_far2_s0_d0_b1024_r2000_w1_c5,contention,0,0,180.0115
rma_flow,pair,0,32768,2000,1,1,1,2788042,,0,3,bandwidth_pair_s1_d2_b32768_r2000_w1_c0,bandwidth,1,2,1394.021
rma_flow,pair,0,32768,2000,1,1,2,2788025,,0,3,bandwidth_pair_s1_d2_b32768_r2000_w1_c0,bandwidth,1,2,1394.0125
rma_flow,incast3,15,64,2000,1,3,54,328042,,0,3,contention_incast3_s0_d0_b64_r2000_w1_c15,contention,0,0,164.021
rma_flow,incast3,15,64,2000,1,3,55,298219,,0,3,contention_incast3_s0_d0_b64_r2000_w1_c15,contention,0,0,149.1095
rma_flow,incast3,15,64,2000,1,3,62,298223,,0,3,contention_incast3_s0_d0_b64_r2000_w1_c15,contention,0,0,149.1115
rma_flow,incast3,15,64,2000,1,3,63,328060,,0,3,contention_incast3_s0_d0_b64_r2000_w1_c15,contention,0,0,164.03
rma_flow,split_near2,0,1024,2000,4,2,0,204041,,0,3,contention_split_near2_s0_d0_b1024_r2000_w4_c0,contention,0,0,102.0205
rma_flow,split_near2,0,1024,2000,4,2,1,204013,,0,3,contention_split_near2_s0_d0_b1024_r2000_w4_c0,contention,0,0,102.0065
rma_flow,split_near2,0,1024,2000,4,2,16,218042,,0,3,contention_split_near2_s0_d0_b1024_r2000_w4_c0,contention,0,0,109.021
rma_flow,split_near2,0,1024,2000,4,2,17,218015,,0,3,contention_split_near2_s0_d0_b1024_r2000_w4_c0,contention,0,0,109.0075
rma_flow,pair,0,64,2000,1,1,0,228041,,0,3,bandwidth_pair_s0_d8_b64_r2000_w1_c0,bandwidth,0,8,114.0205
rma_flow,pair,0,64,2000,1,1,8,228014,,0,3,bandwidth_pair_s0_d8_b64_r2000_w1_c0,bandwidth,0,8,114.007
rma_flow,pair,0,4096,2000,8,1,8,349542,,0,3,bandwidth_pair_s8_d16_b4096_r2000_w8_c0,bandwidth,8,16,174.771
rma_flow,pair,0,4096,2000,8,1,16,349529,,0,3,bandwidth_pair_s8_d16_b4096_r2000_w8_c0,bandwidth,8,16,174.7645
rma_flow,pair,0,8,2000,16,1,0,123043,,0,3,bandwidth_pair_s0_d56_b8_r2000_w16_c0,bandwidth,0,56,61.5215
rma_flow,pair,0,8,2000,16,1,56,123011,,0,3,bandwidth_pair_s0_d56_b8_r2000_w16_c0,bandwidth,0,56,61.5055
rma_flow,pair,0,1024,2000,4,1,0,171042,,0,3,bandwidth_pair_s0_d63_b1024_r2000_w4_c0,bandwidth,0,63,85.521
rma_flow,pair,0,1024,2000,4,1,63,170997,,0,3,bandwidth_pair_s0_d63_b1024_r2000_w4_c0,bandwidth,0,63,85.4985
rma_flow,ring4,15,64,2000,4,4,54,295775,,0,3,contention_ring4_s0_d0_b64_r2000_w4_c15,contention,0,0,147.8875
rma_flow,ring4,15,64,2000,4,4,55,287318,,0,3,contention_ring4_s0_d0_b64_r2000_w4_c15,contention,0,0,143.659
rma_flow,ring4,15,64,2000,4,4,62,295804,,0,3,contention_ring4_s0_d0_b64_r2000_w4_c15,contention,0,0,147.902
rma_flow,ring4,15,64,2000,4,4,63,288017,,0,3,contention_ring4_s0_d0_b64_r2000_w4_c15,contention,0,0,144.0085
rma_flow,pair,0,8,2000,1,1,0,228041,,0,3,bandwidth_pair_s0_d8_b8_r2000_w1_c0,bandwidth,0,8,114.0205
rma_flow,pair,0,8,2000,1,1,8,228012,,0,3,bandwidth_pair_s0_d8_b8_r2000_w1_c0,bandwidth,0,8,114.006
rma_flow,intra2,10,64,2000,1,2,36,248043,,0,3,contention_intra2_s0_d0_b64_r2000_w1_c10,contention,0,0,124.0215
rma_flow,intra2,10,64,2000,1,2,37,248021,,0,3,contention_intra2_s0_d0_b64_r2000_w1_c10,contention,0,0,124.0105
rma_flow,intra2,10,64,2000,1,2,44,277091,,0,3,contention_intra2_s0_d0_b64_r2000_w1_c10,contention,0,0,138.5455
rma_flow,intra2,10,64,2000,1,2,45,277077,,0,3,contention_intra2_s0_d0_b64_r2000_w1_c10,contention,0,0,138.5385
rma_flow,pair,0,1024,2000,1,1,1,310042,,0,3,bandwidth_pair_s1_d2_b1024_r2000_w1_c0,bandwidth,1,2,155.021
rma_flow,pair,0,1024,2000,1,1,2,310025,,0,3,bandwidth_pair_s1_d2_b1024_r2000_w1_c0,bandwidth,1,2,155.0125
rma_flow,intra2,0,1024,2000,4,2,0,218008,,0,3,contention_intra2_s0_d0_b1024_r2000_w4_c0,contention,0,0,109.004
rma_flow,intra2,0,1024,2000,4,2,1,217983,,0,3,contention_intra2_s0_d0_b1024_r2000_w4_c0,contention,0,0,108.9915
rma_flow,intra2,0,1024,2000,4,2,8,218041,,0,3,contention_intra2_s0_d0_b1024_r2000_w4_c0,contention,0,0,109.0205
rma_flow,intra2,0,1024,2000,4,2,9,218015,,0,3,contention_intra2_s0_d0_b1024_r2000_w4_c0,contention,0,0,109.0075
rma_flow,pair,0,1024,2000,4,1,1,171042,,0,3,bandwidth_pair_s1_d2_b1024_r2000_w4_c0,bandwidth,1,2,85.521
rma_flow,pair,0,1024,2000,4,1,2,171020,,0,3,bandwidth_pair_s1_d2_b1024_r2000_w4_c0,bandwidth,1,2,85.51
rma_flow,single,10,1024,2000,4,1,36,171042,,0,3,contention_single_s0_d0_b1024_r2000_w4_c10,contention,0,0,85.521
rma_flow,single,10,1024,2000,4,1,37,171029,,0,3,contention_single_s0_d0_b1024_r2000_w4_c10,contention,0,0,85.5145
rma_flow,split_far2,15,1024,2000,1,2,22,360042,,0,3,contention_split_far2_s0_d0_b1024_r2000_w1_c15,contention,0,0,180.021
rma_flow,split_far2,15,1024,2000,1,2,23,360022,,0,3,contention_split_far2_s0_d0_b1024_r2000_w1_c15,contention,0,0,180.011
rma_flow,split_far2,15,1024,2000,1,2,54,306042,,0,3,contention_split_far2_s0_d0_b1024_r2000_w1_c15,contention,0,0,153.021
rma_flow,split_far2,15,1024,2000,1,2,55,306027,,0,3,contention_split_far2_s0_d0_b1024_r2000_w1_c15,contention,0,0,153.0135
rma_flow,intra2,15,64,2000,1,2,54,248043,,0,3,contention_intra2_s0_d0_b64_r2000_w1_c15,contention,0,0,124.0215
rma_flow,intra2,15,64,2000,1,2,55,248021,,0,3,contention_intra2_s0_d0_b64_r2000_w1_c15,contention,0,0,124.0105
rma_flow,intra2,15,64,2000,1,2,62,277091,,0,3,contention_intra2_s0_d0_b64_r2000_w1_c15,contention,0,0,138.5455
rma_flow,intra2,15,64,2000,1,2,63,277077,,0,3,contention_intra2_s0_d0_b64_r2000_w1_c15,contention,0,0,138.5385
rma_flow,split_near2,10,64,2000,1,2,36,248042,,0,3,contention_split_near2_s0_d0_b64_r2000_w1_c10,contention,0,0,124.021
rma_flow,split_near2,10,64,2000,1,2,37,248016,,0,3,contention_split_near2_s0_d0_b64_r2000_w1_c10,contention,0,0,124.008
rma_flow,split_near2,10,64,2000,1,2,52,276043,,0,3,contention_split_near2_s0_d0_b64_r2000_w1_c10,contention,0,0,138.0215
rma_flow,split_near2,10,64,2000,1,2,53,276029,,0,3,contention_split_near2_s0_d0_b64_r2000_w1_c10,contention,0,0,138.0145
rma_flow,pair,0,8,2000,16,1,0,123042,,0,3,bandwidth_pair_s0_d7_b8_r2000_w16_c0,bandwidth,0,7,61.521
rma_flow,pair,0,8,2000,16,1,7,123010,,0,3,bandwidth_pair_s0_d7_b8_r2000_w16_c0,bandwidth,0,7,61.505
rma_flow,pair,0,8,2000,1,1,9,228041,,0,3,bandwidth_pair_s9_d18_b8_r2000_w1_c0,bandwidth,9,18,114.0205
rma_flow,pair,0,8,2000,1,1,18,228019,,0,3,bandwidth_pair_s9_d18_b8_r2000_w1_c0,bandwidth,9,18,114.0095
rma_flow,pair,0,8,2000,1,1,0,228041,,0,3,bandwidth_pair_s0_d7_b8_r2000_w1_c0,bandwidth,0,7,114.0205
rma_flow,pair,0,8,2000,1,1,7,228009,,0,3,bandwidth_pair_s0_d7_b8_r2000_w1_c0,bandwidth,0,7,114.0045
rma_flow,pair,0,8,2000,2,1,1,172042,,0,3,bandwidth_pair_s1_d2_b8_r2000_w2_c0,bandwidth,1,2,86.021
rma_flow,pair,0,8,2000,2,1,2,172021,,0,3,bandwidth_pair_s1_d2_b8_r2000_w2_c0,bandwidth,1,2,86.0105
rma_flow,split_side2,5,1024,2000,1,2,18,306042,,0,3,contention_split_side2_s0_d0_b1024_r2000_w1_c5,contention,0,0,153.021
rma_flow,split_side2,5,1024,2000,1,2,19,306027,,0,3,contention_split_side2_s0_d0_b1024_r2000_w1_c5,contention,0,0,153.0135
rma_flow,split_side2,5,1024,2000,1,2,20,360042,,0,3,contention_split_side2_s0_d0_b1024_r2000_w1_c5,contention,0,0,180.021
rma_flow,split_side2,5,1024,2000,1,2,21,360023,,0,3,contention_split_side2_s0_d0_b1024_r2000_w1_c5,contention,0,0,180.0115
rma_flow,pair,0,32,2000,16,1,0,123042,,0,3,bandwidth_pair_s0_d1_b32_r2000_w16_c0,bandwidth,0,1,61.521
rma_flow,pair,0,32,2000,16,1,1,123013,,0,3,bandwidth_pair_s0_d1_b32_r2000_w16_c0,bandwidth,0,1,61.5065
rma_flow,split_near2,0,64,2000,1,2,0,248042,,0,3,contention_split_near2_s0_d0_b64_r2000_w1_c0,contention,0,0,124.021
rma_flow,split_near2,0,64,2000,1,2,1,248008,,0,3,contention_split_near2_s0_d0_b64_r2000_w1_c0,contention,0,0,124.004
rma_flow,split_near2,0,64,2000,1,2,16,276043,,0,3,contention_split_near2_s0_d0_b64_r2000_w1_c0,contention,0,0,138.0215
rma_flow,split_near2,0,64,2000,1,2,17,276016,,0,3,contention_split_near2_s0_d0_b64_r2000_w1_c0,contention,0,0,138.008
rma_flow,alltoall4,5,1024,2000,4,12,18,1026121,,0,3,contention_alltoall4_s0_d0_b1024_r2000_w4_c5,contention,0,0,513.0605
rma_flow,alltoall4,5,1024,2000,4,12,19,1026165,,0,3,contention_alltoall4_s0_d0_b1024_r2000_w4_c5,contention,0,0,513.0825
rma_flow,alltoall4,5,1024,2000,4,12,26,1026203,,0,3,contention_alltoall4_s0_d0_b1024_r2000_w4_c5,contention,0,0,513.1015
rma_flow,alltoall4,5,1024,2000,4,12,27,1026232,,0,3,contention_alltoall4_s0_d0_b1024_r2000_w4_c5,contention,0,0,513.116
rma_flow,pair,0,16,2000,4,1,0,144043,,0,3,bandwidth_pair_s0_d7_b16_r2000_w4_c0,bandwidth,0,7,72.0215
rma_flow,pair,0,16,2000,4,1,7,144011,,0,3,bandwidth_pair_s0_d7_b16_r2000_w4_c0,bandwidth,0,7,72.0055
rma_flow,split_side2,5,64,2000,1,2,18,248042,,0,3,contention_split_side2_s0_d0_b64_r2000_w1_c5,contention,0,0,124.021
rma_flow,split_side2,5,64,2000,1,2,19,248016,,0,3,contention_split_side2_s0_d0_b64_r2000_w1_c5,contention,0,0,124.008
rma_flow,split_side2,5,64,2000,1,2,20,276043,,0,3,contention_split_side2_s0_d0_b64_r2000_w1_c5,contention,0,0,138.0215
rma_flow,split_side2,5,64,2000,1,2,21,276029,,0,3,contention_split_side2_s0_d0_b64_r2000_w1_c5,contention,0,0,138.0145
rma_flow,pair,0,4096,2000,2,1,1,436041,,0,3,bandwidth_pair_s1_d2_b4096_r2000_w2_c0,bandwidth,1,2,218.0205
rma_flow,pair,0,4096,2000,2,1,2,436024,,0,3,bandwidth_pair_s1_d2_b4096_r2000_w2_c0,bandwidth,1,2,218.012
rma_flow,pair,0,64,2000,2,1,9,172042,,0,3,bandwidth_pair_s9_d18_b64_r2000_w2_c0,bandwidth,9,18,86.021
rma_flow,pair,0,64,2000,2,1,18,172022,,0,3,bandwidth_pair_s9_d18_b64_r2000_w2_c0,bandwidth,9,18,86.011
rma_flow,pair,0,128,2000,16,1,0,127542,,0,3,bandwidth_pair_s0_d9_b128_r2000_w16_c0,bandwidth,0,9,63.771
rma_flow,pair,0,128,2000,16,1,9,127505,,0,3,bandwidth_pair_s0_d9_b128_r2000_w16_c0,bandwidth,0,9,63.7525
rma_flow,single,15,1024,2000,1,1,54,310042,,0,3,contention_single_s0_d0_b1024_r2000_w1_c15,contention,0,0,155.021
rma_flow,single,15,1024,2000,1,1,55,310025,,0,3,contention_single_s0_d0_b1024_r2000_w1_c15,contention,0,0,155.0125
rma_flow,pair,0,128,2000,16,1,0,127542,,0,3,bandwidth_pair_s0_d56_b128_r2000_w16_c0,bandwidth,0,56,63.771
rma_flow,pair,0,128,2000,16,1,56,127508,,0,3,bandwidth_pair_s0_d56_b128_r2000_w16_c0,bandwidth,0,56,63.754
rma_flow,pair,0,32,2000,1,1,1,228041,,0,3,bandwidth_pair_s1_d2_b32_r2000_w1_c0,bandwidth,1,2,114.0205
rma_flow,pair,0,32,2000,1,1,2,228020,,0,3,bandwidth_pair_s1_d2_b32_r2000_w1_c0,bandwidth,1,2,114.01
rma_flow,pair,0,32768,2000,2,1,9,2676041,,0,3,bandwidth_pair_s9_d18_b32768_r2000_w2_c0,bandwidth,9,18,1338.0205
rma_flow,pair,0,32768,2000,2,1,18,2676023,,0,3,bandwidth_pair_s9_d18_b32768_r2000_w2_c0,bandwidth,9,18,1338.0115
rma_flow,pair,0,64,2000,1,1,9,228041,,0,3,bandwidth_pair_s9_d18_b64_r2000_w1_c0,bandwidth,9,18,114.0205
rma_flow,pair,0,64,2000,1,1,18,228021,,0,3,bandwidth_pair_s9_d18_b64_r2000_w1_c0,bandwidth,9,18,114.0105
rma_flow,pair,0,16,2000,2,1,9,172042,,0,3,bandwidth_pair_s9_d18_b16_r2000_w2_c0,bandwidth,9,18,86.021
rma_flow,pair,0,16,2000,2,1,18,172020,,0,3,bandwidth_pair_s9_d18_b16_r2000_w2_c0,bandwidth,9,18,86.01
rma_flow,pair,0,128,2000,4,1,9,150041,,0,3,bandwidth_pair_s9_d18_b128_r2000_w4_c0,bandwidth,9,18,75.0205
rma_flow,pair,0,128,2000,4,1,18,150017,,0,3,bandwidth_pair_s9_d18_b128_r2000_w4_c0,bandwidth,9,18,75.0085
rma_flow,pair,0,16,2000,1,1,0,228041,,0,3,bandwidth_pair_s0_d63_b16_r2000_w1_c0,bandwidth,0,63,114.0205
rma_flow,pair,0,16,2000,1,1,63,227996,,0,3,bandwidth_pair_s0_d63_b16_r2000_w1_c0,bandwidth,0,63,113.998
rma_flow,pair,0,256,2000,4,1,0,150042,,0,3,bandwidth_pair_s0_d1_b256_r2000_w4_c0,bandwidth,0,1,75.021
rma_flow,pair,0,256,2000,4,1,1,150015,,0,3,bandwidth_pair_s0_d1_b256_r2000_w4_c0,bandwidth,0,1,75.0075
rma_flow,pair,0,4096,2000,1,1,8,548042,,0,3,bandwidth_pair_s8_d16_b4096_r2000_w1_c0,bandwidth,8,16,274.021
rma_flow,pair,0,4096,2000,1,1,16,548025,,0,3,bandwidth_pair_s8_d16_b4096_r2000_w1_c0,bandwidth,8,16,274.0125
rma_flow,pair,0,128,2000,4,1,0,150042,,0,3,bandwidth_pair_s0_d56_b128_r2000_w4_c0,bandwidth,0,56,75.021
rma_flow,pair,0,128,2000,4,1,56,150011,,0,3,bandwidth_pair_s0_d56_b128_r2000_w4_c0,bandwidth,0,56,75.0055
rma_flow,pair,0,128,2000,1,1,0,240042,,0,3,bandwidth_pair_s0_d7_b128_r2000_w1_c0,bandwidth,0,7,120.021
rma_flow,pair,0,128,2000,1,1,7,240008,,0,3,bandwidth_pair_s0_d7_b128_r2000_w1_c0,bandwidth,0,7,120.004
rma_flow,incast3,5,64,2000,4,3,18,244294,,0,3,contention_incast3_s0_d0_b64_r2000_w4_c5,contention,0,0,122.147
rma_flow,incast3,5,64,2000,4,3,19,236593,,0,3,contention_incast3_s0_d0_b64_r2000_w4_c5,contention,0,0,118.2965
rma_flow,incast3,5,64,2000,4,3,26,237104,,0,3,contention_incast3_s0_d0_b64_r2000_w4_c5,contention,0,0,118.552
rma_flow,incast3,5,64,2000,4,3,27,244312,,0,3,contention_incast3_s0_d0_b64_r2000_w4_c5,contention,0,0,122.156
rma_flow,pair,0,1024,2000,1,1,0,310042,,0,3,bandwidth_pair_s0_d8_b1024_r2000_w1_c0,bandwidth,0,8,155.021
rma_flow,pair,0,1024,2000,1,1,8,310012,,0,3,bandwidth_pair_s0_d8_b1024_r2000_w1_c0,bandwidth,0,8,155.006
rma_flow,pair,0,64,2000,2,1,0,172041,,0,3,bandwidth_pair_s0_d1_b64_r2000_w2_c0,bandwidth,0,1,86.0205
rma_flow,pair,0,64,2000,2,1,1,172014,,0,3,bandwidth_pair_s0_d1_b64_r2000_w2_c0,bandwidth,0,1,86.007
rma_flow,intra2,5,1024,2000,4,2,18,218014,,0,3,contention_intra2_s0_d0_b1024_r2000_w4_c5,contention,0,0,109.007
rma_flow,intra2,5,1024,2000,4,2,19,217999,,0,3,contention_intra2_s0_d0_b1024_r2000_w4_c5,contention,0,0,108.9995
rma_flow,intra2,5,1024,2000,4,2,26,218057,,0,3,contention_intra2_s0_d0_b1024_r2000_w4_c5,contention,0,0,109.0285
rma_flow,intra2,5,1024,2000,4,2,27,218041,,0,3,contention_intra2_s0_d0_b1024_r2000_w4_c5,contention,0,0,109.0205
rma_flow,pair,0,4096,2000,1,1,1,548042,,0,3,bandwidth_pair_s1_d2_b4096_r2000_w1_c0,bandwidth,1,2,274.021
rma_flow,pair,0,4096,2000,1,1,2,548024,,0,3,bandwidth_pair_s1_d2_b4096_r2000_w1_c0,bandwidth,1,2,274.012
rma_flow,pair,0,1024,2000,1,1,9,310042,,0,3,bandwidth_pair_s9_d18_b1024_r2000_w1_c0,bandwidth,9,18,155.021
rma_flow,pair,0,1024,2000,1,1,18,310018,,0,3,bandwidth_pair_s9_d18_b1024_r2000_w1_c0,bandwidth,9,18,155.009
rma_flow,split_far2,10,1024,2000,1,2,4,360042,,0,3,contention_split_far2_s0_d0_b1024_r2000_w1_c10,contention,0,0,180.021
rma_flow,split_far2,10,1024,2000,1,2,5,360023,,0,3,contention_split_far2_s0_d0_b1024_r2000_w1_c10,contention,0,0,180.0115
rma_flow,split_far2,10,1024,2000,1,2,36,306042,,0,3,contention_split_far2_s0_d0_b1024_r2000_w1_c10,contention,0,0,153.021
rma_flow,split_far2,10,1024,2000,1,2,37,306027,,0,3,contention_split_far2_s0_d0_b1024_r2000_w1_c10,contention,0,0,153.0135
rma_flow,pair,0,16384,2000,1,1,8,1508042,,0,3,bandwidth_pair_s8_d16_b16384_r2000_w1_c0,bandwidth,8,16,754.021
rma_flow,pair,0,16384,2000,1,1,16,1508019,,0,3,bandwidth_pair_s8_d16_b16384_r2000_w1_c0,bandwidth,8,16,754.0095
rma_flow,pair,0,16,2000,1,1,0,228041,,0,3,bandwidth_pair_s0_d8_b16_r2000_w1_c0,bandwidth,0,8,114.0205
rma_flow,pair,0,16,2000,1,1,8,228012,,0,3,bandwidth_pair_s0_d8_b16_r2000_w1_c0,bandwidth,0,8,114.006
rma_flow,pair,0,64,2000,8,1,9,130041,,0,3,bandwidth_pair_s9_d18_b64_r2000_w8_c0,bandwidth,9,18,65.0205
rma_flow,pair,0,64,2000,8,1,18,130021,,0,3,bandwidth_pair_s9_d18_b64_r2000_w8_c0,bandwidth,9,18,65.0105
rma_flow,pair,0,256,2000,16,1,1,127542,,0,3,bandwidth_pair_s1_d2_b256_r2000_w16_c0,bandwidth,1,2,63.771
rma_flow,pair,0,256,2000,16,1,2,127523,,0,3,bandwidth_pair_s1_d2_b256_r2000_w16_c0,bandwidth,1,2,63.7615
rma_flow,single,0,1024,2000,4,1,0,171043,,0,3,contention_single_s0_d0_b1024_r2000_w4_c0,contention,0,0,85.5215
rma_flow,single,0,1024,2000,4,1,1,171016,,0,3,contention_single_s0_d0_b1024_r2000_w4_c0,contention,0,0,85.508
rma_flow,pair,0,4096,2000,2,1,0,436041,,0,3,bandwidth_pair_s0_d63_b4096_r2000_w2_c0,bandwidth,0,63,218.0205
rma_flow,pair,0,4096,2000,2,1,63,436000,,0,3,bandwidth_pair_s0_d63_b4096_r2000_w2_c0,bandwidth,0,63,218.0
rma_flow,pair,0,16,2000,2,1,0,172043,,0,3,bandwidth_pair_s0_d9_b16_r2000_w2_c0,bandwidth,0,9,86.0215
rma_flow,pair,0,16,2000,2,1,9,172005,,0,3,bandwidth_pair_s0_d9_b16_r2000_w2_c0,bandwidth,0,9,86.0025
rma_flow,pair,0,8,2000,1,1,0,228042,,0,3,bandwidth_pair_s0_d1_b8_r2000_w1_c0,bandwidth,0,1,114.021
rma_flow,pair,0,8,2000,1,1,1,228013,,0,3,bandwidth_pair_s0_d1_b8_r2000_w1_c0,bandwidth,0,1,114.0065
rma_flow,intra2,0,64,2000,1,2,0,248042,,0,3,contention_intra2_s0_d0_b64_r2000_w1_c0,contention,0,0,124.021
rma_flow,intra2,0,64,2000,1,2,1,248008,,0,3,contention_intra2_s0_d0_b64_r2000_w1_c0,contention,0,0,124.004
rma_flow,intra2,0,64,2000,1,2,8,277084,,0,3,contention_intra2_s0_d0_b64_r2000_w1_c0,contention,0,0,138.542
rma_flow,intra2,0,64,2000,1,2,9,277060,,0,3,contention_intra2_s0_d0_b64_r2000_w1_c0,contention,0,0,138.53
rma_flow,pair,0,256,2000,8,1,0,135042,,0,3,bandwidth_pair_s0_d56_b256_r2000_w8_c0,bandwidth,0,56,67.521
rma_flow,pair,0,256,2000,8,1,56,135015,,0,3,bandwidth_pair_s0_d56_b256_r2000_w8_c0,bandwidth,0,56,67.5075
rma_flow,pair,0,32,2000,16,1,0,123043,,0,3,bandwidth_pair_s0_d7_b32_r2000_w16_c0,bandwidth,0,7,61.5215
rma_flow,pair,0,32,2000,16,1,7,123011,,0,3,bandwidth_pair_s0_d7_b32_r2000_w16_c0,bandwidth,0,7,61.5055
rma_flow,incast3,0,1024,2000,1,3,0,420068,,0,3,contention_incast3_s0_d0_b1024_r2000_w1_c0,contention,0,0,210.034
rma_flow,incast3,0,1024,2000,1,3,1,355149,,0,3,contention_incast3_s0_d0_b1024_r2000_w1_c0,contention,0,0,177.5745
rma_flow,incast3,0,1024,2000,1,3,8,419708,,0,3,contention_incast3_s0_d0_b1024_r2000_w1_c0,contention,0,0,209.854
rma_flow,incast3,0,1024,2000,1,3,9,420068,,0,3,contention_incast3_s0_d0_b1024_r2000_w1_c0,contention,0,0,210.034
rma_flow,pair,0,32768,2000,2,1,8,2676042,,0,3,bandwidth_pair_s8_d16_b32768_r2000_w2_c0,bandwidth,8,16,1338.021
rma_flow,pair,0,32768,2000,2,1,16,2676026,,0,3,bandwidth_pair_s8_d16_b32768_r2000_w2_c0,bandwidth,8,16,1338.013
rma_flow,pair,0,4096,2000,8,1,0,349543,,0,3,bandwidth_pair_s0_d63_b4096_r2000_w8_c0,bandwidth,0,63,174.7715
rma_flow,pair,0,4096,2000,8,1,63,349500,,0,3,bandwidth_pair_s0_d63_b4096_r2000_w8_c0,bandwidth,0,63,174.75
rma_flow,pair,0,128,2000,2,1,9,180041,,0,3,bandwidth_pair_s9_d18_b128_r2000_w2_c0,bandwidth,9,18,90.0205
rma_flow,pair,0,128,2000,2,1,18,180017,,0,3,bandwidth_pair_s9_d18_b128_r2000_w2_c0,bandwidth,9,18,90.0085
rma_flow,pair,0,256,2000,8,1,1,135042,,0,3,bandwidth_pair_s1_d2_b256_r2000_w8_c0,bandwidth,1,2,67.521
rma_flow,pair,0,256,2000,8,1,2,135027,,0,3,bandwidth_pair_s1_d2_b256_r2000_w8_c0,bandwidth,1,2,67.5135
rma_flow,pair,0,256,2000,1,1,0,240042,,0,3,bandwidth_pair_s0_d9_b256_r2000_w1_c0,bandwidth,0,9,120.021
rma_flow,pair,0,256,2000,1,1,9,240007,,0,3,bandwidth_pair_s0_d9_b256_r2000_w1_c0,bandwidth,0,9,120.0035
rma_flow,pair,0,8,2000,1,1,8,228041,,0,3,bandwidth_pair_s8_d16_b8_r2000_w1_c0,bandwidth,8,16,114.0205
rma_flow,pair,0,8,2000,1,1,16,228021,,0,3,bandwidth_pair_s8_d16_b8_r2000_w1_c0,bandwidth,8,16,114.0105
rma_flow,pair,0,256,2000,16,1,8,127543,,0,3,bandwidth_pair_s8_d16_b256_r2000_w16_c0,bandwidth,8,16,63.7715
rma_flow,pair,0,256,2000,16,1,16,127529,,0,3,bandwidth_pair_s8_d16_b256_r2000_w16_c0,bandwidth,8,16,63.7645
rma_flow,pair,0,65536,2000,1,1,0,5350042,,0,3,bandwidth_pair_s0_d1_b65536_r2000_w1_c0,bandwidth,0,1,2675.021
rma_flow,pair,0,65536,2000,1,1,1,5350012,,0,3,bandwidth_pair_s0_d1_b65536_r2000_w1_c0,bandwidth,0,1,2675.006
rma_flow,ring4,0,1024,2000,4,4,0,359224,,0,3,contention_ring4_s0_d0_b1024_r2000_w4_c0,contention,0,0,179.612
rma_flow,ring4,0,1024,2000,4,4,1,357145,,0,3,contention_ring4_s0_d0_b1024_r2000_w4_c0,contention,0,0,178.5725
rma_flow,ring4,0,1024,2000,4,4,8,359247,,0,3,contention_ring4_s0_d0_b1024_r2000_w4_c0,contention,0,0,179.6235
rma_flow,ring4,0,1024,2000,4,4,9,358423,,0,3,contention_ring4_s0_d0_b1024_r2000_w4_c0,contention,0,0,179.2115
rma_flow,pair,0,256,2000,1,1,1,240042,,0,3,bandwidth_pair_s1_d2_b256_r2000_w1_c0,bandwidth,1,2,120.021
rma_flow,pair,0,256,2000,1,1,2,240024,,0,3,bandwidth_pair_s1_d2_b256_r2000_w1_c0,bandwidth,1,2,120.012
rma_flow,alltoall4,10,1024,2000,4,12,36,1026121,,0,3,contention_alltoall4_s0_d0_b1024_r2000_w4_c10,contention,0,0,513.0605
rma_flow,alltoall4,10,1024,2000,4,12,37,1026165,,0,3,contention_alltoall4_s0_d0_b1024_r2000_w4_c10,contention,0,0,513.0825
rma_flow,alltoall4,10,1024,2000,4,12,44,1026203,,0,3,contention_alltoall4_s0_d0_b1024_r2000_w4_c10,contention,0,0,513.1015
rma_flow,alltoall4,10,1024,2000,4,12,45,1026232,,0,3,contention_alltoall4_s0_d0_b1024_r2000_w4_c10,contention,0,0,513.116
rma_flow,pair,0,8,2000,16,1,9,123042,,0,3,bandwidth_pair_s9_d18_b8_r2000_w16_c0,bandwidth,9,18,61.521
rma_flow,pair,0,8,2000,16,1,18,123020,,0,3,bandwidth_pair_s9_d18_b8_r2000_w16_c0,bandwidth,9,18,61.51
rma_flow,pair,0,8,2000,16,1,0,123042,,0,3,bandwidth_pair_s0_d63_b8_r2000_w16_c0,bandwidth,0,63,61.521
rma_flow,pair,0,8,2000,16,1,63,122997,,0,3,bandwidth_pair_s0_d63_b8_r2000_w16_c0,bandwidth,0,63,61.4985
rma_flow,pair,0,4096,2000,1,1,0,548042,,0,3,bandwidth_pair_s0_d56_b4096_r2000_w1_c0,bandwidth,0,56,274.021
rma_flow,pair,0,4096,2000,1,1,56,548010,,0,3,bandwidth_pair_s0_d56_b4096_r2000_w1_c0,bandwidth,0,56,274.005
rma_flow,pair,0,32768,2000,2,1,0,2676041,,0,3,bandwidth_pair_s0_d56_b32768_r2000_w2_c0,bandwidth,0,56,1338.0205
rma_flow,pair,0,32768,2000,2,1,56,2676013,,0,3,bandwidth_pair_s0_d56_b32768_r2000_w2_c0,bandwidth,0,56,1338.0065
rma_flow,pair,0,128,2000,4,1,0,150041,,0,3,bandwidth_pair_s0_d63_b128_r2000_w4_c0,bandwidth,0,63,75.0205
rma_flow,pair,0,128,2000,4,1,63,149997,,0,3,bandwidth_pair_s0_d63_b128_r2000_w4_c0,bandwidth,0,63,74.9985
rma_flow,pair,0,8,2000,8,1,9,130042,,0,3,bandwidth_pair_s9_d18_b8_r2000_w8_c0,bandwidth,9,18,65.021
rma_flow,pair,0,8,2000,8,1,18,130020,,0,3,bandwidth_pair_s9_d18_b8_r2000_w8_c0,bandwidth,9,18,65.01
rma_flow,alltoall4,10,64,2000,4,12,36,740845,,0,3,contention_alltoall4_s0_d0_b64_r2000_w4_c10,contention,0,0,370.4225
rma_flow,alltoall4,10,64,2000,4,12,37,740882,,0,3,contention_alltoall4_s0_d0_b64_r2000_w4_c10,contention,0,0,370.441
rma_flow,alltoall4,10,64,2000,4,12,44,740914,,0,3,contention_alltoall4_s0_d0_b64_r2000_w4_c10,contention,0,0,370.457
rma_flow,alltoall4,10,64,2000,4,12,45,740944,,0,3,contention_alltoall4_s0_d0_b64_r2000_w4_c10,contention,0,0,370.472
rma_flow,intra2,15,1024,2000,1,2,54,330778,,0,3,contention_intra2_s0_d0_b1024_r2000_w1_c15,contention,0,0,165.389
rma_flow,intra2,15,1024,2000,1,2,55,330768,,0,3,contention_intra2_s0_d0_b1024_r2000_w1_c15,contention,0,0,165.384
rma_flow,intra2,15,1024,2000,1,2,62,375805,,0,3,contention_intra2_s0_d0_b1024_r2000_w1_c15,contention,0,0,187.9025
rma_flow,intra2,15,1024,2000,1,2,63,375788,,0,3,contention_intra2_s0_d0_b1024_r2000_w1_c15,contention,0,0,187.894
rma_flow,pair,0,16,2000,8,1,0,130043,,0,3,bandwidth_pair_s0_d1_b16_r2000_w8_c0,bandwidth,0,1,65.0215
rma_flow,pair,0,16,2000,8,1,1,130014,,0,3,bandwidth_pair_s0_d1_b16_r2000_w8_c0,bandwidth,0,1,65.007
rma_flow,pair,0,128,2000,2,1,0,180042,,0,3,bandwidth_pair_s0_d56_b128_r2000_w2_c0,bandwidth,0,56,90.021
rma_flow,pair,0,128,2000,2,1,56,180011,,0,3,bandwidth_pair_s0_d56_b128_r2000_w2_c0,bandwidth,0,56,90.0055
rma_flow,pair,0,4096,2000,2,1,9,436041,,0,3,bandwidth_pair_s9_d18_b4096_r2000_w2_c0,bandwidth,9,18,218.0205
rma_flow,pair,0,4096,2000,2,1,18,436023,,0,3,bandwidth_pair_s9_d18_b4096_r2000_w2_c0,bandwidth,9,18,218.0115
rma_flow,ring4,0,64,2000,1,4,0,376961,,0,3,contention_ring4_s0_d0_b64_r2000_w1_c0,contention,0,0,188.4805
rma_flow,ring4,0,64,2000,1,4,1,348053,,0,3,contention_ring4_s0_d0_b64_r2000_w1_c0,contention,0,0,174.0265
rma_flow,ring4,0,64,2000,1,4,8,376980,,0,3,contention_ring4_s0_d0_b64_r2000_w1_c0,contention,0,0,188.49
rma_flow,ring4,0,64,2000,1,4,9,348052,,0,3,contention_ring4_s0_d0_b64_r2000_w1_c0,contention,0,0,174.026
rma_flow,pair,0,8,2000,1,1,0,228041,,0,3,bandwidth_pair_s0_d56_b8_r2000_w1_c0,bandwidth,0,56,114.0205
rma_flow,pair,0,8,2000,1,1,56,228009,,0,3,bandwidth_pair_s0_d56_b8_r2000_w1_c0,bandwidth,0,56,114.0045
rma_flow,pair,0,16,2000,8,1,0,130043,,0,3,bandwidth_pair_s0_d56_b16_r2000_w8_c0,bandwidth,0,56,65.0215
rma_flow,pair,0,16,2000,8,1,56,130011,,0,3,bandwidth_pair_s0_d56_b16_r2000_w8_c0,bandwidth,0,56,65.0055
rma_flow,pair,0,16,2000,1,1,1,228042,,0,3,bandwidth_pair_s1_d2_b16_r2000_w1_c0,bandwidth,1,2,114.021
rma_flow,pair,0,16,2000,1,1,2,228021,,0,3,bandwidth_pair_s1_d2_b16_r2000_w1_c0,bandwidth,1,2,114.0105
rma_flow,ring4,0,64,2000,4,4,0,295823,,0,3,contention_ring4_s0_d0_b64_r2000_w4_c0,contention,0,0,147.9115
rma_flow,ring4,0,64,2000,4,4,1,287250,,0,3,contention_ring4_s0_d0_b64_r2000_w4_c0,contention,0,0,143.625
rma_flow,ring4,0,64,2000,4,4,8,295842,,0,3,contention_ring4_s0_d0_b64_r2000_w4_c0,contention,0,0,147.921
rma_flow,ring4,0,64,2000,4,4,9,288071,,0,3,contention_ring4_s0_d0_b64_r2000_w4_c0,contention,0,0,144.0355
rma_flow,pair,0,4096,2000,16,1,1,336293,,0,3,bandwidth_pair_s1_d2_b4096_r2000_w16_c0,bandwidth,1,2,168.1465
rma_flow,pair,0,4096,2000,16,1,2,336275,,0,3,bandwidth_pair_s1_d2_b4096_r2000_w16_c0,bandwidth,1,2,168.1375
rma_flow,pair,0,16,2000,16,1,9,123043,,0,3,bandwidth_pair_s9_d18_b16_r2000_w16_c0,bandwidth,9,18,61.5215
rma_flow,pair,0,16,2000,16,1,18,123021,,0,3,bandwidth_pair_s9_d18_b16_r2000_w16_c0,bandwidth,9,18,61.5105
rma_flow,pair,0,1024,2000,4,1,0,171042,,0,3,bandwidth_pair_s0_d8_b1024_r2000_w4_c0,bandwidth,0,8,85.521
rma_flow,pair,0,1024,2000,4,1,8,171015,,0,3,bandwidth_pair_s0_d8_b1024_r2000_w4_c0,bandwidth,0,8,85.5075
rma_flow,pair,0,8,2000,2,1,0,172043,,0,3,bandwidth_pair_s0_d9_b8_r2000_w2_c0,bandwidth,0,9,86.0215
rma_flow,pair,0,8,2000,2,1,9,172005,,0,3,bandwidth_pair_s0_d9_b8_r2000_w2_c0,bandwidth,0,9,86.0025
rma_flow,pair,0,256,2000,8,1,0,135043,,0,3,bandwidth_pair_s0_d1_b256_r2000_w8_c0,bandwidth,0,1,67.5215
rma_flow,pair,0,256,2000,8,1,1,135020,,0,3,bandwidth_pair_s0_d1_b256_r2000_w8_c0,bandwidth,0,1,67.51
rma_flow,pair,0,4096,2000,2,1,8,436042,,0,3,bandwidth_pair_s8_d16_b4096_r2000_w2_c0,bandwidth,8,16,218.021
rma_flow,pair,0,4096,2000,2,1,16,436026,,0,3,bandwidth_pair_s8_d16_b4096_r2000_w2_c0,bandwidth,8,16,218.013
rma_flow,intra2,10,64,2000,4,2,36,188041,,0,3,contention_intra2_s0_d0_b64_r2000_w4_c10,contention,0,0,94.0205
rma_flow,intra2,10,64,2000,4,2,37,188015,,0,3,contention_intra2_s0_d0_b64_r2000_w4_c10,contention,0,0,94.0075
rma_flow,intra2,10,64,2000,4,2,44,195267,,0,3,contention_intra2_s0_d0_b64_r2000_w4_c10,contention,0,0,97.6335
rma_flow,intra2,10,64,2000,4,2,45,195251,,0,3,contention_intra2_s0_d0_b64_r2000_w4_c10,contention,0,0,97.6255
rma_flow,pair,0,256,2000,1,1,0,240043,,0,3,bandwidth_pair_s0_d7_b256_r2000_w1_c0,bandwidth,0,7,120.0215
rma_flow,pair,0,256,2000,1,1,7,240014,,0,3,bandwidth_pair_s0_d7_b256_r2000_w1_c0,bandwidth,0,7,120.007
rma_flow,pair,0,4096,2000,8,1,0,350542,,0,3,bandwidth_pair_s0_d8_b4096_r2000_w8_c0,bandwidth,0,8,175.271
rma_flow,pair,0,4096,2000,8,1,8,350517,,0,3,bandwidth_pair_s0_d8_b4096_r2000_w8_c0,bandwidth,0,8,175.2585
rma_flow,single,10,64,2000,4,1,36,144042,,0,3,contention_single_s0_d0_b64_r2000_w4_c10,contention,0,0,72.021
rma_flow,single,10,64,2000,4,1,37,144026,,0,3,contention_single_s0_d0_b64_r2000_w4_c10,contention,0,0,72.013
rma_flow,pair,0,16,2000,4,1,0,144042,,0,3,bandwidth_pair_s0_d63_b16_r2000_w4_c0,bandwidth,0,63,72.021
rma_flow,pair,0,16,2000,4,1,63,143997,,0,3,bandwidth_pair_s0_d63_b16_r2000_w4_c0,bandwidth,0,63,71.9985
rma_flow,split_side2,10,1024,2000,1,2,36,306042,,0,3,contention_split_side2_s0_d0_b1024_r2000_w1_c10,contention,0,0,153.021
rma_flow,split_side2,10,1024,2000,1,2,37,306028,,0,3,contention_split_side2_s0_d0_b1024_r2000_w1_c10,contention,0,0,153.014
rma_flow,split_side2,10,1024,2000,1,2,38,360042,,0,3,contention_split_side2_s0_d0_b1024_r2000_w1_c10,contention,0,0,180.021
rma_flow,split_side2,10,1024,2000,1,2,39,360022,,0,3,contention_split_side2_s0_d0_b1024_r2000_w1_c10,contention,0,0,180.011
rma_flow,pair,0,64,2000,16,1,0,123042,,0,3,bandwidth_pair_s0_d7_b64_r2000_w16_c0,bandwidth,0,7,61.521
rma_flow,pair,0,64,2000,16,1,7,123012,,0,3,bandwidth_pair_s0_d7_b64_r2000_w16_c0,bandwidth,0,7,61.506
rma_flow,pair,0,128,2000,1,1,0,240042,,0,3,bandwidth_pair_s0_d9_b128_r2000_w1_c0,bandwidth,0,9,120.021
rma_flow,pair,0,128,2000,1,1,9,240002,,0,3,bandwidth_pair_s0_d9_b128_r2000_w1_c0,bandwidth,0,9,120.001
rma_flow,incast3,15,64,2000,4,3,54,244294,,0,3,contention_incast3_s0_d0_b64_r2000_w4_c15,contention,0,0,122.147
rma_flow,incast3,15,64,2000,4,3,55,236593,,0,3,contention_incast3_s0_d0_b64_r2000_w4_c15,contention,0,0,118.2965
rma_flow,incast3,15,64,2000,4,3,62,237104,,0,3,contention_incast3_s0_d0_b64_r2000_w4_c15,contention,0,0,118.552
rma_flow,incast3,15,64,2000,4,3,63,244312,,0,3,contention_incast3_s0_d0_b64_r2000_w4_c15,contention,0,0,122.156
rma_flow,pair,0,32,2000,1,1,0,228042,,0,3,bandwidth_pair_s0_d8_b32_r2000_w1_c0,bandwidth,0,8,114.021
rma_flow,pair,0,32,2000,1,1,8,228013,,0,3,bandwidth_pair_s0_d8_b32_r2000_w1_c0,bandwidth,0,8,114.0065
rma_flow,split_side2,10,64,2000,4,2,36,188041,,0,3,contention_split_side2_s0_d0_b64_r2000_w4_c10,contention,0,0,94.0205
rma_flow,split_side2,10,64,2000,4,2,37,188017,,0,3,contention_split_side2_s0_d0_b64_r2000_w4_c10,contention,0,0,94.0085
rma_flow,split_side2,10,64,2000,4,2,38,195042,,0,3,contention_split_side2_s0_d0_b64_r2000_w4_c10,contention,0,0,97.521
rma_flow,split_side2,10,64,2000,4,2,39,195030,,0,3,contention_split_side2_s0_d0_b64_r2000_w4_c10,contention,0,0,97.515
rma_flow,pair,0,256,2000,2,1,0,180043,,0,3,bandwidth_pair_s0_d9_b256_r2000_w2_c0,bandwidth,0,9,90.0215
rma_flow,pair,0,256,2000,2,1,9,180011,,0,3,bandwidth_pair_s0_d9_b256_r2000_w2_c0,bandwidth,0,9,90.0055
rma_flow,pair,0,64,2000,16,1,1,123042,,0,3,bandwidth_pair_s1_d2_b64_r2000_w16_c0,bandwidth,1,2,61.521
rma_flow,pair,0,64,2000,16,1,2,123023,,0,3,bandwidth_pair_s1_d2_b64_r2000_w16_c0,bandwidth,1,2,61.5115
rma_flow,pair,0,128,2000,16,1,1,127541,,0,3,bandwidth_pair_s1_d2_b128_r2000_w16_c0,bandwidth,1,2,63.7705
rma_flow,pair,0,128,2000,16,1,2,127521,,0,3,bandwidth_pair_s1_d2_b128_r2000_w16_c0,bandwidth,1,2,63.7605
rma_flow,intra2,10,1024,2000,4,2,36,218007,,0,3,contention_intra2_s0_d0_b1024_r2000_w4_c10,contention,0,0,109.0035
rma_flow,intra2,10,1024,2000,4,2,37,217992,,0,3,contention_intra2_s0_d0_b1024_r2000_w4_c10,contention,0,0,108.996
rma_flow,intra2,10,1024,2000,4,2,44,218050,,0,3,contention_intra2_s0_d0_b1024_r2000_w4_c10,contention,0,0,109.025
rma_flow,intra2,10,1024,2000,4,2,45,218034,,0,3,contention_intra2_s0_d0_b1024_r2000_w4_c10,contention,0,0,109.017
rma_flow,pair,0,4096,2000,2,1,0,436042,,0,3,bandwidth_pair_s0_d8_b4096_r2000_w2_c0,bandwidth,0,8,218.021
rma_flow,pair,0,4096,2000,2,1,8,436017,,0,3,bandwidth_pair_s0_d8_b4096_r2000_w2_c0,bandwidth,0,8,218.0085
rma_flow,pair,0,4096,2000,2,1,0,436042,,0,3,bandwidth_pair_s0_d7_b4096_r2000_w2_c0,bandwidth,0,7,218.021
rma_flow,pair,0,4096,2000,2,1,7,436014,,0,3,bandwidth_pair_s0_d7_b4096_r2000_w2_c0,bandwidth,0,7,218.007
rma_flow,pair,0,8,2000,1,1,0,228042,,0,3,bandwidth_pair_s0_d63_b8_r2000_w1_c0,bandwidth,0,63,114.021
rma_flow,pair,0,8,2000,1,1,63,227997,,0,3,bandwidth_pair_s0_d63_b8_r2000_w1_c0,bandwidth,0,63,113.9985
rma_flow,split_near2,5,1024,2000,4,2,18,204041,,0,3,contention_split_near2_s0_d0_b1024_r2000_w4_c5,contention,0,0,102.0205
rma_flow,split_near2,5,1024,2000,4,2,19,204024,,0,3,contention_split_near2_s0_d0_b1024_r2000_w4_c5,contention,0,0,102.012
rma_flow,split_near2,5,1024,2000,4,2,34,218042,,0,3,contention_split_near2_s0_d0_b1024_r2000_w4_c5,contention,0,0,109.021
rma_flow,split_near2,5,1024,2000,4,2,35,218026,,0,3,contention_split_near2_s0_d0_b1024_r2000_w4_c5,contention,0,0,109.013
rma_flow,split_side2,0,1024,2000,4,2,0,204041,,0,3,contention_split_side2_s0_d0_b1024_r2000_w4_c0,contention,0,0,102.0205
rma_flow,split_side2,0,1024,2000,4,2,1,204013,,0,3,contention_split_side2_s0_d0_b1024_r2000_w4_c0,contention,0,0,102.0065
rma_flow,split_side2,0,1024,2000,4,2,2,218042,,0,3,contention_split_side2_s0_d0_b1024_r2000_w4_c0,contention,0,0,109.021
rma_flow,split_side2,0,1024,2000,4,2,3,218026,,0,3,contention_split_side2_s0_d0_b1024_r2000_w4_c0,contention,0,0,109.013
rma_flow,pair,0,4096,2000,1,1,0,548042,,0,3,bandwidth_pair_s0_d7_b4096_r2000_w1_c0,bandwidth,0,7,274.021
rma_flow,pair,0,4096,2000,1,1,7,548010,,0,3,bandwidth_pair_s0_d7_b4096_r2000_w1_c0,bandwidth,0,7,274.005
rma_flow,ring4,5,1024,2000,4,4,18,359273,,0,3,contention_ring4_s0_d0_b1024_r2000_w4_c5,contention,0,0,179.6365
rma_flow,ring4,5,1024,2000,4,4,19,357973,,0,3,contention_ring4_s0_d0_b1024_r2000_w4_c5,contention,0,0,178.9865
rma_flow,ring4,5,1024,2000,4,4,26,359306,,0,3,contention_ring4_s0_d0_b1024_r2000_w4_c5,contention,0,0,179.653
rma_flow,ring4,5,1024,2000,4,4,27,358704,,0,3,contention_ring4_s0_d0_b1024_r2000_w4_c5,contention,0,0,179.352
rma_flow,pair,0,16,2000,16,1,0,123042,,0,3,bandwidth_pair_s0_d7_b16_r2000_w16_c0,bandwidth,0,7,61.521
rma_flow,pair,0,16,2000,16,1,7,123010,,0,3,bandwidth_pair_s0_d7_b16_r2000_w16_c0,bandwidth,0,7,61.505
rma_flow,split_side2,0,1024,2000,1,2,0,306042,,0,3,contention_split_side2_s0_d0_b1024_r2000_w1_c0,contention,0,0,153.021
rma_flow,split_side2,0,1024,2000,1,2,1,306015,,0,3,contention_split_side2_s0_d0_b1024_r2000_w1_c0,contention,0,0,153.0075
rma_flow,split_side2,0,1024,2000,1,2,2,360042,,0,3,contention_split_side2_s0_d0_b1024_r2000_w1_c0,contention,0,0,180.021
rma_flow,split_side2,0,1024,2000,1,2,3,360023,,0,3,contention_split_side2_s0_d0_b1024_r2000_w1_c0,contention,0,0,180.0115
rma_flow,pair,0,16,2000,8,1,0,130042,,0,3,bandwidth_pair_s0_d7_b16_r2000_w8_c0,bandwidth,0,7,65.021
rma_flow,pair,0,16,2000,8,1,7,130010,,0,3,bandwidth_pair_s0_d7_b16_r2000_w8_c0,bandwidth,0,7,65.005
rma_flow,split_far2,10,1024,2000,4,2,4,218041,,0,3,contention_split_far2_s0_d0_b1024_r2000_w4_c10,contention,0,0,109.0205
rma_flow,split_far2,10,1024,2000,4,2,5,218025,,0,3,contention_split_far2_s0_d0_b1024_r2000_w4_c10,contention,0,0,109.0125
rma_flow,split_far2,10,1024,2000,4,2,36,204041,,0,3,contention_split_far2_s0_d0_b1024_r2000_w4_c10,contention,0,0,102.0205
rma_flow,split_far2,10,1024,2000,4,2,37,204024,,0,3,contention_split_far2_s0_d0_b1024_r2000_w4_c10,contention,0,0,102.012
rma_flow,ring4,5,64,2000,4,4,18,295776,,0,3,contention_ring4_s0_d0_b64_r2000_w4_c5,contention,0,0,147.888
rma_flow,ring4,5,64,2000,4,4,19,287319,,0,3,contention_ring4_s0_d0_b64_r2000_w4_c5,contention,0,0,143.6595
rma_flow,ring4,5,64,2000,4,4,26,295805,,0,3,contention_ring4_s0_d0_b64_r2000_w4_c5,contention,0,0,147.9025
rma_flow,ring4,5,64,2000,4,4,27,288018,,0,3,contention_ring4_s0_d0_b64_r2000_w4_c5,contention,0,0,144.009
rma_flow,split_far2,10,64,2000,1,2,4,276042,,0,3,contention_split_far2_s0_d0_b64_r2000_w1_c10,contention,0,0,138.021
rma_flow,split_far2,10,64,2000,1,2,5,276030,,0,3,contention_split_far2_s0_d0_b64_r2000_w1_c10,contention,0,0,138.015
rma_flow,split_far2,10,64,2000,1,2,36,248042,,0,3,contention_split_far2_s0_d0_b64_r2000_w1_c10,contention,0,0,124.021
rma_flow,split_far2,10,64,2000,1,2,37,248017,,0,3,contention_split_far2_s0_d0_b64_r2000_w1_c10,contention,0,0,124.0085
rma_flow,pair,0,64,2000,4,1,9,144041,,0,3,bandwidth_pair_s9_d18_b64_r2000_w4_c0,bandwidth,9,18,72.0205
rma_flow,pair,0,64,2000,4,1,18,144021,,0,3,bandwidth_pair_s9_d18_b64_r2000_w4_c0,bandwidth,9,18,72.0105
rma_flow,pair,0,64,2000,4,1,0,144042,,0,3,bandwidth_pair_s0_d8_b64_r2000_w4_c0,bandwidth,0,8,72.021
rma_flow,pair,0,64,2000,4,1,8,144015,,0,3,bandwidth_pair_s0_d8_b64_r2000_w4_c0,bandwidth,0,8,72.0075
rma_flow,pair,0,16,2000,4,1,8,144043,,0,3,bandwidth_pair_s8_d16_b16_r2000_w4_c0,bandwidth,8,16,72.0215
rma_flow,pair,0,16,2000,4,1,16,144023,,0,3,bandwidth_pair_s8_d16_b16_r2000_w4_c0,bandwidth,8,16,72.0115
rma_flow,pair,0,16,2000,2,1,0,172042,,0,3,bandwidth_pair_s0_d7_b16_r2000_w2_c0,bandwidth,0,7,86.021
rma_flow,pair,0,16,2000,2,1,7,172010,,0,3,bandwidth_pair_s0_d7_b16_r2000_w2_c0,bandwidth,0,7,86.005
rma_flow,pair,0,128,2000,2,1,0,180042,,0,3,bandwidth_pair_s0_d63_b128_r2000_w2_c0,bandwidth,0,63,90.021
rma_flow,pair,0,128,2000,2,1,63,179995,,0,3,bandwidth_pair_s0_d63_b128_r2000_w2_c0,bandwidth,0,63,89.9975
rma_flow,pair,0,128,2000,4,1,0,150042,,0,3,bandwidth_pair_s0_d1_b128_r2000_w4_c0,bandwidth,0,1,75.021
rma_flow,pair,0,128,2000,4,1,1,150011,,0,3,bandwidth_pair_s0_d1_b128_r2000_w4_c0,bandwidth,0,1,75.0055
rma_flow,pair,0,16,2000,16,1,1,123042,,0,3,bandwidth_pair_s1_d2_b16_r2000_w16_c0,bandwidth,1,2,61.521
rma_flow,pair,0,16,2000,16,1,2,123021,,0,3,bandwidth_pair_s1_d2_b16_r2000_w16_c0,bandwidth,1,2,61.5105
rma_flow,pair,0,8,2000,8,1,0,130043,,0,3,bandwidth_pair_s0_d56_b8_r2000_w8_c0,bandwidth,0,56,65.0215
rma_flow,pair,0,8,2000,8,1,56,130011,,0,3,bandwidth_pair_s0_d56_b8_r2000_w8_c0,bandwidth,0,56,65.0055
rma_flow,pair,0,1024,2000,1,1,0,310042,,0,3,bandwidth_pair_s0_d56_b1024_r2000_w1_c0,bandwidth,0,56,155.021
rma_flow,pair,0,1024,2000,1,1,56,310011,,0,3,bandwidth_pair_s0_d56_b1024_r2000_w1_c0,bandwidth,0,56,155.0055
rma_flow,pair,0,16,2000,8,1,8,130043,,0,3,bandwidth_pair_s8_d16_b16_r2000_w8_c0,bandwidth,8,16,65.0215
rma_flow,pair,0,16,2000,8,1,16,130023,,0,3,bandwidth_pair_s8_d16_b16_r2000_w8_c0,bandwidth,8,16,65.0115
rma_flow,pair,0,65536,2000,1,1,9,5350042,,0,3,bandwidth_pair_s9_d18_b65536_r2000_w1_c0,bandwidth,9,18,2675.021
rma_flow,pair,0,65536,2000,1,1,18,5350019,,0,3,bandwidth_pair_s9_d18_b65536_r2000_w1_c0,bandwidth,9,18,2675.0095
rma_flow,pair,0,128,2000,16,1,0,127542,,0,3,bandwidth_pair_s0_d1_b128_r2000_w16_c0,bandwidth,0,1,63.771
rma_flow,pair,0,128,2000,16,1,1,127514,,0,3,bandwidth_pair_s0_d1_b128_r2000_w16_c0,bandwidth,0,1,63.757
rma_flow,single,15,1024,2000,4,1,54,171043,,0,3,contention_single_s0_d0_b1024_r2000_w4_c15,contention,0,0,85.5215
rma_flow,single,15,1024,2000,4,1,55,171030,,0,3,contention_single_s0_d0_b1024_r2000_w4_c15,contention,0,0,85.515
rma_flow,pair,0,16384,2000,2,1,9,1394043,,0,3,bandwidth_pair_s9_d18_b16384_r2000_w2_c0,bandwidth,9,18,697.0215
rma_flow,pair,0,16384,2000,2,1,18,1394024,,0,3,bandwidth_pair_s9_d18_b16384_r2000_w2_c0,bandwidth,9,18,697.012
rma_flow,split_far2,5,64,2000,4,2,18,188042,,0,3,contention_split_far2_s0_d0_b64_r2000_w4_c5,contention,0,0,94.021
rma_flow,split_far2,5,64,2000,4,2,19,188016,,0,3,contention_split_far2_s0_d0_b64_r2000_w4_c5,contention,0,0,94.008
rma_flow,split_far2,5,64,2000,4,2,50,195043,,0,3,contention_split_far2_s0_d0_b64_r2000_w4_c5,contention,0,0,97.5215
rma_flow,split_far2,5,64,2000,4,2,51,195029,,0,3,contention_split_far2_s0_d0_b64_r2000_w4_c5,contention,0,0,97.5145
rma_flow,pair,0,1024,2000,4,1,9,171043,,0,3,bandwidth_pair_s9_d18_b1024_r2000_w4_c0,bandwidth,9,18,85.5215
rma_flow,pair,0,1024,2000,4,1,18,171020,,0,3,bandwidth_pair_s9_d18_b1024_r2000_w4_c0,bandwidth,9,18,85.51
rma_flow,pair,0,16,2000,4,1,0,144043,,0,3,bandwidth_pair_s0_d8_b16_r2000_w4_c0,bandwidth,0,8,72.0215
rma_flow,pair,0,16,2000,4,1,8,144014,,0,3,bandwidth_pair_s0_d8_b16_r2000_w4_c0,bandwidth,0,8,72.007
rma_flow,pair,0,8,2000,4,1,0,144042,,0,3,bandwidth_pair_s0_d7_b8_r2000_w4_c0,bandwidth,0,7,72.021
rma_flow,pair,0,8,2000,4,1,7,144010,,0,3,bandwidth_pair_s0_d7_b8_r2000_w4_c0,bandwidth,0,7,72.005
rma_flow,pair,0,32,2000,1,1,9,228041,,0,3,bandwidth_pair_s9_d18_b32_r2000_w1_c0,bandwidth,9,18,114.0205
rma_flow,pair,0,32,2000,1,1,18,228019,,0,3,bandwidth_pair_s9_d18_b32_r2000_w1_c0,bandwidth,9,18,114.0095
rma_flow,pair,0,32768,2000,1,1,0,2788042,,0,3,bandwidth_pair_s0_d7_b32768_r2000_w1_c0,bandwidth,0,7,1394.021
rma_flow,pair,0,32768,2000,1,1,7,2788010,,0,3,bandwidth_pair_s0_d7_b32768_r2000_w1_c0,bandwidth,0,7,1394.005
rma_flow,pair,0,128,2000,16,1,0,127541,,0,3,bandwidth_pair_s0_d8_b128_r2000_w16_c0,bandwidth,0,8,63.7705
rma_flow,pair,0,128,2000,16,1,8,127513,,0,3,bandwidth_pair_s0_d8_b128_r2000_w16_c0,bandwidth,0,8,63.7565
rma_flow,alltoall4,15,1024,2000,1,12,54,1196152,,0,3,contention_alltoall4_s0_d0_b1024_r2000_w1_c15,contention,0,0,598.076
rma_flow,alltoall4,15,1024,2000,1,12,55,1196196,,0,3,contention_alltoall4_s0_d0_b1024_r2000_w1_c15,contention,0,0,598.098
rma_flow,alltoall4,15,1024,2000,1,12,62,1196234,,0,3,contention_alltoall4_s0_d0_b1024_r2000_w1_c15,contention,0,0,598.117
rma_flow,alltoall4,15,1024,2000,1,12,63,1196264,,0,3,contention_alltoall4_s0_d0_b1024_r2000_w1_c15,contention,0,0,598.132
rma_flow,pair,0,64,2000,2,1,0,172041,,0,3,bandwidth_pair_s0_d56_b64_r2000_w2_c0,bandwidth,0,56,86.0205
rma_flow,pair,0,64,2000,2,1,56,172011,,0,3,bandwidth_pair_s0_d56_b64_r2000_w2_c0,bandwidth,0,56,86.0055
rma_flow,pair,0,8,2000,16,1,8,123043,,0,3,bandwidth_pair_s8_d16_b8_r2000_w16_c0,bandwidth,8,16,61.5215
rma_flow,pair,0,8,2000,16,1,16,123023,,0,3,bandwidth_pair_s8_d16_b8_r2000_w16_c0,bandwidth,8,16,61.5115
rma_flow,alltoall4,5,64,2000,4,12,18,740845,,0,3,contention_alltoall4_s0_d0_b64_r2000_w4_c5,contention,0,0,370.4225
rma_flow,alltoall4,5,64,2000,4,12,19,740882,,0,3,contention_alltoall4_s0_d0_b64_r2000_w4_c5,contention,0,0,370.441
rma_flow,alltoall4,5,64,2000,4,12,26,740914,,0,3,contention_alltoall4_s0_d0_b64_r2000_w4_c5,contention,0,0,370.457
rma_flow,alltoall4,5,64,2000,4,12,27,740944,,0,3,contention_alltoall4_s0_d0_b64_r2000_w4_c5,contention,0,0,370.472
rma_flow,split_near2,0,1024,2000,1,2,0,306042,,0,3,contention_split_near2_s0_d0_b1024_r2000_w1_c0,contention,0,0,153.021
rma_flow,split_near2,0,1024,2000,1,2,1,306014,,0,3,contention_split_near2_s0_d0_b1024_r2000_w1_c0,contention,0,0,153.007
rma_flow,split_near2,0,1024,2000,1,2,16,360042,,0,3,contention_split_near2_s0_d0_b1024_r2000_w1_c0,contention,0,0,180.021
rma_flow,split_near2,0,1024,2000,1,2,17,360016,,0,3,contention_split_near2_s0_d0_b1024_r2000_w1_c0,contention,0,0,180.008
rma_flow,pair,0,64,2000,8,1,0,130041,,0,3,bandwidth_pair_s0_d56_b64_r2000_w8_c0,bandwidth,0,56,65.0205
rma_flow,pair,0,64,2000,8,1,56,130011,,0,3,bandwidth_pair_s0_d56_b64_r2000_w8_c0,bandwidth,0,56,65.0055
rma_flow,pair,0,128,2000,4,1,1,150041,,0,3,bandwidth_pair_s1_d2_b128_r2000_w4_c0,bandwidth,1,2,75.0205
rma_flow,pair,0,128,2000,4,1,2,150018,,0,3,bandwidth_pair_s1_d2_b128_r2000_w4_c0,bandwidth,1,2,75.009
rma_flow,pair,0,4096,2000,4,1,1,378043,,0,3,bandwidth_pair_s1_d2_b4096_r2000_w4_c0,bandwidth,1,2,189.0215
rma_flow,pair,0,4096,2000,4,1,2,378027,,0,3,bandwidth_pair_s1_d2_b4096_r2000_w4_c0,bandwidth,1,2,189.0135
rma_flow,pair,0,8,2000,8,1,0,130043,,0,3,bandwidth_pair_s0_d8_b8_r2000_w8_c0,bandwidth,0,8,65.0215
rma_flow,pair,0,8,2000,8,1,8,130014,,0,3,bandwidth_pair_s0_d8_b8_r2000_w8_c0,bandwidth,0,8,65.007
rma_flow,intra2,15,1024,2000,4,2,54,218007,,0,3,contention_intra2_s0_d0_b1024_r2000_w4_c15,contention,0,0,109.0035
rma_flow,intra2,15,1024,2000,4,2,55,217992,,0,3,contention_intra2_s0_d0_b1024_r2000_w4_c15,contention,0,0,108.996
rma_flow,intra2,15,1024,2000,4,2,62,218050,,0,3,contention_intra2_s0_d0_b1024_r2000_w4_c15,contention,0,0,109.025
rma_flow,intra2,15,1024,2000,4,2,63,218034,,0,3,contention_intra2_s0_d0_b1024_r2000_w4_c15,contention,0,0,109.017
rma_flow,pair,0,1024,2000,8,1,0,147543,,0,3,bandwidth_pair_s0_d56_b1024_r2000_w8_c0,bandwidth,0,56,73.7715
rma_flow,pair,0,1024,2000,8,1,56,147510,,0,3,bandwidth_pair_s0_d56_b1024_r2000_w8_c0,bandwidth,0,56,73.755
rma_flow,intra2,0,64,2000,4,2,0,188042,,0,3,contention_intra2_s0_d0_b64_r2000_w4_c0,contention,0,0,94.021
rma_flow,intra2,0,64,2000,4,2,1,188006,,0,3,contention_intra2_s0_d0_b64_r2000_w4_c0,contention,0,0,94.003
rma_flow,intra2,0,64,2000,4,2,8,195258,,0,3,contention_intra2_s0_d0_b64_r2000_w4_c0,contention,0,0,97.629
rma_flow,intra2,0,64,2000,4,2,9,195232,,0,3,contention_intra2_s0_d0_b64_r2000_w4_c0,contention,0,0,97.616
rma_flow,pair,0,64,2000,16,1,0,123041,,0,3,bandwidth_pair_s0_d1_b64_r2000_w16_c0,bandwidth,0,1,61.5205
rma_flow,pair,0,64,2000,16,1,1,123014,,0,3,bandwidth_pair_s0_d1_b64_r2000_w16_c0,bandwidth,0,1,61.507
rma_flow,pair,0,256,2000,16,1,0,127542,,0,3,bandwidth_pair_s0_d9_b256_r2000_w16_c0,bandwidth,0,9,63.771
rma_flow,pair,0,256,2000,16,1,9,127510,,0,3,bandwidth_pair_s0_d9_b256_r2000_w16_c0,bandwidth,0,9,63.755
rma_flow,pair,0,32,2000,2,1,0,172042,,0,3,bandwidth_pair_s0_d1_b32_r2000_w2_c0,bandwidth,0,1,86.021
rma_flow,pair,0,32,2000,2,1,1,172013,,0,3,bandwidth_pair_s0_d1_b32_r2000_w2_c0,bandwidth,0,1,86.0065
rma_flow,pair,0,256,2000,2,1,1,180042,,0,3,bandwidth_pair_s1_d2_b256_r2000_w2_c0,bandwidth,1,2,90.021
rma_flow,pair,0,256,2000,2,1,2,180024,,0,3,bandwidth_pair_s1_d2_b256_r2000_w2_c0,bandwidth,1,2,90.012
rma_flow,pair,0,16,2000,1,1,0,228041,,0,3,bandwidth_pair_s0_d7_b16_r2000_w1_c0,bandwidth,0,7,114.0205
rma_flow,pair,0,16,2000,1,1,7,228009,,0,3,bandwidth_pair_s0_d7_b16_r2000_w1_c0,bandwidth,0,7,114.0045
rma_flow,pair,0,32,2000,4,1,0,144042,,0,3,bandwidth_pair_s0_d8_b32_r2000_w4_c0,bandwidth,0,8,72.021
rma_flow,pair,0,32,2000,4,1,8,144013,,0,3,bandwidth_pair_s0_d8_b32_r2000_w4_c0,bandwidth,0,8,72.0065
rma_flow,pair,0,32,2000,1,1,0,228041,,0,3,bandwidth_pair_s0_d56_b32_r2000_w1_c0,bandwidth,0,56,114.0205
rma_flow,pair,0,32,2000,1,1,56,228009,,0,3,bandwidth_pair_s0_d56_b32_r2000_w1_c0,bandwidth,0,56,114.0045
rma_flow,pair,0,32768,2000,1,1,0,2788042,,0,3,bandwidth_pair_s0_d1_b32768_r2000_w1_c0,bandwidth,0,1,1394.021
rma_flow,pair,0,32768,2000,1,1,1,2788017,,0,3,bandwidth_pair_s0_d1_b32768_r2000_w1_c0,bandwidth,0,1,1394.0085
rma_flow,pair,0,16,2000,2,1,0,172043,,0,3,bandwidth_pair_s0_d8_b16_r2000_w2_c0,bandwidth,0,8,86.0215
rma_flow,pair,0,16,2000,2,1,8,172014,,0,3,bandwidth_pair_s0_d8_b16_r2000_w2_c0,bandwidth,0,8,86.007
rma_flow,pair,0,1024,2000,4,1,0,171042,,0,3,bandwidth_pair_s0_d1_b1024_r2000_w4_c0,bandwidth,0,1,85.521
rma_flow,pair,0,1024,2000,4,1,1,171015,,0,3,bandwidth_pair_s0_d1_b1024_r2000_w4_c0,bandwidth,0,1,85.5075
rma_flow,pair,0,128,2000,8,1,0,135042,,0,3,bandwidth_pair_s0_d9_b128_r2000_w8_c0,bandwidth,0,9,67.521
rma_flow,pair,0,128,2000,8,1,9,135002,,0,3,bandwidth_pair_s0_d9_b128_r2000_w8_c0,bandwidth,0,9,67.501
rma_flow,pair,0,16,2000,8,1,9,130043,,0,3,bandwidth_pair_s9_d18_b16_r2000_w8_c0,bandwidth,9,18,65.0215
rma_flow,pair,0,16,2000,8,1,18,130021,,0,3,bandwidth_pair_s9_d18_b16_r2000_w8_c0,bandwidth,9,18,65.0105
rma_flow,pair,0,64,2000,4,1,0,144041,,0,3,bandwidth_pair_s0_d63_b64_r2000_w4_c0,bandwidth,0,63,72.0205
rma_flow,pair,0,64,2000,4,1,63,143998,,0,3,bandwidth_pair_s0_d63_b64_r2000_w4_c0,bandwidth,0,63,71.999
rma_flow,pair,0,8,2000,2,1,9,172042,,0,3,bandwidth_pair_s9_d18_b8_r2000_w2_c0,bandwidth,9,18,86.021
rma_flow,pair,0,8,2000,2,1,18,172020,,0,3,bandwidth_pair_s9_d18_b8_r2000_w2_c0,bandwidth,9,18,86.01
rma_flow,split_far2,5,64,2000,1,2,18,248042,,0,3,contention_split_far2_s0_d0_b64_r2000_w1_c5,contention,0,0,124.021
rma_flow,split_far2,5,64,2000,1,2,19,248016,,0,3,contention_split_far2_s0_d0_b64_r2000_w1_c5,contention,0,0,124.008
rma_flow,split_far2,5,64,2000,1,2,50,276043,,0,3,contention_split_far2_s0_d0_b64_r2000_w1_c5,contention,0,0,138.0215
rma_flow,split_far2,5,64,2000,1,2,51,276029,,0,3,contention_split_far2_s0_d0_b64_r2000_w1_c5,contention,0,0,138.0145
rma_flow,pair,0,8,2000,4,1,1,144043,,0,3,bandwidth_pair_s1_d2_b8_r2000_w4_c0,bandwidth,1,2,72.0215
rma_flow,pair,0,8,2000,4,1,2,144022,,0,3,bandwidth_pair_s1_d2_b8_r2000_w4_c0,bandwidth,1,2,72.011
