path,sha256
repeat_01\smoke\bandwidth_pair_s0_d1_b8_r10_w1_c0.csv,5547eb1af17b2a0edab25edf82dac94b9fa5f8b192bf5d9bec26078d14cc53a5
repeat_01\smoke\bandwidth_pair_s0_d8_b8_r10_w1_c0.csv,e53cd24500ecae39b118c3d5650b5978f13619afa0462707b81ef22f532bde03
repeat_01\smoke\bandwidth_pair_s0_d9_b8_r10_w1_c0.csv,7095b9624e3864d1dbafad93b14385d394e6270efe765079bfa6d018b553e63a
repeat_01\smoke\bandwidth_pair_s1_d2_b8_r10_w1_c0.csv,bb32e130b9fe6f9800c559b7f4db2200aa180155bb365e97b932d8283d83044e
repeat_01\smoke\bandwidth_pair_s8_d16_b8_r10_w1_c0.csv,4b0016b1289ccfbf73e06310a914ea58acf43e726758ab4322fc8b84d35320ce
repeat_01\smoke\bandwidth_pair_s9_d18_b8_r10_w1_c0.csv,bf6e65a77277fa124c4e020cdda2d2aa39c0f49e7d35de28797d59faa37c1062
repeat_01\smoke\bandwidth_pair_s0_d7_b8_r10_w1_c0.csv,e296432573e81fc2c28d1007ecf5d987e6b2215d516ce25bab1fdef6b43bc5a3
repeat_01\smoke\bandwidth_pair_s0_d56_b8_r10_w1_c0.csv,038495239c3f9b286cc390298b04c7d8ce0a7a7564e2da19eefe6ea84f758de7
repeat_01\smoke\bandwidth_pair_s0_d63_b8_r10_w1_c0.csv,dfb4dc803463d1ee1eaa5e147830cf292d7d67a47b51d276ce5719308f9fa31c
repeat_01\smoke\contention_single_s0_d0_b8_r10_w1_c0.csv,0d0cda28c58becbbbed12af88f2347d0e9acd3ebdaee8c86e578447608cc64c3
repeat_01\smoke\contention_intra2_s0_d0_b8_r10_w1_c0.csv,43106570cdeceeef9d0ac5c6aaf5aecdf16e0b746b6a4945dc97d62da3192164
repeat_01\smoke\contention_split_near2_s0_d0_b8_r10_w1_c0.csv,c99f11b21d98209d9481104778e69ed1e7d74cc3dfdff4b469d7b6e86dda1cc4
repeat_01\smoke\contention_split_side2_s0_d0_b8_r10_w1_c0.csv,e2481de95006fb2a6f7f0c8e544b29ef025185bf0128874451eb5467ec5e920e
repeat_01\smoke\contention_split_far2_s0_d0_b8_r10_w1_c0.csv,ddaef41014f33d3915d694cbfa6e90e17f97a4b8bce31f784213eaa95debc7df
repeat_01\smoke\contention_incast3_s0_d0_b8_r10_w1_c0.csv,d8126269d88217bd4186597c1dd0276a125b4c5dab384186067a675321132cad
repeat_01\smoke\contention_ring4_s0_d0_b8_r10_w1_c0.csv,1ed73be2cbb44848d3fbea905af1bc3dbe879edff6d610eeaed0a25ad6df83e8
repeat_01\smoke\contention_alltoall4_s0_d0_b8_r10_w1_c0.csv,bce62df1a14e877fb04a836edaa0e57384ea2a14c0d1f5cb55a3e3e6122ed997
repeat_01\smoke\latency_pingpong_matrix_s0_d0_b8_r10_w1_c0.csv,4a91de15ef29519db8cabd6f28c7b427079f7adf3dbb0136225f368be96b9dc1
repeat_01\raw\bandwidth_pair_s1_d2_b1024_r2000_w2_c0.csv,219ce7dd4ce3672a9a9b14aa56e15b96558ea06cd5be5d768e20650a376a3637
repeat_01\raw\bandwidth_pair_s0_d56_b16_r2000_w16_c0.csv,c2e5fe78a876c0af6c2f9e4a2e56e15b72b5a72e4ad0c6e17ccd2b1f6ac387c0
repeat_01\raw\bandwidth_pair_s8_d16_b32768_r2000_w2_c0.csv,743d654f200d0ded115d2f4d984fa3e8a40cc0a2e628c05c67613e4fbcf1e3e4
repeat_01\raw\bandwidth_pair_s0_d9_b256_r2000_w4_c0.csv,24273bf1968eb2f9201e4cf913413a414c1c9da9779662468bbd4b115bba483d
repeat_01\raw\bandwidth_pair_s0_d8_b16_r2000_w8_c0.csv,5fe0e095cdd158c1462629bf6bc69148f44a9751f2784416e7b923b4601255ff
repeat_01\raw\bandwidth_pair_s0_d56_b256_r2000_w2_c0.csv,0e834bccd0e958952a32d4e47c201d438ac421ede1fefab1bed5c87d06fd2882
repeat_01\raw\bandwidth_pair_s0_d7_b4096_r2000_w1_c0.csv,7337c5931bec137ff1048d181cff8d14253be6e94fba292b2689888666514f95
repeat_01\raw\bandwidth_pair_s0_d56_b8_r2000_w4_c0.csv,9223afc6a8a3e12de22e82e4be93832ef91888490638bbc981cd5945f357f0c2
repeat_01\raw\contention_ring4_s0_d0_b64_r2000_w4_c15.csv,ecf127d631a68089cd044a0debaeccfe29a66e1b1fd45e145a3115bd01a788e3
repeat_01\raw\contention_alltoall4_s0_d0_b64_r2000_w4_c15.csv,93b3b85150e92852584529ba663a43f027f8cc6cc5d74918c95974f87db5b147
repeat_01\raw\bandwidth_pair_s1_d2_b4096_r2000_w4_c0.csv,fe5eeb2bdacdc502c8e4c5e98c9506b7c1cbb4a24d72695e9a58aeae6ee0a0f4
repeat_01\raw\bandwidth_pair_s0_d8_b32_r2000_w2_c0.csv,b8791736adbcafc9e56d0bb27ad3de5831354d2033af8beecd3805921f83f3f4
repeat_01\raw\bandwidth_pair_s8_d16_b256_r2000_w2_c0.csv,6327d2cd5390a29f0bd4d444486248d3ccddaea904c88daad12211a9e767a360
repeat_01\raw\bandwidth_pair_s0_d8_b32_r2000_w16_c0.csv,9c55647670751446bf825a2dc61de50a8ac765766fb3821e2007df861ee80034
repeat_01\raw\bandwidth_pair_s1_d2_b16_r2000_w4_c0.csv,63e8de9922bb1ec1187343ddf62d03c1f62fa6dd0842ae5cb49ad90d7f42e535
repeat_01\raw\contention_ring4_s0_d0_b64_r2000_w4_c5.csv,59b8a75f58467b339a33ca38599fe9575c69c38cbd7964f73794a84421423b9d
repeat_01\raw\bandwidth_pair_s0_d1_b32_r2000_w4_c0.csv,929066606c9baebb86a3555fb80cda9d9243512b03ca588d11196f31d350a9f6
repeat_01\raw\bandwidth_pair_s8_d16_b1024_r2000_w1_c0.csv,90533f51903eb5213eaefd323b8a19e0b586ec2ae8efdfcba420e1d056ca59ff
repeat_01\raw\bandwidth_pair_s0_d56_b16384_r2000_w2_c0.csv,c4e95923f6a248795d0a85a5fad5df4ef28d48821db354bac3052d3aa1923528
repeat_01\raw\bandwidth_pair_s8_d16_b4096_r2000_w4_c0.csv,2db55781142a013e1c91bb60bcd5c9dce1818f198d25e8b5615a601603fd607e
repeat_01\raw\bandwidth_pair_s8_d16_b256_r2000_w16_c0.csv,01231fda937c2cfe0893a3338fec1c51b5cdb86df1b03890c5bcf2364393e25a
repeat_01\raw\bandwidth_pair_s0_d9_b32_r2000_w1_c0.csv,69e7bb6b6b18000840de46c772b88afc46829a818084c2b4f54d1954121608c6
repeat_01\raw\bandwidth_pair_s0_d56_b8_r2000_w1_c0.csv,bf4694bdf4a5987fbbfa4f22a146d0c3eeeac6a69df817be157a621f889b5a11
repeat_01\raw\contention_split_side2_s0_d0_b64_r2000_w1_c0.csv,ddc89beca00882f5f34ed2c438a48a82e56270220d19398e4a20bf611c335f74
repeat_01\raw\bandwidth_pair_s9_d18_b128_r2000_w2_c0.csv,5f0053205d3aaf58169edc4be4ba34702696d87aa5c926e8373aeddbb9604da7
repeat_01\raw\bandwidth_pair_s0_d63_b8_r2000_w4_c0.csv,62a83480888f1c323e679cfd4c4f51ee8bd6d1639f6ef2d723cf697ef1210ed5
repeat_01\raw\bandwidth_pair_s0_d8_b65536_r2000_w1_c0.csv,3ef57a224ec6ffd579f1a596c96cdd3ddc8b3939187d71ce5e2dd72e25922976
repeat_01\raw\bandwidth_pair_s0_d8_b16_r2000_w16_c0.csv,41091536027e98c2bdeb971adf88cb86d88a129894221ecdf8ab77c338239157
repeat_01\raw\bandwidth_pair_s0_d9_b128_r2000_w16_c0.csv,9402b138816b781b6ce33930ecc1c43e26d7d4c16ca90da940cc6bfd88642aa1
repeat_01\raw\contention_single_s0_d0_b1024_r2000_w4_c0.csv,1c0e9652b398d4e495ab1950aa039e8e9c869b1500fc1dbfba05c80b8eeb5afb
repeat_01\raw\bandwidth_pair_s0_d1_b1024_r2000_w2_c0.csv,7d0bccef30cdf17c9bd225513f0ffbdc8e7888421faaab772bdf6e7b0c8e12a2
repeat_01\raw\bandwidth_pair_s8_d16_b256_r2000_w8_c0.csv,e6fd529477a8b3eae1afab691857c72252166a2633714ffb6d198e8215a032ad
repeat_01\raw\bandwidth_pair_s0_d63_b32_r2000_w4_c0.csv,48d3cc6debb2fa92d38b8f99e0e12d00e984ea96db78e81c7ce6f81d71cf91af
repeat_01\raw\contention_intra2_s0_d0_b64_r2000_w1_c5.csv,b45f9cc474b48a9ce8627c3d74dcaf23ba85c46e2b8793d365c7317275c21980
repeat_01\raw\latency_pingpong_matrix_s0_d0_b16_r2000_w1_c0.csv,89f9b3d9aceb5709aeb3bd39586ba94c958dd83ac0ef68f368eb46aa3bf2c6cf
repeat_01\raw\contention_ring4_s0_d0_b1024_r2000_w4_c5.csv,9f7ef1ec0f6995486a24078d26315081177c194fd8fca2613edd402df1d4fc0b
repeat_01\raw\bandwidth_pair_s0_d7_b8_r2000_w8_c0.csv,c08b9a984bf414a282da6dd30e409c748c48d842f3c9f49c61e26ece6ebba4a5
repeat_01\raw\contention_single_s0_d0_b64_r2000_w1_c5.csv,d8f133bc011df04b2e14854407df7a1df221672a3ae26d7681a6673d95515b6e
repeat_01\raw\bandwidth_pair_s0_d8_b4096_r2000_w4_c0.csv,d13fc243c4bac4f19c296773b29b5d20fd18da6038a647d73f719f7dd7170130
repeat_01\raw\bandwidth_pair_s0_d1_b64_r2000_w16_c0.csv,9236f1f4d34652d035bec994b7ec1b526ac779a32f2437b236901747eb27400d
repeat_01\raw\bandwidth_pair_s0_d63_b16_r2000_w1_c0.csv,f973690741b08c031afed1bcc7f17dc30d5d5bd4752f36d5b9eff08ebf5e63ab
repeat_01\raw\bandwidth_pair_s0_d7_b16_r2000_w8_c0.csv,8ce001187eba1d948f5c979b797510467cb2cb88a12468fd0d052349a3da08bc
repeat_01\raw\bandwidth_pair_s0_d9_b8_r2000_w8_c0.csv,a624ce6bbd7c820469506f985852d4ca2f450dc12336030d5190285e5dd21278
repeat_01\raw\bandwidth_pair_s0_d56_b32768_r2000_w2_c0.csv,e7cf7f45909cfc43528b7c18a1a39b9699b6c7879d116914fbfd21b20ff2de55
repeat_01\raw\contention_split_side2_s0_d0_b64_r2000_w1_c15.csv,d706ceb3717bbf7036142866e49765bd909967d595ba581f88e073938897b595
repeat_01\raw\bandwidth_pair_s0_d1_b128_r2000_w16_c0.csv,1ee93ad4bbd4db427e8395f95879ce375f52460195b340570938e587fbe69f49
repeat_01\raw\contention_intra2_s0_d0_b64_r2000_w4_c15.csv,fc746b7ef797963499bfa26342aa28391383b7220b4699d1d4d90a4311304561
repeat_01\raw\contention_alltoall4_s0_d0_b1024_r2000_w1_c0.csv,86d9f81b94d38ca22755dac0fff437c5f3dc0936231ff0c9e23eb3f61a145142
repeat_01\raw\bandwidth_pair_s0_d8_b128_r2000_w8_c0.csv,42aef7f92477a953ef152176dbed9bc1fbd7c345b0e9cf3864775c8a81188b4a
repeat_01\raw\bandwidth_pair_s8_d16_b256_r2000_w1_c0.csv,4b92be93ed6c7e2fd7146eb750af217a4b4e9d4453dc48f6a7f09c5e65e1cfed
repeat_01\raw\bandwidth_pair_s0_d1_b256_r2000_w8_c0.csv,f6c345e5922dd044019a35e5b69f65a80a114e78e88a4c2a98e59586cffe3f36
repeat_01\raw\bandwidth_pair_s0_d9_b8_r2000_w16_c0.csv,3db16717f816f8d44a3cad12219166a7ae47ed44bd045320721cb04501a969a3
repeat_01\raw\bandwidth_pair_s1_d2_b1024_r2000_w4_c0.csv,2c12c4f76db49d2d51e2434084a9bf40cbf7eeabbeb24669716a3e1cbc136f44
repeat_01\raw\bandwidth_pair_s0_d8_b32_r2000_w4_c0.csv,c3f4f2bdc0b95e0130a4c98581c6e66be2375d36a32b39935ad5f08ce10e733a
repeat_01\raw\bandwidth_pair_s0_d7_b128_r2000_w8_c0.csv,73d7413a428351fdc799a6db094276b7b3066e748c85d64ce56b4d7d2e89590d
repeat_01\raw\bandwidth_pair_s0_d9_b128_r2000_w4_c0.csv,1ad1c00268084f448c655eedab5b9dbfaedd524749b4accfb6da1244c11845cd
repeat_01\raw\bandwidth_pair_s0_d8_b1024_r2000_w16_c0.csv,f3ad880c9b4a66f177ecd3ca2989b82c52ff6e5111a84797f01c77cac775ed6e
repeat_01\raw\bandwidth_pair_s8_d16_b65536_r2000_w1_c0.csv,b589abf684448467dd50482ade06af50b4578ca7f462808c88b43b03f1070203
repeat_01\raw\contention_single_s0_d0_b1024_r2000_w4_c5.csv,d1fafbea335e2cec4aff31fbadfa7bfb0673f4161263dabaa8342c0fea608829
repeat_01\raw\bandwidth_pair_s0_d56_b4096_r2000_w8_c0.csv,95e2d1a9b9968f5f9a55277bf941897c80df8d90ce36b0bafdec8c1fe8b0d691
repeat_01\raw\bandwidth_pair_s0_d9_b4096_r2000_w4_c0.csv,f3bdca2cae39642ec1c99486bba979ae83c4db7373e9e639b892039495c3e96a
repeat_01\raw\bandwidth_pair_s8_d16_b64_r2000_w2_c0.csv,3c7c756f890ee8ccf43da7f58d02c5eeb0036216fa835cc5b4118c8d9480f7c4
repeat_01\raw\bandwidth_pair_s0_d56_b8_r2000_w16_c0.csv,950d71528df98179f52dd42beb14422642ca65c0db181752bcc7e37cabffeb0d
repeat_01\raw\bandwidth_pair_s8_d16_b4096_r2000_w8_c0.csv,6fb08a6b902dc613ef9531ba1cc635cf94f74fbb3006e00b5da0202c3d657830
repeat_01\raw\bandwidth_pair_s0_d56_b128_r2000_w2_c0.csv,57fa6a615915e04074174c59f88c06ee3ea3ea9a155bc56c805a8e7039c56cae
repeat_01\raw\bandwidth_pair_s0_d7_b256_r2000_w4_c0.csv,f5c81a0217ad9c597d2a76cf6e6ea69d1ae23728ae051345f701f546ea0f3277
repeat_01\raw\bandwidth_pair_s0_d1_b128_r2000_w4_c0.csv,ad13297aa1971132d5e463de33bd54f964d21b75e7871ae8e00ccceec3b35a84
repeat_01\raw\bandwidth_pair_s0_d9_b256_r2000_w2_c0.csv,af2037a960282e693cf03916377dda999c9a028bd05485a2f4c8c49549cd943d
repeat_01\raw\contention_split_near2_s0_d0_b64_r2000_w1_c10.csv,03bcbb0381467aaf250d9a7daff5a608c50947a22dd3fbd304f432956cdffa8e
repeat_01\raw\bandwidth_pair_s0_d56_b32_r2000_w8_c0.csv,78d271377d0bc7927f60a3a8a3eee1c6d42dfeac1046cbe37d2a54ea3b8c3e4a
repeat_01\raw\bandwidth_pair_s0_d7_b32_r2000_w16_c0.csv,10d62a61dc5b7cd8c6f4667fac2bc35552740889ab8a06456a65e0ae15efb7b4
repeat_01\raw\bandwidth_pair_s0_d9_b16_r2000_w4_c0.csv,3d4ebd8cca5e2916bd2f91417bf60ab2623f9bb72f6325b568cb841d20c25fc2
repeat_01\raw\bandwidth_pair_s1_d2_b256_r2000_w4_c0.csv,200b2d5620dc74e23c72b7a3c85f4bdf1fbf6c3b40e22d2ded360c7e93604c13
repeat_01\raw\bandwidth_pair_s0_d8_b4096_r2000_w1_c0.csv,90ce754ba494fac7cc39258e9d52b312d0cb69694caaed21fae43a06b0809c51
repeat_01\raw\contention_incast3_s0_d0_b1024_r2000_w1_c15.csv,bb4fd9cf04e1dac11973534a92b56f1ebf8b9fbd64c425a4b36950158f05dd6d
repeat_01\raw\bandwidth_pair_s0_d63_b16384_r2000_w2_c0.csv,295365e031ccba4ee10d0eb446de6fa8b318844e5833a5333f2f425550e03d7d
repeat_01\raw\bandwidth_pair_s0_d9_b64_r2000_w4_c0.csv,43952aee460b8a648549d93b6ddc6f7a7e969aeec8e5206a063f1f5731d45155
repeat_01\raw\bandwidth_pair_s0_d7_b256_r2000_w2_c0.csv,a6a9cbf1f2a47b188430fdbd5866abe5b30f1ba521dfb2a903610417ebf58be3
repeat_01\raw\contention_single_s0_d0_b1024_r2000_w1_c5.csv,72074e5a25ae013423797247bfad48d82403094bfe675caf2f20534d39523deb
repeat_01\raw\bandwidth_pair_s0_d56_b64_r2000_w8_c0.csv,3b514ea5effdb1b1c81d0bd40e2ddf5a383f69e3fe2513c9bdce083e90812c85
repeat_01\raw\bandwidth_pair_s9_d18_b256_r2000_w16_c0.csv,30e9f354197e69963366ae78356fdf5cb80c42c0b49a9b43129f44c1e07db1a7
repeat_01\raw\bandwidth_pair_s0_d9_b16384_r2000_w4_c0.csv,cb2a3bb17318b9cd3b1ee50636288609a6478973439ebb42dec13463c526cc9c
repeat_01\raw\contention_split_near2_s0_d0_b64_r2000_w1_c15.csv,396fc10c456488b4a14e05225c0d1e1d5d77a62a8b717cf68f5ff93fadd66a3c
repeat_01\raw\bandwidth_pair_s0_d7_b32_r2000_w4_c0.csv,384e9528e62e568f99edc5517c70f243914733db1c13aeb366216873e10ef402
repeat_01\raw\contention_intra2_s0_d0_b1024_r2000_w4_c15.csv,72c91c770f206533da0b400906b5f7be792493a5b4011ff0446ac4f988c7bed2
repeat_01\raw\bandwidth_pair_s9_d18_b32_r2000_w1_c0.csv,b4666e5d905875da844b5d1ae3c34083b8084b3fd5401ed65bfd845ff5a0d34e
repeat_01\raw\bandwidth_pair_s0_d8_b8_r2000_w16_c0.csv,74fd12f89c07a374958f1ee31e826879e5ac87a92cee495ea59249b591e158a0
repeat_01\raw\bandwidth_pair_s0_d8_b128_r2000_w4_c0.csv,10c0a8a55c25266e7e2f283141540974d8463e7b1a77bd5376116d1163c7c85b
repeat_01\raw\bandwidth_pair_s0_d8_b8_r2000_w4_c0.csv,f9f794154bc34e4d31fa7f6e060a249e913d2df8c3e16e66b733c5a56f5b2874
repeat_01\raw\bandwidth_pair_s8_d16_b1024_r2000_w2_c0.csv,37c10c362b01f13504efc04b011f3f0edd50970e735452990a784caf4f0e059b
repeat_01\raw\contention_single_s0_d0_b1024_r2000_w1_c10.csv,f1985ce8087428997a6058324051cdc286bd0a38462929517e66d80541f785eb
repeat_01\raw\contention_single_s0_d0_b64_r2000_w4_c5.csv,d50b75b34e80b9396a69a0bd353c7cd914359576c87f0a692754a9848323634a
repeat_01\raw\contention_split_far2_s0_d0_b64_r2000_w4_c15.csv,d26e917372feaa1de3a6dc8224b96c1fa8f8a366d465910ea0c5c050eb5ba1e8
repeat_01\raw\bandwidth_pair_s0_d63_b16_r2000_w16_c0.csv,de5dd03dc24fc6f2324d1d9e8cac0ed2883c612f16719f55298a0a5507e53cd0
repeat_01\raw\contention_alltoall4_s0_d0_b64_r2000_w1_c10.csv,ba81c06df02228ca49bfb64d4672769bf3abb2f8db16cdb3b0f5a03527262ee7
repeat_01\raw\contention_incast3_s0_d0_b64_r2000_w1_c5.csv,db713377361c4c195b0d425098e6a4f3aa6ac9a58b175e6d64e48445e78a3ed6
repeat_01\raw\bandwidth_pair_s9_d18_b8_r2000_w1_c0.csv,94a6691cedf1c26ec509081f3afdaa081a371577c3863bf466064ba2d885fcde
repeat_01\raw\bandwidth_pair_s8_d16_b32_r2000_w2_c0.csv,f54865136b7f551b70422d4a4db395c9096cae11c529976e58cc87d8703a833c
repeat_01\raw\contention_split_near2_s0_d0_b64_r2000_w4_c5.csv,c3c49914afeab88815ba9e58e813aeac0931793115010db67f27062a2bcf889a
repeat_01\raw\contention_split_side2_s0_d0_b1024_r2000_w1_c10.csv,09bcb32070ef783ca3b77b0a897385c5c4a9cd8b0e3c67d7653146d9209ed6f0
repeat_01\raw\bandwidth_pair_s1_d2_b4096_r2000_w1_c0.csv,804b17a77f8a954d7595d07ba0781caa6c7ef4f47afe42118c5c65df79b4b114
repeat_01\raw\bandwidth_pair_s1_d2_b8_r2000_w2_c0.csv,10da7fa4ba6280a1763bd6af4e343ac72fa20695aa374e02f7dbd7f6c83383c0
repeat_01\raw\contention_intra2_s0_d0_b64_r2000_w4_c0.csv,94a3b7844d1e18bc9eddf12265be58c4eb13cb304fffca8c92ee8929ef668016
repeat_01\raw\bandwidth_pair_s0_d1_b32_r2000_w16_c0.csv,93682107492eca97d1f155dff687016e1030476045922c0de9b8d1bac3033a9a
repeat_01\raw\bandwidth_pair_s0_d8_b16_r2000_w2_c0.csv,56e3e50ef8c35d32cbb4457f1bcbda14f53b2431dead3a4d1d744f93f214cc2f
repeat_01\raw\contention_split_side2_s0_d0_b1024_r2000_w4_c0.csv,c2dfff0060719e24f12030a55b9a9014e3efa15af747e65cc66c4d35f4724e98
repeat_01\raw\bandwidth_pair_s9_d18_b4096_r2000_w16_c0.csv,02735c4dbc2ebf07e7bd70573e67623a4d67844218323261315a2db565609af3
repeat_01\raw\bandwidth_pair_s0_d8_b64_r2000_w2_c0.csv,9ea2bc1e585b2c72b3bf3f2bab44c8a407ae4bdc61ab8c6ee5d689567692512d
repeat_01\raw\bandwidth_pair_s0_d7_b64_r2000_w8_c0.csv,2a8bb3a2e0f87e4730a484f31c2919f2645aab79fd9fe9395772d24fdcce4ae9
repeat_01\raw\bandwidth_pair_s0_d63_b64_r2000_w8_c0.csv,e2d2579873ca619883b91a2592c3de67ec1b60d6c59ad1c756fc6ccc504e6222
repeat_01\raw\contention_split_near2_s0_d0_b1024_r2000_w4_c5.csv,508521857fa24997e4539b97edb7a87e71e3f77d6f49da1edc7856e89018e956
repeat_01\raw\bandwidth_pair_s0_d56_b64_r2000_w1_c0.csv,aec3f0a4110d9fd12398db83b45a2c97177a4c2ff84b5590a904efe588a0a9c1
repeat_01\raw\bandwidth_pair_s1_d2_b32_r2000_w4_c0.csv,fa46a5fe73853870d0d24f84c9dfcd16b92eba83b842e64cc06a4db3927a9381
repeat_01\raw\bandwidth_pair_s0_d56_b16384_r2000_w4_c0.csv,3f5c9ffb1aaf9b7587ce389fb803a4d122fe9ca311ed67ebddd87e27a9fd1f3c
repeat_01\raw\bandwidth_pair_s0_d56_b16_r2000_w2_c0.csv,1901f147c5564079cc9eaaa80cf28b39a1efee56425f89cb42a35933802dcb85
repeat_01\raw\bandwidth_pair_s0_d9_b64_r2000_w8_c0.csv,a65a91ac3d94f9e14662693e953196bac786229ab56cfb1c21c98028c36f9276
repeat_01\raw\bandwidth_pair_s0_d63_b64_r2000_w1_c0.csv,497acbe64a99d32bd6d2f599adc4d4c71433e364f9d42686b4c4799c2e303800
repeat_01\raw\bandwidth_pair_s8_d16_b128_r2000_w1_c0.csv,bc8f9da7be1ec1c84349aa049f64169a47efbc2754f7127bfdb88785b967ca7e
repeat_01\raw\bandwidth_pair_s0_d63_b64_r2000_w2_c0.csv,3f9ee4802ff1ddbe3b1bc0d04c5fee7834bfcd76f03f569ee7d3c98e59b92698
repeat_01\raw\bandwidth_pair_s0_d9_b1024_r2000_w8_c0.csv,e5cb5838042daae6557db57cd604f8e6d0b7c8f622752d66677ac3aee1897977
repeat_01\raw\bandwidth_pair_s0_d9_b32_r2000_w8_c0.csv,ea255da87d3f50cee134c6784a31aa24a1fa16f97ddfaf61f6dd16bb8ea4571e
repeat_01\raw\bandwidth_pair_s0_d8_b128_r2000_w1_c0.csv,62acb4899843339a466a5be304d93976a9d87ef608889534bf80484adee944ad
repeat_01\raw\bandwidth_pair_s0_d63_b1024_r2000_w1_c0.csv,4221c658afb7798de285473b05d93bbaea222b2ebafb3124a975a652b4056f86
repeat_01\raw\contention_split_near2_s0_d0_b1024_r2000_w1_c5.csv,11426f020eaee03eca7fb3d536f8c6d77d27512a8b97879c9d0dd6d0592358d0
repeat_01\raw\bandwidth_pair_s1_d2_b128_r2000_w16_c0.csv,5632ab01ba4dd3bc49b9cdab3b9d2392729b353a0b1206e8a6df3fe3f8cf8143
repeat_01\raw\bandwidth_pair_s0_d7_b8_r2000_w2_c0.csv,dc3e8c8b1fce2005d6dfc3c77d974a928e61ee8678177a214a8f15cb1c471633
repeat_01\raw\bandwidth_pair_s0_d8_b64_r2000_w16_c0.csv,4a6ce5a2f696ba461afe8476cd1b7fa5d4a85e239bdc3fd734b5f31b82f26720
repeat_01\raw\bandwidth_pair_s0_d8_b1024_r2000_w8_c0.csv,5b515530d520668133473c801d35899333d75a34cf0f20de7f936746bf0e5fb7
repeat_01\raw\contention_split_side2_s0_d0_b1024_r2000_w1_c0.csv,483e6887420b44b843106c073c9f2b0ecf3a73c5fad75a2afdfe521543650a29
repeat_01\raw\contention_intra2_s0_d0_b64_r2000_w1_c15.csv,bed92a3dc11319f40c92d694ba5ba6880a8bd438694f8d206796a352aea5d95a
repeat_01\raw\bandwidth_pair_s0_d63_b16384_r2000_w4_c0.csv,708e7ee790b1d1d2bac4016d50393e4f2918f7016ec2b71fae1962f52f615240
repeat_01\raw\contention_split_far2_s0_d0_b64_r2000_w4_c10.csv,30c06b2418446141faf61349f67b1ea24d7b9770d2891b417518ca6dad22c619
repeat_01\raw\bandwidth_pair_s1_d2_b128_r2000_w2_c0.csv,c3af3cde27c40344637ac2e509bded0e482be8ad5ca2fd581b49152f3b393574
repeat_01\raw\bandwidth_pair_s1_d2_b128_r2000_w8_c0.csv,e95a4036a30734522a003c9a2874dfb6a6f948307fadaed8215b6b331f1bb347
repeat_01\raw\contention_incast3_s0_d0_b64_r2000_w1_c10.csv,98034a8e84e5032b9b7e035610e16a0aa8d19a63262cb78a490dbd1f89aaa66a
repeat_01\raw\bandwidth_pair_s8_d16_b8_r2000_w2_c0.csv,24aae7ca2e41237f3c1ae060190864f18ef2d3973ddc043c732707571c44213f
repeat_01\raw\bandwidth_pair_s0_d63_b4096_r2000_w4_c0.csv,e5bd18467375d1799456b9b7cb0c38db91bc1cf69af3f14aa565aaaa1523600c
repeat_01\raw\bandwidth_pair_s9_d18_b128_r2000_w1_c0.csv,90e5e28b1e729ae39f3b1ff493f277ce064482bf72594c65ea49d345b80e252f
repeat_01\raw\bandwidth_pair_s8_d16_b16_r2000_w16_c0.csv,45155069568be1ffdff4997f64892030c719f09ad60bbd592272d760a5e5ed31
repeat_01\raw\bandwidth_pair_s0_d1_b1024_r2000_w16_c0.csv,ae53ae686d6f8b882309062a1baa9dc2fc337f1327879e556db4378de415a54b
repeat_01\raw\bandwidth_pair_s0_d9_b32_r2000_w16_c0.csv,accc9757888df525b12df29937b22b637bd87631c2983cb48991041714d6dc37
repeat_01\raw\contention_split_side2_s0_d0_b64_r2000_w1_c5.csv,3f9d01ecd016feb589bf3474c182af7a90229a50fc66c7a115318bd6d5dce5eb
repeat_01\raw\bandwidth_pair_s0_d56_b16_r2000_w4_c0.csv,133518a8c66b2ac6850e4d37fe01f284e232748470f569b979209682ec6812d9
repeat_01\raw\bandwidth_pair_s9_d18_b8_r2000_w16_c0.csv,cc0dc105e29ea19dedae363b22db890efb566f085e7cfd29e01325443ebb495c
repeat_01\raw\bandwidth_pair_s0_d9_b4096_r2000_w1_c0.csv,eae3d8ef8caf705ab41032fe35a858f9eee0e18056f4c36e4358a3faa67118a8
repeat_01\raw\contention_incast3_s0_d0_b64_r2000_w1_c15.csv,aa7331aeec3df32905c9540342d70a51feddb66ae97bd49f15e795df7de32c4e
repeat_01\raw\bandwidth_pair_s9_d18_b32_r2000_w16_c0.csv,2e07bd3b38a322609769c8c1b78649fc4770f44c5b5bb91ab3cd742a6b906abe
repeat_01\raw\bandwidth_pair_s0_d63_b16_r2000_w8_c0.csv,3e0ccfaabb7ca725e71dc05d8210e174bde8ce9f9044c8c846f0397a52844dcd
repeat_01\raw\contention_split_far2_s0_d0_b64_r2000_w4_c0.csv,d32aa867305d4f60c32f09f060d208702a841d87bed0868bcd513ad121543235
repeat_01\raw\bandwidth_pair_s9_d18_b4096_r2000_w4_c0.csv,2e665ee422505da3b4a9c7cbbd9224883f66a9ee5a3717d0a4eb14f75328ffe5
repeat_01\raw\contention_split_near2_s0_d0_b1024_r2000_w4_c0.csv,de155e340999deea8aaa625679987df84981d4550b56dc4f6d8d9575dc3e6071
repeat_01\raw\latency_pingpong_matrix_s0_d0_b128_r2000_w1_c0.csv,6698a811b7e538a4463909d8b7ee2618e82dc670b1a42de3dad36bc0c2af1344
repeat_01\raw\bandwidth_pair_s0_d56_b32768_r2000_w1_c0.csv,74afc7f41d4273c23d195f6a5ba200f5e5040fa4825ad52ad13d499ce7e57d01
repeat_01\raw\bandwidth_pair_s0_d1_b16_r2000_w1_c0.csv,8f14beb607cfd9f4a26db4285913a3d6f991108862a2614b4827397a569601e2
repeat_01\raw\bandwidth_pair_s0_d8_b16384_r2000_w4_c0.csv,3dd91daeee94eddd4ab8057c373c713f36c37882714b7bd4a75115a4f409a241
repeat_01\raw\bandwidth_pair_s9_d18_b16_r2000_w2_c0.csv,d7dae19c5aa7e5194a5e505f0725e7b9fcf84c2a4465dfb42844827170a65bc2
repeat_01\raw\bandwidth_pair_s0_d56_b16_r2000_w1_c0.csv,05e0829cdd3a1c077d3fba08b33c77a28fdf62f25156ad234887dfdb4bda8f93
repeat_01\raw\bandwidth_pair_s1_d2_b128_r2000_w1_c0.csv,753b7a8a56c1f0910ed44b843f33e83cba274e1e1037cf08502051e3db0e0f9f
repeat_01\raw\contention_split_side2_s0_d0_b64_r2000_w4_c10.csv,16fae70ed86a5cf14bdd716dbd466673304f2dbae326ddb4a40648763b679dc9
repeat_01\raw\bandwidth_pair_s8_d16_b32768_r2000_w1_c0.csv,b08177dc6e35d562cb4885e09c3b52db605c5bcb5676c0b97ddb2ea362f7c292
repeat_01\raw\bandwidth_pair_s0_d1_b4096_r2000_w1_c0.csv,83db691e2e84e83cf9d41474810f6e720417b154ee03ae83b93a951a5279f98f
repeat_01\raw\bandwidth_pair_s0_d56_b8_r2000_w8_c0.csv,8b1888e452b549ff8873c7e64a6ceb108287281320fbb7193360e55fb8330d10
repeat_01\raw\contention_split_near2_s0_d0_b1024_r2000_w1_c10.csv,dd4c4f1ee82d88ecb53a276e36834930578ed5e50871bfe0b4366e6483a9ae3c
repeat_01\raw\bandwidth_pair_s0_d8_b4096_r2000_w8_c0.csv,f6c1688e5611c539a616479d337d006ab50685743b1378b4cf43ef19dc4e9463
repeat_01\raw\contention_split_far2_s0_d0_b1024_r2000_w1_c0.csv,13980c9a07c85e8278e208791c2435e2b655a09d1c606ee5987cb7b9456a5912
repeat_01\raw\bandwidth_pair_s8_d16_b4096_r2000_w1_c0.csv,af18a2e788f388d18dd700869c7ed644ceab218eae84e2084c49fd6ed24761ab
repeat_01\raw\bandwidth_pair_s1_d2_b64_r2000_w16_c0.csv,7a1f5a7abfe669b86db65839c005dd9edcee5cef66c2e914ed19c35f2e481ac4
repeat_01\raw\contention_intra2_s0_d0_b64_r2000_w1_c10.csv,0a45ef79a93f05d373697dae6b4549627fb725e5978533881b838c7a6dd8229e
repeat_01\raw\bandwidth_pair_s9_d18_b1024_r2000_w16_c0.csv,206c6a384204f2052e7a890613af916e8cfbe3188c1c751e6c8fb078546f2e22
repeat_01\raw\contention_incast3_s0_d0_b1024_r2000_w1_c0.csv,38955168c2cefe9f910247eb2767b959a76a15a4776c102485e953cc20e90e0d
repeat_01\raw\bandwidth_pair_s0_d8_b256_r2000_w8_c0.csv,674ffcc2b6ceba60428c2204f01f43597edce21117553273a3081a483845177f
repeat_01\raw\bandwidth_pair_s0_d56_b128_r2000_w8_c0.csv,af46f490085c45e8d9063296fcfbbd0f1a462f75fca3493526c1f3612d6be87e
repeat_01\raw\bandwidth_pair_s8_d16_b1024_r2000_w8_c0.csv,b081be3ccd05415df5cfeb5c60f4e29f46e4399010b062bd379dd2c60eb463f4
repeat_01\raw\bandwidth_pair_s0_d7_b16384_r2000_w2_c0.csv,6f25f120f0e739f5c784a83cf2da39259e8f3af4b89157e9fdea234c9395b27b
repeat_01\raw\bandwidth_pair_s0_d8_b128_r2000_w16_c0.csv,f4e19ec28f6f410fbbfde8ad6ec23d3362617c997ff01b7f493ff0166ed16dcc
repeat_01\raw\bandwidth_pair_s0_d9_b16_r2000_w1_c0.csv,449b1ac01eea184ca17a909ffcbbc55c0ee16196b33152917556b35c6ac70907
repeat_01\raw\bandwidth_pair_s0_d1_b32768_r2000_w2_c0.csv,bb7297bf8b3f8c565e3e02d2c02a4ebd3967ded986941f8563e7566537e7307f
repeat_01\raw\bandwidth_pair_s8_d16_b16_r2000_w8_c0.csv,6f3494251bd89e00c858baf03c3aaff24c0655b1ad6329802498d9e87756c0e5
repeat_01\raw\contention_split_side2_s0_d0_b1024_r2000_w4_c15.csv,c373f780a68cae5f6b560e2afaf9cbaafd80ca1535459219f8a660d07ce77984
repeat_01\raw\contention_incast3_s0_d0_b1024_r2000_w4_c15.csv,8ca6cbf28a88bb700e188b4b1b94d481bf3d2e6dcb375cc1d874c795a286b91e
repeat_01\raw\bandwidth_pair_s0_d56_b32_r2000_w16_c0.csv,bf387d5c5b2f0ab90c0a6f04ec59f8377a1ea9af3c5dc1ae81411d652816905e
repeat_01\raw\contention_alltoall4_s0_d0_b1024_r2000_w4_c5.csv,170aad89b1f629543a5a50b7efb5e98c092cdbadfe2cff2876cd22d31c3f84ad
repeat_01\raw\bandwidth_pair_s0_d1_b1024_r2000_w8_c0.csv,54cb4ffffa2a2cb0420110029385421b7f870f0245c0f8a1483dc5bc07fa0ab6
repeat_01\raw\bandwidth_pair_s0_d7_b1024_r2000_w1_c0.csv,76eac74c4f07cd9a3f2d05f1c57539a867ae969d50bb4074618987a9c932888f
repeat_01\raw\bandwidth_pair_s0_d9_b64_r2000_w2_c0.csv,570bcea24eb1b70dd786b69cb28865921a077552fc247fd1c3fe1e3bfe5d688d
repeat_01\raw\contention_split_near2_s0_d0_b1024_r2000_w1_c0.csv,499e9dabe070b02aca93ebdb0de7caceab64f9e5e0f94fa7358b8e0ca3d85a09
repeat_01\raw\bandwidth_pair_s9_d18_b64_r2000_w8_c0.csv,c377b9892dcb6dbcf5c7603d9c98a748ad2049cd39c5fbc0faf49fcfa6ccaf05
repeat_01\raw\bandwidth_pair_s9_d18_b64_r2000_w16_c0.csv,d804d233b70259b5bd8d6cb05eba2aaf479ce7e7c0bc1051f73797e112bd434c
repeat_01\raw\bandwidth_pair_s0_d63_b128_r2000_w1_c0.csv,d5c6a74e1481c6006197065e44e37efbb733b5a70ec678109fa1274b97771db2
repeat_01\raw\contention_split_far2_s0_d0_b1024_r2000_w1_c15.csv,3f92d1a66263dd3880bdc3425c51902f44b0b738b096f4f9a087faa8d3aa0c30
repeat_01\raw\bandwidth_pair_s0_d9_b256_r2000_w1_c0.csv,6336dea7950ffb97f18d89c569227a7c5d4a78913d623ea9cdfe9e9ce45d0963
repeat_01\raw\bandwidth_pair_s8_d16_b128_r2000_w8_c0.csv,4bee5438002c9641186d2778909761e3db916dca11a95a8797f09c47bf584db1
repeat_01\raw\bandwidth_pair_s0_d8_b16384_r2000_w1_c0.csv,ce030a409fef607a1d04ab9428f3b526c4492c8d45324ada409f9a45ef821375
repeat_01\raw\bandwidth_pair_s0_d56_b256_r2000_w4_c0.csv,c1439978ef55dafa41e46e4e595184caf31b2426d3404cbd31262f7e84ec5633
repeat_01\raw\bandwidth_pair_s8_d16_b4096_r2000_w2_c0.csv,4e8ec17b340ef752f1850b2e6e86195d0539f77b1efae009d60fd90fbf47af07
repeat_01\raw\latency_pingpong_matrix_s0_d0_b64_r2000_w1_c0.csv,9b125193b0850f1adae0b6e4c8a2e440e24a555e3c8e5b1a668649fe8c08bf9a
repeat_01\raw\bandwidth_pair_s0_d56_b4096_r2000_w16_c0.csv,f6a60c48410b30d4232dfe89b75391d11856b849d35c0e7026d2e04aac102d4e
repeat_01\raw\bandwidth_pair_s0_d7_b65536_r2000_w1_c0.csv,51aebb87bc0f26cdd07f24fd6a3ece73af979c811eebd22276d2ef08a84f0954
repeat_01\raw\bandwidth_pair_s8_d16_b64_r2000_w8_c0.csv,e3e26ba902f642f691a8ac02ab57d6ede5e7c2817176ff118a9c3483a9079f14
repeat_01\raw\bandwidth_pair_s0_d63_b16_r2000_w2_c0.csv,3c293b1c9566e1815120cb464874d1863b99bb8d541a034eca12afc652e60fa2
repeat_01\raw\bandwidth_pair_s0_d8_b256_r2000_w4_c0.csv,1db0927ab0bd93d1405daeb11ff2dba519534d9a79a1f6cbafd526d4095197d3
repeat_01\raw\contention_intra2_s0_d0_b1024_r2000_w4_c0.csv,981e7d5f81eaf2aeaf947f5a1c82d0e3afbf2280bbc557df3a154e47c86830ee
repeat_01\raw\bandwidth_pair_s0_d63_b32768_r2000_w2_c0.csv,029beeec2acf375185a7a4924af597621f6656290466d65bf926246fae0a2a9d
repeat_01\raw\bandwidth_pair_s1_d2_b1024_r2000_w16_c0.csv,3c1194f280d5b8f35af1b535cce6a651db0362dee68f5ac2318adaf0095bdf22
repeat_01\raw\contention_intra2_s0_d0_b64_r2000_w4_c5.csv,f858edeff6ae2d174fcf2e67d8e803b7f3e5a2ccd67116471771d27b994a6a25
repeat_01\raw\latency_pingpong_matrix_s0_d0_b32_r2000_w1_c0.csv,3e3eea18ec5a4b5d5b626ae3064dfc7d8d67d9caf459d91da5db25aaa9faa33d
repeat_01\raw\bandwidth_pair_s1_d2_b32_r2000_w8_c0.csv,163e2605212299aa7cf0eff8944f577a30ec05a53d2e964c0a756f818ae266c3
repeat_01\raw\bandwidth_pair_s1_d2_b256_r2000_w1_c0.csv,431ce019c1db634d3703d5a59804170818eee24000a2284125e84fd44c5e578c
repeat_01\raw\bandwidth_pair_s0_d8_b8_r2000_w8_c0.csv,ee3e99b33416dec7d5d0eac35f2005f2be99e6da8c11a91ba9cdad4fd44698b0
repeat_01\raw\contention_split_far2_s0_d0_b1024_r2000_w1_c5.csv,1583e7510c22df4dc6aa6b25c08515d23225d61c3692bf87ca4742a352ec6827
repeat_01\raw\contention_split_far2_s0_d0_b64_r2000_w1_c0.csv,16ca4f9cb8c93d107496cbf45f33962161443a17eea22d7ffcbe6fcbb9b27c6e
repeat_01\raw\bandwidth_pair_s0_d63_b8_r2000_w2_c0.csv,e82448a04a8c8ae68446dc57317d0d60144403728f51be5d2343bb7ac44a32a3
repeat_01\raw\contention_split_far2_s0_d0_b1024_r2000_w4_c0.csv,1946ac39f7bee45c801792dde7d394981612ae7604ecdc7b472ea22486b579ab
repeat_01\raw\contention_single_s0_d0_b1024_r2000_w4_c15.csv,30a6fc1f303c1ffbbea6b0cb4509aea8511f99ba96fb58040d6cd2be49fe9de2
repeat_01\raw\bandwidth_pair_s1_d2_b4096_r2000_w2_c0.csv,4824878340448ad742dfa7940d8625c4a628653f5e0c0bfe94f2b35cd0b2a58a
repeat_01\raw\bandwidth_pair_s9_d18_b64_r2000_w2_c0.csv,0bd48e6f8f95607ece7835a83543ef002ff2f02e7371ba8c6584fe39df1201d1
repeat_01\raw\bandwidth_pair_s1_d2_b64_r2000_w2_c0.csv,668645af733f462adad29bd02099ca9d033911d239487d5060a7c364dd97fe69
repeat_01\raw\bandwidth_pair_s0_d7_b1024_r2000_w8_c0.csv,8672ba398dd6786e5363634d8f556bcf08838498e90d5ae9f691d8aacc60a783
repeat_01\raw\contention_ring4_s0_d0_b1024_r2000_w1_c5.csv,734f341a5f597e592afa539351262f0ddece838dd5d06070bc8be00acefef0fa
repeat_01\raw\bandwidth_pair_s0_d8_b64_r2000_w1_c0.csv,fb6f99c81533c884299d5037059b70229bde1f812d837ece657d9500ae6388b2
repeat_01\raw\contention_split_side2_s0_d0_b1024_r2000_w4_c5.csv,599bcfa5d5f120364ba23f9b9f24537ad82138506e5edf268cd6b9428e7ddce7
repeat_01\raw\bandwidth_pair_s0_d1_b16384_r2000_w1_c0.csv,3cac288cc01f15c82dc33a33062f9587a754ae20217a8bce5971290ffd2d10c4
repeat_01\raw\bandwidth_pair_s0_d7_b256_r2000_w1_c0.csv,e6649e24f89451fe2e044bf830381befb56508a4aad84d2c97933e5adb5679fd
repeat_01\raw\bandwidth_pair_s1_d2_b1024_r2000_w1_c0.csv,6fdac400b13a1d220a9fc17120626c37c43e427492dee6e6c3871a42c172dd7e
repeat_01\raw\bandwidth_pair_s9_d18_b4096_r2000_w2_c0.csv,c791c3a892b4d06af7f3989427709cb55ee76a3d743377531c69976e1fe02f25
repeat_01\raw\bandwidth_pair_s1_d2_b4096_r2000_w16_c0.csv,ad07181cf3ce17caa1b8c50efe970db27b93e07c4f38d17d5daa73380570a979
repeat_01\raw\contention_incast3_s0_d0_b64_r2000_w1_c0.csv,a763c2e77cf864c6abf37a065439892253100ef0e4bb48b50bf34d8dd88a66a0
repeat_01\raw\bandwidth_pair_s8_d16_b64_r2000_w1_c0.csv,06028982fd7c04e45379c83f483b6df505b9d1996d902fd05b286db67eb1bd95
repeat_01\raw\bandwidth_pair_s0_d7_b32768_r2000_w1_c0.csv,9fb4e6ca20bca62232a3540b9be864e66a5001850538b768fb97b34beedca073
repeat_01\raw\bandwidth_pair_s8_d16_b16384_r2000_w2_c0.csv,51dd86c03a43b84fbf920f7436dcda635639cd5d07be128ac073472870abb906
repeat_01\raw\bandwidth_pair_s0_d9_b128_r2000_w1_c0.csv,a6bb2416530ec32658a064c9bd7c5bc896dc4b8750eea23131919ae89adbdefa
repeat_01\raw\contention_single_s0_d0_b64_r2000_w4_c10.csv,15c21157d372454aff08d565bab8a2ce9fd869d3d59aa71621149df186694e3c
repeat_01\raw\contention_split_side2_s0_d0_b64_r2000_w1_c10.csv,9d1f39cd549e142f82aa79a1a7c07b0f09323582cbafe624edbcad883caaf08c
repeat_01\raw\bandwidth_pair_s0_d7_b1024_r2000_w2_c0.csv,9e610bce5fdf6bffa2c31388b56ece154a822c7d74b15e41448f3f21a30ed1a1
repeat_01\raw\bandwidth_pair_s9_d18_b64_r2000_w1_c0.csv,69ec72e1315b338c2ddf1ba5b1cb14a593c3372b1066534e1361a86a0363b457
repeat_01\raw\contention_alltoall4_s0_d0_b1024_r2000_w4_c0.csv,1a3fc4241cfd2b390147c583407c51711cc190a0ee4d25aeafbce9494f303f9d
repeat_01\raw\bandwidth_pair_s9_d18_b16_r2000_w8_c0.csv,64bb12d79ab7be9c151eb9894d1a8cd5b677ea352480dcac21ab3efd6547a663
repeat_01\raw\bandwidth_pair_s0_d63_b64_r2000_w16_c0.csv,b913d1acfba99c456f3e11f5f8b19c66b71028d0a0d8ff7ddb36ad21f9a1f822
repeat_01\raw\bandwidth_pair_s1_d2_b64_r2000_w1_c0.csv,6437cb41c6827387a1ec6b01b4ea34c9e005dc78700f96ddad13a83b9952609b
repeat_01\raw\bandwidth_pair_s0_d63_b4096_r2000_w16_c0.csv,1f91b4db63b6c851942c5042dc37ff82d18b72bf3f08de1c5b3890bf54b25288
repeat_01\raw\bandwidth_pair_s0_d63_b256_r2000_w16_c0.csv,6aa06c2a1d31c972bef1676102ca5e992bec6bf5ba29281aff3b76e341b76e5d
repeat_01\raw\bandwidth_pair_s0_d56_b4096_r2000_w1_c0.csv,2112f82decda578ed7d2e7e70f6d8caef38c3a58661c501eda55a5b5216e329c
repeat_01\raw\bandwidth_pair_s9_d18_b16384_r2000_w4_c0.csv,82d20d635c9594ecf8903bbdb2271203aac420381a235dc1f0c9c86b7a47ce09
repeat_01\raw\contention_split_far2_s0_d0_b64_r2000_w1_c15.csv,31da25c0ce001f38a1316524141af3403919af4af0b8b38f13327e366a90dbc0
repeat_01\raw\contention_intra2_s0_d0_b1024_r2000_w4_c10.csv,2ee2547b85c99b37ee8d34996bc249ddf51b9775e4772455610d4bcf3b169283
repeat_01\raw\bandwidth_pair_s1_d2_b65536_r2000_w1_c0.csv,7032b1966e50dd0a15f1fcc7c570b5cd4504c623395a8245a111ce36f80edd84
repeat_01\raw\bandwidth_pair_s0_d63_b32_r2000_w1_c0.csv,2b5a6642b374f577f575de1bcdee2c873304e6753c89686ac8338a2871fbd3b4
repeat_01\raw\latency_pingpong_matrix_s0_d0_b8_r2000_w1_c0.csv,2e57254a61fc509b05bb3cd2fa4639607a7f6cdcc06f56f8afe65da15c9ced42
repeat_01\raw\bandwidth_pair_s0_d1_b32768_r2000_w1_c0.csv,160e658269212fb4d8522d7781d2be31be690c662f248c72f2c3c51a23075b7b
repeat_01\raw\bandwidth_pair_s0_d63_b8_r2000_w1_c0.csv,2edad480a2f1c5f1f41173ef46467e6cfd58d3ae4dc7cd93745b249b585a1d53
repeat_01\raw\bandwidth_pair_s0_d9_b256_r2000_w8_c0.csv,088948e3c032747a1551d2365556f2fe900ceb9a9e0d0d92a14032b218ecfef8
repeat_01\raw\bandwidth_pair_s0_d7_b16_r2000_w2_c0.csv,bfcc82998da94dd560c10c63a2a6f0ca0ab832639f5e18306c608a2f79687d9e
repeat_01\raw\bandwidth_pair_s0_d7_b32_r2000_w8_c0.csv,ad77e64659b30ceadb928edca89087163347c5ac39d723f2b811b95f321a00b4
repeat_01\raw\bandwidth_pair_s0_d9_b65536_r2000_w1_c0.csv,6dc51cbcf600e110e8c90b2cfd84cf12b294e4d142e290db815ed68a2370f0e1
repeat_01\raw\bandwidth_pair_s8_d16_b256_r2000_w4_c0.csv,432a5a4160d40025d28dcd176637513b9263f38c53672e0ea7b67912433a43aa
repeat_01\raw\bandwidth_pair_s0_d63_b32_r2000_w8_c0.csv,df5fc459b31af74603331bcaf181391adb999046d1bffa68fc92ce855b0fb78f
repeat_01\raw\bandwidth_pair_s0_d56_b4096_r2000_w2_c0.csv,c033fd6bdd30a80485bf91d8884456e735a934424e5af0a12c62135c2b20853e
repeat_01\raw\bandwidth_pair_s8_d16_b16_r2000_w4_c0.csv,58fea497c1d785b249fefd38eda1da0310cb60b539b138439e4281e3adf0f138
repeat_01\raw\bandwidth_pair_s8_d16_b32_r2000_w1_c0.csv,8392251a16c067fc44751bb8689a31a261100ed8961697b32bdf3dfdce81ee69
repeat_01\raw\bandwidth_pair_s0_d56_b65536_r2000_w1_c0.csv,2f30f460aa5a334080747607a84e654c830b53aa0ab88c7269cdbe0d1191fd25
repeat_01\raw\bandwidth_pair_s9_d18_b256_r2000_w4_c0.csv,57cdaf1445586670d528e6f034f8e97356c0fba18eada8cc1b81d9b5d4168cab
repeat_01\raw\bandwidth_pair_s9_d18_b16_r2000_w16_c0.csv,20239df19dc58bc7dcb3dc5337b823210659315f1aa6c62e4ce9c70c8fe9282b
repeat_01\raw\bandwidth_pair_s0_d1_b65536_r2000_w1_c0.csv,c594cc040c36d85a10efe8d344a546bca0e8c439484f410f6abffdc216cebea1
repeat_01\raw\bandwidth_pair_s0_d63_b256_r2000_w2_c0.csv,4ce9d3d09be1a18a823721660d7167e1fce8e3497785522a8499cadc59a17c7a
repeat_01\raw\bandwidth_pair_s0_d8_b64_r2000_w8_c0.csv,f3cb0aa8769f6d35ec7a6ca7edfc5b99823a924ae8e6038d860dd37d30a62674
repeat_01\raw\bandwidth_pair_s0_d63_b65536_r2000_w1_c0.csv,2373c523b911dc2f432006b9c157cd539886ee19324b07edaa921b5a3bef1753
repeat_01\raw\bandwidth_pair_s0_d9_b256_r2000_w16_c0.csv,5cd34978eb6318b0141e90d9c0062665a1d1b9b1633a6dba55bc600760d7ecda
repeat_01\raw\contention_incast3_s0_d0_b64_r2000_w4_c15.csv,4135a93b2654a17d66762574a70d00df1dbdf56f1a9ffd3fabf65697023742cb
repeat_01\raw\contention_single_s0_d0_b64_r2000_w1_c10.csv,ca5226244032a2fbf599043876e2a22fdcd071d77ef9dea7e5419d65d7317584
repeat_01\raw\contention_intra2_s0_d0_b1024_r2000_w1_c15.csv,aa042e4e3828e715f6ccd9773132f76cc102614c42c7f484b9a458f58e73a6b3
repeat_01\raw\bandwidth_pair_s0_d56_b16384_r2000_w1_c0.csv,e1bc0bb8d0000d5b14b67b2c63a6765bf4f885a0f05203e91debbeda41ca1416
repeat_01\raw\bandwidth_pair_s0_d7_b4096_r2000_w16_c0.csv,283f7413d334898ae8ed665a76def9456f5fcb6720e33d167cde5e10165601cf
repeat_01\raw\bandwidth_pair_s0_d8_b32_r2000_w1_c0.csv,e9a7dd4b94d917b6d58759dee3ee1fbb8925f7fdd00690a3db90ef0e64c0a91e
repeat_01\raw\bandwidth_pair_s0_d1_b128_r2000_w2_c0.csv,973ce65711f2aa370aac2ec18330a2870cc54b7e74dd8a9f1009416d46e18526
repeat_01\raw\contention_alltoall4_s0_d0_b1024_r2000_w4_c15.csv,46abf7002fd75c9f174fde3cda91990065e5717cf9286f79f44c50d24dc4c81e
repeat_01\raw\bandwidth_pair_s0_d1_b64_r2000_w8_c0.csv,f6b10f9e1b0a776c47b65c0d00eb5854a46d3c94ea21eb31198f1b32aa8de144
repeat_01\raw\contention_intra2_s0_d0_b64_r2000_w4_c10.csv,5df05c1617d64ee7ad1f9e2ef46e60372beff429ea5a341f47d902c2746fed12
repeat_01\raw\bandwidth_pair_s0_d63_b16384_r2000_w1_c0.csv,ee2ec06089e48431dac0581d29a9afd34559fd463e8d23024bf058f71481457b
repeat_01\raw\contention_ring4_s0_d0_b64_r2000_w4_c0.csv,5132b2e118bd29dac6c7ce701e96d5d46db4d9a164bc45549967051efd52e19c
repeat_01\raw\bandwidth_pair_s0_d8_b8_r2000_w1_c0.csv,14120784eb778001b01b7f414a91b1c472167b657cfc5b937cf7feae20970310
repeat_01\raw\bandwidth_pair_s0_d7_b128_r2000_w4_c0.csv,b64b8274d1d3b5ad54b4e9e60488e3a29a58012cf3844c3d88262cb5a3733598
repeat_01\raw\bandwidth_pair_s0_d9_b32_r2000_w4_c0.csv,fdaa56dd8bc1082303854c06ccb8503dc092c43e6e5a2d408031892c6a96b6bd
repeat_01\raw\bandwidth_pair_s0_d7_b1024_r2000_w4_c0.csv,fe3fd440807c1d80619988eb014588e1dc158bb7dcaabb4213328ff0f20e54fb
repeat_01\raw\contention_incast3_s0_d0_b1024_r2000_w4_c5.csv,26ba07e6206ce21088287156986ffa35bad64c738cf2ce81eb4c9ea1cac7c202
repeat_01\raw\bandwidth_pair_s0_d56_b32_r2000_w1_c0.csv,a109a2005972e52fcbf4735ee3dd367fd2edd72dcd1ddfd9a722d46c0147a789
repeat_01\raw\bandwidth_pair_s0_d8_b32_r2000_w8_c0.csv,e9dfeb4b88a32c80c878ea227842101359bdbb99b6847a7f01db55f11658a020
repeat_01\raw\bandwidth_pair_s1_d2_b32768_r2000_w2_c0.csv,218d5e121afb05882e996af0e63304eead4f7c8a8c364904932d7fcf7d285a85
repeat_01\raw\bandwidth_pair_s0_d8_b256_r2000_w16_c0.csv,dfce655fefc3fa99b9e2340f2cc72a07ac6bf7f5601b70a6143f1d4576513a49
repeat_01\raw\bandwidth_pair_s0_d7_b32_r2000_w1_c0.csv,4fe7d1777c169f48c1159c11dda9686726a08e78ec49e3b365be7b5c851a0873
repeat_01\raw\bandwidth_pair_s1_d2_b16384_r2000_w4_c0.csv,88264a2dc8365b82938d2c7de1510681453474da9ceed838762419001398f327
repeat_01\raw\contention_split_side2_s0_d0_b64_r2000_w4_c5.csv,e770431ae7844bc881f57b2ae38080d0453133fdca48fd7b10f0750694e09c6f
repeat_01\raw\bandwidth_pair_s9_d18_b256_r2000_w8_c0.csv,786670877cd6d08d00d73520c145a5e213f4762301abc387d5a6ff06717ed85e
repeat_01\raw\bandwidth_pair_s0_d7_b4096_r2000_w4_c0.csv,692d6790d443921fd0bd49be447c31603f9c7f28774016cfdd78aaa01916c869
repeat_01\raw\contention_single_s0_d0_b64_r2000_w4_c0.csv,a9f8a63210d1a4af903c83393f2693e40c95996fcd1d1af05e49c1380d087f6f
repeat_01\raw\bandwidth_pair_s0_d63_b4096_r2000_w2_c0.csv,fac5887b327d605cc2c0bf608aa041aab252db68e4bc920bf7c8de0cefac29f8
repeat_01\raw\bandwidth_pair_s8_d16_b16_r2000_w2_c0.csv,486cbf34c311438ec2847d6defb4cdb60ae57f2a87d1dea52e184ec324dfbe91
repeat_01\raw\bandwidth_pair_s8_d16_b8_r2000_w4_c0.csv,303b993c102568259e3eaff63614a37b4ca7303b3c2cd3025ba8f752c89ffb7a
repeat_01\raw\contention_incast3_s0_d0_b64_r2000_w4_c5.csv,d9455b2075186d50401f18afcf9afa3f599dba2bb934731f2b9cc7fba8c7b139
repeat_01\raw\contention_split_side2_s0_d0_b1024_r2000_w1_c5.csv,c0e6e068aa463a9f56ade3b0dc2ca229b1d3919fd5f3304dc203455bfeb48f2f
repeat_01\raw\bandwidth_pair_s0_d7_b16384_r2000_w1_c0.csv,ced90eeea62d00c5f97ca4dbce637074f510866036ee3d0caecd3d3c71ff38a3
repeat_01\raw\bandwidth_pair_s0_d63_b256_r2000_w8_c0.csv,eb4dbc49bc1df8d7b93fd108a0828d291d730ebc54ed8d7e130bc75caf60bcea
repeat_01\raw\bandwidth_pair_s1_d2_b8_r2000_w8_c0.csv,a09590221ae570d4f2f6436ea7a871a08036e96f09b3d46b93fa32611c03ba10
repeat_01\raw\bandwidth_pair_s0_d56_b128_r2000_w16_c0.csv,5482f7738ca44ac944abbec4bdc627de3289de282816098fba7537f24b35f822
repeat_01\raw\bandwidth_pair_s1_d2_b8_r2000_w16_c0.csv,18517b3badea696105e33cec072baf4406c1585beda0a6639487a2339fca8547
repeat_01\raw\contention_ring4_s0_d0_b1024_r2000_w4_c0.csv,458f9b0f2c20df7aa4f9adf7b8dda9a2cce5801a10f27bf900fa3e88d42903c4
repeat_01\raw\bandwidth_pair_s8_d16_b128_r2000_w2_c0.csv,a643f047ddaede53ab8de07a4394e52079433fe2310dc56cad23bced14604e2a
repeat_01\raw\bandwidth_pair_s9_d18_b32_r2000_w4_c0.csv,cd6fdc9cec7faa2c6331b8b330a86d614f27e74481d643c1aec09419acbc8aab
repeat_01\raw\contention_alltoall4_s0_d0_b64_r2000_w1_c15.csv,508733b065c066db586d15d4c9e61165534c3cff6149967949504832902a4d37
repeat_01\raw\bandwidth_pair_s9_d18_b256_r2000_w1_c0.csv,3243fb42aaa565b5f089521d487a08b6ab215d3d3742fa61f9ba7fc4117208cf
repeat_01\raw\bandwidth_pair_s0_d63_b256_r2000_w4_c0.csv,d8cbc8c9db59ae3d62a62686dec05053ee8e2fa13c248e8e598e7be4d2af0206
repeat_01\raw\bandwidth_pair_s0_d8_b1024_r2000_w1_c0.csv,6b905cef7de6f05dd770beb49ec2346de00c0b767dc467441543ff6daf35910f
repeat_01\raw\bandwidth_pair_s0_d63_b32_r2000_w16_c0.csv,3b2bb58e3f9205927f32b42563f36729720316e027bf014978b783cd37505c2e
repeat_01\raw\bandwidth_pair_s8_d16_b64_r2000_w4_c0.csv,21cd1a4f0b9ad86885b55debba9c0b629d1099e022002a666b5f22a416f6eacb
repeat_01\raw\contention_intra2_s0_d0_b1024_r2000_w4_c5.csv,90b1a6acbabcd53dcca5875c78e008ef6a88e9a6a20dd8866d7851b9a7ba14a4
repeat_01\raw\bandwidth_pair_s9_d18_b1024_r2000_w4_c0.csv,439732eb202974f2f0826ae9b3607ac6544933add041084355cb8fa337abf411
repeat_01\raw\bandwidth_pair_s0_d8_b4096_r2000_w2_c0.csv,8d4bc66625788a16de59ba55ec5b9b54e5c7b0990e0b9f2c817dec130f65d59a
repeat_01\raw\bandwidth_pair_s0_d56_b1024_r2000_w16_c0.csv,19bd9d28a47a5013f729ba475c6c0765053a138f0cc569b7737014eb075204aa
repeat_01\raw\bandwidth_pair_s8_d16_b128_r2000_w16_c0.csv,7b5921db4d185d673b502458186e8cbba62dc787b1f951fefda147f2bbc71abd
repeat_01\raw\bandwidth_pair_s0_d63_b16_r2000_w4_c0.csv,26dc7e44baf5bf153beff592d23c5fbe81318cddd20c9a67e0066d71f3d4686e
repeat_01\raw\bandwidth_pair_s0_d9_b1024_r2000_w16_c0.csv,01b5e283e68231e65e73c1d10c827315c642643363ae115fa6043c2af488931d
repeat_01\raw\bandwidth_pair_s9_d18_b32768_r2000_w1_c0.csv,fa9188e01b7357820356e96d5742b0e53a4602db627eab8c4f9e0c8e894656cb
repeat_01\raw\bandwidth_pair_s8_d16_b64_r2000_w16_c0.csv,fd271fcc91be23446b1cc6e2e7d179a2110fb42296ebc0f3f2ecd65efb432b9a
repeat_01\raw\bandwidth_pair_s0_d63_b8_r2000_w16_c0.csv,a50140df24ed022108e2c170588e79e7d97d79e9c2a0747174f253be973b55dd
repeat_01\raw\bandwidth_pair_s9_d18_b4096_r2000_w1_c0.csv,9620f0ec742f25085635df673661d97bcb16394fbde3f8b2d83e817ab0634baa
repeat_01\raw\bandwidth_pair_s0_d8_b16384_r2000_w2_c0.csv,aae08c97fde47f608b59cbf6035af70d3b7d064dc0dcb81606f1a301951d50d6
repeat_01\raw\bandwidth_pair_s0_d1_b32_r2000_w8_c0.csv,9208fd80570d0c9c6fa0fc516405200ae2c3c87db206e201621cbd7f01a85ee3
repeat_01\raw\bandwidth_pair_s0_d7_b128_r2000_w2_c0.csv,6b50bd3ec74832b744e0ef58c90a8f0737204410eb4b9f48c1b663b5d81f3e0a
repeat_01\raw\bandwidth_pair_s0_d7_b64_r2000_w1_c0.csv,25480642866d635872c91dce521b19e24879a6f486d24160a6962acb3412392d
repeat_01\raw\bandwidth_pair_s0_d9_b8_r2000_w2_c0.csv,880a98c8a3b295b3525e884b6d4a7d1327cb63bbb75c0a1d708b01ba7bda825c
repeat_01\raw\bandwidth_pair_s0_d56_b64_r2000_w4_c0.csv,44b1cc8962f21bf9a1e73671ff2493ecdbe21d3928a0564ba1e01ecf78069d04
repeat_01\raw\contention_incast3_s0_d0_b64_r2000_w4_c10.csv,29d544d13ace766a4e0f02e3c78069c4880ee927804f5d1e8fcba67002089e4b
repeat_01\raw\bandwidth_pair_s8_d16_b1024_r2000_w16_c0.csv,b3561c5fa72a5162a7c32bf6c5dcfde2aedd98a0f133ced613b20118bdd6d893
repeat_01\raw\bandwidth_pair_s0_d56_b8_r2000_w2_c0.csv,fd1a9ef107d8b0b27fe5353cd927a028cbeccfc668a3af98e726806705e25f3e
repeat_01\raw\bandwidth_pair_s0_d56_b64_r2000_w2_c0.csv,821286fbf454175d7f724cffa6b7b677574d86d55c32b8af754171a31239e7e3
repeat_01\raw\contention_split_side2_s0_d0_b1024_r2000_w1_c15.csv,b3f3f344e4e176b211f7b2b56d9c83ad10bdc63bfe79efa9f5c14e768dddda5a
repeat_01\raw\bandwidth_pair_s0_d7_b64_r2000_w2_c0.csv,3b04e126458727359eecccb343741989bde5188fe25bbfbb9802a4243acf56ee
repeat_01\raw\bandwidth_pair_s9_d18_b32768_r2000_w2_c0.csv,df9fcf6a8f7fd30ae9b0936decd801498a42957d8a3a6a64dfd0efad34c7ca20
repeat_01\raw\bandwidth_pair_s0_d1_b16_r2000_w16_c0.csv,961c91b97285eefdd8fe6c85e7da7e8d3cca37b0205f0d0e46d13c91f744a0da
repeat_01\raw\bandwidth_pair_s0_d8_b1024_r2000_w4_c0.csv,f7c785a5ef9b17e9eb43ab92d8973980a71f0d05b36f7dde1945d2979eb40cdf
repeat_01\raw\contention_split_far2_s0_d0_b64_r2000_w1_c5.csv,b8374a0f134464a150d1b738c95cb611c45ddd234bccf469f549ee5dfb3a8610
repeat_01\raw\bandwidth_pair_s0_d1_b4096_r2000_w16_c0.csv,1602daea167a32c2721d39baa84153bd833546d73ec15f43333da0cba59f5241
repeat_01\raw\bandwidth_pair_s1_d2_b32768_r2000_w1_c0.csv,6819bda66b3ad581373e631aef836c4afa0db40590125f2b7f354aeaf41f12c4
repeat_01\raw\contention_ring4_s0_d0_b64_r2000_w4_c10.csv,e0332ce3e2d6161c887a042cc3f6b6d0be018ca2bd9cc55828ec738388366207
repeat_01\raw\bandwidth_pair_s0_d63_b32768_r2000_w1_c0.csv,d9b7105a6f399b5616a38faf2839eee0884f5798612c0ac056e4dcee83283aa4
repeat_01\raw\bandwidth_pair_s8_d16_b128_r2000_w4_c0.csv,25acb969d00e0d561ed5892a5c904112091564730ee9d0610e8100de5dbbff32
repeat_01\raw\bandwidth_pair_s0_d7_b8_r2000_w4_c0.csv,12f3e5cb596ae991d941f14eb8ac6c9d2496722ac43541663c51a56e094268d3
repeat_01\raw\bandwidth_pair_s0_d8_b32768_r2000_w2_c0.csv,2fd3562b6222b807b9004a311f064568eea053a363eca15a3d5d2ab919201a44
repeat_01\raw\bandwidth_pair_s0_d1_b32_r2000_w1_c0.csv,ce6e5288f65014e9bcfc1d4de2e53a16bea2f661d08e2b1b9154a5a4fb9f25b3
repeat_01\raw\bandwidth_pair_s0_d1_b1024_r2000_w1_c0.csv,b3a210a658fc572d061c07fa5326ad0186d99320fe7dc5b64d34192866c5289d
repeat_01\raw\bandwidth_pair_s0_d1_b16384_r2000_w2_c0.csv,bb81f913d22f31d071a078810addc847b44b71f7aff581a4c58c4246fffd6599
repeat_01\raw\bandwidth_pair_s0_d56_b256_r2000_w8_c0.csv,10d9eacc79c70d1a05b0f27c4720cb3a237c8cdcf514242b352a0319ab08b67c
repeat_01\raw\bandwidth_pair_s0_d1_b16_r2000_w4_c0.csv,f857a5c17ba51ff388ac75b9bb2bcbb1850cf65861c6aa6cf4a0f1e5b990c8ff
repeat_01\raw\contention_ring4_s0_d0_b1024_r2000_w1_c10.csv,f97b7d3058243fce77aba02e9849f7da41f492fecc544ccdb9cda65c2eb18dad
repeat_01\raw\bandwidth_pair_s0_d9_b32_r2000_w2_c0.csv,4e4c8b04e5193cd8569d5a165bf42d17f6ed2e20d92c6cf2e85ac122b5dd2024
repeat_01\raw\bandwidth_pair_s8_d16_b8_r2000_w8_c0.csv,3ed99f1625b45e2598638b2e401f165c5b100619d068296cfe601b3832cfc129
repeat_01\raw\bandwidth_pair_s9_d18_b16_r2000_w4_c0.csv,7eb9b8428dde2651b135f0de32c3ad69b2f230c6af9e1cbbbb513dcd1de28bca
repeat_01\raw\contention_alltoall4_s0_d0_b64_r2000_w4_c0.csv,4afdea5e31837251df45b20f27eb96efc0e3e63260a0a10828b945ade0324a9c
repeat_01\raw\bandwidth_pair_s9_d18_b128_r2000_w16_c0.csv,59dd070e19f4bad7e5edc34f6be6cfb79dab9a368fc22f5b1b3b2228e3a4b057
repeat_01\raw\bandwidth_pair_s0_d9_b128_r2000_w8_c0.csv,e4c225845435f96d9c153c8353ab1e19cef1be36726f3c9cb89097a55cb08798
repeat_01\raw\bandwidth_pair_s0_d63_b128_r2000_w4_c0.csv,0ae0a0f7e38495effe8dd162b4ceb504b04963f82cecbb6c5849d85068282fbc
repeat_01\raw\bandwidth_pair_s1_d2_b32_r2000_w1_c0.csv,95bf07d7e8d6ebee3eac12cbd0aa1272c050d2b012840f3577048df364696b98
repeat_01\raw\bandwidth_pair_s8_d16_b1024_r2000_w4_c0.csv,4da4c3b5f894d9684cf1575c1a420ce96d728de7381e4c7a824fb2e645edb11c
repeat_01\raw\contention_alltoall4_s0_d0_b1024_r2000_w4_c10.csv,cd00874f3cab08ecbbca78ebdaeea88b495611dc6321e2f801b1534acafe6e93
repeat_01\raw\bandwidth_pair_s8_d16_b32_r2000_w4_c0.csv,5303b51fa86cc0bb90e9d2a4f7d0970a6ca163a19b4ec5fe638ab1cce05dfd0a
repeat_01\raw\bandwidth_pair_s0_d1_b8_r2000_w4_c0.csv,479eccab564df6bf510dfee96daababbf1402e256d4ac754219cba292e998326
repeat_01\raw\contention_alltoall4_s0_d0_b64_r2000_w4_c10.csv,6f2a87dce0725687b904c9cd46f96bc8f3524b35a92d3b9b3fccb61644aca20e
repeat_01\raw\contention_single_s0_d0_b64_r2000_w1_c0.csv,f3ab6bc0ca3c8d17be128297488b7fa05346d92e3007fc2c232f79680c15c236
repeat_01\raw\bandwidth_pair_s0_d63_b128_r2000_w2_c0.csv,0541e5e87d3b39bd15eb9b4e9aaeb90f849257c006a471d37839b01cbf5c75cc
repeat_01\raw\contention_ring4_s0_d0_b1024_r2000_w4_c10.csv,5edaad7249ae36ffcf7e82c39819a51b33b2e8965971030897becf0d20f3ac99
repeat_01\raw\bandwidth_pair_s0_d1_b16_r2000_w8_c0.csv,d1e723fb0bf95d382bf21e60c570b6faed75d37d73863821520aa83b6ca228f5
repeat_01\raw\bandwidth_pair_s0_d1_b16384_r2000_w4_c0.csv,371830a9aa7986e5dbb11a4e67a31b4039594b5817e06c4a431d370eaadab97d
repeat_01\raw\bandwidth_pair_s0_d7_b16_r2000_w1_c0.csv,4a2e8b8180b56e68495667f5515891d70a9592b9b69e020aa85ff1e3ceec175e
repeat_01\raw\bandwidth_pair_s1_d2_b16384_r2000_w2_c0.csv,8f46db392d99c1696aecd3f62e2928e8f01c0dfaf02648d8a7c041b35b045b26
repeat_01\raw\contention_split_near2_s0_d0_b64_r2000_w4_c0.csv,944687239571461718d8fe0d6aee0e4b5c8403f49ccc8651353bb54082a6add1
repeat_01\raw\bandwidth_pair_s0_d9_b32768_r2000_w1_c0.csv,73c5d7b8a57f517f4512c5dd526b958278cfcc3b23633e4fab6ed02b4c4824ff
repeat_01\raw\bandwidth_pair_s8_d16_b16384_r2000_w4_c0.csv,173af31ffc6eb9f0d37d2c74e1c88ae39bd02c97ff401301b9a2f83810d5ed8d
repeat_01\raw\contention_ring4_s0_d0_b64_r2000_w1_c10.csv,781deb2a52dc17cbe88d83cdd8735372e3e3b2a45112daa06014564502f5a696
repeat_01\raw\contention_split_near2_s0_d0_b64_r2000_w1_c0.csv,f992448022b20df8be645bf100992a3154919118afda00ccb8d035f92ff6df89
repeat_01\raw\bandwidth_pair_s0_d63_b1024_r2000_w2_c0.csv,1185119ecf5641a11e300770b89ccb5a9f97b87e85e4c7091d5e656a79520c49
repeat_01\raw\bandwidth_pair_s0_d63_b4096_r2000_w1_c0.csv,0b555caa3eb616fa5f51c938a9185d6cfeccd1bcf956f274616a35fd4494375e
repeat_01\raw\contention_incast3_s0_d0_b64_r2000_w4_c0.csv,178c5d6a4f5819dd032ef3da31d7449c1b2389814db64d45ef0486fbe2965eca
repeat_01\raw\bandwidth_pair_s9_d18_b8_r2000_w2_c0.csv,4f61b2f01f25b0c2c439c1334426668e9cd0049c6392399e1fc638aaabe28d9a
repeat_01\raw\bandwidth_pair_s0_d7_b128_r2000_w1_c0.csv,97400d934f134bf68685e8f8a4452996bb2a833f9d86ae685cb74c509eb12d9a
repeat_01\raw\contention_split_near2_s0_d0_b1024_r2000_w4_c10.csv,8bbc7fc7d43d8846fbb0b317da907a4e5d1fd879dac2d17e38b5900017536c22
repeat_01\raw\contention_incast3_s0_d0_b1024_r2000_w4_c0.csv,67e5cee77dab5e7eca20baba14310da5c951a7371779c5773c1eee17083b4499
repeat_01\raw\bandwidth_pair_s0_d56_b128_r2000_w1_c0.csv,1498927fcbf0b623c442f051c66a0f46c17909f6c75076b84f87210a9c68542b
repeat_01\raw\bandwidth_pair_s0_d7_b16_r2000_w16_c0.csv,93638adaf1350119348b34ac334290421b4e041d25ca5c1f742e133d4099a13d
repeat_01\raw\contention_single_s0_d0_b64_r2000_w1_c15.csv,196aa9ba9aa53f7dca8dabd7fc69e2d08fcb4e51d71c53718656388e77c0a3a0
repeat_01\raw\bandwidth_pair_s0_d1_b4096_r2000_w8_c0.csv,2bc344b9aae09e891dc08508df16e689132daa5dfb1b4fb2559104a86d2a795c
repeat_01\raw\bandwidth_pair_s0_d7_b4096_r2000_w2_c0.csv,bddbb3ab3e7dcbc04d8bb727ba221d16063195a14c6bddaa1aa983e9733f4778
repeat_01\raw\bandwidth_pair_s0_d1_b256_r2000_w1_c0.csv,12b3e72babde5dd7e02eb867d6d5ac1e6b8f4013a9d682620cb469d6aa2a9189
repeat_01\raw\bandwidth_pair_s1_d2_b64_r2000_w8_c0.csv,8ed8052682b26d3eba2e635493ce5f144e1c70259d9223177e276a603349e03a
repeat_01\raw\contention_split_near2_s0_d0_b64_r2000_w4_c10.csv,6a8992a3253dc24f836a0e1350a6e2ba1c57fa6bd36bb3de9f00f3b797aeac4e
repeat_01\raw\bandwidth_pair_s1_d2_b8_r2000_w1_c0.csv,d9fc0fdac21be2422a57fc926e869187f03281b6a654657527dcfefbe5db7b47
repeat_01\raw\contention_split_side2_s0_d0_b1024_r2000_w4_c10.csv,f4e886c622d5842e7b33abb7d51258a1ad0f7110cd64641446825ebf06c84876
repeat_01\raw\bandwidth_pair_s0_d9_b16_r2000_w2_c0.csv,1683e6cde6e4a63dc6259ffd16a83caeb10135e22c4324b5f4543467e533fcc3
repeat_01\raw\bandwidth_pair_s9_d18_b16384_r2000_w1_c0.csv,fd463bb1bb852f43ea3a463312282b4ce30cadb9bd150782e04193dc0c0ec478
repeat_01\raw\bandwidth_pair_s8_d16_b8_r2000_w16_c0.csv,a7d8950d7ba657d31b04a7819d177c4381b5a5796849f81277713f11464be7d4
repeat_01\raw\bandwidth_pair_s8_d16_b4096_r2000_w16_c0.csv,b24adb58353a73d12b08718798279966f523134e8847c9d684cec2fe73e41e1f
repeat_01\raw\bandwidth_pair_s0_d56_b1024_r2000_w4_c0.csv,c2d28cec24c3a2331f55428682ee9983bea14f81c431a85e071971d7da2929c5
repeat_01\raw\bandwidth_pair_s1_d2_b256_r2000_w16_c0.csv,d4f6eee3445ab2382fea6049c357c70bb827b44a557d7bbaf0d41770f69831ca
repeat_01\raw\contention_ring4_s0_d0_b64_r2000_w1_c0.csv,c3ed2a0e9ae0d93d8169807fbbd4d521727e14598bf130b35edf2b3e2257ae24
repeat_01\raw\bandwidth_pair_s0_d9_b4096_r2000_w8_c0.csv,bdcdda37fc488d6ba23abe7419bd98f36d10a8ce00fa7f047a5ba6a619fe8803
repeat_01\raw\contention_alltoall4_s0_d0_b64_r2000_w4_c5.csv,cbc8b1c72e641df4bf674f261806e1cf5da63018f6984603ed5a750b563ef277
repeat_01\raw\bandwidth_pair_s8_d16_b32_r2000_w16_c0.csv,57fb787c2b0a656a35378399409cd0bd21e2541d5a46d79e1c7f1b971f392928
repeat_01\raw\bandwidth_pair_s0_d1_b8_r2000_w2_c0.csv,8a5ed24ade8b8d0bfb1298a94611c0d63feb28f932c4b9feb43472b56cf2b6e6
repeat_01\raw\bandwidth_pair_s9_d18_b1024_r2000_w2_c0.csv,f7121d018001eff38354348966813e903a48f7ee471a4aa8f285266f95e85c70
repeat_01\raw\contention_ring4_s0_d0_b1024_r2000_w1_c0.csv,7cf95fc9d7ef2edc029d8e1c7fe45a398e291d7440cfd7d9cb99f8ca405c278f
repeat_01\raw\bandwidth_pair_s1_d2_b128_r2000_w4_c0.csv,5f08c985732e7b5a3595c348f6676486c7ac737c2d181c351555330590d9b11f
repeat_01\raw\bandwidth_pair_s0_d1_b4096_r2000_w4_c0.csv,e3ed2d3ccc08bfb80813480611c5a1cf11a2a50f264871fe5fc474279e9cb4b4
repeat_01\raw\contention_single_s0_d0_b1024_r2000_w4_c10.csv,586e0c8c8a0b528e7b1b68b3a5baef83661be9a66daba1e8df34ed7dc067a2be
repeat_01\raw\bandwidth_pair_s8_d16_b16_r2000_w1_c0.csv,eba0e8a3ccf4c0cb456c5a7e45b59089ea0d7ef306b6949fb74fd676b874331d
repeat_01\raw\bandwidth_pair_s9_d18_b128_r2000_w4_c0.csv,7101e988008de8c3ec3368d1defd54b3ad1ad56140285489bbbc53749c4c2db9
repeat_01\raw\bandwidth_pair_s0_d56_b16_r2000_w8_c0.csv,11dacfcc10116cd8534faa65e78d27e30d71c30a886d5491642cb986b1ff982b
repeat_01\raw\bandwidth_pair_s0_d9_b128_r2000_w2_c0.csv,71a9dbcbcc602f67a813a4a42dca809f81898cf104147b88e1e76b87a7128bcb
repeat_01\raw\contention_alltoall4_s0_d0_b64_r2000_w1_c0.csv,179e3d9230003836782a217c3648f6feaffe18dcefd050b32c31946a868ddd4b
repeat_01\raw\contention_split_side2_s0_d0_b64_r2000_w4_c0.csv,59758b34e40a7df4348667d4a564741203b15a3260df8d966b6efeee78dc2254
repeat_01\raw\contention_incast3_s0_d0_b1024_r2000_w4_c10.csv,db0d23a3e9fc9606884a8726d16352b2eaa0c294325cbf73c9e693a0a91a4415
repeat_01\raw\contention_incast3_s0_d0_b1024_r2000_w1_c5.csv,218132de7caab00d536016f03c9f7b3737e6a89ada0dae556a9446e256690dd7
repeat_01\raw\bandwidth_pair_s0_d1_b256_r2000_w4_c0.csv,87c3ca48a90f8a5d856de7853f59471ef2f6f478890ed4a1bcaa1f50cbf2fb76
repeat_01\raw\bandwidth_pair_s0_d9_b1024_r2000_w1_c0.csv,623cb3e6888ba607698b2b98b37b30015df7b2ef0e6f9ae1dc2e55d50f4752c9
repeat_01\raw\bandwidth_pair_s1_d2_b32_r2000_w2_c0.csv,fbeefe8dbb4c71d44559b5946c00a23938de351768066922ff0953bad170ae7c
repeat_01\raw\contention_incast3_s0_d0_b1024_r2000_w1_c10.csv,c68714372cd05119b689cab83aa5f0752eb87a0cd6bcd3ed41167d30f6b6f693
repeat_01\raw\bandwidth_pair_s9_d18_b128_r2000_w8_c0.csv,f12dbcf6689cc871d492277507153fb60f90c26e07d56b46af9741a3458dfe60
repeat_01\raw\contention_ring4_s0_d0_b1024_r2000_w4_c15.csv,8c287fdd60104d8160bcaa66d6fe2ebca8ff236101aa90084e9dcce0e7042327
repeat_01\raw\bandwidth_pair_s0_d63_b64_r2000_w4_c0.csv,6689b60471a96f9c803877062ce686e88f91c8a29b715c6b2e09e44f37ebe7dd
repeat_01\raw\bandwidth_pair_s8_d16_b32_r2000_w8_c0.csv,a1e58140490f30ae6e5c24c193b72ed555b55d870cdf940d144899e097a82162
repeat_01\raw\bandwidth_pair_s0_d1_b64_r2000_w4_c0.csv,c182e8aac55b600ef2bacaaf155a4dea29910efeaf7854ccfc1dd4024d2f73b7
repeat_01\raw\contention_split_near2_s0_d0_b1024_r2000_w4_c15.csv,205e62fb834e3485e071ee9bfc316499d5ed23d3496c4d03d47abb7ed0a0a3d6
repeat_01\raw\bandwidth_pair_s0_d9_b8_r2000_w4_c0.csv,a62cc637193bc5bd2442430299a4fa12385f6a018ef9545809fbc459e2077334
repeat_01\raw\bandwidth_pair_s9_d18_b8_r2000_w4_c0.csv,de5a930d1d13f8792cea61883e35b909b3acc8be34a092d7e7d5974c0da20237
repeat_01\raw\bandwidth_pair_s0_d1_b8_r2000_w1_c0.csv,89301215d6d99d97921315fe2fb0ffd7e2f6d65f811fd99773cc6c172345ab52
repeat_01\raw\bandwidth_pair_s0_d9_b8_r2000_w1_c0.csv,5705d12920e0b22e1ca7ccef0e4092dc95da8cc72719d98e498534d6f7ed66fc
repeat_01\raw\bandwidth_pair_s0_d7_b32_r2000_w2_c0.csv,02a20064a9990e0847b39b5e05889e6a7ca095edeae371e9f93b1b8671879c9e
repeat_01\raw\contention_alltoall4_s0_d0_b64_r2000_w1_c5.csv,ca501b03250ab6e43fa91539ab1609ac85d3d6f63aa994515ea28554e3820baf
repeat_01\raw\contention_split_far2_s0_d0_b64_r2000_w4_c5.csv,2e2d1ab6403b94ab5507b7088534060919189c6f553d5640175980cd8362e5f4
repeat_01\raw\bandwidth_pair_s9_d18_b1024_r2000_w8_c0.csv,d425a311e3d40a887c9ad261781960ab9c8f59f65aae9df012853c168cd08c49
repeat_01\raw\latency_pingpong_matrix_s0_d0_b256_r2000_w1_c0.csv,725faca4c849ac28acbcb47fca10fff2e836fc112e1805c00c68448652d4126d
repeat_01\raw\bandwidth_pair_s1_d2_b8_r2000_w4_c0.csv,cf2b4a1f865782437a956e2f590497a9209463aa959bb5724a81581511689d20
repeat_01\raw\bandwidth_pair_s0_d8_b32768_r2000_w1_c0.csv,a1163444c2024a952330527052187a84eac1d368231e6f39130c9d1cd6d20687
repeat_01\raw\bandwidth_pair_s0_d1_b64_r2000_w1_c0.csv,887ecc598f5eb9cc7911acf8180a737cd7fc7bc528597510b543640ae4709dbc
repeat_01\raw\contention_intra2_s0_d0_b1024_r2000_w1_c5.csv,72d8dc74baeeb6f255b0ff94dafd3edc310d5e9cbc7cdb7ed8daed07d66cc2dc
repeat_01\raw\contention_ring4_s0_d0_b1024_r2000_w1_c15.csv,f8089f1c38596cea3c26d8c53518b77cd646975e12653b93ec647a16ee859102
repeat_01\raw\bandwidth_pair_s0_d1_b1024_r2000_w4_c0.csv,9a36ab85a0858fb1e45f28877e2ec907055bb9559fa554535fc69d50b59ce537
repeat_01\raw\bandwidth_pair_s0_d56_b4096_r2000_w4_c0.csv,18a5adce77a5ba6e04db96caffbce60f2c3b8d86885967fe5a9fd63c2fb8ddb5
repeat_01\raw\bandwidth_pair_s0_d9_b16_r2000_w16_c0.csv,b78b0910e5f269611e00866bdd28886ab22e66d23d9e288fbd8c8511de363115
repeat_01\raw\bandwidth_pair_s0_d7_b1024_r2000_w16_c0.csv,d788c0d27e2e7b05b6f06b2c3238d32a22b1a0f5fe56761c10c0266bb8e96d2e
repeat_01\raw\bandwidth_pair_s1_d2_b1024_r2000_w8_c0.csv,0823e2f08fab4e4de332d7cf0bf3dc724ee957b7b8ec17ca54885e14f8bddf2e
repeat_01\raw\contention_intra2_s0_d0_b1024_r2000_w1_c0.csv,17c3533625303bf0bc997d1c062669187e736e75efd7644aa5e48fff4ffa6398
repeat_01\raw\bandwidth_pair_s0_d8_b64_r2000_w4_c0.csv,5cdce4a24a2419272efd09c092ea218ecbe0dcc5f6e5886e864991fa8366b058
repeat_01\raw\bandwidth_pair_s0_d8_b128_r2000_w2_c0.csv,b37e3e1d68cacd9189291db19590a100eeb4e8cd2a7e8a2d459a98da1d0d5a36
repeat_01\raw\bandwidth_pair_s0_d7_b8_r2000_w1_c0.csv,a64de433c8a9531a56e1ebc3c8830f3b4a6dd94db560c2078cbe7c0a553792de
repeat_01\raw\contention_single_s0_d0_b1024_r2000_w1_c0.csv,f76afc277e0ab66453e8e92132a7933dba924a269548201415efb1d8d91763bc
repeat_01\raw\bandwidth_pair_s1_d2_b16_r2000_w1_c0.csv,5c0c01ddb543d7029d21a0ed9a5fded3e7df6efa70adabb56caa24948868019c
repeat_01\raw\bandwidth_pair_s0_d1_b4096_r2000_w2_c0.csv,ab9d5df79b90a4cef0989026fcde0a330afc94401823edf9936f0fb5ea9a8890
repeat_01\raw\bandwidth_pair_s0_d8_b1024_r2000_w2_c0.csv,bb05e818640317a9ea63ad64282bb60761b6e35bfcfda2371028bae962065dcd
repeat_01\raw\bandwidth_pair_s1_d2_b16_r2000_w8_c0.csv,010f0bcbd74fbf091af71580930bb3d7e3ab8744b38d346823d27fddd0e28668
repeat_01\raw\bandwidth_pair_s0_d56_b1024_r2000_w2_c0.csv,71906d028567bb9118b1583aa8136f5d83b24ab829658f3d4c94ec5380dacd39
repeat_01\raw\bandwidth_pair_s8_d16_b8_r2000_w1_c0.csv,5ff2420a5fa014bb8d43d040933054b8e2db3cedda637c867c3fc43c2e8ffbde
repeat_01\raw\bandwidth_pair_s0_d9_b16384_r2000_w2_c0.csv,fa8fba94e7306342e796d8fc8947bd21fe702f80592d2b69b0c51c161e5f41d3
repeat_01\raw\contention_ring4_s0_d0_b64_r2000_w1_c5.csv,4bb284b07b5266d6c2c3a53a3daaafcab1d68f1f6f6f6e6630f125b06a8487fc
repeat_01\raw\bandwidth_pair_s0_d1_b128_r2000_w8_c0.csv,d8976892da4a8d540ed0bf5470d3579eb23665abccf74af86d5ea937c0b7e564
repeat_01\raw\bandwidth_pair_s0_d9_b4096_r2000_w16_c0.csv,f22498e538c41b7f75c35ad980f06de4a89c41e672191d51c1a8172a5c1c7e6f
repeat_01\raw\bandwidth_pair_s0_d63_b1024_r2000_w4_c0.csv,9c9cf8d15fb8351ff08a44762f8e6b69c34bb1103c6f946ca0d7ef7e26971dee
repeat_01\raw\contention_single_s0_d0_b1024_r2000_w1_c15.csv,7ff299cf452eb387bc77ce81be995df56b7cf9caec343dd0f6e14e15aaf92e59
repeat_01\raw\bandwidth_pair_s9_d18_b4096_r2000_w8_c0.csv,911aa149cbc639aff34d68f8bf5f237d061d9cf42e04bf06677e3201dbbc1559
repeat_01\raw\contention_split_near2_s0_d0_b64_r2000_w1_c5.csv,46d8bec9046aa51bac1a3bc5e8f21b9bf1a38a4171a8735e25edd31ee3d2e798
repeat_01\raw\bandwidth_pair_s1_d2_b16_r2000_w2_c0.csv,411d0b53f8f2139bb2b4b2bf8f321119b0c7c90ee77aa725628a51bb4f8e0c4a
repeat_01\raw\bandwidth_pair_s1_d2_b256_r2000_w2_c0.csv,84ae02d34989f193e7b9570f5d2750311e3fcae454c23f9e824f66bcc312969d
repeat_01\raw\bandwidth_pair_s0_d9_b64_r2000_w1_c0.csv,98052c828f1c7a8f625050d3864df57b149fd4111d72bf6856928693139a16a2
repeat_01\raw\bandwidth_pair_s0_d7_b64_r2000_w4_c0.csv,795624c217a5073eb11d92de9ddba1dd8204887455c59bb545a2ab9e256ce693
repeat_01\raw\bandwidth_pair_s0_d56_b256_r2000_w16_c0.csv,d1acf12807e8f146095841e9170dc9d9ab9608970d8b1ec396073d620e784d6c
repeat_01\raw\bandwidth_pair_s0_d8_b256_r2000_w1_c0.csv,bcb3c8c2c1630ed62ac4a99f776a2619f8ac139d98a71d521bf3b1281bd61015
repeat_01\raw\bandwidth_pair_s0_d9_b32768_r2000_w2_c0.csv,aff3506721674bee01995e41239a959eb023b4591ca53fe8de52cb51f0c05d8a
repeat_01\raw\bandwidth_pair_s9_d18_b64_r2000_w4_c0.csv,5aa50b44acac9042b592455d5d5df0ce0b269174a4302a2122e47b1d7d09702d
repeat_01\raw\bandwidth_pair_s0_d63_b1024_r2000_w8_c0.csv,e80fae446a6396e23832063508292406472dea7dd080b4f06c6f80dbe79d982f
repeat_01\raw\bandwidth_pair_s0_d7_b256_r2000_w8_c0.csv,7e66fbe5320c1f79229fbd2e14eaebb2c09daf045382dd3c629c78a289d15b7b
repeat_01\raw\bandwidth_pair_s0_d7_b16_r2000_w4_c0.csv,ce3c784c1b36a31c3123754ce74e22056fec681c23b9f3c347faadea9dfa48c6
repeat_01\raw\bandwidth_pair_s0_d1_b128_r2000_w1_c0.csv,d1225d527e243253b8599e199e1d97e74b11ee106361baf33118b96f95efdd7f
repeat_01\raw\contention_alltoall4_s0_d0_b1024_r2000_w1_c5.csv,6d4127582a31d38878b10c52fa8b4871c1b2776079cede79cd0457f8c5fc813c
repeat_01\raw\bandwidth_pair_s0_d9_b1024_r2000_w4_c0.csv,55844eb41ceb2fbc10e363bf1bbee45329b2feaac0f3d03bfeb4716a3ac1d3b3
repeat_01\raw\bandwidth_pair_s0_d7_b128_r2000_w16_c0.csv,8d1069f6add9cfe88c2c89999ab02d98501ab26a987aeaad42e5cae54372cae8
repeat_01\raw\bandwidth_pair_s9_d18_b8_r2000_w8_c0.csv,e57e29ec8019dcce89c867f413264e4dd44ef8697fc530b973f5aabbeaf4183b
repeat_01\raw\bandwidth_pair_s0_d8_b4096_r2000_w16_c0.csv,24c3d581380f271628ccc81f85c2b70ba9a9ab52ae3badfd706fa5d3bfb13d1c
repeat_01\raw\bandwidth_pair_s0_d63_b32_r2000_w2_c0.csv,532587776ecbb2c0d2660596f2c39367b81ced7962a48e73f6ef20b3ed64cf3d
repeat_01\raw\contention_split_far2_s0_d0_b1024_r2000_w4_c5.csv,f8ed65104ae6c85a34a48924b4a1e848690f668e3bfb59ea2d7f3face48384ac
repeat_01\raw\bandwidth_pair_s0_d1_b16_r2000_w2_c0.csv,2a7f73df0432762c820cca9f30375ac8965cfda13372669816b13a162ccf8abb
repeat_01\raw\contention_split_near2_s0_d0_b1024_r2000_w1_c15.csv,d52381f430ab51af6f5a916268968c525280639b93dd5abeb949572cb3d2cfe4
repeat_01\raw\bandwidth_pair_s0_d56_b128_r2000_w4_c0.csv,ddeeef1174fb6afde3be1717ee6c93771ea5683dc09434e371763e0fc6cffcb6
repeat_01\raw\bandwidth_pair_s0_d56_b32_r2000_w2_c0.csv,077c614062d8c00a6764343bd6ce5e2347a9f108070602cfc84417221849034c
repeat_01\raw\contention_intra2_s0_d0_b64_r2000_w1_c0.csv,9932cba8d2be0940c0d8bd8a07ff15311c807d68c1fd6aef2cb3710decacb112
repeat_01\raw\bandwidth_pair_s9_d18_b1024_r2000_w1_c0.csv,8579fe94bbbbacc667e934e9cb154d87734e6d88345f2b541c08fe948e6f5157
repeat_01\raw\contention_split_far2_s0_d0_b1024_r2000_w4_c15.csv,9ceed76a81bd953d560d22b99ad671ffba9376c1f3cccd0f0f50efbddb1b4286
repeat_01\raw\bandwidth_pair_s1_d2_b4096_r2000_w8_c0.csv,32e1cc8123910fa5c02ad588b8d3db83102f8cd9990a3f17693b7a9033499c58
repeat_01\raw\contention_intra2_s0_d0_b1024_r2000_w1_c10.csv,863aee62bfc451722f3cdfc6508c37e548084098bca9ecd4f20f5c04cc9b7820
repeat_01\raw\contention_split_near2_s0_d0_b64_r2000_w4_c15.csv,014b0e67b922bd2c7836c7cdcfc30a97148a28d619d45512ae9feeaa636ae024
repeat_01\raw\contention_alltoall4_s0_d0_b1024_r2000_w1_c15.csv,0cd8f2f9fd0fa3b586cf2d9c0e72121528e778cbe2652946848ca2609b6e700e
repeat_01\raw\bandwidth_pair_s1_d2_b256_r2000_w8_c0.csv,1864842d7f3b4c913c38ade97e079268a008d6e157ec2df4531adf84ef6a12bf
repeat_01\raw\bandwidth_pair_s0_d7_b32768_r2000_w2_c0.csv,439774d77fe46e9f310e48f908ac89817cbdf521d49d934d63ef6065a1cf07ac
repeat_01\raw\bandwidth_pair_s8_d16_b16384_r2000_w1_c0.csv,cbf65d50d6b3275a43a27a9ab2b8ede18702f4b0e836c18e8bc41b667317f9af
repeat_01\raw\bandwidth_pair_s1_d2_b64_r2000_w4_c0.csv,ac63e412ea5f466f8d5c582a9b8394e1031809573bbba4d20e385dd6f379b8c9
repeat_01\raw\bandwidth_pair_s0_d56_b256_r2000_w1_c0.csv,4ec6de2bb7cbc15fae15445a452a1dc8a0a8a1df92ebdf6a362574ff62991cce
repeat_01\raw\bandwidth_pair_s0_d56_b1024_r2000_w8_c0.csv,f65dfa28c9626da724bacc2729860c8a32f148f593f76417442f61a87b155f3d
repeat_01\raw\bandwidth_pair_s0_d56_b32_r2000_w4_c0.csv,ab27e52ab842ff7cb4f3679603caacf66b73359094096b5ab0f7b9353e6dc7b9
repeat_01\raw\bandwidth_pair_s0_d1_b256_r2000_w16_c0.csv,3859a135dc787ed8f6679c6e4f609b77b179d55a8e8baf56b83698897630d88a
repeat_01\raw\bandwidth_pair_s9_d18_b65536_r2000_w1_c0.csv,cfc2df36aee795e1a0defc2d14411e56c925f4c8d4ee54aea6530c1c1dc76340
repeat_01\raw\contention_split_far2_s0_d0_b1024_r2000_w4_c10.csv,69b075bcaa03eee3bcb99be2774dc7e6765f893fdf09eb1292d2e421568d32fa
repeat_01\raw\bandwidth_pair_s0_d8_b256_r2000_w2_c0.csv,257e66ef0d65bea519b5303b73ce8145d2f1649897c43184e4058b165a379b1d
repeat_01\raw\bandwidth_pair_s0_d7_b4096_r2000_w8_c0.csv,415a3b947ffd20be6ab86ffd9e1fcdc72787d7503dbad679531d76ea43826860
repeat_01\raw\bandwidth_pair_s0_d9_b16_r2000_w8_c0.csv,c57f261db79174a4d0fb31188315ecab4442e1c2fab88e36c8fcc4d9e3fd76c2
repeat_01\raw\bandwidth_pair_s0_d9_b16384_r2000_w1_c0.csv,7a34d3cda652104a1b4ba37dbc00a094f36ea9a175cba69ea98322072be40f62
repeat_01\raw\bandwidth_pair_s9_d18_b256_r2000_w2_c0.csv,57bd5ada34a59dcc59626712013754d1247835571389eef7c60ba9ceb3f0f9c9
repeat_01\raw\bandwidth_pair_s0_d7_b8_r2000_w16_c0.csv,2b1bf1c80812a3e032e4e1081ff84afb8c91e1f810e2d2bb723037b01db52462
repeat_01\raw\bandwidth_pair_s0_d7_b256_r2000_w16_c0.csv,5ab5e6939db4df35b1b9052e1f326d2fd2bf6ff68092a1d139bcc65b59368d17
repeat_01\raw\contention_split_side2_s0_d0_b64_r2000_w4_c15.csv,57e589e9c0c0d1dd79a43124d5497b61a556c62296df0f726962606f6d34c1ab
repeat_01\raw\bandwidth_pair_s0_d63_b1024_r2000_w16_c0.csv,3f2bfe1c7fff25f0fcfe2467ed4ceaa2f8acd603e1f87c20044823c47b55fa45
repeat_01\raw\contention_split_far2_s0_d0_b64_r2000_w1_c10.csv,94d5b65cd894945c4f905d5407354ae7ca3322186242e726409b5cd458eedb8f
repeat_01\raw\bandwidth_pair_s1_d2_b16_r2000_w16_c0.csv,187ca8e1f026d38f62085c2a291a77ed04a56b25dcb49f4b42fe72682ce732bc
repeat_01\raw\contention_single_s0_d0_b64_r2000_w4_c15.csv,8c2a5072c195528839b767459eaa00de87cedcbba67bff8a8e5c84e5d67127e4
repeat_01\raw\contention_ring4_s0_d0_b64_r2000_w1_c15.csv,3c76144253a897924b89137132e4d0af35c00567226ddea1eedfcb8f87104dfc
repeat_01\raw\bandwidth_pair_s0_d8_b16_r2000_w4_c0.csv,d31bfd9d682ee1f2f34875b498e0b11e1c4118f950b5d27a648bb249d2a86037
repeat_01\raw\bandwidth_pair_s9_d18_b16_r2000_w1_c0.csv,1a75c7326cdef8ac728a4afd1909e55f3bc49e8022d52d234d5f498b0d1ec9b9
repeat_01\raw\bandwidth_pair_s0_d63_b8_r2000_w8_c0.csv,55235f1d0a70d1ffdd64cfaebc8b1e41d632a1b7acabd9b789baa63426f4eb07
repeat_01\raw\bandwidth_pair_s0_d56_b64_r2000_w16_c0.csv,573823cbddea7e82a37fd14a0530e156930d5c84543d315b34a2f4f0910f725f
repeat_01\raw\bandwidth_pair_s0_d63_b4096_r2000_w8_c0.csv,8c61e3a702b6ad92e2a106332677de936d49ee14f059c71d7c875c3d0259a251
repeat_01\raw\bandwidth_pair_s0_d56_b1024_r2000_w1_c0.csv,c6307c2acad05182ea383eabf5bdd6166aae2a7bf0d68b3a18a96f53e6cc0f8c
repeat_01\raw\bandwidth_pair_s0_d9_b1024_r2000_w2_c0.csv,b71fc74e465a3c05cb9e310e6ef67f96f99f7f6fb1db0ec342414d4f0cea5764
repeat_01\raw\contention_split_far2_s0_d0_b1024_r2000_w1_c10.csv,39b3b7ba027a998f01df9b86438668d425020726c51f832414bd8302d073694b
repeat_01\raw\bandwidth_pair_s0_d8_b8_r2000_w2_c0.csv,505e7350541435d560fe2d685635698797090399b398dde11e55f9b9f151a011
repeat_01\raw\bandwidth_pair_s1_d2_b32_r2000_w16_c0.csv,01585aacbd3491dd3ac65749f3f33c56acd5312ab5d9e3bdc24a8a436d7f62dd
repeat_01\raw\bandwidth_pair_s0_d63_b256_r2000_w1_c0.csv,5bf8174b81954eba7348d184d072d6dd9d11a98e4ede8cbaf7bbfef9a659e135
repeat_01\raw\bandwidth_pair_s0_d7_b64_r2000_w16_c0.csv,e6b7f914f98a0d3c838901235eb60576716c211874a40536a131271d46062306
repeat_01\raw\bandwidth_pair_s0_d8_b16_r2000_w1_c0.csv,63fa4c01e6a774c5df6ee4b55c2498265df44d82f2fdfaf09c436c7f2c035e77
repeat_01\raw\bandwidth_pair_s0_d63_b128_r2000_w8_c0.csv,227432e0d0038e8a2f6545204c800e45a6bcc26fa9800709a1f3e9f3b10f851a
repeat_01\raw\bandwidth_pair_s0_d63_b128_r2000_w16_c0.csv,6967ec9fd6d543eef4b39c1ee8eb84d59f242f5a5058afb18234282e8af525a7
repeat_01\raw\bandwidth_pair_s9_d18_b32_r2000_w2_c0.csv,008eb893bc68d32341b46fa665d4d0245ddc857592f9b806f442685f1e444ddf
repeat_01\raw\bandwidth_pair_s0_d9_b4096_r2000_w2_c0.csv,42f00ecc3313ed89d1c2bb3f5c62c90835402dfa7113e80f9394be7d1950e754
repeat_01\raw\bandwidth_pair_s9_d18_b32_r2000_w8_c0.csv,e460ef2a3faa3ffd3255a147e83303a86f614a4116170a33f79f34222bb71671
repeat_01\raw\bandwidth_pair_s0_d1_b8_r2000_w8_c0.csv,1d79808109e94a1cc049cf5b423a2af87bd63a907f7044a4663f459d7b6aa450
repeat_01\raw\bandwidth_pair_s1_d2_b16384_r2000_w1_c0.csv,e94a6ac7cd541519da6310b1e9faba2bc31c0c901c9d4a500381112040a09d48
repeat_01\raw\bandwidth_pair_s0_d1_b8_r2000_w16_c0.csv,ba03d2612f8fce53c8b5a138c42606445759684a4513dc7ad5c1cb0f5de9b084
repeat_01\raw\bandwidth_pair_s9_d18_b16384_r2000_w2_c0.csv,f3ffc1917045fc4ecc18111764926d14171dc371ad80321d157037ac0b00451b
repeat_01\raw\contention_alltoall4_s0_d0_b1024_r2000_w1_c10.csv,f7157c24e8a84e387bf73f1175d15388200c8f4791d3bee2781e8f1ba31e1fee
repeat_01\raw\bandwidth_pair_s0_d1_b32_r2000_w2_c0.csv,fbe7a1630007952ad38fa2906e3763b65190e20138899fcbec43081a0115b631
repeat_01\raw\bandwidth_pair_s0_d7_b16384_r2000_w4_c0.csv,579a895bcc7bc7adbbab07b86eeb71b8fa3272840d23ff0d8204c147f9da5f90
repeat_01\raw\bandwidth_pair_s0_d1_b64_r2000_w2_c0.csv,9d0fd34a959fe0bc92578d6322b989b7b3120943b64bd5df9a4a899745ac9216
repeat_01\raw\bandwidth_pair_s0_d9_b64_r2000_w16_c0.csv,aea91c0a00fcb60f5357468b6026d739e55ff63d99474474a27041bb2d19d545
repeat_01\raw\bandwidth_pair_s0_d1_b256_r2000_w2_c0.csv,c0dc014bf03f3851571512e03e6de584db5cb7800cf33ea159b9d23dc0c2b6bf
repeat_02\smoke\bandwidth_pair_s0_d1_b8_r10_w1_c0.csv,97e34f3ed74e268a03075391bc2738fe616b987640d852f88ab5f2aa2848789c
repeat_02\smoke\bandwidth_pair_s0_d8_b8_r10_w1_c0.csv,e53cd24500ecae39b118c3d5650b5978f13619afa0462707b81ef22f532bde03
repeat_02\smoke\bandwidth_pair_s0_d9_b8_r10_w1_c0.csv,7095b9624e3864d1dbafad93b14385d394e6270efe765079bfa6d018b553e63a
repeat_02\smoke\bandwidth_pair_s1_d2_b8_r10_w1_c0.csv,bb32e130b9fe6f9800c559b7f4db2200aa180155bb365e97b932d8283d83044e
repeat_02\smoke\bandwidth_pair_s8_d16_b8_r10_w1_c0.csv,4b0016b1289ccfbf73e06310a914ea58acf43e726758ab4322fc8b84d35320ce
repeat_02\smoke\bandwidth_pair_s9_d18_b8_r10_w1_c0.csv,bf6e65a77277fa124c4e020cdda2d2aa39c0f49e7d35de28797d59faa37c1062
repeat_02\smoke\bandwidth_pair_s0_d7_b8_r10_w1_c0.csv,a793b5a96a2b0efdf9c16c31dea87cea53817ff7ce4ee020e1eeb395c0fc4507
repeat_02\smoke\bandwidth_pair_s0_d56_b8_r10_w1_c0.csv,038495239c3f9b286cc390298b04c7d8ce0a7a7564e2da19eefe6ea84f758de7
repeat_02\smoke\bandwidth_pair_s0_d63_b8_r10_w1_c0.csv,dfb4dc803463d1ee1eaa5e147830cf292d7d67a47b51d276ce5719308f9fa31c
repeat_02\smoke\contention_single_s0_d0_b8_r10_w1_c0.csv,ef5e45b5f77b2cd0832054db16b6c34f47a590735bd71a0843319b99147a1432
repeat_02\smoke\contention_intra2_s0_d0_b8_r10_w1_c0.csv,43106570cdeceeef9d0ac5c6aaf5aecdf16e0b746b6a4945dc97d62da3192164
repeat_02\smoke\contention_split_near2_s0_d0_b8_r10_w1_c0.csv,4c6b19b19bce70565e3f6710fa6a2d872cfcfe357226b249b55249c8f1e6b6ec
repeat_02\smoke\contention_split_side2_s0_d0_b8_r10_w1_c0.csv,8a471e610e4b931b51f3ed1ba72d4799cb4d22dab9412cd2743f050495722cbb
repeat_02\smoke\contention_split_far2_s0_d0_b8_r10_w1_c0.csv,a3c009387b5455315f75cfeb686eaca72b72c76cdc3ae71a4820b72048025c18
repeat_02\smoke\contention_incast3_s0_d0_b8_r10_w1_c0.csv,d8126269d88217bd4186597c1dd0276a125b4c5dab384186067a675321132cad
repeat_02\smoke\contention_ring4_s0_d0_b8_r10_w1_c0.csv,1ed73be2cbb44848d3fbea905af1bc3dbe879edff6d610eeaed0a25ad6df83e8
repeat_02\smoke\contention_alltoall4_s0_d0_b8_r10_w1_c0.csv,22a47acea72fd02ed50f3654391023752164fb9cc4b28e108f7216260f2ea34b
repeat_02\smoke\latency_pingpong_matrix_s0_d0_b8_r10_w1_c0.csv,4a91de15ef29519db8cabd6f28c7b427079f7adf3dbb0136225f368be96b9dc1
repeat_02\raw\bandwidth_pair_s0_d7_b128_r2000_w2_c0.csv,c9dc2be5966c93259cb70d2012c2d7c9e22c4791a78940b6bff4f3a0d06814a1
repeat_02\raw\bandwidth_pair_s8_d16_b16384_r2000_w4_c0.csv,173af31ffc6eb9f0d37d2c74e1c88ae39bd02c97ff401301b9a2f83810d5ed8d
repeat_02\raw\contention_split_far2_s0_d0_b1024_r2000_w4_c0.csv,1946ac39f7bee45c801792dde7d394981612ae7604ecdc7b472ea22486b579ab
repeat_02\raw\contention_split_side2_s0_d0_b1024_r2000_w1_c10.csv,c547707e37c9e4e06c4ca566334d17fac25269831b92cf9b02c0ce46d9a68295
repeat_02\raw\bandwidth_pair_s0_d1_b64_r2000_w16_c0.csv,7b6df28798a6e96766d26016a8410e355c0aeeb0a875be39b2dbdbafc82d6c02
repeat_02\raw\bandwidth_pair_s0_d8_b32768_r2000_w2_c0.csv,2fd3562b6222b807b9004a311f064568eea053a363eca15a3d5d2ab919201a44
repeat_02\raw\contention_single_s0_d0_b64_r2000_w1_c0.csv,f3ab6bc0ca3c8d17be128297488b7fa05346d92e3007fc2c232f79680c15c236
repeat_02\raw\bandwidth_pair_s9_d18_b8_r2000_w4_c0.csv,de5a930d1d13f8792cea61883e35b909b3acc8be34a092d7e7d5974c0da20237
repeat_02\raw\contention_split_side2_s0_d0_b1024_r2000_w4_c5.csv,cc8268fc77be66ecb989be476151f3f8d3dafd04d4942d33662c74570e28351d
repeat_02\raw\bandwidth_pair_s0_d63_b32_r2000_w8_c0.csv,df5fc459b31af74603331bcaf181391adb999046d1bffa68fc92ce855b0fb78f
repeat_02\raw\contention_split_near2_s0_d0_b1024_r2000_w4_c5.csv,06120a1fb4a41b87b58d86f355c3b5b2973628644092032c099e859aa70cf00c
repeat_02\raw\contention_split_near2_s0_d0_b64_r2000_w4_c0.csv,944687239571461718d8fe0d6aee0e4b5c8403f49ccc8651353bb54082a6add1
repeat_02\raw\contention_split_far2_s0_d0_b1024_r2000_w1_c15.csv,7d1b34112c187e9301b12917512c7db9a45f03df11377c24782050c32a49057c
repeat_02\raw\contention_alltoall4_s0_d0_b1024_r2000_w4_c5.csv,e82dae962adf4bae9bde184d58eab8c51d4ac36432c0dc5dc535412959569005
repeat_02\raw\bandwidth_pair_s0_d9_b32768_r2000_w2_c0.csv,aff3506721674bee01995e41239a959eb023b4591ca53fe8de52cb51f0c05d8a
repeat_02\raw\bandwidth_pair_s0_d56_b16384_r2000_w1_c0.csv,8bbae02db0f4dffbbfa79fd214d061d79190812d98d42e23f9c09bebfcba8623
repeat_02\raw\bandwidth_pair_s9_d18_b32_r2000_w1_c0.csv,1faa5d2efd4908fc783b757d6bfa31b668f1cafb4ff9614df54d7d69fb496e5b
repeat_02\raw\bandwidth_pair_s1_d2_b128_r2000_w16_c0.csv,5632ab01ba4dd3bc49b9cdab3b9d2392729b353a0b1206e8a6df3fe3f8cf8143
repeat_02\raw\bandwidth_pair_s9_d18_b32_r2000_w4_c0.csv,f4cc400f612d75b99eb94fed84671cfcc5b6342b7ebef398a264bdb4d0e399ed
repeat_02\raw\bandwidth_pair_s8_d16_b1024_r2000_w4_c0.csv,4da4c3b5f894d9684cf1575c1a420ce96d728de7381e4c7a824fb2e645edb11c
repeat_02\raw\contention_split_side2_s0_d0_b1024_r2000_w1_c0.csv,483e6887420b44b843106c073c9f2b0ecf3a73c5fad75a2afdfe521543650a29
repeat_02\raw\contention_split_far2_s0_d0_b1024_r2000_w4_c5.csv,5591927a212ad785b0489dde3efbd0771ffeb1f8ca23b2f783fa9dacc854c615
repeat_02\raw\contention_intra2_s0_d0_b64_r2000_w4_c15.csv,c765d45eb1c15cdfb986ed695fc76209bb230c5cd59dce6b2fb2172137414738
repeat_02\raw\contention_intra2_s0_d0_b1024_r2000_w4_c15.csv,197469ce46c23f87e7ff3ff67cfcb728aaa6a0356903477cc27cec8515e72766
repeat_02\raw\bandwidth_pair_s0_d1_b128_r2000_w1_c0.csv,d1225d527e243253b8599e199e1d97e74b11ee106361baf33118b96f95efdd7f
repeat_02\raw\bandwidth_pair_s9_d18_b32_r2000_w8_c0.csv,e460ef2a3faa3ffd3255a147e83303a86f614a4116170a33f79f34222bb71671
repeat_02\raw\contention_single_s0_d0_b64_r2000_w1_c10.csv,ca5226244032a2fbf599043876e2a22fdcd071d77ef9dea7e5419d65d7317584
repeat_02\raw\bandwidth_pair_s1_d2_b4096_r2000_w2_c0.csv,8b9081f2de4807837af98d134f297185165f920c26e1629afb175da7c2b9660f
repeat_02\raw\bandwidth_pair_s9_d18_b64_r2000_w2_c0.csv,0bd48e6f8f95607ece7835a83543ef002ff2f02e7371ba8c6584fe39df1201d1
repeat_02\raw\bandwidth_pair_s0_d63_b8_r2000_w4_c0.csv,62a83480888f1c323e679cfd4c4f51ee8bd6d1639f6ef2d723cf697ef1210ed5
repeat_02\raw\bandwidth_pair_s0_d8_b32768_r2000_w1_c0.csv,a1163444c2024a952330527052187a84eac1d368231e6f39130c9d1cd6d20687
repeat_02\raw\bandwidth_pair_s0_d8_b4096_r2000_w8_c0.csv,a2e47482573b4361310e15951e478c2e6a0a3f8c3a0741ffe2f02a73bbd8002b
repeat_02\raw\bandwidth_pair_s0_d9_b256_r2000_w1_c0.csv,de1e32c1e440c98c2156faec9ef85d58ca0420f73d9aed5aea4eb41aa09e1d22
repeat_02\raw\contention_split_side2_s0_d0_b64_r2000_w4_c10.csv,16fae70ed86a5cf14bdd716dbd466673304f2dbae326ddb4a40648763b679dc9
repeat_02\raw\bandwidth_pair_s0_d1_b8_r2000_w16_c0.csv,57fbbd8a3790915dd130081c09c9f1ce5b513c8f738d79261f3c8752590f8dd6
repeat_02\raw\bandwidth_pair_s1_d2_b64_r2000_w16_c0.csv,7a1f5a7abfe669b86db65839c005dd9edcee5cef66c2e914ed19c35f2e481ac4
repeat_02\raw\bandwidth_pair_s0_d8_b16_r2000_w2_c0.csv,e7f0365296eec497c679dade2767fb62c2faa4c8f17e17b8ec1b4722d4a1c715
repeat_02\raw\bandwidth_pair_s0_d7_b64_r2000_w2_c0.csv,3b04e126458727359eecccb343741989bde5188fe25bbfbb9802a4243acf56ee
repeat_02\raw\bandwidth_pair_s8_d16_b4096_r2000_w2_c0.csv,8e04fc86449070b7e62ba880cb41485ca95e4bc6d17627de64f1d474d7d54085
repeat_02\raw\bandwidth_pair_s0_d56_b64_r2000_w16_c0.csv,25f4773ca55b6d601c3e6cd01662ea2d7d3f9cb3d01c75c0df752ee875ae0561
repeat_02\raw\bandwidth_pair_s0_d9_b32_r2000_w2_c0.csv,cbe52e12f75148a34a6afc20267aff693fc5be9d88f43942052ba7f1dd665e5c
repeat_02\raw\bandwidth_pair_s0_d7_b1024_r2000_w16_c0.csv,d788c0d27e2e7b05b6f06b2c3238d32a22b1a0f5fe56761c10c0266bb8e96d2e
repeat_02\raw\contention_single_s0_d0_b1024_r2000_w4_c5.csv,d1fafbea335e2cec4aff31fbadfa7bfb0673f4161263dabaa8342c0fea608829
repeat_02\raw\bandwidth_pair_s0_d7_b128_r2000_w16_c0.csv,8d1069f6add9cfe88c2c89999ab02d98501ab26a987aeaad42e5cae54372cae8
repeat_02\raw\bandwidth_pair_s1_d2_b8_r2000_w8_c0.csv,c93ac83449b1ead3c5fa6f9b67499b520ccde150b6d89e3aa92732c407877293
repeat_02\raw\bandwidth_pair_s8_d16_b16_r2000_w8_c0.csv,6f3494251bd89e00c858baf03c3aaff24c0655b1ad6329802498d9e87756c0e5
repeat_02\raw\bandwidth_pair_s0_d9_b128_r2000_w4_c0.csv,1ad1c00268084f448c655eedab5b9dbfaedd524749b4accfb6da1244c11845cd
repeat_02\raw\bandwidth_pair_s0_d63_b1024_r2000_w16_c0.csv,3f2bfe1c7fff25f0fcfe2467ed4ceaa2f8acd603e1f87c20044823c47b55fa45
repeat_02\raw\bandwidth_pair_s1_d2_b4096_r2000_w8_c0.csv,1c0c95334cae6f270b0f996279536d235b71970c704352561f40a002832e1863
repeat_02\raw\bandwidth_pair_s0_d63_b256_r2000_w1_c0.csv,5bf8174b81954eba7348d184d072d6dd9d11a98e4ede8cbaf7bbfef9a659e135
repeat_02\raw\bandwidth_pair_s9_d18_b4096_r2000_w2_c0.csv,e76c1c4e06269529ca028d7781f1b647c6404c374819f4d27c2686de8d984eb1
repeat_02\raw\contention_single_s0_d0_b64_r2000_w4_c15.csv,723197b00390796cfd816ebe3d75ea69aa3eefa1fa6a6acc086c662dbbc5ad4d
repeat_02\raw\bandwidth_pair_s0_d8_b8_r2000_w1_c0.csv,eae4934b759cd0fa2c90cce14d2194e9d0619bfaca2290949f9f429de1d1b443
repeat_02\raw\bandwidth_pair_s1_d2_b4096_r2000_w16_c0.csv,f998f9c574c9afbab3074c6617df8f22f577b4474a1322bca13e4f2034f5a919
repeat_02\raw\bandwidth_pair_s0_d8_b128_r2000_w16_c0.csv,f4e19ec28f6f410fbbfde8ad6ec23d3362617c997ff01b7f493ff0166ed16dcc
repeat_02\raw\bandwidth_pair_s0_d7_b256_r2000_w1_c0.csv,f197cbed8cb8a271dbb11e678e96b91ead76a9fa577d6d5a6560b088b5001b51
repeat_02\raw\bandwidth_pair_s0_d1_b16_r2000_w16_c0.csv,3248897466da6b2583979e79812bcd48b11ee007445442b3b9f1c6ddd56074c5
repeat_02\raw\bandwidth_pair_s0_d1_b256_r2000_w1_c0.csv,2e5b3b456884aad2da5fef26c672e981f7c4e9db7d6a8c1f903f7a3372ae6af4
repeat_02\raw\bandwidth_pair_s0_d8_b256_r2000_w2_c0.csv,8876bc062ecc9eac9b2cd9cd83539956ea9342cb73339819241f90e65cb9effd
repeat_02\raw\bandwidth_pair_s0_d56_b32_r2000_w2_c0.csv,077c614062d8c00a6764343bd6ce5e2347a9f108070602cfc84417221849034c
repeat_02\raw\bandwidth_pair_s0_d63_b128_r2000_w16_c0.csv,6967ec9fd6d543eef4b39c1ee8eb84d59f242f5a5058afb18234282e8af525a7
repeat_02\raw\contention_split_side2_s0_d0_b64_r2000_w4_c15.csv,1064000f66dd72c34aa9fadd983934ef331157b7b4b70e9edf75c690e03533c1
repeat_02\raw\contention_alltoall4_s0_d0_b64_r2000_w4_c0.csv,0304ad6ac28f9dde8fcf64d3e53d81824753e8a0c4c1c8894b976dca46990989
repeat_02\raw\contention_single_s0_d0_b64_r2000_w4_c10.csv,8a87ff762d3f8a1fb04c430589e75b9d39a774f302005949d72e2487a4a6b1b4
repeat_02\raw\latency_pingpong_matrix_s0_d0_b16_r2000_w1_c0.csv,89f9b3d9aceb5709aeb3bd39586ba94c958dd83ac0ef68f368eb46aa3bf2c6cf
repeat_02\raw\bandwidth_pair_s0_d8_b128_r2000_w8_c0.csv,de1745864650aa4a9d79cdbd0075b02e9271a13024fdee18308f84ece0622e60
repeat_02\raw\bandwidth_pair_s0_d63_b128_r2000_w8_c0.csv,227432e0d0038e8a2f6545204c800e45a6bcc26fa9800709a1f3e9f3b10f851a
repeat_02\raw\bandwidth_pair_s0_d7_b256_r2000_w2_c0.csv,a6a9cbf1f2a47b188430fdbd5866abe5b30f1ba521dfb2a903610417ebf58be3
repeat_02\raw\bandwidth_pair_s0_d63_b16384_r2000_w2_c0.csv,295365e031ccba4ee10d0eb446de6fa8b318844e5833a5333f2f425550e03d7d
repeat_02\raw\bandwidth_pair_s0_d8_b65536_r2000_w1_c0.csv,3ef57a224ec6ffd579f1a596c96cdd3ddc8b3939187d71ce5e2dd72e25922976
repeat_02\raw\bandwidth_pair_s0_d1_b8_r2000_w2_c0.csv,9dddffcdf4295818b603bb4e7e9447ab6ba394d49c221218edc2320912b2b332
repeat_02\raw\bandwidth_pair_s0_d7_b256_r2000_w4_c0.csv,b995b28cc821d807bdfcf067db399288c599659e7df97ce1d121473d7d808deb
repeat_02\raw\contention_split_near2_s0_d0_b1024_r2000_w1_c0.csv,499e9dabe070b02aca93ebdb0de7caceab64f9e5e0f94fa7358b8e0ca3d85a09
repeat_02\raw\bandwidth_pair_s0_d63_b1024_r2000_w2_c0.csv,1185119ecf5641a11e300770b89ccb5a9f97b87e85e4c7091d5e656a79520c49
repeat_02\raw\bandwidth_pair_s0_d9_b16_r2000_w4_c0.csv,98be33e478f0f2794f1d6a3d9f9a1f582a555f947d49399a8130b09271a5ee0c
repeat_02\raw\bandwidth_pair_s8_d16_b1024_r2000_w16_c0.csv,b3561c5fa72a5162a7c32bf6c5dcfde2aedd98a0f133ced613b20118bdd6d893
repeat_02\raw\bandwidth_pair_s1_d2_b1024_r2000_w8_c0.csv,0823e2f08fab4e4de332d7cf0bf3dc724ee957b7b8ec17ca54885e14f8bddf2e
repeat_02\raw\contention_incast3_s0_d0_b64_r2000_w1_c10.csv,927371af2c5d143b451c89d7542db6da80c080c8548147e20346fa8399f3140b
repeat_02\raw\bandwidth_pair_s0_d8_b32_r2000_w16_c0.csv,9c55647670751446bf825a2dc61de50a8ac765766fb3821e2007df861ee80034
repeat_02\raw\contention_intra2_s0_d0_b1024_r2000_w4_c10.csv,2ee2547b85c99b37ee8d34996bc249ddf51b9775e4772455610d4bcf3b169283
repeat_02\raw\contention_single_s0_d0_b1024_r2000_w1_c0.csv,f76afc277e0ab66453e8e92132a7933dba924a269548201415efb1d8d91763bc
repeat_02\raw\bandwidth_pair_s0_d63_b8_r2000_w1_c0.csv,6e3225f5e5d3da1626767b82e4e6d08b3a4a8231fa03a61b24c0d0e1e3579af4
repeat_02\raw\bandwidth_pair_s0_d9_b8_r2000_w16_c0.csv,3db16717f816f8d44a3cad12219166a7ae47ed44bd045320721cb04501a969a3
repeat_02\raw\bandwidth_pair_s0_d63_b64_r2000_w1_c0.csv,29daae0b45991f1083bfde8407d8d250ed0fc8d29289f851d498abe8211ebe43
repeat_02\raw\bandwidth_pair_s9_d18_b16_r2000_w16_c0.csv,682b7e1214095e9746a76d11919492a216368b05e1f34f7064168bb064aad3f9
repeat_02\raw\bandwidth_pair_s0_d7_b16384_r2000_w4_c0.csv,579a895bcc7bc7adbbab07b86eeb71b8fa3272840d23ff0d8204c147f9da5f90
repeat_02\raw\bandwidth_pair_s0_d1_b128_r2000_w8_c0.csv,2191061ddaaf20f88ea0f74742ed32f346c21372d328b763bd44c2e0ebd26146
repeat_02\raw\contention_intra2_s0_d0_b1024_r2000_w1_c15.csv,522baacfd92497991dd1d60919e7525beebebcb98b4263b3d366df7cc1854ea5
repeat_02\raw\contention_single_s0_d0_b64_r2000_w1_c5.csv,24e21332a04ea39ae24e111ede1f5db7546b292fba78da7de30a5fbe6d490f5b
repeat_02\raw\bandwidth_pair_s0_d7_b16_r2000_w2_c0.csv,bfcc82998da94dd560c10c63a2a6f0ca0ab832639f5e18306c608a2f79687d9e
repeat_02\raw\contention_intra2_s0_d0_b1024_r2000_w1_c10.csv,863aee62bfc451722f3cdfc6508c37e548084098bca9ecd4f20f5c04cc9b7820
repeat_02\raw\contention_ring4_s0_d0_b1024_r2000_w1_c15.csv,f8089f1c38596cea3c26d8c53518b77cd646975e12653b93ec647a16ee859102
repeat_02\raw\bandwidth_pair_s0_d63_b4096_r2000_w2_c0.csv,d7d83c44a9add7c1955f540f743c3c6ffcdc7f75c40ff6d6eef8638d5dbd0a35
repeat_02\raw\bandwidth_pair_s0_d56_b128_r2000_w16_c0.csv,5cd5311ebd4aabc0b8b4fed7d86e67e8f1a54eecf104d55f78638ea74970d784
repeat_02\raw\bandwidth_pair_s0_d7_b32768_r2000_w1_c0.csv,9fb4e6ca20bca62232a3540b9be864e66a5001850538b768fb97b34beedca073
repeat_02\raw\bandwidth_pair_s0_d7_b8_r2000_w2_c0.csv,dc3e8c8b1fce2005d6dfc3c77d974a928e61ee8678177a214a8f15cb1c471633
repeat_02\raw\contention_incast3_s0_d0_b64_r2000_w4_c15.csv,4135a93b2654a17d66762574a70d00df1dbdf56f1a9ffd3fabf65697023742cb
repeat_02\raw\bandwidth_pair_s0_d8_b32_r2000_w1_c0.csv,5748284a4c892343e92e2db9c193f2a3f5bb43d7ff9392955baabdf9e17c0cac
repeat_02\raw\contention_intra2_s0_d0_b64_r2000_w4_c10.csv,d15ec290547feae6bcbd2ba8d35cfe5d514de9ece7b0e31ab9c2192d78e8a008
repeat_02\raw\bandwidth_pair_s0_d56_b4096_r2000_w8_c0.csv,66bb7bc4efe766c2ed4e1a204ece32a5a205290a08c2a2d3f6653391a5ff1438
repeat_02\raw\contention_intra2_s0_d0_b1024_r2000_w4_c5.csv,90b1a6acbabcd53dcca5875c78e008ef6a88e9a6a20dd8866d7851b9a7ba14a4
repeat_02\raw\contention_ring4_s0_d0_b1024_r2000_w4_c0.csv,4bf47430d551cbf4b56117fd56edfa9d41ae3825182a23616d1d8f030e6206e6
repeat_02\raw\contention_split_near2_s0_d0_b1024_r2000_w1_c5.csv,11426f020eaee03eca7fb3d536f8c6d77d27512a8b97879c9d0dd6d0592358d0
repeat_02\raw\bandwidth_pair_s1_d2_b128_r2000_w2_c0.csv,c3af3cde27c40344637ac2e509bded0e482be8ad5ca2fd581b49152f3b393574
repeat_02\raw\bandwidth_pair_s8_d16_b256_r2000_w2_c0.csv,6327d2cd5390a29f0bd4d444486248d3ccddaea904c88daad12211a9e767a360
repeat_02\raw\bandwidth_pair_s9_d18_b32768_r2000_w2_c0.csv,df9fcf6a8f7fd30ae9b0936decd801498a42957d8a3a6a64dfd0efad34c7ca20
repeat_02\raw\bandwidth_pair_s0_d1_b4096_r2000_w8_c0.csv,bb461f3355ee125b417f9c3665742311c5cca1268fc8b1cfefbc091492f3c14f
repeat_02\raw\contention_split_near2_s0_d0_b1024_r2000_w1_c10.csv,dd4c4f1ee82d88ecb53a276e36834930578ed5e50871bfe0b4366e6483a9ae3c
repeat_02\raw\bandwidth_pair_s0_d63_b4096_r2000_w1_c0.csv,0b555caa3eb616fa5f51c938a9185d6cfeccd1bcf956f274616a35fd4494375e
repeat_02\raw\bandwidth_pair_s0_d63_b32768_r2000_w2_c0.csv,029beeec2acf375185a7a4924af597621f6656290466d65bf926246fae0a2a9d
repeat_02\raw\bandwidth_pair_s0_d8_b16_r2000_w16_c0.csv,41091536027e98c2bdeb971adf88cb86d88a129894221ecdf8ab77c338239157
repeat_02\raw\contention_intra2_s0_d0_b1024_r2000_w1_c5.csv,72d8dc74baeeb6f255b0ff94dafd3edc310d5e9cbc7cdb7ed8daed07d66cc2dc
repeat_02\raw\bandwidth_pair_s0_d1_b32768_r2000_w1_c0.csv,160e658269212fb4d8522d7781d2be31be690c662f248c72f2c3c51a23075b7b
repeat_02\raw\contention_alltoall4_s0_d0_b64_r2000_w1_c0.csv,179e3d9230003836782a217c3648f6feaffe18dcefd050b32c31946a868ddd4b
repeat_02\raw\bandwidth_pair_s1_d2_b256_r2000_w4_c0.csv,200b2d5620dc74e23c72b7a3c85f4bdf1fbf6c3b40e22d2ded360c7e93604c13
repeat_02\raw\bandwidth_pair_s0_d63_b1024_r2000_w8_c0.csv,e80fae446a6396e23832063508292406472dea7dd080b4f06c6f80dbe79d982f
repeat_02\raw\bandwidth_pair_s0_d9_b8_r2000_w8_c0.csv,a624ce6bbd7c820469506f985852d4ca2f450dc12336030d5190285e5dd21278
repeat_02\raw\bandwidth_pair_s0_d56_b16_r2000_w16_c0.csv,c2e5fe78a876c0af6c2f9e4a2e56e15b72b5a72e4ad0c6e17ccd2b1f6ac387c0
repeat_02\raw\bandwidth_pair_s9_d18_b16_r2000_w1_c0.csv,1a75c7326cdef8ac728a4afd1909e55f3bc49e8022d52d234d5f498b0d1ec9b9
repeat_02\raw\bandwidth_pair_s0_d63_b64_r2000_w8_c0.csv,178957399907e7eb790a9dcf5d2e391f92c245ccc16c3772ab2f89b5cf81cf8b
repeat_02\raw\latency_pingpong_matrix_s0_d0_b64_r2000_w1_c0.csv,9b125193b0850f1adae0b6e4c8a2e440e24a555e3c8e5b1a668649fe8c08bf9a
repeat_02\raw\bandwidth_pair_s0_d7_b65536_r2000_w1_c0.csv,51aebb87bc0f26cdd07f24fd6a3ece73af979c811eebd22276d2ef08a84f0954
repeat_02\raw\latency_pingpong_matrix_s0_d0_b128_r2000_w1_c0.csv,6698a811b7e538a4463909d8b7ee2618e82dc670b1a42de3dad36bc0c2af1344
repeat_02\raw\bandwidth_pair_s0_d8_b16384_r2000_w1_c0.csv,4989b965b95a19933438bc391aaf7df34eb35dfd587cef907f6d940ef58e10c8
repeat_02\raw\bandwidth_pair_s0_d63_b8_r2000_w8_c0.csv,1ffd7b64e53b703718297c56601577210a1ebfb7d96b99be3a5f4f796955f4a0
repeat_02\raw\bandwidth_pair_s0_d9_b256_r2000_w16_c0.csv,5cd34978eb6318b0141e90d9c0062665a1d1b9b1633a6dba55bc600760d7ecda
repeat_02\raw\bandwidth_pair_s0_d1_b64_r2000_w1_c0.csv,887ecc598f5eb9cc7911acf8180a737cd7fc7bc528597510b543640ae4709dbc
repeat_02\raw\bandwidth_pair_s0_d9_b8_r2000_w2_c0.csv,880a98c8a3b295b3525e884b6d4a7d1327cb63bbb75c0a1d708b01ba7bda825c
repeat_02\raw\bandwidth_pair_s0_d8_b128_r2000_w4_c0.csv,71f4833107d32f74103afda8f5247c808c5db9297092599a74dc48ab1f462e37
repeat_02\raw\bandwidth_pair_s0_d63_b16_r2000_w4_c0.csv,384d2fe1ca7931b3b11d8b06b6cefd6bf2506cc695745683d45c7cc0826efa24
repeat_02\raw\contention_intra2_s0_d0_b1024_r2000_w1_c0.csv,29b7e9bbb0d3ad8982377afe84b23754417df28eb1635235112e1270443eb90d
repeat_02\raw\bandwidth_pair_s0_d56_b256_r2000_w1_c0.csv,07963162489fcae2a27d798f4acdea6883dc4f6caae427b6220814f134057aa7
repeat_02\raw\bandwidth_pair_s0_d8_b1024_r2000_w4_c0.csv,fcd34f1cd691537c2f02d57c39434dd70516e0ee19bf2bc976885582fe53da80
repeat_02\raw\bandwidth_pair_s0_d7_b32_r2000_w4_c0.csv,384e9528e62e568f99edc5517c70f243914733db1c13aeb366216873e10ef402
repeat_02\raw\bandwidth_pair_s9_d18_b1024_r2000_w16_c0.csv,206c6a384204f2052e7a890613af916e8cfbe3188c1c751e6c8fb078546f2e22
repeat_02\raw\bandwidth_pair_s0_d7_b128_r2000_w1_c0.csv,97400d934f134bf68685e8f8a4452996bb2a833f9d86ae685cb74c509eb12d9a
repeat_02\raw\bandwidth_pair_s0_d9_b16_r2000_w1_c0.csv,449b1ac01eea184ca17a909ffcbbc55c0ee16196b33152917556b35c6ac70907
repeat_02\raw\contention_alltoall4_s0_d0_b64_r2000_w1_c5.csv,ca501b03250ab6e43fa91539ab1609ac85d3d6f63aa994515ea28554e3820baf
repeat_02\raw\bandwidth_pair_s0_d8_b256_r2000_w8_c0.csv,75348f4287eccf42c18c5abddcae4a333900095ad38ae034ed156e18642748ad
repeat_02\raw\contention_single_s0_d0_b1024_r2000_w4_c10.csv,586e0c8c8a0b528e7b1b68b3a5baef83661be9a66daba1e8df34ed7dc067a2be
repeat_02\raw\bandwidth_pair_s0_d56_b32_r2000_w1_c0.csv,a109a2005972e52fcbf4735ee3dd367fd2edd72dcd1ddfd9a722d46c0147a789
repeat_02\raw\contention_alltoall4_s0_d0_b64_r2000_w4_c10.csv,6f2a87dce0725687b904c9cd46f96bc8f3524b35a92d3b9b3fccb61644aca20e
repeat_02\raw\bandwidth_pair_s0_d1_b16_r2000_w8_c0.csv,d1e723fb0bf95d382bf21e60c570b6faed75d37d73863821520aa83b6ca228f5
repeat_02\raw\bandwidth_pair_s1_d2_b128_r2000_w8_c0.csv,e95a4036a30734522a003c9a2874dfb6a6f948307fadaed8215b6b331f1bb347
repeat_02\raw\bandwidth_pair_s0_d7_b256_r2000_w8_c0.csv,3fdcd751d8905ec017e74e106c46f5d68de050f17efdd6877f3dd5f7d707ac09
repeat_02\raw\bandwidth_pair_s0_d9_b16_r2000_w2_c0.csv,99d36e3b9991cc80643fc84569b1e7a2d49a3aef5b1b20395d70cafa058c9288
repeat_02\raw\bandwidth_pair_s0_d7_b1024_r2000_w1_c0.csv,df2137a829bd0dcc2d7dcf1fe6ae794e1b4a25a072070c70adcb4ac8bb8cb62a
repeat_02\raw\bandwidth_pair_s1_d2_b256_r2000_w16_c0.csv,d4f6eee3445ab2382fea6049c357c70bb827b44a557d7bbaf0d41770f69831ca
repeat_02\raw\bandwidth_pair_s0_d8_b256_r2000_w1_c0.csv,bcb3c8c2c1630ed62ac4a99f776a2619f8ac139d98a71d521bf3b1281bd61015
repeat_02\raw\bandwidth_pair_s0_d1_b256_r2000_w4_c0.csv,0e7d6b16310d3c59b520fcf897ab37049ba185c109d86f8b4eabf259e5425e2f
repeat_02\raw\bandwidth_pair_s8_d16_b8_r2000_w2_c0.csv,ce60c06a202ec9a81c16d08718bfcf09938340762ee3c92c90214953bde5c195
repeat_02\raw\bandwidth_pair_s0_d63_b16384_r2000_w1_c0.csv,ee2ec06089e48431dac0581d29a9afd34559fd463e8d23024bf058f71481457b
repeat_02\raw\bandwidth_pair_s8_d16_b1024_r2000_w1_c0.csv,90533f51903eb5213eaefd323b8a19e0b586ec2ae8efdfcba420e1d056ca59ff
repeat_02\raw\bandwidth_pair_s0_d63_b128_r2000_w2_c0.csv,70a9d376c697376af691893523781fe32ade550a365b495c98c05a1bd9714495
repeat_02\raw\bandwidth_pair_s0_d7_b8_r2000_w4_c0.csv,2027183499c247af62c86594f2f48dbd169ab8762633abf072e2a60cae7b3def
repeat_02\raw\bandwidth_pair_s1_d2_b64_r2000_w2_c0.csv,f198734512277297caf26d2529ef8ac879a8fd6fc96e07d79876ead0d96638ce
repeat_02\raw\bandwidth_pair_s0_d9_b1024_r2000_w2_c0.csv,b71fc74e465a3c05cb9e310e6ef67f96f99f7f6fb1db0ec342414d4f0cea5764
repeat_02\raw\bandwidth_pair_s0_d7_b16_r2000_w16_c0.csv,93638adaf1350119348b34ac334290421b4e041d25ca5c1f742e133d4099a13d
repeat_02\raw\bandwidth_pair_s0_d7_b8_r2000_w8_c0.csv,c08b9a984bf414a282da6dd30e409c748c48d842f3c9f49c61e26ece6ebba4a5
repeat_02\raw\bandwidth_pair_s0_d1_b8_r2000_w1_c0.csv,89301215d6d99d97921315fe2fb0ffd7e2f6d65f811fd99773cc6c172345ab52
repeat_02\raw\bandwidth_pair_s0_d7_b4096_r2000_w2_c0.csv,bddbb3ab3e7dcbc04d8bb727ba221d16063195a14c6bddaa1aa983e9733f4778
repeat_02\raw\bandwidth_pair_s0_d63_b1024_r2000_w4_c0.csv,9c9cf8d15fb8351ff08a44762f8e6b69c34bb1103c6f946ca0d7ef7e26971dee
repeat_02\raw\contention_split_far2_s0_d0_b1024_r2000_w4_c15.csv,9ceed76a81bd953d560d22b99ad671ffba9376c1f3cccd0f0f50efbddb1b4286
repeat_02\raw\bandwidth_pair_s8_d16_b64_r2000_w1_c0.csv,06028982fd7c04e45379c83f483b6df505b9d1996d902fd05b286db67eb1bd95
repeat_02\raw\bandwidth_pair_s0_d7_b64_r2000_w8_c0.csv,2a8bb3a2e0f87e4730a484f31c2919f2645aab79fd9fe9395772d24fdcce4ae9
repeat_02\raw\bandwidth_pair_s0_d1_b256_r2000_w2_c0.csv,dfc2291f9ed00a893fcd83e6fb7aa59628bf3553e2b1f7c4c91b3869b052f0e2
repeat_02\raw\contention_ring4_s0_d0_b64_r2000_w1_c15.csv,3c76144253a897924b89137132e4d0af35c00567226ddea1eedfcb8f87104dfc
repeat_02\raw\bandwidth_pair_s0_d8_b4096_r2000_w4_c0.csv,d13fc243c4bac4f19c296773b29b5d20fd18da6038a647d73f719f7dd7170130
repeat_02\raw\bandwidth_pair_s0_d1_b1024_r2000_w1_c0.csv,75818ae61844f8d69303c419ace8655338c330456f1f2d9255a1e58809d637a5
repeat_02\raw\contention_split_side2_s0_d0_b64_r2000_w1_c0.csv,ddc89beca00882f5f34ed2c438a48a82e56270220d19398e4a20bf611c335f74
repeat_02\raw\bandwidth_pair_s8_d16_b32_r2000_w1_c0.csv,34a5cb8dc2283aabc0a65b1797a9f4ac95b5b18d785d74dce479612f854276c2
repeat_02\raw\contention_single_s0_d0_b1024_r2000_w1_c15.csv,7ff299cf452eb387bc77ce81be995df56b7cf9caec343dd0f6e14e15aaf92e59
repeat_02\raw\bandwidth_pair_s0_d7_b16_r2000_w1_c0.csv,69c628558b11a2206025375264e7ecb6c9028beb545f43d27baa7d89a9441c63
repeat_02\raw\bandwidth_pair_s0_d56_b8_r2000_w2_c0.csv,fd1a9ef107d8b0b27fe5353cd927a028cbeccfc668a3af98e726806705e25f3e
repeat_02\raw\contention_split_side2_s0_d0_b1024_r2000_w1_c15.csv,b3f3f344e4e176b211f7b2b56d9c83ad10bdc63bfe79efa9f5c14e768dddda5a
repeat_02\raw\bandwidth_pair_s1_d2_b16_r2000_w4_c0.csv,63e8de9922bb1ec1187343ddf62d03c1f62fa6dd0842ae5cb49ad90d7f42e535
repeat_02\raw\bandwidth_pair_s0_d1_b128_r2000_w2_c0.csv,e2d6ac06a5dea7f20165a0a712e6db435dd04eec45a83586246cc5708e6d518e
repeat_02\raw\bandwidth_pair_s9_d18_b32_r2000_w16_c0.csv,d46d5b3ccaad5e58ffeba24b2416673ebac2ba4e7e30c21530389467d9a24648
repeat_02\raw\bandwidth_pair_s0_d7_b8_r2000_w16_c0.csv,2b1bf1c80812a3e032e4e1081ff84afb8c91e1f810e2d2bb723037b01db52462
repeat_02\raw\bandwidth_pair_s0_d63_b4096_r2000_w4_c0.csv,f05a0071499b7066a246ced97f4868992cede574d9c787f04a54c9af1c5c1a11
repeat_02\raw\bandwidth_pair_s1_d2_b16_r2000_w1_c0.csv,8db8c1f45c652027ec70e95b69ca4eb4226e455290b997981166232156f64eac
repeat_02\raw\bandwidth_pair_s1_d2_b16384_r2000_w1_c0.csv,e94a6ac7cd541519da6310b1e9faba2bc31c0c901c9d4a500381112040a09d48
repeat_02\raw\contention_incast3_s0_d0_b1024_r2000_w4_c15.csv,8ca6cbf28a88bb700e188b4b1b94d481bf3d2e6dcb375cc1d874c795a286b91e
repeat_02\raw\bandwidth_pair_s0_d8_b32_r2000_w2_c0.csv,b8791736adbcafc9e56d0bb27ad3de5831354d2033af8beecd3805921f83f3f4
repeat_02\raw\bandwidth_pair_s0_d63_b32_r2000_w4_c0.csv,48d3cc6debb2fa92d38b8f99e0e12d00e984ea96db78e81c7ce6f81d71cf91af
repeat_02\raw\bandwidth_pair_s1_d2_b128_r2000_w4_c0.csv,8cc6b4d37a7e1393b5a75fa2c09b89dfd499284ab58fe5bc1e21528316e747e2
repeat_02\raw\bandwidth_pair_s0_d63_b8_r2000_w2_c0.csv,b2312b6af3686b80285f374c0b5b7aeadff12ab9cdd6c148e6058628ab448146
repeat_02\raw\contention_split_far2_s0_d0_b64_r2000_w4_c0.csv,e21e032a1776c850f9d584c48bad8aa48bc749932f1abd6c08bbe4ce0a8077c9
repeat_02\raw\bandwidth_pair_s0_d9_b64_r2000_w8_c0.csv,a65a91ac3d94f9e14662693e953196bac786229ab56cfb1c21c98028c36f9276
repeat_02\raw\contention_single_s0_d0_b1024_r2000_w1_c5.csv,72074e5a25ae013423797247bfad48d82403094bfe675caf2f20534d39523deb
repeat_02\raw\bandwidth_pair_s8_d16_b16384_r2000_w1_c0.csv,cbf65d50d6b3275a43a27a9ab2b8ede18702f4b0e836c18e8bc41b667317f9af
repeat_02\raw\bandwidth_pair_s8_d16_b128_r2000_w4_c0.csv,e1a76b82dd67e1b831d207559f6d4ac1bc20fee8fe1ab5cd871eec3cfd793e49
repeat_02\raw\bandwidth_pair_s0_d9_b1024_r2000_w16_c0.csv,76395635c997cd012eca1f9e5629f9e5fb6808227622a5dffdb4d9958f044452
repeat_02\raw\contention_split_far2_s0_d0_b64_r2000_w4_c15.csv,edcf067a1dd7d3bb4507c0d814f73af90c5425a0635d93b6363b7c4c8dcbe0c2
repeat_02\raw\contention_incast3_s0_d0_b64_r2000_w4_c10.csv,29d544d13ace766a4e0f02e3c78069c4880ee927804f5d1e8fcba67002089e4b
repeat_02\raw\bandwidth_pair_s9_d18_b8_r2000_w8_c0.csv,3be512af72f7da2e252c292ef88a3bdc8e9ab46ffa0b05ef55fa729c15942f05
repeat_02\raw\bandwidth_pair_s9_d18_b256_r2000_w8_c0.csv,a892349421794222e66705be467da212b0f1047417a92c145bc77b8fb2a68bde
repeat_02\raw\bandwidth_pair_s0_d63_b64_r2000_w2_c0.csv,c950be5c61614587898adb4c2a4f00b158948f1e7a63e8c427137c867d308b8b
repeat_02\raw\bandwidth_pair_s0_d1_b32768_r2000_w2_c0.csv,bb7297bf8b3f8c565e3e02d2c02a4ebd3967ded986941f8563e7566537e7307f
repeat_02\raw\bandwidth_pair_s9_d18_b16384_r2000_w4_c0.csv,82d20d635c9594ecf8903bbdb2271203aac420381a235dc1f0c9c86b7a47ce09
repeat_02\raw\contention_incast3_s0_d0_b1024_r2000_w1_c15.csv,88bcf0dc05336c4093c6f3e6233bcf2f144d4bdb11ad1e43467b40f6bf907915
repeat_02\raw\bandwidth_pair_s0_d9_b4096_r2000_w1_c0.csv,eae3d8ef8caf705ab41032fe35a858f9eee0e18056f4c36e4358a3faa67118a8
repeat_02\raw\contention_split_side2_s0_d0_b64_r2000_w4_c0.csv,59758b34e40a7df4348667d4a564741203b15a3260df8d966b6efeee78dc2254
repeat_02\raw\bandwidth_pair_s0_d63_b64_r2000_w4_c0.csv,cce2c69f8469a36169301ce7de6fdeedb06b04af837da4580e09cb2ff169dcf0
repeat_02\raw\bandwidth_pair_s0_d56_b64_r2000_w4_c0.csv,773d491e670111cd3af2ed74b66b1ca3ed1163ac297f663fd998874dbd633154
repeat_02\raw\bandwidth_pair_s0_d1_b64_r2000_w8_c0.csv,9ce254776c4a6e01d0a6573786365a0703683ac6cca0b7458dfc176c5a989ab5
repeat_02\raw\bandwidth_pair_s0_d8_b16_r2000_w1_c0.csv,1c48b9a2dcf6a8cc585b047c1694e7b90d19a0173a267fffac8b3d1cda4c1b76
repeat_02\raw\contention_single_s0_d0_b64_r2000_w1_c15.csv,a9f67ab3eaef1013c3b8f97ee25dc72bd503b43efec5687136cd278e0b6499c7
repeat_02\raw\bandwidth_pair_s9_d18_b4096_r2000_w4_c0.csv,2e665ee422505da3b4a9c7cbbd9224883f66a9ee5a3717d0a4eb14f75328ffe5
repeat_02\raw\bandwidth_pair_s0_d1_b4096_r2000_w16_c0.csv,b31f12dd6a909ddab555833fa46c54bcf83edc631fc7baa8bc05b72971b277d6
repeat_02\raw\bandwidth_pair_s0_d63_b4096_r2000_w8_c0.csv,8c61e3a702b6ad92e2a106332677de936d49ee14f059c71d7c875c3d0259a251
repeat_02\raw\bandwidth_pair_s1_d2_b32768_r2000_w2_c0.csv,e01e98b954aac80527a8d7d6a4281eead7ede856c12ccf5d6c4223498baf6a5b
repeat_02\raw\contention_incast3_s0_d0_b64_r2000_w1_c5.csv,db713377361c4c195b0d425098e6a4f3aa6ac9a58b175e6d64e48445e78a3ed6
repeat_02\raw\bandwidth_pair_s0_d1_b1024_r2000_w8_c0.csv,54cb4ffffa2a2cb0420110029385421b7f870f0245c0f8a1483dc5bc07fa0ab6
repeat_02\raw\bandwidth_pair_s1_d2_b8_r2000_w4_c0.csv,cf2b4a1f865782437a956e2f590497a9209463aa959bb5724a81581511689d20
repeat_02\raw\bandwidth_pair_s0_d1_b1024_r2000_w4_c0.csv,dc909c38e7acc4241bc34f6134596dd39607c97a104256d2d8b957abe938f2f0
repeat_02\raw\bandwidth_pair_s1_d2_b32_r2000_w4_c0.csv,fa46a5fe73853870d0d24f84c9dfcd16b92eba83b842e64cc06a4db3927a9381
repeat_02\raw\bandwidth_pair_s1_d2_b8_r2000_w16_c0.csv,c5e4cf81ccc99c98c8611a927cedfa8b48b17c679e581eb5b2aaa01a13b19be5
repeat_02\raw\contention_split_side2_s0_d0_b64_r2000_w1_c10.csv,2208bae6707ac22f1b1f44b7786aa26afef8c96798ec95878ca7f78d23c1859d
repeat_02\raw\bandwidth_pair_s0_d9_b128_r2000_w16_c0.csv,c10dc8903ae6a2a2bb15ae52f7ada0e6b8d28f8048b8a46b77ad45dbe8b99c5b
repeat_02\raw\bandwidth_pair_s0_d56_b16_r2000_w1_c0.csv,05e0829cdd3a1c077d3fba08b33c77a28fdf62f25156ad234887dfdb4bda8f93
repeat_02\raw\bandwidth_pair_s0_d7_b1024_r2000_w2_c0.csv,9e610bce5fdf6bffa2c31388b56ece154a822c7d74b15e41448f3f21a30ed1a1
repeat_02\raw\contention_split_far2_s0_d0_b1024_r2000_w4_c10.csv,7c91bcc3c3b7f49dedcd825bd8eceb08d073e59054e79d7235863b1af1586093
repeat_02\raw\bandwidth_pair_s0_d9_b128_r2000_w2_c0.csv,5ee69062923a612fa5477d765392690dabea5785b3f4111563cb9eea024e3f86
repeat_02\raw\bandwidth_pair_s8_d16_b64_r2000_w16_c0.csv,fd271fcc91be23446b1cc6e2e7d179a2110fb42296ebc0f3f2ecd65efb432b9a
repeat_02\raw\bandwidth_pair_s0_d9_b32_r2000_w8_c0.csv,79cb81ef89bacb0be098713993e7979f430d9bf8eb3a93f02ac6c2fdaecf580a
repeat_02\raw\contention_split_far2_s0_d0_b1024_r2000_w1_c0.csv,13980c9a07c85e8278e208791c2435e2b655a09d1c606ee5987cb7b9456a5912
repeat_02\raw\contention_split_far2_s0_d0_b64_r2000_w1_c10.csv,94d5b65cd894945c4f905d5407354ae7ca3322186242e726409b5cd458eedb8f
repeat_02\raw\contention_intra2_s0_d0_b64_r2000_w4_c5.csv,8e605b582603bec8d6802c5d00f67f903c600a6dcfbf267e176836c7ece82fc0
repeat_02\raw\bandwidth_pair_s0_d9_b64_r2000_w2_c0.csv,81cebe50c7301a1fa78ca9feb103ba951a93c80bfbcf917a235e54eedd675d35
repeat_02\raw\contention_single_s0_d0_b1024_r2000_w4_c0.csv,1c0e9652b398d4e495ab1950aa039e8e9c869b1500fc1dbfba05c80b8eeb5afb
repeat_02\raw\contention_split_near2_s0_d0_b64_r2000_w1_c10.csv,7fd895283c65be8dff78ea2fff5d02e8821ab20cbbadbcd27c4e44926c177776
repeat_02\raw\bandwidth_pair_s0_d7_b64_r2000_w16_c0.csv,e6b7f914f98a0d3c838901235eb60576716c211874a40536a131271d46062306
repeat_02\raw\bandwidth_pair_s0_d1_b64_r2000_w4_c0.csv,c182e8aac55b600ef2bacaaf155a4dea29910efeaf7854ccfc1dd4024d2f73b7
repeat_02\raw\latency_pingpong_matrix_s0_d0_b8_r2000_w1_c0.csv,2e57254a61fc509b05bb3cd2fa4639607a7f6cdcc06f56f8afe65da15c9ced42
repeat_02\raw\bandwidth_pair_s1_d2_b256_r2000_w2_c0.csv,8906517e34c7b3ffa8727c53fa2c6c2429946359b6f62ac33c27f914fd64d7b8
repeat_02\raw\bandwidth_pair_s8_d16_b256_r2000_w16_c0.csv,7f2533c2378d3d1a8fe07ab6ae9268160dcc013e783a5d80337440af7d722102
repeat_02\raw\bandwidth_pair_s9_d18_b128_r2000_w2_c0.csv,5f0053205d3aaf58169edc4be4ba34702696d87aa5c926e8373aeddbb9604da7
repeat_02\raw\bandwidth_pair_s0_d9_b8_r2000_w1_c0.csv,b126534318444a1bfd46492058663c9c1ffdc8275664269b3ed2e27857e4c59f
repeat_02\raw\bandwidth_pair_s0_d9_b32_r2000_w16_c0.csv,accc9757888df525b12df29937b22b637bd87631c2983cb48991041714d6dc37
repeat_02\raw\bandwidth_pair_s0_d63_b65536_r2000_w1_c0.csv,2373c523b911dc2f432006b9c157cd539886ee19324b07edaa921b5a3bef1753
repeat_02\raw\bandwidth_pair_s0_d63_b256_r2000_w4_c0.csv,cca9dd4aab3b74423026a3e840e3eef2ceffce9851b97536465090e508f4d4bf
repeat_02\raw\bandwidth_pair_s0_d1_b16_r2000_w4_c0.csv,e9889bc7bd9d1e47d196f2f7bd932d34621af653c0c564b73286bd90f55e8535
repeat_02\raw\bandwidth_pair_s0_d56_b1024_r2000_w1_c0.csv,dfd9f7a06608fc28ad9e979339fcce7ed6db85004256973e3623242fb82d13c9
repeat_02\raw\contention_ring4_s0_d0_b1024_r2000_w4_c15.csv,8c287fdd60104d8160bcaa66d6fe2ebca8ff236101aa90084e9dcce0e7042327
repeat_02\raw\bandwidth_pair_s0_d1_b4096_r2000_w2_c0.csv,ab9d5df79b90a4cef0989026fcde0a330afc94401823edf9936f0fb5ea9a8890
repeat_02\raw\bandwidth_pair_s0_d7_b32_r2000_w1_c0.csv,4fe7d1777c169f48c1159c11dda9686726a08e78ec49e3b365be7b5c851a0873
repeat_02\raw\bandwidth_pair_s0_d56_b4096_r2000_w4_c0.csv,c86d9fbe5b907fddb250bbaf49eb687497a38ea45d87cdf6911c139f665e5160
repeat_02\raw\bandwidth_pair_s0_d9_b64_r2000_w1_c0.csv,98052c828f1c7a8f625050d3864df57b149fd4111d72bf6856928693139a16a2
repeat_02\raw\bandwidth_pair_s0_d56_b32768_r2000_w2_c0.csv,e7cf7f45909cfc43528b7c18a1a39b9699b6c7879d116914fbfd21b20ff2de55
repeat_02\raw\bandwidth_pair_s0_d1_b16384_r2000_w1_c0.csv,54c2b7607442f26d7b77a8c33c893a2f62c90a7ecf055b86d716458c7cdcaac3
repeat_02\raw\bandwidth_pair_s9_d18_b8_r2000_w1_c0.csv,94a6691cedf1c26ec509081f3afdaa081a371577c3863bf466064ba2d885fcde
repeat_02\raw\bandwidth_pair_s0_d56_b1024_r2000_w8_c0.csv,f65dfa28c9626da724bacc2729860c8a32f148f593f76417442f61a87b155f3d
repeat_02\raw\bandwidth_pair_s8_d16_b8_r2000_w8_c0.csv,d4748ceccc9678485fcdf8c67f21863dde5bfa925f700ada5d9f9d2c19cb5690
repeat_02\raw\contention_incast3_s0_d0_b1024_r2000_w4_c5.csv,b06d9a236ade68272f04608b0f39b191aa1c4708a0d373894612f41811fe2023
repeat_02\raw\bandwidth_pair_s0_d9_b1024_r2000_w1_c0.csv,62a197ab3befaff918be6e44d3a92a4e59e92c38b46f991fa79ee6ed24bd2b24
repeat_02\raw\bandwidth_pair_s0_d7_b32_r2000_w16_c0.csv,912e5b47b96a24d75802964673af8082744ff87a572b5732306c0cc56c5e834d
repeat_02\raw\bandwidth_pair_s0_d8_b16384_r2000_w4_c0.csv,ae34c5640f991c3d56f68dd7cd6b286cc894db6bf1e1b6ebfe6d75918d2d784d
repeat_02\raw\bandwidth_pair_s9_d18_b16384_r2000_w2_c0.csv,f3ffc1917045fc4ecc18111764926d14171dc371ad80321d157037ac0b00451b
repeat_02\raw\bandwidth_pair_s1_d2_b8_r2000_w2_c0.csv,10da7fa4ba6280a1763bd6af4e343ac72fa20695aa374e02f7dbd7f6c83383c0
repeat_02\raw\bandwidth_pair_s0_d56_b16_r2000_w4_c0.csv,133518a8c66b2ac6850e4d37fe01f284e232748470f569b979209682ec6812d9
repeat_02\raw\bandwidth_pair_s0_d1_b256_r2000_w8_c0.csv,04da39e7d2f55671aad3d11fee774b758ff5d8d20913c91f1c7457509e35c7ec
repeat_02\raw\bandwidth_pair_s8_d16_b128_r2000_w2_c0.csv,a643f047ddaede53ab8de07a4394e52079433fe2310dc56cad23bced14604e2a
repeat_02\raw\bandwidth_pair_s0_d63_b16_r2000_w8_c0.csv,3e0ccfaabb7ca725e71dc05d8210e174bde8ce9f9044c8c846f0397a52844dcd
repeat_02\raw\bandwidth_pair_s0_d56_b32_r2000_w16_c0.csv,bf387d5c5b2f0ab90c0a6f04ec59f8377a1ea9af3c5dc1ae81411d652816905e
repeat_02\raw\bandwidth_pair_s0_d1_b32_r2000_w16_c0.csv,6dfd94ea0a3870e4276b1f03c70a9b2af3977afb0ba1c08c25877fdc5718fe83
repeat_02\raw\bandwidth_pair_s0_d63_b256_r2000_w8_c0.csv,2f6f0a87648fd8fa9aeebca1f9a0ceeefd0f35bb1348c16b6ab84a95310d6024
repeat_02\raw\bandwidth_pair_s0_d56_b128_r2000_w2_c0.csv,18ca221ac51bf84ac8c0444b3ece128ac6e8f2c7648ee5d6ff3275fd1220daf6
repeat_02\raw\bandwidth_pair_s8_d16_b1024_r2000_w8_c0.csv,b081be3ccd05415df5cfeb5c60f4e29f46e4399010b062bd379dd2c60eb463f4
repeat_02\raw\bandwidth_pair_s0_d7_b32768_r2000_w2_c0.csv,e42626bebaaa7f607c7128c4e40c29a8bb3aa1d2777b3724290c5925cd9a72ef
repeat_02\raw\bandwidth_pair_s0_d7_b16_r2000_w8_c0.csv,8ce001187eba1d948f5c979b797510467cb2cb88a12468fd0d052349a3da08bc
repeat_02\raw\contention_intra2_s0_d0_b64_r2000_w1_c15.csv,f4407a6ed6d49e3d2e07dc06546b5c1e30491ce0c7f314d97db317ec09f03fd9
repeat_02\raw\bandwidth_pair_s1_d2_b4096_r2000_w1_c0.csv,46374afdd86c9120751ebed5f50276f0ebb32051e59b08468bcd4a2c1bb34ca3
repeat_02\raw\bandwidth_pair_s0_d63_b4096_r2000_w16_c0.csv,1f91b4db63b6c851942c5042dc37ff82d18b72bf3f08de1c5b3890bf54b25288
repeat_02\raw\bandwidth_pair_s1_d2_b8_r2000_w1_c0.csv,eb397e4e5476ad096916602857b21eb437f8df9573812ff6b870636db995aa47
repeat_02\raw\bandwidth_pair_s0_d9_b256_r2000_w2_c0.csv,af2037a960282e693cf03916377dda999c9a028bd05485a2f4c8c49549cd943d
repeat_02\raw\bandwidth_pair_s0_d9_b16_r2000_w8_c0.csv,c57f261db79174a4d0fb31188315ecab4442e1c2fab88e36c8fcc4d9e3fd76c2
repeat_02\raw\bandwidth_pair_s0_d56_b32_r2000_w4_c0.csv,ab27e52ab842ff7cb4f3679603caacf66b73359094096b5ab0f7b9353e6dc7b9
repeat_02\raw\bandwidth_pair_s0_d1_b16_r2000_w2_c0.csv,d0ba82ba8c8ee599c399bc1117f4b60d4a317b50262c2ce900af4d757b5eb537
repeat_02\raw\contention_alltoall4_s0_d0_b1024_r2000_w4_c15.csv,46abf7002fd75c9f174fde3cda91990065e5717cf9286f79f44c50d24dc4c81e
repeat_02\raw\bandwidth_pair_s0_d8_b4096_r2000_w16_c0.csv,59bd2b35a96743951721ce76870c02600ff7f14265665e729602a7f1e1d8d54a
repeat_02\raw\contention_split_side2_s0_d0_b64_r2000_w1_c5.csv,2cde6e8af84ab8c7cd76e05876cb49bb185047818e63b044ae0b1502ad930ceb
repeat_02\raw\bandwidth_pair_s8_d16_b128_r2000_w8_c0.csv,4bee5438002c9641186d2778909761e3db916dca11a95a8797f09c47bf584db1
repeat_02\raw\bandwidth_pair_s0_d8_b128_r2000_w2_c0.csv,b37e3e1d68cacd9189291db19590a100eeb4e8cd2a7e8a2d459a98da1d0d5a36
repeat_02\raw\bandwidth_pair_s0_d8_b256_r2000_w4_c0.csv,1db0927ab0bd93d1405daeb11ff2dba519534d9a79a1f6cbafd526d4095197d3
repeat_02\raw\bandwidth_pair_s0_d1_b32_r2000_w1_c0.csv,a59215325d209e01fb1df5c1d75a62a4dc35ab080b4b970a7a54088c1cba7852
repeat_02\raw\contention_ring4_s0_d0_b1024_r2000_w1_c5.csv,734f341a5f597e592afa539351262f0ddece838dd5d06070bc8be00acefef0fa
repeat_02\raw\contention_intra2_s0_d0_b64_r2000_w1_c10.csv,7799383e50502ef8f6a75fa22f03d341200899127953b57dfd538e15ac61742b
repeat_02\raw\bandwidth_pair_s0_d9_b32_r2000_w4_c0.csv,fdaa56dd8bc1082303854c06ccb8503dc092c43e6e5a2d408031892c6a96b6bd
repeat_02\raw\bandwidth_pair_s0_d8_b256_r2000_w16_c0.csv,dfce655fefc3fa99b9e2340f2cc72a07ac6bf7f5601b70a6143f1d4576513a49
repeat_02\raw\bandwidth_pair_s0_d63_b256_r2000_w16_c0.csv,6aa06c2a1d31c972bef1676102ca5e992bec6bf5ba29281aff3b76e341b76e5d
repeat_02\raw\bandwidth_pair_s0_d9_b32_r2000_w1_c0.csv,bc336a111cf67a96872b58fc3c51bcf26c14be4f08729bb5b130d56b3910f9dc
repeat_02\raw\bandwidth_pair_s0_d7_b4096_r2000_w8_c0.csv,415a3b947ffd20be6ab86ffd9e1fcdc72787d7503dbad679531d76ea43826860
repeat_02\raw\bandwidth_pair_s1_d2_b1024_r2000_w2_c0.csv,219ce7dd4ce3672a9a9b14aa56e15b96558ea06cd5be5d768e20650a376a3637
repeat_02\raw\bandwidth_pair_s9_d18_b16_r2000_w2_c0.csv,8be5ddc43933cc9eba6e624f48a1543ebd5abf2bf619ad2a4f8ee00a1d865f46
repeat_02\raw\bandwidth_pair_s8_d16_b32_r2000_w8_c0.csv,c8c30c7124b74bbf78889be97b1e07217ed2903ca75c337b37a5d334e1439312
repeat_02\raw\bandwidth_pair_s0_d8_b32_r2000_w4_c0.csv,c3f4f2bdc0b95e0130a4c98581c6e66be2375d36a32b39935ad5f08ce10e733a
repeat_02\raw\contention_split_side2_s0_d0_b1024_r2000_w4_c0.csv,c2dfff0060719e24f12030a55b9a9014e3efa15af747e65cc66c4d35f4724e98
repeat_02\raw\bandwidth_pair_s8_d16_b16384_r2000_w2_c0.csv,51dd86c03a43b84fbf920f7436dcda635639cd5d07be128ac073472870abb906
repeat_02\raw\bandwidth_pair_s9_d18_b8_r2000_w16_c0.csv,cc0dc105e29ea19dedae363b22db890efb566f085e7cfd29e01325443ebb495c
repeat_02\raw\contention_split_near2_s0_d0_b1024_r2000_w1_c15.csv,d52381f430ab51af6f5a916268968c525280639b93dd5abeb949572cb3d2cfe4
repeat_02\raw\bandwidth_pair_s0_d63_b32_r2000_w2_c0.csv,532587776ecbb2c0d2660596f2c39367b81ced7962a48e73f6ef20b3ed64cf3d
repeat_02\raw\bandwidth_pair_s8_d16_b4096_r2000_w1_c0.csv,c044a9b4aa585cb49398d06a310fbc969936dc40d58221d85d20a30c8bba648f
repeat_02\raw\contention_incast3_s0_d0_b64_r2000_w1_c0.csv,a763c2e77cf864c6abf37a065439892253100ef0e4bb48b50bf34d8dd88a66a0
repeat_02\raw\contention_single_s0_d0_b64_r2000_w4_c0.csv,5902f2910c57a2a492172d448117848306d878e566ab5c6575e922f98a272522
repeat_02\raw\contention_split_far2_s0_d0_b1024_r2000_w1_c5.csv,cbaacf366e2f9373c8afa3f6d0c52852d41f260b8a70d01526fb34e004586e45
repeat_02\raw\bandwidth_pair_s0_d63_b32_r2000_w16_c0.csv,6ca4c94d26f969fe9199d6e580afc3b97c1aed3d4584a9e934b1d32972706d6b
repeat_02\raw\contention_intra2_s0_d0_b1024_r2000_w4_c0.csv,981e7d5f81eaf2aeaf947f5a1c82d0e3afbf2280bbc557df3a154e47c86830ee
repeat_02\raw\contention_incast3_s0_d0_b64_r2000_w4_c0.csv,17a9af00cc14249a77c122fd8179f220262cf093e665a575dbf3471a348b59f5
repeat_02\raw\bandwidth_pair_s0_d56_b64_r2000_w8_c0.csv,06bf8f30e558228ed50bb6a06bad36ace8290a04153a7dfdc3a095ab3fee7e31
repeat_02\raw\bandwidth_pair_s0_d8_b64_r2000_w1_c0.csv,6db7fc20b5d96d860e32214fae1048a1667dfc33050150c4c68f9dbf63639121
repeat_02\raw\bandwidth_pair_s0_d9_b16_r2000_w16_c0.csv,b78b0910e5f269611e00866bdd28886ab22e66d23d9e288fbd8c8511de363115
repeat_02\raw\contention_incast3_s0_d0_b1024_r2000_w1_c0.csv,38955168c2cefe9f910247eb2767b959a76a15a4776c102485e953cc20e90e0d
repeat_02\raw\bandwidth_pair_s0_d8_b8_r2000_w2_c0.csv,505e7350541435d560fe2d685635698797090399b398dde11e55f9b9f151a011
repeat_02\raw\bandwidth_pair_s0_d7_b64_r2000_w4_c0.csv,795624c217a5073eb11d92de9ddba1dd8204887455c59bb545a2ab9e256ce693
repeat_02\raw\bandwidth_pair_s9_d18_b64_r2000_w8_c0.csv,e5e8498afd0feb65a80ddd0b73677aeb26fafa371a4211dd9d4ee5b392fc4e12
repeat_02\raw\bandwidth_pair_s1_d2_b16384_r2000_w4_c0.csv,88264a2dc8365b82938d2c7de1510681453474da9ceed838762419001398f327
repeat_02\raw\bandwidth_pair_s0_d1_b32_r2000_w8_c0.csv,8d183bae8a3962f369fa187ab539eab8bf6707bec52b87e537250bff7fc2c42b
repeat_02\raw\bandwidth_pair_s1_d2_b1024_r2000_w1_c0.csv,6fdac400b13a1d220a9fc17120626c37c43e427492dee6e6c3871a42c172dd7e
repeat_02\raw\contention_ring4_s0_d0_b1024_r2000_w4_c10.csv,5edaad7249ae36ffcf7e82c39819a51b33b2e8965971030897becf0d20f3ac99
repeat_02\raw\bandwidth_pair_s0_d9_b4096_r2000_w2_c0.csv,42f00ecc3313ed89d1c2bb3f5c62c90835402dfa7113e80f9394be7d1950e754
repeat_02\raw\bandwidth_pair_s0_d8_b8_r2000_w16_c0.csv,4974f8d76c5f9602ca4c5042b028209ea6554ba08988342ca6c3f1e42229bcab
repeat_02\raw\contention_intra2_s0_d0_b64_r2000_w4_c0.csv,c6a1b443c23ef85188e80f3cacf65064ee76755c8996e55fbdcc45597799f236
repeat_02\raw\contention_split_near2_s0_d0_b1024_r2000_w4_c10.csv,8bbc7fc7d43d8846fbb0b317da907a4e5d1fd879dac2d17e38b5900017536c22
repeat_02\raw\bandwidth_pair_s9_d18_b256_r2000_w2_c0.csv,77114c47c3b4b81a97851d5b417d762b4338f479cac253cfe7f542b39d56267d
repeat_02\raw\contention_ring4_s0_d0_b64_r2000_w1_c10.csv,e08f8bdebc43e9bb05390b5d1daffcabdd099ecdd77b8780c76e4295766f780d
repeat_02\raw\bandwidth_pair_s0_d8_b16_r2000_w8_c0.csv,5fe0e095cdd158c1462629bf6bc69148f44a9751f2784416e7b923b4601255ff
repeat_02\raw\contention_split_near2_s0_d0_b64_r2000_w1_c5.csv,46d8bec9046aa51bac1a3bc5e8f21b9bf1a38a4171a8735e25edd31ee3d2e798
repeat_02\raw\bandwidth_pair_s1_d2_b32_r2000_w16_c0.csv,390dc46e508312a2bd6e0cc08a4e3e177a508d4e8d2f70270c0bf1e76f3cf855
repeat_02\raw\bandwidth_pair_s1_d2_b256_r2000_w1_c0.csv,431ce019c1db634d3703d5a59804170818eee24000a2284125e84fd44c5e578c
repeat_02\raw\bandwidth_pair_s0_d8_b32_r2000_w8_c0.csv,e9dfeb4b88a32c80c878ea227842101359bdbb99b6847a7f01db55f11658a020
repeat_02\raw\bandwidth_pair_s0_d1_b1024_r2000_w2_c0.csv,19aa5feca6b5fdc6b507e82347912a7812b428c799cb1c6bc3d60dd507f7cabf
repeat_02\raw\bandwidth_pair_s9_d18_b64_r2000_w1_c0.csv,ad19d7a784b18cd0153070e15288ae9874309cd4072d90c4cadfe491945d4e22
repeat_02\raw\bandwidth_pair_s0_d1_b4096_r2000_w4_c0.csv,e3ed2d3ccc08bfb80813480611c5a1cf11a2a50f264871fe5fc474279e9cb4b4
repeat_02\raw\contention_split_side2_s0_d0_b1024_r2000_w4_c10.csv,f4e886c622d5842e7b33abb7d51258a1ad0f7110cd64641446825ebf06c84876
repeat_02\raw\bandwidth_pair_s0_d56_b8_r2000_w8_c0.csv,8b1888e452b549ff8873c7e64a6ceb108287281320fbb7193360e55fb8330d10
repeat_02\raw\contention_alltoall4_s0_d0_b1024_r2000_w1_c10.csv,f5935c4485d7926b158b22f3b3c29a03fd3fcabb0841957dcdb3fd79e9af4618
repeat_02\raw\bandwidth_pair_s0_d56_b256_r2000_w2_c0.csv,0e834bccd0e958952a32d4e47c201d438ac421ede1fefab1bed5c87d06fd2882
repeat_02\raw\contention_ring4_s0_d0_b64_r2000_w1_c5.csv,4bb284b07b5266d6c2c3a53a3daaafcab1d68f1f6f6f6e6630f125b06a8487fc
repeat_02\raw\contention_split_near2_s0_d0_b64_r2000_w1_c15.csv,5805bbe5a9fa8e678b39d0a4c8e3bf7793aee00bbcd6d19d2c7990df899c57f9
repeat_02\raw\bandwidth_pair_s8_d16_b8_r2000_w4_c0.csv,553ce0871ced8698691622f84413df1311622b9c03adc3f0f3b159fdeb3309c3
repeat_02\raw\contention_split_near2_s0_d0_b1024_r2000_w4_c15.csv,205e62fb834e3485e071ee9bfc316499d5ed23d3496c4d03d47abb7ed0a0a3d6
repeat_02\raw\bandwidth_pair_s0_d63_b32768_r2000_w1_c0.csv,d9b7105a6f399b5616a38faf2839eee0884f5798612c0ac056e4dcee83283aa4
repeat_02\raw\bandwidth_pair_s8_d16_b1024_r2000_w2_c0.csv,37c10c362b01f13504efc04b011f3f0edd50970e735452990a784caf4f0e059b
repeat_02\raw\bandwidth_pair_s8_d16_b64_r2000_w4_c0.csv,21cd1a4f0b9ad86885b55debba9c0b629d1099e022002a666b5f22a416f6eacb
repeat_02\raw\contention_ring4_s0_d0_b1024_r2000_w1_c0.csv,7cf95fc9d7ef2edc029d8e1c7fe45a398e291d7440cfd7d9cb99f8ca405c278f
repeat_02\raw\bandwidth_pair_s0_d8_b64_r2000_w2_c0.csv,ab7b830195cb9636786e4d43515a6da0f3b313ac32b22dd2a7102483f9dd9994
repeat_02\raw\contention_incast3_s0_d0_b1024_r2000_w1_c10.csv,36c597e7ba6001be1768836555ed4dd9224603efe14627cb87a341aedec02523
repeat_02\raw\bandwidth_pair_s0_d7_b256_r2000_w16_c0.csv,5ab5e6939db4df35b1b9052e1f326d2fd2bf6ff68092a1d139bcc65b59368d17
repeat_02\raw\contention_split_near2_s0_d0_b64_r2000_w4_c10.csv,6a8992a3253dc24f836a0e1350a6e2ba1c57fa6bd36bb3de9f00f3b797aeac4e
repeat_02\raw\bandwidth_pair_s8_d16_b16_r2000_w16_c0.csv,7e31f048be6c1085048475753e27d0d636628229fa13dd0265d05f9ad59ac448
repeat_02\raw\bandwidth_pair_s0_d56_b4096_r2000_w1_c0.csv,2112f82decda578ed7d2e7e70f6d8caef38c3a58661c501eda55a5b5216e329c
repeat_02\raw\contention_split_far2_s0_d0_b64_r2000_w4_c10.csv,d9041170b5761589ede196002943fff5becd201d00f25f2292d8e976d138e07a
repeat_02\raw\bandwidth_pair_s1_d2_b16384_r2000_w2_c0.csv,8f46db392d99c1696aecd3f62e2928e8f01c0dfaf02648d8a7c041b35b045b26
repeat_02\raw\bandwidth_pair_s0_d9_b128_r2000_w1_c0.csv,515e96d23206af6cdaabe92cf8e76dce5af631d4bff1dcc35155cd7115556725
repeat_02\raw\contention_ring4_s0_d0_b64_r2000_w4_c10.csv,7369bd9fc93169ece1e1da11f0e8007e77ec95aeb35ee2512cb93a87ceacf620
repeat_02\raw\bandwidth_pair_s8_d16_b256_r2000_w1_c0.csv,4b92be93ed6c7e2fd7146eb750af217a4b4e9d4453dc48f6a7f09c5e65e1cfed
repeat_02\raw\bandwidth_pair_s0_d56_b1024_r2000_w2_c0.csv,dc8ee7b7ea69839b43247ee8ad3e1c9b6bddf7b297a7ee095344347a386985d5
repeat_02\raw\bandwidth_pair_s9_d18_b16_r2000_w4_c0.csv,49f6be384b80f915ba104f4b989049721f319aa26129c3e0259021a27735549d
repeat_02\raw\bandwidth_pair_s8_d16_b32_r2000_w4_c0.csv,5b22716c718912810f0058f5e94a9386e5abd59fcc2d655aac622a03e066e5a7
repeat_02\raw\bandwidth_pair_s1_d2_b16_r2000_w8_c0.csv,40a84be9af870ed0815f63a3d55c1c063f6ee568b5c4316efda8d1b7166f6f43
repeat_02\raw\bandwidth_pair_s8_d16_b4096_r2000_w4_c0.csv,5cb83fc1fcd32f2367e2663497329877e8818e5a144cfe1c46f665277f208688
repeat_02\raw\bandwidth_pair_s0_d1_b65536_r2000_w1_c0.csv,bfa4b6413a5d4ff4690d4368ffc62e768a2539576bf518bc8b8d977b946b25ad
repeat_02\raw\contention_single_s0_d0_b1024_r2000_w4_c15.csv,30a6fc1f303c1ffbbea6b0cb4509aea8511f99ba96fb58040d6cd2be49fe9de2
repeat_02\raw\contention_split_side2_s0_d0_b1024_r2000_w1_c5.csv,c0e6e068aa463a9f56ade3b0dc2ca229b1d3919fd5f3304dc203455bfeb48f2f
repeat_02\raw\bandwidth_pair_s0_d9_b16384_r2000_w2_c0.csv,fa8fba94e7306342e796d8fc8947bd21fe702f80592d2b69b0c51c161e5f41d3
repeat_02\raw\bandwidth_pair_s0_d56_b128_r2000_w8_c0.csv,af46f490085c45e8d9063296fcfbbd0f1a462f75fca3493526c1f3612d6be87e
repeat_02\raw\bandwidth_pair_s0_d63_b128_r2000_w1_c0.csv,53244ab9e295fd581a8e920af93ea402dad7e752efafddc8355c18620a7215df
repeat_02\raw\bandwidth_pair_s0_d8_b8_r2000_w8_c0.csv,ee3e99b33416dec7d5d0eac35f2005f2be99e6da8c11a91ba9cdad4fd44698b0
repeat_02\raw\contention_incast3_s0_d0_b64_r2000_w4_c5.csv,d9455b2075186d50401f18afcf9afa3f599dba2bb934731f2b9cc7fba8c7b139
repeat_02\raw\bandwidth_pair_s1_d2_b32768_r2000_w1_c0.csv,8496dcfe0a7ca002b195b8f8700f16320f0c4c74d26f8265069e0d4895176b5d
repeat_02\raw\bandwidth_pair_s0_d8_b64_r2000_w16_c0.csv,78b8bfda020791e4f0b3347edd0801f6a168552c3b60a75bb3bdbf9033e1de96
repeat_02\raw\contention_split_side2_s0_d0_b64_r2000_w1_c15.csv,e5db394b40428da1eae613fbf0351dbbcf917040ef7f6849078d45c83a79e966
repeat_02\raw\bandwidth_pair_s0_d56_b1024_r2000_w4_c0.csv,8cad5622812b7313c0c728d6f2d6de35bee9b996d25f50623e68d38162425cfa
repeat_02\raw\contention_ring4_s0_d0_b64_r2000_w4_c0.csv,5132b2e118bd29dac6c7ce701e96d5d46db4d9a164bc45549967051efd52e19c
repeat_02\raw\bandwidth_pair_s8_d16_b16_r2000_w4_c0.csv,58fea497c1d785b249fefd38eda1da0310cb60b539b138439e4281e3adf0f138
repeat_02\raw\bandwidth_pair_s9_d18_b4096_r2000_w8_c0.csv,911aa149cbc639aff34d68f8bf5f237d061d9cf42e04bf06677e3201dbbc1559
repeat_02\raw\bandwidth_pair_s0_d56_b32_r2000_w8_c0.csv,78d271377d0bc7927f60a3a8a3eee1c6d42dfeac1046cbe37d2a54ea3b8c3e4a
repeat_02\raw\bandwidth_pair_s0_d8_b1024_r2000_w1_c0.csv,6b905cef7de6f05dd770beb49ec2346de00c0b767dc467441543ff6daf35910f
repeat_02\raw\contention_alltoall4_s0_d0_b64_r2000_w4_c15.csv,93b3b85150e92852584529ba663a43f027f8cc6cc5d74918c95974f87db5b147
repeat_02\raw\bandwidth_pair_s0_d9_b32768_r2000_w1_c0.csv,6c5f52e8c54a2a8fc2265126b08f2a1d949274c9063aeff84dfe1ba1b9634d1a
repeat_02\raw\bandwidth_pair_s0_d7_b32_r2000_w2_c0.csv,02a20064a9990e0847b39b5e05889e6a7ca095edeae371e9f93b1b8671879c9e
repeat_02\raw\bandwidth_pair_s0_d8_b1024_r2000_w16_c0.csv,f3ad880c9b4a66f177ecd3ca2989b82c52ff6e5111a84797f01c77cac775ed6e
repeat_02\raw\bandwidth_pair_s0_d9_b4096_r2000_w8_c0.csv,bdcdda37fc488d6ba23abe7419bd98f36d10a8ce00fa7f047a5ba6a619fe8803
repeat_02\raw\bandwidth_pair_s0_d7_b128_r2000_w8_c0.csv,73d7413a428351fdc799a6db094276b7b3066e748c85d64ce56b4d7d2e89590d
repeat_02\raw\bandwidth_pair_s0_d63_b16_r2000_w2_c0.csv,71291030704c9616cf148c3c217b74f52febb2a035250e30b1873f1cd8c65642
repeat_02\raw\bandwidth_pair_s0_d8_b4096_r2000_w1_c0.csv,90ce754ba494fac7cc39258e9d52b312d0cb69694caaed21fae43a06b0809c51
repeat_02\raw\bandwidth_pair_s0_d9_b16384_r2000_w4_c0.csv,cb2a3bb17318b9cd3b1ee50636288609a6478973439ebb42dec13463c526cc9c
repeat_02\raw\bandwidth_pair_s0_d9_b64_r2000_w16_c0.csv,aea91c0a00fcb60f5357468b6026d739e55ff63d99474474a27041bb2d19d545
repeat_02\raw\contention_alltoall4_s0_d0_b1024_r2000_w1_c5.csv,6d4127582a31d38878b10c52fa8b4871c1b2776079cede79cd0457f8c5fc813c
repeat_02\raw\bandwidth_pair_s9_d18_b16_r2000_w8_c0.csv,64bb12d79ab7be9c151eb9894d1a8cd5b677ea352480dcac21ab3efd6547a663
repeat_02\raw\bandwidth_pair_s0_d1_b4096_r2000_w1_c0.csv,83db691e2e84e83cf9d41474810f6e720417b154ee03ae83b93a951a5279f98f
repeat_02\raw\bandwidth_pair_s0_d56_b256_r2000_w16_c0.csv,d1acf12807e8f146095841e9170dc9d9ab9608970d8b1ec396073d620e784d6c
repeat_02\raw\bandwidth_pair_s1_d2_b128_r2000_w1_c0.csv,4df49f8addf91df7a5a9a5973810ee34b65459cbaed905cb10908f82a4dfc43c
repeat_02\raw\bandwidth_pair_s1_d2_b64_r2000_w1_c0.csv,6437cb41c6827387a1ec6b01b4ea34c9e005dc78700f96ddad13a83b9952609b
repeat_02\raw\bandwidth_pair_s0_d63_b8_r2000_w16_c0.csv,c3de0feb066931a0ca071f7612561179fb1b19e0ec48391b4b16b0031faad318
repeat_02\raw\bandwidth_pair_s8_d16_b256_r2000_w8_c0.csv,e6fd529477a8b3eae1afab691857c72252166a2633714ffb6d198e8215a032ad
repeat_02\raw\bandwidth_pair_s9_d18_b128_r2000_w1_c0.csv,90e5e28b1e729ae39f3b1ff493f277ce064482bf72594c65ea49d345b80e252f
repeat_02\raw\bandwidth_pair_s0_d9_b64_r2000_w4_c0.csv,43952aee460b8a648549d93b6ddc6f7a7e969aeec8e5206a063f1f5731d45155
repeat_02\raw\bandwidth_pair_s1_d2_b32_r2000_w1_c0.csv,5af98afd0da889ca93126261b5a9df954cd0d80f8eb07b8e53a6ae0f8bb26316
repeat_02\raw\bandwidth_pair_s0_d8_b1024_r2000_w2_c0.csv,bb05e818640317a9ea63ad64282bb60761b6e35bfcfda2371028bae962065dcd
repeat_02\raw\bandwidth_pair_s0_d1_b256_r2000_w16_c0.csv,3859a135dc787ed8f6679c6e4f609b77b179d55a8e8baf56b83698897630d88a
repeat_02\raw\bandwidth_pair_s0_d56_b256_r2000_w8_c0.csv,10d9eacc79c70d1a05b0f27c4720cb3a237c8cdcf514242b352a0319ab08b67c
repeat_02\raw\bandwidth_pair_s0_d9_b16384_r2000_w1_c0.csv,7a34d3cda652104a1b4ba37dbc00a094f36ea9a175cba69ea98322072be40f62
repeat_02\raw\bandwidth_pair_s0_d9_b1024_r2000_w4_c0.csv,d68331af6da9606c835d937c7e15236988b1cf4fe8d5c9502b6ea1b3c014b4db
repeat_02\raw\contention_split_near2_s0_d0_b64_r2000_w1_c0.csv,f140c22a29f2ff3994cff7e61e6f83bec9ff3a0b7ead67417cb515208dd61355
repeat_02\raw\bandwidth_pair_s0_d9_b1024_r2000_w8_c0.csv,e5cb5838042daae6557db57cd604f8e6d0b7c8f622752d66677ac3aee1897977
repeat_02\raw\bandwidth_pair_s8_d16_b16_r2000_w1_c0.csv,37a156cd4b91d091677cc4de7148fd4f42a8f359cb8ae910480439b037988e5b
repeat_02\raw\bandwidth_pair_s1_d2_b32_r2000_w2_c0.csv,fbeefe8dbb4c71d44559b5946c00a23938de351768066922ff0953bad170ae7c
repeat_02\raw\bandwidth_pair_s0_d1_b8_r2000_w8_c0.csv,1d79808109e94a1cc049cf5b423a2af87bd63a907f7044a4663f459d7b6aa450
repeat_02\raw\contention_split_far2_s0_d0_b64_r2000_w1_c15.csv,84381e55e42d9bd43902d6a3d8cbda57cf4d413898d01853a0c415fe4a967273
repeat_02\raw\bandwidth_pair_s0_d8_b4096_r2000_w2_c0.csv,8b1efa99858a3a0a5b2f0bd35aeef0e275ccb159f8265308abc6aa9f7ae0b726
repeat_02\raw\contention_alltoall4_s0_d0_b1024_r2000_w4_c10.csv,50dc224dec92b5d551f68a9ef30e45727d3ead0fe9a6fa8271e30ba554fcf850
repeat_02\raw\bandwidth_pair_s0_d63_b128_r2000_w4_c0.csv,0ae0a0f7e38495effe8dd162b4ceb504b04963f82cecbb6c5849d85068282fbc
repeat_02\raw\contention_intra2_s0_d0_b64_r2000_w1_c5.csv,03bd620800347f6de30a9720ec60389aabdc7f154c70c53071e860eeadc3e661
repeat_02\raw\contention_alltoall4_s0_d0_b1024_r2000_w1_c0.csv,89b47a983a7ddbb41453a4b42342c883b14a5bd16f6f6818b9e75e01d8a5b440
repeat_02\raw\bandwidth_pair_s0_d1_b32_r2000_w4_c0.csv,1304a69104bebb12ea276d265c9a5faff29974343401728ce93773990b9e6c7c
repeat_02\raw\bandwidth_pair_s8_d16_b64_r2000_w2_c0.csv,3c7c756f890ee8ccf43da7f58d02c5eeb0036216fa835cc5b4118c8d9480f7c4
repeat_02\raw\bandwidth_pair_s9_d18_b64_r2000_w16_c0.csv,d804d233b70259b5bd8d6cb05eba2aaf479ce7e7c0bc1051f73797e112bd434c
repeat_02\raw\contention_split_near2_s0_d0_b64_r2000_w4_c15.csv,b5615d2da2d0270e08a4f08fc2ffb72e867bc0a92fe9063c19ee878c3f0ea693
repeat_02\raw\bandwidth_pair_s0_d56_b8_r2000_w4_c0.csv,9223afc6a8a3e12de22e82e4be93832ef91888490638bbc981cd5945f357f0c2
repeat_02\raw\bandwidth_pair_s9_d18_b1024_r2000_w4_c0.csv,439732eb202974f2f0826ae9b3607ac6544933add041084355cb8fa337abf411
repeat_02\raw\bandwidth_pair_s0_d7_b32_r2000_w8_c0.csv,b02508c82f9903922345213a49e9db3f745eee194ea4feb3a84d0274d2d1c753
repeat_02\raw\bandwidth_pair_s9_d18_b128_r2000_w4_c0.csv,45012f4dabe86e6ac218a4d76418bf173ae86f7ba9fc611a29a812f1e02d07b1
repeat_02\raw\bandwidth_pair_s8_d16_b256_r2000_w4_c0.csv,4fd2f9a1245c47edb6dcdd1a765f9c00fff3bd03108081b6618cc9bf21445771
repeat_02\raw\bandwidth_pair_s0_d56_b16384_r2000_w2_c0.csv,c4e95923f6a248795d0a85a5fad5df4ef28d48821db354bac3052d3aa1923528
repeat_02\raw\bandwidth_pair_s0_d63_b16_r2000_w16_c0.csv,de5dd03dc24fc6f2324d1d9e8cac0ed2883c612f16719f55298a0a5507e53cd0
repeat_02\raw\bandwidth_pair_s8_d16_b32_r2000_w2_c0.csv,f54865136b7f551b70422d4a4db395c9096cae11c529976e58cc87d8703a833c
repeat_02\raw\bandwidth_pair_s0_d8_b128_r2000_w1_c0.csv,b924473cf81f297bfb5a13d184df8757fa6428f183a152241f3010833dcebe33
repeat_02\raw\bandwidth_pair_s0_d9_b4096_r2000_w16_c0.csv,f22498e538c41b7f75c35ad980f06de4a89c41e672191d51c1a8172a5c1c7e6f
repeat_02\raw\bandwidth_pair_s1_d2_b1024_r2000_w16_c0.csv,3c1194f280d5b8f35af1b535cce6a651db0362dee68f5ac2318adaf0095bdf22
repeat_02\raw\bandwidth_pair_s0_d56_b64_r2000_w2_c0.csv,821286fbf454175d7f724cffa6b7b677574d86d55c32b8af754171a31239e7e3
repeat_02\raw\bandwidth_pair_s1_d2_b16_r2000_w2_c0.csv,411d0b53f8f2139bb2b4b2bf8f321119b0c7c90ee77aa725628a51bb4f8e0c4a
repeat_02\raw\bandwidth_pair_s0_d63_b16384_r2000_w4_c0.csv,708e7ee790b1d1d2bac4016d50393e4f2918f7016ec2b71fae1962f52f615240
repeat_02\raw\contention_ring4_s0_d0_b64_r2000_w1_c0.csv,c3ed2a0e9ae0d93d8169807fbbd4d521727e14598bf130b35edf2b3e2257ae24
repeat_02\raw\bandwidth_pair_s0_d7_b8_r2000_w1_c0.csv,b8295d89055387a36b1b69fd20ac3fa456d315928c12b3100148c03b80bcec93
repeat_02\raw\bandwidth_pair_s1_d2_b32_r2000_w8_c0.csv,de5893c7161c8403ff58e3db2e43acfc1a18cb1b79b2614f1a4680ca7eb344ef
repeat_02\raw\bandwidth_pair_s0_d63_b32_r2000_w1_c0.csv,e5af90347c45e583993c92cf2bab5aa4069135ef8dbce3970f737910b46caa42
repeat_02\raw\bandwidth_pair_s0_d56_b16_r2000_w8_c0.csv,11dacfcc10116cd8534faa65e78d27e30d71c30a886d5491642cb986b1ff982b
repeat_02\raw\contention_split_side2_s0_d0_b64_r2000_w4_c5.csv,8503c49270999ace009d6a77f292673fa04558ea178b09f3b30cb729fda161b4
repeat_02\raw\contention_split_far2_s0_d0_b64_r2000_w1_c5.csv,b8374a0f134464a150d1b738c95cb611c45ddd234bccf469f549ee5dfb3a8610
repeat_02\raw\bandwidth_pair_s0_d56_b4096_r2000_w2_c0.csv,c033fd6bdd30a80485bf91d8884456e735a934424e5af0a12c62135c2b20853e
repeat_02\raw\contention_split_near2_s0_d0_b64_r2000_w4_c5.csv,986daf1728a261f73af78aca0c697beb6a03ee8634c2b86a65f9594a2febc3a8
repeat_02\raw\bandwidth_pair_s9_d18_b256_r2000_w1_c0.csv,dd40bb48f0e4ca89d7b73b229c267082227c2f7876821054dcd07dff3726468a
repeat_02\raw\bandwidth_pair_s9_d18_b256_r2000_w16_c0.csv,4a53364477ec00213a510c354a644de03c75ca97b1bbbf7c0ec234fbb959f999
repeat_02\raw\bandwidth_pair_s0_d1_b16384_r2000_w2_c0.csv,bb81f913d22f31d071a078810addc847b44b71f7aff581a4c58c4246fffd6599
repeat_02\raw\bandwidth_pair_s0_d1_b16_r2000_w1_c0.csv,7e482d5aadb9e8ba45f7a0d92bb455894baaddd8d4daacbfadfee0d3ad59e6fe
repeat_02\raw\bandwidth_pair_s0_d9_b128_r2000_w8_c0.csv,e4c225845435f96d9c153c8353ab1e19cef1be36726f3c9cb89097a55cb08798
repeat_02\raw\bandwidth_pair_s9_d18_b32_r2000_w2_c0.csv,de035197b3c1377f9fee50a1fa330d438525ad89bce6140cbe96c107585cb182
repeat_02\raw\bandwidth_pair_s0_d9_b256_r2000_w4_c0.csv,24273bf1968eb2f9201e4cf913413a414c1c9da9779662468bbd4b115bba483d
repeat_02\raw\bandwidth_pair_s0_d7_b16_r2000_w4_c0.csv,7ed30882bb021378de235a2cd60e41c2269926e79379015fc31f0420add75653
repeat_02\raw\contention_alltoall4_s0_d0_b1024_r2000_w4_c0.csv,1a3fc4241cfd2b390147c583407c51711cc190a0ee4d25aeafbce9494f303f9d
repeat_02\raw\bandwidth_pair_s0_d1_b1024_r2000_w16_c0.csv,ae53ae686d6f8b882309062a1baa9dc2fc337f1327879e556db4378de415a54b
repeat_02\raw\bandwidth_pair_s8_d16_b16_r2000_w2_c0.csv,486cbf34c311438ec2847d6defb4cdb60ae57f2a87d1dea52e184ec324dfbe91
repeat_02\raw\bandwidth_pair_s8_d16_b8_r2000_w1_c0.csv,20814589b6ecfa0dcc9970eed9a575c40a381ec99a5cbf38bff95e7c5825d283
repeat_02\raw\bandwidth_pair_s9_d18_b8_r2000_w2_c0.csv,4f61b2f01f25b0c2c439c1334426668e9cd0049c6392399e1fc638aaabe28d9a
repeat_02\raw\bandwidth_pair_s8_d16_b8_r2000_w16_c0.csv,a7d8950d7ba657d31b04a7819d177c4381b5a5796849f81277713f11464be7d4
repeat_02\raw\bandwidth_pair_s8_d16_b64_r2000_w8_c0.csv,6c7ff6f0672c4a58c73ab0d85b25d18cf990b26e8390368d50f040a62cfd1ddf
repeat_02\raw\bandwidth_pair_s0_d56_b128_r2000_w4_c0.csv,55ca2aa8a64d8c0f48bcfd8b6c11138d6b1e71644181d95e7764ae0725922e82
repeat_02\raw\contention_alltoall4_s0_d0_b64_r2000_w4_c5.csv,cbc8b1c72e641df4bf674f261806e1cf5da63018f6984603ed5a750b563ef277
repeat_02\raw\bandwidth_pair_s0_d56_b16384_r2000_w4_c0.csv,3f5c9ffb1aaf9b7587ce389fb803a4d122fe9ca311ed67ebddd87e27a9fd1f3c
repeat_02\raw\bandwidth_pair_s9_d18_b1024_r2000_w1_c0.csv,8579fe94bbbbacc667e934e9cb154d87734e6d88345f2b541c08fe948e6f5157
repeat_02\raw\bandwidth_pair_s0_d56_b65536_r2000_w1_c0.csv,2f30f460aa5a334080747607a84e654c830b53aa0ab88c7269cdbe0d1191fd25
repeat_02\raw\contention_intra2_s0_d0_b64_r2000_w1_c0.csv,e04ed179ee01eccd22149aaa11d3e9c6700bb00d82ca83c6b5bcdce36fab0d7a
repeat_02\raw\bandwidth_pair_s0_d8_b64_r2000_w4_c0.csv,715f76b37555d3e67656e6bd43802a5fbf8236cc131f5ddad6db36c258eaebce
repeat_02\raw\bandwidth_pair_s0_d8_b16384_r2000_w2_c0.csv,f59f6ca9ec157db3817b124b0a61367a4c1f310fa1e008d05e64f7d6d2e2f777
repeat_02\raw\contention_split_far2_s0_d0_b64_r2000_w4_c5.csv,2e2d1ab6403b94ab5507b7088534060919189c6f553d5640175980cd8362e5f4
repeat_02\raw\contention_incast3_s0_d0_b1024_r2000_w4_c0.csv,67e5cee77dab5e7eca20baba14310da5c951a7371779c5773c1eee17083b4499
repeat_02\raw\bandwidth_pair_s0_d9_b4096_r2000_w4_c0.csv,f3bdca2cae39642ec1c99486bba979ae83c4db7373e9e639b892039495c3e96a
repeat_02\raw\bandwidth_pair_s1_d2_b256_r2000_w8_c0.csv,1864842d7f3b4c913c38ade97e079268a008d6e157ec2df4531adf84ef6a12bf
repeat_02\raw\contention_ring4_s0_d0_b64_r2000_w4_c15.csv,04625d34fcb6f5327205c6396fb204714793bedba432286d5f5a66eab9032f35
repeat_02\raw\contention_split_far2_s0_d0_b64_r2000_w1_c0.csv,16ca4f9cb8c93d107496cbf45f33962161443a17eea22d7ffcbe6fcbb9b27c6e
repeat_02\raw\bandwidth_pair_s0_d63_b64_r2000_w16_c0.csv,5e121b932f6051a3916abaf66e4bc283d066a1ce43ad3ebb22d008877b7c6355
repeat_02\raw\bandwidth_pair_s0_d7_b16384_r2000_w1_c0.csv,5d146ccc38f8f255250b00e9278faf6c2c0423e7cc0ed479d0a5c2957edc1b3e
repeat_02\raw\bandwidth_pair_s0_d8_b1024_r2000_w8_c0.csv,6e00e6129d1648826f78781528ce0c71a8e2e164b56ea4745b862d9f46c25e3c
repeat_02\raw\bandwidth_pair_s0_d8_b8_r2000_w4_c0.csv,cad030a43af7ff265436fda5d9f7a8269ad5cc673e6333450e9d03616594b8da
repeat_02\raw\bandwidth_pair_s8_d16_b65536_r2000_w1_c0.csv,4c9f64e6043d7cddc61a9a304f339ece4a30eb2f3118333cead21296dea4a2c9
repeat_02\raw\contention_split_far2_s0_d0_b1024_r2000_w1_c10.csv,02a62a66c96be5a1268b727e755dced7fe6c5f346c01a7319efb000b1261d830
repeat_02\raw\contention_incast3_s0_d0_b1024_r2000_w1_c5.csv,218132de7caab00d536016f03c9f7b3737e6a89ada0dae556a9446e256690dd7
repeat_02\raw\bandwidth_pair_s0_d63_b256_r2000_w2_c0.csv,6d69d2a806bcfbc3317b1f627019bcc7efe5f9dbdaeef4ded4fd6aca415c7d67
repeat_02\raw\bandwidth_pair_s9_d18_b4096_r2000_w16_c0.csv,a174cdc0f3c51290a38d58161e4a75e0e445ebd558ed1291049e103f1ca43973
repeat_02\raw\bandwidth_pair_s0_d1_b16384_r2000_w4_c0.csv,2783fdd8caf76716eb6b98198ba71fea77d8ae11d5e148872cc6c35bae3005bc
repeat_02\raw\bandwidth_pair_s0_d56_b128_r2000_w1_c0.csv,d86cd19a0a3aaa073c1893397cf5725a522c4d9e7abd18dc82caec64462b5aac
repeat_02\raw\bandwidth_pair_s9_d18_b64_r2000_w4_c0.csv,5aa50b44acac9042b592455d5d5df0ce0b269174a4302a2122e47b1d7d09702d
repeat_02\raw\bandwidth_pair_s0_d1_b64_r2000_w2_c0.csv,9d0fd34a959fe0bc92578d6322b989b7b3120943b64bd5df9a4a899745ac9216
repeat_02\raw\bandwidth_pair_s0_d7_b64_r2000_w1_c0.csv,25480642866d635872c91dce521b19e24879a6f486d24160a6962acb3412392d
repeat_02\raw\contention_single_s0_d0_b64_r2000_w4_c5.csv,d50b75b34e80b9396a69a0bd353c7cd914359576c87f0a692754a9848323634a
repeat_02\raw\contention_single_s0_d0_b1024_r2000_w1_c10.csv,f1985ce8087428997a6058324051cdc286bd0a38462929517e66d80541f785eb
repeat_02\raw\bandwidth_pair_s0_d9_b8_r2000_w4_c0.csv,a62cc637193bc5bd2442430299a4fa12385f6a018ef9545809fbc459e2077334
repeat_02\raw\bandwidth_pair_s9_d18_b128_r2000_w8_c0.csv,f12dbcf6689cc871d492277507153fb60f90c26e07d56b46af9741a3458dfe60
repeat_02\raw\bandwidth_pair_s8_d16_b128_r2000_w16_c0.csv,73dd075d15d9fe5f1fea131f5b6eead83580bb6b47fc5024e067a9d601633372
repeat_02\raw\bandwidth_pair_s0_d7_b128_r2000_w4_c0.csv,1f4818f3c253c1fe791732ac8e4f3e2916b0ae222126cfc91b88ed88c62e260e
repeat_02\raw\bandwidth_pair_s1_d2_b1024_r2000_w4_c0.csv,2c12c4f76db49d2d51e2434084a9bf40cbf7eeabbeb24669716a3e1cbc136f44
repeat_02\raw\bandwidth_pair_s0_d7_b1024_r2000_w8_c0.csv,88cae42325d893478dba9fe29b7d97f6c1e7a3c0c01689ab828dd6e090fb304e
repeat_02\raw\bandwidth_pair_s0_d7_b4096_r2000_w4_c0.csv,692d6790d443921fd0bd49be447c31603f9c7f28774016cfdd78aaa01916c869
repeat_02\raw\bandwidth_pair_s8_d16_b4096_r2000_w8_c0.csv,5b0f38a98b757957abfebe4f930e049e7ebf99870793a8cf4b34944cda4a5f8b
repeat_02\raw\bandwidth_pair_s0_d56_b8_r2000_w16_c0.csv,950d71528df98179f52dd42beb14422642ca65c0db181752bcc7e37cabffeb0d
repeat_02\raw\bandwidth_pair_s8_d16_b32768_r2000_w2_c0.csv,03f12677346c606f6e951aeca6dfeab9628e3ed4a3b38479962b008bd0e8e1c6
repeat_02\raw\bandwidth_pair_s0_d63_b1024_r2000_w1_c0.csv,4221c658afb7798de285473b05d93bbaea222b2ebafb3124a975a652b4056f86
repeat_02\raw\bandwidth_pair_s9_d18_b256_r2000_w4_c0.csv,57cdaf1445586670d528e6f034f8e97356c0fba18eada8cc1b81d9b5d4168cab
repeat_02\raw\bandwidth_pair_s0_d56_b16_r2000_w2_c0.csv,1901f147c5564079cc9eaaa80cf28b39a1efee56425f89cb42a35933802dcb85
repeat_02\raw\bandwidth_pair_s0_d63_b16_r2000_w1_c0.csv,f973690741b08c031afed1bcc7f17dc30d5d5bd4752f36d5b9eff08ebf5e63ab
repeat_02\raw\bandwidth_pair_s0_d1_b8_r2000_w4_c0.csv,901fa586502900be425e9b403a93c78529ba067440892edea7222e874b803782
repeat_02\raw\bandwidth_pair_s8_d16_b4096_r2000_w16_c0.csv,71aa44f95c4a92f8c56b5e5f8d6cb79b85d0362e7519fa5a10827a353849f55b
repeat_02\raw\bandwidth_pair_s8_d16_b32_r2000_w16_c0.csv,57fb787c2b0a656a35378399409cd0bd21e2541d5a46d79e1c7f1b971f392928
repeat_02\raw\contention_alltoall4_s0_d0_b64_r2000_w1_c10.csv,533b36165cd02ff045a5252eca22d90934dfd9ef9aa3a3b85b76a88337d6254e
repeat_02\raw\bandwidth_pair_s8_d16_b128_r2000_w1_c0.csv,bc8f9da7be1ec1c84349aa049f64169a47efbc2754f7127bfdb88785b967ca7e
repeat_02\raw\bandwidth_pair_s1_d2_b16_r2000_w16_c0.csv,69c9f567c83ce5b09c53f11326b228048ea7802f834f334b9854aa10ae245658
repeat_02\raw\bandwidth_pair_s0_d56_b64_r2000_w1_c0.csv,89b948cf47e392414d956bbfc6be2fa6fd76635018bb84e0dc420849faa2115a
repeat_02\raw\bandwidth_pair_s9_d18_b65536_r2000_w1_c0.csv,cfc2df36aee795e1a0defc2d14411e56c925f4c8d4ee54aea6530c1c1dc76340
repeat_02\raw\bandwidth_pair_s9_d18_b16384_r2000_w1_c0.csv,fd463bb1bb852f43ea3a463312282b4ce30cadb9bd150782e04193dc0c0ec478
repeat_02\raw\contention_alltoall4_s0_d0_b1024_r2000_w1_c15.csv,0cd8f2f9fd0fa3b586cf2d9c0e72121528e778cbe2652946848ca2609b6e700e
repeat_02\raw\bandwidth_pair_s8_d16_b32768_r2000_w1_c0.csv,139f86e28a5f929019f34ca91b816f6c9ea2a1a897783d57ef3fe3c4ac460608
repeat_02\raw\bandwidth_pair_s0_d56_b32768_r2000_w1_c0.csv,1ed929c9f2d123d89eccf5b6b08c8c51400e37e39d544681e7c564ef51d61736
repeat_02\raw\bandwidth_pair_s0_d7_b1024_r2000_w4_c0.csv,fe3fd440807c1d80619988eb014588e1dc158bb7dcaabb4213328ff0f20e54fb
repeat_02\raw\bandwidth_pair_s0_d56_b8_r2000_w1_c0.csv,bf4694bdf4a5987fbbfa4f22a146d0c3eeeac6a69df817be157a621f889b5a11
repeat_02\raw\bandwidth_pair_s0_d9_b65536_r2000_w1_c0.csv,2f0b313ae22ada91392abe141103d400988057841fc8fa6ac6ec8e1a66a4db24
repeat_02\raw\contention_ring4_s0_d0_b1024_r2000_w1_c10.csv,f97b7d3058243fce77aba02e9849f7da41f492fecc544ccdb9cda65c2eb18dad
repeat_02\raw\bandwidth_pair_s9_d18_b1024_r2000_w2_c0.csv,f7121d018001eff38354348966813e903a48f7ee471a4aa8f285266f95e85c70
repeat_02\raw\bandwidth_pair_s0_d8_b16_r2000_w4_c0.csv,d31bfd9d682ee1f2f34875b498e0b11e1c4118f950b5d27a648bb249d2a86037
repeat_02\raw\bandwidth_pair_s0_d7_b4096_r2000_w1_c0.csv,7337c5931bec137ff1048d181cff8d14253be6e94fba292b2689888666514f95
repeat_02\raw\latency_pingpong_matrix_s0_d0_b32_r2000_w1_c0.csv,3e3eea18ec5a4b5d5b626ae3064dfc7d8d67d9caf459d91da5db25aaa9faa33d
repeat_02\raw\bandwidth_pair_s9_d18_b32768_r2000_w1_c0.csv,fa9188e01b7357820356e96d5742b0e53a4602db627eab8c4f9e0c8e894656cb
repeat_02\raw\bandwidth_pair_s9_d18_b128_r2000_w16_c0.csv,59dd070e19f4bad7e5edc34f6be6cfb79dab9a368fc22f5b1b3b2228e3a4b057
repeat_02\raw\bandwidth_pair_s1_d2_b64_r2000_w8_c0.csv,f94e4025ff2efc43e38861b8f1223822f7e4837ae2ba8f139353dd7bdde8d6c7
repeat_02\raw\contention_split_side2_s0_d0_b1024_r2000_w4_c15.csv,c373f780a68cae5f6b560e2afaf9cbaafd80ca1535459219f8a660d07ce77984
repeat_02\raw\contention_ring4_s0_d0_b64_r2000_w4_c5.csv,ec560584ccaf88f0f88e377809b9a4b93360681da18ef5690906e4f9c9353c18
repeat_02\raw\bandwidth_pair_s0_d7_b16384_r2000_w2_c0.csv,21d93ecf051ecdba9b6d4fea2ee670c1ede2d245a5c462e274538bacb7a631ae
repeat_02\raw\bandwidth_pair_s0_d56_b4096_r2000_w16_c0.csv,f6a60c48410b30d4232dfe89b75391d11856b849d35c0e7026d2e04aac102d4e
repeat_02\raw\contention_ring4_s0_d0_b1024_r2000_w4_c5.csv,f15377aeac4bf8fa6c85dde9ccc04c4526d41b989d27bc2d218e156969804ca3
repeat_02\raw\bandwidth_pair_s0_d7_b4096_r2000_w16_c0.csv,283f7413d334898ae8ed665a76def9456f5fcb6720e33d167cde5e10165601cf
repeat_02\raw\bandwidth_pair_s0_d56_b256_r2000_w4_c0.csv,b72f12bb93b696a22fd9dc6757ee6115bca4e0f510a77aab2ae2b90772af5327
repeat_02\raw\contention_alltoall4_s0_d0_b64_r2000_w1_c15.csv,508733b065c066db586d15d4c9e61165534c3cff6149967949504832902a4d37
repeat_02\raw\contention_incast3_s0_d0_b1024_r2000_w4_c10.csv,db0d23a3e9fc9606884a8726d16352b2eaa0c294325cbf73c9e693a0a91a4415
repeat_02\raw\bandwidth_pair_s0_d8_b64_r2000_w8_c0.csv,509eb71e6d063729438f54d2286f426b1557003844082c96a4a3cc339fa174af
repeat_02\raw\bandwidth_pair_s0_d56_b1024_r2000_w16_c0.csv,2244de62a29bfd40d8caab2bb01b3e757c8dad59f5ddadb578a63e1f3a694a47
repeat_02\raw\bandwidth_pair_s9_d18_b1024_r2000_w8_c0.csv,d425a311e3d40a887c9ad261781960ab9c8f59f65aae9df012853c168cd08c49
repeat_02\raw\contention_incast3_s0_d0_b64_r2000_w1_c15.csv,aa7331aeec3df32905c9540342d70a51feddb66ae97bd49f15e795df7de32c4e
repeat_02\raw\bandwidth_pair_s9_d18_b4096_r2000_w1_c0.csv,865dfddd47be24d7a78da0f53a614fac3ddd9b522540fed75edab350a0883ab5
repeat_02\raw\latency_pingpong_matrix_s0_d0_b256_r2000_w1_c0.csv,725faca4c849ac28acbcb47fca10fff2e836fc112e1805c00c68448652d4126d
repeat_02\raw\bandwidth_pair_s1_d2_b64_r2000_w4_c0.csv,e12cf4664a01095746b3464fac1c739a75bc8b06793bd30c197c51b29bf5f4fe
repeat_02\raw\bandwidth_pair_s0_d1_b32_r2000_w2_c0.csv,fbe7a1630007952ad38fa2906e3763b65190e20138899fcbec43081a0115b631
repeat_02\raw\contention_split_near2_s0_d0_b1024_r2000_w4_c0.csv,d79b04216416af2a4e9c8a32c676efafdef18684026c881bc58b9b6584ce5b1e
repeat_02\raw\bandwidth_pair_s0_d9_b256_r2000_w8_c0.csv,088948e3c032747a1551d2365556f2fe900ceb9a9e0d0d92a14032b218ecfef8
repeat_02\raw\bandwidth_pair_s1_d2_b65536_r2000_w1_c0.csv,6776c6ed5dbf3d2379c4ee9bbd8a67fc6c7979d9fee7c07c3b04c2d3dd374ae4
repeat_02\raw\bandwidth_pair_s1_d2_b4096_r2000_w4_c0.csv,a7eaa8f8050dde203ccadf74ff3f62260dfd66258721f31043a3ea0ac9aea4dd
repeat_02\raw\bandwidth_pair_s0_d1_b128_r2000_w16_c0.csv,06d3c2193386bd6626850aace0530244b256088f12e31cc4d31b486b793a7be5
repeat_02\raw\bandwidth_pair_s0_d1_b128_r2000_w4_c0.csv,3d1199424ce09baae01333f69fd674998ee8ba38a260e8f43db377b68c539518
repeat_03\smoke\bandwidth_pair_s0_d1_b8_r10_w1_c0.csv,5547eb1af17b2a0edab25edf82dac94b9fa5f8b192bf5d9bec26078d14cc53a5
repeat_03\smoke\bandwidth_pair_s0_d8_b8_r10_w1_c0.csv,47242fd6c5bf8dd958175812cd37e780c479e85506a5e3449132c2d92ef8115f
repeat_03\smoke\bandwidth_pair_s0_d9_b8_r10_w1_c0.csv,7095b9624e3864d1dbafad93b14385d394e6270efe765079bfa6d018b553e63a
repeat_03\smoke\bandwidth_pair_s1_d2_b8_r10_w1_c0.csv,bb32e130b9fe6f9800c559b7f4db2200aa180155bb365e97b932d8283d83044e
repeat_03\smoke\bandwidth_pair_s8_d16_b8_r10_w1_c0.csv,4b0016b1289ccfbf73e06310a914ea58acf43e726758ab4322fc8b84d35320ce
repeat_03\smoke\bandwidth_pair_s9_d18_b8_r10_w1_c0.csv,bf6e65a77277fa124c4e020cdda2d2aa39c0f49e7d35de28797d59faa37c1062
repeat_03\smoke\bandwidth_pair_s0_d7_b8_r10_w1_c0.csv,e296432573e81fc2c28d1007ecf5d987e6b2215d516ce25bab1fdef6b43bc5a3
repeat_03\smoke\bandwidth_pair_s0_d56_b8_r10_w1_c0.csv,038495239c3f9b286cc390298b04c7d8ce0a7a7564e2da19eefe6ea84f758de7
repeat_03\smoke\bandwidth_pair_s0_d63_b8_r10_w1_c0.csv,dfb4dc803463d1ee1eaa5e147830cf292d7d67a47b51d276ce5719308f9fa31c
repeat_03\smoke\contention_single_s0_d0_b8_r10_w1_c0.csv,0d0cda28c58becbbbed12af88f2347d0e9acd3ebdaee8c86e578447608cc64c3
repeat_03\smoke\contention_intra2_s0_d0_b8_r10_w1_c0.csv,a4ce49de5718f4ce7078b4fcefbb3acfe46f4bee86c5b308d2369b2b4c392133
repeat_03\smoke\contention_split_near2_s0_d0_b8_r10_w1_c0.csv,4c6b19b19bce70565e3f6710fa6a2d872cfcfe357226b249b55249c8f1e6b6ec
repeat_03\smoke\contention_split_side2_s0_d0_b8_r10_w1_c0.csv,8a471e610e4b931b51f3ed1ba72d4799cb4d22dab9412cd2743f050495722cbb
repeat_03\smoke\contention_split_far2_s0_d0_b8_r10_w1_c0.csv,a3c009387b5455315f75cfeb686eaca72b72c76cdc3ae71a4820b72048025c18
repeat_03\smoke\contention_incast3_s0_d0_b8_r10_w1_c0.csv,144e1e8165a30fc617f601f12b682db26d4a43a2c407cd05f4568b8fca23e09d
repeat_03\smoke\contention_ring4_s0_d0_b8_r10_w1_c0.csv,1ed73be2cbb44848d3fbea905af1bc3dbe879edff6d610eeaed0a25ad6df83e8
repeat_03\smoke\contention_alltoall4_s0_d0_b8_r10_w1_c0.csv,22a47acea72fd02ed50f3654391023752164fb9cc4b28e108f7216260f2ea34b
repeat_03\smoke\latency_pingpong_matrix_s0_d0_b8_r10_w1_c0.csv,4a91de15ef29519db8cabd6f28c7b427079f7adf3dbb0136225f368be96b9dc1
repeat_03\raw\bandwidth_pair_s0_d63_b128_r2000_w1_c0.csv,53244ab9e295fd581a8e920af93ea402dad7e752efafddc8355c18620a7215df
repeat_03\raw\bandwidth_pair_s0_d1_b1024_r2000_w1_c0.csv,75818ae61844f8d69303c419ace8655338c330456f1f2d9255a1e58809d637a5
repeat_03\raw\bandwidth_pair_s0_d9_b32_r2000_w1_c0.csv,69e7bb6b6b18000840de46c772b88afc46829a818084c2b4f54d1954121608c6
repeat_03\raw\contention_split_side2_s0_d0_b64_r2000_w4_c0.csv,59758b34e40a7df4348667d4a564741203b15a3260df8d966b6efeee78dc2254
repeat_03\raw\bandwidth_pair_s0_d8_b8_r2000_w16_c0.csv,4974f8d76c5f9602ca4c5042b028209ea6554ba08988342ca6c3f1e42229bcab
repeat_03\raw\bandwidth_pair_s0_d1_b16384_r2000_w2_c0.csv,6a7aacb0e09ac3014b38840dfba47cc900d68f02fc4545f2332ce8e5b408beca
repeat_03\raw\contention_incast3_s0_d0_b1024_r2000_w1_c5.csv,60eb1660aa6262917b39c9bd28a677edc7f97b41d8d83d12723c6e7980c2cd5c
repeat_03\raw\bandwidth_pair_s1_d2_b64_r2000_w1_c0.csv,6437cb41c6827387a1ec6b01b4ea34c9e005dc78700f96ddad13a83b9952609b
repeat_03\raw\bandwidth_pair_s0_d9_b64_r2000_w1_c0.csv,6ec95139580665fb228850870a9a2e3585a2157b80c0516a4ff2e272321bda6f
repeat_03\raw\bandwidth_pair_s0_d7_b32768_r2000_w2_c0.csv,e42626bebaaa7f607c7128c4e40c29a8bb3aa1d2777b3724290c5925cd9a72ef
repeat_03\raw\bandwidth_pair_s0_d9_b8_r2000_w4_c0.csv,c8ded5c4e292686f77da2ef74f1e3d3f29f64ddfe9b828c9fbfbb7ac0f990f34
repeat_03\raw\bandwidth_pair_s0_d56_b128_r2000_w8_c0.csv,af46f490085c45e8d9063296fcfbbd0f1a462f75fca3493526c1f3612d6be87e
repeat_03\raw\bandwidth_pair_s8_d16_b16_r2000_w16_c0.csv,45155069568be1ffdff4997f64892030c719f09ad60bbd592272d760a5e5ed31
repeat_03\raw\bandwidth_pair_s0_d9_b16_r2000_w8_c0.csv,c57f261db79174a4d0fb31188315ecab4442e1c2fab88e36c8fcc4d9e3fd76c2
repeat_03\raw\bandwidth_pair_s9_d18_b128_r2000_w8_c0.csv,f12dbcf6689cc871d492277507153fb60f90c26e07d56b46af9741a3458dfe60
repeat_03\raw\contention_incast3_s0_d0_b1024_r2000_w4_c0.csv,2b331d05f42e2e67e69307ac3e3ca268cd511f4eec5e277ec4606a202b2506b9
repeat_03\raw\contention_intra2_s0_d0_b64_r2000_w4_c15.csv,f41316615263972f56a164acb55cb21f51cd21dc58f995b187c82084a4979a2c
repeat_03\raw\bandwidth_pair_s1_d2_b64_r2000_w4_c0.csv,e12cf4664a01095746b3464fac1c739a75bc8b06793bd30c197c51b29bf5f4fe
repeat_03\raw\contention_split_far2_s0_d0_b64_r2000_w1_c15.csv,1a02807653b0599f3a3c930f2eea8c8a7cd722a5fe2bd44ea54d8805873d67f7
repeat_03\raw\bandwidth_pair_s1_d2_b1024_r2000_w2_c0.csv,219ce7dd4ce3672a9a9b14aa56e15b96558ea06cd5be5d768e20650a376a3637
repeat_03\raw\bandwidth_pair_s0_d1_b4096_r2000_w2_c0.csv,a01b62b24461a808d99e5f87ed93474405ceb43c1d9706ecabcd573c5b0e98fc
repeat_03\raw\contention_split_far2_s0_d0_b64_r2000_w4_c10.csv,a6b4418ebc43286776adc1fd8caad07152019d92383e724318dbb1687b8e7831
repeat_03\raw\bandwidth_pair_s0_d56_b32_r2000_w4_c0.csv,ab27e52ab842ff7cb4f3679603caacf66b73359094096b5ab0f7b9353e6dc7b9
repeat_03\raw\bandwidth_pair_s0_d63_b16_r2000_w2_c0.csv,71291030704c9616cf148c3c217b74f52febb2a035250e30b1873f1cd8c65642
repeat_03\raw\bandwidth_pair_s0_d63_b16384_r2000_w1_c0.csv,ee2ec06089e48431dac0581d29a9afd34559fd463e8d23024bf058f71481457b
repeat_03\raw\bandwidth_pair_s0_d8_b64_r2000_w2_c0.csv,ab7b830195cb9636786e4d43515a6da0f3b313ac32b22dd2a7102483f9dd9994
repeat_03\raw\bandwidth_pair_s0_d56_b8_r2000_w2_c0.csv,fd1a9ef107d8b0b27fe5353cd927a028cbeccfc668a3af98e726806705e25f3e
repeat_03\raw\contention_split_side2_s0_d0_b1024_r2000_w1_c15.csv,2969bf46b0c43aa9f193a46c96e8c2fb8c53b915fc39c8f1296967ff823b33de
repeat_03\raw\bandwidth_pair_s9_d18_b256_r2000_w1_c0.csv,dd40bb48f0e4ca89d7b73b229c267082227c2f7876821054dcd07dff3726468a
repeat_03\raw\bandwidth_pair_s0_d63_b32768_r2000_w2_c0.csv,8413157f7df8e1d55b53246746cd18815ad3196848539356a798b508158278f0
repeat_03\raw\bandwidth_pair_s8_d16_b1024_r2000_w2_c0.csv,37c10c362b01f13504efc04b011f3f0edd50970e735452990a784caf4f0e059b
repeat_03\raw\bandwidth_pair_s0_d1_b16_r2000_w2_c0.csv,2a7f73df0432762c820cca9f30375ac8965cfda13372669816b13a162ccf8abb
repeat_03\raw\contention_single_s0_d0_b64_r2000_w1_c15.csv,196aa9ba9aa53f7dca8dabd7fc69e2d08fcb4e51d71c53718656388e77c0a3a0
repeat_03\raw\bandwidth_pair_s0_d9_b8_r2000_w1_c0.csv,b126534318444a1bfd46492058663c9c1ffdc8275664269b3ed2e27857e4c59f
repeat_03\raw\contention_split_side2_s0_d0_b64_r2000_w4_c5.csv,af491423bfac4a8ef95ebd5163d037bba294876012878c5ef3b31212c5263483
repeat_03\raw\bandwidth_pair_s0_d1_b64_r2000_w4_c0.csv,c182e8aac55b600ef2bacaaf155a4dea29910efeaf7854ccfc1dd4024d2f73b7
repeat_03\raw\bandwidth_pair_s0_d9_b128_r2000_w2_c0.csv,5ee69062923a612fa5477d765392690dabea5785b3f4111563cb9eea024e3f86
repeat_03\raw\bandwidth_pair_s0_d56_b4096_r2000_w4_c0.csv,18a5adce77a5ba6e04db96caffbce60f2c3b8d86885967fe5a9fd63c2fb8ddb5
repeat_03\raw\contention_split_near2_s0_d0_b64_r2000_w1_c15.csv,f0f7c88a79e07914aa76b58008e443c0226831d616f57e2a0d9f0aef6c3c18af
repeat_03\raw\contention_incast3_s0_d0_b64_r2000_w1_c10.csv,c69fe5cc599960a04011c23f33a5d66810cea7e41b07ed3501317bcf005cd472
repeat_03\raw\bandwidth_pair_s0_d56_b128_r2000_w1_c0.csv,1498927fcbf0b623c442f051c66a0f46c17909f6c75076b84f87210a9c68542b
repeat_03\raw\bandwidth_pair_s0_d8_b4096_r2000_w16_c0.csv,59bd2b35a96743951721ce76870c02600ff7f14265665e729602a7f1e1d8d54a
repeat_03\raw\bandwidth_pair_s8_d16_b256_r2000_w4_c0.csv,432a5a4160d40025d28dcd176637513b9263f38c53672e0ea7b67912433a43aa
repeat_03\raw\bandwidth_pair_s0_d7_b32_r2000_w8_c0.csv,b02508c82f9903922345213a49e9db3f745eee194ea4feb3a84d0274d2d1c753
repeat_03\raw\bandwidth_pair_s0_d63_b8_r2000_w4_c0.csv,cae0c60beb69c89242848b3ab6de962781ea078a03d6887d32e442b74077cde3
repeat_03\raw\bandwidth_pair_s0_d7_b4096_r2000_w8_c0.csv,415a3b947ffd20be6ab86ffd9e1fcdc72787d7503dbad679531d76ea43826860
repeat_03\raw\bandwidth_pair_s8_d16_b128_r2000_w4_c0.csv,e1a76b82dd67e1b831d207559f6d4ac1bc20fee8fe1ab5cd871eec3cfd793e49
repeat_03\raw\latency_pingpong_matrix_s0_d0_b64_r2000_w1_c0.csv,9b125193b0850f1adae0b6e4c8a2e440e24a555e3c8e5b1a668649fe8c08bf9a
repeat_03\raw\bandwidth_pair_s0_d1_b16384_r2000_w4_c0.csv,371830a9aa7986e5dbb11a4e67a31b4039594b5817e06c4a431d370eaadab97d
repeat_03\raw\bandwidth_pair_s8_d16_b32_r2000_w16_c0.csv,57fb787c2b0a656a35378399409cd0bd21e2541d5a46d79e1c7f1b971f392928
repeat_03\raw\bandwidth_pair_s0_d7_b65536_r2000_w1_c0.csv,51aebb87bc0f26cdd07f24fd6a3ece73af979c811eebd22276d2ef08a84f0954
repeat_03\raw\bandwidth_pair_s8_d16_b4096_r2000_w16_c0.csv,71aa44f95c4a92f8c56b5e5f8d6cb79b85d0362e7519fa5a10827a353849f55b
repeat_03\raw\bandwidth_pair_s0_d8_b16384_r2000_w1_c0.csv,ce030a409fef607a1d04ab9428f3b526c4492c8d45324ada409f9a45ef821375
repeat_03\raw\contention_ring4_s0_d0_b1024_r2000_w4_c15.csv,0d2a1aff0b5ba4336350bdd19793871faa39ab2d94259cfc67efb2cd611d46a4
repeat_03\raw\contention_split_near2_s0_d0_b1024_r2000_w1_c10.csv,dd4c4f1ee82d88ecb53a276e36834930578ed5e50871bfe0b4366e6483a9ae3c
repeat_03\raw\bandwidth_pair_s9_d18_b32_r2000_w8_c0.csv,e460ef2a3faa3ffd3255a147e83303a86f614a4116170a33f79f34222bb71671
repeat_03\raw\bandwidth_pair_s0_d63_b64_r2000_w1_c0.csv,29daae0b45991f1083bfde8407d8d250ed0fc8d29289f851d498abe8211ebe43
repeat_03\raw\bandwidth_pair_s0_d8_b8_r2000_w2_c0.csv,505e7350541435d560fe2d685635698797090399b398dde11e55f9b9f151a011
repeat_03\raw\contention_single_s0_d0_b1024_r2000_w4_c5.csv,d1fafbea335e2cec4aff31fbadfa7bfb0673f4161263dabaa8342c0fea608829
repeat_03\raw\bandwidth_pair_s0_d1_b1024_r2000_w2_c0.csv,7d0bccef30cdf17c9bd225513f0ffbdc8e7888421faaab772bdf6e7b0c8e12a2
repeat_03\raw\bandwidth_pair_s0_d8_b16384_r2000_w2_c0.csv,f59f6ca9ec157db3817b124b0a61367a4c1f310fa1e008d05e64f7d6d2e2f777
repeat_03\raw\bandwidth_pair_s0_d1_b4096_r2000_w1_c0.csv,8e5157461e1149f1251ad2b6122ae6b83bb4d9fdb65c4d9ae954e3a15ccf4355
repeat_03\raw\bandwidth_pair_s0_d8_b64_r2000_w16_c0.csv,78b8bfda020791e4f0b3347edd0801f6a168552c3b60a75bb3bdbf9033e1de96
repeat_03\raw\contention_incast3_s0_d0_b64_r2000_w4_c10.csv,29d544d13ace766a4e0f02e3c78069c4880ee927804f5d1e8fcba67002089e4b
repeat_03\raw\bandwidth_pair_s1_d2_b128_r2000_w1_c0.csv,753b7a8a56c1f0910ed44b843f33e83cba274e1e1037cf08502051e3db0e0f9f
repeat_03\raw\bandwidth_pair_s0_d7_b8_r2000_w2_c0.csv,c18f05c09712b5f13c1d9172815a90c03734326bd1e857c824c1e479cc0e6683
repeat_03\raw\bandwidth_pair_s8_d16_b16_r2000_w2_c0.csv,29dd8523248cb00de84daefd81398b061f968181969d9f470f591b2b6c2e4311
repeat_03\raw\bandwidth_pair_s0_d9_b1024_r2000_w16_c0.csv,76395635c997cd012eca1f9e5629f9e5fb6808227622a5dffdb4d9958f044452
repeat_03\raw\contention_split_near2_s0_d0_b1024_r2000_w1_c15.csv,d52381f430ab51af6f5a916268968c525280639b93dd5abeb949572cb3d2cfe4
repeat_03\raw\bandwidth_pair_s0_d9_b1024_r2000_w1_c0.csv,623cb3e6888ba607698b2b98b37b30015df7b2ef0e6f9ae1dc2e55d50f4752c9
repeat_03\raw\bandwidth_pair_s9_d18_b16384_r2000_w1_c0.csv,fd463bb1bb852f43ea3a463312282b4ce30cadb9bd150782e04193dc0c0ec478
repeat_03\raw\bandwidth_pair_s9_d18_b1024_r2000_w2_c0.csv,f7121d018001eff38354348966813e903a48f7ee471a4aa8f285266f95e85c70
repeat_03\raw\bandwidth_pair_s0_d9_b4096_r2000_w2_c0.csv,42f00ecc3313ed89d1c2bb3f5c62c90835402dfa7113e80f9394be7d1950e754
repeat_03\raw\bandwidth_pair_s0_d9_b128_r2000_w4_c0.csv,1ad1c00268084f448c655eedab5b9dbfaedd524749b4accfb6da1244c11845cd
repeat_03\raw\bandwidth_pair_s0_d63_b32_r2000_w2_c0.csv,f8bb91defd6b9aa2df072b3f24d868a80795d40b60de82195c0f68062c12ef5f
repeat_03\raw\bandwidth_pair_s0_d7_b256_r2000_w2_c0.csv,e2a211cb8e761f51b3a927ad26166ba8bcb844ffb34a2807bf78ff66684f8973
repeat_03\raw\bandwidth_pair_s0_d8_b16_r2000_w8_c0.csv,f4d876edfe14f73b440d0f33e089d3e807141adbab47555474d6272206ac892f
repeat_03\raw\bandwidth_pair_s9_d18_b1024_r2000_w8_c0.csv,d425a311e3d40a887c9ad261781960ab9c8f59f65aae9df012853c168cd08c49
repeat_03\raw\bandwidth_pair_s0_d1_b4096_r2000_w16_c0.csv,b31f12dd6a909ddab555833fa46c54bcf83edc631fc7baa8bc05b72971b277d6
repeat_03\raw\bandwidth_pair_s0_d63_b16384_r2000_w2_c0.csv,295365e031ccba4ee10d0eb446de6fa8b318844e5833a5333f2f425550e03d7d
repeat_03\raw\bandwidth_pair_s0_d1_b8_r2000_w16_c0.csv,ba03d2612f8fce53c8b5a138c42606445759684a4513dc7ad5c1cb0f5de9b084
repeat_03\raw\bandwidth_pair_s0_d63_b32_r2000_w1_c0.csv,e5af90347c45e583993c92cf2bab5aa4069135ef8dbce3970f737910b46caa42
repeat_03\raw\latency_pingpong_matrix_s0_d0_b256_r2000_w1_c0.csv,725faca4c849ac28acbcb47fca10fff2e836fc112e1805c00c68448652d4126d
repeat_03\raw\bandwidth_pair_s0_d8_b128_r2000_w2_c0.csv,b37e3e1d68cacd9189291db19590a100eeb4e8cd2a7e8a2d459a98da1d0d5a36
repeat_03\raw\bandwidth_pair_s0_d56_b64_r2000_w4_c0.csv,773d491e670111cd3af2ed74b66b1ca3ed1163ac297f663fd998874dbd633154
repeat_03\raw\bandwidth_pair_s0_d56_b4096_r2000_w2_c0.csv,f8c4ded58af38eec68d725ccc7fa9979beb85b587f0620645ea2590140f7c8b3
repeat_03\raw\bandwidth_pair_s1_d2_b128_r2000_w2_c0.csv,5c65624185a00c6233712b0cb61ef4d56c51c9becf0ceab2365772f41c5fe11d
repeat_03\raw\bandwidth_pair_s8_d16_b32_r2000_w1_c0.csv,8392251a16c067fc44751bb8689a31a261100ed8961697b32bdf3dfdce81ee69
repeat_03\raw\bandwidth_pair_s0_d1_b8_r2000_w4_c0.csv,901fa586502900be425e9b403a93c78529ba067440892edea7222e874b803782
repeat_03\raw\bandwidth_pair_s0_d7_b256_r2000_w4_c0.csv,f5c81a0217ad9c597d2a76cf6e6ea69d1ae23728ae051345f701f546ea0f3277
repeat_03\raw\bandwidth_pair_s0_d9_b16_r2000_w4_c0.csv,3d4ebd8cca5e2916bd2f91417bf60ab2623f9bb72f6325b568cb841d20c25fc2
repeat_03\raw\bandwidth_pair_s1_d2_b64_r2000_w8_c0.csv,f94e4025ff2efc43e38861b8f1223822f7e4837ae2ba8f139353dd7bdde8d6c7
repeat_03\raw\contention_split_near2_s0_d0_b1024_r2000_w1_c5.csv,0e7134c54a3d159c8730d5ddef348679b7136e877acb5f7a9f2ccd94c1a255b3
repeat_03\raw\bandwidth_pair_s0_d56_b256_r2000_w2_c0.csv,0e834bccd0e958952a32d4e47c201d438ac421ede1fefab1bed5c87d06fd2882
repeat_03\raw\bandwidth_pair_s0_d9_b32768_r2000_w2_c0.csv,5cc14ba175a8466f116374165cafec9d5d25037b2dbf0565644663ee7dff9a53
repeat_03\raw\latency_pingpong_matrix_s0_d0_b128_r2000_w1_c0.csv,6698a811b7e538a4463909d8b7ee2618e82dc670b1a42de3dad36bc0c2af1344
repeat_03\raw\bandwidth_pair_s0_d9_b16_r2000_w1_c0.csv,449b1ac01eea184ca17a909ffcbbc55c0ee16196b33152917556b35c6ac70907
repeat_03\raw\contention_incast3_s0_d0_b1024_r2000_w4_c10.csv,5a04687da6d2f785174af94bfe7011d6997b20c1bc686847bd00bb2b5d35fea9
repeat_03\raw\contention_split_far2_s0_d0_b1024_r2000_w4_c5.csv,43cd076f3ee78701807551e70109651a6adb1d66dc43cbbf216b1f40d7baec34
repeat_03\raw\bandwidth_pair_s9_d18_b64_r2000_w16_c0.csv,d804d233b70259b5bd8d6cb05eba2aaf479ce7e7c0bc1051f73797e112bd434c
repeat_03\raw\bandwidth_pair_s0_d7_b16384_r2000_w1_c0.csv,5d146ccc38f8f255250b00e9278faf6c2c0423e7cc0ed479d0a5c2957edc1b3e
repeat_03\raw\bandwidth_pair_s9_d18_b1024_r2000_w16_c0.csv,206c6a384204f2052e7a890613af916e8cfbe3188c1c751e6c8fb078546f2e22
repeat_03\raw\bandwidth_pair_s0_d1_b128_r2000_w2_c0.csv,973ce65711f2aa370aac2ec18330a2870cc54b7e74dd8a9f1009416d46e18526
repeat_03\raw\bandwidth_pair_s0_d8_b128_r2000_w8_c0.csv,42aef7f92477a953ef152176dbed9bc1fbd7c345b0e9cf3864775c8a81188b4a
repeat_03\raw\bandwidth_pair_s1_d2_b32_r2000_w16_c0.csv,01585aacbd3491dd3ac65749f3f33c56acd5312ab5d9e3bdc24a8a436d7f62dd
repeat_03\raw\bandwidth_pair_s0_d8_b256_r2000_w8_c0.csv,75348f4287eccf42c18c5abddcae4a333900095ad38ae034ed156e18642748ad
repeat_03\raw\bandwidth_pair_s8_d16_b256_r2000_w1_c0.csv,4b92be93ed6c7e2fd7146eb750af217a4b4e9d4453dc48f6a7f09c5e65e1cfed
repeat_03\raw\bandwidth_pair_s0_d7_b64_r2000_w1_c0.csv,25480642866d635872c91dce521b19e24879a6f486d24160a6962acb3412392d
repeat_03\raw\contention_alltoall4_s0_d0_b1024_r2000_w1_c10.csv,f7157c24e8a84e387bf73f1175d15388200c8f4791d3bee2781e8f1ba31e1fee
repeat_03\raw\bandwidth_pair_s1_d2_b64_r2000_w2_c0.csv,f198734512277297caf26d2529ef8ac879a8fd6fc96e07d79876ead0d96638ce
repeat_03\raw\bandwidth_pair_s9_d18_b128_r2000_w1_c0.csv,90e5e28b1e729ae39f3b1ff493f277ce064482bf72594c65ea49d345b80e252f
repeat_03\raw\bandwidth_pair_s9_d18_b256_r2000_w8_c0.csv,a892349421794222e66705be467da212b0f1047417a92c145bc77b8fb2a68bde
repeat_03\raw\bandwidth_pair_s9_d18_b256_r2000_w2_c0.csv,57bd5ada34a59dcc59626712013754d1247835571389eef7c60ba9ceb3f0f9c9
repeat_03\raw\bandwidth_pair_s0_d1_b128_r2000_w1_c0.csv,e100d0cd581363f062a8222715042d3b2a4bf0d05add25947019041171b90cce
repeat_03\raw\latency_pingpong_matrix_s0_d0_b16_r2000_w1_c0.csv,89f9b3d9aceb5709aeb3bd39586ba94c958dd83ac0ef68f368eb46aa3bf2c6cf
repeat_03\raw\bandwidth_pair_s8_d16_b64_r2000_w1_c0.csv,06028982fd7c04e45379c83f483b6df505b9d1996d902fd05b286db67eb1bd95
repeat_03\raw\bandwidth_pair_s1_d2_b1024_r2000_w16_c0.csv,3c1194f280d5b8f35af1b535cce6a651db0362dee68f5ac2318adaf0095bdf22
repeat_03\raw\bandwidth_pair_s8_d16_b128_r2000_w16_c0.csv,73dd075d15d9fe5f1fea131f5b6eead83580bb6b47fc5024e067a9d601633372
repeat_03\raw\bandwidth_pair_s0_d7_b1024_r2000_w1_c0.csv,76eac74c4f07cd9a3f2d05f1c57539a867ae969d50bb4074618987a9c932888f
repeat_03\raw\bandwidth_pair_s0_d7_b64_r2000_w4_c0.csv,795624c217a5073eb11d92de9ddba1dd8204887455c59bb545a2ab9e256ce693
repeat_03\raw\bandwidth_pair_s0_d56_b64_r2000_w16_c0.csv,573823cbddea7e82a37fd14a0530e156930d5c84543d315b34a2f4f0910f725f
repeat_03\raw\bandwidth_pair_s0_d8_b65536_r2000_w1_c0.csv,3ef57a224ec6ffd579f1a596c96cdd3ddc8b3939187d71ce5e2dd72e25922976
repeat_03\raw\bandwidth_pair_s1_d2_b32_r2000_w8_c0.csv,de5893c7161c8403ff58e3db2e43acfc1a18cb1b79b2614f1a4680ca7eb344ef
repeat_03\raw\bandwidth_pair_s1_d2_b8_r2000_w1_c0.csv,eb397e4e5476ad096916602857b21eb437f8df9573812ff6b870636db995aa47
repeat_03\raw\bandwidth_pair_s0_d9_b8_r2000_w16_c0.csv,119829022c2a638a7f6ae9b5b9ee72d0be97cd4c79084d8d34dff83f1929241e
repeat_03\raw\bandwidth_pair_s0_d1_b16_r2000_w4_c0.csv,e9889bc7bd9d1e47d196f2f7bd932d34621af653c0c564b73286bd90f55e8535
repeat_03\raw\bandwidth_pair_s9_d18_b128_r2000_w16_c0.csv,a38aeb67aad6f3e5f14e02e8d7595eafd5873f10bbbb22568cccb381d544bd37
repeat_03\raw\bandwidth_pair_s8_d16_b64_r2000_w16_c0.csv,fd271fcc91be23446b1cc6e2e7d179a2110fb42296ebc0f3f2ecd65efb432b9a
repeat_03\raw\bandwidth_pair_s1_d2_b8_r2000_w16_c0.csv,c5e4cf81ccc99c98c8611a927cedfa8b48b17c679e581eb5b2aaa01a13b19be5
repeat_03\raw\bandwidth_pair_s0_d56_b32_r2000_w8_c0.csv,78d271377d0bc7927f60a3a8a3eee1c6d42dfeac1046cbe37d2a54ea3b8c3e4a
repeat_03\raw\bandwidth_pair_s0_d56_b65536_r2000_w1_c0.csv,49297aebdaa57d9665962e592adb1dfd3a70fb6852ed57ec942dafcfc4059503
repeat_03\raw\bandwidth_pair_s8_d16_b4096_r2000_w4_c0.csv,2db55781142a013e1c91bb60bcd5c9dce1818f198d25e8b5615a601603fd607e
repeat_03\raw\bandwidth_pair_s0_d63_b64_r2000_w8_c0.csv,178957399907e7eb790a9dcf5d2e391f92c245ccc16c3772ab2f89b5cf81cf8b
repeat_03\raw\bandwidth_pair_s0_d9_b1024_r2000_w8_c0.csv,ee5c2ea6abb663dbb85fd05ae03dbdf79d774ab9992a759a99c4a3dbc45fd58f
repeat_03\raw\bandwidth_pair_s0_d63_b256_r2000_w1_c0.csv,a7f77507944f70a37560382a99898f487cc58ed9197f225a3008bc3899adbb50
repeat_03\raw\contention_ring4_s0_d0_b1024_r2000_w1_c10.csv,9b0985e4eafbd6d9af0ea4ae9e2051605b3ef6ec89c378021314cc36c3f11331
repeat_03\raw\contention_alltoall4_s0_d0_b1024_r2000_w4_c0.csv,eeee4f9941737551e7eb446411f764d88780f6710a687738611284454315d37f
repeat_03\raw\bandwidth_pair_s0_d9_b16384_r2000_w4_c0.csv,cb2a3bb17318b9cd3b1ee50636288609a6478973439ebb42dec13463c526cc9c
repeat_03\raw\bandwidth_pair_s8_d16_b8_r2000_w8_c0.csv,d4748ceccc9678485fcdf8c67f21863dde5bfa925f700ada5d9f9d2c19cb5690
repeat_03\raw\bandwidth_pair_s9_d18_b8_r2000_w4_c0.csv,2e76dda56e0aa3d8d6d74c9528d8cea0aa373a160e3548a8f793580cba15c844
repeat_03\raw\bandwidth_pair_s1_d2_b32768_r2000_w2_c0.csv,218d5e121afb05882e996af0e63304eead4f7c8a8c364904932d7fcf7d285a85
repeat_03\raw\bandwidth_pair_s0_d63_b128_r2000_w16_c0.csv,6967ec9fd6d543eef4b39c1ee8eb84d59f242f5a5058afb18234282e8af525a7
repeat_03\raw\contention_single_s0_d0_b64_r2000_w1_c5.csv,24e21332a04ea39ae24e111ede1f5db7546b292fba78da7de30a5fbe6d490f5b
repeat_03\raw\bandwidth_pair_s0_d8_b32_r2000_w16_c0.csv,9c55647670751446bf825a2dc61de50a8ac765766fb3821e2007df861ee80034
repeat_03\raw\bandwidth_pair_s8_d16_b32_r2000_w8_c0.csv,c8c30c7124b74bbf78889be97b1e07217ed2903ca75c337b37a5d334e1439312
repeat_03\raw\contention_split_side2_s0_d0_b64_r2000_w1_c15.csv,e5db394b40428da1eae613fbf0351dbbcf917040ef7f6849078d45c83a79e966
repeat_03\raw\bandwidth_pair_s0_d8_b4096_r2000_w1_c0.csv,9aaf8a06d3ac1601d0b47f646616968fd968679fe4bd600f2d0aa6770f6dbc88
repeat_03\raw\contention_single_s0_d0_b64_r2000_w4_c15.csv,723197b00390796cfd816ebe3d75ea69aa3eefa1fa6a6acc086c662dbbc5ad4d
repeat_03\raw\bandwidth_pair_s0_d9_b16_r2000_w16_c0.csv,b78b0910e5f269611e00866bdd28886ab22e66d23d9e288fbd8c8511de363115
repeat_03\raw\bandwidth_pair_s0_d63_b1024_r2000_w16_c0.csv,3f2bfe1c7fff25f0fcfe2467ed4ceaa2f8acd603e1f87c20044823c47b55fa45
repeat_03\raw\bandwidth_pair_s0_d7_b4096_r2000_w4_c0.csv,692d6790d443921fd0bd49be447c31603f9c7f28774016cfdd78aaa01916c869
repeat_03\raw\bandwidth_pair_s0_d56_b4096_r2000_w8_c0.csv,95e2d1a9b9968f5f9a55277bf941897c80df8d90ce36b0bafdec8c1fe8b0d691
repeat_03\raw\bandwidth_pair_s0_d1_b64_r2000_w8_c0.csv,f6b10f9e1b0a776c47b65c0d00eb5854a46d3c94ea21eb31198f1b32aa8de144
repeat_03\raw\contention_split_near2_s0_d0_b64_r2000_w1_c5.csv,46d8bec9046aa51bac1a3bc5e8f21b9bf1a38a4171a8735e25edd31ee3d2e798
repeat_03\raw\bandwidth_pair_s0_d63_b128_r2000_w8_c0.csv,43cdf8efe2649dead8c7c9e453bfb1a25544860bf0c245c1b3d27cbadc147b04
repeat_03\raw\bandwidth_pair_s0_d7_b256_r2000_w16_c0.csv,5ab5e6939db4df35b1b9052e1f326d2fd2bf6ff68092a1d139bcc65b59368d17
repeat_03\raw\bandwidth_pair_s0_d63_b256_r2000_w4_c0.csv,cca9dd4aab3b74423026a3e840e3eef2ceffce9851b97536465090e508f4d4bf
repeat_03\raw\bandwidth_pair_s0_d8_b1024_r2000_w16_c0.csv,f3ad880c9b4a66f177ecd3ca2989b82c52ff6e5111a84797f01c77cac775ed6e
repeat_03\raw\bandwidth_pair_s0_d63_b256_r2000_w2_c0.csv,6d69d2a806bcfbc3317b1f627019bcc7efe5f9dbdaeef4ded4fd6aca415c7d67
repeat_03\raw\bandwidth_pair_s0_d7_b128_r2000_w4_c0.csv,b64b8274d1d3b5ad54b4e9e60488e3a29a58012cf3844c3d88262cb5a3733598
repeat_03\raw\bandwidth_pair_s0_d7_b128_r2000_w8_c0.csv,73d7413a428351fdc799a6db094276b7b3066e748c85d64ce56b4d7d2e89590d
repeat_03\raw\bandwidth_pair_s9_d18_b32768_r2000_w1_c0.csv,aa7a3a2e9d7270aad7def00823ee783d274350caf699fa41226a04911ecb47d4
repeat_03\raw\contention_split_side2_s0_d0_b64_r2000_w4_c15.csv,60df0a853933c9f71d5df6e198e5a5c3b0b04c9775c09f8977fd09cdef45726b
repeat_03\raw\bandwidth_pair_s0_d7_b128_r2000_w16_c0.csv,cfc62aac457f3ece00a967500bee5e7c856596d894bea0a4e013e40b6507f75a
repeat_03\raw\bandwidth_pair_s1_d2_b128_r2000_w8_c0.csv,af5ebec92bbcb34fa5e58fc93455a91db69fb09086528e47f7ad03a8ae25f30f
repeat_03\raw\bandwidth_pair_s1_d2_b256_r2000_w4_c0.csv,200b2d5620dc74e23c72b7a3c85f4bdf1fbf6c3b40e22d2ded360c7e93604c13
repeat_03\raw\bandwidth_pair_s0_d8_b256_r2000_w2_c0.csv,257e66ef0d65bea519b5303b73ce8145d2f1649897c43184e4058b165a379b1d
repeat_03\raw\bandwidth_pair_s0_d9_b64_r2000_w4_c0.csv,8a779519e6c717ce3f3ba9fe3ca7883930edde8744784b6a609e50a2fbed25b8
repeat_03\raw\bandwidth_pair_s1_d2_b4096_r2000_w8_c0.csv,32e1cc8123910fa5c02ad588b8d3db83102f8cd9990a3f17693b7a9033499c58
repeat_03\raw\bandwidth_pair_s0_d8_b128_r2000_w4_c0.csv,71f4833107d32f74103afda8f5247c808c5db9297092599a74dc48ab1f462e37
repeat_03\raw\bandwidth_pair_s0_d7_b16384_r2000_w4_c0.csv,b4374bb37b306bc1e5eae02f4d7d08746dd060625a3456d7284ac4131e941194
repeat_03\raw\bandwidth_pair_s9_d18_b16384_r2000_w4_c0.csv,82d20d635c9594ecf8903bbdb2271203aac420381a235dc1f0c9c86b7a47ce09
repeat_03\raw\bandwidth_pair_s8_d16_b8_r2000_w2_c0.csv,ce60c06a202ec9a81c16d08718bfcf09938340762ee3c92c90214953bde5c195
repeat_03\raw\contention_ring4_s0_d0_b64_r2000_w1_c5.csv,4bb284b07b5266d6c2c3a53a3daaafcab1d68f1f6f6f6e6630f125b06a8487fc
repeat_03\raw\bandwidth_pair_s0_d63_b64_r2000_w16_c0.csv,5e121b932f6051a3916abaf66e4bc283d066a1ce43ad3ebb22d008877b7c6355
repeat_03\raw\bandwidth_pair_s0_d8_b32768_r2000_w1_c0.csv,a1163444c2024a952330527052187a84eac1d368231e6f39130c9d1cd6d20687
repeat_03\raw\bandwidth_pair_s0_d56_b32_r2000_w2_c0.csv,077c614062d8c00a6764343bd6ce5e2347a9f108070602cfc84417221849034c
repeat_03\raw\bandwidth_pair_s8_d16_b16384_r2000_w4_c0.csv,173af31ffc6eb9f0d37d2c74e1c88ae39bd02c97ff401301b9a2f83810d5ed8d
repeat_03\raw\contention_alltoall4_s0_d0_b64_r2000_w4_c15.csv,93b3b85150e92852584529ba663a43f027f8cc6cc5d74918c95974f87db5b147
repeat_03\raw\bandwidth_pair_s0_d8_b128_r2000_w1_c0.csv,b924473cf81f297bfb5a13d184df8757fa6428f183a152241f3010833dcebe33
repeat_03\raw\bandwidth_pair_s0_d7_b32_r2000_w4_c0.csv,0bd047733da85be7eaae8250c6e7dcd98962b046dea1373b45a3b5282b93d8cb
repeat_03\raw\bandwidth_pair_s0_d9_b8_r2000_w8_c0.csv,33659ed256961254fb61ae9601d0300290297ec63a21cc3fe1c846e1d564c238
repeat_03\raw\bandwidth_pair_s8_d16_b64_r2000_w8_c0.csv,e3e26ba902f642f691a8ac02ab57d6ede5e7c2817176ff118a9c3483a9079f14
repeat_03\raw\bandwidth_pair_s0_d7_b32_r2000_w1_c0.csv,4fe7d1777c169f48c1159c11dda9686726a08e78ec49e3b365be7b5c851a0873
repeat_03\raw\bandwidth_pair_s0_d63_b8_r2000_w2_c0.csv,b2312b6af3686b80285f374c0b5b7aeadff12ab9cdd6c148e6058628ab448146
repeat_03\raw\bandwidth_pair_s0_d56_b1024_r2000_w16_c0.csv,2244de62a29bfd40d8caab2bb01b3e757c8dad59f5ddadb578a63e1f3a694a47
repeat_03\raw\bandwidth_pair_s8_d16_b256_r2000_w2_c0.csv,6327d2cd5390a29f0bd4d444486248d3ccddaea904c88daad12211a9e767a360
repeat_03\raw\bandwidth_pair_s8_d16_b128_r2000_w2_c0.csv,a643f047ddaede53ab8de07a4394e52079433fe2310dc56cad23bced14604e2a
repeat_03\raw\bandwidth_pair_s0_d8_b16_r2000_w16_c0.csv,41091536027e98c2bdeb971adf88cb86d88a129894221ecdf8ab77c338239157
repeat_03\raw\bandwidth_pair_s0_d7_b1024_r2000_w4_c0.csv,3bc3bda76dd7b316228075a1ee07ef6d826f7bf17311092890ffbafea757ff19
repeat_03\raw\bandwidth_pair_s0_d63_b16384_r2000_w4_c0.csv,708e7ee790b1d1d2bac4016d50393e4f2918f7016ec2b71fae1962f52f615240
repeat_03\raw\bandwidth_pair_s8_d16_b256_r2000_w8_c0.csv,e6fd529477a8b3eae1afab691857c72252166a2633714ffb6d198e8215a032ad
repeat_03\raw\contention_alltoall4_s0_d0_b64_r2000_w1_c15.csv,508733b065c066db586d15d4c9e61165534c3cff6149967949504832902a4d37
repeat_03\raw\bandwidth_pair_s9_d18_b4096_r2000_w1_c0.csv,865dfddd47be24d7a78da0f53a614fac3ddd9b522540fed75edab350a0883ab5
repeat_03\raw\bandwidth_pair_s0_d1_b32_r2000_w1_c0.csv,a59215325d209e01fb1df5c1d75a62a4dc35ab080b4b970a7a54088c1cba7852
repeat_03\raw\bandwidth_pair_s9_d18_b256_r2000_w4_c0.csv,38b6756f1a7bcc5ff773fa93b15dd33f12b67d48b6a60b466456fa74fb314efa
repeat_03\raw\contention_single_s0_d0_b64_r2000_w1_c0.csv,8d3089af647143248b7d20ca11530da162e1de6c103c4e31d6363122cc0ae007
repeat_03\raw\bandwidth_pair_s0_d1_b16_r2000_w1_c0.csv,8f14beb607cfd9f4a26db4285913a3d6f991108862a2614b4827397a569601e2
repeat_03\raw\contention_split_near2_s0_d0_b64_r2000_w4_c0.csv,7328f569bb84c4b67c470e21d7d025573e8403acaaf530b1a4745dc80aceb34a
repeat_03\raw\bandwidth_pair_s0_d63_b256_r2000_w8_c0.csv,2f6f0a87648fd8fa9aeebca1f9a0ceeefd0f35bb1348c16b6ab84a95310d6024
repeat_03\raw\bandwidth_pair_s0_d63_b65536_r2000_w1_c0.csv,3e977fb22a8f6a8b58d4351108920891ea6c9fecc4dcc4672b543e5d801dd095
repeat_03\raw\bandwidth_pair_s0_d7_b1024_r2000_w16_c0.csv,2ee311d20a1a186fffad8d4492df6ca56d48ec575208cb3d6371a028db502d89
repeat_03\raw\contention_split_far2_s0_d0_b64_r2000_w1_c0.csv,16ca4f9cb8c93d107496cbf45f33962161443a17eea22d7ffcbe6fcbb9b27c6e
repeat_03\raw\contention_incast3_s0_d0_b64_r2000_w4_c0.csv,17a9af00cc14249a77c122fd8179f220262cf093e665a575dbf3471a348b59f5
repeat_03\raw\bandwidth_pair_s8_d16_b32_r2000_w2_c0.csv,f54865136b7f551b70422d4a4db395c9096cae11c529976e58cc87d8703a833c
repeat_03\raw\bandwidth_pair_s0_d9_b64_r2000_w16_c0.csv,aea91c0a00fcb60f5357468b6026d739e55ff63d99474474a27041bb2d19d545
repeat_03\raw\bandwidth_pair_s0_d63_b16_r2000_w16_c0.csv,de5dd03dc24fc6f2324d1d9e8cac0ed2883c612f16719f55298a0a5507e53cd0
repeat_03\raw\contention_incast3_s0_d0_b1024_r2000_w4_c5.csv,b06d9a236ade68272f04608b0f39b191aa1c4708a0d373894612f41811fe2023
repeat_03\raw\contention_incast3_s0_d0_b1024_r2000_w4_c15.csv,8ca6cbf28a88bb700e188b4b1b94d481bf3d2e6dcb375cc1d874c795a286b91e
repeat_03\raw\bandwidth_pair_s0_d7_b128_r2000_w2_c0.csv,6b50bd3ec74832b744e0ef58c90a8f0737204410eb4b9f48c1b663b5d81f3e0a
repeat_03\raw\bandwidth_pair_s0_d8_b32768_r2000_w2_c0.csv,2fd3562b6222b807b9004a311f064568eea053a363eca15a3d5d2ab919201a44
repeat_03\raw\contention_split_side2_s0_d0_b64_r2000_w1_c10.csv,9d1f39cd549e142f82aa79a1a7c07b0f09323582cbafe624edbcad883caaf08c
repeat_03\raw\bandwidth_pair_s0_d56_b1024_r2000_w2_c0.csv,71906d028567bb9118b1583aa8136f5d83b24ab829658f3d4c94ec5380dacd39
repeat_03\raw\bandwidth_pair_s8_d16_b64_r2000_w2_c0.csv,3c7c756f890ee8ccf43da7f58d02c5eeb0036216fa835cc5b4118c8d9480f7c4
repeat_03\raw\contention_intra2_s0_d0_b1024_r2000_w1_c10.csv,90ab788fe443d3cbbdb9452b2df6c63ddf84a58f166987462a83db9e8ac997d7
repeat_03\raw\bandwidth_pair_s0_d56_b16_r2000_w16_c0.csv,c2e5fe78a876c0af6c2f9e4a2e56e15b72b5a72e4ad0c6e17ccd2b1f6ac387c0
repeat_03\raw\latency_pingpong_matrix_s0_d0_b8_r2000_w1_c0.csv,2e57254a61fc509b05bb3cd2fa4639607a7f6cdcc06f56f8afe65da15c9ced42
repeat_03\raw\bandwidth_pair_s0_d7_b64_r2000_w8_c0.csv,2a8bb3a2e0f87e4730a484f31c2919f2645aab79fd9fe9395772d24fdcce4ae9
repeat_03\raw\bandwidth_pair_s0_d7_b1024_r2000_w2_c0.csv,98340a54ee3001cf1cd8a7bed9a54b3ef005ecddd3934c36779de145bdc6679d
repeat_03\raw\bandwidth_pair_s8_d16_b1024_r2000_w4_c0.csv,4da4c3b5f894d9684cf1575c1a420ce96d728de7381e4c7a824fb2e645edb11c
repeat_03\raw\bandwidth_pair_s1_d2_b16_r2000_w8_c0.csv,010f0bcbd74fbf091af71580930bb3d7e3ab8744b38d346823d27fddd0e28668
repeat_03\raw\bandwidth_pair_s0_d1_b4096_r2000_w4_c0.csv,1498ba5d3a766803af78a9053d96a62cb54086af97183896e7373046ac6622a8
repeat_03\raw\contention_split_near2_s0_d0_b1024_r2000_w4_c15.csv,205e62fb834e3485e071ee9bfc316499d5ed23d3496c4d03d47abb7ed0a0a3d6
repeat_03\raw\contention_alltoall4_s0_d0_b1024_r2000_w1_c0.csv,86d9f81b94d38ca22755dac0fff437c5f3dc0936231ff0c9e23eb3f61a145142
repeat_03\raw\bandwidth_pair_s0_d7_b1024_r2000_w8_c0.csv,8672ba398dd6786e5363634d8f556bcf08838498e90d5ae9f691d8aacc60a783
repeat_03\raw\bandwidth_pair_s0_d1_b1024_r2000_w16_c0.csv,ae53ae686d6f8b882309062a1baa9dc2fc337f1327879e556db4378de415a54b
repeat_03\raw\bandwidth_pair_s9_d18_b32_r2000_w16_c0.csv,d46d5b3ccaad5e58ffeba24b2416673ebac2ba4e7e30c21530389467d9a24648
repeat_03\raw\bandwidth_pair_s0_d9_b16384_r2000_w2_c0.csv,fa8fba94e7306342e796d8fc8947bd21fe702f80592d2b69b0c51c161e5f41d3
repeat_03\raw\bandwidth_pair_s0_d1_b128_r2000_w8_c0.csv,d8976892da4a8d540ed0bf5470d3579eb23665abccf74af86d5ea937c0b7e564
repeat_03\raw\contention_intra2_s0_d0_b64_r2000_w1_c5.csv,03bd620800347f6de30a9720ec60389aabdc7f154c70c53071e860eeadc3e661
repeat_03\raw\bandwidth_pair_s0_d9_b65536_r2000_w1_c0.csv,2f0b313ae22ada91392abe141103d400988057841fc8fa6ac6ec8e1a66a4db24
repeat_03\raw\contention_split_side2_s0_d0_b1024_r2000_w4_c10.csv,f4e886c622d5842e7b33abb7d51258a1ad0f7110cd64641446825ebf06c84876
repeat_03\raw\contention_split_near2_s0_d0_b1024_r2000_w4_c10.csv,8bbc7fc7d43d8846fbb0b317da907a4e5d1fd879dac2d17e38b5900017536c22
repeat_03\raw\contention_ring4_s0_d0_b1024_r2000_w4_c10.csv,5edaad7249ae36ffcf7e82c39819a51b33b2e8965971030897becf0d20f3ac99
repeat_03\raw\bandwidth_pair_s0_d1_b32768_r2000_w2_c0.csv,bb7297bf8b3f8c565e3e02d2c02a4ebd3967ded986941f8563e7566537e7307f
repeat_03\raw\contention_split_near2_s0_d0_b64_r2000_w4_c5.csv,f4a54b42a0b3f51d84dd55a4906079c55f637793c8418382eb8212c2958c44d6
repeat_03\raw\bandwidth_pair_s0_d7_b4096_r2000_w16_c0.csv,283f7413d334898ae8ed665a76def9456f5fcb6720e33d167cde5e10165601cf
repeat_03\raw\contention_incast3_s0_d0_b1024_r2000_w1_c10.csv,36c597e7ba6001be1768836555ed4dd9224603efe14627cb87a341aedec02523
repeat_03\raw\bandwidth_pair_s9_d18_b16_r2000_w1_c0.csv,12c4e8ae7a7bff85dbdcaf227d5e6143a307cc34ba3a964a8671aee73d470210
repeat_03\raw\bandwidth_pair_s0_d1_b8_r2000_w8_c0.csv,1d79808109e94a1cc049cf5b423a2af87bd63a907f7044a4663f459d7b6aa450
repeat_03\raw\bandwidth_pair_s9_d18_b4096_r2000_w8_c0.csv,911aa149cbc639aff34d68f8bf5f237d061d9cf42e04bf06677e3201dbbc1559
repeat_03\raw\contention_single_s0_d0_b1024_r2000_w1_c0.csv,418a141c29cf750f0bed349846d420d645d1b53980d9e0c6c19257f606e82a60
repeat_03\raw\bandwidth_pair_s1_d2_b1024_r2000_w8_c0.csv,0823e2f08fab4e4de332d7cf0bf3dc724ee957b7b8ec17ca54885e14f8bddf2e
repeat_03\raw\contention_split_far2_s0_d0_b64_r2000_w4_c0.csv,e21e032a1776c850f9d584c48bad8aa48bc749932f1abd6c08bbe4ce0a8077c9
repeat_03\raw\bandwidth_pair_s0_d8_b64_r2000_w8_c0.csv,509eb71e6d063729438f54d2286f426b1557003844082c96a4a3cc339fa174af
repeat_03\raw\bandwidth_pair_s0_d1_b32_r2000_w4_c0.csv,1304a69104bebb12ea276d265c9a5faff29974343401728ce93773990b9e6c7c
repeat_03\raw\contention_ring4_s0_d0_b64_r2000_w1_c10.csv,781deb2a52dc17cbe88d83cdd8735372e3e3b2a45112daa06014564502f5a696
repeat_03\raw\contention_ring4_s0_d0_b1024_r2000_w1_c0.csv,7cf95fc9d7ef2edc029d8e1c7fe45a398e291d7440cfd7d9cb99f8ca405c278f
repeat_03\raw\bandwidth_pair_s0_d63_b4096_r2000_w4_c0.csv,e5bd18467375d1799456b9b7cb0c38db91bc1cf69af3f14aa565aaaa1523600c
repeat_03\raw\bandwidth_pair_s0_d63_b8_r2000_w8_c0.csv,1ffd7b64e53b703718297c56601577210a1ebfb7d96b99be3a5f4f796955f4a0
repeat_03\raw\bandwidth_pair_s0_d1_b1024_r2000_w8_c0.csv,60a7d6604586644f78149920886c099f07bef11fb70a95cd18730956a16cb439
repeat_03\raw\bandwidth_pair_s0_d56_b8_r2000_w4_c0.csv,9223afc6a8a3e12de22e82e4be93832ef91888490638bbc981cd5945f357f0c2
repeat_03\raw\bandwidth_pair_s0_d63_b32_r2000_w16_c0.csv,6ca4c94d26f969fe9199d6e580afc3b97c1aed3d4584a9e934b1d32972706d6b
repeat_03\raw\bandwidth_pair_s0_d8_b256_r2000_w16_c0.csv,fb3411fa8b4885a271e70e87afd02578917836ec2d06b5914e3960ca37472e0c
repeat_03\raw\contention_intra2_s0_d0_b64_r2000_w4_c5.csv,8e605b582603bec8d6802c5d00f67f903c600a6dcfbf267e176836c7ece82fc0
repeat_03\raw\contention_alltoall4_s0_d0_b1024_r2000_w4_c15.csv,46abf7002fd75c9f174fde3cda91990065e5717cf9286f79f44c50d24dc4c81e
repeat_03\raw\bandwidth_pair_s0_d9_b16384_r2000_w1_c0.csv,7a34d3cda652104a1b4ba37dbc00a094f36ea9a175cba69ea98322072be40f62
repeat_03\raw\contention_alltoall4_s0_d0_b1024_r2000_w1_c5.csv,9374a54f6a41eade801155d2df307dcb2f53137b85b3b6b5f8226773b8eec0d6
repeat_03\raw\bandwidth_pair_s0_d56_b16384_r2000_w2_c0.csv,c4e95923f6a248795d0a85a5fad5df4ef28d48821db354bac3052d3aa1923528
repeat_03\raw\bandwidth_pair_s0_d1_b256_r2000_w16_c0.csv,47ab18ae1ee4225879ace425e97382f6206eb9d90fa506e8405137bcdb737f96
repeat_03\raw\bandwidth_pair_s9_d18_b256_r2000_w16_c0.csv,4a53364477ec00213a510c354a644de03c75ca97b1bbbf7c0ec234fbb959f999
repeat_03\raw\bandwidth_pair_s0_d9_b32_r2000_w4_c0.csv,fc4db8d89ae8344e05243b00a085b64886707edb823246ddbc77e7aae7bd2f73
repeat_03\raw\bandwidth_pair_s0_d1_b16384_r2000_w1_c0.csv,3cac288cc01f15c82dc33a33062f9587a754ae20217a8bce5971290ffd2d10c4
repeat_03\raw\bandwidth_pair_s9_d18_b32_r2000_w4_c0.csv,f4cc400f612d75b99eb94fed84671cfcc5b6342b7ebef398a264bdb4d0e399ed
repeat_03\raw\bandwidth_pair_s0_d56_b256_r2000_w16_c0.csv,9dae44a95851dfdd381854b91d06838b5854c50bac7fa031b19feaf0712594c0
repeat_03\raw\bandwidth_pair_s0_d1_b32_r2000_w8_c0.csv,9208fd80570d0c9c6fa0fc516405200ae2c3c87db206e201621cbd7f01a85ee3
repeat_03\raw\bandwidth_pair_s0_d56_b16384_r2000_w4_c0.csv,fcdd81b038155aa9d77deb3a2666defa6108ec2c9058e46cc7d758c9d5032c7e
repeat_03\raw\bandwidth_pair_s0_d9_b4096_r2000_w1_c0.csv,eae3d8ef8caf705ab41032fe35a858f9eee0e18056f4c36e4358a3faa67118a8
repeat_03\raw\contention_ring4_s0_d0_b1024_r2000_w1_c15.csv,f8089f1c38596cea3c26d8c53518b77cd646975e12653b93ec647a16ee859102
repeat_03\raw\contention_split_near2_s0_d0_b64_r2000_w4_c10.csv,667d569855b4ca8a1a9309a7a66ca05afbc2f172128a23fbe044d6ec15d273f1
repeat_03\raw\bandwidth_pair_s9_d18_b4096_r2000_w4_c0.csv,2e665ee422505da3b4a9c7cbbd9224883f66a9ee5a3717d0a4eb14f75328ffe5
repeat_03\raw\bandwidth_pair_s0_d9_b64_r2000_w8_c0.csv,6f4379bb947f337376ef4a180d1f6b5b9ce438a675dbb6c02cc3cadb96d493c4
repeat_03\raw\bandwidth_pair_s8_d16_b1024_r2000_w1_c0.csv,90533f51903eb5213eaefd323b8a19e0b586ec2ae8efdfcba420e1d056ca59ff
repeat_03\raw\contention_single_s0_d0_b64_r2000_w4_c0.csv,5902f2910c57a2a492172d448117848306d878e566ab5c6575e922f98a272522
repeat_03\raw\bandwidth_pair_s0_d1_b8_r2000_w2_c0.csv,9dddffcdf4295818b603bb4e7e9447ab6ba394d49c221218edc2320912b2b332
repeat_03\raw\bandwidth_pair_s0_d7_b8_r2000_w8_c0.csv,6e1ed89eb505a35e22b0417f6fcc471d195e3f2530eb0d8843dd793a3b098808
repeat_03\raw\bandwidth_pair_s0_d63_b1024_r2000_w8_c0.csv,e80fae446a6396e23832063508292406472dea7dd080b4f06c6f80dbe79d982f
repeat_03\raw\bandwidth_pair_s0_d9_b64_r2000_w2_c0.csv,81cebe50c7301a1fa78ca9feb103ba951a93c80bfbcf917a235e54eedd675d35
repeat_03\raw\bandwidth_pair_s0_d56_b256_r2000_w1_c0.csv,4ec6de2bb7cbc15fae15445a452a1dc8a0a8a1df92ebdf6a362574ff62991cce
repeat_03\raw\bandwidth_pair_s0_d1_b256_r2000_w1_c0.csv,2e5b3b456884aad2da5fef26c672e981f7c4e9db7d6a8c1f903f7a3372ae6af4
repeat_03\raw\bandwidth_pair_s0_d8_b1024_r2000_w8_c0.csv,6e00e6129d1648826f78781528ce0c71a8e2e164b56ea4745b862d9f46c25e3c
repeat_03\raw\latency_pingpong_matrix_s0_d0_b32_r2000_w1_c0.csv,3e3eea18ec5a4b5d5b626ae3064dfc7d8d67d9caf459d91da5db25aaa9faa33d
repeat_03\raw\bandwidth_pair_s0_d63_b4096_r2000_w16_c0.csv,1f91b4db63b6c851942c5042dc37ff82d18b72bf3f08de1c5b3890bf54b25288
repeat_03\raw\bandwidth_pair_s0_d9_b1024_r2000_w4_c0.csv,55844eb41ceb2fbc10e363bf1bbee45329b2feaac0f3d03bfeb4716a3ac1d3b3
repeat_03\raw\bandwidth_pair_s0_d63_b64_r2000_w2_c0.csv,c950be5c61614587898adb4c2a4f00b158948f1e7a63e8c427137c867d308b8b
repeat_03\raw\bandwidth_pair_s0_d9_b256_r2000_w8_c0.csv,088948e3c032747a1551d2365556f2fe900ceb9a9e0d0d92a14032b218ecfef8
repeat_03\raw\bandwidth_pair_s0_d56_b16_r2000_w1_c0.csv,05e0829cdd3a1c077d3fba08b33c77a28fdf62f25156ad234887dfdb4bda8f93
repeat_03\raw\bandwidth_pair_s0_d7_b64_r2000_w2_c0.csv,3b04e126458727359eecccb343741989bde5188fe25bbfbb9802a4243acf56ee
repeat_03\raw\bandwidth_pair_s0_d9_b32_r2000_w2_c0.csv,cbe52e12f75148a34a6afc20267aff693fc5be9d88f43942052ba7f1dd665e5c
repeat_03\raw\bandwidth_pair_s0_d8_b4096_r2000_w4_c0.csv,d13fc243c4bac4f19c296773b29b5d20fd18da6038a647d73f719f7dd7170130
repeat_03\raw\bandwidth_pair_s1_d2_b65536_r2000_w1_c0.csv,7032b1966e50dd0a15f1fcc7c570b5cd4504c623395a8245a111ce36f80edd84
repeat_03\raw\contention_split_far2_s0_d0_b1024_r2000_w1_c0.csv,6f107922edb1b82abd75f6916cf9db10e94524bd4dfc26ef9e25b7c4637d3039
repeat_03\raw\bandwidth_pair_s1_d2_b16384_r2000_w2_c0.csv,8f46db392d99c1696aecd3f62e2928e8f01c0dfaf02648d8a7c041b35b045b26
repeat_03\raw\bandwidth_pair_s0_d8_b1024_r2000_w2_c0.csv,4f34d5cc446b8fd0409081e30c1b9778e0ced74004d1e4807b230dded2c9f13b
repeat_03\raw\bandwidth_pair_s0_d63_b32768_r2000_w1_c0.csv,d9b7105a6f399b5616a38faf2839eee0884f5798612c0ac056e4dcee83283aa4
repeat_03\raw\contention_split_far2_s0_d0_b64_r2000_w4_c15.csv,edcf067a1dd7d3bb4507c0d814f73af90c5425a0635d93b6363b7c4c8dcbe0c2
repeat_03\raw\bandwidth_pair_s0_d7_b32_r2000_w2_c0.csv,02a20064a9990e0847b39b5e05889e6a7ca095edeae371e9f93b1b8671879c9e
repeat_03\raw\contention_split_side2_s0_d0_b64_r2000_w1_c0.csv,ddc89beca00882f5f34ed2c438a48a82e56270220d19398e4a20bf611c335f74
repeat_03\raw\bandwidth_pair_s1_d2_b16384_r2000_w4_c0.csv,88264a2dc8365b82938d2c7de1510681453474da9ceed838762419001398f327
repeat_03\raw\bandwidth_pair_s0_d63_b1024_r2000_w2_c0.csv,1185119ecf5641a11e300770b89ccb5a9f97b87e85e4c7091d5e656a79520c49
repeat_03\raw\contention_split_near2_s0_d0_b64_r2000_w4_c15.csv,014b0e67b922bd2c7836c7cdcfc30a97148a28d619d45512ae9feeaa636ae024
repeat_03\raw\bandwidth_pair_s0_d56_b16384_r2000_w1_c0.csv,8bbae02db0f4dffbbfa79fd214d061d79190812d98d42e23f9c09bebfcba8623
repeat_03\raw\bandwidth_pair_s9_d18_b4096_r2000_w16_c0.csv,02735c4dbc2ebf07e7bd70573e67623a4d67844218323261315a2db565609af3
repeat_03\raw\bandwidth_pair_s0_d9_b1024_r2000_w2_c0.csv,ac9099b9e884a50175b314d0eb77e93cefb29ca42e1d411c699db0ade03dd9e2
repeat_03\raw\bandwidth_pair_s0_d56_b4096_r2000_w16_c0.csv,46fd31d1a1b5368b057681746a7c544ba92c808e72afa00530896bbf23551316
repeat_03\raw\contention_alltoall4_s0_d0_b64_r2000_w4_c0.csv,4afdea5e31837251df45b20f27eb96efc0e3e63260a0a10828b945ade0324a9c
repeat_03\raw\bandwidth_pair_s8_d16_b32768_r2000_w1_c0.csv,139f86e28a5f929019f34ca91b816f6c9ea2a1a897783d57ef3fe3c4ac460608
repeat_03\raw\contention_split_side2_s0_d0_b1024_r2000_w4_c15.csv,c373f780a68cae5f6b560e2afaf9cbaafd80ca1535459219f8a660d07ce77984
repeat_03\raw\bandwidth_pair_s0_d63_b256_r2000_w16_c0.csv,6aa06c2a1d31c972bef1676102ca5e992bec6bf5ba29281aff3b76e341b76e5d
repeat_03\raw\contention_intra2_s0_d0_b1024_r2000_w1_c5.csv,72d8dc74baeeb6f255b0ff94dafd3edc310d5e9cbc7cdb7ed8daed07d66cc2dc
repeat_03\raw\bandwidth_pair_s0_d56_b1024_r2000_w4_c0.csv,c2d28cec24c3a2331f55428682ee9983bea14f81c431a85e071971d7da2929c5
repeat_03\raw\contention_single_s0_d0_b1024_r2000_w1_c5.csv,72074e5a25ae013423797247bfad48d82403094bfe675caf2f20534d39523deb
repeat_03\raw\bandwidth_pair_s0_d8_b8_r2000_w4_c0.csv,f9f794154bc34e4d31fa7f6e060a249e913d2df8c3e16e66b733c5a56f5b2874
repeat_03\raw\bandwidth_pair_s0_d56_b256_r2000_w4_c0.csv,c1439978ef55dafa41e46e4e595184caf31b2426d3404cbd31262f7e84ec5633
repeat_03\raw\bandwidth_pair_s0_d1_b256_r2000_w2_c0.csv,dfc2291f9ed00a893fcd83e6fb7aa59628bf3553e2b1f7c4c91b3869b052f0e2
repeat_03\raw\bandwidth_pair_s0_d63_b32_r2000_w8_c0.csv,df5fc459b31af74603331bcaf181391adb999046d1bffa68fc92ce855b0fb78f
repeat_03\raw\bandwidth_pair_s0_d56_b32768_r2000_w1_c0.csv,1ed929c9f2d123d89eccf5b6b08c8c51400e37e39d544681e7c564ef51d61736
repeat_03\raw\bandwidth_pair_s8_d16_b32_r2000_w4_c0.csv,5303b51fa86cc0bb90e9d2a4f7d0970a6ca163a19b4ec5fe638ab1cce05dfd0a
repeat_03\raw\bandwidth_pair_s1_d2_b32_r2000_w4_c0.csv,fa46a5fe73853870d0d24f84c9dfcd16b92eba83b842e64cc06a4db3927a9381
repeat_03\raw\bandwidth_pair_s9_d18_b16_r2000_w4_c0.csv,49f6be384b80f915ba104f4b989049721f319aa26129c3e0259021a27735549d
repeat_03\raw\contention_ring4_s0_d0_b1024_r2000_w1_c5.csv,0aa60ff3fc107ffad459a31b03dacc575c3851f02e3afc4cf78c09e2521b0376
repeat_03\raw\bandwidth_pair_s0_d56_b32_r2000_w16_c0.csv,bf387d5c5b2f0ab90c0a6f04ec59f8377a1ea9af3c5dc1ae81411d652816905e
repeat_03\raw\bandwidth_pair_s0_d9_b32_r2000_w16_c0.csv,410c01f3626ce0ca851dbb2ac17c29fc227a75138962dab74bc4b17d9013a972
repeat_03\raw\bandwidth_pair_s0_d1_b16_r2000_w16_c0.csv,961c91b97285eefdd8fe6c85e7da7e8d3cca37b0205f0d0e46d13c91f744a0da
repeat_03\raw\contention_single_s0_d0_b64_r2000_w1_c10.csv,ca5226244032a2fbf599043876e2a22fdcd071d77ef9dea7e5419d65d7317584
repeat_03\raw\bandwidth_pair_s0_d63_b1024_r2000_w1_c0.csv,4221c658afb7798de285473b05d93bbaea222b2ebafb3124a975a652b4056f86
repeat_03\raw\bandwidth_pair_s0_d9_b4096_r2000_w8_c0.csv,c0d4092a6a8354c7549c3235e0b585cdde7734464ee7830a46fd7268ef06966b
repeat_03\raw\bandwidth_pair_s0_d7_b16384_r2000_w2_c0.csv,6f25f120f0e739f5c784a83cf2da39259e8f3af4b89157e9fdea234c9395b27b
repeat_03\raw\bandwidth_pair_s0_d7_b256_r2000_w8_c0.csv,7e66fbe5320c1f79229fbd2e14eaebb2c09daf045382dd3c629c78a289d15b7b
repeat_03\raw\contention_intra2_s0_d0_b1024_r2000_w1_c0.csv,29b7e9bbb0d3ad8982377afe84b23754417df28eb1635235112e1270443eb90d
repeat_03\raw\bandwidth_pair_s0_d9_b32_r2000_w8_c0.csv,79cb81ef89bacb0be098713993e7979f430d9bf8eb3a93f02ac6c2fdaecf580a
repeat_03\raw\contention_incast3_s0_d0_b64_r2000_w1_c5.csv,db713377361c4c195b0d425098e6a4f3aa6ac9a58b175e6d64e48445e78a3ed6
repeat_03\raw\bandwidth_pair_s1_d2_b16_r2000_w4_c0.csv,234f331474593afa17715513b974e782e8dafd5a61bff4795277f3ee8d74f384
repeat_03\raw\bandwidth_pair_s8_d16_b64_r2000_w4_c0.csv,21cd1a4f0b9ad86885b55debba9c0b629d1099e022002a666b5f22a416f6eacb
repeat_03\raw\contention_incast3_s0_d0_b1024_r2000_w1_c15.csv,bb4fd9cf04e1dac11973534a92b56f1ebf8b9fbd64c425a4b36950158f05dd6d
repeat_03\raw\contention_ring4_s0_d0_b64_r2000_w4_c10.csv,e0332ce3e2d6161c887a042cc3f6b6d0be018ca2bd9cc55828ec738388366207
repeat_03\raw\bandwidth_pair_s0_d9_b256_r2000_w4_c0.csv,21b3cbf475804a4a29f49f3542f77efe75e8d68e61eb8965b3f061b22e0a5dbe
repeat_03\raw\bandwidth_pair_s0_d1_b64_r2000_w1_c0.csv,887ecc598f5eb9cc7911acf8180a737cd7fc7bc528597510b543640ae4709dbc
repeat_03\raw\contention_single_s0_d0_b64_r2000_w4_c5.csv,d50b75b34e80b9396a69a0bd353c7cd914359576c87f0a692754a9848323634a
repeat_03\raw\contention_single_s0_d0_b1024_r2000_w1_c10.csv,f1985ce8087428997a6058324051cdc286bd0a38462929517e66d80541f785eb
repeat_03\raw\bandwidth_pair_s8_d16_b1024_r2000_w8_c0.csv,b081be3ccd05415df5cfeb5c60f4e29f46e4399010b062bd379dd2c60eb463f4
repeat_03\raw\bandwidth_pair_s0_d56_b16_r2000_w2_c0.csv,1901f147c5564079cc9eaaa80cf28b39a1efee56425f89cb42a35933802dcb85
repeat_03\raw\bandwidth_pair_s0_d8_b16384_r2000_w4_c0.csv,3dd91daeee94eddd4ab8057c373c713f36c37882714b7bd4a75115a4f409a241
repeat_03\raw\bandwidth_pair_s0_d8_b256_r2000_w1_c0.csv,bcb3c8c2c1630ed62ac4a99f776a2619f8ac139d98a71d521bf3b1281bd61015
repeat_03\raw\bandwidth_pair_s8_d16_b128_r2000_w1_c0.csv,bc8f9da7be1ec1c84349aa049f64169a47efbc2754f7127bfdb88785b967ca7e
repeat_03\raw\bandwidth_pair_s0_d9_b4096_r2000_w4_c0.csv,04d7a29a9b23a4cd0e8c1a53c76b527e84e9c1ee01ad5a24e0f9ab1f1e71292e
repeat_03\raw\bandwidth_pair_s0_d8_b32_r2000_w8_c0.csv,e9dfeb4b88a32c80c878ea227842101359bdbb99b6847a7f01db55f11658a020
repeat_03\raw\contention_alltoall4_s0_d0_b64_r2000_w1_c0.csv,24201ef49135ed316eaa9c70d2045cc1e7bf24c148d96e5fcc9c403cbc7531fe
repeat_03\raw\contention_ring4_s0_d0_b64_r2000_w1_c15.csv,3c76144253a897924b89137132e4d0af35c00567226ddea1eedfcb8f87104dfc
repeat_03\raw\bandwidth_pair_s0_d63_b32_r2000_w4_c0.csv,48d3cc6debb2fa92d38b8f99e0e12d00e984ea96db78e81c7ce6f81d71cf91af
repeat_03\raw\bandwidth_pair_s0_d8_b256_r2000_w4_c0.csv,e3ce2e0be35f31a2dedd0207835abbe7eb7896299d184a87111194453b9debf3
repeat_03\raw\bandwidth_pair_s8_d16_b16384_r2000_w2_c0.csv,51dd86c03a43b84fbf920f7436dcda635639cd5d07be128ac073472870abb906
repeat_03\raw\bandwidth_pair_s1_d2_b8_r2000_w8_c0.csv,c93ac83449b1ead3c5fa6f9b67499b520ccde150b6d89e3aa92732c407877293
repeat_03\raw\bandwidth_pair_s8_d16_b8_r2000_w4_c0.csv,553ce0871ced8698691622f84413df1311622b9c03adc3f0f3b159fdeb3309c3
repeat_03\raw\bandwidth_pair_s9_d18_b32_r2000_w2_c0.csv,008eb893bc68d32341b46fa665d4d0245ddc857592f9b806f442685f1e444ddf
repeat_03\raw\contention_split_far2_s0_d0_b1024_r2000_w4_c0.csv,1946ac39f7bee45c801792dde7d394981612ae7604ecdc7b472ea22486b579ab
repeat_03\raw\contention_split_side2_s0_d0_b1024_r2000_w4_c5.csv,599bcfa5d5f120364ba23f9b9f24537ad82138506e5edf268cd6b9428e7ddce7
repeat_03\raw\bandwidth_pair_s8_d16_b128_r2000_w8_c0.csv,4bee5438002c9641186d2778909761e3db916dca11a95a8797f09c47bf584db1
repeat_03\raw\bandwidth_pair_s8_d16_b65536_r2000_w1_c0.csv,4c9f64e6043d7cddc61a9a304f339ece4a30eb2f3118333cead21296dea4a2c9
repeat_03\raw\contention_incast3_s0_d0_b64_r2000_w1_c0.csv,398733ab89ea0a6fd6d300d30ff451885dce940412d470acf898d8221060c128
repeat_03\raw\bandwidth_pair_s0_d56_b64_r2000_w1_c0.csv,aec3f0a4110d9fd12398db83b45a2c97177a4c2ff84b5590a904efe588a0a9c1
repeat_03\raw\bandwidth_pair_s0_d8_b32_r2000_w2_c0.csv,b8791736adbcafc9e56d0bb27ad3de5831354d2033af8beecd3805921f83f3f4
repeat_03\raw\bandwidth_pair_s0_d1_b4096_r2000_w8_c0.csv,2bc344b9aae09e891dc08508df16e689132daa5dfb1b4fb2559104a86d2a795c
repeat_03\raw\contention_split_far2_s0_d0_b1024_r2000_w4_c15.csv,9ceed76a81bd953d560d22b99ad671ffba9376c1f3cccd0f0f50efbddb1b4286
repeat_03\raw\bandwidth_pair_s0_d63_b16_r2000_w8_c0.csv,3e0ccfaabb7ca725e71dc05d8210e174bde8ce9f9044c8c846f0397a52844dcd
repeat_03\raw\bandwidth_pair_s0_d9_b4096_r2000_w16_c0.csv,209141d0055e3b3ebe7d6f5f2157f020773aa3bd3eb21a8fb289e0174b96ba7c
repeat_03\raw\bandwidth_pair_s1_d2_b32_r2000_w2_c0.csv,6be8c255af2a3fa3cbedf28b6eb508766f88b5ce3d13173f0a5cd011586fa383
repeat_03\raw\bandwidth_pair_s8_d16_b1024_r2000_w16_c0.csv,b3561c5fa72a5162a7c32bf6c5dcfde2aedd98a0f133ced613b20118bdd6d893
repeat_03\raw\bandwidth_pair_s0_d9_b32768_r2000_w1_c0.csv,6c5f52e8c54a2a8fc2265126b08f2a1d949274c9063aeff84dfe1ba1b9634d1a
repeat_03\raw\contention_alltoall4_s0_d0_b64_r2000_w1_c5.csv,ca501b03250ab6e43fa91539ab1609ac85d3d6f63aa994515ea28554e3820baf
repeat_03\raw\bandwidth_pair_s1_d2_b16_r2000_w2_c0.csv,411d0b53f8f2139bb2b4b2bf8f321119b0c7c90ee77aa725628a51bb4f8e0c4a
repeat_03\raw\bandwidth_pair_s0_d56_b16_r2000_w4_c0.csv,133518a8c66b2ac6850e4d37fe01f284e232748470f569b979209682ec6812d9
repeat_03\raw\contention_alltoall4_s0_d0_b64_r2000_w1_c10.csv,533b36165cd02ff045a5252eca22d90934dfd9ef9aa3a3b85b76a88337d6254e
repeat_03\raw\bandwidth_pair_s8_d16_b16_r2000_w1_c0.csv,37a156cd4b91d091677cc4de7148fd4f42a8f359cb8ae910480439b037988e5b
repeat_03\raw\bandwidth_pair_s1_d2_b16384_r2000_w1_c0.csv,e94a6ac7cd541519da6310b1e9faba2bc31c0c901c9d4a500381112040a09d48
repeat_03\raw\bandwidth_pair_s0_d63_b4096_r2000_w1_c0.csv,0b555caa3eb616fa5f51c938a9185d6cfeccd1bcf956f274616a35fd4494375e
repeat_03\raw\contention_split_far2_s0_d0_b1024_r2000_w1_c5.csv,cbaacf366e2f9373c8afa3f6d0c52852d41f260b8a70d01526fb34e004586e45
repeat_03\raw\bandwidth_pair_s1_d2_b32768_r2000_w1_c0.csv,6819bda66b3ad581373e631aef836c4afa0db40590125f2b7f354aeaf41f12c4
repeat_03\raw\contention_incast3_s0_d0_b64_r2000_w1_c15.csv,aa7331aeec3df32905c9540342d70a51feddb66ae97bd49f15e795df7de32c4e
repeat_03\raw\contention_split_near2_s0_d0_b1024_r2000_w4_c0.csv,d79b04216416af2a4e9c8a32c676efafdef18684026c881bc58b9b6584ce5b1e
repeat_03\raw\bandwidth_pair_s0_d8_b64_r2000_w1_c0.csv,6db7fc20b5d96d860e32214fae1048a1667dfc33050150c4c68f9dbf63639121
repeat_03\raw\bandwidth_pair_s8_d16_b4096_r2000_w8_c0.csv,5b0f38a98b757957abfebe4f930e049e7ebf99870793a8cf4b34944cda4a5f8b
repeat_03\raw\bandwidth_pair_s0_d56_b8_r2000_w16_c0.csv,950d71528df98179f52dd42beb14422642ca65c0db181752bcc7e37cabffeb0d
repeat_03\raw\bandwidth_pair_s0_d63_b1024_r2000_w4_c0.csv,9c9cf8d15fb8351ff08a44762f8e6b69c34bb1103c6f946ca0d7ef7e26971dee
repeat_03\raw\contention_ring4_s0_d0_b64_r2000_w4_c15.csv,cb60854e348466ac1371bf92789d3560601bf8302c1ecd201c047bd8dbac5a50
repeat_03\raw\bandwidth_pair_s0_d8_b8_r2000_w1_c0.csv,14120784eb778001b01b7f414a91b1c472167b657cfc5b937cf7feae20970310
repeat_03\raw\contention_intra2_s0_d0_b64_r2000_w1_c10.csv,0a45ef79a93f05d373697dae6b4549627fb725e5978533881b838c7a6dd8229e
repeat_03\raw\bandwidth_pair_s1_d2_b1024_r2000_w1_c0.csv,6fdac400b13a1d220a9fc17120626c37c43e427492dee6e6c3871a42c172dd7e
repeat_03\raw\contention_intra2_s0_d0_b1024_r2000_w4_c0.csv,981e7d5f81eaf2aeaf947f5a1c82d0e3afbf2280bbc557df3a154e47c86830ee
repeat_03\raw\bandwidth_pair_s1_d2_b1024_r2000_w4_c0.csv,2c12c4f76db49d2d51e2434084a9bf40cbf7eeabbeb24669716a3e1cbc136f44
repeat_03\raw\contention_single_s0_d0_b1024_r2000_w4_c10.csv,586e0c8c8a0b528e7b1b68b3a5baef83661be9a66daba1e8df34ed7dc067a2be
repeat_03\raw\contention_split_far2_s0_d0_b1024_r2000_w1_c15.csv,3f92d1a66263dd3880bdc3425c51902f44b0b738b096f4f9a087faa8d3aa0c30
repeat_03\raw\contention_intra2_s0_d0_b64_r2000_w1_c15.csv,bed92a3dc11319f40c92d694ba5ba6880a8bd438694f8d206796a352aea5d95a
repeat_03\raw\contention_split_near2_s0_d0_b64_r2000_w1_c10.csv,7fd895283c65be8dff78ea2fff5d02e8821ab20cbbadbcd27c4e44926c177776
repeat_03\raw\bandwidth_pair_s0_d7_b8_r2000_w16_c0.csv,2b1bf1c80812a3e032e4e1081ff84afb8c91e1f810e2d2bb723037b01db52462
repeat_03\raw\bandwidth_pair_s9_d18_b8_r2000_w1_c0.csv,94a6691cedf1c26ec509081f3afdaa081a371577c3863bf466064ba2d885fcde
repeat_03\raw\bandwidth_pair_s0_d7_b8_r2000_w1_c0.csv,a64de433c8a9531a56e1ebc3c8830f3b4a6dd94db560c2078cbe7c0a553792de
repeat_03\raw\bandwidth_pair_s1_d2_b8_r2000_w2_c0.csv,854e8bdfd1169068d25a107b11c2d255b4c1fb70b86d3f7173b2092f0223fc93
repeat_03\raw\contention_split_side2_s0_d0_b1024_r2000_w1_c5.csv,c0e6e068aa463a9f56ade3b0dc2ca229b1d3919fd5f3304dc203455bfeb48f2f
repeat_03\raw\bandwidth_pair_s0_d1_b32_r2000_w16_c0.csv,6dfd94ea0a3870e4276b1f03c70a9b2af3977afb0ba1c08c25877fdc5718fe83
repeat_03\raw\contention_split_near2_s0_d0_b64_r2000_w1_c0.csv,f140c22a29f2ff3994cff7e61e6f83bec9ff3a0b7ead67417cb515208dd61355
repeat_03\raw\contention_alltoall4_s0_d0_b1024_r2000_w4_c5.csv,ba12266cdd8dfa84b795dd93c5a97cd7abc7f87757cafc07251d55e157f82984
repeat_03\raw\bandwidth_pair_s0_d7_b16_r2000_w4_c0.csv,ce3c784c1b36a31c3123754ce74e22056fec681c23b9f3c347faadea9dfa48c6
repeat_03\raw\contention_split_side2_s0_d0_b64_r2000_w1_c5.csv,5d79cf44d016e0e5952607f3c881a1747773cf0a275e4a11bdd4b5ac92d65c7a
repeat_03\raw\bandwidth_pair_s1_d2_b4096_r2000_w2_c0.csv,8b9081f2de4807837af98d134f297185165f920c26e1629afb175da7c2b9660f
repeat_03\raw\bandwidth_pair_s9_d18_b64_r2000_w2_c0.csv,0bd48e6f8f95607ece7835a83543ef002ff2f02e7371ba8c6584fe39df1201d1
repeat_03\raw\bandwidth_pair_s0_d9_b128_r2000_w16_c0.csv,c10dc8903ae6a2a2bb15ae52f7ada0e6b8d28f8048b8a46b77ad45dbe8b99c5b
repeat_03\raw\contention_single_s0_d0_b1024_r2000_w1_c15.csv,7ff299cf452eb387bc77ce81be995df56b7cf9caec343dd0f6e14e15aaf92e59
repeat_03\raw\bandwidth_pair_s0_d56_b128_r2000_w16_c0.csv,5cd5311ebd4aabc0b8b4fed7d86e67e8f1a54eecf104d55f78638ea74970d784
repeat_03\raw\bandwidth_pair_s1_d2_b32_r2000_w1_c0.csv,5af98afd0da889ca93126261b5a9df954cd0d80f8eb07b8e53a6ae0f8bb26316
repeat_03\raw\bandwidth_pair_s9_d18_b32768_r2000_w2_c0.csv,8d7efe2bc4db74f86dfbaceaa199a96ff4d96ac87510d9d6a0578f17ac46974a
repeat_03\raw\bandwidth_pair_s9_d18_b64_r2000_w1_c0.csv,69ec72e1315b338c2ddf1ba5b1cb14a593c3372b1066534e1361a86a0363b457
repeat_03\raw\bandwidth_pair_s9_d18_b16_r2000_w2_c0.csv,d7dae19c5aa7e5194a5e505f0725e7b9fcf84c2a4465dfb42844827170a65bc2
repeat_03\raw\bandwidth_pair_s9_d18_b128_r2000_w4_c0.csv,45012f4dabe86e6ac218a4d76418bf173ae86f7ba9fc611a29a812f1e02d07b1
repeat_03\raw\bandwidth_pair_s0_d63_b16_r2000_w1_c0.csv,f973690741b08c031afed1bcc7f17dc30d5d5bd4752f36d5b9eff08ebf5e63ab
repeat_03\raw\bandwidth_pair_s0_d1_b256_r2000_w4_c0.csv,87c3ca48a90f8a5d856de7853f59471ef2f6f478890ed4a1bcaa1f50cbf2fb76
repeat_03\raw\bandwidth_pair_s8_d16_b4096_r2000_w1_c0.csv,c044a9b4aa585cb49398d06a310fbc969936dc40d58221d85d20a30c8bba648f
repeat_03\raw\bandwidth_pair_s0_d56_b128_r2000_w4_c0.csv,ddeeef1174fb6afde3be1717ee6c93771ea5683dc09434e371763e0fc6cffcb6
repeat_03\raw\bandwidth_pair_s0_d7_b128_r2000_w1_c0.csv,97400d934f134bf68685e8f8a4452996bb2a833f9d86ae685cb74c509eb12d9a
repeat_03\raw\contention_incast3_s0_d0_b64_r2000_w4_c5.csv,d9455b2075186d50401f18afcf9afa3f599dba2bb934731f2b9cc7fba8c7b139
repeat_03\raw\bandwidth_pair_s0_d8_b1024_r2000_w1_c0.csv,6b905cef7de6f05dd770beb49ec2346de00c0b767dc467441543ff6daf35910f
repeat_03\raw\bandwidth_pair_s0_d1_b64_r2000_w2_c0.csv,9d0fd34a959fe0bc92578d6322b989b7b3120943b64bd5df9a4a899745ac9216
repeat_03\raw\contention_intra2_s0_d0_b1024_r2000_w4_c5.csv,27d6132e7053a26a70b3f8f9f178ee2ca6d47777f43f5e0ec5e486e35b34f60d
repeat_03\raw\bandwidth_pair_s1_d2_b4096_r2000_w1_c0.csv,46374afdd86c9120751ebed5f50276f0ebb32051e59b08468bcd4a2c1bb34ca3
repeat_03\raw\bandwidth_pair_s9_d18_b1024_r2000_w1_c0.csv,8579fe94bbbbacc667e934e9cb154d87734e6d88345f2b541c08fe948e6f5157
repeat_03\raw\contention_split_far2_s0_d0_b1024_r2000_w1_c10.csv,39b3b7ba027a998f01df9b86438668d425020726c51f832414bd8302d073694b
repeat_03\raw\bandwidth_pair_s8_d16_b16384_r2000_w1_c0.csv,cbf65d50d6b3275a43a27a9ab2b8ede18702f4b0e836c18e8bc41b667317f9af
repeat_03\raw\bandwidth_pair_s0_d8_b16_r2000_w1_c0.csv,1c48b9a2dcf6a8cc585b047c1694e7b90d19a0173a267fffac8b3d1cda4c1b76
repeat_03\raw\bandwidth_pair_s9_d18_b64_r2000_w8_c0.csv,c377b9892dcb6dbcf5c7603d9c98a748ad2049cd39c5fbc0faf49fcfa6ccaf05
repeat_03\raw\bandwidth_pair_s1_d2_b256_r2000_w16_c0.csv,d4f6eee3445ab2382fea6049c357c70bb827b44a557d7bbaf0d41770f69831ca
repeat_03\raw\contention_single_s0_d0_b1024_r2000_w4_c0.csv,1c0e9652b398d4e495ab1950aa039e8e9c869b1500fc1dbfba05c80b8eeb5afb
repeat_03\raw\bandwidth_pair_s0_d63_b4096_r2000_w2_c0.csv,fac5887b327d605cc2c0bf608aa041aab252db68e4bc920bf7c8de0cefac29f8
repeat_03\raw\bandwidth_pair_s0_d9_b16_r2000_w2_c0.csv,1683e6cde6e4a63dc6259ffd16a83caeb10135e22c4324b5f4543467e533fcc3
repeat_03\raw\bandwidth_pair_s0_d1_b8_r2000_w1_c0.csv,5a88043e498968b96e19836170dbfa5b3c0a664f83169e3e6c3b9c8735d328fb
repeat_03\raw\contention_intra2_s0_d0_b64_r2000_w1_c0.csv,e04ed179ee01eccd22149aaa11d3e9c6700bb00d82ca83c6b5bcdce36fab0d7a
repeat_03\raw\bandwidth_pair_s0_d56_b256_r2000_w8_c0.csv,142b6ba294c5e113548afb9e94583d62537b69bac6765536322f95afca78cd98
repeat_03\raw\bandwidth_pair_s0_d7_b32_r2000_w16_c0.csv,10d62a61dc5b7cd8c6f4667fac2bc35552740889ab8a06456a65e0ae15efb7b4
repeat_03\raw\contention_incast3_s0_d0_b1024_r2000_w1_c0.csv,e342735a192834a99f4d83088776606a0a2a00915df8ae641c105aa231d84ebf
repeat_03\raw\bandwidth_pair_s8_d16_b32768_r2000_w2_c0.csv,03f12677346c606f6e951aeca6dfeab9628e3ed4a3b38479962b008bd0e8e1c6
repeat_03\raw\bandwidth_pair_s0_d63_b4096_r2000_w8_c0.csv,8c61e3a702b6ad92e2a106332677de936d49ee14f059c71d7c875c3d0259a251
repeat_03\raw\bandwidth_pair_s9_d18_b128_r2000_w2_c0.csv,5f0053205d3aaf58169edc4be4ba34702696d87aa5c926e8373aeddbb9604da7
repeat_03\raw\bandwidth_pair_s1_d2_b256_r2000_w8_c0.csv,1864842d7f3b4c913c38ade97e079268a008d6e157ec2df4531adf84ef6a12bf
repeat_03\raw\bandwidth_pair_s0_d9_b256_r2000_w1_c0.csv,de1e32c1e440c98c2156faec9ef85d58ca0420f73d9aed5aea4eb41aa09e1d22
repeat_03\raw\bandwidth_pair_s8_d16_b8_r2000_w1_c0.csv,20814589b6ecfa0dcc9970eed9a575c40a381ec99a5cbf38bff95e7c5825d283
repeat_03\raw\bandwidth_pair_s8_d16_b256_r2000_w16_c0.csv,7f2533c2378d3d1a8fe07ab6ae9268160dcc013e783a5d80337440af7d722102
repeat_03\raw\bandwidth_pair_s0_d1_b65536_r2000_w1_c0.csv,c594cc040c36d85a10efe8d344a546bca0e8c439484f410f6abffdc216cebea1
repeat_03\raw\contention_ring4_s0_d0_b1024_r2000_w4_c0.csv,4bf47430d551cbf4b56117fd56edfa9d41ae3825182a23616d1d8f030e6206e6
repeat_03\raw\bandwidth_pair_s1_d2_b256_r2000_w1_c0.csv,9c354c59b4b420151d32cca9ed24e6426fb46112fcfed260997899fd5fb49400
repeat_03\raw\contention_alltoall4_s0_d0_b1024_r2000_w4_c10.csv,cd00874f3cab08ecbbca78ebdaeea88b495611dc6321e2f801b1534acafe6e93
repeat_03\raw\bandwidth_pair_s9_d18_b8_r2000_w16_c0.csv,bd14a60ab6925fa57dc965d97cefcb51d020aca8cb165e07f299b009bc280ea4
repeat_03\raw\bandwidth_pair_s0_d63_b8_r2000_w16_c0.csv,c3de0feb066931a0ca071f7612561179fb1b19e0ec48391b4b16b0031faad318
repeat_03\raw\bandwidth_pair_s0_d56_b4096_r2000_w1_c0.csv,2112f82decda578ed7d2e7e70f6d8caef38c3a58661c501eda55a5b5216e329c
repeat_03\raw\bandwidth_pair_s0_d56_b32768_r2000_w2_c0.csv,0af75080d67af7e9592383f85ec1cb7d6a93416e0426108681258d8f26c1956a
repeat_03\raw\bandwidth_pair_s0_d63_b128_r2000_w4_c0.csv,0ae0a0f7e38495effe8dd162b4ceb504b04963f82cecbb6c5849d85068282fbc
repeat_03\raw\bandwidth_pair_s9_d18_b8_r2000_w8_c0.csv,3be512af72f7da2e252c292ef88a3bdc8e9ab46ffa0b05ef55fa729c15942f05
repeat_03\raw\contention_alltoall4_s0_d0_b64_r2000_w4_c10.csv,6f2a87dce0725687b904c9cd46f96bc8f3524b35a92d3b9b3fccb61644aca20e
repeat_03\raw\contention_intra2_s0_d0_b1024_r2000_w1_c15.csv,aa042e4e3828e715f6ccd9773132f76cc102614c42c7f484b9a458f58e73a6b3
repeat_03\raw\bandwidth_pair_s0_d1_b16_r2000_w8_c0.csv,c77cf2d205e12949a87552308fe288dc8f827fdee8a6c233dd2adbcfc5741cd5
repeat_03\raw\bandwidth_pair_s0_d56_b128_r2000_w2_c0.csv,18ca221ac51bf84ac8c0444b3ece128ac6e8f2c7648ee5d6ff3275fd1220daf6
repeat_03\raw\bandwidth_pair_s9_d18_b4096_r2000_w2_c0.csv,c791c3a892b4d06af7f3989427709cb55ee76a3d743377531c69976e1fe02f25
repeat_03\raw\contention_ring4_s0_d0_b64_r2000_w1_c0.csv,c3ed2a0e9ae0d93d8169807fbbd4d521727e14598bf130b35edf2b3e2257ae24
repeat_03\raw\bandwidth_pair_s0_d56_b8_r2000_w1_c0.csv,bf4694bdf4a5987fbbfa4f22a146d0c3eeeac6a69df817be157a621f889b5a11
repeat_03\raw\bandwidth_pair_s0_d56_b16_r2000_w8_c0.csv,11dacfcc10116cd8534faa65e78d27e30d71c30a886d5491642cb986b1ff982b
repeat_03\raw\bandwidth_pair_s1_d2_b16_r2000_w1_c0.csv,8db8c1f45c652027ec70e95b69ca4eb4226e455290b997981166232156f64eac
repeat_03\raw\contention_ring4_s0_d0_b64_r2000_w4_c0.csv,5132b2e118bd29dac6c7ce701e96d5d46db4d9a164bc45549967051efd52e19c
repeat_03\raw\bandwidth_pair_s1_d2_b4096_r2000_w16_c0.csv,ad07181cf3ce17caa1b8c50efe970db27b93e07c4f38d17d5daa73380570a979
repeat_03\raw\bandwidth_pair_s9_d18_b16_r2000_w16_c0.csv,682b7e1214095e9746a76d11919492a216368b05e1f34f7064168bb064aad3f9
repeat_03\raw\bandwidth_pair_s0_d8_b1024_r2000_w4_c0.csv,f7c785a5ef9b17e9eb43ab92d8973980a71f0d05b36f7dde1945d2979eb40cdf
repeat_03\raw\bandwidth_pair_s0_d9_b8_r2000_w2_c0.csv,e8e671dcfc46c50ecdd5524d0ceb799f4f76a6515d48e6da2038f1757a9c339a
repeat_03\raw\bandwidth_pair_s0_d1_b256_r2000_w8_c0.csv,04da39e7d2f55671aad3d11fee774b758ff5d8d20913c91f1c7457509e35c7ec
repeat_03\raw\bandwidth_pair_s8_d16_b4096_r2000_w2_c0.csv,4e8ec17b340ef752f1850b2e6e86195d0539f77b1efae009d60fd90fbf47af07
repeat_03\raw\contention_intra2_s0_d0_b64_r2000_w4_c10.csv,5df05c1617d64ee7ad1f9e2ef46e60372beff429ea5a341f47d902c2746fed12
repeat_03\raw\bandwidth_pair_s0_d7_b256_r2000_w1_c0.csv,e6649e24f89451fe2e044bf830381befb56508a4aad84d2c97933e5adb5679fd
repeat_03\raw\bandwidth_pair_s0_d8_b4096_r2000_w8_c0.csv,a2e47482573b4361310e15951e478c2e6a0a3f8c3a0741ffe2f02a73bbd8002b
repeat_03\raw\contention_single_s0_d0_b64_r2000_w4_c10.csv,15c21157d372454aff08d565bab8a2ce9fd869d3d59aa71621149df186694e3c
repeat_03\raw\bandwidth_pair_s0_d63_b16_r2000_w4_c0.csv,384d2fe1ca7931b3b11d8b06b6cefd6bf2506cc695745683d45c7cc0826efa24
repeat_03\raw\contention_split_side2_s0_d0_b1024_r2000_w1_c10.csv,09bcb32070ef783ca3b77b0a897385c5c4a9cd8b0e3c67d7653146d9209ed6f0
repeat_03\raw\bandwidth_pair_s0_d7_b64_r2000_w16_c0.csv,e6b7f914f98a0d3c838901235eb60576716c211874a40536a131271d46062306
repeat_03\raw\bandwidth_pair_s0_d9_b128_r2000_w1_c0.csv,515e96d23206af6cdaabe92cf8e76dce5af631d4bff1dcc35155cd7115556725
repeat_03\raw\contention_incast3_s0_d0_b64_r2000_w4_c15.csv,4135a93b2654a17d66762574a70d00df1dbdf56f1a9ffd3fabf65697023742cb
repeat_03\raw\bandwidth_pair_s0_d8_b32_r2000_w1_c0.csv,5748284a4c892343e92e2db9c193f2a3f5bb43d7ff9392955baabdf9e17c0cac
repeat_03\raw\contention_split_side2_s0_d0_b64_r2000_w4_c10.csv,16fae70ed86a5cf14bdd716dbd466673304f2dbae326ddb4a40648763b679dc9
repeat_03\raw\bandwidth_pair_s0_d9_b256_r2000_w2_c0.csv,2aa57afa8ec27dad367d973842138024eb4f0ca4a928f6016d102c4e41cdd73d
repeat_03\raw\bandwidth_pair_s1_d2_b64_r2000_w16_c0.csv,7a1f5a7abfe669b86db65839c005dd9edcee5cef66c2e914ed19c35f2e481ac4
repeat_03\raw\bandwidth_pair_s1_d2_b128_r2000_w16_c0.csv,0717f485c9f9fc960eae055afe8a740ce63ae7502d1642cda5fefe93d5d6bf66
repeat_03\raw\contention_intra2_s0_d0_b1024_r2000_w4_c10.csv,2ee2547b85c99b37ee8d34996bc249ddf51b9775e4772455610d4bcf3b169283
repeat_03\raw\bandwidth_pair_s0_d8_b4096_r2000_w2_c0.csv,8d4bc66625788a16de59ba55ec5b9b54e5c7b0990e0b9f2c817dec130f65d59a
repeat_03\raw\bandwidth_pair_s0_d7_b4096_r2000_w2_c0.csv,bddbb3ab3e7dcbc04d8bb727ba221d16063195a14c6bddaa1aa983e9733f4778
repeat_03\raw\bandwidth_pair_s0_d63_b8_r2000_w1_c0.csv,6e3225f5e5d3da1626767b82e4e6d08b3a4a8231fa03a61b24c0d0e1e3579af4
repeat_03\raw\contention_split_near2_s0_d0_b1024_r2000_w4_c5.csv,508521857fa24997e4539b97edb7a87e71e3f77d6f49da1edc7856e89018e956
repeat_03\raw\contention_split_side2_s0_d0_b1024_r2000_w4_c0.csv,c2dfff0060719e24f12030a55b9a9014e3efa15af747e65cc66c4d35f4724e98
repeat_03\raw\bandwidth_pair_s0_d7_b4096_r2000_w1_c0.csv,7337c5931bec137ff1048d181cff8d14253be6e94fba292b2689888666514f95
repeat_03\raw\contention_ring4_s0_d0_b1024_r2000_w4_c5.csv,f15377aeac4bf8fa6c85dde9ccc04c4526d41b989d27bc2d218e156969804ca3
repeat_03\raw\bandwidth_pair_s0_d7_b16_r2000_w16_c0.csv,93638adaf1350119348b34ac334290421b4e041d25ca5c1f742e133d4099a13d
repeat_03\raw\contention_split_side2_s0_d0_b1024_r2000_w1_c0.csv,483e6887420b44b843106c073c9f2b0ecf3a73c5fad75a2afdfe521543650a29
repeat_03\raw\bandwidth_pair_s0_d7_b16_r2000_w8_c0.csv,8ce001187eba1d948f5c979b797510467cb2cb88a12468fd0d052349a3da08bc
repeat_03\raw\contention_split_far2_s0_d0_b1024_r2000_w4_c10.csv,69b075bcaa03eee3bcb99be2774dc7e6765f893fdf09eb1292d2e421568d32fa
repeat_03\raw\contention_ring4_s0_d0_b64_r2000_w4_c5.csv,9040c8bc7c98a98eec569285fa49acc2b4b20b7af3590d2635b3d739a85ebd22
repeat_03\raw\contention_split_far2_s0_d0_b64_r2000_w1_c10.csv,40a8271688717a27fa66d17e36fda605dfb0e45b1830bd65bfe3d519b8c6ef94
repeat_03\raw\bandwidth_pair_s9_d18_b64_r2000_w4_c0.csv,fd86676792b443a5cab8c8994873dec85c2a3fd46383aa0c0054a53dbc94adb1
repeat_03\raw\bandwidth_pair_s0_d8_b64_r2000_w4_c0.csv,5cdce4a24a2419272efd09c092ea218ecbe0dcc5f6e5886e864991fa8366b058
repeat_03\raw\bandwidth_pair_s8_d16_b16_r2000_w4_c0.csv,58fea497c1d785b249fefd38eda1da0310cb60b539b138439e4281e3adf0f138
repeat_03\raw\bandwidth_pair_s0_d7_b16_r2000_w2_c0.csv,bfcc82998da94dd560c10c63a2a6f0ca0ab832639f5e18306c608a2f79687d9e
repeat_03\raw\bandwidth_pair_s0_d63_b128_r2000_w2_c0.csv,0541e5e87d3b39bd15eb9b4e9aaeb90f849257c006a471d37839b01cbf5c75cc
repeat_03\raw\bandwidth_pair_s0_d1_b128_r2000_w4_c0.csv,3d1199424ce09baae01333f69fd674998ee8ba38a260e8f43db377b68c539518
repeat_03\raw\bandwidth_pair_s1_d2_b16_r2000_w16_c0.csv,187ca8e1f026d38f62085c2a291a77ed04a56b25dcb49f4b42fe72682ce732bc
repeat_03\raw\bandwidth_pair_s0_d56_b8_r2000_w8_c0.csv,8b1888e452b549ff8873c7e64a6ceb108287281320fbb7193360e55fb8330d10
repeat_03\raw\bandwidth_pair_s0_d56_b1024_r2000_w1_c0.csv,dfd9f7a06608fc28ad9e979339fcce7ed6db85004256973e3623242fb82d13c9
repeat_03\raw\bandwidth_pair_s8_d16_b16_r2000_w8_c0.csv,10b399b62097faf9a8f33b5a0b47bb10a75ab7900d853710f06b9f78a9d7f819
repeat_03\raw\bandwidth_pair_s9_d18_b65536_r2000_w1_c0.csv,88f8464d34b2aa8422cc39c67e23bf655227ca430a64bdda71ca1fa053953ad0
repeat_03\raw\bandwidth_pair_s0_d1_b128_r2000_w16_c0.csv,06d3c2193386bd6626850aace0530244b256088f12e31cc4d31b486b793a7be5
repeat_03\raw\contention_single_s0_d0_b1024_r2000_w4_c15.csv,30a6fc1f303c1ffbbea6b0cb4509aea8511f99ba96fb58040d6cd2be49fe9de2
repeat_03\raw\bandwidth_pair_s9_d18_b16384_r2000_w2_c0.csv,f3ffc1917045fc4ecc18111764926d14171dc371ad80321d157037ac0b00451b
repeat_03\raw\contention_split_far2_s0_d0_b64_r2000_w4_c5.csv,424d4c3c4347823261cb311d79b9a24089e68705e7247a6981e6f2f1c919146d
repeat_03\raw\bandwidth_pair_s9_d18_b1024_r2000_w4_c0.csv,439732eb202974f2f0826ae9b3607ac6544933add041084355cb8fa337abf411
repeat_03\raw\bandwidth_pair_s0_d8_b16_r2000_w4_c0.csv,d31bfd9d682ee1f2f34875b498e0b11e1c4118f950b5d27a648bb249d2a86037
repeat_03\raw\bandwidth_pair_s0_d7_b8_r2000_w4_c0.csv,12f3e5cb596ae991d941f14eb8ac6c9d2496722ac43541663c51a56e094268d3
repeat_03\raw\bandwidth_pair_s9_d18_b32_r2000_w1_c0.csv,b4666e5d905875da844b5d1ae3c34083b8084b3fd5401ed65bfd845ff5a0d34e
repeat_03\raw\bandwidth_pair_s0_d7_b32768_r2000_w1_c0.csv,23b508b5257a232cd8d2b2c474a65ecfa13570d2633960de0340f72108d99814
repeat_03\raw\bandwidth_pair_s0_d8_b128_r2000_w16_c0.csv,1c3e6989fa4dd32281925d6da7a7a36a4a5ab37e2aa592c5f0c5fff453128bac
repeat_03\raw\contention_alltoall4_s0_d0_b1024_r2000_w1_c15.csv,0cd8f2f9fd0fa3b586cf2d9c0e72121528e778cbe2652946848ca2609b6e700e
repeat_03\raw\bandwidth_pair_s0_d56_b64_r2000_w2_c0.csv,821286fbf454175d7f724cffa6b7b677574d86d55c32b8af754171a31239e7e3
repeat_03\raw\bandwidth_pair_s8_d16_b8_r2000_w16_c0.csv,a7d8950d7ba657d31b04a7819d177c4381b5a5796849f81277713f11464be7d4
repeat_03\raw\contention_alltoall4_s0_d0_b64_r2000_w4_c5.csv,cbc8b1c72e641df4bf674f261806e1cf5da63018f6984603ed5a750b563ef277
repeat_03\raw\contention_split_near2_s0_d0_b1024_r2000_w1_c0.csv,499e9dabe070b02aca93ebdb0de7caceab64f9e5e0f94fa7358b8e0ca3d85a09
repeat_03\raw\bandwidth_pair_s0_d56_b64_r2000_w8_c0.csv,3b514ea5effdb1b1c81d0bd40e2ddf5a383f69e3fe2513c9bdce083e90812c85
repeat_03\raw\bandwidth_pair_s1_d2_b128_r2000_w4_c0.csv,8cc6b4d37a7e1393b5a75fa2c09b89dfd499284ab58fe5bc1e21528316e747e2
repeat_03\raw\bandwidth_pair_s1_d2_b4096_r2000_w4_c0.csv,a7eaa8f8050dde203ccadf74ff3f62260dfd66258721f31043a3ea0ac9aea4dd
repeat_03\raw\bandwidth_pair_s0_d8_b8_r2000_w8_c0.csv,ee3e99b33416dec7d5d0eac35f2005f2be99e6da8c11a91ba9cdad4fd44698b0
repeat_03\raw\contention_intra2_s0_d0_b1024_r2000_w4_c15.csv,72c91c770f206533da0b400906b5f7be792493a5b4011ff0446ac4f988c7bed2
repeat_03\raw\bandwidth_pair_s0_d56_b1024_r2000_w8_c0.csv,f65dfa28c9626da724bacc2729860c8a32f148f593f76417442f61a87b155f3d
repeat_03\raw\contention_intra2_s0_d0_b64_r2000_w4_c0.csv,94a3b7844d1e18bc9eddf12265be58c4eb13cb304fffca8c92ee8929ef668016
repeat_03\raw\bandwidth_pair_s0_d1_b64_r2000_w16_c0.csv,9236f1f4d34652d035bec994b7ec1b526ac779a32f2437b236901747eb27400d
repeat_03\raw\bandwidth_pair_s0_d9_b256_r2000_w16_c0.csv,5cd34978eb6318b0141e90d9c0062665a1d1b9b1633a6dba55bc600760d7ecda
repeat_03\raw\bandwidth_pair_s0_d1_b32_r2000_w2_c0.csv,0ba54d912f485dac868b1722930a4a8d9f81057db195f342b3ac14bcbb5fe345
repeat_03\raw\bandwidth_pair_s1_d2_b256_r2000_w2_c0.csv,8906517e34c7b3ffa8727c53fa2c6c2429946359b6f62ac33c27f914fd64d7b8
repeat_03\raw\bandwidth_pair_s0_d7_b16_r2000_w1_c0.csv,4a2e8b8180b56e68495667f5515891d70a9592b9b69e020aa85ff1e3ceec175e
repeat_03\raw\bandwidth_pair_s0_d8_b32_r2000_w4_c0.csv,c3f4f2bdc0b95e0130a4c98581c6e66be2375d36a32b39935ad5f08ce10e733a
repeat_03\raw\bandwidth_pair_s0_d56_b32_r2000_w1_c0.csv,a109a2005972e52fcbf4735ee3dd367fd2edd72dcd1ddfd9a722d46c0147a789
repeat_03\raw\bandwidth_pair_s0_d1_b32768_r2000_w1_c0.csv,160e658269212fb4d8522d7781d2be31be690c662f248c72f2c3c51a23075b7b
repeat_03\raw\bandwidth_pair_s0_d8_b16_r2000_w2_c0.csv,56e3e50ef8c35d32cbb4457f1bcbda14f53b2431dead3a4d1d744f93f214cc2f
repeat_03\raw\bandwidth_pair_s0_d1_b1024_r2000_w4_c0.csv,dc909c38e7acc4241bc34f6134596dd39607c97a104256d2d8b957abe938f2f0
repeat_03\raw\bandwidth_pair_s0_d9_b128_r2000_w8_c0.csv,5a2382103c22002c293a35e817feb0c3ca63f45424ae09cfd6b53ddebe7d096e
repeat_03\raw\bandwidth_pair_s9_d18_b16_r2000_w8_c0.csv,64bb12d79ab7be9c151eb9894d1a8cd5b677ea352480dcac21ab3efd6547a663
repeat_03\raw\bandwidth_pair_s0_d63_b64_r2000_w4_c0.csv,6689b60471a96f9c803877062ce686e88f91c8a29b715c6b2e09e44f37ebe7dd
repeat_03\raw\bandwidth_pair_s9_d18_b8_r2000_w2_c0.csv,6a352882dd90e02af93263d6550d3664796abfcd00625a6783c51fdc57b70052
repeat_03\raw\contention_split_far2_s0_d0_b64_r2000_w1_c5.csv,c244c9c8602026f33048ade9aefa5011fc9186a45ad72106890eff42629a9575
repeat_03\raw\bandwidth_pair_s1_d2_b8_r2000_w4_c0.csv,cf2b4a1f865782437a956e2f590497a9209463aa959bb5724a81581511689d20
