case_id,phase,mode,bytes,reps,active_pes,offset,slot_stride,mapping,mapping_seed,filename
1,boundary,get,64,10000,1,0,131200,identity,20261005,case_000001.csv
2,boundary,get,96,10000,1,0,131200,identity,20261005,case_000002.csv
3,boundary,get,124,10000,1,0,131200,identity,20261005,case_000003.csv
4,boundary,get,128,10000,1,0,131200,identity,20261005,case_000004.csv
5,boundary,get,132,10000,1,0,131200,identity,20261005,case_000005.csv
6,boundary,get,192,10000,1,0,131200,identity,20261005,case_000006.csv
7,boundary,get,252,10000,1,0,131200,identity,20261005,case_000007.csv
8,boundary,get,256,10000,1,0,131200,identity,20261005,case_000008.csv
9,boundary,get,260,10000,1,0,131200,identity,20261005,case_000009.csv
10,boundary,get,64,10000,1,4,131200,identity,20261005,case_000010.csv
11,boundary,get,96,10000,1,4,131200,identity,20261005,case_000011.csv
12,boundary,get,124,10000,1,4,131200,identity,20261005,case_000012.csv
13,boundary,get,128,10000,1,4,131200,identity,20261005,case_000013.csv
14,boundary,get,132,10000,1,4,131200,identity,20261005,case_000014.csv
15,boundary,get,192,10000,1,4,131200,identity,20261005,case_000015.csv
16,boundary,get,252,10000,1,4,131200,identity,20261005,case_000016.csv
17,boundary,get,256,10000,1,4,131200,identity,20261005,case_000017.csv
18,boundary,get,260,10000,1,4,131200,identity,20261005,case_000018.csv
19,boundary,get,64,10000,1,64,131200,identity,20261005,case_000019.csv
20,boundary,get,96,10000,1,64,131200,identity,20261005,case_000020.csv
21,boundary,get,124,10000,1,64,131200,identity,20261005,case_000021.csv
22,boundary,get,128,10000,1,64,131200,identity,20261005,case_000022.csv
23,boundary,get,132,10000,1,64,131200,identity,20261005,case_000023.csv
24,boundary,get,192,10000,1,64,131200,identity,20261005,case_000024.csv
25,boundary,get,252,10000,1,64,131200,identity,20261005,case_000025.csv
26,boundary,get,256,10000,1,64,131200,identity,20261005,case_000026.csv
27,boundary,get,260,10000,1,64,131200,identity,20261005,case_000027.csv
28,boundary,get,64,10000,1,124,131200,identity,20261005,case_000028.csv
29,boundary,get,96,10000,1,124,131200,identity,20261005,case_000029.csv
30,boundary,get,124,10000,1,124,131200,identity,20261005,case_000030.csv
31,boundary,get,128,10000,1,124,131200,identity,20261005,case_000031.csv
32,boundary,get,132,10000,1,124,131200,identity,20261005,case_000032.csv
33,boundary,get,192,10000,1,124,131200,identity,20261005,case_000033.csv
34,boundary,get,252,10000,1,124,131200,identity,20261005,case_000034.csv
35,boundary,get,256,10000,1,124,131200,identity,20261005,case_000035.csv
36,boundary,get,260,10000,1,124,131200,identity,20261005,case_000036.csv
37,boundary,get,64,10000,2,0,131200,identity,20261005,case_000037.csv
38,boundary,get,96,10000,2,0,131200,identity,20261005,case_000038.csv
39,boundary,get,124,10000,2,0,131200,identity,20261005,case_000039.csv
40,boundary,get,128,10000,2,0,131200,identity,20261005,case_000040.csv
41,boundary,get,132,10000,2,0,131200,identity,20261005,case_000041.csv
42,boundary,get,192,10000,2,0,131200,identity,20261005,case_000042.csv
43,boundary,get,252,10000,2,0,131200,identity,20261005,case_000043.csv
44,boundary,get,256,10000,2,0,131200,identity,20261005,case_000044.csv
45,boundary,get,260,10000,2,0,131200,identity,20261005,case_000045.csv
46,boundary,get,64,10000,2,4,131200,identity,20261005,case_000046.csv
47,boundary,get,96,10000,2,4,131200,identity,20261005,case_000047.csv
48,boundary,get,124,10000,2,4,131200,identity,20261005,case_000048.csv
49,boundary,get,128,10000,2,4,131200,identity,20261005,case_000049.csv
50,boundary,get,132,10000,2,4,131200,identity,20261005,case_000050.csv
51,boundary,get,192,10000,2,4,131200,identity,20261005,case_000051.csv
52,boundary,get,252,10000,2,4,131200,identity,20261005,case_000052.csv
53,boundary,get,256,10000,2,4,131200,identity,20261005,case_000053.csv
54,boundary,get,260,10000,2,4,131200,identity,20261005,case_000054.csv
55,boundary,get,64,10000,2,64,131200,identity,20261005,case_000055.csv
56,boundary,get,96,10000,2,64,131200,identity,20261005,case_000056.csv
57,boundary,get,124,10000,2,64,131200,identity,20261005,case_000057.csv
58,boundary,get,128,10000,2,64,131200,identity,20261005,case_000058.csv
59,boundary,get,132,10000,2,64,131200,identity,20261005,case_000059.csv
60,boundary,get,192,10000,2,64,131200,identity,20261005,case_000060.csv
61,boundary,get,252,10000,2,64,131200,identity,20261005,case_000061.csv
62,boundary,get,256,10000,2,64,131200,identity,20261005,case_000062.csv
63,boundary,get,260,10000,2,64,131200,identity,20261005,case_000063.csv
64,boundary,get,64,10000,2,124,131200,identity,20261005,case_000064.csv
65,boundary,get,96,10000,2,124,131200,identity,20261005,case_000065.csv
66,boundary,get,124,10000,2,124,131200,identity,20261005,case_000066.csv
67,boundary,get,128,10000,2,124,131200,identity,20261005,case_000067.csv
68,boundary,get,132,10000,2,124,131200,identity,20261005,case_000068.csv
69,boundary,get,192,10000,2,124,131200,identity,20261005,case_000069.csv
70,boundary,get,252,10000,2,124,131200,identity,20261005,case_000070.csv
71,boundary,get,256,10000,2,124,131200,identity,20261005,case_000071.csv
72,boundary,get,260,10000,2,124,131200,identity,20261005,case_000072.csv
73,boundary,get,64,10000,4,0,131200,identity,20261005,case_000073.csv
74,boundary,get,96,10000,4,0,131200,identity,20261005,case_000074.csv
75,boundary,get,124,10000,4,0,131200,identity,20261005,case_000075.csv
76,boundary,get,128,10000,4,0,131200,identity,20261005,case_000076.csv
77,boundary,get,132,10000,4,0,131200,identity,20261005,case_000077.csv
78,boundary,get,192,10000,4,0,131200,identity,20261005,case_000078.csv
79,boundary,get,252,10000,4,0,131200,identity,20261005,case_000079.csv
80,boundary,get,256,10000,4,0,131200,identity,20261005,case_000080.csv
81,boundary,get,260,10000,4,0,131200,identity,20261005,case_000081.csv
82,boundary,get,64,10000,4,4,131200,identity,20261005,case_000082.csv
83,boundary,get,96,10000,4,4,131200,identity,20261005,case_000083.csv
84,boundary,get,124,10000,4,4,131200,identity,20261005,case_000084.csv
85,boundary,get,128,10000,4,4,131200,identity,20261005,case_000085.csv
86,boundary,get,132,10000,4,4,131200,identity,20261005,case_000086.csv
87,boundary,get,192,10000,4,4,131200,identity,20261005,case_000087.csv
88,boundary,get,252,10000,4,4,131200,identity,20261005,case_000088.csv
89,boundary,get,256,10000,4,4,131200,identity,20261005,case_000089.csv
90,boundary,get,260,10000,4,4,131200,identity,20261005,case_000090.csv
91,boundary,get,64,10000,4,64,131200,identity,20261005,case_000091.csv
92,boundary,get,96,10000,4,64,131200,identity,20261005,case_000092.csv
93,boundary,get,124,10000,4,64,131200,identity,20261005,case_000093.csv
94,boundary,get,128,10000,4,64,131200,identity,20261005,case_000094.csv
95,boundary,get,132,10000,4,64,131200,identity,20261005,case_000095.csv
96,boundary,get,192,10000,4,64,131200,identity,20261005,case_000096.csv
97,boundary,get,252,10000,4,64,131200,identity,20261005,case_000097.csv
98,boundary,get,256,10000,4,64,131200,identity,20261005,case_000098.csv
99,boundary,get,260,10000,4,64,131200,identity,20261005,case_000099.csv
100,boundary,get,64,10000,4,124,131200,identity,20261005,case_000100.csv
101,boundary,get,96,10000,4,124,131200,identity,20261005,case_000101.csv
102,boundary,get,124,10000,4,124,131200,identity,20261005,case_000102.csv
103,boundary,get,128,10000,4,124,131200,identity,20261005,case_000103.csv
104,boundary,get,132,10000,4,124,131200,identity,20261005,case_000104.csv
105,boundary,get,192,10000,4,124,131200,identity,20261005,case_000105.csv
106,boundary,get,252,10000,4,124,131200,identity,20261005,case_000106.csv
107,boundary,get,256,10000,4,124,131200,identity,20261005,case_000107.csv
108,boundary,get,260,10000,4,124,131200,identity,20261005,case_000108.csv
109,boundary,get,64,10000,8,0,131200,identity,20261005,case_000109.csv
110,boundary,get,96,10000,8,0,131200,identity,20261005,case_000110.csv
111,boundary,get,124,10000,8,0,131200,identity,20261005,case_000111.csv
112,boundary,get,128,10000,8,0,131200,identity,20261005,case_000112.csv
113,boundary,get,132,10000,8,0,131200,identity,20261005,case_000113.csv
114,boundary,get,192,10000,8,0,131200,identity,20261005,case_000114.csv
115,boundary,get,252,10000,8,0,131200,identity,20261005,case_000115.csv
116,boundary,get,256,10000,8,0,131200,identity,20261005,case_000116.csv
117,boundary,get,260,10000,8,0,131200,identity,20261005,case_000117.csv
118,boundary,get,64,10000,8,4,131200,identity,20261005,case_000118.csv
119,boundary,get,96,10000,8,4,131200,identity,20261005,case_000119.csv
120,boundary,get,124,10000,8,4,131200,identity,20261005,case_000120.csv
121,boundary,get,128,10000,8,4,131200,identity,20261005,case_000121.csv
122,boundary,get,132,10000,8,4,131200,identity,20261005,case_000122.csv
123,boundary,get,192,10000,8,4,131200,identity,20261005,case_000123.csv
124,boundary,get,252,10000,8,4,131200,identity,20261005,case_000124.csv
125,boundary,get,256,10000,8,4,131200,identity,20261005,case_000125.csv
126,boundary,get,260,10000,8,4,131200,identity,20261005,case_000126.csv
127,boundary,get,64,10000,8,64,131200,identity,20261005,case_000127.csv
128,boundary,get,96,10000,8,64,131200,identity,20261005,case_000128.csv
129,boundary,get,124,10000,8,64,131200,identity,20261005,case_000129.csv
130,boundary,get,128,10000,8,64,131200,identity,20261005,case_000130.csv
131,boundary,get,132,10000,8,64,131200,identity,20261005,case_000131.csv
132,boundary,get,192,10000,8,64,131200,identity,20261005,case_000132.csv
133,boundary,get,252,10000,8,64,131200,identity,20261005,case_000133.csv
134,boundary,get,256,10000,8,64,131200,identity,20261005,case_000134.csv
135,boundary,get,260,10000,8,64,131200,identity,20261005,case_000135.csv
136,boundary,get,64,10000,8,124,131200,identity,20261005,case_000136.csv
137,boundary,get,96,10000,8,124,131200,identity,20261005,case_000137.csv
138,boundary,get,124,10000,8,124,131200,identity,20261005,case_000138.csv
139,boundary,get,128,10000,8,124,131200,identity,20261005,case_000139.csv
140,boundary,get,132,10000,8,124,131200,identity,20261005,case_000140.csv
141,boundary,get,192,10000,8,124,131200,identity,20261005,case_000141.csv
142,boundary,get,252,10000,8,124,131200,identity,20261005,case_000142.csv
143,boundary,get,256,10000,8,124,131200,identity,20261005,case_000143.csv
144,boundary,get,260,10000,8,124,131200,identity,20261005,case_000144.csv
145,boundary,get,64,10000,16,0,131200,identity,20261005,case_000145.csv
146,boundary,get,96,10000,16,0,131200,identity,20261005,case_000146.csv
147,boundary,get,124,10000,16,0,131200,identity,20261005,case_000147.csv
148,boundary,get,128,10000,16,0,131200,identity,20261005,case_000148.csv
149,boundary,get,132,10000,16,0,131200,identity,20261005,case_000149.csv
150,boundary,get,192,10000,16,0,131200,identity,20261005,case_000150.csv
151,boundary,get,252,10000,16,0,131200,identity,20261005,case_000151.csv
152,boundary,get,256,10000,16,0,131200,identity,20261005,case_000152.csv
153,boundary,get,260,10000,16,0,131200,identity,20261005,case_000153.csv
154,boundary,get,64,10000,16,4,131200,identity,20261005,case_000154.csv
155,boundary,get,96,10000,16,4,131200,identity,20261005,case_000155.csv
156,boundary,get,124,10000,16,4,131200,identity,20261005,case_000156.csv
157,boundary,get,128,10000,16,4,131200,identity,20261005,case_000157.csv
158,boundary,get,132,10000,16,4,131200,identity,20261005,case_000158.csv
159,boundary,get,192,10000,16,4,131200,identity,20261005,case_000159.csv
160,boundary,get,252,10000,16,4,131200,identity,20261005,case_000160.csv
161,boundary,get,256,10000,16,4,131200,identity,20261005,case_000161.csv
162,boundary,get,260,10000,16,4,131200,identity,20261005,case_000162.csv
163,boundary,get,64,10000,16,64,131200,identity,20261005,case_000163.csv
164,boundary,get,96,10000,16,64,131200,identity,20261005,case_000164.csv
165,boundary,get,124,10000,16,64,131200,identity,20261005,case_000165.csv
166,boundary,get,128,10000,16,64,131200,identity,20261005,case_000166.csv
167,boundary,get,132,10000,16,64,131200,identity,20261005,case_000167.csv
168,boundary,get,192,10000,16,64,131200,identity,20261005,case_000168.csv
169,boundary,get,252,10000,16,64,131200,identity,20261005,case_000169.csv
170,boundary,get,256,10000,16,64,131200,identity,20261005,case_000170.csv
171,boundary,get,260,10000,16,64,131200,identity,20261005,case_000171.csv
172,boundary,get,64,10000,16,124,131200,identity,20261005,case_000172.csv
173,boundary,get,96,10000,16,124,131200,identity,20261005,case_000173.csv
174,boundary,get,124,10000,16,124,131200,identity,20261005,case_000174.csv
175,boundary,get,128,10000,16,124,131200,identity,20261005,case_000175.csv
176,boundary,get,132,10000,16,124,131200,identity,20261005,case_000176.csv
177,boundary,get,192,10000,16,124,131200,identity,20261005,case_000177.csv
178,boundary,get,252,10000,16,124,131200,identity,20261005,case_000178.csv
179,boundary,get,256,10000,16,124,131200,identity,20261005,case_000179.csv
180,boundary,get,260,10000,16,124,131200,identity,20261005,case_000180.csv
181,boundary,get,64,10000,32,0,131200,identity,20261005,case_000181.csv
182,boundary,get,96,10000,32,0,131200,identity,20261005,case_000182.csv
183,boundary,get,124,10000,32,0,131200,identity,20261005,case_000183.csv
184,boundary,get,128,10000,32,0,131200,identity,20261005,case_000184.csv
185,boundary,get,132,10000,32,0,131200,identity,20261005,case_000185.csv
186,boundary,get,192,10000,32,0,131200,identity,20261005,case_000186.csv
187,boundary,get,252,10000,32,0,131200,identity,20261005,case_000187.csv
188,boundary,get,256,10000,32,0,131200,identity,20261005,case_000188.csv
189,boundary,get,260,10000,32,0,131200,identity,20261005,case_000189.csv
190,boundary,get,64,10000,32,4,131200,identity,20261005,case_000190.csv
191,boundary,get,96,10000,32,4,131200,identity,20261005,case_000191.csv
192,boundary,get,124,10000,32,4,131200,identity,20261005,case_000192.csv
193,boundary,get,128,10000,32,4,131200,identity,20261005,case_000193.csv
194,boundary,get,132,10000,32,4,131200,identity,20261005,case_000194.csv
195,boundary,get,192,10000,32,4,131200,identity,20261005,case_000195.csv
196,boundary,get,252,10000,32,4,131200,identity,20261005,case_000196.csv
197,boundary,get,256,10000,32,4,131200,identity,20261005,case_000197.csv
198,boundary,get,260,10000,32,4,131200,identity,20261005,case_000198.csv
199,boundary,get,64,10000,32,64,131200,identity,20261005,case_000199.csv
200,boundary,get,96,10000,32,64,131200,identity,20261005,case_000200.csv
201,boundary,get,124,10000,32,64,131200,identity,20261005,case_000201.csv
202,boundary,get,128,10000,32,64,131200,identity,20261005,case_000202.csv
203,boundary,get,132,10000,32,64,131200,identity,20261005,case_000203.csv
204,boundary,get,192,10000,32,64,131200,identity,20261005,case_000204.csv
205,boundary,get,252,10000,32,64,131200,identity,20261005,case_000205.csv
206,boundary,get,256,10000,32,64,131200,identity,20261005,case_000206.csv
207,boundary,get,260,10000,32,64,131200,identity,20261005,case_000207.csv
208,boundary,get,64,10000,32,124,131200,identity,20261005,case_000208.csv
209,boundary,get,96,10000,32,124,131200,identity,20261005,case_000209.csv
210,boundary,get,124,10000,32,124,131200,identity,20261005,case_000210.csv
211,boundary,get,128,10000,32,124,131200,identity,20261005,case_000211.csv
212,boundary,get,132,10000,32,124,131200,identity,20261005,case_000212.csv
213,boundary,get,192,10000,32,124,131200,identity,20261005,case_000213.csv
214,boundary,get,252,10000,32,124,131200,identity,20261005,case_000214.csv
215,boundary,get,256,10000,32,124,131200,identity,20261005,case_000215.csv
216,boundary,get,260,10000,32,124,131200,identity,20261005,case_000216.csv
217,boundary,get,64,10000,64,0,131200,identity,20261005,case_000217.csv
218,boundary,get,96,10000,64,0,131200,identity,20261005,case_000218.csv
219,boundary,get,124,10000,64,0,131200,identity,20261005,case_000219.csv
220,boundary,get,128,10000,64,0,131200,identity,20261005,case_000220.csv
221,boundary,get,132,10000,64,0,131200,identity,20261005,case_000221.csv
222,boundary,get,192,10000,64,0,131200,identity,20261005,case_000222.csv
223,boundary,get,252,10000,64,0,131200,identity,20261005,case_000223.csv
224,boundary,get,256,10000,64,0,131200,identity,20261005,case_000224.csv
225,boundary,get,260,10000,64,0,131200,identity,20261005,case_000225.csv
226,boundary,get,64,10000,64,4,131200,identity,20261005,case_000226.csv
227,boundary,get,96,10000,64,4,131200,identity,20261005,case_000227.csv
228,boundary,get,124,10000,64,4,131200,identity,20261005,case_000228.csv
229,boundary,get,128,10000,64,4,131200,identity,20261005,case_000229.csv
230,boundary,get,132,10000,64,4,131200,identity,20261005,case_000230.csv
231,boundary,get,192,10000,64,4,131200,identity,20261005,case_000231.csv
232,boundary,get,252,10000,64,4,131200,identity,20261005,case_000232.csv
233,boundary,get,256,10000,64,4,131200,identity,20261005,case_000233.csv
234,boundary,get,260,10000,64,4,131200,identity,20261005,case_000234.csv
235,boundary,get,64,10000,64,64,131200,identity,20261005,case_000235.csv
236,boundary,get,96,10000,64,64,131200,identity,20261005,case_000236.csv
237,boundary,get,124,10000,64,64,131200,identity,20261005,case_000237.csv
238,boundary,get,128,10000,64,64,131200,identity,20261005,case_000238.csv
239,boundary,get,132,10000,64,64,131200,identity,20261005,case_000239.csv
240,boundary,get,192,10000,64,64,131200,identity,20261005,case_000240.csv
241,boundary,get,252,10000,64,64,131200,identity,20261005,case_000241.csv
242,boundary,get,256,10000,64,64,131200,identity,20261005,case_000242.csv
243,boundary,get,260,10000,64,64,131200,identity,20261005,case_000243.csv
244,boundary,get,64,10000,64,124,131200,identity,20261005,case_000244.csv
245,boundary,get,96,10000,64,124,131200,identity,20261005,case_000245.csv
246,boundary,get,124,10000,64,124,131200,identity,20261005,case_000246.csv
247,boundary,get,128,10000,64,124,131200,identity,20261005,case_000247.csv
248,boundary,get,132,10000,64,124,131200,identity,20261005,case_000248.csv
249,boundary,get,192,10000,64,124,131200,identity,20261005,case_000249.csv
250,boundary,get,252,10000,64,124,131200,identity,20261005,case_000250.csv
251,boundary,get,256,10000,64,124,131200,identity,20261005,case_000251.csv
252,boundary,get,260,10000,64,124,131200,identity,20261005,case_000252.csv
253,boundary,put,64,10000,1,0,131200,identity,20261005,case_000253.csv
254,boundary,put,96,10000,1,0,131200,identity,20261005,case_000254.csv
255,boundary,put,124,10000,1,0,131200,identity,20261005,case_000255.csv
256,boundary,put,128,10000,1,0,131200,identity,20261005,case_000256.csv
257,boundary,put,132,10000,1,0,131200,identity,20261005,case_000257.csv
258,boundary,put,192,10000,1,0,131200,identity,20261005,case_000258.csv
259,boundary,put,252,10000,1,0,131200,identity,20261005,case_000259.csv
260,boundary,put,256,10000,1,0,131200,identity,20261005,case_000260.csv
261,boundary,put,260,10000,1,0,131200,identity,20261005,case_000261.csv
262,boundary,put,64,10000,1,4,131200,identity,20261005,case_000262.csv
263,boundary,put,96,10000,1,4,131200,identity,20261005,case_000263.csv
264,boundary,put,124,10000,1,4,131200,identity,20261005,case_000264.csv
265,boundary,put,128,10000,1,4,131200,identity,20261005,case_000265.csv
266,boundary,put,132,10000,1,4,131200,identity,20261005,case_000266.csv
267,boundary,put,192,10000,1,4,131200,identity,20261005,case_000267.csv
268,boundary,put,252,10000,1,4,131200,identity,20261005,case_000268.csv
269,boundary,put,256,10000,1,4,131200,identity,20261005,case_000269.csv
270,boundary,put,260,10000,1,4,131200,identity,20261005,case_000270.csv
271,boundary,put,64,10000,1,64,131200,identity,20261005,case_000271.csv
272,boundary,put,96,10000,1,64,131200,identity,20261005,case_000272.csv
273,boundary,put,124,10000,1,64,131200,identity,20261005,case_000273.csv
274,boundary,put,128,10000,1,64,131200,identity,20261005,case_000274.csv
275,boundary,put,132,10000,1,64,131200,identity,20261005,case_000275.csv
276,boundary,put,192,10000,1,64,131200,identity,20261005,case_000276.csv
277,boundary,put,252,10000,1,64,131200,identity,20261005,case_000277.csv
278,boundary,put,256,10000,1,64,131200,identity,20261005,case_000278.csv
279,boundary,put,260,10000,1,64,131200,identity,20261005,case_000279.csv
280,boundary,put,64,10000,1,124,131200,identity,20261005,case_000280.csv
281,boundary,put,96,10000,1,124,131200,identity,20261005,case_000281.csv
282,boundary,put,124,10000,1,124,131200,identity,20261005,case_000282.csv
283,boundary,put,128,10000,1,124,131200,identity,20261005,case_000283.csv
284,boundary,put,132,10000,1,124,131200,identity,20261005,case_000284.csv
285,boundary,put,192,10000,1,124,131200,identity,20261005,case_000285.csv
286,boundary,put,252,10000,1,124,131200,identity,20261005,case_000286.csv
287,boundary,put,256,10000,1,124,131200,identity,20261005,case_000287.csv
288,boundary,put,260,10000,1,124,131200,identity,20261005,case_000288.csv
289,boundary,put,64,10000,2,0,131200,identity,20261005,case_000289.csv
290,boundary,put,96,10000,2,0,131200,identity,20261005,case_000290.csv
291,boundary,put,124,10000,2,0,131200,identity,20261005,case_000291.csv
292,boundary,put,128,10000,2,0,131200,identity,20261005,case_000292.csv
293,boundary,put,132,10000,2,0,131200,identity,20261005,case_000293.csv
294,boundary,put,192,10000,2,0,131200,identity,20261005,case_000294.csv
295,boundary,put,252,10000,2,0,131200,identity,20261005,case_000295.csv
296,boundary,put,256,10000,2,0,131200,identity,20261005,case_000296.csv
297,boundary,put,260,10000,2,0,131200,identity,20261005,case_000297.csv
298,boundary,put,64,10000,2,4,131200,identity,20261005,case_000298.csv
299,boundary,put,96,10000,2,4,131200,identity,20261005,case_000299.csv
300,boundary,put,124,10000,2,4,131200,identity,20261005,case_000300.csv
301,boundary,put,128,10000,2,4,131200,identity,20261005,case_000301.csv
302,boundary,put,132,10000,2,4,131200,identity,20261005,case_000302.csv
303,boundary,put,192,10000,2,4,131200,identity,20261005,case_000303.csv
304,boundary,put,252,10000,2,4,131200,identity,20261005,case_000304.csv
305,boundary,put,256,10000,2,4,131200,identity,20261005,case_000305.csv
306,boundary,put,260,10000,2,4,131200,identity,20261005,case_000306.csv
307,boundary,put,64,10000,2,64,131200,identity,20261005,case_000307.csv
308,boundary,put,96,10000,2,64,131200,identity,20261005,case_000308.csv
309,boundary,put,124,10000,2,64,131200,identity,20261005,case_000309.csv
310,boundary,put,128,10000,2,64,131200,identity,20261005,case_000310.csv
311,boundary,put,132,10000,2,64,131200,identity,20261005,case_000311.csv
312,boundary,put,192,10000,2,64,131200,identity,20261005,case_000312.csv
313,boundary,put,252,10000,2,64,131200,identity,20261005,case_000313.csv
314,boundary,put,256,10000,2,64,131200,identity,20261005,case_000314.csv
315,boundary,put,260,10000,2,64,131200,identity,20261005,case_000315.csv
316,boundary,put,64,10000,2,124,131200,identity,20261005,case_000316.csv
317,boundary,put,96,10000,2,124,131200,identity,20261005,case_000317.csv
318,boundary,put,124,10000,2,124,131200,identity,20261005,case_000318.csv
319,boundary,put,128,10000,2,124,131200,identity,20261005,case_000319.csv
320,boundary,put,132,10000,2,124,131200,identity,20261005,case_000320.csv
321,boundary,put,192,10000,2,124,131200,identity,20261005,case_000321.csv
322,boundary,put,252,10000,2,124,131200,identity,20261005,case_000322.csv
323,boundary,put,256,10000,2,124,131200,identity,20261005,case_000323.csv
324,boundary,put,260,10000,2,124,131200,identity,20261005,case_000324.csv
325,boundary,put,64,10000,4,0,131200,identity,20261005,case_000325.csv
326,boundary,put,96,10000,4,0,131200,identity,20261005,case_000326.csv
327,boundary,put,124,10000,4,0,131200,identity,20261005,case_000327.csv
328,boundary,put,128,10000,4,0,131200,identity,20261005,case_000328.csv
329,boundary,put,132,10000,4,0,131200,identity,20261005,case_000329.csv
330,boundary,put,192,10000,4,0,131200,identity,20261005,case_000330.csv
331,boundary,put,252,10000,4,0,131200,identity,20261005,case_000331.csv
332,boundary,put,256,10000,4,0,131200,identity,20261005,case_000332.csv
333,boundary,put,260,10000,4,0,131200,identity,20261005,case_000333.csv
334,boundary,put,64,10000,4,4,131200,identity,20261005,case_000334.csv
335,boundary,put,96,10000,4,4,131200,identity,20261005,case_000335.csv
336,boundary,put,124,10000,4,4,131200,identity,20261005,case_000336.csv
337,boundary,put,128,10000,4,4,131200,identity,20261005,case_000337.csv
338,boundary,put,132,10000,4,4,131200,identity,20261005,case_000338.csv
339,boundary,put,192,10000,4,4,131200,identity,20261005,case_000339.csv
340,boundary,put,252,10000,4,4,131200,identity,20261005,case_000340.csv
341,boundary,put,256,10000,4,4,131200,identity,20261005,case_000341.csv
342,boundary,put,260,10000,4,4,131200,identity,20261005,case_000342.csv
343,boundary,put,64,10000,4,64,131200,identity,20261005,case_000343.csv
344,boundary,put,96,10000,4,64,131200,identity,20261005,case_000344.csv
345,boundary,put,124,10000,4,64,131200,identity,20261005,case_000345.csv
346,boundary,put,128,10000,4,64,131200,identity,20261005,case_000346.csv
347,boundary,put,132,10000,4,64,131200,identity,20261005,case_000347.csv
348,boundary,put,192,10000,4,64,131200,identity,20261005,case_000348.csv
349,boundary,put,252,10000,4,64,131200,identity,20261005,case_000349.csv
350,boundary,put,256,10000,4,64,131200,identity,20261005,case_000350.csv
351,boundary,put,260,10000,4,64,131200,identity,20261005,case_000351.csv
352,boundary,put,64,10000,4,124,131200,identity,20261005,case_000352.csv
353,boundary,put,96,10000,4,124,131200,identity,20261005,case_000353.csv
354,boundary,put,124,10000,4,124,131200,identity,20261005,case_000354.csv
355,boundary,put,128,10000,4,124,131200,identity,20261005,case_000355.csv
356,boundary,put,132,10000,4,124,131200,identity,20261005,case_000356.csv
357,boundary,put,192,10000,4,124,131200,identity,20261005,case_000357.csv
358,boundary,put,252,10000,4,124,131200,identity,20261005,case_000358.csv
359,boundary,put,256,10000,4,124,131200,identity,20261005,case_000359.csv
360,boundary,put,260,10000,4,124,131200,identity,20261005,case_000360.csv
361,boundary,put,64,10000,8,0,131200,identity,20261005,case_000361.csv
362,boundary,put,96,10000,8,0,131200,identity,20261005,case_000362.csv
363,boundary,put,124,10000,8,0,131200,identity,20261005,case_000363.csv
364,boundary,put,128,10000,8,0,131200,identity,20261005,case_000364.csv
365,boundary,put,132,10000,8,0,131200,identity,20261005,case_000365.csv
366,boundary,put,192,10000,8,0,131200,identity,20261005,case_000366.csv
367,boundary,put,252,10000,8,0,131200,identity,20261005,case_000367.csv
368,boundary,put,256,10000,8,0,131200,identity,20261005,case_000368.csv
369,boundary,put,260,10000,8,0,131200,identity,20261005,case_000369.csv
370,boundary,put,64,10000,8,4,131200,identity,20261005,case_000370.csv
371,boundary,put,96,10000,8,4,131200,identity,20261005,case_000371.csv
372,boundary,put,124,10000,8,4,131200,identity,20261005,case_000372.csv
373,boundary,put,128,10000,8,4,131200,identity,20261005,case_000373.csv
374,boundary,put,132,10000,8,4,131200,identity,20261005,case_000374.csv
375,boundary,put,192,10000,8,4,131200,identity,20261005,case_000375.csv
376,boundary,put,252,10000,8,4,131200,identity,20261005,case_000376.csv
377,boundary,put,256,10000,8,4,131200,identity,20261005,case_000377.csv
378,boundary,put,260,10000,8,4,131200,identity,20261005,case_000378.csv
379,boundary,put,64,10000,8,64,131200,identity,20261005,case_000379.csv
380,boundary,put,96,10000,8,64,131200,identity,20261005,case_000380.csv
381,boundary,put,124,10000,8,64,131200,identity,20261005,case_000381.csv
382,boundary,put,128,10000,8,64,131200,identity,20261005,case_000382.csv
383,boundary,put,132,10000,8,64,131200,identity,20261005,case_000383.csv
384,boundary,put,192,10000,8,64,131200,identity,20261005,case_000384.csv
385,boundary,put,252,10000,8,64,131200,identity,20261005,case_000385.csv
386,boundary,put,256,10000,8,64,131200,identity,20261005,case_000386.csv
387,boundary,put,260,10000,8,64,131200,identity,20261005,case_000387.csv
388,boundary,put,64,10000,8,124,131200,identity,20261005,case_000388.csv
389,boundary,put,96,10000,8,124,131200,identity,20261005,case_000389.csv
390,boundary,put,124,10000,8,124,131200,identity,20261005,case_000390.csv
391,boundary,put,128,10000,8,124,131200,identity,20261005,case_000391.csv
392,boundary,put,132,10000,8,124,131200,identity,20261005,case_000392.csv
393,boundary,put,192,10000,8,124,131200,identity,20261005,case_000393.csv
394,boundary,put,252,10000,8,124,131200,identity,20261005,case_000394.csv
395,boundary,put,256,10000,8,124,131200,identity,20261005,case_000395.csv
396,boundary,put,260,10000,8,124,131200,identity,20261005,case_000396.csv
397,boundary,put,64,10000,16,0,131200,identity,20261005,case_000397.csv
398,boundary,put,96,10000,16,0,131200,identity,20261005,case_000398.csv
399,boundary,put,124,10000,16,0,131200,identity,20261005,case_000399.csv
400,boundary,put,128,10000,16,0,131200,identity,20261005,case_000400.csv
401,boundary,put,132,10000,16,0,131200,identity,20261005,case_000401.csv
402,boundary,put,192,10000,16,0,131200,identity,20261005,case_000402.csv
403,boundary,put,252,10000,16,0,131200,identity,20261005,case_000403.csv
404,boundary,put,256,10000,16,0,131200,identity,20261005,case_000404.csv
405,boundary,put,260,10000,16,0,131200,identity,20261005,case_000405.csv
406,boundary,put,64,10000,16,4,131200,identity,20261005,case_000406.csv
407,boundary,put,96,10000,16,4,131200,identity,20261005,case_000407.csv
408,boundary,put,124,10000,16,4,131200,identity,20261005,case_000408.csv
409,boundary,put,128,10000,16,4,131200,identity,20261005,case_000409.csv
410,boundary,put,132,10000,16,4,131200,identity,20261005,case_000410.csv
411,boundary,put,192,10000,16,4,131200,identity,20261005,case_000411.csv
412,boundary,put,252,10000,16,4,131200,identity,20261005,case_000412.csv
413,boundary,put,256,10000,16,4,131200,identity,20261005,case_000413.csv
414,boundary,put,260,10000,16,4,131200,identity,20261005,case_000414.csv
415,boundary,put,64,10000,16,64,131200,identity,20261005,case_000415.csv
416,boundary,put,96,10000,16,64,131200,identity,20261005,case_000416.csv
417,boundary,put,124,10000,16,64,131200,identity,20261005,case_000417.csv
418,boundary,put,128,10000,16,64,131200,identity,20261005,case_000418.csv
419,boundary,put,132,10000,16,64,131200,identity,20261005,case_000419.csv
420,boundary,put,192,10000,16,64,131200,identity,20261005,case_000420.csv
421,boundary,put,252,10000,16,64,131200,identity,20261005,case_000421.csv
422,boundary,put,256,10000,16,64,131200,identity,20261005,case_000422.csv
423,boundary,put,260,10000,16,64,131200,identity,20261005,case_000423.csv
424,boundary,put,64,10000,16,124,131200,identity,20261005,case_000424.csv
425,boundary,put,96,10000,16,124,131200,identity,20261005,case_000425.csv
426,boundary,put,124,10000,16,124,131200,identity,20261005,case_000426.csv
427,boundary,put,128,10000,16,124,131200,identity,20261005,case_000427.csv
428,boundary,put,132,10000,16,124,131200,identity,20261005,case_000428.csv
429,boundary,put,192,10000,16,124,131200,identity,20261005,case_000429.csv
430,boundary,put,252,10000,16,124,131200,identity,20261005,case_000430.csv
431,boundary,put,256,10000,16,124,131200,identity,20261005,case_000431.csv
432,boundary,put,260,10000,16,124,131200,identity,20261005,case_000432.csv
433,boundary,put,64,10000,32,0,131200,identity,20261005,case_000433.csv
434,boundary,put,96,10000,32,0,131200,identity,20261005,case_000434.csv
435,boundary,put,124,10000,32,0,131200,identity,20261005,case_000435.csv
436,boundary,put,128,10000,32,0,131200,identity,20261005,case_000436.csv
437,boundary,put,132,10000,32,0,131200,identity,20261005,case_000437.csv
438,boundary,put,192,10000,32,0,131200,identity,20261005,case_000438.csv
439,boundary,put,252,10000,32,0,131200,identity,20261005,case_000439.csv
440,boundary,put,256,10000,32,0,131200,identity,20261005,case_000440.csv
441,boundary,put,260,10000,32,0,131200,identity,20261005,case_000441.csv
442,boundary,put,64,10000,32,4,131200,identity,20261005,case_000442.csv
443,boundary,put,96,10000,32,4,131200,identity,20261005,case_000443.csv
444,boundary,put,124,10000,32,4,131200,identity,20261005,case_000444.csv
445,boundary,put,128,10000,32,4,131200,identity,20261005,case_000445.csv
446,boundary,put,132,10000,32,4,131200,identity,20261005,case_000446.csv
447,boundary,put,192,10000,32,4,131200,identity,20261005,case_000447.csv
448,boundary,put,252,10000,32,4,131200,identity,20261005,case_000448.csv
449,boundary,put,256,10000,32,4,131200,identity,20261005,case_000449.csv
450,boundary,put,260,10000,32,4,131200,identity,20261005,case_000450.csv
451,boundary,put,64,10000,32,64,131200,identity,20261005,case_000451.csv
452,boundary,put,96,10000,32,64,131200,identity,20261005,case_000452.csv
453,boundary,put,124,10000,32,64,131200,identity,20261005,case_000453.csv
454,boundary,put,128,10000,32,64,131200,identity,20261005,case_000454.csv
455,boundary,put,132,10000,32,64,131200,identity,20261005,case_000455.csv
456,boundary,put,192,10000,32,64,131200,identity,20261005,case_000456.csv
457,boundary,put,252,10000,32,64,131200,identity,20261005,case_000457.csv
458,boundary,put,256,10000,32,64,131200,identity,20261005,case_000458.csv
459,boundary,put,260,10000,32,64,131200,identity,20261005,case_000459.csv
460,boundary,put,64,10000,32,124,131200,identity,20261005,case_000460.csv
461,boundary,put,96,10000,32,124,131200,identity,20261005,case_000461.csv
462,boundary,put,124,10000,32,124,131200,identity,20261005,case_000462.csv
463,boundary,put,128,10000,32,124,131200,identity,20261005,case_000463.csv
464,boundary,put,132,10000,32,124,131200,identity,20261005,case_000464.csv
465,boundary,put,192,10000,32,124,131200,identity,20261005,case_000465.csv
466,boundary,put,252,10000,32,124,131200,identity,20261005,case_000466.csv
467,boundary,put,256,10000,32,124,131200,identity,20261005,case_000467.csv
468,boundary,put,260,10000,32,124,131200,identity,20261005,case_000468.csv
469,boundary,put,64,10000,64,0,131200,identity,20261005,case_000469.csv
470,boundary,put,96,10000,64,0,131200,identity,20261005,case_000470.csv
471,boundary,put,124,10000,64,0,131200,identity,20261005,case_000471.csv
472,boundary,put,128,10000,64,0,131200,identity,20261005,case_000472.csv
473,boundary,put,132,10000,64,0,131200,identity,20261005,case_000473.csv
474,boundary,put,192,10000,64,0,131200,identity,20261005,case_000474.csv
475,boundary,put,252,10000,64,0,131200,identity,20261005,case_000475.csv
476,boundary,put,256,10000,64,0,131200,identity,20261005,case_000476.csv
477,boundary,put,260,10000,64,0,131200,identity,20261005,case_000477.csv
478,boundary,put,64,10000,64,4,131200,identity,20261005,case_000478.csv
479,boundary,put,96,10000,64,4,131200,identity,20261005,case_000479.csv
480,boundary,put,124,10000,64,4,131200,identity,20261005,case_000480.csv
481,boundary,put,128,10000,64,4,131200,identity,20261005,case_000481.csv
482,boundary,put,132,10000,64,4,131200,identity,20261005,case_000482.csv
483,boundary,put,192,10000,64,4,131200,identity,20261005,case_000483.csv
484,boundary,put,252,10000,64,4,131200,identity,20261005,case_000484.csv
485,boundary,put,256,10000,64,4,131200,identity,20261005,case_000485.csv
486,boundary,put,260,10000,64,4,131200,identity,20261005,case_000486.csv
487,boundary,put,64,10000,64,64,131200,identity,20261005,case_000487.csv
488,boundary,put,96,10000,64,64,131200,identity,20261005,case_000488.csv
489,boundary,put,124,10000,64,64,131200,identity,20261005,case_000489.csv
490,boundary,put,128,10000,64,64,131200,identity,20261005,case_000490.csv
491,boundary,put,132,10000,64,64,131200,identity,20261005,case_000491.csv
492,boundary,put,192,10000,64,64,131200,identity,20261005,case_000492.csv
493,boundary,put,252,10000,64,64,131200,identity,20261005,case_000493.csv
494,boundary,put,256,10000,64,64,131200,identity,20261005,case_000494.csv
495,boundary,put,260,10000,64,64,131200,identity,20261005,case_000495.csv
496,boundary,put,64,10000,64,124,131200,identity,20261005,case_000496.csv
497,boundary,put,96,10000,64,124,131200,identity,20261005,case_000497.csv
498,boundary,put,124,10000,64,124,131200,identity,20261005,case_000498.csv
499,boundary,put,128,10000,64,124,131200,identity,20261005,case_000499.csv
500,boundary,put,132,10000,64,124,131200,identity,20261005,case_000500.csv
501,boundary,put,192,10000,64,124,131200,identity,20261005,case_000501.csv
502,boundary,put,252,10000,64,124,131200,identity,20261005,case_000502.csv
503,boundary,put,256,10000,64,124,131200,identity,20261005,case_000503.csv
504,boundary,put,260,10000,64,124,131200,identity,20261005,case_000504.csv
505,boundary,iget,64,10000,1,0,131200,identity,20261005,case_000505.csv
506,boundary,iget,96,10000,1,0,131200,identity,20261005,case_000506.csv
507,boundary,iget,124,10000,1,0,131200,identity,20261005,case_000507.csv
508,boundary,iget,128,10000,1,0,131200,identity,20261005,case_000508.csv
509,boundary,iget,132,10000,1,0,131200,identity,20261005,case_000509.csv
510,boundary,iget,192,10000,1,0,131200,identity,20261005,case_000510.csv
511,boundary,iget,252,10000,1,0,131200,identity,20261005,case_000511.csv
512,boundary,iget,256,10000,1,0,131200,identity,20261005,case_000512.csv
513,boundary,iget,260,10000,1,0,131200,identity,20261005,case_000513.csv
514,boundary,iget,64,10000,1,4,131200,identity,20261005,case_000514.csv
515,boundary,iget,96,10000,1,4,131200,identity,20261005,case_000515.csv
516,boundary,iget,124,10000,1,4,131200,identity,20261005,case_000516.csv
517,boundary,iget,128,10000,1,4,131200,identity,20261005,case_000517.csv
518,boundary,iget,132,10000,1,4,131200,identity,20261005,case_000518.csv
519,boundary,iget,192,10000,1,4,131200,identity,20261005,case_000519.csv
520,boundary,iget,252,10000,1,4,131200,identity,20261005,case_000520.csv
521,boundary,iget,256,10000,1,4,131200,identity,20261005,case_000521.csv
522,boundary,iget,260,10000,1,4,131200,identity,20261005,case_000522.csv
523,boundary,iget,64,10000,1,64,131200,identity,20261005,case_000523.csv
524,boundary,iget,96,10000,1,64,131200,identity,20261005,case_000524.csv
525,boundary,iget,124,10000,1,64,131200,identity,20261005,case_000525.csv
526,boundary,iget,128,10000,1,64,131200,identity,20261005,case_000526.csv
527,boundary,iget,132,10000,1,64,131200,identity,20261005,case_000527.csv
528,boundary,iget,192,10000,1,64,131200,identity,20261005,case_000528.csv
529,boundary,iget,252,10000,1,64,131200,identity,20261005,case_000529.csv
530,boundary,iget,256,10000,1,64,131200,identity,20261005,case_000530.csv
531,boundary,iget,260,10000,1,64,131200,identity,20261005,case_000531.csv
532,boundary,iget,64,10000,1,124,131200,identity,20261005,case_000532.csv
533,boundary,iget,96,10000,1,124,131200,identity,20261005,case_000533.csv
534,boundary,iget,124,10000,1,124,131200,identity,20261005,case_000534.csv
535,boundary,iget,128,10000,1,124,131200,identity,20261005,case_000535.csv
536,boundary,iget,132,10000,1,124,131200,identity,20261005,case_000536.csv
537,boundary,iget,192,10000,1,124,131200,identity,20261005,case_000537.csv
538,boundary,iget,252,10000,1,124,131200,identity,20261005,case_000538.csv
539,boundary,iget,256,10000,1,124,131200,identity,20261005,case_000539.csv
540,boundary,iget,260,10000,1,124,131200,identity,20261005,case_000540.csv
541,boundary,iget,64,10000,2,0,131200,identity,20261005,case_000541.csv
542,boundary,iget,96,10000,2,0,131200,identity,20261005,case_000542.csv
543,boundary,iget,124,10000,2,0,131200,identity,20261005,case_000543.csv
544,boundary,iget,128,10000,2,0,131200,identity,20261005,case_000544.csv
545,boundary,iget,132,10000,2,0,131200,identity,20261005,case_000545.csv
546,boundary,iget,192,10000,2,0,131200,identity,20261005,case_000546.csv
547,boundary,iget,252,10000,2,0,131200,identity,20261005,case_000547.csv
548,boundary,iget,256,10000,2,0,131200,identity,20261005,case_000548.csv
549,boundary,iget,260,10000,2,0,131200,identity,20261005,case_000549.csv
550,boundary,iget,64,10000,2,4,131200,identity,20261005,case_000550.csv
551,boundary,iget,96,10000,2,4,131200,identity,20261005,case_000551.csv
552,boundary,iget,124,10000,2,4,131200,identity,20261005,case_000552.csv
553,boundary,iget,128,10000,2,4,131200,identity,20261005,case_000553.csv
554,boundary,iget,132,10000,2,4,131200,identity,20261005,case_000554.csv
555,boundary,iget,192,10000,2,4,131200,identity,20261005,case_000555.csv
556,boundary,iget,252,10000,2,4,131200,identity,20261005,case_000556.csv
557,boundary,iget,256,10000,2,4,131200,identity,20261005,case_000557.csv
558,boundary,iget,260,10000,2,4,131200,identity,20261005,case_000558.csv
559,boundary,iget,64,10000,2,64,131200,identity,20261005,case_000559.csv
560,boundary,iget,96,10000,2,64,131200,identity,20261005,case_000560.csv
561,boundary,iget,124,10000,2,64,131200,identity,20261005,case_000561.csv
562,boundary,iget,128,10000,2,64,131200,identity,20261005,case_000562.csv
563,boundary,iget,132,10000,2,64,131200,identity,20261005,case_000563.csv
564,boundary,iget,192,10000,2,64,131200,identity,20261005,case_000564.csv
565,boundary,iget,252,10000,2,64,131200,identity,20261005,case_000565.csv
566,boundary,iget,256,10000,2,64,131200,identity,20261005,case_000566.csv
567,boundary,iget,260,10000,2,64,131200,identity,20261005,case_000567.csv
568,boundary,iget,64,10000,2,124,131200,identity,20261005,case_000568.csv
569,boundary,iget,96,10000,2,124,131200,identity,20261005,case_000569.csv
570,boundary,iget,124,10000,2,124,131200,identity,20261005,case_000570.csv
571,boundary,iget,128,10000,2,124,131200,identity,20261005,case_000571.csv
572,boundary,iget,132,10000,2,124,131200,identity,20261005,case_000572.csv
573,boundary,iget,192,10000,2,124,131200,identity,20261005,case_000573.csv
574,boundary,iget,252,10000,2,124,131200,identity,20261005,case_000574.csv
575,boundary,iget,256,10000,2,124,131200,identity,20261005,case_000575.csv
576,boundary,iget,260,10000,2,124,131200,identity,20261005,case_000576.csv
577,boundary,iget,64,10000,4,0,131200,identity,20261005,case_000577.csv
578,boundary,iget,96,10000,4,0,131200,identity,20261005,case_000578.csv
579,boundary,iget,124,10000,4,0,131200,identity,20261005,case_000579.csv
580,boundary,iget,128,10000,4,0,131200,identity,20261005,case_000580.csv
581,boundary,iget,132,10000,4,0,131200,identity,20261005,case_000581.csv
582,boundary,iget,192,10000,4,0,131200,identity,20261005,case_000582.csv
583,boundary,iget,252,10000,4,0,131200,identity,20261005,case_000583.csv
584,boundary,iget,256,10000,4,0,131200,identity,20261005,case_000584.csv
585,boundary,iget,260,10000,4,0,131200,identity,20261005,case_000585.csv
586,boundary,iget,64,10000,4,4,131200,identity,20261005,case_000586.csv
587,boundary,iget,96,10000,4,4,131200,identity,20261005,case_000587.csv
588,boundary,iget,124,10000,4,4,131200,identity,20261005,case_000588.csv
589,boundary,iget,128,10000,4,4,131200,identity,20261005,case_000589.csv
590,boundary,iget,132,10000,4,4,131200,identity,20261005,case_000590.csv
591,boundary,iget,192,10000,4,4,131200,identity,20261005,case_000591.csv
592,boundary,iget,252,10000,4,4,131200,identity,20261005,case_000592.csv
593,boundary,iget,256,10000,4,4,131200,identity,20261005,case_000593.csv
594,boundary,iget,260,10000,4,4,131200,identity,20261005,case_000594.csv
595,boundary,iget,64,10000,4,64,131200,identity,20261005,case_000595.csv
596,boundary,iget,96,10000,4,64,131200,identity,20261005,case_000596.csv
597,boundary,iget,124,10000,4,64,131200,identity,20261005,case_000597.csv
598,boundary,iget,128,10000,4,64,131200,identity,20261005,case_000598.csv
599,boundary,iget,132,10000,4,64,131200,identity,20261005,case_000599.csv
600,boundary,iget,192,10000,4,64,131200,identity,20261005,case_000600.csv
601,boundary,iget,252,10000,4,64,131200,identity,20261005,case_000601.csv
602,boundary,iget,256,10000,4,64,131200,identity,20261005,case_000602.csv
603,boundary,iget,260,10000,4,64,131200,identity,20261005,case_000603.csv
604,boundary,iget,64,10000,4,124,131200,identity,20261005,case_000604.csv
605,boundary,iget,96,10000,4,124,131200,identity,20261005,case_000605.csv
606,boundary,iget,124,10000,4,124,131200,identity,20261005,case_000606.csv
607,boundary,iget,128,10000,4,124,131200,identity,20261005,case_000607.csv
608,boundary,iget,132,10000,4,124,131200,identity,20261005,case_000608.csv
609,boundary,iget,192,10000,4,124,131200,identity,20261005,case_000609.csv
610,boundary,iget,252,10000,4,124,131200,identity,20261005,case_000610.csv
611,boundary,iget,256,10000,4,124,131200,identity,20261005,case_000611.csv
612,boundary,iget,260,10000,4,124,131200,identity,20261005,case_000612.csv
613,boundary,iget,64,10000,8,0,131200,identity,20261005,case_000613.csv
614,boundary,iget,96,10000,8,0,131200,identity,20261005,case_000614.csv
615,boundary,iget,124,10000,8,0,131200,identity,20261005,case_000615.csv
616,boundary,iget,128,10000,8,0,131200,identity,20261005,case_000616.csv
617,boundary,iget,132,10000,8,0,131200,identity,20261005,case_000617.csv
618,boundary,iget,192,10000,8,0,131200,identity,20261005,case_000618.csv
619,boundary,iget,252,10000,8,0,131200,identity,20261005,case_000619.csv
620,boundary,iget,256,10000,8,0,131200,identity,20261005,case_000620.csv
621,boundary,iget,260,10000,8,0,131200,identity,20261005,case_000621.csv
622,boundary,iget,64,10000,8,4,131200,identity,20261005,case_000622.csv
623,boundary,iget,96,10000,8,4,131200,identity,20261005,case_000623.csv
624,boundary,iget,124,10000,8,4,131200,identity,20261005,case_000624.csv
625,boundary,iget,128,10000,8,4,131200,identity,20261005,case_000625.csv
626,boundary,iget,132,10000,8,4,131200,identity,20261005,case_000626.csv
627,boundary,iget,192,10000,8,4,131200,identity,20261005,case_000627.csv
628,boundary,iget,252,10000,8,4,131200,identity,20261005,case_000628.csv
629,boundary,iget,256,10000,8,4,131200,identity,20261005,case_000629.csv
630,boundary,iget,260,10000,8,4,131200,identity,20261005,case_000630.csv
631,boundary,iget,64,10000,8,64,131200,identity,20261005,case_000631.csv
632,boundary,iget,96,10000,8,64,131200,identity,20261005,case_000632.csv
633,boundary,iget,124,10000,8,64,131200,identity,20261005,case_000633.csv
634,boundary,iget,128,10000,8,64,131200,identity,20261005,case_000634.csv
635,boundary,iget,132,10000,8,64,131200,identity,20261005,case_000635.csv
636,boundary,iget,192,10000,8,64,131200,identity,20261005,case_000636.csv
637,boundary,iget,252,10000,8,64,131200,identity,20261005,case_000637.csv
638,boundary,iget,256,10000,8,64,131200,identity,20261005,case_000638.csv
639,boundary,iget,260,10000,8,64,131200,identity,20261005,case_000639.csv
640,boundary,iget,64,10000,8,124,131200,identity,20261005,case_000640.csv
641,boundary,iget,96,10000,8,124,131200,identity,20261005,case_000641.csv
642,boundary,iget,124,10000,8,124,131200,identity,20261005,case_000642.csv
643,boundary,iget,128,10000,8,124,131200,identity,20261005,case_000643.csv
644,boundary,iget,132,10000,8,124,131200,identity,20261005,case_000644.csv
645,boundary,iget,192,10000,8,124,131200,identity,20261005,case_000645.csv
646,boundary,iget,252,10000,8,124,131200,identity,20261005,case_000646.csv
647,boundary,iget,256,10000,8,124,131200,identity,20261005,case_000647.csv
648,boundary,iget,260,10000,8,124,131200,identity,20261005,case_000648.csv
649,boundary,iget,64,10000,16,0,131200,identity,20261005,case_000649.csv
650,boundary,iget,96,10000,16,0,131200,identity,20261005,case_000650.csv
651,boundary,iget,124,10000,16,0,131200,identity,20261005,case_000651.csv
652,boundary,iget,128,10000,16,0,131200,identity,20261005,case_000652.csv
653,boundary,iget,132,10000,16,0,131200,identity,20261005,case_000653.csv
654,boundary,iget,192,10000,16,0,131200,identity,20261005,case_000654.csv
655,boundary,iget,252,10000,16,0,131200,identity,20261005,case_000655.csv
656,boundary,iget,256,10000,16,0,131200,identity,20261005,case_000656.csv
657,boundary,iget,260,10000,16,0,131200,identity,20261005,case_000657.csv
658,boundary,iget,64,10000,16,4,131200,identity,20261005,case_000658.csv
659,boundary,iget,96,10000,16,4,131200,identity,20261005,case_000659.csv
660,boundary,iget,124,10000,16,4,131200,identity,20261005,case_000660.csv
661,boundary,iget,128,10000,16,4,131200,identity,20261005,case_000661.csv
662,boundary,iget,132,10000,16,4,131200,identity,20261005,case_000662.csv
663,boundary,iget,192,10000,16,4,131200,identity,20261005,case_000663.csv
664,boundary,iget,252,10000,16,4,131200,identity,20261005,case_000664.csv
665,boundary,iget,256,10000,16,4,131200,identity,20261005,case_000665.csv
666,boundary,iget,260,10000,16,4,131200,identity,20261005,case_000666.csv
667,boundary,iget,64,10000,16,64,131200,identity,20261005,case_000667.csv
668,boundary,iget,96,10000,16,64,131200,identity,20261005,case_000668.csv
669,boundary,iget,124,10000,16,64,131200,identity,20261005,case_000669.csv
670,boundary,iget,128,10000,16,64,131200,identity,20261005,case_000670.csv
671,boundary,iget,132,10000,16,64,131200,identity,20261005,case_000671.csv
672,boundary,iget,192,10000,16,64,131200,identity,20261005,case_000672.csv
673,boundary,iget,252,10000,16,64,131200,identity,20261005,case_000673.csv
674,boundary,iget,256,10000,16,64,131200,identity,20261005,case_000674.csv
675,boundary,iget,260,10000,16,64,131200,identity,20261005,case_000675.csv
676,boundary,iget,64,10000,16,124,131200,identity,20261005,case_000676.csv
677,boundary,iget,96,10000,16,124,131200,identity,20261005,case_000677.csv
678,boundary,iget,124,10000,16,124,131200,identity,20261005,case_000678.csv
679,boundary,iget,128,10000,16,124,131200,identity,20261005,case_000679.csv
680,boundary,iget,132,10000,16,124,131200,identity,20261005,case_000680.csv
681,boundary,iget,192,10000,16,124,131200,identity,20261005,case_000681.csv
682,boundary,iget,252,10000,16,124,131200,identity,20261005,case_000682.csv
683,boundary,iget,256,10000,16,124,131200,identity,20261005,case_000683.csv
684,boundary,iget,260,10000,16,124,131200,identity,20261005,case_000684.csv
685,boundary,iget,64,10000,32,0,131200,identity,20261005,case_000685.csv
686,boundary,iget,96,10000,32,0,131200,identity,20261005,case_000686.csv
687,boundary,iget,124,10000,32,0,131200,identity,20261005,case_000687.csv
688,boundary,iget,128,10000,32,0,131200,identity,20261005,case_000688.csv
689,boundary,iget,132,10000,32,0,131200,identity,20261005,case_000689.csv
690,boundary,iget,192,10000,32,0,131200,identity,20261005,case_000690.csv
691,boundary,iget,252,10000,32,0,131200,identity,20261005,case_000691.csv
692,boundary,iget,256,10000,32,0,131200,identity,20261005,case_000692.csv
693,boundary,iget,260,10000,32,0,131200,identity,20261005,case_000693.csv
694,boundary,iget,64,10000,32,4,131200,identity,20261005,case_000694.csv
695,boundary,iget,96,10000,32,4,131200,identity,20261005,case_000695.csv
696,boundary,iget,124,10000,32,4,131200,identity,20261005,case_000696.csv
697,boundary,iget,128,10000,32,4,131200,identity,20261005,case_000697.csv
698,boundary,iget,132,10000,32,4,131200,identity,20261005,case_000698.csv
699,boundary,iget,192,10000,32,4,131200,identity,20261005,case_000699.csv
700,boundary,iget,252,10000,32,4,131200,identity,20261005,case_000700.csv
701,boundary,iget,256,10000,32,4,131200,identity,20261005,case_000701.csv
702,boundary,iget,260,10000,32,4,131200,identity,20261005,case_000702.csv
703,boundary,iget,64,10000,32,64,131200,identity,20261005,case_000703.csv
704,boundary,iget,96,10000,32,64,131200,identity,20261005,case_000704.csv
705,boundary,iget,124,10000,32,64,131200,identity,20261005,case_000705.csv
706,boundary,iget,128,10000,32,64,131200,identity,20261005,case_000706.csv
707,boundary,iget,132,10000,32,64,131200,identity,20261005,case_000707.csv
708,boundary,iget,192,10000,32,64,131200,identity,20261005,case_000708.csv
709,boundary,iget,252,10000,32,64,131200,identity,20261005,case_000709.csv
710,boundary,iget,256,10000,32,64,131200,identity,20261005,case_000710.csv
711,boundary,iget,260,10000,32,64,131200,identity,20261005,case_000711.csv
712,boundary,iget,64,10000,32,124,131200,identity,20261005,case_000712.csv
713,boundary,iget,96,10000,32,124,131200,identity,20261005,case_000713.csv
714,boundary,iget,124,10000,32,124,131200,identity,20261005,case_000714.csv
715,boundary,iget,128,10000,32,124,131200,identity,20261005,case_000715.csv
716,boundary,iget,132,10000,32,124,131200,identity,20261005,case_000716.csv
717,boundary,iget,192,10000,32,124,131200,identity,20261005,case_000717.csv
718,boundary,iget,252,10000,32,124,131200,identity,20261005,case_000718.csv
719,boundary,iget,256,10000,32,124,131200,identity,20261005,case_000719.csv
720,boundary,iget,260,10000,32,124,131200,identity,20261005,case_000720.csv
721,boundary,iget,64,10000,64,0,131200,identity,20261005,case_000721.csv
722,boundary,iget,96,10000,64,0,131200,identity,20261005,case_000722.csv
723,boundary,iget,124,10000,64,0,131200,identity,20261005,case_000723.csv
724,boundary,iget,128,10000,64,0,131200,identity,20261005,case_000724.csv
725,boundary,iget,132,10000,64,0,131200,identity,20261005,case_000725.csv
726,boundary,iget,192,10000,64,0,131200,identity,20261005,case_000726.csv
727,boundary,iget,252,10000,64,0,131200,identity,20261005,case_000727.csv
728,boundary,iget,256,10000,64,0,131200,identity,20261005,case_000728.csv
729,boundary,iget,260,10000,64,0,131200,identity,20261005,case_000729.csv
730,boundary,iget,64,10000,64,4,131200,identity,20261005,case_000730.csv
731,boundary,iget,96,10000,64,4,131200,identity,20261005,case_000731.csv
732,boundary,iget,124,10000,64,4,131200,identity,20261005,case_000732.csv
733,boundary,iget,128,10000,64,4,131200,identity,20261005,case_000733.csv
734,boundary,iget,132,10000,64,4,131200,identity,20261005,case_000734.csv
735,boundary,iget,192,10000,64,4,131200,identity,20261005,case_000735.csv
736,boundary,iget,252,10000,64,4,131200,identity,20261005,case_000736.csv
737,boundary,iget,256,10000,64,4,131200,identity,20261005,case_000737.csv
738,boundary,iget,260,10000,64,4,131200,identity,20261005,case_000738.csv
739,boundary,iget,64,10000,64,64,131200,identity,20261005,case_000739.csv
740,boundary,iget,96,10000,64,64,131200,identity,20261005,case_000740.csv
741,boundary,iget,124,10000,64,64,131200,identity,20261005,case_000741.csv
742,boundary,iget,128,10000,64,64,131200,identity,20261005,case_000742.csv
743,boundary,iget,132,10000,64,64,131200,identity,20261005,case_000743.csv
744,boundary,iget,192,10000,64,64,131200,identity,20261005,case_000744.csv
745,boundary,iget,252,10000,64,64,131200,identity,20261005,case_000745.csv
746,boundary,iget,256,10000,64,64,131200,identity,20261005,case_000746.csv
747,boundary,iget,260,10000,64,64,131200,identity,20261005,case_000747.csv
748,boundary,iget,64,10000,64,124,131200,identity,20261005,case_000748.csv
749,boundary,iget,96,10000,64,124,131200,identity,20261005,case_000749.csv
750,boundary,iget,124,10000,64,124,131200,identity,20261005,case_000750.csv
751,boundary,iget,128,10000,64,124,131200,identity,20261005,case_000751.csv
752,boundary,iget,132,10000,64,124,131200,identity,20261005,case_000752.csv
753,boundary,iget,192,10000,64,124,131200,identity,20261005,case_000753.csv
754,boundary,iget,252,10000,64,124,131200,identity,20261005,case_000754.csv
755,boundary,iget,256,10000,64,124,131200,identity,20261005,case_000755.csv
756,boundary,iget,260,10000,64,124,131200,identity,20261005,case_000756.csv
757,boundary,iput,64,10000,1,0,131200,identity,20261005,case_000757.csv
758,boundary,iput,96,10000,1,0,131200,identity,20261005,case_000758.csv
759,boundary,iput,124,10000,1,0,131200,identity,20261005,case_000759.csv
760,boundary,iput,128,10000,1,0,131200,identity,20261005,case_000760.csv
761,boundary,iput,132,10000,1,0,131200,identity,20261005,case_000761.csv
762,boundary,iput,192,10000,1,0,131200,identity,20261005,case_000762.csv
763,boundary,iput,252,10000,1,0,131200,identity,20261005,case_000763.csv
764,boundary,iput,256,10000,1,0,131200,identity,20261005,case_000764.csv
765,boundary,iput,260,10000,1,0,131200,identity,20261005,case_000765.csv
766,boundary,iput,64,10000,1,4,131200,identity,20261005,case_000766.csv
767,boundary,iput,96,10000,1,4,131200,identity,20261005,case_000767.csv
768,boundary,iput,124,10000,1,4,131200,identity,20261005,case_000768.csv
769,boundary,iput,128,10000,1,4,131200,identity,20261005,case_000769.csv
770,boundary,iput,132,10000,1,4,131200,identity,20261005,case_000770.csv
771,boundary,iput,192,10000,1,4,131200,identity,20261005,case_000771.csv
772,boundary,iput,252,10000,1,4,131200,identity,20261005,case_000772.csv
773,boundary,iput,256,10000,1,4,131200,identity,20261005,case_000773.csv
774,boundary,iput,260,10000,1,4,131200,identity,20261005,case_000774.csv
775,boundary,iput,64,10000,1,64,131200,identity,20261005,case_000775.csv
776,boundary,iput,96,10000,1,64,131200,identity,20261005,case_000776.csv
777,boundary,iput,124,10000,1,64,131200,identity,20261005,case_000777.csv
778,boundary,iput,128,10000,1,64,131200,identity,20261005,case_000778.csv
779,boundary,iput,132,10000,1,64,131200,identity,20261005,case_000779.csv
780,boundary,iput,192,10000,1,64,131200,identity,20261005,case_000780.csv
781,boundary,iput,252,10000,1,64,131200,identity,20261005,case_000781.csv
782,boundary,iput,256,10000,1,64,131200,identity,20261005,case_000782.csv
783,boundary,iput,260,10000,1,64,131200,identity,20261005,case_000783.csv
784,boundary,iput,64,10000,1,124,131200,identity,20261005,case_000784.csv
785,boundary,iput,96,10000,1,124,131200,identity,20261005,case_000785.csv
786,boundary,iput,124,10000,1,124,131200,identity,20261005,case_000786.csv
787,boundary,iput,128,10000,1,124,131200,identity,20261005,case_000787.csv
788,boundary,iput,132,10000,1,124,131200,identity,20261005,case_000788.csv
789,boundary,iput,192,10000,1,124,131200,identity,20261005,case_000789.csv
790,boundary,iput,252,10000,1,124,131200,identity,20261005,case_000790.csv
791,boundary,iput,256,10000,1,124,131200,identity,20261005,case_000791.csv
792,boundary,iput,260,10000,1,124,131200,identity,20261005,case_000792.csv
793,boundary,iput,64,10000,2,0,131200,identity,20261005,case_000793.csv
794,boundary,iput,96,10000,2,0,131200,identity,20261005,case_000794.csv
795,boundary,iput,124,10000,2,0,131200,identity,20261005,case_000795.csv
796,boundary,iput,128,10000,2,0,131200,identity,20261005,case_000796.csv
797,boundary,iput,132,10000,2,0,131200,identity,20261005,case_000797.csv
798,boundary,iput,192,10000,2,0,131200,identity,20261005,case_000798.csv
799,boundary,iput,252,10000,2,0,131200,identity,20261005,case_000799.csv
800,boundary,iput,256,10000,2,0,131200,identity,20261005,case_000800.csv
801,boundary,iput,260,10000,2,0,131200,identity,20261005,case_000801.csv
802,boundary,iput,64,10000,2,4,131200,identity,20261005,case_000802.csv
803,boundary,iput,96,10000,2,4,131200,identity,20261005,case_000803.csv
804,boundary,iput,124,10000,2,4,131200,identity,20261005,case_000804.csv
805,boundary,iput,128,10000,2,4,131200,identity,20261005,case_000805.csv
806,boundary,iput,132,10000,2,4,131200,identity,20261005,case_000806.csv
807,boundary,iput,192,10000,2,4,131200,identity,20261005,case_000807.csv
808,boundary,iput,252,10000,2,4,131200,identity,20261005,case_000808.csv
809,boundary,iput,256,10000,2,4,131200,identity,20261005,case_000809.csv
810,boundary,iput,260,10000,2,4,131200,identity,20261005,case_000810.csv
811,boundary,iput,64,10000,2,64,131200,identity,20261005,case_000811.csv
812,boundary,iput,96,10000,2,64,131200,identity,20261005,case_000812.csv
813,boundary,iput,124,10000,2,64,131200,identity,20261005,case_000813.csv
814,boundary,iput,128,10000,2,64,131200,identity,20261005,case_000814.csv
815,boundary,iput,132,10000,2,64,131200,identity,20261005,case_000815.csv
816,boundary,iput,192,10000,2,64,131200,identity,20261005,case_000816.csv
817,boundary,iput,252,10000,2,64,131200,identity,20261005,case_000817.csv
818,boundary,iput,256,10000,2,64,131200,identity,20261005,case_000818.csv
819,boundary,iput,260,10000,2,64,131200,identity,20261005,case_000819.csv
820,boundary,iput,64,10000,2,124,131200,identity,20261005,case_000820.csv
821,boundary,iput,96,10000,2,124,131200,identity,20261005,case_000821.csv
822,boundary,iput,124,10000,2,124,131200,identity,20261005,case_000822.csv
823,boundary,iput,128,10000,2,124,131200,identity,20261005,case_000823.csv
824,boundary,iput,132,10000,2,124,131200,identity,20261005,case_000824.csv
825,boundary,iput,192,10000,2,124,131200,identity,20261005,case_000825.csv
826,boundary,iput,252,10000,2,124,131200,identity,20261005,case_000826.csv
827,boundary,iput,256,10000,2,124,131200,identity,20261005,case_000827.csv
828,boundary,iput,260,10000,2,124,131200,identity,20261005,case_000828.csv
829,boundary,iput,64,10000,4,0,131200,identity,20261005,case_000829.csv
830,boundary,iput,96,10000,4,0,131200,identity,20261005,case_000830.csv
831,boundary,iput,124,10000,4,0,131200,identity,20261005,case_000831.csv
832,boundary,iput,128,10000,4,0,131200,identity,20261005,case_000832.csv
833,boundary,iput,132,10000,4,0,131200,identity,20261005,case_000833.csv
834,boundary,iput,192,10000,4,0,131200,identity,20261005,case_000834.csv
835,boundary,iput,252,10000,4,0,131200,identity,20261005,case_000835.csv
836,boundary,iput,256,10000,4,0,131200,identity,20261005,case_000836.csv
837,boundary,iput,260,10000,4,0,131200,identity,20261005,case_000837.csv
838,boundary,iput,64,10000,4,4,131200,identity,20261005,case_000838.csv
839,boundary,iput,96,10000,4,4,131200,identity,20261005,case_000839.csv
840,boundary,iput,124,10000,4,4,131200,identity,20261005,case_000840.csv
841,boundary,iput,128,10000,4,4,131200,identity,20261005,case_000841.csv
842,boundary,iput,132,10000,4,4,131200,identity,20261005,case_000842.csv
843,boundary,iput,192,10000,4,4,131200,identity,20261005,case_000843.csv
844,boundary,iput,252,10000,4,4,131200,identity,20261005,case_000844.csv
845,boundary,iput,256,10000,4,4,131200,identity,20261005,case_000845.csv
846,boundary,iput,260,10000,4,4,131200,identity,20261005,case_000846.csv
847,boundary,iput,64,10000,4,64,131200,identity,20261005,case_000847.csv
848,boundary,iput,96,10000,4,64,131200,identity,20261005,case_000848.csv
849,boundary,iput,124,10000,4,64,131200,identity,20261005,case_000849.csv
850,boundary,iput,128,10000,4,64,131200,identity,20261005,case_000850.csv
851,boundary,iput,132,10000,4,64,131200,identity,20261005,case_000851.csv
852,boundary,iput,192,10000,4,64,131200,identity,20261005,case_000852.csv
853,boundary,iput,252,10000,4,64,131200,identity,20261005,case_000853.csv
854,boundary,iput,256,10000,4,64,131200,identity,20261005,case_000854.csv
855,boundary,iput,260,10000,4,64,131200,identity,20261005,case_000855.csv
856,boundary,iput,64,10000,4,124,131200,identity,20261005,case_000856.csv
857,boundary,iput,96,10000,4,124,131200,identity,20261005,case_000857.csv
858,boundary,iput,124,10000,4,124,131200,identity,20261005,case_000858.csv
859,boundary,iput,128,10000,4,124,131200,identity,20261005,case_000859.csv
860,boundary,iput,132,10000,4,124,131200,identity,20261005,case_000860.csv
861,boundary,iput,192,10000,4,124,131200,identity,20261005,case_000861.csv
862,boundary,iput,252,10000,4,124,131200,identity,20261005,case_000862.csv
863,boundary,iput,256,10000,4,124,131200,identity,20261005,case_000863.csv
864,boundary,iput,260,10000,4,124,131200,identity,20261005,case_000864.csv
865,boundary,iput,64,10000,8,0,131200,identity,20261005,case_000865.csv
866,boundary,iput,96,10000,8,0,131200,identity,20261005,case_000866.csv
867,boundary,iput,124,10000,8,0,131200,identity,20261005,case_000867.csv
868,boundary,iput,128,10000,8,0,131200,identity,20261005,case_000868.csv
869,boundary,iput,132,10000,8,0,131200,identity,20261005,case_000869.csv
870,boundary,iput,192,10000,8,0,131200,identity,20261005,case_000870.csv
871,boundary,iput,252,10000,8,0,131200,identity,20261005,case_000871.csv
872,boundary,iput,256,10000,8,0,131200,identity,20261005,case_000872.csv
873,boundary,iput,260,10000,8,0,131200,identity,20261005,case_000873.csv
874,boundary,iput,64,10000,8,4,131200,identity,20261005,case_000874.csv
875,boundary,iput,96,10000,8,4,131200,identity,20261005,case_000875.csv
876,boundary,iput,124,10000,8,4,131200,identity,20261005,case_000876.csv
877,boundary,iput,128,10000,8,4,131200,identity,20261005,case_000877.csv
878,boundary,iput,132,10000,8,4,131200,identity,20261005,case_000878.csv
879,boundary,iput,192,10000,8,4,131200,identity,20261005,case_000879.csv
880,boundary,iput,252,10000,8,4,131200,identity,20261005,case_000880.csv
881,boundary,iput,256,10000,8,4,131200,identity,20261005,case_000881.csv
882,boundary,iput,260,10000,8,4,131200,identity,20261005,case_000882.csv
883,boundary,iput,64,10000,8,64,131200,identity,20261005,case_000883.csv
884,boundary,iput,96,10000,8,64,131200,identity,20261005,case_000884.csv
885,boundary,iput,124,10000,8,64,131200,identity,20261005,case_000885.csv
886,boundary,iput,128,10000,8,64,131200,identity,20261005,case_000886.csv
887,boundary,iput,132,10000,8,64,131200,identity,20261005,case_000887.csv
888,boundary,iput,192,10000,8,64,131200,identity,20261005,case_000888.csv
889,boundary,iput,252,10000,8,64,131200,identity,20261005,case_000889.csv
890,boundary,iput,256,10000,8,64,131200,identity,20261005,case_000890.csv
891,boundary,iput,260,10000,8,64,131200,identity,20261005,case_000891.csv
892,boundary,iput,64,10000,8,124,131200,identity,20261005,case_000892.csv
893,boundary,iput,96,10000,8,124,131200,identity,20261005,case_000893.csv
894,boundary,iput,124,10000,8,124,131200,identity,20261005,case_000894.csv
895,boundary,iput,128,10000,8,124,131200,identity,20261005,case_000895.csv
896,boundary,iput,132,10000,8,124,131200,identity,20261005,case_000896.csv
897,boundary,iput,192,10000,8,124,131200,identity,20261005,case_000897.csv
898,boundary,iput,252,10000,8,124,131200,identity,20261005,case_000898.csv
899,boundary,iput,256,10000,8,124,131200,identity,20261005,case_000899.csv
900,boundary,iput,260,10000,8,124,131200,identity,20261005,case_000900.csv
901,boundary,iput,64,10000,16,0,131200,identity,20261005,case_000901.csv
902,boundary,iput,96,10000,16,0,131200,identity,20261005,case_000902.csv
903,boundary,iput,124,10000,16,0,131200,identity,20261005,case_000903.csv
904,boundary,iput,128,10000,16,0,131200,identity,20261005,case_000904.csv
905,boundary,iput,132,10000,16,0,131200,identity,20261005,case_000905.csv
906,boundary,iput,192,10000,16,0,131200,identity,20261005,case_000906.csv
907,boundary,iput,252,10000,16,0,131200,identity,20261005,case_000907.csv
908,boundary,iput,256,10000,16,0,131200,identity,20261005,case_000908.csv
909,boundary,iput,260,10000,16,0,131200,identity,20261005,case_000909.csv
910,boundary,iput,64,10000,16,4,131200,identity,20261005,case_000910.csv
911,boundary,iput,96,10000,16,4,131200,identity,20261005,case_000911.csv
912,boundary,iput,124,10000,16,4,131200,identity,20261005,case_000912.csv
913,boundary,iput,128,10000,16,4,131200,identity,20261005,case_000913.csv
914,boundary,iput,132,10000,16,4,131200,identity,20261005,case_000914.csv
915,boundary,iput,192,10000,16,4,131200,identity,20261005,case_000915.csv
916,boundary,iput,252,10000,16,4,131200,identity,20261005,case_000916.csv
917,boundary,iput,256,10000,16,4,131200,identity,20261005,case_000917.csv
918,boundary,iput,260,10000,16,4,131200,identity,20261005,case_000918.csv
919,boundary,iput,64,10000,16,64,131200,identity,20261005,case_000919.csv
920,boundary,iput,96,10000,16,64,131200,identity,20261005,case_000920.csv
921,boundary,iput,124,10000,16,64,131200,identity,20261005,case_000921.csv
922,boundary,iput,128,10000,16,64,131200,identity,20261005,case_000922.csv
923,boundary,iput,132,10000,16,64,131200,identity,20261005,case_000923.csv
924,boundary,iput,192,10000,16,64,131200,identity,20261005,case_000924.csv
925,boundary,iput,252,10000,16,64,131200,identity,20261005,case_000925.csv
926,boundary,iput,256,10000,16,64,131200,identity,20261005,case_000926.csv
927,boundary,iput,260,10000,16,64,131200,identity,20261005,case_000927.csv
928,boundary,iput,64,10000,16,124,131200,identity,20261005,case_000928.csv
929,boundary,iput,96,10000,16,124,131200,identity,20261005,case_000929.csv
930,boundary,iput,124,10000,16,124,131200,identity,20261005,case_000930.csv
931,boundary,iput,128,10000,16,124,131200,identity,20261005,case_000931.csv
932,boundary,iput,132,10000,16,124,131200,identity,20261005,case_000932.csv
933,boundary,iput,192,10000,16,124,131200,identity,20261005,case_000933.csv
934,boundary,iput,252,10000,16,124,131200,identity,20261005,case_000934.csv
935,boundary,iput,256,10000,16,124,131200,identity,20261005,case_000935.csv
936,boundary,iput,260,10000,16,124,131200,identity,20261005,case_000936.csv
937,boundary,iput,64,10000,32,0,131200,identity,20261005,case_000937.csv
938,boundary,iput,96,10000,32,0,131200,identity,20261005,case_000938.csv
939,boundary,iput,124,10000,32,0,131200,identity,20261005,case_000939.csv
940,boundary,iput,128,10000,32,0,131200,identity,20261005,case_000940.csv
941,boundary,iput,132,10000,32,0,131200,identity,20261005,case_000941.csv
942,boundary,iput,192,10000,32,0,131200,identity,20261005,case_000942.csv
943,boundary,iput,252,10000,32,0,131200,identity,20261005,case_000943.csv
944,boundary,iput,256,10000,32,0,131200,identity,20261005,case_000944.csv
945,boundary,iput,260,10000,32,0,131200,identity,20261005,case_000945.csv
946,boundary,iput,64,10000,32,4,131200,identity,20261005,case_000946.csv
947,boundary,iput,96,10000,32,4,131200,identity,20261005,case_000947.csv
948,boundary,iput,124,10000,32,4,131200,identity,20261005,case_000948.csv
949,boundary,iput,128,10000,32,4,131200,identity,20261005,case_000949.csv
950,boundary,iput,132,10000,32,4,131200,identity,20261005,case_000950.csv
951,boundary,iput,192,10000,32,4,131200,identity,20261005,case_000951.csv
952,boundary,iput,252,10000,32,4,131200,identity,20261005,case_000952.csv
953,boundary,iput,256,10000,32,4,131200,identity,20261005,case_000953.csv
954,boundary,iput,260,10000,32,4,131200,identity,20261005,case_000954.csv
955,boundary,iput,64,10000,32,64,131200,identity,20261005,case_000955.csv
956,boundary,iput,96,10000,32,64,131200,identity,20261005,case_000956.csv
957,boundary,iput,124,10000,32,64,131200,identity,20261005,case_000957.csv
958,boundary,iput,128,10000,32,64,131200,identity,20261005,case_000958.csv
959,boundary,iput,132,10000,32,64,131200,identity,20261005,case_000959.csv
960,boundary,iput,192,10000,32,64,131200,identity,20261005,case_000960.csv
961,boundary,iput,252,10000,32,64,131200,identity,20261005,case_000961.csv
962,boundary,iput,256,10000,32,64,131200,identity,20261005,case_000962.csv
963,boundary,iput,260,10000,32,64,131200,identity,20261005,case_000963.csv
964,boundary,iput,64,10000,32,124,131200,identity,20261005,case_000964.csv
965,boundary,iput,96,10000,32,124,131200,identity,20261005,case_000965.csv
966,boundary,iput,124,10000,32,124,131200,identity,20261005,case_000966.csv
967,boundary,iput,128,10000,32,124,131200,identity,20261005,case_000967.csv
968,boundary,iput,132,10000,32,124,131200,identity,20261005,case_000968.csv
969,boundary,iput,192,10000,32,124,131200,identity,20261005,case_000969.csv
970,boundary,iput,252,10000,32,124,131200,identity,20261005,case_000970.csv
971,boundary,iput,256,10000,32,124,131200,identity,20261005,case_000971.csv
972,boundary,iput,260,10000,32,124,131200,identity,20261005,case_000972.csv
973,boundary,iput,64,10000,64,0,131200,identity,20261005,case_000973.csv
974,boundary,iput,96,10000,64,0,131200,identity,20261005,case_000974.csv
975,boundary,iput,124,10000,64,0,131200,identity,20261005,case_000975.csv
976,boundary,iput,128,10000,64,0,131200,identity,20261005,case_000976.csv
977,boundary,iput,132,10000,64,0,131200,identity,20261005,case_000977.csv
978,boundary,iput,192,10000,64,0,131200,identity,20261005,case_000978.csv
979,boundary,iput,252,10000,64,0,131200,identity,20261005,case_000979.csv
980,boundary,iput,256,10000,64,0,131200,identity,20261005,case_000980.csv
981,boundary,iput,260,10000,64,0,131200,identity,20261005,case_000981.csv
982,boundary,iput,64,10000,64,4,131200,identity,20261005,case_000982.csv
983,boundary,iput,96,10000,64,4,131200,identity,20261005,case_000983.csv
984,boundary,iput,124,10000,64,4,131200,identity,20261005,case_000984.csv
985,boundary,iput,128,10000,64,4,131200,identity,20261005,case_000985.csv
986,boundary,iput,132,10000,64,4,131200,identity,20261005,case_000986.csv
987,boundary,iput,192,10000,64,4,131200,identity,20261005,case_000987.csv
988,boundary,iput,252,10000,64,4,131200,identity,20261005,case_000988.csv
989,boundary,iput,256,10000,64,4,131200,identity,20261005,case_000989.csv
990,boundary,iput,260,10000,64,4,131200,identity,20261005,case_000990.csv
991,boundary,iput,64,10000,64,64,131200,identity,20261005,case_000991.csv
992,boundary,iput,96,10000,64,64,131200,identity,20261005,case_000992.csv
993,boundary,iput,124,10000,64,64,131200,identity,20261005,case_000993.csv
994,boundary,iput,128,10000,64,64,131200,identity,20261005,case_000994.csv
995,boundary,iput,132,10000,64,64,131200,identity,20261005,case_000995.csv
996,boundary,iput,192,10000,64,64,131200,identity,20261005,case_000996.csv
997,boundary,iput,252,10000,64,64,131200,identity,20261005,case_000997.csv
998,boundary,iput,256,10000,64,64,131200,identity,20261005,case_000998.csv
999,boundary,iput,260,10000,64,64,131200,identity,20261005,case_000999.csv
1000,boundary,iput,64,10000,64,124,131200,identity,20261005,case_001000.csv
1001,boundary,iput,96,10000,64,124,131200,identity,20261005,case_001001.csv
1002,boundary,iput,124,10000,64,124,131200,identity,20261005,case_001002.csv
1003,boundary,iput,128,10000,64,124,131200,identity,20261005,case_001003.csv
1004,boundary,iput,132,10000,64,124,131200,identity,20261005,case_001004.csv
1005,boundary,iput,192,10000,64,124,131200,identity,20261005,case_001005.csv
1006,boundary,iput,252,10000,64,124,131200,identity,20261005,case_001006.csv
1007,boundary,iput,256,10000,64,124,131200,identity,20261005,case_001007.csv
1008,boundary,iput,260,10000,64,124,131200,identity,20261005,case_001008.csv
1009,load,get,8,10000,1,0,131200,identity,20261005,case_001009.csv
1010,load,get,16,10000,1,0,131200,identity,20261005,case_001010.csv
1011,load,get,32,10000,1,0,131200,identity,20261005,case_001011.csv
1012,load,get,64,10000,1,0,131200,identity,20261005,case_001012.csv
1013,load,get,96,10000,1,0,131200,identity,20261005,case_001013.csv
1014,load,get,124,10000,1,0,131200,identity,20261005,case_001014.csv
1015,load,get,128,10000,1,0,131200,identity,20261005,case_001015.csv
1016,load,get,132,10000,1,0,131200,identity,20261005,case_001016.csv
1017,load,get,192,10000,1,0,131200,identity,20261005,case_001017.csv
1018,load,get,252,10000,1,0,131200,identity,20261005,case_001018.csv
1019,load,get,256,10000,1,0,131200,identity,20261005,case_001019.csv
1020,load,get,260,10000,1,0,131200,identity,20261005,case_001020.csv
1021,load,get,384,10000,1,0,131200,identity,20261005,case_001021.csv
1022,load,get,512,10000,1,0,131200,identity,20261005,case_001022.csv
1023,load,get,768,10000,1,0,131200,identity,20261005,case_001023.csv
1024,load,get,1024,1000,1,0,131200,identity,20261005,case_001024.csv
1025,load,get,1536,1000,1,0,131200,identity,20261005,case_001025.csv
1026,load,get,2048,1000,1,0,131200,identity,20261005,case_001026.csv
1027,load,get,3072,1000,1,0,131200,identity,20261005,case_001027.csv
1028,load,get,4096,1000,1,0,131200,identity,20261005,case_001028.csv
1029,load,get,6144,1000,1,0,131200,identity,20261005,case_001029.csv
1030,load,get,8192,1000,1,0,131200,identity,20261005,case_001030.csv
1031,load,get,12288,1000,1,0,131200,identity,20261005,case_001031.csv
1032,load,get,16384,1000,1,0,131200,identity,20261005,case_001032.csv
1033,load,get,24576,1000,1,0,131200,identity,20261005,case_001033.csv
1034,load,get,32768,1000,1,0,131200,identity,20261005,case_001034.csv
1035,load,get,49152,1000,1,0,131200,identity,20261005,case_001035.csv
1036,load,get,65536,1000,1,0,131200,identity,20261005,case_001036.csv
1037,load,get,98304,1000,1,0,131200,identity,20261005,case_001037.csv
1038,load,get,131072,1000,1,0,131200,identity,20261005,case_001038.csv
1039,load,get,8,10000,1,4,131200,identity,20261005,case_001039.csv
1040,load,get,16,10000,1,4,131200,identity,20261005,case_001040.csv
1041,load,get,32,10000,1,4,131200,identity,20261005,case_001041.csv
1042,load,get,64,10000,1,4,131200,identity,20261005,case_001042.csv
1043,load,get,96,10000,1,4,131200,identity,20261005,case_001043.csv
1044,load,get,124,10000,1,4,131200,identity,20261005,case_001044.csv
1045,load,get,128,10000,1,4,131200,identity,20261005,case_001045.csv
1046,load,get,132,10000,1,4,131200,identity,20261005,case_001046.csv
1047,load,get,192,10000,1,4,131200,identity,20261005,case_001047.csv
1048,load,get,252,10000,1,4,131200,identity,20261005,case_001048.csv
1049,load,get,256,10000,1,4,131200,identity,20261005,case_001049.csv
1050,load,get,260,10000,1,4,131200,identity,20261005,case_001050.csv
1051,load,get,384,10000,1,4,131200,identity,20261005,case_001051.csv
1052,load,get,512,10000,1,4,131200,identity,20261005,case_001052.csv
1053,load,get,768,10000,1,4,131200,identity,20261005,case_001053.csv
1054,load,get,1024,1000,1,4,131200,identity,20261005,case_001054.csv
1055,load,get,1536,1000,1,4,131200,identity,20261005,case_001055.csv
1056,load,get,2048,1000,1,4,131200,identity,20261005,case_001056.csv
1057,load,get,3072,1000,1,4,131200,identity,20261005,case_001057.csv
1058,load,get,4096,1000,1,4,131200,identity,20261005,case_001058.csv
1059,load,get,6144,1000,1,4,131200,identity,20261005,case_001059.csv
1060,load,get,8192,1000,1,4,131200,identity,20261005,case_001060.csv
1061,load,get,12288,1000,1,4,131200,identity,20261005,case_001061.csv
1062,load,get,16384,1000,1,4,131200,identity,20261005,case_001062.csv
1063,load,get,24576,1000,1,4,131200,identity,20261005,case_001063.csv
1064,load,get,32768,1000,1,4,131200,identity,20261005,case_001064.csv
1065,load,get,49152,1000,1,4,131200,identity,20261005,case_001065.csv
1066,load,get,65536,1000,1,4,131200,identity,20261005,case_001066.csv
1067,load,get,98304,1000,1,4,131200,identity,20261005,case_001067.csv
1068,load,get,131072,1000,1,4,131200,identity,20261005,case_001068.csv
1069,load,get,8,10000,2,0,131200,identity,20261005,case_001069.csv
1070,load,get,16,10000,2,0,131200,identity,20261005,case_001070.csv
1071,load,get,32,10000,2,0,131200,identity,20261005,case_001071.csv
1072,load,get,64,10000,2,0,131200,identity,20261005,case_001072.csv
1073,load,get,96,10000,2,0,131200,identity,20261005,case_001073.csv
1074,load,get,124,10000,2,0,131200,identity,20261005,case_001074.csv
1075,load,get,128,10000,2,0,131200,identity,20261005,case_001075.csv
1076,load,get,132,10000,2,0,131200,identity,20261005,case_001076.csv
1077,load,get,192,10000,2,0,131200,identity,20261005,case_001077.csv
1078,load,get,252,10000,2,0,131200,identity,20261005,case_001078.csv
1079,load,get,256,10000,2,0,131200,identity,20261005,case_001079.csv
1080,load,get,260,10000,2,0,131200,identity,20261005,case_001080.csv
1081,load,get,384,10000,2,0,131200,identity,20261005,case_001081.csv
1082,load,get,512,10000,2,0,131200,identity,20261005,case_001082.csv
1083,load,get,768,10000,2,0,131200,identity,20261005,case_001083.csv
1084,load,get,1024,1000,2,0,131200,identity,20261005,case_001084.csv
1085,load,get,1536,1000,2,0,131200,identity,20261005,case_001085.csv
1086,load,get,2048,1000,2,0,131200,identity,20261005,case_001086.csv
1087,load,get,3072,1000,2,0,131200,identity,20261005,case_001087.csv
1088,load,get,4096,1000,2,0,131200,identity,20261005,case_001088.csv
1089,load,get,6144,1000,2,0,131200,identity,20261005,case_001089.csv
1090,load,get,8192,1000,2,0,131200,identity,20261005,case_001090.csv
1091,load,get,12288,1000,2,0,131200,identity,20261005,case_001091.csv
1092,load,get,16384,1000,2,0,131200,identity,20261005,case_001092.csv
1093,load,get,24576,1000,2,0,131200,identity,20261005,case_001093.csv
1094,load,get,32768,1000,2,0,131200,identity,20261005,case_001094.csv
1095,load,get,49152,1000,2,0,131200,identity,20261005,case_001095.csv
1096,load,get,65536,1000,2,0,131200,identity,20261005,case_001096.csv
1097,load,get,98304,1000,2,0,131200,identity,20261005,case_001097.csv
1098,load,get,131072,1000,2,0,131200,identity,20261005,case_001098.csv
1099,load,get,8,10000,2,4,131200,identity,20261005,case_001099.csv
1100,load,get,16,10000,2,4,131200,identity,20261005,case_001100.csv
1101,load,get,32,10000,2,4,131200,identity,20261005,case_001101.csv
1102,load,get,64,10000,2,4,131200,identity,20261005,case_001102.csv
1103,load,get,96,10000,2,4,131200,identity,20261005,case_001103.csv
1104,load,get,124,10000,2,4,131200,identity,20261005,case_001104.csv
1105,load,get,128,10000,2,4,131200,identity,20261005,case_001105.csv
1106,load,get,132,10000,2,4,131200,identity,20261005,case_001106.csv
1107,load,get,192,10000,2,4,131200,identity,20261005,case_001107.csv
1108,load,get,252,10000,2,4,131200,identity,20261005,case_001108.csv
1109,load,get,256,10000,2,4,131200,identity,20261005,case_001109.csv
1110,load,get,260,10000,2,4,131200,identity,20261005,case_001110.csv
1111,load,get,384,10000,2,4,131200,identity,20261005,case_001111.csv
1112,load,get,512,10000,2,4,131200,identity,20261005,case_001112.csv
1113,load,get,768,10000,2,4,131200,identity,20261005,case_001113.csv
1114,load,get,1024,1000,2,4,131200,identity,20261005,case_001114.csv
1115,load,get,1536,1000,2,4,131200,identity,20261005,case_001115.csv
1116,load,get,2048,1000,2,4,131200,identity,20261005,case_001116.csv
1117,load,get,3072,1000,2,4,131200,identity,20261005,case_001117.csv
1118,load,get,4096,1000,2,4,131200,identity,20261005,case_001118.csv
1119,load,get,6144,1000,2,4,131200,identity,20261005,case_001119.csv
1120,load,get,8192,1000,2,4,131200,identity,20261005,case_001120.csv
1121,load,get,12288,1000,2,4,131200,identity,20261005,case_001121.csv
1122,load,get,16384,1000,2,4,131200,identity,20261005,case_001122.csv
1123,load,get,24576,1000,2,4,131200,identity,20261005,case_001123.csv
1124,load,get,32768,1000,2,4,131200,identity,20261005,case_001124.csv
1125,load,get,49152,1000,2,4,131200,identity,20261005,case_001125.csv
1126,load,get,65536,1000,2,4,131200,identity,20261005,case_001126.csv
1127,load,get,98304,1000,2,4,131200,identity,20261005,case_001127.csv
1128,load,get,131072,1000,2,4,131200,identity,20261005,case_001128.csv
1129,load,get,8,10000,4,0,131200,identity,20261005,case_001129.csv
1130,load,get,16,10000,4,0,131200,identity,20261005,case_001130.csv
1131,load,get,32,10000,4,0,131200,identity,20261005,case_001131.csv
1132,load,get,64,10000,4,0,131200,identity,20261005,case_001132.csv
1133,load,get,96,10000,4,0,131200,identity,20261005,case_001133.csv
1134,load,get,124,10000,4,0,131200,identity,20261005,case_001134.csv
1135,load,get,128,10000,4,0,131200,identity,20261005,case_001135.csv
1136,load,get,132,10000,4,0,131200,identity,20261005,case_001136.csv
1137,load,get,192,10000,4,0,131200,identity,20261005,case_001137.csv
1138,load,get,252,10000,4,0,131200,identity,20261005,case_001138.csv
1139,load,get,256,10000,4,0,131200,identity,20261005,case_001139.csv
1140,load,get,260,10000,4,0,131200,identity,20261005,case_001140.csv
1141,load,get,384,10000,4,0,131200,identity,20261005,case_001141.csv
1142,load,get,512,10000,4,0,131200,identity,20261005,case_001142.csv
1143,load,get,768,10000,4,0,131200,identity,20261005,case_001143.csv
1144,load,get,1024,1000,4,0,131200,identity,20261005,case_001144.csv
1145,load,get,1536,1000,4,0,131200,identity,20261005,case_001145.csv
1146,load,get,2048,1000,4,0,131200,identity,20261005,case_001146.csv
1147,load,get,3072,1000,4,0,131200,identity,20261005,case_001147.csv
1148,load,get,4096,1000,4,0,131200,identity,20261005,case_001148.csv
1149,load,get,6144,1000,4,0,131200,identity,20261005,case_001149.csv
1150,load,get,8192,1000,4,0,131200,identity,20261005,case_001150.csv
1151,load,get,12288,1000,4,0,131200,identity,20261005,case_001151.csv
1152,load,get,16384,1000,4,0,131200,identity,20261005,case_001152.csv
1153,load,get,24576,1000,4,0,131200,identity,20261005,case_001153.csv
1154,load,get,32768,1000,4,0,131200,identity,20261005,case_001154.csv
1155,load,get,49152,1000,4,0,131200,identity,20261005,case_001155.csv
1156,load,get,65536,1000,4,0,131200,identity,20261005,case_001156.csv
1157,load,get,98304,1000,4,0,131200,identity,20261005,case_001157.csv
1158,load,get,131072,1000,4,0,131200,identity,20261005,case_001158.csv
1159,load,get,8,10000,4,4,131200,identity,20261005,case_001159.csv
1160,load,get,16,10000,4,4,131200,identity,20261005,case_001160.csv
1161,load,get,32,10000,4,4,131200,identity,20261005,case_001161.csv
1162,load,get,64,10000,4,4,131200,identity,20261005,case_001162.csv
1163,load,get,96,10000,4,4,131200,identity,20261005,case_001163.csv
1164,load,get,124,10000,4,4,131200,identity,20261005,case_001164.csv
1165,load,get,128,10000,4,4,131200,identity,20261005,case_001165.csv
1166,load,get,132,10000,4,4,131200,identity,20261005,case_001166.csv
1167,load,get,192,10000,4,4,131200,identity,20261005,case_001167.csv
1168,load,get,252,10000,4,4,131200,identity,20261005,case_001168.csv
1169,load,get,256,10000,4,4,131200,identity,20261005,case_001169.csv
1170,load,get,260,10000,4,4,131200,identity,20261005,case_001170.csv
1171,load,get,384,10000,4,4,131200,identity,20261005,case_001171.csv
1172,load,get,512,10000,4,4,131200,identity,20261005,case_001172.csv
1173,load,get,768,10000,4,4,131200,identity,20261005,case_001173.csv
1174,load,get,1024,1000,4,4,131200,identity,20261005,case_001174.csv
1175,load,get,1536,1000,4,4,131200,identity,20261005,case_001175.csv
1176,load,get,2048,1000,4,4,131200,identity,20261005,case_001176.csv
1177,load,get,3072,1000,4,4,131200,identity,20261005,case_001177.csv
1178,load,get,4096,1000,4,4,131200,identity,20261005,case_001178.csv
1179,load,get,6144,1000,4,4,131200,identity,20261005,case_001179.csv
1180,load,get,8192,1000,4,4,131200,identity,20261005,case_001180.csv
1181,load,get,12288,1000,4,4,131200,identity,20261005,case_001181.csv
1182,load,get,16384,1000,4,4,131200,identity,20261005,case_001182.csv
1183,load,get,24576,1000,4,4,131200,identity,20261005,case_001183.csv
1184,load,get,32768,1000,4,4,131200,identity,20261005,case_001184.csv
1185,load,get,49152,1000,4,4,131200,identity,20261005,case_001185.csv
1186,load,get,65536,1000,4,4,131200,identity,20261005,case_001186.csv
1187,load,get,98304,1000,4,4,131200,identity,20261005,case_001187.csv
1188,load,get,131072,1000,4,4,131200,identity,20261005,case_001188.csv
1189,load,get,8,10000,8,0,131200,identity,20261005,case_001189.csv
1190,load,get,16,10000,8,0,131200,identity,20261005,case_001190.csv
1191,load,get,32,10000,8,0,131200,identity,20261005,case_001191.csv
1192,load,get,64,10000,8,0,131200,identity,20261005,case_001192.csv
1193,load,get,96,10000,8,0,131200,identity,20261005,case_001193.csv
1194,load,get,124,10000,8,0,131200,identity,20261005,case_001194.csv
1195,load,get,128,10000,8,0,131200,identity,20261005,case_001195.csv
1196,load,get,132,10000,8,0,131200,identity,20261005,case_001196.csv
1197,load,get,192,10000,8,0,131200,identity,20261005,case_001197.csv
1198,load,get,252,10000,8,0,131200,identity,20261005,case_001198.csv
1199,load,get,256,10000,8,0,131200,identity,20261005,case_001199.csv
1200,load,get,260,10000,8,0,131200,identity,20261005,case_001200.csv
1201,load,get,384,10000,8,0,131200,identity,20261005,case_001201.csv
1202,load,get,512,10000,8,0,131200,identity,20261005,case_001202.csv
1203,load,get,768,10000,8,0,131200,identity,20261005,case_001203.csv
1204,load,get,1024,1000,8,0,131200,identity,20261005,case_001204.csv
1205,load,get,1536,1000,8,0,131200,identity,20261005,case_001205.csv
1206,load,get,2048,1000,8,0,131200,identity,20261005,case_001206.csv
1207,load,get,3072,1000,8,0,131200,identity,20261005,case_001207.csv
1208,load,get,4096,1000,8,0,131200,identity,20261005,case_001208.csv
1209,load,get,6144,1000,8,0,131200,identity,20261005,case_001209.csv
1210,load,get,8192,1000,8,0,131200,identity,20261005,case_001210.csv
1211,load,get,12288,1000,8,0,131200,identity,20261005,case_001211.csv
1212,load,get,16384,1000,8,0,131200,identity,20261005,case_001212.csv
1213,load,get,24576,1000,8,0,131200,identity,20261005,case_001213.csv
1214,load,get,32768,1000,8,0,131200,identity,20261005,case_001214.csv
1215,load,get,49152,1000,8,0,131200,identity,20261005,case_001215.csv
1216,load,get,65536,1000,8,0,131200,identity,20261005,case_001216.csv
1217,load,get,98304,1000,8,0,131200,identity,20261005,case_001217.csv
1218,load,get,131072,1000,8,0,131200,identity,20261005,case_001218.csv
1219,load,get,8,10000,8,4,131200,identity,20261005,case_001219.csv
1220,load,get,16,10000,8,4,131200,identity,20261005,case_001220.csv
1221,load,get,32,10000,8,4,131200,identity,20261005,case_001221.csv
1222,load,get,64,10000,8,4,131200,identity,20261005,case_001222.csv
1223,load,get,96,10000,8,4,131200,identity,20261005,case_001223.csv
1224,load,get,124,10000,8,4,131200,identity,20261005,case_001224.csv
1225,load,get,128,10000,8,4,131200,identity,20261005,case_001225.csv
1226,load,get,132,10000,8,4,131200,identity,20261005,case_001226.csv
1227,load,get,192,10000,8,4,131200,identity,20261005,case_001227.csv
1228,load,get,252,10000,8,4,131200,identity,20261005,case_001228.csv
1229,load,get,256,10000,8,4,131200,identity,20261005,case_001229.csv
1230,load,get,260,10000,8,4,131200,identity,20261005,case_001230.csv
1231,load,get,384,10000,8,4,131200,identity,20261005,case_001231.csv
1232,load,get,512,10000,8,4,131200,identity,20261005,case_001232.csv
1233,load,get,768,10000,8,4,131200,identity,20261005,case_001233.csv
1234,load,get,1024,1000,8,4,131200,identity,20261005,case_001234.csv
1235,load,get,1536,1000,8,4,131200,identity,20261005,case_001235.csv
1236,load,get,2048,1000,8,4,131200,identity,20261005,case_001236.csv
1237,load,get,3072,1000,8,4,131200,identity,20261005,case_001237.csv
1238,load,get,4096,1000,8,4,131200,identity,20261005,case_001238.csv
1239,load,get,6144,1000,8,4,131200,identity,20261005,case_001239.csv
1240,load,get,8192,1000,8,4,131200,identity,20261005,case_001240.csv
1241,load,get,12288,1000,8,4,131200,identity,20261005,case_001241.csv
1242,load,get,16384,1000,8,4,131200,identity,20261005,case_001242.csv
1243,load,get,24576,1000,8,4,131200,identity,20261005,case_001243.csv
1244,load,get,32768,1000,8,4,131200,identity,20261005,case_001244.csv
1245,load,get,49152,1000,8,4,131200,identity,20261005,case_001245.csv
1246,load,get,65536,1000,8,4,131200,identity,20261005,case_001246.csv
1247,load,get,98304,1000,8,4,131200,identity,20261005,case_001247.csv
1248,load,get,131072,1000,8,4,131200,identity,20261005,case_001248.csv
1249,load,get,8,10000,16,0,131200,identity,20261005,case_001249.csv
1250,load,get,16,10000,16,0,131200,identity,20261005,case_001250.csv
1251,load,get,32,10000,16,0,131200,identity,20261005,case_001251.csv
1252,load,get,64,10000,16,0,131200,identity,20261005,case_001252.csv
1253,load,get,96,10000,16,0,131200,identity,20261005,case_001253.csv
1254,load,get,124,10000,16,0,131200,identity,20261005,case_001254.csv
1255,load,get,128,10000,16,0,131200,identity,20261005,case_001255.csv
1256,load,get,132,10000,16,0,131200,identity,20261005,case_001256.csv
1257,load,get,192,10000,16,0,131200,identity,20261005,case_001257.csv
1258,load,get,252,10000,16,0,131200,identity,20261005,case_001258.csv
1259,load,get,256,10000,16,0,131200,identity,20261005,case_001259.csv
1260,load,get,260,10000,16,0,131200,identity,20261005,case_001260.csv
1261,load,get,384,10000,16,0,131200,identity,20261005,case_001261.csv
1262,load,get,512,10000,16,0,131200,identity,20261005,case_001262.csv
1263,load,get,768,10000,16,0,131200,identity,20261005,case_001263.csv
1264,load,get,1024,1000,16,0,131200,identity,20261005,case_001264.csv
1265,load,get,1536,1000,16,0,131200,identity,20261005,case_001265.csv
1266,load,get,2048,1000,16,0,131200,identity,20261005,case_001266.csv
1267,load,get,3072,1000,16,0,131200,identity,20261005,case_001267.csv
1268,load,get,4096,1000,16,0,131200,identity,20261005,case_001268.csv
1269,load,get,6144,1000,16,0,131200,identity,20261005,case_001269.csv
1270,load,get,8192,1000,16,0,131200,identity,20261005,case_001270.csv
1271,load,get,12288,1000,16,0,131200,identity,20261005,case_001271.csv
1272,load,get,16384,1000,16,0,131200,identity,20261005,case_001272.csv
1273,load,get,24576,1000,16,0,131200,identity,20261005,case_001273.csv
1274,load,get,32768,1000,16,0,131200,identity,20261005,case_001274.csv
1275,load,get,49152,1000,16,0,131200,identity,20261005,case_001275.csv
1276,load,get,65536,1000,16,0,131200,identity,20261005,case_001276.csv
1277,load,get,98304,1000,16,0,131200,identity,20261005,case_001277.csv
1278,load,get,131072,1000,16,0,131200,identity,20261005,case_001278.csv
1279,load,get,8,10000,16,4,131200,identity,20261005,case_001279.csv
1280,load,get,16,10000,16,4,131200,identity,20261005,case_001280.csv
1281,load,get,32,10000,16,4,131200,identity,20261005,case_001281.csv
1282,load,get,64,10000,16,4,131200,identity,20261005,case_001282.csv
1283,load,get,96,10000,16,4,131200,identity,20261005,case_001283.csv
1284,load,get,124,10000,16,4,131200,identity,20261005,case_001284.csv
1285,load,get,128,10000,16,4,131200,identity,20261005,case_001285.csv
1286,load,get,132,10000,16,4,131200,identity,20261005,case_001286.csv
1287,load,get,192,10000,16,4,131200,identity,20261005,case_001287.csv
1288,load,get,252,10000,16,4,131200,identity,20261005,case_001288.csv
1289,load,get,256,10000,16,4,131200,identity,20261005,case_001289.csv
1290,load,get,260,10000,16,4,131200,identity,20261005,case_001290.csv
1291,load,get,384,10000,16,4,131200,identity,20261005,case_001291.csv
1292,load,get,512,10000,16,4,131200,identity,20261005,case_001292.csv
1293,load,get,768,10000,16,4,131200,identity,20261005,case_001293.csv
1294,load,get,1024,1000,16,4,131200,identity,20261005,case_001294.csv
1295,load,get,1536,1000,16,4,131200,identity,20261005,case_001295.csv
1296,load,get,2048,1000,16,4,131200,identity,20261005,case_001296.csv
1297,load,get,3072,1000,16,4,131200,identity,20261005,case_001297.csv
1298,load,get,4096,1000,16,4,131200,identity,20261005,case_001298.csv
1299,load,get,6144,1000,16,4,131200,identity,20261005,case_001299.csv
1300,load,get,8192,1000,16,4,131200,identity,20261005,case_001300.csv
1301,load,get,12288,1000,16,4,131200,identity,20261005,case_001301.csv
1302,load,get,16384,1000,16,4,131200,identity,20261005,case_001302.csv
1303,load,get,24576,1000,16,4,131200,identity,20261005,case_001303.csv
1304,load,get,32768,1000,16,4,131200,identity,20261005,case_001304.csv
1305,load,get,49152,1000,16,4,131200,identity,20261005,case_001305.csv
1306,load,get,65536,1000,16,4,131200,identity,20261005,case_001306.csv
1307,load,get,98304,1000,16,4,131200,identity,20261005,case_001307.csv
1308,load,get,131072,1000,16,4,131200,identity,20261005,case_001308.csv
1309,load,get,8,10000,32,0,131200,identity,20261005,case_001309.csv
1310,load,get,16,10000,32,0,131200,identity,20261005,case_001310.csv
1311,load,get,32,10000,32,0,131200,identity,20261005,case_001311.csv
1312,load,get,64,10000,32,0,131200,identity,20261005,case_001312.csv
1313,load,get,96,10000,32,0,131200,identity,20261005,case_001313.csv
1314,load,get,124,10000,32,0,131200,identity,20261005,case_001314.csv
1315,load,get,128,10000,32,0,131200,identity,20261005,case_001315.csv
1316,load,get,132,10000,32,0,131200,identity,20261005,case_001316.csv
1317,load,get,192,10000,32,0,131200,identity,20261005,case_001317.csv
1318,load,get,252,10000,32,0,131200,identity,20261005,case_001318.csv
1319,load,get,256,10000,32,0,131200,identity,20261005,case_001319.csv
1320,load,get,260,10000,32,0,131200,identity,20261005,case_001320.csv
1321,load,get,384,10000,32,0,131200,identity,20261005,case_001321.csv
1322,load,get,512,10000,32,0,131200,identity,20261005,case_001322.csv
1323,load,get,768,10000,32,0,131200,identity,20261005,case_001323.csv
1324,load,get,1024,1000,32,0,131200,identity,20261005,case_001324.csv
1325,load,get,1536,1000,32,0,131200,identity,20261005,case_001325.csv
1326,load,get,2048,1000,32,0,131200,identity,20261005,case_001326.csv
1327,load,get,3072,1000,32,0,131200,identity,20261005,case_001327.csv
1328,load,get,4096,1000,32,0,131200,identity,20261005,case_001328.csv
1329,load,get,6144,1000,32,0,131200,identity,20261005,case_001329.csv
1330,load,get,8192,1000,32,0,131200,identity,20261005,case_001330.csv
1331,load,get,12288,1000,32,0,131200,identity,20261005,case_001331.csv
1332,load,get,16384,1000,32,0,131200,identity,20261005,case_001332.csv
1333,load,get,24576,1000,32,0,131200,identity,20261005,case_001333.csv
1334,load,get,32768,1000,32,0,131200,identity,20261005,case_001334.csv
1335,load,get,49152,1000,32,0,131200,identity,20261005,case_001335.csv
1336,load,get,65536,1000,32,0,131200,identity,20261005,case_001336.csv
1337,load,get,98304,1000,32,0,131200,identity,20261005,case_001337.csv
1338,load,get,131072,1000,32,0,131200,identity,20261005,case_001338.csv
1339,load,get,8,10000,32,4,131200,identity,20261005,case_001339.csv
1340,load,get,16,10000,32,4,131200,identity,20261005,case_001340.csv
1341,load,get,32,10000,32,4,131200,identity,20261005,case_001341.csv
1342,load,get,64,10000,32,4,131200,identity,20261005,case_001342.csv
1343,load,get,96,10000,32,4,131200,identity,20261005,case_001343.csv
1344,load,get,124,10000,32,4,131200,identity,20261005,case_001344.csv
1345,load,get,128,10000,32,4,131200,identity,20261005,case_001345.csv
1346,load,get,132,10000,32,4,131200,identity,20261005,case_001346.csv
1347,load,get,192,10000,32,4,131200,identity,20261005,case_001347.csv
1348,load,get,252,10000,32,4,131200,identity,20261005,case_001348.csv
1349,load,get,256,10000,32,4,131200,identity,20261005,case_001349.csv
1350,load,get,260,10000,32,4,131200,identity,20261005,case_001350.csv
1351,load,get,384,10000,32,4,131200,identity,20261005,case_001351.csv
1352,load,get,512,10000,32,4,131200,identity,20261005,case_001352.csv
1353,load,get,768,10000,32,4,131200,identity,20261005,case_001353.csv
1354,load,get,1024,1000,32,4,131200,identity,20261005,case_001354.csv
1355,load,get,1536,1000,32,4,131200,identity,20261005,case_001355.csv
1356,load,get,2048,1000,32,4,131200,identity,20261005,case_001356.csv
1357,load,get,3072,1000,32,4,131200,identity,20261005,case_001357.csv
1358,load,get,4096,1000,32,4,131200,identity,20261005,case_001358.csv
1359,load,get,6144,1000,32,4,131200,identity,20261005,case_001359.csv
1360,load,get,8192,1000,32,4,131200,identity,20261005,case_001360.csv
1361,load,get,12288,1000,32,4,131200,identity,20261005,case_001361.csv
1362,load,get,16384,1000,32,4,131200,identity,20261005,case_001362.csv
1363,load,get,24576,1000,32,4,131200,identity,20261005,case_001363.csv
1364,load,get,32768,1000,32,4,131200,identity,20261005,case_001364.csv
1365,load,get,49152,1000,32,4,131200,identity,20261005,case_001365.csv
1366,load,get,65536,1000,32,4,131200,identity,20261005,case_001366.csv
1367,load,get,98304,1000,32,4,131200,identity,20261005,case_001367.csv
1368,load,get,131072,1000,32,4,131200,identity,20261005,case_001368.csv
1369,load,get,8,10000,64,0,131200,identity,20261005,case_001369.csv
1370,load,get,16,10000,64,0,131200,identity,20261005,case_001370.csv
1371,load,get,32,10000,64,0,131200,identity,20261005,case_001371.csv
1372,load,get,64,10000,64,0,131200,identity,20261005,case_001372.csv
1373,load,get,96,10000,64,0,131200,identity,20261005,case_001373.csv
1374,load,get,124,10000,64,0,131200,identity,20261005,case_001374.csv
1375,load,get,128,10000,64,0,131200,identity,20261005,case_001375.csv
1376,load,get,132,10000,64,0,131200,identity,20261005,case_001376.csv
1377,load,get,192,10000,64,0,131200,identity,20261005,case_001377.csv
1378,load,get,252,10000,64,0,131200,identity,20261005,case_001378.csv
1379,load,get,256,10000,64,0,131200,identity,20261005,case_001379.csv
1380,load,get,260,10000,64,0,131200,identity,20261005,case_001380.csv
1381,load,get,384,10000,64,0,131200,identity,20261005,case_001381.csv
1382,load,get,512,10000,64,0,131200,identity,20261005,case_001382.csv
1383,load,get,768,10000,64,0,131200,identity,20261005,case_001383.csv
1384,load,get,1024,1000,64,0,131200,identity,20261005,case_001384.csv
1385,load,get,1536,1000,64,0,131200,identity,20261005,case_001385.csv
1386,load,get,2048,1000,64,0,131200,identity,20261005,case_001386.csv
1387,load,get,3072,1000,64,0,131200,identity,20261005,case_001387.csv
1388,load,get,4096,1000,64,0,131200,identity,20261005,case_001388.csv
1389,load,get,6144,1000,64,0,131200,identity,20261005,case_001389.csv
1390,load,get,8192,1000,64,0,131200,identity,20261005,case_001390.csv
1391,load,get,12288,1000,64,0,131200,identity,20261005,case_001391.csv
1392,load,get,16384,1000,64,0,131200,identity,20261005,case_001392.csv
1393,load,get,24576,1000,64,0,131200,identity,20261005,case_001393.csv
1394,load,get,32768,1000,64,0,131200,identity,20261005,case_001394.csv
1395,load,get,49152,1000,64,0,131200,identity,20261005,case_001395.csv
1396,load,get,65536,1000,64,0,131200,identity,20261005,case_001396.csv
1397,load,get,98304,1000,64,0,131200,identity,20261005,case_001397.csv
1398,load,get,131072,1000,64,0,131200,identity,20261005,case_001398.csv
1399,load,get,8,10000,64,4,131200,identity,20261005,case_001399.csv
1400,load,get,16,10000,64,4,131200,identity,20261005,case_001400.csv
1401,load,get,32,10000,64,4,131200,identity,20261005,case_001401.csv
1402,load,get,64,10000,64,4,131200,identity,20261005,case_001402.csv
1403,load,get,96,10000,64,4,131200,identity,20261005,case_001403.csv
1404,load,get,124,10000,64,4,131200,identity,20261005,case_001404.csv
1405,load,get,128,10000,64,4,131200,identity,20261005,case_001405.csv
1406,load,get,132,10000,64,4,131200,identity,20261005,case_001406.csv
1407,load,get,192,10000,64,4,131200,identity,20261005,case_001407.csv
1408,load,get,252,10000,64,4,131200,identity,20261005,case_001408.csv
1409,load,get,256,10000,64,4,131200,identity,20261005,case_001409.csv
1410,load,get,260,10000,64,4,131200,identity,20261005,case_001410.csv
1411,load,get,384,10000,64,4,131200,identity,20261005,case_001411.csv
1412,load,get,512,10000,64,4,131200,identity,20261005,case_001412.csv
1413,load,get,768,10000,64,4,131200,identity,20261005,case_001413.csv
1414,load,get,1024,1000,64,4,131200,identity,20261005,case_001414.csv
1415,load,get,1536,1000,64,4,131200,identity,20261005,case_001415.csv
1416,load,get,2048,1000,64,4,131200,identity,20261005,case_001416.csv
1417,load,get,3072,1000,64,4,131200,identity,20261005,case_001417.csv
1418,load,get,4096,1000,64,4,131200,identity,20261005,case_001418.csv
1419,load,get,6144,1000,64,4,131200,identity,20261005,case_001419.csv
1420,load,get,8192,1000,64,4,131200,identity,20261005,case_001420.csv
1421,load,get,12288,1000,64,4,131200,identity,20261005,case_001421.csv
1422,load,get,16384,1000,64,4,131200,identity,20261005,case_001422.csv
1423,load,get,24576,1000,64,4,131200,identity,20261005,case_001423.csv
1424,load,get,32768,1000,64,4,131200,identity,20261005,case_001424.csv
1425,load,get,49152,1000,64,4,131200,identity,20261005,case_001425.csv
1426,load,get,65536,1000,64,4,131200,identity,20261005,case_001426.csv
1427,load,get,98304,1000,64,4,131200,identity,20261005,case_001427.csv
1428,load,get,131072,1000,64,4,131200,identity,20261005,case_001428.csv
1429,load,put,8,10000,1,0,131200,identity,20261005,case_001429.csv
1430,load,put,16,10000,1,0,131200,identity,20261005,case_001430.csv
1431,load,put,32,10000,1,0,131200,identity,20261005,case_001431.csv
1432,load,put,64,10000,1,0,131200,identity,20261005,case_001432.csv
1433,load,put,96,10000,1,0,131200,identity,20261005,case_001433.csv
1434,load,put,124,10000,1,0,131200,identity,20261005,case_001434.csv
1435,load,put,128,10000,1,0,131200,identity,20261005,case_001435.csv
1436,load,put,132,10000,1,0,131200,identity,20261005,case_001436.csv
1437,load,put,192,10000,1,0,131200,identity,20261005,case_001437.csv
1438,load,put,252,10000,1,0,131200,identity,20261005,case_001438.csv
1439,load,put,256,10000,1,0,131200,identity,20261005,case_001439.csv
1440,load,put,260,10000,1,0,131200,identity,20261005,case_001440.csv
1441,load,put,384,10000,1,0,131200,identity,20261005,case_001441.csv
1442,load,put,512,10000,1,0,131200,identity,20261005,case_001442.csv
1443,load,put,768,10000,1,0,131200,identity,20261005,case_001443.csv
1444,load,put,1024,1000,1,0,131200,identity,20261005,case_001444.csv
1445,load,put,1536,1000,1,0,131200,identity,20261005,case_001445.csv
1446,load,put,2048,1000,1,0,131200,identity,20261005,case_001446.csv
1447,load,put,3072,1000,1,0,131200,identity,20261005,case_001447.csv
1448,load,put,4096,1000,1,0,131200,identity,20261005,case_001448.csv
1449,load,put,6144,1000,1,0,131200,identity,20261005,case_001449.csv
1450,load,put,8192,1000,1,0,131200,identity,20261005,case_001450.csv
1451,load,put,12288,1000,1,0,131200,identity,20261005,case_001451.csv
1452,load,put,16384,1000,1,0,131200,identity,20261005,case_001452.csv
1453,load,put,24576,1000,1,0,131200,identity,20261005,case_001453.csv
1454,load,put,32768,1000,1,0,131200,identity,20261005,case_001454.csv
1455,load,put,49152,1000,1,0,131200,identity,20261005,case_001455.csv
1456,load,put,65536,1000,1,0,131200,identity,20261005,case_001456.csv
1457,load,put,98304,1000,1,0,131200,identity,20261005,case_001457.csv
1458,load,put,131072,1000,1,0,131200,identity,20261005,case_001458.csv
1459,load,put,8,10000,1,4,131200,identity,20261005,case_001459.csv
1460,load,put,16,10000,1,4,131200,identity,20261005,case_001460.csv
1461,load,put,32,10000,1,4,131200,identity,20261005,case_001461.csv
1462,load,put,64,10000,1,4,131200,identity,20261005,case_001462.csv
1463,load,put,96,10000,1,4,131200,identity,20261005,case_001463.csv
1464,load,put,124,10000,1,4,131200,identity,20261005,case_001464.csv
1465,load,put,128,10000,1,4,131200,identity,20261005,case_001465.csv
1466,load,put,132,10000,1,4,131200,identity,20261005,case_001466.csv
1467,load,put,192,10000,1,4,131200,identity,20261005,case_001467.csv
1468,load,put,252,10000,1,4,131200,identity,20261005,case_001468.csv
1469,load,put,256,10000,1,4,131200,identity,20261005,case_001469.csv
1470,load,put,260,10000,1,4,131200,identity,20261005,case_001470.csv
1471,load,put,384,10000,1,4,131200,identity,20261005,case_001471.csv
1472,load,put,512,10000,1,4,131200,identity,20261005,case_001472.csv
1473,load,put,768,10000,1,4,131200,identity,20261005,case_001473.csv
1474,load,put,1024,1000,1,4,131200,identity,20261005,case_001474.csv
1475,load,put,1536,1000,1,4,131200,identity,20261005,case_001475.csv
1476,load,put,2048,1000,1,4,131200,identity,20261005,case_001476.csv
1477,load,put,3072,1000,1,4,131200,identity,20261005,case_001477.csv
1478,load,put,4096,1000,1,4,131200,identity,20261005,case_001478.csv
1479,load,put,6144,1000,1,4,131200,identity,20261005,case_001479.csv
1480,load,put,8192,1000,1,4,131200,identity,20261005,case_001480.csv
1481,load,put,12288,1000,1,4,131200,identity,20261005,case_001481.csv
1482,load,put,16384,1000,1,4,131200,identity,20261005,case_001482.csv
1483,load,put,24576,1000,1,4,131200,identity,20261005,case_001483.csv
1484,load,put,32768,1000,1,4,131200,identity,20261005,case_001484.csv
1485,load,put,49152,1000,1,4,131200,identity,20261005,case_001485.csv
1486,load,put,65536,1000,1,4,131200,identity,20261005,case_001486.csv
1487,load,put,98304,1000,1,4,131200,identity,20261005,case_001487.csv
1488,load,put,131072,1000,1,4,131200,identity,20261005,case_001488.csv
1489,load,put,8,10000,2,0,131200,identity,20261005,case_001489.csv
1490,load,put,16,10000,2,0,131200,identity,20261005,case_001490.csv
1491,load,put,32,10000,2,0,131200,identity,20261005,case_001491.csv
1492,load,put,64,10000,2,0,131200,identity,20261005,case_001492.csv
1493,load,put,96,10000,2,0,131200,identity,20261005,case_001493.csv
1494,load,put,124,10000,2,0,131200,identity,20261005,case_001494.csv
1495,load,put,128,10000,2,0,131200,identity,20261005,case_001495.csv
1496,load,put,132,10000,2,0,131200,identity,20261005,case_001496.csv
1497,load,put,192,10000,2,0,131200,identity,20261005,case_001497.csv
1498,load,put,252,10000,2,0,131200,identity,20261005,case_001498.csv
1499,load,put,256,10000,2,0,131200,identity,20261005,case_001499.csv
1500,load,put,260,10000,2,0,131200,identity,20261005,case_001500.csv
1501,load,put,384,10000,2,0,131200,identity,20261005,case_001501.csv
1502,load,put,512,10000,2,0,131200,identity,20261005,case_001502.csv
1503,load,put,768,10000,2,0,131200,identity,20261005,case_001503.csv
1504,load,put,1024,1000,2,0,131200,identity,20261005,case_001504.csv
1505,load,put,1536,1000,2,0,131200,identity,20261005,case_001505.csv
1506,load,put,2048,1000,2,0,131200,identity,20261005,case_001506.csv
1507,load,put,3072,1000,2,0,131200,identity,20261005,case_001507.csv
1508,load,put,4096,1000,2,0,131200,identity,20261005,case_001508.csv
1509,load,put,6144,1000,2,0,131200,identity,20261005,case_001509.csv
1510,load,put,8192,1000,2,0,131200,identity,20261005,case_001510.csv
1511,load,put,12288,1000,2,0,131200,identity,20261005,case_001511.csv
1512,load,put,16384,1000,2,0,131200,identity,20261005,case_001512.csv
1513,load,put,24576,1000,2,0,131200,identity,20261005,case_001513.csv
1514,load,put,32768,1000,2,0,131200,identity,20261005,case_001514.csv
1515,load,put,49152,1000,2,0,131200,identity,20261005,case_001515.csv
1516,load,put,65536,1000,2,0,131200,identity,20261005,case_001516.csv
1517,load,put,98304,1000,2,0,131200,identity,20261005,case_001517.csv
1518,load,put,131072,1000,2,0,131200,identity,20261005,case_001518.csv
1519,load,put,8,10000,2,4,131200,identity,20261005,case_001519.csv
1520,load,put,16,10000,2,4,131200,identity,20261005,case_001520.csv
1521,load,put,32,10000,2,4,131200,identity,20261005,case_001521.csv
1522,load,put,64,10000,2,4,131200,identity,20261005,case_001522.csv
1523,load,put,96,10000,2,4,131200,identity,20261005,case_001523.csv
1524,load,put,124,10000,2,4,131200,identity,20261005,case_001524.csv
1525,load,put,128,10000,2,4,131200,identity,20261005,case_001525.csv
1526,load,put,132,10000,2,4,131200,identity,20261005,case_001526.csv
1527,load,put,192,10000,2,4,131200,identity,20261005,case_001527.csv
1528,load,put,252,10000,2,4,131200,identity,20261005,case_001528.csv
1529,load,put,256,10000,2,4,131200,identity,20261005,case_001529.csv
1530,load,put,260,10000,2,4,131200,identity,20261005,case_001530.csv
1531,load,put,384,10000,2,4,131200,identity,20261005,case_001531.csv
1532,load,put,512,10000,2,4,131200,identity,20261005,case_001532.csv
1533,load,put,768,10000,2,4,131200,identity,20261005,case_001533.csv
1534,load,put,1024,1000,2,4,131200,identity,20261005,case_001534.csv
1535,load,put,1536,1000,2,4,131200,identity,20261005,case_001535.csv
1536,load,put,2048,1000,2,4,131200,identity,20261005,case_001536.csv
1537,load,put,3072,1000,2,4,131200,identity,20261005,case_001537.csv
1538,load,put,4096,1000,2,4,131200,identity,20261005,case_001538.csv
1539,load,put,6144,1000,2,4,131200,identity,20261005,case_001539.csv
1540,load,put,8192,1000,2,4,131200,identity,20261005,case_001540.csv
1541,load,put,12288,1000,2,4,131200,identity,20261005,case_001541.csv
1542,load,put,16384,1000,2,4,131200,identity,20261005,case_001542.csv
1543,load,put,24576,1000,2,4,131200,identity,20261005,case_001543.csv
1544,load,put,32768,1000,2,4,131200,identity,20261005,case_001544.csv
1545,load,put,49152,1000,2,4,131200,identity,20261005,case_001545.csv
1546,load,put,65536,1000,2,4,131200,identity,20261005,case_001546.csv
1547,load,put,98304,1000,2,4,131200,identity,20261005,case_001547.csv
1548,load,put,131072,1000,2,4,131200,identity,20261005,case_001548.csv
1549,load,put,8,10000,4,0,131200,identity,20261005,case_001549.csv
1550,load,put,16,10000,4,0,131200,identity,20261005,case_001550.csv
1551,load,put,32,10000,4,0,131200,identity,20261005,case_001551.csv
1552,load,put,64,10000,4,0,131200,identity,20261005,case_001552.csv
1553,load,put,96,10000,4,0,131200,identity,20261005,case_001553.csv
1554,load,put,124,10000,4,0,131200,identity,20261005,case_001554.csv
1555,load,put,128,10000,4,0,131200,identity,20261005,case_001555.csv
1556,load,put,132,10000,4,0,131200,identity,20261005,case_001556.csv
1557,load,put,192,10000,4,0,131200,identity,20261005,case_001557.csv
1558,load,put,252,10000,4,0,131200,identity,20261005,case_001558.csv
1559,load,put,256,10000,4,0,131200,identity,20261005,case_001559.csv
1560,load,put,260,10000,4,0,131200,identity,20261005,case_001560.csv
1561,load,put,384,10000,4,0,131200,identity,20261005,case_001561.csv
1562,load,put,512,10000,4,0,131200,identity,20261005,case_001562.csv
1563,load,put,768,10000,4,0,131200,identity,20261005,case_001563.csv
1564,load,put,1024,1000,4,0,131200,identity,20261005,case_001564.csv
1565,load,put,1536,1000,4,0,131200,identity,20261005,case_001565.csv
1566,load,put,2048,1000,4,0,131200,identity,20261005,case_001566.csv
1567,load,put,3072,1000,4,0,131200,identity,20261005,case_001567.csv
1568,load,put,4096,1000,4,0,131200,identity,20261005,case_001568.csv
1569,load,put,6144,1000,4,0,131200,identity,20261005,case_001569.csv
1570,load,put,8192,1000,4,0,131200,identity,20261005,case_001570.csv
1571,load,put,12288,1000,4,0,131200,identity,20261005,case_001571.csv
1572,load,put,16384,1000,4,0,131200,identity,20261005,case_001572.csv
1573,load,put,24576,1000,4,0,131200,identity,20261005,case_001573.csv
1574,load,put,32768,1000,4,0,131200,identity,20261005,case_001574.csv
1575,load,put,49152,1000,4,0,131200,identity,20261005,case_001575.csv
1576,load,put,65536,1000,4,0,131200,identity,20261005,case_001576.csv
1577,load,put,98304,1000,4,0,131200,identity,20261005,case_001577.csv
1578,load,put,131072,1000,4,0,131200,identity,20261005,case_001578.csv
1579,load,put,8,10000,4,4,131200,identity,20261005,case_001579.csv
1580,load,put,16,10000,4,4,131200,identity,20261005,case_001580.csv
1581,load,put,32,10000,4,4,131200,identity,20261005,case_001581.csv
1582,load,put,64,10000,4,4,131200,identity,20261005,case_001582.csv
1583,load,put,96,10000,4,4,131200,identity,20261005,case_001583.csv
1584,load,put,124,10000,4,4,131200,identity,20261005,case_001584.csv
1585,load,put,128,10000,4,4,131200,identity,20261005,case_001585.csv
1586,load,put,132,10000,4,4,131200,identity,20261005,case_001586.csv
1587,load,put,192,10000,4,4,131200,identity,20261005,case_001587.csv
1588,load,put,252,10000,4,4,131200,identity,20261005,case_001588.csv
1589,load,put,256,10000,4,4,131200,identity,20261005,case_001589.csv
1590,load,put,260,10000,4,4,131200,identity,20261005,case_001590.csv
1591,load,put,384,10000,4,4,131200,identity,20261005,case_001591.csv
1592,load,put,512,10000,4,4,131200,identity,20261005,case_001592.csv
1593,load,put,768,10000,4,4,131200,identity,20261005,case_001593.csv
1594,load,put,1024,1000,4,4,131200,identity,20261005,case_001594.csv
1595,load,put,1536,1000,4,4,131200,identity,20261005,case_001595.csv
1596,load,put,2048,1000,4,4,131200,identity,20261005,case_001596.csv
1597,load,put,3072,1000,4,4,131200,identity,20261005,case_001597.csv
1598,load,put,4096,1000,4,4,131200,identity,20261005,case_001598.csv
1599,load,put,6144,1000,4,4,131200,identity,20261005,case_001599.csv
1600,load,put,8192,1000,4,4,131200,identity,20261005,case_001600.csv
1601,load,put,12288,1000,4,4,131200,identity,20261005,case_001601.csv
1602,load,put,16384,1000,4,4,131200,identity,20261005,case_001602.csv
1603,load,put,24576,1000,4,4,131200,identity,20261005,case_001603.csv
1604,load,put,32768,1000,4,4,131200,identity,20261005,case_001604.csv
1605,load,put,49152,1000,4,4,131200,identity,20261005,case_001605.csv
1606,load,put,65536,1000,4,4,131200,identity,20261005,case_001606.csv
1607,load,put,98304,1000,4,4,131200,identity,20261005,case_001607.csv
1608,load,put,131072,1000,4,4,131200,identity,20261005,case_001608.csv
1609,load,put,8,10000,8,0,131200,identity,20261005,case_001609.csv
1610,load,put,16,10000,8,0,131200,identity,20261005,case_001610.csv
1611,load,put,32,10000,8,0,131200,identity,20261005,case_001611.csv
1612,load,put,64,10000,8,0,131200,identity,20261005,case_001612.csv
1613,load,put,96,10000,8,0,131200,identity,20261005,case_001613.csv
1614,load,put,124,10000,8,0,131200,identity,20261005,case_001614.csv
1615,load,put,128,10000,8,0,131200,identity,20261005,case_001615.csv
1616,load,put,132,10000,8,0,131200,identity,20261005,case_001616.csv
1617,load,put,192,10000,8,0,131200,identity,20261005,case_001617.csv
1618,load,put,252,10000,8,0,131200,identity,20261005,case_001618.csv
1619,load,put,256,10000,8,0,131200,identity,20261005,case_001619.csv
1620,load,put,260,10000,8,0,131200,identity,20261005,case_001620.csv
1621,load,put,384,10000,8,0,131200,identity,20261005,case_001621.csv
1622,load,put,512,10000,8,0,131200,identity,20261005,case_001622.csv
1623,load,put,768,10000,8,0,131200,identity,20261005,case_001623.csv
1624,load,put,1024,1000,8,0,131200,identity,20261005,case_001624.csv
1625,load,put,1536,1000,8,0,131200,identity,20261005,case_001625.csv
1626,load,put,2048,1000,8,0,131200,identity,20261005,case_001626.csv
1627,load,put,3072,1000,8,0,131200,identity,20261005,case_001627.csv
1628,load,put,4096,1000,8,0,131200,identity,20261005,case_001628.csv
1629,load,put,6144,1000,8,0,131200,identity,20261005,case_001629.csv
1630,load,put,8192,1000,8,0,131200,identity,20261005,case_001630.csv
1631,load,put,12288,1000,8,0,131200,identity,20261005,case_001631.csv
1632,load,put,16384,1000,8,0,131200,identity,20261005,case_001632.csv
1633,load,put,24576,1000,8,0,131200,identity,20261005,case_001633.csv
1634,load,put,32768,1000,8,0,131200,identity,20261005,case_001634.csv
1635,load,put,49152,1000,8,0,131200,identity,20261005,case_001635.csv
1636,load,put,65536,1000,8,0,131200,identity,20261005,case_001636.csv
1637,load,put,98304,1000,8,0,131200,identity,20261005,case_001637.csv
1638,load,put,131072,1000,8,0,131200,identity,20261005,case_001638.csv
1639,load,put,8,10000,8,4,131200,identity,20261005,case_001639.csv
1640,load,put,16,10000,8,4,131200,identity,20261005,case_001640.csv
1641,load,put,32,10000,8,4,131200,identity,20261005,case_001641.csv
1642,load,put,64,10000,8,4,131200,identity,20261005,case_001642.csv
1643,load,put,96,10000,8,4,131200,identity,20261005,case_001643.csv
1644,load,put,124,10000,8,4,131200,identity,20261005,case_001644.csv
1645,load,put,128,10000,8,4,131200,identity,20261005,case_001645.csv
1646,load,put,132,10000,8,4,131200,identity,20261005,case_001646.csv
1647,load,put,192,10000,8,4,131200,identity,20261005,case_001647.csv
1648,load,put,252,10000,8,4,131200,identity,20261005,case_001648.csv
1649,load,put,256,10000,8,4,131200,identity,20261005,case_001649.csv
1650,load,put,260,10000,8,4,131200,identity,20261005,case_001650.csv
1651,load,put,384,10000,8,4,131200,identity,20261005,case_001651.csv
1652,load,put,512,10000,8,4,131200,identity,20261005,case_001652.csv
1653,load,put,768,10000,8,4,131200,identity,20261005,case_001653.csv
1654,load,put,1024,1000,8,4,131200,identity,20261005,case_001654.csv
1655,load,put,1536,1000,8,4,131200,identity,20261005,case_001655.csv
1656,load,put,2048,1000,8,4,131200,identity,20261005,case_001656.csv
1657,load,put,3072,1000,8,4,131200,identity,20261005,case_001657.csv
1658,load,put,4096,1000,8,4,131200,identity,20261005,case_001658.csv
1659,load,put,6144,1000,8,4,131200,identity,20261005,case_001659.csv
1660,load,put,8192,1000,8,4,131200,identity,20261005,case_001660.csv
1661,load,put,12288,1000,8,4,131200,identity,20261005,case_001661.csv
1662,load,put,16384,1000,8,4,131200,identity,20261005,case_001662.csv
1663,load,put,24576,1000,8,4,131200,identity,20261005,case_001663.csv
1664,load,put,32768,1000,8,4,131200,identity,20261005,case_001664.csv
1665,load,put,49152,1000,8,4,131200,identity,20261005,case_001665.csv
1666,load,put,65536,1000,8,4,131200,identity,20261005,case_001666.csv
1667,load,put,98304,1000,8,4,131200,identity,20261005,case_001667.csv
1668,load,put,131072,1000,8,4,131200,identity,20261005,case_001668.csv
1669,load,put,8,10000,16,0,131200,identity,20261005,case_001669.csv
1670,load,put,16,10000,16,0,131200,identity,20261005,case_001670.csv
1671,load,put,32,10000,16,0,131200,identity,20261005,case_001671.csv
1672,load,put,64,10000,16,0,131200,identity,20261005,case_001672.csv
1673,load,put,96,10000,16,0,131200,identity,20261005,case_001673.csv
1674,load,put,124,10000,16,0,131200,identity,20261005,case_001674.csv
1675,load,put,128,10000,16,0,131200,identity,20261005,case_001675.csv
1676,load,put,132,10000,16,0,131200,identity,20261005,case_001676.csv
1677,load,put,192,10000,16,0,131200,identity,20261005,case_001677.csv
1678,load,put,252,10000,16,0,131200,identity,20261005,case_001678.csv
1679,load,put,256,10000,16,0,131200,identity,20261005,case_001679.csv
1680,load,put,260,10000,16,0,131200,identity,20261005,case_001680.csv
1681,load,put,384,10000,16,0,131200,identity,20261005,case_001681.csv
1682,load,put,512,10000,16,0,131200,identity,20261005,case_001682.csv
1683,load,put,768,10000,16,0,131200,identity,20261005,case_001683.csv
1684,load,put,1024,1000,16,0,131200,identity,20261005,case_001684.csv
1685,load,put,1536,1000,16,0,131200,identity,20261005,case_001685.csv
1686,load,put,2048,1000,16,0,131200,identity,20261005,case_001686.csv
1687,load,put,3072,1000,16,0,131200,identity,20261005,case_001687.csv
1688,load,put,4096,1000,16,0,131200,identity,20261005,case_001688.csv
1689,load,put,6144,1000,16,0,131200,identity,20261005,case_001689.csv
1690,load,put,8192,1000,16,0,131200,identity,20261005,case_001690.csv
1691,load,put,12288,1000,16,0,131200,identity,20261005,case_001691.csv
1692,load,put,16384,1000,16,0,131200,identity,20261005,case_001692.csv
1693,load,put,24576,1000,16,0,131200,identity,20261005,case_001693.csv
1694,load,put,32768,1000,16,0,131200,identity,20261005,case_001694.csv
1695,load,put,49152,1000,16,0,131200,identity,20261005,case_001695.csv
1696,load,put,65536,1000,16,0,131200,identity,20261005,case_001696.csv
1697,load,put,98304,1000,16,0,131200,identity,20261005,case_001697.csv
1698,load,put,131072,1000,16,0,131200,identity,20261005,case_001698.csv
1699,load,put,8,10000,16,4,131200,identity,20261005,case_001699.csv
1700,load,put,16,10000,16,4,131200,identity,20261005,case_001700.csv
1701,load,put,32,10000,16,4,131200,identity,20261005,case_001701.csv
1702,load,put,64,10000,16,4,131200,identity,20261005,case_001702.csv
1703,load,put,96,10000,16,4,131200,identity,20261005,case_001703.csv
1704,load,put,124,10000,16,4,131200,identity,20261005,case_001704.csv
1705,load,put,128,10000,16,4,131200,identity,20261005,case_001705.csv
1706,load,put,132,10000,16,4,131200,identity,20261005,case_001706.csv
1707,load,put,192,10000,16,4,131200,identity,20261005,case_001707.csv
1708,load,put,252,10000,16,4,131200,identity,20261005,case_001708.csv
1709,load,put,256,10000,16,4,131200,identity,20261005,case_001709.csv
1710,load,put,260,10000,16,4,131200,identity,20261005,case_001710.csv
1711,load,put,384,10000,16,4,131200,identity,20261005,case_001711.csv
1712,load,put,512,10000,16,4,131200,identity,20261005,case_001712.csv
1713,load,put,768,10000,16,4,131200,identity,20261005,case_001713.csv
1714,load,put,1024,1000,16,4,131200,identity,20261005,case_001714.csv
1715,load,put,1536,1000,16,4,131200,identity,20261005,case_001715.csv
1716,load,put,2048,1000,16,4,131200,identity,20261005,case_001716.csv
1717,load,put,3072,1000,16,4,131200,identity,20261005,case_001717.csv
1718,load,put,4096,1000,16,4,131200,identity,20261005,case_001718.csv
1719,load,put,6144,1000,16,4,131200,identity,20261005,case_001719.csv
1720,load,put,8192,1000,16,4,131200,identity,20261005,case_001720.csv
1721,load,put,12288,1000,16,4,131200,identity,20261005,case_001721.csv
1722,load,put,16384,1000,16,4,131200,identity,20261005,case_001722.csv
1723,load,put,24576,1000,16,4,131200,identity,20261005,case_001723.csv
1724,load,put,32768,1000,16,4,131200,identity,20261005,case_001724.csv
1725,load,put,49152,1000,16,4,131200,identity,20261005,case_001725.csv
1726,load,put,65536,1000,16,4,131200,identity,20261005,case_001726.csv
1727,load,put,98304,1000,16,4,131200,identity,20261005,case_001727.csv
1728,load,put,131072,1000,16,4,131200,identity,20261005,case_001728.csv
1729,load,put,8,10000,32,0,131200,identity,20261005,case_001729.csv
1730,load,put,16,10000,32,0,131200,identity,20261005,case_001730.csv
1731,load,put,32,10000,32,0,131200,identity,20261005,case_001731.csv
1732,load,put,64,10000,32,0,131200,identity,20261005,case_001732.csv
1733,load,put,96,10000,32,0,131200,identity,20261005,case_001733.csv
1734,load,put,124,10000,32,0,131200,identity,20261005,case_001734.csv
1735,load,put,128,10000,32,0,131200,identity,20261005,case_001735.csv
1736,load,put,132,10000,32,0,131200,identity,20261005,case_001736.csv
1737,load,put,192,10000,32,0,131200,identity,20261005,case_001737.csv
1738,load,put,252,10000,32,0,131200,identity,20261005,case_001738.csv
1739,load,put,256,10000,32,0,131200,identity,20261005,case_001739.csv
1740,load,put,260,10000,32,0,131200,identity,20261005,case_001740.csv
1741,load,put,384,10000,32,0,131200,identity,20261005,case_001741.csv
1742,load,put,512,10000,32,0,131200,identity,20261005,case_001742.csv
1743,load,put,768,10000,32,0,131200,identity,20261005,case_001743.csv
1744,load,put,1024,1000,32,0,131200,identity,20261005,case_001744.csv
1745,load,put,1536,1000,32,0,131200,identity,20261005,case_001745.csv
1746,load,put,2048,1000,32,0,131200,identity,20261005,case_001746.csv
1747,load,put,3072,1000,32,0,131200,identity,20261005,case_001747.csv
1748,load,put,4096,1000,32,0,131200,identity,20261005,case_001748.csv
1749,load,put,6144,1000,32,0,131200,identity,20261005,case_001749.csv
1750,load,put,8192,1000,32,0,131200,identity,20261005,case_001750.csv
1751,load,put,12288,1000,32,0,131200,identity,20261005,case_001751.csv
1752,load,put,16384,1000,32,0,131200,identity,20261005,case_001752.csv
1753,load,put,24576,1000,32,0,131200,identity,20261005,case_001753.csv
1754,load,put,32768,1000,32,0,131200,identity,20261005,case_001754.csv
1755,load,put,49152,1000,32,0,131200,identity,20261005,case_001755.csv
1756,load,put,65536,1000,32,0,131200,identity,20261005,case_001756.csv
1757,load,put,98304,1000,32,0,131200,identity,20261005,case_001757.csv
1758,load,put,131072,1000,32,0,131200,identity,20261005,case_001758.csv
1759,load,put,8,10000,32,4,131200,identity,20261005,case_001759.csv
1760,load,put,16,10000,32,4,131200,identity,20261005,case_001760.csv
1761,load,put,32,10000,32,4,131200,identity,20261005,case_001761.csv
1762,load,put,64,10000,32,4,131200,identity,20261005,case_001762.csv
1763,load,put,96,10000,32,4,131200,identity,20261005,case_001763.csv
1764,load,put,124,10000,32,4,131200,identity,20261005,case_001764.csv
1765,load,put,128,10000,32,4,131200,identity,20261005,case_001765.csv
1766,load,put,132,10000,32,4,131200,identity,20261005,case_001766.csv
1767,load,put,192,10000,32,4,131200,identity,20261005,case_001767.csv
1768,load,put,252,10000,32,4,131200,identity,20261005,case_001768.csv
1769,load,put,256,10000,32,4,131200,identity,20261005,case_001769.csv
1770,load,put,260,10000,32,4,131200,identity,20261005,case_001770.csv
1771,load,put,384,10000,32,4,131200,identity,20261005,case_001771.csv
1772,load,put,512,10000,32,4,131200,identity,20261005,case_001772.csv
1773,load,put,768,10000,32,4,131200,identity,20261005,case_001773.csv
1774,load,put,1024,1000,32,4,131200,identity,20261005,case_001774.csv
1775,load,put,1536,1000,32,4,131200,identity,20261005,case_001775.csv
1776,load,put,2048,1000,32,4,131200,identity,20261005,case_001776.csv
1777,load,put,3072,1000,32,4,131200,identity,20261005,case_001777.csv
1778,load,put,4096,1000,32,4,131200,identity,20261005,case_001778.csv
1779,load,put,6144,1000,32,4,131200,identity,20261005,case_001779.csv
1780,load,put,8192,1000,32,4,131200,identity,20261005,case_001780.csv
1781,load,put,12288,1000,32,4,131200,identity,20261005,case_001781.csv
1782,load,put,16384,1000,32,4,131200,identity,20261005,case_001782.csv
1783,load,put,24576,1000,32,4,131200,identity,20261005,case_001783.csv
1784,load,put,32768,1000,32,4,131200,identity,20261005,case_001784.csv
1785,load,put,49152,1000,32,4,131200,identity,20261005,case_001785.csv
1786,load,put,65536,1000,32,4,131200,identity,20261005,case_001786.csv
1787,load,put,98304,1000,32,4,131200,identity,20261005,case_001787.csv
1788,load,put,131072,1000,32,4,131200,identity,20261005,case_001788.csv
1789,load,put,8,10000,64,0,131200,identity,20261005,case_001789.csv
1790,load,put,16,10000,64,0,131200,identity,20261005,case_001790.csv
1791,load,put,32,10000,64,0,131200,identity,20261005,case_001791.csv
1792,load,put,64,10000,64,0,131200,identity,20261005,case_001792.csv
1793,load,put,96,10000,64,0,131200,identity,20261005,case_001793.csv
1794,load,put,124,10000,64,0,131200,identity,20261005,case_001794.csv
1795,load,put,128,10000,64,0,131200,identity,20261005,case_001795.csv
1796,load,put,132,10000,64,0,131200,identity,20261005,case_001796.csv
1797,load,put,192,10000,64,0,131200,identity,20261005,case_001797.csv
1798,load,put,252,10000,64,0,131200,identity,20261005,case_001798.csv
1799,load,put,256,10000,64,0,131200,identity,20261005,case_001799.csv
1800,load,put,260,10000,64,0,131200,identity,20261005,case_001800.csv
1801,load,put,384,10000,64,0,131200,identity,20261005,case_001801.csv
1802,load,put,512,10000,64,0,131200,identity,20261005,case_001802.csv
1803,load,put,768,10000,64,0,131200,identity,20261005,case_001803.csv
1804,load,put,1024,1000,64,0,131200,identity,20261005,case_001804.csv
1805,load,put,1536,1000,64,0,131200,identity,20261005,case_001805.csv
1806,load,put,2048,1000,64,0,131200,identity,20261005,case_001806.csv
1807,load,put,3072,1000,64,0,131200,identity,20261005,case_001807.csv
1808,load,put,4096,1000,64,0,131200,identity,20261005,case_001808.csv
1809,load,put,6144,1000,64,0,131200,identity,20261005,case_001809.csv
1810,load,put,8192,1000,64,0,131200,identity,20261005,case_001810.csv
1811,load,put,12288,1000,64,0,131200,identity,20261005,case_001811.csv
1812,load,put,16384,1000,64,0,131200,identity,20261005,case_001812.csv
1813,load,put,24576,1000,64,0,131200,identity,20261005,case_001813.csv
1814,load,put,32768,1000,64,0,131200,identity,20261005,case_001814.csv
1815,load,put,49152,1000,64,0,131200,identity,20261005,case_001815.csv
1816,load,put,65536,1000,64,0,131200,identity,20261005,case_001816.csv
1817,load,put,98304,1000,64,0,131200,identity,20261005,case_001817.csv
1818,load,put,131072,1000,64,0,131200,identity,20261005,case_001818.csv
1819,load,put,8,10000,64,4,131200,identity,20261005,case_001819.csv
1820,load,put,16,10000,64,4,131200,identity,20261005,case_001820.csv
1821,load,put,32,10000,64,4,131200,identity,20261005,case_001821.csv
1822,load,put,64,10000,64,4,131200,identity,20261005,case_001822.csv
1823,load,put,96,10000,64,4,131200,identity,20261005,case_001823.csv
1824,load,put,124,10000,64,4,131200,identity,20261005,case_001824.csv
1825,load,put,128,10000,64,4,131200,identity,20261005,case_001825.csv
1826,load,put,132,10000,64,4,131200,identity,20261005,case_001826.csv
1827,load,put,192,10000,64,4,131200,identity,20261005,case_001827.csv
1828,load,put,252,10000,64,4,131200,identity,20261005,case_001828.csv
1829,load,put,256,10000,64,4,131200,identity,20261005,case_001829.csv
1830,load,put,260,10000,64,4,131200,identity,20261005,case_001830.csv
1831,load,put,384,10000,64,4,131200,identity,20261005,case_001831.csv
1832,load,put,512,10000,64,4,131200,identity,20261005,case_001832.csv
1833,load,put,768,10000,64,4,131200,identity,20261005,case_001833.csv
1834,load,put,1024,1000,64,4,131200,identity,20261005,case_001834.csv
1835,load,put,1536,1000,64,4,131200,identity,20261005,case_001835.csv
1836,load,put,2048,1000,64,4,131200,identity,20261005,case_001836.csv
1837,load,put,3072,1000,64,4,131200,identity,20261005,case_001837.csv
1838,load,put,4096,1000,64,4,131200,identity,20261005,case_001838.csv
1839,load,put,6144,1000,64,4,131200,identity,20261005,case_001839.csv
1840,load,put,8192,1000,64,4,131200,identity,20261005,case_001840.csv
1841,load,put,12288,1000,64,4,131200,identity,20261005,case_001841.csv
1842,load,put,16384,1000,64,4,131200,identity,20261005,case_001842.csv
1843,load,put,24576,1000,64,4,131200,identity,20261005,case_001843.csv
1844,load,put,32768,1000,64,4,131200,identity,20261005,case_001844.csv
1845,load,put,49152,1000,64,4,131200,identity,20261005,case_001845.csv
1846,load,put,65536,1000,64,4,131200,identity,20261005,case_001846.csv
1847,load,put,98304,1000,64,4,131200,identity,20261005,case_001847.csv
1848,load,put,131072,1000,64,4,131200,identity,20261005,case_001848.csv
1849,load,iget,8,10000,1,0,131200,identity,20261005,case_001849.csv
1850,load,iget,16,10000,1,0,131200,identity,20261005,case_001850.csv
1851,load,iget,32,10000,1,0,131200,identity,20261005,case_001851.csv
1852,load,iget,64,10000,1,0,131200,identity,20261005,case_001852.csv
1853,load,iget,96,10000,1,0,131200,identity,20261005,case_001853.csv
1854,load,iget,124,10000,1,0,131200,identity,20261005,case_001854.csv
1855,load,iget,128,10000,1,0,131200,identity,20261005,case_001855.csv
1856,load,iget,132,10000,1,0,131200,identity,20261005,case_001856.csv
1857,load,iget,192,10000,1,0,131200,identity,20261005,case_001857.csv
1858,load,iget,252,10000,1,0,131200,identity,20261005,case_001858.csv
1859,load,iget,256,10000,1,0,131200,identity,20261005,case_001859.csv
1860,load,iget,260,10000,1,0,131200,identity,20261005,case_001860.csv
1861,load,iget,384,10000,1,0,131200,identity,20261005,case_001861.csv
1862,load,iget,512,10000,1,0,131200,identity,20261005,case_001862.csv
1863,load,iget,768,10000,1,0,131200,identity,20261005,case_001863.csv
1864,load,iget,1024,1000,1,0,131200,identity,20261005,case_001864.csv
1865,load,iget,1536,1000,1,0,131200,identity,20261005,case_001865.csv
1866,load,iget,2048,1000,1,0,131200,identity,20261005,case_001866.csv
1867,load,iget,3072,1000,1,0,131200,identity,20261005,case_001867.csv
1868,load,iget,4096,1000,1,0,131200,identity,20261005,case_001868.csv
1869,load,iget,6144,1000,1,0,131200,identity,20261005,case_001869.csv
1870,load,iget,8192,1000,1,0,131200,identity,20261005,case_001870.csv
1871,load,iget,12288,1000,1,0,131200,identity,20261005,case_001871.csv
1872,load,iget,16384,1000,1,0,131200,identity,20261005,case_001872.csv
1873,load,iget,24576,1000,1,0,131200,identity,20261005,case_001873.csv
1874,load,iget,32768,1000,1,0,131200,identity,20261005,case_001874.csv
1875,load,iget,49152,1000,1,0,131200,identity,20261005,case_001875.csv
1876,load,iget,65536,1000,1,0,131200,identity,20261005,case_001876.csv
1877,load,iget,98304,1000,1,0,131200,identity,20261005,case_001877.csv
1878,load,iget,131072,1000,1,0,131200,identity,20261005,case_001878.csv
1879,load,iget,8,10000,1,4,131200,identity,20261005,case_001879.csv
1880,load,iget,16,10000,1,4,131200,identity,20261005,case_001880.csv
1881,load,iget,32,10000,1,4,131200,identity,20261005,case_001881.csv
1882,load,iget,64,10000,1,4,131200,identity,20261005,case_001882.csv
1883,load,iget,96,10000,1,4,131200,identity,20261005,case_001883.csv
1884,load,iget,124,10000,1,4,131200,identity,20261005,case_001884.csv
1885,load,iget,128,10000,1,4,131200,identity,20261005,case_001885.csv
1886,load,iget,132,10000,1,4,131200,identity,20261005,case_001886.csv
1887,load,iget,192,10000,1,4,131200,identity,20261005,case_001887.csv
1888,load,iget,252,10000,1,4,131200,identity,20261005,case_001888.csv
1889,load,iget,256,10000,1,4,131200,identity,20261005,case_001889.csv
1890,load,iget,260,10000,1,4,131200,identity,20261005,case_001890.csv
1891,load,iget,384,10000,1,4,131200,identity,20261005,case_001891.csv
1892,load,iget,512,10000,1,4,131200,identity,20261005,case_001892.csv
1893,load,iget,768,10000,1,4,131200,identity,20261005,case_001893.csv
1894,load,iget,1024,1000,1,4,131200,identity,20261005,case_001894.csv
1895,load,iget,1536,1000,1,4,131200,identity,20261005,case_001895.csv
1896,load,iget,2048,1000,1,4,131200,identity,20261005,case_001896.csv
1897,load,iget,3072,1000,1,4,131200,identity,20261005,case_001897.csv
1898,load,iget,4096,1000,1,4,131200,identity,20261005,case_001898.csv
1899,load,iget,6144,1000,1,4,131200,identity,20261005,case_001899.csv
1900,load,iget,8192,1000,1,4,131200,identity,20261005,case_001900.csv
1901,load,iget,12288,1000,1,4,131200,identity,20261005,case_001901.csv
1902,load,iget,16384,1000,1,4,131200,identity,20261005,case_001902.csv
1903,load,iget,24576,1000,1,4,131200,identity,20261005,case_001903.csv
1904,load,iget,32768,1000,1,4,131200,identity,20261005,case_001904.csv
1905,load,iget,49152,1000,1,4,131200,identity,20261005,case_001905.csv
1906,load,iget,65536,1000,1,4,131200,identity,20261005,case_001906.csv
1907,load,iget,98304,1000,1,4,131200,identity,20261005,case_001907.csv
1908,load,iget,131072,1000,1,4,131200,identity,20261005,case_001908.csv
1909,load,iget,8,10000,2,0,131200,identity,20261005,case_001909.csv
1910,load,iget,16,10000,2,0,131200,identity,20261005,case_001910.csv
1911,load,iget,32,10000,2,0,131200,identity,20261005,case_001911.csv
1912,load,iget,64,10000,2,0,131200,identity,20261005,case_001912.csv
1913,load,iget,96,10000,2,0,131200,identity,20261005,case_001913.csv
1914,load,iget,124,10000,2,0,131200,identity,20261005,case_001914.csv
1915,load,iget,128,10000,2,0,131200,identity,20261005,case_001915.csv
1916,load,iget,132,10000,2,0,131200,identity,20261005,case_001916.csv
1917,load,iget,192,10000,2,0,131200,identity,20261005,case_001917.csv
1918,load,iget,252,10000,2,0,131200,identity,20261005,case_001918.csv
1919,load,iget,256,10000,2,0,131200,identity,20261005,case_001919.csv
1920,load,iget,260,10000,2,0,131200,identity,20261005,case_001920.csv
1921,load,iget,384,10000,2,0,131200,identity,20261005,case_001921.csv
1922,load,iget,512,10000,2,0,131200,identity,20261005,case_001922.csv
1923,load,iget,768,10000,2,0,131200,identity,20261005,case_001923.csv
1924,load,iget,1024,1000,2,0,131200,identity,20261005,case_001924.csv
1925,load,iget,1536,1000,2,0,131200,identity,20261005,case_001925.csv
1926,load,iget,2048,1000,2,0,131200,identity,20261005,case_001926.csv
1927,load,iget,3072,1000,2,0,131200,identity,20261005,case_001927.csv
1928,load,iget,4096,1000,2,0,131200,identity,20261005,case_001928.csv
1929,load,iget,6144,1000,2,0,131200,identity,20261005,case_001929.csv
1930,load,iget,8192,1000,2,0,131200,identity,20261005,case_001930.csv
1931,load,iget,12288,1000,2,0,131200,identity,20261005,case_001931.csv
1932,load,iget,16384,1000,2,0,131200,identity,20261005,case_001932.csv
1933,load,iget,24576,1000,2,0,131200,identity,20261005,case_001933.csv
1934,load,iget,32768,1000,2,0,131200,identity,20261005,case_001934.csv
1935,load,iget,49152,1000,2,0,131200,identity,20261005,case_001935.csv
1936,load,iget,65536,1000,2,0,131200,identity,20261005,case_001936.csv
1937,load,iget,98304,1000,2,0,131200,identity,20261005,case_001937.csv
1938,load,iget,131072,1000,2,0,131200,identity,20261005,case_001938.csv
1939,load,iget,8,10000,2,4,131200,identity,20261005,case_001939.csv
1940,load,iget,16,10000,2,4,131200,identity,20261005,case_001940.csv
1941,load,iget,32,10000,2,4,131200,identity,20261005,case_001941.csv
1942,load,iget,64,10000,2,4,131200,identity,20261005,case_001942.csv
1943,load,iget,96,10000,2,4,131200,identity,20261005,case_001943.csv
1944,load,iget,124,10000,2,4,131200,identity,20261005,case_001944.csv
1945,load,iget,128,10000,2,4,131200,identity,20261005,case_001945.csv
1946,load,iget,132,10000,2,4,131200,identity,20261005,case_001946.csv
1947,load,iget,192,10000,2,4,131200,identity,20261005,case_001947.csv
1948,load,iget,252,10000,2,4,131200,identity,20261005,case_001948.csv
1949,load,iget,256,10000,2,4,131200,identity,20261005,case_001949.csv
1950,load,iget,260,10000,2,4,131200,identity,20261005,case_001950.csv
1951,load,iget,384,10000,2,4,131200,identity,20261005,case_001951.csv
1952,load,iget,512,10000,2,4,131200,identity,20261005,case_001952.csv
1953,load,iget,768,10000,2,4,131200,identity,20261005,case_001953.csv
1954,load,iget,1024,1000,2,4,131200,identity,20261005,case_001954.csv
1955,load,iget,1536,1000,2,4,131200,identity,20261005,case_001955.csv
1956,load,iget,2048,1000,2,4,131200,identity,20261005,case_001956.csv
1957,load,iget,3072,1000,2,4,131200,identity,20261005,case_001957.csv
1958,load,iget,4096,1000,2,4,131200,identity,20261005,case_001958.csv
1959,load,iget,6144,1000,2,4,131200,identity,20261005,case_001959.csv
1960,load,iget,8192,1000,2,4,131200,identity,20261005,case_001960.csv
1961,load,iget,12288,1000,2,4,131200,identity,20261005,case_001961.csv
1962,load,iget,16384,1000,2,4,131200,identity,20261005,case_001962.csv
1963,load,iget,24576,1000,2,4,131200,identity,20261005,case_001963.csv
1964,load,iget,32768,1000,2,4,131200,identity,20261005,case_001964.csv
1965,load,iget,49152,1000,2,4,131200,identity,20261005,case_001965.csv
1966,load,iget,65536,1000,2,4,131200,identity,20261005,case_001966.csv
1967,load,iget,98304,1000,2,4,131200,identity,20261005,case_001967.csv
1968,load,iget,131072,1000,2,4,131200,identity,20261005,case_001968.csv
1969,load,iget,8,10000,4,0,131200,identity,20261005,case_001969.csv
1970,load,iget,16,10000,4,0,131200,identity,20261005,case_001970.csv
1971,load,iget,32,10000,4,0,131200,identity,20261005,case_001971.csv
1972,load,iget,64,10000,4,0,131200,identity,20261005,case_001972.csv
1973,load,iget,96,10000,4,0,131200,identity,20261005,case_001973.csv
1974,load,iget,124,10000,4,0,131200,identity,20261005,case_001974.csv
1975,load,iget,128,10000,4,0,131200,identity,20261005,case_001975.csv
1976,load,iget,132,10000,4,0,131200,identity,20261005,case_001976.csv
1977,load,iget,192,10000,4,0,131200,identity,20261005,case_001977.csv
1978,load,iget,252,10000,4,0,131200,identity,20261005,case_001978.csv
1979,load,iget,256,10000,4,0,131200,identity,20261005,case_001979.csv
1980,load,iget,260,10000,4,0,131200,identity,20261005,case_001980.csv
1981,load,iget,384,10000,4,0,131200,identity,20261005,case_001981.csv
1982,load,iget,512,10000,4,0,131200,identity,20261005,case_001982.csv
1983,load,iget,768,10000,4,0,131200,identity,20261005,case_001983.csv
1984,load,iget,1024,1000,4,0,131200,identity,20261005,case_001984.csv
1985,load,iget,1536,1000,4,0,131200,identity,20261005,case_001985.csv
1986,load,iget,2048,1000,4,0,131200,identity,20261005,case_001986.csv
1987,load,iget,3072,1000,4,0,131200,identity,20261005,case_001987.csv
1988,load,iget,4096,1000,4,0,131200,identity,20261005,case_001988.csv
1989,load,iget,6144,1000,4,0,131200,identity,20261005,case_001989.csv
1990,load,iget,8192,1000,4,0,131200,identity,20261005,case_001990.csv
1991,load,iget,12288,1000,4,0,131200,identity,20261005,case_001991.csv
1992,load,iget,16384,1000,4,0,131200,identity,20261005,case_001992.csv
1993,load,iget,24576,1000,4,0,131200,identity,20261005,case_001993.csv
1994,load,iget,32768,1000,4,0,131200,identity,20261005,case_001994.csv
1995,load,iget,49152,1000,4,0,131200,identity,20261005,case_001995.csv
1996,load,iget,65536,1000,4,0,131200,identity,20261005,case_001996.csv
1997,load,iget,98304,1000,4,0,131200,identity,20261005,case_001997.csv
1998,load,iget,131072,1000,4,0,131200,identity,20261005,case_001998.csv
1999,load,iget,8,10000,4,4,131200,identity,20261005,case_001999.csv
2000,load,iget,16,10000,4,4,131200,identity,20261005,case_002000.csv
2001,load,iget,32,10000,4,4,131200,identity,20261005,case_002001.csv
2002,load,iget,64,10000,4,4,131200,identity,20261005,case_002002.csv
2003,load,iget,96,10000,4,4,131200,identity,20261005,case_002003.csv
2004,load,iget,124,10000,4,4,131200,identity,20261005,case_002004.csv
2005,load,iget,128,10000,4,4,131200,identity,20261005,case_002005.csv
2006,load,iget,132,10000,4,4,131200,identity,20261005,case_002006.csv
2007,load,iget,192,10000,4,4,131200,identity,20261005,case_002007.csv
2008,load,iget,252,10000,4,4,131200,identity,20261005,case_002008.csv
2009,load,iget,256,10000,4,4,131200,identity,20261005,case_002009.csv
2010,load,iget,260,10000,4,4,131200,identity,20261005,case_002010.csv
2011,load,iget,384,10000,4,4,131200,identity,20261005,case_002011.csv
2012,load,iget,512,10000,4,4,131200,identity,20261005,case_002012.csv
2013,load,iget,768,10000,4,4,131200,identity,20261005,case_002013.csv
2014,load,iget,1024,1000,4,4,131200,identity,20261005,case_002014.csv
2015,load,iget,1536,1000,4,4,131200,identity,20261005,case_002015.csv
2016,load,iget,2048,1000,4,4,131200,identity,20261005,case_002016.csv
2017,load,iget,3072,1000,4,4,131200,identity,20261005,case_002017.csv
2018,load,iget,4096,1000,4,4,131200,identity,20261005,case_002018.csv
2019,load,iget,6144,1000,4,4,131200,identity,20261005,case_002019.csv
2020,load,iget,8192,1000,4,4,131200,identity,20261005,case_002020.csv
2021,load,iget,12288,1000,4,4,131200,identity,20261005,case_002021.csv
2022,load,iget,16384,1000,4,4,131200,identity,20261005,case_002022.csv
2023,load,iget,24576,1000,4,4,131200,identity,20261005,case_002023.csv
2024,load,iget,32768,1000,4,4,131200,identity,20261005,case_002024.csv
2025,load,iget,49152,1000,4,4,131200,identity,20261005,case_002025.csv
2026,load,iget,65536,1000,4,4,131200,identity,20261005,case_002026.csv
2027,load,iget,98304,1000,4,4,131200,identity,20261005,case_002027.csv
2028,load,iget,131072,1000,4,4,131200,identity,20261005,case_002028.csv
2029,load,iget,8,10000,8,0,131200,identity,20261005,case_002029.csv
2030,load,iget,16,10000,8,0,131200,identity,20261005,case_002030.csv
2031,load,iget,32,10000,8,0,131200,identity,20261005,case_002031.csv
2032,load,iget,64,10000,8,0,131200,identity,20261005,case_002032.csv
2033,load,iget,96,10000,8,0,131200,identity,20261005,case_002033.csv
2034,load,iget,124,10000,8,0,131200,identity,20261005,case_002034.csv
2035,load,iget,128,10000,8,0,131200,identity,20261005,case_002035.csv
2036,load,iget,132,10000,8,0,131200,identity,20261005,case_002036.csv
2037,load,iget,192,10000,8,0,131200,identity,20261005,case_002037.csv
2038,load,iget,252,10000,8,0,131200,identity,20261005,case_002038.csv
2039,load,iget,256,10000,8,0,131200,identity,20261005,case_002039.csv
2040,load,iget,260,10000,8,0,131200,identity,20261005,case_002040.csv
2041,load,iget,384,10000,8,0,131200,identity,20261005,case_002041.csv
2042,load,iget,512,10000,8,0,131200,identity,20261005,case_002042.csv
2043,load,iget,768,10000,8,0,131200,identity,20261005,case_002043.csv
2044,load,iget,1024,1000,8,0,131200,identity,20261005,case_002044.csv
2045,load,iget,1536,1000,8,0,131200,identity,20261005,case_002045.csv
2046,load,iget,2048,1000,8,0,131200,identity,20261005,case_002046.csv
2047,load,iget,3072,1000,8,0,131200,identity,20261005,case_002047.csv
2048,load,iget,4096,1000,8,0,131200,identity,20261005,case_002048.csv
2049,load,iget,6144,1000,8,0,131200,identity,20261005,case_002049.csv
2050,load,iget,8192,1000,8,0,131200,identity,20261005,case_002050.csv
2051,load,iget,12288,1000,8,0,131200,identity,20261005,case_002051.csv
2052,load,iget,16384,1000,8,0,131200,identity,20261005,case_002052.csv
2053,load,iget,24576,1000,8,0,131200,identity,20261005,case_002053.csv
2054,load,iget,32768,1000,8,0,131200,identity,20261005,case_002054.csv
2055,load,iget,49152,1000,8,0,131200,identity,20261005,case_002055.csv
2056,load,iget,65536,1000,8,0,131200,identity,20261005,case_002056.csv
2057,load,iget,98304,1000,8,0,131200,identity,20261005,case_002057.csv
2058,load,iget,131072,1000,8,0,131200,identity,20261005,case_002058.csv
2059,load,iget,8,10000,8,4,131200,identity,20261005,case_002059.csv
2060,load,iget,16,10000,8,4,131200,identity,20261005,case_002060.csv
2061,load,iget,32,10000,8,4,131200,identity,20261005,case_002061.csv
2062,load,iget,64,10000,8,4,131200,identity,20261005,case_002062.csv
2063,load,iget,96,10000,8,4,131200,identity,20261005,case_002063.csv
2064,load,iget,124,10000,8,4,131200,identity,20261005,case_002064.csv
2065,load,iget,128,10000,8,4,131200,identity,20261005,case_002065.csv
2066,load,iget,132,10000,8,4,131200,identity,20261005,case_002066.csv
2067,load,iget,192,10000,8,4,131200,identity,20261005,case_002067.csv
2068,load,iget,252,10000,8,4,131200,identity,20261005,case_002068.csv
2069,load,iget,256,10000,8,4,131200,identity,20261005,case_002069.csv
2070,load,iget,260,10000,8,4,131200,identity,20261005,case_002070.csv
2071,load,iget,384,10000,8,4,131200,identity,20261005,case_002071.csv
2072,load,iget,512,10000,8,4,131200,identity,20261005,case_002072.csv
2073,load,iget,768,10000,8,4,131200,identity,20261005,case_002073.csv
2074,load,iget,1024,1000,8,4,131200,identity,20261005,case_002074.csv
2075,load,iget,1536,1000,8,4,131200,identity,20261005,case_002075.csv
2076,load,iget,2048,1000,8,4,131200,identity,20261005,case_002076.csv
2077,load,iget,3072,1000,8,4,131200,identity,20261005,case_002077.csv
2078,load,iget,4096,1000,8,4,131200,identity,20261005,case_002078.csv
2079,load,iget,6144,1000,8,4,131200,identity,20261005,case_002079.csv
2080,load,iget,8192,1000,8,4,131200,identity,20261005,case_002080.csv
2081,load,iget,12288,1000,8,4,131200,identity,20261005,case_002081.csv
2082,load,iget,16384,1000,8,4,131200,identity,20261005,case_002082.csv
2083,load,iget,24576,1000,8,4,131200,identity,20261005,case_002083.csv
2084,load,iget,32768,1000,8,4,131200,identity,20261005,case_002084.csv
2085,load,iget,49152,1000,8,4,131200,identity,20261005,case_002085.csv
2086,load,iget,65536,1000,8,4,131200,identity,20261005,case_002086.csv
2087,load,iget,98304,1000,8,4,131200,identity,20261005,case_002087.csv
2088,load,iget,131072,1000,8,4,131200,identity,20261005,case_002088.csv
2089,load,iget,8,10000,16,0,131200,identity,20261005,case_002089.csv
2090,load,iget,16,10000,16,0,131200,identity,20261005,case_002090.csv
2091,load,iget,32,10000,16,0,131200,identity,20261005,case_002091.csv
2092,load,iget,64,10000,16,0,131200,identity,20261005,case_002092.csv
2093,load,iget,96,10000,16,0,131200,identity,20261005,case_002093.csv
2094,load,iget,124,10000,16,0,131200,identity,20261005,case_002094.csv
2095,load,iget,128,10000,16,0,131200,identity,20261005,case_002095.csv
2096,load,iget,132,10000,16,0,131200,identity,20261005,case_002096.csv
2097,load,iget,192,10000,16,0,131200,identity,20261005,case_002097.csv
2098,load,iget,252,10000,16,0,131200,identity,20261005,case_002098.csv
2099,load,iget,256,10000,16,0,131200,identity,20261005,case_002099.csv
2100,load,iget,260,10000,16,0,131200,identity,20261005,case_002100.csv
2101,load,iget,384,10000,16,0,131200,identity,20261005,case_002101.csv
2102,load,iget,512,10000,16,0,131200,identity,20261005,case_002102.csv
2103,load,iget,768,10000,16,0,131200,identity,20261005,case_002103.csv
2104,load,iget,1024,1000,16,0,131200,identity,20261005,case_002104.csv
2105,load,iget,1536,1000,16,0,131200,identity,20261005,case_002105.csv
2106,load,iget,2048,1000,16,0,131200,identity,20261005,case_002106.csv
2107,load,iget,3072,1000,16,0,131200,identity,20261005,case_002107.csv
2108,load,iget,4096,1000,16,0,131200,identity,20261005,case_002108.csv
2109,load,iget,6144,1000,16,0,131200,identity,20261005,case_002109.csv
2110,load,iget,8192,1000,16,0,131200,identity,20261005,case_002110.csv
2111,load,iget,12288,1000,16,0,131200,identity,20261005,case_002111.csv
2112,load,iget,16384,1000,16,0,131200,identity,20261005,case_002112.csv
2113,load,iget,24576,1000,16,0,131200,identity,20261005,case_002113.csv
2114,load,iget,32768,1000,16,0,131200,identity,20261005,case_002114.csv
2115,load,iget,49152,1000,16,0,131200,identity,20261005,case_002115.csv
2116,load,iget,65536,1000,16,0,131200,identity,20261005,case_002116.csv
2117,load,iget,98304,1000,16,0,131200,identity,20261005,case_002117.csv
2118,load,iget,131072,1000,16,0,131200,identity,20261005,case_002118.csv
2119,load,iget,8,10000,16,4,131200,identity,20261005,case_002119.csv
2120,load,iget,16,10000,16,4,131200,identity,20261005,case_002120.csv
2121,load,iget,32,10000,16,4,131200,identity,20261005,case_002121.csv
2122,load,iget,64,10000,16,4,131200,identity,20261005,case_002122.csv
2123,load,iget,96,10000,16,4,131200,identity,20261005,case_002123.csv
2124,load,iget,124,10000,16,4,131200,identity,20261005,case_002124.csv
2125,load,iget,128,10000,16,4,131200,identity,20261005,case_002125.csv
2126,load,iget,132,10000,16,4,131200,identity,20261005,case_002126.csv
2127,load,iget,192,10000,16,4,131200,identity,20261005,case_002127.csv
2128,load,iget,252,10000,16,4,131200,identity,20261005,case_002128.csv
2129,load,iget,256,10000,16,4,131200,identity,20261005,case_002129.csv
2130,load,iget,260,10000,16,4,131200,identity,20261005,case_002130.csv
2131,load,iget,384,10000,16,4,131200,identity,20261005,case_002131.csv
2132,load,iget,512,10000,16,4,131200,identity,20261005,case_002132.csv
2133,load,iget,768,10000,16,4,131200,identity,20261005,case_002133.csv
2134,load,iget,1024,1000,16,4,131200,identity,20261005,case_002134.csv
2135,load,iget,1536,1000,16,4,131200,identity,20261005,case_002135.csv
2136,load,iget,2048,1000,16,4,131200,identity,20261005,case_002136.csv
2137,load,iget,3072,1000,16,4,131200,identity,20261005,case_002137.csv
2138,load,iget,4096,1000,16,4,131200,identity,20261005,case_002138.csv
2139,load,iget,6144,1000,16,4,131200,identity,20261005,case_002139.csv
2140,load,iget,8192,1000,16,4,131200,identity,20261005,case_002140.csv
2141,load,iget,12288,1000,16,4,131200,identity,20261005,case_002141.csv
2142,load,iget,16384,1000,16,4,131200,identity,20261005,case_002142.csv
2143,load,iget,24576,1000,16,4,131200,identity,20261005,case_002143.csv
2144,load,iget,32768,1000,16,4,131200,identity,20261005,case_002144.csv
2145,load,iget,49152,1000,16,4,131200,identity,20261005,case_002145.csv
2146,load,iget,65536,1000,16,4,131200,identity,20261005,case_002146.csv
2147,load,iget,98304,1000,16,4,131200,identity,20261005,case_002147.csv
2148,load,iget,131072,1000,16,4,131200,identity,20261005,case_002148.csv
2149,load,iget,8,10000,32,0,131200,identity,20261005,case_002149.csv
2150,load,iget,16,10000,32,0,131200,identity,20261005,case_002150.csv
2151,load,iget,32,10000,32,0,131200,identity,20261005,case_002151.csv
2152,load,iget,64,10000,32,0,131200,identity,20261005,case_002152.csv
2153,load,iget,96,10000,32,0,131200,identity,20261005,case_002153.csv
2154,load,iget,124,10000,32,0,131200,identity,20261005,case_002154.csv
2155,load,iget,128,10000,32,0,131200,identity,20261005,case_002155.csv
2156,load,iget,132,10000,32,0,131200,identity,20261005,case_002156.csv
2157,load,iget,192,10000,32,0,131200,identity,20261005,case_002157.csv
2158,load,iget,252,10000,32,0,131200,identity,20261005,case_002158.csv
2159,load,iget,256,10000,32,0,131200,identity,20261005,case_002159.csv
2160,load,iget,260,10000,32,0,131200,identity,20261005,case_002160.csv
2161,load,iget,384,10000,32,0,131200,identity,20261005,case_002161.csv
2162,load,iget,512,10000,32,0,131200,identity,20261005,case_002162.csv
2163,load,iget,768,10000,32,0,131200,identity,20261005,case_002163.csv
2164,load,iget,1024,1000,32,0,131200,identity,20261005,case_002164.csv
2165,load,iget,1536,1000,32,0,131200,identity,20261005,case_002165.csv
2166,load,iget,2048,1000,32,0,131200,identity,20261005,case_002166.csv
2167,load,iget,3072,1000,32,0,131200,identity,20261005,case_002167.csv
2168,load,iget,4096,1000,32,0,131200,identity,20261005,case_002168.csv
2169,load,iget,6144,1000,32,0,131200,identity,20261005,case_002169.csv
2170,load,iget,8192,1000,32,0,131200,identity,20261005,case_002170.csv
2171,load,iget,12288,1000,32,0,131200,identity,20261005,case_002171.csv
2172,load,iget,16384,1000,32,0,131200,identity,20261005,case_002172.csv
2173,load,iget,24576,1000,32,0,131200,identity,20261005,case_002173.csv
2174,load,iget,32768,1000,32,0,131200,identity,20261005,case_002174.csv
2175,load,iget,49152,1000,32,0,131200,identity,20261005,case_002175.csv
2176,load,iget,65536,1000,32,0,131200,identity,20261005,case_002176.csv
2177,load,iget,98304,1000,32,0,131200,identity,20261005,case_002177.csv
2178,load,iget,131072,1000,32,0,131200,identity,20261005,case_002178.csv
2179,load,iget,8,10000,32,4,131200,identity,20261005,case_002179.csv
2180,load,iget,16,10000,32,4,131200,identity,20261005,case_002180.csv
2181,load,iget,32,10000,32,4,131200,identity,20261005,case_002181.csv
2182,load,iget,64,10000,32,4,131200,identity,20261005,case_002182.csv
2183,load,iget,96,10000,32,4,131200,identity,20261005,case_002183.csv
2184,load,iget,124,10000,32,4,131200,identity,20261005,case_002184.csv
2185,load,iget,128,10000,32,4,131200,identity,20261005,case_002185.csv
2186,load,iget,132,10000,32,4,131200,identity,20261005,case_002186.csv
2187,load,iget,192,10000,32,4,131200,identity,20261005,case_002187.csv
2188,load,iget,252,10000,32,4,131200,identity,20261005,case_002188.csv
2189,load,iget,256,10000,32,4,131200,identity,20261005,case_002189.csv
2190,load,iget,260,10000,32,4,131200,identity,20261005,case_002190.csv
2191,load,iget,384,10000,32,4,131200,identity,20261005,case_002191.csv
2192,load,iget,512,10000,32,4,131200,identity,20261005,case_002192.csv
2193,load,iget,768,10000,32,4,131200,identity,20261005,case_002193.csv
2194,load,iget,1024,1000,32,4,131200,identity,20261005,case_002194.csv
2195,load,iget,1536,1000,32,4,131200,identity,20261005,case_002195.csv
2196,load,iget,2048,1000,32,4,131200,identity,20261005,case_002196.csv
2197,load,iget,3072,1000,32,4,131200,identity,20261005,case_002197.csv
2198,load,iget,4096,1000,32,4,131200,identity,20261005,case_002198.csv
2199,load,iget,6144,1000,32,4,131200,identity,20261005,case_002199.csv
2200,load,iget,8192,1000,32,4,131200,identity,20261005,case_002200.csv
2201,load,iget,12288,1000,32,4,131200,identity,20261005,case_002201.csv
2202,load,iget,16384,1000,32,4,131200,identity,20261005,case_002202.csv
2203,load,iget,24576,1000,32,4,131200,identity,20261005,case_002203.csv
2204,load,iget,32768,1000,32,4,131200,identity,20261005,case_002204.csv
2205,load,iget,49152,1000,32,4,131200,identity,20261005,case_002205.csv
2206,load,iget,65536,1000,32,4,131200,identity,20261005,case_002206.csv
2207,load,iget,98304,1000,32,4,131200,identity,20261005,case_002207.csv
2208,load,iget,131072,1000,32,4,131200,identity,20261005,case_002208.csv
2209,load,iget,8,10000,64,0,131200,identity,20261005,case_002209.csv
2210,load,iget,16,10000,64,0,131200,identity,20261005,case_002210.csv
2211,load,iget,32,10000,64,0,131200,identity,20261005,case_002211.csv
2212,load,iget,64,10000,64,0,131200,identity,20261005,case_002212.csv
2213,load,iget,96,10000,64,0,131200,identity,20261005,case_002213.csv
2214,load,iget,124,10000,64,0,131200,identity,20261005,case_002214.csv
2215,load,iget,128,10000,64,0,131200,identity,20261005,case_002215.csv
2216,load,iget,132,10000,64,0,131200,identity,20261005,case_002216.csv
2217,load,iget,192,10000,64,0,131200,identity,20261005,case_002217.csv
2218,load,iget,252,10000,64,0,131200,identity,20261005,case_002218.csv
2219,load,iget,256,10000,64,0,131200,identity,20261005,case_002219.csv
2220,load,iget,260,10000,64,0,131200,identity,20261005,case_002220.csv
2221,load,iget,384,10000,64,0,131200,identity,20261005,case_002221.csv
2222,load,iget,512,10000,64,0,131200,identity,20261005,case_002222.csv
2223,load,iget,768,10000,64,0,131200,identity,20261005,case_002223.csv
2224,load,iget,1024,1000,64,0,131200,identity,20261005,case_002224.csv
2225,load,iget,1536,1000,64,0,131200,identity,20261005,case_002225.csv
2226,load,iget,2048,1000,64,0,131200,identity,20261005,case_002226.csv
2227,load,iget,3072,1000,64,0,131200,identity,20261005,case_002227.csv
2228,load,iget,4096,1000,64,0,131200,identity,20261005,case_002228.csv
2229,load,iget,6144,1000,64,0,131200,identity,20261005,case_002229.csv
2230,load,iget,8192,1000,64,0,131200,identity,20261005,case_002230.csv
2231,load,iget,12288,1000,64,0,131200,identity,20261005,case_002231.csv
2232,load,iget,16384,1000,64,0,131200,identity,20261005,case_002232.csv
2233,load,iget,24576,1000,64,0,131200,identity,20261005,case_002233.csv
2234,load,iget,32768,1000,64,0,131200,identity,20261005,case_002234.csv
2235,load,iget,49152,1000,64,0,131200,identity,20261005,case_002235.csv
2236,load,iget,65536,1000,64,0,131200,identity,20261005,case_002236.csv
2237,load,iget,98304,1000,64,0,131200,identity,20261005,case_002237.csv
2238,load,iget,131072,1000,64,0,131200,identity,20261005,case_002238.csv
2239,load,iget,8,10000,64,4,131200,identity,20261005,case_002239.csv
2240,load,iget,16,10000,64,4,131200,identity,20261005,case_002240.csv
2241,load,iget,32,10000,64,4,131200,identity,20261005,case_002241.csv
2242,load,iget,64,10000,64,4,131200,identity,20261005,case_002242.csv
2243,load,iget,96,10000,64,4,131200,identity,20261005,case_002243.csv
2244,load,iget,124,10000,64,4,131200,identity,20261005,case_002244.csv
2245,load,iget,128,10000,64,4,131200,identity,20261005,case_002245.csv
2246,load,iget,132,10000,64,4,131200,identity,20261005,case_002246.csv
2247,load,iget,192,10000,64,4,131200,identity,20261005,case_002247.csv
2248,load,iget,252,10000,64,4,131200,identity,20261005,case_002248.csv
2249,load,iget,256,10000,64,4,131200,identity,20261005,case_002249.csv
2250,load,iget,260,10000,64,4,131200,identity,20261005,case_002250.csv
2251,load,iget,384,10000,64,4,131200,identity,20261005,case_002251.csv
2252,load,iget,512,10000,64,4,131200,identity,20261005,case_002252.csv
2253,load,iget,768,10000,64,4,131200,identity,20261005,case_002253.csv
2254,load,iget,1024,1000,64,4,131200,identity,20261005,case_002254.csv
2255,load,iget,1536,1000,64,4,131200,identity,20261005,case_002255.csv
2256,load,iget,2048,1000,64,4,131200,identity,20261005,case_002256.csv
2257,load,iget,3072,1000,64,4,131200,identity,20261005,case_002257.csv
2258,load,iget,4096,1000,64,4,131200,identity,20261005,case_002258.csv
2259,load,iget,6144,1000,64,4,131200,identity,20261005,case_002259.csv
2260,load,iget,8192,1000,64,4,131200,identity,20261005,case_002260.csv
2261,load,iget,12288,1000,64,4,131200,identity,20261005,case_002261.csv
2262,load,iget,16384,1000,64,4,131200,identity,20261005,case_002262.csv
2263,load,iget,24576,1000,64,4,131200,identity,20261005,case_002263.csv
2264,load,iget,32768,1000,64,4,131200,identity,20261005,case_002264.csv
2265,load,iget,49152,1000,64,4,131200,identity,20261005,case_002265.csv
2266,load,iget,65536,1000,64,4,131200,identity,20261005,case_002266.csv
2267,load,iget,98304,1000,64,4,131200,identity,20261005,case_002267.csv
2268,load,iget,131072,1000,64,4,131200,identity,20261005,case_002268.csv
2269,load,iput,8,10000,1,0,131200,identity,20261005,case_002269.csv
2270,load,iput,16,10000,1,0,131200,identity,20261005,case_002270.csv
2271,load,iput,32,10000,1,0,131200,identity,20261005,case_002271.csv
2272,load,iput,64,10000,1,0,131200,identity,20261005,case_002272.csv
2273,load,iput,96,10000,1,0,131200,identity,20261005,case_002273.csv
2274,load,iput,124,10000,1,0,131200,identity,20261005,case_002274.csv
2275,load,iput,128,10000,1,0,131200,identity,20261005,case_002275.csv
2276,load,iput,132,10000,1,0,131200,identity,20261005,case_002276.csv
2277,load,iput,192,10000,1,0,131200,identity,20261005,case_002277.csv
2278,load,iput,252,10000,1,0,131200,identity,20261005,case_002278.csv
2279,load,iput,256,10000,1,0,131200,identity,20261005,case_002279.csv
2280,load,iput,260,10000,1,0,131200,identity,20261005,case_002280.csv
2281,load,iput,384,10000,1,0,131200,identity,20261005,case_002281.csv
2282,load,iput,512,10000,1,0,131200,identity,20261005,case_002282.csv
2283,load,iput,768,10000,1,0,131200,identity,20261005,case_002283.csv
2284,load,iput,1024,1000,1,0,131200,identity,20261005,case_002284.csv
2285,load,iput,1536,1000,1,0,131200,identity,20261005,case_002285.csv
2286,load,iput,2048,1000,1,0,131200,identity,20261005,case_002286.csv
2287,load,iput,3072,1000,1,0,131200,identity,20261005,case_002287.csv
2288,load,iput,4096,1000,1,0,131200,identity,20261005,case_002288.csv
2289,load,iput,6144,1000,1,0,131200,identity,20261005,case_002289.csv
2290,load,iput,8192,1000,1,0,131200,identity,20261005,case_002290.csv
2291,load,iput,12288,1000,1,0,131200,identity,20261005,case_002291.csv
2292,load,iput,16384,1000,1,0,131200,identity,20261005,case_002292.csv
2293,load,iput,24576,1000,1,0,131200,identity,20261005,case_002293.csv
2294,load,iput,32768,1000,1,0,131200,identity,20261005,case_002294.csv
2295,load,iput,49152,1000,1,0,131200,identity,20261005,case_002295.csv
2296,load,iput,65536,1000,1,0,131200,identity,20261005,case_002296.csv
2297,load,iput,98304,1000,1,0,131200,identity,20261005,case_002297.csv
2298,load,iput,131072,1000,1,0,131200,identity,20261005,case_002298.csv
2299,load,iput,8,10000,1,4,131200,identity,20261005,case_002299.csv
2300,load,iput,16,10000,1,4,131200,identity,20261005,case_002300.csv
2301,load,iput,32,10000,1,4,131200,identity,20261005,case_002301.csv
2302,load,iput,64,10000,1,4,131200,identity,20261005,case_002302.csv
2303,load,iput,96,10000,1,4,131200,identity,20261005,case_002303.csv
2304,load,iput,124,10000,1,4,131200,identity,20261005,case_002304.csv
2305,load,iput,128,10000,1,4,131200,identity,20261005,case_002305.csv
2306,load,iput,132,10000,1,4,131200,identity,20261005,case_002306.csv
2307,load,iput,192,10000,1,4,131200,identity,20261005,case_002307.csv
2308,load,iput,252,10000,1,4,131200,identity,20261005,case_002308.csv
2309,load,iput,256,10000,1,4,131200,identity,20261005,case_002309.csv
2310,load,iput,260,10000,1,4,131200,identity,20261005,case_002310.csv
2311,load,iput,384,10000,1,4,131200,identity,20261005,case_002311.csv
2312,load,iput,512,10000,1,4,131200,identity,20261005,case_002312.csv
2313,load,iput,768,10000,1,4,131200,identity,20261005,case_002313.csv
2314,load,iput,1024,1000,1,4,131200,identity,20261005,case_002314.csv
2315,load,iput,1536,1000,1,4,131200,identity,20261005,case_002315.csv
2316,load,iput,2048,1000,1,4,131200,identity,20261005,case_002316.csv
2317,load,iput,3072,1000,1,4,131200,identity,20261005,case_002317.csv
2318,load,iput,4096,1000,1,4,131200,identity,20261005,case_002318.csv
2319,load,iput,6144,1000,1,4,131200,identity,20261005,case_002319.csv
2320,load,iput,8192,1000,1,4,131200,identity,20261005,case_002320.csv
2321,load,iput,12288,1000,1,4,131200,identity,20261005,case_002321.csv
2322,load,iput,16384,1000,1,4,131200,identity,20261005,case_002322.csv
2323,load,iput,24576,1000,1,4,131200,identity,20261005,case_002323.csv
2324,load,iput,32768,1000,1,4,131200,identity,20261005,case_002324.csv
2325,load,iput,49152,1000,1,4,131200,identity,20261005,case_002325.csv
2326,load,iput,65536,1000,1,4,131200,identity,20261005,case_002326.csv
2327,load,iput,98304,1000,1,4,131200,identity,20261005,case_002327.csv
2328,load,iput,131072,1000,1,4,131200,identity,20261005,case_002328.csv
2329,load,iput,8,10000,2,0,131200,identity,20261005,case_002329.csv
2330,load,iput,16,10000,2,0,131200,identity,20261005,case_002330.csv
2331,load,iput,32,10000,2,0,131200,identity,20261005,case_002331.csv
2332,load,iput,64,10000,2,0,131200,identity,20261005,case_002332.csv
2333,load,iput,96,10000,2,0,131200,identity,20261005,case_002333.csv
2334,load,iput,124,10000,2,0,131200,identity,20261005,case_002334.csv
2335,load,iput,128,10000,2,0,131200,identity,20261005,case_002335.csv
2336,load,iput,132,10000,2,0,131200,identity,20261005,case_002336.csv
2337,load,iput,192,10000,2,0,131200,identity,20261005,case_002337.csv
2338,load,iput,252,10000,2,0,131200,identity,20261005,case_002338.csv
2339,load,iput,256,10000,2,0,131200,identity,20261005,case_002339.csv
2340,load,iput,260,10000,2,0,131200,identity,20261005,case_002340.csv
2341,load,iput,384,10000,2,0,131200,identity,20261005,case_002341.csv
2342,load,iput,512,10000,2,0,131200,identity,20261005,case_002342.csv
2343,load,iput,768,10000,2,0,131200,identity,20261005,case_002343.csv
2344,load,iput,1024,1000,2,0,131200,identity,20261005,case_002344.csv
2345,load,iput,1536,1000,2,0,131200,identity,20261005,case_002345.csv
2346,load,iput,2048,1000,2,0,131200,identity,20261005,case_002346.csv
2347,load,iput,3072,1000,2,0,131200,identity,20261005,case_002347.csv
2348,load,iput,4096,1000,2,0,131200,identity,20261005,case_002348.csv
2349,load,iput,6144,1000,2,0,131200,identity,20261005,case_002349.csv
2350,load,iput,8192,1000,2,0,131200,identity,20261005,case_002350.csv
2351,load,iput,12288,1000,2,0,131200,identity,20261005,case_002351.csv
2352,load,iput,16384,1000,2,0,131200,identity,20261005,case_002352.csv
2353,load,iput,24576,1000,2,0,131200,identity,20261005,case_002353.csv
2354,load,iput,32768,1000,2,0,131200,identity,20261005,case_002354.csv
2355,load,iput,49152,1000,2,0,131200,identity,20261005,case_002355.csv
2356,load,iput,65536,1000,2,0,131200,identity,20261005,case_002356.csv
2357,load,iput,98304,1000,2,0,131200,identity,20261005,case_002357.csv
2358,load,iput,131072,1000,2,0,131200,identity,20261005,case_002358.csv
2359,load,iput,8,10000,2,4,131200,identity,20261005,case_002359.csv
2360,load,iput,16,10000,2,4,131200,identity,20261005,case_002360.csv
2361,load,iput,32,10000,2,4,131200,identity,20261005,case_002361.csv
2362,load,iput,64,10000,2,4,131200,identity,20261005,case_002362.csv
2363,load,iput,96,10000,2,4,131200,identity,20261005,case_002363.csv
2364,load,iput,124,10000,2,4,131200,identity,20261005,case_002364.csv
2365,load,iput,128,10000,2,4,131200,identity,20261005,case_002365.csv
2366,load,iput,132,10000,2,4,131200,identity,20261005,case_002366.csv
2367,load,iput,192,10000,2,4,131200,identity,20261005,case_002367.csv
2368,load,iput,252,10000,2,4,131200,identity,20261005,case_002368.csv
2369,load,iput,256,10000,2,4,131200,identity,20261005,case_002369.csv
2370,load,iput,260,10000,2,4,131200,identity,20261005,case_002370.csv
2371,load,iput,384,10000,2,4,131200,identity,20261005,case_002371.csv
2372,load,iput,512,10000,2,4,131200,identity,20261005,case_002372.csv
2373,load,iput,768,10000,2,4,131200,identity,20261005,case_002373.csv
2374,load,iput,1024,1000,2,4,131200,identity,20261005,case_002374.csv
2375,load,iput,1536,1000,2,4,131200,identity,20261005,case_002375.csv
2376,load,iput,2048,1000,2,4,131200,identity,20261005,case_002376.csv
2377,load,iput,3072,1000,2,4,131200,identity,20261005,case_002377.csv
2378,load,iput,4096,1000,2,4,131200,identity,20261005,case_002378.csv
2379,load,iput,6144,1000,2,4,131200,identity,20261005,case_002379.csv
2380,load,iput,8192,1000,2,4,131200,identity,20261005,case_002380.csv
2381,load,iput,12288,1000,2,4,131200,identity,20261005,case_002381.csv
2382,load,iput,16384,1000,2,4,131200,identity,20261005,case_002382.csv
2383,load,iput,24576,1000,2,4,131200,identity,20261005,case_002383.csv
2384,load,iput,32768,1000,2,4,131200,identity,20261005,case_002384.csv
2385,load,iput,49152,1000,2,4,131200,identity,20261005,case_002385.csv
2386,load,iput,65536,1000,2,4,131200,identity,20261005,case_002386.csv
2387,load,iput,98304,1000,2,4,131200,identity,20261005,case_002387.csv
2388,load,iput,131072,1000,2,4,131200,identity,20261005,case_002388.csv
2389,load,iput,8,10000,4,0,131200,identity,20261005,case_002389.csv
2390,load,iput,16,10000,4,0,131200,identity,20261005,case_002390.csv
2391,load,iput,32,10000,4,0,131200,identity,20261005,case_002391.csv
2392,load,iput,64,10000,4,0,131200,identity,20261005,case_002392.csv
2393,load,iput,96,10000,4,0,131200,identity,20261005,case_002393.csv
2394,load,iput,124,10000,4,0,131200,identity,20261005,case_002394.csv
2395,load,iput,128,10000,4,0,131200,identity,20261005,case_002395.csv
2396,load,iput,132,10000,4,0,131200,identity,20261005,case_002396.csv
2397,load,iput,192,10000,4,0,131200,identity,20261005,case_002397.csv
2398,load,iput,252,10000,4,0,131200,identity,20261005,case_002398.csv
2399,load,iput,256,10000,4,0,131200,identity,20261005,case_002399.csv
2400,load,iput,260,10000,4,0,131200,identity,20261005,case_002400.csv
2401,load,iput,384,10000,4,0,131200,identity,20261005,case_002401.csv
2402,load,iput,512,10000,4,0,131200,identity,20261005,case_002402.csv
2403,load,iput,768,10000,4,0,131200,identity,20261005,case_002403.csv
2404,load,iput,1024,1000,4,0,131200,identity,20261005,case_002404.csv
2405,load,iput,1536,1000,4,0,131200,identity,20261005,case_002405.csv
2406,load,iput,2048,1000,4,0,131200,identity,20261005,case_002406.csv
2407,load,iput,3072,1000,4,0,131200,identity,20261005,case_002407.csv
2408,load,iput,4096,1000,4,0,131200,identity,20261005,case_002408.csv
2409,load,iput,6144,1000,4,0,131200,identity,20261005,case_002409.csv
2410,load,iput,8192,1000,4,0,131200,identity,20261005,case_002410.csv
2411,load,iput,12288,1000,4,0,131200,identity,20261005,case_002411.csv
2412,load,iput,16384,1000,4,0,131200,identity,20261005,case_002412.csv
2413,load,iput,24576,1000,4,0,131200,identity,20261005,case_002413.csv
2414,load,iput,32768,1000,4,0,131200,identity,20261005,case_002414.csv
2415,load,iput,49152,1000,4,0,131200,identity,20261005,case_002415.csv
2416,load,iput,65536,1000,4,0,131200,identity,20261005,case_002416.csv
2417,load,iput,98304,1000,4,0,131200,identity,20261005,case_002417.csv
2418,load,iput,131072,1000,4,0,131200,identity,20261005,case_002418.csv
2419,load,iput,8,10000,4,4,131200,identity,20261005,case_002419.csv
2420,load,iput,16,10000,4,4,131200,identity,20261005,case_002420.csv
2421,load,iput,32,10000,4,4,131200,identity,20261005,case_002421.csv
2422,load,iput,64,10000,4,4,131200,identity,20261005,case_002422.csv
2423,load,iput,96,10000,4,4,131200,identity,20261005,case_002423.csv
2424,load,iput,124,10000,4,4,131200,identity,20261005,case_002424.csv
2425,load,iput,128,10000,4,4,131200,identity,20261005,case_002425.csv
2426,load,iput,132,10000,4,4,131200,identity,20261005,case_002426.csv
2427,load,iput,192,10000,4,4,131200,identity,20261005,case_002427.csv
2428,load,iput,252,10000,4,4,131200,identity,20261005,case_002428.csv
2429,load,iput,256,10000,4,4,131200,identity,20261005,case_002429.csv
2430,load,iput,260,10000,4,4,131200,identity,20261005,case_002430.csv
2431,load,iput,384,10000,4,4,131200,identity,20261005,case_002431.csv
2432,load,iput,512,10000,4,4,131200,identity,20261005,case_002432.csv
2433,load,iput,768,10000,4,4,131200,identity,20261005,case_002433.csv
2434,load,iput,1024,1000,4,4,131200,identity,20261005,case_002434.csv
2435,load,iput,1536,1000,4,4,131200,identity,20261005,case_002435.csv
2436,load,iput,2048,1000,4,4,131200,identity,20261005,case_002436.csv
2437,load,iput,3072,1000,4,4,131200,identity,20261005,case_002437.csv
2438,load,iput,4096,1000,4,4,131200,identity,20261005,case_002438.csv
2439,load,iput,6144,1000,4,4,131200,identity,20261005,case_002439.csv
2440,load,iput,8192,1000,4,4,131200,identity,20261005,case_002440.csv
2441,load,iput,12288,1000,4,4,131200,identity,20261005,case_002441.csv
2442,load,iput,16384,1000,4,4,131200,identity,20261005,case_002442.csv
2443,load,iput,24576,1000,4,4,131200,identity,20261005,case_002443.csv
2444,load,iput,32768,1000,4,4,131200,identity,20261005,case_002444.csv
2445,load,iput,49152,1000,4,4,131200,identity,20261005,case_002445.csv
2446,load,iput,65536,1000,4,4,131200,identity,20261005,case_002446.csv
2447,load,iput,98304,1000,4,4,131200,identity,20261005,case_002447.csv
2448,load,iput,131072,1000,4,4,131200,identity,20261005,case_002448.csv
2449,load,iput,8,10000,8,0,131200,identity,20261005,case_002449.csv
2450,load,iput,16,10000,8,0,131200,identity,20261005,case_002450.csv
2451,load,iput,32,10000,8,0,131200,identity,20261005,case_002451.csv
2452,load,iput,64,10000,8,0,131200,identity,20261005,case_002452.csv
2453,load,iput,96,10000,8,0,131200,identity,20261005,case_002453.csv
2454,load,iput,124,10000,8,0,131200,identity,20261005,case_002454.csv
2455,load,iput,128,10000,8,0,131200,identity,20261005,case_002455.csv
2456,load,iput,132,10000,8,0,131200,identity,20261005,case_002456.csv
2457,load,iput,192,10000,8,0,131200,identity,20261005,case_002457.csv
2458,load,iput,252,10000,8,0,131200,identity,20261005,case_002458.csv
2459,load,iput,256,10000,8,0,131200,identity,20261005,case_002459.csv
2460,load,iput,260,10000,8,0,131200,identity,20261005,case_002460.csv
2461,load,iput,384,10000,8,0,131200,identity,20261005,case_002461.csv
2462,load,iput,512,10000,8,0,131200,identity,20261005,case_002462.csv
2463,load,iput,768,10000,8,0,131200,identity,20261005,case_002463.csv
2464,load,iput,1024,1000,8,0,131200,identity,20261005,case_002464.csv
2465,load,iput,1536,1000,8,0,131200,identity,20261005,case_002465.csv
2466,load,iput,2048,1000,8,0,131200,identity,20261005,case_002466.csv
2467,load,iput,3072,1000,8,0,131200,identity,20261005,case_002467.csv
2468,load,iput,4096,1000,8,0,131200,identity,20261005,case_002468.csv
2469,load,iput,6144,1000,8,0,131200,identity,20261005,case_002469.csv
2470,load,iput,8192,1000,8,0,131200,identity,20261005,case_002470.csv
2471,load,iput,12288,1000,8,0,131200,identity,20261005,case_002471.csv
2472,load,iput,16384,1000,8,0,131200,identity,20261005,case_002472.csv
2473,load,iput,24576,1000,8,0,131200,identity,20261005,case_002473.csv
2474,load,iput,32768,1000,8,0,131200,identity,20261005,case_002474.csv
2475,load,iput,49152,1000,8,0,131200,identity,20261005,case_002475.csv
2476,load,iput,65536,1000,8,0,131200,identity,20261005,case_002476.csv
2477,load,iput,98304,1000,8,0,131200,identity,20261005,case_002477.csv
2478,load,iput,131072,1000,8,0,131200,identity,20261005,case_002478.csv
2479,load,iput,8,10000,8,4,131200,identity,20261005,case_002479.csv
2480,load,iput,16,10000,8,4,131200,identity,20261005,case_002480.csv
2481,load,iput,32,10000,8,4,131200,identity,20261005,case_002481.csv
2482,load,iput,64,10000,8,4,131200,identity,20261005,case_002482.csv
2483,load,iput,96,10000,8,4,131200,identity,20261005,case_002483.csv
2484,load,iput,124,10000,8,4,131200,identity,20261005,case_002484.csv
2485,load,iput,128,10000,8,4,131200,identity,20261005,case_002485.csv
2486,load,iput,132,10000,8,4,131200,identity,20261005,case_002486.csv
2487,load,iput,192,10000,8,4,131200,identity,20261005,case_002487.csv
2488,load,iput,252,10000,8,4,131200,identity,20261005,case_002488.csv
2489,load,iput,256,10000,8,4,131200,identity,20261005,case_002489.csv
2490,load,iput,260,10000,8,4,131200,identity,20261005,case_002490.csv
2491,load,iput,384,10000,8,4,131200,identity,20261005,case_002491.csv
2492,load,iput,512,10000,8,4,131200,identity,20261005,case_002492.csv
2493,load,iput,768,10000,8,4,131200,identity,20261005,case_002493.csv
2494,load,iput,1024,1000,8,4,131200,identity,20261005,case_002494.csv
2495,load,iput,1536,1000,8,4,131200,identity,20261005,case_002495.csv
2496,load,iput,2048,1000,8,4,131200,identity,20261005,case_002496.csv
2497,load,iput,3072,1000,8,4,131200,identity,20261005,case_002497.csv
2498,load,iput,4096,1000,8,4,131200,identity,20261005,case_002498.csv
2499,load,iput,6144,1000,8,4,131200,identity,20261005,case_002499.csv
2500,load,iput,8192,1000,8,4,131200,identity,20261005,case_002500.csv
2501,load,iput,12288,1000,8,4,131200,identity,20261005,case_002501.csv
2502,load,iput,16384,1000,8,4,131200,identity,20261005,case_002502.csv
2503,load,iput,24576,1000,8,4,131200,identity,20261005,case_002503.csv
2504,load,iput,32768,1000,8,4,131200,identity,20261005,case_002504.csv
2505,load,iput,49152,1000,8,4,131200,identity,20261005,case_002505.csv
2506,load,iput,65536,1000,8,4,131200,identity,20261005,case_002506.csv
2507,load,iput,98304,1000,8,4,131200,identity,20261005,case_002507.csv
2508,load,iput,131072,1000,8,4,131200,identity,20261005,case_002508.csv
2509,load,iput,8,10000,16,0,131200,identity,20261005,case_002509.csv
2510,load,iput,16,10000,16,0,131200,identity,20261005,case_002510.csv
2511,load,iput,32,10000,16,0,131200,identity,20261005,case_002511.csv
2512,load,iput,64,10000,16,0,131200,identity,20261005,case_002512.csv
2513,load,iput,96,10000,16,0,131200,identity,20261005,case_002513.csv
2514,load,iput,124,10000,16,0,131200,identity,20261005,case_002514.csv
2515,load,iput,128,10000,16,0,131200,identity,20261005,case_002515.csv
2516,load,iput,132,10000,16,0,131200,identity,20261005,case_002516.csv
2517,load,iput,192,10000,16,0,131200,identity,20261005,case_002517.csv
2518,load,iput,252,10000,16,0,131200,identity,20261005,case_002518.csv
2519,load,iput,256,10000,16,0,131200,identity,20261005,case_002519.csv
2520,load,iput,260,10000,16,0,131200,identity,20261005,case_002520.csv
2521,load,iput,384,10000,16,0,131200,identity,20261005,case_002521.csv
2522,load,iput,512,10000,16,0,131200,identity,20261005,case_002522.csv
2523,load,iput,768,10000,16,0,131200,identity,20261005,case_002523.csv
2524,load,iput,1024,1000,16,0,131200,identity,20261005,case_002524.csv
2525,load,iput,1536,1000,16,0,131200,identity,20261005,case_002525.csv
2526,load,iput,2048,1000,16,0,131200,identity,20261005,case_002526.csv
2527,load,iput,3072,1000,16,0,131200,identity,20261005,case_002527.csv
2528,load,iput,4096,1000,16,0,131200,identity,20261005,case_002528.csv
2529,load,iput,6144,1000,16,0,131200,identity,20261005,case_002529.csv
2530,load,iput,8192,1000,16,0,131200,identity,20261005,case_002530.csv
2531,load,iput,12288,1000,16,0,131200,identity,20261005,case_002531.csv
2532,load,iput,16384,1000,16,0,131200,identity,20261005,case_002532.csv
2533,load,iput,24576,1000,16,0,131200,identity,20261005,case_002533.csv
2534,load,iput,32768,1000,16,0,131200,identity,20261005,case_002534.csv
2535,load,iput,49152,1000,16,0,131200,identity,20261005,case_002535.csv
2536,load,iput,65536,1000,16,0,131200,identity,20261005,case_002536.csv
2537,load,iput,98304,1000,16,0,131200,identity,20261005,case_002537.csv
2538,load,iput,131072,1000,16,0,131200,identity,20261005,case_002538.csv
2539,load,iput,8,10000,16,4,131200,identity,20261005,case_002539.csv
2540,load,iput,16,10000,16,4,131200,identity,20261005,case_002540.csv
2541,load,iput,32,10000,16,4,131200,identity,20261005,case_002541.csv
2542,load,iput,64,10000,16,4,131200,identity,20261005,case_002542.csv
2543,load,iput,96,10000,16,4,131200,identity,20261005,case_002543.csv
2544,load,iput,124,10000,16,4,131200,identity,20261005,case_002544.csv
2545,load,iput,128,10000,16,4,131200,identity,20261005,case_002545.csv
2546,load,iput,132,10000,16,4,131200,identity,20261005,case_002546.csv
2547,load,iput,192,10000,16,4,131200,identity,20261005,case_002547.csv
2548,load,iput,252,10000,16,4,131200,identity,20261005,case_002548.csv
2549,load,iput,256,10000,16,4,131200,identity,20261005,case_002549.csv
2550,load,iput,260,10000,16,4,131200,identity,20261005,case_002550.csv
2551,load,iput,384,10000,16,4,131200,identity,20261005,case_002551.csv
2552,load,iput,512,10000,16,4,131200,identity,20261005,case_002552.csv
2553,load,iput,768,10000,16,4,131200,identity,20261005,case_002553.csv
2554,load,iput,1024,1000,16,4,131200,identity,20261005,case_002554.csv
2555,load,iput,1536,1000,16,4,131200,identity,20261005,case_002555.csv
2556,load,iput,2048,1000,16,4,131200,identity,20261005,case_002556.csv
2557,load,iput,3072,1000,16,4,131200,identity,20261005,case_002557.csv
2558,load,iput,4096,1000,16,4,131200,identity,20261005,case_002558.csv
2559,load,iput,6144,1000,16,4,131200,identity,20261005,case_002559.csv
2560,load,iput,8192,1000,16,4,131200,identity,20261005,case_002560.csv
2561,load,iput,12288,1000,16,4,131200,identity,20261005,case_002561.csv
2562,load,iput,16384,1000,16,4,131200,identity,20261005,case_002562.csv
2563,load,iput,24576,1000,16,4,131200,identity,20261005,case_002563.csv
2564,load,iput,32768,1000,16,4,131200,identity,20261005,case_002564.csv
2565,load,iput,49152,1000,16,4,131200,identity,20261005,case_002565.csv
2566,load,iput,65536,1000,16,4,131200,identity,20261005,case_002566.csv
2567,load,iput,98304,1000,16,4,131200,identity,20261005,case_002567.csv
2568,load,iput,131072,1000,16,4,131200,identity,20261005,case_002568.csv
2569,load,iput,8,10000,32,0,131200,identity,20261005,case_002569.csv
2570,load,iput,16,10000,32,0,131200,identity,20261005,case_002570.csv
2571,load,iput,32,10000,32,0,131200,identity,20261005,case_002571.csv
2572,load,iput,64,10000,32,0,131200,identity,20261005,case_002572.csv
2573,load,iput,96,10000,32,0,131200,identity,20261005,case_002573.csv
2574,load,iput,124,10000,32,0,131200,identity,20261005,case_002574.csv
2575,load,iput,128,10000,32,0,131200,identity,20261005,case_002575.csv
2576,load,iput,132,10000,32,0,131200,identity,20261005,case_002576.csv
2577,load,iput,192,10000,32,0,131200,identity,20261005,case_002577.csv
2578,load,iput,252,10000,32,0,131200,identity,20261005,case_002578.csv
2579,load,iput,256,10000,32,0,131200,identity,20261005,case_002579.csv
2580,load,iput,260,10000,32,0,131200,identity,20261005,case_002580.csv
2581,load,iput,384,10000,32,0,131200,identity,20261005,case_002581.csv
2582,load,iput,512,10000,32,0,131200,identity,20261005,case_002582.csv
2583,load,iput,768,10000,32,0,131200,identity,20261005,case_002583.csv
2584,load,iput,1024,1000,32,0,131200,identity,20261005,case_002584.csv
2585,load,iput,1536,1000,32,0,131200,identity,20261005,case_002585.csv
2586,load,iput,2048,1000,32,0,131200,identity,20261005,case_002586.csv
2587,load,iput,3072,1000,32,0,131200,identity,20261005,case_002587.csv
2588,load,iput,4096,1000,32,0,131200,identity,20261005,case_002588.csv
2589,load,iput,6144,1000,32,0,131200,identity,20261005,case_002589.csv
2590,load,iput,8192,1000,32,0,131200,identity,20261005,case_002590.csv
2591,load,iput,12288,1000,32,0,131200,identity,20261005,case_002591.csv
2592,load,iput,16384,1000,32,0,131200,identity,20261005,case_002592.csv
2593,load,iput,24576,1000,32,0,131200,identity,20261005,case_002593.csv
2594,load,iput,32768,1000,32,0,131200,identity,20261005,case_002594.csv
2595,load,iput,49152,1000,32,0,131200,identity,20261005,case_002595.csv
2596,load,iput,65536,1000,32,0,131200,identity,20261005,case_002596.csv
2597,load,iput,98304,1000,32,0,131200,identity,20261005,case_002597.csv
2598,load,iput,131072,1000,32,0,131200,identity,20261005,case_002598.csv
2599,load,iput,8,10000,32,4,131200,identity,20261005,case_002599.csv
2600,load,iput,16,10000,32,4,131200,identity,20261005,case_002600.csv
2601,load,iput,32,10000,32,4,131200,identity,20261005,case_002601.csv
2602,load,iput,64,10000,32,4,131200,identity,20261005,case_002602.csv
2603,load,iput,96,10000,32,4,131200,identity,20261005,case_002603.csv
2604,load,iput,124,10000,32,4,131200,identity,20261005,case_002604.csv
2605,load,iput,128,10000,32,4,131200,identity,20261005,case_002605.csv
2606,load,iput,132,10000,32,4,131200,identity,20261005,case_002606.csv
2607,load,iput,192,10000,32,4,131200,identity,20261005,case_002607.csv
2608,load,iput,252,10000,32,4,131200,identity,20261005,case_002608.csv
2609,load,iput,256,10000,32,4,131200,identity,20261005,case_002609.csv
2610,load,iput,260,10000,32,4,131200,identity,20261005,case_002610.csv
2611,load,iput,384,10000,32,4,131200,identity,20261005,case_002611.csv
2612,load,iput,512,10000,32,4,131200,identity,20261005,case_002612.csv
2613,load,iput,768,10000,32,4,131200,identity,20261005,case_002613.csv
2614,load,iput,1024,1000,32,4,131200,identity,20261005,case_002614.csv
2615,load,iput,1536,1000,32,4,131200,identity,20261005,case_002615.csv
2616,load,iput,2048,1000,32,4,131200,identity,20261005,case_002616.csv
2617,load,iput,3072,1000,32,4,131200,identity,20261005,case_002617.csv
2618,load,iput,4096,1000,32,4,131200,identity,20261005,case_002618.csv
2619,load,iput,6144,1000,32,4,131200,identity,20261005,case_002619.csv
2620,load,iput,8192,1000,32,4,131200,identity,20261005,case_002620.csv
2621,load,iput,12288,1000,32,4,131200,identity,20261005,case_002621.csv
2622,load,iput,16384,1000,32,4,131200,identity,20261005,case_002622.csv
2623,load,iput,24576,1000,32,4,131200,identity,20261005,case_002623.csv
2624,load,iput,32768,1000,32,4,131200,identity,20261005,case_002624.csv
2625,load,iput,49152,1000,32,4,131200,identity,20261005,case_002625.csv
2626,load,iput,65536,1000,32,4,131200,identity,20261005,case_002626.csv
2627,load,iput,98304,1000,32,4,131200,identity,20261005,case_002627.csv
2628,load,iput,131072,1000,32,4,131200,identity,20261005,case_002628.csv
2629,load,iput,8,10000,64,0,131200,identity,20261005,case_002629.csv
2630,load,iput,16,10000,64,0,131200,identity,20261005,case_002630.csv
2631,load,iput,32,10000,64,0,131200,identity,20261005,case_002631.csv
2632,load,iput,64,10000,64,0,131200,identity,20261005,case_002632.csv
2633,load,iput,96,10000,64,0,131200,identity,20261005,case_002633.csv
2634,load,iput,124,10000,64,0,131200,identity,20261005,case_002634.csv
2635,load,iput,128,10000,64,0,131200,identity,20261005,case_002635.csv
2636,load,iput,132,10000,64,0,131200,identity,20261005,case_002636.csv
2637,load,iput,192,10000,64,0,131200,identity,20261005,case_002637.csv
2638,load,iput,252,10000,64,0,131200,identity,20261005,case_002638.csv
2639,load,iput,256,10000,64,0,131200,identity,20261005,case_002639.csv
2640,load,iput,260,10000,64,0,131200,identity,20261005,case_002640.csv
2641,load,iput,384,10000,64,0,131200,identity,20261005,case_002641.csv
2642,load,iput,512,10000,64,0,131200,identity,20261005,case_002642.csv
2643,load,iput,768,10000,64,0,131200,identity,20261005,case_002643.csv
2644,load,iput,1024,1000,64,0,131200,identity,20261005,case_002644.csv
2645,load,iput,1536,1000,64,0,131200,identity,20261005,case_002645.csv
2646,load,iput,2048,1000,64,0,131200,identity,20261005,case_002646.csv
2647,load,iput,3072,1000,64,0,131200,identity,20261005,case_002647.csv
2648,load,iput,4096,1000,64,0,131200,identity,20261005,case_002648.csv
2649,load,iput,6144,1000,64,0,131200,identity,20261005,case_002649.csv
2650,load,iput,8192,1000,64,0,131200,identity,20261005,case_002650.csv
2651,load,iput,12288,1000,64,0,131200,identity,20261005,case_002651.csv
2652,load,iput,16384,1000,64,0,131200,identity,20261005,case_002652.csv
2653,load,iput,24576,1000,64,0,131200,identity,20261005,case_002653.csv
2654,load,iput,32768,1000,64,0,131200,identity,20261005,case_002654.csv
2655,load,iput,49152,1000,64,0,131200,identity,20261005,case_002655.csv
2656,load,iput,65536,1000,64,0,131200,identity,20261005,case_002656.csv
2657,load,iput,98304,1000,64,0,131200,identity,20261005,case_002657.csv
2658,load,iput,131072,1000,64,0,131200,identity,20261005,case_002658.csv
2659,load,iput,8,10000,64,4,131200,identity,20261005,case_002659.csv
2660,load,iput,16,10000,64,4,131200,identity,20261005,case_002660.csv
2661,load,iput,32,10000,64,4,131200,identity,20261005,case_002661.csv
2662,load,iput,64,10000,64,4,131200,identity,20261005,case_002662.csv
2663,load,iput,96,10000,64,4,131200,identity,20261005,case_002663.csv
2664,load,iput,124,10000,64,4,131200,identity,20261005,case_002664.csv
2665,load,iput,128,10000,64,4,131200,identity,20261005,case_002665.csv
2666,load,iput,132,10000,64,4,131200,identity,20261005,case_002666.csv
2667,load,iput,192,10000,64,4,131200,identity,20261005,case_002667.csv
2668,load,iput,252,10000,64,4,131200,identity,20261005,case_002668.csv
2669,load,iput,256,10000,64,4,131200,identity,20261005,case_002669.csv
2670,load,iput,260,10000,64,4,131200,identity,20261005,case_002670.csv
2671,load,iput,384,10000,64,4,131200,identity,20261005,case_002671.csv
2672,load,iput,512,10000,64,4,131200,identity,20261005,case_002672.csv
2673,load,iput,768,10000,64,4,131200,identity,20261005,case_002673.csv
2674,load,iput,1024,1000,64,4,131200,identity,20261005,case_002674.csv
2675,load,iput,1536,1000,64,4,131200,identity,20261005,case_002675.csv
2676,load,iput,2048,1000,64,4,131200,identity,20261005,case_002676.csv
2677,load,iput,3072,1000,64,4,131200,identity,20261005,case_002677.csv
2678,load,iput,4096,1000,64,4,131200,identity,20261005,case_002678.csv
2679,load,iput,6144,1000,64,4,131200,identity,20261005,case_002679.csv
2680,load,iput,8192,1000,64,4,131200,identity,20261005,case_002680.csv
2681,load,iput,12288,1000,64,4,131200,identity,20261005,case_002681.csv
2682,load,iput,16384,1000,64,4,131200,identity,20261005,case_002682.csv
2683,load,iput,24576,1000,64,4,131200,identity,20261005,case_002683.csv
2684,load,iput,32768,1000,64,4,131200,identity,20261005,case_002684.csv
2685,load,iput,49152,1000,64,4,131200,identity,20261005,case_002685.csv
2686,load,iput,65536,1000,64,4,131200,identity,20261005,case_002686.csv
2687,load,iput,98304,1000,64,4,131200,identity,20261005,case_002687.csv
2688,load,iput,131072,1000,64,4,131200,identity,20261005,case_002688.csv
2689,mapping,get,64,10000,1,0,131200,identity,20261005,case_002689.csv
2690,mapping,get,64,10000,1,0,131200,reverse,20261005,case_002690.csv
2691,mapping,get,64,10000,1,0,131200,transpose,20261005,case_002691.csv
2692,mapping,get,64,10000,1,0,131200,shuffle,20261005,case_002692.csv
2693,mapping,get,64,10000,1,0,131328,identity,20261005,case_002693.csv
2694,mapping,get,64,10000,1,0,131328,reverse,20261005,case_002694.csv
2695,mapping,get,64,10000,1,0,131328,transpose,20261005,case_002695.csv
2696,mapping,get,64,10000,1,0,131328,shuffle,20261005,case_002696.csv
2697,mapping,get,64,10000,1,0,135168,identity,20261005,case_002697.csv
2698,mapping,get,64,10000,1,0,135168,reverse,20261005,case_002698.csv
2699,mapping,get,64,10000,1,0,135168,transpose,20261005,case_002699.csv
2700,mapping,get,64,10000,1,0,135168,shuffle,20261005,case_002700.csv
2701,mapping,get,64,10000,1,0,262144,identity,20261005,case_002701.csv
2702,mapping,get,64,10000,1,0,262144,reverse,20261005,case_002702.csv
2703,mapping,get,64,10000,1,0,262144,transpose,20261005,case_002703.csv
2704,mapping,get,64,10000,1,0,262144,shuffle,20261005,case_002704.csv
2705,mapping,get,128,10000,1,0,131200,identity,20261005,case_002705.csv
2706,mapping,get,128,10000,1,0,131200,reverse,20261005,case_002706.csv
2707,mapping,get,128,10000,1,0,131200,transpose,20261005,case_002707.csv
2708,mapping,get,128,10000,1,0,131200,shuffle,20261005,case_002708.csv
2709,mapping,get,128,10000,1,0,131328,identity,20261005,case_002709.csv
2710,mapping,get,128,10000,1,0,131328,reverse,20261005,case_002710.csv
2711,mapping,get,128,10000,1,0,131328,transpose,20261005,case_002711.csv
2712,mapping,get,128,10000,1,0,131328,shuffle,20261005,case_002712.csv
2713,mapping,get,128,10000,1,0,135168,identity,20261005,case_002713.csv
2714,mapping,get,128,10000,1,0,135168,reverse,20261005,case_002714.csv
2715,mapping,get,128,10000,1,0,135168,transpose,20261005,case_002715.csv
2716,mapping,get,128,10000,1,0,135168,shuffle,20261005,case_002716.csv
2717,mapping,get,128,10000,1,0,262144,identity,20261005,case_002717.csv
2718,mapping,get,128,10000,1,0,262144,reverse,20261005,case_002718.csv
2719,mapping,get,128,10000,1,0,262144,transpose,20261005,case_002719.csv
2720,mapping,get,128,10000,1,0,262144,shuffle,20261005,case_002720.csv
2721,mapping,get,256,10000,1,0,131200,identity,20261005,case_002721.csv
2722,mapping,get,256,10000,1,0,131200,reverse,20261005,case_002722.csv
2723,mapping,get,256,10000,1,0,131200,transpose,20261005,case_002723.csv
2724,mapping,get,256,10000,1,0,131200,shuffle,20261005,case_002724.csv
2725,mapping,get,256,10000,1,0,131328,identity,20261005,case_002725.csv
2726,mapping,get,256,10000,1,0,131328,reverse,20261005,case_002726.csv
2727,mapping,get,256,10000,1,0,131328,transpose,20261005,case_002727.csv
2728,mapping,get,256,10000,1,0,131328,shuffle,20261005,case_002728.csv
2729,mapping,get,256,10000,1,0,135168,identity,20261005,case_002729.csv
2730,mapping,get,256,10000,1,0,135168,reverse,20261005,case_002730.csv
2731,mapping,get,256,10000,1,0,135168,transpose,20261005,case_002731.csv
2732,mapping,get,256,10000,1,0,135168,shuffle,20261005,case_002732.csv
2733,mapping,get,256,10000,1,0,262144,identity,20261005,case_002733.csv
2734,mapping,get,256,10000,1,0,262144,reverse,20261005,case_002734.csv
2735,mapping,get,256,10000,1,0,262144,transpose,20261005,case_002735.csv
2736,mapping,get,256,10000,1,0,262144,shuffle,20261005,case_002736.csv
2737,mapping,get,4096,1000,1,0,131200,identity,20261005,case_002737.csv
2738,mapping,get,4096,1000,1,0,131200,reverse,20261005,case_002738.csv
2739,mapping,get,4096,1000,1,0,131200,transpose,20261005,case_002739.csv
2740,mapping,get,4096,1000,1,0,131200,shuffle,20261005,case_002740.csv
2741,mapping,get,4096,1000,1,0,131328,identity,20261005,case_002741.csv
2742,mapping,get,4096,1000,1,0,131328,reverse,20261005,case_002742.csv
2743,mapping,get,4096,1000,1,0,131328,transpose,20261005,case_002743.csv
2744,mapping,get,4096,1000,1,0,131328,shuffle,20261005,case_002744.csv
2745,mapping,get,4096,1000,1,0,135168,identity,20261005,case_002745.csv
2746,mapping,get,4096,1000,1,0,135168,reverse,20261005,case_002746.csv
2747,mapping,get,4096,1000,1,0,135168,transpose,20261005,case_002747.csv
2748,mapping,get,4096,1000,1,0,135168,shuffle,20261005,case_002748.csv
2749,mapping,get,4096,1000,1,0,262144,identity,20261005,case_002749.csv
2750,mapping,get,4096,1000,1,0,262144,reverse,20261005,case_002750.csv
2751,mapping,get,4096,1000,1,0,262144,transpose,20261005,case_002751.csv
2752,mapping,get,4096,1000,1,0,262144,shuffle,20261005,case_002752.csv
2753,mapping,get,32768,1000,1,0,131200,identity,20261005,case_002753.csv
2754,mapping,get,32768,1000,1,0,131200,reverse,20261005,case_002754.csv
2755,mapping,get,32768,1000,1,0,131200,transpose,20261005,case_002755.csv
2756,mapping,get,32768,1000,1,0,131200,shuffle,20261005,case_002756.csv
2757,mapping,get,32768,1000,1,0,131328,identity,20261005,case_002757.csv
2758,mapping,get,32768,1000,1,0,131328,reverse,20261005,case_002758.csv
2759,mapping,get,32768,1000,1,0,131328,transpose,20261005,case_002759.csv
2760,mapping,get,32768,1000,1,0,131328,shuffle,20261005,case_002760.csv
2761,mapping,get,32768,1000,1,0,135168,identity,20261005,case_002761.csv
2762,mapping,get,32768,1000,1,0,135168,reverse,20261005,case_002762.csv
2763,mapping,get,32768,1000,1,0,135168,transpose,20261005,case_002763.csv
2764,mapping,get,32768,1000,1,0,135168,shuffle,20261005,case_002764.csv
2765,mapping,get,32768,1000,1,0,262144,identity,20261005,case_002765.csv
2766,mapping,get,32768,1000,1,0,262144,reverse,20261005,case_002766.csv
2767,mapping,get,32768,1000,1,0,262144,transpose,20261005,case_002767.csv
2768,mapping,get,32768,1000,1,0,262144,shuffle,20261005,case_002768.csv
2769,mapping,get,65536,1000,1,0,131200,identity,20261005,case_002769.csv
2770,mapping,get,65536,1000,1,0,131200,reverse,20261005,case_002770.csv
2771,mapping,get,65536,1000,1,0,131200,transpose,20261005,case_002771.csv
2772,mapping,get,65536,1000,1,0,131200,shuffle,20261005,case_002772.csv
2773,mapping,get,65536,1000,1,0,131328,identity,20261005,case_002773.csv
2774,mapping,get,65536,1000,1,0,131328,reverse,20261005,case_002774.csv
2775,mapping,get,65536,1000,1,0,131328,transpose,20261005,case_002775.csv
2776,mapping,get,65536,1000,1,0,131328,shuffle,20261005,case_002776.csv
2777,mapping,get,65536,1000,1,0,135168,identity,20261005,case_002777.csv
2778,mapping,get,65536,1000,1,0,135168,reverse,20261005,case_002778.csv
2779,mapping,get,65536,1000,1,0,135168,transpose,20261005,case_002779.csv
2780,mapping,get,65536,1000,1,0,135168,shuffle,20261005,case_002780.csv
2781,mapping,get,65536,1000,1,0,262144,identity,20261005,case_002781.csv
2782,mapping,get,65536,1000,1,0,262144,reverse,20261005,case_002782.csv
2783,mapping,get,65536,1000,1,0,262144,transpose,20261005,case_002783.csv
2784,mapping,get,65536,1000,1,0,262144,shuffle,20261005,case_002784.csv
2785,mapping,get,98304,1000,1,0,131200,identity,20261005,case_002785.csv
2786,mapping,get,98304,1000,1,0,131200,reverse,20261005,case_002786.csv
2787,mapping,get,98304,1000,1,0,131200,transpose,20261005,case_002787.csv
2788,mapping,get,98304,1000,1,0,131200,shuffle,20261005,case_002788.csv
2789,mapping,get,98304,1000,1,0,131328,identity,20261005,case_002789.csv
2790,mapping,get,98304,1000,1,0,131328,reverse,20261005,case_002790.csv
2791,mapping,get,98304,1000,1,0,131328,transpose,20261005,case_002791.csv
2792,mapping,get,98304,1000,1,0,131328,shuffle,20261005,case_002792.csv
2793,mapping,get,98304,1000,1,0,135168,identity,20261005,case_002793.csv
2794,mapping,get,98304,1000,1,0,135168,reverse,20261005,case_002794.csv
2795,mapping,get,98304,1000,1,0,135168,transpose,20261005,case_002795.csv
2796,mapping,get,98304,1000,1,0,135168,shuffle,20261005,case_002796.csv
2797,mapping,get,98304,1000,1,0,262144,identity,20261005,case_002797.csv
2798,mapping,get,98304,1000,1,0,262144,reverse,20261005,case_002798.csv
2799,mapping,get,98304,1000,1,0,262144,transpose,20261005,case_002799.csv
2800,mapping,get,98304,1000,1,0,262144,shuffle,20261005,case_002800.csv
2801,mapping,get,131072,1000,1,0,131200,identity,20261005,case_002801.csv
2802,mapping,get,131072,1000,1,0,131200,reverse,20261005,case_002802.csv
2803,mapping,get,131072,1000,1,0,131200,transpose,20261005,case_002803.csv
2804,mapping,get,131072,1000,1,0,131200,shuffle,20261005,case_002804.csv
2805,mapping,get,131072,1000,1,0,131328,identity,20261005,case_002805.csv
2806,mapping,get,131072,1000,1,0,131328,reverse,20261005,case_002806.csv
2807,mapping,get,131072,1000,1,0,131328,transpose,20261005,case_002807.csv
2808,mapping,get,131072,1000,1,0,131328,shuffle,20261005,case_002808.csv
2809,mapping,get,131072,1000,1,0,135168,identity,20261005,case_002809.csv
2810,mapping,get,131072,1000,1,0,135168,reverse,20261005,case_002810.csv
2811,mapping,get,131072,1000,1,0,135168,transpose,20261005,case_002811.csv
2812,mapping,get,131072,1000,1,0,135168,shuffle,20261005,case_002812.csv
2813,mapping,get,131072,1000,1,0,262144,identity,20261005,case_002813.csv
2814,mapping,get,131072,1000,1,0,262144,reverse,20261005,case_002814.csv
2815,mapping,get,131072,1000,1,0,262144,transpose,20261005,case_002815.csv
2816,mapping,get,131072,1000,1,0,262144,shuffle,20261005,case_002816.csv
2817,mapping,get,64,10000,1,4,131200,identity,20261005,case_002817.csv
2818,mapping,get,64,10000,1,4,131200,reverse,20261005,case_002818.csv
2819,mapping,get,64,10000,1,4,131200,transpose,20261005,case_002819.csv
2820,mapping,get,64,10000,1,4,131200,shuffle,20261005,case_002820.csv
2821,mapping,get,64,10000,1,4,131328,identity,20261005,case_002821.csv
2822,mapping,get,64,10000,1,4,131328,reverse,20261005,case_002822.csv
2823,mapping,get,64,10000,1,4,131328,transpose,20261005,case_002823.csv
2824,mapping,get,64,10000,1,4,131328,shuffle,20261005,case_002824.csv
2825,mapping,get,64,10000,1,4,135168,identity,20261005,case_002825.csv
2826,mapping,get,64,10000,1,4,135168,reverse,20261005,case_002826.csv
2827,mapping,get,64,10000,1,4,135168,transpose,20261005,case_002827.csv
2828,mapping,get,64,10000,1,4,135168,shuffle,20261005,case_002828.csv
2829,mapping,get,64,10000,1,4,262144,identity,20261005,case_002829.csv
2830,mapping,get,64,10000,1,4,262144,reverse,20261005,case_002830.csv
2831,mapping,get,64,10000,1,4,262144,transpose,20261005,case_002831.csv
2832,mapping,get,64,10000,1,4,262144,shuffle,20261005,case_002832.csv
2833,mapping,get,128,10000,1,4,131200,identity,20261005,case_002833.csv
2834,mapping,get,128,10000,1,4,131200,reverse,20261005,case_002834.csv
2835,mapping,get,128,10000,1,4,131200,transpose,20261005,case_002835.csv
2836,mapping,get,128,10000,1,4,131200,shuffle,20261005,case_002836.csv
2837,mapping,get,128,10000,1,4,131328,identity,20261005,case_002837.csv
2838,mapping,get,128,10000,1,4,131328,reverse,20261005,case_002838.csv
2839,mapping,get,128,10000,1,4,131328,transpose,20261005,case_002839.csv
2840,mapping,get,128,10000,1,4,131328,shuffle,20261005,case_002840.csv
2841,mapping,get,128,10000,1,4,135168,identity,20261005,case_002841.csv
2842,mapping,get,128,10000,1,4,135168,reverse,20261005,case_002842.csv
2843,mapping,get,128,10000,1,4,135168,transpose,20261005,case_002843.csv
2844,mapping,get,128,10000,1,4,135168,shuffle,20261005,case_002844.csv
2845,mapping,get,128,10000,1,4,262144,identity,20261005,case_002845.csv
2846,mapping,get,128,10000,1,4,262144,reverse,20261005,case_002846.csv
2847,mapping,get,128,10000,1,4,262144,transpose,20261005,case_002847.csv
2848,mapping,get,128,10000,1,4,262144,shuffle,20261005,case_002848.csv
2849,mapping,get,256,10000,1,4,131200,identity,20261005,case_002849.csv
2850,mapping,get,256,10000,1,4,131200,reverse,20261005,case_002850.csv
2851,mapping,get,256,10000,1,4,131200,transpose,20261005,case_002851.csv
2852,mapping,get,256,10000,1,4,131200,shuffle,20261005,case_002852.csv
2853,mapping,get,256,10000,1,4,131328,identity,20261005,case_002853.csv
2854,mapping,get,256,10000,1,4,131328,reverse,20261005,case_002854.csv
2855,mapping,get,256,10000,1,4,131328,transpose,20261005,case_002855.csv
2856,mapping,get,256,10000,1,4,131328,shuffle,20261005,case_002856.csv
2857,mapping,get,256,10000,1,4,135168,identity,20261005,case_002857.csv
2858,mapping,get,256,10000,1,4,135168,reverse,20261005,case_002858.csv
2859,mapping,get,256,10000,1,4,135168,transpose,20261005,case_002859.csv
2860,mapping,get,256,10000,1,4,135168,shuffle,20261005,case_002860.csv
2861,mapping,get,256,10000,1,4,262144,identity,20261005,case_002861.csv
2862,mapping,get,256,10000,1,4,262144,reverse,20261005,case_002862.csv
2863,mapping,get,256,10000,1,4,262144,transpose,20261005,case_002863.csv
2864,mapping,get,256,10000,1,4,262144,shuffle,20261005,case_002864.csv
2865,mapping,get,4096,1000,1,4,131200,identity,20261005,case_002865.csv
2866,mapping,get,4096,1000,1,4,131200,reverse,20261005,case_002866.csv
2867,mapping,get,4096,1000,1,4,131200,transpose,20261005,case_002867.csv
2868,mapping,get,4096,1000,1,4,131200,shuffle,20261005,case_002868.csv
2869,mapping,get,4096,1000,1,4,131328,identity,20261005,case_002869.csv
2870,mapping,get,4096,1000,1,4,131328,reverse,20261005,case_002870.csv
2871,mapping,get,4096,1000,1,4,131328,transpose,20261005,case_002871.csv
2872,mapping,get,4096,1000,1,4,131328,shuffle,20261005,case_002872.csv
2873,mapping,get,4096,1000,1,4,135168,identity,20261005,case_002873.csv
2874,mapping,get,4096,1000,1,4,135168,reverse,20261005,case_002874.csv
2875,mapping,get,4096,1000,1,4,135168,transpose,20261005,case_002875.csv
2876,mapping,get,4096,1000,1,4,135168,shuffle,20261005,case_002876.csv
2877,mapping,get,4096,1000,1,4,262144,identity,20261005,case_002877.csv
2878,mapping,get,4096,1000,1,4,262144,reverse,20261005,case_002878.csv
2879,mapping,get,4096,1000,1,4,262144,transpose,20261005,case_002879.csv
2880,mapping,get,4096,1000,1,4,262144,shuffle,20261005,case_002880.csv
2881,mapping,get,32768,1000,1,4,131200,identity,20261005,case_002881.csv
2882,mapping,get,32768,1000,1,4,131200,reverse,20261005,case_002882.csv
2883,mapping,get,32768,1000,1,4,131200,transpose,20261005,case_002883.csv
2884,mapping,get,32768,1000,1,4,131200,shuffle,20261005,case_002884.csv
2885,mapping,get,32768,1000,1,4,131328,identity,20261005,case_002885.csv
2886,mapping,get,32768,1000,1,4,131328,reverse,20261005,case_002886.csv
2887,mapping,get,32768,1000,1,4,131328,transpose,20261005,case_002887.csv
2888,mapping,get,32768,1000,1,4,131328,shuffle,20261005,case_002888.csv
2889,mapping,get,32768,1000,1,4,135168,identity,20261005,case_002889.csv
2890,mapping,get,32768,1000,1,4,135168,reverse,20261005,case_002890.csv
2891,mapping,get,32768,1000,1,4,135168,transpose,20261005,case_002891.csv
2892,mapping,get,32768,1000,1,4,135168,shuffle,20261005,case_002892.csv
2893,mapping,get,32768,1000,1,4,262144,identity,20261005,case_002893.csv
2894,mapping,get,32768,1000,1,4,262144,reverse,20261005,case_002894.csv
2895,mapping,get,32768,1000,1,4,262144,transpose,20261005,case_002895.csv
2896,mapping,get,32768,1000,1,4,262144,shuffle,20261005,case_002896.csv
2897,mapping,get,65536,1000,1,4,131200,identity,20261005,case_002897.csv
2898,mapping,get,65536,1000,1,4,131200,reverse,20261005,case_002898.csv
2899,mapping,get,65536,1000,1,4,131200,transpose,20261005,case_002899.csv
2900,mapping,get,65536,1000,1,4,131200,shuffle,20261005,case_002900.csv
2901,mapping,get,65536,1000,1,4,131328,identity,20261005,case_002901.csv
2902,mapping,get,65536,1000,1,4,131328,reverse,20261005,case_002902.csv
2903,mapping,get,65536,1000,1,4,131328,transpose,20261005,case_002903.csv
2904,mapping,get,65536,1000,1,4,131328,shuffle,20261005,case_002904.csv
2905,mapping,get,65536,1000,1,4,135168,identity,20261005,case_002905.csv
2906,mapping,get,65536,1000,1,4,135168,reverse,20261005,case_002906.csv
2907,mapping,get,65536,1000,1,4,135168,transpose,20261005,case_002907.csv
2908,mapping,get,65536,1000,1,4,135168,shuffle,20261005,case_002908.csv
2909,mapping,get,65536,1000,1,4,262144,identity,20261005,case_002909.csv
2910,mapping,get,65536,1000,1,4,262144,reverse,20261005,case_002910.csv
2911,mapping,get,65536,1000,1,4,262144,transpose,20261005,case_002911.csv
2912,mapping,get,65536,1000,1,4,262144,shuffle,20261005,case_002912.csv
2913,mapping,get,98304,1000,1,4,131200,identity,20261005,case_002913.csv
2914,mapping,get,98304,1000,1,4,131200,reverse,20261005,case_002914.csv
2915,mapping,get,98304,1000,1,4,131200,transpose,20261005,case_002915.csv
2916,mapping,get,98304,1000,1,4,131200,shuffle,20261005,case_002916.csv
2917,mapping,get,98304,1000,1,4,131328,identity,20261005,case_002917.csv
2918,mapping,get,98304,1000,1,4,131328,reverse,20261005,case_002918.csv
2919,mapping,get,98304,1000,1,4,131328,transpose,20261005,case_002919.csv
2920,mapping,get,98304,1000,1,4,131328,shuffle,20261005,case_002920.csv
2921,mapping,get,98304,1000,1,4,135168,identity,20261005,case_002921.csv
2922,mapping,get,98304,1000,1,4,135168,reverse,20261005,case_002922.csv
2923,mapping,get,98304,1000,1,4,135168,transpose,20261005,case_002923.csv
2924,mapping,get,98304,1000,1,4,135168,shuffle,20261005,case_002924.csv
2925,mapping,get,98304,1000,1,4,262144,identity,20261005,case_002925.csv
2926,mapping,get,98304,1000,1,4,262144,reverse,20261005,case_002926.csv
2927,mapping,get,98304,1000,1,4,262144,transpose,20261005,case_002927.csv
2928,mapping,get,98304,1000,1,4,262144,shuffle,20261005,case_002928.csv
2929,mapping,get,131072,1000,1,4,131200,identity,20261005,case_002929.csv
2930,mapping,get,131072,1000,1,4,131200,reverse,20261005,case_002930.csv
2931,mapping,get,131072,1000,1,4,131200,transpose,20261005,case_002931.csv
2932,mapping,get,131072,1000,1,4,131200,shuffle,20261005,case_002932.csv
2933,mapping,get,131072,1000,1,4,131328,identity,20261005,case_002933.csv
2934,mapping,get,131072,1000,1,4,131328,reverse,20261005,case_002934.csv
2935,mapping,get,131072,1000,1,4,131328,transpose,20261005,case_002935.csv
2936,mapping,get,131072,1000,1,4,131328,shuffle,20261005,case_002936.csv
2937,mapping,get,131072,1000,1,4,135168,identity,20261005,case_002937.csv
2938,mapping,get,131072,1000,1,4,135168,reverse,20261005,case_002938.csv
2939,mapping,get,131072,1000,1,4,135168,transpose,20261005,case_002939.csv
2940,mapping,get,131072,1000,1,4,135168,shuffle,20261005,case_002940.csv
2941,mapping,get,131072,1000,1,4,262144,identity,20261005,case_002941.csv
2942,mapping,get,131072,1000,1,4,262144,reverse,20261005,case_002942.csv
2943,mapping,get,131072,1000,1,4,262144,transpose,20261005,case_002943.csv
2944,mapping,get,131072,1000,1,4,262144,shuffle,20261005,case_002944.csv
2945,mapping,get,64,10000,2,0,131200,identity,20261005,case_002945.csv
2946,mapping,get,64,10000,2,0,131200,reverse,20261005,case_002946.csv
2947,mapping,get,64,10000,2,0,131200,transpose,20261005,case_002947.csv
2948,mapping,get,64,10000,2,0,131200,shuffle,20261005,case_002948.csv
2949,mapping,get,64,10000,2,0,131328,identity,20261005,case_002949.csv
2950,mapping,get,64,10000,2,0,131328,reverse,20261005,case_002950.csv
2951,mapping,get,64,10000,2,0,131328,transpose,20261005,case_002951.csv
2952,mapping,get,64,10000,2,0,131328,shuffle,20261005,case_002952.csv
2953,mapping,get,64,10000,2,0,135168,identity,20261005,case_002953.csv
2954,mapping,get,64,10000,2,0,135168,reverse,20261005,case_002954.csv
2955,mapping,get,64,10000,2,0,135168,transpose,20261005,case_002955.csv
2956,mapping,get,64,10000,2,0,135168,shuffle,20261005,case_002956.csv
2957,mapping,get,64,10000,2,0,262144,identity,20261005,case_002957.csv
2958,mapping,get,64,10000,2,0,262144,reverse,20261005,case_002958.csv
2959,mapping,get,64,10000,2,0,262144,transpose,20261005,case_002959.csv
2960,mapping,get,64,10000,2,0,262144,shuffle,20261005,case_002960.csv
2961,mapping,get,128,10000,2,0,131200,identity,20261005,case_002961.csv
2962,mapping,get,128,10000,2,0,131200,reverse,20261005,case_002962.csv
2963,mapping,get,128,10000,2,0,131200,transpose,20261005,case_002963.csv
2964,mapping,get,128,10000,2,0,131200,shuffle,20261005,case_002964.csv
2965,mapping,get,128,10000,2,0,131328,identity,20261005,case_002965.csv
2966,mapping,get,128,10000,2,0,131328,reverse,20261005,case_002966.csv
2967,mapping,get,128,10000,2,0,131328,transpose,20261005,case_002967.csv
2968,mapping,get,128,10000,2,0,131328,shuffle,20261005,case_002968.csv
2969,mapping,get,128,10000,2,0,135168,identity,20261005,case_002969.csv
2970,mapping,get,128,10000,2,0,135168,reverse,20261005,case_002970.csv
2971,mapping,get,128,10000,2,0,135168,transpose,20261005,case_002971.csv
2972,mapping,get,128,10000,2,0,135168,shuffle,20261005,case_002972.csv
2973,mapping,get,128,10000,2,0,262144,identity,20261005,case_002973.csv
2974,mapping,get,128,10000,2,0,262144,reverse,20261005,case_002974.csv
2975,mapping,get,128,10000,2,0,262144,transpose,20261005,case_002975.csv
2976,mapping,get,128,10000,2,0,262144,shuffle,20261005,case_002976.csv
2977,mapping,get,256,10000,2,0,131200,identity,20261005,case_002977.csv
2978,mapping,get,256,10000,2,0,131200,reverse,20261005,case_002978.csv
2979,mapping,get,256,10000,2,0,131200,transpose,20261005,case_002979.csv
2980,mapping,get,256,10000,2,0,131200,shuffle,20261005,case_002980.csv
2981,mapping,get,256,10000,2,0,131328,identity,20261005,case_002981.csv
2982,mapping,get,256,10000,2,0,131328,reverse,20261005,case_002982.csv
2983,mapping,get,256,10000,2,0,131328,transpose,20261005,case_002983.csv
2984,mapping,get,256,10000,2,0,131328,shuffle,20261005,case_002984.csv
2985,mapping,get,256,10000,2,0,135168,identity,20261005,case_002985.csv
2986,mapping,get,256,10000,2,0,135168,reverse,20261005,case_002986.csv
2987,mapping,get,256,10000,2,0,135168,transpose,20261005,case_002987.csv
2988,mapping,get,256,10000,2,0,135168,shuffle,20261005,case_002988.csv
2989,mapping,get,256,10000,2,0,262144,identity,20261005,case_002989.csv
2990,mapping,get,256,10000,2,0,262144,reverse,20261005,case_002990.csv
2991,mapping,get,256,10000,2,0,262144,transpose,20261005,case_002991.csv
2992,mapping,get,256,10000,2,0,262144,shuffle,20261005,case_002992.csv
2993,mapping,get,4096,1000,2,0,131200,identity,20261005,case_002993.csv
2994,mapping,get,4096,1000,2,0,131200,reverse,20261005,case_002994.csv
2995,mapping,get,4096,1000,2,0,131200,transpose,20261005,case_002995.csv
2996,mapping,get,4096,1000,2,0,131200,shuffle,20261005,case_002996.csv
2997,mapping,get,4096,1000,2,0,131328,identity,20261005,case_002997.csv
2998,mapping,get,4096,1000,2,0,131328,reverse,20261005,case_002998.csv
2999,mapping,get,4096,1000,2,0,131328,transpose,20261005,case_002999.csv
3000,mapping,get,4096,1000,2,0,131328,shuffle,20261005,case_003000.csv
3001,mapping,get,4096,1000,2,0,135168,identity,20261005,case_003001.csv
3002,mapping,get,4096,1000,2,0,135168,reverse,20261005,case_003002.csv
3003,mapping,get,4096,1000,2,0,135168,transpose,20261005,case_003003.csv
3004,mapping,get,4096,1000,2,0,135168,shuffle,20261005,case_003004.csv
3005,mapping,get,4096,1000,2,0,262144,identity,20261005,case_003005.csv
3006,mapping,get,4096,1000,2,0,262144,reverse,20261005,case_003006.csv
3007,mapping,get,4096,1000,2,0,262144,transpose,20261005,case_003007.csv
3008,mapping,get,4096,1000,2,0,262144,shuffle,20261005,case_003008.csv
3009,mapping,get,32768,1000,2,0,131200,identity,20261005,case_003009.csv
3010,mapping,get,32768,1000,2,0,131200,reverse,20261005,case_003010.csv
3011,mapping,get,32768,1000,2,0,131200,transpose,20261005,case_003011.csv
3012,mapping,get,32768,1000,2,0,131200,shuffle,20261005,case_003012.csv
3013,mapping,get,32768,1000,2,0,131328,identity,20261005,case_003013.csv
3014,mapping,get,32768,1000,2,0,131328,reverse,20261005,case_003014.csv
3015,mapping,get,32768,1000,2,0,131328,transpose,20261005,case_003015.csv
3016,mapping,get,32768,1000,2,0,131328,shuffle,20261005,case_003016.csv
3017,mapping,get,32768,1000,2,0,135168,identity,20261005,case_003017.csv
3018,mapping,get,32768,1000,2,0,135168,reverse,20261005,case_003018.csv
3019,mapping,get,32768,1000,2,0,135168,transpose,20261005,case_003019.csv
3020,mapping,get,32768,1000,2,0,135168,shuffle,20261005,case_003020.csv
3021,mapping,get,32768,1000,2,0,262144,identity,20261005,case_003021.csv
3022,mapping,get,32768,1000,2,0,262144,reverse,20261005,case_003022.csv
3023,mapping,get,32768,1000,2,0,262144,transpose,20261005,case_003023.csv
3024,mapping,get,32768,1000,2,0,262144,shuffle,20261005,case_003024.csv
3025,mapping,get,65536,1000,2,0,131200,identity,20261005,case_003025.csv
3026,mapping,get,65536,1000,2,0,131200,reverse,20261005,case_003026.csv
3027,mapping,get,65536,1000,2,0,131200,transpose,20261005,case_003027.csv
3028,mapping,get,65536,1000,2,0,131200,shuffle,20261005,case_003028.csv
3029,mapping,get,65536,1000,2,0,131328,identity,20261005,case_003029.csv
3030,mapping,get,65536,1000,2,0,131328,reverse,20261005,case_003030.csv
3031,mapping,get,65536,1000,2,0,131328,transpose,20261005,case_003031.csv
3032,mapping,get,65536,1000,2,0,131328,shuffle,20261005,case_003032.csv
3033,mapping,get,65536,1000,2,0,135168,identity,20261005,case_003033.csv
3034,mapping,get,65536,1000,2,0,135168,reverse,20261005,case_003034.csv
3035,mapping,get,65536,1000,2,0,135168,transpose,20261005,case_003035.csv
3036,mapping,get,65536,1000,2,0,135168,shuffle,20261005,case_003036.csv
3037,mapping,get,65536,1000,2,0,262144,identity,20261005,case_003037.csv
3038,mapping,get,65536,1000,2,0,262144,reverse,20261005,case_003038.csv
3039,mapping,get,65536,1000,2,0,262144,transpose,20261005,case_003039.csv
3040,mapping,get,65536,1000,2,0,262144,shuffle,20261005,case_003040.csv
3041,mapping,get,98304,1000,2,0,131200,identity,20261005,case_003041.csv
3042,mapping,get,98304,1000,2,0,131200,reverse,20261005,case_003042.csv
3043,mapping,get,98304,1000,2,0,131200,transpose,20261005,case_003043.csv
3044,mapping,get,98304,1000,2,0,131200,shuffle,20261005,case_003044.csv
3045,mapping,get,98304,1000,2,0,131328,identity,20261005,case_003045.csv
3046,mapping,get,98304,1000,2,0,131328,reverse,20261005,case_003046.csv
3047,mapping,get,98304,1000,2,0,131328,transpose,20261005,case_003047.csv
3048,mapping,get,98304,1000,2,0,131328,shuffle,20261005,case_003048.csv
3049,mapping,get,98304,1000,2,0,135168,identity,20261005,case_003049.csv
3050,mapping,get,98304,1000,2,0,135168,reverse,20261005,case_003050.csv
3051,mapping,get,98304,1000,2,0,135168,transpose,20261005,case_003051.csv
3052,mapping,get,98304,1000,2,0,135168,shuffle,20261005,case_003052.csv
3053,mapping,get,98304,1000,2,0,262144,identity,20261005,case_003053.csv
3054,mapping,get,98304,1000,2,0,262144,reverse,20261005,case_003054.csv
3055,mapping,get,98304,1000,2,0,262144,transpose,20261005,case_003055.csv
3056,mapping,get,98304,1000,2,0,262144,shuffle,20261005,case_003056.csv
3057,mapping,get,131072,1000,2,0,131200,identity,20261005,case_003057.csv
3058,mapping,get,131072,1000,2,0,131200,reverse,20261005,case_003058.csv
3059,mapping,get,131072,1000,2,0,131200,transpose,20261005,case_003059.csv
3060,mapping,get,131072,1000,2,0,131200,shuffle,20261005,case_003060.csv
3061,mapping,get,131072,1000,2,0,131328,identity,20261005,case_003061.csv
3062,mapping,get,131072,1000,2,0,131328,reverse,20261005,case_003062.csv
3063,mapping,get,131072,1000,2,0,131328,transpose,20261005,case_003063.csv
3064,mapping,get,131072,1000,2,0,131328,shuffle,20261005,case_003064.csv
3065,mapping,get,131072,1000,2,0,135168,identity,20261005,case_003065.csv
3066,mapping,get,131072,1000,2,0,135168,reverse,20261005,case_003066.csv
3067,mapping,get,131072,1000,2,0,135168,transpose,20261005,case_003067.csv
3068,mapping,get,131072,1000,2,0,135168,shuffle,20261005,case_003068.csv
3069,mapping,get,131072,1000,2,0,262144,identity,20261005,case_003069.csv
3070,mapping,get,131072,1000,2,0,262144,reverse,20261005,case_003070.csv
3071,mapping,get,131072,1000,2,0,262144,transpose,20261005,case_003071.csv
3072,mapping,get,131072,1000,2,0,262144,shuffle,20261005,case_003072.csv
3073,mapping,get,64,10000,2,4,131200,identity,20261005,case_003073.csv
3074,mapping,get,64,10000,2,4,131200,reverse,20261005,case_003074.csv
3075,mapping,get,64,10000,2,4,131200,transpose,20261005,case_003075.csv
3076,mapping,get,64,10000,2,4,131200,shuffle,20261005,case_003076.csv
3077,mapping,get,64,10000,2,4,131328,identity,20261005,case_003077.csv
3078,mapping,get,64,10000,2,4,131328,reverse,20261005,case_003078.csv
3079,mapping,get,64,10000,2,4,131328,transpose,20261005,case_003079.csv
3080,mapping,get,64,10000,2,4,131328,shuffle,20261005,case_003080.csv
3081,mapping,get,64,10000,2,4,135168,identity,20261005,case_003081.csv
3082,mapping,get,64,10000,2,4,135168,reverse,20261005,case_003082.csv
3083,mapping,get,64,10000,2,4,135168,transpose,20261005,case_003083.csv
3084,mapping,get,64,10000,2,4,135168,shuffle,20261005,case_003084.csv
3085,mapping,get,64,10000,2,4,262144,identity,20261005,case_003085.csv
3086,mapping,get,64,10000,2,4,262144,reverse,20261005,case_003086.csv
3087,mapping,get,64,10000,2,4,262144,transpose,20261005,case_003087.csv
3088,mapping,get,64,10000,2,4,262144,shuffle,20261005,case_003088.csv
3089,mapping,get,128,10000,2,4,131200,identity,20261005,case_003089.csv
3090,mapping,get,128,10000,2,4,131200,reverse,20261005,case_003090.csv
3091,mapping,get,128,10000,2,4,131200,transpose,20261005,case_003091.csv
3092,mapping,get,128,10000,2,4,131200,shuffle,20261005,case_003092.csv
3093,mapping,get,128,10000,2,4,131328,identity,20261005,case_003093.csv
3094,mapping,get,128,10000,2,4,131328,reverse,20261005,case_003094.csv
3095,mapping,get,128,10000,2,4,131328,transpose,20261005,case_003095.csv
3096,mapping,get,128,10000,2,4,131328,shuffle,20261005,case_003096.csv
3097,mapping,get,128,10000,2,4,135168,identity,20261005,case_003097.csv
3098,mapping,get,128,10000,2,4,135168,reverse,20261005,case_003098.csv
3099,mapping,get,128,10000,2,4,135168,transpose,20261005,case_003099.csv
3100,mapping,get,128,10000,2,4,135168,shuffle,20261005,case_003100.csv
3101,mapping,get,128,10000,2,4,262144,identity,20261005,case_003101.csv
3102,mapping,get,128,10000,2,4,262144,reverse,20261005,case_003102.csv
3103,mapping,get,128,10000,2,4,262144,transpose,20261005,case_003103.csv
3104,mapping,get,128,10000,2,4,262144,shuffle,20261005,case_003104.csv
3105,mapping,get,256,10000,2,4,131200,identity,20261005,case_003105.csv
3106,mapping,get,256,10000,2,4,131200,reverse,20261005,case_003106.csv
3107,mapping,get,256,10000,2,4,131200,transpose,20261005,case_003107.csv
3108,mapping,get,256,10000,2,4,131200,shuffle,20261005,case_003108.csv
3109,mapping,get,256,10000,2,4,131328,identity,20261005,case_003109.csv
3110,mapping,get,256,10000,2,4,131328,reverse,20261005,case_003110.csv
3111,mapping,get,256,10000,2,4,131328,transpose,20261005,case_003111.csv
3112,mapping,get,256,10000,2,4,131328,shuffle,20261005,case_003112.csv
3113,mapping,get,256,10000,2,4,135168,identity,20261005,case_003113.csv
3114,mapping,get,256,10000,2,4,135168,reverse,20261005,case_003114.csv
3115,mapping,get,256,10000,2,4,135168,transpose,20261005,case_003115.csv
3116,mapping,get,256,10000,2,4,135168,shuffle,20261005,case_003116.csv
3117,mapping,get,256,10000,2,4,262144,identity,20261005,case_003117.csv
3118,mapping,get,256,10000,2,4,262144,reverse,20261005,case_003118.csv
3119,mapping,get,256,10000,2,4,262144,transpose,20261005,case_003119.csv
3120,mapping,get,256,10000,2,4,262144,shuffle,20261005,case_003120.csv
3121,mapping,get,4096,1000,2,4,131200,identity,20261005,case_003121.csv
3122,mapping,get,4096,1000,2,4,131200,reverse,20261005,case_003122.csv
3123,mapping,get,4096,1000,2,4,131200,transpose,20261005,case_003123.csv
3124,mapping,get,4096,1000,2,4,131200,shuffle,20261005,case_003124.csv
3125,mapping,get,4096,1000,2,4,131328,identity,20261005,case_003125.csv
3126,mapping,get,4096,1000,2,4,131328,reverse,20261005,case_003126.csv
3127,mapping,get,4096,1000,2,4,131328,transpose,20261005,case_003127.csv
3128,mapping,get,4096,1000,2,4,131328,shuffle,20261005,case_003128.csv
3129,mapping,get,4096,1000,2,4,135168,identity,20261005,case_003129.csv
3130,mapping,get,4096,1000,2,4,135168,reverse,20261005,case_003130.csv
3131,mapping,get,4096,1000,2,4,135168,transpose,20261005,case_003131.csv
3132,mapping,get,4096,1000,2,4,135168,shuffle,20261005,case_003132.csv
3133,mapping,get,4096,1000,2,4,262144,identity,20261005,case_003133.csv
3134,mapping,get,4096,1000,2,4,262144,reverse,20261005,case_003134.csv
3135,mapping,get,4096,1000,2,4,262144,transpose,20261005,case_003135.csv
3136,mapping,get,4096,1000,2,4,262144,shuffle,20261005,case_003136.csv
3137,mapping,get,32768,1000,2,4,131200,identity,20261005,case_003137.csv
3138,mapping,get,32768,1000,2,4,131200,reverse,20261005,case_003138.csv
3139,mapping,get,32768,1000,2,4,131200,transpose,20261005,case_003139.csv
3140,mapping,get,32768,1000,2,4,131200,shuffle,20261005,case_003140.csv
3141,mapping,get,32768,1000,2,4,131328,identity,20261005,case_003141.csv
3142,mapping,get,32768,1000,2,4,131328,reverse,20261005,case_003142.csv
3143,mapping,get,32768,1000,2,4,131328,transpose,20261005,case_003143.csv
3144,mapping,get,32768,1000,2,4,131328,shuffle,20261005,case_003144.csv
3145,mapping,get,32768,1000,2,4,135168,identity,20261005,case_003145.csv
3146,mapping,get,32768,1000,2,4,135168,reverse,20261005,case_003146.csv
3147,mapping,get,32768,1000,2,4,135168,transpose,20261005,case_003147.csv
3148,mapping,get,32768,1000,2,4,135168,shuffle,20261005,case_003148.csv
3149,mapping,get,32768,1000,2,4,262144,identity,20261005,case_003149.csv
3150,mapping,get,32768,1000,2,4,262144,reverse,20261005,case_003150.csv
3151,mapping,get,32768,1000,2,4,262144,transpose,20261005,case_003151.csv
3152,mapping,get,32768,1000,2,4,262144,shuffle,20261005,case_003152.csv
3153,mapping,get,65536,1000,2,4,131200,identity,20261005,case_003153.csv
3154,mapping,get,65536,1000,2,4,131200,reverse,20261005,case_003154.csv
3155,mapping,get,65536,1000,2,4,131200,transpose,20261005,case_003155.csv
3156,mapping,get,65536,1000,2,4,131200,shuffle,20261005,case_003156.csv
3157,mapping,get,65536,1000,2,4,131328,identity,20261005,case_003157.csv
3158,mapping,get,65536,1000,2,4,131328,reverse,20261005,case_003158.csv
3159,mapping,get,65536,1000,2,4,131328,transpose,20261005,case_003159.csv
3160,mapping,get,65536,1000,2,4,131328,shuffle,20261005,case_003160.csv
3161,mapping,get,65536,1000,2,4,135168,identity,20261005,case_003161.csv
3162,mapping,get,65536,1000,2,4,135168,reverse,20261005,case_003162.csv
3163,mapping,get,65536,1000,2,4,135168,transpose,20261005,case_003163.csv
3164,mapping,get,65536,1000,2,4,135168,shuffle,20261005,case_003164.csv
3165,mapping,get,65536,1000,2,4,262144,identity,20261005,case_003165.csv
3166,mapping,get,65536,1000,2,4,262144,reverse,20261005,case_003166.csv
3167,mapping,get,65536,1000,2,4,262144,transpose,20261005,case_003167.csv
3168,mapping,get,65536,1000,2,4,262144,shuffle,20261005,case_003168.csv
3169,mapping,get,98304,1000,2,4,131200,identity,20261005,case_003169.csv
3170,mapping,get,98304,1000,2,4,131200,reverse,20261005,case_003170.csv
3171,mapping,get,98304,1000,2,4,131200,transpose,20261005,case_003171.csv
3172,mapping,get,98304,1000,2,4,131200,shuffle,20261005,case_003172.csv
3173,mapping,get,98304,1000,2,4,131328,identity,20261005,case_003173.csv
3174,mapping,get,98304,1000,2,4,131328,reverse,20261005,case_003174.csv
3175,mapping,get,98304,1000,2,4,131328,transpose,20261005,case_003175.csv
3176,mapping,get,98304,1000,2,4,131328,shuffle,20261005,case_003176.csv
3177,mapping,get,98304,1000,2,4,135168,identity,20261005,case_003177.csv
3178,mapping,get,98304,1000,2,4,135168,reverse,20261005,case_003178.csv
3179,mapping,get,98304,1000,2,4,135168,transpose,20261005,case_003179.csv
3180,mapping,get,98304,1000,2,4,135168,shuffle,20261005,case_003180.csv
3181,mapping,get,98304,1000,2,4,262144,identity,20261005,case_003181.csv
3182,mapping,get,98304,1000,2,4,262144,reverse,20261005,case_003182.csv
3183,mapping,get,98304,1000,2,4,262144,transpose,20261005,case_003183.csv
3184,mapping,get,98304,1000,2,4,262144,shuffle,20261005,case_003184.csv
3185,mapping,get,131072,1000,2,4,131200,identity,20261005,case_003185.csv
3186,mapping,get,131072,1000,2,4,131200,reverse,20261005,case_003186.csv
3187,mapping,get,131072,1000,2,4,131200,transpose,20261005,case_003187.csv
3188,mapping,get,131072,1000,2,4,131200,shuffle,20261005,case_003188.csv
3189,mapping,get,131072,1000,2,4,131328,identity,20261005,case_003189.csv
3190,mapping,get,131072,1000,2,4,131328,reverse,20261005,case_003190.csv
3191,mapping,get,131072,1000,2,4,131328,transpose,20261005,case_003191.csv
3192,mapping,get,131072,1000,2,4,131328,shuffle,20261005,case_003192.csv
3193,mapping,get,131072,1000,2,4,135168,identity,20261005,case_003193.csv
3194,mapping,get,131072,1000,2,4,135168,reverse,20261005,case_003194.csv
3195,mapping,get,131072,1000,2,4,135168,transpose,20261005,case_003195.csv
3196,mapping,get,131072,1000,2,4,135168,shuffle,20261005,case_003196.csv
3197,mapping,get,131072,1000,2,4,262144,identity,20261005,case_003197.csv
3198,mapping,get,131072,1000,2,4,262144,reverse,20261005,case_003198.csv
3199,mapping,get,131072,1000,2,4,262144,transpose,20261005,case_003199.csv
3200,mapping,get,131072,1000,2,4,262144,shuffle,20261005,case_003200.csv
3201,mapping,get,64,10000,4,0,131200,identity,20261005,case_003201.csv
3202,mapping,get,64,10000,4,0,131200,reverse,20261005,case_003202.csv
3203,mapping,get,64,10000,4,0,131200,transpose,20261005,case_003203.csv
3204,mapping,get,64,10000,4,0,131200,shuffle,20261005,case_003204.csv
3205,mapping,get,64,10000,4,0,131328,identity,20261005,case_003205.csv
3206,mapping,get,64,10000,4,0,131328,reverse,20261005,case_003206.csv
3207,mapping,get,64,10000,4,0,131328,transpose,20261005,case_003207.csv
3208,mapping,get,64,10000,4,0,131328,shuffle,20261005,case_003208.csv
3209,mapping,get,64,10000,4,0,135168,identity,20261005,case_003209.csv
3210,mapping,get,64,10000,4,0,135168,reverse,20261005,case_003210.csv
3211,mapping,get,64,10000,4,0,135168,transpose,20261005,case_003211.csv
3212,mapping,get,64,10000,4,0,135168,shuffle,20261005,case_003212.csv
3213,mapping,get,64,10000,4,0,262144,identity,20261005,case_003213.csv
3214,mapping,get,64,10000,4,0,262144,reverse,20261005,case_003214.csv
3215,mapping,get,64,10000,4,0,262144,transpose,20261005,case_003215.csv
3216,mapping,get,64,10000,4,0,262144,shuffle,20261005,case_003216.csv
3217,mapping,get,128,10000,4,0,131200,identity,20261005,case_003217.csv
3218,mapping,get,128,10000,4,0,131200,reverse,20261005,case_003218.csv
3219,mapping,get,128,10000,4,0,131200,transpose,20261005,case_003219.csv
3220,mapping,get,128,10000,4,0,131200,shuffle,20261005,case_003220.csv
3221,mapping,get,128,10000,4,0,131328,identity,20261005,case_003221.csv
3222,mapping,get,128,10000,4,0,131328,reverse,20261005,case_003222.csv
3223,mapping,get,128,10000,4,0,131328,transpose,20261005,case_003223.csv
3224,mapping,get,128,10000,4,0,131328,shuffle,20261005,case_003224.csv
3225,mapping,get,128,10000,4,0,135168,identity,20261005,case_003225.csv
3226,mapping,get,128,10000,4,0,135168,reverse,20261005,case_003226.csv
3227,mapping,get,128,10000,4,0,135168,transpose,20261005,case_003227.csv
3228,mapping,get,128,10000,4,0,135168,shuffle,20261005,case_003228.csv
3229,mapping,get,128,10000,4,0,262144,identity,20261005,case_003229.csv
3230,mapping,get,128,10000,4,0,262144,reverse,20261005,case_003230.csv
3231,mapping,get,128,10000,4,0,262144,transpose,20261005,case_003231.csv
3232,mapping,get,128,10000,4,0,262144,shuffle,20261005,case_003232.csv
3233,mapping,get,256,10000,4,0,131200,identity,20261005,case_003233.csv
3234,mapping,get,256,10000,4,0,131200,reverse,20261005,case_003234.csv
3235,mapping,get,256,10000,4,0,131200,transpose,20261005,case_003235.csv
3236,mapping,get,256,10000,4,0,131200,shuffle,20261005,case_003236.csv
3237,mapping,get,256,10000,4,0,131328,identity,20261005,case_003237.csv
3238,mapping,get,256,10000,4,0,131328,reverse,20261005,case_003238.csv
3239,mapping,get,256,10000,4,0,131328,transpose,20261005,case_003239.csv
3240,mapping,get,256,10000,4,0,131328,shuffle,20261005,case_003240.csv
3241,mapping,get,256,10000,4,0,135168,identity,20261005,case_003241.csv
3242,mapping,get,256,10000,4,0,135168,reverse,20261005,case_003242.csv
3243,mapping,get,256,10000,4,0,135168,transpose,20261005,case_003243.csv
3244,mapping,get,256,10000,4,0,135168,shuffle,20261005,case_003244.csv
3245,mapping,get,256,10000,4,0,262144,identity,20261005,case_003245.csv
3246,mapping,get,256,10000,4,0,262144,reverse,20261005,case_003246.csv
3247,mapping,get,256,10000,4,0,262144,transpose,20261005,case_003247.csv
3248,mapping,get,256,10000,4,0,262144,shuffle,20261005,case_003248.csv
3249,mapping,get,4096,1000,4,0,131200,identity,20261005,case_003249.csv
3250,mapping,get,4096,1000,4,0,131200,reverse,20261005,case_003250.csv
3251,mapping,get,4096,1000,4,0,131200,transpose,20261005,case_003251.csv
3252,mapping,get,4096,1000,4,0,131200,shuffle,20261005,case_003252.csv
3253,mapping,get,4096,1000,4,0,131328,identity,20261005,case_003253.csv
3254,mapping,get,4096,1000,4,0,131328,reverse,20261005,case_003254.csv
3255,mapping,get,4096,1000,4,0,131328,transpose,20261005,case_003255.csv
3256,mapping,get,4096,1000,4,0,131328,shuffle,20261005,case_003256.csv
3257,mapping,get,4096,1000,4,0,135168,identity,20261005,case_003257.csv
3258,mapping,get,4096,1000,4,0,135168,reverse,20261005,case_003258.csv
3259,mapping,get,4096,1000,4,0,135168,transpose,20261005,case_003259.csv
3260,mapping,get,4096,1000,4,0,135168,shuffle,20261005,case_003260.csv
3261,mapping,get,4096,1000,4,0,262144,identity,20261005,case_003261.csv
3262,mapping,get,4096,1000,4,0,262144,reverse,20261005,case_003262.csv
3263,mapping,get,4096,1000,4,0,262144,transpose,20261005,case_003263.csv
3264,mapping,get,4096,1000,4,0,262144,shuffle,20261005,case_003264.csv
3265,mapping,get,32768,1000,4,0,131200,identity,20261005,case_003265.csv
3266,mapping,get,32768,1000,4,0,131200,reverse,20261005,case_003266.csv
3267,mapping,get,32768,1000,4,0,131200,transpose,20261005,case_003267.csv
3268,mapping,get,32768,1000,4,0,131200,shuffle,20261005,case_003268.csv
3269,mapping,get,32768,1000,4,0,131328,identity,20261005,case_003269.csv
3270,mapping,get,32768,1000,4,0,131328,reverse,20261005,case_003270.csv
3271,mapping,get,32768,1000,4,0,131328,transpose,20261005,case_003271.csv
3272,mapping,get,32768,1000,4,0,131328,shuffle,20261005,case_003272.csv
3273,mapping,get,32768,1000,4,0,135168,identity,20261005,case_003273.csv
3274,mapping,get,32768,1000,4,0,135168,reverse,20261005,case_003274.csv
3275,mapping,get,32768,1000,4,0,135168,transpose,20261005,case_003275.csv
3276,mapping,get,32768,1000,4,0,135168,shuffle,20261005,case_003276.csv
3277,mapping,get,32768,1000,4,0,262144,identity,20261005,case_003277.csv
3278,mapping,get,32768,1000,4,0,262144,reverse,20261005,case_003278.csv
3279,mapping,get,32768,1000,4,0,262144,transpose,20261005,case_003279.csv
3280,mapping,get,32768,1000,4,0,262144,shuffle,20261005,case_003280.csv
3281,mapping,get,65536,1000,4,0,131200,identity,20261005,case_003281.csv
3282,mapping,get,65536,1000,4,0,131200,reverse,20261005,case_003282.csv
3283,mapping,get,65536,1000,4,0,131200,transpose,20261005,case_003283.csv
3284,mapping,get,65536,1000,4,0,131200,shuffle,20261005,case_003284.csv
3285,mapping,get,65536,1000,4,0,131328,identity,20261005,case_003285.csv
3286,mapping,get,65536,1000,4,0,131328,reverse,20261005,case_003286.csv
3287,mapping,get,65536,1000,4,0,131328,transpose,20261005,case_003287.csv
3288,mapping,get,65536,1000,4,0,131328,shuffle,20261005,case_003288.csv
3289,mapping,get,65536,1000,4,0,135168,identity,20261005,case_003289.csv
3290,mapping,get,65536,1000,4,0,135168,reverse,20261005,case_003290.csv
3291,mapping,get,65536,1000,4,0,135168,transpose,20261005,case_003291.csv
3292,mapping,get,65536,1000,4,0,135168,shuffle,20261005,case_003292.csv
3293,mapping,get,65536,1000,4,0,262144,identity,20261005,case_003293.csv
3294,mapping,get,65536,1000,4,0,262144,reverse,20261005,case_003294.csv
3295,mapping,get,65536,1000,4,0,262144,transpose,20261005,case_003295.csv
3296,mapping,get,65536,1000,4,0,262144,shuffle,20261005,case_003296.csv
3297,mapping,get,98304,1000,4,0,131200,identity,20261005,case_003297.csv
3298,mapping,get,98304,1000,4,0,131200,reverse,20261005,case_003298.csv
3299,mapping,get,98304,1000,4,0,131200,transpose,20261005,case_003299.csv
3300,mapping,get,98304,1000,4,0,131200,shuffle,20261005,case_003300.csv
3301,mapping,get,98304,1000,4,0,131328,identity,20261005,case_003301.csv
3302,mapping,get,98304,1000,4,0,131328,reverse,20261005,case_003302.csv
3303,mapping,get,98304,1000,4,0,131328,transpose,20261005,case_003303.csv
3304,mapping,get,98304,1000,4,0,131328,shuffle,20261005,case_003304.csv
3305,mapping,get,98304,1000,4,0,135168,identity,20261005,case_003305.csv
3306,mapping,get,98304,1000,4,0,135168,reverse,20261005,case_003306.csv
3307,mapping,get,98304,1000,4,0,135168,transpose,20261005,case_003307.csv
3308,mapping,get,98304,1000,4,0,135168,shuffle,20261005,case_003308.csv
3309,mapping,get,98304,1000,4,0,262144,identity,20261005,case_003309.csv
3310,mapping,get,98304,1000,4,0,262144,reverse,20261005,case_003310.csv
3311,mapping,get,98304,1000,4,0,262144,transpose,20261005,case_003311.csv
3312,mapping,get,98304,1000,4,0,262144,shuffle,20261005,case_003312.csv
3313,mapping,get,131072,1000,4,0,131200,identity,20261005,case_003313.csv
3314,mapping,get,131072,1000,4,0,131200,reverse,20261005,case_003314.csv
3315,mapping,get,131072,1000,4,0,131200,transpose,20261005,case_003315.csv
3316,mapping,get,131072,1000,4,0,131200,shuffle,20261005,case_003316.csv
3317,mapping,get,131072,1000,4,0,131328,identity,20261005,case_003317.csv
3318,mapping,get,131072,1000,4,0,131328,reverse,20261005,case_003318.csv
3319,mapping,get,131072,1000,4,0,131328,transpose,20261005,case_003319.csv
3320,mapping,get,131072,1000,4,0,131328,shuffle,20261005,case_003320.csv
3321,mapping,get,131072,1000,4,0,135168,identity,20261005,case_003321.csv
3322,mapping,get,131072,1000,4,0,135168,reverse,20261005,case_003322.csv
3323,mapping,get,131072,1000,4,0,135168,transpose,20261005,case_003323.csv
3324,mapping,get,131072,1000,4,0,135168,shuffle,20261005,case_003324.csv
3325,mapping,get,131072,1000,4,0,262144,identity,20261005,case_003325.csv
3326,mapping,get,131072,1000,4,0,262144,reverse,20261005,case_003326.csv
3327,mapping,get,131072,1000,4,0,262144,transpose,20261005,case_003327.csv
3328,mapping,get,131072,1000,4,0,262144,shuffle,20261005,case_003328.csv
3329,mapping,get,64,10000,4,4,131200,identity,20261005,case_003329.csv
3330,mapping,get,64,10000,4,4,131200,reverse,20261005,case_003330.csv
3331,mapping,get,64,10000,4,4,131200,transpose,20261005,case_003331.csv
3332,mapping,get,64,10000,4,4,131200,shuffle,20261005,case_003332.csv
3333,mapping,get,64,10000,4,4,131328,identity,20261005,case_003333.csv
3334,mapping,get,64,10000,4,4,131328,reverse,20261005,case_003334.csv
3335,mapping,get,64,10000,4,4,131328,transpose,20261005,case_003335.csv
3336,mapping,get,64,10000,4,4,131328,shuffle,20261005,case_003336.csv
3337,mapping,get,64,10000,4,4,135168,identity,20261005,case_003337.csv
3338,mapping,get,64,10000,4,4,135168,reverse,20261005,case_003338.csv
3339,mapping,get,64,10000,4,4,135168,transpose,20261005,case_003339.csv
3340,mapping,get,64,10000,4,4,135168,shuffle,20261005,case_003340.csv
3341,mapping,get,64,10000,4,4,262144,identity,20261005,case_003341.csv
3342,mapping,get,64,10000,4,4,262144,reverse,20261005,case_003342.csv
3343,mapping,get,64,10000,4,4,262144,transpose,20261005,case_003343.csv
3344,mapping,get,64,10000,4,4,262144,shuffle,20261005,case_003344.csv
3345,mapping,get,128,10000,4,4,131200,identity,20261005,case_003345.csv
3346,mapping,get,128,10000,4,4,131200,reverse,20261005,case_003346.csv
3347,mapping,get,128,10000,4,4,131200,transpose,20261005,case_003347.csv
3348,mapping,get,128,10000,4,4,131200,shuffle,20261005,case_003348.csv
3349,mapping,get,128,10000,4,4,131328,identity,20261005,case_003349.csv
3350,mapping,get,128,10000,4,4,131328,reverse,20261005,case_003350.csv
3351,mapping,get,128,10000,4,4,131328,transpose,20261005,case_003351.csv
3352,mapping,get,128,10000,4,4,131328,shuffle,20261005,case_003352.csv
3353,mapping,get,128,10000,4,4,135168,identity,20261005,case_003353.csv
3354,mapping,get,128,10000,4,4,135168,reverse,20261005,case_003354.csv
3355,mapping,get,128,10000,4,4,135168,transpose,20261005,case_003355.csv
3356,mapping,get,128,10000,4,4,135168,shuffle,20261005,case_003356.csv
3357,mapping,get,128,10000,4,4,262144,identity,20261005,case_003357.csv
3358,mapping,get,128,10000,4,4,262144,reverse,20261005,case_003358.csv
3359,mapping,get,128,10000,4,4,262144,transpose,20261005,case_003359.csv
3360,mapping,get,128,10000,4,4,262144,shuffle,20261005,case_003360.csv
3361,mapping,get,256,10000,4,4,131200,identity,20261005,case_003361.csv
3362,mapping,get,256,10000,4,4,131200,reverse,20261005,case_003362.csv
3363,mapping,get,256,10000,4,4,131200,transpose,20261005,case_003363.csv
3364,mapping,get,256,10000,4,4,131200,shuffle,20261005,case_003364.csv
3365,mapping,get,256,10000,4,4,131328,identity,20261005,case_003365.csv
3366,mapping,get,256,10000,4,4,131328,reverse,20261005,case_003366.csv
3367,mapping,get,256,10000,4,4,131328,transpose,20261005,case_003367.csv
3368,mapping,get,256,10000,4,4,131328,shuffle,20261005,case_003368.csv
3369,mapping,get,256,10000,4,4,135168,identity,20261005,case_003369.csv
3370,mapping,get,256,10000,4,4,135168,reverse,20261005,case_003370.csv
3371,mapping,get,256,10000,4,4,135168,transpose,20261005,case_003371.csv
3372,mapping,get,256,10000,4,4,135168,shuffle,20261005,case_003372.csv
3373,mapping,get,256,10000,4,4,262144,identity,20261005,case_003373.csv
3374,mapping,get,256,10000,4,4,262144,reverse,20261005,case_003374.csv
3375,mapping,get,256,10000,4,4,262144,transpose,20261005,case_003375.csv
3376,mapping,get,256,10000,4,4,262144,shuffle,20261005,case_003376.csv
3377,mapping,get,4096,1000,4,4,131200,identity,20261005,case_003377.csv
3378,mapping,get,4096,1000,4,4,131200,reverse,20261005,case_003378.csv
3379,mapping,get,4096,1000,4,4,131200,transpose,20261005,case_003379.csv
3380,mapping,get,4096,1000,4,4,131200,shuffle,20261005,case_003380.csv
3381,mapping,get,4096,1000,4,4,131328,identity,20261005,case_003381.csv
3382,mapping,get,4096,1000,4,4,131328,reverse,20261005,case_003382.csv
3383,mapping,get,4096,1000,4,4,131328,transpose,20261005,case_003383.csv
3384,mapping,get,4096,1000,4,4,131328,shuffle,20261005,case_003384.csv
3385,mapping,get,4096,1000,4,4,135168,identity,20261005,case_003385.csv
3386,mapping,get,4096,1000,4,4,135168,reverse,20261005,case_003386.csv
3387,mapping,get,4096,1000,4,4,135168,transpose,20261005,case_003387.csv
3388,mapping,get,4096,1000,4,4,135168,shuffle,20261005,case_003388.csv
3389,mapping,get,4096,1000,4,4,262144,identity,20261005,case_003389.csv
3390,mapping,get,4096,1000,4,4,262144,reverse,20261005,case_003390.csv
3391,mapping,get,4096,1000,4,4,262144,transpose,20261005,case_003391.csv
3392,mapping,get,4096,1000,4,4,262144,shuffle,20261005,case_003392.csv
3393,mapping,get,32768,1000,4,4,131200,identity,20261005,case_003393.csv
3394,mapping,get,32768,1000,4,4,131200,reverse,20261005,case_003394.csv
3395,mapping,get,32768,1000,4,4,131200,transpose,20261005,case_003395.csv
3396,mapping,get,32768,1000,4,4,131200,shuffle,20261005,case_003396.csv
3397,mapping,get,32768,1000,4,4,131328,identity,20261005,case_003397.csv
3398,mapping,get,32768,1000,4,4,131328,reverse,20261005,case_003398.csv
3399,mapping,get,32768,1000,4,4,131328,transpose,20261005,case_003399.csv
3400,mapping,get,32768,1000,4,4,131328,shuffle,20261005,case_003400.csv
3401,mapping,get,32768,1000,4,4,135168,identity,20261005,case_003401.csv
3402,mapping,get,32768,1000,4,4,135168,reverse,20261005,case_003402.csv
3403,mapping,get,32768,1000,4,4,135168,transpose,20261005,case_003403.csv
3404,mapping,get,32768,1000,4,4,135168,shuffle,20261005,case_003404.csv
3405,mapping,get,32768,1000,4,4,262144,identity,20261005,case_003405.csv
3406,mapping,get,32768,1000,4,4,262144,reverse,20261005,case_003406.csv
3407,mapping,get,32768,1000,4,4,262144,transpose,20261005,case_003407.csv
3408,mapping,get,32768,1000,4,4,262144,shuffle,20261005,case_003408.csv
3409,mapping,get,65536,1000,4,4,131200,identity,20261005,case_003409.csv
3410,mapping,get,65536,1000,4,4,131200,reverse,20261005,case_003410.csv
3411,mapping,get,65536,1000,4,4,131200,transpose,20261005,case_003411.csv
3412,mapping,get,65536,1000,4,4,131200,shuffle,20261005,case_003412.csv
3413,mapping,get,65536,1000,4,4,131328,identity,20261005,case_003413.csv
3414,mapping,get,65536,1000,4,4,131328,reverse,20261005,case_003414.csv
3415,mapping,get,65536,1000,4,4,131328,transpose,20261005,case_003415.csv
3416,mapping,get,65536,1000,4,4,131328,shuffle,20261005,case_003416.csv
3417,mapping,get,65536,1000,4,4,135168,identity,20261005,case_003417.csv
3418,mapping,get,65536,1000,4,4,135168,reverse,20261005,case_003418.csv
3419,mapping,get,65536,1000,4,4,135168,transpose,20261005,case_003419.csv
3420,mapping,get,65536,1000,4,4,135168,shuffle,20261005,case_003420.csv
3421,mapping,get,65536,1000,4,4,262144,identity,20261005,case_003421.csv
3422,mapping,get,65536,1000,4,4,262144,reverse,20261005,case_003422.csv
3423,mapping,get,65536,1000,4,4,262144,transpose,20261005,case_003423.csv
3424,mapping,get,65536,1000,4,4,262144,shuffle,20261005,case_003424.csv
3425,mapping,get,98304,1000,4,4,131200,identity,20261005,case_003425.csv
3426,mapping,get,98304,1000,4,4,131200,reverse,20261005,case_003426.csv
3427,mapping,get,98304,1000,4,4,131200,transpose,20261005,case_003427.csv
3428,mapping,get,98304,1000,4,4,131200,shuffle,20261005,case_003428.csv
3429,mapping,get,98304,1000,4,4,131328,identity,20261005,case_003429.csv
3430,mapping,get,98304,1000,4,4,131328,reverse,20261005,case_003430.csv
3431,mapping,get,98304,1000,4,4,131328,transpose,20261005,case_003431.csv
3432,mapping,get,98304,1000,4,4,131328,shuffle,20261005,case_003432.csv
3433,mapping,get,98304,1000,4,4,135168,identity,20261005,case_003433.csv
3434,mapping,get,98304,1000,4,4,135168,reverse,20261005,case_003434.csv
3435,mapping,get,98304,1000,4,4,135168,transpose,20261005,case_003435.csv
3436,mapping,get,98304,1000,4,4,135168,shuffle,20261005,case_003436.csv
3437,mapping,get,98304,1000,4,4,262144,identity,20261005,case_003437.csv
3438,mapping,get,98304,1000,4,4,262144,reverse,20261005,case_003438.csv
3439,mapping,get,98304,1000,4,4,262144,transpose,20261005,case_003439.csv
3440,mapping,get,98304,1000,4,4,262144,shuffle,20261005,case_003440.csv
3441,mapping,get,131072,1000,4,4,131200,identity,20261005,case_003441.csv
3442,mapping,get,131072,1000,4,4,131200,reverse,20261005,case_003442.csv
3443,mapping,get,131072,1000,4,4,131200,transpose,20261005,case_003443.csv
3444,mapping,get,131072,1000,4,4,131200,shuffle,20261005,case_003444.csv
3445,mapping,get,131072,1000,4,4,131328,identity,20261005,case_003445.csv
3446,mapping,get,131072,1000,4,4,131328,reverse,20261005,case_003446.csv
3447,mapping,get,131072,1000,4,4,131328,transpose,20261005,case_003447.csv
3448,mapping,get,131072,1000,4,4,131328,shuffle,20261005,case_003448.csv
3449,mapping,get,131072,1000,4,4,135168,identity,20261005,case_003449.csv
3450,mapping,get,131072,1000,4,4,135168,reverse,20261005,case_003450.csv
3451,mapping,get,131072,1000,4,4,135168,transpose,20261005,case_003451.csv
3452,mapping,get,131072,1000,4,4,135168,shuffle,20261005,case_003452.csv
3453,mapping,get,131072,1000,4,4,262144,identity,20261005,case_003453.csv
3454,mapping,get,131072,1000,4,4,262144,reverse,20261005,case_003454.csv
3455,mapping,get,131072,1000,4,4,262144,transpose,20261005,case_003455.csv
3456,mapping,get,131072,1000,4,4,262144,shuffle,20261005,case_003456.csv
3457,mapping,get,64,10000,8,0,131200,identity,20261005,case_003457.csv
3458,mapping,get,64,10000,8,0,131200,reverse,20261005,case_003458.csv
3459,mapping,get,64,10000,8,0,131200,transpose,20261005,case_003459.csv
3460,mapping,get,64,10000,8,0,131200,shuffle,20261005,case_003460.csv
3461,mapping,get,64,10000,8,0,131328,identity,20261005,case_003461.csv
3462,mapping,get,64,10000,8,0,131328,reverse,20261005,case_003462.csv
3463,mapping,get,64,10000,8,0,131328,transpose,20261005,case_003463.csv
3464,mapping,get,64,10000,8,0,131328,shuffle,20261005,case_003464.csv
3465,mapping,get,64,10000,8,0,135168,identity,20261005,case_003465.csv
3466,mapping,get,64,10000,8,0,135168,reverse,20261005,case_003466.csv
3467,mapping,get,64,10000,8,0,135168,transpose,20261005,case_003467.csv
3468,mapping,get,64,10000,8,0,135168,shuffle,20261005,case_003468.csv
3469,mapping,get,64,10000,8,0,262144,identity,20261005,case_003469.csv
3470,mapping,get,64,10000,8,0,262144,reverse,20261005,case_003470.csv
3471,mapping,get,64,10000,8,0,262144,transpose,20261005,case_003471.csv
3472,mapping,get,64,10000,8,0,262144,shuffle,20261005,case_003472.csv
3473,mapping,get,128,10000,8,0,131200,identity,20261005,case_003473.csv
3474,mapping,get,128,10000,8,0,131200,reverse,20261005,case_003474.csv
3475,mapping,get,128,10000,8,0,131200,transpose,20261005,case_003475.csv
3476,mapping,get,128,10000,8,0,131200,shuffle,20261005,case_003476.csv
3477,mapping,get,128,10000,8,0,131328,identity,20261005,case_003477.csv
3478,mapping,get,128,10000,8,0,131328,reverse,20261005,case_003478.csv
3479,mapping,get,128,10000,8,0,131328,transpose,20261005,case_003479.csv
3480,mapping,get,128,10000,8,0,131328,shuffle,20261005,case_003480.csv
3481,mapping,get,128,10000,8,0,135168,identity,20261005,case_003481.csv
3482,mapping,get,128,10000,8,0,135168,reverse,20261005,case_003482.csv
3483,mapping,get,128,10000,8,0,135168,transpose,20261005,case_003483.csv
3484,mapping,get,128,10000,8,0,135168,shuffle,20261005,case_003484.csv
3485,mapping,get,128,10000,8,0,262144,identity,20261005,case_003485.csv
3486,mapping,get,128,10000,8,0,262144,reverse,20261005,case_003486.csv
3487,mapping,get,128,10000,8,0,262144,transpose,20261005,case_003487.csv
3488,mapping,get,128,10000,8,0,262144,shuffle,20261005,case_003488.csv
3489,mapping,get,256,10000,8,0,131200,identity,20261005,case_003489.csv
3490,mapping,get,256,10000,8,0,131200,reverse,20261005,case_003490.csv
3491,mapping,get,256,10000,8,0,131200,transpose,20261005,case_003491.csv
3492,mapping,get,256,10000,8,0,131200,shuffle,20261005,case_003492.csv
3493,mapping,get,256,10000,8,0,131328,identity,20261005,case_003493.csv
3494,mapping,get,256,10000,8,0,131328,reverse,20261005,case_003494.csv
3495,mapping,get,256,10000,8,0,131328,transpose,20261005,case_003495.csv
3496,mapping,get,256,10000,8,0,131328,shuffle,20261005,case_003496.csv
3497,mapping,get,256,10000,8,0,135168,identity,20261005,case_003497.csv
3498,mapping,get,256,10000,8,0,135168,reverse,20261005,case_003498.csv
3499,mapping,get,256,10000,8,0,135168,transpose,20261005,case_003499.csv
3500,mapping,get,256,10000,8,0,135168,shuffle,20261005,case_003500.csv
3501,mapping,get,256,10000,8,0,262144,identity,20261005,case_003501.csv
3502,mapping,get,256,10000,8,0,262144,reverse,20261005,case_003502.csv
3503,mapping,get,256,10000,8,0,262144,transpose,20261005,case_003503.csv
3504,mapping,get,256,10000,8,0,262144,shuffle,20261005,case_003504.csv
3505,mapping,get,4096,1000,8,0,131200,identity,20261005,case_003505.csv
3506,mapping,get,4096,1000,8,0,131200,reverse,20261005,case_003506.csv
3507,mapping,get,4096,1000,8,0,131200,transpose,20261005,case_003507.csv
3508,mapping,get,4096,1000,8,0,131200,shuffle,20261005,case_003508.csv
3509,mapping,get,4096,1000,8,0,131328,identity,20261005,case_003509.csv
3510,mapping,get,4096,1000,8,0,131328,reverse,20261005,case_003510.csv
3511,mapping,get,4096,1000,8,0,131328,transpose,20261005,case_003511.csv
3512,mapping,get,4096,1000,8,0,131328,shuffle,20261005,case_003512.csv
3513,mapping,get,4096,1000,8,0,135168,identity,20261005,case_003513.csv
3514,mapping,get,4096,1000,8,0,135168,reverse,20261005,case_003514.csv
3515,mapping,get,4096,1000,8,0,135168,transpose,20261005,case_003515.csv
3516,mapping,get,4096,1000,8,0,135168,shuffle,20261005,case_003516.csv
3517,mapping,get,4096,1000,8,0,262144,identity,20261005,case_003517.csv
3518,mapping,get,4096,1000,8,0,262144,reverse,20261005,case_003518.csv
3519,mapping,get,4096,1000,8,0,262144,transpose,20261005,case_003519.csv
3520,mapping,get,4096,1000,8,0,262144,shuffle,20261005,case_003520.csv
3521,mapping,get,32768,1000,8,0,131200,identity,20261005,case_003521.csv
3522,mapping,get,32768,1000,8,0,131200,reverse,20261005,case_003522.csv
3523,mapping,get,32768,1000,8,0,131200,transpose,20261005,case_003523.csv
3524,mapping,get,32768,1000,8,0,131200,shuffle,20261005,case_003524.csv
3525,mapping,get,32768,1000,8,0,131328,identity,20261005,case_003525.csv
3526,mapping,get,32768,1000,8,0,131328,reverse,20261005,case_003526.csv
3527,mapping,get,32768,1000,8,0,131328,transpose,20261005,case_003527.csv
3528,mapping,get,32768,1000,8,0,131328,shuffle,20261005,case_003528.csv
3529,mapping,get,32768,1000,8,0,135168,identity,20261005,case_003529.csv
3530,mapping,get,32768,1000,8,0,135168,reverse,20261005,case_003530.csv
3531,mapping,get,32768,1000,8,0,135168,transpose,20261005,case_003531.csv
3532,mapping,get,32768,1000,8,0,135168,shuffle,20261005,case_003532.csv
3533,mapping,get,32768,1000,8,0,262144,identity,20261005,case_003533.csv
3534,mapping,get,32768,1000,8,0,262144,reverse,20261005,case_003534.csv
3535,mapping,get,32768,1000,8,0,262144,transpose,20261005,case_003535.csv
3536,mapping,get,32768,1000,8,0,262144,shuffle,20261005,case_003536.csv
3537,mapping,get,65536,1000,8,0,131200,identity,20261005,case_003537.csv
3538,mapping,get,65536,1000,8,0,131200,reverse,20261005,case_003538.csv
3539,mapping,get,65536,1000,8,0,131200,transpose,20261005,case_003539.csv
3540,mapping,get,65536,1000,8,0,131200,shuffle,20261005,case_003540.csv
3541,mapping,get,65536,1000,8,0,131328,identity,20261005,case_003541.csv
3542,mapping,get,65536,1000,8,0,131328,reverse,20261005,case_003542.csv
3543,mapping,get,65536,1000,8,0,131328,transpose,20261005,case_003543.csv
3544,mapping,get,65536,1000,8,0,131328,shuffle,20261005,case_003544.csv
3545,mapping,get,65536,1000,8,0,135168,identity,20261005,case_003545.csv
3546,mapping,get,65536,1000,8,0,135168,reverse,20261005,case_003546.csv
3547,mapping,get,65536,1000,8,0,135168,transpose,20261005,case_003547.csv
3548,mapping,get,65536,1000,8,0,135168,shuffle,20261005,case_003548.csv
3549,mapping,get,65536,1000,8,0,262144,identity,20261005,case_003549.csv
3550,mapping,get,65536,1000,8,0,262144,reverse,20261005,case_003550.csv
3551,mapping,get,65536,1000,8,0,262144,transpose,20261005,case_003551.csv
3552,mapping,get,65536,1000,8,0,262144,shuffle,20261005,case_003552.csv
3553,mapping,get,98304,1000,8,0,131200,identity,20261005,case_003553.csv
3554,mapping,get,98304,1000,8,0,131200,reverse,20261005,case_003554.csv
3555,mapping,get,98304,1000,8,0,131200,transpose,20261005,case_003555.csv
3556,mapping,get,98304,1000,8,0,131200,shuffle,20261005,case_003556.csv
3557,mapping,get,98304,1000,8,0,131328,identity,20261005,case_003557.csv
3558,mapping,get,98304,1000,8,0,131328,reverse,20261005,case_003558.csv
3559,mapping,get,98304,1000,8,0,131328,transpose,20261005,case_003559.csv
3560,mapping,get,98304,1000,8,0,131328,shuffle,20261005,case_003560.csv
3561,mapping,get,98304,1000,8,0,135168,identity,20261005,case_003561.csv
3562,mapping,get,98304,1000,8,0,135168,reverse,20261005,case_003562.csv
3563,mapping,get,98304,1000,8,0,135168,transpose,20261005,case_003563.csv
3564,mapping,get,98304,1000,8,0,135168,shuffle,20261005,case_003564.csv
3565,mapping,get,98304,1000,8,0,262144,identity,20261005,case_003565.csv
3566,mapping,get,98304,1000,8,0,262144,reverse,20261005,case_003566.csv
3567,mapping,get,98304,1000,8,0,262144,transpose,20261005,case_003567.csv
3568,mapping,get,98304,1000,8,0,262144,shuffle,20261005,case_003568.csv
3569,mapping,get,131072,1000,8,0,131200,identity,20261005,case_003569.csv
3570,mapping,get,131072,1000,8,0,131200,reverse,20261005,case_003570.csv
3571,mapping,get,131072,1000,8,0,131200,transpose,20261005,case_003571.csv
3572,mapping,get,131072,1000,8,0,131200,shuffle,20261005,case_003572.csv
3573,mapping,get,131072,1000,8,0,131328,identity,20261005,case_003573.csv
3574,mapping,get,131072,1000,8,0,131328,reverse,20261005,case_003574.csv
3575,mapping,get,131072,1000,8,0,131328,transpose,20261005,case_003575.csv
3576,mapping,get,131072,1000,8,0,131328,shuffle,20261005,case_003576.csv
3577,mapping,get,131072,1000,8,0,135168,identity,20261005,case_003577.csv
3578,mapping,get,131072,1000,8,0,135168,reverse,20261005,case_003578.csv
3579,mapping,get,131072,1000,8,0,135168,transpose,20261005,case_003579.csv
3580,mapping,get,131072,1000,8,0,135168,shuffle,20261005,case_003580.csv
3581,mapping,get,131072,1000,8,0,262144,identity,20261005,case_003581.csv
3582,mapping,get,131072,1000,8,0,262144,reverse,20261005,case_003582.csv
3583,mapping,get,131072,1000,8,0,262144,transpose,20261005,case_003583.csv
3584,mapping,get,131072,1000,8,0,262144,shuffle,20261005,case_003584.csv
3585,mapping,get,64,10000,8,4,131200,identity,20261005,case_003585.csv
3586,mapping,get,64,10000,8,4,131200,reverse,20261005,case_003586.csv
3587,mapping,get,64,10000,8,4,131200,transpose,20261005,case_003587.csv
3588,mapping,get,64,10000,8,4,131200,shuffle,20261005,case_003588.csv
3589,mapping,get,64,10000,8,4,131328,identity,20261005,case_003589.csv
3590,mapping,get,64,10000,8,4,131328,reverse,20261005,case_003590.csv
3591,mapping,get,64,10000,8,4,131328,transpose,20261005,case_003591.csv
3592,mapping,get,64,10000,8,4,131328,shuffle,20261005,case_003592.csv
3593,mapping,get,64,10000,8,4,135168,identity,20261005,case_003593.csv
3594,mapping,get,64,10000,8,4,135168,reverse,20261005,case_003594.csv
3595,mapping,get,64,10000,8,4,135168,transpose,20261005,case_003595.csv
3596,mapping,get,64,10000,8,4,135168,shuffle,20261005,case_003596.csv
3597,mapping,get,64,10000,8,4,262144,identity,20261005,case_003597.csv
3598,mapping,get,64,10000,8,4,262144,reverse,20261005,case_003598.csv
3599,mapping,get,64,10000,8,4,262144,transpose,20261005,case_003599.csv
3600,mapping,get,64,10000,8,4,262144,shuffle,20261005,case_003600.csv
3601,mapping,get,128,10000,8,4,131200,identity,20261005,case_003601.csv
3602,mapping,get,128,10000,8,4,131200,reverse,20261005,case_003602.csv
3603,mapping,get,128,10000,8,4,131200,transpose,20261005,case_003603.csv
3604,mapping,get,128,10000,8,4,131200,shuffle,20261005,case_003604.csv
3605,mapping,get,128,10000,8,4,131328,identity,20261005,case_003605.csv
3606,mapping,get,128,10000,8,4,131328,reverse,20261005,case_003606.csv
3607,mapping,get,128,10000,8,4,131328,transpose,20261005,case_003607.csv
3608,mapping,get,128,10000,8,4,131328,shuffle,20261005,case_003608.csv
3609,mapping,get,128,10000,8,4,135168,identity,20261005,case_003609.csv
3610,mapping,get,128,10000,8,4,135168,reverse,20261005,case_003610.csv
3611,mapping,get,128,10000,8,4,135168,transpose,20261005,case_003611.csv
3612,mapping,get,128,10000,8,4,135168,shuffle,20261005,case_003612.csv
3613,mapping,get,128,10000,8,4,262144,identity,20261005,case_003613.csv
3614,mapping,get,128,10000,8,4,262144,reverse,20261005,case_003614.csv
3615,mapping,get,128,10000,8,4,262144,transpose,20261005,case_003615.csv
3616,mapping,get,128,10000,8,4,262144,shuffle,20261005,case_003616.csv
3617,mapping,get,256,10000,8,4,131200,identity,20261005,case_003617.csv
3618,mapping,get,256,10000,8,4,131200,reverse,20261005,case_003618.csv
3619,mapping,get,256,10000,8,4,131200,transpose,20261005,case_003619.csv
3620,mapping,get,256,10000,8,4,131200,shuffle,20261005,case_003620.csv
3621,mapping,get,256,10000,8,4,131328,identity,20261005,case_003621.csv
3622,mapping,get,256,10000,8,4,131328,reverse,20261005,case_003622.csv
3623,mapping,get,256,10000,8,4,131328,transpose,20261005,case_003623.csv
3624,mapping,get,256,10000,8,4,131328,shuffle,20261005,case_003624.csv
3625,mapping,get,256,10000,8,4,135168,identity,20261005,case_003625.csv
3626,mapping,get,256,10000,8,4,135168,reverse,20261005,case_003626.csv
3627,mapping,get,256,10000,8,4,135168,transpose,20261005,case_003627.csv
3628,mapping,get,256,10000,8,4,135168,shuffle,20261005,case_003628.csv
3629,mapping,get,256,10000,8,4,262144,identity,20261005,case_003629.csv
3630,mapping,get,256,10000,8,4,262144,reverse,20261005,case_003630.csv
3631,mapping,get,256,10000,8,4,262144,transpose,20261005,case_003631.csv
3632,mapping,get,256,10000,8,4,262144,shuffle,20261005,case_003632.csv
3633,mapping,get,4096,1000,8,4,131200,identity,20261005,case_003633.csv
3634,mapping,get,4096,1000,8,4,131200,reverse,20261005,case_003634.csv
3635,mapping,get,4096,1000,8,4,131200,transpose,20261005,case_003635.csv
3636,mapping,get,4096,1000,8,4,131200,shuffle,20261005,case_003636.csv
3637,mapping,get,4096,1000,8,4,131328,identity,20261005,case_003637.csv
3638,mapping,get,4096,1000,8,4,131328,reverse,20261005,case_003638.csv
3639,mapping,get,4096,1000,8,4,131328,transpose,20261005,case_003639.csv
3640,mapping,get,4096,1000,8,4,131328,shuffle,20261005,case_003640.csv
3641,mapping,get,4096,1000,8,4,135168,identity,20261005,case_003641.csv
3642,mapping,get,4096,1000,8,4,135168,reverse,20261005,case_003642.csv
3643,mapping,get,4096,1000,8,4,135168,transpose,20261005,case_003643.csv
3644,mapping,get,4096,1000,8,4,135168,shuffle,20261005,case_003644.csv
3645,mapping,get,4096,1000,8,4,262144,identity,20261005,case_003645.csv
3646,mapping,get,4096,1000,8,4,262144,reverse,20261005,case_003646.csv
3647,mapping,get,4096,1000,8,4,262144,transpose,20261005,case_003647.csv
3648,mapping,get,4096,1000,8,4,262144,shuffle,20261005,case_003648.csv
3649,mapping,get,32768,1000,8,4,131200,identity,20261005,case_003649.csv
3650,mapping,get,32768,1000,8,4,131200,reverse,20261005,case_003650.csv
3651,mapping,get,32768,1000,8,4,131200,transpose,20261005,case_003651.csv
3652,mapping,get,32768,1000,8,4,131200,shuffle,20261005,case_003652.csv
3653,mapping,get,32768,1000,8,4,131328,identity,20261005,case_003653.csv
3654,mapping,get,32768,1000,8,4,131328,reverse,20261005,case_003654.csv
3655,mapping,get,32768,1000,8,4,131328,transpose,20261005,case_003655.csv
3656,mapping,get,32768,1000,8,4,131328,shuffle,20261005,case_003656.csv
3657,mapping,get,32768,1000,8,4,135168,identity,20261005,case_003657.csv
3658,mapping,get,32768,1000,8,4,135168,reverse,20261005,case_003658.csv
3659,mapping,get,32768,1000,8,4,135168,transpose,20261005,case_003659.csv
3660,mapping,get,32768,1000,8,4,135168,shuffle,20261005,case_003660.csv
3661,mapping,get,32768,1000,8,4,262144,identity,20261005,case_003661.csv
3662,mapping,get,32768,1000,8,4,262144,reverse,20261005,case_003662.csv
3663,mapping,get,32768,1000,8,4,262144,transpose,20261005,case_003663.csv
3664,mapping,get,32768,1000,8,4,262144,shuffle,20261005,case_003664.csv
3665,mapping,get,65536,1000,8,4,131200,identity,20261005,case_003665.csv
3666,mapping,get,65536,1000,8,4,131200,reverse,20261005,case_003666.csv
3667,mapping,get,65536,1000,8,4,131200,transpose,20261005,case_003667.csv
3668,mapping,get,65536,1000,8,4,131200,shuffle,20261005,case_003668.csv
3669,mapping,get,65536,1000,8,4,131328,identity,20261005,case_003669.csv
3670,mapping,get,65536,1000,8,4,131328,reverse,20261005,case_003670.csv
3671,mapping,get,65536,1000,8,4,131328,transpose,20261005,case_003671.csv
3672,mapping,get,65536,1000,8,4,131328,shuffle,20261005,case_003672.csv
3673,mapping,get,65536,1000,8,4,135168,identity,20261005,case_003673.csv
3674,mapping,get,65536,1000,8,4,135168,reverse,20261005,case_003674.csv
3675,mapping,get,65536,1000,8,4,135168,transpose,20261005,case_003675.csv
3676,mapping,get,65536,1000,8,4,135168,shuffle,20261005,case_003676.csv
3677,mapping,get,65536,1000,8,4,262144,identity,20261005,case_003677.csv
3678,mapping,get,65536,1000,8,4,262144,reverse,20261005,case_003678.csv
3679,mapping,get,65536,1000,8,4,262144,transpose,20261005,case_003679.csv
3680,mapping,get,65536,1000,8,4,262144,shuffle,20261005,case_003680.csv
3681,mapping,get,98304,1000,8,4,131200,identity,20261005,case_003681.csv
3682,mapping,get,98304,1000,8,4,131200,reverse,20261005,case_003682.csv
3683,mapping,get,98304,1000,8,4,131200,transpose,20261005,case_003683.csv
3684,mapping,get,98304,1000,8,4,131200,shuffle,20261005,case_003684.csv
3685,mapping,get,98304,1000,8,4,131328,identity,20261005,case_003685.csv
3686,mapping,get,98304,1000,8,4,131328,reverse,20261005,case_003686.csv
3687,mapping,get,98304,1000,8,4,131328,transpose,20261005,case_003687.csv
3688,mapping,get,98304,1000,8,4,131328,shuffle,20261005,case_003688.csv
3689,mapping,get,98304,1000,8,4,135168,identity,20261005,case_003689.csv
3690,mapping,get,98304,1000,8,4,135168,reverse,20261005,case_003690.csv
3691,mapping,get,98304,1000,8,4,135168,transpose,20261005,case_003691.csv
3692,mapping,get,98304,1000,8,4,135168,shuffle,20261005,case_003692.csv
3693,mapping,get,98304,1000,8,4,262144,identity,20261005,case_003693.csv
3694,mapping,get,98304,1000,8,4,262144,reverse,20261005,case_003694.csv
3695,mapping,get,98304,1000,8,4,262144,transpose,20261005,case_003695.csv
3696,mapping,get,98304,1000,8,4,262144,shuffle,20261005,case_003696.csv
3697,mapping,get,131072,1000,8,4,131200,identity,20261005,case_003697.csv
3698,mapping,get,131072,1000,8,4,131200,reverse,20261005,case_003698.csv
3699,mapping,get,131072,1000,8,4,131200,transpose,20261005,case_003699.csv
3700,mapping,get,131072,1000,8,4,131200,shuffle,20261005,case_003700.csv
3701,mapping,get,131072,1000,8,4,131328,identity,20261005,case_003701.csv
3702,mapping,get,131072,1000,8,4,131328,reverse,20261005,case_003702.csv
3703,mapping,get,131072,1000,8,4,131328,transpose,20261005,case_003703.csv
3704,mapping,get,131072,1000,8,4,131328,shuffle,20261005,case_003704.csv
3705,mapping,get,131072,1000,8,4,135168,identity,20261005,case_003705.csv
3706,mapping,get,131072,1000,8,4,135168,reverse,20261005,case_003706.csv
3707,mapping,get,131072,1000,8,4,135168,transpose,20261005,case_003707.csv
3708,mapping,get,131072,1000,8,4,135168,shuffle,20261005,case_003708.csv
3709,mapping,get,131072,1000,8,4,262144,identity,20261005,case_003709.csv
3710,mapping,get,131072,1000,8,4,262144,reverse,20261005,case_003710.csv
3711,mapping,get,131072,1000,8,4,262144,transpose,20261005,case_003711.csv
3712,mapping,get,131072,1000,8,4,262144,shuffle,20261005,case_003712.csv
3713,mapping,get,64,10000,16,0,131200,identity,20261005,case_003713.csv
3714,mapping,get,64,10000,16,0,131200,reverse,20261005,case_003714.csv
3715,mapping,get,64,10000,16,0,131200,transpose,20261005,case_003715.csv
3716,mapping,get,64,10000,16,0,131200,shuffle,20261005,case_003716.csv
3717,mapping,get,64,10000,16,0,131328,identity,20261005,case_003717.csv
3718,mapping,get,64,10000,16,0,131328,reverse,20261005,case_003718.csv
3719,mapping,get,64,10000,16,0,131328,transpose,20261005,case_003719.csv
3720,mapping,get,64,10000,16,0,131328,shuffle,20261005,case_003720.csv
3721,mapping,get,64,10000,16,0,135168,identity,20261005,case_003721.csv
3722,mapping,get,64,10000,16,0,135168,reverse,20261005,case_003722.csv
3723,mapping,get,64,10000,16,0,135168,transpose,20261005,case_003723.csv
3724,mapping,get,64,10000,16,0,135168,shuffle,20261005,case_003724.csv
3725,mapping,get,64,10000,16,0,262144,identity,20261005,case_003725.csv
3726,mapping,get,64,10000,16,0,262144,reverse,20261005,case_003726.csv
3727,mapping,get,64,10000,16,0,262144,transpose,20261005,case_003727.csv
3728,mapping,get,64,10000,16,0,262144,shuffle,20261005,case_003728.csv
3729,mapping,get,128,10000,16,0,131200,identity,20261005,case_003729.csv
3730,mapping,get,128,10000,16,0,131200,reverse,20261005,case_003730.csv
3731,mapping,get,128,10000,16,0,131200,transpose,20261005,case_003731.csv
3732,mapping,get,128,10000,16,0,131200,shuffle,20261005,case_003732.csv
3733,mapping,get,128,10000,16,0,131328,identity,20261005,case_003733.csv
3734,mapping,get,128,10000,16,0,131328,reverse,20261005,case_003734.csv
3735,mapping,get,128,10000,16,0,131328,transpose,20261005,case_003735.csv
3736,mapping,get,128,10000,16,0,131328,shuffle,20261005,case_003736.csv
3737,mapping,get,128,10000,16,0,135168,identity,20261005,case_003737.csv
3738,mapping,get,128,10000,16,0,135168,reverse,20261005,case_003738.csv
3739,mapping,get,128,10000,16,0,135168,transpose,20261005,case_003739.csv
3740,mapping,get,128,10000,16,0,135168,shuffle,20261005,case_003740.csv
3741,mapping,get,128,10000,16,0,262144,identity,20261005,case_003741.csv
3742,mapping,get,128,10000,16,0,262144,reverse,20261005,case_003742.csv
3743,mapping,get,128,10000,16,0,262144,transpose,20261005,case_003743.csv
3744,mapping,get,128,10000,16,0,262144,shuffle,20261005,case_003744.csv
3745,mapping,get,256,10000,16,0,131200,identity,20261005,case_003745.csv
3746,mapping,get,256,10000,16,0,131200,reverse,20261005,case_003746.csv
3747,mapping,get,256,10000,16,0,131200,transpose,20261005,case_003747.csv
3748,mapping,get,256,10000,16,0,131200,shuffle,20261005,case_003748.csv
3749,mapping,get,256,10000,16,0,131328,identity,20261005,case_003749.csv
3750,mapping,get,256,10000,16,0,131328,reverse,20261005,case_003750.csv
3751,mapping,get,256,10000,16,0,131328,transpose,20261005,case_003751.csv
3752,mapping,get,256,10000,16,0,131328,shuffle,20261005,case_003752.csv
3753,mapping,get,256,10000,16,0,135168,identity,20261005,case_003753.csv
3754,mapping,get,256,10000,16,0,135168,reverse,20261005,case_003754.csv
3755,mapping,get,256,10000,16,0,135168,transpose,20261005,case_003755.csv
3756,mapping,get,256,10000,16,0,135168,shuffle,20261005,case_003756.csv
3757,mapping,get,256,10000,16,0,262144,identity,20261005,case_003757.csv
3758,mapping,get,256,10000,16,0,262144,reverse,20261005,case_003758.csv
3759,mapping,get,256,10000,16,0,262144,transpose,20261005,case_003759.csv
3760,mapping,get,256,10000,16,0,262144,shuffle,20261005,case_003760.csv
3761,mapping,get,4096,1000,16,0,131200,identity,20261005,case_003761.csv
3762,mapping,get,4096,1000,16,0,131200,reverse,20261005,case_003762.csv
3763,mapping,get,4096,1000,16,0,131200,transpose,20261005,case_003763.csv
3764,mapping,get,4096,1000,16,0,131200,shuffle,20261005,case_003764.csv
3765,mapping,get,4096,1000,16,0,131328,identity,20261005,case_003765.csv
3766,mapping,get,4096,1000,16,0,131328,reverse,20261005,case_003766.csv
3767,mapping,get,4096,1000,16,0,131328,transpose,20261005,case_003767.csv
3768,mapping,get,4096,1000,16,0,131328,shuffle,20261005,case_003768.csv
3769,mapping,get,4096,1000,16,0,135168,identity,20261005,case_003769.csv
3770,mapping,get,4096,1000,16,0,135168,reverse,20261005,case_003770.csv
3771,mapping,get,4096,1000,16,0,135168,transpose,20261005,case_003771.csv
3772,mapping,get,4096,1000,16,0,135168,shuffle,20261005,case_003772.csv
3773,mapping,get,4096,1000,16,0,262144,identity,20261005,case_003773.csv
3774,mapping,get,4096,1000,16,0,262144,reverse,20261005,case_003774.csv
3775,mapping,get,4096,1000,16,0,262144,transpose,20261005,case_003775.csv
3776,mapping,get,4096,1000,16,0,262144,shuffle,20261005,case_003776.csv
3777,mapping,get,32768,1000,16,0,131200,identity,20261005,case_003777.csv
3778,mapping,get,32768,1000,16,0,131200,reverse,20261005,case_003778.csv
3779,mapping,get,32768,1000,16,0,131200,transpose,20261005,case_003779.csv
3780,mapping,get,32768,1000,16,0,131200,shuffle,20261005,case_003780.csv
3781,mapping,get,32768,1000,16,0,131328,identity,20261005,case_003781.csv
3782,mapping,get,32768,1000,16,0,131328,reverse,20261005,case_003782.csv
3783,mapping,get,32768,1000,16,0,131328,transpose,20261005,case_003783.csv
3784,mapping,get,32768,1000,16,0,131328,shuffle,20261005,case_003784.csv
3785,mapping,get,32768,1000,16,0,135168,identity,20261005,case_003785.csv
3786,mapping,get,32768,1000,16,0,135168,reverse,20261005,case_003786.csv
3787,mapping,get,32768,1000,16,0,135168,transpose,20261005,case_003787.csv
3788,mapping,get,32768,1000,16,0,135168,shuffle,20261005,case_003788.csv
3789,mapping,get,32768,1000,16,0,262144,identity,20261005,case_003789.csv
3790,mapping,get,32768,1000,16,0,262144,reverse,20261005,case_003790.csv
3791,mapping,get,32768,1000,16,0,262144,transpose,20261005,case_003791.csv
3792,mapping,get,32768,1000,16,0,262144,shuffle,20261005,case_003792.csv
3793,mapping,get,65536,1000,16,0,131200,identity,20261005,case_003793.csv
3794,mapping,get,65536,1000,16,0,131200,reverse,20261005,case_003794.csv
3795,mapping,get,65536,1000,16,0,131200,transpose,20261005,case_003795.csv
3796,mapping,get,65536,1000,16,0,131200,shuffle,20261005,case_003796.csv
3797,mapping,get,65536,1000,16,0,131328,identity,20261005,case_003797.csv
3798,mapping,get,65536,1000,16,0,131328,reverse,20261005,case_003798.csv
3799,mapping,get,65536,1000,16,0,131328,transpose,20261005,case_003799.csv
3800,mapping,get,65536,1000,16,0,131328,shuffle,20261005,case_003800.csv
3801,mapping,get,65536,1000,16,0,135168,identity,20261005,case_003801.csv
3802,mapping,get,65536,1000,16,0,135168,reverse,20261005,case_003802.csv
3803,mapping,get,65536,1000,16,0,135168,transpose,20261005,case_003803.csv
3804,mapping,get,65536,1000,16,0,135168,shuffle,20261005,case_003804.csv
3805,mapping,get,65536,1000,16,0,262144,identity,20261005,case_003805.csv
3806,mapping,get,65536,1000,16,0,262144,reverse,20261005,case_003806.csv
3807,mapping,get,65536,1000,16,0,262144,transpose,20261005,case_003807.csv
3808,mapping,get,65536,1000,16,0,262144,shuffle,20261005,case_003808.csv
3809,mapping,get,98304,1000,16,0,131200,identity,20261005,case_003809.csv
3810,mapping,get,98304,1000,16,0,131200,reverse,20261005,case_003810.csv
3811,mapping,get,98304,1000,16,0,131200,transpose,20261005,case_003811.csv
3812,mapping,get,98304,1000,16,0,131200,shuffle,20261005,case_003812.csv
3813,mapping,get,98304,1000,16,0,131328,identity,20261005,case_003813.csv
3814,mapping,get,98304,1000,16,0,131328,reverse,20261005,case_003814.csv
3815,mapping,get,98304,1000,16,0,131328,transpose,20261005,case_003815.csv
3816,mapping,get,98304,1000,16,0,131328,shuffle,20261005,case_003816.csv
3817,mapping,get,98304,1000,16,0,135168,identity,20261005,case_003817.csv
3818,mapping,get,98304,1000,16,0,135168,reverse,20261005,case_003818.csv
3819,mapping,get,98304,1000,16,0,135168,transpose,20261005,case_003819.csv
3820,mapping,get,98304,1000,16,0,135168,shuffle,20261005,case_003820.csv
3821,mapping,get,98304,1000,16,0,262144,identity,20261005,case_003821.csv
3822,mapping,get,98304,1000,16,0,262144,reverse,20261005,case_003822.csv
3823,mapping,get,98304,1000,16,0,262144,transpose,20261005,case_003823.csv
3824,mapping,get,98304,1000,16,0,262144,shuffle,20261005,case_003824.csv
3825,mapping,get,131072,1000,16,0,131200,identity,20261005,case_003825.csv
3826,mapping,get,131072,1000,16,0,131200,reverse,20261005,case_003826.csv
3827,mapping,get,131072,1000,16,0,131200,transpose,20261005,case_003827.csv
3828,mapping,get,131072,1000,16,0,131200,shuffle,20261005,case_003828.csv
3829,mapping,get,131072,1000,16,0,131328,identity,20261005,case_003829.csv
3830,mapping,get,131072,1000,16,0,131328,reverse,20261005,case_003830.csv
3831,mapping,get,131072,1000,16,0,131328,transpose,20261005,case_003831.csv
3832,mapping,get,131072,1000,16,0,131328,shuffle,20261005,case_003832.csv
3833,mapping,get,131072,1000,16,0,135168,identity,20261005,case_003833.csv
3834,mapping,get,131072,1000,16,0,135168,reverse,20261005,case_003834.csv
3835,mapping,get,131072,1000,16,0,135168,transpose,20261005,case_003835.csv
3836,mapping,get,131072,1000,16,0,135168,shuffle,20261005,case_003836.csv
3837,mapping,get,131072,1000,16,0,262144,identity,20261005,case_003837.csv
3838,mapping,get,131072,1000,16,0,262144,reverse,20261005,case_003838.csv
3839,mapping,get,131072,1000,16,0,262144,transpose,20261005,case_003839.csv
3840,mapping,get,131072,1000,16,0,262144,shuffle,20261005,case_003840.csv
3841,mapping,get,64,10000,16,4,131200,identity,20261005,case_003841.csv
3842,mapping,get,64,10000,16,4,131200,reverse,20261005,case_003842.csv
3843,mapping,get,64,10000,16,4,131200,transpose,20261005,case_003843.csv
3844,mapping,get,64,10000,16,4,131200,shuffle,20261005,case_003844.csv
3845,mapping,get,64,10000,16,4,131328,identity,20261005,case_003845.csv
3846,mapping,get,64,10000,16,4,131328,reverse,20261005,case_003846.csv
3847,mapping,get,64,10000,16,4,131328,transpose,20261005,case_003847.csv
3848,mapping,get,64,10000,16,4,131328,shuffle,20261005,case_003848.csv
3849,mapping,get,64,10000,16,4,135168,identity,20261005,case_003849.csv
3850,mapping,get,64,10000,16,4,135168,reverse,20261005,case_003850.csv
3851,mapping,get,64,10000,16,4,135168,transpose,20261005,case_003851.csv
3852,mapping,get,64,10000,16,4,135168,shuffle,20261005,case_003852.csv
3853,mapping,get,64,10000,16,4,262144,identity,20261005,case_003853.csv
3854,mapping,get,64,10000,16,4,262144,reverse,20261005,case_003854.csv
3855,mapping,get,64,10000,16,4,262144,transpose,20261005,case_003855.csv
3856,mapping,get,64,10000,16,4,262144,shuffle,20261005,case_003856.csv
3857,mapping,get,128,10000,16,4,131200,identity,20261005,case_003857.csv
3858,mapping,get,128,10000,16,4,131200,reverse,20261005,case_003858.csv
3859,mapping,get,128,10000,16,4,131200,transpose,20261005,case_003859.csv
3860,mapping,get,128,10000,16,4,131200,shuffle,20261005,case_003860.csv
3861,mapping,get,128,10000,16,4,131328,identity,20261005,case_003861.csv
3862,mapping,get,128,10000,16,4,131328,reverse,20261005,case_003862.csv
3863,mapping,get,128,10000,16,4,131328,transpose,20261005,case_003863.csv
3864,mapping,get,128,10000,16,4,131328,shuffle,20261005,case_003864.csv
3865,mapping,get,128,10000,16,4,135168,identity,20261005,case_003865.csv
3866,mapping,get,128,10000,16,4,135168,reverse,20261005,case_003866.csv
3867,mapping,get,128,10000,16,4,135168,transpose,20261005,case_003867.csv
3868,mapping,get,128,10000,16,4,135168,shuffle,20261005,case_003868.csv
3869,mapping,get,128,10000,16,4,262144,identity,20261005,case_003869.csv
3870,mapping,get,128,10000,16,4,262144,reverse,20261005,case_003870.csv
3871,mapping,get,128,10000,16,4,262144,transpose,20261005,case_003871.csv
3872,mapping,get,128,10000,16,4,262144,shuffle,20261005,case_003872.csv
3873,mapping,get,256,10000,16,4,131200,identity,20261005,case_003873.csv
3874,mapping,get,256,10000,16,4,131200,reverse,20261005,case_003874.csv
3875,mapping,get,256,10000,16,4,131200,transpose,20261005,case_003875.csv
3876,mapping,get,256,10000,16,4,131200,shuffle,20261005,case_003876.csv
3877,mapping,get,256,10000,16,4,131328,identity,20261005,case_003877.csv
3878,mapping,get,256,10000,16,4,131328,reverse,20261005,case_003878.csv
3879,mapping,get,256,10000,16,4,131328,transpose,20261005,case_003879.csv
3880,mapping,get,256,10000,16,4,131328,shuffle,20261005,case_003880.csv
3881,mapping,get,256,10000,16,4,135168,identity,20261005,case_003881.csv
3882,mapping,get,256,10000,16,4,135168,reverse,20261005,case_003882.csv
3883,mapping,get,256,10000,16,4,135168,transpose,20261005,case_003883.csv
3884,mapping,get,256,10000,16,4,135168,shuffle,20261005,case_003884.csv
3885,mapping,get,256,10000,16,4,262144,identity,20261005,case_003885.csv
3886,mapping,get,256,10000,16,4,262144,reverse,20261005,case_003886.csv
3887,mapping,get,256,10000,16,4,262144,transpose,20261005,case_003887.csv
3888,mapping,get,256,10000,16,4,262144,shuffle,20261005,case_003888.csv
3889,mapping,get,4096,1000,16,4,131200,identity,20261005,case_003889.csv
3890,mapping,get,4096,1000,16,4,131200,reverse,20261005,case_003890.csv
3891,mapping,get,4096,1000,16,4,131200,transpose,20261005,case_003891.csv
3892,mapping,get,4096,1000,16,4,131200,shuffle,20261005,case_003892.csv
3893,mapping,get,4096,1000,16,4,131328,identity,20261005,case_003893.csv
3894,mapping,get,4096,1000,16,4,131328,reverse,20261005,case_003894.csv
3895,mapping,get,4096,1000,16,4,131328,transpose,20261005,case_003895.csv
3896,mapping,get,4096,1000,16,4,131328,shuffle,20261005,case_003896.csv
3897,mapping,get,4096,1000,16,4,135168,identity,20261005,case_003897.csv
3898,mapping,get,4096,1000,16,4,135168,reverse,20261005,case_003898.csv
3899,mapping,get,4096,1000,16,4,135168,transpose,20261005,case_003899.csv
3900,mapping,get,4096,1000,16,4,135168,shuffle,20261005,case_003900.csv
3901,mapping,get,4096,1000,16,4,262144,identity,20261005,case_003901.csv
3902,mapping,get,4096,1000,16,4,262144,reverse,20261005,case_003902.csv
3903,mapping,get,4096,1000,16,4,262144,transpose,20261005,case_003903.csv
3904,mapping,get,4096,1000,16,4,262144,shuffle,20261005,case_003904.csv
3905,mapping,get,32768,1000,16,4,131200,identity,20261005,case_003905.csv
3906,mapping,get,32768,1000,16,4,131200,reverse,20261005,case_003906.csv
3907,mapping,get,32768,1000,16,4,131200,transpose,20261005,case_003907.csv
3908,mapping,get,32768,1000,16,4,131200,shuffle,20261005,case_003908.csv
3909,mapping,get,32768,1000,16,4,131328,identity,20261005,case_003909.csv
3910,mapping,get,32768,1000,16,4,131328,reverse,20261005,case_003910.csv
3911,mapping,get,32768,1000,16,4,131328,transpose,20261005,case_003911.csv
3912,mapping,get,32768,1000,16,4,131328,shuffle,20261005,case_003912.csv
3913,mapping,get,32768,1000,16,4,135168,identity,20261005,case_003913.csv
3914,mapping,get,32768,1000,16,4,135168,reverse,20261005,case_003914.csv
3915,mapping,get,32768,1000,16,4,135168,transpose,20261005,case_003915.csv
3916,mapping,get,32768,1000,16,4,135168,shuffle,20261005,case_003916.csv
3917,mapping,get,32768,1000,16,4,262144,identity,20261005,case_003917.csv
3918,mapping,get,32768,1000,16,4,262144,reverse,20261005,case_003918.csv
3919,mapping,get,32768,1000,16,4,262144,transpose,20261005,case_003919.csv
3920,mapping,get,32768,1000,16,4,262144,shuffle,20261005,case_003920.csv
3921,mapping,get,65536,1000,16,4,131200,identity,20261005,case_003921.csv
3922,mapping,get,65536,1000,16,4,131200,reverse,20261005,case_003922.csv
3923,mapping,get,65536,1000,16,4,131200,transpose,20261005,case_003923.csv
3924,mapping,get,65536,1000,16,4,131200,shuffle,20261005,case_003924.csv
3925,mapping,get,65536,1000,16,4,131328,identity,20261005,case_003925.csv
3926,mapping,get,65536,1000,16,4,131328,reverse,20261005,case_003926.csv
3927,mapping,get,65536,1000,16,4,131328,transpose,20261005,case_003927.csv
3928,mapping,get,65536,1000,16,4,131328,shuffle,20261005,case_003928.csv
3929,mapping,get,65536,1000,16,4,135168,identity,20261005,case_003929.csv
3930,mapping,get,65536,1000,16,4,135168,reverse,20261005,case_003930.csv
3931,mapping,get,65536,1000,16,4,135168,transpose,20261005,case_003931.csv
3932,mapping,get,65536,1000,16,4,135168,shuffle,20261005,case_003932.csv
3933,mapping,get,65536,1000,16,4,262144,identity,20261005,case_003933.csv
3934,mapping,get,65536,1000,16,4,262144,reverse,20261005,case_003934.csv
3935,mapping,get,65536,1000,16,4,262144,transpose,20261005,case_003935.csv
3936,mapping,get,65536,1000,16,4,262144,shuffle,20261005,case_003936.csv
3937,mapping,get,98304,1000,16,4,131200,identity,20261005,case_003937.csv
3938,mapping,get,98304,1000,16,4,131200,reverse,20261005,case_003938.csv
3939,mapping,get,98304,1000,16,4,131200,transpose,20261005,case_003939.csv
3940,mapping,get,98304,1000,16,4,131200,shuffle,20261005,case_003940.csv
3941,mapping,get,98304,1000,16,4,131328,identity,20261005,case_003941.csv
3942,mapping,get,98304,1000,16,4,131328,reverse,20261005,case_003942.csv
3943,mapping,get,98304,1000,16,4,131328,transpose,20261005,case_003943.csv
3944,mapping,get,98304,1000,16,4,131328,shuffle,20261005,case_003944.csv
3945,mapping,get,98304,1000,16,4,135168,identity,20261005,case_003945.csv
3946,mapping,get,98304,1000,16,4,135168,reverse,20261005,case_003946.csv
3947,mapping,get,98304,1000,16,4,135168,transpose,20261005,case_003947.csv
3948,mapping,get,98304,1000,16,4,135168,shuffle,20261005,case_003948.csv
3949,mapping,get,98304,1000,16,4,262144,identity,20261005,case_003949.csv
3950,mapping,get,98304,1000,16,4,262144,reverse,20261005,case_003950.csv
3951,mapping,get,98304,1000,16,4,262144,transpose,20261005,case_003951.csv
3952,mapping,get,98304,1000,16,4,262144,shuffle,20261005,case_003952.csv
3953,mapping,get,131072,1000,16,4,131200,identity,20261005,case_003953.csv
3954,mapping,get,131072,1000,16,4,131200,reverse,20261005,case_003954.csv
3955,mapping,get,131072,1000,16,4,131200,transpose,20261005,case_003955.csv
3956,mapping,get,131072,1000,16,4,131200,shuffle,20261005,case_003956.csv
3957,mapping,get,131072,1000,16,4,131328,identity,20261005,case_003957.csv
3958,mapping,get,131072,1000,16,4,131328,reverse,20261005,case_003958.csv
3959,mapping,get,131072,1000,16,4,131328,transpose,20261005,case_003959.csv
3960,mapping,get,131072,1000,16,4,131328,shuffle,20261005,case_003960.csv
3961,mapping,get,131072,1000,16,4,135168,identity,20261005,case_003961.csv
3962,mapping,get,131072,1000,16,4,135168,reverse,20261005,case_003962.csv
3963,mapping,get,131072,1000,16,4,135168,transpose,20261005,case_003963.csv
3964,mapping,get,131072,1000,16,4,135168,shuffle,20261005,case_003964.csv
3965,mapping,get,131072,1000,16,4,262144,identity,20261005,case_003965.csv
3966,mapping,get,131072,1000,16,4,262144,reverse,20261005,case_003966.csv
3967,mapping,get,131072,1000,16,4,262144,transpose,20261005,case_003967.csv
3968,mapping,get,131072,1000,16,4,262144,shuffle,20261005,case_003968.csv
3969,mapping,get,64,10000,32,0,131200,identity,20261005,case_003969.csv
3970,mapping,get,64,10000,32,0,131200,reverse,20261005,case_003970.csv
3971,mapping,get,64,10000,32,0,131200,transpose,20261005,case_003971.csv
3972,mapping,get,64,10000,32,0,131200,shuffle,20261005,case_003972.csv
3973,mapping,get,64,10000,32,0,131328,identity,20261005,case_003973.csv
3974,mapping,get,64,10000,32,0,131328,reverse,20261005,case_003974.csv
3975,mapping,get,64,10000,32,0,131328,transpose,20261005,case_003975.csv
3976,mapping,get,64,10000,32,0,131328,shuffle,20261005,case_003976.csv
3977,mapping,get,64,10000,32,0,135168,identity,20261005,case_003977.csv
3978,mapping,get,64,10000,32,0,135168,reverse,20261005,case_003978.csv
3979,mapping,get,64,10000,32,0,135168,transpose,20261005,case_003979.csv
3980,mapping,get,64,10000,32,0,135168,shuffle,20261005,case_003980.csv
3981,mapping,get,64,10000,32,0,262144,identity,20261005,case_003981.csv
3982,mapping,get,64,10000,32,0,262144,reverse,20261005,case_003982.csv
3983,mapping,get,64,10000,32,0,262144,transpose,20261005,case_003983.csv
3984,mapping,get,64,10000,32,0,262144,shuffle,20261005,case_003984.csv
3985,mapping,get,128,10000,32,0,131200,identity,20261005,case_003985.csv
3986,mapping,get,128,10000,32,0,131200,reverse,20261005,case_003986.csv
3987,mapping,get,128,10000,32,0,131200,transpose,20261005,case_003987.csv
3988,mapping,get,128,10000,32,0,131200,shuffle,20261005,case_003988.csv
3989,mapping,get,128,10000,32,0,131328,identity,20261005,case_003989.csv
3990,mapping,get,128,10000,32,0,131328,reverse,20261005,case_003990.csv
3991,mapping,get,128,10000,32,0,131328,transpose,20261005,case_003991.csv
3992,mapping,get,128,10000,32,0,131328,shuffle,20261005,case_003992.csv
3993,mapping,get,128,10000,32,0,135168,identity,20261005,case_003993.csv
3994,mapping,get,128,10000,32,0,135168,reverse,20261005,case_003994.csv
3995,mapping,get,128,10000,32,0,135168,transpose,20261005,case_003995.csv
3996,mapping,get,128,10000,32,0,135168,shuffle,20261005,case_003996.csv
3997,mapping,get,128,10000,32,0,262144,identity,20261005,case_003997.csv
3998,mapping,get,128,10000,32,0,262144,reverse,20261005,case_003998.csv
3999,mapping,get,128,10000,32,0,262144,transpose,20261005,case_003999.csv
4000,mapping,get,128,10000,32,0,262144,shuffle,20261005,case_004000.csv
4001,mapping,get,256,10000,32,0,131200,identity,20261005,case_004001.csv
4002,mapping,get,256,10000,32,0,131200,reverse,20261005,case_004002.csv
4003,mapping,get,256,10000,32,0,131200,transpose,20261005,case_004003.csv
4004,mapping,get,256,10000,32,0,131200,shuffle,20261005,case_004004.csv
4005,mapping,get,256,10000,32,0,131328,identity,20261005,case_004005.csv
4006,mapping,get,256,10000,32,0,131328,reverse,20261005,case_004006.csv
4007,mapping,get,256,10000,32,0,131328,transpose,20261005,case_004007.csv
4008,mapping,get,256,10000,32,0,131328,shuffle,20261005,case_004008.csv
4009,mapping,get,256,10000,32,0,135168,identity,20261005,case_004009.csv
4010,mapping,get,256,10000,32,0,135168,reverse,20261005,case_004010.csv
4011,mapping,get,256,10000,32,0,135168,transpose,20261005,case_004011.csv
4012,mapping,get,256,10000,32,0,135168,shuffle,20261005,case_004012.csv
4013,mapping,get,256,10000,32,0,262144,identity,20261005,case_004013.csv
4014,mapping,get,256,10000,32,0,262144,reverse,20261005,case_004014.csv
4015,mapping,get,256,10000,32,0,262144,transpose,20261005,case_004015.csv
4016,mapping,get,256,10000,32,0,262144,shuffle,20261005,case_004016.csv
4017,mapping,get,4096,1000,32,0,131200,identity,20261005,case_004017.csv
4018,mapping,get,4096,1000,32,0,131200,reverse,20261005,case_004018.csv
4019,mapping,get,4096,1000,32,0,131200,transpose,20261005,case_004019.csv
4020,mapping,get,4096,1000,32,0,131200,shuffle,20261005,case_004020.csv
4021,mapping,get,4096,1000,32,0,131328,identity,20261005,case_004021.csv
4022,mapping,get,4096,1000,32,0,131328,reverse,20261005,case_004022.csv
4023,mapping,get,4096,1000,32,0,131328,transpose,20261005,case_004023.csv
4024,mapping,get,4096,1000,32,0,131328,shuffle,20261005,case_004024.csv
4025,mapping,get,4096,1000,32,0,135168,identity,20261005,case_004025.csv
4026,mapping,get,4096,1000,32,0,135168,reverse,20261005,case_004026.csv
4027,mapping,get,4096,1000,32,0,135168,transpose,20261005,case_004027.csv
4028,mapping,get,4096,1000,32,0,135168,shuffle,20261005,case_004028.csv
4029,mapping,get,4096,1000,32,0,262144,identity,20261005,case_004029.csv
4030,mapping,get,4096,1000,32,0,262144,reverse,20261005,case_004030.csv
4031,mapping,get,4096,1000,32,0,262144,transpose,20261005,case_004031.csv
4032,mapping,get,4096,1000,32,0,262144,shuffle,20261005,case_004032.csv
4033,mapping,get,32768,1000,32,0,131200,identity,20261005,case_004033.csv
4034,mapping,get,32768,1000,32,0,131200,reverse,20261005,case_004034.csv
4035,mapping,get,32768,1000,32,0,131200,transpose,20261005,case_004035.csv
4036,mapping,get,32768,1000,32,0,131200,shuffle,20261005,case_004036.csv
4037,mapping,get,32768,1000,32,0,131328,identity,20261005,case_004037.csv
4038,mapping,get,32768,1000,32,0,131328,reverse,20261005,case_004038.csv
4039,mapping,get,32768,1000,32,0,131328,transpose,20261005,case_004039.csv
4040,mapping,get,32768,1000,32,0,131328,shuffle,20261005,case_004040.csv
4041,mapping,get,32768,1000,32,0,135168,identity,20261005,case_004041.csv
4042,mapping,get,32768,1000,32,0,135168,reverse,20261005,case_004042.csv
4043,mapping,get,32768,1000,32,0,135168,transpose,20261005,case_004043.csv
4044,mapping,get,32768,1000,32,0,135168,shuffle,20261005,case_004044.csv
4045,mapping,get,32768,1000,32,0,262144,identity,20261005,case_004045.csv
4046,mapping,get,32768,1000,32,0,262144,reverse,20261005,case_004046.csv
4047,mapping,get,32768,1000,32,0,262144,transpose,20261005,case_004047.csv
4048,mapping,get,32768,1000,32,0,262144,shuffle,20261005,case_004048.csv
4049,mapping,get,65536,1000,32,0,131200,identity,20261005,case_004049.csv
4050,mapping,get,65536,1000,32,0,131200,reverse,20261005,case_004050.csv
4051,mapping,get,65536,1000,32,0,131200,transpose,20261005,case_004051.csv
4052,mapping,get,65536,1000,32,0,131200,shuffle,20261005,case_004052.csv
4053,mapping,get,65536,1000,32,0,131328,identity,20261005,case_004053.csv
4054,mapping,get,65536,1000,32,0,131328,reverse,20261005,case_004054.csv
4055,mapping,get,65536,1000,32,0,131328,transpose,20261005,case_004055.csv
4056,mapping,get,65536,1000,32,0,131328,shuffle,20261005,case_004056.csv
4057,mapping,get,65536,1000,32,0,135168,identity,20261005,case_004057.csv
4058,mapping,get,65536,1000,32,0,135168,reverse,20261005,case_004058.csv
4059,mapping,get,65536,1000,32,0,135168,transpose,20261005,case_004059.csv
4060,mapping,get,65536,1000,32,0,135168,shuffle,20261005,case_004060.csv
4061,mapping,get,65536,1000,32,0,262144,identity,20261005,case_004061.csv
4062,mapping,get,65536,1000,32,0,262144,reverse,20261005,case_004062.csv
4063,mapping,get,65536,1000,32,0,262144,transpose,20261005,case_004063.csv
4064,mapping,get,65536,1000,32,0,262144,shuffle,20261005,case_004064.csv
4065,mapping,get,98304,1000,32,0,131200,identity,20261005,case_004065.csv
4066,mapping,get,98304,1000,32,0,131200,reverse,20261005,case_004066.csv
4067,mapping,get,98304,1000,32,0,131200,transpose,20261005,case_004067.csv
4068,mapping,get,98304,1000,32,0,131200,shuffle,20261005,case_004068.csv
4069,mapping,get,98304,1000,32,0,131328,identity,20261005,case_004069.csv
4070,mapping,get,98304,1000,32,0,131328,reverse,20261005,case_004070.csv
4071,mapping,get,98304,1000,32,0,131328,transpose,20261005,case_004071.csv
4072,mapping,get,98304,1000,32,0,131328,shuffle,20261005,case_004072.csv
4073,mapping,get,98304,1000,32,0,135168,identity,20261005,case_004073.csv
4074,mapping,get,98304,1000,32,0,135168,reverse,20261005,case_004074.csv
4075,mapping,get,98304,1000,32,0,135168,transpose,20261005,case_004075.csv
4076,mapping,get,98304,1000,32,0,135168,shuffle,20261005,case_004076.csv
4077,mapping,get,98304,1000,32,0,262144,identity,20261005,case_004077.csv
4078,mapping,get,98304,1000,32,0,262144,reverse,20261005,case_004078.csv
4079,mapping,get,98304,1000,32,0,262144,transpose,20261005,case_004079.csv
4080,mapping,get,98304,1000,32,0,262144,shuffle,20261005,case_004080.csv
4081,mapping,get,131072,1000,32,0,131200,identity,20261005,case_004081.csv
4082,mapping,get,131072,1000,32,0,131200,reverse,20261005,case_004082.csv
4083,mapping,get,131072,1000,32,0,131200,transpose,20261005,case_004083.csv
4084,mapping,get,131072,1000,32,0,131200,shuffle,20261005,case_004084.csv
4085,mapping,get,131072,1000,32,0,131328,identity,20261005,case_004085.csv
4086,mapping,get,131072,1000,32,0,131328,reverse,20261005,case_004086.csv
4087,mapping,get,131072,1000,32,0,131328,transpose,20261005,case_004087.csv
4088,mapping,get,131072,1000,32,0,131328,shuffle,20261005,case_004088.csv
4089,mapping,get,131072,1000,32,0,135168,identity,20261005,case_004089.csv
4090,mapping,get,131072,1000,32,0,135168,reverse,20261005,case_004090.csv
4091,mapping,get,131072,1000,32,0,135168,transpose,20261005,case_004091.csv
4092,mapping,get,131072,1000,32,0,135168,shuffle,20261005,case_004092.csv
4093,mapping,get,131072,1000,32,0,262144,identity,20261005,case_004093.csv
4094,mapping,get,131072,1000,32,0,262144,reverse,20261005,case_004094.csv
4095,mapping,get,131072,1000,32,0,262144,transpose,20261005,case_004095.csv
4096,mapping,get,131072,1000,32,0,262144,shuffle,20261005,case_004096.csv
4097,mapping,get,64,10000,32,4,131200,identity,20261005,case_004097.csv
4098,mapping,get,64,10000,32,4,131200,reverse,20261005,case_004098.csv
4099,mapping,get,64,10000,32,4,131200,transpose,20261005,case_004099.csv
4100,mapping,get,64,10000,32,4,131200,shuffle,20261005,case_004100.csv
4101,mapping,get,64,10000,32,4,131328,identity,20261005,case_004101.csv
4102,mapping,get,64,10000,32,4,131328,reverse,20261005,case_004102.csv
4103,mapping,get,64,10000,32,4,131328,transpose,20261005,case_004103.csv
4104,mapping,get,64,10000,32,4,131328,shuffle,20261005,case_004104.csv
4105,mapping,get,64,10000,32,4,135168,identity,20261005,case_004105.csv
4106,mapping,get,64,10000,32,4,135168,reverse,20261005,case_004106.csv
4107,mapping,get,64,10000,32,4,135168,transpose,20261005,case_004107.csv
4108,mapping,get,64,10000,32,4,135168,shuffle,20261005,case_004108.csv
4109,mapping,get,64,10000,32,4,262144,identity,20261005,case_004109.csv
4110,mapping,get,64,10000,32,4,262144,reverse,20261005,case_004110.csv
4111,mapping,get,64,10000,32,4,262144,transpose,20261005,case_004111.csv
4112,mapping,get,64,10000,32,4,262144,shuffle,20261005,case_004112.csv
4113,mapping,get,128,10000,32,4,131200,identity,20261005,case_004113.csv
4114,mapping,get,128,10000,32,4,131200,reverse,20261005,case_004114.csv
4115,mapping,get,128,10000,32,4,131200,transpose,20261005,case_004115.csv
4116,mapping,get,128,10000,32,4,131200,shuffle,20261005,case_004116.csv
4117,mapping,get,128,10000,32,4,131328,identity,20261005,case_004117.csv
4118,mapping,get,128,10000,32,4,131328,reverse,20261005,case_004118.csv
4119,mapping,get,128,10000,32,4,131328,transpose,20261005,case_004119.csv
4120,mapping,get,128,10000,32,4,131328,shuffle,20261005,case_004120.csv
4121,mapping,get,128,10000,32,4,135168,identity,20261005,case_004121.csv
4122,mapping,get,128,10000,32,4,135168,reverse,20261005,case_004122.csv
4123,mapping,get,128,10000,32,4,135168,transpose,20261005,case_004123.csv
4124,mapping,get,128,10000,32,4,135168,shuffle,20261005,case_004124.csv
4125,mapping,get,128,10000,32,4,262144,identity,20261005,case_004125.csv
4126,mapping,get,128,10000,32,4,262144,reverse,20261005,case_004126.csv
4127,mapping,get,128,10000,32,4,262144,transpose,20261005,case_004127.csv
4128,mapping,get,128,10000,32,4,262144,shuffle,20261005,case_004128.csv
4129,mapping,get,256,10000,32,4,131200,identity,20261005,case_004129.csv
4130,mapping,get,256,10000,32,4,131200,reverse,20261005,case_004130.csv
4131,mapping,get,256,10000,32,4,131200,transpose,20261005,case_004131.csv
4132,mapping,get,256,10000,32,4,131200,shuffle,20261005,case_004132.csv
4133,mapping,get,256,10000,32,4,131328,identity,20261005,case_004133.csv
4134,mapping,get,256,10000,32,4,131328,reverse,20261005,case_004134.csv
4135,mapping,get,256,10000,32,4,131328,transpose,20261005,case_004135.csv
4136,mapping,get,256,10000,32,4,131328,shuffle,20261005,case_004136.csv
4137,mapping,get,256,10000,32,4,135168,identity,20261005,case_004137.csv
4138,mapping,get,256,10000,32,4,135168,reverse,20261005,case_004138.csv
4139,mapping,get,256,10000,32,4,135168,transpose,20261005,case_004139.csv
4140,mapping,get,256,10000,32,4,135168,shuffle,20261005,case_004140.csv
4141,mapping,get,256,10000,32,4,262144,identity,20261005,case_004141.csv
4142,mapping,get,256,10000,32,4,262144,reverse,20261005,case_004142.csv
4143,mapping,get,256,10000,32,4,262144,transpose,20261005,case_004143.csv
4144,mapping,get,256,10000,32,4,262144,shuffle,20261005,case_004144.csv
4145,mapping,get,4096,1000,32,4,131200,identity,20261005,case_004145.csv
4146,mapping,get,4096,1000,32,4,131200,reverse,20261005,case_004146.csv
4147,mapping,get,4096,1000,32,4,131200,transpose,20261005,case_004147.csv
4148,mapping,get,4096,1000,32,4,131200,shuffle,20261005,case_004148.csv
4149,mapping,get,4096,1000,32,4,131328,identity,20261005,case_004149.csv
4150,mapping,get,4096,1000,32,4,131328,reverse,20261005,case_004150.csv
4151,mapping,get,4096,1000,32,4,131328,transpose,20261005,case_004151.csv
4152,mapping,get,4096,1000,32,4,131328,shuffle,20261005,case_004152.csv
4153,mapping,get,4096,1000,32,4,135168,identity,20261005,case_004153.csv
4154,mapping,get,4096,1000,32,4,135168,reverse,20261005,case_004154.csv
4155,mapping,get,4096,1000,32,4,135168,transpose,20261005,case_004155.csv
4156,mapping,get,4096,1000,32,4,135168,shuffle,20261005,case_004156.csv
4157,mapping,get,4096,1000,32,4,262144,identity,20261005,case_004157.csv
4158,mapping,get,4096,1000,32,4,262144,reverse,20261005,case_004158.csv
4159,mapping,get,4096,1000,32,4,262144,transpose,20261005,case_004159.csv
4160,mapping,get,4096,1000,32,4,262144,shuffle,20261005,case_004160.csv
4161,mapping,get,32768,1000,32,4,131200,identity,20261005,case_004161.csv
4162,mapping,get,32768,1000,32,4,131200,reverse,20261005,case_004162.csv
4163,mapping,get,32768,1000,32,4,131200,transpose,20261005,case_004163.csv
4164,mapping,get,32768,1000,32,4,131200,shuffle,20261005,case_004164.csv
4165,mapping,get,32768,1000,32,4,131328,identity,20261005,case_004165.csv
4166,mapping,get,32768,1000,32,4,131328,reverse,20261005,case_004166.csv
4167,mapping,get,32768,1000,32,4,131328,transpose,20261005,case_004167.csv
4168,mapping,get,32768,1000,32,4,131328,shuffle,20261005,case_004168.csv
4169,mapping,get,32768,1000,32,4,135168,identity,20261005,case_004169.csv
4170,mapping,get,32768,1000,32,4,135168,reverse,20261005,case_004170.csv
4171,mapping,get,32768,1000,32,4,135168,transpose,20261005,case_004171.csv
4172,mapping,get,32768,1000,32,4,135168,shuffle,20261005,case_004172.csv
4173,mapping,get,32768,1000,32,4,262144,identity,20261005,case_004173.csv
4174,mapping,get,32768,1000,32,4,262144,reverse,20261005,case_004174.csv
4175,mapping,get,32768,1000,32,4,262144,transpose,20261005,case_004175.csv
4176,mapping,get,32768,1000,32,4,262144,shuffle,20261005,case_004176.csv
4177,mapping,get,65536,1000,32,4,131200,identity,20261005,case_004177.csv
4178,mapping,get,65536,1000,32,4,131200,reverse,20261005,case_004178.csv
4179,mapping,get,65536,1000,32,4,131200,transpose,20261005,case_004179.csv
4180,mapping,get,65536,1000,32,4,131200,shuffle,20261005,case_004180.csv
4181,mapping,get,65536,1000,32,4,131328,identity,20261005,case_004181.csv
4182,mapping,get,65536,1000,32,4,131328,reverse,20261005,case_004182.csv
4183,mapping,get,65536,1000,32,4,131328,transpose,20261005,case_004183.csv
4184,mapping,get,65536,1000,32,4,131328,shuffle,20261005,case_004184.csv
4185,mapping,get,65536,1000,32,4,135168,identity,20261005,case_004185.csv
4186,mapping,get,65536,1000,32,4,135168,reverse,20261005,case_004186.csv
4187,mapping,get,65536,1000,32,4,135168,transpose,20261005,case_004187.csv
4188,mapping,get,65536,1000,32,4,135168,shuffle,20261005,case_004188.csv
4189,mapping,get,65536,1000,32,4,262144,identity,20261005,case_004189.csv
4190,mapping,get,65536,1000,32,4,262144,reverse,20261005,case_004190.csv
4191,mapping,get,65536,1000,32,4,262144,transpose,20261005,case_004191.csv
4192,mapping,get,65536,1000,32,4,262144,shuffle,20261005,case_004192.csv
4193,mapping,get,98304,1000,32,4,131200,identity,20261005,case_004193.csv
4194,mapping,get,98304,1000,32,4,131200,reverse,20261005,case_004194.csv
4195,mapping,get,98304,1000,32,4,131200,transpose,20261005,case_004195.csv
4196,mapping,get,98304,1000,32,4,131200,shuffle,20261005,case_004196.csv
4197,mapping,get,98304,1000,32,4,131328,identity,20261005,case_004197.csv
4198,mapping,get,98304,1000,32,4,131328,reverse,20261005,case_004198.csv
4199,mapping,get,98304,1000,32,4,131328,transpose,20261005,case_004199.csv
4200,mapping,get,98304,1000,32,4,131328,shuffle,20261005,case_004200.csv
4201,mapping,get,98304,1000,32,4,135168,identity,20261005,case_004201.csv
4202,mapping,get,98304,1000,32,4,135168,reverse,20261005,case_004202.csv
4203,mapping,get,98304,1000,32,4,135168,transpose,20261005,case_004203.csv
4204,mapping,get,98304,1000,32,4,135168,shuffle,20261005,case_004204.csv
4205,mapping,get,98304,1000,32,4,262144,identity,20261005,case_004205.csv
4206,mapping,get,98304,1000,32,4,262144,reverse,20261005,case_004206.csv
4207,mapping,get,98304,1000,32,4,262144,transpose,20261005,case_004207.csv
4208,mapping,get,98304,1000,32,4,262144,shuffle,20261005,case_004208.csv
4209,mapping,get,131072,1000,32,4,131200,identity,20261005,case_004209.csv
4210,mapping,get,131072,1000,32,4,131200,reverse,20261005,case_004210.csv
4211,mapping,get,131072,1000,32,4,131200,transpose,20261005,case_004211.csv
4212,mapping,get,131072,1000,32,4,131200,shuffle,20261005,case_004212.csv
4213,mapping,get,131072,1000,32,4,131328,identity,20261005,case_004213.csv
4214,mapping,get,131072,1000,32,4,131328,reverse,20261005,case_004214.csv
4215,mapping,get,131072,1000,32,4,131328,transpose,20261005,case_004215.csv
4216,mapping,get,131072,1000,32,4,131328,shuffle,20261005,case_004216.csv
4217,mapping,get,131072,1000,32,4,135168,identity,20261005,case_004217.csv
4218,mapping,get,131072,1000,32,4,135168,reverse,20261005,case_004218.csv
4219,mapping,get,131072,1000,32,4,135168,transpose,20261005,case_004219.csv
4220,mapping,get,131072,1000,32,4,135168,shuffle,20261005,case_004220.csv
4221,mapping,get,131072,1000,32,4,262144,identity,20261005,case_004221.csv
4222,mapping,get,131072,1000,32,4,262144,reverse,20261005,case_004222.csv
4223,mapping,get,131072,1000,32,4,262144,transpose,20261005,case_004223.csv
4224,mapping,get,131072,1000,32,4,262144,shuffle,20261005,case_004224.csv
4225,mapping,get,64,10000,64,0,131200,identity,20261005,case_004225.csv
4226,mapping,get,64,10000,64,0,131200,reverse,20261005,case_004226.csv
4227,mapping,get,64,10000,64,0,131200,transpose,20261005,case_004227.csv
4228,mapping,get,64,10000,64,0,131200,shuffle,20261005,case_004228.csv
4229,mapping,get,64,10000,64,0,131328,identity,20261005,case_004229.csv
4230,mapping,get,64,10000,64,0,131328,reverse,20261005,case_004230.csv
4231,mapping,get,64,10000,64,0,131328,transpose,20261005,case_004231.csv
4232,mapping,get,64,10000,64,0,131328,shuffle,20261005,case_004232.csv
4233,mapping,get,64,10000,64,0,135168,identity,20261005,case_004233.csv
4234,mapping,get,64,10000,64,0,135168,reverse,20261005,case_004234.csv
4235,mapping,get,64,10000,64,0,135168,transpose,20261005,case_004235.csv
4236,mapping,get,64,10000,64,0,135168,shuffle,20261005,case_004236.csv
4237,mapping,get,64,10000,64,0,262144,identity,20261005,case_004237.csv
4238,mapping,get,64,10000,64,0,262144,reverse,20261005,case_004238.csv
4239,mapping,get,64,10000,64,0,262144,transpose,20261005,case_004239.csv
4240,mapping,get,64,10000,64,0,262144,shuffle,20261005,case_004240.csv
4241,mapping,get,128,10000,64,0,131200,identity,20261005,case_004241.csv
4242,mapping,get,128,10000,64,0,131200,reverse,20261005,case_004242.csv
4243,mapping,get,128,10000,64,0,131200,transpose,20261005,case_004243.csv
4244,mapping,get,128,10000,64,0,131200,shuffle,20261005,case_004244.csv
4245,mapping,get,128,10000,64,0,131328,identity,20261005,case_004245.csv
4246,mapping,get,128,10000,64,0,131328,reverse,20261005,case_004246.csv
4247,mapping,get,128,10000,64,0,131328,transpose,20261005,case_004247.csv
4248,mapping,get,128,10000,64,0,131328,shuffle,20261005,case_004248.csv
4249,mapping,get,128,10000,64,0,135168,identity,20261005,case_004249.csv
4250,mapping,get,128,10000,64,0,135168,reverse,20261005,case_004250.csv
4251,mapping,get,128,10000,64,0,135168,transpose,20261005,case_004251.csv
4252,mapping,get,128,10000,64,0,135168,shuffle,20261005,case_004252.csv
4253,mapping,get,128,10000,64,0,262144,identity,20261005,case_004253.csv
4254,mapping,get,128,10000,64,0,262144,reverse,20261005,case_004254.csv
4255,mapping,get,128,10000,64,0,262144,transpose,20261005,case_004255.csv
4256,mapping,get,128,10000,64,0,262144,shuffle,20261005,case_004256.csv
4257,mapping,get,256,10000,64,0,131200,identity,20261005,case_004257.csv
4258,mapping,get,256,10000,64,0,131200,reverse,20261005,case_004258.csv
4259,mapping,get,256,10000,64,0,131200,transpose,20261005,case_004259.csv
4260,mapping,get,256,10000,64,0,131200,shuffle,20261005,case_004260.csv
4261,mapping,get,256,10000,64,0,131328,identity,20261005,case_004261.csv
4262,mapping,get,256,10000,64,0,131328,reverse,20261005,case_004262.csv
4263,mapping,get,256,10000,64,0,131328,transpose,20261005,case_004263.csv
4264,mapping,get,256,10000,64,0,131328,shuffle,20261005,case_004264.csv
4265,mapping,get,256,10000,64,0,135168,identity,20261005,case_004265.csv
4266,mapping,get,256,10000,64,0,135168,reverse,20261005,case_004266.csv
4267,mapping,get,256,10000,64,0,135168,transpose,20261005,case_004267.csv
4268,mapping,get,256,10000,64,0,135168,shuffle,20261005,case_004268.csv
4269,mapping,get,256,10000,64,0,262144,identity,20261005,case_004269.csv
4270,mapping,get,256,10000,64,0,262144,reverse,20261005,case_004270.csv
4271,mapping,get,256,10000,64,0,262144,transpose,20261005,case_004271.csv
4272,mapping,get,256,10000,64,0,262144,shuffle,20261005,case_004272.csv
4273,mapping,get,4096,1000,64,0,131200,identity,20261005,case_004273.csv
4274,mapping,get,4096,1000,64,0,131200,reverse,20261005,case_004274.csv
4275,mapping,get,4096,1000,64,0,131200,transpose,20261005,case_004275.csv
4276,mapping,get,4096,1000,64,0,131200,shuffle,20261005,case_004276.csv
4277,mapping,get,4096,1000,64,0,131328,identity,20261005,case_004277.csv
4278,mapping,get,4096,1000,64,0,131328,reverse,20261005,case_004278.csv
4279,mapping,get,4096,1000,64,0,131328,transpose,20261005,case_004279.csv
4280,mapping,get,4096,1000,64,0,131328,shuffle,20261005,case_004280.csv
4281,mapping,get,4096,1000,64,0,135168,identity,20261005,case_004281.csv
4282,mapping,get,4096,1000,64,0,135168,reverse,20261005,case_004282.csv
4283,mapping,get,4096,1000,64,0,135168,transpose,20261005,case_004283.csv
4284,mapping,get,4096,1000,64,0,135168,shuffle,20261005,case_004284.csv
4285,mapping,get,4096,1000,64,0,262144,identity,20261005,case_004285.csv
4286,mapping,get,4096,1000,64,0,262144,reverse,20261005,case_004286.csv
4287,mapping,get,4096,1000,64,0,262144,transpose,20261005,case_004287.csv
4288,mapping,get,4096,1000,64,0,262144,shuffle,20261005,case_004288.csv
4289,mapping,get,32768,1000,64,0,131200,identity,20261005,case_004289.csv
4290,mapping,get,32768,1000,64,0,131200,reverse,20261005,case_004290.csv
4291,mapping,get,32768,1000,64,0,131200,transpose,20261005,case_004291.csv
4292,mapping,get,32768,1000,64,0,131200,shuffle,20261005,case_004292.csv
4293,mapping,get,32768,1000,64,0,131328,identity,20261005,case_004293.csv
4294,mapping,get,32768,1000,64,0,131328,reverse,20261005,case_004294.csv
4295,mapping,get,32768,1000,64,0,131328,transpose,20261005,case_004295.csv
4296,mapping,get,32768,1000,64,0,131328,shuffle,20261005,case_004296.csv
4297,mapping,get,32768,1000,64,0,135168,identity,20261005,case_004297.csv
4298,mapping,get,32768,1000,64,0,135168,reverse,20261005,case_004298.csv
4299,mapping,get,32768,1000,64,0,135168,transpose,20261005,case_004299.csv
4300,mapping,get,32768,1000,64,0,135168,shuffle,20261005,case_004300.csv
4301,mapping,get,32768,1000,64,0,262144,identity,20261005,case_004301.csv
4302,mapping,get,32768,1000,64,0,262144,reverse,20261005,case_004302.csv
4303,mapping,get,32768,1000,64,0,262144,transpose,20261005,case_004303.csv
4304,mapping,get,32768,1000,64,0,262144,shuffle,20261005,case_004304.csv
4305,mapping,get,65536,1000,64,0,131200,identity,20261005,case_004305.csv
4306,mapping,get,65536,1000,64,0,131200,reverse,20261005,case_004306.csv
4307,mapping,get,65536,1000,64,0,131200,transpose,20261005,case_004307.csv
4308,mapping,get,65536,1000,64,0,131200,shuffle,20261005,case_004308.csv
4309,mapping,get,65536,1000,64,0,131328,identity,20261005,case_004309.csv
4310,mapping,get,65536,1000,64,0,131328,reverse,20261005,case_004310.csv
4311,mapping,get,65536,1000,64,0,131328,transpose,20261005,case_004311.csv
4312,mapping,get,65536,1000,64,0,131328,shuffle,20261005,case_004312.csv
4313,mapping,get,65536,1000,64,0,135168,identity,20261005,case_004313.csv
4314,mapping,get,65536,1000,64,0,135168,reverse,20261005,case_004314.csv
4315,mapping,get,65536,1000,64,0,135168,transpose,20261005,case_004315.csv
4316,mapping,get,65536,1000,64,0,135168,shuffle,20261005,case_004316.csv
4317,mapping,get,65536,1000,64,0,262144,identity,20261005,case_004317.csv
4318,mapping,get,65536,1000,64,0,262144,reverse,20261005,case_004318.csv
4319,mapping,get,65536,1000,64,0,262144,transpose,20261005,case_004319.csv
4320,mapping,get,65536,1000,64,0,262144,shuffle,20261005,case_004320.csv
4321,mapping,get,98304,1000,64,0,131200,identity,20261005,case_004321.csv
4322,mapping,get,98304,1000,64,0,131200,reverse,20261005,case_004322.csv
4323,mapping,get,98304,1000,64,0,131200,transpose,20261005,case_004323.csv
4324,mapping,get,98304,1000,64,0,131200,shuffle,20261005,case_004324.csv
4325,mapping,get,98304,1000,64,0,131328,identity,20261005,case_004325.csv
4326,mapping,get,98304,1000,64,0,131328,reverse,20261005,case_004326.csv
4327,mapping,get,98304,1000,64,0,131328,transpose,20261005,case_004327.csv
4328,mapping,get,98304,1000,64,0,131328,shuffle,20261005,case_004328.csv
4329,mapping,get,98304,1000,64,0,135168,identity,20261005,case_004329.csv
4330,mapping,get,98304,1000,64,0,135168,reverse,20261005,case_004330.csv
4331,mapping,get,98304,1000,64,0,135168,transpose,20261005,case_004331.csv
4332,mapping,get,98304,1000,64,0,135168,shuffle,20261005,case_004332.csv
4333,mapping,get,98304,1000,64,0,262144,identity,20261005,case_004333.csv
4334,mapping,get,98304,1000,64,0,262144,reverse,20261005,case_004334.csv
4335,mapping,get,98304,1000,64,0,262144,transpose,20261005,case_004335.csv
4336,mapping,get,98304,1000,64,0,262144,shuffle,20261005,case_004336.csv
4337,mapping,get,131072,1000,64,0,131200,identity,20261005,case_004337.csv
4338,mapping,get,131072,1000,64,0,131200,reverse,20261005,case_004338.csv
4339,mapping,get,131072,1000,64,0,131200,transpose,20261005,case_004339.csv
4340,mapping,get,131072,1000,64,0,131200,shuffle,20261005,case_004340.csv
4341,mapping,get,131072,1000,64,0,131328,identity,20261005,case_004341.csv
4342,mapping,get,131072,1000,64,0,131328,reverse,20261005,case_004342.csv
4343,mapping,get,131072,1000,64,0,131328,transpose,20261005,case_004343.csv
4344,mapping,get,131072,1000,64,0,131328,shuffle,20261005,case_004344.csv
4345,mapping,get,131072,1000,64,0,135168,identity,20261005,case_004345.csv
4346,mapping,get,131072,1000,64,0,135168,reverse,20261005,case_004346.csv
4347,mapping,get,131072,1000,64,0,135168,transpose,20261005,case_004347.csv
4348,mapping,get,131072,1000,64,0,135168,shuffle,20261005,case_004348.csv
4349,mapping,get,131072,1000,64,0,262144,identity,20261005,case_004349.csv
4350,mapping,get,131072,1000,64,0,262144,reverse,20261005,case_004350.csv
4351,mapping,get,131072,1000,64,0,262144,transpose,20261005,case_004351.csv
4352,mapping,get,131072,1000,64,0,262144,shuffle,20261005,case_004352.csv
4353,mapping,get,64,10000,64,4,131200,identity,20261005,case_004353.csv
4354,mapping,get,64,10000,64,4,131200,reverse,20261005,case_004354.csv
4355,mapping,get,64,10000,64,4,131200,transpose,20261005,case_004355.csv
4356,mapping,get,64,10000,64,4,131200,shuffle,20261005,case_004356.csv
4357,mapping,get,64,10000,64,4,131328,identity,20261005,case_004357.csv
4358,mapping,get,64,10000,64,4,131328,reverse,20261005,case_004358.csv
4359,mapping,get,64,10000,64,4,131328,transpose,20261005,case_004359.csv
4360,mapping,get,64,10000,64,4,131328,shuffle,20261005,case_004360.csv
4361,mapping,get,64,10000,64,4,135168,identity,20261005,case_004361.csv
4362,mapping,get,64,10000,64,4,135168,reverse,20261005,case_004362.csv
4363,mapping,get,64,10000,64,4,135168,transpose,20261005,case_004363.csv
4364,mapping,get,64,10000,64,4,135168,shuffle,20261005,case_004364.csv
4365,mapping,get,64,10000,64,4,262144,identity,20261005,case_004365.csv
4366,mapping,get,64,10000,64,4,262144,reverse,20261005,case_004366.csv
4367,mapping,get,64,10000,64,4,262144,transpose,20261005,case_004367.csv
4368,mapping,get,64,10000,64,4,262144,shuffle,20261005,case_004368.csv
4369,mapping,get,128,10000,64,4,131200,identity,20261005,case_004369.csv
4370,mapping,get,128,10000,64,4,131200,reverse,20261005,case_004370.csv
4371,mapping,get,128,10000,64,4,131200,transpose,20261005,case_004371.csv
4372,mapping,get,128,10000,64,4,131200,shuffle,20261005,case_004372.csv
4373,mapping,get,128,10000,64,4,131328,identity,20261005,case_004373.csv
4374,mapping,get,128,10000,64,4,131328,reverse,20261005,case_004374.csv
4375,mapping,get,128,10000,64,4,131328,transpose,20261005,case_004375.csv
4376,mapping,get,128,10000,64,4,131328,shuffle,20261005,case_004376.csv
4377,mapping,get,128,10000,64,4,135168,identity,20261005,case_004377.csv
4378,mapping,get,128,10000,64,4,135168,reverse,20261005,case_004378.csv
4379,mapping,get,128,10000,64,4,135168,transpose,20261005,case_004379.csv
4380,mapping,get,128,10000,64,4,135168,shuffle,20261005,case_004380.csv
4381,mapping,get,128,10000,64,4,262144,identity,20261005,case_004381.csv
4382,mapping,get,128,10000,64,4,262144,reverse,20261005,case_004382.csv
4383,mapping,get,128,10000,64,4,262144,transpose,20261005,case_004383.csv
4384,mapping,get,128,10000,64,4,262144,shuffle,20261005,case_004384.csv
4385,mapping,get,256,10000,64,4,131200,identity,20261005,case_004385.csv
4386,mapping,get,256,10000,64,4,131200,reverse,20261005,case_004386.csv
4387,mapping,get,256,10000,64,4,131200,transpose,20261005,case_004387.csv
4388,mapping,get,256,10000,64,4,131200,shuffle,20261005,case_004388.csv
4389,mapping,get,256,10000,64,4,131328,identity,20261005,case_004389.csv
4390,mapping,get,256,10000,64,4,131328,reverse,20261005,case_004390.csv
4391,mapping,get,256,10000,64,4,131328,transpose,20261005,case_004391.csv
4392,mapping,get,256,10000,64,4,131328,shuffle,20261005,case_004392.csv
4393,mapping,get,256,10000,64,4,135168,identity,20261005,case_004393.csv
4394,mapping,get,256,10000,64,4,135168,reverse,20261005,case_004394.csv
4395,mapping,get,256,10000,64,4,135168,transpose,20261005,case_004395.csv
4396,mapping,get,256,10000,64,4,135168,shuffle,20261005,case_004396.csv
4397,mapping,get,256,10000,64,4,262144,identity,20261005,case_004397.csv
4398,mapping,get,256,10000,64,4,262144,reverse,20261005,case_004398.csv
4399,mapping,get,256,10000,64,4,262144,transpose,20261005,case_004399.csv
4400,mapping,get,256,10000,64,4,262144,shuffle,20261005,case_004400.csv
4401,mapping,get,4096,1000,64,4,131200,identity,20261005,case_004401.csv
4402,mapping,get,4096,1000,64,4,131200,reverse,20261005,case_004402.csv
4403,mapping,get,4096,1000,64,4,131200,transpose,20261005,case_004403.csv
4404,mapping,get,4096,1000,64,4,131200,shuffle,20261005,case_004404.csv
4405,mapping,get,4096,1000,64,4,131328,identity,20261005,case_004405.csv
4406,mapping,get,4096,1000,64,4,131328,reverse,20261005,case_004406.csv
4407,mapping,get,4096,1000,64,4,131328,transpose,20261005,case_004407.csv
4408,mapping,get,4096,1000,64,4,131328,shuffle,20261005,case_004408.csv
4409,mapping,get,4096,1000,64,4,135168,identity,20261005,case_004409.csv
4410,mapping,get,4096,1000,64,4,135168,reverse,20261005,case_004410.csv
4411,mapping,get,4096,1000,64,4,135168,transpose,20261005,case_004411.csv
4412,mapping,get,4096,1000,64,4,135168,shuffle,20261005,case_004412.csv
4413,mapping,get,4096,1000,64,4,262144,identity,20261005,case_004413.csv
4414,mapping,get,4096,1000,64,4,262144,reverse,20261005,case_004414.csv
4415,mapping,get,4096,1000,64,4,262144,transpose,20261005,case_004415.csv
4416,mapping,get,4096,1000,64,4,262144,shuffle,20261005,case_004416.csv
4417,mapping,get,32768,1000,64,4,131200,identity,20261005,case_004417.csv
4418,mapping,get,32768,1000,64,4,131200,reverse,20261005,case_004418.csv
4419,mapping,get,32768,1000,64,4,131200,transpose,20261005,case_004419.csv
4420,mapping,get,32768,1000,64,4,131200,shuffle,20261005,case_004420.csv
4421,mapping,get,32768,1000,64,4,131328,identity,20261005,case_004421.csv
4422,mapping,get,32768,1000,64,4,131328,reverse,20261005,case_004422.csv
4423,mapping,get,32768,1000,64,4,131328,transpose,20261005,case_004423.csv
4424,mapping,get,32768,1000,64,4,131328,shuffle,20261005,case_004424.csv
4425,mapping,get,32768,1000,64,4,135168,identity,20261005,case_004425.csv
4426,mapping,get,32768,1000,64,4,135168,reverse,20261005,case_004426.csv
4427,mapping,get,32768,1000,64,4,135168,transpose,20261005,case_004427.csv
4428,mapping,get,32768,1000,64,4,135168,shuffle,20261005,case_004428.csv
4429,mapping,get,32768,1000,64,4,262144,identity,20261005,case_004429.csv
4430,mapping,get,32768,1000,64,4,262144,reverse,20261005,case_004430.csv
4431,mapping,get,32768,1000,64,4,262144,transpose,20261005,case_004431.csv
4432,mapping,get,32768,1000,64,4,262144,shuffle,20261005,case_004432.csv
4433,mapping,get,65536,1000,64,4,131200,identity,20261005,case_004433.csv
4434,mapping,get,65536,1000,64,4,131200,reverse,20261005,case_004434.csv
4435,mapping,get,65536,1000,64,4,131200,transpose,20261005,case_004435.csv
4436,mapping,get,65536,1000,64,4,131200,shuffle,20261005,case_004436.csv
4437,mapping,get,65536,1000,64,4,131328,identity,20261005,case_004437.csv
4438,mapping,get,65536,1000,64,4,131328,reverse,20261005,case_004438.csv
4439,mapping,get,65536,1000,64,4,131328,transpose,20261005,case_004439.csv
4440,mapping,get,65536,1000,64,4,131328,shuffle,20261005,case_004440.csv
4441,mapping,get,65536,1000,64,4,135168,identity,20261005,case_004441.csv
4442,mapping,get,65536,1000,64,4,135168,reverse,20261005,case_004442.csv
4443,mapping,get,65536,1000,64,4,135168,transpose,20261005,case_004443.csv
4444,mapping,get,65536,1000,64,4,135168,shuffle,20261005,case_004444.csv
4445,mapping,get,65536,1000,64,4,262144,identity,20261005,case_004445.csv
4446,mapping,get,65536,1000,64,4,262144,reverse,20261005,case_004446.csv
4447,mapping,get,65536,1000,64,4,262144,transpose,20261005,case_004447.csv
4448,mapping,get,65536,1000,64,4,262144,shuffle,20261005,case_004448.csv
4449,mapping,get,98304,1000,64,4,131200,identity,20261005,case_004449.csv
4450,mapping,get,98304,1000,64,4,131200,reverse,20261005,case_004450.csv
4451,mapping,get,98304,1000,64,4,131200,transpose,20261005,case_004451.csv
4452,mapping,get,98304,1000,64,4,131200,shuffle,20261005,case_004452.csv
4453,mapping,get,98304,1000,64,4,131328,identity,20261005,case_004453.csv
4454,mapping,get,98304,1000,64,4,131328,reverse,20261005,case_004454.csv
4455,mapping,get,98304,1000,64,4,131328,transpose,20261005,case_004455.csv
4456,mapping,get,98304,1000,64,4,131328,shuffle,20261005,case_004456.csv
4457,mapping,get,98304,1000,64,4,135168,identity,20261005,case_004457.csv
4458,mapping,get,98304,1000,64,4,135168,reverse,20261005,case_004458.csv
4459,mapping,get,98304,1000,64,4,135168,transpose,20261005,case_004459.csv
4460,mapping,get,98304,1000,64,4,135168,shuffle,20261005,case_004460.csv
4461,mapping,get,98304,1000,64,4,262144,identity,20261005,case_004461.csv
4462,mapping,get,98304,1000,64,4,262144,reverse,20261005,case_004462.csv
4463,mapping,get,98304,1000,64,4,262144,transpose,20261005,case_004463.csv
4464,mapping,get,98304,1000,64,4,262144,shuffle,20261005,case_004464.csv
4465,mapping,get,131072,1000,64,4,131200,identity,20261005,case_004465.csv
4466,mapping,get,131072,1000,64,4,131200,reverse,20261005,case_004466.csv
4467,mapping,get,131072,1000,64,4,131200,transpose,20261005,case_004467.csv
4468,mapping,get,131072,1000,64,4,131200,shuffle,20261005,case_004468.csv
4469,mapping,get,131072,1000,64,4,131328,identity,20261005,case_004469.csv
4470,mapping,get,131072,1000,64,4,131328,reverse,20261005,case_004470.csv
4471,mapping,get,131072,1000,64,4,131328,transpose,20261005,case_004471.csv
4472,mapping,get,131072,1000,64,4,131328,shuffle,20261005,case_004472.csv
4473,mapping,get,131072,1000,64,4,135168,identity,20261005,case_004473.csv
4474,mapping,get,131072,1000,64,4,135168,reverse,20261005,case_004474.csv
4475,mapping,get,131072,1000,64,4,135168,transpose,20261005,case_004475.csv
4476,mapping,get,131072,1000,64,4,135168,shuffle,20261005,case_004476.csv
4477,mapping,get,131072,1000,64,4,262144,identity,20261005,case_004477.csv
4478,mapping,get,131072,1000,64,4,262144,reverse,20261005,case_004478.csv
4479,mapping,get,131072,1000,64,4,262144,transpose,20261005,case_004479.csv
4480,mapping,get,131072,1000,64,4,262144,shuffle,20261005,case_004480.csv
4481,mapping,put,64,10000,1,0,131200,identity,20261005,case_004481.csv
4482,mapping,put,64,10000,1,0,131200,reverse,20261005,case_004482.csv
4483,mapping,put,64,10000,1,0,131200,transpose,20261005,case_004483.csv
4484,mapping,put,64,10000,1,0,131200,shuffle,20261005,case_004484.csv
4485,mapping,put,64,10000,1,0,131328,identity,20261005,case_004485.csv
4486,mapping,put,64,10000,1,0,131328,reverse,20261005,case_004486.csv
4487,mapping,put,64,10000,1,0,131328,transpose,20261005,case_004487.csv
4488,mapping,put,64,10000,1,0,131328,shuffle,20261005,case_004488.csv
4489,mapping,put,64,10000,1,0,135168,identity,20261005,case_004489.csv
4490,mapping,put,64,10000,1,0,135168,reverse,20261005,case_004490.csv
4491,mapping,put,64,10000,1,0,135168,transpose,20261005,case_004491.csv
4492,mapping,put,64,10000,1,0,135168,shuffle,20261005,case_004492.csv
4493,mapping,put,64,10000,1,0,262144,identity,20261005,case_004493.csv
4494,mapping,put,64,10000,1,0,262144,reverse,20261005,case_004494.csv
4495,mapping,put,64,10000,1,0,262144,transpose,20261005,case_004495.csv
4496,mapping,put,64,10000,1,0,262144,shuffle,20261005,case_004496.csv
4497,mapping,put,128,10000,1,0,131200,identity,20261005,case_004497.csv
4498,mapping,put,128,10000,1,0,131200,reverse,20261005,case_004498.csv
4499,mapping,put,128,10000,1,0,131200,transpose,20261005,case_004499.csv
4500,mapping,put,128,10000,1,0,131200,shuffle,20261005,case_004500.csv
4501,mapping,put,128,10000,1,0,131328,identity,20261005,case_004501.csv
4502,mapping,put,128,10000,1,0,131328,reverse,20261005,case_004502.csv
4503,mapping,put,128,10000,1,0,131328,transpose,20261005,case_004503.csv
4504,mapping,put,128,10000,1,0,131328,shuffle,20261005,case_004504.csv
4505,mapping,put,128,10000,1,0,135168,identity,20261005,case_004505.csv
4506,mapping,put,128,10000,1,0,135168,reverse,20261005,case_004506.csv
4507,mapping,put,128,10000,1,0,135168,transpose,20261005,case_004507.csv
4508,mapping,put,128,10000,1,0,135168,shuffle,20261005,case_004508.csv
4509,mapping,put,128,10000,1,0,262144,identity,20261005,case_004509.csv
4510,mapping,put,128,10000,1,0,262144,reverse,20261005,case_004510.csv
4511,mapping,put,128,10000,1,0,262144,transpose,20261005,case_004511.csv
4512,mapping,put,128,10000,1,0,262144,shuffle,20261005,case_004512.csv
4513,mapping,put,256,10000,1,0,131200,identity,20261005,case_004513.csv
4514,mapping,put,256,10000,1,0,131200,reverse,20261005,case_004514.csv
4515,mapping,put,256,10000,1,0,131200,transpose,20261005,case_004515.csv
4516,mapping,put,256,10000,1,0,131200,shuffle,20261005,case_004516.csv
4517,mapping,put,256,10000,1,0,131328,identity,20261005,case_004517.csv
4518,mapping,put,256,10000,1,0,131328,reverse,20261005,case_004518.csv
4519,mapping,put,256,10000,1,0,131328,transpose,20261005,case_004519.csv
4520,mapping,put,256,10000,1,0,131328,shuffle,20261005,case_004520.csv
4521,mapping,put,256,10000,1,0,135168,identity,20261005,case_004521.csv
4522,mapping,put,256,10000,1,0,135168,reverse,20261005,case_004522.csv
4523,mapping,put,256,10000,1,0,135168,transpose,20261005,case_004523.csv
4524,mapping,put,256,10000,1,0,135168,shuffle,20261005,case_004524.csv
4525,mapping,put,256,10000,1,0,262144,identity,20261005,case_004525.csv
4526,mapping,put,256,10000,1,0,262144,reverse,20261005,case_004526.csv
4527,mapping,put,256,10000,1,0,262144,transpose,20261005,case_004527.csv
4528,mapping,put,256,10000,1,0,262144,shuffle,20261005,case_004528.csv
4529,mapping,put,4096,1000,1,0,131200,identity,20261005,case_004529.csv
4530,mapping,put,4096,1000,1,0,131200,reverse,20261005,case_004530.csv
4531,mapping,put,4096,1000,1,0,131200,transpose,20261005,case_004531.csv
4532,mapping,put,4096,1000,1,0,131200,shuffle,20261005,case_004532.csv
4533,mapping,put,4096,1000,1,0,131328,identity,20261005,case_004533.csv
4534,mapping,put,4096,1000,1,0,131328,reverse,20261005,case_004534.csv
4535,mapping,put,4096,1000,1,0,131328,transpose,20261005,case_004535.csv
4536,mapping,put,4096,1000,1,0,131328,shuffle,20261005,case_004536.csv
4537,mapping,put,4096,1000,1,0,135168,identity,20261005,case_004537.csv
4538,mapping,put,4096,1000,1,0,135168,reverse,20261005,case_004538.csv
4539,mapping,put,4096,1000,1,0,135168,transpose,20261005,case_004539.csv
4540,mapping,put,4096,1000,1,0,135168,shuffle,20261005,case_004540.csv
4541,mapping,put,4096,1000,1,0,262144,identity,20261005,case_004541.csv
4542,mapping,put,4096,1000,1,0,262144,reverse,20261005,case_004542.csv
4543,mapping,put,4096,1000,1,0,262144,transpose,20261005,case_004543.csv
4544,mapping,put,4096,1000,1,0,262144,shuffle,20261005,case_004544.csv
4545,mapping,put,32768,1000,1,0,131200,identity,20261005,case_004545.csv
4546,mapping,put,32768,1000,1,0,131200,reverse,20261005,case_004546.csv
4547,mapping,put,32768,1000,1,0,131200,transpose,20261005,case_004547.csv
4548,mapping,put,32768,1000,1,0,131200,shuffle,20261005,case_004548.csv
4549,mapping,put,32768,1000,1,0,131328,identity,20261005,case_004549.csv
4550,mapping,put,32768,1000,1,0,131328,reverse,20261005,case_004550.csv
4551,mapping,put,32768,1000,1,0,131328,transpose,20261005,case_004551.csv
4552,mapping,put,32768,1000,1,0,131328,shuffle,20261005,case_004552.csv
4553,mapping,put,32768,1000,1,0,135168,identity,20261005,case_004553.csv
4554,mapping,put,32768,1000,1,0,135168,reverse,20261005,case_004554.csv
4555,mapping,put,32768,1000,1,0,135168,transpose,20261005,case_004555.csv
4556,mapping,put,32768,1000,1,0,135168,shuffle,20261005,case_004556.csv
4557,mapping,put,32768,1000,1,0,262144,identity,20261005,case_004557.csv
4558,mapping,put,32768,1000,1,0,262144,reverse,20261005,case_004558.csv
4559,mapping,put,32768,1000,1,0,262144,transpose,20261005,case_004559.csv
4560,mapping,put,32768,1000,1,0,262144,shuffle,20261005,case_004560.csv
4561,mapping,put,65536,1000,1,0,131200,identity,20261005,case_004561.csv
4562,mapping,put,65536,1000,1,0,131200,reverse,20261005,case_004562.csv
4563,mapping,put,65536,1000,1,0,131200,transpose,20261005,case_004563.csv
4564,mapping,put,65536,1000,1,0,131200,shuffle,20261005,case_004564.csv
4565,mapping,put,65536,1000,1,0,131328,identity,20261005,case_004565.csv
4566,mapping,put,65536,1000,1,0,131328,reverse,20261005,case_004566.csv
4567,mapping,put,65536,1000,1,0,131328,transpose,20261005,case_004567.csv
4568,mapping,put,65536,1000,1,0,131328,shuffle,20261005,case_004568.csv
4569,mapping,put,65536,1000,1,0,135168,identity,20261005,case_004569.csv
4570,mapping,put,65536,1000,1,0,135168,reverse,20261005,case_004570.csv
4571,mapping,put,65536,1000,1,0,135168,transpose,20261005,case_004571.csv
4572,mapping,put,65536,1000,1,0,135168,shuffle,20261005,case_004572.csv
4573,mapping,put,65536,1000,1,0,262144,identity,20261005,case_004573.csv
4574,mapping,put,65536,1000,1,0,262144,reverse,20261005,case_004574.csv
4575,mapping,put,65536,1000,1,0,262144,transpose,20261005,case_004575.csv
4576,mapping,put,65536,1000,1,0,262144,shuffle,20261005,case_004576.csv
4577,mapping,put,98304,1000,1,0,131200,identity,20261005,case_004577.csv
4578,mapping,put,98304,1000,1,0,131200,reverse,20261005,case_004578.csv
4579,mapping,put,98304,1000,1,0,131200,transpose,20261005,case_004579.csv
4580,mapping,put,98304,1000,1,0,131200,shuffle,20261005,case_004580.csv
4581,mapping,put,98304,1000,1,0,131328,identity,20261005,case_004581.csv
4582,mapping,put,98304,1000,1,0,131328,reverse,20261005,case_004582.csv
4583,mapping,put,98304,1000,1,0,131328,transpose,20261005,case_004583.csv
4584,mapping,put,98304,1000,1,0,131328,shuffle,20261005,case_004584.csv
4585,mapping,put,98304,1000,1,0,135168,identity,20261005,case_004585.csv
4586,mapping,put,98304,1000,1,0,135168,reverse,20261005,case_004586.csv
4587,mapping,put,98304,1000,1,0,135168,transpose,20261005,case_004587.csv
4588,mapping,put,98304,1000,1,0,135168,shuffle,20261005,case_004588.csv
4589,mapping,put,98304,1000,1,0,262144,identity,20261005,case_004589.csv
4590,mapping,put,98304,1000,1,0,262144,reverse,20261005,case_004590.csv
4591,mapping,put,98304,1000,1,0,262144,transpose,20261005,case_004591.csv
4592,mapping,put,98304,1000,1,0,262144,shuffle,20261005,case_004592.csv
4593,mapping,put,131072,1000,1,0,131200,identity,20261005,case_004593.csv
4594,mapping,put,131072,1000,1,0,131200,reverse,20261005,case_004594.csv
4595,mapping,put,131072,1000,1,0,131200,transpose,20261005,case_004595.csv
4596,mapping,put,131072,1000,1,0,131200,shuffle,20261005,case_004596.csv
4597,mapping,put,131072,1000,1,0,131328,identity,20261005,case_004597.csv
4598,mapping,put,131072,1000,1,0,131328,reverse,20261005,case_004598.csv
4599,mapping,put,131072,1000,1,0,131328,transpose,20261005,case_004599.csv
4600,mapping,put,131072,1000,1,0,131328,shuffle,20261005,case_004600.csv
4601,mapping,put,131072,1000,1,0,135168,identity,20261005,case_004601.csv
4602,mapping,put,131072,1000,1,0,135168,reverse,20261005,case_004602.csv
4603,mapping,put,131072,1000,1,0,135168,transpose,20261005,case_004603.csv
4604,mapping,put,131072,1000,1,0,135168,shuffle,20261005,case_004604.csv
4605,mapping,put,131072,1000,1,0,262144,identity,20261005,case_004605.csv
4606,mapping,put,131072,1000,1,0,262144,reverse,20261005,case_004606.csv
4607,mapping,put,131072,1000,1,0,262144,transpose,20261005,case_004607.csv
4608,mapping,put,131072,1000,1,0,262144,shuffle,20261005,case_004608.csv
4609,mapping,put,64,10000,1,4,131200,identity,20261005,case_004609.csv
4610,mapping,put,64,10000,1,4,131200,reverse,20261005,case_004610.csv
4611,mapping,put,64,10000,1,4,131200,transpose,20261005,case_004611.csv
4612,mapping,put,64,10000,1,4,131200,shuffle,20261005,case_004612.csv
4613,mapping,put,64,10000,1,4,131328,identity,20261005,case_004613.csv
4614,mapping,put,64,10000,1,4,131328,reverse,20261005,case_004614.csv
4615,mapping,put,64,10000,1,4,131328,transpose,20261005,case_004615.csv
4616,mapping,put,64,10000,1,4,131328,shuffle,20261005,case_004616.csv
4617,mapping,put,64,10000,1,4,135168,identity,20261005,case_004617.csv
4618,mapping,put,64,10000,1,4,135168,reverse,20261005,case_004618.csv
4619,mapping,put,64,10000,1,4,135168,transpose,20261005,case_004619.csv
4620,mapping,put,64,10000,1,4,135168,shuffle,20261005,case_004620.csv
4621,mapping,put,64,10000,1,4,262144,identity,20261005,case_004621.csv
4622,mapping,put,64,10000,1,4,262144,reverse,20261005,case_004622.csv
4623,mapping,put,64,10000,1,4,262144,transpose,20261005,case_004623.csv
4624,mapping,put,64,10000,1,4,262144,shuffle,20261005,case_004624.csv
4625,mapping,put,128,10000,1,4,131200,identity,20261005,case_004625.csv
4626,mapping,put,128,10000,1,4,131200,reverse,20261005,case_004626.csv
4627,mapping,put,128,10000,1,4,131200,transpose,20261005,case_004627.csv
4628,mapping,put,128,10000,1,4,131200,shuffle,20261005,case_004628.csv
4629,mapping,put,128,10000,1,4,131328,identity,20261005,case_004629.csv
4630,mapping,put,128,10000,1,4,131328,reverse,20261005,case_004630.csv
4631,mapping,put,128,10000,1,4,131328,transpose,20261005,case_004631.csv
4632,mapping,put,128,10000,1,4,131328,shuffle,20261005,case_004632.csv
4633,mapping,put,128,10000,1,4,135168,identity,20261005,case_004633.csv
4634,mapping,put,128,10000,1,4,135168,reverse,20261005,case_004634.csv
4635,mapping,put,128,10000,1,4,135168,transpose,20261005,case_004635.csv
4636,mapping,put,128,10000,1,4,135168,shuffle,20261005,case_004636.csv
4637,mapping,put,128,10000,1,4,262144,identity,20261005,case_004637.csv
4638,mapping,put,128,10000,1,4,262144,reverse,20261005,case_004638.csv
4639,mapping,put,128,10000,1,4,262144,transpose,20261005,case_004639.csv
4640,mapping,put,128,10000,1,4,262144,shuffle,20261005,case_004640.csv
4641,mapping,put,256,10000,1,4,131200,identity,20261005,case_004641.csv
4642,mapping,put,256,10000,1,4,131200,reverse,20261005,case_004642.csv
4643,mapping,put,256,10000,1,4,131200,transpose,20261005,case_004643.csv
4644,mapping,put,256,10000,1,4,131200,shuffle,20261005,case_004644.csv
4645,mapping,put,256,10000,1,4,131328,identity,20261005,case_004645.csv
4646,mapping,put,256,10000,1,4,131328,reverse,20261005,case_004646.csv
4647,mapping,put,256,10000,1,4,131328,transpose,20261005,case_004647.csv
4648,mapping,put,256,10000,1,4,131328,shuffle,20261005,case_004648.csv
4649,mapping,put,256,10000,1,4,135168,identity,20261005,case_004649.csv
4650,mapping,put,256,10000,1,4,135168,reverse,20261005,case_004650.csv
4651,mapping,put,256,10000,1,4,135168,transpose,20261005,case_004651.csv
4652,mapping,put,256,10000,1,4,135168,shuffle,20261005,case_004652.csv
4653,mapping,put,256,10000,1,4,262144,identity,20261005,case_004653.csv
4654,mapping,put,256,10000,1,4,262144,reverse,20261005,case_004654.csv
4655,mapping,put,256,10000,1,4,262144,transpose,20261005,case_004655.csv
4656,mapping,put,256,10000,1,4,262144,shuffle,20261005,case_004656.csv
4657,mapping,put,4096,1000,1,4,131200,identity,20261005,case_004657.csv
4658,mapping,put,4096,1000,1,4,131200,reverse,20261005,case_004658.csv
4659,mapping,put,4096,1000,1,4,131200,transpose,20261005,case_004659.csv
4660,mapping,put,4096,1000,1,4,131200,shuffle,20261005,case_004660.csv
4661,mapping,put,4096,1000,1,4,131328,identity,20261005,case_004661.csv
4662,mapping,put,4096,1000,1,4,131328,reverse,20261005,case_004662.csv
4663,mapping,put,4096,1000,1,4,131328,transpose,20261005,case_004663.csv
4664,mapping,put,4096,1000,1,4,131328,shuffle,20261005,case_004664.csv
4665,mapping,put,4096,1000,1,4,135168,identity,20261005,case_004665.csv
4666,mapping,put,4096,1000,1,4,135168,reverse,20261005,case_004666.csv
4667,mapping,put,4096,1000,1,4,135168,transpose,20261005,case_004667.csv
4668,mapping,put,4096,1000,1,4,135168,shuffle,20261005,case_004668.csv
4669,mapping,put,4096,1000,1,4,262144,identity,20261005,case_004669.csv
4670,mapping,put,4096,1000,1,4,262144,reverse,20261005,case_004670.csv
4671,mapping,put,4096,1000,1,4,262144,transpose,20261005,case_004671.csv
4672,mapping,put,4096,1000,1,4,262144,shuffle,20261005,case_004672.csv
4673,mapping,put,32768,1000,1,4,131200,identity,20261005,case_004673.csv
4674,mapping,put,32768,1000,1,4,131200,reverse,20261005,case_004674.csv
4675,mapping,put,32768,1000,1,4,131200,transpose,20261005,case_004675.csv
4676,mapping,put,32768,1000,1,4,131200,shuffle,20261005,case_004676.csv
4677,mapping,put,32768,1000,1,4,131328,identity,20261005,case_004677.csv
4678,mapping,put,32768,1000,1,4,131328,reverse,20261005,case_004678.csv
4679,mapping,put,32768,1000,1,4,131328,transpose,20261005,case_004679.csv
4680,mapping,put,32768,1000,1,4,131328,shuffle,20261005,case_004680.csv
4681,mapping,put,32768,1000,1,4,135168,identity,20261005,case_004681.csv
4682,mapping,put,32768,1000,1,4,135168,reverse,20261005,case_004682.csv
4683,mapping,put,32768,1000,1,4,135168,transpose,20261005,case_004683.csv
4684,mapping,put,32768,1000,1,4,135168,shuffle,20261005,case_004684.csv
4685,mapping,put,32768,1000,1,4,262144,identity,20261005,case_004685.csv
4686,mapping,put,32768,1000,1,4,262144,reverse,20261005,case_004686.csv
4687,mapping,put,32768,1000,1,4,262144,transpose,20261005,case_004687.csv
4688,mapping,put,32768,1000,1,4,262144,shuffle,20261005,case_004688.csv
4689,mapping,put,65536,1000,1,4,131200,identity,20261005,case_004689.csv
4690,mapping,put,65536,1000,1,4,131200,reverse,20261005,case_004690.csv
4691,mapping,put,65536,1000,1,4,131200,transpose,20261005,case_004691.csv
4692,mapping,put,65536,1000,1,4,131200,shuffle,20261005,case_004692.csv
4693,mapping,put,65536,1000,1,4,131328,identity,20261005,case_004693.csv
4694,mapping,put,65536,1000,1,4,131328,reverse,20261005,case_004694.csv
4695,mapping,put,65536,1000,1,4,131328,transpose,20261005,case_004695.csv
4696,mapping,put,65536,1000,1,4,131328,shuffle,20261005,case_004696.csv
4697,mapping,put,65536,1000,1,4,135168,identity,20261005,case_004697.csv
4698,mapping,put,65536,1000,1,4,135168,reverse,20261005,case_004698.csv
4699,mapping,put,65536,1000,1,4,135168,transpose,20261005,case_004699.csv
4700,mapping,put,65536,1000,1,4,135168,shuffle,20261005,case_004700.csv
4701,mapping,put,65536,1000,1,4,262144,identity,20261005,case_004701.csv
4702,mapping,put,65536,1000,1,4,262144,reverse,20261005,case_004702.csv
4703,mapping,put,65536,1000,1,4,262144,transpose,20261005,case_004703.csv
4704,mapping,put,65536,1000,1,4,262144,shuffle,20261005,case_004704.csv
4705,mapping,put,98304,1000,1,4,131200,identity,20261005,case_004705.csv
4706,mapping,put,98304,1000,1,4,131200,reverse,20261005,case_004706.csv
4707,mapping,put,98304,1000,1,4,131200,transpose,20261005,case_004707.csv
4708,mapping,put,98304,1000,1,4,131200,shuffle,20261005,case_004708.csv
4709,mapping,put,98304,1000,1,4,131328,identity,20261005,case_004709.csv
4710,mapping,put,98304,1000,1,4,131328,reverse,20261005,case_004710.csv
4711,mapping,put,98304,1000,1,4,131328,transpose,20261005,case_004711.csv
4712,mapping,put,98304,1000,1,4,131328,shuffle,20261005,case_004712.csv
4713,mapping,put,98304,1000,1,4,135168,identity,20261005,case_004713.csv
4714,mapping,put,98304,1000,1,4,135168,reverse,20261005,case_004714.csv
4715,mapping,put,98304,1000,1,4,135168,transpose,20261005,case_004715.csv
4716,mapping,put,98304,1000,1,4,135168,shuffle,20261005,case_004716.csv
4717,mapping,put,98304,1000,1,4,262144,identity,20261005,case_004717.csv
4718,mapping,put,98304,1000,1,4,262144,reverse,20261005,case_004718.csv
4719,mapping,put,98304,1000,1,4,262144,transpose,20261005,case_004719.csv
4720,mapping,put,98304,1000,1,4,262144,shuffle,20261005,case_004720.csv
4721,mapping,put,131072,1000,1,4,131200,identity,20261005,case_004721.csv
4722,mapping,put,131072,1000,1,4,131200,reverse,20261005,case_004722.csv
4723,mapping,put,131072,1000,1,4,131200,transpose,20261005,case_004723.csv
4724,mapping,put,131072,1000,1,4,131200,shuffle,20261005,case_004724.csv
4725,mapping,put,131072,1000,1,4,131328,identity,20261005,case_004725.csv
4726,mapping,put,131072,1000,1,4,131328,reverse,20261005,case_004726.csv
4727,mapping,put,131072,1000,1,4,131328,transpose,20261005,case_004727.csv
4728,mapping,put,131072,1000,1,4,131328,shuffle,20261005,case_004728.csv
4729,mapping,put,131072,1000,1,4,135168,identity,20261005,case_004729.csv
4730,mapping,put,131072,1000,1,4,135168,reverse,20261005,case_004730.csv
4731,mapping,put,131072,1000,1,4,135168,transpose,20261005,case_004731.csv
4732,mapping,put,131072,1000,1,4,135168,shuffle,20261005,case_004732.csv
4733,mapping,put,131072,1000,1,4,262144,identity,20261005,case_004733.csv
4734,mapping,put,131072,1000,1,4,262144,reverse,20261005,case_004734.csv
4735,mapping,put,131072,1000,1,4,262144,transpose,20261005,case_004735.csv
4736,mapping,put,131072,1000,1,4,262144,shuffle,20261005,case_004736.csv
4737,mapping,put,64,10000,2,0,131200,identity,20261005,case_004737.csv
4738,mapping,put,64,10000,2,0,131200,reverse,20261005,case_004738.csv
4739,mapping,put,64,10000,2,0,131200,transpose,20261005,case_004739.csv
4740,mapping,put,64,10000,2,0,131200,shuffle,20261005,case_004740.csv
4741,mapping,put,64,10000,2,0,131328,identity,20261005,case_004741.csv
4742,mapping,put,64,10000,2,0,131328,reverse,20261005,case_004742.csv
4743,mapping,put,64,10000,2,0,131328,transpose,20261005,case_004743.csv
4744,mapping,put,64,10000,2,0,131328,shuffle,20261005,case_004744.csv
4745,mapping,put,64,10000,2,0,135168,identity,20261005,case_004745.csv
4746,mapping,put,64,10000,2,0,135168,reverse,20261005,case_004746.csv
4747,mapping,put,64,10000,2,0,135168,transpose,20261005,case_004747.csv
4748,mapping,put,64,10000,2,0,135168,shuffle,20261005,case_004748.csv
4749,mapping,put,64,10000,2,0,262144,identity,20261005,case_004749.csv
4750,mapping,put,64,10000,2,0,262144,reverse,20261005,case_004750.csv
4751,mapping,put,64,10000,2,0,262144,transpose,20261005,case_004751.csv
4752,mapping,put,64,10000,2,0,262144,shuffle,20261005,case_004752.csv
4753,mapping,put,128,10000,2,0,131200,identity,20261005,case_004753.csv
4754,mapping,put,128,10000,2,0,131200,reverse,20261005,case_004754.csv
4755,mapping,put,128,10000,2,0,131200,transpose,20261005,case_004755.csv
4756,mapping,put,128,10000,2,0,131200,shuffle,20261005,case_004756.csv
4757,mapping,put,128,10000,2,0,131328,identity,20261005,case_004757.csv
4758,mapping,put,128,10000,2,0,131328,reverse,20261005,case_004758.csv
4759,mapping,put,128,10000,2,0,131328,transpose,20261005,case_004759.csv
4760,mapping,put,128,10000,2,0,131328,shuffle,20261005,case_004760.csv
4761,mapping,put,128,10000,2,0,135168,identity,20261005,case_004761.csv
4762,mapping,put,128,10000,2,0,135168,reverse,20261005,case_004762.csv
4763,mapping,put,128,10000,2,0,135168,transpose,20261005,case_004763.csv
4764,mapping,put,128,10000,2,0,135168,shuffle,20261005,case_004764.csv
4765,mapping,put,128,10000,2,0,262144,identity,20261005,case_004765.csv
4766,mapping,put,128,10000,2,0,262144,reverse,20261005,case_004766.csv
4767,mapping,put,128,10000,2,0,262144,transpose,20261005,case_004767.csv
4768,mapping,put,128,10000,2,0,262144,shuffle,20261005,case_004768.csv
4769,mapping,put,256,10000,2,0,131200,identity,20261005,case_004769.csv
4770,mapping,put,256,10000,2,0,131200,reverse,20261005,case_004770.csv
4771,mapping,put,256,10000,2,0,131200,transpose,20261005,case_004771.csv
4772,mapping,put,256,10000,2,0,131200,shuffle,20261005,case_004772.csv
4773,mapping,put,256,10000,2,0,131328,identity,20261005,case_004773.csv
4774,mapping,put,256,10000,2,0,131328,reverse,20261005,case_004774.csv
4775,mapping,put,256,10000,2,0,131328,transpose,20261005,case_004775.csv
4776,mapping,put,256,10000,2,0,131328,shuffle,20261005,case_004776.csv
4777,mapping,put,256,10000,2,0,135168,identity,20261005,case_004777.csv
4778,mapping,put,256,10000,2,0,135168,reverse,20261005,case_004778.csv
4779,mapping,put,256,10000,2,0,135168,transpose,20261005,case_004779.csv
4780,mapping,put,256,10000,2,0,135168,shuffle,20261005,case_004780.csv
4781,mapping,put,256,10000,2,0,262144,identity,20261005,case_004781.csv
4782,mapping,put,256,10000,2,0,262144,reverse,20261005,case_004782.csv
4783,mapping,put,256,10000,2,0,262144,transpose,20261005,case_004783.csv
4784,mapping,put,256,10000,2,0,262144,shuffle,20261005,case_004784.csv
4785,mapping,put,4096,1000,2,0,131200,identity,20261005,case_004785.csv
4786,mapping,put,4096,1000,2,0,131200,reverse,20261005,case_004786.csv
4787,mapping,put,4096,1000,2,0,131200,transpose,20261005,case_004787.csv
4788,mapping,put,4096,1000,2,0,131200,shuffle,20261005,case_004788.csv
4789,mapping,put,4096,1000,2,0,131328,identity,20261005,case_004789.csv
4790,mapping,put,4096,1000,2,0,131328,reverse,20261005,case_004790.csv
4791,mapping,put,4096,1000,2,0,131328,transpose,20261005,case_004791.csv
4792,mapping,put,4096,1000,2,0,131328,shuffle,20261005,case_004792.csv
4793,mapping,put,4096,1000,2,0,135168,identity,20261005,case_004793.csv
4794,mapping,put,4096,1000,2,0,135168,reverse,20261005,case_004794.csv
4795,mapping,put,4096,1000,2,0,135168,transpose,20261005,case_004795.csv
4796,mapping,put,4096,1000,2,0,135168,shuffle,20261005,case_004796.csv
4797,mapping,put,4096,1000,2,0,262144,identity,20261005,case_004797.csv
4798,mapping,put,4096,1000,2,0,262144,reverse,20261005,case_004798.csv
4799,mapping,put,4096,1000,2,0,262144,transpose,20261005,case_004799.csv
4800,mapping,put,4096,1000,2,0,262144,shuffle,20261005,case_004800.csv
4801,mapping,put,32768,1000,2,0,131200,identity,20261005,case_004801.csv
4802,mapping,put,32768,1000,2,0,131200,reverse,20261005,case_004802.csv
4803,mapping,put,32768,1000,2,0,131200,transpose,20261005,case_004803.csv
4804,mapping,put,32768,1000,2,0,131200,shuffle,20261005,case_004804.csv
4805,mapping,put,32768,1000,2,0,131328,identity,20261005,case_004805.csv
4806,mapping,put,32768,1000,2,0,131328,reverse,20261005,case_004806.csv
4807,mapping,put,32768,1000,2,0,131328,transpose,20261005,case_004807.csv
4808,mapping,put,32768,1000,2,0,131328,shuffle,20261005,case_004808.csv
4809,mapping,put,32768,1000,2,0,135168,identity,20261005,case_004809.csv
4810,mapping,put,32768,1000,2,0,135168,reverse,20261005,case_004810.csv
4811,mapping,put,32768,1000,2,0,135168,transpose,20261005,case_004811.csv
4812,mapping,put,32768,1000,2,0,135168,shuffle,20261005,case_004812.csv
4813,mapping,put,32768,1000,2,0,262144,identity,20261005,case_004813.csv
4814,mapping,put,32768,1000,2,0,262144,reverse,20261005,case_004814.csv
4815,mapping,put,32768,1000,2,0,262144,transpose,20261005,case_004815.csv
4816,mapping,put,32768,1000,2,0,262144,shuffle,20261005,case_004816.csv
4817,mapping,put,65536,1000,2,0,131200,identity,20261005,case_004817.csv
4818,mapping,put,65536,1000,2,0,131200,reverse,20261005,case_004818.csv
4819,mapping,put,65536,1000,2,0,131200,transpose,20261005,case_004819.csv
4820,mapping,put,65536,1000,2,0,131200,shuffle,20261005,case_004820.csv
4821,mapping,put,65536,1000,2,0,131328,identity,20261005,case_004821.csv
4822,mapping,put,65536,1000,2,0,131328,reverse,20261005,case_004822.csv
4823,mapping,put,65536,1000,2,0,131328,transpose,20261005,case_004823.csv
4824,mapping,put,65536,1000,2,0,131328,shuffle,20261005,case_004824.csv
4825,mapping,put,65536,1000,2,0,135168,identity,20261005,case_004825.csv
4826,mapping,put,65536,1000,2,0,135168,reverse,20261005,case_004826.csv
4827,mapping,put,65536,1000,2,0,135168,transpose,20261005,case_004827.csv
4828,mapping,put,65536,1000,2,0,135168,shuffle,20261005,case_004828.csv
4829,mapping,put,65536,1000,2,0,262144,identity,20261005,case_004829.csv
4830,mapping,put,65536,1000,2,0,262144,reverse,20261005,case_004830.csv
4831,mapping,put,65536,1000,2,0,262144,transpose,20261005,case_004831.csv
4832,mapping,put,65536,1000,2,0,262144,shuffle,20261005,case_004832.csv
4833,mapping,put,98304,1000,2,0,131200,identity,20261005,case_004833.csv
4834,mapping,put,98304,1000,2,0,131200,reverse,20261005,case_004834.csv
4835,mapping,put,98304,1000,2,0,131200,transpose,20261005,case_004835.csv
4836,mapping,put,98304,1000,2,0,131200,shuffle,20261005,case_004836.csv
4837,mapping,put,98304,1000,2,0,131328,identity,20261005,case_004837.csv
4838,mapping,put,98304,1000,2,0,131328,reverse,20261005,case_004838.csv
4839,mapping,put,98304,1000,2,0,131328,transpose,20261005,case_004839.csv
4840,mapping,put,98304,1000,2,0,131328,shuffle,20261005,case_004840.csv
4841,mapping,put,98304,1000,2,0,135168,identity,20261005,case_004841.csv
4842,mapping,put,98304,1000,2,0,135168,reverse,20261005,case_004842.csv
4843,mapping,put,98304,1000,2,0,135168,transpose,20261005,case_004843.csv
4844,mapping,put,98304,1000,2,0,135168,shuffle,20261005,case_004844.csv
4845,mapping,put,98304,1000,2,0,262144,identity,20261005,case_004845.csv
4846,mapping,put,98304,1000,2,0,262144,reverse,20261005,case_004846.csv
4847,mapping,put,98304,1000,2,0,262144,transpose,20261005,case_004847.csv
4848,mapping,put,98304,1000,2,0,262144,shuffle,20261005,case_004848.csv
4849,mapping,put,131072,1000,2,0,131200,identity,20261005,case_004849.csv
4850,mapping,put,131072,1000,2,0,131200,reverse,20261005,case_004850.csv
4851,mapping,put,131072,1000,2,0,131200,transpose,20261005,case_004851.csv
4852,mapping,put,131072,1000,2,0,131200,shuffle,20261005,case_004852.csv
4853,mapping,put,131072,1000,2,0,131328,identity,20261005,case_004853.csv
4854,mapping,put,131072,1000,2,0,131328,reverse,20261005,case_004854.csv
4855,mapping,put,131072,1000,2,0,131328,transpose,20261005,case_004855.csv
4856,mapping,put,131072,1000,2,0,131328,shuffle,20261005,case_004856.csv
4857,mapping,put,131072,1000,2,0,135168,identity,20261005,case_004857.csv
4858,mapping,put,131072,1000,2,0,135168,reverse,20261005,case_004858.csv
4859,mapping,put,131072,1000,2,0,135168,transpose,20261005,case_004859.csv
4860,mapping,put,131072,1000,2,0,135168,shuffle,20261005,case_004860.csv
4861,mapping,put,131072,1000,2,0,262144,identity,20261005,case_004861.csv
4862,mapping,put,131072,1000,2,0,262144,reverse,20261005,case_004862.csv
4863,mapping,put,131072,1000,2,0,262144,transpose,20261005,case_004863.csv
4864,mapping,put,131072,1000,2,0,262144,shuffle,20261005,case_004864.csv
4865,mapping,put,64,10000,2,4,131200,identity,20261005,case_004865.csv
4866,mapping,put,64,10000,2,4,131200,reverse,20261005,case_004866.csv
4867,mapping,put,64,10000,2,4,131200,transpose,20261005,case_004867.csv
4868,mapping,put,64,10000,2,4,131200,shuffle,20261005,case_004868.csv
4869,mapping,put,64,10000,2,4,131328,identity,20261005,case_004869.csv
4870,mapping,put,64,10000,2,4,131328,reverse,20261005,case_004870.csv
4871,mapping,put,64,10000,2,4,131328,transpose,20261005,case_004871.csv
4872,mapping,put,64,10000,2,4,131328,shuffle,20261005,case_004872.csv
4873,mapping,put,64,10000,2,4,135168,identity,20261005,case_004873.csv
4874,mapping,put,64,10000,2,4,135168,reverse,20261005,case_004874.csv
4875,mapping,put,64,10000,2,4,135168,transpose,20261005,case_004875.csv
4876,mapping,put,64,10000,2,4,135168,shuffle,20261005,case_004876.csv
4877,mapping,put,64,10000,2,4,262144,identity,20261005,case_004877.csv
4878,mapping,put,64,10000,2,4,262144,reverse,20261005,case_004878.csv
4879,mapping,put,64,10000,2,4,262144,transpose,20261005,case_004879.csv
4880,mapping,put,64,10000,2,4,262144,shuffle,20261005,case_004880.csv
4881,mapping,put,128,10000,2,4,131200,identity,20261005,case_004881.csv
4882,mapping,put,128,10000,2,4,131200,reverse,20261005,case_004882.csv
4883,mapping,put,128,10000,2,4,131200,transpose,20261005,case_004883.csv
4884,mapping,put,128,10000,2,4,131200,shuffle,20261005,case_004884.csv
4885,mapping,put,128,10000,2,4,131328,identity,20261005,case_004885.csv
4886,mapping,put,128,10000,2,4,131328,reverse,20261005,case_004886.csv
4887,mapping,put,128,10000,2,4,131328,transpose,20261005,case_004887.csv
4888,mapping,put,128,10000,2,4,131328,shuffle,20261005,case_004888.csv
4889,mapping,put,128,10000,2,4,135168,identity,20261005,case_004889.csv
4890,mapping,put,128,10000,2,4,135168,reverse,20261005,case_004890.csv
4891,mapping,put,128,10000,2,4,135168,transpose,20261005,case_004891.csv
4892,mapping,put,128,10000,2,4,135168,shuffle,20261005,case_004892.csv
4893,mapping,put,128,10000,2,4,262144,identity,20261005,case_004893.csv
4894,mapping,put,128,10000,2,4,262144,reverse,20261005,case_004894.csv
4895,mapping,put,128,10000,2,4,262144,transpose,20261005,case_004895.csv
4896,mapping,put,128,10000,2,4,262144,shuffle,20261005,case_004896.csv
4897,mapping,put,256,10000,2,4,131200,identity,20261005,case_004897.csv
4898,mapping,put,256,10000,2,4,131200,reverse,20261005,case_004898.csv
4899,mapping,put,256,10000,2,4,131200,transpose,20261005,case_004899.csv
4900,mapping,put,256,10000,2,4,131200,shuffle,20261005,case_004900.csv
4901,mapping,put,256,10000,2,4,131328,identity,20261005,case_004901.csv
4902,mapping,put,256,10000,2,4,131328,reverse,20261005,case_004902.csv
4903,mapping,put,256,10000,2,4,131328,transpose,20261005,case_004903.csv
4904,mapping,put,256,10000,2,4,131328,shuffle,20261005,case_004904.csv
4905,mapping,put,256,10000,2,4,135168,identity,20261005,case_004905.csv
4906,mapping,put,256,10000,2,4,135168,reverse,20261005,case_004906.csv
4907,mapping,put,256,10000,2,4,135168,transpose,20261005,case_004907.csv
4908,mapping,put,256,10000,2,4,135168,shuffle,20261005,case_004908.csv
4909,mapping,put,256,10000,2,4,262144,identity,20261005,case_004909.csv
4910,mapping,put,256,10000,2,4,262144,reverse,20261005,case_004910.csv
4911,mapping,put,256,10000,2,4,262144,transpose,20261005,case_004911.csv
4912,mapping,put,256,10000,2,4,262144,shuffle,20261005,case_004912.csv
4913,mapping,put,4096,1000,2,4,131200,identity,20261005,case_004913.csv
4914,mapping,put,4096,1000,2,4,131200,reverse,20261005,case_004914.csv
4915,mapping,put,4096,1000,2,4,131200,transpose,20261005,case_004915.csv
4916,mapping,put,4096,1000,2,4,131200,shuffle,20261005,case_004916.csv
4917,mapping,put,4096,1000,2,4,131328,identity,20261005,case_004917.csv
4918,mapping,put,4096,1000,2,4,131328,reverse,20261005,case_004918.csv
4919,mapping,put,4096,1000,2,4,131328,transpose,20261005,case_004919.csv
4920,mapping,put,4096,1000,2,4,131328,shuffle,20261005,case_004920.csv
4921,mapping,put,4096,1000,2,4,135168,identity,20261005,case_004921.csv
4922,mapping,put,4096,1000,2,4,135168,reverse,20261005,case_004922.csv
4923,mapping,put,4096,1000,2,4,135168,transpose,20261005,case_004923.csv
4924,mapping,put,4096,1000,2,4,135168,shuffle,20261005,case_004924.csv
4925,mapping,put,4096,1000,2,4,262144,identity,20261005,case_004925.csv
4926,mapping,put,4096,1000,2,4,262144,reverse,20261005,case_004926.csv
4927,mapping,put,4096,1000,2,4,262144,transpose,20261005,case_004927.csv
4928,mapping,put,4096,1000,2,4,262144,shuffle,20261005,case_004928.csv
4929,mapping,put,32768,1000,2,4,131200,identity,20261005,case_004929.csv
4930,mapping,put,32768,1000,2,4,131200,reverse,20261005,case_004930.csv
4931,mapping,put,32768,1000,2,4,131200,transpose,20261005,case_004931.csv
4932,mapping,put,32768,1000,2,4,131200,shuffle,20261005,case_004932.csv
4933,mapping,put,32768,1000,2,4,131328,identity,20261005,case_004933.csv
4934,mapping,put,32768,1000,2,4,131328,reverse,20261005,case_004934.csv
4935,mapping,put,32768,1000,2,4,131328,transpose,20261005,case_004935.csv
4936,mapping,put,32768,1000,2,4,131328,shuffle,20261005,case_004936.csv
4937,mapping,put,32768,1000,2,4,135168,identity,20261005,case_004937.csv
4938,mapping,put,32768,1000,2,4,135168,reverse,20261005,case_004938.csv
4939,mapping,put,32768,1000,2,4,135168,transpose,20261005,case_004939.csv
4940,mapping,put,32768,1000,2,4,135168,shuffle,20261005,case_004940.csv
4941,mapping,put,32768,1000,2,4,262144,identity,20261005,case_004941.csv
4942,mapping,put,32768,1000,2,4,262144,reverse,20261005,case_004942.csv
4943,mapping,put,32768,1000,2,4,262144,transpose,20261005,case_004943.csv
4944,mapping,put,32768,1000,2,4,262144,shuffle,20261005,case_004944.csv
4945,mapping,put,65536,1000,2,4,131200,identity,20261005,case_004945.csv
4946,mapping,put,65536,1000,2,4,131200,reverse,20261005,case_004946.csv
4947,mapping,put,65536,1000,2,4,131200,transpose,20261005,case_004947.csv
4948,mapping,put,65536,1000,2,4,131200,shuffle,20261005,case_004948.csv
4949,mapping,put,65536,1000,2,4,131328,identity,20261005,case_004949.csv
4950,mapping,put,65536,1000,2,4,131328,reverse,20261005,case_004950.csv
4951,mapping,put,65536,1000,2,4,131328,transpose,20261005,case_004951.csv
4952,mapping,put,65536,1000,2,4,131328,shuffle,20261005,case_004952.csv
4953,mapping,put,65536,1000,2,4,135168,identity,20261005,case_004953.csv
4954,mapping,put,65536,1000,2,4,135168,reverse,20261005,case_004954.csv
4955,mapping,put,65536,1000,2,4,135168,transpose,20261005,case_004955.csv
4956,mapping,put,65536,1000,2,4,135168,shuffle,20261005,case_004956.csv
4957,mapping,put,65536,1000,2,4,262144,identity,20261005,case_004957.csv
4958,mapping,put,65536,1000,2,4,262144,reverse,20261005,case_004958.csv
4959,mapping,put,65536,1000,2,4,262144,transpose,20261005,case_004959.csv
4960,mapping,put,65536,1000,2,4,262144,shuffle,20261005,case_004960.csv
4961,mapping,put,98304,1000,2,4,131200,identity,20261005,case_004961.csv
4962,mapping,put,98304,1000,2,4,131200,reverse,20261005,case_004962.csv
4963,mapping,put,98304,1000,2,4,131200,transpose,20261005,case_004963.csv
4964,mapping,put,98304,1000,2,4,131200,shuffle,20261005,case_004964.csv
4965,mapping,put,98304,1000,2,4,131328,identity,20261005,case_004965.csv
4966,mapping,put,98304,1000,2,4,131328,reverse,20261005,case_004966.csv
4967,mapping,put,98304,1000,2,4,131328,transpose,20261005,case_004967.csv
4968,mapping,put,98304,1000,2,4,131328,shuffle,20261005,case_004968.csv
4969,mapping,put,98304,1000,2,4,135168,identity,20261005,case_004969.csv
4970,mapping,put,98304,1000,2,4,135168,reverse,20261005,case_004970.csv
4971,mapping,put,98304,1000,2,4,135168,transpose,20261005,case_004971.csv
4972,mapping,put,98304,1000,2,4,135168,shuffle,20261005,case_004972.csv
4973,mapping,put,98304,1000,2,4,262144,identity,20261005,case_004973.csv
4974,mapping,put,98304,1000,2,4,262144,reverse,20261005,case_004974.csv
4975,mapping,put,98304,1000,2,4,262144,transpose,20261005,case_004975.csv
4976,mapping,put,98304,1000,2,4,262144,shuffle,20261005,case_004976.csv
4977,mapping,put,131072,1000,2,4,131200,identity,20261005,case_004977.csv
4978,mapping,put,131072,1000,2,4,131200,reverse,20261005,case_004978.csv
4979,mapping,put,131072,1000,2,4,131200,transpose,20261005,case_004979.csv
4980,mapping,put,131072,1000,2,4,131200,shuffle,20261005,case_004980.csv
4981,mapping,put,131072,1000,2,4,131328,identity,20261005,case_004981.csv
4982,mapping,put,131072,1000,2,4,131328,reverse,20261005,case_004982.csv
4983,mapping,put,131072,1000,2,4,131328,transpose,20261005,case_004983.csv
4984,mapping,put,131072,1000,2,4,131328,shuffle,20261005,case_004984.csv
4985,mapping,put,131072,1000,2,4,135168,identity,20261005,case_004985.csv
4986,mapping,put,131072,1000,2,4,135168,reverse,20261005,case_004986.csv
4987,mapping,put,131072,1000,2,4,135168,transpose,20261005,case_004987.csv
4988,mapping,put,131072,1000,2,4,135168,shuffle,20261005,case_004988.csv
4989,mapping,put,131072,1000,2,4,262144,identity,20261005,case_004989.csv
4990,mapping,put,131072,1000,2,4,262144,reverse,20261005,case_004990.csv
4991,mapping,put,131072,1000,2,4,262144,transpose,20261005,case_004991.csv
4992,mapping,put,131072,1000,2,4,262144,shuffle,20261005,case_004992.csv
4993,mapping,put,64,10000,4,0,131200,identity,20261005,case_004993.csv
4994,mapping,put,64,10000,4,0,131200,reverse,20261005,case_004994.csv
4995,mapping,put,64,10000,4,0,131200,transpose,20261005,case_004995.csv
4996,mapping,put,64,10000,4,0,131200,shuffle,20261005,case_004996.csv
4997,mapping,put,64,10000,4,0,131328,identity,20261005,case_004997.csv
4998,mapping,put,64,10000,4,0,131328,reverse,20261005,case_004998.csv
4999,mapping,put,64,10000,4,0,131328,transpose,20261005,case_004999.csv
5000,mapping,put,64,10000,4,0,131328,shuffle,20261005,case_005000.csv
5001,mapping,put,64,10000,4,0,135168,identity,20261005,case_005001.csv
5002,mapping,put,64,10000,4,0,135168,reverse,20261005,case_005002.csv
5003,mapping,put,64,10000,4,0,135168,transpose,20261005,case_005003.csv
5004,mapping,put,64,10000,4,0,135168,shuffle,20261005,case_005004.csv
5005,mapping,put,64,10000,4,0,262144,identity,20261005,case_005005.csv
5006,mapping,put,64,10000,4,0,262144,reverse,20261005,case_005006.csv
5007,mapping,put,64,10000,4,0,262144,transpose,20261005,case_005007.csv
5008,mapping,put,64,10000,4,0,262144,shuffle,20261005,case_005008.csv
5009,mapping,put,128,10000,4,0,131200,identity,20261005,case_005009.csv
5010,mapping,put,128,10000,4,0,131200,reverse,20261005,case_005010.csv
5011,mapping,put,128,10000,4,0,131200,transpose,20261005,case_005011.csv
5012,mapping,put,128,10000,4,0,131200,shuffle,20261005,case_005012.csv
5013,mapping,put,128,10000,4,0,131328,identity,20261005,case_005013.csv
5014,mapping,put,128,10000,4,0,131328,reverse,20261005,case_005014.csv
5015,mapping,put,128,10000,4,0,131328,transpose,20261005,case_005015.csv
5016,mapping,put,128,10000,4,0,131328,shuffle,20261005,case_005016.csv
5017,mapping,put,128,10000,4,0,135168,identity,20261005,case_005017.csv
5018,mapping,put,128,10000,4,0,135168,reverse,20261005,case_005018.csv
5019,mapping,put,128,10000,4,0,135168,transpose,20261005,case_005019.csv
5020,mapping,put,128,10000,4,0,135168,shuffle,20261005,case_005020.csv
5021,mapping,put,128,10000,4,0,262144,identity,20261005,case_005021.csv
5022,mapping,put,128,10000,4,0,262144,reverse,20261005,case_005022.csv
5023,mapping,put,128,10000,4,0,262144,transpose,20261005,case_005023.csv
5024,mapping,put,128,10000,4,0,262144,shuffle,20261005,case_005024.csv
5025,mapping,put,256,10000,4,0,131200,identity,20261005,case_005025.csv
5026,mapping,put,256,10000,4,0,131200,reverse,20261005,case_005026.csv
5027,mapping,put,256,10000,4,0,131200,transpose,20261005,case_005027.csv
5028,mapping,put,256,10000,4,0,131200,shuffle,20261005,case_005028.csv
5029,mapping,put,256,10000,4,0,131328,identity,20261005,case_005029.csv
5030,mapping,put,256,10000,4,0,131328,reverse,20261005,case_005030.csv
5031,mapping,put,256,10000,4,0,131328,transpose,20261005,case_005031.csv
5032,mapping,put,256,10000,4,0,131328,shuffle,20261005,case_005032.csv
5033,mapping,put,256,10000,4,0,135168,identity,20261005,case_005033.csv
5034,mapping,put,256,10000,4,0,135168,reverse,20261005,case_005034.csv
5035,mapping,put,256,10000,4,0,135168,transpose,20261005,case_005035.csv
5036,mapping,put,256,10000,4,0,135168,shuffle,20261005,case_005036.csv
5037,mapping,put,256,10000,4,0,262144,identity,20261005,case_005037.csv
5038,mapping,put,256,10000,4,0,262144,reverse,20261005,case_005038.csv
5039,mapping,put,256,10000,4,0,262144,transpose,20261005,case_005039.csv
5040,mapping,put,256,10000,4,0,262144,shuffle,20261005,case_005040.csv
5041,mapping,put,4096,1000,4,0,131200,identity,20261005,case_005041.csv
5042,mapping,put,4096,1000,4,0,131200,reverse,20261005,case_005042.csv
5043,mapping,put,4096,1000,4,0,131200,transpose,20261005,case_005043.csv
5044,mapping,put,4096,1000,4,0,131200,shuffle,20261005,case_005044.csv
5045,mapping,put,4096,1000,4,0,131328,identity,20261005,case_005045.csv
5046,mapping,put,4096,1000,4,0,131328,reverse,20261005,case_005046.csv
5047,mapping,put,4096,1000,4,0,131328,transpose,20261005,case_005047.csv
5048,mapping,put,4096,1000,4,0,131328,shuffle,20261005,case_005048.csv
5049,mapping,put,4096,1000,4,0,135168,identity,20261005,case_005049.csv
5050,mapping,put,4096,1000,4,0,135168,reverse,20261005,case_005050.csv
5051,mapping,put,4096,1000,4,0,135168,transpose,20261005,case_005051.csv
5052,mapping,put,4096,1000,4,0,135168,shuffle,20261005,case_005052.csv
5053,mapping,put,4096,1000,4,0,262144,identity,20261005,case_005053.csv
5054,mapping,put,4096,1000,4,0,262144,reverse,20261005,case_005054.csv
5055,mapping,put,4096,1000,4,0,262144,transpose,20261005,case_005055.csv
5056,mapping,put,4096,1000,4,0,262144,shuffle,20261005,case_005056.csv
5057,mapping,put,32768,1000,4,0,131200,identity,20261005,case_005057.csv
5058,mapping,put,32768,1000,4,0,131200,reverse,20261005,case_005058.csv
5059,mapping,put,32768,1000,4,0,131200,transpose,20261005,case_005059.csv
5060,mapping,put,32768,1000,4,0,131200,shuffle,20261005,case_005060.csv
5061,mapping,put,32768,1000,4,0,131328,identity,20261005,case_005061.csv
5062,mapping,put,32768,1000,4,0,131328,reverse,20261005,case_005062.csv
5063,mapping,put,32768,1000,4,0,131328,transpose,20261005,case_005063.csv
5064,mapping,put,32768,1000,4,0,131328,shuffle,20261005,case_005064.csv
5065,mapping,put,32768,1000,4,0,135168,identity,20261005,case_005065.csv
5066,mapping,put,32768,1000,4,0,135168,reverse,20261005,case_005066.csv
5067,mapping,put,32768,1000,4,0,135168,transpose,20261005,case_005067.csv
5068,mapping,put,32768,1000,4,0,135168,shuffle,20261005,case_005068.csv
5069,mapping,put,32768,1000,4,0,262144,identity,20261005,case_005069.csv
5070,mapping,put,32768,1000,4,0,262144,reverse,20261005,case_005070.csv
5071,mapping,put,32768,1000,4,0,262144,transpose,20261005,case_005071.csv
5072,mapping,put,32768,1000,4,0,262144,shuffle,20261005,case_005072.csv
5073,mapping,put,65536,1000,4,0,131200,identity,20261005,case_005073.csv
5074,mapping,put,65536,1000,4,0,131200,reverse,20261005,case_005074.csv
5075,mapping,put,65536,1000,4,0,131200,transpose,20261005,case_005075.csv
5076,mapping,put,65536,1000,4,0,131200,shuffle,20261005,case_005076.csv
5077,mapping,put,65536,1000,4,0,131328,identity,20261005,case_005077.csv
5078,mapping,put,65536,1000,4,0,131328,reverse,20261005,case_005078.csv
5079,mapping,put,65536,1000,4,0,131328,transpose,20261005,case_005079.csv
5080,mapping,put,65536,1000,4,0,131328,shuffle,20261005,case_005080.csv
5081,mapping,put,65536,1000,4,0,135168,identity,20261005,case_005081.csv
5082,mapping,put,65536,1000,4,0,135168,reverse,20261005,case_005082.csv
5083,mapping,put,65536,1000,4,0,135168,transpose,20261005,case_005083.csv
5084,mapping,put,65536,1000,4,0,135168,shuffle,20261005,case_005084.csv
5085,mapping,put,65536,1000,4,0,262144,identity,20261005,case_005085.csv
5086,mapping,put,65536,1000,4,0,262144,reverse,20261005,case_005086.csv
5087,mapping,put,65536,1000,4,0,262144,transpose,20261005,case_005087.csv
5088,mapping,put,65536,1000,4,0,262144,shuffle,20261005,case_005088.csv
5089,mapping,put,98304,1000,4,0,131200,identity,20261005,case_005089.csv
5090,mapping,put,98304,1000,4,0,131200,reverse,20261005,case_005090.csv
5091,mapping,put,98304,1000,4,0,131200,transpose,20261005,case_005091.csv
5092,mapping,put,98304,1000,4,0,131200,shuffle,20261005,case_005092.csv
5093,mapping,put,98304,1000,4,0,131328,identity,20261005,case_005093.csv
5094,mapping,put,98304,1000,4,0,131328,reverse,20261005,case_005094.csv
5095,mapping,put,98304,1000,4,0,131328,transpose,20261005,case_005095.csv
5096,mapping,put,98304,1000,4,0,131328,shuffle,20261005,case_005096.csv
5097,mapping,put,98304,1000,4,0,135168,identity,20261005,case_005097.csv
5098,mapping,put,98304,1000,4,0,135168,reverse,20261005,case_005098.csv
5099,mapping,put,98304,1000,4,0,135168,transpose,20261005,case_005099.csv
5100,mapping,put,98304,1000,4,0,135168,shuffle,20261005,case_005100.csv
5101,mapping,put,98304,1000,4,0,262144,identity,20261005,case_005101.csv
5102,mapping,put,98304,1000,4,0,262144,reverse,20261005,case_005102.csv
5103,mapping,put,98304,1000,4,0,262144,transpose,20261005,case_005103.csv
5104,mapping,put,98304,1000,4,0,262144,shuffle,20261005,case_005104.csv
5105,mapping,put,131072,1000,4,0,131200,identity,20261005,case_005105.csv
5106,mapping,put,131072,1000,4,0,131200,reverse,20261005,case_005106.csv
5107,mapping,put,131072,1000,4,0,131200,transpose,20261005,case_005107.csv
5108,mapping,put,131072,1000,4,0,131200,shuffle,20261005,case_005108.csv
5109,mapping,put,131072,1000,4,0,131328,identity,20261005,case_005109.csv
5110,mapping,put,131072,1000,4,0,131328,reverse,20261005,case_005110.csv
5111,mapping,put,131072,1000,4,0,131328,transpose,20261005,case_005111.csv
5112,mapping,put,131072,1000,4,0,131328,shuffle,20261005,case_005112.csv
5113,mapping,put,131072,1000,4,0,135168,identity,20261005,case_005113.csv
5114,mapping,put,131072,1000,4,0,135168,reverse,20261005,case_005114.csv
5115,mapping,put,131072,1000,4,0,135168,transpose,20261005,case_005115.csv
5116,mapping,put,131072,1000,4,0,135168,shuffle,20261005,case_005116.csv
5117,mapping,put,131072,1000,4,0,262144,identity,20261005,case_005117.csv
5118,mapping,put,131072,1000,4,0,262144,reverse,20261005,case_005118.csv
5119,mapping,put,131072,1000,4,0,262144,transpose,20261005,case_005119.csv
5120,mapping,put,131072,1000,4,0,262144,shuffle,20261005,case_005120.csv
5121,mapping,put,64,10000,4,4,131200,identity,20261005,case_005121.csv
5122,mapping,put,64,10000,4,4,131200,reverse,20261005,case_005122.csv
5123,mapping,put,64,10000,4,4,131200,transpose,20261005,case_005123.csv
5124,mapping,put,64,10000,4,4,131200,shuffle,20261005,case_005124.csv
5125,mapping,put,64,10000,4,4,131328,identity,20261005,case_005125.csv
5126,mapping,put,64,10000,4,4,131328,reverse,20261005,case_005126.csv
5127,mapping,put,64,10000,4,4,131328,transpose,20261005,case_005127.csv
5128,mapping,put,64,10000,4,4,131328,shuffle,20261005,case_005128.csv
5129,mapping,put,64,10000,4,4,135168,identity,20261005,case_005129.csv
5130,mapping,put,64,10000,4,4,135168,reverse,20261005,case_005130.csv
5131,mapping,put,64,10000,4,4,135168,transpose,20261005,case_005131.csv
5132,mapping,put,64,10000,4,4,135168,shuffle,20261005,case_005132.csv
5133,mapping,put,64,10000,4,4,262144,identity,20261005,case_005133.csv
5134,mapping,put,64,10000,4,4,262144,reverse,20261005,case_005134.csv
5135,mapping,put,64,10000,4,4,262144,transpose,20261005,case_005135.csv
5136,mapping,put,64,10000,4,4,262144,shuffle,20261005,case_005136.csv
5137,mapping,put,128,10000,4,4,131200,identity,20261005,case_005137.csv
5138,mapping,put,128,10000,4,4,131200,reverse,20261005,case_005138.csv
5139,mapping,put,128,10000,4,4,131200,transpose,20261005,case_005139.csv
5140,mapping,put,128,10000,4,4,131200,shuffle,20261005,case_005140.csv
5141,mapping,put,128,10000,4,4,131328,identity,20261005,case_005141.csv
5142,mapping,put,128,10000,4,4,131328,reverse,20261005,case_005142.csv
5143,mapping,put,128,10000,4,4,131328,transpose,20261005,case_005143.csv
5144,mapping,put,128,10000,4,4,131328,shuffle,20261005,case_005144.csv
5145,mapping,put,128,10000,4,4,135168,identity,20261005,case_005145.csv
5146,mapping,put,128,10000,4,4,135168,reverse,20261005,case_005146.csv
5147,mapping,put,128,10000,4,4,135168,transpose,20261005,case_005147.csv
5148,mapping,put,128,10000,4,4,135168,shuffle,20261005,case_005148.csv
5149,mapping,put,128,10000,4,4,262144,identity,20261005,case_005149.csv
5150,mapping,put,128,10000,4,4,262144,reverse,20261005,case_005150.csv
5151,mapping,put,128,10000,4,4,262144,transpose,20261005,case_005151.csv
5152,mapping,put,128,10000,4,4,262144,shuffle,20261005,case_005152.csv
5153,mapping,put,256,10000,4,4,131200,identity,20261005,case_005153.csv
5154,mapping,put,256,10000,4,4,131200,reverse,20261005,case_005154.csv
5155,mapping,put,256,10000,4,4,131200,transpose,20261005,case_005155.csv
5156,mapping,put,256,10000,4,4,131200,shuffle,20261005,case_005156.csv
5157,mapping,put,256,10000,4,4,131328,identity,20261005,case_005157.csv
5158,mapping,put,256,10000,4,4,131328,reverse,20261005,case_005158.csv
5159,mapping,put,256,10000,4,4,131328,transpose,20261005,case_005159.csv
5160,mapping,put,256,10000,4,4,131328,shuffle,20261005,case_005160.csv
5161,mapping,put,256,10000,4,4,135168,identity,20261005,case_005161.csv
5162,mapping,put,256,10000,4,4,135168,reverse,20261005,case_005162.csv
5163,mapping,put,256,10000,4,4,135168,transpose,20261005,case_005163.csv
5164,mapping,put,256,10000,4,4,135168,shuffle,20261005,case_005164.csv
5165,mapping,put,256,10000,4,4,262144,identity,20261005,case_005165.csv
5166,mapping,put,256,10000,4,4,262144,reverse,20261005,case_005166.csv
5167,mapping,put,256,10000,4,4,262144,transpose,20261005,case_005167.csv
5168,mapping,put,256,10000,4,4,262144,shuffle,20261005,case_005168.csv
5169,mapping,put,4096,1000,4,4,131200,identity,20261005,case_005169.csv
5170,mapping,put,4096,1000,4,4,131200,reverse,20261005,case_005170.csv
5171,mapping,put,4096,1000,4,4,131200,transpose,20261005,case_005171.csv
5172,mapping,put,4096,1000,4,4,131200,shuffle,20261005,case_005172.csv
5173,mapping,put,4096,1000,4,4,131328,identity,20261005,case_005173.csv
5174,mapping,put,4096,1000,4,4,131328,reverse,20261005,case_005174.csv
5175,mapping,put,4096,1000,4,4,131328,transpose,20261005,case_005175.csv
5176,mapping,put,4096,1000,4,4,131328,shuffle,20261005,case_005176.csv
5177,mapping,put,4096,1000,4,4,135168,identity,20261005,case_005177.csv
5178,mapping,put,4096,1000,4,4,135168,reverse,20261005,case_005178.csv
5179,mapping,put,4096,1000,4,4,135168,transpose,20261005,case_005179.csv
5180,mapping,put,4096,1000,4,4,135168,shuffle,20261005,case_005180.csv
5181,mapping,put,4096,1000,4,4,262144,identity,20261005,case_005181.csv
5182,mapping,put,4096,1000,4,4,262144,reverse,20261005,case_005182.csv
5183,mapping,put,4096,1000,4,4,262144,transpose,20261005,case_005183.csv
5184,mapping,put,4096,1000,4,4,262144,shuffle,20261005,case_005184.csv
5185,mapping,put,32768,1000,4,4,131200,identity,20261005,case_005185.csv
5186,mapping,put,32768,1000,4,4,131200,reverse,20261005,case_005186.csv
5187,mapping,put,32768,1000,4,4,131200,transpose,20261005,case_005187.csv
5188,mapping,put,32768,1000,4,4,131200,shuffle,20261005,case_005188.csv
5189,mapping,put,32768,1000,4,4,131328,identity,20261005,case_005189.csv
5190,mapping,put,32768,1000,4,4,131328,reverse,20261005,case_005190.csv
5191,mapping,put,32768,1000,4,4,131328,transpose,20261005,case_005191.csv
5192,mapping,put,32768,1000,4,4,131328,shuffle,20261005,case_005192.csv
5193,mapping,put,32768,1000,4,4,135168,identity,20261005,case_005193.csv
5194,mapping,put,32768,1000,4,4,135168,reverse,20261005,case_005194.csv
5195,mapping,put,32768,1000,4,4,135168,transpose,20261005,case_005195.csv
5196,mapping,put,32768,1000,4,4,135168,shuffle,20261005,case_005196.csv
5197,mapping,put,32768,1000,4,4,262144,identity,20261005,case_005197.csv
5198,mapping,put,32768,1000,4,4,262144,reverse,20261005,case_005198.csv
5199,mapping,put,32768,1000,4,4,262144,transpose,20261005,case_005199.csv
5200,mapping,put,32768,1000,4,4,262144,shuffle,20261005,case_005200.csv
5201,mapping,put,65536,1000,4,4,131200,identity,20261005,case_005201.csv
5202,mapping,put,65536,1000,4,4,131200,reverse,20261005,case_005202.csv
5203,mapping,put,65536,1000,4,4,131200,transpose,20261005,case_005203.csv
5204,mapping,put,65536,1000,4,4,131200,shuffle,20261005,case_005204.csv
5205,mapping,put,65536,1000,4,4,131328,identity,20261005,case_005205.csv
5206,mapping,put,65536,1000,4,4,131328,reverse,20261005,case_005206.csv
5207,mapping,put,65536,1000,4,4,131328,transpose,20261005,case_005207.csv
5208,mapping,put,65536,1000,4,4,131328,shuffle,20261005,case_005208.csv
5209,mapping,put,65536,1000,4,4,135168,identity,20261005,case_005209.csv
5210,mapping,put,65536,1000,4,4,135168,reverse,20261005,case_005210.csv
5211,mapping,put,65536,1000,4,4,135168,transpose,20261005,case_005211.csv
5212,mapping,put,65536,1000,4,4,135168,shuffle,20261005,case_005212.csv
5213,mapping,put,65536,1000,4,4,262144,identity,20261005,case_005213.csv
5214,mapping,put,65536,1000,4,4,262144,reverse,20261005,case_005214.csv
5215,mapping,put,65536,1000,4,4,262144,transpose,20261005,case_005215.csv
5216,mapping,put,65536,1000,4,4,262144,shuffle,20261005,case_005216.csv
5217,mapping,put,98304,1000,4,4,131200,identity,20261005,case_005217.csv
5218,mapping,put,98304,1000,4,4,131200,reverse,20261005,case_005218.csv
5219,mapping,put,98304,1000,4,4,131200,transpose,20261005,case_005219.csv
5220,mapping,put,98304,1000,4,4,131200,shuffle,20261005,case_005220.csv
5221,mapping,put,98304,1000,4,4,131328,identity,20261005,case_005221.csv
5222,mapping,put,98304,1000,4,4,131328,reverse,20261005,case_005222.csv
5223,mapping,put,98304,1000,4,4,131328,transpose,20261005,case_005223.csv
5224,mapping,put,98304,1000,4,4,131328,shuffle,20261005,case_005224.csv
5225,mapping,put,98304,1000,4,4,135168,identity,20261005,case_005225.csv
5226,mapping,put,98304,1000,4,4,135168,reverse,20261005,case_005226.csv
5227,mapping,put,98304,1000,4,4,135168,transpose,20261005,case_005227.csv
5228,mapping,put,98304,1000,4,4,135168,shuffle,20261005,case_005228.csv
5229,mapping,put,98304,1000,4,4,262144,identity,20261005,case_005229.csv
5230,mapping,put,98304,1000,4,4,262144,reverse,20261005,case_005230.csv
5231,mapping,put,98304,1000,4,4,262144,transpose,20261005,case_005231.csv
5232,mapping,put,98304,1000,4,4,262144,shuffle,20261005,case_005232.csv
5233,mapping,put,131072,1000,4,4,131200,identity,20261005,case_005233.csv
5234,mapping,put,131072,1000,4,4,131200,reverse,20261005,case_005234.csv
5235,mapping,put,131072,1000,4,4,131200,transpose,20261005,case_005235.csv
5236,mapping,put,131072,1000,4,4,131200,shuffle,20261005,case_005236.csv
5237,mapping,put,131072,1000,4,4,131328,identity,20261005,case_005237.csv
5238,mapping,put,131072,1000,4,4,131328,reverse,20261005,case_005238.csv
5239,mapping,put,131072,1000,4,4,131328,transpose,20261005,case_005239.csv
5240,mapping,put,131072,1000,4,4,131328,shuffle,20261005,case_005240.csv
5241,mapping,put,131072,1000,4,4,135168,identity,20261005,case_005241.csv
5242,mapping,put,131072,1000,4,4,135168,reverse,20261005,case_005242.csv
5243,mapping,put,131072,1000,4,4,135168,transpose,20261005,case_005243.csv
5244,mapping,put,131072,1000,4,4,135168,shuffle,20261005,case_005244.csv
5245,mapping,put,131072,1000,4,4,262144,identity,20261005,case_005245.csv
5246,mapping,put,131072,1000,4,4,262144,reverse,20261005,case_005246.csv
5247,mapping,put,131072,1000,4,4,262144,transpose,20261005,case_005247.csv
5248,mapping,put,131072,1000,4,4,262144,shuffle,20261005,case_005248.csv
5249,mapping,put,64,10000,8,0,131200,identity,20261005,case_005249.csv
5250,mapping,put,64,10000,8,0,131200,reverse,20261005,case_005250.csv
5251,mapping,put,64,10000,8,0,131200,transpose,20261005,case_005251.csv
5252,mapping,put,64,10000,8,0,131200,shuffle,20261005,case_005252.csv
5253,mapping,put,64,10000,8,0,131328,identity,20261005,case_005253.csv
5254,mapping,put,64,10000,8,0,131328,reverse,20261005,case_005254.csv
5255,mapping,put,64,10000,8,0,131328,transpose,20261005,case_005255.csv
5256,mapping,put,64,10000,8,0,131328,shuffle,20261005,case_005256.csv
5257,mapping,put,64,10000,8,0,135168,identity,20261005,case_005257.csv
5258,mapping,put,64,10000,8,0,135168,reverse,20261005,case_005258.csv
5259,mapping,put,64,10000,8,0,135168,transpose,20261005,case_005259.csv
5260,mapping,put,64,10000,8,0,135168,shuffle,20261005,case_005260.csv
5261,mapping,put,64,10000,8,0,262144,identity,20261005,case_005261.csv
5262,mapping,put,64,10000,8,0,262144,reverse,20261005,case_005262.csv
5263,mapping,put,64,10000,8,0,262144,transpose,20261005,case_005263.csv
5264,mapping,put,64,10000,8,0,262144,shuffle,20261005,case_005264.csv
5265,mapping,put,128,10000,8,0,131200,identity,20261005,case_005265.csv
5266,mapping,put,128,10000,8,0,131200,reverse,20261005,case_005266.csv
5267,mapping,put,128,10000,8,0,131200,transpose,20261005,case_005267.csv
5268,mapping,put,128,10000,8,0,131200,shuffle,20261005,case_005268.csv
5269,mapping,put,128,10000,8,0,131328,identity,20261005,case_005269.csv
5270,mapping,put,128,10000,8,0,131328,reverse,20261005,case_005270.csv
5271,mapping,put,128,10000,8,0,131328,transpose,20261005,case_005271.csv
5272,mapping,put,128,10000,8,0,131328,shuffle,20261005,case_005272.csv
5273,mapping,put,128,10000,8,0,135168,identity,20261005,case_005273.csv
5274,mapping,put,128,10000,8,0,135168,reverse,20261005,case_005274.csv
5275,mapping,put,128,10000,8,0,135168,transpose,20261005,case_005275.csv
5276,mapping,put,128,10000,8,0,135168,shuffle,20261005,case_005276.csv
5277,mapping,put,128,10000,8,0,262144,identity,20261005,case_005277.csv
5278,mapping,put,128,10000,8,0,262144,reverse,20261005,case_005278.csv
5279,mapping,put,128,10000,8,0,262144,transpose,20261005,case_005279.csv
5280,mapping,put,128,10000,8,0,262144,shuffle,20261005,case_005280.csv
5281,mapping,put,256,10000,8,0,131200,identity,20261005,case_005281.csv
5282,mapping,put,256,10000,8,0,131200,reverse,20261005,case_005282.csv
5283,mapping,put,256,10000,8,0,131200,transpose,20261005,case_005283.csv
5284,mapping,put,256,10000,8,0,131200,shuffle,20261005,case_005284.csv
5285,mapping,put,256,10000,8,0,131328,identity,20261005,case_005285.csv
5286,mapping,put,256,10000,8,0,131328,reverse,20261005,case_005286.csv
5287,mapping,put,256,10000,8,0,131328,transpose,20261005,case_005287.csv
5288,mapping,put,256,10000,8,0,131328,shuffle,20261005,case_005288.csv
5289,mapping,put,256,10000,8,0,135168,identity,20261005,case_005289.csv
5290,mapping,put,256,10000,8,0,135168,reverse,20261005,case_005290.csv
5291,mapping,put,256,10000,8,0,135168,transpose,20261005,case_005291.csv
5292,mapping,put,256,10000,8,0,135168,shuffle,20261005,case_005292.csv
5293,mapping,put,256,10000,8,0,262144,identity,20261005,case_005293.csv
5294,mapping,put,256,10000,8,0,262144,reverse,20261005,case_005294.csv
5295,mapping,put,256,10000,8,0,262144,transpose,20261005,case_005295.csv
5296,mapping,put,256,10000,8,0,262144,shuffle,20261005,case_005296.csv
5297,mapping,put,4096,1000,8,0,131200,identity,20261005,case_005297.csv
5298,mapping,put,4096,1000,8,0,131200,reverse,20261005,case_005298.csv
5299,mapping,put,4096,1000,8,0,131200,transpose,20261005,case_005299.csv
5300,mapping,put,4096,1000,8,0,131200,shuffle,20261005,case_005300.csv
5301,mapping,put,4096,1000,8,0,131328,identity,20261005,case_005301.csv
5302,mapping,put,4096,1000,8,0,131328,reverse,20261005,case_005302.csv
5303,mapping,put,4096,1000,8,0,131328,transpose,20261005,case_005303.csv
5304,mapping,put,4096,1000,8,0,131328,shuffle,20261005,case_005304.csv
5305,mapping,put,4096,1000,8,0,135168,identity,20261005,case_005305.csv
5306,mapping,put,4096,1000,8,0,135168,reverse,20261005,case_005306.csv
5307,mapping,put,4096,1000,8,0,135168,transpose,20261005,case_005307.csv
5308,mapping,put,4096,1000,8,0,135168,shuffle,20261005,case_005308.csv
5309,mapping,put,4096,1000,8,0,262144,identity,20261005,case_005309.csv
5310,mapping,put,4096,1000,8,0,262144,reverse,20261005,case_005310.csv
5311,mapping,put,4096,1000,8,0,262144,transpose,20261005,case_005311.csv
5312,mapping,put,4096,1000,8,0,262144,shuffle,20261005,case_005312.csv
5313,mapping,put,32768,1000,8,0,131200,identity,20261005,case_005313.csv
5314,mapping,put,32768,1000,8,0,131200,reverse,20261005,case_005314.csv
5315,mapping,put,32768,1000,8,0,131200,transpose,20261005,case_005315.csv
5316,mapping,put,32768,1000,8,0,131200,shuffle,20261005,case_005316.csv
5317,mapping,put,32768,1000,8,0,131328,identity,20261005,case_005317.csv
5318,mapping,put,32768,1000,8,0,131328,reverse,20261005,case_005318.csv
5319,mapping,put,32768,1000,8,0,131328,transpose,20261005,case_005319.csv
5320,mapping,put,32768,1000,8,0,131328,shuffle,20261005,case_005320.csv
5321,mapping,put,32768,1000,8,0,135168,identity,20261005,case_005321.csv
5322,mapping,put,32768,1000,8,0,135168,reverse,20261005,case_005322.csv
5323,mapping,put,32768,1000,8,0,135168,transpose,20261005,case_005323.csv
5324,mapping,put,32768,1000,8,0,135168,shuffle,20261005,case_005324.csv
5325,mapping,put,32768,1000,8,0,262144,identity,20261005,case_005325.csv
5326,mapping,put,32768,1000,8,0,262144,reverse,20261005,case_005326.csv
5327,mapping,put,32768,1000,8,0,262144,transpose,20261005,case_005327.csv
5328,mapping,put,32768,1000,8,0,262144,shuffle,20261005,case_005328.csv
5329,mapping,put,65536,1000,8,0,131200,identity,20261005,case_005329.csv
5330,mapping,put,65536,1000,8,0,131200,reverse,20261005,case_005330.csv
5331,mapping,put,65536,1000,8,0,131200,transpose,20261005,case_005331.csv
5332,mapping,put,65536,1000,8,0,131200,shuffle,20261005,case_005332.csv
5333,mapping,put,65536,1000,8,0,131328,identity,20261005,case_005333.csv
5334,mapping,put,65536,1000,8,0,131328,reverse,20261005,case_005334.csv
5335,mapping,put,65536,1000,8,0,131328,transpose,20261005,case_005335.csv
5336,mapping,put,65536,1000,8,0,131328,shuffle,20261005,case_005336.csv
5337,mapping,put,65536,1000,8,0,135168,identity,20261005,case_005337.csv
5338,mapping,put,65536,1000,8,0,135168,reverse,20261005,case_005338.csv
5339,mapping,put,65536,1000,8,0,135168,transpose,20261005,case_005339.csv
5340,mapping,put,65536,1000,8,0,135168,shuffle,20261005,case_005340.csv
5341,mapping,put,65536,1000,8,0,262144,identity,20261005,case_005341.csv
5342,mapping,put,65536,1000,8,0,262144,reverse,20261005,case_005342.csv
5343,mapping,put,65536,1000,8,0,262144,transpose,20261005,case_005343.csv
5344,mapping,put,65536,1000,8,0,262144,shuffle,20261005,case_005344.csv
5345,mapping,put,98304,1000,8,0,131200,identity,20261005,case_005345.csv
5346,mapping,put,98304,1000,8,0,131200,reverse,20261005,case_005346.csv
5347,mapping,put,98304,1000,8,0,131200,transpose,20261005,case_005347.csv
5348,mapping,put,98304,1000,8,0,131200,shuffle,20261005,case_005348.csv
5349,mapping,put,98304,1000,8,0,131328,identity,20261005,case_005349.csv
5350,mapping,put,98304,1000,8,0,131328,reverse,20261005,case_005350.csv
5351,mapping,put,98304,1000,8,0,131328,transpose,20261005,case_005351.csv
5352,mapping,put,98304,1000,8,0,131328,shuffle,20261005,case_005352.csv
5353,mapping,put,98304,1000,8,0,135168,identity,20261005,case_005353.csv
5354,mapping,put,98304,1000,8,0,135168,reverse,20261005,case_005354.csv
5355,mapping,put,98304,1000,8,0,135168,transpose,20261005,case_005355.csv
5356,mapping,put,98304,1000,8,0,135168,shuffle,20261005,case_005356.csv
5357,mapping,put,98304,1000,8,0,262144,identity,20261005,case_005357.csv
5358,mapping,put,98304,1000,8,0,262144,reverse,20261005,case_005358.csv
5359,mapping,put,98304,1000,8,0,262144,transpose,20261005,case_005359.csv
5360,mapping,put,98304,1000,8,0,262144,shuffle,20261005,case_005360.csv
5361,mapping,put,131072,1000,8,0,131200,identity,20261005,case_005361.csv
5362,mapping,put,131072,1000,8,0,131200,reverse,20261005,case_005362.csv
5363,mapping,put,131072,1000,8,0,131200,transpose,20261005,case_005363.csv
5364,mapping,put,131072,1000,8,0,131200,shuffle,20261005,case_005364.csv
5365,mapping,put,131072,1000,8,0,131328,identity,20261005,case_005365.csv
5366,mapping,put,131072,1000,8,0,131328,reverse,20261005,case_005366.csv
5367,mapping,put,131072,1000,8,0,131328,transpose,20261005,case_005367.csv
5368,mapping,put,131072,1000,8,0,131328,shuffle,20261005,case_005368.csv
5369,mapping,put,131072,1000,8,0,135168,identity,20261005,case_005369.csv
5370,mapping,put,131072,1000,8,0,135168,reverse,20261005,case_005370.csv
5371,mapping,put,131072,1000,8,0,135168,transpose,20261005,case_005371.csv
5372,mapping,put,131072,1000,8,0,135168,shuffle,20261005,case_005372.csv
5373,mapping,put,131072,1000,8,0,262144,identity,20261005,case_005373.csv
5374,mapping,put,131072,1000,8,0,262144,reverse,20261005,case_005374.csv
5375,mapping,put,131072,1000,8,0,262144,transpose,20261005,case_005375.csv
5376,mapping,put,131072,1000,8,0,262144,shuffle,20261005,case_005376.csv
5377,mapping,put,64,10000,8,4,131200,identity,20261005,case_005377.csv
5378,mapping,put,64,10000,8,4,131200,reverse,20261005,case_005378.csv
5379,mapping,put,64,10000,8,4,131200,transpose,20261005,case_005379.csv
5380,mapping,put,64,10000,8,4,131200,shuffle,20261005,case_005380.csv
5381,mapping,put,64,10000,8,4,131328,identity,20261005,case_005381.csv
5382,mapping,put,64,10000,8,4,131328,reverse,20261005,case_005382.csv
5383,mapping,put,64,10000,8,4,131328,transpose,20261005,case_005383.csv
5384,mapping,put,64,10000,8,4,131328,shuffle,20261005,case_005384.csv
5385,mapping,put,64,10000,8,4,135168,identity,20261005,case_005385.csv
5386,mapping,put,64,10000,8,4,135168,reverse,20261005,case_005386.csv
5387,mapping,put,64,10000,8,4,135168,transpose,20261005,case_005387.csv
5388,mapping,put,64,10000,8,4,135168,shuffle,20261005,case_005388.csv
5389,mapping,put,64,10000,8,4,262144,identity,20261005,case_005389.csv
5390,mapping,put,64,10000,8,4,262144,reverse,20261005,case_005390.csv
5391,mapping,put,64,10000,8,4,262144,transpose,20261005,case_005391.csv
5392,mapping,put,64,10000,8,4,262144,shuffle,20261005,case_005392.csv
5393,mapping,put,128,10000,8,4,131200,identity,20261005,case_005393.csv
5394,mapping,put,128,10000,8,4,131200,reverse,20261005,case_005394.csv
5395,mapping,put,128,10000,8,4,131200,transpose,20261005,case_005395.csv
5396,mapping,put,128,10000,8,4,131200,shuffle,20261005,case_005396.csv
5397,mapping,put,128,10000,8,4,131328,identity,20261005,case_005397.csv
5398,mapping,put,128,10000,8,4,131328,reverse,20261005,case_005398.csv
5399,mapping,put,128,10000,8,4,131328,transpose,20261005,case_005399.csv
5400,mapping,put,128,10000,8,4,131328,shuffle,20261005,case_005400.csv
5401,mapping,put,128,10000,8,4,135168,identity,20261005,case_005401.csv
5402,mapping,put,128,10000,8,4,135168,reverse,20261005,case_005402.csv
5403,mapping,put,128,10000,8,4,135168,transpose,20261005,case_005403.csv
5404,mapping,put,128,10000,8,4,135168,shuffle,20261005,case_005404.csv
5405,mapping,put,128,10000,8,4,262144,identity,20261005,case_005405.csv
5406,mapping,put,128,10000,8,4,262144,reverse,20261005,case_005406.csv
5407,mapping,put,128,10000,8,4,262144,transpose,20261005,case_005407.csv
5408,mapping,put,128,10000,8,4,262144,shuffle,20261005,case_005408.csv
5409,mapping,put,256,10000,8,4,131200,identity,20261005,case_005409.csv
5410,mapping,put,256,10000,8,4,131200,reverse,20261005,case_005410.csv
5411,mapping,put,256,10000,8,4,131200,transpose,20261005,case_005411.csv
5412,mapping,put,256,10000,8,4,131200,shuffle,20261005,case_005412.csv
5413,mapping,put,256,10000,8,4,131328,identity,20261005,case_005413.csv
5414,mapping,put,256,10000,8,4,131328,reverse,20261005,case_005414.csv
5415,mapping,put,256,10000,8,4,131328,transpose,20261005,case_005415.csv
5416,mapping,put,256,10000,8,4,131328,shuffle,20261005,case_005416.csv
5417,mapping,put,256,10000,8,4,135168,identity,20261005,case_005417.csv
5418,mapping,put,256,10000,8,4,135168,reverse,20261005,case_005418.csv
5419,mapping,put,256,10000,8,4,135168,transpose,20261005,case_005419.csv
5420,mapping,put,256,10000,8,4,135168,shuffle,20261005,case_005420.csv
5421,mapping,put,256,10000,8,4,262144,identity,20261005,case_005421.csv
5422,mapping,put,256,10000,8,4,262144,reverse,20261005,case_005422.csv
5423,mapping,put,256,10000,8,4,262144,transpose,20261005,case_005423.csv
5424,mapping,put,256,10000,8,4,262144,shuffle,20261005,case_005424.csv
5425,mapping,put,4096,1000,8,4,131200,identity,20261005,case_005425.csv
5426,mapping,put,4096,1000,8,4,131200,reverse,20261005,case_005426.csv
5427,mapping,put,4096,1000,8,4,131200,transpose,20261005,case_005427.csv
5428,mapping,put,4096,1000,8,4,131200,shuffle,20261005,case_005428.csv
5429,mapping,put,4096,1000,8,4,131328,identity,20261005,case_005429.csv
5430,mapping,put,4096,1000,8,4,131328,reverse,20261005,case_005430.csv
5431,mapping,put,4096,1000,8,4,131328,transpose,20261005,case_005431.csv
5432,mapping,put,4096,1000,8,4,131328,shuffle,20261005,case_005432.csv
5433,mapping,put,4096,1000,8,4,135168,identity,20261005,case_005433.csv
5434,mapping,put,4096,1000,8,4,135168,reverse,20261005,case_005434.csv
5435,mapping,put,4096,1000,8,4,135168,transpose,20261005,case_005435.csv
5436,mapping,put,4096,1000,8,4,135168,shuffle,20261005,case_005436.csv
5437,mapping,put,4096,1000,8,4,262144,identity,20261005,case_005437.csv
5438,mapping,put,4096,1000,8,4,262144,reverse,20261005,case_005438.csv
5439,mapping,put,4096,1000,8,4,262144,transpose,20261005,case_005439.csv
5440,mapping,put,4096,1000,8,4,262144,shuffle,20261005,case_005440.csv
5441,mapping,put,32768,1000,8,4,131200,identity,20261005,case_005441.csv
5442,mapping,put,32768,1000,8,4,131200,reverse,20261005,case_005442.csv
5443,mapping,put,32768,1000,8,4,131200,transpose,20261005,case_005443.csv
5444,mapping,put,32768,1000,8,4,131200,shuffle,20261005,case_005444.csv
5445,mapping,put,32768,1000,8,4,131328,identity,20261005,case_005445.csv
5446,mapping,put,32768,1000,8,4,131328,reverse,20261005,case_005446.csv
5447,mapping,put,32768,1000,8,4,131328,transpose,20261005,case_005447.csv
5448,mapping,put,32768,1000,8,4,131328,shuffle,20261005,case_005448.csv
5449,mapping,put,32768,1000,8,4,135168,identity,20261005,case_005449.csv
5450,mapping,put,32768,1000,8,4,135168,reverse,20261005,case_005450.csv
5451,mapping,put,32768,1000,8,4,135168,transpose,20261005,case_005451.csv
5452,mapping,put,32768,1000,8,4,135168,shuffle,20261005,case_005452.csv
5453,mapping,put,32768,1000,8,4,262144,identity,20261005,case_005453.csv
5454,mapping,put,32768,1000,8,4,262144,reverse,20261005,case_005454.csv
5455,mapping,put,32768,1000,8,4,262144,transpose,20261005,case_005455.csv
5456,mapping,put,32768,1000,8,4,262144,shuffle,20261005,case_005456.csv
5457,mapping,put,65536,1000,8,4,131200,identity,20261005,case_005457.csv
5458,mapping,put,65536,1000,8,4,131200,reverse,20261005,case_005458.csv
5459,mapping,put,65536,1000,8,4,131200,transpose,20261005,case_005459.csv
5460,mapping,put,65536,1000,8,4,131200,shuffle,20261005,case_005460.csv
5461,mapping,put,65536,1000,8,4,131328,identity,20261005,case_005461.csv
5462,mapping,put,65536,1000,8,4,131328,reverse,20261005,case_005462.csv
5463,mapping,put,65536,1000,8,4,131328,transpose,20261005,case_005463.csv
5464,mapping,put,65536,1000,8,4,131328,shuffle,20261005,case_005464.csv
5465,mapping,put,65536,1000,8,4,135168,identity,20261005,case_005465.csv
5466,mapping,put,65536,1000,8,4,135168,reverse,20261005,case_005466.csv
5467,mapping,put,65536,1000,8,4,135168,transpose,20261005,case_005467.csv
5468,mapping,put,65536,1000,8,4,135168,shuffle,20261005,case_005468.csv
5469,mapping,put,65536,1000,8,4,262144,identity,20261005,case_005469.csv
5470,mapping,put,65536,1000,8,4,262144,reverse,20261005,case_005470.csv
5471,mapping,put,65536,1000,8,4,262144,transpose,20261005,case_005471.csv
5472,mapping,put,65536,1000,8,4,262144,shuffle,20261005,case_005472.csv
5473,mapping,put,98304,1000,8,4,131200,identity,20261005,case_005473.csv
5474,mapping,put,98304,1000,8,4,131200,reverse,20261005,case_005474.csv
5475,mapping,put,98304,1000,8,4,131200,transpose,20261005,case_005475.csv
5476,mapping,put,98304,1000,8,4,131200,shuffle,20261005,case_005476.csv
5477,mapping,put,98304,1000,8,4,131328,identity,20261005,case_005477.csv
5478,mapping,put,98304,1000,8,4,131328,reverse,20261005,case_005478.csv
5479,mapping,put,98304,1000,8,4,131328,transpose,20261005,case_005479.csv
5480,mapping,put,98304,1000,8,4,131328,shuffle,20261005,case_005480.csv
5481,mapping,put,98304,1000,8,4,135168,identity,20261005,case_005481.csv
5482,mapping,put,98304,1000,8,4,135168,reverse,20261005,case_005482.csv
5483,mapping,put,98304,1000,8,4,135168,transpose,20261005,case_005483.csv
5484,mapping,put,98304,1000,8,4,135168,shuffle,20261005,case_005484.csv
5485,mapping,put,98304,1000,8,4,262144,identity,20261005,case_005485.csv
5486,mapping,put,98304,1000,8,4,262144,reverse,20261005,case_005486.csv
5487,mapping,put,98304,1000,8,4,262144,transpose,20261005,case_005487.csv
5488,mapping,put,98304,1000,8,4,262144,shuffle,20261005,case_005488.csv
5489,mapping,put,131072,1000,8,4,131200,identity,20261005,case_005489.csv
5490,mapping,put,131072,1000,8,4,131200,reverse,20261005,case_005490.csv
5491,mapping,put,131072,1000,8,4,131200,transpose,20261005,case_005491.csv
5492,mapping,put,131072,1000,8,4,131200,shuffle,20261005,case_005492.csv
5493,mapping,put,131072,1000,8,4,131328,identity,20261005,case_005493.csv
5494,mapping,put,131072,1000,8,4,131328,reverse,20261005,case_005494.csv
5495,mapping,put,131072,1000,8,4,131328,transpose,20261005,case_005495.csv
5496,mapping,put,131072,1000,8,4,131328,shuffle,20261005,case_005496.csv
5497,mapping,put,131072,1000,8,4,135168,identity,20261005,case_005497.csv
5498,mapping,put,131072,1000,8,4,135168,reverse,20261005,case_005498.csv
5499,mapping,put,131072,1000,8,4,135168,transpose,20261005,case_005499.csv
5500,mapping,put,131072,1000,8,4,135168,shuffle,20261005,case_005500.csv
5501,mapping,put,131072,1000,8,4,262144,identity,20261005,case_005501.csv
5502,mapping,put,131072,1000,8,4,262144,reverse,20261005,case_005502.csv
5503,mapping,put,131072,1000,8,4,262144,transpose,20261005,case_005503.csv
5504,mapping,put,131072,1000,8,4,262144,shuffle,20261005,case_005504.csv
5505,mapping,put,64,10000,16,0,131200,identity,20261005,case_005505.csv
5506,mapping,put,64,10000,16,0,131200,reverse,20261005,case_005506.csv
5507,mapping,put,64,10000,16,0,131200,transpose,20261005,case_005507.csv
5508,mapping,put,64,10000,16,0,131200,shuffle,20261005,case_005508.csv
5509,mapping,put,64,10000,16,0,131328,identity,20261005,case_005509.csv
5510,mapping,put,64,10000,16,0,131328,reverse,20261005,case_005510.csv
5511,mapping,put,64,10000,16,0,131328,transpose,20261005,case_005511.csv
5512,mapping,put,64,10000,16,0,131328,shuffle,20261005,case_005512.csv
5513,mapping,put,64,10000,16,0,135168,identity,20261005,case_005513.csv
5514,mapping,put,64,10000,16,0,135168,reverse,20261005,case_005514.csv
5515,mapping,put,64,10000,16,0,135168,transpose,20261005,case_005515.csv
5516,mapping,put,64,10000,16,0,135168,shuffle,20261005,case_005516.csv
5517,mapping,put,64,10000,16,0,262144,identity,20261005,case_005517.csv
5518,mapping,put,64,10000,16,0,262144,reverse,20261005,case_005518.csv
5519,mapping,put,64,10000,16,0,262144,transpose,20261005,case_005519.csv
5520,mapping,put,64,10000,16,0,262144,shuffle,20261005,case_005520.csv
5521,mapping,put,128,10000,16,0,131200,identity,20261005,case_005521.csv
5522,mapping,put,128,10000,16,0,131200,reverse,20261005,case_005522.csv
5523,mapping,put,128,10000,16,0,131200,transpose,20261005,case_005523.csv
5524,mapping,put,128,10000,16,0,131200,shuffle,20261005,case_005524.csv
5525,mapping,put,128,10000,16,0,131328,identity,20261005,case_005525.csv
5526,mapping,put,128,10000,16,0,131328,reverse,20261005,case_005526.csv
5527,mapping,put,128,10000,16,0,131328,transpose,20261005,case_005527.csv
5528,mapping,put,128,10000,16,0,131328,shuffle,20261005,case_005528.csv
5529,mapping,put,128,10000,16,0,135168,identity,20261005,case_005529.csv
5530,mapping,put,128,10000,16,0,135168,reverse,20261005,case_005530.csv
5531,mapping,put,128,10000,16,0,135168,transpose,20261005,case_005531.csv
5532,mapping,put,128,10000,16,0,135168,shuffle,20261005,case_005532.csv
5533,mapping,put,128,10000,16,0,262144,identity,20261005,case_005533.csv
5534,mapping,put,128,10000,16,0,262144,reverse,20261005,case_005534.csv
5535,mapping,put,128,10000,16,0,262144,transpose,20261005,case_005535.csv
5536,mapping,put,128,10000,16,0,262144,shuffle,20261005,case_005536.csv
5537,mapping,put,256,10000,16,0,131200,identity,20261005,case_005537.csv
5538,mapping,put,256,10000,16,0,131200,reverse,20261005,case_005538.csv
5539,mapping,put,256,10000,16,0,131200,transpose,20261005,case_005539.csv
5540,mapping,put,256,10000,16,0,131200,shuffle,20261005,case_005540.csv
5541,mapping,put,256,10000,16,0,131328,identity,20261005,case_005541.csv
5542,mapping,put,256,10000,16,0,131328,reverse,20261005,case_005542.csv
5543,mapping,put,256,10000,16,0,131328,transpose,20261005,case_005543.csv
5544,mapping,put,256,10000,16,0,131328,shuffle,20261005,case_005544.csv
5545,mapping,put,256,10000,16,0,135168,identity,20261005,case_005545.csv
5546,mapping,put,256,10000,16,0,135168,reverse,20261005,case_005546.csv
5547,mapping,put,256,10000,16,0,135168,transpose,20261005,case_005547.csv
5548,mapping,put,256,10000,16,0,135168,shuffle,20261005,case_005548.csv
5549,mapping,put,256,10000,16,0,262144,identity,20261005,case_005549.csv
5550,mapping,put,256,10000,16,0,262144,reverse,20261005,case_005550.csv
5551,mapping,put,256,10000,16,0,262144,transpose,20261005,case_005551.csv
5552,mapping,put,256,10000,16,0,262144,shuffle,20261005,case_005552.csv
5553,mapping,put,4096,1000,16,0,131200,identity,20261005,case_005553.csv
5554,mapping,put,4096,1000,16,0,131200,reverse,20261005,case_005554.csv
5555,mapping,put,4096,1000,16,0,131200,transpose,20261005,case_005555.csv
5556,mapping,put,4096,1000,16,0,131200,shuffle,20261005,case_005556.csv
5557,mapping,put,4096,1000,16,0,131328,identity,20261005,case_005557.csv
5558,mapping,put,4096,1000,16,0,131328,reverse,20261005,case_005558.csv
5559,mapping,put,4096,1000,16,0,131328,transpose,20261005,case_005559.csv
5560,mapping,put,4096,1000,16,0,131328,shuffle,20261005,case_005560.csv
5561,mapping,put,4096,1000,16,0,135168,identity,20261005,case_005561.csv
5562,mapping,put,4096,1000,16,0,135168,reverse,20261005,case_005562.csv
5563,mapping,put,4096,1000,16,0,135168,transpose,20261005,case_005563.csv
5564,mapping,put,4096,1000,16,0,135168,shuffle,20261005,case_005564.csv
5565,mapping,put,4096,1000,16,0,262144,identity,20261005,case_005565.csv
5566,mapping,put,4096,1000,16,0,262144,reverse,20261005,case_005566.csv
5567,mapping,put,4096,1000,16,0,262144,transpose,20261005,case_005567.csv
5568,mapping,put,4096,1000,16,0,262144,shuffle,20261005,case_005568.csv
5569,mapping,put,32768,1000,16,0,131200,identity,20261005,case_005569.csv
5570,mapping,put,32768,1000,16,0,131200,reverse,20261005,case_005570.csv
5571,mapping,put,32768,1000,16,0,131200,transpose,20261005,case_005571.csv
5572,mapping,put,32768,1000,16,0,131200,shuffle,20261005,case_005572.csv
5573,mapping,put,32768,1000,16,0,131328,identity,20261005,case_005573.csv
5574,mapping,put,32768,1000,16,0,131328,reverse,20261005,case_005574.csv
5575,mapping,put,32768,1000,16,0,131328,transpose,20261005,case_005575.csv
5576,mapping,put,32768,1000,16,0,131328,shuffle,20261005,case_005576.csv
5577,mapping,put,32768,1000,16,0,135168,identity,20261005,case_005577.csv
5578,mapping,put,32768,1000,16,0,135168,reverse,20261005,case_005578.csv
5579,mapping,put,32768,1000,16,0,135168,transpose,20261005,case_005579.csv
5580,mapping,put,32768,1000,16,0,135168,shuffle,20261005,case_005580.csv
5581,mapping,put,32768,1000,16,0,262144,identity,20261005,case_005581.csv
5582,mapping,put,32768,1000,16,0,262144,reverse,20261005,case_005582.csv
5583,mapping,put,32768,1000,16,0,262144,transpose,20261005,case_005583.csv
5584,mapping,put,32768,1000,16,0,262144,shuffle,20261005,case_005584.csv
5585,mapping,put,65536,1000,16,0,131200,identity,20261005,case_005585.csv
5586,mapping,put,65536,1000,16,0,131200,reverse,20261005,case_005586.csv
5587,mapping,put,65536,1000,16,0,131200,transpose,20261005,case_005587.csv
5588,mapping,put,65536,1000,16,0,131200,shuffle,20261005,case_005588.csv
5589,mapping,put,65536,1000,16,0,131328,identity,20261005,case_005589.csv
5590,mapping,put,65536,1000,16,0,131328,reverse,20261005,case_005590.csv
5591,mapping,put,65536,1000,16,0,131328,transpose,20261005,case_005591.csv
5592,mapping,put,65536,1000,16,0,131328,shuffle,20261005,case_005592.csv
5593,mapping,put,65536,1000,16,0,135168,identity,20261005,case_005593.csv
5594,mapping,put,65536,1000,16,0,135168,reverse,20261005,case_005594.csv
5595,mapping,put,65536,1000,16,0,135168,transpose,20261005,case_005595.csv
5596,mapping,put,65536,1000,16,0,135168,shuffle,20261005,case_005596.csv
5597,mapping,put,65536,1000,16,0,262144,identity,20261005,case_005597.csv
5598,mapping,put,65536,1000,16,0,262144,reverse,20261005,case_005598.csv
5599,mapping,put,65536,1000,16,0,262144,transpose,20261005,case_005599.csv
5600,mapping,put,65536,1000,16,0,262144,shuffle,20261005,case_005600.csv
5601,mapping,put,98304,1000,16,0,131200,identity,20261005,case_005601.csv
5602,mapping,put,98304,1000,16,0,131200,reverse,20261005,case_005602.csv
5603,mapping,put,98304,1000,16,0,131200,transpose,20261005,case_005603.csv
5604,mapping,put,98304,1000,16,0,131200,shuffle,20261005,case_005604.csv
5605,mapping,put,98304,1000,16,0,131328,identity,20261005,case_005605.csv
5606,mapping,put,98304,1000,16,0,131328,reverse,20261005,case_005606.csv
5607,mapping,put,98304,1000,16,0,131328,transpose,20261005,case_005607.csv
5608,mapping,put,98304,1000,16,0,131328,shuffle,20261005,case_005608.csv
5609,mapping,put,98304,1000,16,0,135168,identity,20261005,case_005609.csv
5610,mapping,put,98304,1000,16,0,135168,reverse,20261005,case_005610.csv
5611,mapping,put,98304,1000,16,0,135168,transpose,20261005,case_005611.csv
5612,mapping,put,98304,1000,16,0,135168,shuffle,20261005,case_005612.csv
5613,mapping,put,98304,1000,16,0,262144,identity,20261005,case_005613.csv
5614,mapping,put,98304,1000,16,0,262144,reverse,20261005,case_005614.csv
5615,mapping,put,98304,1000,16,0,262144,transpose,20261005,case_005615.csv
5616,mapping,put,98304,1000,16,0,262144,shuffle,20261005,case_005616.csv
5617,mapping,put,131072,1000,16,0,131200,identity,20261005,case_005617.csv
5618,mapping,put,131072,1000,16,0,131200,reverse,20261005,case_005618.csv
5619,mapping,put,131072,1000,16,0,131200,transpose,20261005,case_005619.csv
5620,mapping,put,131072,1000,16,0,131200,shuffle,20261005,case_005620.csv
5621,mapping,put,131072,1000,16,0,131328,identity,20261005,case_005621.csv
5622,mapping,put,131072,1000,16,0,131328,reverse,20261005,case_005622.csv
5623,mapping,put,131072,1000,16,0,131328,transpose,20261005,case_005623.csv
5624,mapping,put,131072,1000,16,0,131328,shuffle,20261005,case_005624.csv
5625,mapping,put,131072,1000,16,0,135168,identity,20261005,case_005625.csv
5626,mapping,put,131072,1000,16,0,135168,reverse,20261005,case_005626.csv
5627,mapping,put,131072,1000,16,0,135168,transpose,20261005,case_005627.csv
5628,mapping,put,131072,1000,16,0,135168,shuffle,20261005,case_005628.csv
5629,mapping,put,131072,1000,16,0,262144,identity,20261005,case_005629.csv
5630,mapping,put,131072,1000,16,0,262144,reverse,20261005,case_005630.csv
5631,mapping,put,131072,1000,16,0,262144,transpose,20261005,case_005631.csv
5632,mapping,put,131072,1000,16,0,262144,shuffle,20261005,case_005632.csv
5633,mapping,put,64,10000,16,4,131200,identity,20261005,case_005633.csv
5634,mapping,put,64,10000,16,4,131200,reverse,20261005,case_005634.csv
5635,mapping,put,64,10000,16,4,131200,transpose,20261005,case_005635.csv
5636,mapping,put,64,10000,16,4,131200,shuffle,20261005,case_005636.csv
5637,mapping,put,64,10000,16,4,131328,identity,20261005,case_005637.csv
5638,mapping,put,64,10000,16,4,131328,reverse,20261005,case_005638.csv
5639,mapping,put,64,10000,16,4,131328,transpose,20261005,case_005639.csv
5640,mapping,put,64,10000,16,4,131328,shuffle,20261005,case_005640.csv
5641,mapping,put,64,10000,16,4,135168,identity,20261005,case_005641.csv
5642,mapping,put,64,10000,16,4,135168,reverse,20261005,case_005642.csv
5643,mapping,put,64,10000,16,4,135168,transpose,20261005,case_005643.csv
5644,mapping,put,64,10000,16,4,135168,shuffle,20261005,case_005644.csv
5645,mapping,put,64,10000,16,4,262144,identity,20261005,case_005645.csv
5646,mapping,put,64,10000,16,4,262144,reverse,20261005,case_005646.csv
5647,mapping,put,64,10000,16,4,262144,transpose,20261005,case_005647.csv
5648,mapping,put,64,10000,16,4,262144,shuffle,20261005,case_005648.csv
5649,mapping,put,128,10000,16,4,131200,identity,20261005,case_005649.csv
5650,mapping,put,128,10000,16,4,131200,reverse,20261005,case_005650.csv
5651,mapping,put,128,10000,16,4,131200,transpose,20261005,case_005651.csv
5652,mapping,put,128,10000,16,4,131200,shuffle,20261005,case_005652.csv
5653,mapping,put,128,10000,16,4,131328,identity,20261005,case_005653.csv
5654,mapping,put,128,10000,16,4,131328,reverse,20261005,case_005654.csv
5655,mapping,put,128,10000,16,4,131328,transpose,20261005,case_005655.csv
5656,mapping,put,128,10000,16,4,131328,shuffle,20261005,case_005656.csv
5657,mapping,put,128,10000,16,4,135168,identity,20261005,case_005657.csv
5658,mapping,put,128,10000,16,4,135168,reverse,20261005,case_005658.csv
5659,mapping,put,128,10000,16,4,135168,transpose,20261005,case_005659.csv
5660,mapping,put,128,10000,16,4,135168,shuffle,20261005,case_005660.csv
5661,mapping,put,128,10000,16,4,262144,identity,20261005,case_005661.csv
5662,mapping,put,128,10000,16,4,262144,reverse,20261005,case_005662.csv
5663,mapping,put,128,10000,16,4,262144,transpose,20261005,case_005663.csv
5664,mapping,put,128,10000,16,4,262144,shuffle,20261005,case_005664.csv
5665,mapping,put,256,10000,16,4,131200,identity,20261005,case_005665.csv
5666,mapping,put,256,10000,16,4,131200,reverse,20261005,case_005666.csv
5667,mapping,put,256,10000,16,4,131200,transpose,20261005,case_005667.csv
5668,mapping,put,256,10000,16,4,131200,shuffle,20261005,case_005668.csv
5669,mapping,put,256,10000,16,4,131328,identity,20261005,case_005669.csv
5670,mapping,put,256,10000,16,4,131328,reverse,20261005,case_005670.csv
5671,mapping,put,256,10000,16,4,131328,transpose,20261005,case_005671.csv
5672,mapping,put,256,10000,16,4,131328,shuffle,20261005,case_005672.csv
5673,mapping,put,256,10000,16,4,135168,identity,20261005,case_005673.csv
5674,mapping,put,256,10000,16,4,135168,reverse,20261005,case_005674.csv
5675,mapping,put,256,10000,16,4,135168,transpose,20261005,case_005675.csv
5676,mapping,put,256,10000,16,4,135168,shuffle,20261005,case_005676.csv
5677,mapping,put,256,10000,16,4,262144,identity,20261005,case_005677.csv
5678,mapping,put,256,10000,16,4,262144,reverse,20261005,case_005678.csv
5679,mapping,put,256,10000,16,4,262144,transpose,20261005,case_005679.csv
5680,mapping,put,256,10000,16,4,262144,shuffle,20261005,case_005680.csv
5681,mapping,put,4096,1000,16,4,131200,identity,20261005,case_005681.csv
5682,mapping,put,4096,1000,16,4,131200,reverse,20261005,case_005682.csv
5683,mapping,put,4096,1000,16,4,131200,transpose,20261005,case_005683.csv
5684,mapping,put,4096,1000,16,4,131200,shuffle,20261005,case_005684.csv
5685,mapping,put,4096,1000,16,4,131328,identity,20261005,case_005685.csv
5686,mapping,put,4096,1000,16,4,131328,reverse,20261005,case_005686.csv
5687,mapping,put,4096,1000,16,4,131328,transpose,20261005,case_005687.csv
5688,mapping,put,4096,1000,16,4,131328,shuffle,20261005,case_005688.csv
5689,mapping,put,4096,1000,16,4,135168,identity,20261005,case_005689.csv
5690,mapping,put,4096,1000,16,4,135168,reverse,20261005,case_005690.csv
5691,mapping,put,4096,1000,16,4,135168,transpose,20261005,case_005691.csv
5692,mapping,put,4096,1000,16,4,135168,shuffle,20261005,case_005692.csv
5693,mapping,put,4096,1000,16,4,262144,identity,20261005,case_005693.csv
5694,mapping,put,4096,1000,16,4,262144,reverse,20261005,case_005694.csv
5695,mapping,put,4096,1000,16,4,262144,transpose,20261005,case_005695.csv
5696,mapping,put,4096,1000,16,4,262144,shuffle,20261005,case_005696.csv
5697,mapping,put,32768,1000,16,4,131200,identity,20261005,case_005697.csv
5698,mapping,put,32768,1000,16,4,131200,reverse,20261005,case_005698.csv
5699,mapping,put,32768,1000,16,4,131200,transpose,20261005,case_005699.csv
5700,mapping,put,32768,1000,16,4,131200,shuffle,20261005,case_005700.csv
5701,mapping,put,32768,1000,16,4,131328,identity,20261005,case_005701.csv
5702,mapping,put,32768,1000,16,4,131328,reverse,20261005,case_005702.csv
5703,mapping,put,32768,1000,16,4,131328,transpose,20261005,case_005703.csv
5704,mapping,put,32768,1000,16,4,131328,shuffle,20261005,case_005704.csv
5705,mapping,put,32768,1000,16,4,135168,identity,20261005,case_005705.csv
5706,mapping,put,32768,1000,16,4,135168,reverse,20261005,case_005706.csv
5707,mapping,put,32768,1000,16,4,135168,transpose,20261005,case_005707.csv
5708,mapping,put,32768,1000,16,4,135168,shuffle,20261005,case_005708.csv
5709,mapping,put,32768,1000,16,4,262144,identity,20261005,case_005709.csv
5710,mapping,put,32768,1000,16,4,262144,reverse,20261005,case_005710.csv
5711,mapping,put,32768,1000,16,4,262144,transpose,20261005,case_005711.csv
5712,mapping,put,32768,1000,16,4,262144,shuffle,20261005,case_005712.csv
5713,mapping,put,65536,1000,16,4,131200,identity,20261005,case_005713.csv
5714,mapping,put,65536,1000,16,4,131200,reverse,20261005,case_005714.csv
5715,mapping,put,65536,1000,16,4,131200,transpose,20261005,case_005715.csv
5716,mapping,put,65536,1000,16,4,131200,shuffle,20261005,case_005716.csv
5717,mapping,put,65536,1000,16,4,131328,identity,20261005,case_005717.csv
5718,mapping,put,65536,1000,16,4,131328,reverse,20261005,case_005718.csv
5719,mapping,put,65536,1000,16,4,131328,transpose,20261005,case_005719.csv
5720,mapping,put,65536,1000,16,4,131328,shuffle,20261005,case_005720.csv
5721,mapping,put,65536,1000,16,4,135168,identity,20261005,case_005721.csv
5722,mapping,put,65536,1000,16,4,135168,reverse,20261005,case_005722.csv
5723,mapping,put,65536,1000,16,4,135168,transpose,20261005,case_005723.csv
5724,mapping,put,65536,1000,16,4,135168,shuffle,20261005,case_005724.csv
5725,mapping,put,65536,1000,16,4,262144,identity,20261005,case_005725.csv
5726,mapping,put,65536,1000,16,4,262144,reverse,20261005,case_005726.csv
5727,mapping,put,65536,1000,16,4,262144,transpose,20261005,case_005727.csv
5728,mapping,put,65536,1000,16,4,262144,shuffle,20261005,case_005728.csv
5729,mapping,put,98304,1000,16,4,131200,identity,20261005,case_005729.csv
5730,mapping,put,98304,1000,16,4,131200,reverse,20261005,case_005730.csv
5731,mapping,put,98304,1000,16,4,131200,transpose,20261005,case_005731.csv
5732,mapping,put,98304,1000,16,4,131200,shuffle,20261005,case_005732.csv
5733,mapping,put,98304,1000,16,4,131328,identity,20261005,case_005733.csv
5734,mapping,put,98304,1000,16,4,131328,reverse,20261005,case_005734.csv
5735,mapping,put,98304,1000,16,4,131328,transpose,20261005,case_005735.csv
5736,mapping,put,98304,1000,16,4,131328,shuffle,20261005,case_005736.csv
5737,mapping,put,98304,1000,16,4,135168,identity,20261005,case_005737.csv
5738,mapping,put,98304,1000,16,4,135168,reverse,20261005,case_005738.csv
5739,mapping,put,98304,1000,16,4,135168,transpose,20261005,case_005739.csv
5740,mapping,put,98304,1000,16,4,135168,shuffle,20261005,case_005740.csv
5741,mapping,put,98304,1000,16,4,262144,identity,20261005,case_005741.csv
5742,mapping,put,98304,1000,16,4,262144,reverse,20261005,case_005742.csv
5743,mapping,put,98304,1000,16,4,262144,transpose,20261005,case_005743.csv
5744,mapping,put,98304,1000,16,4,262144,shuffle,20261005,case_005744.csv
5745,mapping,put,131072,1000,16,4,131200,identity,20261005,case_005745.csv
5746,mapping,put,131072,1000,16,4,131200,reverse,20261005,case_005746.csv
5747,mapping,put,131072,1000,16,4,131200,transpose,20261005,case_005747.csv
5748,mapping,put,131072,1000,16,4,131200,shuffle,20261005,case_005748.csv
5749,mapping,put,131072,1000,16,4,131328,identity,20261005,case_005749.csv
5750,mapping,put,131072,1000,16,4,131328,reverse,20261005,case_005750.csv
5751,mapping,put,131072,1000,16,4,131328,transpose,20261005,case_005751.csv
5752,mapping,put,131072,1000,16,4,131328,shuffle,20261005,case_005752.csv
5753,mapping,put,131072,1000,16,4,135168,identity,20261005,case_005753.csv
5754,mapping,put,131072,1000,16,4,135168,reverse,20261005,case_005754.csv
5755,mapping,put,131072,1000,16,4,135168,transpose,20261005,case_005755.csv
5756,mapping,put,131072,1000,16,4,135168,shuffle,20261005,case_005756.csv
5757,mapping,put,131072,1000,16,4,262144,identity,20261005,case_005757.csv
5758,mapping,put,131072,1000,16,4,262144,reverse,20261005,case_005758.csv
5759,mapping,put,131072,1000,16,4,262144,transpose,20261005,case_005759.csv
5760,mapping,put,131072,1000,16,4,262144,shuffle,20261005,case_005760.csv
5761,mapping,put,64,10000,32,0,131200,identity,20261005,case_005761.csv
5762,mapping,put,64,10000,32,0,131200,reverse,20261005,case_005762.csv
5763,mapping,put,64,10000,32,0,131200,transpose,20261005,case_005763.csv
5764,mapping,put,64,10000,32,0,131200,shuffle,20261005,case_005764.csv
5765,mapping,put,64,10000,32,0,131328,identity,20261005,case_005765.csv
5766,mapping,put,64,10000,32,0,131328,reverse,20261005,case_005766.csv
5767,mapping,put,64,10000,32,0,131328,transpose,20261005,case_005767.csv
5768,mapping,put,64,10000,32,0,131328,shuffle,20261005,case_005768.csv
5769,mapping,put,64,10000,32,0,135168,identity,20261005,case_005769.csv
5770,mapping,put,64,10000,32,0,135168,reverse,20261005,case_005770.csv
5771,mapping,put,64,10000,32,0,135168,transpose,20261005,case_005771.csv
5772,mapping,put,64,10000,32,0,135168,shuffle,20261005,case_005772.csv
5773,mapping,put,64,10000,32,0,262144,identity,20261005,case_005773.csv
5774,mapping,put,64,10000,32,0,262144,reverse,20261005,case_005774.csv
5775,mapping,put,64,10000,32,0,262144,transpose,20261005,case_005775.csv
5776,mapping,put,64,10000,32,0,262144,shuffle,20261005,case_005776.csv
5777,mapping,put,128,10000,32,0,131200,identity,20261005,case_005777.csv
5778,mapping,put,128,10000,32,0,131200,reverse,20261005,case_005778.csv
5779,mapping,put,128,10000,32,0,131200,transpose,20261005,case_005779.csv
5780,mapping,put,128,10000,32,0,131200,shuffle,20261005,case_005780.csv
5781,mapping,put,128,10000,32,0,131328,identity,20261005,case_005781.csv
5782,mapping,put,128,10000,32,0,131328,reverse,20261005,case_005782.csv
5783,mapping,put,128,10000,32,0,131328,transpose,20261005,case_005783.csv
5784,mapping,put,128,10000,32,0,131328,shuffle,20261005,case_005784.csv
5785,mapping,put,128,10000,32,0,135168,identity,20261005,case_005785.csv
5786,mapping,put,128,10000,32,0,135168,reverse,20261005,case_005786.csv
5787,mapping,put,128,10000,32,0,135168,transpose,20261005,case_005787.csv
5788,mapping,put,128,10000,32,0,135168,shuffle,20261005,case_005788.csv
5789,mapping,put,128,10000,32,0,262144,identity,20261005,case_005789.csv
5790,mapping,put,128,10000,32,0,262144,reverse,20261005,case_005790.csv
5791,mapping,put,128,10000,32,0,262144,transpose,20261005,case_005791.csv
5792,mapping,put,128,10000,32,0,262144,shuffle,20261005,case_005792.csv
5793,mapping,put,256,10000,32,0,131200,identity,20261005,case_005793.csv
5794,mapping,put,256,10000,32,0,131200,reverse,20261005,case_005794.csv
5795,mapping,put,256,10000,32,0,131200,transpose,20261005,case_005795.csv
5796,mapping,put,256,10000,32,0,131200,shuffle,20261005,case_005796.csv
5797,mapping,put,256,10000,32,0,131328,identity,20261005,case_005797.csv
5798,mapping,put,256,10000,32,0,131328,reverse,20261005,case_005798.csv
5799,mapping,put,256,10000,32,0,131328,transpose,20261005,case_005799.csv
5800,mapping,put,256,10000,32,0,131328,shuffle,20261005,case_005800.csv
5801,mapping,put,256,10000,32,0,135168,identity,20261005,case_005801.csv
5802,mapping,put,256,10000,32,0,135168,reverse,20261005,case_005802.csv
5803,mapping,put,256,10000,32,0,135168,transpose,20261005,case_005803.csv
5804,mapping,put,256,10000,32,0,135168,shuffle,20261005,case_005804.csv
5805,mapping,put,256,10000,32,0,262144,identity,20261005,case_005805.csv
5806,mapping,put,256,10000,32,0,262144,reverse,20261005,case_005806.csv
5807,mapping,put,256,10000,32,0,262144,transpose,20261005,case_005807.csv
5808,mapping,put,256,10000,32,0,262144,shuffle,20261005,case_005808.csv
5809,mapping,put,4096,1000,32,0,131200,identity,20261005,case_005809.csv
5810,mapping,put,4096,1000,32,0,131200,reverse,20261005,case_005810.csv
5811,mapping,put,4096,1000,32,0,131200,transpose,20261005,case_005811.csv
5812,mapping,put,4096,1000,32,0,131200,shuffle,20261005,case_005812.csv
5813,mapping,put,4096,1000,32,0,131328,identity,20261005,case_005813.csv
5814,mapping,put,4096,1000,32,0,131328,reverse,20261005,case_005814.csv
5815,mapping,put,4096,1000,32,0,131328,transpose,20261005,case_005815.csv
5816,mapping,put,4096,1000,32,0,131328,shuffle,20261005,case_005816.csv
5817,mapping,put,4096,1000,32,0,135168,identity,20261005,case_005817.csv
5818,mapping,put,4096,1000,32,0,135168,reverse,20261005,case_005818.csv
5819,mapping,put,4096,1000,32,0,135168,transpose,20261005,case_005819.csv
5820,mapping,put,4096,1000,32,0,135168,shuffle,20261005,case_005820.csv
5821,mapping,put,4096,1000,32,0,262144,identity,20261005,case_005821.csv
5822,mapping,put,4096,1000,32,0,262144,reverse,20261005,case_005822.csv
5823,mapping,put,4096,1000,32,0,262144,transpose,20261005,case_005823.csv
5824,mapping,put,4096,1000,32,0,262144,shuffle,20261005,case_005824.csv
5825,mapping,put,32768,1000,32,0,131200,identity,20261005,case_005825.csv
5826,mapping,put,32768,1000,32,0,131200,reverse,20261005,case_005826.csv
5827,mapping,put,32768,1000,32,0,131200,transpose,20261005,case_005827.csv
5828,mapping,put,32768,1000,32,0,131200,shuffle,20261005,case_005828.csv
5829,mapping,put,32768,1000,32,0,131328,identity,20261005,case_005829.csv
5830,mapping,put,32768,1000,32,0,131328,reverse,20261005,case_005830.csv
5831,mapping,put,32768,1000,32,0,131328,transpose,20261005,case_005831.csv
5832,mapping,put,32768,1000,32,0,131328,shuffle,20261005,case_005832.csv
5833,mapping,put,32768,1000,32,0,135168,identity,20261005,case_005833.csv
5834,mapping,put,32768,1000,32,0,135168,reverse,20261005,case_005834.csv
5835,mapping,put,32768,1000,32,0,135168,transpose,20261005,case_005835.csv
5836,mapping,put,32768,1000,32,0,135168,shuffle,20261005,case_005836.csv
5837,mapping,put,32768,1000,32,0,262144,identity,20261005,case_005837.csv
5838,mapping,put,32768,1000,32,0,262144,reverse,20261005,case_005838.csv
5839,mapping,put,32768,1000,32,0,262144,transpose,20261005,case_005839.csv
5840,mapping,put,32768,1000,32,0,262144,shuffle,20261005,case_005840.csv
5841,mapping,put,65536,1000,32,0,131200,identity,20261005,case_005841.csv
5842,mapping,put,65536,1000,32,0,131200,reverse,20261005,case_005842.csv
5843,mapping,put,65536,1000,32,0,131200,transpose,20261005,case_005843.csv
5844,mapping,put,65536,1000,32,0,131200,shuffle,20261005,case_005844.csv
5845,mapping,put,65536,1000,32,0,131328,identity,20261005,case_005845.csv
5846,mapping,put,65536,1000,32,0,131328,reverse,20261005,case_005846.csv
5847,mapping,put,65536,1000,32,0,131328,transpose,20261005,case_005847.csv
5848,mapping,put,65536,1000,32,0,131328,shuffle,20261005,case_005848.csv
5849,mapping,put,65536,1000,32,0,135168,identity,20261005,case_005849.csv
5850,mapping,put,65536,1000,32,0,135168,reverse,20261005,case_005850.csv
5851,mapping,put,65536,1000,32,0,135168,transpose,20261005,case_005851.csv
5852,mapping,put,65536,1000,32,0,135168,shuffle,20261005,case_005852.csv
5853,mapping,put,65536,1000,32,0,262144,identity,20261005,case_005853.csv
5854,mapping,put,65536,1000,32,0,262144,reverse,20261005,case_005854.csv
5855,mapping,put,65536,1000,32,0,262144,transpose,20261005,case_005855.csv
5856,mapping,put,65536,1000,32,0,262144,shuffle,20261005,case_005856.csv
5857,mapping,put,98304,1000,32,0,131200,identity,20261005,case_005857.csv
5858,mapping,put,98304,1000,32,0,131200,reverse,20261005,case_005858.csv
5859,mapping,put,98304,1000,32,0,131200,transpose,20261005,case_005859.csv
5860,mapping,put,98304,1000,32,0,131200,shuffle,20261005,case_005860.csv
5861,mapping,put,98304,1000,32,0,131328,identity,20261005,case_005861.csv
5862,mapping,put,98304,1000,32,0,131328,reverse,20261005,case_005862.csv
5863,mapping,put,98304,1000,32,0,131328,transpose,20261005,case_005863.csv
5864,mapping,put,98304,1000,32,0,131328,shuffle,20261005,case_005864.csv
5865,mapping,put,98304,1000,32,0,135168,identity,20261005,case_005865.csv
5866,mapping,put,98304,1000,32,0,135168,reverse,20261005,case_005866.csv
5867,mapping,put,98304,1000,32,0,135168,transpose,20261005,case_005867.csv
5868,mapping,put,98304,1000,32,0,135168,shuffle,20261005,case_005868.csv
5869,mapping,put,98304,1000,32,0,262144,identity,20261005,case_005869.csv
5870,mapping,put,98304,1000,32,0,262144,reverse,20261005,case_005870.csv
5871,mapping,put,98304,1000,32,0,262144,transpose,20261005,case_005871.csv
5872,mapping,put,98304,1000,32,0,262144,shuffle,20261005,case_005872.csv
5873,mapping,put,131072,1000,32,0,131200,identity,20261005,case_005873.csv
5874,mapping,put,131072,1000,32,0,131200,reverse,20261005,case_005874.csv
5875,mapping,put,131072,1000,32,0,131200,transpose,20261005,case_005875.csv
5876,mapping,put,131072,1000,32,0,131200,shuffle,20261005,case_005876.csv
5877,mapping,put,131072,1000,32,0,131328,identity,20261005,case_005877.csv
5878,mapping,put,131072,1000,32,0,131328,reverse,20261005,case_005878.csv
5879,mapping,put,131072,1000,32,0,131328,transpose,20261005,case_005879.csv
5880,mapping,put,131072,1000,32,0,131328,shuffle,20261005,case_005880.csv
5881,mapping,put,131072,1000,32,0,135168,identity,20261005,case_005881.csv
5882,mapping,put,131072,1000,32,0,135168,reverse,20261005,case_005882.csv
5883,mapping,put,131072,1000,32,0,135168,transpose,20261005,case_005883.csv
5884,mapping,put,131072,1000,32,0,135168,shuffle,20261005,case_005884.csv
5885,mapping,put,131072,1000,32,0,262144,identity,20261005,case_005885.csv
5886,mapping,put,131072,1000,32,0,262144,reverse,20261005,case_005886.csv
5887,mapping,put,131072,1000,32,0,262144,transpose,20261005,case_005887.csv
5888,mapping,put,131072,1000,32,0,262144,shuffle,20261005,case_005888.csv
5889,mapping,put,64,10000,32,4,131200,identity,20261005,case_005889.csv
5890,mapping,put,64,10000,32,4,131200,reverse,20261005,case_005890.csv
5891,mapping,put,64,10000,32,4,131200,transpose,20261005,case_005891.csv
5892,mapping,put,64,10000,32,4,131200,shuffle,20261005,case_005892.csv
5893,mapping,put,64,10000,32,4,131328,identity,20261005,case_005893.csv
5894,mapping,put,64,10000,32,4,131328,reverse,20261005,case_005894.csv
5895,mapping,put,64,10000,32,4,131328,transpose,20261005,case_005895.csv
5896,mapping,put,64,10000,32,4,131328,shuffle,20261005,case_005896.csv
5897,mapping,put,64,10000,32,4,135168,identity,20261005,case_005897.csv
5898,mapping,put,64,10000,32,4,135168,reverse,20261005,case_005898.csv
5899,mapping,put,64,10000,32,4,135168,transpose,20261005,case_005899.csv
5900,mapping,put,64,10000,32,4,135168,shuffle,20261005,case_005900.csv
5901,mapping,put,64,10000,32,4,262144,identity,20261005,case_005901.csv
5902,mapping,put,64,10000,32,4,262144,reverse,20261005,case_005902.csv
5903,mapping,put,64,10000,32,4,262144,transpose,20261005,case_005903.csv
5904,mapping,put,64,10000,32,4,262144,shuffle,20261005,case_005904.csv
5905,mapping,put,128,10000,32,4,131200,identity,20261005,case_005905.csv
5906,mapping,put,128,10000,32,4,131200,reverse,20261005,case_005906.csv
5907,mapping,put,128,10000,32,4,131200,transpose,20261005,case_005907.csv
5908,mapping,put,128,10000,32,4,131200,shuffle,20261005,case_005908.csv
5909,mapping,put,128,10000,32,4,131328,identity,20261005,case_005909.csv
5910,mapping,put,128,10000,32,4,131328,reverse,20261005,case_005910.csv
5911,mapping,put,128,10000,32,4,131328,transpose,20261005,case_005911.csv
5912,mapping,put,128,10000,32,4,131328,shuffle,20261005,case_005912.csv
5913,mapping,put,128,10000,32,4,135168,identity,20261005,case_005913.csv
5914,mapping,put,128,10000,32,4,135168,reverse,20261005,case_005914.csv
5915,mapping,put,128,10000,32,4,135168,transpose,20261005,case_005915.csv
5916,mapping,put,128,10000,32,4,135168,shuffle,20261005,case_005916.csv
5917,mapping,put,128,10000,32,4,262144,identity,20261005,case_005917.csv
5918,mapping,put,128,10000,32,4,262144,reverse,20261005,case_005918.csv
5919,mapping,put,128,10000,32,4,262144,transpose,20261005,case_005919.csv
5920,mapping,put,128,10000,32,4,262144,shuffle,20261005,case_005920.csv
5921,mapping,put,256,10000,32,4,131200,identity,20261005,case_005921.csv
5922,mapping,put,256,10000,32,4,131200,reverse,20261005,case_005922.csv
5923,mapping,put,256,10000,32,4,131200,transpose,20261005,case_005923.csv
5924,mapping,put,256,10000,32,4,131200,shuffle,20261005,case_005924.csv
5925,mapping,put,256,10000,32,4,131328,identity,20261005,case_005925.csv
5926,mapping,put,256,10000,32,4,131328,reverse,20261005,case_005926.csv
5927,mapping,put,256,10000,32,4,131328,transpose,20261005,case_005927.csv
5928,mapping,put,256,10000,32,4,131328,shuffle,20261005,case_005928.csv
5929,mapping,put,256,10000,32,4,135168,identity,20261005,case_005929.csv
5930,mapping,put,256,10000,32,4,135168,reverse,20261005,case_005930.csv
5931,mapping,put,256,10000,32,4,135168,transpose,20261005,case_005931.csv
5932,mapping,put,256,10000,32,4,135168,shuffle,20261005,case_005932.csv
5933,mapping,put,256,10000,32,4,262144,identity,20261005,case_005933.csv
5934,mapping,put,256,10000,32,4,262144,reverse,20261005,case_005934.csv
5935,mapping,put,256,10000,32,4,262144,transpose,20261005,case_005935.csv
5936,mapping,put,256,10000,32,4,262144,shuffle,20261005,case_005936.csv
5937,mapping,put,4096,1000,32,4,131200,identity,20261005,case_005937.csv
5938,mapping,put,4096,1000,32,4,131200,reverse,20261005,case_005938.csv
5939,mapping,put,4096,1000,32,4,131200,transpose,20261005,case_005939.csv
5940,mapping,put,4096,1000,32,4,131200,shuffle,20261005,case_005940.csv
5941,mapping,put,4096,1000,32,4,131328,identity,20261005,case_005941.csv
5942,mapping,put,4096,1000,32,4,131328,reverse,20261005,case_005942.csv
5943,mapping,put,4096,1000,32,4,131328,transpose,20261005,case_005943.csv
5944,mapping,put,4096,1000,32,4,131328,shuffle,20261005,case_005944.csv
5945,mapping,put,4096,1000,32,4,135168,identity,20261005,case_005945.csv
5946,mapping,put,4096,1000,32,4,135168,reverse,20261005,case_005946.csv
5947,mapping,put,4096,1000,32,4,135168,transpose,20261005,case_005947.csv
5948,mapping,put,4096,1000,32,4,135168,shuffle,20261005,case_005948.csv
5949,mapping,put,4096,1000,32,4,262144,identity,20261005,case_005949.csv
5950,mapping,put,4096,1000,32,4,262144,reverse,20261005,case_005950.csv
5951,mapping,put,4096,1000,32,4,262144,transpose,20261005,case_005951.csv
5952,mapping,put,4096,1000,32,4,262144,shuffle,20261005,case_005952.csv
5953,mapping,put,32768,1000,32,4,131200,identity,20261005,case_005953.csv
5954,mapping,put,32768,1000,32,4,131200,reverse,20261005,case_005954.csv
5955,mapping,put,32768,1000,32,4,131200,transpose,20261005,case_005955.csv
5956,mapping,put,32768,1000,32,4,131200,shuffle,20261005,case_005956.csv
5957,mapping,put,32768,1000,32,4,131328,identity,20261005,case_005957.csv
5958,mapping,put,32768,1000,32,4,131328,reverse,20261005,case_005958.csv
5959,mapping,put,32768,1000,32,4,131328,transpose,20261005,case_005959.csv
5960,mapping,put,32768,1000,32,4,131328,shuffle,20261005,case_005960.csv
5961,mapping,put,32768,1000,32,4,135168,identity,20261005,case_005961.csv
5962,mapping,put,32768,1000,32,4,135168,reverse,20261005,case_005962.csv
5963,mapping,put,32768,1000,32,4,135168,transpose,20261005,case_005963.csv
5964,mapping,put,32768,1000,32,4,135168,shuffle,20261005,case_005964.csv
5965,mapping,put,32768,1000,32,4,262144,identity,20261005,case_005965.csv
5966,mapping,put,32768,1000,32,4,262144,reverse,20261005,case_005966.csv
5967,mapping,put,32768,1000,32,4,262144,transpose,20261005,case_005967.csv
5968,mapping,put,32768,1000,32,4,262144,shuffle,20261005,case_005968.csv
5969,mapping,put,65536,1000,32,4,131200,identity,20261005,case_005969.csv
5970,mapping,put,65536,1000,32,4,131200,reverse,20261005,case_005970.csv
5971,mapping,put,65536,1000,32,4,131200,transpose,20261005,case_005971.csv
5972,mapping,put,65536,1000,32,4,131200,shuffle,20261005,case_005972.csv
5973,mapping,put,65536,1000,32,4,131328,identity,20261005,case_005973.csv
5974,mapping,put,65536,1000,32,4,131328,reverse,20261005,case_005974.csv
5975,mapping,put,65536,1000,32,4,131328,transpose,20261005,case_005975.csv
5976,mapping,put,65536,1000,32,4,131328,shuffle,20261005,case_005976.csv
5977,mapping,put,65536,1000,32,4,135168,identity,20261005,case_005977.csv
5978,mapping,put,65536,1000,32,4,135168,reverse,20261005,case_005978.csv
5979,mapping,put,65536,1000,32,4,135168,transpose,20261005,case_005979.csv
5980,mapping,put,65536,1000,32,4,135168,shuffle,20261005,case_005980.csv
5981,mapping,put,65536,1000,32,4,262144,identity,20261005,case_005981.csv
5982,mapping,put,65536,1000,32,4,262144,reverse,20261005,case_005982.csv
5983,mapping,put,65536,1000,32,4,262144,transpose,20261005,case_005983.csv
5984,mapping,put,65536,1000,32,4,262144,shuffle,20261005,case_005984.csv
5985,mapping,put,98304,1000,32,4,131200,identity,20261005,case_005985.csv
5986,mapping,put,98304,1000,32,4,131200,reverse,20261005,case_005986.csv
5987,mapping,put,98304,1000,32,4,131200,transpose,20261005,case_005987.csv
5988,mapping,put,98304,1000,32,4,131200,shuffle,20261005,case_005988.csv
5989,mapping,put,98304,1000,32,4,131328,identity,20261005,case_005989.csv
5990,mapping,put,98304,1000,32,4,131328,reverse,20261005,case_005990.csv
5991,mapping,put,98304,1000,32,4,131328,transpose,20261005,case_005991.csv
5992,mapping,put,98304,1000,32,4,131328,shuffle,20261005,case_005992.csv
5993,mapping,put,98304,1000,32,4,135168,identity,20261005,case_005993.csv
5994,mapping,put,98304,1000,32,4,135168,reverse,20261005,case_005994.csv
5995,mapping,put,98304,1000,32,4,135168,transpose,20261005,case_005995.csv
5996,mapping,put,98304,1000,32,4,135168,shuffle,20261005,case_005996.csv
5997,mapping,put,98304,1000,32,4,262144,identity,20261005,case_005997.csv
5998,mapping,put,98304,1000,32,4,262144,reverse,20261005,case_005998.csv
5999,mapping,put,98304,1000,32,4,262144,transpose,20261005,case_005999.csv
6000,mapping,put,98304,1000,32,4,262144,shuffle,20261005,case_006000.csv
6001,mapping,put,131072,1000,32,4,131200,identity,20261005,case_006001.csv
6002,mapping,put,131072,1000,32,4,131200,reverse,20261005,case_006002.csv
6003,mapping,put,131072,1000,32,4,131200,transpose,20261005,case_006003.csv
6004,mapping,put,131072,1000,32,4,131200,shuffle,20261005,case_006004.csv
6005,mapping,put,131072,1000,32,4,131328,identity,20261005,case_006005.csv
6006,mapping,put,131072,1000,32,4,131328,reverse,20261005,case_006006.csv
6007,mapping,put,131072,1000,32,4,131328,transpose,20261005,case_006007.csv
6008,mapping,put,131072,1000,32,4,131328,shuffle,20261005,case_006008.csv
6009,mapping,put,131072,1000,32,4,135168,identity,20261005,case_006009.csv
6010,mapping,put,131072,1000,32,4,135168,reverse,20261005,case_006010.csv
6011,mapping,put,131072,1000,32,4,135168,transpose,20261005,case_006011.csv
6012,mapping,put,131072,1000,32,4,135168,shuffle,20261005,case_006012.csv
6013,mapping,put,131072,1000,32,4,262144,identity,20261005,case_006013.csv
6014,mapping,put,131072,1000,32,4,262144,reverse,20261005,case_006014.csv
6015,mapping,put,131072,1000,32,4,262144,transpose,20261005,case_006015.csv
6016,mapping,put,131072,1000,32,4,262144,shuffle,20261005,case_006016.csv
6017,mapping,put,64,10000,64,0,131200,identity,20261005,case_006017.csv
6018,mapping,put,64,10000,64,0,131200,reverse,20261005,case_006018.csv
6019,mapping,put,64,10000,64,0,131200,transpose,20261005,case_006019.csv
6020,mapping,put,64,10000,64,0,131200,shuffle,20261005,case_006020.csv
6021,mapping,put,64,10000,64,0,131328,identity,20261005,case_006021.csv
6022,mapping,put,64,10000,64,0,131328,reverse,20261005,case_006022.csv
6023,mapping,put,64,10000,64,0,131328,transpose,20261005,case_006023.csv
6024,mapping,put,64,10000,64,0,131328,shuffle,20261005,case_006024.csv
6025,mapping,put,64,10000,64,0,135168,identity,20261005,case_006025.csv
6026,mapping,put,64,10000,64,0,135168,reverse,20261005,case_006026.csv
6027,mapping,put,64,10000,64,0,135168,transpose,20261005,case_006027.csv
6028,mapping,put,64,10000,64,0,135168,shuffle,20261005,case_006028.csv
6029,mapping,put,64,10000,64,0,262144,identity,20261005,case_006029.csv
6030,mapping,put,64,10000,64,0,262144,reverse,20261005,case_006030.csv
6031,mapping,put,64,10000,64,0,262144,transpose,20261005,case_006031.csv
6032,mapping,put,64,10000,64,0,262144,shuffle,20261005,case_006032.csv
6033,mapping,put,128,10000,64,0,131200,identity,20261005,case_006033.csv
6034,mapping,put,128,10000,64,0,131200,reverse,20261005,case_006034.csv
6035,mapping,put,128,10000,64,0,131200,transpose,20261005,case_006035.csv
6036,mapping,put,128,10000,64,0,131200,shuffle,20261005,case_006036.csv
6037,mapping,put,128,10000,64,0,131328,identity,20261005,case_006037.csv
6038,mapping,put,128,10000,64,0,131328,reverse,20261005,case_006038.csv
6039,mapping,put,128,10000,64,0,131328,transpose,20261005,case_006039.csv
6040,mapping,put,128,10000,64,0,131328,shuffle,20261005,case_006040.csv
6041,mapping,put,128,10000,64,0,135168,identity,20261005,case_006041.csv
6042,mapping,put,128,10000,64,0,135168,reverse,20261005,case_006042.csv
6043,mapping,put,128,10000,64,0,135168,transpose,20261005,case_006043.csv
6044,mapping,put,128,10000,64,0,135168,shuffle,20261005,case_006044.csv
6045,mapping,put,128,10000,64,0,262144,identity,20261005,case_006045.csv
6046,mapping,put,128,10000,64,0,262144,reverse,20261005,case_006046.csv
6047,mapping,put,128,10000,64,0,262144,transpose,20261005,case_006047.csv
6048,mapping,put,128,10000,64,0,262144,shuffle,20261005,case_006048.csv
6049,mapping,put,256,10000,64,0,131200,identity,20261005,case_006049.csv
6050,mapping,put,256,10000,64,0,131200,reverse,20261005,case_006050.csv
6051,mapping,put,256,10000,64,0,131200,transpose,20261005,case_006051.csv
6052,mapping,put,256,10000,64,0,131200,shuffle,20261005,case_006052.csv
6053,mapping,put,256,10000,64,0,131328,identity,20261005,case_006053.csv
6054,mapping,put,256,10000,64,0,131328,reverse,20261005,case_006054.csv
6055,mapping,put,256,10000,64,0,131328,transpose,20261005,case_006055.csv
6056,mapping,put,256,10000,64,0,131328,shuffle,20261005,case_006056.csv
6057,mapping,put,256,10000,64,0,135168,identity,20261005,case_006057.csv
6058,mapping,put,256,10000,64,0,135168,reverse,20261005,case_006058.csv
6059,mapping,put,256,10000,64,0,135168,transpose,20261005,case_006059.csv
6060,mapping,put,256,10000,64,0,135168,shuffle,20261005,case_006060.csv
6061,mapping,put,256,10000,64,0,262144,identity,20261005,case_006061.csv
6062,mapping,put,256,10000,64,0,262144,reverse,20261005,case_006062.csv
6063,mapping,put,256,10000,64,0,262144,transpose,20261005,case_006063.csv
6064,mapping,put,256,10000,64,0,262144,shuffle,20261005,case_006064.csv
6065,mapping,put,4096,1000,64,0,131200,identity,20261005,case_006065.csv
6066,mapping,put,4096,1000,64,0,131200,reverse,20261005,case_006066.csv
6067,mapping,put,4096,1000,64,0,131200,transpose,20261005,case_006067.csv
6068,mapping,put,4096,1000,64,0,131200,shuffle,20261005,case_006068.csv
6069,mapping,put,4096,1000,64,0,131328,identity,20261005,case_006069.csv
6070,mapping,put,4096,1000,64,0,131328,reverse,20261005,case_006070.csv
6071,mapping,put,4096,1000,64,0,131328,transpose,20261005,case_006071.csv
6072,mapping,put,4096,1000,64,0,131328,shuffle,20261005,case_006072.csv
6073,mapping,put,4096,1000,64,0,135168,identity,20261005,case_006073.csv
6074,mapping,put,4096,1000,64,0,135168,reverse,20261005,case_006074.csv
6075,mapping,put,4096,1000,64,0,135168,transpose,20261005,case_006075.csv
6076,mapping,put,4096,1000,64,0,135168,shuffle,20261005,case_006076.csv
6077,mapping,put,4096,1000,64,0,262144,identity,20261005,case_006077.csv
6078,mapping,put,4096,1000,64,0,262144,reverse,20261005,case_006078.csv
6079,mapping,put,4096,1000,64,0,262144,transpose,20261005,case_006079.csv
6080,mapping,put,4096,1000,64,0,262144,shuffle,20261005,case_006080.csv
6081,mapping,put,32768,1000,64,0,131200,identity,20261005,case_006081.csv
6082,mapping,put,32768,1000,64,0,131200,reverse,20261005,case_006082.csv
6083,mapping,put,32768,1000,64,0,131200,transpose,20261005,case_006083.csv
6084,mapping,put,32768,1000,64,0,131200,shuffle,20261005,case_006084.csv
6085,mapping,put,32768,1000,64,0,131328,identity,20261005,case_006085.csv
6086,mapping,put,32768,1000,64,0,131328,reverse,20261005,case_006086.csv
6087,mapping,put,32768,1000,64,0,131328,transpose,20261005,case_006087.csv
6088,mapping,put,32768,1000,64,0,131328,shuffle,20261005,case_006088.csv
6089,mapping,put,32768,1000,64,0,135168,identity,20261005,case_006089.csv
6090,mapping,put,32768,1000,64,0,135168,reverse,20261005,case_006090.csv
6091,mapping,put,32768,1000,64,0,135168,transpose,20261005,case_006091.csv
6092,mapping,put,32768,1000,64,0,135168,shuffle,20261005,case_006092.csv
6093,mapping,put,32768,1000,64,0,262144,identity,20261005,case_006093.csv
6094,mapping,put,32768,1000,64,0,262144,reverse,20261005,case_006094.csv
6095,mapping,put,32768,1000,64,0,262144,transpose,20261005,case_006095.csv
6096,mapping,put,32768,1000,64,0,262144,shuffle,20261005,case_006096.csv
6097,mapping,put,65536,1000,64,0,131200,identity,20261005,case_006097.csv
6098,mapping,put,65536,1000,64,0,131200,reverse,20261005,case_006098.csv
6099,mapping,put,65536,1000,64,0,131200,transpose,20261005,case_006099.csv
6100,mapping,put,65536,1000,64,0,131200,shuffle,20261005,case_006100.csv
6101,mapping,put,65536,1000,64,0,131328,identity,20261005,case_006101.csv
6102,mapping,put,65536,1000,64,0,131328,reverse,20261005,case_006102.csv
6103,mapping,put,65536,1000,64,0,131328,transpose,20261005,case_006103.csv
6104,mapping,put,65536,1000,64,0,131328,shuffle,20261005,case_006104.csv
6105,mapping,put,65536,1000,64,0,135168,identity,20261005,case_006105.csv
6106,mapping,put,65536,1000,64,0,135168,reverse,20261005,case_006106.csv
6107,mapping,put,65536,1000,64,0,135168,transpose,20261005,case_006107.csv
6108,mapping,put,65536,1000,64,0,135168,shuffle,20261005,case_006108.csv
6109,mapping,put,65536,1000,64,0,262144,identity,20261005,case_006109.csv
6110,mapping,put,65536,1000,64,0,262144,reverse,20261005,case_006110.csv
6111,mapping,put,65536,1000,64,0,262144,transpose,20261005,case_006111.csv
6112,mapping,put,65536,1000,64,0,262144,shuffle,20261005,case_006112.csv
6113,mapping,put,98304,1000,64,0,131200,identity,20261005,case_006113.csv
6114,mapping,put,98304,1000,64,0,131200,reverse,20261005,case_006114.csv
6115,mapping,put,98304,1000,64,0,131200,transpose,20261005,case_006115.csv
6116,mapping,put,98304,1000,64,0,131200,shuffle,20261005,case_006116.csv
6117,mapping,put,98304,1000,64,0,131328,identity,20261005,case_006117.csv
6118,mapping,put,98304,1000,64,0,131328,reverse,20261005,case_006118.csv
6119,mapping,put,98304,1000,64,0,131328,transpose,20261005,case_006119.csv
6120,mapping,put,98304,1000,64,0,131328,shuffle,20261005,case_006120.csv
6121,mapping,put,98304,1000,64,0,135168,identity,20261005,case_006121.csv
6122,mapping,put,98304,1000,64,0,135168,reverse,20261005,case_006122.csv
6123,mapping,put,98304,1000,64,0,135168,transpose,20261005,case_006123.csv
6124,mapping,put,98304,1000,64,0,135168,shuffle,20261005,case_006124.csv
6125,mapping,put,98304,1000,64,0,262144,identity,20261005,case_006125.csv
6126,mapping,put,98304,1000,64,0,262144,reverse,20261005,case_006126.csv
6127,mapping,put,98304,1000,64,0,262144,transpose,20261005,case_006127.csv
6128,mapping,put,98304,1000,64,0,262144,shuffle,20261005,case_006128.csv
6129,mapping,put,131072,1000,64,0,131200,identity,20261005,case_006129.csv
6130,mapping,put,131072,1000,64,0,131200,reverse,20261005,case_006130.csv
6131,mapping,put,131072,1000,64,0,131200,transpose,20261005,case_006131.csv
6132,mapping,put,131072,1000,64,0,131200,shuffle,20261005,case_006132.csv
6133,mapping,put,131072,1000,64,0,131328,identity,20261005,case_006133.csv
6134,mapping,put,131072,1000,64,0,131328,reverse,20261005,case_006134.csv
6135,mapping,put,131072,1000,64,0,131328,transpose,20261005,case_006135.csv
6136,mapping,put,131072,1000,64,0,131328,shuffle,20261005,case_006136.csv
6137,mapping,put,131072,1000,64,0,135168,identity,20261005,case_006137.csv
6138,mapping,put,131072,1000,64,0,135168,reverse,20261005,case_006138.csv
6139,mapping,put,131072,1000,64,0,135168,transpose,20261005,case_006139.csv
6140,mapping,put,131072,1000,64,0,135168,shuffle,20261005,case_006140.csv
6141,mapping,put,131072,1000,64,0,262144,identity,20261005,case_006141.csv
6142,mapping,put,131072,1000,64,0,262144,reverse,20261005,case_006142.csv
6143,mapping,put,131072,1000,64,0,262144,transpose,20261005,case_006143.csv
6144,mapping,put,131072,1000,64,0,262144,shuffle,20261005,case_006144.csv
6145,mapping,put,64,10000,64,4,131200,identity,20261005,case_006145.csv
6146,mapping,put,64,10000,64,4,131200,reverse,20261005,case_006146.csv
6147,mapping,put,64,10000,64,4,131200,transpose,20261005,case_006147.csv
6148,mapping,put,64,10000,64,4,131200,shuffle,20261005,case_006148.csv
6149,mapping,put,64,10000,64,4,131328,identity,20261005,case_006149.csv
6150,mapping,put,64,10000,64,4,131328,reverse,20261005,case_006150.csv
6151,mapping,put,64,10000,64,4,131328,transpose,20261005,case_006151.csv
6152,mapping,put,64,10000,64,4,131328,shuffle,20261005,case_006152.csv
6153,mapping,put,64,10000,64,4,135168,identity,20261005,case_006153.csv
6154,mapping,put,64,10000,64,4,135168,reverse,20261005,case_006154.csv
6155,mapping,put,64,10000,64,4,135168,transpose,20261005,case_006155.csv
6156,mapping,put,64,10000,64,4,135168,shuffle,20261005,case_006156.csv
6157,mapping,put,64,10000,64,4,262144,identity,20261005,case_006157.csv
6158,mapping,put,64,10000,64,4,262144,reverse,20261005,case_006158.csv
6159,mapping,put,64,10000,64,4,262144,transpose,20261005,case_006159.csv
6160,mapping,put,64,10000,64,4,262144,shuffle,20261005,case_006160.csv
6161,mapping,put,128,10000,64,4,131200,identity,20261005,case_006161.csv
6162,mapping,put,128,10000,64,4,131200,reverse,20261005,case_006162.csv
6163,mapping,put,128,10000,64,4,131200,transpose,20261005,case_006163.csv
6164,mapping,put,128,10000,64,4,131200,shuffle,20261005,case_006164.csv
6165,mapping,put,128,10000,64,4,131328,identity,20261005,case_006165.csv
6166,mapping,put,128,10000,64,4,131328,reverse,20261005,case_006166.csv
6167,mapping,put,128,10000,64,4,131328,transpose,20261005,case_006167.csv
6168,mapping,put,128,10000,64,4,131328,shuffle,20261005,case_006168.csv
6169,mapping,put,128,10000,64,4,135168,identity,20261005,case_006169.csv
6170,mapping,put,128,10000,64,4,135168,reverse,20261005,case_006170.csv
6171,mapping,put,128,10000,64,4,135168,transpose,20261005,case_006171.csv
6172,mapping,put,128,10000,64,4,135168,shuffle,20261005,case_006172.csv
6173,mapping,put,128,10000,64,4,262144,identity,20261005,case_006173.csv
6174,mapping,put,128,10000,64,4,262144,reverse,20261005,case_006174.csv
6175,mapping,put,128,10000,64,4,262144,transpose,20261005,case_006175.csv
6176,mapping,put,128,10000,64,4,262144,shuffle,20261005,case_006176.csv
6177,mapping,put,256,10000,64,4,131200,identity,20261005,case_006177.csv
6178,mapping,put,256,10000,64,4,131200,reverse,20261005,case_006178.csv
6179,mapping,put,256,10000,64,4,131200,transpose,20261005,case_006179.csv
6180,mapping,put,256,10000,64,4,131200,shuffle,20261005,case_006180.csv
6181,mapping,put,256,10000,64,4,131328,identity,20261005,case_006181.csv
6182,mapping,put,256,10000,64,4,131328,reverse,20261005,case_006182.csv
6183,mapping,put,256,10000,64,4,131328,transpose,20261005,case_006183.csv
6184,mapping,put,256,10000,64,4,131328,shuffle,20261005,case_006184.csv
6185,mapping,put,256,10000,64,4,135168,identity,20261005,case_006185.csv
6186,mapping,put,256,10000,64,4,135168,reverse,20261005,case_006186.csv
6187,mapping,put,256,10000,64,4,135168,transpose,20261005,case_006187.csv
6188,mapping,put,256,10000,64,4,135168,shuffle,20261005,case_006188.csv
6189,mapping,put,256,10000,64,4,262144,identity,20261005,case_006189.csv
6190,mapping,put,256,10000,64,4,262144,reverse,20261005,case_006190.csv
6191,mapping,put,256,10000,64,4,262144,transpose,20261005,case_006191.csv
6192,mapping,put,256,10000,64,4,262144,shuffle,20261005,case_006192.csv
6193,mapping,put,4096,1000,64,4,131200,identity,20261005,case_006193.csv
6194,mapping,put,4096,1000,64,4,131200,reverse,20261005,case_006194.csv
6195,mapping,put,4096,1000,64,4,131200,transpose,20261005,case_006195.csv
6196,mapping,put,4096,1000,64,4,131200,shuffle,20261005,case_006196.csv
6197,mapping,put,4096,1000,64,4,131328,identity,20261005,case_006197.csv
6198,mapping,put,4096,1000,64,4,131328,reverse,20261005,case_006198.csv
6199,mapping,put,4096,1000,64,4,131328,transpose,20261005,case_006199.csv
6200,mapping,put,4096,1000,64,4,131328,shuffle,20261005,case_006200.csv
6201,mapping,put,4096,1000,64,4,135168,identity,20261005,case_006201.csv
6202,mapping,put,4096,1000,64,4,135168,reverse,20261005,case_006202.csv
6203,mapping,put,4096,1000,64,4,135168,transpose,20261005,case_006203.csv
6204,mapping,put,4096,1000,64,4,135168,shuffle,20261005,case_006204.csv
6205,mapping,put,4096,1000,64,4,262144,identity,20261005,case_006205.csv
6206,mapping,put,4096,1000,64,4,262144,reverse,20261005,case_006206.csv
6207,mapping,put,4096,1000,64,4,262144,transpose,20261005,case_006207.csv
6208,mapping,put,4096,1000,64,4,262144,shuffle,20261005,case_006208.csv
6209,mapping,put,32768,1000,64,4,131200,identity,20261005,case_006209.csv
6210,mapping,put,32768,1000,64,4,131200,reverse,20261005,case_006210.csv
6211,mapping,put,32768,1000,64,4,131200,transpose,20261005,case_006211.csv
6212,mapping,put,32768,1000,64,4,131200,shuffle,20261005,case_006212.csv
6213,mapping,put,32768,1000,64,4,131328,identity,20261005,case_006213.csv
6214,mapping,put,32768,1000,64,4,131328,reverse,20261005,case_006214.csv
6215,mapping,put,32768,1000,64,4,131328,transpose,20261005,case_006215.csv
6216,mapping,put,32768,1000,64,4,131328,shuffle,20261005,case_006216.csv
6217,mapping,put,32768,1000,64,4,135168,identity,20261005,case_006217.csv
6218,mapping,put,32768,1000,64,4,135168,reverse,20261005,case_006218.csv
6219,mapping,put,32768,1000,64,4,135168,transpose,20261005,case_006219.csv
6220,mapping,put,32768,1000,64,4,135168,shuffle,20261005,case_006220.csv
6221,mapping,put,32768,1000,64,4,262144,identity,20261005,case_006221.csv
6222,mapping,put,32768,1000,64,4,262144,reverse,20261005,case_006222.csv
6223,mapping,put,32768,1000,64,4,262144,transpose,20261005,case_006223.csv
6224,mapping,put,32768,1000,64,4,262144,shuffle,20261005,case_006224.csv
6225,mapping,put,65536,1000,64,4,131200,identity,20261005,case_006225.csv
6226,mapping,put,65536,1000,64,4,131200,reverse,20261005,case_006226.csv
6227,mapping,put,65536,1000,64,4,131200,transpose,20261005,case_006227.csv
6228,mapping,put,65536,1000,64,4,131200,shuffle,20261005,case_006228.csv
6229,mapping,put,65536,1000,64,4,131328,identity,20261005,case_006229.csv
6230,mapping,put,65536,1000,64,4,131328,reverse,20261005,case_006230.csv
6231,mapping,put,65536,1000,64,4,131328,transpose,20261005,case_006231.csv
6232,mapping,put,65536,1000,64,4,131328,shuffle,20261005,case_006232.csv
6233,mapping,put,65536,1000,64,4,135168,identity,20261005,case_006233.csv
6234,mapping,put,65536,1000,64,4,135168,reverse,20261005,case_006234.csv
6235,mapping,put,65536,1000,64,4,135168,transpose,20261005,case_006235.csv
6236,mapping,put,65536,1000,64,4,135168,shuffle,20261005,case_006236.csv
6237,mapping,put,65536,1000,64,4,262144,identity,20261005,case_006237.csv
6238,mapping,put,65536,1000,64,4,262144,reverse,20261005,case_006238.csv
6239,mapping,put,65536,1000,64,4,262144,transpose,20261005,case_006239.csv
6240,mapping,put,65536,1000,64,4,262144,shuffle,20261005,case_006240.csv
6241,mapping,put,98304,1000,64,4,131200,identity,20261005,case_006241.csv
6242,mapping,put,98304,1000,64,4,131200,reverse,20261005,case_006242.csv
6243,mapping,put,98304,1000,64,4,131200,transpose,20261005,case_006243.csv
6244,mapping,put,98304,1000,64,4,131200,shuffle,20261005,case_006244.csv
6245,mapping,put,98304,1000,64,4,131328,identity,20261005,case_006245.csv
6246,mapping,put,98304,1000,64,4,131328,reverse,20261005,case_006246.csv
6247,mapping,put,98304,1000,64,4,131328,transpose,20261005,case_006247.csv
6248,mapping,put,98304,1000,64,4,131328,shuffle,20261005,case_006248.csv
6249,mapping,put,98304,1000,64,4,135168,identity,20261005,case_006249.csv
6250,mapping,put,98304,1000,64,4,135168,reverse,20261005,case_006250.csv
6251,mapping,put,98304,1000,64,4,135168,transpose,20261005,case_006251.csv
6252,mapping,put,98304,1000,64,4,135168,shuffle,20261005,case_006252.csv
6253,mapping,put,98304,1000,64,4,262144,identity,20261005,case_006253.csv
6254,mapping,put,98304,1000,64,4,262144,reverse,20261005,case_006254.csv
6255,mapping,put,98304,1000,64,4,262144,transpose,20261005,case_006255.csv
6256,mapping,put,98304,1000,64,4,262144,shuffle,20261005,case_006256.csv
6257,mapping,put,131072,1000,64,4,131200,identity,20261005,case_006257.csv
6258,mapping,put,131072,1000,64,4,131200,reverse,20261005,case_006258.csv
6259,mapping,put,131072,1000,64,4,131200,transpose,20261005,case_006259.csv
6260,mapping,put,131072,1000,64,4,131200,shuffle,20261005,case_006260.csv
6261,mapping,put,131072,1000,64,4,131328,identity,20261005,case_006261.csv
6262,mapping,put,131072,1000,64,4,131328,reverse,20261005,case_006262.csv
6263,mapping,put,131072,1000,64,4,131328,transpose,20261005,case_006263.csv
6264,mapping,put,131072,1000,64,4,131328,shuffle,20261005,case_006264.csv
6265,mapping,put,131072,1000,64,4,135168,identity,20261005,case_006265.csv
6266,mapping,put,131072,1000,64,4,135168,reverse,20261005,case_006266.csv
6267,mapping,put,131072,1000,64,4,135168,transpose,20261005,case_006267.csv
6268,mapping,put,131072,1000,64,4,135168,shuffle,20261005,case_006268.csv
6269,mapping,put,131072,1000,64,4,262144,identity,20261005,case_006269.csv
6270,mapping,put,131072,1000,64,4,262144,reverse,20261005,case_006270.csv
6271,mapping,put,131072,1000,64,4,262144,transpose,20261005,case_006271.csv
6272,mapping,put,131072,1000,64,4,262144,shuffle,20261005,case_006272.csv
6273,mapping,iget,64,10000,1,0,131200,identity,20261005,case_006273.csv
6274,mapping,iget,64,10000,1,0,131200,reverse,20261005,case_006274.csv
6275,mapping,iget,64,10000,1,0,131200,transpose,20261005,case_006275.csv
6276,mapping,iget,64,10000,1,0,131200,shuffle,20261005,case_006276.csv
6277,mapping,iget,64,10000,1,0,131328,identity,20261005,case_006277.csv
6278,mapping,iget,64,10000,1,0,131328,reverse,20261005,case_006278.csv
6279,mapping,iget,64,10000,1,0,131328,transpose,20261005,case_006279.csv
6280,mapping,iget,64,10000,1,0,131328,shuffle,20261005,case_006280.csv
6281,mapping,iget,64,10000,1,0,135168,identity,20261005,case_006281.csv
6282,mapping,iget,64,10000,1,0,135168,reverse,20261005,case_006282.csv
6283,mapping,iget,64,10000,1,0,135168,transpose,20261005,case_006283.csv
6284,mapping,iget,64,10000,1,0,135168,shuffle,20261005,case_006284.csv
6285,mapping,iget,64,10000,1,0,262144,identity,20261005,case_006285.csv
6286,mapping,iget,64,10000,1,0,262144,reverse,20261005,case_006286.csv
6287,mapping,iget,64,10000,1,0,262144,transpose,20261005,case_006287.csv
6288,mapping,iget,64,10000,1,0,262144,shuffle,20261005,case_006288.csv
6289,mapping,iget,128,10000,1,0,131200,identity,20261005,case_006289.csv
6290,mapping,iget,128,10000,1,0,131200,reverse,20261005,case_006290.csv
6291,mapping,iget,128,10000,1,0,131200,transpose,20261005,case_006291.csv
6292,mapping,iget,128,10000,1,0,131200,shuffle,20261005,case_006292.csv
6293,mapping,iget,128,10000,1,0,131328,identity,20261005,case_006293.csv
6294,mapping,iget,128,10000,1,0,131328,reverse,20261005,case_006294.csv
6295,mapping,iget,128,10000,1,0,131328,transpose,20261005,case_006295.csv
6296,mapping,iget,128,10000,1,0,131328,shuffle,20261005,case_006296.csv
6297,mapping,iget,128,10000,1,0,135168,identity,20261005,case_006297.csv
6298,mapping,iget,128,10000,1,0,135168,reverse,20261005,case_006298.csv
6299,mapping,iget,128,10000,1,0,135168,transpose,20261005,case_006299.csv
6300,mapping,iget,128,10000,1,0,135168,shuffle,20261005,case_006300.csv
6301,mapping,iget,128,10000,1,0,262144,identity,20261005,case_006301.csv
6302,mapping,iget,128,10000,1,0,262144,reverse,20261005,case_006302.csv
6303,mapping,iget,128,10000,1,0,262144,transpose,20261005,case_006303.csv
6304,mapping,iget,128,10000,1,0,262144,shuffle,20261005,case_006304.csv
6305,mapping,iget,256,10000,1,0,131200,identity,20261005,case_006305.csv
6306,mapping,iget,256,10000,1,0,131200,reverse,20261005,case_006306.csv
6307,mapping,iget,256,10000,1,0,131200,transpose,20261005,case_006307.csv
6308,mapping,iget,256,10000,1,0,131200,shuffle,20261005,case_006308.csv
6309,mapping,iget,256,10000,1,0,131328,identity,20261005,case_006309.csv
6310,mapping,iget,256,10000,1,0,131328,reverse,20261005,case_006310.csv
6311,mapping,iget,256,10000,1,0,131328,transpose,20261005,case_006311.csv
6312,mapping,iget,256,10000,1,0,131328,shuffle,20261005,case_006312.csv
6313,mapping,iget,256,10000,1,0,135168,identity,20261005,case_006313.csv
6314,mapping,iget,256,10000,1,0,135168,reverse,20261005,case_006314.csv
6315,mapping,iget,256,10000,1,0,135168,transpose,20261005,case_006315.csv
6316,mapping,iget,256,10000,1,0,135168,shuffle,20261005,case_006316.csv
6317,mapping,iget,256,10000,1,0,262144,identity,20261005,case_006317.csv
6318,mapping,iget,256,10000,1,0,262144,reverse,20261005,case_006318.csv
6319,mapping,iget,256,10000,1,0,262144,transpose,20261005,case_006319.csv
6320,mapping,iget,256,10000,1,0,262144,shuffle,20261005,case_006320.csv
6321,mapping,iget,4096,1000,1,0,131200,identity,20261005,case_006321.csv
6322,mapping,iget,4096,1000,1,0,131200,reverse,20261005,case_006322.csv
6323,mapping,iget,4096,1000,1,0,131200,transpose,20261005,case_006323.csv
6324,mapping,iget,4096,1000,1,0,131200,shuffle,20261005,case_006324.csv
6325,mapping,iget,4096,1000,1,0,131328,identity,20261005,case_006325.csv
6326,mapping,iget,4096,1000,1,0,131328,reverse,20261005,case_006326.csv
6327,mapping,iget,4096,1000,1,0,131328,transpose,20261005,case_006327.csv
6328,mapping,iget,4096,1000,1,0,131328,shuffle,20261005,case_006328.csv
6329,mapping,iget,4096,1000,1,0,135168,identity,20261005,case_006329.csv
6330,mapping,iget,4096,1000,1,0,135168,reverse,20261005,case_006330.csv
6331,mapping,iget,4096,1000,1,0,135168,transpose,20261005,case_006331.csv
6332,mapping,iget,4096,1000,1,0,135168,shuffle,20261005,case_006332.csv
6333,mapping,iget,4096,1000,1,0,262144,identity,20261005,case_006333.csv
6334,mapping,iget,4096,1000,1,0,262144,reverse,20261005,case_006334.csv
6335,mapping,iget,4096,1000,1,0,262144,transpose,20261005,case_006335.csv
6336,mapping,iget,4096,1000,1,0,262144,shuffle,20261005,case_006336.csv
6337,mapping,iget,32768,1000,1,0,131200,identity,20261005,case_006337.csv
6338,mapping,iget,32768,1000,1,0,131200,reverse,20261005,case_006338.csv
6339,mapping,iget,32768,1000,1,0,131200,transpose,20261005,case_006339.csv
6340,mapping,iget,32768,1000,1,0,131200,shuffle,20261005,case_006340.csv
6341,mapping,iget,32768,1000,1,0,131328,identity,20261005,case_006341.csv
6342,mapping,iget,32768,1000,1,0,131328,reverse,20261005,case_006342.csv
6343,mapping,iget,32768,1000,1,0,131328,transpose,20261005,case_006343.csv
6344,mapping,iget,32768,1000,1,0,131328,shuffle,20261005,case_006344.csv
6345,mapping,iget,32768,1000,1,0,135168,identity,20261005,case_006345.csv
6346,mapping,iget,32768,1000,1,0,135168,reverse,20261005,case_006346.csv
6347,mapping,iget,32768,1000,1,0,135168,transpose,20261005,case_006347.csv
6348,mapping,iget,32768,1000,1,0,135168,shuffle,20261005,case_006348.csv
6349,mapping,iget,32768,1000,1,0,262144,identity,20261005,case_006349.csv
6350,mapping,iget,32768,1000,1,0,262144,reverse,20261005,case_006350.csv
6351,mapping,iget,32768,1000,1,0,262144,transpose,20261005,case_006351.csv
6352,mapping,iget,32768,1000,1,0,262144,shuffle,20261005,case_006352.csv
6353,mapping,iget,65536,1000,1,0,131200,identity,20261005,case_006353.csv
6354,mapping,iget,65536,1000,1,0,131200,reverse,20261005,case_006354.csv
6355,mapping,iget,65536,1000,1,0,131200,transpose,20261005,case_006355.csv
6356,mapping,iget,65536,1000,1,0,131200,shuffle,20261005,case_006356.csv
6357,mapping,iget,65536,1000,1,0,131328,identity,20261005,case_006357.csv
6358,mapping,iget,65536,1000,1,0,131328,reverse,20261005,case_006358.csv
6359,mapping,iget,65536,1000,1,0,131328,transpose,20261005,case_006359.csv
6360,mapping,iget,65536,1000,1,0,131328,shuffle,20261005,case_006360.csv
6361,mapping,iget,65536,1000,1,0,135168,identity,20261005,case_006361.csv
6362,mapping,iget,65536,1000,1,0,135168,reverse,20261005,case_006362.csv
6363,mapping,iget,65536,1000,1,0,135168,transpose,20261005,case_006363.csv
6364,mapping,iget,65536,1000,1,0,135168,shuffle,20261005,case_006364.csv
6365,mapping,iget,65536,1000,1,0,262144,identity,20261005,case_006365.csv
6366,mapping,iget,65536,1000,1,0,262144,reverse,20261005,case_006366.csv
6367,mapping,iget,65536,1000,1,0,262144,transpose,20261005,case_006367.csv
6368,mapping,iget,65536,1000,1,0,262144,shuffle,20261005,case_006368.csv
6369,mapping,iget,98304,1000,1,0,131200,identity,20261005,case_006369.csv
6370,mapping,iget,98304,1000,1,0,131200,reverse,20261005,case_006370.csv
6371,mapping,iget,98304,1000,1,0,131200,transpose,20261005,case_006371.csv
6372,mapping,iget,98304,1000,1,0,131200,shuffle,20261005,case_006372.csv
6373,mapping,iget,98304,1000,1,0,131328,identity,20261005,case_006373.csv
6374,mapping,iget,98304,1000,1,0,131328,reverse,20261005,case_006374.csv
6375,mapping,iget,98304,1000,1,0,131328,transpose,20261005,case_006375.csv
6376,mapping,iget,98304,1000,1,0,131328,shuffle,20261005,case_006376.csv
6377,mapping,iget,98304,1000,1,0,135168,identity,20261005,case_006377.csv
6378,mapping,iget,98304,1000,1,0,135168,reverse,20261005,case_006378.csv
6379,mapping,iget,98304,1000,1,0,135168,transpose,20261005,case_006379.csv
6380,mapping,iget,98304,1000,1,0,135168,shuffle,20261005,case_006380.csv
6381,mapping,iget,98304,1000,1,0,262144,identity,20261005,case_006381.csv
6382,mapping,iget,98304,1000,1,0,262144,reverse,20261005,case_006382.csv
6383,mapping,iget,98304,1000,1,0,262144,transpose,20261005,case_006383.csv
6384,mapping,iget,98304,1000,1,0,262144,shuffle,20261005,case_006384.csv
6385,mapping,iget,131072,1000,1,0,131200,identity,20261005,case_006385.csv
6386,mapping,iget,131072,1000,1,0,131200,reverse,20261005,case_006386.csv
6387,mapping,iget,131072,1000,1,0,131200,transpose,20261005,case_006387.csv
6388,mapping,iget,131072,1000,1,0,131200,shuffle,20261005,case_006388.csv
6389,mapping,iget,131072,1000,1,0,131328,identity,20261005,case_006389.csv
6390,mapping,iget,131072,1000,1,0,131328,reverse,20261005,case_006390.csv
6391,mapping,iget,131072,1000,1,0,131328,transpose,20261005,case_006391.csv
6392,mapping,iget,131072,1000,1,0,131328,shuffle,20261005,case_006392.csv
6393,mapping,iget,131072,1000,1,0,135168,identity,20261005,case_006393.csv
6394,mapping,iget,131072,1000,1,0,135168,reverse,20261005,case_006394.csv
6395,mapping,iget,131072,1000,1,0,135168,transpose,20261005,case_006395.csv
6396,mapping,iget,131072,1000,1,0,135168,shuffle,20261005,case_006396.csv
6397,mapping,iget,131072,1000,1,0,262144,identity,20261005,case_006397.csv
6398,mapping,iget,131072,1000,1,0,262144,reverse,20261005,case_006398.csv
6399,mapping,iget,131072,1000,1,0,262144,transpose,20261005,case_006399.csv
6400,mapping,iget,131072,1000,1,0,262144,shuffle,20261005,case_006400.csv
6401,mapping,iget,64,10000,1,4,131200,identity,20261005,case_006401.csv
6402,mapping,iget,64,10000,1,4,131200,reverse,20261005,case_006402.csv
6403,mapping,iget,64,10000,1,4,131200,transpose,20261005,case_006403.csv
6404,mapping,iget,64,10000,1,4,131200,shuffle,20261005,case_006404.csv
6405,mapping,iget,64,10000,1,4,131328,identity,20261005,case_006405.csv
6406,mapping,iget,64,10000,1,4,131328,reverse,20261005,case_006406.csv
6407,mapping,iget,64,10000,1,4,131328,transpose,20261005,case_006407.csv
6408,mapping,iget,64,10000,1,4,131328,shuffle,20261005,case_006408.csv
6409,mapping,iget,64,10000,1,4,135168,identity,20261005,case_006409.csv
6410,mapping,iget,64,10000,1,4,135168,reverse,20261005,case_006410.csv
6411,mapping,iget,64,10000,1,4,135168,transpose,20261005,case_006411.csv
6412,mapping,iget,64,10000,1,4,135168,shuffle,20261005,case_006412.csv
6413,mapping,iget,64,10000,1,4,262144,identity,20261005,case_006413.csv
6414,mapping,iget,64,10000,1,4,262144,reverse,20261005,case_006414.csv
6415,mapping,iget,64,10000,1,4,262144,transpose,20261005,case_006415.csv
6416,mapping,iget,64,10000,1,4,262144,shuffle,20261005,case_006416.csv
6417,mapping,iget,128,10000,1,4,131200,identity,20261005,case_006417.csv
6418,mapping,iget,128,10000,1,4,131200,reverse,20261005,case_006418.csv
6419,mapping,iget,128,10000,1,4,131200,transpose,20261005,case_006419.csv
6420,mapping,iget,128,10000,1,4,131200,shuffle,20261005,case_006420.csv
6421,mapping,iget,128,10000,1,4,131328,identity,20261005,case_006421.csv
6422,mapping,iget,128,10000,1,4,131328,reverse,20261005,case_006422.csv
6423,mapping,iget,128,10000,1,4,131328,transpose,20261005,case_006423.csv
6424,mapping,iget,128,10000,1,4,131328,shuffle,20261005,case_006424.csv
6425,mapping,iget,128,10000,1,4,135168,identity,20261005,case_006425.csv
6426,mapping,iget,128,10000,1,4,135168,reverse,20261005,case_006426.csv
6427,mapping,iget,128,10000,1,4,135168,transpose,20261005,case_006427.csv
6428,mapping,iget,128,10000,1,4,135168,shuffle,20261005,case_006428.csv
6429,mapping,iget,128,10000,1,4,262144,identity,20261005,case_006429.csv
6430,mapping,iget,128,10000,1,4,262144,reverse,20261005,case_006430.csv
6431,mapping,iget,128,10000,1,4,262144,transpose,20261005,case_006431.csv
6432,mapping,iget,128,10000,1,4,262144,shuffle,20261005,case_006432.csv
6433,mapping,iget,256,10000,1,4,131200,identity,20261005,case_006433.csv
6434,mapping,iget,256,10000,1,4,131200,reverse,20261005,case_006434.csv
6435,mapping,iget,256,10000,1,4,131200,transpose,20261005,case_006435.csv
6436,mapping,iget,256,10000,1,4,131200,shuffle,20261005,case_006436.csv
6437,mapping,iget,256,10000,1,4,131328,identity,20261005,case_006437.csv
6438,mapping,iget,256,10000,1,4,131328,reverse,20261005,case_006438.csv
6439,mapping,iget,256,10000,1,4,131328,transpose,20261005,case_006439.csv
6440,mapping,iget,256,10000,1,4,131328,shuffle,20261005,case_006440.csv
6441,mapping,iget,256,10000,1,4,135168,identity,20261005,case_006441.csv
6442,mapping,iget,256,10000,1,4,135168,reverse,20261005,case_006442.csv
6443,mapping,iget,256,10000,1,4,135168,transpose,20261005,case_006443.csv
6444,mapping,iget,256,10000,1,4,135168,shuffle,20261005,case_006444.csv
6445,mapping,iget,256,10000,1,4,262144,identity,20261005,case_006445.csv
6446,mapping,iget,256,10000,1,4,262144,reverse,20261005,case_006446.csv
6447,mapping,iget,256,10000,1,4,262144,transpose,20261005,case_006447.csv
6448,mapping,iget,256,10000,1,4,262144,shuffle,20261005,case_006448.csv
6449,mapping,iget,4096,1000,1,4,131200,identity,20261005,case_006449.csv
6450,mapping,iget,4096,1000,1,4,131200,reverse,20261005,case_006450.csv
6451,mapping,iget,4096,1000,1,4,131200,transpose,20261005,case_006451.csv
6452,mapping,iget,4096,1000,1,4,131200,shuffle,20261005,case_006452.csv
6453,mapping,iget,4096,1000,1,4,131328,identity,20261005,case_006453.csv
6454,mapping,iget,4096,1000,1,4,131328,reverse,20261005,case_006454.csv
6455,mapping,iget,4096,1000,1,4,131328,transpose,20261005,case_006455.csv
6456,mapping,iget,4096,1000,1,4,131328,shuffle,20261005,case_006456.csv
6457,mapping,iget,4096,1000,1,4,135168,identity,20261005,case_006457.csv
6458,mapping,iget,4096,1000,1,4,135168,reverse,20261005,case_006458.csv
6459,mapping,iget,4096,1000,1,4,135168,transpose,20261005,case_006459.csv
6460,mapping,iget,4096,1000,1,4,135168,shuffle,20261005,case_006460.csv
6461,mapping,iget,4096,1000,1,4,262144,identity,20261005,case_006461.csv
6462,mapping,iget,4096,1000,1,4,262144,reverse,20261005,case_006462.csv
6463,mapping,iget,4096,1000,1,4,262144,transpose,20261005,case_006463.csv
6464,mapping,iget,4096,1000,1,4,262144,shuffle,20261005,case_006464.csv
6465,mapping,iget,32768,1000,1,4,131200,identity,20261005,case_006465.csv
6466,mapping,iget,32768,1000,1,4,131200,reverse,20261005,case_006466.csv
6467,mapping,iget,32768,1000,1,4,131200,transpose,20261005,case_006467.csv
6468,mapping,iget,32768,1000,1,4,131200,shuffle,20261005,case_006468.csv
6469,mapping,iget,32768,1000,1,4,131328,identity,20261005,case_006469.csv
6470,mapping,iget,32768,1000,1,4,131328,reverse,20261005,case_006470.csv
6471,mapping,iget,32768,1000,1,4,131328,transpose,20261005,case_006471.csv
6472,mapping,iget,32768,1000,1,4,131328,shuffle,20261005,case_006472.csv
6473,mapping,iget,32768,1000,1,4,135168,identity,20261005,case_006473.csv
6474,mapping,iget,32768,1000,1,4,135168,reverse,20261005,case_006474.csv
6475,mapping,iget,32768,1000,1,4,135168,transpose,20261005,case_006475.csv
6476,mapping,iget,32768,1000,1,4,135168,shuffle,20261005,case_006476.csv
6477,mapping,iget,32768,1000,1,4,262144,identity,20261005,case_006477.csv
6478,mapping,iget,32768,1000,1,4,262144,reverse,20261005,case_006478.csv
6479,mapping,iget,32768,1000,1,4,262144,transpose,20261005,case_006479.csv
6480,mapping,iget,32768,1000,1,4,262144,shuffle,20261005,case_006480.csv
6481,mapping,iget,65536,1000,1,4,131200,identity,20261005,case_006481.csv
6482,mapping,iget,65536,1000,1,4,131200,reverse,20261005,case_006482.csv
6483,mapping,iget,65536,1000,1,4,131200,transpose,20261005,case_006483.csv
6484,mapping,iget,65536,1000,1,4,131200,shuffle,20261005,case_006484.csv
6485,mapping,iget,65536,1000,1,4,131328,identity,20261005,case_006485.csv
6486,mapping,iget,65536,1000,1,4,131328,reverse,20261005,case_006486.csv
6487,mapping,iget,65536,1000,1,4,131328,transpose,20261005,case_006487.csv
6488,mapping,iget,65536,1000,1,4,131328,shuffle,20261005,case_006488.csv
6489,mapping,iget,65536,1000,1,4,135168,identity,20261005,case_006489.csv
6490,mapping,iget,65536,1000,1,4,135168,reverse,20261005,case_006490.csv
6491,mapping,iget,65536,1000,1,4,135168,transpose,20261005,case_006491.csv
6492,mapping,iget,65536,1000,1,4,135168,shuffle,20261005,case_006492.csv
6493,mapping,iget,65536,1000,1,4,262144,identity,20261005,case_006493.csv
6494,mapping,iget,65536,1000,1,4,262144,reverse,20261005,case_006494.csv
6495,mapping,iget,65536,1000,1,4,262144,transpose,20261005,case_006495.csv
6496,mapping,iget,65536,1000,1,4,262144,shuffle,20261005,case_006496.csv
6497,mapping,iget,98304,1000,1,4,131200,identity,20261005,case_006497.csv
6498,mapping,iget,98304,1000,1,4,131200,reverse,20261005,case_006498.csv
6499,mapping,iget,98304,1000,1,4,131200,transpose,20261005,case_006499.csv
6500,mapping,iget,98304,1000,1,4,131200,shuffle,20261005,case_006500.csv
6501,mapping,iget,98304,1000,1,4,131328,identity,20261005,case_006501.csv
6502,mapping,iget,98304,1000,1,4,131328,reverse,20261005,case_006502.csv
6503,mapping,iget,98304,1000,1,4,131328,transpose,20261005,case_006503.csv
6504,mapping,iget,98304,1000,1,4,131328,shuffle,20261005,case_006504.csv
6505,mapping,iget,98304,1000,1,4,135168,identity,20261005,case_006505.csv
6506,mapping,iget,98304,1000,1,4,135168,reverse,20261005,case_006506.csv
6507,mapping,iget,98304,1000,1,4,135168,transpose,20261005,case_006507.csv
6508,mapping,iget,98304,1000,1,4,135168,shuffle,20261005,case_006508.csv
6509,mapping,iget,98304,1000,1,4,262144,identity,20261005,case_006509.csv
6510,mapping,iget,98304,1000,1,4,262144,reverse,20261005,case_006510.csv
6511,mapping,iget,98304,1000,1,4,262144,transpose,20261005,case_006511.csv
6512,mapping,iget,98304,1000,1,4,262144,shuffle,20261005,case_006512.csv
6513,mapping,iget,131072,1000,1,4,131200,identity,20261005,case_006513.csv
6514,mapping,iget,131072,1000,1,4,131200,reverse,20261005,case_006514.csv
6515,mapping,iget,131072,1000,1,4,131200,transpose,20261005,case_006515.csv
6516,mapping,iget,131072,1000,1,4,131200,shuffle,20261005,case_006516.csv
6517,mapping,iget,131072,1000,1,4,131328,identity,20261005,case_006517.csv
6518,mapping,iget,131072,1000,1,4,131328,reverse,20261005,case_006518.csv
6519,mapping,iget,131072,1000,1,4,131328,transpose,20261005,case_006519.csv
6520,mapping,iget,131072,1000,1,4,131328,shuffle,20261005,case_006520.csv
6521,mapping,iget,131072,1000,1,4,135168,identity,20261005,case_006521.csv
6522,mapping,iget,131072,1000,1,4,135168,reverse,20261005,case_006522.csv
6523,mapping,iget,131072,1000,1,4,135168,transpose,20261005,case_006523.csv
6524,mapping,iget,131072,1000,1,4,135168,shuffle,20261005,case_006524.csv
6525,mapping,iget,131072,1000,1,4,262144,identity,20261005,case_006525.csv
6526,mapping,iget,131072,1000,1,4,262144,reverse,20261005,case_006526.csv
6527,mapping,iget,131072,1000,1,4,262144,transpose,20261005,case_006527.csv
6528,mapping,iget,131072,1000,1,4,262144,shuffle,20261005,case_006528.csv
6529,mapping,iget,64,10000,2,0,131200,identity,20261005,case_006529.csv
6530,mapping,iget,64,10000,2,0,131200,reverse,20261005,case_006530.csv
6531,mapping,iget,64,10000,2,0,131200,transpose,20261005,case_006531.csv
6532,mapping,iget,64,10000,2,0,131200,shuffle,20261005,case_006532.csv
6533,mapping,iget,64,10000,2,0,131328,identity,20261005,case_006533.csv
6534,mapping,iget,64,10000,2,0,131328,reverse,20261005,case_006534.csv
6535,mapping,iget,64,10000,2,0,131328,transpose,20261005,case_006535.csv
6536,mapping,iget,64,10000,2,0,131328,shuffle,20261005,case_006536.csv
6537,mapping,iget,64,10000,2,0,135168,identity,20261005,case_006537.csv
6538,mapping,iget,64,10000,2,0,135168,reverse,20261005,case_006538.csv
6539,mapping,iget,64,10000,2,0,135168,transpose,20261005,case_006539.csv
6540,mapping,iget,64,10000,2,0,135168,shuffle,20261005,case_006540.csv
6541,mapping,iget,64,10000,2,0,262144,identity,20261005,case_006541.csv
6542,mapping,iget,64,10000,2,0,262144,reverse,20261005,case_006542.csv
6543,mapping,iget,64,10000,2,0,262144,transpose,20261005,case_006543.csv
6544,mapping,iget,64,10000,2,0,262144,shuffle,20261005,case_006544.csv
6545,mapping,iget,128,10000,2,0,131200,identity,20261005,case_006545.csv
6546,mapping,iget,128,10000,2,0,131200,reverse,20261005,case_006546.csv
6547,mapping,iget,128,10000,2,0,131200,transpose,20261005,case_006547.csv
6548,mapping,iget,128,10000,2,0,131200,shuffle,20261005,case_006548.csv
6549,mapping,iget,128,10000,2,0,131328,identity,20261005,case_006549.csv
6550,mapping,iget,128,10000,2,0,131328,reverse,20261005,case_006550.csv
6551,mapping,iget,128,10000,2,0,131328,transpose,20261005,case_006551.csv
6552,mapping,iget,128,10000,2,0,131328,shuffle,20261005,case_006552.csv
6553,mapping,iget,128,10000,2,0,135168,identity,20261005,case_006553.csv
6554,mapping,iget,128,10000,2,0,135168,reverse,20261005,case_006554.csv
6555,mapping,iget,128,10000,2,0,135168,transpose,20261005,case_006555.csv
6556,mapping,iget,128,10000,2,0,135168,shuffle,20261005,case_006556.csv
6557,mapping,iget,128,10000,2,0,262144,identity,20261005,case_006557.csv
6558,mapping,iget,128,10000,2,0,262144,reverse,20261005,case_006558.csv
6559,mapping,iget,128,10000,2,0,262144,transpose,20261005,case_006559.csv
6560,mapping,iget,128,10000,2,0,262144,shuffle,20261005,case_006560.csv
6561,mapping,iget,256,10000,2,0,131200,identity,20261005,case_006561.csv
6562,mapping,iget,256,10000,2,0,131200,reverse,20261005,case_006562.csv
6563,mapping,iget,256,10000,2,0,131200,transpose,20261005,case_006563.csv
6564,mapping,iget,256,10000,2,0,131200,shuffle,20261005,case_006564.csv
6565,mapping,iget,256,10000,2,0,131328,identity,20261005,case_006565.csv
6566,mapping,iget,256,10000,2,0,131328,reverse,20261005,case_006566.csv
6567,mapping,iget,256,10000,2,0,131328,transpose,20261005,case_006567.csv
6568,mapping,iget,256,10000,2,0,131328,shuffle,20261005,case_006568.csv
6569,mapping,iget,256,10000,2,0,135168,identity,20261005,case_006569.csv
6570,mapping,iget,256,10000,2,0,135168,reverse,20261005,case_006570.csv
6571,mapping,iget,256,10000,2,0,135168,transpose,20261005,case_006571.csv
6572,mapping,iget,256,10000,2,0,135168,shuffle,20261005,case_006572.csv
6573,mapping,iget,256,10000,2,0,262144,identity,20261005,case_006573.csv
6574,mapping,iget,256,10000,2,0,262144,reverse,20261005,case_006574.csv
6575,mapping,iget,256,10000,2,0,262144,transpose,20261005,case_006575.csv
6576,mapping,iget,256,10000,2,0,262144,shuffle,20261005,case_006576.csv
6577,mapping,iget,4096,1000,2,0,131200,identity,20261005,case_006577.csv
6578,mapping,iget,4096,1000,2,0,131200,reverse,20261005,case_006578.csv
6579,mapping,iget,4096,1000,2,0,131200,transpose,20261005,case_006579.csv
6580,mapping,iget,4096,1000,2,0,131200,shuffle,20261005,case_006580.csv
6581,mapping,iget,4096,1000,2,0,131328,identity,20261005,case_006581.csv
6582,mapping,iget,4096,1000,2,0,131328,reverse,20261005,case_006582.csv
6583,mapping,iget,4096,1000,2,0,131328,transpose,20261005,case_006583.csv
6584,mapping,iget,4096,1000,2,0,131328,shuffle,20261005,case_006584.csv
6585,mapping,iget,4096,1000,2,0,135168,identity,20261005,case_006585.csv
6586,mapping,iget,4096,1000,2,0,135168,reverse,20261005,case_006586.csv
6587,mapping,iget,4096,1000,2,0,135168,transpose,20261005,case_006587.csv
6588,mapping,iget,4096,1000,2,0,135168,shuffle,20261005,case_006588.csv
6589,mapping,iget,4096,1000,2,0,262144,identity,20261005,case_006589.csv
6590,mapping,iget,4096,1000,2,0,262144,reverse,20261005,case_006590.csv
6591,mapping,iget,4096,1000,2,0,262144,transpose,20261005,case_006591.csv
6592,mapping,iget,4096,1000,2,0,262144,shuffle,20261005,case_006592.csv
6593,mapping,iget,32768,1000,2,0,131200,identity,20261005,case_006593.csv
6594,mapping,iget,32768,1000,2,0,131200,reverse,20261005,case_006594.csv
6595,mapping,iget,32768,1000,2,0,131200,transpose,20261005,case_006595.csv
6596,mapping,iget,32768,1000,2,0,131200,shuffle,20261005,case_006596.csv
6597,mapping,iget,32768,1000,2,0,131328,identity,20261005,case_006597.csv
6598,mapping,iget,32768,1000,2,0,131328,reverse,20261005,case_006598.csv
6599,mapping,iget,32768,1000,2,0,131328,transpose,20261005,case_006599.csv
6600,mapping,iget,32768,1000,2,0,131328,shuffle,20261005,case_006600.csv
6601,mapping,iget,32768,1000,2,0,135168,identity,20261005,case_006601.csv
6602,mapping,iget,32768,1000,2,0,135168,reverse,20261005,case_006602.csv
6603,mapping,iget,32768,1000,2,0,135168,transpose,20261005,case_006603.csv
6604,mapping,iget,32768,1000,2,0,135168,shuffle,20261005,case_006604.csv
6605,mapping,iget,32768,1000,2,0,262144,identity,20261005,case_006605.csv
6606,mapping,iget,32768,1000,2,0,262144,reverse,20261005,case_006606.csv
6607,mapping,iget,32768,1000,2,0,262144,transpose,20261005,case_006607.csv
6608,mapping,iget,32768,1000,2,0,262144,shuffle,20261005,case_006608.csv
6609,mapping,iget,65536,1000,2,0,131200,identity,20261005,case_006609.csv
6610,mapping,iget,65536,1000,2,0,131200,reverse,20261005,case_006610.csv
6611,mapping,iget,65536,1000,2,0,131200,transpose,20261005,case_006611.csv
6612,mapping,iget,65536,1000,2,0,131200,shuffle,20261005,case_006612.csv
6613,mapping,iget,65536,1000,2,0,131328,identity,20261005,case_006613.csv
6614,mapping,iget,65536,1000,2,0,131328,reverse,20261005,case_006614.csv
6615,mapping,iget,65536,1000,2,0,131328,transpose,20261005,case_006615.csv
6616,mapping,iget,65536,1000,2,0,131328,shuffle,20261005,case_006616.csv
6617,mapping,iget,65536,1000,2,0,135168,identity,20261005,case_006617.csv
6618,mapping,iget,65536,1000,2,0,135168,reverse,20261005,case_006618.csv
6619,mapping,iget,65536,1000,2,0,135168,transpose,20261005,case_006619.csv
6620,mapping,iget,65536,1000,2,0,135168,shuffle,20261005,case_006620.csv
6621,mapping,iget,65536,1000,2,0,262144,identity,20261005,case_006621.csv
6622,mapping,iget,65536,1000,2,0,262144,reverse,20261005,case_006622.csv
6623,mapping,iget,65536,1000,2,0,262144,transpose,20261005,case_006623.csv
6624,mapping,iget,65536,1000,2,0,262144,shuffle,20261005,case_006624.csv
6625,mapping,iget,98304,1000,2,0,131200,identity,20261005,case_006625.csv
6626,mapping,iget,98304,1000,2,0,131200,reverse,20261005,case_006626.csv
6627,mapping,iget,98304,1000,2,0,131200,transpose,20261005,case_006627.csv
6628,mapping,iget,98304,1000,2,0,131200,shuffle,20261005,case_006628.csv
6629,mapping,iget,98304,1000,2,0,131328,identity,20261005,case_006629.csv
6630,mapping,iget,98304,1000,2,0,131328,reverse,20261005,case_006630.csv
6631,mapping,iget,98304,1000,2,0,131328,transpose,20261005,case_006631.csv
6632,mapping,iget,98304,1000,2,0,131328,shuffle,20261005,case_006632.csv
6633,mapping,iget,98304,1000,2,0,135168,identity,20261005,case_006633.csv
6634,mapping,iget,98304,1000,2,0,135168,reverse,20261005,case_006634.csv
6635,mapping,iget,98304,1000,2,0,135168,transpose,20261005,case_006635.csv
6636,mapping,iget,98304,1000,2,0,135168,shuffle,20261005,case_006636.csv
6637,mapping,iget,98304,1000,2,0,262144,identity,20261005,case_006637.csv
6638,mapping,iget,98304,1000,2,0,262144,reverse,20261005,case_006638.csv
6639,mapping,iget,98304,1000,2,0,262144,transpose,20261005,case_006639.csv
6640,mapping,iget,98304,1000,2,0,262144,shuffle,20261005,case_006640.csv
6641,mapping,iget,131072,1000,2,0,131200,identity,20261005,case_006641.csv
6642,mapping,iget,131072,1000,2,0,131200,reverse,20261005,case_006642.csv
6643,mapping,iget,131072,1000,2,0,131200,transpose,20261005,case_006643.csv
6644,mapping,iget,131072,1000,2,0,131200,shuffle,20261005,case_006644.csv
6645,mapping,iget,131072,1000,2,0,131328,identity,20261005,case_006645.csv
6646,mapping,iget,131072,1000,2,0,131328,reverse,20261005,case_006646.csv
6647,mapping,iget,131072,1000,2,0,131328,transpose,20261005,case_006647.csv
6648,mapping,iget,131072,1000,2,0,131328,shuffle,20261005,case_006648.csv
6649,mapping,iget,131072,1000,2,0,135168,identity,20261005,case_006649.csv
6650,mapping,iget,131072,1000,2,0,135168,reverse,20261005,case_006650.csv
6651,mapping,iget,131072,1000,2,0,135168,transpose,20261005,case_006651.csv
6652,mapping,iget,131072,1000,2,0,135168,shuffle,20261005,case_006652.csv
6653,mapping,iget,131072,1000,2,0,262144,identity,20261005,case_006653.csv
6654,mapping,iget,131072,1000,2,0,262144,reverse,20261005,case_006654.csv
6655,mapping,iget,131072,1000,2,0,262144,transpose,20261005,case_006655.csv
6656,mapping,iget,131072,1000,2,0,262144,shuffle,20261005,case_006656.csv
6657,mapping,iget,64,10000,2,4,131200,identity,20261005,case_006657.csv
6658,mapping,iget,64,10000,2,4,131200,reverse,20261005,case_006658.csv
6659,mapping,iget,64,10000,2,4,131200,transpose,20261005,case_006659.csv
6660,mapping,iget,64,10000,2,4,131200,shuffle,20261005,case_006660.csv
6661,mapping,iget,64,10000,2,4,131328,identity,20261005,case_006661.csv
6662,mapping,iget,64,10000,2,4,131328,reverse,20261005,case_006662.csv
6663,mapping,iget,64,10000,2,4,131328,transpose,20261005,case_006663.csv
6664,mapping,iget,64,10000,2,4,131328,shuffle,20261005,case_006664.csv
6665,mapping,iget,64,10000,2,4,135168,identity,20261005,case_006665.csv
6666,mapping,iget,64,10000,2,4,135168,reverse,20261005,case_006666.csv
6667,mapping,iget,64,10000,2,4,135168,transpose,20261005,case_006667.csv
6668,mapping,iget,64,10000,2,4,135168,shuffle,20261005,case_006668.csv
6669,mapping,iget,64,10000,2,4,262144,identity,20261005,case_006669.csv
6670,mapping,iget,64,10000,2,4,262144,reverse,20261005,case_006670.csv
6671,mapping,iget,64,10000,2,4,262144,transpose,20261005,case_006671.csv
6672,mapping,iget,64,10000,2,4,262144,shuffle,20261005,case_006672.csv
6673,mapping,iget,128,10000,2,4,131200,identity,20261005,case_006673.csv
6674,mapping,iget,128,10000,2,4,131200,reverse,20261005,case_006674.csv
6675,mapping,iget,128,10000,2,4,131200,transpose,20261005,case_006675.csv
6676,mapping,iget,128,10000,2,4,131200,shuffle,20261005,case_006676.csv
6677,mapping,iget,128,10000,2,4,131328,identity,20261005,case_006677.csv
6678,mapping,iget,128,10000,2,4,131328,reverse,20261005,case_006678.csv
6679,mapping,iget,128,10000,2,4,131328,transpose,20261005,case_006679.csv
6680,mapping,iget,128,10000,2,4,131328,shuffle,20261005,case_006680.csv
6681,mapping,iget,128,10000,2,4,135168,identity,20261005,case_006681.csv
6682,mapping,iget,128,10000,2,4,135168,reverse,20261005,case_006682.csv
6683,mapping,iget,128,10000,2,4,135168,transpose,20261005,case_006683.csv
6684,mapping,iget,128,10000,2,4,135168,shuffle,20261005,case_006684.csv
6685,mapping,iget,128,10000,2,4,262144,identity,20261005,case_006685.csv
6686,mapping,iget,128,10000,2,4,262144,reverse,20261005,case_006686.csv
6687,mapping,iget,128,10000,2,4,262144,transpose,20261005,case_006687.csv
6688,mapping,iget,128,10000,2,4,262144,shuffle,20261005,case_006688.csv
6689,mapping,iget,256,10000,2,4,131200,identity,20261005,case_006689.csv
6690,mapping,iget,256,10000,2,4,131200,reverse,20261005,case_006690.csv
6691,mapping,iget,256,10000,2,4,131200,transpose,20261005,case_006691.csv
6692,mapping,iget,256,10000,2,4,131200,shuffle,20261005,case_006692.csv
6693,mapping,iget,256,10000,2,4,131328,identity,20261005,case_006693.csv
6694,mapping,iget,256,10000,2,4,131328,reverse,20261005,case_006694.csv
6695,mapping,iget,256,10000,2,4,131328,transpose,20261005,case_006695.csv
6696,mapping,iget,256,10000,2,4,131328,shuffle,20261005,case_006696.csv
6697,mapping,iget,256,10000,2,4,135168,identity,20261005,case_006697.csv
6698,mapping,iget,256,10000,2,4,135168,reverse,20261005,case_006698.csv
6699,mapping,iget,256,10000,2,4,135168,transpose,20261005,case_006699.csv
6700,mapping,iget,256,10000,2,4,135168,shuffle,20261005,case_006700.csv
6701,mapping,iget,256,10000,2,4,262144,identity,20261005,case_006701.csv
6702,mapping,iget,256,10000,2,4,262144,reverse,20261005,case_006702.csv
6703,mapping,iget,256,10000,2,4,262144,transpose,20261005,case_006703.csv
6704,mapping,iget,256,10000,2,4,262144,shuffle,20261005,case_006704.csv
6705,mapping,iget,4096,1000,2,4,131200,identity,20261005,case_006705.csv
6706,mapping,iget,4096,1000,2,4,131200,reverse,20261005,case_006706.csv
6707,mapping,iget,4096,1000,2,4,131200,transpose,20261005,case_006707.csv
6708,mapping,iget,4096,1000,2,4,131200,shuffle,20261005,case_006708.csv
6709,mapping,iget,4096,1000,2,4,131328,identity,20261005,case_006709.csv
6710,mapping,iget,4096,1000,2,4,131328,reverse,20261005,case_006710.csv
6711,mapping,iget,4096,1000,2,4,131328,transpose,20261005,case_006711.csv
6712,mapping,iget,4096,1000,2,4,131328,shuffle,20261005,case_006712.csv
6713,mapping,iget,4096,1000,2,4,135168,identity,20261005,case_006713.csv
6714,mapping,iget,4096,1000,2,4,135168,reverse,20261005,case_006714.csv
6715,mapping,iget,4096,1000,2,4,135168,transpose,20261005,case_006715.csv
6716,mapping,iget,4096,1000,2,4,135168,shuffle,20261005,case_006716.csv
6717,mapping,iget,4096,1000,2,4,262144,identity,20261005,case_006717.csv
6718,mapping,iget,4096,1000,2,4,262144,reverse,20261005,case_006718.csv
6719,mapping,iget,4096,1000,2,4,262144,transpose,20261005,case_006719.csv
6720,mapping,iget,4096,1000,2,4,262144,shuffle,20261005,case_006720.csv
6721,mapping,iget,32768,1000,2,4,131200,identity,20261005,case_006721.csv
6722,mapping,iget,32768,1000,2,4,131200,reverse,20261005,case_006722.csv
6723,mapping,iget,32768,1000,2,4,131200,transpose,20261005,case_006723.csv
6724,mapping,iget,32768,1000,2,4,131200,shuffle,20261005,case_006724.csv
6725,mapping,iget,32768,1000,2,4,131328,identity,20261005,case_006725.csv
6726,mapping,iget,32768,1000,2,4,131328,reverse,20261005,case_006726.csv
6727,mapping,iget,32768,1000,2,4,131328,transpose,20261005,case_006727.csv
6728,mapping,iget,32768,1000,2,4,131328,shuffle,20261005,case_006728.csv
6729,mapping,iget,32768,1000,2,4,135168,identity,20261005,case_006729.csv
6730,mapping,iget,32768,1000,2,4,135168,reverse,20261005,case_006730.csv
6731,mapping,iget,32768,1000,2,4,135168,transpose,20261005,case_006731.csv
6732,mapping,iget,32768,1000,2,4,135168,shuffle,20261005,case_006732.csv
6733,mapping,iget,32768,1000,2,4,262144,identity,20261005,case_006733.csv
6734,mapping,iget,32768,1000,2,4,262144,reverse,20261005,case_006734.csv
6735,mapping,iget,32768,1000,2,4,262144,transpose,20261005,case_006735.csv
6736,mapping,iget,32768,1000,2,4,262144,shuffle,20261005,case_006736.csv
6737,mapping,iget,65536,1000,2,4,131200,identity,20261005,case_006737.csv
6738,mapping,iget,65536,1000,2,4,131200,reverse,20261005,case_006738.csv
6739,mapping,iget,65536,1000,2,4,131200,transpose,20261005,case_006739.csv
6740,mapping,iget,65536,1000,2,4,131200,shuffle,20261005,case_006740.csv
6741,mapping,iget,65536,1000,2,4,131328,identity,20261005,case_006741.csv
6742,mapping,iget,65536,1000,2,4,131328,reverse,20261005,case_006742.csv
6743,mapping,iget,65536,1000,2,4,131328,transpose,20261005,case_006743.csv
6744,mapping,iget,65536,1000,2,4,131328,shuffle,20261005,case_006744.csv
6745,mapping,iget,65536,1000,2,4,135168,identity,20261005,case_006745.csv
6746,mapping,iget,65536,1000,2,4,135168,reverse,20261005,case_006746.csv
6747,mapping,iget,65536,1000,2,4,135168,transpose,20261005,case_006747.csv
6748,mapping,iget,65536,1000,2,4,135168,shuffle,20261005,case_006748.csv
6749,mapping,iget,65536,1000,2,4,262144,identity,20261005,case_006749.csv
6750,mapping,iget,65536,1000,2,4,262144,reverse,20261005,case_006750.csv
6751,mapping,iget,65536,1000,2,4,262144,transpose,20261005,case_006751.csv
6752,mapping,iget,65536,1000,2,4,262144,shuffle,20261005,case_006752.csv
6753,mapping,iget,98304,1000,2,4,131200,identity,20261005,case_006753.csv
6754,mapping,iget,98304,1000,2,4,131200,reverse,20261005,case_006754.csv
6755,mapping,iget,98304,1000,2,4,131200,transpose,20261005,case_006755.csv
6756,mapping,iget,98304,1000,2,4,131200,shuffle,20261005,case_006756.csv
6757,mapping,iget,98304,1000,2,4,131328,identity,20261005,case_006757.csv
6758,mapping,iget,98304,1000,2,4,131328,reverse,20261005,case_006758.csv
6759,mapping,iget,98304,1000,2,4,131328,transpose,20261005,case_006759.csv
6760,mapping,iget,98304,1000,2,4,131328,shuffle,20261005,case_006760.csv
6761,mapping,iget,98304,1000,2,4,135168,identity,20261005,case_006761.csv
6762,mapping,iget,98304,1000,2,4,135168,reverse,20261005,case_006762.csv
6763,mapping,iget,98304,1000,2,4,135168,transpose,20261005,case_006763.csv
6764,mapping,iget,98304,1000,2,4,135168,shuffle,20261005,case_006764.csv
6765,mapping,iget,98304,1000,2,4,262144,identity,20261005,case_006765.csv
6766,mapping,iget,98304,1000,2,4,262144,reverse,20261005,case_006766.csv
6767,mapping,iget,98304,1000,2,4,262144,transpose,20261005,case_006767.csv
6768,mapping,iget,98304,1000,2,4,262144,shuffle,20261005,case_006768.csv
6769,mapping,iget,131072,1000,2,4,131200,identity,20261005,case_006769.csv
6770,mapping,iget,131072,1000,2,4,131200,reverse,20261005,case_006770.csv
6771,mapping,iget,131072,1000,2,4,131200,transpose,20261005,case_006771.csv
6772,mapping,iget,131072,1000,2,4,131200,shuffle,20261005,case_006772.csv
6773,mapping,iget,131072,1000,2,4,131328,identity,20261005,case_006773.csv
6774,mapping,iget,131072,1000,2,4,131328,reverse,20261005,case_006774.csv
6775,mapping,iget,131072,1000,2,4,131328,transpose,20261005,case_006775.csv
6776,mapping,iget,131072,1000,2,4,131328,shuffle,20261005,case_006776.csv
6777,mapping,iget,131072,1000,2,4,135168,identity,20261005,case_006777.csv
6778,mapping,iget,131072,1000,2,4,135168,reverse,20261005,case_006778.csv
6779,mapping,iget,131072,1000,2,4,135168,transpose,20261005,case_006779.csv
6780,mapping,iget,131072,1000,2,4,135168,shuffle,20261005,case_006780.csv
6781,mapping,iget,131072,1000,2,4,262144,identity,20261005,case_006781.csv
6782,mapping,iget,131072,1000,2,4,262144,reverse,20261005,case_006782.csv
6783,mapping,iget,131072,1000,2,4,262144,transpose,20261005,case_006783.csv
6784,mapping,iget,131072,1000,2,4,262144,shuffle,20261005,case_006784.csv
6785,mapping,iget,64,10000,4,0,131200,identity,20261005,case_006785.csv
6786,mapping,iget,64,10000,4,0,131200,reverse,20261005,case_006786.csv
6787,mapping,iget,64,10000,4,0,131200,transpose,20261005,case_006787.csv
6788,mapping,iget,64,10000,4,0,131200,shuffle,20261005,case_006788.csv
6789,mapping,iget,64,10000,4,0,131328,identity,20261005,case_006789.csv
6790,mapping,iget,64,10000,4,0,131328,reverse,20261005,case_006790.csv
6791,mapping,iget,64,10000,4,0,131328,transpose,20261005,case_006791.csv
6792,mapping,iget,64,10000,4,0,131328,shuffle,20261005,case_006792.csv
6793,mapping,iget,64,10000,4,0,135168,identity,20261005,case_006793.csv
6794,mapping,iget,64,10000,4,0,135168,reverse,20261005,case_006794.csv
6795,mapping,iget,64,10000,4,0,135168,transpose,20261005,case_006795.csv
6796,mapping,iget,64,10000,4,0,135168,shuffle,20261005,case_006796.csv
6797,mapping,iget,64,10000,4,0,262144,identity,20261005,case_006797.csv
6798,mapping,iget,64,10000,4,0,262144,reverse,20261005,case_006798.csv
6799,mapping,iget,64,10000,4,0,262144,transpose,20261005,case_006799.csv
6800,mapping,iget,64,10000,4,0,262144,shuffle,20261005,case_006800.csv
6801,mapping,iget,128,10000,4,0,131200,identity,20261005,case_006801.csv
6802,mapping,iget,128,10000,4,0,131200,reverse,20261005,case_006802.csv
6803,mapping,iget,128,10000,4,0,131200,transpose,20261005,case_006803.csv
6804,mapping,iget,128,10000,4,0,131200,shuffle,20261005,case_006804.csv
6805,mapping,iget,128,10000,4,0,131328,identity,20261005,case_006805.csv
6806,mapping,iget,128,10000,4,0,131328,reverse,20261005,case_006806.csv
6807,mapping,iget,128,10000,4,0,131328,transpose,20261005,case_006807.csv
6808,mapping,iget,128,10000,4,0,131328,shuffle,20261005,case_006808.csv
6809,mapping,iget,128,10000,4,0,135168,identity,20261005,case_006809.csv
6810,mapping,iget,128,10000,4,0,135168,reverse,20261005,case_006810.csv
6811,mapping,iget,128,10000,4,0,135168,transpose,20261005,case_006811.csv
6812,mapping,iget,128,10000,4,0,135168,shuffle,20261005,case_006812.csv
6813,mapping,iget,128,10000,4,0,262144,identity,20261005,case_006813.csv
6814,mapping,iget,128,10000,4,0,262144,reverse,20261005,case_006814.csv
6815,mapping,iget,128,10000,4,0,262144,transpose,20261005,case_006815.csv
6816,mapping,iget,128,10000,4,0,262144,shuffle,20261005,case_006816.csv
6817,mapping,iget,256,10000,4,0,131200,identity,20261005,case_006817.csv
6818,mapping,iget,256,10000,4,0,131200,reverse,20261005,case_006818.csv
6819,mapping,iget,256,10000,4,0,131200,transpose,20261005,case_006819.csv
6820,mapping,iget,256,10000,4,0,131200,shuffle,20261005,case_006820.csv
6821,mapping,iget,256,10000,4,0,131328,identity,20261005,case_006821.csv
6822,mapping,iget,256,10000,4,0,131328,reverse,20261005,case_006822.csv
6823,mapping,iget,256,10000,4,0,131328,transpose,20261005,case_006823.csv
6824,mapping,iget,256,10000,4,0,131328,shuffle,20261005,case_006824.csv
6825,mapping,iget,256,10000,4,0,135168,identity,20261005,case_006825.csv
6826,mapping,iget,256,10000,4,0,135168,reverse,20261005,case_006826.csv
6827,mapping,iget,256,10000,4,0,135168,transpose,20261005,case_006827.csv
6828,mapping,iget,256,10000,4,0,135168,shuffle,20261005,case_006828.csv
6829,mapping,iget,256,10000,4,0,262144,identity,20261005,case_006829.csv
6830,mapping,iget,256,10000,4,0,262144,reverse,20261005,case_006830.csv
6831,mapping,iget,256,10000,4,0,262144,transpose,20261005,case_006831.csv
6832,mapping,iget,256,10000,4,0,262144,shuffle,20261005,case_006832.csv
6833,mapping,iget,4096,1000,4,0,131200,identity,20261005,case_006833.csv
6834,mapping,iget,4096,1000,4,0,131200,reverse,20261005,case_006834.csv
6835,mapping,iget,4096,1000,4,0,131200,transpose,20261005,case_006835.csv
6836,mapping,iget,4096,1000,4,0,131200,shuffle,20261005,case_006836.csv
6837,mapping,iget,4096,1000,4,0,131328,identity,20261005,case_006837.csv
6838,mapping,iget,4096,1000,4,0,131328,reverse,20261005,case_006838.csv
6839,mapping,iget,4096,1000,4,0,131328,transpose,20261005,case_006839.csv
6840,mapping,iget,4096,1000,4,0,131328,shuffle,20261005,case_006840.csv
6841,mapping,iget,4096,1000,4,0,135168,identity,20261005,case_006841.csv
6842,mapping,iget,4096,1000,4,0,135168,reverse,20261005,case_006842.csv
6843,mapping,iget,4096,1000,4,0,135168,transpose,20261005,case_006843.csv
6844,mapping,iget,4096,1000,4,0,135168,shuffle,20261005,case_006844.csv
6845,mapping,iget,4096,1000,4,0,262144,identity,20261005,case_006845.csv
6846,mapping,iget,4096,1000,4,0,262144,reverse,20261005,case_006846.csv
6847,mapping,iget,4096,1000,4,0,262144,transpose,20261005,case_006847.csv
6848,mapping,iget,4096,1000,4,0,262144,shuffle,20261005,case_006848.csv
6849,mapping,iget,32768,1000,4,0,131200,identity,20261005,case_006849.csv
6850,mapping,iget,32768,1000,4,0,131200,reverse,20261005,case_006850.csv
6851,mapping,iget,32768,1000,4,0,131200,transpose,20261005,case_006851.csv
6852,mapping,iget,32768,1000,4,0,131200,shuffle,20261005,case_006852.csv
6853,mapping,iget,32768,1000,4,0,131328,identity,20261005,case_006853.csv
6854,mapping,iget,32768,1000,4,0,131328,reverse,20261005,case_006854.csv
6855,mapping,iget,32768,1000,4,0,131328,transpose,20261005,case_006855.csv
6856,mapping,iget,32768,1000,4,0,131328,shuffle,20261005,case_006856.csv
6857,mapping,iget,32768,1000,4,0,135168,identity,20261005,case_006857.csv
6858,mapping,iget,32768,1000,4,0,135168,reverse,20261005,case_006858.csv
6859,mapping,iget,32768,1000,4,0,135168,transpose,20261005,case_006859.csv
6860,mapping,iget,32768,1000,4,0,135168,shuffle,20261005,case_006860.csv
6861,mapping,iget,32768,1000,4,0,262144,identity,20261005,case_006861.csv
6862,mapping,iget,32768,1000,4,0,262144,reverse,20261005,case_006862.csv
6863,mapping,iget,32768,1000,4,0,262144,transpose,20261005,case_006863.csv
6864,mapping,iget,32768,1000,4,0,262144,shuffle,20261005,case_006864.csv
6865,mapping,iget,65536,1000,4,0,131200,identity,20261005,case_006865.csv
6866,mapping,iget,65536,1000,4,0,131200,reverse,20261005,case_006866.csv
6867,mapping,iget,65536,1000,4,0,131200,transpose,20261005,case_006867.csv
6868,mapping,iget,65536,1000,4,0,131200,shuffle,20261005,case_006868.csv
6869,mapping,iget,65536,1000,4,0,131328,identity,20261005,case_006869.csv
6870,mapping,iget,65536,1000,4,0,131328,reverse,20261005,case_006870.csv
6871,mapping,iget,65536,1000,4,0,131328,transpose,20261005,case_006871.csv
6872,mapping,iget,65536,1000,4,0,131328,shuffle,20261005,case_006872.csv
6873,mapping,iget,65536,1000,4,0,135168,identity,20261005,case_006873.csv
6874,mapping,iget,65536,1000,4,0,135168,reverse,20261005,case_006874.csv
6875,mapping,iget,65536,1000,4,0,135168,transpose,20261005,case_006875.csv
6876,mapping,iget,65536,1000,4,0,135168,shuffle,20261005,case_006876.csv
6877,mapping,iget,65536,1000,4,0,262144,identity,20261005,case_006877.csv
6878,mapping,iget,65536,1000,4,0,262144,reverse,20261005,case_006878.csv
6879,mapping,iget,65536,1000,4,0,262144,transpose,20261005,case_006879.csv
6880,mapping,iget,65536,1000,4,0,262144,shuffle,20261005,case_006880.csv
6881,mapping,iget,98304,1000,4,0,131200,identity,20261005,case_006881.csv
6882,mapping,iget,98304,1000,4,0,131200,reverse,20261005,case_006882.csv
6883,mapping,iget,98304,1000,4,0,131200,transpose,20261005,case_006883.csv
6884,mapping,iget,98304,1000,4,0,131200,shuffle,20261005,case_006884.csv
6885,mapping,iget,98304,1000,4,0,131328,identity,20261005,case_006885.csv
6886,mapping,iget,98304,1000,4,0,131328,reverse,20261005,case_006886.csv
6887,mapping,iget,98304,1000,4,0,131328,transpose,20261005,case_006887.csv
6888,mapping,iget,98304,1000,4,0,131328,shuffle,20261005,case_006888.csv
6889,mapping,iget,98304,1000,4,0,135168,identity,20261005,case_006889.csv
6890,mapping,iget,98304,1000,4,0,135168,reverse,20261005,case_006890.csv
6891,mapping,iget,98304,1000,4,0,135168,transpose,20261005,case_006891.csv
6892,mapping,iget,98304,1000,4,0,135168,shuffle,20261005,case_006892.csv
6893,mapping,iget,98304,1000,4,0,262144,identity,20261005,case_006893.csv
6894,mapping,iget,98304,1000,4,0,262144,reverse,20261005,case_006894.csv
6895,mapping,iget,98304,1000,4,0,262144,transpose,20261005,case_006895.csv
6896,mapping,iget,98304,1000,4,0,262144,shuffle,20261005,case_006896.csv
6897,mapping,iget,131072,1000,4,0,131200,identity,20261005,case_006897.csv
6898,mapping,iget,131072,1000,4,0,131200,reverse,20261005,case_006898.csv
6899,mapping,iget,131072,1000,4,0,131200,transpose,20261005,case_006899.csv
6900,mapping,iget,131072,1000,4,0,131200,shuffle,20261005,case_006900.csv
6901,mapping,iget,131072,1000,4,0,131328,identity,20261005,case_006901.csv
6902,mapping,iget,131072,1000,4,0,131328,reverse,20261005,case_006902.csv
6903,mapping,iget,131072,1000,4,0,131328,transpose,20261005,case_006903.csv
6904,mapping,iget,131072,1000,4,0,131328,shuffle,20261005,case_006904.csv
6905,mapping,iget,131072,1000,4,0,135168,identity,20261005,case_006905.csv
6906,mapping,iget,131072,1000,4,0,135168,reverse,20261005,case_006906.csv
6907,mapping,iget,131072,1000,4,0,135168,transpose,20261005,case_006907.csv
6908,mapping,iget,131072,1000,4,0,135168,shuffle,20261005,case_006908.csv
6909,mapping,iget,131072,1000,4,0,262144,identity,20261005,case_006909.csv
6910,mapping,iget,131072,1000,4,0,262144,reverse,20261005,case_006910.csv
6911,mapping,iget,131072,1000,4,0,262144,transpose,20261005,case_006911.csv
6912,mapping,iget,131072,1000,4,0,262144,shuffle,20261005,case_006912.csv
6913,mapping,iget,64,10000,4,4,131200,identity,20261005,case_006913.csv
6914,mapping,iget,64,10000,4,4,131200,reverse,20261005,case_006914.csv
6915,mapping,iget,64,10000,4,4,131200,transpose,20261005,case_006915.csv
6916,mapping,iget,64,10000,4,4,131200,shuffle,20261005,case_006916.csv
6917,mapping,iget,64,10000,4,4,131328,identity,20261005,case_006917.csv
6918,mapping,iget,64,10000,4,4,131328,reverse,20261005,case_006918.csv
6919,mapping,iget,64,10000,4,4,131328,transpose,20261005,case_006919.csv
6920,mapping,iget,64,10000,4,4,131328,shuffle,20261005,case_006920.csv
6921,mapping,iget,64,10000,4,4,135168,identity,20261005,case_006921.csv
6922,mapping,iget,64,10000,4,4,135168,reverse,20261005,case_006922.csv
6923,mapping,iget,64,10000,4,4,135168,transpose,20261005,case_006923.csv
6924,mapping,iget,64,10000,4,4,135168,shuffle,20261005,case_006924.csv
6925,mapping,iget,64,10000,4,4,262144,identity,20261005,case_006925.csv
6926,mapping,iget,64,10000,4,4,262144,reverse,20261005,case_006926.csv
6927,mapping,iget,64,10000,4,4,262144,transpose,20261005,case_006927.csv
6928,mapping,iget,64,10000,4,4,262144,shuffle,20261005,case_006928.csv
6929,mapping,iget,128,10000,4,4,131200,identity,20261005,case_006929.csv
6930,mapping,iget,128,10000,4,4,131200,reverse,20261005,case_006930.csv
6931,mapping,iget,128,10000,4,4,131200,transpose,20261005,case_006931.csv
6932,mapping,iget,128,10000,4,4,131200,shuffle,20261005,case_006932.csv
6933,mapping,iget,128,10000,4,4,131328,identity,20261005,case_006933.csv
6934,mapping,iget,128,10000,4,4,131328,reverse,20261005,case_006934.csv
6935,mapping,iget,128,10000,4,4,131328,transpose,20261005,case_006935.csv
6936,mapping,iget,128,10000,4,4,131328,shuffle,20261005,case_006936.csv
6937,mapping,iget,128,10000,4,4,135168,identity,20261005,case_006937.csv
6938,mapping,iget,128,10000,4,4,135168,reverse,20261005,case_006938.csv
6939,mapping,iget,128,10000,4,4,135168,transpose,20261005,case_006939.csv
6940,mapping,iget,128,10000,4,4,135168,shuffle,20261005,case_006940.csv
6941,mapping,iget,128,10000,4,4,262144,identity,20261005,case_006941.csv
6942,mapping,iget,128,10000,4,4,262144,reverse,20261005,case_006942.csv
6943,mapping,iget,128,10000,4,4,262144,transpose,20261005,case_006943.csv
6944,mapping,iget,128,10000,4,4,262144,shuffle,20261005,case_006944.csv
6945,mapping,iget,256,10000,4,4,131200,identity,20261005,case_006945.csv
6946,mapping,iget,256,10000,4,4,131200,reverse,20261005,case_006946.csv
6947,mapping,iget,256,10000,4,4,131200,transpose,20261005,case_006947.csv
6948,mapping,iget,256,10000,4,4,131200,shuffle,20261005,case_006948.csv
6949,mapping,iget,256,10000,4,4,131328,identity,20261005,case_006949.csv
6950,mapping,iget,256,10000,4,4,131328,reverse,20261005,case_006950.csv
6951,mapping,iget,256,10000,4,4,131328,transpose,20261005,case_006951.csv
6952,mapping,iget,256,10000,4,4,131328,shuffle,20261005,case_006952.csv
6953,mapping,iget,256,10000,4,4,135168,identity,20261005,case_006953.csv
6954,mapping,iget,256,10000,4,4,135168,reverse,20261005,case_006954.csv
6955,mapping,iget,256,10000,4,4,135168,transpose,20261005,case_006955.csv
6956,mapping,iget,256,10000,4,4,135168,shuffle,20261005,case_006956.csv
6957,mapping,iget,256,10000,4,4,262144,identity,20261005,case_006957.csv
6958,mapping,iget,256,10000,4,4,262144,reverse,20261005,case_006958.csv
6959,mapping,iget,256,10000,4,4,262144,transpose,20261005,case_006959.csv
6960,mapping,iget,256,10000,4,4,262144,shuffle,20261005,case_006960.csv
6961,mapping,iget,4096,1000,4,4,131200,identity,20261005,case_006961.csv
6962,mapping,iget,4096,1000,4,4,131200,reverse,20261005,case_006962.csv
6963,mapping,iget,4096,1000,4,4,131200,transpose,20261005,case_006963.csv
6964,mapping,iget,4096,1000,4,4,131200,shuffle,20261005,case_006964.csv
6965,mapping,iget,4096,1000,4,4,131328,identity,20261005,case_006965.csv
6966,mapping,iget,4096,1000,4,4,131328,reverse,20261005,case_006966.csv
6967,mapping,iget,4096,1000,4,4,131328,transpose,20261005,case_006967.csv
6968,mapping,iget,4096,1000,4,4,131328,shuffle,20261005,case_006968.csv
6969,mapping,iget,4096,1000,4,4,135168,identity,20261005,case_006969.csv
6970,mapping,iget,4096,1000,4,4,135168,reverse,20261005,case_006970.csv
6971,mapping,iget,4096,1000,4,4,135168,transpose,20261005,case_006971.csv
6972,mapping,iget,4096,1000,4,4,135168,shuffle,20261005,case_006972.csv
6973,mapping,iget,4096,1000,4,4,262144,identity,20261005,case_006973.csv
6974,mapping,iget,4096,1000,4,4,262144,reverse,20261005,case_006974.csv
6975,mapping,iget,4096,1000,4,4,262144,transpose,20261005,case_006975.csv
6976,mapping,iget,4096,1000,4,4,262144,shuffle,20261005,case_006976.csv
6977,mapping,iget,32768,1000,4,4,131200,identity,20261005,case_006977.csv
6978,mapping,iget,32768,1000,4,4,131200,reverse,20261005,case_006978.csv
6979,mapping,iget,32768,1000,4,4,131200,transpose,20261005,case_006979.csv
6980,mapping,iget,32768,1000,4,4,131200,shuffle,20261005,case_006980.csv
6981,mapping,iget,32768,1000,4,4,131328,identity,20261005,case_006981.csv
6982,mapping,iget,32768,1000,4,4,131328,reverse,20261005,case_006982.csv
6983,mapping,iget,32768,1000,4,4,131328,transpose,20261005,case_006983.csv
6984,mapping,iget,32768,1000,4,4,131328,shuffle,20261005,case_006984.csv
6985,mapping,iget,32768,1000,4,4,135168,identity,20261005,case_006985.csv
6986,mapping,iget,32768,1000,4,4,135168,reverse,20261005,case_006986.csv
6987,mapping,iget,32768,1000,4,4,135168,transpose,20261005,case_006987.csv
6988,mapping,iget,32768,1000,4,4,135168,shuffle,20261005,case_006988.csv
6989,mapping,iget,32768,1000,4,4,262144,identity,20261005,case_006989.csv
6990,mapping,iget,32768,1000,4,4,262144,reverse,20261005,case_006990.csv
6991,mapping,iget,32768,1000,4,4,262144,transpose,20261005,case_006991.csv
6992,mapping,iget,32768,1000,4,4,262144,shuffle,20261005,case_006992.csv
6993,mapping,iget,65536,1000,4,4,131200,identity,20261005,case_006993.csv
6994,mapping,iget,65536,1000,4,4,131200,reverse,20261005,case_006994.csv
6995,mapping,iget,65536,1000,4,4,131200,transpose,20261005,case_006995.csv
6996,mapping,iget,65536,1000,4,4,131200,shuffle,20261005,case_006996.csv
6997,mapping,iget,65536,1000,4,4,131328,identity,20261005,case_006997.csv
6998,mapping,iget,65536,1000,4,4,131328,reverse,20261005,case_006998.csv
6999,mapping,iget,65536,1000,4,4,131328,transpose,20261005,case_006999.csv
7000,mapping,iget,65536,1000,4,4,131328,shuffle,20261005,case_007000.csv
7001,mapping,iget,65536,1000,4,4,135168,identity,20261005,case_007001.csv
7002,mapping,iget,65536,1000,4,4,135168,reverse,20261005,case_007002.csv
7003,mapping,iget,65536,1000,4,4,135168,transpose,20261005,case_007003.csv
7004,mapping,iget,65536,1000,4,4,135168,shuffle,20261005,case_007004.csv
7005,mapping,iget,65536,1000,4,4,262144,identity,20261005,case_007005.csv
7006,mapping,iget,65536,1000,4,4,262144,reverse,20261005,case_007006.csv
7007,mapping,iget,65536,1000,4,4,262144,transpose,20261005,case_007007.csv
7008,mapping,iget,65536,1000,4,4,262144,shuffle,20261005,case_007008.csv
7009,mapping,iget,98304,1000,4,4,131200,identity,20261005,case_007009.csv
7010,mapping,iget,98304,1000,4,4,131200,reverse,20261005,case_007010.csv
7011,mapping,iget,98304,1000,4,4,131200,transpose,20261005,case_007011.csv
7012,mapping,iget,98304,1000,4,4,131200,shuffle,20261005,case_007012.csv
7013,mapping,iget,98304,1000,4,4,131328,identity,20261005,case_007013.csv
7014,mapping,iget,98304,1000,4,4,131328,reverse,20261005,case_007014.csv
7015,mapping,iget,98304,1000,4,4,131328,transpose,20261005,case_007015.csv
7016,mapping,iget,98304,1000,4,4,131328,shuffle,20261005,case_007016.csv
7017,mapping,iget,98304,1000,4,4,135168,identity,20261005,case_007017.csv
7018,mapping,iget,98304,1000,4,4,135168,reverse,20261005,case_007018.csv
7019,mapping,iget,98304,1000,4,4,135168,transpose,20261005,case_007019.csv
7020,mapping,iget,98304,1000,4,4,135168,shuffle,20261005,case_007020.csv
7021,mapping,iget,98304,1000,4,4,262144,identity,20261005,case_007021.csv
7022,mapping,iget,98304,1000,4,4,262144,reverse,20261005,case_007022.csv
7023,mapping,iget,98304,1000,4,4,262144,transpose,20261005,case_007023.csv
7024,mapping,iget,98304,1000,4,4,262144,shuffle,20261005,case_007024.csv
7025,mapping,iget,131072,1000,4,4,131200,identity,20261005,case_007025.csv
7026,mapping,iget,131072,1000,4,4,131200,reverse,20261005,case_007026.csv
7027,mapping,iget,131072,1000,4,4,131200,transpose,20261005,case_007027.csv
7028,mapping,iget,131072,1000,4,4,131200,shuffle,20261005,case_007028.csv
7029,mapping,iget,131072,1000,4,4,131328,identity,20261005,case_007029.csv
7030,mapping,iget,131072,1000,4,4,131328,reverse,20261005,case_007030.csv
7031,mapping,iget,131072,1000,4,4,131328,transpose,20261005,case_007031.csv
7032,mapping,iget,131072,1000,4,4,131328,shuffle,20261005,case_007032.csv
7033,mapping,iget,131072,1000,4,4,135168,identity,20261005,case_007033.csv
7034,mapping,iget,131072,1000,4,4,135168,reverse,20261005,case_007034.csv
7035,mapping,iget,131072,1000,4,4,135168,transpose,20261005,case_007035.csv
7036,mapping,iget,131072,1000,4,4,135168,shuffle,20261005,case_007036.csv
7037,mapping,iget,131072,1000,4,4,262144,identity,20261005,case_007037.csv
7038,mapping,iget,131072,1000,4,4,262144,reverse,20261005,case_007038.csv
7039,mapping,iget,131072,1000,4,4,262144,transpose,20261005,case_007039.csv
7040,mapping,iget,131072,1000,4,4,262144,shuffle,20261005,case_007040.csv
7041,mapping,iget,64,10000,8,0,131200,identity,20261005,case_007041.csv
7042,mapping,iget,64,10000,8,0,131200,reverse,20261005,case_007042.csv
7043,mapping,iget,64,10000,8,0,131200,transpose,20261005,case_007043.csv
7044,mapping,iget,64,10000,8,0,131200,shuffle,20261005,case_007044.csv
7045,mapping,iget,64,10000,8,0,131328,identity,20261005,case_007045.csv
7046,mapping,iget,64,10000,8,0,131328,reverse,20261005,case_007046.csv
7047,mapping,iget,64,10000,8,0,131328,transpose,20261005,case_007047.csv
7048,mapping,iget,64,10000,8,0,131328,shuffle,20261005,case_007048.csv
7049,mapping,iget,64,10000,8,0,135168,identity,20261005,case_007049.csv
7050,mapping,iget,64,10000,8,0,135168,reverse,20261005,case_007050.csv
7051,mapping,iget,64,10000,8,0,135168,transpose,20261005,case_007051.csv
7052,mapping,iget,64,10000,8,0,135168,shuffle,20261005,case_007052.csv
7053,mapping,iget,64,10000,8,0,262144,identity,20261005,case_007053.csv
7054,mapping,iget,64,10000,8,0,262144,reverse,20261005,case_007054.csv
7055,mapping,iget,64,10000,8,0,262144,transpose,20261005,case_007055.csv
7056,mapping,iget,64,10000,8,0,262144,shuffle,20261005,case_007056.csv
7057,mapping,iget,128,10000,8,0,131200,identity,20261005,case_007057.csv
7058,mapping,iget,128,10000,8,0,131200,reverse,20261005,case_007058.csv
7059,mapping,iget,128,10000,8,0,131200,transpose,20261005,case_007059.csv
7060,mapping,iget,128,10000,8,0,131200,shuffle,20261005,case_007060.csv
7061,mapping,iget,128,10000,8,0,131328,identity,20261005,case_007061.csv
7062,mapping,iget,128,10000,8,0,131328,reverse,20261005,case_007062.csv
7063,mapping,iget,128,10000,8,0,131328,transpose,20261005,case_007063.csv
7064,mapping,iget,128,10000,8,0,131328,shuffle,20261005,case_007064.csv
7065,mapping,iget,128,10000,8,0,135168,identity,20261005,case_007065.csv
7066,mapping,iget,128,10000,8,0,135168,reverse,20261005,case_007066.csv
7067,mapping,iget,128,10000,8,0,135168,transpose,20261005,case_007067.csv
7068,mapping,iget,128,10000,8,0,135168,shuffle,20261005,case_007068.csv
7069,mapping,iget,128,10000,8,0,262144,identity,20261005,case_007069.csv
7070,mapping,iget,128,10000,8,0,262144,reverse,20261005,case_007070.csv
7071,mapping,iget,128,10000,8,0,262144,transpose,20261005,case_007071.csv
7072,mapping,iget,128,10000,8,0,262144,shuffle,20261005,case_007072.csv
7073,mapping,iget,256,10000,8,0,131200,identity,20261005,case_007073.csv
7074,mapping,iget,256,10000,8,0,131200,reverse,20261005,case_007074.csv
7075,mapping,iget,256,10000,8,0,131200,transpose,20261005,case_007075.csv
7076,mapping,iget,256,10000,8,0,131200,shuffle,20261005,case_007076.csv
7077,mapping,iget,256,10000,8,0,131328,identity,20261005,case_007077.csv
7078,mapping,iget,256,10000,8,0,131328,reverse,20261005,case_007078.csv
7079,mapping,iget,256,10000,8,0,131328,transpose,20261005,case_007079.csv
7080,mapping,iget,256,10000,8,0,131328,shuffle,20261005,case_007080.csv
7081,mapping,iget,256,10000,8,0,135168,identity,20261005,case_007081.csv
7082,mapping,iget,256,10000,8,0,135168,reverse,20261005,case_007082.csv
7083,mapping,iget,256,10000,8,0,135168,transpose,20261005,case_007083.csv
7084,mapping,iget,256,10000,8,0,135168,shuffle,20261005,case_007084.csv
7085,mapping,iget,256,10000,8,0,262144,identity,20261005,case_007085.csv
7086,mapping,iget,256,10000,8,0,262144,reverse,20261005,case_007086.csv
7087,mapping,iget,256,10000,8,0,262144,transpose,20261005,case_007087.csv
7088,mapping,iget,256,10000,8,0,262144,shuffle,20261005,case_007088.csv
7089,mapping,iget,4096,1000,8,0,131200,identity,20261005,case_007089.csv
7090,mapping,iget,4096,1000,8,0,131200,reverse,20261005,case_007090.csv
7091,mapping,iget,4096,1000,8,0,131200,transpose,20261005,case_007091.csv
7092,mapping,iget,4096,1000,8,0,131200,shuffle,20261005,case_007092.csv
7093,mapping,iget,4096,1000,8,0,131328,identity,20261005,case_007093.csv
7094,mapping,iget,4096,1000,8,0,131328,reverse,20261005,case_007094.csv
7095,mapping,iget,4096,1000,8,0,131328,transpose,20261005,case_007095.csv
7096,mapping,iget,4096,1000,8,0,131328,shuffle,20261005,case_007096.csv
7097,mapping,iget,4096,1000,8,0,135168,identity,20261005,case_007097.csv
7098,mapping,iget,4096,1000,8,0,135168,reverse,20261005,case_007098.csv
7099,mapping,iget,4096,1000,8,0,135168,transpose,20261005,case_007099.csv
7100,mapping,iget,4096,1000,8,0,135168,shuffle,20261005,case_007100.csv
7101,mapping,iget,4096,1000,8,0,262144,identity,20261005,case_007101.csv
7102,mapping,iget,4096,1000,8,0,262144,reverse,20261005,case_007102.csv
7103,mapping,iget,4096,1000,8,0,262144,transpose,20261005,case_007103.csv
7104,mapping,iget,4096,1000,8,0,262144,shuffle,20261005,case_007104.csv
7105,mapping,iget,32768,1000,8,0,131200,identity,20261005,case_007105.csv
7106,mapping,iget,32768,1000,8,0,131200,reverse,20261005,case_007106.csv
7107,mapping,iget,32768,1000,8,0,131200,transpose,20261005,case_007107.csv
7108,mapping,iget,32768,1000,8,0,131200,shuffle,20261005,case_007108.csv
7109,mapping,iget,32768,1000,8,0,131328,identity,20261005,case_007109.csv
7110,mapping,iget,32768,1000,8,0,131328,reverse,20261005,case_007110.csv
7111,mapping,iget,32768,1000,8,0,131328,transpose,20261005,case_007111.csv
7112,mapping,iget,32768,1000,8,0,131328,shuffle,20261005,case_007112.csv
7113,mapping,iget,32768,1000,8,0,135168,identity,20261005,case_007113.csv
7114,mapping,iget,32768,1000,8,0,135168,reverse,20261005,case_007114.csv
7115,mapping,iget,32768,1000,8,0,135168,transpose,20261005,case_007115.csv
7116,mapping,iget,32768,1000,8,0,135168,shuffle,20261005,case_007116.csv
7117,mapping,iget,32768,1000,8,0,262144,identity,20261005,case_007117.csv
7118,mapping,iget,32768,1000,8,0,262144,reverse,20261005,case_007118.csv
7119,mapping,iget,32768,1000,8,0,262144,transpose,20261005,case_007119.csv
7120,mapping,iget,32768,1000,8,0,262144,shuffle,20261005,case_007120.csv
7121,mapping,iget,65536,1000,8,0,131200,identity,20261005,case_007121.csv
7122,mapping,iget,65536,1000,8,0,131200,reverse,20261005,case_007122.csv
7123,mapping,iget,65536,1000,8,0,131200,transpose,20261005,case_007123.csv
7124,mapping,iget,65536,1000,8,0,131200,shuffle,20261005,case_007124.csv
7125,mapping,iget,65536,1000,8,0,131328,identity,20261005,case_007125.csv
7126,mapping,iget,65536,1000,8,0,131328,reverse,20261005,case_007126.csv
7127,mapping,iget,65536,1000,8,0,131328,transpose,20261005,case_007127.csv
7128,mapping,iget,65536,1000,8,0,131328,shuffle,20261005,case_007128.csv
7129,mapping,iget,65536,1000,8,0,135168,identity,20261005,case_007129.csv
7130,mapping,iget,65536,1000,8,0,135168,reverse,20261005,case_007130.csv
7131,mapping,iget,65536,1000,8,0,135168,transpose,20261005,case_007131.csv
7132,mapping,iget,65536,1000,8,0,135168,shuffle,20261005,case_007132.csv
7133,mapping,iget,65536,1000,8,0,262144,identity,20261005,case_007133.csv
7134,mapping,iget,65536,1000,8,0,262144,reverse,20261005,case_007134.csv
7135,mapping,iget,65536,1000,8,0,262144,transpose,20261005,case_007135.csv
7136,mapping,iget,65536,1000,8,0,262144,shuffle,20261005,case_007136.csv
7137,mapping,iget,98304,1000,8,0,131200,identity,20261005,case_007137.csv
7138,mapping,iget,98304,1000,8,0,131200,reverse,20261005,case_007138.csv
7139,mapping,iget,98304,1000,8,0,131200,transpose,20261005,case_007139.csv
7140,mapping,iget,98304,1000,8,0,131200,shuffle,20261005,case_007140.csv
7141,mapping,iget,98304,1000,8,0,131328,identity,20261005,case_007141.csv
7142,mapping,iget,98304,1000,8,0,131328,reverse,20261005,case_007142.csv
7143,mapping,iget,98304,1000,8,0,131328,transpose,20261005,case_007143.csv
7144,mapping,iget,98304,1000,8,0,131328,shuffle,20261005,case_007144.csv
7145,mapping,iget,98304,1000,8,0,135168,identity,20261005,case_007145.csv
7146,mapping,iget,98304,1000,8,0,135168,reverse,20261005,case_007146.csv
7147,mapping,iget,98304,1000,8,0,135168,transpose,20261005,case_007147.csv
7148,mapping,iget,98304,1000,8,0,135168,shuffle,20261005,case_007148.csv
7149,mapping,iget,98304,1000,8,0,262144,identity,20261005,case_007149.csv
7150,mapping,iget,98304,1000,8,0,262144,reverse,20261005,case_007150.csv
7151,mapping,iget,98304,1000,8,0,262144,transpose,20261005,case_007151.csv
7152,mapping,iget,98304,1000,8,0,262144,shuffle,20261005,case_007152.csv
7153,mapping,iget,131072,1000,8,0,131200,identity,20261005,case_007153.csv
7154,mapping,iget,131072,1000,8,0,131200,reverse,20261005,case_007154.csv
7155,mapping,iget,131072,1000,8,0,131200,transpose,20261005,case_007155.csv
7156,mapping,iget,131072,1000,8,0,131200,shuffle,20261005,case_007156.csv
7157,mapping,iget,131072,1000,8,0,131328,identity,20261005,case_007157.csv
7158,mapping,iget,131072,1000,8,0,131328,reverse,20261005,case_007158.csv
7159,mapping,iget,131072,1000,8,0,131328,transpose,20261005,case_007159.csv
7160,mapping,iget,131072,1000,8,0,131328,shuffle,20261005,case_007160.csv
7161,mapping,iget,131072,1000,8,0,135168,identity,20261005,case_007161.csv
7162,mapping,iget,131072,1000,8,0,135168,reverse,20261005,case_007162.csv
7163,mapping,iget,131072,1000,8,0,135168,transpose,20261005,case_007163.csv
7164,mapping,iget,131072,1000,8,0,135168,shuffle,20261005,case_007164.csv
7165,mapping,iget,131072,1000,8,0,262144,identity,20261005,case_007165.csv
7166,mapping,iget,131072,1000,8,0,262144,reverse,20261005,case_007166.csv
7167,mapping,iget,131072,1000,8,0,262144,transpose,20261005,case_007167.csv
7168,mapping,iget,131072,1000,8,0,262144,shuffle,20261005,case_007168.csv
7169,mapping,iget,64,10000,8,4,131200,identity,20261005,case_007169.csv
7170,mapping,iget,64,10000,8,4,131200,reverse,20261005,case_007170.csv
7171,mapping,iget,64,10000,8,4,131200,transpose,20261005,case_007171.csv
7172,mapping,iget,64,10000,8,4,131200,shuffle,20261005,case_007172.csv
7173,mapping,iget,64,10000,8,4,131328,identity,20261005,case_007173.csv
7174,mapping,iget,64,10000,8,4,131328,reverse,20261005,case_007174.csv
7175,mapping,iget,64,10000,8,4,131328,transpose,20261005,case_007175.csv
7176,mapping,iget,64,10000,8,4,131328,shuffle,20261005,case_007176.csv
7177,mapping,iget,64,10000,8,4,135168,identity,20261005,case_007177.csv
7178,mapping,iget,64,10000,8,4,135168,reverse,20261005,case_007178.csv
7179,mapping,iget,64,10000,8,4,135168,transpose,20261005,case_007179.csv
7180,mapping,iget,64,10000,8,4,135168,shuffle,20261005,case_007180.csv
7181,mapping,iget,64,10000,8,4,262144,identity,20261005,case_007181.csv
7182,mapping,iget,64,10000,8,4,262144,reverse,20261005,case_007182.csv
7183,mapping,iget,64,10000,8,4,262144,transpose,20261005,case_007183.csv
7184,mapping,iget,64,10000,8,4,262144,shuffle,20261005,case_007184.csv
7185,mapping,iget,128,10000,8,4,131200,identity,20261005,case_007185.csv
7186,mapping,iget,128,10000,8,4,131200,reverse,20261005,case_007186.csv
7187,mapping,iget,128,10000,8,4,131200,transpose,20261005,case_007187.csv
7188,mapping,iget,128,10000,8,4,131200,shuffle,20261005,case_007188.csv
7189,mapping,iget,128,10000,8,4,131328,identity,20261005,case_007189.csv
7190,mapping,iget,128,10000,8,4,131328,reverse,20261005,case_007190.csv
7191,mapping,iget,128,10000,8,4,131328,transpose,20261005,case_007191.csv
7192,mapping,iget,128,10000,8,4,131328,shuffle,20261005,case_007192.csv
7193,mapping,iget,128,10000,8,4,135168,identity,20261005,case_007193.csv
7194,mapping,iget,128,10000,8,4,135168,reverse,20261005,case_007194.csv
7195,mapping,iget,128,10000,8,4,135168,transpose,20261005,case_007195.csv
7196,mapping,iget,128,10000,8,4,135168,shuffle,20261005,case_007196.csv
7197,mapping,iget,128,10000,8,4,262144,identity,20261005,case_007197.csv
7198,mapping,iget,128,10000,8,4,262144,reverse,20261005,case_007198.csv
7199,mapping,iget,128,10000,8,4,262144,transpose,20261005,case_007199.csv
7200,mapping,iget,128,10000,8,4,262144,shuffle,20261005,case_007200.csv
7201,mapping,iget,256,10000,8,4,131200,identity,20261005,case_007201.csv
7202,mapping,iget,256,10000,8,4,131200,reverse,20261005,case_007202.csv
7203,mapping,iget,256,10000,8,4,131200,transpose,20261005,case_007203.csv
7204,mapping,iget,256,10000,8,4,131200,shuffle,20261005,case_007204.csv
7205,mapping,iget,256,10000,8,4,131328,identity,20261005,case_007205.csv
7206,mapping,iget,256,10000,8,4,131328,reverse,20261005,case_007206.csv
7207,mapping,iget,256,10000,8,4,131328,transpose,20261005,case_007207.csv
7208,mapping,iget,256,10000,8,4,131328,shuffle,20261005,case_007208.csv
7209,mapping,iget,256,10000,8,4,135168,identity,20261005,case_007209.csv
7210,mapping,iget,256,10000,8,4,135168,reverse,20261005,case_007210.csv
7211,mapping,iget,256,10000,8,4,135168,transpose,20261005,case_007211.csv
7212,mapping,iget,256,10000,8,4,135168,shuffle,20261005,case_007212.csv
7213,mapping,iget,256,10000,8,4,262144,identity,20261005,case_007213.csv
7214,mapping,iget,256,10000,8,4,262144,reverse,20261005,case_007214.csv
7215,mapping,iget,256,10000,8,4,262144,transpose,20261005,case_007215.csv
7216,mapping,iget,256,10000,8,4,262144,shuffle,20261005,case_007216.csv
7217,mapping,iget,4096,1000,8,4,131200,identity,20261005,case_007217.csv
7218,mapping,iget,4096,1000,8,4,131200,reverse,20261005,case_007218.csv
7219,mapping,iget,4096,1000,8,4,131200,transpose,20261005,case_007219.csv
7220,mapping,iget,4096,1000,8,4,131200,shuffle,20261005,case_007220.csv
7221,mapping,iget,4096,1000,8,4,131328,identity,20261005,case_007221.csv
7222,mapping,iget,4096,1000,8,4,131328,reverse,20261005,case_007222.csv
7223,mapping,iget,4096,1000,8,4,131328,transpose,20261005,case_007223.csv
7224,mapping,iget,4096,1000,8,4,131328,shuffle,20261005,case_007224.csv
7225,mapping,iget,4096,1000,8,4,135168,identity,20261005,case_007225.csv
7226,mapping,iget,4096,1000,8,4,135168,reverse,20261005,case_007226.csv
7227,mapping,iget,4096,1000,8,4,135168,transpose,20261005,case_007227.csv
7228,mapping,iget,4096,1000,8,4,135168,shuffle,20261005,case_007228.csv
7229,mapping,iget,4096,1000,8,4,262144,identity,20261005,case_007229.csv
7230,mapping,iget,4096,1000,8,4,262144,reverse,20261005,case_007230.csv
7231,mapping,iget,4096,1000,8,4,262144,transpose,20261005,case_007231.csv
7232,mapping,iget,4096,1000,8,4,262144,shuffle,20261005,case_007232.csv
7233,mapping,iget,32768,1000,8,4,131200,identity,20261005,case_007233.csv
7234,mapping,iget,32768,1000,8,4,131200,reverse,20261005,case_007234.csv
7235,mapping,iget,32768,1000,8,4,131200,transpose,20261005,case_007235.csv
7236,mapping,iget,32768,1000,8,4,131200,shuffle,20261005,case_007236.csv
7237,mapping,iget,32768,1000,8,4,131328,identity,20261005,case_007237.csv
7238,mapping,iget,32768,1000,8,4,131328,reverse,20261005,case_007238.csv
7239,mapping,iget,32768,1000,8,4,131328,transpose,20261005,case_007239.csv
7240,mapping,iget,32768,1000,8,4,131328,shuffle,20261005,case_007240.csv
7241,mapping,iget,32768,1000,8,4,135168,identity,20261005,case_007241.csv
7242,mapping,iget,32768,1000,8,4,135168,reverse,20261005,case_007242.csv
7243,mapping,iget,32768,1000,8,4,135168,transpose,20261005,case_007243.csv
7244,mapping,iget,32768,1000,8,4,135168,shuffle,20261005,case_007244.csv
7245,mapping,iget,32768,1000,8,4,262144,identity,20261005,case_007245.csv
7246,mapping,iget,32768,1000,8,4,262144,reverse,20261005,case_007246.csv
7247,mapping,iget,32768,1000,8,4,262144,transpose,20261005,case_007247.csv
7248,mapping,iget,32768,1000,8,4,262144,shuffle,20261005,case_007248.csv
7249,mapping,iget,65536,1000,8,4,131200,identity,20261005,case_007249.csv
7250,mapping,iget,65536,1000,8,4,131200,reverse,20261005,case_007250.csv
7251,mapping,iget,65536,1000,8,4,131200,transpose,20261005,case_007251.csv
7252,mapping,iget,65536,1000,8,4,131200,shuffle,20261005,case_007252.csv
7253,mapping,iget,65536,1000,8,4,131328,identity,20261005,case_007253.csv
7254,mapping,iget,65536,1000,8,4,131328,reverse,20261005,case_007254.csv
7255,mapping,iget,65536,1000,8,4,131328,transpose,20261005,case_007255.csv
7256,mapping,iget,65536,1000,8,4,131328,shuffle,20261005,case_007256.csv
7257,mapping,iget,65536,1000,8,4,135168,identity,20261005,case_007257.csv
7258,mapping,iget,65536,1000,8,4,135168,reverse,20261005,case_007258.csv
7259,mapping,iget,65536,1000,8,4,135168,transpose,20261005,case_007259.csv
7260,mapping,iget,65536,1000,8,4,135168,shuffle,20261005,case_007260.csv
7261,mapping,iget,65536,1000,8,4,262144,identity,20261005,case_007261.csv
7262,mapping,iget,65536,1000,8,4,262144,reverse,20261005,case_007262.csv
7263,mapping,iget,65536,1000,8,4,262144,transpose,20261005,case_007263.csv
7264,mapping,iget,65536,1000,8,4,262144,shuffle,20261005,case_007264.csv
7265,mapping,iget,98304,1000,8,4,131200,identity,20261005,case_007265.csv
7266,mapping,iget,98304,1000,8,4,131200,reverse,20261005,case_007266.csv
7267,mapping,iget,98304,1000,8,4,131200,transpose,20261005,case_007267.csv
7268,mapping,iget,98304,1000,8,4,131200,shuffle,20261005,case_007268.csv
7269,mapping,iget,98304,1000,8,4,131328,identity,20261005,case_007269.csv
7270,mapping,iget,98304,1000,8,4,131328,reverse,20261005,case_007270.csv
7271,mapping,iget,98304,1000,8,4,131328,transpose,20261005,case_007271.csv
7272,mapping,iget,98304,1000,8,4,131328,shuffle,20261005,case_007272.csv
7273,mapping,iget,98304,1000,8,4,135168,identity,20261005,case_007273.csv
7274,mapping,iget,98304,1000,8,4,135168,reverse,20261005,case_007274.csv
7275,mapping,iget,98304,1000,8,4,135168,transpose,20261005,case_007275.csv
7276,mapping,iget,98304,1000,8,4,135168,shuffle,20261005,case_007276.csv
7277,mapping,iget,98304,1000,8,4,262144,identity,20261005,case_007277.csv
7278,mapping,iget,98304,1000,8,4,262144,reverse,20261005,case_007278.csv
7279,mapping,iget,98304,1000,8,4,262144,transpose,20261005,case_007279.csv
7280,mapping,iget,98304,1000,8,4,262144,shuffle,20261005,case_007280.csv
7281,mapping,iget,131072,1000,8,4,131200,identity,20261005,case_007281.csv
7282,mapping,iget,131072,1000,8,4,131200,reverse,20261005,case_007282.csv
7283,mapping,iget,131072,1000,8,4,131200,transpose,20261005,case_007283.csv
7284,mapping,iget,131072,1000,8,4,131200,shuffle,20261005,case_007284.csv
7285,mapping,iget,131072,1000,8,4,131328,identity,20261005,case_007285.csv
7286,mapping,iget,131072,1000,8,4,131328,reverse,20261005,case_007286.csv
7287,mapping,iget,131072,1000,8,4,131328,transpose,20261005,case_007287.csv
7288,mapping,iget,131072,1000,8,4,131328,shuffle,20261005,case_007288.csv
7289,mapping,iget,131072,1000,8,4,135168,identity,20261005,case_007289.csv
7290,mapping,iget,131072,1000,8,4,135168,reverse,20261005,case_007290.csv
7291,mapping,iget,131072,1000,8,4,135168,transpose,20261005,case_007291.csv
7292,mapping,iget,131072,1000,8,4,135168,shuffle,20261005,case_007292.csv
7293,mapping,iget,131072,1000,8,4,262144,identity,20261005,case_007293.csv
7294,mapping,iget,131072,1000,8,4,262144,reverse,20261005,case_007294.csv
7295,mapping,iget,131072,1000,8,4,262144,transpose,20261005,case_007295.csv
7296,mapping,iget,131072,1000,8,4,262144,shuffle,20261005,case_007296.csv
7297,mapping,iget,64,10000,16,0,131200,identity,20261005,case_007297.csv
7298,mapping,iget,64,10000,16,0,131200,reverse,20261005,case_007298.csv
7299,mapping,iget,64,10000,16,0,131200,transpose,20261005,case_007299.csv
7300,mapping,iget,64,10000,16,0,131200,shuffle,20261005,case_007300.csv
7301,mapping,iget,64,10000,16,0,131328,identity,20261005,case_007301.csv
7302,mapping,iget,64,10000,16,0,131328,reverse,20261005,case_007302.csv
7303,mapping,iget,64,10000,16,0,131328,transpose,20261005,case_007303.csv
7304,mapping,iget,64,10000,16,0,131328,shuffle,20261005,case_007304.csv
7305,mapping,iget,64,10000,16,0,135168,identity,20261005,case_007305.csv
7306,mapping,iget,64,10000,16,0,135168,reverse,20261005,case_007306.csv
7307,mapping,iget,64,10000,16,0,135168,transpose,20261005,case_007307.csv
7308,mapping,iget,64,10000,16,0,135168,shuffle,20261005,case_007308.csv
7309,mapping,iget,64,10000,16,0,262144,identity,20261005,case_007309.csv
7310,mapping,iget,64,10000,16,0,262144,reverse,20261005,case_007310.csv
7311,mapping,iget,64,10000,16,0,262144,transpose,20261005,case_007311.csv
7312,mapping,iget,64,10000,16,0,262144,shuffle,20261005,case_007312.csv
7313,mapping,iget,128,10000,16,0,131200,identity,20261005,case_007313.csv
7314,mapping,iget,128,10000,16,0,131200,reverse,20261005,case_007314.csv
7315,mapping,iget,128,10000,16,0,131200,transpose,20261005,case_007315.csv
7316,mapping,iget,128,10000,16,0,131200,shuffle,20261005,case_007316.csv
7317,mapping,iget,128,10000,16,0,131328,identity,20261005,case_007317.csv
7318,mapping,iget,128,10000,16,0,131328,reverse,20261005,case_007318.csv
7319,mapping,iget,128,10000,16,0,131328,transpose,20261005,case_007319.csv
7320,mapping,iget,128,10000,16,0,131328,shuffle,20261005,case_007320.csv
7321,mapping,iget,128,10000,16,0,135168,identity,20261005,case_007321.csv
7322,mapping,iget,128,10000,16,0,135168,reverse,20261005,case_007322.csv
7323,mapping,iget,128,10000,16,0,135168,transpose,20261005,case_007323.csv
7324,mapping,iget,128,10000,16,0,135168,shuffle,20261005,case_007324.csv
7325,mapping,iget,128,10000,16,0,262144,identity,20261005,case_007325.csv
7326,mapping,iget,128,10000,16,0,262144,reverse,20261005,case_007326.csv
7327,mapping,iget,128,10000,16,0,262144,transpose,20261005,case_007327.csv
7328,mapping,iget,128,10000,16,0,262144,shuffle,20261005,case_007328.csv
7329,mapping,iget,256,10000,16,0,131200,identity,20261005,case_007329.csv
7330,mapping,iget,256,10000,16,0,131200,reverse,20261005,case_007330.csv
7331,mapping,iget,256,10000,16,0,131200,transpose,20261005,case_007331.csv
7332,mapping,iget,256,10000,16,0,131200,shuffle,20261005,case_007332.csv
7333,mapping,iget,256,10000,16,0,131328,identity,20261005,case_007333.csv
7334,mapping,iget,256,10000,16,0,131328,reverse,20261005,case_007334.csv
7335,mapping,iget,256,10000,16,0,131328,transpose,20261005,case_007335.csv
7336,mapping,iget,256,10000,16,0,131328,shuffle,20261005,case_007336.csv
7337,mapping,iget,256,10000,16,0,135168,identity,20261005,case_007337.csv
7338,mapping,iget,256,10000,16,0,135168,reverse,20261005,case_007338.csv
7339,mapping,iget,256,10000,16,0,135168,transpose,20261005,case_007339.csv
7340,mapping,iget,256,10000,16,0,135168,shuffle,20261005,case_007340.csv
7341,mapping,iget,256,10000,16,0,262144,identity,20261005,case_007341.csv
7342,mapping,iget,256,10000,16,0,262144,reverse,20261005,case_007342.csv
7343,mapping,iget,256,10000,16,0,262144,transpose,20261005,case_007343.csv
7344,mapping,iget,256,10000,16,0,262144,shuffle,20261005,case_007344.csv
7345,mapping,iget,4096,1000,16,0,131200,identity,20261005,case_007345.csv
7346,mapping,iget,4096,1000,16,0,131200,reverse,20261005,case_007346.csv
7347,mapping,iget,4096,1000,16,0,131200,transpose,20261005,case_007347.csv
7348,mapping,iget,4096,1000,16,0,131200,shuffle,20261005,case_007348.csv
7349,mapping,iget,4096,1000,16,0,131328,identity,20261005,case_007349.csv
7350,mapping,iget,4096,1000,16,0,131328,reverse,20261005,case_007350.csv
7351,mapping,iget,4096,1000,16,0,131328,transpose,20261005,case_007351.csv
7352,mapping,iget,4096,1000,16,0,131328,shuffle,20261005,case_007352.csv
7353,mapping,iget,4096,1000,16,0,135168,identity,20261005,case_007353.csv
7354,mapping,iget,4096,1000,16,0,135168,reverse,20261005,case_007354.csv
7355,mapping,iget,4096,1000,16,0,135168,transpose,20261005,case_007355.csv
7356,mapping,iget,4096,1000,16,0,135168,shuffle,20261005,case_007356.csv
7357,mapping,iget,4096,1000,16,0,262144,identity,20261005,case_007357.csv
7358,mapping,iget,4096,1000,16,0,262144,reverse,20261005,case_007358.csv
7359,mapping,iget,4096,1000,16,0,262144,transpose,20261005,case_007359.csv
7360,mapping,iget,4096,1000,16,0,262144,shuffle,20261005,case_007360.csv
7361,mapping,iget,32768,1000,16,0,131200,identity,20261005,case_007361.csv
7362,mapping,iget,32768,1000,16,0,131200,reverse,20261005,case_007362.csv
7363,mapping,iget,32768,1000,16,0,131200,transpose,20261005,case_007363.csv
7364,mapping,iget,32768,1000,16,0,131200,shuffle,20261005,case_007364.csv
7365,mapping,iget,32768,1000,16,0,131328,identity,20261005,case_007365.csv
7366,mapping,iget,32768,1000,16,0,131328,reverse,20261005,case_007366.csv
7367,mapping,iget,32768,1000,16,0,131328,transpose,20261005,case_007367.csv
7368,mapping,iget,32768,1000,16,0,131328,shuffle,20261005,case_007368.csv
7369,mapping,iget,32768,1000,16,0,135168,identity,20261005,case_007369.csv
7370,mapping,iget,32768,1000,16,0,135168,reverse,20261005,case_007370.csv
7371,mapping,iget,32768,1000,16,0,135168,transpose,20261005,case_007371.csv
7372,mapping,iget,32768,1000,16,0,135168,shuffle,20261005,case_007372.csv
7373,mapping,iget,32768,1000,16,0,262144,identity,20261005,case_007373.csv
7374,mapping,iget,32768,1000,16,0,262144,reverse,20261005,case_007374.csv
7375,mapping,iget,32768,1000,16,0,262144,transpose,20261005,case_007375.csv
7376,mapping,iget,32768,1000,16,0,262144,shuffle,20261005,case_007376.csv
7377,mapping,iget,65536,1000,16,0,131200,identity,20261005,case_007377.csv
7378,mapping,iget,65536,1000,16,0,131200,reverse,20261005,case_007378.csv
7379,mapping,iget,65536,1000,16,0,131200,transpose,20261005,case_007379.csv
7380,mapping,iget,65536,1000,16,0,131200,shuffle,20261005,case_007380.csv
7381,mapping,iget,65536,1000,16,0,131328,identity,20261005,case_007381.csv
7382,mapping,iget,65536,1000,16,0,131328,reverse,20261005,case_007382.csv
7383,mapping,iget,65536,1000,16,0,131328,transpose,20261005,case_007383.csv
7384,mapping,iget,65536,1000,16,0,131328,shuffle,20261005,case_007384.csv
7385,mapping,iget,65536,1000,16,0,135168,identity,20261005,case_007385.csv
7386,mapping,iget,65536,1000,16,0,135168,reverse,20261005,case_007386.csv
7387,mapping,iget,65536,1000,16,0,135168,transpose,20261005,case_007387.csv
7388,mapping,iget,65536,1000,16,0,135168,shuffle,20261005,case_007388.csv
7389,mapping,iget,65536,1000,16,0,262144,identity,20261005,case_007389.csv
7390,mapping,iget,65536,1000,16,0,262144,reverse,20261005,case_007390.csv
7391,mapping,iget,65536,1000,16,0,262144,transpose,20261005,case_007391.csv
7392,mapping,iget,65536,1000,16,0,262144,shuffle,20261005,case_007392.csv
7393,mapping,iget,98304,1000,16,0,131200,identity,20261005,case_007393.csv
7394,mapping,iget,98304,1000,16,0,131200,reverse,20261005,case_007394.csv
7395,mapping,iget,98304,1000,16,0,131200,transpose,20261005,case_007395.csv
7396,mapping,iget,98304,1000,16,0,131200,shuffle,20261005,case_007396.csv
7397,mapping,iget,98304,1000,16,0,131328,identity,20261005,case_007397.csv
7398,mapping,iget,98304,1000,16,0,131328,reverse,20261005,case_007398.csv
7399,mapping,iget,98304,1000,16,0,131328,transpose,20261005,case_007399.csv
7400,mapping,iget,98304,1000,16,0,131328,shuffle,20261005,case_007400.csv
7401,mapping,iget,98304,1000,16,0,135168,identity,20261005,case_007401.csv
7402,mapping,iget,98304,1000,16,0,135168,reverse,20261005,case_007402.csv
7403,mapping,iget,98304,1000,16,0,135168,transpose,20261005,case_007403.csv
7404,mapping,iget,98304,1000,16,0,135168,shuffle,20261005,case_007404.csv
7405,mapping,iget,98304,1000,16,0,262144,identity,20261005,case_007405.csv
7406,mapping,iget,98304,1000,16,0,262144,reverse,20261005,case_007406.csv
7407,mapping,iget,98304,1000,16,0,262144,transpose,20261005,case_007407.csv
7408,mapping,iget,98304,1000,16,0,262144,shuffle,20261005,case_007408.csv
7409,mapping,iget,131072,1000,16,0,131200,identity,20261005,case_007409.csv
7410,mapping,iget,131072,1000,16,0,131200,reverse,20261005,case_007410.csv
7411,mapping,iget,131072,1000,16,0,131200,transpose,20261005,case_007411.csv
7412,mapping,iget,131072,1000,16,0,131200,shuffle,20261005,case_007412.csv
7413,mapping,iget,131072,1000,16,0,131328,identity,20261005,case_007413.csv
7414,mapping,iget,131072,1000,16,0,131328,reverse,20261005,case_007414.csv
7415,mapping,iget,131072,1000,16,0,131328,transpose,20261005,case_007415.csv
7416,mapping,iget,131072,1000,16,0,131328,shuffle,20261005,case_007416.csv
7417,mapping,iget,131072,1000,16,0,135168,identity,20261005,case_007417.csv
7418,mapping,iget,131072,1000,16,0,135168,reverse,20261005,case_007418.csv
7419,mapping,iget,131072,1000,16,0,135168,transpose,20261005,case_007419.csv
7420,mapping,iget,131072,1000,16,0,135168,shuffle,20261005,case_007420.csv
7421,mapping,iget,131072,1000,16,0,262144,identity,20261005,case_007421.csv
7422,mapping,iget,131072,1000,16,0,262144,reverse,20261005,case_007422.csv
7423,mapping,iget,131072,1000,16,0,262144,transpose,20261005,case_007423.csv
7424,mapping,iget,131072,1000,16,0,262144,shuffle,20261005,case_007424.csv
7425,mapping,iget,64,10000,16,4,131200,identity,20261005,case_007425.csv
7426,mapping,iget,64,10000,16,4,131200,reverse,20261005,case_007426.csv
7427,mapping,iget,64,10000,16,4,131200,transpose,20261005,case_007427.csv
7428,mapping,iget,64,10000,16,4,131200,shuffle,20261005,case_007428.csv
7429,mapping,iget,64,10000,16,4,131328,identity,20261005,case_007429.csv
7430,mapping,iget,64,10000,16,4,131328,reverse,20261005,case_007430.csv
7431,mapping,iget,64,10000,16,4,131328,transpose,20261005,case_007431.csv
7432,mapping,iget,64,10000,16,4,131328,shuffle,20261005,case_007432.csv
7433,mapping,iget,64,10000,16,4,135168,identity,20261005,case_007433.csv
7434,mapping,iget,64,10000,16,4,135168,reverse,20261005,case_007434.csv
7435,mapping,iget,64,10000,16,4,135168,transpose,20261005,case_007435.csv
7436,mapping,iget,64,10000,16,4,135168,shuffle,20261005,case_007436.csv
7437,mapping,iget,64,10000,16,4,262144,identity,20261005,case_007437.csv
7438,mapping,iget,64,10000,16,4,262144,reverse,20261005,case_007438.csv
7439,mapping,iget,64,10000,16,4,262144,transpose,20261005,case_007439.csv
7440,mapping,iget,64,10000,16,4,262144,shuffle,20261005,case_007440.csv
7441,mapping,iget,128,10000,16,4,131200,identity,20261005,case_007441.csv
7442,mapping,iget,128,10000,16,4,131200,reverse,20261005,case_007442.csv
7443,mapping,iget,128,10000,16,4,131200,transpose,20261005,case_007443.csv
7444,mapping,iget,128,10000,16,4,131200,shuffle,20261005,case_007444.csv
7445,mapping,iget,128,10000,16,4,131328,identity,20261005,case_007445.csv
7446,mapping,iget,128,10000,16,4,131328,reverse,20261005,case_007446.csv
7447,mapping,iget,128,10000,16,4,131328,transpose,20261005,case_007447.csv
7448,mapping,iget,128,10000,16,4,131328,shuffle,20261005,case_007448.csv
7449,mapping,iget,128,10000,16,4,135168,identity,20261005,case_007449.csv
7450,mapping,iget,128,10000,16,4,135168,reverse,20261005,case_007450.csv
7451,mapping,iget,128,10000,16,4,135168,transpose,20261005,case_007451.csv
7452,mapping,iget,128,10000,16,4,135168,shuffle,20261005,case_007452.csv
7453,mapping,iget,128,10000,16,4,262144,identity,20261005,case_007453.csv
7454,mapping,iget,128,10000,16,4,262144,reverse,20261005,case_007454.csv
7455,mapping,iget,128,10000,16,4,262144,transpose,20261005,case_007455.csv
7456,mapping,iget,128,10000,16,4,262144,shuffle,20261005,case_007456.csv
7457,mapping,iget,256,10000,16,4,131200,identity,20261005,case_007457.csv
7458,mapping,iget,256,10000,16,4,131200,reverse,20261005,case_007458.csv
7459,mapping,iget,256,10000,16,4,131200,transpose,20261005,case_007459.csv
7460,mapping,iget,256,10000,16,4,131200,shuffle,20261005,case_007460.csv
7461,mapping,iget,256,10000,16,4,131328,identity,20261005,case_007461.csv
7462,mapping,iget,256,10000,16,4,131328,reverse,20261005,case_007462.csv
7463,mapping,iget,256,10000,16,4,131328,transpose,20261005,case_007463.csv
7464,mapping,iget,256,10000,16,4,131328,shuffle,20261005,case_007464.csv
7465,mapping,iget,256,10000,16,4,135168,identity,20261005,case_007465.csv
7466,mapping,iget,256,10000,16,4,135168,reverse,20261005,case_007466.csv
7467,mapping,iget,256,10000,16,4,135168,transpose,20261005,case_007467.csv
7468,mapping,iget,256,10000,16,4,135168,shuffle,20261005,case_007468.csv
7469,mapping,iget,256,10000,16,4,262144,identity,20261005,case_007469.csv
7470,mapping,iget,256,10000,16,4,262144,reverse,20261005,case_007470.csv
7471,mapping,iget,256,10000,16,4,262144,transpose,20261005,case_007471.csv
7472,mapping,iget,256,10000,16,4,262144,shuffle,20261005,case_007472.csv
7473,mapping,iget,4096,1000,16,4,131200,identity,20261005,case_007473.csv
7474,mapping,iget,4096,1000,16,4,131200,reverse,20261005,case_007474.csv
7475,mapping,iget,4096,1000,16,4,131200,transpose,20261005,case_007475.csv
7476,mapping,iget,4096,1000,16,4,131200,shuffle,20261005,case_007476.csv
7477,mapping,iget,4096,1000,16,4,131328,identity,20261005,case_007477.csv
7478,mapping,iget,4096,1000,16,4,131328,reverse,20261005,case_007478.csv
7479,mapping,iget,4096,1000,16,4,131328,transpose,20261005,case_007479.csv
7480,mapping,iget,4096,1000,16,4,131328,shuffle,20261005,case_007480.csv
7481,mapping,iget,4096,1000,16,4,135168,identity,20261005,case_007481.csv
7482,mapping,iget,4096,1000,16,4,135168,reverse,20261005,case_007482.csv
7483,mapping,iget,4096,1000,16,4,135168,transpose,20261005,case_007483.csv
7484,mapping,iget,4096,1000,16,4,135168,shuffle,20261005,case_007484.csv
7485,mapping,iget,4096,1000,16,4,262144,identity,20261005,case_007485.csv
7486,mapping,iget,4096,1000,16,4,262144,reverse,20261005,case_007486.csv
7487,mapping,iget,4096,1000,16,4,262144,transpose,20261005,case_007487.csv
7488,mapping,iget,4096,1000,16,4,262144,shuffle,20261005,case_007488.csv
7489,mapping,iget,32768,1000,16,4,131200,identity,20261005,case_007489.csv
7490,mapping,iget,32768,1000,16,4,131200,reverse,20261005,case_007490.csv
7491,mapping,iget,32768,1000,16,4,131200,transpose,20261005,case_007491.csv
7492,mapping,iget,32768,1000,16,4,131200,shuffle,20261005,case_007492.csv
7493,mapping,iget,32768,1000,16,4,131328,identity,20261005,case_007493.csv
7494,mapping,iget,32768,1000,16,4,131328,reverse,20261005,case_007494.csv
7495,mapping,iget,32768,1000,16,4,131328,transpose,20261005,case_007495.csv
7496,mapping,iget,32768,1000,16,4,131328,shuffle,20261005,case_007496.csv
7497,mapping,iget,32768,1000,16,4,135168,identity,20261005,case_007497.csv
7498,mapping,iget,32768,1000,16,4,135168,reverse,20261005,case_007498.csv
7499,mapping,iget,32768,1000,16,4,135168,transpose,20261005,case_007499.csv
7500,mapping,iget,32768,1000,16,4,135168,shuffle,20261005,case_007500.csv
7501,mapping,iget,32768,1000,16,4,262144,identity,20261005,case_007501.csv
7502,mapping,iget,32768,1000,16,4,262144,reverse,20261005,case_007502.csv
7503,mapping,iget,32768,1000,16,4,262144,transpose,20261005,case_007503.csv
7504,mapping,iget,32768,1000,16,4,262144,shuffle,20261005,case_007504.csv
7505,mapping,iget,65536,1000,16,4,131200,identity,20261005,case_007505.csv
7506,mapping,iget,65536,1000,16,4,131200,reverse,20261005,case_007506.csv
7507,mapping,iget,65536,1000,16,4,131200,transpose,20261005,case_007507.csv
7508,mapping,iget,65536,1000,16,4,131200,shuffle,20261005,case_007508.csv
7509,mapping,iget,65536,1000,16,4,131328,identity,20261005,case_007509.csv
7510,mapping,iget,65536,1000,16,4,131328,reverse,20261005,case_007510.csv
7511,mapping,iget,65536,1000,16,4,131328,transpose,20261005,case_007511.csv
7512,mapping,iget,65536,1000,16,4,131328,shuffle,20261005,case_007512.csv
7513,mapping,iget,65536,1000,16,4,135168,identity,20261005,case_007513.csv
7514,mapping,iget,65536,1000,16,4,135168,reverse,20261005,case_007514.csv
7515,mapping,iget,65536,1000,16,4,135168,transpose,20261005,case_007515.csv
7516,mapping,iget,65536,1000,16,4,135168,shuffle,20261005,case_007516.csv
7517,mapping,iget,65536,1000,16,4,262144,identity,20261005,case_007517.csv
7518,mapping,iget,65536,1000,16,4,262144,reverse,20261005,case_007518.csv
7519,mapping,iget,65536,1000,16,4,262144,transpose,20261005,case_007519.csv
7520,mapping,iget,65536,1000,16,4,262144,shuffle,20261005,case_007520.csv
7521,mapping,iget,98304,1000,16,4,131200,identity,20261005,case_007521.csv
7522,mapping,iget,98304,1000,16,4,131200,reverse,20261005,case_007522.csv
7523,mapping,iget,98304,1000,16,4,131200,transpose,20261005,case_007523.csv
7524,mapping,iget,98304,1000,16,4,131200,shuffle,20261005,case_007524.csv
7525,mapping,iget,98304,1000,16,4,131328,identity,20261005,case_007525.csv
7526,mapping,iget,98304,1000,16,4,131328,reverse,20261005,case_007526.csv
7527,mapping,iget,98304,1000,16,4,131328,transpose,20261005,case_007527.csv
7528,mapping,iget,98304,1000,16,4,131328,shuffle,20261005,case_007528.csv
7529,mapping,iget,98304,1000,16,4,135168,identity,20261005,case_007529.csv
7530,mapping,iget,98304,1000,16,4,135168,reverse,20261005,case_007530.csv
7531,mapping,iget,98304,1000,16,4,135168,transpose,20261005,case_007531.csv
7532,mapping,iget,98304,1000,16,4,135168,shuffle,20261005,case_007532.csv
7533,mapping,iget,98304,1000,16,4,262144,identity,20261005,case_007533.csv
7534,mapping,iget,98304,1000,16,4,262144,reverse,20261005,case_007534.csv
7535,mapping,iget,98304,1000,16,4,262144,transpose,20261005,case_007535.csv
7536,mapping,iget,98304,1000,16,4,262144,shuffle,20261005,case_007536.csv
7537,mapping,iget,131072,1000,16,4,131200,identity,20261005,case_007537.csv
7538,mapping,iget,131072,1000,16,4,131200,reverse,20261005,case_007538.csv
7539,mapping,iget,131072,1000,16,4,131200,transpose,20261005,case_007539.csv
7540,mapping,iget,131072,1000,16,4,131200,shuffle,20261005,case_007540.csv
7541,mapping,iget,131072,1000,16,4,131328,identity,20261005,case_007541.csv
7542,mapping,iget,131072,1000,16,4,131328,reverse,20261005,case_007542.csv
7543,mapping,iget,131072,1000,16,4,131328,transpose,20261005,case_007543.csv
7544,mapping,iget,131072,1000,16,4,131328,shuffle,20261005,case_007544.csv
7545,mapping,iget,131072,1000,16,4,135168,identity,20261005,case_007545.csv
7546,mapping,iget,131072,1000,16,4,135168,reverse,20261005,case_007546.csv
7547,mapping,iget,131072,1000,16,4,135168,transpose,20261005,case_007547.csv
7548,mapping,iget,131072,1000,16,4,135168,shuffle,20261005,case_007548.csv
7549,mapping,iget,131072,1000,16,4,262144,identity,20261005,case_007549.csv
7550,mapping,iget,131072,1000,16,4,262144,reverse,20261005,case_007550.csv
7551,mapping,iget,131072,1000,16,4,262144,transpose,20261005,case_007551.csv
7552,mapping,iget,131072,1000,16,4,262144,shuffle,20261005,case_007552.csv
7553,mapping,iget,64,10000,32,0,131200,identity,20261005,case_007553.csv
7554,mapping,iget,64,10000,32,0,131200,reverse,20261005,case_007554.csv
7555,mapping,iget,64,10000,32,0,131200,transpose,20261005,case_007555.csv
7556,mapping,iget,64,10000,32,0,131200,shuffle,20261005,case_007556.csv
7557,mapping,iget,64,10000,32,0,131328,identity,20261005,case_007557.csv
7558,mapping,iget,64,10000,32,0,131328,reverse,20261005,case_007558.csv
7559,mapping,iget,64,10000,32,0,131328,transpose,20261005,case_007559.csv
7560,mapping,iget,64,10000,32,0,131328,shuffle,20261005,case_007560.csv
7561,mapping,iget,64,10000,32,0,135168,identity,20261005,case_007561.csv
7562,mapping,iget,64,10000,32,0,135168,reverse,20261005,case_007562.csv
7563,mapping,iget,64,10000,32,0,135168,transpose,20261005,case_007563.csv
7564,mapping,iget,64,10000,32,0,135168,shuffle,20261005,case_007564.csv
7565,mapping,iget,64,10000,32,0,262144,identity,20261005,case_007565.csv
7566,mapping,iget,64,10000,32,0,262144,reverse,20261005,case_007566.csv
7567,mapping,iget,64,10000,32,0,262144,transpose,20261005,case_007567.csv
7568,mapping,iget,64,10000,32,0,262144,shuffle,20261005,case_007568.csv
7569,mapping,iget,128,10000,32,0,131200,identity,20261005,case_007569.csv
7570,mapping,iget,128,10000,32,0,131200,reverse,20261005,case_007570.csv
7571,mapping,iget,128,10000,32,0,131200,transpose,20261005,case_007571.csv
7572,mapping,iget,128,10000,32,0,131200,shuffle,20261005,case_007572.csv
7573,mapping,iget,128,10000,32,0,131328,identity,20261005,case_007573.csv
7574,mapping,iget,128,10000,32,0,131328,reverse,20261005,case_007574.csv
7575,mapping,iget,128,10000,32,0,131328,transpose,20261005,case_007575.csv
7576,mapping,iget,128,10000,32,0,131328,shuffle,20261005,case_007576.csv
7577,mapping,iget,128,10000,32,0,135168,identity,20261005,case_007577.csv
7578,mapping,iget,128,10000,32,0,135168,reverse,20261005,case_007578.csv
7579,mapping,iget,128,10000,32,0,135168,transpose,20261005,case_007579.csv
7580,mapping,iget,128,10000,32,0,135168,shuffle,20261005,case_007580.csv
7581,mapping,iget,128,10000,32,0,262144,identity,20261005,case_007581.csv
7582,mapping,iget,128,10000,32,0,262144,reverse,20261005,case_007582.csv
7583,mapping,iget,128,10000,32,0,262144,transpose,20261005,case_007583.csv
7584,mapping,iget,128,10000,32,0,262144,shuffle,20261005,case_007584.csv
7585,mapping,iget,256,10000,32,0,131200,identity,20261005,case_007585.csv
7586,mapping,iget,256,10000,32,0,131200,reverse,20261005,case_007586.csv
7587,mapping,iget,256,10000,32,0,131200,transpose,20261005,case_007587.csv
7588,mapping,iget,256,10000,32,0,131200,shuffle,20261005,case_007588.csv
7589,mapping,iget,256,10000,32,0,131328,identity,20261005,case_007589.csv
7590,mapping,iget,256,10000,32,0,131328,reverse,20261005,case_007590.csv
7591,mapping,iget,256,10000,32,0,131328,transpose,20261005,case_007591.csv
7592,mapping,iget,256,10000,32,0,131328,shuffle,20261005,case_007592.csv
7593,mapping,iget,256,10000,32,0,135168,identity,20261005,case_007593.csv
7594,mapping,iget,256,10000,32,0,135168,reverse,20261005,case_007594.csv
7595,mapping,iget,256,10000,32,0,135168,transpose,20261005,case_007595.csv
7596,mapping,iget,256,10000,32,0,135168,shuffle,20261005,case_007596.csv
7597,mapping,iget,256,10000,32,0,262144,identity,20261005,case_007597.csv
7598,mapping,iget,256,10000,32,0,262144,reverse,20261005,case_007598.csv
7599,mapping,iget,256,10000,32,0,262144,transpose,20261005,case_007599.csv
7600,mapping,iget,256,10000,32,0,262144,shuffle,20261005,case_007600.csv
7601,mapping,iget,4096,1000,32,0,131200,identity,20261005,case_007601.csv
7602,mapping,iget,4096,1000,32,0,131200,reverse,20261005,case_007602.csv
7603,mapping,iget,4096,1000,32,0,131200,transpose,20261005,case_007603.csv
7604,mapping,iget,4096,1000,32,0,131200,shuffle,20261005,case_007604.csv
7605,mapping,iget,4096,1000,32,0,131328,identity,20261005,case_007605.csv
7606,mapping,iget,4096,1000,32,0,131328,reverse,20261005,case_007606.csv
7607,mapping,iget,4096,1000,32,0,131328,transpose,20261005,case_007607.csv
7608,mapping,iget,4096,1000,32,0,131328,shuffle,20261005,case_007608.csv
7609,mapping,iget,4096,1000,32,0,135168,identity,20261005,case_007609.csv
7610,mapping,iget,4096,1000,32,0,135168,reverse,20261005,case_007610.csv
7611,mapping,iget,4096,1000,32,0,135168,transpose,20261005,case_007611.csv
7612,mapping,iget,4096,1000,32,0,135168,shuffle,20261005,case_007612.csv
7613,mapping,iget,4096,1000,32,0,262144,identity,20261005,case_007613.csv
7614,mapping,iget,4096,1000,32,0,262144,reverse,20261005,case_007614.csv
7615,mapping,iget,4096,1000,32,0,262144,transpose,20261005,case_007615.csv
7616,mapping,iget,4096,1000,32,0,262144,shuffle,20261005,case_007616.csv
7617,mapping,iget,32768,1000,32,0,131200,identity,20261005,case_007617.csv
7618,mapping,iget,32768,1000,32,0,131200,reverse,20261005,case_007618.csv
7619,mapping,iget,32768,1000,32,0,131200,transpose,20261005,case_007619.csv
7620,mapping,iget,32768,1000,32,0,131200,shuffle,20261005,case_007620.csv
7621,mapping,iget,32768,1000,32,0,131328,identity,20261005,case_007621.csv
7622,mapping,iget,32768,1000,32,0,131328,reverse,20261005,case_007622.csv
7623,mapping,iget,32768,1000,32,0,131328,transpose,20261005,case_007623.csv
7624,mapping,iget,32768,1000,32,0,131328,shuffle,20261005,case_007624.csv
7625,mapping,iget,32768,1000,32,0,135168,identity,20261005,case_007625.csv
7626,mapping,iget,32768,1000,32,0,135168,reverse,20261005,case_007626.csv
7627,mapping,iget,32768,1000,32,0,135168,transpose,20261005,case_007627.csv
7628,mapping,iget,32768,1000,32,0,135168,shuffle,20261005,case_007628.csv
7629,mapping,iget,32768,1000,32,0,262144,identity,20261005,case_007629.csv
7630,mapping,iget,32768,1000,32,0,262144,reverse,20261005,case_007630.csv
7631,mapping,iget,32768,1000,32,0,262144,transpose,20261005,case_007631.csv
7632,mapping,iget,32768,1000,32,0,262144,shuffle,20261005,case_007632.csv
7633,mapping,iget,65536,1000,32,0,131200,identity,20261005,case_007633.csv
7634,mapping,iget,65536,1000,32,0,131200,reverse,20261005,case_007634.csv
7635,mapping,iget,65536,1000,32,0,131200,transpose,20261005,case_007635.csv
7636,mapping,iget,65536,1000,32,0,131200,shuffle,20261005,case_007636.csv
7637,mapping,iget,65536,1000,32,0,131328,identity,20261005,case_007637.csv
7638,mapping,iget,65536,1000,32,0,131328,reverse,20261005,case_007638.csv
7639,mapping,iget,65536,1000,32,0,131328,transpose,20261005,case_007639.csv
7640,mapping,iget,65536,1000,32,0,131328,shuffle,20261005,case_007640.csv
7641,mapping,iget,65536,1000,32,0,135168,identity,20261005,case_007641.csv
7642,mapping,iget,65536,1000,32,0,135168,reverse,20261005,case_007642.csv
7643,mapping,iget,65536,1000,32,0,135168,transpose,20261005,case_007643.csv
7644,mapping,iget,65536,1000,32,0,135168,shuffle,20261005,case_007644.csv
7645,mapping,iget,65536,1000,32,0,262144,identity,20261005,case_007645.csv
7646,mapping,iget,65536,1000,32,0,262144,reverse,20261005,case_007646.csv
7647,mapping,iget,65536,1000,32,0,262144,transpose,20261005,case_007647.csv
7648,mapping,iget,65536,1000,32,0,262144,shuffle,20261005,case_007648.csv
7649,mapping,iget,98304,1000,32,0,131200,identity,20261005,case_007649.csv
7650,mapping,iget,98304,1000,32,0,131200,reverse,20261005,case_007650.csv
7651,mapping,iget,98304,1000,32,0,131200,transpose,20261005,case_007651.csv
7652,mapping,iget,98304,1000,32,0,131200,shuffle,20261005,case_007652.csv
7653,mapping,iget,98304,1000,32,0,131328,identity,20261005,case_007653.csv
7654,mapping,iget,98304,1000,32,0,131328,reverse,20261005,case_007654.csv
7655,mapping,iget,98304,1000,32,0,131328,transpose,20261005,case_007655.csv
7656,mapping,iget,98304,1000,32,0,131328,shuffle,20261005,case_007656.csv
7657,mapping,iget,98304,1000,32,0,135168,identity,20261005,case_007657.csv
7658,mapping,iget,98304,1000,32,0,135168,reverse,20261005,case_007658.csv
7659,mapping,iget,98304,1000,32,0,135168,transpose,20261005,case_007659.csv
7660,mapping,iget,98304,1000,32,0,135168,shuffle,20261005,case_007660.csv
7661,mapping,iget,98304,1000,32,0,262144,identity,20261005,case_007661.csv
7662,mapping,iget,98304,1000,32,0,262144,reverse,20261005,case_007662.csv
7663,mapping,iget,98304,1000,32,0,262144,transpose,20261005,case_007663.csv
7664,mapping,iget,98304,1000,32,0,262144,shuffle,20261005,case_007664.csv
7665,mapping,iget,131072,1000,32,0,131200,identity,20261005,case_007665.csv
7666,mapping,iget,131072,1000,32,0,131200,reverse,20261005,case_007666.csv
7667,mapping,iget,131072,1000,32,0,131200,transpose,20261005,case_007667.csv
7668,mapping,iget,131072,1000,32,0,131200,shuffle,20261005,case_007668.csv
7669,mapping,iget,131072,1000,32,0,131328,identity,20261005,case_007669.csv
7670,mapping,iget,131072,1000,32,0,131328,reverse,20261005,case_007670.csv
7671,mapping,iget,131072,1000,32,0,131328,transpose,20261005,case_007671.csv
7672,mapping,iget,131072,1000,32,0,131328,shuffle,20261005,case_007672.csv
7673,mapping,iget,131072,1000,32,0,135168,identity,20261005,case_007673.csv
7674,mapping,iget,131072,1000,32,0,135168,reverse,20261005,case_007674.csv
7675,mapping,iget,131072,1000,32,0,135168,transpose,20261005,case_007675.csv
7676,mapping,iget,131072,1000,32,0,135168,shuffle,20261005,case_007676.csv
7677,mapping,iget,131072,1000,32,0,262144,identity,20261005,case_007677.csv
7678,mapping,iget,131072,1000,32,0,262144,reverse,20261005,case_007678.csv
7679,mapping,iget,131072,1000,32,0,262144,transpose,20261005,case_007679.csv
7680,mapping,iget,131072,1000,32,0,262144,shuffle,20261005,case_007680.csv
7681,mapping,iget,64,10000,32,4,131200,identity,20261005,case_007681.csv
7682,mapping,iget,64,10000,32,4,131200,reverse,20261005,case_007682.csv
7683,mapping,iget,64,10000,32,4,131200,transpose,20261005,case_007683.csv
7684,mapping,iget,64,10000,32,4,131200,shuffle,20261005,case_007684.csv
7685,mapping,iget,64,10000,32,4,131328,identity,20261005,case_007685.csv
7686,mapping,iget,64,10000,32,4,131328,reverse,20261005,case_007686.csv
7687,mapping,iget,64,10000,32,4,131328,transpose,20261005,case_007687.csv
7688,mapping,iget,64,10000,32,4,131328,shuffle,20261005,case_007688.csv
7689,mapping,iget,64,10000,32,4,135168,identity,20261005,case_007689.csv
7690,mapping,iget,64,10000,32,4,135168,reverse,20261005,case_007690.csv
7691,mapping,iget,64,10000,32,4,135168,transpose,20261005,case_007691.csv
7692,mapping,iget,64,10000,32,4,135168,shuffle,20261005,case_007692.csv
7693,mapping,iget,64,10000,32,4,262144,identity,20261005,case_007693.csv
7694,mapping,iget,64,10000,32,4,262144,reverse,20261005,case_007694.csv
7695,mapping,iget,64,10000,32,4,262144,transpose,20261005,case_007695.csv
7696,mapping,iget,64,10000,32,4,262144,shuffle,20261005,case_007696.csv
7697,mapping,iget,128,10000,32,4,131200,identity,20261005,case_007697.csv
7698,mapping,iget,128,10000,32,4,131200,reverse,20261005,case_007698.csv
7699,mapping,iget,128,10000,32,4,131200,transpose,20261005,case_007699.csv
7700,mapping,iget,128,10000,32,4,131200,shuffle,20261005,case_007700.csv
7701,mapping,iget,128,10000,32,4,131328,identity,20261005,case_007701.csv
7702,mapping,iget,128,10000,32,4,131328,reverse,20261005,case_007702.csv
7703,mapping,iget,128,10000,32,4,131328,transpose,20261005,case_007703.csv
7704,mapping,iget,128,10000,32,4,131328,shuffle,20261005,case_007704.csv
7705,mapping,iget,128,10000,32,4,135168,identity,20261005,case_007705.csv
7706,mapping,iget,128,10000,32,4,135168,reverse,20261005,case_007706.csv
7707,mapping,iget,128,10000,32,4,135168,transpose,20261005,case_007707.csv
7708,mapping,iget,128,10000,32,4,135168,shuffle,20261005,case_007708.csv
7709,mapping,iget,128,10000,32,4,262144,identity,20261005,case_007709.csv
7710,mapping,iget,128,10000,32,4,262144,reverse,20261005,case_007710.csv
7711,mapping,iget,128,10000,32,4,262144,transpose,20261005,case_007711.csv
7712,mapping,iget,128,10000,32,4,262144,shuffle,20261005,case_007712.csv
7713,mapping,iget,256,10000,32,4,131200,identity,20261005,case_007713.csv
7714,mapping,iget,256,10000,32,4,131200,reverse,20261005,case_007714.csv
7715,mapping,iget,256,10000,32,4,131200,transpose,20261005,case_007715.csv
7716,mapping,iget,256,10000,32,4,131200,shuffle,20261005,case_007716.csv
7717,mapping,iget,256,10000,32,4,131328,identity,20261005,case_007717.csv
7718,mapping,iget,256,10000,32,4,131328,reverse,20261005,case_007718.csv
7719,mapping,iget,256,10000,32,4,131328,transpose,20261005,case_007719.csv
7720,mapping,iget,256,10000,32,4,131328,shuffle,20261005,case_007720.csv
7721,mapping,iget,256,10000,32,4,135168,identity,20261005,case_007721.csv
7722,mapping,iget,256,10000,32,4,135168,reverse,20261005,case_007722.csv
7723,mapping,iget,256,10000,32,4,135168,transpose,20261005,case_007723.csv
7724,mapping,iget,256,10000,32,4,135168,shuffle,20261005,case_007724.csv
7725,mapping,iget,256,10000,32,4,262144,identity,20261005,case_007725.csv
7726,mapping,iget,256,10000,32,4,262144,reverse,20261005,case_007726.csv
7727,mapping,iget,256,10000,32,4,262144,transpose,20261005,case_007727.csv
7728,mapping,iget,256,10000,32,4,262144,shuffle,20261005,case_007728.csv
7729,mapping,iget,4096,1000,32,4,131200,identity,20261005,case_007729.csv
7730,mapping,iget,4096,1000,32,4,131200,reverse,20261005,case_007730.csv
7731,mapping,iget,4096,1000,32,4,131200,transpose,20261005,case_007731.csv
7732,mapping,iget,4096,1000,32,4,131200,shuffle,20261005,case_007732.csv
7733,mapping,iget,4096,1000,32,4,131328,identity,20261005,case_007733.csv
7734,mapping,iget,4096,1000,32,4,131328,reverse,20261005,case_007734.csv
7735,mapping,iget,4096,1000,32,4,131328,transpose,20261005,case_007735.csv
7736,mapping,iget,4096,1000,32,4,131328,shuffle,20261005,case_007736.csv
7737,mapping,iget,4096,1000,32,4,135168,identity,20261005,case_007737.csv
7738,mapping,iget,4096,1000,32,4,135168,reverse,20261005,case_007738.csv
7739,mapping,iget,4096,1000,32,4,135168,transpose,20261005,case_007739.csv
7740,mapping,iget,4096,1000,32,4,135168,shuffle,20261005,case_007740.csv
7741,mapping,iget,4096,1000,32,4,262144,identity,20261005,case_007741.csv
7742,mapping,iget,4096,1000,32,4,262144,reverse,20261005,case_007742.csv
7743,mapping,iget,4096,1000,32,4,262144,transpose,20261005,case_007743.csv
7744,mapping,iget,4096,1000,32,4,262144,shuffle,20261005,case_007744.csv
7745,mapping,iget,32768,1000,32,4,131200,identity,20261005,case_007745.csv
7746,mapping,iget,32768,1000,32,4,131200,reverse,20261005,case_007746.csv
7747,mapping,iget,32768,1000,32,4,131200,transpose,20261005,case_007747.csv
7748,mapping,iget,32768,1000,32,4,131200,shuffle,20261005,case_007748.csv
7749,mapping,iget,32768,1000,32,4,131328,identity,20261005,case_007749.csv
7750,mapping,iget,32768,1000,32,4,131328,reverse,20261005,case_007750.csv
7751,mapping,iget,32768,1000,32,4,131328,transpose,20261005,case_007751.csv
7752,mapping,iget,32768,1000,32,4,131328,shuffle,20261005,case_007752.csv
7753,mapping,iget,32768,1000,32,4,135168,identity,20261005,case_007753.csv
7754,mapping,iget,32768,1000,32,4,135168,reverse,20261005,case_007754.csv
7755,mapping,iget,32768,1000,32,4,135168,transpose,20261005,case_007755.csv
7756,mapping,iget,32768,1000,32,4,135168,shuffle,20261005,case_007756.csv
7757,mapping,iget,32768,1000,32,4,262144,identity,20261005,case_007757.csv
7758,mapping,iget,32768,1000,32,4,262144,reverse,20261005,case_007758.csv
7759,mapping,iget,32768,1000,32,4,262144,transpose,20261005,case_007759.csv
7760,mapping,iget,32768,1000,32,4,262144,shuffle,20261005,case_007760.csv
7761,mapping,iget,65536,1000,32,4,131200,identity,20261005,case_007761.csv
7762,mapping,iget,65536,1000,32,4,131200,reverse,20261005,case_007762.csv
7763,mapping,iget,65536,1000,32,4,131200,transpose,20261005,case_007763.csv
7764,mapping,iget,65536,1000,32,4,131200,shuffle,20261005,case_007764.csv
7765,mapping,iget,65536,1000,32,4,131328,identity,20261005,case_007765.csv
7766,mapping,iget,65536,1000,32,4,131328,reverse,20261005,case_007766.csv
7767,mapping,iget,65536,1000,32,4,131328,transpose,20261005,case_007767.csv
7768,mapping,iget,65536,1000,32,4,131328,shuffle,20261005,case_007768.csv
7769,mapping,iget,65536,1000,32,4,135168,identity,20261005,case_007769.csv
7770,mapping,iget,65536,1000,32,4,135168,reverse,20261005,case_007770.csv
7771,mapping,iget,65536,1000,32,4,135168,transpose,20261005,case_007771.csv
7772,mapping,iget,65536,1000,32,4,135168,shuffle,20261005,case_007772.csv
7773,mapping,iget,65536,1000,32,4,262144,identity,20261005,case_007773.csv
7774,mapping,iget,65536,1000,32,4,262144,reverse,20261005,case_007774.csv
7775,mapping,iget,65536,1000,32,4,262144,transpose,20261005,case_007775.csv
7776,mapping,iget,65536,1000,32,4,262144,shuffle,20261005,case_007776.csv
7777,mapping,iget,98304,1000,32,4,131200,identity,20261005,case_007777.csv
7778,mapping,iget,98304,1000,32,4,131200,reverse,20261005,case_007778.csv
7779,mapping,iget,98304,1000,32,4,131200,transpose,20261005,case_007779.csv
7780,mapping,iget,98304,1000,32,4,131200,shuffle,20261005,case_007780.csv
7781,mapping,iget,98304,1000,32,4,131328,identity,20261005,case_007781.csv
7782,mapping,iget,98304,1000,32,4,131328,reverse,20261005,case_007782.csv
7783,mapping,iget,98304,1000,32,4,131328,transpose,20261005,case_007783.csv
7784,mapping,iget,98304,1000,32,4,131328,shuffle,20261005,case_007784.csv
7785,mapping,iget,98304,1000,32,4,135168,identity,20261005,case_007785.csv
7786,mapping,iget,98304,1000,32,4,135168,reverse,20261005,case_007786.csv
7787,mapping,iget,98304,1000,32,4,135168,transpose,20261005,case_007787.csv
7788,mapping,iget,98304,1000,32,4,135168,shuffle,20261005,case_007788.csv
7789,mapping,iget,98304,1000,32,4,262144,identity,20261005,case_007789.csv
7790,mapping,iget,98304,1000,32,4,262144,reverse,20261005,case_007790.csv
7791,mapping,iget,98304,1000,32,4,262144,transpose,20261005,case_007791.csv
7792,mapping,iget,98304,1000,32,4,262144,shuffle,20261005,case_007792.csv
7793,mapping,iget,131072,1000,32,4,131200,identity,20261005,case_007793.csv
7794,mapping,iget,131072,1000,32,4,131200,reverse,20261005,case_007794.csv
7795,mapping,iget,131072,1000,32,4,131200,transpose,20261005,case_007795.csv
7796,mapping,iget,131072,1000,32,4,131200,shuffle,20261005,case_007796.csv
7797,mapping,iget,131072,1000,32,4,131328,identity,20261005,case_007797.csv
7798,mapping,iget,131072,1000,32,4,131328,reverse,20261005,case_007798.csv
7799,mapping,iget,131072,1000,32,4,131328,transpose,20261005,case_007799.csv
7800,mapping,iget,131072,1000,32,4,131328,shuffle,20261005,case_007800.csv
7801,mapping,iget,131072,1000,32,4,135168,identity,20261005,case_007801.csv
7802,mapping,iget,131072,1000,32,4,135168,reverse,20261005,case_007802.csv
7803,mapping,iget,131072,1000,32,4,135168,transpose,20261005,case_007803.csv
7804,mapping,iget,131072,1000,32,4,135168,shuffle,20261005,case_007804.csv
7805,mapping,iget,131072,1000,32,4,262144,identity,20261005,case_007805.csv
7806,mapping,iget,131072,1000,32,4,262144,reverse,20261005,case_007806.csv
7807,mapping,iget,131072,1000,32,4,262144,transpose,20261005,case_007807.csv
7808,mapping,iget,131072,1000,32,4,262144,shuffle,20261005,case_007808.csv
7809,mapping,iget,64,10000,64,0,131200,identity,20261005,case_007809.csv
7810,mapping,iget,64,10000,64,0,131200,reverse,20261005,case_007810.csv
7811,mapping,iget,64,10000,64,0,131200,transpose,20261005,case_007811.csv
7812,mapping,iget,64,10000,64,0,131200,shuffle,20261005,case_007812.csv
7813,mapping,iget,64,10000,64,0,131328,identity,20261005,case_007813.csv
7814,mapping,iget,64,10000,64,0,131328,reverse,20261005,case_007814.csv
7815,mapping,iget,64,10000,64,0,131328,transpose,20261005,case_007815.csv
7816,mapping,iget,64,10000,64,0,131328,shuffle,20261005,case_007816.csv
7817,mapping,iget,64,10000,64,0,135168,identity,20261005,case_007817.csv
7818,mapping,iget,64,10000,64,0,135168,reverse,20261005,case_007818.csv
7819,mapping,iget,64,10000,64,0,135168,transpose,20261005,case_007819.csv
7820,mapping,iget,64,10000,64,0,135168,shuffle,20261005,case_007820.csv
7821,mapping,iget,64,10000,64,0,262144,identity,20261005,case_007821.csv
7822,mapping,iget,64,10000,64,0,262144,reverse,20261005,case_007822.csv
7823,mapping,iget,64,10000,64,0,262144,transpose,20261005,case_007823.csv
7824,mapping,iget,64,10000,64,0,262144,shuffle,20261005,case_007824.csv
7825,mapping,iget,128,10000,64,0,131200,identity,20261005,case_007825.csv
7826,mapping,iget,128,10000,64,0,131200,reverse,20261005,case_007826.csv
7827,mapping,iget,128,10000,64,0,131200,transpose,20261005,case_007827.csv
7828,mapping,iget,128,10000,64,0,131200,shuffle,20261005,case_007828.csv
7829,mapping,iget,128,10000,64,0,131328,identity,20261005,case_007829.csv
7830,mapping,iget,128,10000,64,0,131328,reverse,20261005,case_007830.csv
7831,mapping,iget,128,10000,64,0,131328,transpose,20261005,case_007831.csv
7832,mapping,iget,128,10000,64,0,131328,shuffle,20261005,case_007832.csv
7833,mapping,iget,128,10000,64,0,135168,identity,20261005,case_007833.csv
7834,mapping,iget,128,10000,64,0,135168,reverse,20261005,case_007834.csv
7835,mapping,iget,128,10000,64,0,135168,transpose,20261005,case_007835.csv
7836,mapping,iget,128,10000,64,0,135168,shuffle,20261005,case_007836.csv
7837,mapping,iget,128,10000,64,0,262144,identity,20261005,case_007837.csv
7838,mapping,iget,128,10000,64,0,262144,reverse,20261005,case_007838.csv
7839,mapping,iget,128,10000,64,0,262144,transpose,20261005,case_007839.csv
7840,mapping,iget,128,10000,64,0,262144,shuffle,20261005,case_007840.csv
7841,mapping,iget,256,10000,64,0,131200,identity,20261005,case_007841.csv
7842,mapping,iget,256,10000,64,0,131200,reverse,20261005,case_007842.csv
7843,mapping,iget,256,10000,64,0,131200,transpose,20261005,case_007843.csv
7844,mapping,iget,256,10000,64,0,131200,shuffle,20261005,case_007844.csv
7845,mapping,iget,256,10000,64,0,131328,identity,20261005,case_007845.csv
7846,mapping,iget,256,10000,64,0,131328,reverse,20261005,case_007846.csv
7847,mapping,iget,256,10000,64,0,131328,transpose,20261005,case_007847.csv
7848,mapping,iget,256,10000,64,0,131328,shuffle,20261005,case_007848.csv
7849,mapping,iget,256,10000,64,0,135168,identity,20261005,case_007849.csv
7850,mapping,iget,256,10000,64,0,135168,reverse,20261005,case_007850.csv
7851,mapping,iget,256,10000,64,0,135168,transpose,20261005,case_007851.csv
7852,mapping,iget,256,10000,64,0,135168,shuffle,20261005,case_007852.csv
7853,mapping,iget,256,10000,64,0,262144,identity,20261005,case_007853.csv
7854,mapping,iget,256,10000,64,0,262144,reverse,20261005,case_007854.csv
7855,mapping,iget,256,10000,64,0,262144,transpose,20261005,case_007855.csv
7856,mapping,iget,256,10000,64,0,262144,shuffle,20261005,case_007856.csv
7857,mapping,iget,4096,1000,64,0,131200,identity,20261005,case_007857.csv
7858,mapping,iget,4096,1000,64,0,131200,reverse,20261005,case_007858.csv
7859,mapping,iget,4096,1000,64,0,131200,transpose,20261005,case_007859.csv
7860,mapping,iget,4096,1000,64,0,131200,shuffle,20261005,case_007860.csv
7861,mapping,iget,4096,1000,64,0,131328,identity,20261005,case_007861.csv
7862,mapping,iget,4096,1000,64,0,131328,reverse,20261005,case_007862.csv
7863,mapping,iget,4096,1000,64,0,131328,transpose,20261005,case_007863.csv
7864,mapping,iget,4096,1000,64,0,131328,shuffle,20261005,case_007864.csv
7865,mapping,iget,4096,1000,64,0,135168,identity,20261005,case_007865.csv
7866,mapping,iget,4096,1000,64,0,135168,reverse,20261005,case_007866.csv
7867,mapping,iget,4096,1000,64,0,135168,transpose,20261005,case_007867.csv
7868,mapping,iget,4096,1000,64,0,135168,shuffle,20261005,case_007868.csv
7869,mapping,iget,4096,1000,64,0,262144,identity,20261005,case_007869.csv
7870,mapping,iget,4096,1000,64,0,262144,reverse,20261005,case_007870.csv
7871,mapping,iget,4096,1000,64,0,262144,transpose,20261005,case_007871.csv
7872,mapping,iget,4096,1000,64,0,262144,shuffle,20261005,case_007872.csv
7873,mapping,iget,32768,1000,64,0,131200,identity,20261005,case_007873.csv
7874,mapping,iget,32768,1000,64,0,131200,reverse,20261005,case_007874.csv
7875,mapping,iget,32768,1000,64,0,131200,transpose,20261005,case_007875.csv
7876,mapping,iget,32768,1000,64,0,131200,shuffle,20261005,case_007876.csv
7877,mapping,iget,32768,1000,64,0,131328,identity,20261005,case_007877.csv
7878,mapping,iget,32768,1000,64,0,131328,reverse,20261005,case_007878.csv
7879,mapping,iget,32768,1000,64,0,131328,transpose,20261005,case_007879.csv
7880,mapping,iget,32768,1000,64,0,131328,shuffle,20261005,case_007880.csv
7881,mapping,iget,32768,1000,64,0,135168,identity,20261005,case_007881.csv
7882,mapping,iget,32768,1000,64,0,135168,reverse,20261005,case_007882.csv
7883,mapping,iget,32768,1000,64,0,135168,transpose,20261005,case_007883.csv
7884,mapping,iget,32768,1000,64,0,135168,shuffle,20261005,case_007884.csv
7885,mapping,iget,32768,1000,64,0,262144,identity,20261005,case_007885.csv
7886,mapping,iget,32768,1000,64,0,262144,reverse,20261005,case_007886.csv
7887,mapping,iget,32768,1000,64,0,262144,transpose,20261005,case_007887.csv
7888,mapping,iget,32768,1000,64,0,262144,shuffle,20261005,case_007888.csv
7889,mapping,iget,65536,1000,64,0,131200,identity,20261005,case_007889.csv
7890,mapping,iget,65536,1000,64,0,131200,reverse,20261005,case_007890.csv
7891,mapping,iget,65536,1000,64,0,131200,transpose,20261005,case_007891.csv
7892,mapping,iget,65536,1000,64,0,131200,shuffle,20261005,case_007892.csv
7893,mapping,iget,65536,1000,64,0,131328,identity,20261005,case_007893.csv
7894,mapping,iget,65536,1000,64,0,131328,reverse,20261005,case_007894.csv
7895,mapping,iget,65536,1000,64,0,131328,transpose,20261005,case_007895.csv
7896,mapping,iget,65536,1000,64,0,131328,shuffle,20261005,case_007896.csv
7897,mapping,iget,65536,1000,64,0,135168,identity,20261005,case_007897.csv
7898,mapping,iget,65536,1000,64,0,135168,reverse,20261005,case_007898.csv
7899,mapping,iget,65536,1000,64,0,135168,transpose,20261005,case_007899.csv
7900,mapping,iget,65536,1000,64,0,135168,shuffle,20261005,case_007900.csv
7901,mapping,iget,65536,1000,64,0,262144,identity,20261005,case_007901.csv
7902,mapping,iget,65536,1000,64,0,262144,reverse,20261005,case_007902.csv
7903,mapping,iget,65536,1000,64,0,262144,transpose,20261005,case_007903.csv
7904,mapping,iget,65536,1000,64,0,262144,shuffle,20261005,case_007904.csv
7905,mapping,iget,98304,1000,64,0,131200,identity,20261005,case_007905.csv
7906,mapping,iget,98304,1000,64,0,131200,reverse,20261005,case_007906.csv
7907,mapping,iget,98304,1000,64,0,131200,transpose,20261005,case_007907.csv
7908,mapping,iget,98304,1000,64,0,131200,shuffle,20261005,case_007908.csv
7909,mapping,iget,98304,1000,64,0,131328,identity,20261005,case_007909.csv
7910,mapping,iget,98304,1000,64,0,131328,reverse,20261005,case_007910.csv
7911,mapping,iget,98304,1000,64,0,131328,transpose,20261005,case_007911.csv
7912,mapping,iget,98304,1000,64,0,131328,shuffle,20261005,case_007912.csv
7913,mapping,iget,98304,1000,64,0,135168,identity,20261005,case_007913.csv
7914,mapping,iget,98304,1000,64,0,135168,reverse,20261005,case_007914.csv
7915,mapping,iget,98304,1000,64,0,135168,transpose,20261005,case_007915.csv
7916,mapping,iget,98304,1000,64,0,135168,shuffle,20261005,case_007916.csv
7917,mapping,iget,98304,1000,64,0,262144,identity,20261005,case_007917.csv
7918,mapping,iget,98304,1000,64,0,262144,reverse,20261005,case_007918.csv
7919,mapping,iget,98304,1000,64,0,262144,transpose,20261005,case_007919.csv
7920,mapping,iget,98304,1000,64,0,262144,shuffle,20261005,case_007920.csv
7921,mapping,iget,131072,1000,64,0,131200,identity,20261005,case_007921.csv
7922,mapping,iget,131072,1000,64,0,131200,reverse,20261005,case_007922.csv
7923,mapping,iget,131072,1000,64,0,131200,transpose,20261005,case_007923.csv
7924,mapping,iget,131072,1000,64,0,131200,shuffle,20261005,case_007924.csv
7925,mapping,iget,131072,1000,64,0,131328,identity,20261005,case_007925.csv
7926,mapping,iget,131072,1000,64,0,131328,reverse,20261005,case_007926.csv
7927,mapping,iget,131072,1000,64,0,131328,transpose,20261005,case_007927.csv
7928,mapping,iget,131072,1000,64,0,131328,shuffle,20261005,case_007928.csv
7929,mapping,iget,131072,1000,64,0,135168,identity,20261005,case_007929.csv
7930,mapping,iget,131072,1000,64,0,135168,reverse,20261005,case_007930.csv
7931,mapping,iget,131072,1000,64,0,135168,transpose,20261005,case_007931.csv
7932,mapping,iget,131072,1000,64,0,135168,shuffle,20261005,case_007932.csv
7933,mapping,iget,131072,1000,64,0,262144,identity,20261005,case_007933.csv
7934,mapping,iget,131072,1000,64,0,262144,reverse,20261005,case_007934.csv
7935,mapping,iget,131072,1000,64,0,262144,transpose,20261005,case_007935.csv
7936,mapping,iget,131072,1000,64,0,262144,shuffle,20261005,case_007936.csv
7937,mapping,iget,64,10000,64,4,131200,identity,20261005,case_007937.csv
7938,mapping,iget,64,10000,64,4,131200,reverse,20261005,case_007938.csv
7939,mapping,iget,64,10000,64,4,131200,transpose,20261005,case_007939.csv
7940,mapping,iget,64,10000,64,4,131200,shuffle,20261005,case_007940.csv
7941,mapping,iget,64,10000,64,4,131328,identity,20261005,case_007941.csv
7942,mapping,iget,64,10000,64,4,131328,reverse,20261005,case_007942.csv
7943,mapping,iget,64,10000,64,4,131328,transpose,20261005,case_007943.csv
7944,mapping,iget,64,10000,64,4,131328,shuffle,20261005,case_007944.csv
7945,mapping,iget,64,10000,64,4,135168,identity,20261005,case_007945.csv
7946,mapping,iget,64,10000,64,4,135168,reverse,20261005,case_007946.csv
7947,mapping,iget,64,10000,64,4,135168,transpose,20261005,case_007947.csv
7948,mapping,iget,64,10000,64,4,135168,shuffle,20261005,case_007948.csv
7949,mapping,iget,64,10000,64,4,262144,identity,20261005,case_007949.csv
7950,mapping,iget,64,10000,64,4,262144,reverse,20261005,case_007950.csv
7951,mapping,iget,64,10000,64,4,262144,transpose,20261005,case_007951.csv
7952,mapping,iget,64,10000,64,4,262144,shuffle,20261005,case_007952.csv
7953,mapping,iget,128,10000,64,4,131200,identity,20261005,case_007953.csv
7954,mapping,iget,128,10000,64,4,131200,reverse,20261005,case_007954.csv
7955,mapping,iget,128,10000,64,4,131200,transpose,20261005,case_007955.csv
7956,mapping,iget,128,10000,64,4,131200,shuffle,20261005,case_007956.csv
7957,mapping,iget,128,10000,64,4,131328,identity,20261005,case_007957.csv
7958,mapping,iget,128,10000,64,4,131328,reverse,20261005,case_007958.csv
7959,mapping,iget,128,10000,64,4,131328,transpose,20261005,case_007959.csv
7960,mapping,iget,128,10000,64,4,131328,shuffle,20261005,case_007960.csv
7961,mapping,iget,128,10000,64,4,135168,identity,20261005,case_007961.csv
7962,mapping,iget,128,10000,64,4,135168,reverse,20261005,case_007962.csv
7963,mapping,iget,128,10000,64,4,135168,transpose,20261005,case_007963.csv
7964,mapping,iget,128,10000,64,4,135168,shuffle,20261005,case_007964.csv
7965,mapping,iget,128,10000,64,4,262144,identity,20261005,case_007965.csv
7966,mapping,iget,128,10000,64,4,262144,reverse,20261005,case_007966.csv
7967,mapping,iget,128,10000,64,4,262144,transpose,20261005,case_007967.csv
7968,mapping,iget,128,10000,64,4,262144,shuffle,20261005,case_007968.csv
7969,mapping,iget,256,10000,64,4,131200,identity,20261005,case_007969.csv
7970,mapping,iget,256,10000,64,4,131200,reverse,20261005,case_007970.csv
7971,mapping,iget,256,10000,64,4,131200,transpose,20261005,case_007971.csv
7972,mapping,iget,256,10000,64,4,131200,shuffle,20261005,case_007972.csv
7973,mapping,iget,256,10000,64,4,131328,identity,20261005,case_007973.csv
7974,mapping,iget,256,10000,64,4,131328,reverse,20261005,case_007974.csv
7975,mapping,iget,256,10000,64,4,131328,transpose,20261005,case_007975.csv
7976,mapping,iget,256,10000,64,4,131328,shuffle,20261005,case_007976.csv
7977,mapping,iget,256,10000,64,4,135168,identity,20261005,case_007977.csv
7978,mapping,iget,256,10000,64,4,135168,reverse,20261005,case_007978.csv
7979,mapping,iget,256,10000,64,4,135168,transpose,20261005,case_007979.csv
7980,mapping,iget,256,10000,64,4,135168,shuffle,20261005,case_007980.csv
7981,mapping,iget,256,10000,64,4,262144,identity,20261005,case_007981.csv
7982,mapping,iget,256,10000,64,4,262144,reverse,20261005,case_007982.csv
7983,mapping,iget,256,10000,64,4,262144,transpose,20261005,case_007983.csv
7984,mapping,iget,256,10000,64,4,262144,shuffle,20261005,case_007984.csv
7985,mapping,iget,4096,1000,64,4,131200,identity,20261005,case_007985.csv
7986,mapping,iget,4096,1000,64,4,131200,reverse,20261005,case_007986.csv
7987,mapping,iget,4096,1000,64,4,131200,transpose,20261005,case_007987.csv
7988,mapping,iget,4096,1000,64,4,131200,shuffle,20261005,case_007988.csv
7989,mapping,iget,4096,1000,64,4,131328,identity,20261005,case_007989.csv
7990,mapping,iget,4096,1000,64,4,131328,reverse,20261005,case_007990.csv
7991,mapping,iget,4096,1000,64,4,131328,transpose,20261005,case_007991.csv
7992,mapping,iget,4096,1000,64,4,131328,shuffle,20261005,case_007992.csv
7993,mapping,iget,4096,1000,64,4,135168,identity,20261005,case_007993.csv
7994,mapping,iget,4096,1000,64,4,135168,reverse,20261005,case_007994.csv
7995,mapping,iget,4096,1000,64,4,135168,transpose,20261005,case_007995.csv
7996,mapping,iget,4096,1000,64,4,135168,shuffle,20261005,case_007996.csv
7997,mapping,iget,4096,1000,64,4,262144,identity,20261005,case_007997.csv
7998,mapping,iget,4096,1000,64,4,262144,reverse,20261005,case_007998.csv
7999,mapping,iget,4096,1000,64,4,262144,transpose,20261005,case_007999.csv
8000,mapping,iget,4096,1000,64,4,262144,shuffle,20261005,case_008000.csv
8001,mapping,iget,32768,1000,64,4,131200,identity,20261005,case_008001.csv
8002,mapping,iget,32768,1000,64,4,131200,reverse,20261005,case_008002.csv
8003,mapping,iget,32768,1000,64,4,131200,transpose,20261005,case_008003.csv
8004,mapping,iget,32768,1000,64,4,131200,shuffle,20261005,case_008004.csv
8005,mapping,iget,32768,1000,64,4,131328,identity,20261005,case_008005.csv
8006,mapping,iget,32768,1000,64,4,131328,reverse,20261005,case_008006.csv
8007,mapping,iget,32768,1000,64,4,131328,transpose,20261005,case_008007.csv
8008,mapping,iget,32768,1000,64,4,131328,shuffle,20261005,case_008008.csv
8009,mapping,iget,32768,1000,64,4,135168,identity,20261005,case_008009.csv
8010,mapping,iget,32768,1000,64,4,135168,reverse,20261005,case_008010.csv
8011,mapping,iget,32768,1000,64,4,135168,transpose,20261005,case_008011.csv
8012,mapping,iget,32768,1000,64,4,135168,shuffle,20261005,case_008012.csv
8013,mapping,iget,32768,1000,64,4,262144,identity,20261005,case_008013.csv
8014,mapping,iget,32768,1000,64,4,262144,reverse,20261005,case_008014.csv
8015,mapping,iget,32768,1000,64,4,262144,transpose,20261005,case_008015.csv
8016,mapping,iget,32768,1000,64,4,262144,shuffle,20261005,case_008016.csv
8017,mapping,iget,65536,1000,64,4,131200,identity,20261005,case_008017.csv
8018,mapping,iget,65536,1000,64,4,131200,reverse,20261005,case_008018.csv
8019,mapping,iget,65536,1000,64,4,131200,transpose,20261005,case_008019.csv
8020,mapping,iget,65536,1000,64,4,131200,shuffle,20261005,case_008020.csv
8021,mapping,iget,65536,1000,64,4,131328,identity,20261005,case_008021.csv
8022,mapping,iget,65536,1000,64,4,131328,reverse,20261005,case_008022.csv
8023,mapping,iget,65536,1000,64,4,131328,transpose,20261005,case_008023.csv
8024,mapping,iget,65536,1000,64,4,131328,shuffle,20261005,case_008024.csv
8025,mapping,iget,65536,1000,64,4,135168,identity,20261005,case_008025.csv
8026,mapping,iget,65536,1000,64,4,135168,reverse,20261005,case_008026.csv
8027,mapping,iget,65536,1000,64,4,135168,transpose,20261005,case_008027.csv
8028,mapping,iget,65536,1000,64,4,135168,shuffle,20261005,case_008028.csv
8029,mapping,iget,65536,1000,64,4,262144,identity,20261005,case_008029.csv
8030,mapping,iget,65536,1000,64,4,262144,reverse,20261005,case_008030.csv
8031,mapping,iget,65536,1000,64,4,262144,transpose,20261005,case_008031.csv
8032,mapping,iget,65536,1000,64,4,262144,shuffle,20261005,case_008032.csv
8033,mapping,iget,98304,1000,64,4,131200,identity,20261005,case_008033.csv
8034,mapping,iget,98304,1000,64,4,131200,reverse,20261005,case_008034.csv
8035,mapping,iget,98304,1000,64,4,131200,transpose,20261005,case_008035.csv
8036,mapping,iget,98304,1000,64,4,131200,shuffle,20261005,case_008036.csv
8037,mapping,iget,98304,1000,64,4,131328,identity,20261005,case_008037.csv
8038,mapping,iget,98304,1000,64,4,131328,reverse,20261005,case_008038.csv
8039,mapping,iget,98304,1000,64,4,131328,transpose,20261005,case_008039.csv
8040,mapping,iget,98304,1000,64,4,131328,shuffle,20261005,case_008040.csv
8041,mapping,iget,98304,1000,64,4,135168,identity,20261005,case_008041.csv
8042,mapping,iget,98304,1000,64,4,135168,reverse,20261005,case_008042.csv
8043,mapping,iget,98304,1000,64,4,135168,transpose,20261005,case_008043.csv
8044,mapping,iget,98304,1000,64,4,135168,shuffle,20261005,case_008044.csv
8045,mapping,iget,98304,1000,64,4,262144,identity,20261005,case_008045.csv
8046,mapping,iget,98304,1000,64,4,262144,reverse,20261005,case_008046.csv
8047,mapping,iget,98304,1000,64,4,262144,transpose,20261005,case_008047.csv
8048,mapping,iget,98304,1000,64,4,262144,shuffle,20261005,case_008048.csv
8049,mapping,iget,131072,1000,64,4,131200,identity,20261005,case_008049.csv
8050,mapping,iget,131072,1000,64,4,131200,reverse,20261005,case_008050.csv
8051,mapping,iget,131072,1000,64,4,131200,transpose,20261005,case_008051.csv
8052,mapping,iget,131072,1000,64,4,131200,shuffle,20261005,case_008052.csv
8053,mapping,iget,131072,1000,64,4,131328,identity,20261005,case_008053.csv
8054,mapping,iget,131072,1000,64,4,131328,reverse,20261005,case_008054.csv
8055,mapping,iget,131072,1000,64,4,131328,transpose,20261005,case_008055.csv
8056,mapping,iget,131072,1000,64,4,131328,shuffle,20261005,case_008056.csv
8057,mapping,iget,131072,1000,64,4,135168,identity,20261005,case_008057.csv
8058,mapping,iget,131072,1000,64,4,135168,reverse,20261005,case_008058.csv
8059,mapping,iget,131072,1000,64,4,135168,transpose,20261005,case_008059.csv
8060,mapping,iget,131072,1000,64,4,135168,shuffle,20261005,case_008060.csv
8061,mapping,iget,131072,1000,64,4,262144,identity,20261005,case_008061.csv
8062,mapping,iget,131072,1000,64,4,262144,reverse,20261005,case_008062.csv
8063,mapping,iget,131072,1000,64,4,262144,transpose,20261005,case_008063.csv
8064,mapping,iget,131072,1000,64,4,262144,shuffle,20261005,case_008064.csv
8065,mapping,iput,64,10000,1,0,131200,identity,20261005,case_008065.csv
8066,mapping,iput,64,10000,1,0,131200,reverse,20261005,case_008066.csv
8067,mapping,iput,64,10000,1,0,131200,transpose,20261005,case_008067.csv
8068,mapping,iput,64,10000,1,0,131200,shuffle,20261005,case_008068.csv
8069,mapping,iput,64,10000,1,0,131328,identity,20261005,case_008069.csv
8070,mapping,iput,64,10000,1,0,131328,reverse,20261005,case_008070.csv
8071,mapping,iput,64,10000,1,0,131328,transpose,20261005,case_008071.csv
8072,mapping,iput,64,10000,1,0,131328,shuffle,20261005,case_008072.csv
8073,mapping,iput,64,10000,1,0,135168,identity,20261005,case_008073.csv
8074,mapping,iput,64,10000,1,0,135168,reverse,20261005,case_008074.csv
8075,mapping,iput,64,10000,1,0,135168,transpose,20261005,case_008075.csv
8076,mapping,iput,64,10000,1,0,135168,shuffle,20261005,case_008076.csv
8077,mapping,iput,64,10000,1,0,262144,identity,20261005,case_008077.csv
8078,mapping,iput,64,10000,1,0,262144,reverse,20261005,case_008078.csv
8079,mapping,iput,64,10000,1,0,262144,transpose,20261005,case_008079.csv
8080,mapping,iput,64,10000,1,0,262144,shuffle,20261005,case_008080.csv
8081,mapping,iput,128,10000,1,0,131200,identity,20261005,case_008081.csv
8082,mapping,iput,128,10000,1,0,131200,reverse,20261005,case_008082.csv
8083,mapping,iput,128,10000,1,0,131200,transpose,20261005,case_008083.csv
8084,mapping,iput,128,10000,1,0,131200,shuffle,20261005,case_008084.csv
8085,mapping,iput,128,10000,1,0,131328,identity,20261005,case_008085.csv
8086,mapping,iput,128,10000,1,0,131328,reverse,20261005,case_008086.csv
8087,mapping,iput,128,10000,1,0,131328,transpose,20261005,case_008087.csv
8088,mapping,iput,128,10000,1,0,131328,shuffle,20261005,case_008088.csv
8089,mapping,iput,128,10000,1,0,135168,identity,20261005,case_008089.csv
8090,mapping,iput,128,10000,1,0,135168,reverse,20261005,case_008090.csv
8091,mapping,iput,128,10000,1,0,135168,transpose,20261005,case_008091.csv
8092,mapping,iput,128,10000,1,0,135168,shuffle,20261005,case_008092.csv
8093,mapping,iput,128,10000,1,0,262144,identity,20261005,case_008093.csv
8094,mapping,iput,128,10000,1,0,262144,reverse,20261005,case_008094.csv
8095,mapping,iput,128,10000,1,0,262144,transpose,20261005,case_008095.csv
8096,mapping,iput,128,10000,1,0,262144,shuffle,20261005,case_008096.csv
8097,mapping,iput,256,10000,1,0,131200,identity,20261005,case_008097.csv
8098,mapping,iput,256,10000,1,0,131200,reverse,20261005,case_008098.csv
8099,mapping,iput,256,10000,1,0,131200,transpose,20261005,case_008099.csv
8100,mapping,iput,256,10000,1,0,131200,shuffle,20261005,case_008100.csv
8101,mapping,iput,256,10000,1,0,131328,identity,20261005,case_008101.csv
8102,mapping,iput,256,10000,1,0,131328,reverse,20261005,case_008102.csv
8103,mapping,iput,256,10000,1,0,131328,transpose,20261005,case_008103.csv
8104,mapping,iput,256,10000,1,0,131328,shuffle,20261005,case_008104.csv
8105,mapping,iput,256,10000,1,0,135168,identity,20261005,case_008105.csv
8106,mapping,iput,256,10000,1,0,135168,reverse,20261005,case_008106.csv
8107,mapping,iput,256,10000,1,0,135168,transpose,20261005,case_008107.csv
8108,mapping,iput,256,10000,1,0,135168,shuffle,20261005,case_008108.csv
8109,mapping,iput,256,10000,1,0,262144,identity,20261005,case_008109.csv
8110,mapping,iput,256,10000,1,0,262144,reverse,20261005,case_008110.csv
8111,mapping,iput,256,10000,1,0,262144,transpose,20261005,case_008111.csv
8112,mapping,iput,256,10000,1,0,262144,shuffle,20261005,case_008112.csv
8113,mapping,iput,4096,1000,1,0,131200,identity,20261005,case_008113.csv
8114,mapping,iput,4096,1000,1,0,131200,reverse,20261005,case_008114.csv
8115,mapping,iput,4096,1000,1,0,131200,transpose,20261005,case_008115.csv
8116,mapping,iput,4096,1000,1,0,131200,shuffle,20261005,case_008116.csv
8117,mapping,iput,4096,1000,1,0,131328,identity,20261005,case_008117.csv
8118,mapping,iput,4096,1000,1,0,131328,reverse,20261005,case_008118.csv
8119,mapping,iput,4096,1000,1,0,131328,transpose,20261005,case_008119.csv
8120,mapping,iput,4096,1000,1,0,131328,shuffle,20261005,case_008120.csv
8121,mapping,iput,4096,1000,1,0,135168,identity,20261005,case_008121.csv
8122,mapping,iput,4096,1000,1,0,135168,reverse,20261005,case_008122.csv
8123,mapping,iput,4096,1000,1,0,135168,transpose,20261005,case_008123.csv
8124,mapping,iput,4096,1000,1,0,135168,shuffle,20261005,case_008124.csv
8125,mapping,iput,4096,1000,1,0,262144,identity,20261005,case_008125.csv
8126,mapping,iput,4096,1000,1,0,262144,reverse,20261005,case_008126.csv
8127,mapping,iput,4096,1000,1,0,262144,transpose,20261005,case_008127.csv
8128,mapping,iput,4096,1000,1,0,262144,shuffle,20261005,case_008128.csv
8129,mapping,iput,32768,1000,1,0,131200,identity,20261005,case_008129.csv
8130,mapping,iput,32768,1000,1,0,131200,reverse,20261005,case_008130.csv
8131,mapping,iput,32768,1000,1,0,131200,transpose,20261005,case_008131.csv
8132,mapping,iput,32768,1000,1,0,131200,shuffle,20261005,case_008132.csv
8133,mapping,iput,32768,1000,1,0,131328,identity,20261005,case_008133.csv
8134,mapping,iput,32768,1000,1,0,131328,reverse,20261005,case_008134.csv
8135,mapping,iput,32768,1000,1,0,131328,transpose,20261005,case_008135.csv
8136,mapping,iput,32768,1000,1,0,131328,shuffle,20261005,case_008136.csv
8137,mapping,iput,32768,1000,1,0,135168,identity,20261005,case_008137.csv
8138,mapping,iput,32768,1000,1,0,135168,reverse,20261005,case_008138.csv
8139,mapping,iput,32768,1000,1,0,135168,transpose,20261005,case_008139.csv
8140,mapping,iput,32768,1000,1,0,135168,shuffle,20261005,case_008140.csv
8141,mapping,iput,32768,1000,1,0,262144,identity,20261005,case_008141.csv
8142,mapping,iput,32768,1000,1,0,262144,reverse,20261005,case_008142.csv
8143,mapping,iput,32768,1000,1,0,262144,transpose,20261005,case_008143.csv
8144,mapping,iput,32768,1000,1,0,262144,shuffle,20261005,case_008144.csv
8145,mapping,iput,65536,1000,1,0,131200,identity,20261005,case_008145.csv
8146,mapping,iput,65536,1000,1,0,131200,reverse,20261005,case_008146.csv
8147,mapping,iput,65536,1000,1,0,131200,transpose,20261005,case_008147.csv
8148,mapping,iput,65536,1000,1,0,131200,shuffle,20261005,case_008148.csv
8149,mapping,iput,65536,1000,1,0,131328,identity,20261005,case_008149.csv
8150,mapping,iput,65536,1000,1,0,131328,reverse,20261005,case_008150.csv
8151,mapping,iput,65536,1000,1,0,131328,transpose,20261005,case_008151.csv
8152,mapping,iput,65536,1000,1,0,131328,shuffle,20261005,case_008152.csv
8153,mapping,iput,65536,1000,1,0,135168,identity,20261005,case_008153.csv
8154,mapping,iput,65536,1000,1,0,135168,reverse,20261005,case_008154.csv
8155,mapping,iput,65536,1000,1,0,135168,transpose,20261005,case_008155.csv
8156,mapping,iput,65536,1000,1,0,135168,shuffle,20261005,case_008156.csv
8157,mapping,iput,65536,1000,1,0,262144,identity,20261005,case_008157.csv
8158,mapping,iput,65536,1000,1,0,262144,reverse,20261005,case_008158.csv
8159,mapping,iput,65536,1000,1,0,262144,transpose,20261005,case_008159.csv
8160,mapping,iput,65536,1000,1,0,262144,shuffle,20261005,case_008160.csv
8161,mapping,iput,98304,1000,1,0,131200,identity,20261005,case_008161.csv
8162,mapping,iput,98304,1000,1,0,131200,reverse,20261005,case_008162.csv
8163,mapping,iput,98304,1000,1,0,131200,transpose,20261005,case_008163.csv
8164,mapping,iput,98304,1000,1,0,131200,shuffle,20261005,case_008164.csv
8165,mapping,iput,98304,1000,1,0,131328,identity,20261005,case_008165.csv
8166,mapping,iput,98304,1000,1,0,131328,reverse,20261005,case_008166.csv
8167,mapping,iput,98304,1000,1,0,131328,transpose,20261005,case_008167.csv
8168,mapping,iput,98304,1000,1,0,131328,shuffle,20261005,case_008168.csv
8169,mapping,iput,98304,1000,1,0,135168,identity,20261005,case_008169.csv
8170,mapping,iput,98304,1000,1,0,135168,reverse,20261005,case_008170.csv
8171,mapping,iput,98304,1000,1,0,135168,transpose,20261005,case_008171.csv
8172,mapping,iput,98304,1000,1,0,135168,shuffle,20261005,case_008172.csv
8173,mapping,iput,98304,1000,1,0,262144,identity,20261005,case_008173.csv
8174,mapping,iput,98304,1000,1,0,262144,reverse,20261005,case_008174.csv
8175,mapping,iput,98304,1000,1,0,262144,transpose,20261005,case_008175.csv
8176,mapping,iput,98304,1000,1,0,262144,shuffle,20261005,case_008176.csv
8177,mapping,iput,131072,1000,1,0,131200,identity,20261005,case_008177.csv
8178,mapping,iput,131072,1000,1,0,131200,reverse,20261005,case_008178.csv
8179,mapping,iput,131072,1000,1,0,131200,transpose,20261005,case_008179.csv
8180,mapping,iput,131072,1000,1,0,131200,shuffle,20261005,case_008180.csv
8181,mapping,iput,131072,1000,1,0,131328,identity,20261005,case_008181.csv
8182,mapping,iput,131072,1000,1,0,131328,reverse,20261005,case_008182.csv
8183,mapping,iput,131072,1000,1,0,131328,transpose,20261005,case_008183.csv
8184,mapping,iput,131072,1000,1,0,131328,shuffle,20261005,case_008184.csv
8185,mapping,iput,131072,1000,1,0,135168,identity,20261005,case_008185.csv
8186,mapping,iput,131072,1000,1,0,135168,reverse,20261005,case_008186.csv
8187,mapping,iput,131072,1000,1,0,135168,transpose,20261005,case_008187.csv
8188,mapping,iput,131072,1000,1,0,135168,shuffle,20261005,case_008188.csv
8189,mapping,iput,131072,1000,1,0,262144,identity,20261005,case_008189.csv
8190,mapping,iput,131072,1000,1,0,262144,reverse,20261005,case_008190.csv
8191,mapping,iput,131072,1000,1,0,262144,transpose,20261005,case_008191.csv
8192,mapping,iput,131072,1000,1,0,262144,shuffle,20261005,case_008192.csv
8193,mapping,iput,64,10000,1,4,131200,identity,20261005,case_008193.csv
8194,mapping,iput,64,10000,1,4,131200,reverse,20261005,case_008194.csv
8195,mapping,iput,64,10000,1,4,131200,transpose,20261005,case_008195.csv
8196,mapping,iput,64,10000,1,4,131200,shuffle,20261005,case_008196.csv
8197,mapping,iput,64,10000,1,4,131328,identity,20261005,case_008197.csv
8198,mapping,iput,64,10000,1,4,131328,reverse,20261005,case_008198.csv
8199,mapping,iput,64,10000,1,4,131328,transpose,20261005,case_008199.csv
8200,mapping,iput,64,10000,1,4,131328,shuffle,20261005,case_008200.csv
8201,mapping,iput,64,10000,1,4,135168,identity,20261005,case_008201.csv
8202,mapping,iput,64,10000,1,4,135168,reverse,20261005,case_008202.csv
8203,mapping,iput,64,10000,1,4,135168,transpose,20261005,case_008203.csv
8204,mapping,iput,64,10000,1,4,135168,shuffle,20261005,case_008204.csv
8205,mapping,iput,64,10000,1,4,262144,identity,20261005,case_008205.csv
8206,mapping,iput,64,10000,1,4,262144,reverse,20261005,case_008206.csv
8207,mapping,iput,64,10000,1,4,262144,transpose,20261005,case_008207.csv
8208,mapping,iput,64,10000,1,4,262144,shuffle,20261005,case_008208.csv
8209,mapping,iput,128,10000,1,4,131200,identity,20261005,case_008209.csv
8210,mapping,iput,128,10000,1,4,131200,reverse,20261005,case_008210.csv
8211,mapping,iput,128,10000,1,4,131200,transpose,20261005,case_008211.csv
8212,mapping,iput,128,10000,1,4,131200,shuffle,20261005,case_008212.csv
8213,mapping,iput,128,10000,1,4,131328,identity,20261005,case_008213.csv
8214,mapping,iput,128,10000,1,4,131328,reverse,20261005,case_008214.csv
8215,mapping,iput,128,10000,1,4,131328,transpose,20261005,case_008215.csv
8216,mapping,iput,128,10000,1,4,131328,shuffle,20261005,case_008216.csv
8217,mapping,iput,128,10000,1,4,135168,identity,20261005,case_008217.csv
8218,mapping,iput,128,10000,1,4,135168,reverse,20261005,case_008218.csv
8219,mapping,iput,128,10000,1,4,135168,transpose,20261005,case_008219.csv
8220,mapping,iput,128,10000,1,4,135168,shuffle,20261005,case_008220.csv
8221,mapping,iput,128,10000,1,4,262144,identity,20261005,case_008221.csv
8222,mapping,iput,128,10000,1,4,262144,reverse,20261005,case_008222.csv
8223,mapping,iput,128,10000,1,4,262144,transpose,20261005,case_008223.csv
8224,mapping,iput,128,10000,1,4,262144,shuffle,20261005,case_008224.csv
8225,mapping,iput,256,10000,1,4,131200,identity,20261005,case_008225.csv
8226,mapping,iput,256,10000,1,4,131200,reverse,20261005,case_008226.csv
8227,mapping,iput,256,10000,1,4,131200,transpose,20261005,case_008227.csv
8228,mapping,iput,256,10000,1,4,131200,shuffle,20261005,case_008228.csv
8229,mapping,iput,256,10000,1,4,131328,identity,20261005,case_008229.csv
8230,mapping,iput,256,10000,1,4,131328,reverse,20261005,case_008230.csv
8231,mapping,iput,256,10000,1,4,131328,transpose,20261005,case_008231.csv
8232,mapping,iput,256,10000,1,4,131328,shuffle,20261005,case_008232.csv
8233,mapping,iput,256,10000,1,4,135168,identity,20261005,case_008233.csv
8234,mapping,iput,256,10000,1,4,135168,reverse,20261005,case_008234.csv
8235,mapping,iput,256,10000,1,4,135168,transpose,20261005,case_008235.csv
8236,mapping,iput,256,10000,1,4,135168,shuffle,20261005,case_008236.csv
8237,mapping,iput,256,10000,1,4,262144,identity,20261005,case_008237.csv
8238,mapping,iput,256,10000,1,4,262144,reverse,20261005,case_008238.csv
8239,mapping,iput,256,10000,1,4,262144,transpose,20261005,case_008239.csv
8240,mapping,iput,256,10000,1,4,262144,shuffle,20261005,case_008240.csv
8241,mapping,iput,4096,1000,1,4,131200,identity,20261005,case_008241.csv
8242,mapping,iput,4096,1000,1,4,131200,reverse,20261005,case_008242.csv
8243,mapping,iput,4096,1000,1,4,131200,transpose,20261005,case_008243.csv
8244,mapping,iput,4096,1000,1,4,131200,shuffle,20261005,case_008244.csv
8245,mapping,iput,4096,1000,1,4,131328,identity,20261005,case_008245.csv
8246,mapping,iput,4096,1000,1,4,131328,reverse,20261005,case_008246.csv
8247,mapping,iput,4096,1000,1,4,131328,transpose,20261005,case_008247.csv
8248,mapping,iput,4096,1000,1,4,131328,shuffle,20261005,case_008248.csv
8249,mapping,iput,4096,1000,1,4,135168,identity,20261005,case_008249.csv
8250,mapping,iput,4096,1000,1,4,135168,reverse,20261005,case_008250.csv
8251,mapping,iput,4096,1000,1,4,135168,transpose,20261005,case_008251.csv
8252,mapping,iput,4096,1000,1,4,135168,shuffle,20261005,case_008252.csv
8253,mapping,iput,4096,1000,1,4,262144,identity,20261005,case_008253.csv
8254,mapping,iput,4096,1000,1,4,262144,reverse,20261005,case_008254.csv
8255,mapping,iput,4096,1000,1,4,262144,transpose,20261005,case_008255.csv
8256,mapping,iput,4096,1000,1,4,262144,shuffle,20261005,case_008256.csv
8257,mapping,iput,32768,1000,1,4,131200,identity,20261005,case_008257.csv
8258,mapping,iput,32768,1000,1,4,131200,reverse,20261005,case_008258.csv
8259,mapping,iput,32768,1000,1,4,131200,transpose,20261005,case_008259.csv
8260,mapping,iput,32768,1000,1,4,131200,shuffle,20261005,case_008260.csv
8261,mapping,iput,32768,1000,1,4,131328,identity,20261005,case_008261.csv
8262,mapping,iput,32768,1000,1,4,131328,reverse,20261005,case_008262.csv
8263,mapping,iput,32768,1000,1,4,131328,transpose,20261005,case_008263.csv
8264,mapping,iput,32768,1000,1,4,131328,shuffle,20261005,case_008264.csv
8265,mapping,iput,32768,1000,1,4,135168,identity,20261005,case_008265.csv
8266,mapping,iput,32768,1000,1,4,135168,reverse,20261005,case_008266.csv
8267,mapping,iput,32768,1000,1,4,135168,transpose,20261005,case_008267.csv
8268,mapping,iput,32768,1000,1,4,135168,shuffle,20261005,case_008268.csv
8269,mapping,iput,32768,1000,1,4,262144,identity,20261005,case_008269.csv
8270,mapping,iput,32768,1000,1,4,262144,reverse,20261005,case_008270.csv
8271,mapping,iput,32768,1000,1,4,262144,transpose,20261005,case_008271.csv
8272,mapping,iput,32768,1000,1,4,262144,shuffle,20261005,case_008272.csv
8273,mapping,iput,65536,1000,1,4,131200,identity,20261005,case_008273.csv
8274,mapping,iput,65536,1000,1,4,131200,reverse,20261005,case_008274.csv
8275,mapping,iput,65536,1000,1,4,131200,transpose,20261005,case_008275.csv
8276,mapping,iput,65536,1000,1,4,131200,shuffle,20261005,case_008276.csv
8277,mapping,iput,65536,1000,1,4,131328,identity,20261005,case_008277.csv
8278,mapping,iput,65536,1000,1,4,131328,reverse,20261005,case_008278.csv
8279,mapping,iput,65536,1000,1,4,131328,transpose,20261005,case_008279.csv
8280,mapping,iput,65536,1000,1,4,131328,shuffle,20261005,case_008280.csv
8281,mapping,iput,65536,1000,1,4,135168,identity,20261005,case_008281.csv
8282,mapping,iput,65536,1000,1,4,135168,reverse,20261005,case_008282.csv
8283,mapping,iput,65536,1000,1,4,135168,transpose,20261005,case_008283.csv
8284,mapping,iput,65536,1000,1,4,135168,shuffle,20261005,case_008284.csv
8285,mapping,iput,65536,1000,1,4,262144,identity,20261005,case_008285.csv
8286,mapping,iput,65536,1000,1,4,262144,reverse,20261005,case_008286.csv
8287,mapping,iput,65536,1000,1,4,262144,transpose,20261005,case_008287.csv
8288,mapping,iput,65536,1000,1,4,262144,shuffle,20261005,case_008288.csv
8289,mapping,iput,98304,1000,1,4,131200,identity,20261005,case_008289.csv
8290,mapping,iput,98304,1000,1,4,131200,reverse,20261005,case_008290.csv
8291,mapping,iput,98304,1000,1,4,131200,transpose,20261005,case_008291.csv
8292,mapping,iput,98304,1000,1,4,131200,shuffle,20261005,case_008292.csv
8293,mapping,iput,98304,1000,1,4,131328,identity,20261005,case_008293.csv
8294,mapping,iput,98304,1000,1,4,131328,reverse,20261005,case_008294.csv
8295,mapping,iput,98304,1000,1,4,131328,transpose,20261005,case_008295.csv
8296,mapping,iput,98304,1000,1,4,131328,shuffle,20261005,case_008296.csv
8297,mapping,iput,98304,1000,1,4,135168,identity,20261005,case_008297.csv
8298,mapping,iput,98304,1000,1,4,135168,reverse,20261005,case_008298.csv
8299,mapping,iput,98304,1000,1,4,135168,transpose,20261005,case_008299.csv
8300,mapping,iput,98304,1000,1,4,135168,shuffle,20261005,case_008300.csv
8301,mapping,iput,98304,1000,1,4,262144,identity,20261005,case_008301.csv
8302,mapping,iput,98304,1000,1,4,262144,reverse,20261005,case_008302.csv
8303,mapping,iput,98304,1000,1,4,262144,transpose,20261005,case_008303.csv
8304,mapping,iput,98304,1000,1,4,262144,shuffle,20261005,case_008304.csv
8305,mapping,iput,131072,1000,1,4,131200,identity,20261005,case_008305.csv
8306,mapping,iput,131072,1000,1,4,131200,reverse,20261005,case_008306.csv
8307,mapping,iput,131072,1000,1,4,131200,transpose,20261005,case_008307.csv
8308,mapping,iput,131072,1000,1,4,131200,shuffle,20261005,case_008308.csv
8309,mapping,iput,131072,1000,1,4,131328,identity,20261005,case_008309.csv
8310,mapping,iput,131072,1000,1,4,131328,reverse,20261005,case_008310.csv
8311,mapping,iput,131072,1000,1,4,131328,transpose,20261005,case_008311.csv
8312,mapping,iput,131072,1000,1,4,131328,shuffle,20261005,case_008312.csv
8313,mapping,iput,131072,1000,1,4,135168,identity,20261005,case_008313.csv
8314,mapping,iput,131072,1000,1,4,135168,reverse,20261005,case_008314.csv
8315,mapping,iput,131072,1000,1,4,135168,transpose,20261005,case_008315.csv
8316,mapping,iput,131072,1000,1,4,135168,shuffle,20261005,case_008316.csv
8317,mapping,iput,131072,1000,1,4,262144,identity,20261005,case_008317.csv
8318,mapping,iput,131072,1000,1,4,262144,reverse,20261005,case_008318.csv
8319,mapping,iput,131072,1000,1,4,262144,transpose,20261005,case_008319.csv
8320,mapping,iput,131072,1000,1,4,262144,shuffle,20261005,case_008320.csv
8321,mapping,iput,64,10000,2,0,131200,identity,20261005,case_008321.csv
8322,mapping,iput,64,10000,2,0,131200,reverse,20261005,case_008322.csv
8323,mapping,iput,64,10000,2,0,131200,transpose,20261005,case_008323.csv
8324,mapping,iput,64,10000,2,0,131200,shuffle,20261005,case_008324.csv
8325,mapping,iput,64,10000,2,0,131328,identity,20261005,case_008325.csv
8326,mapping,iput,64,10000,2,0,131328,reverse,20261005,case_008326.csv
8327,mapping,iput,64,10000,2,0,131328,transpose,20261005,case_008327.csv
8328,mapping,iput,64,10000,2,0,131328,shuffle,20261005,case_008328.csv
8329,mapping,iput,64,10000,2,0,135168,identity,20261005,case_008329.csv
8330,mapping,iput,64,10000,2,0,135168,reverse,20261005,case_008330.csv
8331,mapping,iput,64,10000,2,0,135168,transpose,20261005,case_008331.csv
8332,mapping,iput,64,10000,2,0,135168,shuffle,20261005,case_008332.csv
8333,mapping,iput,64,10000,2,0,262144,identity,20261005,case_008333.csv
8334,mapping,iput,64,10000,2,0,262144,reverse,20261005,case_008334.csv
8335,mapping,iput,64,10000,2,0,262144,transpose,20261005,case_008335.csv
8336,mapping,iput,64,10000,2,0,262144,shuffle,20261005,case_008336.csv
8337,mapping,iput,128,10000,2,0,131200,identity,20261005,case_008337.csv
8338,mapping,iput,128,10000,2,0,131200,reverse,20261005,case_008338.csv
8339,mapping,iput,128,10000,2,0,131200,transpose,20261005,case_008339.csv
8340,mapping,iput,128,10000,2,0,131200,shuffle,20261005,case_008340.csv
8341,mapping,iput,128,10000,2,0,131328,identity,20261005,case_008341.csv
8342,mapping,iput,128,10000,2,0,131328,reverse,20261005,case_008342.csv
8343,mapping,iput,128,10000,2,0,131328,transpose,20261005,case_008343.csv
8344,mapping,iput,128,10000,2,0,131328,shuffle,20261005,case_008344.csv
8345,mapping,iput,128,10000,2,0,135168,identity,20261005,case_008345.csv
8346,mapping,iput,128,10000,2,0,135168,reverse,20261005,case_008346.csv
8347,mapping,iput,128,10000,2,0,135168,transpose,20261005,case_008347.csv
8348,mapping,iput,128,10000,2,0,135168,shuffle,20261005,case_008348.csv
8349,mapping,iput,128,10000,2,0,262144,identity,20261005,case_008349.csv
8350,mapping,iput,128,10000,2,0,262144,reverse,20261005,case_008350.csv
8351,mapping,iput,128,10000,2,0,262144,transpose,20261005,case_008351.csv
8352,mapping,iput,128,10000,2,0,262144,shuffle,20261005,case_008352.csv
8353,mapping,iput,256,10000,2,0,131200,identity,20261005,case_008353.csv
8354,mapping,iput,256,10000,2,0,131200,reverse,20261005,case_008354.csv
8355,mapping,iput,256,10000,2,0,131200,transpose,20261005,case_008355.csv
8356,mapping,iput,256,10000,2,0,131200,shuffle,20261005,case_008356.csv
8357,mapping,iput,256,10000,2,0,131328,identity,20261005,case_008357.csv
8358,mapping,iput,256,10000,2,0,131328,reverse,20261005,case_008358.csv
8359,mapping,iput,256,10000,2,0,131328,transpose,20261005,case_008359.csv
8360,mapping,iput,256,10000,2,0,131328,shuffle,20261005,case_008360.csv
8361,mapping,iput,256,10000,2,0,135168,identity,20261005,case_008361.csv
8362,mapping,iput,256,10000,2,0,135168,reverse,20261005,case_008362.csv
8363,mapping,iput,256,10000,2,0,135168,transpose,20261005,case_008363.csv
8364,mapping,iput,256,10000,2,0,135168,shuffle,20261005,case_008364.csv
8365,mapping,iput,256,10000,2,0,262144,identity,20261005,case_008365.csv
8366,mapping,iput,256,10000,2,0,262144,reverse,20261005,case_008366.csv
8367,mapping,iput,256,10000,2,0,262144,transpose,20261005,case_008367.csv
8368,mapping,iput,256,10000,2,0,262144,shuffle,20261005,case_008368.csv
8369,mapping,iput,4096,1000,2,0,131200,identity,20261005,case_008369.csv
8370,mapping,iput,4096,1000,2,0,131200,reverse,20261005,case_008370.csv
8371,mapping,iput,4096,1000,2,0,131200,transpose,20261005,case_008371.csv
8372,mapping,iput,4096,1000,2,0,131200,shuffle,20261005,case_008372.csv
8373,mapping,iput,4096,1000,2,0,131328,identity,20261005,case_008373.csv
8374,mapping,iput,4096,1000,2,0,131328,reverse,20261005,case_008374.csv
8375,mapping,iput,4096,1000,2,0,131328,transpose,20261005,case_008375.csv
8376,mapping,iput,4096,1000,2,0,131328,shuffle,20261005,case_008376.csv
8377,mapping,iput,4096,1000,2,0,135168,identity,20261005,case_008377.csv
8378,mapping,iput,4096,1000,2,0,135168,reverse,20261005,case_008378.csv
8379,mapping,iput,4096,1000,2,0,135168,transpose,20261005,case_008379.csv
8380,mapping,iput,4096,1000,2,0,135168,shuffle,20261005,case_008380.csv
8381,mapping,iput,4096,1000,2,0,262144,identity,20261005,case_008381.csv
8382,mapping,iput,4096,1000,2,0,262144,reverse,20261005,case_008382.csv
8383,mapping,iput,4096,1000,2,0,262144,transpose,20261005,case_008383.csv
8384,mapping,iput,4096,1000,2,0,262144,shuffle,20261005,case_008384.csv
8385,mapping,iput,32768,1000,2,0,131200,identity,20261005,case_008385.csv
8386,mapping,iput,32768,1000,2,0,131200,reverse,20261005,case_008386.csv
8387,mapping,iput,32768,1000,2,0,131200,transpose,20261005,case_008387.csv
8388,mapping,iput,32768,1000,2,0,131200,shuffle,20261005,case_008388.csv
8389,mapping,iput,32768,1000,2,0,131328,identity,20261005,case_008389.csv
8390,mapping,iput,32768,1000,2,0,131328,reverse,20261005,case_008390.csv
8391,mapping,iput,32768,1000,2,0,131328,transpose,20261005,case_008391.csv
8392,mapping,iput,32768,1000,2,0,131328,shuffle,20261005,case_008392.csv
8393,mapping,iput,32768,1000,2,0,135168,identity,20261005,case_008393.csv
8394,mapping,iput,32768,1000,2,0,135168,reverse,20261005,case_008394.csv
8395,mapping,iput,32768,1000,2,0,135168,transpose,20261005,case_008395.csv
8396,mapping,iput,32768,1000,2,0,135168,shuffle,20261005,case_008396.csv
8397,mapping,iput,32768,1000,2,0,262144,identity,20261005,case_008397.csv
8398,mapping,iput,32768,1000,2,0,262144,reverse,20261005,case_008398.csv
8399,mapping,iput,32768,1000,2,0,262144,transpose,20261005,case_008399.csv
8400,mapping,iput,32768,1000,2,0,262144,shuffle,20261005,case_008400.csv
8401,mapping,iput,65536,1000,2,0,131200,identity,20261005,case_008401.csv
8402,mapping,iput,65536,1000,2,0,131200,reverse,20261005,case_008402.csv
8403,mapping,iput,65536,1000,2,0,131200,transpose,20261005,case_008403.csv
8404,mapping,iput,65536,1000,2,0,131200,shuffle,20261005,case_008404.csv
8405,mapping,iput,65536,1000,2,0,131328,identity,20261005,case_008405.csv
8406,mapping,iput,65536,1000,2,0,131328,reverse,20261005,case_008406.csv
8407,mapping,iput,65536,1000,2,0,131328,transpose,20261005,case_008407.csv
8408,mapping,iput,65536,1000,2,0,131328,shuffle,20261005,case_008408.csv
8409,mapping,iput,65536,1000,2,0,135168,identity,20261005,case_008409.csv
8410,mapping,iput,65536,1000,2,0,135168,reverse,20261005,case_008410.csv
8411,mapping,iput,65536,1000,2,0,135168,transpose,20261005,case_008411.csv
8412,mapping,iput,65536,1000,2,0,135168,shuffle,20261005,case_008412.csv
8413,mapping,iput,65536,1000,2,0,262144,identity,20261005,case_008413.csv
8414,mapping,iput,65536,1000,2,0,262144,reverse,20261005,case_008414.csv
8415,mapping,iput,65536,1000,2,0,262144,transpose,20261005,case_008415.csv
8416,mapping,iput,65536,1000,2,0,262144,shuffle,20261005,case_008416.csv
8417,mapping,iput,98304,1000,2,0,131200,identity,20261005,case_008417.csv
8418,mapping,iput,98304,1000,2,0,131200,reverse,20261005,case_008418.csv
8419,mapping,iput,98304,1000,2,0,131200,transpose,20261005,case_008419.csv
8420,mapping,iput,98304,1000,2,0,131200,shuffle,20261005,case_008420.csv
8421,mapping,iput,98304,1000,2,0,131328,identity,20261005,case_008421.csv
8422,mapping,iput,98304,1000,2,0,131328,reverse,20261005,case_008422.csv
8423,mapping,iput,98304,1000,2,0,131328,transpose,20261005,case_008423.csv
8424,mapping,iput,98304,1000,2,0,131328,shuffle,20261005,case_008424.csv
8425,mapping,iput,98304,1000,2,0,135168,identity,20261005,case_008425.csv
8426,mapping,iput,98304,1000,2,0,135168,reverse,20261005,case_008426.csv
8427,mapping,iput,98304,1000,2,0,135168,transpose,20261005,case_008427.csv
8428,mapping,iput,98304,1000,2,0,135168,shuffle,20261005,case_008428.csv
8429,mapping,iput,98304,1000,2,0,262144,identity,20261005,case_008429.csv
8430,mapping,iput,98304,1000,2,0,262144,reverse,20261005,case_008430.csv
8431,mapping,iput,98304,1000,2,0,262144,transpose,20261005,case_008431.csv
8432,mapping,iput,98304,1000,2,0,262144,shuffle,20261005,case_008432.csv
8433,mapping,iput,131072,1000,2,0,131200,identity,20261005,case_008433.csv
8434,mapping,iput,131072,1000,2,0,131200,reverse,20261005,case_008434.csv
8435,mapping,iput,131072,1000,2,0,131200,transpose,20261005,case_008435.csv
8436,mapping,iput,131072,1000,2,0,131200,shuffle,20261005,case_008436.csv
8437,mapping,iput,131072,1000,2,0,131328,identity,20261005,case_008437.csv
8438,mapping,iput,131072,1000,2,0,131328,reverse,20261005,case_008438.csv
8439,mapping,iput,131072,1000,2,0,131328,transpose,20261005,case_008439.csv
8440,mapping,iput,131072,1000,2,0,131328,shuffle,20261005,case_008440.csv
8441,mapping,iput,131072,1000,2,0,135168,identity,20261005,case_008441.csv
8442,mapping,iput,131072,1000,2,0,135168,reverse,20261005,case_008442.csv
8443,mapping,iput,131072,1000,2,0,135168,transpose,20261005,case_008443.csv
8444,mapping,iput,131072,1000,2,0,135168,shuffle,20261005,case_008444.csv
8445,mapping,iput,131072,1000,2,0,262144,identity,20261005,case_008445.csv
8446,mapping,iput,131072,1000,2,0,262144,reverse,20261005,case_008446.csv
8447,mapping,iput,131072,1000,2,0,262144,transpose,20261005,case_008447.csv
8448,mapping,iput,131072,1000,2,0,262144,shuffle,20261005,case_008448.csv
8449,mapping,iput,64,10000,2,4,131200,identity,20261005,case_008449.csv
8450,mapping,iput,64,10000,2,4,131200,reverse,20261005,case_008450.csv
8451,mapping,iput,64,10000,2,4,131200,transpose,20261005,case_008451.csv
8452,mapping,iput,64,10000,2,4,131200,shuffle,20261005,case_008452.csv
8453,mapping,iput,64,10000,2,4,131328,identity,20261005,case_008453.csv
8454,mapping,iput,64,10000,2,4,131328,reverse,20261005,case_008454.csv
8455,mapping,iput,64,10000,2,4,131328,transpose,20261005,case_008455.csv
8456,mapping,iput,64,10000,2,4,131328,shuffle,20261005,case_008456.csv
8457,mapping,iput,64,10000,2,4,135168,identity,20261005,case_008457.csv
8458,mapping,iput,64,10000,2,4,135168,reverse,20261005,case_008458.csv
8459,mapping,iput,64,10000,2,4,135168,transpose,20261005,case_008459.csv
8460,mapping,iput,64,10000,2,4,135168,shuffle,20261005,case_008460.csv
8461,mapping,iput,64,10000,2,4,262144,identity,20261005,case_008461.csv
8462,mapping,iput,64,10000,2,4,262144,reverse,20261005,case_008462.csv
8463,mapping,iput,64,10000,2,4,262144,transpose,20261005,case_008463.csv
8464,mapping,iput,64,10000,2,4,262144,shuffle,20261005,case_008464.csv
8465,mapping,iput,128,10000,2,4,131200,identity,20261005,case_008465.csv
8466,mapping,iput,128,10000,2,4,131200,reverse,20261005,case_008466.csv
8467,mapping,iput,128,10000,2,4,131200,transpose,20261005,case_008467.csv
8468,mapping,iput,128,10000,2,4,131200,shuffle,20261005,case_008468.csv
8469,mapping,iput,128,10000,2,4,131328,identity,20261005,case_008469.csv
8470,mapping,iput,128,10000,2,4,131328,reverse,20261005,case_008470.csv
8471,mapping,iput,128,10000,2,4,131328,transpose,20261005,case_008471.csv
8472,mapping,iput,128,10000,2,4,131328,shuffle,20261005,case_008472.csv
8473,mapping,iput,128,10000,2,4,135168,identity,20261005,case_008473.csv
8474,mapping,iput,128,10000,2,4,135168,reverse,20261005,case_008474.csv
8475,mapping,iput,128,10000,2,4,135168,transpose,20261005,case_008475.csv
8476,mapping,iput,128,10000,2,4,135168,shuffle,20261005,case_008476.csv
8477,mapping,iput,128,10000,2,4,262144,identity,20261005,case_008477.csv
8478,mapping,iput,128,10000,2,4,262144,reverse,20261005,case_008478.csv
8479,mapping,iput,128,10000,2,4,262144,transpose,20261005,case_008479.csv
8480,mapping,iput,128,10000,2,4,262144,shuffle,20261005,case_008480.csv
8481,mapping,iput,256,10000,2,4,131200,identity,20261005,case_008481.csv
8482,mapping,iput,256,10000,2,4,131200,reverse,20261005,case_008482.csv
8483,mapping,iput,256,10000,2,4,131200,transpose,20261005,case_008483.csv
8484,mapping,iput,256,10000,2,4,131200,shuffle,20261005,case_008484.csv
8485,mapping,iput,256,10000,2,4,131328,identity,20261005,case_008485.csv
8486,mapping,iput,256,10000,2,4,131328,reverse,20261005,case_008486.csv
8487,mapping,iput,256,10000,2,4,131328,transpose,20261005,case_008487.csv
8488,mapping,iput,256,10000,2,4,131328,shuffle,20261005,case_008488.csv
8489,mapping,iput,256,10000,2,4,135168,identity,20261005,case_008489.csv
8490,mapping,iput,256,10000,2,4,135168,reverse,20261005,case_008490.csv
8491,mapping,iput,256,10000,2,4,135168,transpose,20261005,case_008491.csv
8492,mapping,iput,256,10000,2,4,135168,shuffle,20261005,case_008492.csv
8493,mapping,iput,256,10000,2,4,262144,identity,20261005,case_008493.csv
8494,mapping,iput,256,10000,2,4,262144,reverse,20261005,case_008494.csv
8495,mapping,iput,256,10000,2,4,262144,transpose,20261005,case_008495.csv
8496,mapping,iput,256,10000,2,4,262144,shuffle,20261005,case_008496.csv
8497,mapping,iput,4096,1000,2,4,131200,identity,20261005,case_008497.csv
8498,mapping,iput,4096,1000,2,4,131200,reverse,20261005,case_008498.csv
8499,mapping,iput,4096,1000,2,4,131200,transpose,20261005,case_008499.csv
8500,mapping,iput,4096,1000,2,4,131200,shuffle,20261005,case_008500.csv
8501,mapping,iput,4096,1000,2,4,131328,identity,20261005,case_008501.csv
8502,mapping,iput,4096,1000,2,4,131328,reverse,20261005,case_008502.csv
8503,mapping,iput,4096,1000,2,4,131328,transpose,20261005,case_008503.csv
8504,mapping,iput,4096,1000,2,4,131328,shuffle,20261005,case_008504.csv
8505,mapping,iput,4096,1000,2,4,135168,identity,20261005,case_008505.csv
8506,mapping,iput,4096,1000,2,4,135168,reverse,20261005,case_008506.csv
8507,mapping,iput,4096,1000,2,4,135168,transpose,20261005,case_008507.csv
8508,mapping,iput,4096,1000,2,4,135168,shuffle,20261005,case_008508.csv
8509,mapping,iput,4096,1000,2,4,262144,identity,20261005,case_008509.csv
8510,mapping,iput,4096,1000,2,4,262144,reverse,20261005,case_008510.csv
8511,mapping,iput,4096,1000,2,4,262144,transpose,20261005,case_008511.csv
8512,mapping,iput,4096,1000,2,4,262144,shuffle,20261005,case_008512.csv
8513,mapping,iput,32768,1000,2,4,131200,identity,20261005,case_008513.csv
8514,mapping,iput,32768,1000,2,4,131200,reverse,20261005,case_008514.csv
8515,mapping,iput,32768,1000,2,4,131200,transpose,20261005,case_008515.csv
8516,mapping,iput,32768,1000,2,4,131200,shuffle,20261005,case_008516.csv
8517,mapping,iput,32768,1000,2,4,131328,identity,20261005,case_008517.csv
8518,mapping,iput,32768,1000,2,4,131328,reverse,20261005,case_008518.csv
8519,mapping,iput,32768,1000,2,4,131328,transpose,20261005,case_008519.csv
8520,mapping,iput,32768,1000,2,4,131328,shuffle,20261005,case_008520.csv
8521,mapping,iput,32768,1000,2,4,135168,identity,20261005,case_008521.csv
8522,mapping,iput,32768,1000,2,4,135168,reverse,20261005,case_008522.csv
8523,mapping,iput,32768,1000,2,4,135168,transpose,20261005,case_008523.csv
8524,mapping,iput,32768,1000,2,4,135168,shuffle,20261005,case_008524.csv
8525,mapping,iput,32768,1000,2,4,262144,identity,20261005,case_008525.csv
8526,mapping,iput,32768,1000,2,4,262144,reverse,20261005,case_008526.csv
8527,mapping,iput,32768,1000,2,4,262144,transpose,20261005,case_008527.csv
8528,mapping,iput,32768,1000,2,4,262144,shuffle,20261005,case_008528.csv
8529,mapping,iput,65536,1000,2,4,131200,identity,20261005,case_008529.csv
8530,mapping,iput,65536,1000,2,4,131200,reverse,20261005,case_008530.csv
8531,mapping,iput,65536,1000,2,4,131200,transpose,20261005,case_008531.csv
8532,mapping,iput,65536,1000,2,4,131200,shuffle,20261005,case_008532.csv
8533,mapping,iput,65536,1000,2,4,131328,identity,20261005,case_008533.csv
8534,mapping,iput,65536,1000,2,4,131328,reverse,20261005,case_008534.csv
8535,mapping,iput,65536,1000,2,4,131328,transpose,20261005,case_008535.csv
8536,mapping,iput,65536,1000,2,4,131328,shuffle,20261005,case_008536.csv
8537,mapping,iput,65536,1000,2,4,135168,identity,20261005,case_008537.csv
8538,mapping,iput,65536,1000,2,4,135168,reverse,20261005,case_008538.csv
8539,mapping,iput,65536,1000,2,4,135168,transpose,20261005,case_008539.csv
8540,mapping,iput,65536,1000,2,4,135168,shuffle,20261005,case_008540.csv
8541,mapping,iput,65536,1000,2,4,262144,identity,20261005,case_008541.csv
8542,mapping,iput,65536,1000,2,4,262144,reverse,20261005,case_008542.csv
8543,mapping,iput,65536,1000,2,4,262144,transpose,20261005,case_008543.csv
8544,mapping,iput,65536,1000,2,4,262144,shuffle,20261005,case_008544.csv
8545,mapping,iput,98304,1000,2,4,131200,identity,20261005,case_008545.csv
8546,mapping,iput,98304,1000,2,4,131200,reverse,20261005,case_008546.csv
8547,mapping,iput,98304,1000,2,4,131200,transpose,20261005,case_008547.csv
8548,mapping,iput,98304,1000,2,4,131200,shuffle,20261005,case_008548.csv
8549,mapping,iput,98304,1000,2,4,131328,identity,20261005,case_008549.csv
8550,mapping,iput,98304,1000,2,4,131328,reverse,20261005,case_008550.csv
8551,mapping,iput,98304,1000,2,4,131328,transpose,20261005,case_008551.csv
8552,mapping,iput,98304,1000,2,4,131328,shuffle,20261005,case_008552.csv
8553,mapping,iput,98304,1000,2,4,135168,identity,20261005,case_008553.csv
8554,mapping,iput,98304,1000,2,4,135168,reverse,20261005,case_008554.csv
8555,mapping,iput,98304,1000,2,4,135168,transpose,20261005,case_008555.csv
8556,mapping,iput,98304,1000,2,4,135168,shuffle,20261005,case_008556.csv
8557,mapping,iput,98304,1000,2,4,262144,identity,20261005,case_008557.csv
8558,mapping,iput,98304,1000,2,4,262144,reverse,20261005,case_008558.csv
8559,mapping,iput,98304,1000,2,4,262144,transpose,20261005,case_008559.csv
8560,mapping,iput,98304,1000,2,4,262144,shuffle,20261005,case_008560.csv
8561,mapping,iput,131072,1000,2,4,131200,identity,20261005,case_008561.csv
8562,mapping,iput,131072,1000,2,4,131200,reverse,20261005,case_008562.csv
8563,mapping,iput,131072,1000,2,4,131200,transpose,20261005,case_008563.csv
8564,mapping,iput,131072,1000,2,4,131200,shuffle,20261005,case_008564.csv
8565,mapping,iput,131072,1000,2,4,131328,identity,20261005,case_008565.csv
8566,mapping,iput,131072,1000,2,4,131328,reverse,20261005,case_008566.csv
8567,mapping,iput,131072,1000,2,4,131328,transpose,20261005,case_008567.csv
8568,mapping,iput,131072,1000,2,4,131328,shuffle,20261005,case_008568.csv
8569,mapping,iput,131072,1000,2,4,135168,identity,20261005,case_008569.csv
8570,mapping,iput,131072,1000,2,4,135168,reverse,20261005,case_008570.csv
8571,mapping,iput,131072,1000,2,4,135168,transpose,20261005,case_008571.csv
8572,mapping,iput,131072,1000,2,4,135168,shuffle,20261005,case_008572.csv
8573,mapping,iput,131072,1000,2,4,262144,identity,20261005,case_008573.csv
8574,mapping,iput,131072,1000,2,4,262144,reverse,20261005,case_008574.csv
8575,mapping,iput,131072,1000,2,4,262144,transpose,20261005,case_008575.csv
8576,mapping,iput,131072,1000,2,4,262144,shuffle,20261005,case_008576.csv
8577,mapping,iput,64,10000,4,0,131200,identity,20261005,case_008577.csv
8578,mapping,iput,64,10000,4,0,131200,reverse,20261005,case_008578.csv
8579,mapping,iput,64,10000,4,0,131200,transpose,20261005,case_008579.csv
8580,mapping,iput,64,10000,4,0,131200,shuffle,20261005,case_008580.csv
8581,mapping,iput,64,10000,4,0,131328,identity,20261005,case_008581.csv
8582,mapping,iput,64,10000,4,0,131328,reverse,20261005,case_008582.csv
8583,mapping,iput,64,10000,4,0,131328,transpose,20261005,case_008583.csv
8584,mapping,iput,64,10000,4,0,131328,shuffle,20261005,case_008584.csv
8585,mapping,iput,64,10000,4,0,135168,identity,20261005,case_008585.csv
8586,mapping,iput,64,10000,4,0,135168,reverse,20261005,case_008586.csv
8587,mapping,iput,64,10000,4,0,135168,transpose,20261005,case_008587.csv
8588,mapping,iput,64,10000,4,0,135168,shuffle,20261005,case_008588.csv
8589,mapping,iput,64,10000,4,0,262144,identity,20261005,case_008589.csv
8590,mapping,iput,64,10000,4,0,262144,reverse,20261005,case_008590.csv
8591,mapping,iput,64,10000,4,0,262144,transpose,20261005,case_008591.csv
8592,mapping,iput,64,10000,4,0,262144,shuffle,20261005,case_008592.csv
8593,mapping,iput,128,10000,4,0,131200,identity,20261005,case_008593.csv
8594,mapping,iput,128,10000,4,0,131200,reverse,20261005,case_008594.csv
8595,mapping,iput,128,10000,4,0,131200,transpose,20261005,case_008595.csv
8596,mapping,iput,128,10000,4,0,131200,shuffle,20261005,case_008596.csv
8597,mapping,iput,128,10000,4,0,131328,identity,20261005,case_008597.csv
8598,mapping,iput,128,10000,4,0,131328,reverse,20261005,case_008598.csv
8599,mapping,iput,128,10000,4,0,131328,transpose,20261005,case_008599.csv
8600,mapping,iput,128,10000,4,0,131328,shuffle,20261005,case_008600.csv
8601,mapping,iput,128,10000,4,0,135168,identity,20261005,case_008601.csv
8602,mapping,iput,128,10000,4,0,135168,reverse,20261005,case_008602.csv
8603,mapping,iput,128,10000,4,0,135168,transpose,20261005,case_008603.csv
8604,mapping,iput,128,10000,4,0,135168,shuffle,20261005,case_008604.csv
8605,mapping,iput,128,10000,4,0,262144,identity,20261005,case_008605.csv
8606,mapping,iput,128,10000,4,0,262144,reverse,20261005,case_008606.csv
8607,mapping,iput,128,10000,4,0,262144,transpose,20261005,case_008607.csv
8608,mapping,iput,128,10000,4,0,262144,shuffle,20261005,case_008608.csv
8609,mapping,iput,256,10000,4,0,131200,identity,20261005,case_008609.csv
8610,mapping,iput,256,10000,4,0,131200,reverse,20261005,case_008610.csv
8611,mapping,iput,256,10000,4,0,131200,transpose,20261005,case_008611.csv
8612,mapping,iput,256,10000,4,0,131200,shuffle,20261005,case_008612.csv
8613,mapping,iput,256,10000,4,0,131328,identity,20261005,case_008613.csv
8614,mapping,iput,256,10000,4,0,131328,reverse,20261005,case_008614.csv
8615,mapping,iput,256,10000,4,0,131328,transpose,20261005,case_008615.csv
8616,mapping,iput,256,10000,4,0,131328,shuffle,20261005,case_008616.csv
8617,mapping,iput,256,10000,4,0,135168,identity,20261005,case_008617.csv
8618,mapping,iput,256,10000,4,0,135168,reverse,20261005,case_008618.csv
8619,mapping,iput,256,10000,4,0,135168,transpose,20261005,case_008619.csv
8620,mapping,iput,256,10000,4,0,135168,shuffle,20261005,case_008620.csv
8621,mapping,iput,256,10000,4,0,262144,identity,20261005,case_008621.csv
8622,mapping,iput,256,10000,4,0,262144,reverse,20261005,case_008622.csv
8623,mapping,iput,256,10000,4,0,262144,transpose,20261005,case_008623.csv
8624,mapping,iput,256,10000,4,0,262144,shuffle,20261005,case_008624.csv
8625,mapping,iput,4096,1000,4,0,131200,identity,20261005,case_008625.csv
8626,mapping,iput,4096,1000,4,0,131200,reverse,20261005,case_008626.csv
8627,mapping,iput,4096,1000,4,0,131200,transpose,20261005,case_008627.csv
8628,mapping,iput,4096,1000,4,0,131200,shuffle,20261005,case_008628.csv
8629,mapping,iput,4096,1000,4,0,131328,identity,20261005,case_008629.csv
8630,mapping,iput,4096,1000,4,0,131328,reverse,20261005,case_008630.csv
8631,mapping,iput,4096,1000,4,0,131328,transpose,20261005,case_008631.csv
8632,mapping,iput,4096,1000,4,0,131328,shuffle,20261005,case_008632.csv
8633,mapping,iput,4096,1000,4,0,135168,identity,20261005,case_008633.csv
8634,mapping,iput,4096,1000,4,0,135168,reverse,20261005,case_008634.csv
8635,mapping,iput,4096,1000,4,0,135168,transpose,20261005,case_008635.csv
8636,mapping,iput,4096,1000,4,0,135168,shuffle,20261005,case_008636.csv
8637,mapping,iput,4096,1000,4,0,262144,identity,20261005,case_008637.csv
8638,mapping,iput,4096,1000,4,0,262144,reverse,20261005,case_008638.csv
8639,mapping,iput,4096,1000,4,0,262144,transpose,20261005,case_008639.csv
8640,mapping,iput,4096,1000,4,0,262144,shuffle,20261005,case_008640.csv
8641,mapping,iput,32768,1000,4,0,131200,identity,20261005,case_008641.csv
8642,mapping,iput,32768,1000,4,0,131200,reverse,20261005,case_008642.csv
8643,mapping,iput,32768,1000,4,0,131200,transpose,20261005,case_008643.csv
8644,mapping,iput,32768,1000,4,0,131200,shuffle,20261005,case_008644.csv
8645,mapping,iput,32768,1000,4,0,131328,identity,20261005,case_008645.csv
8646,mapping,iput,32768,1000,4,0,131328,reverse,20261005,case_008646.csv
8647,mapping,iput,32768,1000,4,0,131328,transpose,20261005,case_008647.csv
8648,mapping,iput,32768,1000,4,0,131328,shuffle,20261005,case_008648.csv
8649,mapping,iput,32768,1000,4,0,135168,identity,20261005,case_008649.csv
8650,mapping,iput,32768,1000,4,0,135168,reverse,20261005,case_008650.csv
8651,mapping,iput,32768,1000,4,0,135168,transpose,20261005,case_008651.csv
8652,mapping,iput,32768,1000,4,0,135168,shuffle,20261005,case_008652.csv
8653,mapping,iput,32768,1000,4,0,262144,identity,20261005,case_008653.csv
8654,mapping,iput,32768,1000,4,0,262144,reverse,20261005,case_008654.csv
8655,mapping,iput,32768,1000,4,0,262144,transpose,20261005,case_008655.csv
8656,mapping,iput,32768,1000,4,0,262144,shuffle,20261005,case_008656.csv
8657,mapping,iput,65536,1000,4,0,131200,identity,20261005,case_008657.csv
8658,mapping,iput,65536,1000,4,0,131200,reverse,20261005,case_008658.csv
8659,mapping,iput,65536,1000,4,0,131200,transpose,20261005,case_008659.csv
8660,mapping,iput,65536,1000,4,0,131200,shuffle,20261005,case_008660.csv
8661,mapping,iput,65536,1000,4,0,131328,identity,20261005,case_008661.csv
8662,mapping,iput,65536,1000,4,0,131328,reverse,20261005,case_008662.csv
8663,mapping,iput,65536,1000,4,0,131328,transpose,20261005,case_008663.csv
8664,mapping,iput,65536,1000,4,0,131328,shuffle,20261005,case_008664.csv
8665,mapping,iput,65536,1000,4,0,135168,identity,20261005,case_008665.csv
8666,mapping,iput,65536,1000,4,0,135168,reverse,20261005,case_008666.csv
8667,mapping,iput,65536,1000,4,0,135168,transpose,20261005,case_008667.csv
8668,mapping,iput,65536,1000,4,0,135168,shuffle,20261005,case_008668.csv
8669,mapping,iput,65536,1000,4,0,262144,identity,20261005,case_008669.csv
8670,mapping,iput,65536,1000,4,0,262144,reverse,20261005,case_008670.csv
8671,mapping,iput,65536,1000,4,0,262144,transpose,20261005,case_008671.csv
8672,mapping,iput,65536,1000,4,0,262144,shuffle,20261005,case_008672.csv
8673,mapping,iput,98304,1000,4,0,131200,identity,20261005,case_008673.csv
8674,mapping,iput,98304,1000,4,0,131200,reverse,20261005,case_008674.csv
8675,mapping,iput,98304,1000,4,0,131200,transpose,20261005,case_008675.csv
8676,mapping,iput,98304,1000,4,0,131200,shuffle,20261005,case_008676.csv
8677,mapping,iput,98304,1000,4,0,131328,identity,20261005,case_008677.csv
8678,mapping,iput,98304,1000,4,0,131328,reverse,20261005,case_008678.csv
8679,mapping,iput,98304,1000,4,0,131328,transpose,20261005,case_008679.csv
8680,mapping,iput,98304,1000,4,0,131328,shuffle,20261005,case_008680.csv
8681,mapping,iput,98304,1000,4,0,135168,identity,20261005,case_008681.csv
8682,mapping,iput,98304,1000,4,0,135168,reverse,20261005,case_008682.csv
8683,mapping,iput,98304,1000,4,0,135168,transpose,20261005,case_008683.csv
8684,mapping,iput,98304,1000,4,0,135168,shuffle,20261005,case_008684.csv
8685,mapping,iput,98304,1000,4,0,262144,identity,20261005,case_008685.csv
8686,mapping,iput,98304,1000,4,0,262144,reverse,20261005,case_008686.csv
8687,mapping,iput,98304,1000,4,0,262144,transpose,20261005,case_008687.csv
8688,mapping,iput,98304,1000,4,0,262144,shuffle,20261005,case_008688.csv
8689,mapping,iput,131072,1000,4,0,131200,identity,20261005,case_008689.csv
8690,mapping,iput,131072,1000,4,0,131200,reverse,20261005,case_008690.csv
8691,mapping,iput,131072,1000,4,0,131200,transpose,20261005,case_008691.csv
8692,mapping,iput,131072,1000,4,0,131200,shuffle,20261005,case_008692.csv
8693,mapping,iput,131072,1000,4,0,131328,identity,20261005,case_008693.csv
8694,mapping,iput,131072,1000,4,0,131328,reverse,20261005,case_008694.csv
8695,mapping,iput,131072,1000,4,0,131328,transpose,20261005,case_008695.csv
8696,mapping,iput,131072,1000,4,0,131328,shuffle,20261005,case_008696.csv
8697,mapping,iput,131072,1000,4,0,135168,identity,20261005,case_008697.csv
8698,mapping,iput,131072,1000,4,0,135168,reverse,20261005,case_008698.csv
8699,mapping,iput,131072,1000,4,0,135168,transpose,20261005,case_008699.csv
8700,mapping,iput,131072,1000,4,0,135168,shuffle,20261005,case_008700.csv
8701,mapping,iput,131072,1000,4,0,262144,identity,20261005,case_008701.csv
8702,mapping,iput,131072,1000,4,0,262144,reverse,20261005,case_008702.csv
8703,mapping,iput,131072,1000,4,0,262144,transpose,20261005,case_008703.csv
8704,mapping,iput,131072,1000,4,0,262144,shuffle,20261005,case_008704.csv
8705,mapping,iput,64,10000,4,4,131200,identity,20261005,case_008705.csv
8706,mapping,iput,64,10000,4,4,131200,reverse,20261005,case_008706.csv
8707,mapping,iput,64,10000,4,4,131200,transpose,20261005,case_008707.csv
8708,mapping,iput,64,10000,4,4,131200,shuffle,20261005,case_008708.csv
8709,mapping,iput,64,10000,4,4,131328,identity,20261005,case_008709.csv
8710,mapping,iput,64,10000,4,4,131328,reverse,20261005,case_008710.csv
8711,mapping,iput,64,10000,4,4,131328,transpose,20261005,case_008711.csv
8712,mapping,iput,64,10000,4,4,131328,shuffle,20261005,case_008712.csv
8713,mapping,iput,64,10000,4,4,135168,identity,20261005,case_008713.csv
8714,mapping,iput,64,10000,4,4,135168,reverse,20261005,case_008714.csv
8715,mapping,iput,64,10000,4,4,135168,transpose,20261005,case_008715.csv
8716,mapping,iput,64,10000,4,4,135168,shuffle,20261005,case_008716.csv
8717,mapping,iput,64,10000,4,4,262144,identity,20261005,case_008717.csv
8718,mapping,iput,64,10000,4,4,262144,reverse,20261005,case_008718.csv
8719,mapping,iput,64,10000,4,4,262144,transpose,20261005,case_008719.csv
8720,mapping,iput,64,10000,4,4,262144,shuffle,20261005,case_008720.csv
8721,mapping,iput,128,10000,4,4,131200,identity,20261005,case_008721.csv
8722,mapping,iput,128,10000,4,4,131200,reverse,20261005,case_008722.csv
8723,mapping,iput,128,10000,4,4,131200,transpose,20261005,case_008723.csv
8724,mapping,iput,128,10000,4,4,131200,shuffle,20261005,case_008724.csv
8725,mapping,iput,128,10000,4,4,131328,identity,20261005,case_008725.csv
8726,mapping,iput,128,10000,4,4,131328,reverse,20261005,case_008726.csv
8727,mapping,iput,128,10000,4,4,131328,transpose,20261005,case_008727.csv
8728,mapping,iput,128,10000,4,4,131328,shuffle,20261005,case_008728.csv
8729,mapping,iput,128,10000,4,4,135168,identity,20261005,case_008729.csv
8730,mapping,iput,128,10000,4,4,135168,reverse,20261005,case_008730.csv
8731,mapping,iput,128,10000,4,4,135168,transpose,20261005,case_008731.csv
8732,mapping,iput,128,10000,4,4,135168,shuffle,20261005,case_008732.csv
8733,mapping,iput,128,10000,4,4,262144,identity,20261005,case_008733.csv
8734,mapping,iput,128,10000,4,4,262144,reverse,20261005,case_008734.csv
8735,mapping,iput,128,10000,4,4,262144,transpose,20261005,case_008735.csv
8736,mapping,iput,128,10000,4,4,262144,shuffle,20261005,case_008736.csv
8737,mapping,iput,256,10000,4,4,131200,identity,20261005,case_008737.csv
8738,mapping,iput,256,10000,4,4,131200,reverse,20261005,case_008738.csv
8739,mapping,iput,256,10000,4,4,131200,transpose,20261005,case_008739.csv
8740,mapping,iput,256,10000,4,4,131200,shuffle,20261005,case_008740.csv
8741,mapping,iput,256,10000,4,4,131328,identity,20261005,case_008741.csv
8742,mapping,iput,256,10000,4,4,131328,reverse,20261005,case_008742.csv
8743,mapping,iput,256,10000,4,4,131328,transpose,20261005,case_008743.csv
8744,mapping,iput,256,10000,4,4,131328,shuffle,20261005,case_008744.csv
8745,mapping,iput,256,10000,4,4,135168,identity,20261005,case_008745.csv
8746,mapping,iput,256,10000,4,4,135168,reverse,20261005,case_008746.csv
8747,mapping,iput,256,10000,4,4,135168,transpose,20261005,case_008747.csv
8748,mapping,iput,256,10000,4,4,135168,shuffle,20261005,case_008748.csv
8749,mapping,iput,256,10000,4,4,262144,identity,20261005,case_008749.csv
8750,mapping,iput,256,10000,4,4,262144,reverse,20261005,case_008750.csv
8751,mapping,iput,256,10000,4,4,262144,transpose,20261005,case_008751.csv
8752,mapping,iput,256,10000,4,4,262144,shuffle,20261005,case_008752.csv
8753,mapping,iput,4096,1000,4,4,131200,identity,20261005,case_008753.csv
8754,mapping,iput,4096,1000,4,4,131200,reverse,20261005,case_008754.csv
8755,mapping,iput,4096,1000,4,4,131200,transpose,20261005,case_008755.csv
8756,mapping,iput,4096,1000,4,4,131200,shuffle,20261005,case_008756.csv
8757,mapping,iput,4096,1000,4,4,131328,identity,20261005,case_008757.csv
8758,mapping,iput,4096,1000,4,4,131328,reverse,20261005,case_008758.csv
8759,mapping,iput,4096,1000,4,4,131328,transpose,20261005,case_008759.csv
8760,mapping,iput,4096,1000,4,4,131328,shuffle,20261005,case_008760.csv
8761,mapping,iput,4096,1000,4,4,135168,identity,20261005,case_008761.csv
8762,mapping,iput,4096,1000,4,4,135168,reverse,20261005,case_008762.csv
8763,mapping,iput,4096,1000,4,4,135168,transpose,20261005,case_008763.csv
8764,mapping,iput,4096,1000,4,4,135168,shuffle,20261005,case_008764.csv
8765,mapping,iput,4096,1000,4,4,262144,identity,20261005,case_008765.csv
8766,mapping,iput,4096,1000,4,4,262144,reverse,20261005,case_008766.csv
8767,mapping,iput,4096,1000,4,4,262144,transpose,20261005,case_008767.csv
8768,mapping,iput,4096,1000,4,4,262144,shuffle,20261005,case_008768.csv
8769,mapping,iput,32768,1000,4,4,131200,identity,20261005,case_008769.csv
8770,mapping,iput,32768,1000,4,4,131200,reverse,20261005,case_008770.csv
8771,mapping,iput,32768,1000,4,4,131200,transpose,20261005,case_008771.csv
8772,mapping,iput,32768,1000,4,4,131200,shuffle,20261005,case_008772.csv
8773,mapping,iput,32768,1000,4,4,131328,identity,20261005,case_008773.csv
8774,mapping,iput,32768,1000,4,4,131328,reverse,20261005,case_008774.csv
8775,mapping,iput,32768,1000,4,4,131328,transpose,20261005,case_008775.csv
8776,mapping,iput,32768,1000,4,4,131328,shuffle,20261005,case_008776.csv
8777,mapping,iput,32768,1000,4,4,135168,identity,20261005,case_008777.csv
8778,mapping,iput,32768,1000,4,4,135168,reverse,20261005,case_008778.csv
8779,mapping,iput,32768,1000,4,4,135168,transpose,20261005,case_008779.csv
8780,mapping,iput,32768,1000,4,4,135168,shuffle,20261005,case_008780.csv
8781,mapping,iput,32768,1000,4,4,262144,identity,20261005,case_008781.csv
8782,mapping,iput,32768,1000,4,4,262144,reverse,20261005,case_008782.csv
8783,mapping,iput,32768,1000,4,4,262144,transpose,20261005,case_008783.csv
8784,mapping,iput,32768,1000,4,4,262144,shuffle,20261005,case_008784.csv
8785,mapping,iput,65536,1000,4,4,131200,identity,20261005,case_008785.csv
8786,mapping,iput,65536,1000,4,4,131200,reverse,20261005,case_008786.csv
8787,mapping,iput,65536,1000,4,4,131200,transpose,20261005,case_008787.csv
8788,mapping,iput,65536,1000,4,4,131200,shuffle,20261005,case_008788.csv
8789,mapping,iput,65536,1000,4,4,131328,identity,20261005,case_008789.csv
8790,mapping,iput,65536,1000,4,4,131328,reverse,20261005,case_008790.csv
8791,mapping,iput,65536,1000,4,4,131328,transpose,20261005,case_008791.csv
8792,mapping,iput,65536,1000,4,4,131328,shuffle,20261005,case_008792.csv
8793,mapping,iput,65536,1000,4,4,135168,identity,20261005,case_008793.csv
8794,mapping,iput,65536,1000,4,4,135168,reverse,20261005,case_008794.csv
8795,mapping,iput,65536,1000,4,4,135168,transpose,20261005,case_008795.csv
8796,mapping,iput,65536,1000,4,4,135168,shuffle,20261005,case_008796.csv
8797,mapping,iput,65536,1000,4,4,262144,identity,20261005,case_008797.csv
8798,mapping,iput,65536,1000,4,4,262144,reverse,20261005,case_008798.csv
8799,mapping,iput,65536,1000,4,4,262144,transpose,20261005,case_008799.csv
8800,mapping,iput,65536,1000,4,4,262144,shuffle,20261005,case_008800.csv
8801,mapping,iput,98304,1000,4,4,131200,identity,20261005,case_008801.csv
8802,mapping,iput,98304,1000,4,4,131200,reverse,20261005,case_008802.csv
8803,mapping,iput,98304,1000,4,4,131200,transpose,20261005,case_008803.csv
8804,mapping,iput,98304,1000,4,4,131200,shuffle,20261005,case_008804.csv
8805,mapping,iput,98304,1000,4,4,131328,identity,20261005,case_008805.csv
8806,mapping,iput,98304,1000,4,4,131328,reverse,20261005,case_008806.csv
8807,mapping,iput,98304,1000,4,4,131328,transpose,20261005,case_008807.csv
8808,mapping,iput,98304,1000,4,4,131328,shuffle,20261005,case_008808.csv
8809,mapping,iput,98304,1000,4,4,135168,identity,20261005,case_008809.csv
8810,mapping,iput,98304,1000,4,4,135168,reverse,20261005,case_008810.csv
8811,mapping,iput,98304,1000,4,4,135168,transpose,20261005,case_008811.csv
8812,mapping,iput,98304,1000,4,4,135168,shuffle,20261005,case_008812.csv
8813,mapping,iput,98304,1000,4,4,262144,identity,20261005,case_008813.csv
8814,mapping,iput,98304,1000,4,4,262144,reverse,20261005,case_008814.csv
8815,mapping,iput,98304,1000,4,4,262144,transpose,20261005,case_008815.csv
8816,mapping,iput,98304,1000,4,4,262144,shuffle,20261005,case_008816.csv
8817,mapping,iput,131072,1000,4,4,131200,identity,20261005,case_008817.csv
8818,mapping,iput,131072,1000,4,4,131200,reverse,20261005,case_008818.csv
8819,mapping,iput,131072,1000,4,4,131200,transpose,20261005,case_008819.csv
8820,mapping,iput,131072,1000,4,4,131200,shuffle,20261005,case_008820.csv
8821,mapping,iput,131072,1000,4,4,131328,identity,20261005,case_008821.csv
8822,mapping,iput,131072,1000,4,4,131328,reverse,20261005,case_008822.csv
8823,mapping,iput,131072,1000,4,4,131328,transpose,20261005,case_008823.csv
8824,mapping,iput,131072,1000,4,4,131328,shuffle,20261005,case_008824.csv
8825,mapping,iput,131072,1000,4,4,135168,identity,20261005,case_008825.csv
8826,mapping,iput,131072,1000,4,4,135168,reverse,20261005,case_008826.csv
8827,mapping,iput,131072,1000,4,4,135168,transpose,20261005,case_008827.csv
8828,mapping,iput,131072,1000,4,4,135168,shuffle,20261005,case_008828.csv
8829,mapping,iput,131072,1000,4,4,262144,identity,20261005,case_008829.csv
8830,mapping,iput,131072,1000,4,4,262144,reverse,20261005,case_008830.csv
8831,mapping,iput,131072,1000,4,4,262144,transpose,20261005,case_008831.csv
8832,mapping,iput,131072,1000,4,4,262144,shuffle,20261005,case_008832.csv
8833,mapping,iput,64,10000,8,0,131200,identity,20261005,case_008833.csv
8834,mapping,iput,64,10000,8,0,131200,reverse,20261005,case_008834.csv
8835,mapping,iput,64,10000,8,0,131200,transpose,20261005,case_008835.csv
8836,mapping,iput,64,10000,8,0,131200,shuffle,20261005,case_008836.csv
8837,mapping,iput,64,10000,8,0,131328,identity,20261005,case_008837.csv
8838,mapping,iput,64,10000,8,0,131328,reverse,20261005,case_008838.csv
8839,mapping,iput,64,10000,8,0,131328,transpose,20261005,case_008839.csv
8840,mapping,iput,64,10000,8,0,131328,shuffle,20261005,case_008840.csv
8841,mapping,iput,64,10000,8,0,135168,identity,20261005,case_008841.csv
8842,mapping,iput,64,10000,8,0,135168,reverse,20261005,case_008842.csv
8843,mapping,iput,64,10000,8,0,135168,transpose,20261005,case_008843.csv
8844,mapping,iput,64,10000,8,0,135168,shuffle,20261005,case_008844.csv
8845,mapping,iput,64,10000,8,0,262144,identity,20261005,case_008845.csv
8846,mapping,iput,64,10000,8,0,262144,reverse,20261005,case_008846.csv
8847,mapping,iput,64,10000,8,0,262144,transpose,20261005,case_008847.csv
8848,mapping,iput,64,10000,8,0,262144,shuffle,20261005,case_008848.csv
8849,mapping,iput,128,10000,8,0,131200,identity,20261005,case_008849.csv
8850,mapping,iput,128,10000,8,0,131200,reverse,20261005,case_008850.csv
8851,mapping,iput,128,10000,8,0,131200,transpose,20261005,case_008851.csv
8852,mapping,iput,128,10000,8,0,131200,shuffle,20261005,case_008852.csv
8853,mapping,iput,128,10000,8,0,131328,identity,20261005,case_008853.csv
8854,mapping,iput,128,10000,8,0,131328,reverse,20261005,case_008854.csv
8855,mapping,iput,128,10000,8,0,131328,transpose,20261005,case_008855.csv
8856,mapping,iput,128,10000,8,0,131328,shuffle,20261005,case_008856.csv
8857,mapping,iput,128,10000,8,0,135168,identity,20261005,case_008857.csv
8858,mapping,iput,128,10000,8,0,135168,reverse,20261005,case_008858.csv
8859,mapping,iput,128,10000,8,0,135168,transpose,20261005,case_008859.csv
8860,mapping,iput,128,10000,8,0,135168,shuffle,20261005,case_008860.csv
8861,mapping,iput,128,10000,8,0,262144,identity,20261005,case_008861.csv
8862,mapping,iput,128,10000,8,0,262144,reverse,20261005,case_008862.csv
8863,mapping,iput,128,10000,8,0,262144,transpose,20261005,case_008863.csv
8864,mapping,iput,128,10000,8,0,262144,shuffle,20261005,case_008864.csv
8865,mapping,iput,256,10000,8,0,131200,identity,20261005,case_008865.csv
8866,mapping,iput,256,10000,8,0,131200,reverse,20261005,case_008866.csv
8867,mapping,iput,256,10000,8,0,131200,transpose,20261005,case_008867.csv
8868,mapping,iput,256,10000,8,0,131200,shuffle,20261005,case_008868.csv
8869,mapping,iput,256,10000,8,0,131328,identity,20261005,case_008869.csv
8870,mapping,iput,256,10000,8,0,131328,reverse,20261005,case_008870.csv
8871,mapping,iput,256,10000,8,0,131328,transpose,20261005,case_008871.csv
8872,mapping,iput,256,10000,8,0,131328,shuffle,20261005,case_008872.csv
8873,mapping,iput,256,10000,8,0,135168,identity,20261005,case_008873.csv
8874,mapping,iput,256,10000,8,0,135168,reverse,20261005,case_008874.csv
8875,mapping,iput,256,10000,8,0,135168,transpose,20261005,case_008875.csv
8876,mapping,iput,256,10000,8,0,135168,shuffle,20261005,case_008876.csv
8877,mapping,iput,256,10000,8,0,262144,identity,20261005,case_008877.csv
8878,mapping,iput,256,10000,8,0,262144,reverse,20261005,case_008878.csv
8879,mapping,iput,256,10000,8,0,262144,transpose,20261005,case_008879.csv
8880,mapping,iput,256,10000,8,0,262144,shuffle,20261005,case_008880.csv
8881,mapping,iput,4096,1000,8,0,131200,identity,20261005,case_008881.csv
8882,mapping,iput,4096,1000,8,0,131200,reverse,20261005,case_008882.csv
8883,mapping,iput,4096,1000,8,0,131200,transpose,20261005,case_008883.csv
8884,mapping,iput,4096,1000,8,0,131200,shuffle,20261005,case_008884.csv
8885,mapping,iput,4096,1000,8,0,131328,identity,20261005,case_008885.csv
8886,mapping,iput,4096,1000,8,0,131328,reverse,20261005,case_008886.csv
8887,mapping,iput,4096,1000,8,0,131328,transpose,20261005,case_008887.csv
8888,mapping,iput,4096,1000,8,0,131328,shuffle,20261005,case_008888.csv
8889,mapping,iput,4096,1000,8,0,135168,identity,20261005,case_008889.csv
8890,mapping,iput,4096,1000,8,0,135168,reverse,20261005,case_008890.csv
8891,mapping,iput,4096,1000,8,0,135168,transpose,20261005,case_008891.csv
8892,mapping,iput,4096,1000,8,0,135168,shuffle,20261005,case_008892.csv
8893,mapping,iput,4096,1000,8,0,262144,identity,20261005,case_008893.csv
8894,mapping,iput,4096,1000,8,0,262144,reverse,20261005,case_008894.csv
8895,mapping,iput,4096,1000,8,0,262144,transpose,20261005,case_008895.csv
8896,mapping,iput,4096,1000,8,0,262144,shuffle,20261005,case_008896.csv
8897,mapping,iput,32768,1000,8,0,131200,identity,20261005,case_008897.csv
8898,mapping,iput,32768,1000,8,0,131200,reverse,20261005,case_008898.csv
8899,mapping,iput,32768,1000,8,0,131200,transpose,20261005,case_008899.csv
8900,mapping,iput,32768,1000,8,0,131200,shuffle,20261005,case_008900.csv
8901,mapping,iput,32768,1000,8,0,131328,identity,20261005,case_008901.csv
8902,mapping,iput,32768,1000,8,0,131328,reverse,20261005,case_008902.csv
8903,mapping,iput,32768,1000,8,0,131328,transpose,20261005,case_008903.csv
8904,mapping,iput,32768,1000,8,0,131328,shuffle,20261005,case_008904.csv
8905,mapping,iput,32768,1000,8,0,135168,identity,20261005,case_008905.csv
8906,mapping,iput,32768,1000,8,0,135168,reverse,20261005,case_008906.csv
8907,mapping,iput,32768,1000,8,0,135168,transpose,20261005,case_008907.csv
8908,mapping,iput,32768,1000,8,0,135168,shuffle,20261005,case_008908.csv
8909,mapping,iput,32768,1000,8,0,262144,identity,20261005,case_008909.csv
8910,mapping,iput,32768,1000,8,0,262144,reverse,20261005,case_008910.csv
8911,mapping,iput,32768,1000,8,0,262144,transpose,20261005,case_008911.csv
8912,mapping,iput,32768,1000,8,0,262144,shuffle,20261005,case_008912.csv
8913,mapping,iput,65536,1000,8,0,131200,identity,20261005,case_008913.csv
8914,mapping,iput,65536,1000,8,0,131200,reverse,20261005,case_008914.csv
8915,mapping,iput,65536,1000,8,0,131200,transpose,20261005,case_008915.csv
8916,mapping,iput,65536,1000,8,0,131200,shuffle,20261005,case_008916.csv
8917,mapping,iput,65536,1000,8,0,131328,identity,20261005,case_008917.csv
8918,mapping,iput,65536,1000,8,0,131328,reverse,20261005,case_008918.csv
8919,mapping,iput,65536,1000,8,0,131328,transpose,20261005,case_008919.csv
8920,mapping,iput,65536,1000,8,0,131328,shuffle,20261005,case_008920.csv
8921,mapping,iput,65536,1000,8,0,135168,identity,20261005,case_008921.csv
8922,mapping,iput,65536,1000,8,0,135168,reverse,20261005,case_008922.csv
8923,mapping,iput,65536,1000,8,0,135168,transpose,20261005,case_008923.csv
8924,mapping,iput,65536,1000,8,0,135168,shuffle,20261005,case_008924.csv
8925,mapping,iput,65536,1000,8,0,262144,identity,20261005,case_008925.csv
8926,mapping,iput,65536,1000,8,0,262144,reverse,20261005,case_008926.csv
8927,mapping,iput,65536,1000,8,0,262144,transpose,20261005,case_008927.csv
8928,mapping,iput,65536,1000,8,0,262144,shuffle,20261005,case_008928.csv
8929,mapping,iput,98304,1000,8,0,131200,identity,20261005,case_008929.csv
8930,mapping,iput,98304,1000,8,0,131200,reverse,20261005,case_008930.csv
8931,mapping,iput,98304,1000,8,0,131200,transpose,20261005,case_008931.csv
8932,mapping,iput,98304,1000,8,0,131200,shuffle,20261005,case_008932.csv
8933,mapping,iput,98304,1000,8,0,131328,identity,20261005,case_008933.csv
8934,mapping,iput,98304,1000,8,0,131328,reverse,20261005,case_008934.csv
8935,mapping,iput,98304,1000,8,0,131328,transpose,20261005,case_008935.csv
8936,mapping,iput,98304,1000,8,0,131328,shuffle,20261005,case_008936.csv
8937,mapping,iput,98304,1000,8,0,135168,identity,20261005,case_008937.csv
8938,mapping,iput,98304,1000,8,0,135168,reverse,20261005,case_008938.csv
8939,mapping,iput,98304,1000,8,0,135168,transpose,20261005,case_008939.csv
8940,mapping,iput,98304,1000,8,0,135168,shuffle,20261005,case_008940.csv
8941,mapping,iput,98304,1000,8,0,262144,identity,20261005,case_008941.csv
8942,mapping,iput,98304,1000,8,0,262144,reverse,20261005,case_008942.csv
8943,mapping,iput,98304,1000,8,0,262144,transpose,20261005,case_008943.csv
8944,mapping,iput,98304,1000,8,0,262144,shuffle,20261005,case_008944.csv
8945,mapping,iput,131072,1000,8,0,131200,identity,20261005,case_008945.csv
8946,mapping,iput,131072,1000,8,0,131200,reverse,20261005,case_008946.csv
8947,mapping,iput,131072,1000,8,0,131200,transpose,20261005,case_008947.csv
8948,mapping,iput,131072,1000,8,0,131200,shuffle,20261005,case_008948.csv
8949,mapping,iput,131072,1000,8,0,131328,identity,20261005,case_008949.csv
8950,mapping,iput,131072,1000,8,0,131328,reverse,20261005,case_008950.csv
8951,mapping,iput,131072,1000,8,0,131328,transpose,20261005,case_008951.csv
8952,mapping,iput,131072,1000,8,0,131328,shuffle,20261005,case_008952.csv
8953,mapping,iput,131072,1000,8,0,135168,identity,20261005,case_008953.csv
8954,mapping,iput,131072,1000,8,0,135168,reverse,20261005,case_008954.csv
8955,mapping,iput,131072,1000,8,0,135168,transpose,20261005,case_008955.csv
8956,mapping,iput,131072,1000,8,0,135168,shuffle,20261005,case_008956.csv
8957,mapping,iput,131072,1000,8,0,262144,identity,20261005,case_008957.csv
8958,mapping,iput,131072,1000,8,0,262144,reverse,20261005,case_008958.csv
8959,mapping,iput,131072,1000,8,0,262144,transpose,20261005,case_008959.csv
8960,mapping,iput,131072,1000,8,0,262144,shuffle,20261005,case_008960.csv
8961,mapping,iput,64,10000,8,4,131200,identity,20261005,case_008961.csv
8962,mapping,iput,64,10000,8,4,131200,reverse,20261005,case_008962.csv
8963,mapping,iput,64,10000,8,4,131200,transpose,20261005,case_008963.csv
8964,mapping,iput,64,10000,8,4,131200,shuffle,20261005,case_008964.csv
8965,mapping,iput,64,10000,8,4,131328,identity,20261005,case_008965.csv
8966,mapping,iput,64,10000,8,4,131328,reverse,20261005,case_008966.csv
8967,mapping,iput,64,10000,8,4,131328,transpose,20261005,case_008967.csv
8968,mapping,iput,64,10000,8,4,131328,shuffle,20261005,case_008968.csv
8969,mapping,iput,64,10000,8,4,135168,identity,20261005,case_008969.csv
8970,mapping,iput,64,10000,8,4,135168,reverse,20261005,case_008970.csv
8971,mapping,iput,64,10000,8,4,135168,transpose,20261005,case_008971.csv
8972,mapping,iput,64,10000,8,4,135168,shuffle,20261005,case_008972.csv
8973,mapping,iput,64,10000,8,4,262144,identity,20261005,case_008973.csv
8974,mapping,iput,64,10000,8,4,262144,reverse,20261005,case_008974.csv
8975,mapping,iput,64,10000,8,4,262144,transpose,20261005,case_008975.csv
8976,mapping,iput,64,10000,8,4,262144,shuffle,20261005,case_008976.csv
8977,mapping,iput,128,10000,8,4,131200,identity,20261005,case_008977.csv
8978,mapping,iput,128,10000,8,4,131200,reverse,20261005,case_008978.csv
8979,mapping,iput,128,10000,8,4,131200,transpose,20261005,case_008979.csv
8980,mapping,iput,128,10000,8,4,131200,shuffle,20261005,case_008980.csv
8981,mapping,iput,128,10000,8,4,131328,identity,20261005,case_008981.csv
8982,mapping,iput,128,10000,8,4,131328,reverse,20261005,case_008982.csv
8983,mapping,iput,128,10000,8,4,131328,transpose,20261005,case_008983.csv
8984,mapping,iput,128,10000,8,4,131328,shuffle,20261005,case_008984.csv
8985,mapping,iput,128,10000,8,4,135168,identity,20261005,case_008985.csv
8986,mapping,iput,128,10000,8,4,135168,reverse,20261005,case_008986.csv
8987,mapping,iput,128,10000,8,4,135168,transpose,20261005,case_008987.csv
8988,mapping,iput,128,10000,8,4,135168,shuffle,20261005,case_008988.csv
8989,mapping,iput,128,10000,8,4,262144,identity,20261005,case_008989.csv
8990,mapping,iput,128,10000,8,4,262144,reverse,20261005,case_008990.csv
8991,mapping,iput,128,10000,8,4,262144,transpose,20261005,case_008991.csv
8992,mapping,iput,128,10000,8,4,262144,shuffle,20261005,case_008992.csv
8993,mapping,iput,256,10000,8,4,131200,identity,20261005,case_008993.csv
8994,mapping,iput,256,10000,8,4,131200,reverse,20261005,case_008994.csv
8995,mapping,iput,256,10000,8,4,131200,transpose,20261005,case_008995.csv
8996,mapping,iput,256,10000,8,4,131200,shuffle,20261005,case_008996.csv
8997,mapping,iput,256,10000,8,4,131328,identity,20261005,case_008997.csv
8998,mapping,iput,256,10000,8,4,131328,reverse,20261005,case_008998.csv
8999,mapping,iput,256,10000,8,4,131328,transpose,20261005,case_008999.csv
9000,mapping,iput,256,10000,8,4,131328,shuffle,20261005,case_009000.csv
9001,mapping,iput,256,10000,8,4,135168,identity,20261005,case_009001.csv
9002,mapping,iput,256,10000,8,4,135168,reverse,20261005,case_009002.csv
9003,mapping,iput,256,10000,8,4,135168,transpose,20261005,case_009003.csv
9004,mapping,iput,256,10000,8,4,135168,shuffle,20261005,case_009004.csv
9005,mapping,iput,256,10000,8,4,262144,identity,20261005,case_009005.csv
9006,mapping,iput,256,10000,8,4,262144,reverse,20261005,case_009006.csv
9007,mapping,iput,256,10000,8,4,262144,transpose,20261005,case_009007.csv
9008,mapping,iput,256,10000,8,4,262144,shuffle,20261005,case_009008.csv
9009,mapping,iput,4096,1000,8,4,131200,identity,20261005,case_009009.csv
9010,mapping,iput,4096,1000,8,4,131200,reverse,20261005,case_009010.csv
9011,mapping,iput,4096,1000,8,4,131200,transpose,20261005,case_009011.csv
9012,mapping,iput,4096,1000,8,4,131200,shuffle,20261005,case_009012.csv
9013,mapping,iput,4096,1000,8,4,131328,identity,20261005,case_009013.csv
9014,mapping,iput,4096,1000,8,4,131328,reverse,20261005,case_009014.csv
9015,mapping,iput,4096,1000,8,4,131328,transpose,20261005,case_009015.csv
9016,mapping,iput,4096,1000,8,4,131328,shuffle,20261005,case_009016.csv
9017,mapping,iput,4096,1000,8,4,135168,identity,20261005,case_009017.csv
9018,mapping,iput,4096,1000,8,4,135168,reverse,20261005,case_009018.csv
9019,mapping,iput,4096,1000,8,4,135168,transpose,20261005,case_009019.csv
9020,mapping,iput,4096,1000,8,4,135168,shuffle,20261005,case_009020.csv
9021,mapping,iput,4096,1000,8,4,262144,identity,20261005,case_009021.csv
9022,mapping,iput,4096,1000,8,4,262144,reverse,20261005,case_009022.csv
9023,mapping,iput,4096,1000,8,4,262144,transpose,20261005,case_009023.csv
9024,mapping,iput,4096,1000,8,4,262144,shuffle,20261005,case_009024.csv
9025,mapping,iput,32768,1000,8,4,131200,identity,20261005,case_009025.csv
9026,mapping,iput,32768,1000,8,4,131200,reverse,20261005,case_009026.csv
9027,mapping,iput,32768,1000,8,4,131200,transpose,20261005,case_009027.csv
9028,mapping,iput,32768,1000,8,4,131200,shuffle,20261005,case_009028.csv
9029,mapping,iput,32768,1000,8,4,131328,identity,20261005,case_009029.csv
9030,mapping,iput,32768,1000,8,4,131328,reverse,20261005,case_009030.csv
9031,mapping,iput,32768,1000,8,4,131328,transpose,20261005,case_009031.csv
9032,mapping,iput,32768,1000,8,4,131328,shuffle,20261005,case_009032.csv
9033,mapping,iput,32768,1000,8,4,135168,identity,20261005,case_009033.csv
9034,mapping,iput,32768,1000,8,4,135168,reverse,20261005,case_009034.csv
9035,mapping,iput,32768,1000,8,4,135168,transpose,20261005,case_009035.csv
9036,mapping,iput,32768,1000,8,4,135168,shuffle,20261005,case_009036.csv
9037,mapping,iput,32768,1000,8,4,262144,identity,20261005,case_009037.csv
9038,mapping,iput,32768,1000,8,4,262144,reverse,20261005,case_009038.csv
9039,mapping,iput,32768,1000,8,4,262144,transpose,20261005,case_009039.csv
9040,mapping,iput,32768,1000,8,4,262144,shuffle,20261005,case_009040.csv
9041,mapping,iput,65536,1000,8,4,131200,identity,20261005,case_009041.csv
9042,mapping,iput,65536,1000,8,4,131200,reverse,20261005,case_009042.csv
9043,mapping,iput,65536,1000,8,4,131200,transpose,20261005,case_009043.csv
9044,mapping,iput,65536,1000,8,4,131200,shuffle,20261005,case_009044.csv
9045,mapping,iput,65536,1000,8,4,131328,identity,20261005,case_009045.csv
9046,mapping,iput,65536,1000,8,4,131328,reverse,20261005,case_009046.csv
9047,mapping,iput,65536,1000,8,4,131328,transpose,20261005,case_009047.csv
9048,mapping,iput,65536,1000,8,4,131328,shuffle,20261005,case_009048.csv
9049,mapping,iput,65536,1000,8,4,135168,identity,20261005,case_009049.csv
9050,mapping,iput,65536,1000,8,4,135168,reverse,20261005,case_009050.csv
9051,mapping,iput,65536,1000,8,4,135168,transpose,20261005,case_009051.csv
9052,mapping,iput,65536,1000,8,4,135168,shuffle,20261005,case_009052.csv
9053,mapping,iput,65536,1000,8,4,262144,identity,20261005,case_009053.csv
9054,mapping,iput,65536,1000,8,4,262144,reverse,20261005,case_009054.csv
9055,mapping,iput,65536,1000,8,4,262144,transpose,20261005,case_009055.csv
9056,mapping,iput,65536,1000,8,4,262144,shuffle,20261005,case_009056.csv
9057,mapping,iput,98304,1000,8,4,131200,identity,20261005,case_009057.csv
9058,mapping,iput,98304,1000,8,4,131200,reverse,20261005,case_009058.csv
9059,mapping,iput,98304,1000,8,4,131200,transpose,20261005,case_009059.csv
9060,mapping,iput,98304,1000,8,4,131200,shuffle,20261005,case_009060.csv
9061,mapping,iput,98304,1000,8,4,131328,identity,20261005,case_009061.csv
9062,mapping,iput,98304,1000,8,4,131328,reverse,20261005,case_009062.csv
9063,mapping,iput,98304,1000,8,4,131328,transpose,20261005,case_009063.csv
9064,mapping,iput,98304,1000,8,4,131328,shuffle,20261005,case_009064.csv
9065,mapping,iput,98304,1000,8,4,135168,identity,20261005,case_009065.csv
9066,mapping,iput,98304,1000,8,4,135168,reverse,20261005,case_009066.csv
9067,mapping,iput,98304,1000,8,4,135168,transpose,20261005,case_009067.csv
9068,mapping,iput,98304,1000,8,4,135168,shuffle,20261005,case_009068.csv
9069,mapping,iput,98304,1000,8,4,262144,identity,20261005,case_009069.csv
9070,mapping,iput,98304,1000,8,4,262144,reverse,20261005,case_009070.csv
9071,mapping,iput,98304,1000,8,4,262144,transpose,20261005,case_009071.csv
9072,mapping,iput,98304,1000,8,4,262144,shuffle,20261005,case_009072.csv
9073,mapping,iput,131072,1000,8,4,131200,identity,20261005,case_009073.csv
9074,mapping,iput,131072,1000,8,4,131200,reverse,20261005,case_009074.csv
9075,mapping,iput,131072,1000,8,4,131200,transpose,20261005,case_009075.csv
9076,mapping,iput,131072,1000,8,4,131200,shuffle,20261005,case_009076.csv
9077,mapping,iput,131072,1000,8,4,131328,identity,20261005,case_009077.csv
9078,mapping,iput,131072,1000,8,4,131328,reverse,20261005,case_009078.csv
9079,mapping,iput,131072,1000,8,4,131328,transpose,20261005,case_009079.csv
9080,mapping,iput,131072,1000,8,4,131328,shuffle,20261005,case_009080.csv
9081,mapping,iput,131072,1000,8,4,135168,identity,20261005,case_009081.csv
9082,mapping,iput,131072,1000,8,4,135168,reverse,20261005,case_009082.csv
9083,mapping,iput,131072,1000,8,4,135168,transpose,20261005,case_009083.csv
9084,mapping,iput,131072,1000,8,4,135168,shuffle,20261005,case_009084.csv
9085,mapping,iput,131072,1000,8,4,262144,identity,20261005,case_009085.csv
9086,mapping,iput,131072,1000,8,4,262144,reverse,20261005,case_009086.csv
9087,mapping,iput,131072,1000,8,4,262144,transpose,20261005,case_009087.csv
9088,mapping,iput,131072,1000,8,4,262144,shuffle,20261005,case_009088.csv
9089,mapping,iput,64,10000,16,0,131200,identity,20261005,case_009089.csv
9090,mapping,iput,64,10000,16,0,131200,reverse,20261005,case_009090.csv
9091,mapping,iput,64,10000,16,0,131200,transpose,20261005,case_009091.csv
9092,mapping,iput,64,10000,16,0,131200,shuffle,20261005,case_009092.csv
9093,mapping,iput,64,10000,16,0,131328,identity,20261005,case_009093.csv
9094,mapping,iput,64,10000,16,0,131328,reverse,20261005,case_009094.csv
9095,mapping,iput,64,10000,16,0,131328,transpose,20261005,case_009095.csv
9096,mapping,iput,64,10000,16,0,131328,shuffle,20261005,case_009096.csv
9097,mapping,iput,64,10000,16,0,135168,identity,20261005,case_009097.csv
9098,mapping,iput,64,10000,16,0,135168,reverse,20261005,case_009098.csv
9099,mapping,iput,64,10000,16,0,135168,transpose,20261005,case_009099.csv
9100,mapping,iput,64,10000,16,0,135168,shuffle,20261005,case_009100.csv
9101,mapping,iput,64,10000,16,0,262144,identity,20261005,case_009101.csv
9102,mapping,iput,64,10000,16,0,262144,reverse,20261005,case_009102.csv
9103,mapping,iput,64,10000,16,0,262144,transpose,20261005,case_009103.csv
9104,mapping,iput,64,10000,16,0,262144,shuffle,20261005,case_009104.csv
9105,mapping,iput,128,10000,16,0,131200,identity,20261005,case_009105.csv
9106,mapping,iput,128,10000,16,0,131200,reverse,20261005,case_009106.csv
9107,mapping,iput,128,10000,16,0,131200,transpose,20261005,case_009107.csv
9108,mapping,iput,128,10000,16,0,131200,shuffle,20261005,case_009108.csv
9109,mapping,iput,128,10000,16,0,131328,identity,20261005,case_009109.csv
9110,mapping,iput,128,10000,16,0,131328,reverse,20261005,case_009110.csv
9111,mapping,iput,128,10000,16,0,131328,transpose,20261005,case_009111.csv
9112,mapping,iput,128,10000,16,0,131328,shuffle,20261005,case_009112.csv
9113,mapping,iput,128,10000,16,0,135168,identity,20261005,case_009113.csv
9114,mapping,iput,128,10000,16,0,135168,reverse,20261005,case_009114.csv
9115,mapping,iput,128,10000,16,0,135168,transpose,20261005,case_009115.csv
9116,mapping,iput,128,10000,16,0,135168,shuffle,20261005,case_009116.csv
9117,mapping,iput,128,10000,16,0,262144,identity,20261005,case_009117.csv
9118,mapping,iput,128,10000,16,0,262144,reverse,20261005,case_009118.csv
9119,mapping,iput,128,10000,16,0,262144,transpose,20261005,case_009119.csv
9120,mapping,iput,128,10000,16,0,262144,shuffle,20261005,case_009120.csv
9121,mapping,iput,256,10000,16,0,131200,identity,20261005,case_009121.csv
9122,mapping,iput,256,10000,16,0,131200,reverse,20261005,case_009122.csv
9123,mapping,iput,256,10000,16,0,131200,transpose,20261005,case_009123.csv
9124,mapping,iput,256,10000,16,0,131200,shuffle,20261005,case_009124.csv
9125,mapping,iput,256,10000,16,0,131328,identity,20261005,case_009125.csv
9126,mapping,iput,256,10000,16,0,131328,reverse,20261005,case_009126.csv
9127,mapping,iput,256,10000,16,0,131328,transpose,20261005,case_009127.csv
9128,mapping,iput,256,10000,16,0,131328,shuffle,20261005,case_009128.csv
9129,mapping,iput,256,10000,16,0,135168,identity,20261005,case_009129.csv
9130,mapping,iput,256,10000,16,0,135168,reverse,20261005,case_009130.csv
9131,mapping,iput,256,10000,16,0,135168,transpose,20261005,case_009131.csv
9132,mapping,iput,256,10000,16,0,135168,shuffle,20261005,case_009132.csv
9133,mapping,iput,256,10000,16,0,262144,identity,20261005,case_009133.csv
9134,mapping,iput,256,10000,16,0,262144,reverse,20261005,case_009134.csv
9135,mapping,iput,256,10000,16,0,262144,transpose,20261005,case_009135.csv
9136,mapping,iput,256,10000,16,0,262144,shuffle,20261005,case_009136.csv
9137,mapping,iput,4096,1000,16,0,131200,identity,20261005,case_009137.csv
9138,mapping,iput,4096,1000,16,0,131200,reverse,20261005,case_009138.csv
9139,mapping,iput,4096,1000,16,0,131200,transpose,20261005,case_009139.csv
9140,mapping,iput,4096,1000,16,0,131200,shuffle,20261005,case_009140.csv
9141,mapping,iput,4096,1000,16,0,131328,identity,20261005,case_009141.csv
9142,mapping,iput,4096,1000,16,0,131328,reverse,20261005,case_009142.csv
9143,mapping,iput,4096,1000,16,0,131328,transpose,20261005,case_009143.csv
9144,mapping,iput,4096,1000,16,0,131328,shuffle,20261005,case_009144.csv
9145,mapping,iput,4096,1000,16,0,135168,identity,20261005,case_009145.csv
9146,mapping,iput,4096,1000,16,0,135168,reverse,20261005,case_009146.csv
9147,mapping,iput,4096,1000,16,0,135168,transpose,20261005,case_009147.csv
9148,mapping,iput,4096,1000,16,0,135168,shuffle,20261005,case_009148.csv
9149,mapping,iput,4096,1000,16,0,262144,identity,20261005,case_009149.csv
9150,mapping,iput,4096,1000,16,0,262144,reverse,20261005,case_009150.csv
9151,mapping,iput,4096,1000,16,0,262144,transpose,20261005,case_009151.csv
9152,mapping,iput,4096,1000,16,0,262144,shuffle,20261005,case_009152.csv
9153,mapping,iput,32768,1000,16,0,131200,identity,20261005,case_009153.csv
9154,mapping,iput,32768,1000,16,0,131200,reverse,20261005,case_009154.csv
9155,mapping,iput,32768,1000,16,0,131200,transpose,20261005,case_009155.csv
9156,mapping,iput,32768,1000,16,0,131200,shuffle,20261005,case_009156.csv
9157,mapping,iput,32768,1000,16,0,131328,identity,20261005,case_009157.csv
9158,mapping,iput,32768,1000,16,0,131328,reverse,20261005,case_009158.csv
9159,mapping,iput,32768,1000,16,0,131328,transpose,20261005,case_009159.csv
9160,mapping,iput,32768,1000,16,0,131328,shuffle,20261005,case_009160.csv
9161,mapping,iput,32768,1000,16,0,135168,identity,20261005,case_009161.csv
9162,mapping,iput,32768,1000,16,0,135168,reverse,20261005,case_009162.csv
9163,mapping,iput,32768,1000,16,0,135168,transpose,20261005,case_009163.csv
9164,mapping,iput,32768,1000,16,0,135168,shuffle,20261005,case_009164.csv
9165,mapping,iput,32768,1000,16,0,262144,identity,20261005,case_009165.csv
9166,mapping,iput,32768,1000,16,0,262144,reverse,20261005,case_009166.csv
9167,mapping,iput,32768,1000,16,0,262144,transpose,20261005,case_009167.csv
9168,mapping,iput,32768,1000,16,0,262144,shuffle,20261005,case_009168.csv
9169,mapping,iput,65536,1000,16,0,131200,identity,20261005,case_009169.csv
9170,mapping,iput,65536,1000,16,0,131200,reverse,20261005,case_009170.csv
9171,mapping,iput,65536,1000,16,0,131200,transpose,20261005,case_009171.csv
9172,mapping,iput,65536,1000,16,0,131200,shuffle,20261005,case_009172.csv
9173,mapping,iput,65536,1000,16,0,131328,identity,20261005,case_009173.csv
9174,mapping,iput,65536,1000,16,0,131328,reverse,20261005,case_009174.csv
9175,mapping,iput,65536,1000,16,0,131328,transpose,20261005,case_009175.csv
9176,mapping,iput,65536,1000,16,0,131328,shuffle,20261005,case_009176.csv
9177,mapping,iput,65536,1000,16,0,135168,identity,20261005,case_009177.csv
9178,mapping,iput,65536,1000,16,0,135168,reverse,20261005,case_009178.csv
9179,mapping,iput,65536,1000,16,0,135168,transpose,20261005,case_009179.csv
9180,mapping,iput,65536,1000,16,0,135168,shuffle,20261005,case_009180.csv
9181,mapping,iput,65536,1000,16,0,262144,identity,20261005,case_009181.csv
9182,mapping,iput,65536,1000,16,0,262144,reverse,20261005,case_009182.csv
9183,mapping,iput,65536,1000,16,0,262144,transpose,20261005,case_009183.csv
9184,mapping,iput,65536,1000,16,0,262144,shuffle,20261005,case_009184.csv
9185,mapping,iput,98304,1000,16,0,131200,identity,20261005,case_009185.csv
9186,mapping,iput,98304,1000,16,0,131200,reverse,20261005,case_009186.csv
9187,mapping,iput,98304,1000,16,0,131200,transpose,20261005,case_009187.csv
9188,mapping,iput,98304,1000,16,0,131200,shuffle,20261005,case_009188.csv
9189,mapping,iput,98304,1000,16,0,131328,identity,20261005,case_009189.csv
9190,mapping,iput,98304,1000,16,0,131328,reverse,20261005,case_009190.csv
9191,mapping,iput,98304,1000,16,0,131328,transpose,20261005,case_009191.csv
9192,mapping,iput,98304,1000,16,0,131328,shuffle,20261005,case_009192.csv
9193,mapping,iput,98304,1000,16,0,135168,identity,20261005,case_009193.csv
9194,mapping,iput,98304,1000,16,0,135168,reverse,20261005,case_009194.csv
9195,mapping,iput,98304,1000,16,0,135168,transpose,20261005,case_009195.csv
9196,mapping,iput,98304,1000,16,0,135168,shuffle,20261005,case_009196.csv
9197,mapping,iput,98304,1000,16,0,262144,identity,20261005,case_009197.csv
9198,mapping,iput,98304,1000,16,0,262144,reverse,20261005,case_009198.csv
9199,mapping,iput,98304,1000,16,0,262144,transpose,20261005,case_009199.csv
9200,mapping,iput,98304,1000,16,0,262144,shuffle,20261005,case_009200.csv
9201,mapping,iput,131072,1000,16,0,131200,identity,20261005,case_009201.csv
9202,mapping,iput,131072,1000,16,0,131200,reverse,20261005,case_009202.csv
9203,mapping,iput,131072,1000,16,0,131200,transpose,20261005,case_009203.csv
9204,mapping,iput,131072,1000,16,0,131200,shuffle,20261005,case_009204.csv
9205,mapping,iput,131072,1000,16,0,131328,identity,20261005,case_009205.csv
9206,mapping,iput,131072,1000,16,0,131328,reverse,20261005,case_009206.csv
9207,mapping,iput,131072,1000,16,0,131328,transpose,20261005,case_009207.csv
9208,mapping,iput,131072,1000,16,0,131328,shuffle,20261005,case_009208.csv
9209,mapping,iput,131072,1000,16,0,135168,identity,20261005,case_009209.csv
9210,mapping,iput,131072,1000,16,0,135168,reverse,20261005,case_009210.csv
9211,mapping,iput,131072,1000,16,0,135168,transpose,20261005,case_009211.csv
9212,mapping,iput,131072,1000,16,0,135168,shuffle,20261005,case_009212.csv
9213,mapping,iput,131072,1000,16,0,262144,identity,20261005,case_009213.csv
9214,mapping,iput,131072,1000,16,0,262144,reverse,20261005,case_009214.csv
9215,mapping,iput,131072,1000,16,0,262144,transpose,20261005,case_009215.csv
9216,mapping,iput,131072,1000,16,0,262144,shuffle,20261005,case_009216.csv
9217,mapping,iput,64,10000,16,4,131200,identity,20261005,case_009217.csv
9218,mapping,iput,64,10000,16,4,131200,reverse,20261005,case_009218.csv
9219,mapping,iput,64,10000,16,4,131200,transpose,20261005,case_009219.csv
9220,mapping,iput,64,10000,16,4,131200,shuffle,20261005,case_009220.csv
9221,mapping,iput,64,10000,16,4,131328,identity,20261005,case_009221.csv
9222,mapping,iput,64,10000,16,4,131328,reverse,20261005,case_009222.csv
9223,mapping,iput,64,10000,16,4,131328,transpose,20261005,case_009223.csv
9224,mapping,iput,64,10000,16,4,131328,shuffle,20261005,case_009224.csv
9225,mapping,iput,64,10000,16,4,135168,identity,20261005,case_009225.csv
9226,mapping,iput,64,10000,16,4,135168,reverse,20261005,case_009226.csv
9227,mapping,iput,64,10000,16,4,135168,transpose,20261005,case_009227.csv
9228,mapping,iput,64,10000,16,4,135168,shuffle,20261005,case_009228.csv
9229,mapping,iput,64,10000,16,4,262144,identity,20261005,case_009229.csv
9230,mapping,iput,64,10000,16,4,262144,reverse,20261005,case_009230.csv
9231,mapping,iput,64,10000,16,4,262144,transpose,20261005,case_009231.csv
9232,mapping,iput,64,10000,16,4,262144,shuffle,20261005,case_009232.csv
9233,mapping,iput,128,10000,16,4,131200,identity,20261005,case_009233.csv
9234,mapping,iput,128,10000,16,4,131200,reverse,20261005,case_009234.csv
9235,mapping,iput,128,10000,16,4,131200,transpose,20261005,case_009235.csv
9236,mapping,iput,128,10000,16,4,131200,shuffle,20261005,case_009236.csv
9237,mapping,iput,128,10000,16,4,131328,identity,20261005,case_009237.csv
9238,mapping,iput,128,10000,16,4,131328,reverse,20261005,case_009238.csv
9239,mapping,iput,128,10000,16,4,131328,transpose,20261005,case_009239.csv
9240,mapping,iput,128,10000,16,4,131328,shuffle,20261005,case_009240.csv
9241,mapping,iput,128,10000,16,4,135168,identity,20261005,case_009241.csv
9242,mapping,iput,128,10000,16,4,135168,reverse,20261005,case_009242.csv
9243,mapping,iput,128,10000,16,4,135168,transpose,20261005,case_009243.csv
9244,mapping,iput,128,10000,16,4,135168,shuffle,20261005,case_009244.csv
9245,mapping,iput,128,10000,16,4,262144,identity,20261005,case_009245.csv
9246,mapping,iput,128,10000,16,4,262144,reverse,20261005,case_009246.csv
9247,mapping,iput,128,10000,16,4,262144,transpose,20261005,case_009247.csv
9248,mapping,iput,128,10000,16,4,262144,shuffle,20261005,case_009248.csv
9249,mapping,iput,256,10000,16,4,131200,identity,20261005,case_009249.csv
9250,mapping,iput,256,10000,16,4,131200,reverse,20261005,case_009250.csv
9251,mapping,iput,256,10000,16,4,131200,transpose,20261005,case_009251.csv
9252,mapping,iput,256,10000,16,4,131200,shuffle,20261005,case_009252.csv
9253,mapping,iput,256,10000,16,4,131328,identity,20261005,case_009253.csv
9254,mapping,iput,256,10000,16,4,131328,reverse,20261005,case_009254.csv
9255,mapping,iput,256,10000,16,4,131328,transpose,20261005,case_009255.csv
9256,mapping,iput,256,10000,16,4,131328,shuffle,20261005,case_009256.csv
9257,mapping,iput,256,10000,16,4,135168,identity,20261005,case_009257.csv
9258,mapping,iput,256,10000,16,4,135168,reverse,20261005,case_009258.csv
9259,mapping,iput,256,10000,16,4,135168,transpose,20261005,case_009259.csv
9260,mapping,iput,256,10000,16,4,135168,shuffle,20261005,case_009260.csv
9261,mapping,iput,256,10000,16,4,262144,identity,20261005,case_009261.csv
9262,mapping,iput,256,10000,16,4,262144,reverse,20261005,case_009262.csv
9263,mapping,iput,256,10000,16,4,262144,transpose,20261005,case_009263.csv
9264,mapping,iput,256,10000,16,4,262144,shuffle,20261005,case_009264.csv
9265,mapping,iput,4096,1000,16,4,131200,identity,20261005,case_009265.csv
9266,mapping,iput,4096,1000,16,4,131200,reverse,20261005,case_009266.csv
9267,mapping,iput,4096,1000,16,4,131200,transpose,20261005,case_009267.csv
9268,mapping,iput,4096,1000,16,4,131200,shuffle,20261005,case_009268.csv
9269,mapping,iput,4096,1000,16,4,131328,identity,20261005,case_009269.csv
9270,mapping,iput,4096,1000,16,4,131328,reverse,20261005,case_009270.csv
9271,mapping,iput,4096,1000,16,4,131328,transpose,20261005,case_009271.csv
9272,mapping,iput,4096,1000,16,4,131328,shuffle,20261005,case_009272.csv
9273,mapping,iput,4096,1000,16,4,135168,identity,20261005,case_009273.csv
9274,mapping,iput,4096,1000,16,4,135168,reverse,20261005,case_009274.csv
9275,mapping,iput,4096,1000,16,4,135168,transpose,20261005,case_009275.csv
9276,mapping,iput,4096,1000,16,4,135168,shuffle,20261005,case_009276.csv
9277,mapping,iput,4096,1000,16,4,262144,identity,20261005,case_009277.csv
9278,mapping,iput,4096,1000,16,4,262144,reverse,20261005,case_009278.csv
9279,mapping,iput,4096,1000,16,4,262144,transpose,20261005,case_009279.csv
9280,mapping,iput,4096,1000,16,4,262144,shuffle,20261005,case_009280.csv
9281,mapping,iput,32768,1000,16,4,131200,identity,20261005,case_009281.csv
9282,mapping,iput,32768,1000,16,4,131200,reverse,20261005,case_009282.csv
9283,mapping,iput,32768,1000,16,4,131200,transpose,20261005,case_009283.csv
9284,mapping,iput,32768,1000,16,4,131200,shuffle,20261005,case_009284.csv
9285,mapping,iput,32768,1000,16,4,131328,identity,20261005,case_009285.csv
9286,mapping,iput,32768,1000,16,4,131328,reverse,20261005,case_009286.csv
9287,mapping,iput,32768,1000,16,4,131328,transpose,20261005,case_009287.csv
9288,mapping,iput,32768,1000,16,4,131328,shuffle,20261005,case_009288.csv
9289,mapping,iput,32768,1000,16,4,135168,identity,20261005,case_009289.csv
9290,mapping,iput,32768,1000,16,4,135168,reverse,20261005,case_009290.csv
9291,mapping,iput,32768,1000,16,4,135168,transpose,20261005,case_009291.csv
9292,mapping,iput,32768,1000,16,4,135168,shuffle,20261005,case_009292.csv
9293,mapping,iput,32768,1000,16,4,262144,identity,20261005,case_009293.csv
9294,mapping,iput,32768,1000,16,4,262144,reverse,20261005,case_009294.csv
9295,mapping,iput,32768,1000,16,4,262144,transpose,20261005,case_009295.csv
9296,mapping,iput,32768,1000,16,4,262144,shuffle,20261005,case_009296.csv
9297,mapping,iput,65536,1000,16,4,131200,identity,20261005,case_009297.csv
9298,mapping,iput,65536,1000,16,4,131200,reverse,20261005,case_009298.csv
9299,mapping,iput,65536,1000,16,4,131200,transpose,20261005,case_009299.csv
9300,mapping,iput,65536,1000,16,4,131200,shuffle,20261005,case_009300.csv
9301,mapping,iput,65536,1000,16,4,131328,identity,20261005,case_009301.csv
9302,mapping,iput,65536,1000,16,4,131328,reverse,20261005,case_009302.csv
9303,mapping,iput,65536,1000,16,4,131328,transpose,20261005,case_009303.csv
9304,mapping,iput,65536,1000,16,4,131328,shuffle,20261005,case_009304.csv
9305,mapping,iput,65536,1000,16,4,135168,identity,20261005,case_009305.csv
9306,mapping,iput,65536,1000,16,4,135168,reverse,20261005,case_009306.csv
9307,mapping,iput,65536,1000,16,4,135168,transpose,20261005,case_009307.csv
9308,mapping,iput,65536,1000,16,4,135168,shuffle,20261005,case_009308.csv
9309,mapping,iput,65536,1000,16,4,262144,identity,20261005,case_009309.csv
9310,mapping,iput,65536,1000,16,4,262144,reverse,20261005,case_009310.csv
9311,mapping,iput,65536,1000,16,4,262144,transpose,20261005,case_009311.csv
9312,mapping,iput,65536,1000,16,4,262144,shuffle,20261005,case_009312.csv
9313,mapping,iput,98304,1000,16,4,131200,identity,20261005,case_009313.csv
9314,mapping,iput,98304,1000,16,4,131200,reverse,20261005,case_009314.csv
9315,mapping,iput,98304,1000,16,4,131200,transpose,20261005,case_009315.csv
9316,mapping,iput,98304,1000,16,4,131200,shuffle,20261005,case_009316.csv
9317,mapping,iput,98304,1000,16,4,131328,identity,20261005,case_009317.csv
9318,mapping,iput,98304,1000,16,4,131328,reverse,20261005,case_009318.csv
9319,mapping,iput,98304,1000,16,4,131328,transpose,20261005,case_009319.csv
9320,mapping,iput,98304,1000,16,4,131328,shuffle,20261005,case_009320.csv
9321,mapping,iput,98304,1000,16,4,135168,identity,20261005,case_009321.csv
9322,mapping,iput,98304,1000,16,4,135168,reverse,20261005,case_009322.csv
9323,mapping,iput,98304,1000,16,4,135168,transpose,20261005,case_009323.csv
9324,mapping,iput,98304,1000,16,4,135168,shuffle,20261005,case_009324.csv
9325,mapping,iput,98304,1000,16,4,262144,identity,20261005,case_009325.csv
9326,mapping,iput,98304,1000,16,4,262144,reverse,20261005,case_009326.csv
9327,mapping,iput,98304,1000,16,4,262144,transpose,20261005,case_009327.csv
9328,mapping,iput,98304,1000,16,4,262144,shuffle,20261005,case_009328.csv
9329,mapping,iput,131072,1000,16,4,131200,identity,20261005,case_009329.csv
9330,mapping,iput,131072,1000,16,4,131200,reverse,20261005,case_009330.csv
9331,mapping,iput,131072,1000,16,4,131200,transpose,20261005,case_009331.csv
9332,mapping,iput,131072,1000,16,4,131200,shuffle,20261005,case_009332.csv
9333,mapping,iput,131072,1000,16,4,131328,identity,20261005,case_009333.csv
9334,mapping,iput,131072,1000,16,4,131328,reverse,20261005,case_009334.csv
9335,mapping,iput,131072,1000,16,4,131328,transpose,20261005,case_009335.csv
9336,mapping,iput,131072,1000,16,4,131328,shuffle,20261005,case_009336.csv
9337,mapping,iput,131072,1000,16,4,135168,identity,20261005,case_009337.csv
9338,mapping,iput,131072,1000,16,4,135168,reverse,20261005,case_009338.csv
9339,mapping,iput,131072,1000,16,4,135168,transpose,20261005,case_009339.csv
9340,mapping,iput,131072,1000,16,4,135168,shuffle,20261005,case_009340.csv
9341,mapping,iput,131072,1000,16,4,262144,identity,20261005,case_009341.csv
9342,mapping,iput,131072,1000,16,4,262144,reverse,20261005,case_009342.csv
9343,mapping,iput,131072,1000,16,4,262144,transpose,20261005,case_009343.csv
9344,mapping,iput,131072,1000,16,4,262144,shuffle,20261005,case_009344.csv
9345,mapping,iput,64,10000,32,0,131200,identity,20261005,case_009345.csv
9346,mapping,iput,64,10000,32,0,131200,reverse,20261005,case_009346.csv
9347,mapping,iput,64,10000,32,0,131200,transpose,20261005,case_009347.csv
9348,mapping,iput,64,10000,32,0,131200,shuffle,20261005,case_009348.csv
9349,mapping,iput,64,10000,32,0,131328,identity,20261005,case_009349.csv
9350,mapping,iput,64,10000,32,0,131328,reverse,20261005,case_009350.csv
9351,mapping,iput,64,10000,32,0,131328,transpose,20261005,case_009351.csv
9352,mapping,iput,64,10000,32,0,131328,shuffle,20261005,case_009352.csv
9353,mapping,iput,64,10000,32,0,135168,identity,20261005,case_009353.csv
9354,mapping,iput,64,10000,32,0,135168,reverse,20261005,case_009354.csv
9355,mapping,iput,64,10000,32,0,135168,transpose,20261005,case_009355.csv
9356,mapping,iput,64,10000,32,0,135168,shuffle,20261005,case_009356.csv
9357,mapping,iput,64,10000,32,0,262144,identity,20261005,case_009357.csv
9358,mapping,iput,64,10000,32,0,262144,reverse,20261005,case_009358.csv
9359,mapping,iput,64,10000,32,0,262144,transpose,20261005,case_009359.csv
9360,mapping,iput,64,10000,32,0,262144,shuffle,20261005,case_009360.csv
9361,mapping,iput,128,10000,32,0,131200,identity,20261005,case_009361.csv
9362,mapping,iput,128,10000,32,0,131200,reverse,20261005,case_009362.csv
9363,mapping,iput,128,10000,32,0,131200,transpose,20261005,case_009363.csv
9364,mapping,iput,128,10000,32,0,131200,shuffle,20261005,case_009364.csv
9365,mapping,iput,128,10000,32,0,131328,identity,20261005,case_009365.csv
9366,mapping,iput,128,10000,32,0,131328,reverse,20261005,case_009366.csv
9367,mapping,iput,128,10000,32,0,131328,transpose,20261005,case_009367.csv
9368,mapping,iput,128,10000,32,0,131328,shuffle,20261005,case_009368.csv
9369,mapping,iput,128,10000,32,0,135168,identity,20261005,case_009369.csv
9370,mapping,iput,128,10000,32,0,135168,reverse,20261005,case_009370.csv
9371,mapping,iput,128,10000,32,0,135168,transpose,20261005,case_009371.csv
9372,mapping,iput,128,10000,32,0,135168,shuffle,20261005,case_009372.csv
9373,mapping,iput,128,10000,32,0,262144,identity,20261005,case_009373.csv
9374,mapping,iput,128,10000,32,0,262144,reverse,20261005,case_009374.csv
9375,mapping,iput,128,10000,32,0,262144,transpose,20261005,case_009375.csv
9376,mapping,iput,128,10000,32,0,262144,shuffle,20261005,case_009376.csv
9377,mapping,iput,256,10000,32,0,131200,identity,20261005,case_009377.csv
9378,mapping,iput,256,10000,32,0,131200,reverse,20261005,case_009378.csv
9379,mapping,iput,256,10000,32,0,131200,transpose,20261005,case_009379.csv
9380,mapping,iput,256,10000,32,0,131200,shuffle,20261005,case_009380.csv
9381,mapping,iput,256,10000,32,0,131328,identity,20261005,case_009381.csv
9382,mapping,iput,256,10000,32,0,131328,reverse,20261005,case_009382.csv
9383,mapping,iput,256,10000,32,0,131328,transpose,20261005,case_009383.csv
9384,mapping,iput,256,10000,32,0,131328,shuffle,20261005,case_009384.csv
9385,mapping,iput,256,10000,32,0,135168,identity,20261005,case_009385.csv
9386,mapping,iput,256,10000,32,0,135168,reverse,20261005,case_009386.csv
9387,mapping,iput,256,10000,32,0,135168,transpose,20261005,case_009387.csv
9388,mapping,iput,256,10000,32,0,135168,shuffle,20261005,case_009388.csv
9389,mapping,iput,256,10000,32,0,262144,identity,20261005,case_009389.csv
9390,mapping,iput,256,10000,32,0,262144,reverse,20261005,case_009390.csv
9391,mapping,iput,256,10000,32,0,262144,transpose,20261005,case_009391.csv
9392,mapping,iput,256,10000,32,0,262144,shuffle,20261005,case_009392.csv
9393,mapping,iput,4096,1000,32,0,131200,identity,20261005,case_009393.csv
9394,mapping,iput,4096,1000,32,0,131200,reverse,20261005,case_009394.csv
9395,mapping,iput,4096,1000,32,0,131200,transpose,20261005,case_009395.csv
9396,mapping,iput,4096,1000,32,0,131200,shuffle,20261005,case_009396.csv
9397,mapping,iput,4096,1000,32,0,131328,identity,20261005,case_009397.csv
9398,mapping,iput,4096,1000,32,0,131328,reverse,20261005,case_009398.csv
9399,mapping,iput,4096,1000,32,0,131328,transpose,20261005,case_009399.csv
9400,mapping,iput,4096,1000,32,0,131328,shuffle,20261005,case_009400.csv
9401,mapping,iput,4096,1000,32,0,135168,identity,20261005,case_009401.csv
9402,mapping,iput,4096,1000,32,0,135168,reverse,20261005,case_009402.csv
9403,mapping,iput,4096,1000,32,0,135168,transpose,20261005,case_009403.csv
9404,mapping,iput,4096,1000,32,0,135168,shuffle,20261005,case_009404.csv
9405,mapping,iput,4096,1000,32,0,262144,identity,20261005,case_009405.csv
9406,mapping,iput,4096,1000,32,0,262144,reverse,20261005,case_009406.csv
9407,mapping,iput,4096,1000,32,0,262144,transpose,20261005,case_009407.csv
9408,mapping,iput,4096,1000,32,0,262144,shuffle,20261005,case_009408.csv
9409,mapping,iput,32768,1000,32,0,131200,identity,20261005,case_009409.csv
9410,mapping,iput,32768,1000,32,0,131200,reverse,20261005,case_009410.csv
9411,mapping,iput,32768,1000,32,0,131200,transpose,20261005,case_009411.csv
9412,mapping,iput,32768,1000,32,0,131200,shuffle,20261005,case_009412.csv
9413,mapping,iput,32768,1000,32,0,131328,identity,20261005,case_009413.csv
9414,mapping,iput,32768,1000,32,0,131328,reverse,20261005,case_009414.csv
9415,mapping,iput,32768,1000,32,0,131328,transpose,20261005,case_009415.csv
9416,mapping,iput,32768,1000,32,0,131328,shuffle,20261005,case_009416.csv
9417,mapping,iput,32768,1000,32,0,135168,identity,20261005,case_009417.csv
9418,mapping,iput,32768,1000,32,0,135168,reverse,20261005,case_009418.csv
9419,mapping,iput,32768,1000,32,0,135168,transpose,20261005,case_009419.csv
9420,mapping,iput,32768,1000,32,0,135168,shuffle,20261005,case_009420.csv
9421,mapping,iput,32768,1000,32,0,262144,identity,20261005,case_009421.csv
9422,mapping,iput,32768,1000,32,0,262144,reverse,20261005,case_009422.csv
9423,mapping,iput,32768,1000,32,0,262144,transpose,20261005,case_009423.csv
9424,mapping,iput,32768,1000,32,0,262144,shuffle,20261005,case_009424.csv
9425,mapping,iput,65536,1000,32,0,131200,identity,20261005,case_009425.csv
9426,mapping,iput,65536,1000,32,0,131200,reverse,20261005,case_009426.csv
9427,mapping,iput,65536,1000,32,0,131200,transpose,20261005,case_009427.csv
9428,mapping,iput,65536,1000,32,0,131200,shuffle,20261005,case_009428.csv
9429,mapping,iput,65536,1000,32,0,131328,identity,20261005,case_009429.csv
9430,mapping,iput,65536,1000,32,0,131328,reverse,20261005,case_009430.csv
9431,mapping,iput,65536,1000,32,0,131328,transpose,20261005,case_009431.csv
9432,mapping,iput,65536,1000,32,0,131328,shuffle,20261005,case_009432.csv
9433,mapping,iput,65536,1000,32,0,135168,identity,20261005,case_009433.csv
9434,mapping,iput,65536,1000,32,0,135168,reverse,20261005,case_009434.csv
9435,mapping,iput,65536,1000,32,0,135168,transpose,20261005,case_009435.csv
9436,mapping,iput,65536,1000,32,0,135168,shuffle,20261005,case_009436.csv
9437,mapping,iput,65536,1000,32,0,262144,identity,20261005,case_009437.csv
9438,mapping,iput,65536,1000,32,0,262144,reverse,20261005,case_009438.csv
9439,mapping,iput,65536,1000,32,0,262144,transpose,20261005,case_009439.csv
9440,mapping,iput,65536,1000,32,0,262144,shuffle,20261005,case_009440.csv
9441,mapping,iput,98304,1000,32,0,131200,identity,20261005,case_009441.csv
9442,mapping,iput,98304,1000,32,0,131200,reverse,20261005,case_009442.csv
9443,mapping,iput,98304,1000,32,0,131200,transpose,20261005,case_009443.csv
9444,mapping,iput,98304,1000,32,0,131200,shuffle,20261005,case_009444.csv
9445,mapping,iput,98304,1000,32,0,131328,identity,20261005,case_009445.csv
9446,mapping,iput,98304,1000,32,0,131328,reverse,20261005,case_009446.csv
9447,mapping,iput,98304,1000,32,0,131328,transpose,20261005,case_009447.csv
9448,mapping,iput,98304,1000,32,0,131328,shuffle,20261005,case_009448.csv
9449,mapping,iput,98304,1000,32,0,135168,identity,20261005,case_009449.csv
9450,mapping,iput,98304,1000,32,0,135168,reverse,20261005,case_009450.csv
9451,mapping,iput,98304,1000,32,0,135168,transpose,20261005,case_009451.csv
9452,mapping,iput,98304,1000,32,0,135168,shuffle,20261005,case_009452.csv
9453,mapping,iput,98304,1000,32,0,262144,identity,20261005,case_009453.csv
9454,mapping,iput,98304,1000,32,0,262144,reverse,20261005,case_009454.csv
9455,mapping,iput,98304,1000,32,0,262144,transpose,20261005,case_009455.csv
9456,mapping,iput,98304,1000,32,0,262144,shuffle,20261005,case_009456.csv
9457,mapping,iput,131072,1000,32,0,131200,identity,20261005,case_009457.csv
9458,mapping,iput,131072,1000,32,0,131200,reverse,20261005,case_009458.csv
9459,mapping,iput,131072,1000,32,0,131200,transpose,20261005,case_009459.csv
9460,mapping,iput,131072,1000,32,0,131200,shuffle,20261005,case_009460.csv
9461,mapping,iput,131072,1000,32,0,131328,identity,20261005,case_009461.csv
9462,mapping,iput,131072,1000,32,0,131328,reverse,20261005,case_009462.csv
9463,mapping,iput,131072,1000,32,0,131328,transpose,20261005,case_009463.csv
9464,mapping,iput,131072,1000,32,0,131328,shuffle,20261005,case_009464.csv
9465,mapping,iput,131072,1000,32,0,135168,identity,20261005,case_009465.csv
9466,mapping,iput,131072,1000,32,0,135168,reverse,20261005,case_009466.csv
9467,mapping,iput,131072,1000,32,0,135168,transpose,20261005,case_009467.csv
9468,mapping,iput,131072,1000,32,0,135168,shuffle,20261005,case_009468.csv
9469,mapping,iput,131072,1000,32,0,262144,identity,20261005,case_009469.csv
9470,mapping,iput,131072,1000,32,0,262144,reverse,20261005,case_009470.csv
9471,mapping,iput,131072,1000,32,0,262144,transpose,20261005,case_009471.csv
9472,mapping,iput,131072,1000,32,0,262144,shuffle,20261005,case_009472.csv
9473,mapping,iput,64,10000,32,4,131200,identity,20261005,case_009473.csv
9474,mapping,iput,64,10000,32,4,131200,reverse,20261005,case_009474.csv
9475,mapping,iput,64,10000,32,4,131200,transpose,20261005,case_009475.csv
9476,mapping,iput,64,10000,32,4,131200,shuffle,20261005,case_009476.csv
9477,mapping,iput,64,10000,32,4,131328,identity,20261005,case_009477.csv
9478,mapping,iput,64,10000,32,4,131328,reverse,20261005,case_009478.csv
9479,mapping,iput,64,10000,32,4,131328,transpose,20261005,case_009479.csv
9480,mapping,iput,64,10000,32,4,131328,shuffle,20261005,case_009480.csv
9481,mapping,iput,64,10000,32,4,135168,identity,20261005,case_009481.csv
9482,mapping,iput,64,10000,32,4,135168,reverse,20261005,case_009482.csv
9483,mapping,iput,64,10000,32,4,135168,transpose,20261005,case_009483.csv
9484,mapping,iput,64,10000,32,4,135168,shuffle,20261005,case_009484.csv
9485,mapping,iput,64,10000,32,4,262144,identity,20261005,case_009485.csv
9486,mapping,iput,64,10000,32,4,262144,reverse,20261005,case_009486.csv
9487,mapping,iput,64,10000,32,4,262144,transpose,20261005,case_009487.csv
9488,mapping,iput,64,10000,32,4,262144,shuffle,20261005,case_009488.csv
9489,mapping,iput,128,10000,32,4,131200,identity,20261005,case_009489.csv
9490,mapping,iput,128,10000,32,4,131200,reverse,20261005,case_009490.csv
9491,mapping,iput,128,10000,32,4,131200,transpose,20261005,case_009491.csv
9492,mapping,iput,128,10000,32,4,131200,shuffle,20261005,case_009492.csv
9493,mapping,iput,128,10000,32,4,131328,identity,20261005,case_009493.csv
9494,mapping,iput,128,10000,32,4,131328,reverse,20261005,case_009494.csv
9495,mapping,iput,128,10000,32,4,131328,transpose,20261005,case_009495.csv
9496,mapping,iput,128,10000,32,4,131328,shuffle,20261005,case_009496.csv
9497,mapping,iput,128,10000,32,4,135168,identity,20261005,case_009497.csv
9498,mapping,iput,128,10000,32,4,135168,reverse,20261005,case_009498.csv
9499,mapping,iput,128,10000,32,4,135168,transpose,20261005,case_009499.csv
9500,mapping,iput,128,10000,32,4,135168,shuffle,20261005,case_009500.csv
9501,mapping,iput,128,10000,32,4,262144,identity,20261005,case_009501.csv
9502,mapping,iput,128,10000,32,4,262144,reverse,20261005,case_009502.csv
9503,mapping,iput,128,10000,32,4,262144,transpose,20261005,case_009503.csv
9504,mapping,iput,128,10000,32,4,262144,shuffle,20261005,case_009504.csv
9505,mapping,iput,256,10000,32,4,131200,identity,20261005,case_009505.csv
9506,mapping,iput,256,10000,32,4,131200,reverse,20261005,case_009506.csv
9507,mapping,iput,256,10000,32,4,131200,transpose,20261005,case_009507.csv
9508,mapping,iput,256,10000,32,4,131200,shuffle,20261005,case_009508.csv
9509,mapping,iput,256,10000,32,4,131328,identity,20261005,case_009509.csv
9510,mapping,iput,256,10000,32,4,131328,reverse,20261005,case_009510.csv
9511,mapping,iput,256,10000,32,4,131328,transpose,20261005,case_009511.csv
9512,mapping,iput,256,10000,32,4,131328,shuffle,20261005,case_009512.csv
9513,mapping,iput,256,10000,32,4,135168,identity,20261005,case_009513.csv
9514,mapping,iput,256,10000,32,4,135168,reverse,20261005,case_009514.csv
9515,mapping,iput,256,10000,32,4,135168,transpose,20261005,case_009515.csv
9516,mapping,iput,256,10000,32,4,135168,shuffle,20261005,case_009516.csv
9517,mapping,iput,256,10000,32,4,262144,identity,20261005,case_009517.csv
9518,mapping,iput,256,10000,32,4,262144,reverse,20261005,case_009518.csv
9519,mapping,iput,256,10000,32,4,262144,transpose,20261005,case_009519.csv
9520,mapping,iput,256,10000,32,4,262144,shuffle,20261005,case_009520.csv
9521,mapping,iput,4096,1000,32,4,131200,identity,20261005,case_009521.csv
9522,mapping,iput,4096,1000,32,4,131200,reverse,20261005,case_009522.csv
9523,mapping,iput,4096,1000,32,4,131200,transpose,20261005,case_009523.csv
9524,mapping,iput,4096,1000,32,4,131200,shuffle,20261005,case_009524.csv
9525,mapping,iput,4096,1000,32,4,131328,identity,20261005,case_009525.csv
9526,mapping,iput,4096,1000,32,4,131328,reverse,20261005,case_009526.csv
9527,mapping,iput,4096,1000,32,4,131328,transpose,20261005,case_009527.csv
9528,mapping,iput,4096,1000,32,4,131328,shuffle,20261005,case_009528.csv
9529,mapping,iput,4096,1000,32,4,135168,identity,20261005,case_009529.csv
9530,mapping,iput,4096,1000,32,4,135168,reverse,20261005,case_009530.csv
9531,mapping,iput,4096,1000,32,4,135168,transpose,20261005,case_009531.csv
9532,mapping,iput,4096,1000,32,4,135168,shuffle,20261005,case_009532.csv
9533,mapping,iput,4096,1000,32,4,262144,identity,20261005,case_009533.csv
9534,mapping,iput,4096,1000,32,4,262144,reverse,20261005,case_009534.csv
9535,mapping,iput,4096,1000,32,4,262144,transpose,20261005,case_009535.csv
9536,mapping,iput,4096,1000,32,4,262144,shuffle,20261005,case_009536.csv
9537,mapping,iput,32768,1000,32,4,131200,identity,20261005,case_009537.csv
9538,mapping,iput,32768,1000,32,4,131200,reverse,20261005,case_009538.csv
9539,mapping,iput,32768,1000,32,4,131200,transpose,20261005,case_009539.csv
9540,mapping,iput,32768,1000,32,4,131200,shuffle,20261005,case_009540.csv
9541,mapping,iput,32768,1000,32,4,131328,identity,20261005,case_009541.csv
9542,mapping,iput,32768,1000,32,4,131328,reverse,20261005,case_009542.csv
9543,mapping,iput,32768,1000,32,4,131328,transpose,20261005,case_009543.csv
9544,mapping,iput,32768,1000,32,4,131328,shuffle,20261005,case_009544.csv
9545,mapping,iput,32768,1000,32,4,135168,identity,20261005,case_009545.csv
9546,mapping,iput,32768,1000,32,4,135168,reverse,20261005,case_009546.csv
9547,mapping,iput,32768,1000,32,4,135168,transpose,20261005,case_009547.csv
9548,mapping,iput,32768,1000,32,4,135168,shuffle,20261005,case_009548.csv
9549,mapping,iput,32768,1000,32,4,262144,identity,20261005,case_009549.csv
9550,mapping,iput,32768,1000,32,4,262144,reverse,20261005,case_009550.csv
9551,mapping,iput,32768,1000,32,4,262144,transpose,20261005,case_009551.csv
9552,mapping,iput,32768,1000,32,4,262144,shuffle,20261005,case_009552.csv
9553,mapping,iput,65536,1000,32,4,131200,identity,20261005,case_009553.csv
9554,mapping,iput,65536,1000,32,4,131200,reverse,20261005,case_009554.csv
9555,mapping,iput,65536,1000,32,4,131200,transpose,20261005,case_009555.csv
9556,mapping,iput,65536,1000,32,4,131200,shuffle,20261005,case_009556.csv
9557,mapping,iput,65536,1000,32,4,131328,identity,20261005,case_009557.csv
9558,mapping,iput,65536,1000,32,4,131328,reverse,20261005,case_009558.csv
9559,mapping,iput,65536,1000,32,4,131328,transpose,20261005,case_009559.csv
9560,mapping,iput,65536,1000,32,4,131328,shuffle,20261005,case_009560.csv
9561,mapping,iput,65536,1000,32,4,135168,identity,20261005,case_009561.csv
9562,mapping,iput,65536,1000,32,4,135168,reverse,20261005,case_009562.csv
9563,mapping,iput,65536,1000,32,4,135168,transpose,20261005,case_009563.csv
9564,mapping,iput,65536,1000,32,4,135168,shuffle,20261005,case_009564.csv
9565,mapping,iput,65536,1000,32,4,262144,identity,20261005,case_009565.csv
9566,mapping,iput,65536,1000,32,4,262144,reverse,20261005,case_009566.csv
9567,mapping,iput,65536,1000,32,4,262144,transpose,20261005,case_009567.csv
9568,mapping,iput,65536,1000,32,4,262144,shuffle,20261005,case_009568.csv
9569,mapping,iput,98304,1000,32,4,131200,identity,20261005,case_009569.csv
9570,mapping,iput,98304,1000,32,4,131200,reverse,20261005,case_009570.csv
9571,mapping,iput,98304,1000,32,4,131200,transpose,20261005,case_009571.csv
9572,mapping,iput,98304,1000,32,4,131200,shuffle,20261005,case_009572.csv
9573,mapping,iput,98304,1000,32,4,131328,identity,20261005,case_009573.csv
9574,mapping,iput,98304,1000,32,4,131328,reverse,20261005,case_009574.csv
9575,mapping,iput,98304,1000,32,4,131328,transpose,20261005,case_009575.csv
9576,mapping,iput,98304,1000,32,4,131328,shuffle,20261005,case_009576.csv
9577,mapping,iput,98304,1000,32,4,135168,identity,20261005,case_009577.csv
9578,mapping,iput,98304,1000,32,4,135168,reverse,20261005,case_009578.csv
9579,mapping,iput,98304,1000,32,4,135168,transpose,20261005,case_009579.csv
9580,mapping,iput,98304,1000,32,4,135168,shuffle,20261005,case_009580.csv
9581,mapping,iput,98304,1000,32,4,262144,identity,20261005,case_009581.csv
9582,mapping,iput,98304,1000,32,4,262144,reverse,20261005,case_009582.csv
9583,mapping,iput,98304,1000,32,4,262144,transpose,20261005,case_009583.csv
9584,mapping,iput,98304,1000,32,4,262144,shuffle,20261005,case_009584.csv
9585,mapping,iput,131072,1000,32,4,131200,identity,20261005,case_009585.csv
9586,mapping,iput,131072,1000,32,4,131200,reverse,20261005,case_009586.csv
9587,mapping,iput,131072,1000,32,4,131200,transpose,20261005,case_009587.csv
9588,mapping,iput,131072,1000,32,4,131200,shuffle,20261005,case_009588.csv
9589,mapping,iput,131072,1000,32,4,131328,identity,20261005,case_009589.csv
9590,mapping,iput,131072,1000,32,4,131328,reverse,20261005,case_009590.csv
9591,mapping,iput,131072,1000,32,4,131328,transpose,20261005,case_009591.csv
9592,mapping,iput,131072,1000,32,4,131328,shuffle,20261005,case_009592.csv
9593,mapping,iput,131072,1000,32,4,135168,identity,20261005,case_009593.csv
9594,mapping,iput,131072,1000,32,4,135168,reverse,20261005,case_009594.csv
9595,mapping,iput,131072,1000,32,4,135168,transpose,20261005,case_009595.csv
9596,mapping,iput,131072,1000,32,4,135168,shuffle,20261005,case_009596.csv
9597,mapping,iput,131072,1000,32,4,262144,identity,20261005,case_009597.csv
9598,mapping,iput,131072,1000,32,4,262144,reverse,20261005,case_009598.csv
9599,mapping,iput,131072,1000,32,4,262144,transpose,20261005,case_009599.csv
9600,mapping,iput,131072,1000,32,4,262144,shuffle,20261005,case_009600.csv
9601,mapping,iput,64,10000,64,0,131200,identity,20261005,case_009601.csv
9602,mapping,iput,64,10000,64,0,131200,reverse,20261005,case_009602.csv
9603,mapping,iput,64,10000,64,0,131200,transpose,20261005,case_009603.csv
9604,mapping,iput,64,10000,64,0,131200,shuffle,20261005,case_009604.csv
9605,mapping,iput,64,10000,64,0,131328,identity,20261005,case_009605.csv
9606,mapping,iput,64,10000,64,0,131328,reverse,20261005,case_009606.csv
9607,mapping,iput,64,10000,64,0,131328,transpose,20261005,case_009607.csv
9608,mapping,iput,64,10000,64,0,131328,shuffle,20261005,case_009608.csv
9609,mapping,iput,64,10000,64,0,135168,identity,20261005,case_009609.csv
9610,mapping,iput,64,10000,64,0,135168,reverse,20261005,case_009610.csv
9611,mapping,iput,64,10000,64,0,135168,transpose,20261005,case_009611.csv
9612,mapping,iput,64,10000,64,0,135168,shuffle,20261005,case_009612.csv
9613,mapping,iput,64,10000,64,0,262144,identity,20261005,case_009613.csv
9614,mapping,iput,64,10000,64,0,262144,reverse,20261005,case_009614.csv
9615,mapping,iput,64,10000,64,0,262144,transpose,20261005,case_009615.csv
9616,mapping,iput,64,10000,64,0,262144,shuffle,20261005,case_009616.csv
9617,mapping,iput,128,10000,64,0,131200,identity,20261005,case_009617.csv
9618,mapping,iput,128,10000,64,0,131200,reverse,20261005,case_009618.csv
9619,mapping,iput,128,10000,64,0,131200,transpose,20261005,case_009619.csv
9620,mapping,iput,128,10000,64,0,131200,shuffle,20261005,case_009620.csv
9621,mapping,iput,128,10000,64,0,131328,identity,20261005,case_009621.csv
9622,mapping,iput,128,10000,64,0,131328,reverse,20261005,case_009622.csv
9623,mapping,iput,128,10000,64,0,131328,transpose,20261005,case_009623.csv
9624,mapping,iput,128,10000,64,0,131328,shuffle,20261005,case_009624.csv
9625,mapping,iput,128,10000,64,0,135168,identity,20261005,case_009625.csv
9626,mapping,iput,128,10000,64,0,135168,reverse,20261005,case_009626.csv
9627,mapping,iput,128,10000,64,0,135168,transpose,20261005,case_009627.csv
9628,mapping,iput,128,10000,64,0,135168,shuffle,20261005,case_009628.csv
9629,mapping,iput,128,10000,64,0,262144,identity,20261005,case_009629.csv
9630,mapping,iput,128,10000,64,0,262144,reverse,20261005,case_009630.csv
9631,mapping,iput,128,10000,64,0,262144,transpose,20261005,case_009631.csv
9632,mapping,iput,128,10000,64,0,262144,shuffle,20261005,case_009632.csv
9633,mapping,iput,256,10000,64,0,131200,identity,20261005,case_009633.csv
9634,mapping,iput,256,10000,64,0,131200,reverse,20261005,case_009634.csv
9635,mapping,iput,256,10000,64,0,131200,transpose,20261005,case_009635.csv
9636,mapping,iput,256,10000,64,0,131200,shuffle,20261005,case_009636.csv
9637,mapping,iput,256,10000,64,0,131328,identity,20261005,case_009637.csv
9638,mapping,iput,256,10000,64,0,131328,reverse,20261005,case_009638.csv
9639,mapping,iput,256,10000,64,0,131328,transpose,20261005,case_009639.csv
9640,mapping,iput,256,10000,64,0,131328,shuffle,20261005,case_009640.csv
9641,mapping,iput,256,10000,64,0,135168,identity,20261005,case_009641.csv
9642,mapping,iput,256,10000,64,0,135168,reverse,20261005,case_009642.csv
9643,mapping,iput,256,10000,64,0,135168,transpose,20261005,case_009643.csv
9644,mapping,iput,256,10000,64,0,135168,shuffle,20261005,case_009644.csv
9645,mapping,iput,256,10000,64,0,262144,identity,20261005,case_009645.csv
9646,mapping,iput,256,10000,64,0,262144,reverse,20261005,case_009646.csv
9647,mapping,iput,256,10000,64,0,262144,transpose,20261005,case_009647.csv
9648,mapping,iput,256,10000,64,0,262144,shuffle,20261005,case_009648.csv
9649,mapping,iput,4096,1000,64,0,131200,identity,20261005,case_009649.csv
9650,mapping,iput,4096,1000,64,0,131200,reverse,20261005,case_009650.csv
9651,mapping,iput,4096,1000,64,0,131200,transpose,20261005,case_009651.csv
9652,mapping,iput,4096,1000,64,0,131200,shuffle,20261005,case_009652.csv
9653,mapping,iput,4096,1000,64,0,131328,identity,20261005,case_009653.csv
9654,mapping,iput,4096,1000,64,0,131328,reverse,20261005,case_009654.csv
9655,mapping,iput,4096,1000,64,0,131328,transpose,20261005,case_009655.csv
9656,mapping,iput,4096,1000,64,0,131328,shuffle,20261005,case_009656.csv
9657,mapping,iput,4096,1000,64,0,135168,identity,20261005,case_009657.csv
9658,mapping,iput,4096,1000,64,0,135168,reverse,20261005,case_009658.csv
9659,mapping,iput,4096,1000,64,0,135168,transpose,20261005,case_009659.csv
9660,mapping,iput,4096,1000,64,0,135168,shuffle,20261005,case_009660.csv
9661,mapping,iput,4096,1000,64,0,262144,identity,20261005,case_009661.csv
9662,mapping,iput,4096,1000,64,0,262144,reverse,20261005,case_009662.csv
9663,mapping,iput,4096,1000,64,0,262144,transpose,20261005,case_009663.csv
9664,mapping,iput,4096,1000,64,0,262144,shuffle,20261005,case_009664.csv
9665,mapping,iput,32768,1000,64,0,131200,identity,20261005,case_009665.csv
9666,mapping,iput,32768,1000,64,0,131200,reverse,20261005,case_009666.csv
9667,mapping,iput,32768,1000,64,0,131200,transpose,20261005,case_009667.csv
9668,mapping,iput,32768,1000,64,0,131200,shuffle,20261005,case_009668.csv
9669,mapping,iput,32768,1000,64,0,131328,identity,20261005,case_009669.csv
9670,mapping,iput,32768,1000,64,0,131328,reverse,20261005,case_009670.csv
9671,mapping,iput,32768,1000,64,0,131328,transpose,20261005,case_009671.csv
9672,mapping,iput,32768,1000,64,0,131328,shuffle,20261005,case_009672.csv
9673,mapping,iput,32768,1000,64,0,135168,identity,20261005,case_009673.csv
9674,mapping,iput,32768,1000,64,0,135168,reverse,20261005,case_009674.csv
9675,mapping,iput,32768,1000,64,0,135168,transpose,20261005,case_009675.csv
9676,mapping,iput,32768,1000,64,0,135168,shuffle,20261005,case_009676.csv
9677,mapping,iput,32768,1000,64,0,262144,identity,20261005,case_009677.csv
9678,mapping,iput,32768,1000,64,0,262144,reverse,20261005,case_009678.csv
9679,mapping,iput,32768,1000,64,0,262144,transpose,20261005,case_009679.csv
9680,mapping,iput,32768,1000,64,0,262144,shuffle,20261005,case_009680.csv
9681,mapping,iput,65536,1000,64,0,131200,identity,20261005,case_009681.csv
9682,mapping,iput,65536,1000,64,0,131200,reverse,20261005,case_009682.csv
9683,mapping,iput,65536,1000,64,0,131200,transpose,20261005,case_009683.csv
9684,mapping,iput,65536,1000,64,0,131200,shuffle,20261005,case_009684.csv
9685,mapping,iput,65536,1000,64,0,131328,identity,20261005,case_009685.csv
9686,mapping,iput,65536,1000,64,0,131328,reverse,20261005,case_009686.csv
9687,mapping,iput,65536,1000,64,0,131328,transpose,20261005,case_009687.csv
9688,mapping,iput,65536,1000,64,0,131328,shuffle,20261005,case_009688.csv
9689,mapping,iput,65536,1000,64,0,135168,identity,20261005,case_009689.csv
9690,mapping,iput,65536,1000,64,0,135168,reverse,20261005,case_009690.csv
9691,mapping,iput,65536,1000,64,0,135168,transpose,20261005,case_009691.csv
9692,mapping,iput,65536,1000,64,0,135168,shuffle,20261005,case_009692.csv
9693,mapping,iput,65536,1000,64,0,262144,identity,20261005,case_009693.csv
9694,mapping,iput,65536,1000,64,0,262144,reverse,20261005,case_009694.csv
9695,mapping,iput,65536,1000,64,0,262144,transpose,20261005,case_009695.csv
9696,mapping,iput,65536,1000,64,0,262144,shuffle,20261005,case_009696.csv
9697,mapping,iput,98304,1000,64,0,131200,identity,20261005,case_009697.csv
9698,mapping,iput,98304,1000,64,0,131200,reverse,20261005,case_009698.csv
9699,mapping,iput,98304,1000,64,0,131200,transpose,20261005,case_009699.csv
9700,mapping,iput,98304,1000,64,0,131200,shuffle,20261005,case_009700.csv
9701,mapping,iput,98304,1000,64,0,131328,identity,20261005,case_009701.csv
9702,mapping,iput,98304,1000,64,0,131328,reverse,20261005,case_009702.csv
9703,mapping,iput,98304,1000,64,0,131328,transpose,20261005,case_009703.csv
9704,mapping,iput,98304,1000,64,0,131328,shuffle,20261005,case_009704.csv
9705,mapping,iput,98304,1000,64,0,135168,identity,20261005,case_009705.csv
9706,mapping,iput,98304,1000,64,0,135168,reverse,20261005,case_009706.csv
9707,mapping,iput,98304,1000,64,0,135168,transpose,20261005,case_009707.csv
9708,mapping,iput,98304,1000,64,0,135168,shuffle,20261005,case_009708.csv
9709,mapping,iput,98304,1000,64,0,262144,identity,20261005,case_009709.csv
9710,mapping,iput,98304,1000,64,0,262144,reverse,20261005,case_009710.csv
9711,mapping,iput,98304,1000,64,0,262144,transpose,20261005,case_009711.csv
9712,mapping,iput,98304,1000,64,0,262144,shuffle,20261005,case_009712.csv
9713,mapping,iput,131072,1000,64,0,131200,identity,20261005,case_009713.csv
9714,mapping,iput,131072,1000,64,0,131200,reverse,20261005,case_009714.csv
9715,mapping,iput,131072,1000,64,0,131200,transpose,20261005,case_009715.csv
9716,mapping,iput,131072,1000,64,0,131200,shuffle,20261005,case_009716.csv
9717,mapping,iput,131072,1000,64,0,131328,identity,20261005,case_009717.csv
9718,mapping,iput,131072,1000,64,0,131328,reverse,20261005,case_009718.csv
9719,mapping,iput,131072,1000,64,0,131328,transpose,20261005,case_009719.csv
9720,mapping,iput,131072,1000,64,0,131328,shuffle,20261005,case_009720.csv
9721,mapping,iput,131072,1000,64,0,135168,identity,20261005,case_009721.csv
9722,mapping,iput,131072,1000,64,0,135168,reverse,20261005,case_009722.csv
9723,mapping,iput,131072,1000,64,0,135168,transpose,20261005,case_009723.csv
9724,mapping,iput,131072,1000,64,0,135168,shuffle,20261005,case_009724.csv
9725,mapping,iput,131072,1000,64,0,262144,identity,20261005,case_009725.csv
9726,mapping,iput,131072,1000,64,0,262144,reverse,20261005,case_009726.csv
9727,mapping,iput,131072,1000,64,0,262144,transpose,20261005,case_009727.csv
9728,mapping,iput,131072,1000,64,0,262144,shuffle,20261005,case_009728.csv
9729,mapping,iput,64,10000,64,4,131200,identity,20261005,case_009729.csv
9730,mapping,iput,64,10000,64,4,131200,reverse,20261005,case_009730.csv
9731,mapping,iput,64,10000,64,4,131200,transpose,20261005,case_009731.csv
9732,mapping,iput,64,10000,64,4,131200,shuffle,20261005,case_009732.csv
9733,mapping,iput,64,10000,64,4,131328,identity,20261005,case_009733.csv
9734,mapping,iput,64,10000,64,4,131328,reverse,20261005,case_009734.csv
9735,mapping,iput,64,10000,64,4,131328,transpose,20261005,case_009735.csv
9736,mapping,iput,64,10000,64,4,131328,shuffle,20261005,case_009736.csv
9737,mapping,iput,64,10000,64,4,135168,identity,20261005,case_009737.csv
9738,mapping,iput,64,10000,64,4,135168,reverse,20261005,case_009738.csv
9739,mapping,iput,64,10000,64,4,135168,transpose,20261005,case_009739.csv
9740,mapping,iput,64,10000,64,4,135168,shuffle,20261005,case_009740.csv
9741,mapping,iput,64,10000,64,4,262144,identity,20261005,case_009741.csv
9742,mapping,iput,64,10000,64,4,262144,reverse,20261005,case_009742.csv
9743,mapping,iput,64,10000,64,4,262144,transpose,20261005,case_009743.csv
9744,mapping,iput,64,10000,64,4,262144,shuffle,20261005,case_009744.csv
9745,mapping,iput,128,10000,64,4,131200,identity,20261005,case_009745.csv
9746,mapping,iput,128,10000,64,4,131200,reverse,20261005,case_009746.csv
9747,mapping,iput,128,10000,64,4,131200,transpose,20261005,case_009747.csv
9748,mapping,iput,128,10000,64,4,131200,shuffle,20261005,case_009748.csv
9749,mapping,iput,128,10000,64,4,131328,identity,20261005,case_009749.csv
9750,mapping,iput,128,10000,64,4,131328,reverse,20261005,case_009750.csv
9751,mapping,iput,128,10000,64,4,131328,transpose,20261005,case_009751.csv
9752,mapping,iput,128,10000,64,4,131328,shuffle,20261005,case_009752.csv
9753,mapping,iput,128,10000,64,4,135168,identity,20261005,case_009753.csv
9754,mapping,iput,128,10000,64,4,135168,reverse,20261005,case_009754.csv
9755,mapping,iput,128,10000,64,4,135168,transpose,20261005,case_009755.csv
9756,mapping,iput,128,10000,64,4,135168,shuffle,20261005,case_009756.csv
9757,mapping,iput,128,10000,64,4,262144,identity,20261005,case_009757.csv
9758,mapping,iput,128,10000,64,4,262144,reverse,20261005,case_009758.csv
9759,mapping,iput,128,10000,64,4,262144,transpose,20261005,case_009759.csv
9760,mapping,iput,128,10000,64,4,262144,shuffle,20261005,case_009760.csv
9761,mapping,iput,256,10000,64,4,131200,identity,20261005,case_009761.csv
9762,mapping,iput,256,10000,64,4,131200,reverse,20261005,case_009762.csv
9763,mapping,iput,256,10000,64,4,131200,transpose,20261005,case_009763.csv
9764,mapping,iput,256,10000,64,4,131200,shuffle,20261005,case_009764.csv
9765,mapping,iput,256,10000,64,4,131328,identity,20261005,case_009765.csv
9766,mapping,iput,256,10000,64,4,131328,reverse,20261005,case_009766.csv
9767,mapping,iput,256,10000,64,4,131328,transpose,20261005,case_009767.csv
9768,mapping,iput,256,10000,64,4,131328,shuffle,20261005,case_009768.csv
9769,mapping,iput,256,10000,64,4,135168,identity,20261005,case_009769.csv
9770,mapping,iput,256,10000,64,4,135168,reverse,20261005,case_009770.csv
9771,mapping,iput,256,10000,64,4,135168,transpose,20261005,case_009771.csv
9772,mapping,iput,256,10000,64,4,135168,shuffle,20261005,case_009772.csv
9773,mapping,iput,256,10000,64,4,262144,identity,20261005,case_009773.csv
9774,mapping,iput,256,10000,64,4,262144,reverse,20261005,case_009774.csv
9775,mapping,iput,256,10000,64,4,262144,transpose,20261005,case_009775.csv
9776,mapping,iput,256,10000,64,4,262144,shuffle,20261005,case_009776.csv
9777,mapping,iput,4096,1000,64,4,131200,identity,20261005,case_009777.csv
9778,mapping,iput,4096,1000,64,4,131200,reverse,20261005,case_009778.csv
9779,mapping,iput,4096,1000,64,4,131200,transpose,20261005,case_009779.csv
9780,mapping,iput,4096,1000,64,4,131200,shuffle,20261005,case_009780.csv
9781,mapping,iput,4096,1000,64,4,131328,identity,20261005,case_009781.csv
9782,mapping,iput,4096,1000,64,4,131328,reverse,20261005,case_009782.csv
9783,mapping,iput,4096,1000,64,4,131328,transpose,20261005,case_009783.csv
9784,mapping,iput,4096,1000,64,4,131328,shuffle,20261005,case_009784.csv
9785,mapping,iput,4096,1000,64,4,135168,identity,20261005,case_009785.csv
9786,mapping,iput,4096,1000,64,4,135168,reverse,20261005,case_009786.csv
9787,mapping,iput,4096,1000,64,4,135168,transpose,20261005,case_009787.csv
9788,mapping,iput,4096,1000,64,4,135168,shuffle,20261005,case_009788.csv
9789,mapping,iput,4096,1000,64,4,262144,identity,20261005,case_009789.csv
9790,mapping,iput,4096,1000,64,4,262144,reverse,20261005,case_009790.csv
9791,mapping,iput,4096,1000,64,4,262144,transpose,20261005,case_009791.csv
9792,mapping,iput,4096,1000,64,4,262144,shuffle,20261005,case_009792.csv
9793,mapping,iput,32768,1000,64,4,131200,identity,20261005,case_009793.csv
9794,mapping,iput,32768,1000,64,4,131200,reverse,20261005,case_009794.csv
9795,mapping,iput,32768,1000,64,4,131200,transpose,20261005,case_009795.csv
9796,mapping,iput,32768,1000,64,4,131200,shuffle,20261005,case_009796.csv
9797,mapping,iput,32768,1000,64,4,131328,identity,20261005,case_009797.csv
9798,mapping,iput,32768,1000,64,4,131328,reverse,20261005,case_009798.csv
9799,mapping,iput,32768,1000,64,4,131328,transpose,20261005,case_009799.csv
9800,mapping,iput,32768,1000,64,4,131328,shuffle,20261005,case_009800.csv
9801,mapping,iput,32768,1000,64,4,135168,identity,20261005,case_009801.csv
9802,mapping,iput,32768,1000,64,4,135168,reverse,20261005,case_009802.csv
9803,mapping,iput,32768,1000,64,4,135168,transpose,20261005,case_009803.csv
9804,mapping,iput,32768,1000,64,4,135168,shuffle,20261005,case_009804.csv
9805,mapping,iput,32768,1000,64,4,262144,identity,20261005,case_009805.csv
9806,mapping,iput,32768,1000,64,4,262144,reverse,20261005,case_009806.csv
9807,mapping,iput,32768,1000,64,4,262144,transpose,20261005,case_009807.csv
9808,mapping,iput,32768,1000,64,4,262144,shuffle,20261005,case_009808.csv
9809,mapping,iput,65536,1000,64,4,131200,identity,20261005,case_009809.csv
9810,mapping,iput,65536,1000,64,4,131200,reverse,20261005,case_009810.csv
9811,mapping,iput,65536,1000,64,4,131200,transpose,20261005,case_009811.csv
9812,mapping,iput,65536,1000,64,4,131200,shuffle,20261005,case_009812.csv
9813,mapping,iput,65536,1000,64,4,131328,identity,20261005,case_009813.csv
9814,mapping,iput,65536,1000,64,4,131328,reverse,20261005,case_009814.csv
9815,mapping,iput,65536,1000,64,4,131328,transpose,20261005,case_009815.csv
9816,mapping,iput,65536,1000,64,4,131328,shuffle,20261005,case_009816.csv
9817,mapping,iput,65536,1000,64,4,135168,identity,20261005,case_009817.csv
9818,mapping,iput,65536,1000,64,4,135168,reverse,20261005,case_009818.csv
9819,mapping,iput,65536,1000,64,4,135168,transpose,20261005,case_009819.csv
9820,mapping,iput,65536,1000,64,4,135168,shuffle,20261005,case_009820.csv
9821,mapping,iput,65536,1000,64,4,262144,identity,20261005,case_009821.csv
9822,mapping,iput,65536,1000,64,4,262144,reverse,20261005,case_009822.csv
9823,mapping,iput,65536,1000,64,4,262144,transpose,20261005,case_009823.csv
9824,mapping,iput,65536,1000,64,4,262144,shuffle,20261005,case_009824.csv
9825,mapping,iput,98304,1000,64,4,131200,identity,20261005,case_009825.csv
9826,mapping,iput,98304,1000,64,4,131200,reverse,20261005,case_009826.csv
9827,mapping,iput,98304,1000,64,4,131200,transpose,20261005,case_009827.csv
9828,mapping,iput,98304,1000,64,4,131200,shuffle,20261005,case_009828.csv
9829,mapping,iput,98304,1000,64,4,131328,identity,20261005,case_009829.csv
9830,mapping,iput,98304,1000,64,4,131328,reverse,20261005,case_009830.csv
9831,mapping,iput,98304,1000,64,4,131328,transpose,20261005,case_009831.csv
9832,mapping,iput,98304,1000,64,4,131328,shuffle,20261005,case_009832.csv
9833,mapping,iput,98304,1000,64,4,135168,identity,20261005,case_009833.csv
9834,mapping,iput,98304,1000,64,4,135168,reverse,20261005,case_009834.csv
9835,mapping,iput,98304,1000,64,4,135168,transpose,20261005,case_009835.csv
9836,mapping,iput,98304,1000,64,4,135168,shuffle,20261005,case_009836.csv
9837,mapping,iput,98304,1000,64,4,262144,identity,20261005,case_009837.csv
9838,mapping,iput,98304,1000,64,4,262144,reverse,20261005,case_009838.csv
9839,mapping,iput,98304,1000,64,4,262144,transpose,20261005,case_009839.csv
9840,mapping,iput,98304,1000,64,4,262144,shuffle,20261005,case_009840.csv
9841,mapping,iput,131072,1000,64,4,131200,identity,20261005,case_009841.csv
9842,mapping,iput,131072,1000,64,4,131200,reverse,20261005,case_009842.csv
9843,mapping,iput,131072,1000,64,4,131200,transpose,20261005,case_009843.csv
9844,mapping,iput,131072,1000,64,4,131200,shuffle,20261005,case_009844.csv
9845,mapping,iput,131072,1000,64,4,131328,identity,20261005,case_009845.csv
9846,mapping,iput,131072,1000,64,4,131328,reverse,20261005,case_009846.csv
9847,mapping,iput,131072,1000,64,4,131328,transpose,20261005,case_009847.csv
9848,mapping,iput,131072,1000,64,4,131328,shuffle,20261005,case_009848.csv
9849,mapping,iput,131072,1000,64,4,135168,identity,20261005,case_009849.csv
9850,mapping,iput,131072,1000,64,4,135168,reverse,20261005,case_009850.csv
9851,mapping,iput,131072,1000,64,4,135168,transpose,20261005,case_009851.csv
9852,mapping,iput,131072,1000,64,4,135168,shuffle,20261005,case_009852.csv
9853,mapping,iput,131072,1000,64,4,262144,identity,20261005,case_009853.csv
9854,mapping,iput,131072,1000,64,4,262144,reverse,20261005,case_009854.csv
9855,mapping,iput,131072,1000,64,4,262144,transpose,20261005,case_009855.csv
9856,mapping,iput,131072,1000,64,4,262144,shuffle,20261005,case_009856.csv
