case_id,phase,mode,bytes,reps,active_pes,offset,slot_stride,mapping,mapping_seed,cycles,cycles_per_op,aggregate_bytes_per_cycle,errors
1,boundary,get,64,10000,1,0,131200,identity,20261005,4413182,441.318200,0.145020078,0
2,boundary,get,96,10000,1,0,131200,identity,20261005,4412562,441.256200,0.217560682,0
3,boundary,get,124,10000,1,0,131200,identity,20261005,4415484,441.548400,0.280829916,0
4,boundary,get,128,10000,1,0,131200,identity,20261005,4412923,441.292300,0.290057180,0
5,boundary,get,132,10000,1,0,131200,identity,20261005,4551341,455.134100,0.290024413,0
6,boundary,get,192,10000,1,0,131200,identity,20261005,4551169,455.116900,0.421869634,0
7,boundary,get,252,10000,1,0,131200,identity,20261005,4541476,454.147600,0.554885680,0
8,boundary,get,256,10000,1,0,131200,identity,20261005,4547776,454.777600,0.562912509,0
9,boundary,get,260,10000,1,0,131200,identity,20261005,4668106,466.810600,0.556971071,0
10,boundary,get,64,10000,1,4,131200,identity,20261005,4416396,441.639600,0.144914541,0
11,boundary,get,96,10000,1,4,131200,identity,20261005,4414732,441.473200,0.217453744,0
12,boundary,get,124,10000,1,4,131200,identity,20261005,4414866,441.486600,0.280869227,0
13,boundary,get,128,10000,1,4,131200,identity,20261005,4555849,455.584900,0.280957512,0
14,boundary,get,132,10000,1,4,131200,identity,20261005,4550233,455.023300,0.290095035,0
15,boundary,get,192,10000,1,4,131200,identity,20261005,4549642,454.964200,0.422011226,0
16,boundary,get,252,10000,1,4,131200,identity,20261005,4552014,455.201400,0.553601109,0
17,boundary,get,256,10000,1,4,131200,identity,20261005,4670776,467.077600,0.548088797,0
18,boundary,get,260,10000,1,4,131200,identity,20261005,4682041,468.204100,0.555313377,0
19,boundary,get,64,10000,1,64,131200,identity,20261005,4420169,442.016900,0.144790844,0
20,boundary,get,96,10000,1,64,131200,identity,20261005,4543180,454.318000,0.211305737,0
21,boundary,get,124,10000,1,64,131200,identity,20261005,4546387,454.638700,0.272744049,0
22,boundary,get,128,10000,1,64,131200,identity,20261005,4547828,454.782800,0.281453036,0
23,boundary,get,132,10000,1,64,131200,identity,20261005,4547320,454.732000,0.290280869,0
24,boundary,get,192,10000,1,64,131200,identity,20261005,4547937,454.793700,0.422169436,0
25,boundary,get,252,10000,1,64,131200,identity,20261005,4672236,467.223600,0.539356317,0
26,boundary,get,256,10000,1,64,131200,identity,20261005,4669296,466.929600,0.548262522,0
27,boundary,get,260,10000,1,64,131200,identity,20261005,4674565,467.456500,0.556201486,0
28,boundary,get,64,10000,1,124,131200,identity,20261005,4550134,455.013400,0.140655198,0
29,boundary,get,96,10000,1,124,131200,identity,20261005,4557062,455.706200,0.210662045,0
30,boundary,get,124,10000,1,124,131200,identity,20261005,4550356,455.035600,0.272506151,0
31,boundary,get,128,10000,1,124,131200,identity,20261005,4550648,455.064800,0.281278622,0
32,boundary,get,132,10000,1,124,131200,identity,20261005,4553348,455.334800,0.289896577,0
33,boundary,get,192,10000,1,124,131200,identity,20261005,4673434,467.343400,0.410832805,0
34,boundary,get,252,10000,1,124,131200,identity,20261005,4673938,467.393800,0.539159912,0
35,boundary,get,256,10000,1,124,131200,identity,20261005,4679755,467.975500,0.547037185,0
36,boundary,get,260,10000,1,124,131200,identity,20261005,4665660,466.566000,0.557263067,0
37,boundary,get,64,10000,2,0,131200,identity,20261005,4416787,441.678700,0.289803425,0
38,boundary,get,96,10000,2,0,131200,identity,20261005,4411261,441.126100,0.435249694,0
39,boundary,get,124,10000,2,0,131200,identity,20261005,4413787,441.378700,0.561875777,0
40,boundary,get,128,10000,2,0,131200,identity,20261005,4412185,441.218500,0.580211392,0
41,boundary,get,132,10000,2,0,131200,identity,20261005,4559191,455.919100,0.579050099,0
42,boundary,get,192,10000,2,0,131200,identity,20261005,4552755,455.275500,0.843445342,0
43,boundary,get,252,10000,2,0,131200,identity,20261005,4556752,455.675200,1.106050977,0
44,boundary,get,256,10000,2,0,131200,identity,20261005,4566360,456.636000,1.121243178,0
45,boundary,get,260,10000,2,0,131200,identity,20261005,4686419,468.641900,1.109589219,0
46,boundary,get,64,10000,2,4,131200,identity,20261005,4413757,441.375700,0.290002372,0
47,boundary,get,96,10000,2,4,131200,identity,20261005,4411538,441.153800,0.435222365,0
48,boundary,get,124,10000,2,4,131200,identity,20261005,4415779,441.577900,0.561622309,0
49,boundary,get,128,10000,2,4,131200,identity,20261005,4558401,455.840100,0.561600438,0
50,boundary,get,132,10000,2,4,131200,identity,20261005,4564062,456.406200,0.578432107,0
51,boundary,get,192,10000,2,4,131200,identity,20261005,4578344,457.834400,0.838731209,0
52,boundary,get,252,10000,2,4,131200,identity,20261005,4569807,456.980700,1.102891216,0
53,boundary,get,256,10000,2,4,131200,identity,20261005,4668906,466.890600,1.096616638,0
54,boundary,get,260,10000,2,4,131200,identity,20261005,4675888,467.588800,1.112088228,0
55,boundary,get,64,10000,2,64,131200,identity,20261005,4411769,441.176900,0.290133051,0
56,boundary,get,96,10000,2,64,131200,identity,20261005,4550101,455.010100,0.421968655,0
57,boundary,get,124,10000,2,64,131200,identity,20261005,4556217,455.621700,0.544311213,0
58,boundary,get,128,10000,2,64,131200,identity,20261005,4557524,455.752400,0.561708507,0
59,boundary,get,132,10000,2,64,131200,identity,20261005,4560349,456.034900,0.578903062,0
60,boundary,get,192,10000,2,64,131200,identity,20261005,4566498,456.649800,0.840906971,0
61,boundary,get,252,10000,2,64,131200,identity,20261005,4683725,468.372500,1.076066592,0
62,boundary,get,256,10000,2,64,131200,identity,20261005,4670463,467.046300,1.096251057,0
63,boundary,get,260,10000,2,64,131200,identity,20261005,4676641,467.664100,1.111909167,0
64,boundary,get,64,10000,2,124,131200,identity,20261005,4557777,455.777700,0.280838663,0
65,boundary,get,96,10000,2,124,131200,identity,20261005,4557544,455.754400,0.421279531,0
66,boundary,get,124,10000,2,124,131200,identity,20261005,4558024,455.802400,0.544095424,0
67,boundary,get,128,10000,2,124,131200,identity,20261005,4562579,456.257900,0.561086175,0
68,boundary,get,132,10000,2,124,131200,identity,20261005,4566920,456.692000,0.578070122,0
69,boundary,get,192,10000,2,124,131200,identity,20261005,4675395,467.539500,0.821320979,0
70,boundary,get,252,10000,2,124,131200,identity,20261005,4673754,467.375400,1.078362276,0
71,boundary,get,256,10000,2,124,131200,identity,20261005,4676466,467.646600,1.094843841,0
72,boundary,get,260,10000,2,124,131200,identity,20261005,4678462,467.846200,1.111476378,0
73,boundary,get,64,10000,4,0,131200,identity,20261005,5366309,536.630900,0.477050427,0
74,boundary,get,96,10000,4,0,131200,identity,20261005,5364689,536.468900,0.715791726,0
75,boundary,get,124,10000,4,0,131200,identity,20261005,5364469,536.446900,0.924602230,0
76,boundary,get,128,10000,4,0,131200,identity,20261005,5361111,536.111100,0.955025927,0
77,boundary,get,132,10000,4,0,131200,identity,20261005,5623465,562.346500,0.938922888,0
78,boundary,get,192,10000,4,0,131200,identity,20261005,5624197,562.419700,1.365528270,0
79,boundary,get,252,10000,4,0,131200,identity,20261005,5622840,562.284000,1.792688392,0
80,boundary,get,256,10000,4,0,131200,identity,20261005,5630342,563.034200,1.818717229,0
81,boundary,get,260,10000,4,0,131200,identity,20261005,5722872,572.287200,1.817269371,0
82,boundary,get,64,10000,4,4,131200,identity,20261005,5403253,540.325300,0.473788660,0
83,boundary,get,96,10000,4,4,131200,identity,20261005,5403968,540.396800,0.710588960,0
84,boundary,get,124,10000,4,4,131200,identity,20261005,5403982,540.398200,0.917841695,0
85,boundary,get,128,10000,4,4,131200,identity,20261005,5636436,563.643600,0.908375434,0
86,boundary,get,132,10000,4,4,131200,identity,20261005,5640740,564.074000,0.936047398,0
87,boundary,get,192,10000,4,4,131200,identity,20261005,5635955,563.595500,1.362679439,0
88,boundary,get,252,10000,4,4,131200,identity,20261005,5635577,563.557700,1.788636727,0
89,boundary,get,256,10000,4,4,131200,identity,20261005,5729326,572.932600,1.787295748,0
90,boundary,get,260,10000,4,4,131200,identity,20261005,5725217,572.521700,1.816525033,0
91,boundary,get,64,10000,4,64,131200,identity,20261005,5374365,537.436500,0.476335344,0
92,boundary,get,96,10000,4,64,131200,identity,20261005,5632581,563.258100,0.681747852,0
93,boundary,get,124,10000,4,64,131200,identity,20261005,5627386,562.738600,0.881403906,0
94,boundary,get,128,10000,4,64,131200,identity,20261005,5626672,562.667200,0.909951744,0
95,boundary,get,132,10000,4,64,131200,identity,20261005,5627176,562.717600,0.938303689,0
96,boundary,get,192,10000,4,64,131200,identity,20261005,5625942,562.594200,1.365104724,0
97,boundary,get,252,10000,4,64,131200,identity,20261005,5723005,572.300500,1.761312457,0
98,boundary,get,256,10000,4,64,131200,identity,20261005,5716893,571.689300,1.791182728,0
99,boundary,get,260,10000,4,64,131200,identity,20261005,5727814,572.781400,1.815701418,0
100,boundary,get,64,10000,4,124,131200,identity,20261005,5636416,563.641600,0.454189329,0
101,boundary,get,96,10000,4,124,131200,identity,20261005,5634036,563.403600,0.681571790,0
102,boundary,get,124,10000,4,124,131200,identity,20261005,5632109,563.210900,0.880664774,0
103,boundary,get,128,10000,4,124,131200,identity,20261005,5631327,563.132700,0.909199555,0
104,boundary,get,132,10000,4,124,131200,identity,20261005,5632909,563.290900,0.937348713,0
105,boundary,get,192,10000,4,124,131200,identity,20261005,5735555,573.555500,1.339016015,0
106,boundary,get,252,10000,4,124,131200,identity,20261005,5729196,572.919600,1.759409174,0
107,boundary,get,256,10000,4,124,131200,identity,20261005,5731228,573.122800,1.786702605,0
108,boundary,get,260,10000,4,124,131200,identity,20261005,5734090,573.409000,1.813714120,0
109,boundary,get,64,10000,8,0,131200,identity,20261005,5399186,539.918600,0.948291094,0
110,boundary,get,96,10000,8,0,131200,identity,20261005,5393842,539.384200,1.423845934,0
111,boundary,get,124,10000,8,0,131200,identity,20261005,5394505,539.450500,1.838908296,0
112,boundary,get,128,10000,8,0,131200,identity,20261005,5395939,539.593900,1.897723455,0
113,boundary,get,132,10000,8,0,131200,identity,20261005,5679253,567.925300,1.859399467,0
114,boundary,get,192,10000,8,0,131200,identity,20261005,5683913,568.391300,2.702363671,0
115,boundary,get,252,10000,8,0,131200,identity,20261005,5685010,568.501000,3.546167905,0
116,boundary,get,256,10000,8,0,131200,identity,20261005,5679033,567.903300,3.606247754,0
117,boundary,get,260,10000,8,0,131200,identity,20261005,5770570,577.057000,3.604496610,0
118,boundary,get,64,10000,8,4,131200,identity,20261005,5427798,542.779800,0.943292289,0
119,boundary,get,96,10000,8,4,131200,identity,20261005,5429490,542.949000,1.414497494,0
120,boundary,get,124,10000,8,4,131200,identity,20261005,5431581,543.158100,1.826355899,0
121,boundary,get,128,10000,8,4,131200,identity,20261005,5684710,568.471000,1.801323199,0
122,boundary,get,132,10000,8,4,131200,identity,20261005,5684360,568.436000,1.857728926,0
123,boundary,get,192,10000,8,4,131200,identity,20261005,5686434,568.643400,2.701165616,0
124,boundary,get,252,10000,8,4,131200,identity,20261005,5689569,568.956900,3.543326393,0
125,boundary,get,256,10000,8,4,131200,identity,20261005,5796665,579.666500,3.533065996,0
126,boundary,get,260,10000,8,4,131200,identity,20261005,5796601,579.660100,3.588309770,0
127,boundary,get,64,10000,8,64,131200,identity,20261005,5393964,539.396400,0.949209153,0
128,boundary,get,96,10000,8,64,131200,identity,20261005,5680426,568.042600,1.352011275,0
129,boundary,get,124,10000,8,64,131200,identity,20261005,5680579,568.057900,1.746300861,0
130,boundary,get,128,10000,8,64,131200,identity,20261005,5684347,568.434700,1.801438230,0
131,boundary,get,132,10000,8,64,131200,identity,20261005,5686832,568.683200,1.856921393,0
132,boundary,get,192,10000,8,64,131200,identity,20261005,5680413,568.041300,2.704028739,0
133,boundary,get,252,10000,8,64,131200,identity,20261005,5771570,577.157000,3.492983712,0
134,boundary,get,256,10000,8,64,131200,identity,20261005,5774072,577.407200,3.546890305,0
135,boundary,get,260,10000,8,64,131200,identity,20261005,5773493,577.349300,3.602671727,0
136,boundary,get,64,10000,8,124,131200,identity,20261005,5685935,568.593500,0.900467557,0
137,boundary,get,96,10000,8,124,131200,identity,20261005,5687163,568.716300,1.350409686,0
138,boundary,get,124,10000,8,124,131200,identity,20261005,5682402,568.240200,1.745740622,0
139,boundary,get,128,10000,8,124,131200,identity,20261005,5682146,568.214600,1.802136024,0
140,boundary,get,132,10000,8,124,131200,identity,20261005,5684279,568.427900,1.857755399,0
141,boundary,get,192,10000,8,124,131200,identity,20261005,5796990,579.699000,2.649650940,0
142,boundary,get,252,10000,8,124,131200,identity,20261005,5804017,580.401700,3.473456401,0
143,boundary,get,256,10000,8,124,131200,identity,20261005,5809907,580.990700,3.525013395,0
144,boundary,get,260,10000,8,124,131200,identity,20261005,5793716,579.371600,3.590096581,0
145,boundary,get,64,10000,16,0,131200,identity,20261005,5509734,550.973400,1.858528924,0
146,boundary,get,96,10000,16,0,131200,identity,20261005,5509115,550.911500,2.788106620,0
147,boundary,get,124,10000,16,0,131200,identity,20261005,5510038,551.003800,3.600701120,0
148,boundary,get,128,10000,16,0,131200,identity,20261005,5505084,550.508400,3.720197548,0
149,boundary,get,132,10000,16,0,131200,identity,20261005,5795259,579.525900,3.644358259,0
150,boundary,get,192,10000,16,0,131200,identity,20261005,5792189,579.218900,5.303694337,0
151,boundary,get,252,10000,16,0,131200,identity,20261005,5792895,579.289500,6.960250445,0
152,boundary,get,256,10000,16,0,131200,identity,20261005,5795181,579.518100,7.067941450,0
153,boundary,get,260,10000,16,0,131200,identity,20261005,6211391,621.139100,6.697372618,0
154,boundary,get,64,10000,16,4,131200,identity,20261005,5506891,550.689100,1.859488412,0
155,boundary,get,96,10000,16,4,131200,identity,20261005,5506780,550.678000,2.789288840,0
156,boundary,get,124,10000,16,4,131200,identity,20261005,5510039,551.003900,3.600700467,0
157,boundary,get,128,10000,16,4,131200,identity,20261005,5807336,580.733600,3.526573975,0
158,boundary,get,132,10000,16,4,131200,identity,20261005,5809292,580.929200,3.635554901,0
159,boundary,get,192,10000,16,4,131200,identity,20261005,5800905,580.090500,5.295725408,0
160,boundary,get,252,10000,16,4,131200,identity,20261005,5799657,579.965700,6.952135273,0
161,boundary,get,256,10000,16,4,131200,identity,20261005,6239911,623.991100,6.564196188,0
162,boundary,get,260,10000,16,4,131200,identity,20261005,6217659,621.765900,6.690621020,0
163,boundary,get,64,10000,16,64,131200,identity,20261005,5503256,550.325600,1.860716638,0
164,boundary,get,96,10000,16,64,131200,identity,20261005,5791455,579.145500,2.652183260,0
165,boundary,get,124,10000,16,64,131200,identity,20261005,5792164,579.216400,3.425317377,0
166,boundary,get,128,10000,16,64,131200,identity,20261005,5797821,579.782100,3.532361554,0
167,boundary,get,132,10000,16,64,131200,identity,20261005,5792806,579.280600,3.645901485,0
168,boundary,get,192,10000,16,64,131200,identity,20261005,5792683,579.268300,5.303242038,0
169,boundary,get,252,10000,16,64,131200,identity,20261005,6212083,621.208300,6.490576510,0
170,boundary,get,256,10000,16,64,131200,identity,20261005,6230469,623.046900,6.574143937,0
171,boundary,get,260,10000,16,64,131200,identity,20261005,6219951,621.995100,6.688155582,0
172,boundary,get,64,10000,16,124,131200,identity,20261005,5805240,580.524000,1.763923628,0
173,boundary,get,96,10000,16,124,131200,identity,20261005,5800500,580.050000,2.648047582,0
174,boundary,get,124,10000,16,124,131200,identity,20261005,5809704,580.970400,3.414976047,0
175,boundary,get,128,10000,16,124,131200,identity,20261005,5809950,580.995000,3.524987306,0
176,boundary,get,132,10000,16,124,131200,identity,20261005,5801281,580.128100,3.640575245,0
177,boundary,get,192,10000,16,124,131200,identity,20261005,6200011,620.001100,4.954829919,0
178,boundary,get,252,10000,16,124,131200,identity,20261005,6230004,623.000400,6.471905957,0
179,boundary,get,256,10000,16,124,131200,identity,20261005,6239399,623.939900,6.564734841,0
180,boundary,get,260,10000,16,124,131200,identity,20261005,6249264,624.926400,6.656783903,0
181,boundary,get,64,10000,32,0,131200,identity,20261005,5996768,599.676800,3.415172973,0
182,boundary,get,96,10000,32,0,131200,identity,20261005,5988043,598.804300,5.130223681,0
183,boundary,get,124,10000,32,0,131200,identity,20261005,5992466,599.246600,6.621647916,0
184,boundary,get,128,10000,32,0,131200,identity,20261005,6006580,600.658000,6.819188290,0
185,boundary,get,132,10000,32,0,131200,identity,20261005,8087136,808.713600,5.223109887,0
186,boundary,get,192,10000,32,0,131200,identity,20261005,8091771,809.177100,7.592899008,0
187,boundary,get,252,10000,32,0,131200,identity,20261005,8074359,807.435900,9.987170499,0
188,boundary,get,256,10000,32,0,131200,identity,20261005,8079404,807.940400,10.139361765,0
189,boundary,get,260,10000,32,0,131200,identity,20261005,10733899,1073.389900,7.751144295,0
190,boundary,get,64,10000,32,4,131200,identity,20261005,5990787,599.078700,3.418582567,0
191,boundary,get,96,10000,32,4,131200,identity,20261005,6007102,600.710200,5.113946792,0
192,boundary,get,124,10000,32,4,131200,identity,20261005,5989057,598.905700,6.625416990,0
193,boundary,get,128,10000,32,4,131200,identity,20261005,8056562,805.656200,5.084054464,0
194,boundary,get,132,10000,32,4,131200,identity,20261005,8063100,806.310000,5.238679912,0
195,boundary,get,192,10000,32,4,131200,identity,20261005,8078128,807.812800,7.605722514,0
196,boundary,get,252,10000,32,4,131200,identity,20261005,8044644,804.464400,10.024060729,0
197,boundary,get,256,10000,32,4,131200,identity,20261005,10763891,1076.389100,7.610630765,0
198,boundary,get,260,10000,32,4,131200,identity,20261005,10765238,1076.523800,7.728579712,0
199,boundary,get,64,10000,32,64,131200,identity,20261005,5991699,599.169900,3.418062222,0
200,boundary,get,96,10000,32,64,131200,identity,20261005,8107424,810.742400,3.789119701,0
201,boundary,get,124,10000,32,64,131200,identity,20261005,8098282,809.828200,4.899804675,0
202,boundary,get,128,10000,32,64,131200,identity,20261005,8079649,807.964900,5.069527154,0
203,boundary,get,132,10000,32,64,131200,identity,20261005,8062003,806.200300,5.239392741,0
204,boundary,get,192,10000,32,64,131200,identity,20261005,8110875,811.087500,7.575015026,0
205,boundary,get,252,10000,32,64,131200,identity,20261005,10743690,1074.369000,7.505801080,0
206,boundary,get,256,10000,32,64,131200,identity,20261005,10745377,1074.537700,7.623743681,0
207,boundary,get,260,10000,32,64,131200,identity,20261005,10714116,1071.411600,7.765456338,0
208,boundary,get,64,10000,32,124,131200,identity,20261005,8107245,810.724500,2.526135574,0
209,boundary,get,96,10000,32,124,131200,identity,20261005,8131507,813.150700,3.777897504,0
210,boundary,get,124,10000,32,124,131200,identity,20261005,8051208,805.120800,4.928452973,0
211,boundary,get,128,10000,32,124,131200,identity,20261005,8060750,806.075000,5.081413020,0
212,boundary,get,132,10000,32,124,131200,identity,20261005,8111957,811.195700,5.207128194,0
213,boundary,get,192,10000,32,124,131200,identity,20261005,10740199,1074.019900,5.720564396,0
214,boundary,get,252,10000,32,124,131200,identity,20261005,10731632,1073.163200,7.514234554,0
215,boundary,get,256,10000,32,124,131200,identity,20261005,10741993,1074.199300,7.626145353,0
216,boundary,get,260,10000,32,124,131200,identity,20261005,10755046,1075.504600,7.735903687,0
217,boundary,get,64,10000,64,0,131200,identity,20261005,11427018,1142.701800,3.584487221,0
218,boundary,get,96,10000,64,0,131200,identity,20261005,11408895,1140.889500,5.385271755,0
219,boundary,get,124,10000,64,0,131200,identity,20261005,11422734,1142.273400,6.947548634,0
220,boundary,get,128,10000,64,0,131200,identity,20261005,11408886,1140.888600,7.180368004,0
221,boundary,get,132,10000,64,0,131200,identity,20261005,15852910,1585.291000,5.328990072,0
222,boundary,get,192,10000,64,0,131200,identity,20261005,15833663,1583.366300,7.760680520,0
223,boundary,get,252,10000,64,0,131200,identity,20261005,15849533,1584.953300,10.175694136,0
224,boundary,get,256,10000,64,0,131200,identity,20261005,15880982,1588.098200,10.316742378,0
225,boundary,get,260,10000,64,0,131200,identity,20261005,20069612,2006.961200,8.291141852,0
226,boundary,get,64,10000,64,4,131200,identity,20261005,11414296,1141.429600,3.588482373,0
227,boundary,get,96,10000,64,4,131200,identity,20261005,11426909,1142.690900,5.376782120,0
228,boundary,get,124,10000,64,4,131200,identity,20261005,11411803,1141.180300,6.954203468,0
229,boundary,get,128,10000,64,4,131200,identity,20261005,15843279,1584.327900,5.170646809,0
230,boundary,get,132,10000,64,4,131200,identity,20261005,15871496,1587.149600,5.322749664,0
231,boundary,get,192,10000,64,4,131200,identity,20261005,15840520,1584.052000,7.757321098,0
232,boundary,get,252,10000,64,4,131200,identity,20261005,15854602,1585.460200,10.172440784,0
233,boundary,get,256,10000,64,4,131200,identity,20261005,20025217,2002.521700,8.181684124,0
234,boundary,get,260,10000,64,4,131200,identity,20261005,20067855,2006.785500,8.291867766,0
235,boundary,get,64,10000,64,64,131200,identity,20261005,11406002,1140.600200,3.591091778,0
236,boundary,get,96,10000,64,64,131200,identity,20261005,15870708,1587.070800,3.871282869,0
237,boundary,get,124,10000,64,64,131200,identity,20261005,15866157,1586.615700,5.001841341,0
238,boundary,get,128,10000,64,64,131200,identity,20261005,15857878,1585.787800,5.165886634,0
239,boundary,get,132,10000,64,64,131200,identity,20261005,15860594,1586.059400,5.326408330,0
240,boundary,get,192,10000,64,64,131200,identity,20261005,15852782,1585.278200,7.751320872,0
241,boundary,get,252,10000,64,64,131200,identity,20261005,20058716,2005.871600,8.040395008,0
242,boundary,get,256,10000,64,64,131200,identity,20261005,20075118,2007.511800,8.161346798,0
243,boundary,get,260,10000,64,64,131200,identity,20261005,20034243,2003.424300,8.305779260,0
244,boundary,get,64,10000,64,124,131200,identity,20261005,15882614,1588.261400,2.578920573,0
245,boundary,get,96,10000,64,124,131200,identity,20261005,15868051,1586.805100,3.871931090,0
246,boundary,get,124,10000,64,124,131200,identity,20261005,15846447,1584.644700,5.008062691,0
247,boundary,get,128,10000,64,124,131200,identity,20261005,15874447,1587.444700,5.160494725,0
248,boundary,get,132,10000,64,124,131200,identity,20261005,15861639,1586.163900,5.326057414,0
249,boundary,get,192,10000,64,124,131200,identity,20261005,20075584,2007.558400,6.120868016,0
250,boundary,get,252,10000,64,124,131200,identity,20261005,20018876,2001.887600,8.056396373,0
251,boundary,get,256,10000,64,124,131200,identity,20261005,20042602,2004.260200,8.174587312,0
252,boundary,get,260,10000,64,124,131200,identity,20261005,20034701,2003.470100,8.305589387,0
253,boundary,put,64,10000,1,0,131200,identity,20261005,2400348,240.034800,0.266628006,0
254,boundary,put,96,10000,1,0,131200,identity,20261005,2457317,245.731700,0.390669987,0
255,boundary,put,124,10000,1,0,131200,identity,20261005,3657699,365.769900,0.339010946,0
256,boundary,put,128,10000,1,0,131200,identity,20261005,2409985,240.998500,0.531123638,0
257,boundary,put,132,10000,1,0,131200,identity,20261005,2518906,251.890600,0.524037022,0
258,boundary,put,192,10000,1,0,131200,identity,20261005,2519625,251.962500,0.762018157,0
259,boundary,put,252,10000,1,0,131200,identity,20261005,3710834,371.083400,0.679092624,0
260,boundary,put,256,10000,1,0,131200,identity,20261005,2521530,252.153000,1.015256610,0
261,boundary,put,260,10000,1,0,131200,identity,20261005,2538450,253.845000,1.024247080,0
262,boundary,put,64,10000,1,4,131200,identity,20261005,3683415,368.341500,0.173751804,0
263,boundary,put,96,10000,1,4,131200,identity,20261005,3672470,367.247000,0.261404450,0
264,boundary,put,124,10000,1,4,131200,identity,20261005,3678001,367.800100,0.337139658,0
265,boundary,put,128,10000,1,4,131200,identity,20261005,3853350,385.335000,0.332178494,0
266,boundary,put,132,10000,1,4,131200,identity,20261005,3895517,389.551700,0.338851043,0
267,boundary,put,192,10000,1,4,131200,identity,20261005,4526472,452.647200,0.424171408,0
268,boundary,put,252,10000,1,4,131200,identity,20261005,3702901,370.290100,0.680547495,0
269,boundary,put,256,10000,1,4,131200,identity,20261005,3718440,371.844000,0.688460752,0
270,boundary,put,260,10000,1,4,131200,identity,20261005,3726768,372.676800,0.697655448,0
271,boundary,put,64,10000,1,64,131200,identity,20261005,2400408,240.040800,0.266621341,0
272,boundary,put,96,10000,1,64,131200,identity,20261005,2465281,246.528100,0.389407942,0
273,boundary,put,124,10000,1,64,131200,identity,20261005,2465001,246.500100,0.503042392,0
274,boundary,put,128,10000,1,64,131200,identity,20261005,2465027,246.502700,0.519264089,0
275,boundary,put,132,10000,1,64,131200,identity,20261005,3937306,393.730600,0.335254613,0
276,boundary,put,192,10000,1,64,131200,identity,20261005,2467933,246.793300,0.777978981,0
277,boundary,put,252,10000,1,64,131200,identity,20261005,2535665,253.566500,0.993822133,0
278,boundary,put,256,10000,1,64,131200,identity,20261005,2540247,254.024700,1.007776015,0
279,boundary,put,260,10000,1,64,131200,identity,20261005,3841554,384.155400,0.676809437,0
280,boundary,put,64,10000,1,124,131200,identity,20261005,2400985,240.098500,0.266557267,0
281,boundary,put,96,10000,1,124,131200,identity,20261005,3884011,388.401100,0.247167168,0
282,boundary,put,124,10000,1,124,131200,identity,20261005,2485964,248.596400,0.498800465,0
283,boundary,put,128,10000,1,124,131200,identity,20261005,3889602,388.960200,0.329082513,0
284,boundary,put,132,10000,1,124,131200,identity,20261005,2488726,248.872600,0.530391855,0
285,boundary,put,192,10000,1,124,131200,identity,20261005,2537557,253.755700,0.756633250,0
286,boundary,put,252,10000,1,124,131200,identity,20261005,2605331,260.533100,0.967247540,0
287,boundary,put,256,10000,1,124,131200,identity,20261005,3821969,382.196900,0.669811817,0
288,boundary,put,260,10000,1,124,131200,identity,20261005,2604925,260.492500,0.998109351,0
289,boundary,put,64,10000,2,0,131200,identity,20261005,2401285,240.128500,0.533047931,0
290,boundary,put,96,10000,2,0,131200,identity,20261005,2459881,245.988100,0.780525562,0
291,boundary,put,124,10000,2,0,131200,identity,20261005,3667892,366.789200,0.676137683,0
292,boundary,put,128,10000,2,0,131200,identity,20261005,2443170,244.317000,1.047819022,0
293,boundary,put,132,10000,2,0,131200,identity,20261005,2531870,253.187000,1.042707564,0
294,boundary,put,192,10000,2,0,131200,identity,20261005,2534770,253.477000,1.514930349,0
295,boundary,put,252,10000,2,0,131200,identity,20261005,3848321,384.832100,1.309662058,0
296,boundary,put,256,10000,2,0,131200,identity,20261005,2532258,253.225800,2.021910880,0
297,boundary,put,260,10000,2,0,131200,identity,20261005,2609196,260.919600,1.992951085,0
298,boundary,put,64,10000,2,4,131200,identity,20261005,3661607,366.160700,0.349573288,0
299,boundary,put,96,10000,2,4,131200,identity,20261005,3679062,367.906200,0.521872151,0
300,boundary,put,124,10000,2,4,131200,identity,20261005,3667429,366.742900,0.676223043,0
301,boundary,put,128,10000,2,4,131200,identity,20261005,4199309,419.930900,0.609624107,0
302,boundary,put,132,10000,2,4,131200,identity,20261005,4382241,438.224100,0.602431496,0
303,boundary,put,192,10000,2,4,131200,identity,20261005,4896846,489.684600,0.784178224,0
304,boundary,put,252,10000,2,4,131200,identity,20261005,3849136,384.913600,1.309384755,0
305,boundary,put,256,10000,2,4,131200,identity,20261005,3812175,381.217500,1.343065310,0
306,boundary,put,260,10000,2,4,131200,identity,20261005,3808660,380.866000,1.365309584,0
307,boundary,put,64,10000,2,64,131200,identity,20261005,2400549,240.054900,0.533211361,0
308,boundary,put,96,10000,2,64,131200,identity,20261005,2880586,288.058600,0.666531046,0
309,boundary,put,124,10000,2,64,131200,identity,20261005,2910145,291.014500,0.852191214,0
310,boundary,put,128,10000,2,64,131200,identity,20261005,2871837,287.183700,0.891415495,0
311,boundary,put,132,10000,2,64,131200,identity,20261005,4175138,417.513800,0.632314429,0
312,boundary,put,192,10000,2,64,131200,identity,20261005,2476298,247.629800,1.550701895,0
313,boundary,put,252,10000,2,64,131200,identity,20261005,2544261,254.426100,1.980928843,0
314,boundary,put,256,10000,2,64,131200,identity,20261005,2544014,254.401400,2.012567541,0
315,boundary,put,260,10000,2,64,131200,identity,20261005,3861129,386.112900,1.346756350,0
316,boundary,put,64,10000,2,124,131200,identity,20261005,2938825,293.882500,0.435548221,0
317,boundary,put,96,10000,2,124,131200,identity,20261005,4180735,418.073500,0.459249390,0
318,boundary,put,124,10000,2,124,131200,identity,20261005,2871662,287.166200,0.863611386,0
319,boundary,put,128,10000,2,124,131200,identity,20261005,4172833,417.283300,0.613492081,0
320,boundary,put,132,10000,2,124,131200,identity,20261005,2496757,249.675700,1.057371622,0
321,boundary,put,192,10000,2,124,131200,identity,20261005,2609891,260.989100,1.471325814,0
322,boundary,put,252,10000,2,124,131200,identity,20261005,2609853,260.985300,1.931143248,0
323,boundary,put,256,10000,2,124,131200,identity,20261005,3846012,384.601200,1.331249096,0
324,boundary,put,260,10000,2,124,131200,identity,20261005,2608173,260.817300,1.993732778,0
325,boundary,put,64,10000,4,0,131200,identity,20261005,3726867,372.686700,0.686904040,0
326,boundary,put,96,10000,4,0,131200,identity,20261005,3724956,372.495600,1.030884660,0
327,boundary,put,124,10000,4,0,131200,identity,20261005,7971552,797.155200,0.622212588,0
328,boundary,put,128,10000,4,0,131200,identity,20261005,2469395,246.939500,2.073382347,0
329,boundary,put,132,10000,4,0,131200,identity,20261005,3462822,346.282200,1.524767949,0
330,boundary,put,192,10000,4,0,131200,identity,20261005,3386283,338.628300,2.267973468,0
331,boundary,put,252,10000,4,0,131200,identity,20261005,7692706,769.270600,1.310332151,0
332,boundary,put,256,10000,4,0,131200,identity,20261005,2540686,254.068600,4.030407536,0
333,boundary,put,260,10000,4,0,131200,identity,20261005,2649173,264.917300,3.925753433,0
334,boundary,put,64,10000,4,4,131200,identity,20261005,7939574,793.957400,0.322435435,0
335,boundary,put,96,10000,4,4,131200,identity,20261005,7998751,799.875100,0.480074952,0
336,boundary,put,124,10000,4,4,131200,identity,20261005,8607030,860.703000,0.576273116,0
337,boundary,put,128,10000,4,4,131200,identity,20261005,10056062,1005.606200,0.509145628,0
338,boundary,put,132,10000,4,4,131200,identity,20261005,10155945,1015.594500,0.519892536,0
339,boundary,put,192,10000,4,4,131200,identity,20261005,13021557,1302.155700,0.589791221,0
340,boundary,put,252,10000,4,4,131200,identity,20261005,9046210,904.621000,1.114278797,0
341,boundary,put,256,10000,4,4,131200,identity,20261005,8665483,866.548300,1.181699854,0
342,boundary,put,260,10000,4,4,131200,identity,20261005,8576999,857.699900,1.212545320,0
343,boundary,put,64,10000,4,64,131200,identity,20261005,3731607,373.160700,0.686031514,0
344,boundary,put,96,10000,4,64,131200,identity,20261005,6411758,641.175800,0.598899709,0
345,boundary,put,124,10000,4,64,131200,identity,20261005,6417956,641.795600,0.772831724,0
346,boundary,put,128,10000,4,64,131200,identity,20261005,6423223,642.322300,0.797107620,0
347,boundary,put,132,10000,4,64,131200,identity,20261005,9678325,967.832500,0.545548946,0
348,boundary,put,192,10000,4,64,131200,identity,20261005,4116715,411.671500,1.865565141,0
349,boundary,put,252,10000,4,64,131200,identity,20261005,5460545,546.054500,1.845969587,0
350,boundary,put,256,10000,4,64,131200,identity,20261005,5417246,541.724600,1.890259368,0
351,boundary,put,260,10000,4,64,131200,identity,20261005,7516023,751.602300,1.383710508,0
352,boundary,put,64,10000,4,124,131200,identity,20261005,6435987,643.598700,0.397763389,0
353,boundary,put,96,10000,4,124,131200,identity,20261005,9650924,965.092400,0.397889363,0
354,boundary,put,124,10000,4,124,131200,identity,20261005,6414425,641.442500,0.773257151,0
355,boundary,put,128,10000,4,124,131200,identity,20261005,9701163,970.116300,0.527771773,0
356,boundary,put,132,10000,4,124,131200,identity,20261005,4104933,410.493300,1.286257291,0
357,boundary,put,192,10000,4,124,131200,identity,20261005,5377075,537.707500,1.428285825,0
358,boundary,put,252,10000,4,124,131200,identity,20261005,5401746,540.174600,1.866063306,0
359,boundary,put,256,10000,4,124,131200,identity,20261005,7541949,754.194900,1.357739226,0
360,boundary,put,260,10000,4,124,131200,identity,20261005,4553378,455.337800,2.284018590,0
361,boundary,put,64,10000,8,0,131200,identity,20261005,4013283,401.328300,1.275763508,0
362,boundary,put,96,10000,8,0,131200,identity,20261005,3996888,399.688800,1.921494923,0
363,boundary,put,124,10000,8,0,131200,identity,20261005,8011522,801.152200,1.238216658,0
364,boundary,put,128,10000,8,0,131200,identity,20261005,2474095,247.409500,4.138887149,0
365,boundary,put,132,10000,8,0,131200,identity,20261005,4924100,492.410000,2.144554335,0
366,boundary,put,192,10000,8,0,131200,identity,20261005,4942906,494.290600,3.107483735,0
367,boundary,put,252,10000,8,0,131200,identity,20261005,8659787,865.978700,2.328001832,0
368,boundary,put,256,10000,8,0,131200,identity,20261005,2544488,254.448800,8.048770519,0
369,boundary,put,260,10000,8,0,131200,identity,20261005,5483596,548.359600,3.793131369,0
370,boundary,put,64,10000,8,4,131200,identity,20261005,8009376,800.937600,0.639250798,0
371,boundary,put,96,10000,8,4,131200,identity,20261005,8023877,802.387700,0.957143286,0
372,boundary,put,124,10000,8,4,131200,identity,20261005,8038016,803.801600,1.234135389,0
373,boundary,put,128,10000,8,4,131200,identity,20261005,10405426,1040.542600,0.984101948,0
374,boundary,put,132,10000,8,4,131200,identity,20261005,10457104,1045.710400,1.009839818,0
375,boundary,put,192,10000,8,4,131200,identity,20261005,13870804,1387.080400,1.107361909,0
376,boundary,put,252,10000,8,4,131200,identity,20261005,9005424,900.542400,2.238650840,0
377,boundary,put,256,10000,8,4,131200,identity,20261005,12008729,1200.872900,1.705426111,0
378,boundary,put,260,10000,8,4,131200,identity,20261005,12080283,1208.028300,1.721813967,0
379,boundary,put,64,10000,8,64,131200,identity,20261005,3984114,398.411400,1.285103790,0
380,boundary,put,96,10000,8,64,131200,identity,20261005,7545961,754.596100,1.017763013,0
381,boundary,put,124,10000,8,64,131200,identity,20261005,7502814,750.281400,1.322170588,0
382,boundary,put,128,10000,8,64,131200,identity,20261005,7575283,757.528300,1.351764680,0
383,boundary,put,132,10000,8,64,131200,identity,20261005,10552517,1055.251700,1.000709120,0
384,boundary,put,192,10000,8,64,131200,identity,20261005,4977829,497.782900,3.085682533,0
385,boundary,put,252,10000,8,64,131200,identity,20261005,8493985,849.398500,2.373444267,0
386,boundary,put,256,10000,8,64,131200,identity,20261005,8408995,840.899500,2.435487237,0
387,boundary,put,260,10000,8,64,131200,identity,20261005,12563905,1256.390500,1.655536237,0
388,boundary,put,64,10000,8,124,131200,identity,20261005,7548294,754.829400,0.678298964,0
389,boundary,put,96,10000,8,124,131200,identity,20261005,10557236,1055.723600,0.727463135,0
390,boundary,put,124,10000,8,124,131200,identity,20261005,7536611,753.661100,1.316241478,0
391,boundary,put,128,10000,8,124,131200,identity,20261005,10549274,1054.927400,0.970682911,0
392,boundary,put,132,10000,8,124,131200,identity,20261005,5086502,508.650200,2.076082935,0
393,boundary,put,192,10000,8,124,131200,identity,20261005,8483076,848.307600,1.810663962,0
394,boundary,put,252,10000,8,124,131200,identity,20261005,8447634,844.763400,2.386467027,0
395,boundary,put,256,10000,8,124,131200,identity,20261005,12508736,1250.873600,1.637255755,0
396,boundary,put,260,10000,8,124,131200,identity,20261005,5676659,567.665900,3.664127086,0
397,boundary,put,64,10000,16,0,131200,identity,20261005,7712380,771.238000,1.327735407,0
398,boundary,put,96,10000,16,0,131200,identity,20261005,7762600,776.260000,1.978718471,0
399,boundary,put,124,10000,16,0,131200,identity,20261005,14745585,1474.558500,1.345487480,0
400,boundary,put,128,10000,16,0,131200,identity,20261005,2472992,247.299200,8.281466337,0
401,boundary,put,132,10000,16,0,131200,identity,20261005,7510463,751.046300,2.812076965,0
402,boundary,put,192,10000,16,0,131200,identity,20261005,7512207,751.220700,4.089344183,0
403,boundary,put,252,10000,16,0,131200,identity,20261005,13936531,1393.653100,2.893115941,0
404,boundary,put,256,10000,16,0,131200,identity,20261005,2563393,256.339300,15.978821819,0
405,boundary,put,260,10000,16,0,131200,identity,20261005,9249367,924.936700,4.497605079,0
406,boundary,put,64,10000,16,4,131200,identity,20261005,14688398,1468.839800,0.697148865,0
407,boundary,put,96,10000,16,4,131200,identity,20261005,14693141,1469.314100,1.045385735,0
408,boundary,put,124,10000,16,4,131200,identity,20261005,14525592,1452.559200,1.365865157,0
409,boundary,put,128,10000,16,4,131200,identity,20261005,16283353,1628.335300,1.257726219,0
410,boundary,put,132,10000,16,4,131200,identity,20261005,16131707,1613.170700,1.309222886,0
411,boundary,put,192,10000,16,4,131200,identity,20261005,19661536,1966.153600,1.562441510,0
412,boundary,put,252,10000,16,4,131200,identity,20261005,14500239,1450.023900,2.780643822,0
413,boundary,put,256,10000,16,4,131200,identity,20261005,18619923,1861.992300,2.199794274,0
414,boundary,put,260,10000,16,4,131200,identity,20261005,18718229,1871.822900,2.222432475,0
415,boundary,put,64,10000,16,64,131200,identity,20261005,7764828,776.482800,1.318767138,0
416,boundary,put,96,10000,16,64,131200,identity,20261005,10379220,1037.922000,1.479879991,0
417,boundary,put,124,10000,16,64,131200,identity,20261005,10333373,1033.337300,1.919992630,0
418,boundary,put,128,10000,16,64,131200,identity,20261005,10357728,1035.772800,1.977267602,0
419,boundary,put,132,10000,16,64,131200,identity,20261005,15563066,1556.306600,1.357059078,0
420,boundary,put,192,10000,16,64,131200,identity,20261005,7867554,786.755400,3.904644315,0
421,boundary,put,252,10000,16,64,131200,identity,20261005,12447964,1244.796400,3.239083918,0
422,boundary,put,256,10000,16,64,131200,identity,20261005,12288554,1228.855400,3.333183058,0
423,boundary,put,260,10000,16,64,131200,identity,20261005,17032964,1703.296400,2.442323016,0
424,boundary,put,64,10000,16,124,131200,identity,20261005,10341982,1034.198200,0.990139028,0
425,boundary,put,96,10000,16,124,131200,identity,20261005,15578190,1557.819000,0.985993880,0
426,boundary,put,124,10000,16,124,131200,identity,20261005,10356196,1035.619600,1.915761347,0
427,boundary,put,128,10000,16,124,131200,identity,20261005,15565066,1556.506600,1.315766987,0
428,boundary,put,132,10000,16,124,131200,identity,20261005,7866176,786.617600,2.684913228,0
429,boundary,put,192,10000,16,124,131200,identity,20261005,12278283,1227.828300,2.501978493,0
430,boundary,put,252,10000,16,124,131200,identity,20261005,12191162,1219.116200,3.307313938,0
431,boundary,put,256,10000,16,124,131200,identity,20261005,17084817,1708.481700,2.397450321,0
432,boundary,put,260,10000,16,124,131200,identity,20261005,9499281,949.928100,4.379278811,0
433,boundary,put,64,10000,32,0,131200,identity,20261005,9341753,934.175300,2.192308018,0
434,boundary,put,96,10000,32,0,131200,identity,20261005,9313096,931.309600,3.298580837,0
435,boundary,put,124,10000,32,0,131200,identity,20261005,17731193,1773.119300,2.237864085,0
436,boundary,put,128,10000,32,0,131200,identity,20261005,2612685,261.268500,15.677358732,0
437,boundary,put,132,10000,32,0,131200,identity,20261005,11324139,1132.413900,3.730084910,0
438,boundary,put,192,10000,32,0,131200,identity,20261005,11360536,1136.053600,5.408195529,0
439,boundary,put,252,10000,32,0,131200,identity,20261005,19043256,1904.325600,4.234569971,0
440,boundary,put,256,10000,32,0,131200,identity,20261005,4363507,436.350700,18.773889901,0
441,boundary,put,260,10000,32,0,131200,identity,20261005,16562005,1656.200500,5.023546364,0
442,boundary,put,64,10000,32,4,131200,identity,20261005,17703587,1770.358700,1.156827710,0
443,boundary,put,96,10000,32,4,131200,identity,20261005,17737415,1773.741500,1.731932190,0
444,boundary,put,124,10000,32,4,131200,identity,20261005,17723255,1772.325500,2.238866393,0
445,boundary,put,128,10000,32,4,131200,identity,20261005,24909085,2490.908500,1.644379952,0
446,boundary,put,132,10000,32,4,131200,identity,20261005,24912310,2491.231000,1.695547302,0
447,boundary,put,192,10000,32,4,131200,identity,20261005,32399959,3239.995900,1.896298696,0
448,boundary,put,252,10000,32,4,131200,identity,20261005,19832338,1983.233800,4.066086409,0
449,boundary,put,256,10000,32,4,131200,identity,20261005,28530970,2853.097000,2.871265856,0
450,boundary,put,260,10000,32,4,131200,identity,20261005,28625224,2862.522400,2.906527474,0
451,boundary,put,64,10000,32,64,131200,identity,20261005,9255398,925.539800,2.212762757,0
452,boundary,put,96,10000,32,64,131200,identity,20261005,16853075,1685.307500,1.822812751,0
453,boundary,put,124,10000,32,64,131200,identity,20261005,16852629,1685.262900,2.354528780,0
454,boundary,put,128,10000,32,64,131200,identity,20261005,16849307,1684.930700,2.430960514,0
455,boundary,put,132,10000,32,64,131200,identity,20261005,24076846,2407.684600,1.754382613,0
456,boundary,put,192,10000,32,64,131200,identity,20261005,11554617,1155.461700,5.317354959,0
457,boundary,put,252,10000,32,64,131200,identity,20261005,21219266,2121.926600,3.800319955,0
458,boundary,put,256,10000,32,64,131200,identity,20261005,21303548,2130.354800,3.845368856,0
459,boundary,put,260,10000,32,64,131200,identity,20261005,29590492,2959.049200,2.811713979,0
460,boundary,put,64,10000,32,124,131200,identity,20261005,16905790,1690.579000,1.211419283,0
461,boundary,put,96,10000,32,124,131200,identity,20261005,24157635,2415.763500,1.271647659,0
462,boundary,put,124,10000,32,124,131200,identity,20261005,16893477,1689.347700,2.348835589,0
463,boundary,put,128,10000,32,124,131200,identity,20261005,24129972,2412.997200,1.697473996,0
464,boundary,put,132,10000,32,124,131200,identity,20261005,11555195,1155.519500,3.655498674,0
465,boundary,put,192,10000,32,124,131200,identity,20261005,21449378,2144.937800,2.864418726,0
466,boundary,put,252,10000,32,124,131200,identity,20261005,21252683,2125.268300,3.794344460,0
467,boundary,put,256,10000,32,124,131200,identity,20261005,29579714,2957.971400,2.769465587,0
468,boundary,put,260,10000,32,124,131200,identity,20261005,15349866,1534.986600,5.420242757,0
469,boundary,put,64,10000,64,0,131200,identity,20261005,19168153,1916.815300,2.136877768,0
470,boundary,put,96,10000,64,0,131200,identity,20261005,19174902,1917.490200,3.204188475,0
471,boundary,put,124,10000,64,0,131200,identity,20261005,35770936,3577.093600,2.218560901,0
472,boundary,put,128,10000,64,0,131200,identity,20261005,4394158,439.415800,18.642934551,0
473,boundary,put,132,10000,64,0,131200,identity,20261005,27350833,2735.083300,3.088754189,0
474,boundary,put,192,10000,64,0,131200,identity,20261005,27164566,2716.456600,4.523539967,0
475,boundary,put,252,10000,64,0,131200,identity,20261005,42792604,4279.260400,3.768875575,0
476,boundary,put,256,10000,64,0,131200,identity,20261005,8853758,885.375800,18.505136463,0
477,boundary,put,260,10000,64,0,131200,identity,20261005,35218985,3521.898500,4.724724463,0
478,boundary,put,64,10000,64,4,131200,identity,20261005,35785988,3578.598800,1.144582064,0
479,boundary,put,96,10000,64,4,131200,identity,20261005,35718594,3571.859400,1.720112499,0
480,boundary,put,124,10000,64,4,131200,identity,20261005,35739817,3573.981700,2.220492623,0
481,boundary,put,128,10000,64,4,131200,identity,20261005,51799189,5179.918900,1.581491942,0
482,boundary,put,132,10000,64,4,131200,identity,20261005,51663829,5166.382900,1.635186583,0
483,boundary,put,192,10000,64,4,131200,identity,20261005,66908574,6690.857400,1.836535927,0
484,boundary,put,252,10000,64,4,131200,identity,20261005,43768373,4376.837300,3.684852530,0
485,boundary,put,256,10000,64,4,131200,identity,20261005,60601201,6060.120100,2.703576782,0
486,boundary,put,260,10000,64,4,131200,identity,20261005,60573014,6057.301400,2.747097907,0
487,boundary,put,64,10000,64,64,131200,identity,20261005,19134842,1913.484200,2.140597764,0
488,boundary,put,96,10000,64,64,131200,identity,20261005,35034908,3503.490800,1.753679502,0
489,boundary,put,124,10000,64,64,131200,identity,20261005,35040531,3504.053100,2.264805862,0
490,boundary,put,128,10000,64,64,131200,identity,20261005,35023598,3502.359800,2.338994412,0
491,boundary,put,132,10000,64,64,131200,identity,20261005,50278604,5027.860400,1.680237582,0
492,boundary,put,192,10000,64,64,131200,identity,20261005,26945884,2694.588400,4.560251206,0
493,boundary,put,252,10000,64,64,131200,identity,20261005,46023007,4602.300700,3.504334256,0
494,boundary,put,256,10000,64,64,131200,identity,20261005,45900427,4590.042700,3.569465705,0
495,boundary,put,260,10000,64,64,131200,identity,20261005,61693976,6169.397600,2.697183920,0
496,boundary,put,64,10000,64,124,131200,identity,20261005,34983410,3498.341000,1.170840693,0
497,boundary,put,96,10000,64,124,131200,identity,20261005,50141521,5014.152100,1.225331796,0
498,boundary,put,124,10000,64,124,131200,identity,20261005,34926551,3492.655100,2.272196874,0
499,boundary,put,128,10000,64,124,131200,identity,20261005,50082731,5008.273100,1.635693549,0
500,boundary,put,132,10000,64,124,131200,identity,20261005,26840610,2684.061000,3.147469450,0
501,boundary,put,192,10000,64,124,131200,identity,20261005,45825987,4582.598700,2.681447974,0
502,boundary,put,252,10000,64,124,131200,identity,20261005,45899294,4589.929400,3.513779537,0
503,boundary,put,256,10000,64,124,131200,identity,20261005,62223331,6222.333100,2.633095936,0
504,boundary,put,260,10000,64,124,131200,identity,20261005,34933783,3493.378300,4.763297465,0
505,boundary,iget,64,10000,1,0,131200,identity,20261005,4414567,441.456700,0.144974581,0
506,boundary,iget,96,10000,1,0,131200,identity,20261005,4413121,441.312100,0.217533125,0
507,boundary,iget,124,10000,1,0,131200,identity,20261005,4409683,440.968300,0.281199352,0
508,boundary,iget,128,10000,1,0,131200,identity,20261005,4408857,440.885700,0.290324681,0
509,boundary,iget,132,10000,1,0,131200,identity,20261005,4542208,454.220800,0.290607564,0
510,boundary,iget,192,10000,1,0,131200,identity,20261005,4544346,454.434600,0.422503040,0
511,boundary,iget,252,10000,1,0,131200,identity,20261005,4546573,454.657300,0.554263618,0
512,boundary,iget,256,10000,1,0,131200,identity,20261005,4548653,454.865300,0.562803977,0
513,boundary,iget,260,10000,1,0,131200,identity,20261005,4677246,467.724600,0.555882671,0
514,boundary,iget,64,10000,1,4,131200,identity,20261005,4414673,441.467300,0.144971100,0
515,boundary,iget,96,10000,1,4,131200,identity,20261005,4410413,441.041300,0.217666690,0
516,boundary,iget,124,10000,1,4,131200,identity,20261005,4412174,441.217400,0.281040594,0
517,boundary,iget,128,10000,1,4,131200,identity,20261005,4546506,454.650600,0.281534875,0
518,boundary,iget,132,10000,1,4,131200,identity,20261005,4545230,454.523000,0.290414346,0
519,boundary,iget,192,10000,1,4,131200,identity,20261005,4545110,454.511000,0.422432020,0
520,boundary,iget,252,10000,1,4,131200,identity,20261005,4546772,454.677200,0.554239359,0
521,boundary,iget,256,10000,1,4,131200,identity,20261005,4673577,467.357700,0.547760313,0
522,boundary,iget,260,10000,1,4,131200,identity,20261005,4670684,467.068400,0.556663649,0
523,boundary,iget,64,10000,1,64,131200,identity,20261005,4418627,441.862700,0.144841373,0
524,boundary,iget,96,10000,1,64,131200,identity,20261005,4544954,454.495400,0.211223260,0
525,boundary,iget,124,10000,1,64,131200,identity,20261005,4545920,454.592000,0.272772068,0
526,boundary,iget,128,10000,1,64,131200,identity,20261005,4541744,454.174400,0.281830064,0
527,boundary,iget,132,10000,1,64,131200,identity,20261005,4540104,454.010400,0.290742239,0
528,boundary,iget,192,10000,1,64,131200,identity,20261005,4543185,454.318500,0.422611010,0
529,boundary,iget,252,10000,1,64,131200,identity,20261005,4670947,467.094700,0.539505158,0
530,boundary,iget,256,10000,1,64,131200,identity,20261005,4674357,467.435700,0.547668909,0
531,boundary,iget,260,10000,1,64,131200,identity,20261005,4667732,466.773200,0.557015698,0
532,boundary,iget,64,10000,1,124,131200,identity,20261005,4549659,454.965900,0.140669883,0
533,boundary,iget,96,10000,1,124,131200,identity,20261005,4552120,455.212000,0.210890750,0
534,boundary,iget,124,10000,1,124,131200,identity,20261005,4553202,455.320200,0.272335820,0
535,boundary,iget,128,10000,1,124,131200,identity,20261005,4543376,454.337600,0.281728829,0
536,boundary,iget,132,10000,1,124,131200,identity,20261005,4542880,454.288000,0.290564576,0
537,boundary,iget,192,10000,1,124,131200,identity,20261005,4671164,467.116400,0.411032454,0
538,boundary,iget,252,10000,1,124,131200,identity,20261005,4671652,467.165200,0.539423741,0
539,boundary,iget,256,10000,1,124,131200,identity,20261005,4677347,467.734700,0.547318811,0
540,boundary,iget,260,10000,1,124,131200,identity,20261005,4669827,466.982700,0.556765807,0
541,boundary,iget,64,10000,2,0,131200,identity,20261005,4408338,440.833800,0.290358861,0
542,boundary,iget,96,10000,2,0,131200,identity,20261005,4411321,441.132100,0.435243774,0
543,boundary,iget,124,10000,2,0,131200,identity,20261005,4409421,440.942100,0.562432120,0
544,boundary,iget,128,10000,2,0,131200,identity,20261005,4408444,440.844400,0.580703759,0
545,boundary,iget,132,10000,2,0,131200,identity,20261005,4557056,455.705600,0.579321386,0
546,boundary,iget,192,10000,2,0,131200,identity,20261005,4550136,455.013600,0.843930819,0
547,boundary,iget,252,10000,2,0,131200,identity,20261005,4550793,455.079300,1.107499286,0
548,boundary,iget,256,10000,2,0,131200,identity,20261005,4561991,456.199100,1.122316988,0
549,boundary,iget,260,10000,2,0,131200,identity,20261005,4681112,468.111200,1.110847166,0
550,boundary,iget,64,10000,2,4,131200,identity,20261005,4413122,441.312200,0.290044100,0
551,boundary,iget,96,10000,2,4,131200,identity,20261005,4416236,441.623600,0.434759374,0
552,boundary,iget,124,10000,2,4,131200,identity,20261005,4412524,441.252400,0.562036603,0
553,boundary,iget,128,10000,2,4,131200,identity,20261005,4550307,455.030700,0.562599403,0
554,boundary,iget,132,10000,2,4,131200,identity,20261005,4547583,454.758300,0.580528162,0
555,boundary,iget,192,10000,2,4,131200,identity,20261005,4551001,455.100100,0.843770414,0
556,boundary,iget,252,10000,2,4,131200,identity,20261005,4554574,455.457400,1.106579891,0
557,boundary,iget,256,10000,2,4,131200,identity,20261005,4675701,467.570100,1.095022971,0
558,boundary,iget,260,10000,2,4,131200,identity,20261005,4684732,468.473200,1.109988789,0
559,boundary,iget,64,10000,2,64,131200,identity,20261005,4416599,441.659900,0.289815761,0
560,boundary,iget,96,10000,2,64,131200,identity,20261005,4558253,455.825300,0.421214005,0
561,boundary,iget,124,10000,2,64,131200,identity,20261005,4547468,454.746800,0.545358428,0
562,boundary,iget,128,10000,2,64,131200,identity,20261005,4547815,454.781500,0.562907682,0
563,boundary,iget,132,10000,2,64,131200,identity,20261005,4548345,454.834500,0.580430904,0
564,boundary,iget,192,10000,2,64,131200,identity,20261005,4552562,455.256200,0.843481099,0
565,boundary,iget,252,10000,2,64,131200,identity,20261005,4676911,467.691100,1.077634362,0
566,boundary,iget,256,10000,2,64,131200,identity,20261005,4678889,467.888900,1.094276868,0
567,boundary,iget,260,10000,2,64,131200,identity,20261005,4681960,468.196000,1.110645969,0
568,boundary,iget,64,10000,2,124,131200,identity,20261005,4557691,455.769100,0.280843962,0
569,boundary,iget,96,10000,2,124,131200,identity,20261005,4547002,454.700200,0.422256247,0
570,boundary,iget,124,10000,2,124,131200,identity,20261005,4551725,455.172500,0.544848382,0
571,boundary,iget,128,10000,2,124,131200,identity,20261005,4550293,455.029300,0.562601134,0
572,boundary,iget,132,10000,2,124,131200,identity,20261005,4547883,454.788300,0.580489867,0
573,boundary,iget,192,10000,2,124,131200,identity,20261005,4679336,467.933600,0.820629252,0
574,boundary,iget,252,10000,2,124,131200,identity,20261005,4680370,468.037000,1.076837942,0
575,boundary,iget,256,10000,2,124,131200,identity,20261005,4680186,468.018600,1.093973616,0
576,boundary,iget,260,10000,2,124,131200,identity,20261005,4674846,467.484600,1.112336107,0
577,boundary,iget,64,10000,4,0,131200,identity,20261005,5365793,536.579300,0.477096302,0
578,boundary,iget,96,10000,4,0,131200,identity,20261005,5368766,536.876600,0.715248159,0
579,boundary,iget,124,10000,4,0,131200,identity,20261005,5368229,536.822900,0.923954623,0
580,boundary,iget,128,10000,4,0,131200,identity,20261005,5371363,537.136300,0.953203126,0
581,boundary,iget,132,10000,4,0,131200,identity,20261005,5558187,555.818700,0.949950047,0
582,boundary,iget,192,10000,4,0,131200,identity,20261005,5557567,555.756700,1.381899669,0
583,boundary,iget,252,10000,4,0,131200,identity,20261005,5554568,555.456800,1.814722585,0
584,boundary,iget,256,10000,4,0,131200,identity,20261005,5551797,555.179700,1.844447843,0
585,boundary,iget,260,10000,4,0,131200,identity,20261005,5707736,570.773600,1.822088478,0
586,boundary,iget,64,10000,4,4,131200,identity,20261005,5378102,537.810200,0.476004360,0
587,boundary,iget,96,10000,4,4,131200,identity,20261005,5375229,537.522900,0.714388168,0
588,boundary,iget,124,10000,4,4,131200,identity,20261005,5380740,538.074000,0.921806294,0
589,boundary,iget,128,10000,4,4,131200,identity,20261005,5616058,561.605800,0.911671496,0
590,boundary,iget,132,10000,4,4,131200,identity,20261005,5611284,561.128400,0.940961106,0
591,boundary,iget,192,10000,4,4,131200,identity,20261005,5612116,561.211600,1.368467794,0
592,boundary,iget,252,10000,4,4,131200,identity,20261005,5613551,561.355100,1.795654836,0
593,boundary,iget,256,10000,4,4,131200,identity,20261005,5747802,574.780200,1.781550582,0
594,boundary,iget,260,10000,4,4,131200,identity,20261005,5751064,575.106400,1.808361027,0
595,boundary,iget,64,10000,4,64,131200,identity,20261005,5374377,537.437700,0.476334280,0
596,boundary,iget,96,10000,4,64,131200,identity,20261005,5553747,555.374700,0.691425087,0
597,boundary,iget,124,10000,4,64,131200,identity,20261005,5553020,555.302000,0.893207660,0
598,boundary,iget,128,10000,4,64,131200,identity,20261005,5556941,555.694100,0.921370229,0
599,boundary,iget,132,10000,4,64,131200,identity,20261005,5554536,555.453600,0.950574449,0
600,boundary,iget,192,10000,4,64,131200,identity,20261005,5554016,555.401600,1.382783197,0
601,boundary,iget,252,10000,4,64,131200,identity,20261005,5710812,571.081200,1.765072988,0
602,boundary,iget,256,10000,4,64,131200,identity,20261005,5699385,569.938500,1.796685081,0
603,boundary,iget,260,10000,4,64,131200,identity,20261005,5700452,570.045200,1.824416730,0
604,boundary,iget,64,10000,4,124,131200,identity,20261005,5611774,561.177400,0.456183731,0
605,boundary,iget,96,10000,4,124,131200,identity,20261005,5612798,561.279800,0.684150757,0
606,boundary,iget,124,10000,4,124,131200,identity,20261005,5613290,561.329000,0.883617273,0
607,boundary,iget,128,10000,4,124,131200,identity,20261005,5613682,561.368200,0.912057363,0
608,boundary,iget,132,10000,4,124,131200,identity,20261005,5610108,561.010800,0.941158352,0
609,boundary,iget,192,10000,4,124,131200,identity,20261005,5750809,575.080900,1.335464280,0
610,boundary,iget,252,10000,4,124,131200,identity,20261005,5750288,575.028800,1.752955678,0
611,boundary,iget,256,10000,4,124,131200,identity,20261005,5756502,575.650200,1.778858063,0
612,boundary,iget,260,10000,4,124,131200,identity,20261005,5750699,575.069900,1.808475804,0
613,boundary,iget,64,10000,8,0,131200,identity,20261005,5395462,539.546200,0.948945614,0
614,boundary,iget,96,10000,8,0,131200,identity,20261005,5396871,539.687100,1.423046799,0
615,boundary,iget,124,10000,8,0,131200,identity,20261005,5402288,540.228800,1.836259007,0
616,boundary,iget,128,10000,8,0,131200,identity,20261005,5397938,539.793800,1.897020677,0
617,boundary,iget,132,10000,8,0,131200,identity,20261005,5635088,563.508800,1.873972509,0
618,boundary,iget,192,10000,8,0,131200,identity,20261005,5632994,563.299400,2.726791472,0
619,boundary,iget,252,10000,8,0,131200,identity,20261005,5625164,562.516400,3.583895510,0
620,boundary,iget,256,10000,8,0,131200,identity,20261005,5625097,562.509700,3.640826105,0
621,boundary,iget,260,10000,8,0,131200,identity,20261005,5757833,575.783300,3.612470178,0
622,boundary,iget,64,10000,8,4,131200,identity,20261005,5410704,541.070400,0.946272426,0
623,boundary,iget,96,10000,8,4,131200,identity,20261005,5414992,541.499200,1.418284644,0
624,boundary,iget,124,10000,8,4,131200,identity,20261005,5404773,540.477300,1.835414734,0
625,boundary,iget,128,10000,8,4,131200,identity,20261005,5674923,567.492300,1.804429769,0
626,boundary,iget,132,10000,8,4,131200,identity,20261005,5674064,567.406400,1.861099910,0
627,boundary,iget,192,10000,8,4,131200,identity,20261005,5677325,567.732500,2.705499509,0
628,boundary,iget,252,10000,8,4,131200,identity,20261005,5675133,567.513300,3.552339654,0
629,boundary,iget,256,10000,8,4,131200,identity,20261005,5790042,579.004200,3.537107330,0
630,boundary,iget,260,10000,8,4,131200,identity,20261005,5789262,578.926200,3.592858641,0
631,boundary,iget,64,10000,8,64,131200,identity,20261005,5396156,539.615600,0.948823570,0
632,boundary,iget,96,10000,8,64,131200,identity,20261005,5622576,562.257600,1.365921955,0
633,boundary,iget,124,10000,8,64,131200,identity,20261005,5623132,562.313200,1.764141407,0
634,boundary,iget,128,10000,8,64,131200,identity,20261005,5629980,562.998000,1.818834170,0
635,boundary,iget,132,10000,8,64,131200,identity,20261005,5628078,562.807800,1.876306618,0
636,boundary,iget,192,10000,8,64,131200,identity,20261005,5630594,563.059400,2.727953747,0
637,boundary,iget,252,10000,8,64,131200,identity,20261005,5744412,574.441200,3.509497578,0
638,boundary,iget,256,10000,8,64,131200,identity,20261005,5756434,575.643400,3.557758154,0
639,boundary,iget,260,10000,8,64,131200,identity,20261005,5751422,575.142200,3.616496929,0
640,boundary,iget,64,10000,8,124,131200,identity,20261005,5677357,567.735700,0.901828087,0
641,boundary,iget,96,10000,8,124,131200,identity,20261005,5677418,567.741800,1.352727596,0
642,boundary,iget,124,10000,8,124,131200,identity,20261005,5678581,567.858100,1.746915295,0
643,boundary,iget,128,10000,8,124,131200,identity,20261005,5675309,567.530900,1.804307043,0
644,boundary,iget,132,10000,8,124,131200,identity,20261005,5675822,567.582200,1.860523463,0
645,boundary,iget,192,10000,8,124,131200,identity,20261005,5790868,579.086800,2.652452102,0
646,boundary,iget,252,10000,8,124,131200,identity,20261005,5790983,579.098300,3.481274250,0
647,boundary,iget,256,10000,8,124,131200,identity,20261005,5793813,579.381300,3.534805145,0
648,boundary,iget,260,10000,8,124,131200,identity,20261005,5786774,578.677400,3.594403376,0
649,boundary,iget,64,10000,16,0,131200,identity,20261005,5490475,549.047500,1.865048106,0
650,boundary,iget,96,10000,16,0,131200,identity,20261005,5492425,549.242500,2.796578925,0
651,boundary,iget,124,10000,16,0,131200,identity,20261005,5490506,549.050600,3.613510303,0
652,boundary,iget,128,10000,16,0,131200,identity,20261005,5487492,548.749200,3.732123892,0
653,boundary,iget,132,10000,16,0,131200,identity,20261005,5782373,578.237300,3.652479700,0
654,boundary,iget,192,10000,16,0,131200,identity,20261005,5785450,578.545000,5.309872179,0
655,boundary,iget,252,10000,16,0,131200,identity,20261005,5777443,577.744300,6.978865910,0
656,boundary,iget,256,10000,16,0,131200,identity,20261005,5775357,577.535700,7.092202266,0
657,boundary,iget,260,10000,16,0,131200,identity,20261005,6221349,622.134900,6.686652686,0
658,boundary,iget,64,10000,16,4,131200,identity,20261005,5499338,549.933800,1.862042304,0
659,boundary,iget,96,10000,16,4,131200,identity,20261005,5501760,550.176000,2.791833886,0
660,boundary,iget,124,10000,16,4,131200,identity,20261005,5500415,550.041500,3.607000563,0
661,boundary,iget,128,10000,16,4,131200,identity,20261005,5790125,579.012500,3.537056627,0
662,boundary,iget,132,10000,16,4,131200,identity,20261005,5786463,578.646300,3.649898047,0
663,boundary,iget,192,10000,16,4,131200,identity,20261005,5792287,579.228700,5.303604604,0
664,boundary,iget,252,10000,16,4,131200,identity,20261005,5793589,579.358900,6.959416693,0
665,boundary,iget,256,10000,16,4,131200,identity,20261005,6164549,616.454900,6.644443900,0
666,boundary,iget,260,10000,16,4,131200,identity,20261005,6195813,619.581300,6.714211678,0
667,boundary,iget,64,10000,16,64,131200,identity,20261005,5487197,548.719700,1.866162268,0
668,boundary,iget,96,10000,16,64,131200,identity,20261005,5783582,578.358200,2.655793590,0
669,boundary,iget,124,10000,16,64,131200,identity,20261005,5777696,577.769600,3.433894757,0
670,boundary,iget,128,10000,16,64,131200,identity,20261005,5777440,577.744000,3.544822620,0
671,boundary,iget,132,10000,16,64,131200,identity,20261005,5776506,577.650600,3.656189399,0
672,boundary,iget,192,10000,16,64,131200,identity,20261005,5781152,578.115200,5.313819806,0
673,boundary,iget,252,10000,16,64,131200,identity,20261005,6165004,616.500400,6.540141742,0
674,boundary,iget,256,10000,16,64,131200,identity,20261005,6220204,622.020400,6.584993032,0
675,boundary,iget,260,10000,16,64,131200,identity,20261005,6215865,621.586500,6.692552042,0
676,boundary,iget,64,10000,16,124,131200,identity,20261005,5787933,578.793300,1.769198089,0
677,boundary,iget,96,10000,16,124,131200,identity,20261005,5791057,579.105700,2.652365535,0
678,boundary,iget,124,10000,16,124,131200,identity,20261005,5790837,579.083700,3.426102306,0
679,boundary,iget,128,10000,16,124,131200,identity,20261005,5786010,578.601000,3.539572175,0
680,boundary,iget,132,10000,16,124,131200,identity,20261005,5785516,578.551600,3.650495479,0
681,boundary,iget,192,10000,16,124,131200,identity,20261005,6227682,622.768200,4.932814489,0
682,boundary,iget,252,10000,16,124,131200,identity,20261005,6198347,619.834700,6.504960113,0
683,boundary,iget,256,10000,16,124,131200,identity,20261005,6222591,622.259100,6.582467014,0
684,boundary,iget,260,10000,16,124,131200,identity,20261005,6207120,620.712000,6.701980951,0
685,boundary,iget,64,10000,32,0,131200,identity,20261005,6013236,601.323600,3.405820094,0
686,boundary,iget,96,10000,32,0,131200,identity,20261005,5991424,599.142400,5.127328662,0
687,boundary,iget,124,10000,32,0,131200,identity,20261005,5993581,599.358100,6.620416075,0
688,boundary,iget,128,10000,32,0,131200,identity,20261005,5988864,598.886400,6.839360520,0
689,boundary,iget,132,10000,32,0,131200,identity,20261005,8079891,807.989100,5.227793296,0
690,boundary,iget,192,10000,32,0,131200,identity,20261005,8106553,810.655300,7.579053637,0
691,boundary,iget,252,10000,32,0,131200,identity,20261005,8047863,804.786300,10.020051286,0
692,boundary,iget,256,10000,32,0,131200,identity,20261005,8043298,804.329800,10.184876900,0
693,boundary,iget,260,10000,32,0,131200,identity,20261005,10746823,1074.682300,7.741822862,0
694,boundary,iget,64,10000,32,4,131200,identity,20261005,5993171,599.317100,3.417222702,0
695,boundary,iget,96,10000,32,4,131200,identity,20261005,5914306,591.430600,5.194185083,0
696,boundary,iget,124,10000,32,4,131200,identity,20261005,5918340,591.834000,6.704582704,0
697,boundary,iget,128,10000,32,4,131200,identity,20261005,7999426,799.942600,5.120367386,0
698,boundary,iget,132,10000,32,4,131200,identity,20261005,8097319,809.731900,5.216541426,0
699,boundary,iget,192,10000,32,4,131200,identity,20261005,8069212,806.921200,7.614126386,0
700,boundary,iget,252,10000,32,4,131200,identity,20261005,8048488,804.848800,10.019273185,0
701,boundary,iget,256,10000,32,4,131200,identity,20261005,10732947,1073.294700,7.632572862,0
702,boundary,iget,260,10000,32,4,131200,identity,20261005,10748136,1074.813600,7.740877116,0
703,boundary,iget,64,10000,32,64,131200,identity,20261005,6007005,600.700500,3.409352914,0
704,boundary,iget,96,10000,32,64,131200,identity,20261005,8096068,809.606800,3.794434533,0
705,boundary,iget,124,10000,32,64,131200,identity,20261005,8076304,807.630400,4.913138485,0
706,boundary,iget,128,10000,32,64,131200,identity,20261005,8099485,809.948500,5.057111656,0
707,boundary,iget,132,10000,32,64,131200,identity,20261005,8126804,812.680400,5.197615200,0
708,boundary,iget,192,10000,32,64,131200,identity,20261005,8103789,810.378900,7.581638663,0
709,boundary,iget,252,10000,32,64,131200,identity,20261005,10752670,1075.267000,7.499532674,0
710,boundary,iget,256,10000,32,64,131200,identity,20261005,10745918,1074.591800,7.623359866,0
711,boundary,iget,260,10000,32,64,131200,identity,20261005,10761923,1076.192300,7.730960350,0
712,boundary,iget,64,10000,32,124,131200,identity,20261005,8059261,805.926100,2.541175922,0
713,boundary,iget,96,10000,32,124,131200,identity,20261005,8058007,805.800700,3.812357075,0
714,boundary,iget,124,10000,32,124,131200,identity,20261005,8047738,804.773800,4.930578008,0
715,boundary,iget,128,10000,32,124,131200,identity,20261005,8076674,807.667400,5.071394487,0
716,boundary,iget,132,10000,32,124,131200,identity,20261005,8105957,810.595700,5.210982491,0
717,boundary,iget,192,10000,32,124,131200,identity,20261005,10709193,1070.919300,5.737126971,0
718,boundary,iget,252,10000,32,124,131200,identity,20261005,10738933,1073.893300,7.509125907,0
719,boundary,iget,256,10000,32,124,131200,identity,20261005,10769607,1076.960700,7.606591401,0
720,boundary,iget,260,10000,32,124,131200,identity,20261005,10722057,1072.205700,7.759705064,0
721,boundary,iget,64,10000,64,0,131200,identity,20261005,11413612,1141.361200,3.588697425,0
722,boundary,iget,96,10000,64,0,131200,identity,20261005,11391042,1139.104200,5.393712006,0
723,boundary,iget,124,10000,64,0,131200,identity,20261005,11408483,1140.848300,6.956227221,0
724,boundary,iget,128,10000,64,0,131200,identity,20261005,11395429,1139.542900,7.188847388,0
725,boundary,iget,132,10000,64,0,131200,identity,20261005,15872277,1587.227700,5.322487756,0
726,boundary,iget,192,10000,64,0,131200,identity,20261005,15840857,1584.085700,7.757156068,0
727,boundary,iget,252,10000,64,0,131200,identity,20261005,15855801,1585.580100,10.171671554,0
728,boundary,iget,256,10000,64,0,131200,identity,20261005,15898726,1589.872600,10.305228230,0
729,boundary,iget,260,10000,64,0,131200,identity,20261005,20059169,2005.916900,8.295458301,0
730,boundary,iget,64,10000,64,4,131200,identity,20261005,11404709,1140.470900,3.591498915,0
731,boundary,iget,96,10000,64,4,131200,identity,20261005,11423171,1142.317100,5.378541563,0
732,boundary,iget,124,10000,64,4,131200,identity,20261005,11402251,1140.225100,6.960029208,0
733,boundary,iget,128,10000,64,4,131200,identity,20261005,15860137,1586.013700,5.165150843,0
734,boundary,iget,132,10000,64,4,131200,identity,20261005,15849181,1584.918100,5.330243878,0
735,boundary,iget,192,10000,64,4,131200,identity,20261005,15852654,1585.265400,7.751383459,0
736,boundary,iget,252,10000,64,4,131200,identity,20261005,15871920,1587.192000,10.161341539,0
737,boundary,iget,256,10000,64,4,131200,identity,20261005,20061666,2006.166600,8.166819246,0
738,boundary,iget,260,10000,64,4,131200,identity,20261005,20043826,2004.382600,8.301808248,0
739,boundary,iget,64,10000,64,64,131200,identity,20261005,11418113,1141.811300,3.587282767,0
740,boundary,iget,96,10000,64,64,131200,identity,20261005,15831767,1583.176700,3.880804966,0
741,boundary,iget,124,10000,64,64,131200,identity,20261005,15860457,1586.045700,5.003638924,0
742,boundary,iget,128,10000,64,64,131200,identity,20261005,15845726,1584.572600,5.169848324,0
743,boundary,iget,132,10000,64,64,131200,identity,20261005,15847987,1584.798700,5.330645463,0
744,boundary,iget,192,10000,64,64,131200,identity,20261005,15871790,1587.179000,7.742037918,0
745,boundary,iget,252,10000,64,64,131200,identity,20261005,20069203,2006.920300,8.036193565,0
746,boundary,iget,256,10000,64,64,131200,identity,20261005,20000906,2000.090600,8.191628919,0
747,boundary,iget,260,10000,64,64,131200,identity,20261005,20041906,2004.190600,8.302603555,0
748,boundary,iget,64,10000,64,124,131200,identity,20261005,15838631,1583.863100,2.586082093,0
749,boundary,iget,96,10000,64,124,131200,identity,20261005,15845299,1584.529900,3.877490731,0
750,boundary,iget,124,10000,64,124,131200,identity,20261005,15859894,1585.989400,5.003816545,0
751,boundary,iget,128,10000,64,124,131200,identity,20261005,15855149,1585.514900,5.166775790,0
752,boundary,iget,132,10000,64,124,131200,identity,20261005,15844312,1584.431200,5.331881877,0
753,boundary,iget,192,10000,64,124,131200,identity,20261005,20030671,2003.067100,6.134592296,0
754,boundary,iget,252,10000,64,124,131200,identity,20261005,20056043,2005.604300,8.041466604,0
755,boundary,iget,256,10000,64,124,131200,identity,20261005,20059771,2005.977100,8.167590747,0
756,boundary,iget,260,10000,64,124,131200,identity,20261005,20063879,2006.387900,8.293510941,0
757,boundary,iput,64,10000,1,0,131200,identity,20261005,2340342,234.034200,0.273464306,0
758,boundary,iput,96,10000,1,0,131200,identity,20261005,2350328,235.032800,0.408453629,0
759,boundary,iput,124,10000,1,0,131200,identity,20261005,3675781,367.578100,0.337343275,0
760,boundary,iput,128,10000,1,0,131200,identity,20261005,2400074,240.007400,0.533316889,0
761,boundary,iput,132,10000,1,0,131200,identity,20261005,2460238,246.023800,0.536533457,0
762,boundary,iput,192,10000,1,0,131200,identity,20261005,2461287,246.128700,0.780079690,0
763,boundary,iput,252,10000,1,0,131200,identity,20261005,3698511,369.851100,0.681355281,0
764,boundary,iput,256,10000,1,0,131200,identity,20261005,2460411,246.041100,1.040476571,0
765,boundary,iput,260,10000,1,0,131200,identity,20261005,2476466,247.646600,1.049883180,0
766,boundary,iput,64,10000,1,4,131200,identity,20261005,3673922,367.392200,0.174200759,0
767,boundary,iput,96,10000,1,4,131200,identity,20261005,3680818,368.081800,0.260811591,0
768,boundary,iput,124,10000,1,4,131200,identity,20261005,3686777,368.677700,0.336337131,0
769,boundary,iput,128,10000,1,4,131200,identity,20261005,3852701,385.270100,0.332234451,0
770,boundary,iput,132,10000,1,4,131200,identity,20261005,3904525,390.452500,0.338069291,0
771,boundary,iput,192,10000,1,4,131200,identity,20261005,4532082,453.208200,0.423646351,0
772,boundary,iput,252,10000,1,4,131200,identity,20261005,3698647,369.864700,0.681330227,0
773,boundary,iput,256,10000,1,4,131200,identity,20261005,3718343,371.834300,0.688478712,0
774,boundary,iput,260,10000,1,4,131200,identity,20261005,3732167,373.216700,0.696646211,0
775,boundary,iput,64,10000,1,64,131200,identity,20261005,2340364,234.036400,0.273461735,0
776,boundary,iput,96,10000,1,64,131200,identity,20261005,2401468,240.146800,0.399755483,0
777,boundary,iput,124,10000,1,64,131200,identity,20261005,2401200,240.120000,0.516408462,0
778,boundary,iput,128,10000,1,64,131200,identity,20261005,2401124,240.112400,0.533083672,0
779,boundary,iput,132,10000,1,64,131200,identity,20261005,3949638,394.963800,0.334207844,0
780,boundary,iput,192,10000,1,64,131200,identity,20261005,2401222,240.122200,0.799592874,0
781,boundary,iput,252,10000,1,64,131200,identity,20261005,2467152,246.715200,1.021420650,0
782,boundary,iput,256,10000,1,64,131200,identity,20261005,2525076,252.507600,1.013830871,0
783,boundary,iput,260,10000,1,64,131200,identity,20261005,3828476,382.847600,0.679121405,0
784,boundary,iput,64,10000,1,124,131200,identity,20261005,2348444,234.844400,0.272520869,0
785,boundary,iput,96,10000,1,124,131200,identity,20261005,3875714,387.571400,0.247696295,0
786,boundary,iput,124,10000,1,124,131200,identity,20261005,2460154,246.015400,0.504033487,0
787,boundary,iput,128,10000,1,124,131200,identity,20261005,3872068,387.206800,0.330572707,0
788,boundary,iput,132,10000,1,124,131200,identity,20261005,2460280,246.028000,0.536524298,0
789,boundary,iput,192,10000,1,124,131200,identity,20261005,2468232,246.823200,0.777884737,0
790,boundary,iput,252,10000,1,124,131200,identity,20261005,2527376,252.737600,0.997081558,0
791,boundary,iput,256,10000,1,124,131200,identity,20261005,3825904,382.590400,0.669122905,0
792,boundary,iput,260,10000,1,124,131200,identity,20261005,2526122,252.612200,1.029245618,0
793,boundary,iput,64,10000,2,0,131200,identity,20261005,2342322,234.232200,0.546466284,0
794,boundary,iput,96,10000,2,0,131200,identity,20261005,2350991,235.099100,0.816676882,0
795,boundary,iput,124,10000,2,0,131200,identity,20261005,3667303,366.730300,0.676246277,0
796,boundary,iput,128,10000,2,0,131200,identity,20261005,2400417,240.041700,1.066481366,0
797,boundary,iput,132,10000,2,0,131200,identity,20261005,2469309,246.930900,1.069125006,0
798,boundary,iput,192,10000,2,0,131200,identity,20261005,2470026,247.002600,1.554639506,0
799,boundary,iput,252,10000,2,0,131200,identity,20261005,3834987,383.498700,1.314215667,0
800,boundary,iput,256,10000,2,0,131200,identity,20261005,2467060,246.706000,2.075344742,0
801,boundary,iput,260,10000,2,0,131200,identity,20261005,2529616,252.961600,2.055647972,0
802,boundary,iput,64,10000,2,4,131200,identity,20261005,3668016,366.801600,0.348962491,0
803,boundary,iput,96,10000,2,4,131200,identity,20261005,3655587,365.558700,0.525223446,0
804,boundary,iput,124,10000,2,4,131200,identity,20261005,3668000,366.800000,0.676117775,0
805,boundary,iput,128,10000,2,4,131200,identity,20261005,4224699,422.469900,0.605960330,0
806,boundary,iput,132,10000,2,4,131200,identity,20261005,4417044,441.704400,0.597684786,0
807,boundary,iput,192,10000,2,4,131200,identity,20261005,5199693,519.969300,0.738505139,0
808,boundary,iput,252,10000,2,4,131200,identity,20261005,3835584,383.558400,1.314011113,0
809,boundary,iput,256,10000,2,4,131200,identity,20261005,3794744,379.474400,1.349234626,0
810,boundary,iput,260,10000,2,4,131200,identity,20261005,3803426,380.342600,1.367188424,0
811,boundary,iput,64,10000,2,64,131200,identity,20261005,2340464,234.046400,0.546900102,0
812,boundary,iput,96,10000,2,64,131200,identity,20261005,2873454,287.345400,0.668185396,0
813,boundary,iput,124,10000,2,64,131200,identity,20261005,2924293,292.429300,0.848068234,0
814,boundary,iput,128,10000,2,64,131200,identity,20261005,2865260,286.526000,0.893461675,0
815,boundary,iput,132,10000,2,64,131200,identity,20261005,4187587,418.758700,0.630434663,0
816,boundary,iput,192,10000,2,64,131200,identity,20261005,2411749,241.174900,1.592205491,0
817,boundary,iput,252,10000,2,64,131200,identity,20261005,2529666,252.966600,1.992357884,0
818,boundary,iput,256,10000,2,64,131200,identity,20261005,2530736,253.073600,2.023126869,0
819,boundary,iput,260,10000,2,64,131200,identity,20261005,3842931,384.293100,1.353133845,0
820,boundary,iput,64,10000,2,124,131200,identity,20261005,2904976,290.497600,0.440623262,0
821,boundary,iput,96,10000,2,124,131200,identity,20261005,4181395,418.139500,0.459176901,0
822,boundary,iput,124,10000,2,124,131200,identity,20261005,2818422,281.842200,0.879925008,0
823,boundary,iput,128,10000,2,124,131200,identity,20261005,4172118,417.211800,0.613597218,0
824,boundary,iput,132,10000,2,124,131200,identity,20261005,2469722,246.972200,1.068946221,0
825,boundary,iput,192,10000,2,124,131200,identity,20261005,2529714,252.971400,1.517958157,0
826,boundary,iput,252,10000,2,124,131200,identity,20261005,2529002,252.900200,1.992880986,0
827,boundary,iput,256,10000,2,124,131200,identity,20261005,3845904,384.590400,1.331286480,0
828,boundary,iput,260,10000,2,124,131200,identity,20261005,2529722,252.972200,2.055561836,0
829,boundary,iput,64,10000,4,0,131200,identity,20261005,3734745,373.474500,0.685455098,0
830,boundary,iput,96,10000,4,0,131200,identity,20261005,3733986,373.398600,1.028391644,0
831,boundary,iput,124,10000,4,0,131200,identity,20261005,8159942,815.994200,0.607847458,0
832,boundary,iput,128,10000,4,0,131200,identity,20261005,2409843,240.984300,2.124619737,0
833,boundary,iput,132,10000,4,0,131200,identity,20261005,3447035,344.703500,1.531751201,0
834,boundary,iput,192,10000,4,0,131200,identity,20261005,3358090,335.809000,2.287014344,0
835,boundary,iput,252,10000,4,0,131200,identity,20261005,7709943,770.994300,1.307402662,0
836,boundary,iput,256,10000,4,0,131200,identity,20261005,2470073,247.007300,4.145626465,0
837,boundary,iput,260,10000,4,0,131200,identity,20261005,2618321,261.832100,3.972011071,0
838,boundary,iput,64,10000,4,4,131200,identity,20261005,8096910,809.691000,0.316169996,0
839,boundary,iput,96,10000,4,4,131200,identity,20261005,8361317,836.131700,0.459257794,0
840,boundary,iput,124,10000,4,4,131200,identity,20261005,7935148,793.514800,0.625067106,0
841,boundary,iput,128,10000,4,4,131200,identity,20261005,10068297,1006.829700,0.508526914,0
842,boundary,iput,132,10000,4,4,131200,identity,20261005,10114004,1011.400400,0.522048439,0
843,boundary,iput,192,10000,4,4,131200,identity,20261005,13058805,1305.880500,0.588108943,0
844,boundary,iput,252,10000,4,4,131200,identity,20261005,9048012,904.801200,1.114056878,0
845,boundary,iput,256,10000,4,4,131200,identity,20261005,8535488,853.548800,1.199697076,0
846,boundary,iput,260,10000,4,4,131200,identity,20261005,8555705,855.570500,1.215563183,0
847,boundary,iput,64,10000,4,64,131200,identity,20261005,3737047,373.704700,0.685032862,0
848,boundary,iput,96,10000,4,64,131200,identity,20261005,6429914,642.991400,0.597208610,0
849,boundary,iput,124,10000,4,64,131200,identity,20261005,6398409,639.840900,0.775192708,0
850,boundary,iput,128,10000,4,64,131200,identity,20261005,6420472,642.047200,0.797449160,0
851,boundary,iput,132,10000,4,64,131200,identity,20261005,9698325,969.832500,0.544423908,0
852,boundary,iput,192,10000,4,64,131200,identity,20261005,4120438,412.043800,1.863879520,0
853,boundary,iput,252,10000,4,64,131200,identity,20261005,5454541,545.454100,1.848001509,0
854,boundary,iput,256,10000,4,64,131200,identity,20261005,5400097,540.009700,1.896262234,0
855,boundary,iput,260,10000,4,64,131200,identity,20261005,7407642,740.764200,1.403955537,0
856,boundary,iput,64,10000,4,124,131200,identity,20261005,6423857,642.385700,0.398514475,0
857,boundary,iput,96,10000,4,124,131200,identity,20261005,9716051,971.605100,0.395222298,0
858,boundary,iput,124,10000,4,124,131200,identity,20261005,6427482,642.748200,0.771686331,0
859,boundary,iput,128,10000,4,124,131200,identity,20261005,9654107,965.410700,0.530344236,0
860,boundary,iput,132,10000,4,124,131200,identity,20261005,4114544,411.454400,1.283252774,0
861,boundary,iput,192,10000,4,124,131200,identity,20261005,5413086,541.308600,1.418784036,0
862,boundary,iput,252,10000,4,124,131200,identity,20261005,5444430,544.443000,1.851433483,0
863,boundary,iput,256,10000,4,124,131200,identity,20261005,7493067,749.306700,1.366596615,0
864,boundary,iput,260,10000,4,124,131200,identity,20261005,4536986,453.698600,2.292270684,0
865,boundary,iput,64,10000,8,0,131200,identity,20261005,3990577,399.057700,1.283022480,0
866,boundary,iput,96,10000,8,0,131200,identity,20261005,3981375,398.137500,1.928981822,0
867,boundary,iput,124,10000,8,0,131200,identity,20261005,8015695,801.569500,1.237572038,0
868,boundary,iput,128,10000,8,0,131200,identity,20261005,2409382,240.938200,4.250052503,0
869,boundary,iput,132,10000,8,0,131200,identity,20261005,4898128,489.812800,2.155925692,0
870,boundary,iput,192,10000,8,0,131200,identity,20261005,4899340,489.934000,3.135116159,0
871,boundary,iput,252,10000,8,0,131200,identity,20261005,8611413,861.141300,2.341079217,0
872,boundary,iput,256,10000,8,0,131200,identity,20261005,2486774,248.677400,8.235569457,0
873,boundary,iput,260,10000,8,0,131200,identity,20261005,5485109,548.510900,3.792085080,0
874,boundary,iput,64,10000,8,4,131200,identity,20261005,8044410,804.441000,0.636466814,0
875,boundary,iput,96,10000,8,4,131200,identity,20261005,8000921,800.092100,0.959889493,0
876,boundary,iput,124,10000,8,4,131200,identity,20261005,8017663,801.766300,1.237268266,0
877,boundary,iput,128,10000,8,4,131200,identity,20261005,10383617,1038.361700,0.986168885,0
878,boundary,iput,132,10000,8,4,131200,identity,20261005,10382934,1038.293400,1.017053561,0
879,boundary,iput,192,10000,8,4,131200,identity,20261005,13954262,1395.426200,1.100738971,0
880,boundary,iput,252,10000,8,4,131200,identity,20261005,8988411,898.841100,2.242888092,0
881,boundary,iput,256,10000,8,4,131200,identity,20261005,11938177,1193.817700,1.715504804,0
882,boundary,iput,260,10000,8,4,131200,identity,20261005,12087830,1208.783000,1.720738958,0
883,boundary,iput,64,10000,8,64,131200,identity,20261005,3989853,398.985300,1.283255298,0
884,boundary,iput,96,10000,8,64,131200,identity,20261005,7554950,755.495000,1.016552062,0
885,boundary,iput,124,10000,8,64,131200,identity,20261005,7492514,749.251400,1.323988183,0
886,boundary,iput,128,10000,8,64,131200,identity,20261005,7537841,753.784100,1.358479172,0
887,boundary,iput,132,10000,8,64,131200,identity,20261005,10528425,1052.842500,1.002999024,0
888,boundary,iput,192,10000,8,64,131200,identity,20261005,5106121,510.612100,3.008154331,0
889,boundary,iput,252,10000,8,64,131200,identity,20261005,8478436,847.843600,2.377797037,0
890,boundary,iput,256,10000,8,64,131200,identity,20261005,8402754,840.275400,2.437296153,0
891,boundary,iput,260,10000,8,64,131200,identity,20261005,12560511,1256.051100,1.655983582,0
892,boundary,iput,64,10000,8,124,131200,identity,20261005,7549332,754.933200,0.678205701,0
893,boundary,iput,96,10000,8,124,131200,identity,20261005,10565419,1056.541900,0.726899709,0
894,boundary,iput,124,10000,8,124,131200,identity,20261005,7498583,749.858300,1.322916610,0
895,boundary,iput,128,10000,8,124,131200,identity,20261005,10541650,1054.165000,0.971384935,0
896,boundary,iput,132,10000,8,124,131200,identity,20261005,5042143,504.214300,2.094347582,0
897,boundary,iput,192,10000,8,124,131200,identity,20261005,8488592,848.859200,1.809487368,0
898,boundary,iput,252,10000,8,124,131200,identity,20261005,8453248,845.324800,2.384882119,0
899,boundary,iput,256,10000,8,124,131200,identity,20261005,12465806,1246.580600,1.642894170,0
900,boundary,iput,260,10000,8,124,131200,identity,20261005,5662537,566.253700,3.673265181,0
901,boundary,iput,64,10000,16,0,131200,identity,20261005,7757295,775.729500,1.320047774,0
902,boundary,iput,96,10000,16,0,131200,identity,20261005,7713334,771.333400,1.991356786,0
903,boundary,iput,124,10000,16,0,131200,identity,20261005,14605638,1460.563800,1.358379552,0
904,boundary,iput,128,10000,16,0,131200,identity,20261005,2410023,241.002300,8.497844211,0
905,boundary,iput,132,10000,16,0,131200,identity,20261005,7505711,750.571100,2.813857341,0
906,boundary,iput,192,10000,16,0,131200,identity,20261005,7535944,753.594400,4.076463413,0
907,boundary,iput,252,10000,16,0,131200,identity,20261005,13948316,1394.831600,2.890671533,0
908,boundary,iput,256,10000,16,0,131200,identity,20261005,2498126,249.812600,16.396290659,0
909,boundary,iput,260,10000,16,0,131200,identity,20261005,9413170,941.317000,4.419340137,0
910,boundary,iput,64,10000,16,4,131200,identity,20261005,14691548,1469.154800,0.696999390,0
911,boundary,iput,96,10000,16,4,131200,identity,20261005,14533710,1453.371000,1.056853343,0
912,boundary,iput,124,10000,16,4,131200,identity,20261005,14690881,1469.088100,1.350497632,0
913,boundary,iput,128,10000,16,4,131200,identity,20261005,16186058,1618.605800,1.265286458,0
914,boundary,iput,132,10000,16,4,131200,identity,20261005,16188581,1618.858100,1.304623302,0
915,boundary,iput,192,10000,16,4,131200,identity,20261005,19480681,1948.068100,1.576946925,0
916,boundary,iput,252,10000,16,4,131200,identity,20261005,14476884,1447.688400,2.785129728,0
917,boundary,iput,256,10000,16,4,131200,identity,20261005,18745074,1874.507400,2.185107405,0
918,boundary,iput,260,10000,16,4,131200,identity,20261005,18736118,1873.611800,2.220310525,0
919,boundary,iput,64,10000,16,64,131200,identity,20261005,7651200,765.120000,1.338352154,0
920,boundary,iput,96,10000,16,64,131200,identity,20261005,10351603,1035.160300,1.483828157,0
921,boundary,iput,124,10000,16,64,131200,identity,20261005,10354442,1035.444200,1.916085869,0
922,boundary,iput,128,10000,16,64,131200,identity,20261005,10368234,1036.823400,1.975264061,0
923,boundary,iput,132,10000,16,64,131200,identity,20261005,15561674,1556.167400,1.357180468,0
924,boundary,iput,192,10000,16,64,131200,identity,20261005,7855113,785.511300,3.910828527,0
925,boundary,iput,252,10000,16,64,131200,identity,20261005,12099025,1209.902500,3.332499933,0
926,boundary,iput,256,10000,16,64,131200,identity,20261005,12233856,1223.385600,3.348085837,0
927,boundary,iput,260,10000,16,64,131200,identity,20261005,17048182,1704.818200,2.440142884,0
928,boundary,iput,64,10000,16,124,131200,identity,20261005,10355237,1035.523700,0.988871621,0
929,boundary,iput,96,10000,16,124,131200,identity,20261005,15617866,1561.786600,0.983489037,0
930,boundary,iput,124,10000,16,124,131200,identity,20261005,10340463,1034.046300,1.918676175,0
931,boundary,iput,128,10000,16,124,131200,identity,20261005,15594356,1559.435600,1.313295656,0
932,boundary,iput,132,10000,16,124,131200,identity,20261005,7875711,787.571100,2.681662646,0
933,boundary,iput,192,10000,16,124,131200,identity,20261005,12247823,1224.782300,2.508200845,0
934,boundary,iput,252,10000,16,124,131200,identity,20261005,12154457,1215.445700,3.317301629,0
935,boundary,iput,256,10000,16,124,131200,identity,20261005,17073403,1707.340300,2.399053077,0
936,boundary,iput,260,10000,16,124,131200,identity,20261005,9652589,965.258900,4.309724572,0
937,boundary,iput,64,10000,32,0,131200,identity,20261005,9304001,930.400100,2.201203547,0
938,boundary,iput,96,10000,32,0,131200,identity,20261005,9278616,927.861600,3.310838599,0
939,boundary,iput,124,10000,32,0,131200,identity,20261005,17799940,1779.994000,2.229220997,0
940,boundary,iput,128,10000,32,0,131200,identity,20261005,2531041,253.104100,16.183064597,0
941,boundary,iput,132,10000,32,0,131200,identity,20261005,11337518,1133.751800,3.725683170,0
942,boundary,iput,192,10000,32,0,131200,identity,20261005,11344586,1134.458600,5.415799219,0
943,boundary,iput,252,10000,32,0,131200,identity,20261005,19033529,1903.352900,4.236734029,0
944,boundary,iput,256,10000,32,0,131200,identity,20261005,4338451,433.845100,18.882315370,0
945,boundary,iput,260,10000,32,0,131200,identity,20261005,16511979,1651.197900,5.038766098,0
946,boundary,iput,64,10000,32,4,131200,identity,20261005,17680188,1768.018800,1.158358723,0
947,boundary,iput,96,10000,32,4,131200,identity,20261005,17694685,1769.468500,1.736114545,0
948,boundary,iput,124,10000,32,4,131200,identity,20261005,17703665,1770.366500,2.241343812,0
949,boundary,iput,128,10000,32,4,131200,identity,20261005,24894687,2489.468700,1.645330990,0
950,boundary,iput,132,10000,32,4,131200,identity,20261005,24935616,2493.561600,1.693962563,0
951,boundary,iput,192,10000,32,4,131200,identity,20261005,32162472,3216.247200,1.910300925,0
952,boundary,iput,252,10000,32,4,131200,identity,20261005,19821869,1982.186900,4.068233929,0
953,boundary,iput,256,10000,32,4,131200,identity,20261005,28541483,2854.148300,2.870208251,0
954,boundary,iput,260,10000,32,4,131200,identity,20261005,28688426,2868.842600,2.900124252,0
955,boundary,iput,64,10000,32,64,131200,identity,20261005,9308066,930.806600,2.200242242,0
956,boundary,iput,96,10000,32,64,131200,identity,20261005,16851267,1685.126700,1.823008323,0
957,boundary,iput,124,10000,32,64,131200,identity,20261005,16857832,1685.783200,2.353802078,0
958,boundary,iput,128,10000,32,64,131200,identity,20261005,16870791,1687.079100,2.427864823,0
959,boundary,iput,132,10000,32,64,131200,identity,20261005,24101464,2410.146400,1.752590631,0
960,boundary,iput,192,10000,32,64,131200,identity,20261005,11535077,1153.507700,5.326362364,0
961,boundary,iput,252,10000,32,64,131200,identity,20261005,21436518,2143.651800,3.761804972,0
962,boundary,iput,256,10000,32,64,131200,identity,20261005,21362889,2136.288900,3.834687340,0
963,boundary,iput,260,10000,32,64,131200,identity,20261005,29659091,2965.909100,2.805210719,0
964,boundary,iput,64,10000,32,124,131200,identity,20261005,16916224,1691.622400,1.210672074,0
965,boundary,iput,96,10000,32,124,131200,identity,20261005,24225959,2422.595900,1.268061256,0
966,boundary,iput,124,10000,32,124,131200,identity,20261005,16929532,1692.953200,2.343833249,0
967,boundary,iput,128,10000,32,124,131200,identity,20261005,24232821,2423.282100,1.690269573,0
968,boundary,iput,132,10000,32,124,131200,identity,20261005,11595055,1159.505500,3.642932267,0
969,boundary,iput,192,10000,32,124,131200,identity,20261005,21320624,2132.062400,2.881716783,0
970,boundary,iput,252,10000,32,124,131200,identity,20261005,21262385,2126.238500,3.792613105,0
971,boundary,iput,256,10000,32,124,131200,identity,20261005,29693448,2969.344800,2.758857779,0
972,boundary,iput,260,10000,32,124,131200,identity,20261005,15332639,1533.263900,5.426332675,0
973,boundary,iput,64,10000,64,0,131200,identity,20261005,19158257,1915.825700,2.137981550,0
974,boundary,iput,96,10000,64,0,131200,identity,20261005,19148306,1914.830600,3.208638926,0
975,boundary,iput,124,10000,64,0,131200,identity,20261005,35789233,3578.923300,2.217426677,0
976,boundary,iput,128,10000,64,0,131200,identity,20261005,4359640,435.964000,18.790542338,0
977,boundary,iput,132,10000,64,0,131200,identity,20261005,27297566,2729.756600,3.094781418,0
978,boundary,iput,192,10000,64,0,131200,identity,20261005,27186473,2718.647300,4.519894876,0
979,boundary,iput,252,10000,64,0,131200,identity,20261005,42900655,4290.065500,3.759383161,0
980,boundary,iput,256,10000,64,0,131200,identity,20261005,8824684,882.468400,18.566103897,0
981,boundary,iput,260,10000,64,0,131200,identity,20261005,35198416,3519.841600,4.727485464,0
982,boundary,iput,64,10000,64,4,131200,identity,20261005,35726907,3572.690700,1.146474840,0
983,boundary,iput,96,10000,64,4,131200,identity,20261005,35783111,3578.311100,1.717011134,0
984,boundary,iput,124,10000,64,4,131200,identity,20261005,35756193,3575.619300,2.219475658,0
985,boundary,iput,128,10000,64,4,131200,identity,20261005,51789056,5178.905600,1.581801375,0
986,boundary,iput,132,10000,64,4,131200,identity,20261005,51673942,5167.394200,1.634866564,0
987,boundary,iput,192,10000,64,4,131200,identity,20261005,67065222,6706.522200,1.832246227,0
988,boundary,iput,252,10000,64,4,131200,identity,20261005,43792181,4379.218100,3.682849228,0
989,boundary,iput,256,10000,64,4,131200,identity,20261005,60577689,6057.768900,2.704626121,0
990,boundary,iput,260,10000,64,4,131200,identity,20261005,60580969,6058.096900,2.746737181,0
991,boundary,iput,64,10000,64,64,131200,identity,20261005,19162209,1916.220900,2.137540614,0
992,boundary,iput,96,10000,64,64,131200,identity,20261005,35061785,3506.178500,1.752335199,0
993,boundary,iput,124,10000,64,64,131200,identity,20261005,35078076,3507.807600,2.262381779,0
994,boundary,iput,128,10000,64,64,131200,identity,20261005,35038468,3503.846800,2.338001764,0
995,boundary,iput,132,10000,64,64,131200,identity,20261005,50257423,5025.742300,1.680945718,0
996,boundary,iput,192,10000,64,64,131200,identity,20261005,26972600,2697.260000,4.555734338,0
997,boundary,iput,252,10000,64,64,131200,identity,20261005,45862544,4586.254400,3.516595154,0
998,boundary,iput,256,10000,64,64,131200,identity,20261005,45722854,4572.285400,3.583328372,0
999,boundary,iput,260,10000,64,64,131200,identity,20261005,61675759,6167.575900,2.697980579,0
1000,boundary,iput,64,10000,64,124,131200,identity,20261005,34950669,3495.066900,1.171937510,0
1001,boundary,iput,96,10000,64,124,131200,identity,20261005,50139379,5013.937900,1.225384144,0
1002,boundary,iput,124,10000,64,124,131200,identity,20261005,34930397,3493.039700,2.271946694,0
1003,boundary,iput,128,10000,64,124,131200,identity,20261005,50127191,5012.719100,1.634242781,0
1004,boundary,iput,132,10000,64,124,131200,identity,20261005,26826923,2682.692300,3.149075278,0
1005,boundary,iput,192,10000,64,124,131200,identity,20261005,45808545,4580.854500,2.682468959,0
1006,boundary,iput,252,10000,64,124,131200,identity,20261005,46023118,4602.311800,3.504325804,0
1007,boundary,iput,256,10000,64,124,131200,identity,20261005,62264405,6226.440500,2.631358960,0
1008,boundary,iput,260,10000,64,124,131200,identity,20261005,34998031,3499.803100,4.754553192,0
1009,load,get,8,10000,1,0,131200,identity,20261005,4413562,441.356200,0.018125949,0
1010,load,get,16,10000,1,0,131200,identity,20261005,4410635,441.063500,0.036275956,0
1011,load,get,32,10000,1,0,131200,identity,20261005,4411558,441.155800,0.072536732,0
1012,load,get,64,10000,1,0,131200,identity,20261005,4410647,441.064700,0.145103428,0
1013,load,get,96,10000,1,0,131200,identity,20261005,4408386,440.838600,0.217766775,0
1014,load,get,124,10000,1,0,131200,identity,20261005,4414782,441.478200,0.280874571,0
1015,load,get,128,10000,1,0,131200,identity,20261005,4415824,441.582400,0.289866625,0
1016,load,get,132,10000,1,0,131200,identity,20261005,4547969,454.796900,0.290239445,0
1017,load,get,192,10000,1,0,131200,identity,20261005,4550280,455.028000,0.421952056,0
1018,load,get,252,10000,1,0,131200,identity,20261005,4550483,455.048300,0.553787367,0
1019,load,get,256,10000,1,0,131200,identity,20261005,4542810,454.281000,0.563527861,0
1020,load,get,260,10000,1,0,131200,identity,20261005,4666814,466.681400,0.557125268,0
1021,load,get,384,10000,1,0,131200,identity,20261005,4666551,466.655100,0.822877538,0
1022,load,get,512,10000,1,0,131200,identity,20261005,4794852,479.485200,1.067811895,0
1023,load,get,768,10000,1,0,131200,identity,20261005,4964971,496.497100,1.546836829,0
1024,load,get,1024,1000,1,0,131200,identity,20261005,546568,546.568000,1.873508877,0
1025,load,get,1536,1000,1,0,131200,identity,20261005,572782,572.782000,2.681648515,0
1026,load,get,2048,1000,1,0,131200,identity,20261005,596458,596.458000,3.433603037,0
1027,load,get,3072,1000,1,0,131200,identity,20261005,656277,656.277000,4.680950269,0
1028,load,get,4096,1000,1,0,131200,identity,20261005,718296,718.296000,5.702384532,0
1029,load,get,6144,1000,1,0,131200,identity,20261005,831932,831.932000,7.385218984,0
1030,load,get,8192,1000,1,0,131200,identity,20261005,977378,977.378000,8.381608753,0
1031,load,get,12288,1000,1,0,131200,identity,20261005,1208678,1208.678000,10.166479410,0
1032,load,get,16384,1000,1,0,131200,identity,20261005,1442866,1442.866000,11.355177820,0
1033,load,get,24576,1000,1,0,131200,identity,20261005,1899911,1899.911000,12.935342761,0
1034,load,get,32768,1000,1,0,131200,identity,20261005,2351006,2351.006000,13.937863196,0
1035,load,get,49152,1000,1,0,131200,identity,20261005,3266036,3266.036000,15.049436075,0
1036,load,get,65536,1000,1,0,131200,identity,20261005,4197360,4197.360000,15.613623802,0
1037,load,get,98304,1000,1,0,131200,identity,20261005,6017163,6017.163000,16.337267247,0
1038,load,get,131072,1000,1,0,131200,identity,20261005,7846343,7846.343000,16.704852184,0
1039,load,get,8,10000,1,4,131200,identity,20261005,4410612,441.061200,0.018138072,0
1040,load,get,16,10000,1,4,131200,identity,20261005,4413504,441.350400,0.036252375,0
1041,load,get,32,10000,1,4,131200,identity,20261005,4410377,441.037700,0.072556156,0
1042,load,get,64,10000,1,4,131200,identity,20261005,4418265,441.826500,0.144853240,0
1043,load,get,96,10000,1,4,131200,identity,20261005,4408539,440.853900,0.217759217,0
1044,load,get,124,10000,1,4,131200,identity,20261005,4411797,441.179700,0.281064609,0
1045,load,get,128,10000,1,4,131200,identity,20261005,4553891,455.389100,0.281078313,0
1046,load,get,132,10000,1,4,131200,identity,20261005,4557197,455.719700,0.289651731,0
1047,load,get,192,10000,1,4,131200,identity,20261005,4549444,454.944400,0.422029593,0
1048,load,get,252,10000,1,4,131200,identity,20261005,4557271,455.727100,0.552962508,0
1049,load,get,256,10000,1,4,131200,identity,20261005,4678643,467.864300,0.547167202,0
1050,load,get,260,10000,1,4,131200,identity,20261005,4681926,468.192600,0.555327017,0
1051,load,get,384,10000,1,4,131200,identity,20261005,4804771,480.477100,0.799205623,0
1052,load,get,512,10000,1,4,131200,identity,20261005,4907977,490.797700,1.043199673,0
1053,load,get,768,10000,1,4,131200,identity,20261005,5107587,510.758700,1.503645459,0
1054,load,get,1024,1000,1,4,131200,identity,20261005,554440,554.440000,1.846908592,0
1055,load,get,1536,1000,1,4,131200,identity,20261005,578333,578.333000,2.655909312,0
1056,load,get,2048,1000,1,4,131200,identity,20261005,613270,613.270000,3.339475272,0
1057,load,get,3072,1000,1,4,131200,identity,20261005,665883,665.883000,4.613423079,0
1058,load,get,4096,1000,1,4,131200,identity,20261005,719513,719.513000,5.692739395,0
1059,load,get,6144,1000,1,4,131200,identity,20261005,841835,841.835000,7.298342312,0
1060,load,get,8192,1000,1,4,131200,identity,20261005,965937,965.937000,8.480884364,0
1061,load,get,12288,1000,1,4,131200,identity,20261005,1214954,1214.954000,10.113963162,0
1062,load,get,16384,1000,1,4,131200,identity,20261005,1449620,1449.620000,11.302272320,0
1063,load,get,24576,1000,1,4,131200,identity,20261005,1901004,1901.004000,12.927905465,0
1064,load,get,32768,1000,1,4,131200,identity,20261005,2361797,2361.797000,13.874181397,0
1065,load,get,49152,1000,1,4,131200,identity,20261005,3272582,3272.582000,15.019333358,0
1066,load,get,65536,1000,1,4,131200,identity,20261005,4198384,4198.384000,15.609815586,0
1067,load,get,98304,1000,1,4,131200,identity,20261005,6032412,6032.412000,16.295969175,0
1068,load,get,131072,1000,1,4,131200,identity,20261005,7845277,7845.277000,16.707122005,0
1069,load,get,8,10000,2,0,131200,identity,20261005,4413718,441.371800,0.036250617,0
1070,load,get,16,10000,2,0,131200,identity,20261005,4419084,441.908400,0.072413197,0
1071,load,get,32,10000,2,0,131200,identity,20261005,4421549,442.154900,0.144745654,0
1072,load,get,64,10000,2,0,131200,identity,20261005,4415134,441.513400,0.289911926,0
1073,load,get,96,10000,2,0,131200,identity,20261005,4415095,441.509500,0.434871730,0
1074,load,get,124,10000,2,0,131200,identity,20261005,4414462,441.446200,0.561789863,0
1075,load,get,128,10000,2,0,131200,identity,20261005,4412949,441.294900,0.580110942,0
1076,load,get,132,10000,2,0,131200,identity,20261005,4566165,456.616500,0.578165704,0
1077,load,get,192,10000,2,0,131200,identity,20261005,4562665,456.266500,0.841613399,0
1078,load,get,252,10000,2,0,131200,identity,20261005,4562713,456.271300,1.104605966,0
1079,load,get,256,10000,2,0,131200,identity,20261005,4553088,455.308800,1.124511540,0
1080,load,get,260,10000,2,0,131200,identity,20261005,4672546,467.254600,1.112883640,0
1081,load,get,384,10000,2,0,131200,identity,20261005,4672073,467.207300,1.643809932,0
1082,load,get,512,10000,2,0,131200,identity,20261005,4813339,481.333900,2.127421318,0
1083,load,get,768,10000,2,0,131200,identity,20261005,5044223,504.422300,3.045067595,0
1084,load,get,1024,1000,2,0,131200,identity,20261005,553033,553.033000,3.703214817,0
1085,load,get,1536,1000,2,0,131200,identity,20261005,585342,585.342000,5.248213865,0
1086,load,get,2048,1000,2,0,131200,identity,20261005,630959,630.959000,6.491705483,0
1087,load,get,3072,1000,2,0,131200,identity,20261005,698748,698.748000,8.792869532,0
1088,load,get,4096,1000,2,0,131200,identity,20261005,775645,775.645000,10.561532660,0
1089,load,get,6144,1000,2,0,131200,identity,20261005,892297,892.297000,13.771199500,0
1090,load,get,8192,1000,2,0,131200,identity,20261005,1071045,1071.045000,15.297209734,0
1091,load,get,12288,1000,2,0,131200,identity,20261005,1510336,1510.336000,16.271875927,0
1092,load,get,16384,1000,2,0,131200,identity,20261005,1943010,1943.010000,16.864555509,0
1093,load,get,24576,1000,2,0,131200,identity,20261005,2849731,2849.731000,17.247943753,0
1094,load,get,32768,1000,2,0,131200,identity,20261005,3763807,3763.807000,17.412157425,0
1095,load,get,49152,1000,2,0,131200,identity,20261005,5675823,5675.823000,17.319778999,0
1096,load,get,65536,1000,2,0,131200,identity,20261005,7499228,7499.228000,17.478065742,0
1097,load,get,98304,1000,2,0,131200,identity,20261005,11302727,11302.727000,17.394740225,0
1098,load,get,131072,1000,2,0,131200,identity,20261005,15531733,15531.733000,16.877962041,0
1099,load,get,8,10000,2,4,131200,identity,20261005,4413189,441.318900,0.036254962,0
1100,load,get,16,10000,2,4,131200,identity,20261005,4415748,441.574800,0.072467904,0
1101,load,get,32,10000,2,4,131200,identity,20261005,4415954,441.595400,0.144929046,0
1102,load,get,64,10000,2,4,131200,identity,20261005,4378730,437.873000,0.292322203,0
1103,load,get,96,10000,2,4,131200,identity,20261005,4422124,442.212400,0.434180498,0
1104,load,get,124,10000,2,4,131200,identity,20261005,4399394,439.939400,0.563714002,0
1105,load,get,128,10000,2,4,131200,identity,20261005,4494786,449.478600,0.569548806,0
1106,load,get,132,10000,2,4,131200,identity,20261005,4492001,449.200100,0.587711356,0
1107,load,get,192,10000,2,4,131200,identity,20261005,4497384,449.738400,0.853829693,0
1108,load,get,252,10000,2,4,131200,identity,20261005,4501026,450.102600,1.119744698,0
1109,load,get,256,10000,2,4,131200,identity,20261005,4616712,461.671200,1.109014381,0
1110,load,get,260,10000,2,4,131200,identity,20261005,4687348,468.734800,1.109369306,0
1111,load,get,384,10000,2,4,131200,identity,20261005,4822788,482.278800,1.592439892,0
1112,load,get,512,10000,2,4,131200,identity,20261005,4942720,494.272000,2.071733782,0
1113,load,get,768,10000,2,4,131200,identity,20261005,5148132,514.813200,2.983606481,0
1114,load,get,1024,1000,2,4,131200,identity,20261005,562449,562.449000,3.641219026,0
1115,load,get,1536,1000,2,4,131200,identity,20261005,600768,600.768000,5.113454778,0
1116,load,get,2048,1000,2,4,131200,identity,20261005,643488,643.488000,6.365309066,0
1117,load,get,3072,1000,2,4,131200,identity,20261005,709217,709.217000,8.663074912,0
1118,load,get,4096,1000,2,4,131200,identity,20261005,795660,795.660000,10.295855013,0
1119,load,get,6144,1000,2,4,131200,identity,20261005,922368,922.368000,13.322231474,0
1120,load,get,8192,1000,2,4,131200,identity,20261005,1083275,1083.275000,15.124506704,0
1121,load,get,12288,1000,2,4,131200,identity,20261005,1519740,1519.740000,16.171187177,0
1122,load,get,16384,1000,2,4,131200,identity,20261005,1960690,1960.690000,16.712483870,0
1123,load,get,24576,1000,2,4,131200,identity,20261005,2871206,2871.206000,17.118938871,0
1124,load,get,32768,1000,2,4,131200,identity,20261005,3818279,3818.279000,17.163753618,0
1125,load,get,49152,1000,2,4,131200,identity,20261005,5702879,5702.879000,17.237609285,0
1126,load,get,65536,1000,2,4,131200,identity,20261005,7519821,7519.821000,17.430202128,0
1127,load,get,98304,1000,2,4,131200,identity,20261005,11344206,11344.206000,17.331138028,0
1128,load,get,131072,1000,2,4,131200,identity,20261005,15539103,15539.103000,16.869957037,0
1129,load,get,8,10000,4,0,131200,identity,20261005,5363604,536.360400,0.059661377,0
1130,load,get,16,10000,4,0,131200,identity,20261005,5362855,536.285500,0.119339419,0
1131,load,get,32,10000,4,0,131200,identity,20261005,5362252,536.225200,0.238705678,0
1132,load,get,64,10000,4,0,131200,identity,20261005,5360997,536.099700,0.477523117,0
1133,load,get,96,10000,4,0,131200,identity,20261005,5364787,536.478700,0.715778651,0
1134,load,get,124,10000,4,0,131200,identity,20261005,5367149,536.714900,0.924140545,0
1135,load,get,128,10000,4,0,131200,identity,20261005,5367591,536.759100,0.953872976,0
1136,load,get,132,10000,4,0,131200,identity,20261005,5625604,562.560400,0.938565886,0
1137,load,get,192,10000,4,0,131200,identity,20261005,5629165,562.916500,1.364323128,0
1138,load,get,252,10000,4,0,131200,identity,20261005,5630561,563.056100,1.790230139,0
1139,load,get,256,10000,4,0,131200,identity,20261005,5631002,563.100200,1.818504060,0
1140,load,get,260,10000,4,0,131200,identity,20261005,5716062,571.606200,1.819434429,0
1141,load,get,384,10000,4,0,131200,identity,20261005,5719756,571.975600,2.685429239,0
1142,load,get,512,10000,4,0,131200,identity,20261005,5922751,592.275100,3.457852609,0
1143,load,get,768,10000,4,0,131200,identity,20261005,6004719,600.471900,5.115976285,0
1144,load,get,1024,1000,4,0,131200,identity,20261005,655206,655.206000,6.251469004,0
1145,load,get,1536,1000,4,0,131200,identity,20261005,731867,731.867000,8.394967938,0
1146,load,get,2048,1000,4,0,131200,identity,20261005,786682,786.682000,10.413356350,0
1147,load,get,3072,1000,4,0,131200,identity,20261005,887898,887.898000,13.839427502,0
1148,load,get,4096,1000,4,0,131200,identity,20261005,1048062,1048.062000,15.632662953,0
1149,load,get,6144,1000,4,0,131200,identity,20261005,1429096,1429.096000,17.196885304,0
1150,load,get,8192,1000,4,0,131200,identity,20261005,1774101,1774.101000,18.470199836,0
1151,load,get,12288,1000,4,0,131200,identity,20261005,2892075,2892.075000,16.995409870,0
1152,load,get,16384,1000,4,0,131200,identity,20261005,3554302,3554.302000,18.438500724,0
1153,load,get,24576,1000,4,0,131200,identity,20261005,5083936,5083.936000,19.336199354,0
1154,load,get,32768,1000,4,0,131200,identity,20261005,6703647,6703.647000,19.552342180,0
1155,load,get,49152,1000,4,0,131200,identity,20261005,10009217,10009.217000,19.642695328,0
1156,load,get,65536,1000,4,0,131200,identity,20261005,13337432,13337.432000,19.654758127,0
1157,load,get,98304,1000,4,0,131200,identity,20261005,19901112,19901.112000,19.758493897,0
1158,load,get,131072,1000,4,0,131200,identity,20261005,26871704,26871.704000,19.510783536,0
1159,load,get,8,10000,4,4,131200,identity,20261005,5405856,540.585600,0.059195065,0
1160,load,get,16,10000,4,4,131200,identity,20261005,5404110,540.411000,0.118428381,0
1161,load,get,32,10000,4,4,131200,identity,20261005,5411418,541.141800,0.236536893,0
1162,load,get,64,10000,4,4,131200,identity,20261005,5406152,540.615200,0.473534595,0
1163,load,get,96,10000,4,4,131200,identity,20261005,5407454,540.745400,0.710130868,0
1164,load,get,124,10000,4,4,131200,identity,20261005,5404282,540.428200,0.917790744,0
1165,load,get,128,10000,4,4,131200,identity,20261005,5636930,563.693000,0.908295828,0
1166,load,get,132,10000,4,4,131200,identity,20261005,5641258,564.125800,0.935961447,0
1167,load,get,192,10000,4,4,131200,identity,20261005,5632632,563.263200,1.363483359,0
1168,load,get,252,10000,4,4,131200,identity,20261005,5635613,563.561300,1.788625301,0
1169,load,get,256,10000,4,4,131200,identity,20261005,5726340,572.634000,1.788227734,0
1170,load,get,260,10000,4,4,131200,identity,20261005,5739804,573.980400,1.811908560,0
1171,load,get,384,10000,4,4,131200,identity,20261005,5952944,595.294400,2.580235930,0
1172,load,get,512,10000,4,4,131200,identity,20261005,5914602,591.460200,3.462616758,0
1173,load,get,768,10000,4,4,131200,identity,20261005,6143143,614.314300,5.000697526,0
1174,load,get,1024,1000,4,4,131200,identity,20261005,653919,653.919000,6.263772730,0
1175,load,get,1536,1000,4,4,131200,identity,20261005,729332,729.332000,8.424147028,0
1176,load,get,2048,1000,4,4,131200,identity,20261005,791007,791.007000,10.356419096,0
1177,load,get,3072,1000,4,4,131200,identity,20261005,924090,924.090000,13.297406097,0
1178,load,get,4096,1000,4,4,131200,identity,20261005,1049845,1049.845000,15.606113283,0
1179,load,get,6144,1000,4,4,131200,identity,20261005,1442980,1442.980000,17.031421087,0
1180,load,get,8192,1000,4,4,131200,identity,20261005,1835177,1835.177000,17.855498407,0
1181,load,get,12288,1000,4,4,131200,identity,20261005,2884426,2884.426000,17.040478764,0
1182,load,get,16384,1000,4,4,131200,identity,20261005,3572614,3572.614000,18.343991262,0
1183,load,get,24576,1000,4,4,131200,identity,20261005,5113324,5113.324000,19.225067686,0
1184,load,get,32768,1000,4,4,131200,identity,20261005,6747202,6747.202000,19.426126563,0
1185,load,get,49152,1000,4,4,131200,identity,20261005,10073645,10073.645000,19.517066563,0
1186,load,get,65536,1000,4,4,131200,identity,20261005,13385846,13385.846000,19.583670692,0
1187,load,get,98304,1000,4,4,131200,identity,20261005,19966935,19966.935000,19.693358044,0
1188,load,get,131072,1000,4,4,131200,identity,20261005,26851933,26851.933000,19.525149270,0
1189,load,get,8,10000,8,0,131200,identity,20261005,5393651,539.365100,0.118658030,0
1190,load,get,16,10000,8,0,131200,identity,20261005,5395726,539.572600,0.237224796,0
1191,load,get,32,10000,8,0,131200,identity,20261005,5398757,539.875700,0.474183224,0
1192,load,get,64,10000,8,0,131200,identity,20261005,5399592,539.959200,0.948219791,0
1193,load,get,96,10000,8,0,131200,identity,20261005,5394998,539.499800,1.423540843,0
1194,load,get,124,10000,8,0,131200,identity,20261005,5394774,539.477400,1.838816603,0
1195,load,get,128,10000,8,0,131200,identity,20261005,5396519,539.651900,1.897519494,0
1196,load,get,132,10000,8,0,131200,identity,20261005,5679597,567.959700,1.859286847,0
1197,load,get,192,10000,8,0,131200,identity,20261005,5680802,568.080200,2.703843577,0
1198,load,get,252,10000,8,0,131200,identity,20261005,5681124,568.112400,3.548593553,0
1199,load,get,256,10000,8,0,131200,identity,20261005,5680102,568.010200,3.605569055,0
1200,load,get,260,10000,8,0,131200,identity,20261005,5774499,577.449900,3.602044091,0
1201,load,get,384,10000,8,0,131200,identity,20261005,5777406,577.740600,5.317265222,0
1202,load,get,512,10000,8,0,131200,identity,20261005,5992857,599.285700,6.834803500,0
1203,load,get,768,10000,8,0,131200,identity,20261005,6432681,643.268100,9.551227552,0
1204,load,get,1024,1000,8,0,131200,identity,20261005,829897,829.897000,9.871104486,0
1205,load,get,1536,1000,8,0,131200,identity,20261005,989629,989.629000,12.416774367,0
1206,load,get,2048,1000,8,0,131200,identity,20261005,1090805,1090.805000,15.020099835,0
1207,load,get,3072,1000,8,0,131200,identity,20261005,1405982,1405.982000,17.479597890,0
1208,load,get,4096,1000,8,0,131200,identity,20261005,1630628,1630.628000,20.095325237,0
1209,load,get,6144,1000,8,0,131200,identity,20261005,2526276,2526.276000,19.456306437,0
1210,load,get,8192,1000,8,0,131200,identity,20261005,3270767,3270.767000,20.036890430,0
1211,load,get,12288,1000,8,0,131200,identity,20261005,4876945,4876.945000,20.156880998,0
1212,load,get,16384,1000,8,0,131200,identity,20261005,6469213,6469.213000,20.260887994,0
1213,load,get,24576,1000,8,0,131200,identity,20261005,9542172,9542.172000,20.604114032,0
1214,load,get,32768,1000,8,0,131200,identity,20261005,12664475,12664.475000,20.699160447,0
1215,load,get,49152,1000,8,0,131200,identity,20261005,18983312,18983.312000,20.713772181,0
1216,load,get,65536,1000,8,0,131200,identity,20261005,25095676,25095.676000,20.891567137,0
1217,load,get,98304,1000,8,0,131200,identity,20261005,37560282,37560.282000,20.937861968,0
1218,load,get,131072,1000,8,0,131200,identity,20261005,50127979,50127.979000,20.917978760,0
1219,load,get,8,10000,8,4,131200,identity,20261005,5431847,543.184700,0.117823643,0
1220,load,get,16,10000,8,4,131200,identity,20261005,5425297,542.529700,0.235931784,0
1221,load,get,32,10000,8,4,131200,identity,20261005,5428751,542.875100,0.471563349,0
1222,load,get,64,10000,8,4,131200,identity,20261005,5429032,542.903200,0.943077882,0
1223,load,get,96,10000,8,4,131200,identity,20261005,5434764,543.476400,1.413124839,0
1224,load,get,124,10000,8,4,131200,identity,20261005,5429913,542.991300,1.826916932,0
1225,load,get,128,10000,8,4,131200,identity,20261005,5683979,568.397900,1.801554861,0
1226,load,get,132,10000,8,4,131200,identity,20261005,5685329,568.532900,1.857412298,0
1227,load,get,192,10000,8,4,131200,identity,20261005,5683351,568.335100,2.702630895,0
1228,load,get,252,10000,8,4,131200,identity,20261005,5687601,568.760100,3.544552440,0
1229,load,get,256,10000,8,4,131200,identity,20261005,5804826,580.482600,3.528098861,0
1230,load,get,260,10000,8,4,131200,identity,20261005,5792057,579.205700,3.591124880,0
1231,load,get,384,10000,8,4,131200,identity,20261005,6010061,601.006100,5.111428985,0
1232,load,get,512,10000,8,4,131200,identity,20261005,6116908,611.690800,6.696193567,0
1233,load,get,768,10000,8,4,131200,identity,20261005,6923472,692.347200,8.874160248,0
1234,load,get,1024,1000,8,4,131200,identity,20261005,841155,841.155000,9.738989841,0
1235,load,get,1536,1000,8,4,131200,identity,20261005,994136,994.136000,12.360481866,0
1236,load,get,2048,1000,8,4,131200,identity,20261005,1129360,1129.360000,14.507331586,0
1237,load,get,3072,1000,8,4,131200,identity,20261005,1441534,1441.534000,17.048505273,0
1238,load,get,4096,1000,8,4,131200,identity,20261005,1695597,1695.597000,19.325346766,0
1239,load,get,6144,1000,8,4,131200,identity,20261005,2574764,2574.764000,19.089904939,0
1240,load,get,8192,1000,8,4,131200,identity,20261005,3335726,3335.726000,19.646697600,0
1241,load,get,12288,1000,8,4,131200,identity,20261005,4930837,4930.837000,19.936574663,0
1242,load,get,16384,1000,8,4,131200,identity,20261005,6529734,6529.734000,20.073099456,0
1243,load,get,24576,1000,8,4,131200,identity,20261005,9597873,9597.873000,20.484538606,0
1244,load,get,32768,1000,8,4,131200,identity,20261005,12724155,12724.155000,20.602075344,0
1245,load,get,49152,1000,8,4,131200,identity,20261005,19025949,19025.949000,20.667352782,0
1246,load,get,65536,1000,8,4,131200,identity,20261005,25144858,25144.858000,20.850704347,0
1247,load,get,98304,1000,8,4,131200,identity,20261005,37623105,37623.105000,20.902899960,0
1248,load,get,131072,1000,8,4,131200,identity,20261005,50179272,50179.272000,20.896596507,0
1249,load,get,8,10000,16,0,131200,identity,20261005,5502908,550.290800,0.232604288,0
1250,load,get,16,10000,16,0,131200,identity,20261005,5504800,550.480000,0.465048685,0
1251,load,get,32,10000,16,0,131200,identity,20261005,5502182,550.218200,0.930539920,0
1252,load,get,64,10000,16,0,131200,identity,20261005,5505597,550.559700,1.859925454,0
1253,load,get,96,10000,16,0,131200,identity,20261005,5512054,551.205400,2.786620015,0
1254,load,get,124,10000,16,0,131200,identity,20261005,5510940,551.094000,3.600111778,0
1255,load,get,128,10000,16,0,131200,identity,20261005,5505337,550.533700,3.720026585,0
1256,load,get,132,10000,16,0,131200,identity,20261005,5787634,578.763400,3.649159570,0
1257,load,get,192,10000,16,0,131200,identity,20261005,5795057,579.505700,5.301069515,0
1258,load,get,252,10000,16,0,131200,identity,20261005,5794439,579.443900,6.958395800,0
1259,load,get,256,10000,16,0,131200,identity,20261005,5790743,579.074300,7.073358289,0
1260,load,get,260,10000,16,0,131200,identity,20261005,6174309,617.430900,6.737596061,0
1261,load,get,384,10000,16,0,131200,identity,20261005,6211182,621.118200,9.891837013,0
1262,load,get,512,10000,16,0,131200,identity,20261005,7067831,706.783100,11.590543124,0
1263,load,get,768,10000,16,0,131200,identity,20261005,8309272,830.927200,14.788299143,0
1264,load,get,1024,1000,16,0,131200,identity,20261005,1174137,1174.137000,13.954078613,0
1265,load,get,1536,1000,16,0,131200,identity,20261005,1588668,1588.668000,15.469563181,0
1266,load,get,2048,1000,16,0,131200,identity,20261005,1875687,1875.687000,17.469865708,0
1267,load,get,3072,1000,16,0,131200,identity,20261005,2557777,2557.777000,19.216686990,0
1268,load,get,4096,1000,16,0,131200,identity,20261005,3368279,3368.279000,19.456820531,0
1269,load,get,6144,1000,16,0,131200,identity,20261005,5396537,5396.537000,18.216126379,0
1270,load,get,8192,1000,16,0,131200,identity,20261005,7407414,7407.414000,17.694704252,0
1271,load,get,12288,1000,16,0,131200,identity,20261005,10297876,10297.876000,19.092092389,0
1272,load,get,16384,1000,16,0,131200,identity,20261005,12732298,12732.298000,20.588899192,0
1273,load,get,24576,1000,16,0,131200,identity,20261005,19170269,19170.269000,20.511762250,0
1274,load,get,32768,1000,16,0,131200,identity,20261005,25354502,25354.502000,20.678300051,0
1275,load,get,49152,1000,16,0,131200,identity,20261005,36973630,36973.630000,21.270078161,0
1276,load,get,65536,1000,16,0,131200,identity,20261005,49193174,49193.174000,21.315477631,0
1277,load,get,98304,1000,16,0,131200,identity,20261005,73806153,73806.153000,21.310743564,0
1278,load,get,131072,1000,16,0,131200,identity,20261005,99321292,99321.292000,21.114828027,0
1279,load,get,8,10000,16,4,131200,identity,20261005,5508893,550.889300,0.232351581,0
1280,load,get,16,10000,16,4,131200,identity,20261005,5509437,550.943700,0.464657278,0
1281,load,get,32,10000,16,4,131200,identity,20261005,5504389,550.438900,0.930166818,0
1282,load,get,64,10000,16,4,131200,identity,20261005,5512375,551.237500,1.857638495,0
1283,load,get,96,10000,16,4,131200,identity,20261005,5510584,551.058400,2.787363372,0
1284,load,get,124,10000,16,4,131200,identity,20261005,5510715,551.071500,3.600258769,0
1285,load,get,128,10000,16,4,131200,identity,20261005,5797124,579.712400,3.532786257,0
1286,load,get,132,10000,16,4,131200,identity,20261005,5804382,580.438200,3.638630262,0
1287,load,get,192,10000,16,4,131200,identity,20261005,5804225,580.422500,5.292696269,0
1288,load,get,252,10000,16,4,131200,identity,20261005,5811143,581.114300,6.938394047,0
1289,load,get,256,10000,16,4,131200,identity,20261005,6174883,617.488300,6.633324065,0
1290,load,get,260,10000,16,4,131200,identity,20261005,6212402,621.240200,6.696282694,0
1291,load,get,384,10000,16,4,131200,identity,20261005,7065893,706.589300,8.695291593,0
1292,load,get,512,10000,16,4,131200,identity,20261005,7544357,754.435700,10.858446916,0
1293,load,get,768,10000,16,4,131200,identity,20261005,9656167,965.616700,12.725546275,0
1294,load,get,1024,1000,16,4,131200,identity,20261005,1303531,1303.531000,12.568937754,0
1295,load,get,1536,1000,16,4,131200,identity,20261005,1616652,1616.652000,15.201787398,0
1296,load,get,2048,1000,16,4,131200,identity,20261005,1932661,1932.661000,16.954861717,0
1297,load,get,3072,1000,16,4,131200,identity,20261005,2647268,2647.268000,18.567066123,0
1298,load,get,4096,1000,16,4,131200,identity,20261005,3518682,3518.682000,18.625155669,0
1299,load,get,6144,1000,16,4,131200,identity,20261005,5561219,5561.219000,17.676700018,0
1300,load,get,8192,1000,16,4,131200,identity,20261005,7468080,7468.080000,17.550963568,0
1301,load,get,12288,1000,16,4,131200,identity,20261005,9996900,9996.900000,19.666896738,0
1302,load,get,16384,1000,16,4,131200,identity,20261005,13924652,13924.652000,18.825892381,0
1303,load,get,24576,1000,16,4,131200,identity,20261005,19244277,19244.277000,20.432879863,0
1304,load,get,32768,1000,16,4,131200,identity,20261005,24824765,24824.765000,21.119555412,0
1305,load,get,49152,1000,16,4,131200,identity,20261005,37046710,37046.710000,21.228119852,0
1306,load,get,65536,1000,16,4,131200,identity,20261005,49396706,49396.706000,21.227650281,0
1307,load,get,98304,1000,16,4,131200,identity,20261005,73718406,73718.406000,21.336109736,0
1308,load,get,131072,1000,16,4,131200,identity,20261005,99520148,99520.148000,21.072637472,0
1309,load,get,8,10000,32,0,131200,identity,20261005,5992984,599.298400,0.427166166,0
1310,load,get,16,10000,32,0,131200,identity,20261005,5994761,599.476100,0.854079087,0
1311,load,get,32,10000,32,0,131200,identity,20261005,6001268,600.126800,1.706306067,0
1312,load,get,64,10000,32,0,131200,identity,20261005,6000836,600.083600,3.412857808,0
1313,load,get,96,10000,32,0,131200,identity,20261005,5991985,599.198500,5.126848615,0
1314,load,get,124,10000,32,0,131200,identity,20261005,5991839,599.183900,6.622340821,0
1315,load,get,128,10000,32,0,131200,identity,20261005,5989398,598.939800,6.838750739,0
1316,load,get,132,10000,32,0,131200,identity,20261005,8069485,806.948500,5.234534794,0
1317,load,get,192,10000,32,0,131200,identity,20261005,8085395,808.539500,7.598886634,0
1318,load,get,252,10000,32,0,131200,identity,20261005,8068832,806.883200,9.994011525,0
1319,load,get,256,10000,32,0,131200,identity,20261005,8078011,807.801100,10.141110231,0
1320,load,get,260,10000,32,0,131200,identity,20261005,10738245,1073.824500,7.748007240,0
1321,load,get,384,10000,32,0,131200,identity,20261005,10754948,1075.494800,11.425438784,0
1322,load,get,512,10000,32,0,131200,identity,20261005,12804953,1280.495300,12.795048916,0
1323,load,get,768,10000,32,0,131200,identity,20261005,16607203,1660.720300,14.798398020,0
1324,load,get,1024,1000,32,0,131200,identity,20261005,2067576,2067.576000,15.848510526,0
1325,load,get,1536,1000,32,0,131200,identity,20261005,2741469,2741.469000,17.929073792,0
1326,load,get,2048,1000,32,0,131200,identity,20261005,3391273,3391.273000,19.324896580,0
1327,load,get,3072,1000,32,0,131200,identity,20261005,4891840,4891.840000,20.095505985,0
1328,load,get,4096,1000,32,0,131200,identity,20261005,6335423,6335.423000,20.688752748,0
1329,load,get,6144,1000,32,0,131200,identity,20261005,9614513,9614.513000,20.449085669,0
1330,load,get,8192,1000,32,0,131200,identity,20261005,12905193,12905.193000,20.313063121,0
1331,load,get,12288,1000,32,0,131200,identity,20261005,19237745,19237.745000,20.439817661,0
1332,load,get,16384,1000,32,0,131200,identity,20261005,25261175,25261.175000,20.754695694,0
1333,load,get,24576,1000,32,0,131200,identity,20261005,37224517,37224.517000,21.126721402,0
1334,load,get,32768,1000,32,0,131200,identity,20261005,49264950,49264.950000,21.284422292,0
1335,load,get,49152,1000,32,0,131200,identity,20261005,73348423,73348.423000,21.443733017,0
1336,load,get,65536,1000,32,0,131200,identity,20261005,97695556,97695.556000,21.466196477,0
1337,load,get,98304,1000,32,0,131200,identity,20261005,146554402,146554.402000,21.464575319,0
1338,load,get,131072,1000,32,0,131200,identity,20261005,196354436,196354.436000,21.360882318,0
1339,load,get,8,10000,32,4,131200,identity,20261005,5994631,599.463100,0.427048804,0
1340,load,get,16,10000,32,4,131200,identity,20261005,5989285,598.928500,0.854859971,0
1341,load,get,32,10000,32,4,131200,identity,20261005,5995428,599.542800,1.707968138,0
1342,load,get,64,10000,32,4,131200,identity,20261005,5994735,599.473500,3.416331164,0
1343,load,get,96,10000,32,4,131200,identity,20261005,6004668,600.466800,5.116019737,0
1344,load,get,124,10000,32,4,131200,identity,20261005,5987538,598.753800,6.627097815,0
1345,load,get,128,10000,32,4,131200,identity,20261005,8028803,802.880300,5.101632211,0
1346,load,get,132,10000,32,4,131200,identity,20261005,8101340,810.134000,5.213952260,0
1347,load,get,192,10000,32,4,131200,identity,20261005,8063901,806.390100,7.619141158,0
1348,load,get,252,10000,32,4,131200,identity,20261005,8055096,805.509600,10.011053872,0
1349,load,get,256,10000,32,4,131200,identity,20261005,10760957,1076.095700,7.612705822,0
1350,load,get,260,10000,32,4,131200,identity,20261005,10721415,1072.141500,7.760169716,0
1351,load,get,384,10000,32,4,131200,identity,20261005,12805434,1280.543400,9.595926229,0
1352,load,get,512,10000,32,4,131200,identity,20261005,15486506,1548.650600,10.579532917,0
1353,load,get,768,10000,32,4,131200,identity,20261005,17839753,1783.975300,13.775975486,0
1354,load,get,1024,1000,32,4,131200,identity,20261005,2297228,2297.228000,14.264147921,0
1355,load,get,1536,1000,32,4,131200,identity,20261005,2917076,2917.076000,16.849749544,0
1356,load,get,2048,1000,32,4,131200,identity,20261005,3577525,3577.525000,18.318809792,0
1357,load,get,3072,1000,32,4,131200,identity,20261005,5055684,5055.684000,19.444253241,0
1358,load,get,4096,1000,32,4,131200,identity,20261005,6535696,6535.696000,20.054788350,0
1359,load,get,6144,1000,32,4,131200,identity,20261005,9883302,9883.302000,19.892946710,0
1360,load,get,8192,1000,32,4,131200,identity,20261005,13316906,13316.906000,19.685052970,0
1361,load,get,12288,1000,32,4,131200,identity,20261005,19087745,19087.745000,20.600442850,0
1362,load,get,16384,1000,32,4,131200,identity,20261005,25316140,25316.140000,20.709634249,0
1363,load,get,24576,1000,32,4,131200,identity,20261005,37567490,37567.490000,20.933844662,0
1364,load,get,32768,1000,32,4,131200,identity,20261005,49302774,49302.774000,21.268093353,0
1365,load,get,49152,1000,32,4,131200,identity,20261005,73570691,73570.691000,21.378948310,0
1366,load,get,65536,1000,32,4,131200,identity,20261005,97970291,97970.291000,21.405999498,0
1367,load,get,98304,1000,32,4,131200,identity,20261005,146571873,146571.873000,21.462016795,0
1368,load,get,131072,1000,32,4,131200,identity,20261005,196602126,196602.126000,21.333970722,0
1369,load,get,8,10000,64,0,131200,identity,20261005,11405609,1140.560900,0.448901939,0
1370,load,get,16,10000,64,0,131200,identity,20261005,11421611,1142.161100,0.896546030,0
1371,load,get,32,10000,64,0,131200,identity,20261005,11418444,1141.844400,1.793589389,0
1372,load,get,64,10000,64,0,131200,identity,20261005,11422247,1142.224700,3.585984439,0
1373,load,get,96,10000,64,0,131200,identity,20261005,11413107,1141.310700,5.383284324,0
1374,load,get,124,10000,64,0,131200,identity,20261005,11416122,1141.612200,6.951572522,0
1375,load,get,128,10000,64,0,131200,identity,20261005,11416753,1141.675300,7.175420192,0
1376,load,get,132,10000,64,0,131200,identity,20261005,15863647,1586.364700,5.325383249,0
1377,load,get,192,10000,64,0,131200,identity,20261005,15841255,1584.125500,7.756961175,0
1378,load,get,252,10000,64,0,131200,identity,20261005,15850422,1585.042200,10.175123413,0
1379,load,get,256,10000,64,0,131200,identity,20261005,15860009,1586.000900,10.330385058,0
1380,load,get,260,10000,64,0,131200,identity,20261005,20069261,2006.926100,8.291286859,0
1381,load,get,384,10000,64,0,131200,identity,20261005,20067293,2006.729300,12.246793825,0
1382,load,get,512,10000,64,0,131200,identity,20261005,24823449,2482.344900,13.200421908,0
1383,load,get,768,10000,64,0,131200,identity,20261005,32492082,3249.208200,15.127377802,0
1384,load,get,1024,1000,64,0,131200,identity,20261005,3854856,3854.856000,17.000894456,0
1385,load,get,1536,1000,64,0,131200,identity,20261005,5213970,5213.970000,18.853963487,0
1386,load,get,2048,1000,64,0,131200,identity,20261005,6593383,6593.383000,19.879324468,0
1387,load,get,3072,1000,64,0,131200,identity,20261005,9665144,9665.144000,20.341962831,0
1388,load,get,4096,1000,64,0,131200,identity,20261005,13341318,13341.318000,19.649033176,0
1389,load,get,6144,1000,64,0,131200,identity,20261005,21084605,21084.605000,18.649436402,0
1390,load,get,8192,1000,64,0,131200,identity,20261005,25764697,25764.697000,20.349084641,0
1391,load,get,12288,1000,64,0,131200,identity,20261005,37843320,37843.320000,20.781263378,0
1392,load,get,16384,1000,64,0,131200,identity,20261005,50324530,50324.530000,20.836280041,0
1393,load,get,24576,1000,64,0,131200,identity,20261005,75208547,75208.547000,20.913367732,0
1394,load,get,32768,1000,64,0,131200,identity,20261005,100179548,100179.548000,20.933933541,0
1395,load,get,49152,1000,64,0,131200,identity,20261005,150123018,150123.018000,20.954334931,0
1396,load,get,65536,1000,64,0,131200,identity,20261005,200154625,200154.625000,20.955318919,0
1397,load,get,98304,1000,64,0,131200,identity,20261005,299916274,299916.274000,20.977374506,0
1398,load,get,131072,1000,64,0,131200,identity,20261005,402304886,402304.886000,20.851369923,0
1399,load,get,8,10000,64,4,131200,identity,20261005,11419483,1141.948300,0.448356550,0
1400,load,get,16,10000,64,4,131200,identity,20261005,11433106,1143.310600,0.895644631,0
1401,load,get,32,10000,64,4,131200,identity,20261005,11412639,1141.263900,1.794501692,0
1402,load,get,64,10000,64,4,131200,identity,20261005,11432031,1143.203100,3.582915407,0
1403,load,get,96,10000,64,4,131200,identity,20261005,11412000,1141.200000,5.383806519,0
1404,load,get,124,10000,64,4,131200,identity,20261005,11438082,1143.808200,6.938226182,0
1405,load,get,128,10000,64,4,131200,identity,20261005,15851152,1585.115200,5.168078636,0
1406,load,get,132,10000,64,4,131200,identity,20261005,15866107,1586.610700,5.324557562,0
1407,load,get,192,10000,64,4,131200,identity,20261005,15864592,1586.459200,7.745550595,0
1408,load,get,252,10000,64,4,131200,identity,20261005,15842084,1584.208400,10.180478780,0
1409,load,get,256,10000,64,4,131200,identity,20261005,20059673,2005.967300,8.167630649,0
1410,load,get,260,10000,64,4,131200,identity,20261005,20052168,2005.216800,8.298354572,0
1411,load,get,384,10000,64,4,131200,identity,20261005,24854888,2485.488800,9.887793500,0
1412,load,get,512,10000,64,4,131200,identity,20261005,28543580,2854.358000,11.479989546,0
1413,load,get,768,10000,64,4,131200,identity,20261005,33710691,3371.069100,14.580537670,0
1414,load,get,1024,1000,64,4,131200,identity,20261005,4146531,4146.531000,15.805018701,0
1415,load,get,1536,1000,64,4,131200,identity,20261005,5483686,5483.686000,17.926628184,0
1416,load,get,2048,1000,64,4,131200,identity,20261005,6946825,6946.825000,18.867900084,0
1417,load,get,3072,1000,64,4,131200,identity,20261005,10071617,10071.617000,19.520996480,0
1418,load,get,4096,1000,64,4,131200,identity,20261005,13702800,13702.800000,19.130688618,0
1419,load,get,6144,1000,64,4,131200,identity,20261005,21663330,21663.330000,18.151226058,0
1420,load,get,8192,1000,64,4,131200,identity,20261005,26188921,26188.921000,20.019457846,0
1421,load,get,12288,1000,64,4,131200,identity,20261005,38252692,38252.692000,20.558866811,0
1422,load,get,16384,1000,64,4,131200,identity,20261005,50775948,50775.948000,20.651037377,0
1423,load,get,24576,1000,64,4,131200,identity,20261005,75734423,75734.423000,20.768151888,0
1424,load,get,32768,1000,64,4,131200,identity,20261005,100541396,100541.396000,20.858592415,0
1425,load,get,49152,1000,64,4,131200,identity,20261005,150706855,150706.855000,20.873158026,0
1426,load,get,65536,1000,64,4,131200,identity,20261005,200387696,200387.696000,20.930945780,0
1427,load,get,98304,1000,64,4,131200,identity,20261005,300199249,300199.249000,20.957600730,0
1428,load,get,131072,1000,64,4,131200,identity,20261005,403733572,403733.572000,20.777583490,0
1429,load,put,8,10000,1,0,131200,identity,20261005,2400278,240.027800,0.033329473,0
1430,load,put,16,10000,1,0,131200,identity,20261005,2400298,240.029800,0.066658390,0
1431,load,put,32,10000,1,0,131200,identity,20261005,2400329,240.032900,0.133315058,0
1432,load,put,64,10000,1,0,131200,identity,20261005,2400382,240.038200,0.266624229,0
1433,load,put,96,10000,1,0,131200,identity,20261005,2453666,245.366600,0.391251295,0
1434,load,put,124,10000,1,0,131200,identity,20261005,3690667,369.066700,0.335982629,0
1435,load,put,128,10000,1,0,131200,identity,20261005,2403912,240.391200,0.532465415,0
1436,load,put,132,10000,1,0,131200,identity,20261005,2522066,252.206600,0.523380435,0
1437,load,put,192,10000,1,0,131200,identity,20261005,2522272,252.227200,0.761218457,0
1438,load,put,252,10000,1,0,131200,identity,20261005,3711429,371.142900,0.678983755,0
1439,load,put,256,10000,1,0,131200,identity,20261005,2523376,252.337600,1.014513889,0
1440,load,put,260,10000,1,0,131200,identity,20261005,2539193,253.919300,1.023947372,0
1441,load,put,384,10000,1,0,131200,identity,20261005,2605375,260.537500,1.473876121,0
1442,load,put,512,10000,1,0,131200,identity,20261005,2638981,263.898100,1.940142805,0
1443,load,put,768,10000,1,0,131200,identity,20261005,2767153,276.715300,2.775415743,0
1444,load,put,1024,1000,1,0,131200,identity,20261005,298750,298.750000,3.427615063,0
1445,load,put,1536,1000,1,0,131200,identity,20261005,327078,327.078000,4.696127529,0
1446,load,put,2048,1000,1,0,131200,identity,20261005,353795,353.795000,5.788662926,0
1447,load,put,3072,1000,1,0,131200,identity,20261005,409241,409.241000,7.506579253,0
1448,load,put,4096,1000,1,0,131200,identity,20261005,464943,464.943000,8.809682047,0
1449,load,put,6144,1000,1,0,131200,identity,20261005,576479,576.479000,10.657803667,0
1450,load,put,8192,1000,1,0,131200,identity,20261005,684867,684.867000,11.961446529,0
1451,load,put,12288,1000,1,0,131200,identity,20261005,902377,902.377000,13.617368350,0
1452,load,put,16384,1000,1,0,131200,identity,20261005,1121907,1121.907000,14.603706011,0
1453,load,put,24576,1000,1,0,131200,identity,20261005,1558583,1558.583000,15.768168907,0
1454,load,put,32768,1000,1,0,131200,identity,20261005,1994967,1994.967000,16.425334354,0
1455,load,put,49152,1000,1,0,131200,identity,20261005,2868552,2868.552000,17.134777407,0
1456,load,put,65536,1000,1,0,131200,identity,20261005,3744513,3744.513000,17.501875411,0
1457,load,put,98304,1000,1,0,131200,identity,20261005,5489027,5489.027000,17.909184998,0
1458,load,put,131072,1000,1,0,131200,identity,20261005,7233590,7233.590000,18.119910031,0
1459,load,put,8,10000,1,4,131200,identity,20261005,2360593,236.059300,0.033889790,0
1460,load,put,16,10000,1,4,131200,identity,20261005,2360652,236.065200,0.067777885,0
1461,load,put,32,10000,1,4,131200,identity,20261005,2360935,236.093500,0.135539521,0
1462,load,put,64,10000,1,4,131200,identity,20261005,3675981,367.598100,0.174103185,0
1463,load,put,96,10000,1,4,131200,identity,20261005,3677907,367.790700,0.261018019,0
1464,load,put,124,10000,1,4,131200,identity,20261005,3677943,367.794300,0.337144975,0
1465,load,put,128,10000,1,4,131200,identity,20261005,3867724,386.772400,0.330943987,0
1466,load,put,132,10000,1,4,131200,identity,20261005,3923741,392.374100,0.336413642,0
1467,load,put,192,10000,1,4,131200,identity,20261005,4522170,452.217000,0.424574928,0
1468,load,put,252,10000,1,4,131200,identity,20261005,3705881,370.588100,0.680000248,0
1469,load,put,256,10000,1,4,131200,identity,20261005,3721493,372.149300,0.687895960,0
1470,load,put,260,10000,1,4,131200,identity,20261005,3714697,371.469700,0.699922497,0
1471,load,put,384,10000,1,4,131200,identity,20261005,3735376,373.537600,1.028008961,0
1472,load,put,512,10000,1,4,131200,identity,20261005,4076002,407.600200,1.256132848,0
1473,load,put,768,10000,1,4,131200,identity,20261005,4369969,436.996900,1.757449538,0
1474,load,put,1024,1000,1,4,131200,identity,20261005,456281,456.281000,2.244231077,0
1475,load,put,1536,1000,1,4,131200,identity,20261005,477931,477.931000,3.213853046,0
1476,load,put,2048,1000,1,4,131200,identity,20261005,503155,503.155000,4.070316304,0
1477,load,put,3072,1000,1,4,131200,identity,20261005,583747,583.747000,5.262553812,0
1478,load,put,4096,1000,1,4,131200,identity,20261005,653664,653.664000,6.266216282,0
1479,load,put,6144,1000,1,4,131200,identity,20261005,707782,707.782000,8.680638954,0
1480,load,put,8192,1000,1,4,131200,identity,20261005,792057,792.057000,10.342689983,0
1481,load,put,12288,1000,1,4,131200,identity,20261005,1066860,1066.860000,11.517912378,0
1482,load,put,16384,1000,1,4,131200,identity,20261005,1436783,1436.783000,11.403252962,0
1483,load,put,24576,1000,1,4,131200,identity,20261005,1804760,1804.760000,13.617323079,0
1484,load,put,32768,1000,1,4,131200,identity,20261005,2115240,2115.240000,15.491386320,0
1485,load,put,49152,1000,1,4,131200,identity,20261005,2876833,2876.833000,17.085454734,0
1486,load,put,65536,1000,1,4,131200,identity,20261005,3747821,3747.821000,17.486427447,0
1487,load,put,98304,1000,1,4,131200,identity,20261005,5497286,5497.286000,17.882278637,0
1488,load,put,131072,1000,1,4,131200,identity,20261005,7240436,7240.436000,18.102777236,0
1489,load,put,8,10000,2,0,131200,identity,20261005,2401039,240.103900,0.066637818,0
1490,load,put,16,10000,2,0,131200,identity,20261005,2400980,240.098000,0.133278911,0
1491,load,put,32,10000,2,0,131200,identity,20261005,2400607,240.060700,0.266599239,0
1492,load,put,64,10000,2,0,131200,identity,20261005,2400642,240.064200,0.533190705,0
1493,load,put,96,10000,2,0,131200,identity,20261005,2460746,246.074600,0.780251192,0
1494,load,put,124,10000,2,0,131200,identity,20261005,3670583,367.058300,0.675641989,0
1495,load,put,128,10000,2,0,131200,identity,20261005,2419330,241.933000,1.058144197,0
1496,load,put,132,10000,2,0,131200,identity,20261005,2530878,253.087800,1.043116262,0
1497,load,put,192,10000,2,0,131200,identity,20261005,2534548,253.454800,1.515063041,0
1498,load,put,252,10000,2,0,131200,identity,20261005,3851313,385.131300,1.308644610,0
1499,load,put,256,10000,2,0,131200,identity,20261005,2532543,253.254300,2.021683344,0
1500,load,put,260,10000,2,0,131200,identity,20261005,2609146,260.914600,1.992989277,0
1501,load,put,384,10000,2,0,131200,identity,20261005,2608649,260.864900,2.944052649,0
1502,load,put,512,10000,2,0,131200,identity,20261005,2655646,265.564600,3.855935618,0
1503,load,put,768,10000,2,0,131200,identity,20261005,2766335,276.633500,5.552472857,0
1504,load,put,1024,1000,2,0,131200,identity,20261005,300657,300.657000,6.811748936,0
1505,load,put,1536,1000,2,0,131200,identity,20261005,327594,327.594000,9.377461126,0
1506,load,put,2048,1000,2,0,131200,identity,20261005,357090,357.090000,11.470497634,0
1507,load,put,3072,1000,2,0,131200,identity,20261005,411605,411.605000,14.926932374,0
1508,load,put,4096,1000,2,0,131200,identity,20261005,469486,469.486000,17.448869615,0
1509,load,put,6144,1000,2,0,131200,identity,20261005,669736,669.736000,18.347527981,0
1510,load,put,8192,1000,2,0,131200,identity,20261005,888064,888.064000,18.449120784,0
1511,load,put,12288,1000,2,0,131200,identity,20261005,1323555,1323.555000,18.568174349,0
1512,load,put,16384,1000,2,0,131200,identity,20261005,1760243,1760.243000,18.615611595,0
1513,load,put,24576,1000,2,0,131200,identity,20261005,2631911,2631.911000,18.675403538,0
1514,load,put,32768,1000,2,0,131200,identity,20261005,3505519,3505.519000,18.695091939,0
1515,load,put,49152,1000,2,0,131200,identity,20261005,5250450,5250.450000,18.722966603,0
1516,load,put,65536,1000,2,0,131200,identity,20261005,6995797,6995.797000,18.735820951,0
1517,load,put,98304,1000,2,0,131200,identity,20261005,10487799,10487.799000,18.746354693,0
1518,load,put,131072,1000,2,0,131200,identity,20261005,13987528,13987.528000,18.741267220,0
1519,load,put,8,10000,2,4,131200,identity,20261005,2360414,236.041400,0.067784719,0
1520,load,put,16,10000,2,4,131200,identity,20261005,2361320,236.132000,0.135517422,0
1521,load,put,32,10000,2,4,131200,identity,20261005,2360742,236.074200,0.271101205,0
1522,load,put,64,10000,2,4,131200,identity,20261005,3668800,366.880000,0.348887920,0
1523,load,put,96,10000,2,4,131200,identity,20261005,3670285,367.028500,0.523120139,0
1524,load,put,124,10000,2,4,131200,identity,20261005,3656786,365.678600,0.678191177,0
1525,load,put,128,10000,2,4,131200,identity,20261005,4192424,419.242400,0.610625261,0
1526,load,put,132,10000,2,4,131200,identity,20261005,4387218,438.721800,0.601748078,0
1527,load,put,192,10000,2,4,131200,identity,20261005,4719789,471.978900,0.813595693,0
1528,load,put,252,10000,2,4,131200,identity,20261005,3850845,385.084500,1.308803652,0
1529,load,put,256,10000,2,4,131200,identity,20261005,3793421,379.342100,1.349705187,0
1530,load,put,260,10000,2,4,131200,identity,20261005,3817430,381.743000,1.362172980,0
1531,load,put,384,10000,2,4,131200,identity,20261005,4129460,412.946000,1.859807336,0
1532,load,put,512,10000,2,4,131200,identity,20261005,4322082,432.208200,2.369228534,0
1533,load,put,768,10000,2,4,131200,identity,20261005,4734576,473.457600,3.244218701,0
1534,load,put,1024,1000,2,4,131200,identity,20261005,502448,502.448000,4.076043690,0
1535,load,put,1536,1000,2,4,131200,identity,20261005,558252,558.252000,5.502891167,0
1536,load,put,2048,1000,2,4,131200,identity,20261005,607522,607.522000,6.742142671,0
1537,load,put,3072,1000,2,4,131200,identity,20261005,755819,755.819000,8.128930339,0
1538,load,put,4096,1000,2,4,131200,identity,20261005,914779,914.779000,8.955168407,0
1539,load,put,6144,1000,2,4,131200,identity,20261005,1249552,1249.552000,9.833924479,0
1540,load,put,8192,1000,2,4,131200,identity,20261005,1380507,1380.507000,11.868103530,0
1541,load,put,12288,1000,2,4,131200,identity,20261005,1992851,1992.851000,12.332081024,0
1542,load,put,16384,1000,2,4,131200,identity,20261005,2115040,2115.040000,15.492851199,0
1543,load,put,24576,1000,2,4,131200,identity,20261005,2764374,2764.374000,17.780517397,0
1544,load,put,32768,1000,2,4,131200,identity,20261005,3555611,3555.611000,18.431712580,0
1545,load,put,49152,1000,2,4,131200,identity,20261005,5267369,5267.369000,18.662827685,0
1546,load,put,65536,1000,2,4,131200,identity,20261005,7010528,7010.528000,18.696451965,0
1547,load,put,98304,1000,2,4,131200,identity,20261005,10498400,10498.400000,18.727425131,0
1548,load,put,131072,1000,2,4,131200,identity,20261005,13993547,13993.547000,18.733206098,0
1549,load,put,8,10000,4,0,131200,identity,20261005,3731644,373.164400,0.085753089,0
1550,load,put,16,10000,4,0,131200,identity,20261005,3763523,376.352300,0.170053431,0
1551,load,put,32,10000,4,0,131200,identity,20261005,3743386,374.338600,0.341936418,0
1552,load,put,64,10000,4,0,131200,identity,20261005,3733809,373.380900,0.685626929,0
1553,load,put,96,10000,4,0,131200,identity,20261005,3736263,373.626300,1.027764908,0
1554,load,put,124,10000,4,0,131200,identity,20261005,8455477,845.547700,0.586602033,0
1555,load,put,128,10000,4,0,131200,identity,20261005,2469576,246.957600,2.073230384,0
1556,load,put,132,10000,4,0,131200,identity,20261005,3430484,343.048400,1.539141416,0
1557,load,put,192,10000,4,0,131200,identity,20261005,3377533,337.753300,2.273848990,0
1558,load,put,252,10000,4,0,131200,identity,20261005,7674245,767.424500,1.313484258,0
1559,load,put,256,10000,4,0,131200,identity,20261005,2540292,254.029200,4.031032653,0
1560,load,put,260,10000,4,0,131200,identity,20261005,2633215,263.321500,3.949544568,0
1561,load,put,384,10000,4,0,131200,identity,20261005,2609637,260.963700,5.885876082,0
1562,load,put,512,10000,4,0,131200,identity,20261005,2702452,270.245200,7.578302963,0
1563,load,put,768,10000,4,0,131200,identity,20261005,2819719,281.971900,10.894702628,0
1564,load,put,1024,1000,4,0,131200,identity,20261005,315898,315.898000,12.966210612,0
1565,load,put,1536,1000,4,0,131200,identity,20261005,351530,351.530000,17.477882400,0
1566,load,put,2048,1000,4,0,131200,identity,20261005,418929,418.929000,19.554626202,0
1567,load,put,3072,1000,4,0,131200,identity,20261005,616036,616.036000,19.946886221,0
1568,load,put,4096,1000,4,0,131200,identity,20261005,814981,814.981000,20.103536156,0
1569,load,put,6144,1000,4,0,131200,identity,20261005,1212077,1212.077000,20.275939565,0
1570,load,put,8192,1000,4,0,131200,identity,20261005,1616750,1616.750000,20.267821246,0
1571,load,put,12288,1000,4,0,131200,identity,20261005,2445715,2445.715000,20.097190392,0
1572,load,put,16384,1000,4,0,131200,identity,20261005,3261623,3261.623000,20.093064097,0
1573,load,put,24576,1000,4,0,131200,identity,20261005,4780804,4780.804000,20.562231792,0
1574,load,put,32768,1000,4,0,131200,identity,20261005,6305770,6305.770000,20.786041990,0
1575,load,put,49152,1000,4,0,131200,identity,20261005,9340382,9340.382000,21.049246166,0
1576,load,put,65536,1000,4,0,131200,identity,20261005,12362821,12362.821000,21.204221917,0
1577,load,put,98304,1000,4,0,131200,identity,20261005,18445687,18445.687000,21.317503653,0
1578,load,put,131072,1000,4,0,131200,identity,20261005,24585009,24585.009000,21.325515887,0
1579,load,put,8,10000,4,4,131200,identity,20261005,3738177,373.817700,0.085603223,0
1580,load,put,16,10000,4,4,131200,identity,20261005,3730753,373.075300,0.171547138,0
1581,load,put,32,10000,4,4,131200,identity,20261005,3738054,373.805400,0.342424160,0
1582,load,put,64,10000,4,4,131200,identity,20261005,7941325,794.132500,0.322364341,0
1583,load,put,96,10000,4,4,131200,identity,20261005,8352609,835.260900,0.459736592,0
1584,load,put,124,10000,4,4,131200,identity,20261005,7996313,799.631300,0.620285874,0
1585,load,put,128,10000,4,4,131200,identity,20261005,10053006,1005.300600,0.509300402,0
1586,load,put,132,10000,4,4,131200,identity,20261005,10128329,1012.832900,0.521310080,0
1587,load,put,192,10000,4,4,131200,identity,20261005,13051911,1305.191100,0.588419581,0
1588,load,put,252,10000,4,4,131200,identity,20261005,9047867,904.786700,1.114074732,0
1589,load,put,256,10000,4,4,131200,identity,20261005,8490863,849.086300,1.206002264,0
1590,load,put,260,10000,4,4,131200,identity,20261005,8599931,859.993100,1.209312028,0
1591,load,put,384,10000,4,4,131200,identity,20261005,8395672,839.567200,1.829514064,0
1592,load,put,512,10000,4,4,131200,identity,20261005,8784658,878.465800,2.331337202,0
1593,load,put,768,10000,4,4,131200,identity,20261005,8934845,893.484500,3.438224166,0
1594,load,put,1024,1000,4,4,131200,identity,20261005,957007,957.007000,4.280010491,0
1595,load,put,1536,1000,4,4,131200,identity,20261005,1064996,1064.996000,5.769035752,0
1596,load,put,2048,1000,4,4,131200,identity,20261005,1305764,1305.764000,6.273721745,0
1597,load,put,3072,1000,4,4,131200,identity,20261005,1790025,1790.025000,6.864708593,0
1598,load,put,4096,1000,4,4,131200,identity,20261005,2383569,2383.569000,6.873725913,0
1599,load,put,6144,1000,4,4,131200,identity,20261005,2496750,2496.750000,9.843196155,0
1600,load,put,8192,1000,4,4,131200,identity,20261005,2960122,2960.122000,11.069814014,0
1601,load,put,12288,1000,4,4,131200,identity,20261005,3468070,3468.070000,14.172724311,0
1602,load,put,16384,1000,4,4,131200,identity,20261005,3940506,3940.506000,16.631366632,0
1603,load,put,24576,1000,4,4,131200,identity,20261005,5395218,5395.218000,18.220579780,0
1604,load,put,32768,1000,4,4,131200,identity,20261005,6911293,6911.293000,18.964902805,0
1605,load,put,49152,1000,4,4,131200,identity,20261005,9931915,9931.915000,19.795578194,0
1606,load,put,65536,1000,4,4,131200,identity,20261005,12936989,12936.989000,20.263138509,0
1607,load,put,98304,1000,4,4,131200,identity,20261005,19019621,19019.621000,20.674228998,0
1608,load,put,131072,1000,4,4,131200,identity,20261005,25213462,25213.462000,20.793971094,0
1609,load,put,8,10000,8,0,131200,identity,20261005,3978249,397.824900,0.160874797,0
1610,load,put,16,10000,8,0,131200,identity,20261005,3979591,397.959100,0.321641093,0
1611,load,put,32,10000,8,0,131200,identity,20261005,3996342,399.634200,0.640585816,0
1612,load,put,64,10000,8,0,131200,identity,20261005,4002122,400.212200,1.279321320,0
1613,load,put,96,10000,8,0,131200,identity,20261005,3996433,399.643300,1.921713688,0
1614,load,put,124,10000,8,0,131200,identity,20261005,8051179,805.117900,1.232117681,0
1615,load,put,128,10000,8,0,131200,identity,20261005,2474289,247.428900,4.138562634,0
1616,load,put,132,10000,8,0,131200,identity,20261005,4928864,492.886400,2.142481513,0
1617,load,put,192,10000,8,0,131200,identity,20261005,4863256,486.325600,3.158377844,0
1618,load,put,252,10000,8,0,131200,identity,20261005,8645711,864.571100,2.331792030,0
1619,load,put,256,10000,8,0,131200,identity,20261005,2542372,254.237200,8.055469459,0
1620,load,put,260,10000,8,0,131200,identity,20261005,5498764,549.876400,3.782668251,0
1621,load,put,384,10000,8,0,131200,identity,20261005,2612390,261.239000,11.759346805,0
1622,load,put,512,10000,8,0,131200,identity,20261005,2713476,271.347600,15.095029401,0
1623,load,put,768,10000,8,0,131200,identity,20261005,3763697,376.369700,16.324374677,0
1624,load,put,1024,1000,8,0,131200,identity,20261005,475505,475.505000,17.227999706,0
1625,load,put,1536,1000,8,0,131200,identity,20261005,630244,630.244000,19.497210604,0
1626,load,put,2048,1000,8,0,131200,identity,20261005,836063,836.063000,19.596609346,0
1627,load,put,3072,1000,8,0,131200,identity,20261005,1266331,1266.331000,19.407248184,0
1628,load,put,4096,1000,8,0,131200,identity,20261005,1673347,1673.347000,19.582310184,0
1629,load,put,6144,1000,8,0,131200,identity,20261005,2557700,2557.700000,19.217265512,0
1630,load,put,8192,1000,8,0,131200,identity,20261005,3371253,3371.253000,19.439656413,0
1631,load,put,12288,1000,8,0,131200,identity,20261005,5004196,5004.196000,19.644314491,0
1632,load,put,16384,1000,8,0,131200,identity,20261005,6602120,6602.120000,19.853016910,0
1633,load,put,24576,1000,8,0,131200,identity,20261005,9803741,9803.741000,20.054385362,0
1634,load,put,32768,1000,8,0,131200,identity,20261005,12959010,12959.010000,20.228705742,0
1635,load,put,49152,1000,8,0,131200,identity,20261005,19314525,19314.525000,20.358564345,0
1636,load,put,65536,1000,8,0,131200,identity,20261005,25649456,25649.456000,20.440511487,0
1637,load,put,98304,1000,8,0,131200,identity,20261005,38314579,38314.579000,20.525659436,0
1638,load,put,131072,1000,8,0,131200,identity,20261005,50959827,50959.827000,20.576521973,0
1639,load,put,8,10000,8,4,131200,identity,20261005,3976975,397.697500,0.160926332,0
1640,load,put,16,10000,8,4,131200,identity,20261005,3998713,399.871300,0.320102993,0
1641,load,put,32,10000,8,4,131200,identity,20261005,3997743,399.774300,0.640361324,0
1642,load,put,64,10000,8,4,131200,identity,20261005,8036672,803.667200,0.637079627,0
1643,load,put,96,10000,8,4,131200,identity,20261005,8017445,801.744500,0.957911155,0
1644,load,put,124,10000,8,4,131200,identity,20261005,8031606,803.160600,1.235120348,0
1645,load,put,128,10000,8,4,131200,identity,20261005,10571979,1057.197900,0.968598216,0
1646,load,put,132,10000,8,4,131200,identity,20261005,10399281,1039.928100,1.015454818,0
1647,load,put,192,10000,8,4,131200,identity,20261005,13948796,1394.879600,1.101170309,0
1648,load,put,252,10000,8,4,131200,identity,20261005,8993854,899.385400,2.241530716,0
1649,load,put,256,10000,8,4,131200,identity,20261005,11912632,1191.263200,1.719183468,0
1650,load,put,260,10000,8,4,131200,identity,20261005,11766386,1176.638600,1.767747548,0
1651,load,put,384,10000,8,4,131200,identity,20261005,11958572,1195.857200,2.568868591,0
1652,load,put,512,10000,8,4,131200,identity,20261005,11396292,1139.629200,3.594151501,0
1653,load,put,768,10000,8,4,131200,identity,20261005,12310124,1231.012400,4.991013900,0
1654,load,put,1024,1000,8,4,131200,identity,20261005,1445588,1445.588000,5.666898176,0
1655,load,put,1536,1000,8,4,131200,identity,20261005,1733319,1733.319000,7.089289392,0
1656,load,put,2048,1000,8,4,131200,identity,20261005,2076899,2076.899000,7.888684043,0
1657,load,put,3072,1000,8,4,131200,identity,20261005,2796626,2796.626000,8.787732074,0
1658,load,put,4096,1000,8,4,131200,identity,20261005,3763908,3763.908000,8.705845095,0
1659,load,put,6144,1000,8,4,131200,identity,20261005,3618825,3618.825000,13.582309175,0
1660,load,put,8192,1000,8,4,131200,identity,20261005,4663635,4663.635000,14.052557715,0
1661,load,put,12288,1000,8,4,131200,identity,20261005,6172625,6172.625000,15.925801422,0
1662,load,put,16384,1000,8,4,131200,identity,20261005,7689242,7689.242000,17.046153574,0
1663,load,put,24576,1000,8,4,131200,identity,20261005,10945336,10945.336000,17.962719463,0
1664,load,put,32768,1000,8,4,131200,identity,20261005,14213431,14213.431000,18.443400471,0
1665,load,put,49152,1000,8,4,131200,identity,20261005,20594268,20594.268000,19.093468144,0
1666,load,put,65536,1000,8,4,131200,identity,20261005,26942693,26942.693000,19.459376240,0
1667,load,put,98304,1000,8,4,131200,identity,20261005,39664734,39664.734000,19.826982831,0
1668,load,put,131072,1000,8,4,131200,identity,20261005,52393814,52393.814000,20.013355012,0
1669,load,put,8,10000,16,0,131200,identity,20261005,7681614,768.161400,0.166631648,0
1670,load,put,16,10000,16,0,131200,identity,20261005,7733420,773.342000,0.331030773,0
1671,load,put,32,10000,16,0,131200,identity,20261005,7779387,777.938700,0.658149543,0
1672,load,put,64,10000,16,0,131200,identity,20261005,7757755,775.775500,1.319969501,0
1673,load,put,96,10000,16,0,131200,identity,20261005,7709057,770.905700,1.992461594,0
1674,load,put,124,10000,16,0,131200,identity,20261005,14574909,1457.490900,1.361243490,0
1675,load,put,128,10000,16,0,131200,identity,20261005,2474468,247.446800,8.276526510,0
1676,load,put,132,10000,16,0,131200,identity,20261005,7511679,751.167900,2.811621743,0
1677,load,put,192,10000,16,0,131200,identity,20261005,7508376,750.837600,4.091430690,0
1678,load,put,252,10000,16,0,131200,identity,20261005,13971340,1397.134000,2.885907866,0
1679,load,put,256,10000,16,0,131200,identity,20261005,2555855,255.585500,16.025948264,0
1680,load,put,260,10000,16,0,131200,identity,20261005,9228142,922.814200,4.507949704,0
1681,load,put,384,10000,16,0,131200,identity,20261005,3220433,322.043300,19.078179860,0
1682,load,put,512,10000,16,0,131200,identity,20261005,4229533,422.953300,19.368568587,0
1683,load,put,768,10000,16,0,131200,identity,20261005,6216268,621.626800,19.767487502,0
1684,load,put,1024,1000,16,0,131200,identity,20261005,833719,833.719000,19.651705191,0
1685,load,put,1536,1000,16,0,131200,identity,20261005,1293540,1293.540000,18.999025929,0
1686,load,put,2048,1000,16,0,131200,identity,20261005,1794821,1794.821000,18.256973815,0
1687,load,put,3072,1000,16,0,131200,identity,20261005,2880932,2880.932000,17.061145490,0
1688,load,put,4096,1000,16,0,131200,identity,20261005,3672391,3672.391000,17.845594328,0
1689,load,put,6144,1000,16,0,131200,identity,20261005,5183033,5183.033000,18.966500889,0
1690,load,put,8192,1000,16,0,131200,identity,20261005,6796204,6796.204000,19.286060277,0
1691,load,put,12288,1000,16,0,131200,identity,20261005,9963164,9963.164000,19.733490285,0
1692,load,put,16384,1000,16,0,131200,identity,20261005,13058394,13058.394000,20.074750387,0
1693,load,put,24576,1000,16,0,131200,identity,20261005,19338625,19338.625000,20.333193285,0
1694,load,put,32768,1000,16,0,131200,identity,20261005,25582191,25582.191000,20.494257118,0
1695,load,put,49152,1000,16,0,131200,identity,20261005,38334612,38334.612000,20.514933084,0
1696,load,put,65536,1000,16,0,131200,identity,20261005,51074163,51074.163000,20.530458815,0
1697,load,put,98304,1000,16,0,131200,identity,20261005,76187320,76187.320000,20.644695206,0
1698,load,put,131072,1000,16,0,131200,identity,20261005,102445678,102445.678000,20.470868473,0
1699,load,put,8,10000,16,4,131200,identity,20261005,7710445,771.044500,0.166008577,0
1700,load,put,16,10000,16,4,131200,identity,20261005,7720750,772.075000,0.331574005,0
1701,load,put,32,10000,16,4,131200,identity,20261005,7748326,774.832600,0.660787891,0
1702,load,put,64,10000,16,4,131200,identity,20261005,14452068,1445.206800,0.708549116,0
1703,load,put,96,10000,16,4,131200,identity,20261005,14758362,1475.836200,1.040765906,0
1704,load,put,124,10000,16,4,131200,identity,20261005,14573109,1457.310900,1.361411625,0
1705,load,put,128,10000,16,4,131200,identity,20261005,16144767,1614.476700,1.268522488,0
1706,load,put,132,10000,16,4,131200,identity,20261005,16198922,1619.892200,1.303790462,0
1707,load,put,192,10000,16,4,131200,identity,20261005,19506659,1950.665900,1.574846825,0
1708,load,put,252,10000,16,4,131200,identity,20261005,14449209,1444.920900,2.790464170,0
1709,load,put,256,10000,16,4,131200,identity,20261005,18854330,1885.433000,2.172445269,0
1710,load,put,260,10000,16,4,131200,identity,20261005,18757286,1875.728600,2.217804857,0
1711,load,put,384,10000,16,4,131200,identity,20261005,19071590,1907.159000,3.221545765,0
1712,load,put,512,10000,16,4,131200,identity,20261005,20403476,2040.347600,4.015002150,0
1713,load,put,768,10000,16,4,131200,identity,20261005,22459705,2245.970500,5.471131522,0
1714,load,put,1024,1000,16,4,131200,identity,20261005,3061774,3061.774000,5.351146100,0
1715,load,put,1536,1000,16,4,131200,identity,20261005,3500180,3500.180000,7.021353188,0
1716,load,put,2048,1000,16,4,131200,identity,20261005,4121819,4121.819000,7.949888144,0
1717,load,put,3072,1000,16,4,131200,identity,20261005,4849952,4849.952000,10.134533290,0
1718,load,put,4096,1000,16,4,131200,identity,20261005,6091312,6091.312000,10.758930096,0
1719,load,put,6144,1000,16,4,131200,identity,20261005,7193250,7193.250000,13.666145345,0
1720,load,put,8192,1000,16,4,131200,identity,20261005,9449703,9449.703000,13.870488840,0
1721,load,put,12288,1000,16,4,131200,identity,20261005,12503804,12503.804000,15.723854916,0
1722,load,put,16384,1000,16,4,131200,identity,20261005,15722318,15722.318000,16.673368393,0
1723,load,put,24576,1000,16,4,131200,identity,20261005,22125429,22125.429000,17.772129978,0
1724,load,put,32768,1000,16,4,131200,identity,20261005,28416865,28416.865000,18.449888825,0
1725,load,put,49152,1000,16,4,131200,identity,20261005,40770907,40770.907000,19.289048438,0
1726,load,put,65536,1000,16,4,131200,identity,20261005,53286989,53286.989000,19.677899234,0
1727,load,put,98304,1000,16,4,131200,identity,20261005,78731622,78731.622000,19.977538377,0
1728,load,put,131072,1000,16,4,131200,identity,20261005,105558975,105558.975000,19.867112200,0
1729,load,put,8,10000,32,0,131200,identity,20261005,9345764,934.576400,0.273920891,0
1730,load,put,16,10000,32,0,131200,identity,20261005,9254443,925.444300,0.553247775,0
1731,load,put,32,10000,32,0,131200,identity,20261005,9344293,934.429300,1.095856048,0
1732,load,put,64,10000,32,0,131200,identity,20261005,9308060,930.806000,2.200243660,0
1733,load,put,96,10000,32,0,131200,identity,20261005,9273644,927.364400,3.312613682,0
1734,load,put,124,10000,32,0,131200,identity,20261005,17734042,1773.404200,2.237504569,0
1735,load,put,128,10000,32,0,131200,identity,20261005,2609485,260.948500,15.696583809,0
1736,load,put,132,10000,32,0,131200,identity,20261005,11334041,1133.404100,3.726826116,0
1737,load,put,192,10000,32,0,131200,identity,20261005,11336440,1133.644000,5.419690838,0
1738,load,put,252,10000,32,0,131200,identity,20261005,19042798,1904.279800,4.234671817,0
1739,load,put,256,10000,32,0,131200,identity,20261005,4332962,433.296200,18.906235504,0
1740,load,put,260,10000,32,0,131200,identity,20261005,16508590,1650.859000,5.039800492,0
1741,load,put,384,10000,32,0,131200,identity,20261005,6443897,644.389700,19.069206103,0
1742,load,put,512,10000,32,0,131200,identity,20261005,8750258,875.025800,18.724019337,0
1743,load,put,768,10000,32,0,131200,identity,20261005,12845435,1284.543500,19.132088559,0
1744,load,put,1024,1000,32,0,131200,identity,20261005,1771009,1771.009000,18.502446910,0
1745,load,put,1536,1000,32,0,131200,identity,20261005,2812368,2812.368000,17.477086925,0
1746,load,put,2048,1000,32,0,131200,identity,20261005,3902971,3902.971000,16.791311029,0
1747,load,put,3072,1000,32,0,131200,identity,20261005,5904316,5904.316000,16.649515371,0
1748,load,put,4096,1000,32,0,131200,identity,20261005,7728662,7728.662000,16.959209757,0
1749,load,put,6144,1000,32,0,131200,identity,20261005,11152972,11152.972000,17.628305711,0
1750,load,put,8192,1000,32,0,131200,identity,20261005,15128223,15128.223000,17.328142241,0
1751,load,put,12288,1000,32,0,131200,identity,20261005,21705052,21705.052000,18.116335312,0
1752,load,put,16384,1000,32,0,131200,identity,20261005,28573038,28573.038000,18.349046398,0
1753,load,put,24576,1000,32,0,131200,identity,20261005,42441399,42441.399000,18.529832158,0
1754,load,put,32768,1000,32,0,131200,identity,20261005,56534995,56534.995000,18.547379371,0
1755,load,put,49152,1000,32,0,131200,identity,20261005,83951744,83951.744000,18.735334432,0
1756,load,put,65536,1000,32,0,131200,identity,20261005,111745415,111745.415000,18.767230852,0
1757,load,put,98304,1000,32,0,131200,identity,20261005,167382164,167382.164000,18.793687002,0
1758,load,put,131072,1000,32,0,131200,identity,20261005,227869117,227869.117000,18.406636473,0
1759,load,put,8,10000,32,4,131200,identity,20261005,9346355,934.635500,0.273903570,0
1760,load,put,16,10000,32,4,131200,identity,20261005,9294328,929.432800,0.550873608,0
1761,load,put,32,10000,32,4,131200,identity,20261005,9384845,938.484500,1.091120844,0
1762,load,put,64,10000,32,4,131200,identity,20261005,17686323,1768.632300,1.157956914,0
1763,load,put,96,10000,32,4,131200,identity,20261005,17684444,1768.444400,1.737119923,0
1764,load,put,124,10000,32,4,131200,identity,20261005,17729074,1772.907400,2.238131557,0
1765,load,put,128,10000,32,4,131200,identity,20261005,24805351,2480.535100,1.651256618,0
1766,load,put,132,10000,32,4,131200,identity,20261005,24967908,2496.790800,1.691771693,0
1767,load,put,192,10000,32,4,131200,identity,20261005,32386568,3238.656800,1.897082766,0
1768,load,put,252,10000,32,4,131200,identity,20261005,19887915,1988.791500,4.054723685,0
1769,load,put,256,10000,32,4,131200,identity,20261005,28459074,2845.907400,2.878519519,0
1770,load,put,260,10000,32,4,131200,identity,20261005,28651880,2865.188000,2.903823414,0
1771,load,put,384,10000,32,4,131200,identity,20261005,33901754,3390.175400,3.624591223,0
1772,load,put,512,10000,32,4,131200,identity,20261005,38768107,3876.810700,4.226154246,0
1773,load,put,768,10000,32,4,131200,identity,20261005,46237307,4623.730700,5.315188447,0
1774,load,put,1024,1000,32,4,131200,identity,20261005,5687691,5687.691000,5.761213118,0
1775,load,put,1536,1000,32,4,131200,identity,20261005,6768551,6768.551000,7.261820144,0
1776,load,put,2048,1000,32,4,131200,identity,20261005,8116361,8116.361000,8.074554594,0
1777,load,put,3072,1000,32,4,131200,identity,20261005,10255710,10255.710000,9.585294436,0
1778,load,put,4096,1000,32,4,131200,identity,20261005,12475339,12475.339000,10.506488040,0
1779,load,put,6144,1000,32,4,131200,identity,20261005,15221020,15221.020000,12.916874165,0
1780,load,put,8192,1000,32,4,131200,identity,20261005,19446846,19446.846000,13.480026530,0
1781,load,put,12288,1000,32,4,131200,identity,20261005,26756011,26756.011000,14.696361128,0
1782,load,put,16384,1000,32,4,131200,identity,20261005,34018336,34018.336000,15.411923734,0
1783,load,put,24576,1000,32,4,131200,identity,20261005,48216081,48216.081000,16.310574889,0
1784,load,put,32768,1000,32,4,131200,identity,20261005,62172712,62172.712000,16.865534191,0
1785,load,put,49152,1000,32,4,131200,identity,20261005,89746599,89746.599000,17.525611193,0
1786,load,put,65536,1000,32,4,131200,identity,20261005,117628300,117628.300000,17.828634776,0
1787,load,put,98304,1000,32,4,131200,identity,20261005,173778819,173778.819000,18.101906884,0
1788,load,put,131072,1000,32,4,131200,identity,20261005,232472754,232472.754000,18.042131509,0
1789,load,put,8,10000,64,0,131200,identity,20261005,19140179,1914.017900,0.267500111,0
1790,load,put,16,10000,64,0,131200,identity,20261005,19141446,1914.144600,0.534964809,0
1791,load,put,32,10000,64,0,131200,identity,20261005,19156370,1915.637000,1.069096076,0
1792,load,put,64,10000,64,0,131200,identity,20261005,19146076,1914.607600,2.139341764,0
1793,load,put,96,10000,64,0,131200,identity,20261005,19161831,1916.183100,3.206374172,0
1794,load,put,124,10000,64,0,131200,identity,20261005,35706678,3570.667800,2.222553439,0
1795,load,put,128,10000,64,0,131200,identity,20261005,4337497,433.749700,18.886468394,0
1796,load,put,132,10000,64,0,131200,identity,20261005,27317338,2731.733800,3.092541447,0
1797,load,put,192,10000,64,0,131200,identity,20261005,27186611,2718.661100,4.519871933,0
1798,load,put,252,10000,64,0,131200,identity,20261005,42808825,4280.882500,3.767447483,0
1799,load,put,256,10000,64,0,131200,identity,20261005,8841988,884.198800,18.529769550,0
1800,load,put,260,10000,64,0,131200,identity,20261005,35129350,3512.935000,4.736779929,0
1801,load,put,384,10000,64,0,131200,identity,20261005,14482448,1448.244800,16.969506813,0
1802,load,put,512,10000,64,0,131200,identity,20261005,21061123,2106.112300,15.558524586,0
1803,load,put,768,10000,64,0,131200,identity,20261005,34325052,3432.505200,14.319570441,0
1804,load,put,1024,1000,64,0,131200,identity,20261005,4794436,4794.436000,13.669178189,0
1805,load,put,1536,1000,64,0,131200,identity,20261005,6872268,6872.268000,14.304447964,0
1806,load,put,2048,1000,64,0,131200,identity,20261005,9019982,9019.982000,14.531292856,0
1807,load,put,3072,1000,64,0,131200,identity,20261005,13340694,13340.694000,14.737464183,0
1808,load,put,4096,1000,64,0,131200,identity,20261005,17556509,17556.509000,14.931442236,0
1809,load,put,6144,1000,64,0,131200,identity,20261005,25827772,25827.772000,15.224542016,0
1810,load,put,8192,1000,64,0,131200,identity,20261005,34683340,34683.340000,15.116421890,0
1811,load,put,12288,1000,64,0,131200,identity,20261005,51146524,51146.524000,15.376059573,0
1812,load,put,16384,1000,64,0,131200,identity,20261005,67969773,67969.773000,15.427092864,0
1813,load,put,24576,1000,64,0,131200,identity,20261005,101778951,101778.951000,15.453725791,0
1814,load,put,32768,1000,64,0,131200,identity,20261005,134886666,134886.666000,15.547511568,0
1815,load,put,49152,1000,64,0,131200,identity,20261005,202469227,202469.227000,15.536820319,0
1816,load,put,65536,1000,64,0,131200,identity,20261005,268850491,268850.491000,15.600879077,0
1817,load,put,98304,1000,64,0,131200,identity,20261005,403468238,403468.238000,15.593435635,0
1818,load,put,131072,1000,64,0,131200,identity,20261005,545392968,545392.968000,15.380851042,0
1819,load,put,8,10000,64,4,131200,identity,20261005,19082198,1908.219800,0.268312906,0
1820,load,put,16,10000,64,4,131200,identity,20261005,19234490,1923.449000,0.532376996,0
1821,load,put,32,10000,64,4,131200,identity,20261005,19106005,1910.600500,1.071914301,0
1822,load,put,64,10000,64,4,131200,identity,20261005,35766512,3576.651200,1.145205325,0
1823,load,put,96,10000,64,4,131200,identity,20261005,35692588,3569.258800,1.721365792,0
1824,load,put,124,10000,64,4,131200,identity,20261005,35739656,3573.965600,2.220502626,0
1825,load,put,128,10000,64,4,131200,identity,20261005,51897123,5189.712300,1.578507541,0
1826,load,put,132,10000,64,4,131200,identity,20261005,51654493,5165.449300,1.635482125,0
1827,load,put,192,10000,64,4,131200,identity,20261005,66817177,6681.717700,1.839048064,0
1828,load,put,252,10000,64,4,131200,identity,20261005,43760348,4376.034800,3.685528278,0
1829,load,put,256,10000,64,4,131200,identity,20261005,60608034,6060.803400,2.703271979,0
1830,load,put,260,10000,64,4,131200,identity,20261005,60578847,6057.884700,2.746833395,0
1831,load,put,384,10000,64,4,131200,identity,20261005,72114433,7211.443300,3.407916970,0
1832,load,put,512,10000,64,4,131200,identity,20261005,82270446,8227.044600,3.982961269,0
1833,load,put,768,10000,64,4,131200,identity,20261005,101953849,10195.384900,4.821004845,0
1834,load,put,1024,1000,64,4,131200,identity,20261005,11624228,11624.228000,5.637879780,0
1835,load,put,1536,1000,64,4,131200,identity,20261005,14203902,14203.902000,6.920915112,0
1836,load,put,2048,1000,64,4,131200,identity,20261005,15372037,15372.037000,8.526651348,0
1837,load,put,3072,1000,64,4,131200,identity,20261005,20892214,20892.214000,9.410587121,0
1838,load,put,4096,1000,64,4,131200,identity,20261005,24490814,24490.814000,10.703768360,0
1839,load,put,6144,1000,64,4,131200,identity,20261005,33527083,33527.083000,11.728309319,0
1840,load,put,8192,1000,64,4,131200,identity,20261005,42467107,42467.107000,12.345743260,0
1841,load,put,12288,1000,64,4,131200,identity,20261005,60379589,60379.589000,13.024798827,0
1842,load,put,16384,1000,64,4,131200,identity,20261005,78111800,78111.800000,13.424040926,0
1843,load,put,24576,1000,64,4,131200,identity,20261005,112915023,112915.023000,13.929625644,0
1844,load,put,32768,1000,64,4,131200,identity,20261005,146858596,146858.596000,14.280076598,0
1845,load,put,49152,1000,64,4,131200,identity,20261005,214239844,214239.844000,14.683207107,0
1846,load,put,65536,1000,64,4,131200,identity,20261005,281029225,281029.225000,14.924796522,0
1847,load,put,98304,1000,64,4,131200,identity,20261005,416628535,416628.535000,15.100876372,0
1848,load,put,131072,1000,64,4,131200,identity,20261005,556730692,556730.692000,15.067622677,0
1849,load,iget,8,10000,1,0,131200,identity,20261005,4407461,440.746100,0.018151040,0
1850,load,iget,16,10000,1,0,131200,identity,20261005,4410040,441.004000,0.036280850,0
1851,load,iget,32,10000,1,0,131200,identity,20261005,4410533,441.053300,0.072553589,0
1852,load,iget,64,10000,1,0,131200,identity,20261005,4408472,440.847200,0.145175018,0
1853,load,iget,96,10000,1,0,131200,identity,20261005,4411986,441.198600,0.217589086,0
1854,load,iget,124,10000,1,0,131200,identity,20261005,4414220,441.422000,0.280910331,0
1855,load,iget,128,10000,1,0,131200,identity,20261005,4412161,441.216100,0.290107274,0
1856,load,iget,132,10000,1,0,131200,identity,20261005,4546995,454.699500,0.290301617,0
1857,load,iget,192,10000,1,0,131200,identity,20261005,4545187,454.518700,0.422424864,0
1858,load,iget,252,10000,1,0,131200,identity,20261005,4540013,454.001300,0.555064490,0
1859,load,iget,256,10000,1,0,131200,identity,20261005,4492692,449.269200,0.569814267,0
1860,load,iget,260,10000,1,0,131200,identity,20261005,4616963,461.696300,0.563140749,0
1861,load,iget,384,10000,1,0,131200,identity,20261005,4622066,462.206600,0.830797310,0
1862,load,iget,512,10000,1,0,131200,identity,20261005,4748145,474.814500,1.078315848,0
1863,load,iget,768,10000,1,0,131200,identity,20261005,4951148,495.114800,1.551155409,0
1864,load,iget,1024,1000,1,0,131200,identity,20261005,546302,546.302000,1.874421108,0
1865,load,iget,1536,1000,1,0,131200,identity,20261005,571098,571.098000,2.689555908,0
1866,load,iget,2048,1000,1,0,131200,identity,20261005,595434,595.434000,3.439507989,0
1867,load,iget,3072,1000,1,0,131200,identity,20261005,651687,651.687000,4.713919412,0
1868,load,iget,4096,1000,1,0,131200,identity,20261005,716168,716.168000,5.719328426,0
1869,load,iget,6144,1000,1,0,131200,identity,20261005,826590,826.590000,7.432947410,0
1870,load,iget,8192,1000,1,0,131200,identity,20261005,954915,954.915000,8.578774027,0
1871,load,iget,12288,1000,1,0,131200,identity,20261005,1209635,1209.635000,10.158436222,0
1872,load,iget,16384,1000,1,0,131200,identity,20261005,1437285,1437.285000,11.399270152,0
1873,load,iget,24576,1000,1,0,131200,identity,20261005,1901625,1901.625000,12.923683692,0
1874,load,iget,32768,1000,1,0,131200,identity,20261005,2359679,2359.679000,13.886634580,0
1875,load,iget,49152,1000,1,0,131200,identity,20261005,3269648,3269.648000,15.032810871,0
1876,load,iget,65536,1000,1,0,131200,identity,20261005,4169660,4169.660000,15.717348657,0
1877,load,iget,98304,1000,1,0,131200,identity,20261005,6009007,6009.007000,16.359441751,0
1878,load,iget,131072,1000,1,0,131200,identity,20261005,7846873,7846.873000,16.703723891,0
1879,load,iget,8,10000,1,4,131200,identity,20261005,4412993,441.299300,0.018128286,0
1880,load,iget,16,10000,1,4,131200,identity,20261005,4411621,441.162100,0.036267848,0
1881,load,iget,32,10000,1,4,131200,identity,20261005,4419418,441.941800,0.072407724,0
1882,load,iget,64,10000,1,4,131200,identity,20261005,4415049,441.504900,0.144958754,0
1883,load,iget,96,10000,1,4,131200,identity,20261005,4409346,440.934600,0.217719362,0
1884,load,iget,124,10000,1,4,131200,identity,20261005,4413511,441.351100,0.280955457,0
1885,load,iget,128,10000,1,4,131200,identity,20261005,4538489,453.848900,0.282032192,0
1886,load,iget,132,10000,1,4,131200,identity,20261005,4544889,454.488900,0.290436136,0
1887,load,iget,192,10000,1,4,131200,identity,20261005,4545152,454.515200,0.422428117,0
1888,load,iget,252,10000,1,4,131200,identity,20261005,4546932,454.693200,0.554219856,0
1889,load,iget,256,10000,1,4,131200,identity,20261005,4670807,467.080700,0.548085160,0
1890,load,iget,260,10000,1,4,131200,identity,20261005,4670360,467.036000,0.556702267,0
1891,load,iget,384,10000,1,4,131200,identity,20261005,4797160,479.716000,0.800473614,0
1892,load,iget,512,10000,1,4,131200,identity,20261005,4932231,493.223100,1.038069790,0
1893,load,iget,768,10000,1,4,131200,identity,20261005,5093218,509.321800,1.507887548,0
1894,load,iget,1024,1000,1,4,131200,identity,20261005,556643,556.643000,1.839599169,0
1895,load,iget,1536,1000,1,4,131200,identity,20261005,577760,577.760000,2.658543340,0
1896,load,iget,2048,1000,1,4,131200,identity,20261005,611897,611.897000,3.346968526,0
1897,load,iget,3072,1000,1,4,131200,identity,20261005,666034,666.034000,4.612377146,0
1898,load,iget,4096,1000,1,4,131200,identity,20261005,722605,722.605000,5.668380374,0
1899,load,iget,6144,1000,1,4,131200,identity,20261005,834691,834.691000,7.360807772,0
1900,load,iget,8192,1000,1,4,131200,identity,20261005,958435,958.435000,8.547267159,0
1901,load,iget,12288,1000,1,4,131200,identity,20261005,1211277,1211.277000,10.144665506,0
1902,load,iget,16384,1000,1,4,131200,identity,20261005,1445914,1445.914000,11.331241001,0
1903,load,iget,24576,1000,1,4,131200,identity,20261005,1901552,1901.552000,12.924179828,0
1904,load,iget,32768,1000,1,4,131200,identity,20261005,2369966,2369.966000,13.826358690,0
1905,load,iget,49152,1000,1,4,131200,identity,20261005,3271402,3271.402000,15.024750856,0
1906,load,iget,65536,1000,1,4,131200,identity,20261005,4196560,4196.560000,15.616600263,0
1907,load,iget,98304,1000,1,4,131200,identity,20261005,6026224,6026.224000,16.312702614,0
1908,load,iget,131072,1000,1,4,131200,identity,20261005,7846824,7846.824000,16.703828199,0
1909,load,iget,8,10000,2,0,131200,identity,20261005,4411126,441.112600,0.036271918,0
1910,load,iget,16,10000,2,0,131200,identity,20261005,4411161,441.116100,0.072543260,0
1911,load,iget,32,10000,2,0,131200,identity,20261005,4414219,441.421900,0.144986010,0
1912,load,iget,64,10000,2,0,131200,identity,20261005,4412851,441.285100,0.290061912,0
1913,load,iget,96,10000,2,0,131200,identity,20261005,4415652,441.565200,0.434816874,0
1914,load,iget,124,10000,2,0,131200,identity,20261005,4376663,437.666300,0.566641754,0
1915,load,iget,128,10000,2,0,131200,identity,20261005,4408485,440.848500,0.580698358,0
1916,load,iget,132,10000,2,0,131200,identity,20261005,4547229,454.722900,0.580573356,0
1917,load,iget,192,10000,2,0,131200,identity,20261005,4551479,455.147900,0.843681801,0
1918,load,iget,252,10000,2,0,131200,identity,20261005,4553008,455.300800,1.106960497,0
1919,load,iget,256,10000,2,0,131200,identity,20261005,4555307,455.530700,1.123963764,0
1920,load,iget,260,10000,2,0,131200,identity,20261005,4676596,467.659600,1.111919867,0
1921,load,iget,384,10000,2,0,131200,identity,20261005,4679810,467.981000,1.641092267,0
1922,load,iget,512,10000,2,0,131200,identity,20261005,4816504,481.650400,2.126023356,0
1923,load,iget,768,10000,2,0,131200,identity,20261005,4976089,497.608900,3.086761511,0
1924,load,iget,1024,1000,2,0,131200,identity,20261005,552901,552.901000,3.704098925,0
1925,load,iget,1536,1000,2,0,131200,identity,20261005,582819,582.819000,5.270933171,0
1926,load,iget,2048,1000,2,0,131200,identity,20261005,635658,635.658000,6.443716590,0
1927,load,iget,3072,1000,2,0,131200,identity,20261005,690719,690.719000,8.895078896,0
1928,load,iget,4096,1000,2,0,131200,identity,20261005,780828,780.828000,10.491427049,0
1929,load,iget,6144,1000,2,0,131200,identity,20261005,899937,899.937000,13.654289134,0
1930,load,iget,8192,1000,2,0,131200,identity,20261005,1079410,1079.410000,15.178662417,0
1931,load,iget,12288,1000,2,0,131200,identity,20261005,1532510,1532.510000,16.036436956,0
1932,load,iget,16384,1000,2,0,131200,identity,20261005,1955664,1955.664000,16.755434471,0
1933,load,iget,24576,1000,2,0,131200,identity,20261005,2850520,2850.520000,17.243169667,0
1934,load,iget,32768,1000,2,0,131200,identity,20261005,3885870,3885.870000,16.865206505,0
1935,load,iget,49152,1000,2,0,131200,identity,20261005,5656310,5656.310000,17.379528350,0
1936,load,iget,65536,1000,2,0,131200,identity,20261005,7518573,7518.573000,17.433095349,0
1937,load,iget,98304,1000,2,0,131200,identity,20261005,11326685,11326.685000,17.357947184,0
1938,load,iget,131072,1000,2,0,131200,identity,20261005,15484278,15484.278000,16.929688294,0
1939,load,iget,8,10000,2,4,131200,identity,20261005,4416285,441.628500,0.036229546,0
1940,load,iget,16,10000,2,4,131200,identity,20261005,4413296,441.329600,0.072508166,0
1941,load,iget,32,10000,2,4,131200,identity,20261005,4409739,440.973900,0.145133306,0
1942,load,iget,64,10000,2,4,131200,identity,20261005,4411580,441.158000,0.290145481,0
1943,load,iget,96,10000,2,4,131200,identity,20261005,4411672,441.167200,0.435209145,0
1944,load,iget,124,10000,2,4,131200,identity,20261005,4410445,441.044500,0.562301536,0
1945,load,iget,128,10000,2,4,131200,identity,20261005,4546765,454.676500,0.563037676,0
1946,load,iget,132,10000,2,4,131200,identity,20261005,4551512,455.151200,0.580027033,0
1947,load,iget,192,10000,2,4,131200,identity,20261005,4547438,454.743800,0.844431524,0
1948,load,iget,252,10000,2,4,131200,identity,20261005,4560469,456.046900,1.105149492,0
1949,load,iget,256,10000,2,4,131200,identity,20261005,4671268,467.126800,1.096062140,0
1950,load,iget,260,10000,2,4,131200,identity,20261005,4671039,467.103900,1.113242685,0
1951,load,iget,384,10000,2,4,131200,identity,20261005,4808976,480.897600,1.597013585,0
1952,load,iget,512,10000,2,4,131200,identity,20261005,4945270,494.527000,2.070665505,0
1953,load,iget,768,10000,2,4,131200,identity,20261005,5109706,510.970600,3.006043792,0
1954,load,iget,1024,1000,2,4,131200,identity,20261005,565123,565.123000,3.623989822,0
1955,load,iget,1536,1000,2,4,131200,identity,20261005,603633,603.633000,5.089184985,0
1956,load,iget,2048,1000,2,4,131200,identity,20261005,636233,636.233000,6.437893036,0
1957,load,iget,3072,1000,2,4,131200,identity,20261005,709427,709.427000,8.660510525,0
1958,load,iget,4096,1000,2,4,131200,identity,20261005,790710,790.710000,10.360309089,0
1959,load,iget,6144,1000,2,4,131200,identity,20261005,904843,904.843000,13.580256464,0
1960,load,iget,8192,1000,2,4,131200,identity,20261005,1090455,1090.455000,15.024920790,0
1961,load,iget,12288,1000,2,4,131200,identity,20261005,1535051,1535.051000,16.009891528,0
1962,load,iget,16384,1000,2,4,131200,identity,20261005,1959571,1959.571000,16.722027423,0
1963,load,iget,24576,1000,2,4,131200,identity,20261005,2889733,2889.733000,17.009183893,0
1964,load,iget,32768,1000,2,4,131200,identity,20261005,3826634,3826.634000,17.126278604,0
1965,load,iget,49152,1000,2,4,131200,identity,20261005,5687957,5687.957000,17.282831076,0
1966,load,iget,65536,1000,2,4,131200,identity,20261005,7519140,7519.140000,17.431780762,0
1967,load,iget,98304,1000,2,4,131200,identity,20261005,11357991,11357.991000,17.310103521,0
1968,load,iget,131072,1000,2,4,131200,identity,20261005,15499016,15499.016000,16.913589869,0
1969,load,iget,8,10000,4,0,131200,identity,20261005,5367263,536.726300,0.059620704,0
1970,load,iget,16,10000,4,0,131200,identity,20261005,5368449,536.844900,0.119215066,0
1971,load,iget,32,10000,4,0,131200,identity,20261005,5371456,537.145600,0.238296656,0
1972,load,iget,64,10000,4,0,131200,identity,20261005,5365385,536.538500,0.477132582,0
1973,load,iget,96,10000,4,0,131200,identity,20261005,5368779,536.877900,0.715246428,0
1974,load,iget,124,10000,4,0,131200,identity,20261005,5367739,536.773900,0.924038967,0
1975,load,iget,128,10000,4,0,131200,identity,20261005,5369086,536.908600,0.953607374,0
1976,load,iget,132,10000,4,0,131200,identity,20261005,5554418,555.441800,0.950594644,0
1977,load,iget,192,10000,4,0,131200,identity,20261005,5554156,555.415600,1.382748342,0
1978,load,iget,252,10000,4,0,131200,identity,20261005,5560186,556.018600,1.812888993,0
1979,load,iget,256,10000,4,0,131200,identity,20261005,5555351,555.535100,1.843267869,0
1980,load,iget,260,10000,4,0,131200,identity,20261005,5706981,570.698100,1.822329529,0
1981,load,iget,384,10000,4,0,131200,identity,20261005,5698508,569.850800,2.695442386,0
1982,load,iget,512,10000,4,0,131200,identity,20261005,5912930,591.293000,3.463595882,0
1983,load,iget,768,10000,4,0,131200,identity,20261005,5913026,591.302600,5.195309474,0
1984,load,iget,1024,1000,4,0,131200,identity,20261005,653139,653.139000,6.271253133,0
1985,load,iget,1536,1000,4,0,131200,identity,20261005,724067,724.067000,8.485402594,0
1986,load,iget,2048,1000,4,0,131200,identity,20261005,769685,769.685000,10.643315122,0
1987,load,iget,3072,1000,4,0,131200,identity,20261005,885008,885.008000,13.884620252,0
1988,load,iget,4096,1000,4,0,131200,identity,20261005,1035416,1035.416000,15.823591677,0
1989,load,iget,6144,1000,4,0,131200,identity,20261005,1432613,1432.613000,17.154667730,0
1990,load,iget,8192,1000,4,0,131200,identity,20261005,1777517,1777.517000,18.434704141,0
1991,load,iget,12288,1000,4,0,131200,identity,20261005,2874522,2874.522000,17.099190752,0
1992,load,iget,16384,1000,4,0,131200,identity,20261005,3540602,3540.602000,18.509846631,0
1993,load,iget,24576,1000,4,0,131200,identity,20261005,5123624,5123.624000,19.186419612,0
1994,load,iget,32768,1000,4,0,131200,identity,20261005,6742000,6742.000000,19.441115396,0
1995,load,iget,49152,1000,4,0,131200,identity,20261005,10028899,10028.899000,19.604145979,0
1996,load,iget,65536,1000,4,0,131200,identity,20261005,13322918,13322.918000,19.676170040,0
1997,load,iget,98304,1000,4,0,131200,identity,20261005,19916001,19916.001000,19.743722648,0
1998,load,iget,131072,1000,4,0,131200,identity,20261005,26810602,26810.602000,19.555249076,0
1999,load,iget,8,10000,4,4,131200,identity,20261005,5376055,537.605500,0.059523201,0
2000,load,iget,16,10000,4,4,131200,identity,20261005,5374112,537.411200,0.119089442,0
2001,load,iget,32,10000,4,4,131200,identity,20261005,5374019,537.401900,0.238183006,0
2002,load,iget,64,10000,4,4,131200,identity,20261005,5376906,537.690600,0.476110239,0
2003,load,iget,96,10000,4,4,131200,identity,20261005,5379390,537.939000,0.713835584,0
2004,load,iget,124,10000,4,4,131200,identity,20261005,5374963,537.496300,0.922797050,0
2005,load,iget,128,10000,4,4,131200,identity,20261005,5610367,561.036700,0.912596270,0
2006,load,iget,132,10000,4,4,131200,identity,20261005,5609507,560.950700,0.941259187,0
2007,load,iget,192,10000,4,4,131200,identity,20261005,5612849,561.284900,1.368289081,0
2008,load,iget,252,10000,4,4,131200,identity,20261005,5613946,561.394600,1.795528493,0
2009,load,iget,256,10000,4,4,131200,identity,20261005,5758962,575.896200,1.778098206,0
2010,load,iget,260,10000,4,4,131200,identity,20261005,5746585,574.658500,1.809770498,0
2011,load,iget,384,10000,4,4,131200,identity,20261005,5922732,592.273200,2.593397777,0
2012,load,iget,512,10000,4,4,131200,identity,20261005,5914896,591.489600,3.462444648,0
2013,load,iget,768,10000,4,4,131200,identity,20261005,6136909,613.690900,5.005777338,0
2014,load,iget,1024,1000,4,4,131200,identity,20261005,659081,659.081000,6.214714125,0
2015,load,iget,1536,1000,4,4,131200,identity,20261005,738301,738.301000,8.321809127,0
2016,load,iget,2048,1000,4,4,131200,identity,20261005,799275,799.275000,10.249288418,0
2017,load,iget,3072,1000,4,4,131200,identity,20261005,912706,912.706000,13.463261992,0
2018,load,iget,4096,1000,4,4,131200,identity,20261005,1055942,1055.942000,15.516003720,0
2019,load,iget,6144,1000,4,4,131200,identity,20261005,1453589,1453.589000,16.907117486,0
2020,load,iget,8192,1000,4,4,131200,identity,20261005,1808909,1808.909000,18.114786316,0
2021,load,iget,12288,1000,4,4,131200,identity,20261005,2871422,2871.422000,17.117651115,0
2022,load,iget,16384,1000,4,4,131200,identity,20261005,3584121,3584.121000,18.285096960,0
2023,load,iget,24576,1000,4,4,131200,identity,20261005,5121506,5121.506000,19.194354161,0
2024,load,iget,32768,1000,4,4,131200,identity,20261005,6748711,6748.711000,19.421782915,0
2025,load,iget,49152,1000,4,4,131200,identity,20261005,10078903,10078.903000,19.506884827,0
2026,load,iget,65536,1000,4,4,131200,identity,20261005,13404353,13404.353000,19.556632088,0
2027,load,iget,98304,1000,4,4,131200,identity,20261005,20026348,20026.348000,19.634932939,0
2028,load,iget,131072,1000,4,4,131200,identity,20261005,26805234,26805.234000,19.559165199,0
2029,load,iget,8,10000,8,0,131200,identity,20261005,5399668,539.966800,0.118525806,0
2030,load,iget,16,10000,8,0,131200,identity,20261005,5400618,540.061800,0.237009913,0
2031,load,iget,32,10000,8,0,131200,identity,20261005,5402364,540.236400,0.473866626,0
2032,load,iget,64,10000,8,0,131200,identity,20261005,5399272,539.927200,0.948275990,0
2033,load,iget,96,10000,8,0,131200,identity,20261005,5403466,540.346600,1.421309952,0
2034,load,iget,124,10000,8,0,131200,identity,20261005,5397543,539.754300,1.837873269,0
2035,load,iget,128,10000,8,0,131200,identity,20261005,5400221,540.022100,1.896218692,0
2036,load,iget,132,10000,8,0,131200,identity,20261005,5620387,562.038700,1.878874177,0
2037,load,iget,192,10000,8,0,131200,identity,20261005,5628996,562.899600,2.728728178,0
2038,load,iget,252,10000,8,0,131200,identity,20261005,5628684,562.868400,3.581654255,0
2039,load,iget,256,10000,8,0,131200,identity,20261005,5629421,562.942100,3.638029559,0
2040,load,iget,260,10000,8,0,131200,identity,20261005,5757440,575.744000,3.612716763,0
2041,load,iget,384,10000,8,0,131200,identity,20261005,5755488,575.548800,5.337514386,0
2042,load,iget,512,10000,8,0,131200,identity,20261005,6002785,600.278500,6.823499426,0
2043,load,iget,768,10000,8,0,131200,identity,20261005,6412641,641.264100,9.581075878,0
2044,load,iget,1024,1000,8,0,131200,identity,20261005,812283,812.283000,10.085155051,0
2045,load,iget,1536,1000,8,0,131200,identity,20261005,1005731,1005.731000,12.217978764,0
2046,load,iget,2048,1000,8,0,131200,identity,20261005,1098229,1098.229000,14.918564343,0
2047,load,iget,3072,1000,8,0,131200,identity,20261005,1392553,1392.553000,17.648161327,0
2048,load,iget,4096,1000,8,0,131200,identity,20261005,1638213,1638.213000,20.002282975,0
2049,load,iget,6144,1000,8,0,131200,identity,20261005,2524823,2524.823000,19.467503267,0
2050,load,iget,8192,1000,8,0,131200,identity,20261005,3266521,3266.521000,20.062935459,0
2051,load,iget,12288,1000,8,0,131200,identity,20261005,4885575,4885.575000,20.121275387,0
2052,load,iget,16384,1000,8,0,131200,identity,20261005,6449017,6449.017000,20.324337802,0
2053,load,iget,24576,1000,8,0,131200,identity,20261005,9513259,9513.259000,20.666734712,0
2054,load,iget,32768,1000,8,0,131200,identity,20261005,12649786,12649.786000,20.723196424,0
2055,load,iget,49152,1000,8,0,131200,identity,20261005,18999109,18999.109000,20.696549507,0
2056,load,iget,65536,1000,8,0,131200,identity,20261005,25109988,25109.988000,20.879659520,0
2057,load,iget,98304,1000,8,0,131200,identity,20261005,37553150,37553.150000,20.941838434,0
2058,load,iget,131072,1000,8,0,131200,identity,20261005,50105760,50105.760000,20.927254671,0
2059,load,iget,8,10000,8,4,131200,identity,20261005,5409670,540.967000,0.118306662,0
2060,load,iget,16,10000,8,4,131200,identity,20261005,5408721,540.872100,0.236654839,0
2061,load,iget,32,10000,8,4,131200,identity,20261005,5409806,540.980600,0.473214751,0
2062,load,iget,64,10000,8,4,131200,identity,20261005,5415236,541.523600,0.945480492,0
2063,load,iget,96,10000,8,4,131200,identity,20261005,5405769,540.576900,1.420704436,0
2064,load,iget,124,10000,8,4,131200,identity,20261005,5408716,540.871600,1.834076701,0
2065,load,iget,128,10000,8,4,131200,identity,20261005,5675858,567.585800,1.804132521,0
2066,load,iget,132,10000,8,4,131200,identity,20261005,5678928,567.892800,1.859505879,0
2067,load,iget,192,10000,8,4,131200,identity,20261005,5680782,568.078200,2.703853096,0
2068,load,iget,252,10000,8,4,131200,identity,20261005,5673590,567.359000,3.553305755,0
2069,load,iget,256,10000,8,4,131200,identity,20261005,5782725,578.272500,3.541582904,0
2070,load,iget,260,10000,8,4,131200,identity,20261005,5785395,578.539500,3.595260133,0
2071,load,iget,384,10000,8,4,131200,identity,20261005,6003275,600.327500,5.117206858,0
2072,load,iget,512,10000,8,4,131200,identity,20261005,6091640,609.164000,6.723969243,0
2073,load,iget,768,10000,8,4,131200,identity,20261005,6941487,694.148700,8.851129448,0
2074,load,iget,1024,1000,8,4,131200,identity,20261005,856686,856.686000,9.562430109,0
2075,load,iget,1536,1000,8,4,131200,identity,20261005,984169,984.169000,12.485660491,0
2076,load,iget,2048,1000,8,4,131200,identity,20261005,1107806,1107.806000,14.789593124,0
2077,load,iget,3072,1000,8,4,131200,identity,20261005,1454677,1454.677000,16.894472106,0
2078,load,iget,4096,1000,8,4,131200,identity,20261005,1690451,1690.451000,19.384176175,0
2079,load,iget,6144,1000,8,4,131200,identity,20261005,2575442,2575.442000,19.084879411,0
2080,load,iget,8192,1000,8,4,131200,identity,20261005,3328514,3328.514000,19.689266742,0
2081,load,iget,12288,1000,8,4,131200,identity,20261005,4931950,4931.950000,19.932075548,0
2082,load,iget,16384,1000,8,4,131200,identity,20261005,6523331,6523.331000,20.092802282,0
2083,load,iget,24576,1000,8,4,131200,identity,20261005,9592029,9592.029000,20.497018931,0
2084,load,iget,32768,1000,8,4,131200,identity,20261005,12721635,12721.635000,20.606156363,0
2085,load,iget,49152,1000,8,4,131200,identity,20261005,19021981,19021.981000,20.671664008,0
2086,load,iget,65536,1000,8,4,131200,identity,20261005,25159390,25159.390000,20.838661033,0
2087,load,iget,98304,1000,8,4,131200,identity,20261005,37627215,37627.215000,20.900616748,0
2088,load,iget,131072,1000,8,4,131200,identity,20261005,50168946,50168.946000,20.900897539,0
2089,load,iget,8,10000,16,0,131200,identity,20261005,5494043,549.404300,0.232979611,0
2090,load,iget,16,10000,16,0,131200,identity,20261005,5492017,549.201700,0.466131114,0
2091,load,iget,32,10000,16,0,131200,identity,20261005,5490255,549.025500,0.932561420,0
2092,load,iget,64,10000,16,0,131200,identity,20261005,5492071,549.207100,1.864506122,0
2093,load,iget,96,10000,16,0,131200,identity,20261005,5490649,549.064900,2.797483503,0
2094,load,iget,124,10000,16,0,131200,identity,20261005,5490406,549.040600,3.613576118,0
2095,load,iget,128,10000,16,0,131200,identity,20261005,5491395,549.139500,3.729471291,0
2096,load,iget,132,10000,16,0,131200,identity,20261005,5775675,577.567500,3.656715449,0
2097,load,iget,192,10000,16,0,131200,identity,20261005,5773306,577.330600,5.321041358,0
2098,load,iget,252,10000,16,0,131200,identity,20261005,5778752,577.875200,6.977285061,0
2099,load,iget,256,10000,16,0,131200,identity,20261005,5784095,578.409500,7.081488115,0
2100,load,iget,260,10000,16,0,131200,identity,20261005,6204266,620.426600,6.705063903,0
2101,load,iget,384,10000,16,0,131200,identity,20261005,6210211,621.021100,9.893383655,0
2102,load,iget,512,10000,16,0,131200,identity,20261005,7127235,712.723500,11.493938393,0
2103,load,iget,768,10000,16,0,131200,identity,20261005,8332734,833.273400,14.746660580,0
2104,load,iget,1024,1000,16,0,131200,identity,20261005,1171428,1171.428000,13.986348286,0
2105,load,iget,1536,1000,16,0,131200,identity,20261005,1603737,1603.737000,15.324208396,0
2106,load,iget,2048,1000,16,0,131200,identity,20261005,1864994,1864.994000,17.570029716,0
2107,load,iget,3072,1000,16,0,131200,identity,20261005,2548700,2548.700000,19.285125750,0
2108,load,iget,4096,1000,16,0,131200,identity,20261005,3335958,3335.958000,19.645331266,0
2109,load,iget,6144,1000,16,0,131200,identity,20261005,5384964,5384.964000,18.255275244,0
2110,load,iget,8192,1000,16,0,131200,identity,20261005,7199185,7199.185000,18.206505320,0
2111,load,iget,12288,1000,16,0,131200,identity,20261005,10263454,10263.454000,19.156124244,0
2112,load,iget,16384,1000,16,0,131200,identity,20261005,12951443,12951.443000,20.240524550,0
2113,load,iget,24576,1000,16,0,131200,identity,20261005,19219753,19219.753000,20.458951788,0
2114,load,iget,32768,1000,16,0,131200,identity,20261005,25403071,25403.071000,20.638764502,0
2115,load,iget,49152,1000,16,0,131200,identity,20261005,37007429,37007.429000,21.250652133,0
2116,load,iget,65536,1000,16,0,131200,identity,20261005,49128560,49128.560000,21.343511798,0
2117,load,iget,98304,1000,16,0,131200,identity,20261005,73953682,73953.682000,21.268231107,0
2118,load,iget,131072,1000,16,0,131200,identity,20261005,99348695,99348.695000,21.109003998,0
2119,load,iget,8,10000,16,4,131200,identity,20261005,5499634,549.963400,0.232742761,0
2120,load,iget,16,10000,16,4,131200,identity,20261005,5500136,550.013600,0.465443036,0
2121,load,iget,32,10000,16,4,131200,identity,20261005,5503690,550.369000,0.930284954,0
2122,load,iget,64,10000,16,4,131200,identity,20261005,5497590,549.759000,1.862634354,0
2123,load,iget,96,10000,16,4,131200,identity,20261005,5504207,550.420700,2.790592723,0
2124,load,iget,124,10000,16,4,131200,identity,20261005,5497894,549.789400,3.608654514,0
2125,load,iget,128,10000,16,4,131200,identity,20261005,5789498,578.949800,3.537439688,0
2126,load,iget,132,10000,16,4,131200,identity,20261005,5784945,578.494500,3.650855799,0
2127,load,iget,192,10000,16,4,131200,identity,20261005,5792746,579.274600,5.303184362,0
2128,load,iget,252,10000,16,4,131200,identity,20261005,5784856,578.485600,6.969922847,0
2129,load,iget,256,10000,16,4,131200,identity,20261005,6221556,622.155600,6.583562054,0
2130,load,iget,260,10000,16,4,131200,identity,20261005,6207799,620.779900,6.701247898,0
2131,load,iget,384,10000,16,4,131200,identity,20261005,7061492,706.149200,8.700710841,0
2132,load,iget,512,10000,16,4,131200,identity,20261005,7457352,745.735200,10.985132524,0
2133,load,iget,768,10000,16,4,131200,identity,20261005,9927995,992.799500,12.377121463,0
2134,load,iget,1024,1000,16,4,131200,identity,20261005,1291288,1291.288000,12.688106759,0
2135,load,iget,1536,1000,16,4,131200,identity,20261005,1628457,1628.457000,15.091586698,0
2136,load,iget,2048,1000,16,4,131200,identity,20261005,1926893,1926.893000,17.005614738,0
2137,load,iget,3072,1000,16,4,131200,identity,20261005,2666543,2666.543000,18.432854824,0
2138,load,iget,4096,1000,16,4,131200,identity,20261005,3512668,3512.668000,18.657043592,0
2139,load,iget,6144,1000,16,4,131200,identity,20261005,5574494,5574.494000,17.634605042,0
2140,load,iget,8192,1000,16,4,131200,identity,20261005,7647982,7647.982000,17.138115649,0
2141,load,iget,12288,1000,16,4,131200,identity,20261005,9859770,9859.770000,19.940424574,0
2142,load,iget,16384,1000,16,4,131200,identity,20261005,13197519,13197.519000,19.863127304,0
2143,load,iget,24576,1000,16,4,131200,identity,20261005,19406036,19406.036000,20.262561607,0
2144,load,iget,32768,1000,16,4,131200,identity,20261005,25261941,25261.941000,20.754066364,0
2145,load,iget,49152,1000,16,4,131200,identity,20261005,37034021,37034.021000,21.235393262,0
2146,load,iget,65536,1000,16,4,131200,identity,20261005,49470649,49470.649000,21.195921646,0
2147,load,iget,98304,1000,16,4,131200,identity,20261005,73692156,73692.156000,21.343709906,0
2148,load,iget,131072,1000,16,4,131200,identity,20261005,99245611,99245.611000,21.130929407,0
2149,load,iget,8,10000,32,0,131200,identity,20261005,6003282,600.328200,0.426433408,0
2150,load,iget,16,10000,32,0,131200,identity,20261005,5992420,599.242000,0.854412741,0
2151,load,iget,32,10000,32,0,131200,identity,20261005,5995757,599.575700,1.707874419,0
2152,load,iget,64,10000,32,0,131200,identity,20261005,6007587,600.758700,3.409022624,0
2153,load,iget,96,10000,32,0,131200,identity,20261005,6006833,600.683300,5.114175806,0
2154,load,iget,124,10000,32,0,131200,identity,20261005,5990645,599.064500,6.623660724,0
2155,load,iget,128,10000,32,0,131200,identity,20261005,5992764,599.276400,6.834909568,0
2156,load,iget,132,10000,32,0,131200,identity,20261005,8074961,807.496100,5.230985017,0
2157,load,iget,192,10000,32,0,131200,identity,20261005,8111707,811.170700,7.574238073,0
2158,load,iget,252,10000,32,0,131200,identity,20261005,8073842,807.384200,9.987810017,0
2159,load,iget,256,10000,32,0,131200,identity,20261005,8056287,805.628700,10.168456015,0
2160,load,iget,260,10000,32,0,131200,identity,20261005,10732444,1073.244400,7.752195120,0
2161,load,iget,384,10000,32,0,131200,identity,20261005,10753982,1075.398200,11.426465099,0
2162,load,iget,512,10000,32,0,131200,identity,20261005,12814219,1281.421900,12.785796778,0
2163,load,iget,768,10000,32,0,131200,identity,20261005,16623361,1662.336100,14.784013895,0
2164,load,iget,1024,1000,32,0,131200,identity,20261005,2076628,2076.628000,15.779427033,0
2165,load,iget,1536,1000,32,0,131200,identity,20261005,2737992,2737.992000,17.951842080,0
2166,load,iget,2048,1000,32,0,131200,identity,20261005,3386662,3386.662000,19.351207767,0
2167,load,iget,3072,1000,32,0,131200,identity,20261005,4879273,4879.273000,20.147263742,0
2168,load,iget,4096,1000,32,0,131200,identity,20261005,6333788,6333.788000,20.694093329,0
2169,load,iget,6144,1000,32,0,131200,identity,20261005,9644279,9644.279000,20.385971828,0
2170,load,iget,8192,1000,32,0,131200,identity,20261005,13109474,13109.474000,19.996530753,0
2171,load,iget,12288,1000,32,0,131200,identity,20261005,18831548,18831.548000,20.880705081,0
2172,load,iget,16384,1000,32,0,131200,identity,20261005,25031277,25031.277000,20.945315734,0
2173,load,iget,24576,1000,32,0,131200,identity,20261005,37244405,37244.405000,21.115440024,0
2174,load,iget,32768,1000,32,0,131200,identity,20261005,49014663,49014.663000,21.393108426,0
2175,load,iget,49152,1000,32,0,131200,identity,20261005,73307996,73307.996000,21.455558545,0
2176,load,iget,65536,1000,32,0,131200,identity,20261005,97676275,97676.275000,21.470433839,0
2177,load,iget,98304,1000,32,0,131200,identity,20261005,146561899,146561.899000,21.463477353,0
2178,load,iget,131072,1000,32,0,131200,identity,20261005,196243893,196243.893000,21.372914774,0
2179,load,iget,8,10000,32,4,131200,identity,20261005,5987072,598.707200,0.427587976,0
2180,load,iget,16,10000,32,4,131200,identity,20261005,5996383,599.638300,0.853848061,0
2181,load,iget,32,10000,32,4,131200,identity,20261005,6008887,600.888700,1.704142548,0
2182,load,iget,64,10000,32,4,131200,identity,20261005,5984923,598.492300,3.421932078,0
2183,load,iget,96,10000,32,4,131200,identity,20261005,5987833,598.783300,5.130403603,0
2184,load,iget,124,10000,32,4,131200,identity,20261005,5998437,599.843700,6.615056556,0
2185,load,iget,128,10000,32,4,131200,identity,20261005,8099532,809.953200,5.057082310,0
2186,load,iget,132,10000,32,4,131200,identity,20261005,8075547,807.554700,5.230605431,0
2187,load,iget,192,10000,32,4,131200,identity,20261005,8063337,806.333700,7.619674088,0
2188,load,iget,252,10000,32,4,131200,identity,20261005,8101446,810.144600,9.953778622,0
2189,load,iget,256,10000,32,4,131200,identity,20261005,10753623,1075.362300,7.617897708,0
2190,load,iget,260,10000,32,4,131200,identity,20261005,10721490,1072.149000,7.760115432,0
2191,load,iget,384,10000,32,4,131200,identity,20261005,12805774,1280.577400,9.595671453,0
2192,load,iget,512,10000,32,4,131200,identity,20261005,15481091,1548.109100,10.583233443,0
2193,load,iget,768,10000,32,4,131200,identity,20261005,17849735,1784.973500,13.768271630,0
2194,load,iget,1024,1000,32,4,131200,identity,20261005,2293782,2293.782000,14.285577269,0
2195,load,iget,1536,1000,32,4,131200,identity,20261005,2905567,2905.567000,16.916491686,0
2196,load,iget,2048,1000,32,4,131200,identity,20261005,3592239,3592.239000,18.243774983,0
2197,load,iget,3072,1000,32,4,131200,identity,20261005,5043078,5043.078000,19.492857338,0
2198,load,iget,4096,1000,32,4,131200,identity,20261005,6531101,6531.101000,20.068898031,0
2199,load,iget,6144,1000,32,4,131200,identity,20261005,9906121,9906.121000,19.847122804,0
2200,load,iget,8192,1000,32,4,131200,identity,20261005,13481395,13481.395000,19.444871988,0
2201,load,iget,12288,1000,32,4,131200,identity,20261005,19201975,19201.975000,20.477893550,0
2202,load,iget,16384,1000,32,4,131200,identity,20261005,25232068,25232.068000,20.778637724,0
2203,load,iget,24576,1000,32,4,131200,identity,20261005,37446719,37446.719000,21.001359291,0
2204,load,iget,32768,1000,32,4,131200,identity,20261005,49514875,49514.875000,21.176989743,0
2205,load,iget,49152,1000,32,4,131200,identity,20261005,73579624,73579.624000,21.376352779,0
2206,load,iget,65536,1000,32,4,131200,identity,20261005,97986197,97986.197000,21.402524684,0
2207,load,iget,98304,1000,32,4,131200,identity,20261005,146577402,146577.402000,21.461207233,0
2208,load,iget,131072,1000,32,4,131200,identity,20261005,196420415,196420.415000,21.353707047,0
2209,load,iget,8,10000,64,0,131200,identity,20261005,11409186,1140.918600,0.448761200,0
2210,load,iget,16,10000,64,0,131200,identity,20261005,11394151,1139.415100,0.898706714,0
2211,load,iget,32,10000,64,0,131200,identity,20261005,11405879,1140.587900,1.795565252,0
2212,load,iget,64,10000,64,0,131200,identity,20261005,11392534,1139.253400,3.595337087,0
2213,load,iget,96,10000,64,0,131200,identity,20261005,11402276,1140.227600,5.388397895,0
2214,load,iget,124,10000,64,0,131200,identity,20261005,11396012,1139.601200,6.963839631,0
2215,load,iget,128,10000,64,0,131200,identity,20261005,11402808,1140.280800,7.184195332,0
2216,load,iget,132,10000,64,0,131200,identity,20261005,15844234,1584.423400,5.331908125,0
2217,load,iget,192,10000,64,0,131200,identity,20261005,15848735,1584.873500,7.753300185,0
2218,load,iget,252,10000,64,0,131200,identity,20261005,15856857,1585.685700,10.170994164,0
2219,load,iget,256,10000,64,0,131200,identity,20261005,15835273,1583.527300,10.346521970,0
2220,load,iget,260,10000,64,0,131200,identity,20261005,20058255,2005.825500,8.295836303,0
2221,load,iget,384,10000,64,0,131200,identity,20261005,20034283,2003.428300,12.266972569,0
2222,load,iget,512,10000,64,0,131200,identity,20261005,24832511,2483.251100,13.195604746,0
2223,load,iget,768,10000,64,0,131200,identity,20261005,32465015,3246.501500,15.139989925,0
2224,load,iget,1024,1000,64,0,131200,identity,20261005,3846913,3846.913000,17.035997435,0
2225,load,iget,1536,1000,64,0,131200,identity,20261005,5216557,5216.557000,18.844613411,0
2226,load,iget,2048,1000,64,0,131200,identity,20261005,6589263,6589.263000,19.891754207,0
2227,load,iget,3072,1000,64,0,131200,identity,20261005,9693069,9693.069000,20.283359171,0
2228,load,iget,4096,1000,64,0,131200,identity,20261005,13192411,13192.411000,19.870818154,0
2229,load,iget,6144,1000,64,0,131200,identity,20261005,20951491,20951.491000,18.767924440,0
2230,load,iget,8192,1000,64,0,131200,identity,20261005,25835631,25835.631000,20.293214437,0
2231,load,iget,12288,1000,64,0,131200,identity,20261005,37987324,37987.324000,20.702484860,0
2232,load,iget,16384,1000,64,0,131200,identity,20261005,50439811,50439.811000,20.788658387,0
2233,load,iget,24576,1000,64,0,131200,identity,20261005,75316430,75316.430000,20.883411495,0
2234,load,iget,32768,1000,64,0,131200,identity,20261005,100135258,100135.258000,20.943192656,0
2235,load,iget,49152,1000,64,0,131200,identity,20261005,150187534,150187.534000,20.945333585,0
2236,load,iget,65536,1000,64,0,131200,identity,20261005,200140264,200140.264000,20.956822561,0
2237,load,iget,98304,1000,64,0,131200,identity,20261005,299828936,299828.936000,20.983485063,0
2238,load,iget,131072,1000,64,0,131200,identity,20261005,402070958,402070.958000,20.863501412,0
2239,load,iget,8,10000,64,4,131200,identity,20261005,11401917,1140.191700,0.449047296,0
2240,load,iget,16,10000,64,4,131200,identity,20261005,11415101,1141.510100,0.897057328,0
2241,load,iget,32,10000,64,4,131200,identity,20261005,11407354,1140.735400,1.795333081,0
2242,load,iget,64,10000,64,4,131200,identity,20261005,11420359,1142.035900,3.586577270,0
2243,load,iget,96,10000,64,4,131200,identity,20261005,11402669,1140.266900,5.388212181,0
2244,load,iget,124,10000,64,4,131200,identity,20261005,11420979,1142.097900,6.948616226,0
2245,load,iget,128,10000,64,4,131200,identity,20261005,15859085,1585.908500,5.165493470,0
2246,load,iget,132,10000,64,4,131200,identity,20261005,15869690,1586.969000,5.323355403,0
2247,load,iget,192,10000,64,4,131200,identity,20261005,15859879,1585.987900,7.747852301,0
2248,load,iget,252,10000,64,4,131200,identity,20261005,15858760,1585.876000,10.169773677,0
2249,load,iget,256,10000,64,4,131200,identity,20261005,20026016,2002.601600,8.181357690,0
2250,load,iget,260,10000,64,4,131200,identity,20261005,20067672,2006.767200,8.291943380,0
2251,load,iget,384,10000,64,4,131200,identity,20261005,24813832,2481.383200,9.904153458,0
2252,load,iget,512,10000,64,4,131200,identity,20261005,28536335,2853.633500,11.482904164,0
2253,load,iget,768,10000,64,4,131200,identity,20261005,33729054,3372.905400,14.572599635,0
2254,load,iget,1024,1000,64,4,131200,identity,20261005,4155771,4155.771000,15.769877599,0
2255,load,iget,1536,1000,64,4,131200,identity,20261005,5497114,5497.114000,17.882838158,0
2256,load,iget,2048,1000,64,4,131200,identity,20261005,6942819,6942.819000,18.878786844,0
2257,load,iget,3072,1000,64,4,131200,identity,20261005,10065610,10065.610000,19.532646308,0
2258,load,iget,4096,1000,64,4,131200,identity,20261005,13697647,13697.647000,19.137885507,0
2259,load,iget,6144,1000,64,4,131200,identity,20261005,21757840,21757.840000,18.072382185,0
2260,load,iget,8192,1000,64,4,131200,identity,20261005,26240666,26240.666000,19.979980691,0
2261,load,iget,12288,1000,64,4,131200,identity,20261005,38187201,38187.201000,20.594125241,0
2262,load,iget,16384,1000,64,4,131200,identity,20261005,50721417,50721.417000,20.673239472,0
2263,load,iget,24576,1000,64,4,131200,identity,20261005,75609765,75609.765000,20.802392389,0
2264,load,iget,32768,1000,64,4,131200,identity,20261005,100476121,100476.121000,20.872143342,0
2265,load,iget,49152,1000,64,4,131200,identity,20261005,150591655,150591.655000,20.889125629,0
2266,load,iget,65536,1000,64,4,131200,identity,20261005,200431937,200431.937000,20.926325728,0
2267,load,iget,98304,1000,64,4,131200,identity,20261005,300554138,300554.138000,20.932854366,0
2268,load,iget,131072,1000,64,4,131200,identity,20261005,403108130,403108.130000,20.809820928,0
2269,load,iput,8,10000,1,0,131200,identity,20261005,2340252,234.025200,0.034184353,0
2270,load,iput,16,10000,1,0,131200,identity,20261005,2340230,234.023000,0.068369348,0
2271,load,iput,32,10000,1,0,131200,identity,20261005,2340246,234.024600,0.136737762,0
2272,load,iput,64,10000,1,0,131200,identity,20261005,2340306,234.030600,0.273468512,0
2273,load,iput,96,10000,1,0,131200,identity,20261005,2350407,235.040700,0.408439900,0
2274,load,iput,124,10000,1,0,131200,identity,20261005,3673759,367.375900,0.337528945,0
2275,load,iput,128,10000,1,0,131200,identity,20261005,2400101,240.010100,0.533310890,0
2276,load,iput,132,10000,1,0,131200,identity,20261005,2460473,246.047300,0.536482213,0
2277,load,iput,192,10000,1,0,131200,identity,20261005,2460298,246.029800,0.780393269,0
2278,load,iput,252,10000,1,0,131200,identity,20261005,3705148,370.514800,0.680134775,0
2279,load,iput,256,10000,1,0,131200,identity,20261005,2460441,246.044100,1.040463884,0
2280,load,iput,260,10000,1,0,131200,identity,20261005,2477777,247.777700,1.049327684,0
2281,load,iput,384,10000,1,0,131200,identity,20261005,2525429,252.542900,1.520533739,0
2282,load,iput,512,10000,1,0,131200,identity,20261005,2588751,258.875100,1.977787744,0
2283,load,iput,768,10000,1,0,131200,identity,20261005,2709948,270.994800,2.834002719,0
2284,load,iput,1024,1000,1,0,131200,identity,20261005,293070,293.070000,3.494045791,0
2285,load,iput,1536,1000,1,0,131200,identity,20261005,320843,320.843000,4.787388224,0
2286,load,iput,2048,1000,1,0,131200,identity,20261005,349135,349.135000,5.865925788,0
2287,load,iput,3072,1000,1,0,131200,identity,20261005,404588,404.588000,7.592909330,0
2288,load,iput,4096,1000,1,0,131200,identity,20261005,459617,459.617000,8.911767841,0
2289,load,iput,6144,1000,1,0,131200,identity,20261005,568702,568.702000,10.803549135,0
2290,load,iput,8192,1000,1,0,131200,identity,20261005,677413,677.413000,12.093065825,0
2291,load,iput,12288,1000,1,0,131200,identity,20261005,896363,896.363000,13.708731842,0
2292,load,iput,16384,1000,1,0,131200,identity,20261005,1115744,1115.744000,14.684372042,0
2293,load,iput,24576,1000,1,0,131200,identity,20261005,1551734,1551.734000,15.837766009,0
2294,load,iput,32768,1000,1,0,131200,identity,20261005,1989038,1989.038000,16.474295614,0
2295,load,iput,49152,1000,1,0,131200,identity,20261005,2863503,2863.503000,17.164989874,0
2296,load,iput,65536,1000,1,0,131200,identity,20261005,3734834,3734.834000,17.547232354,0
2297,load,iput,98304,1000,1,0,131200,identity,20261005,5480284,5480.284000,17.937756510,0
2298,load,iput,131072,1000,1,0,131200,identity,20261005,7226759,7226.759000,18.137037640,0
2299,load,iput,8,10000,1,4,131200,identity,20261005,2282776,228.277600,0.035045050,0
2300,load,iput,16,10000,1,4,131200,identity,20261005,2282575,228.257500,0.070096273,0
2301,load,iput,32,10000,1,4,131200,identity,20261005,2282790,228.279000,0.140179342,0
2302,load,iput,64,10000,1,4,131200,identity,20261005,3684069,368.406900,0.173720959,0
2303,load,iput,96,10000,1,4,131200,identity,20261005,3672910,367.291000,0.261373135,0
2304,load,iput,124,10000,1,4,131200,identity,20261005,3677904,367.790400,0.337148550,0
2305,load,iput,128,10000,1,4,131200,identity,20261005,3885798,388.579800,0.329404668,0
2306,load,iput,132,10000,1,4,131200,identity,20261005,3898599,389.859900,0.338583168,0
2307,load,iput,192,10000,1,4,131200,identity,20261005,4533799,453.379900,0.423485911,0
2308,load,iput,252,10000,1,4,131200,identity,20261005,3704291,370.429100,0.680292126,0
2309,load,iput,256,10000,1,4,131200,identity,20261005,3723210,372.321000,0.687578729,0
2310,load,iput,260,10000,1,4,131200,identity,20261005,3721861,372.186100,0.698575256,0
2311,load,iput,384,10000,1,4,131200,identity,20261005,3742895,374.289500,1.025943822,0
2312,load,iput,512,10000,1,4,131200,identity,20261005,4068480,406.848000,1.258455246,0
2313,load,iput,768,10000,1,4,131200,identity,20261005,4347593,434.759300,1.766494702,0
2314,load,iput,1024,1000,1,4,131200,identity,20261005,457545,457.545000,2.238031232,0
2315,load,iput,1536,1000,1,4,131200,identity,20261005,475933,475.933000,3.227345025,0
2316,load,iput,2048,1000,1,4,131200,identity,20261005,503630,503.630000,4.066477374,0
2317,load,iput,3072,1000,1,4,131200,identity,20261005,583160,583.160000,5.267851019,0
2318,load,iput,4096,1000,1,4,131200,identity,20261005,654031,654.031000,6.262700086,0
2319,load,iput,6144,1000,1,4,131200,identity,20261005,709799,709.799000,8.655971620,0
2320,load,iput,8192,1000,1,4,131200,identity,20261005,792997,792.997000,10.330430002,0
2321,load,iput,12288,1000,1,4,131200,identity,20261005,1062827,1062.827000,11.561618213,0
2322,load,iput,16384,1000,1,4,131200,identity,20261005,1472543,1472.543000,11.126330437,0
2323,load,iput,24576,1000,1,4,131200,identity,20261005,1839204,1839.204000,13.362302387,0
2324,load,iput,32768,1000,1,4,131200,identity,20261005,2127958,2127.958000,15.398800164,0
2325,load,iput,49152,1000,1,4,131200,identity,20261005,2869170,2869.170000,17.131086691,0
2326,load,iput,65536,1000,1,4,131200,identity,20261005,3740556,3740.556000,17.520390017,0
2327,load,iput,98304,1000,1,4,131200,identity,20261005,5485794,5485.794000,17.919739604,0
2328,load,iput,131072,1000,1,4,131200,identity,20261005,7233861,7233.861000,18.119231210,0
2329,load,iput,8,10000,2,0,131200,identity,20261005,2341309,234.130900,0.068337840,0
2330,load,iput,16,10000,2,0,131200,identity,20261005,2341596,234.159600,0.136658928,0
2331,load,iput,32,10000,2,0,131200,identity,20261005,2341882,234.188200,0.273284478,0
2332,load,iput,64,10000,2,0,131200,identity,20261005,2341698,234.169800,0.546611903,0
2333,load,iput,96,10000,2,0,131200,identity,20261005,2350902,235.090200,0.816707800,0
2334,load,iput,124,10000,2,0,131200,identity,20261005,3666952,366.695200,0.676311007,0
2335,load,iput,128,10000,2,0,131200,identity,20261005,2401014,240.101400,1.066216190,0
2336,load,iput,132,10000,2,0,131200,identity,20261005,2468162,246.816200,1.069621848,0
2337,load,iput,192,10000,2,0,131200,identity,20261005,2469174,246.917400,1.555175941,0
2338,load,iput,252,10000,2,0,131200,identity,20261005,3825349,382.534900,1.317526845,0
2339,load,iput,256,10000,2,0,131200,identity,20261005,2468699,246.869900,2.073966895,0
2340,load,iput,260,10000,2,0,131200,identity,20261005,2529885,252.988500,2.055429397,0
2341,load,iput,384,10000,2,0,131200,identity,20261005,2529537,252.953700,3.036128746,0
2342,load,iput,512,10000,2,0,131200,identity,20261005,2589159,258.915900,3.954952168,0
2343,load,iput,768,10000,2,0,131200,identity,20261005,2711138,271.113800,5.665517580,0
2344,load,iput,1024,1000,2,0,131200,identity,20261005,295110,295.110000,6.939785165,0
2345,load,iput,1536,1000,2,0,131200,identity,20261005,322879,322.879000,9.514400131,0
2346,load,iput,2048,1000,2,0,131200,identity,20261005,349925,349.925000,11.705365435,0
2347,load,iput,3072,1000,2,0,131200,identity,20261005,408187,408.187000,15.051924731,0
2348,load,iput,4096,1000,2,0,131200,identity,20261005,464477,464.477000,17.637041231,0
2349,load,iput,6144,1000,2,0,131200,identity,20261005,669388,669.388000,18.357066455,0
2350,load,iput,8192,1000,2,0,131200,identity,20261005,886716,886.716000,18.477167436,0
2351,load,iput,12288,1000,2,0,131200,identity,20261005,1324817,1324.817000,18.550486596,0
2352,load,iput,16384,1000,2,0,131200,identity,20261005,1762326,1762.326000,18.593608674,0
2353,load,iput,24576,1000,2,0,131200,identity,20261005,2631446,2631.446000,18.678703648,0
2354,load,iput,32768,1000,2,0,131200,identity,20261005,3505702,3505.702000,18.694116043,0
2355,load,iput,49152,1000,2,0,131200,identity,20261005,5251556,5251.556000,18.719023467,0
2356,load,iput,65536,1000,2,0,131200,identity,20261005,6997111,6997.111000,18.732302517,0
2357,load,iput,98304,1000,2,0,131200,identity,20261005,10488452,10488.452000,18.745187564,0
2358,load,iput,131072,1000,2,0,131200,identity,20261005,13981520,13981.520000,18.749320532,0
2359,load,iput,8,10000,2,4,131200,identity,20261005,2286504,228.650400,0.069975823,0
2360,load,iput,16,10000,2,4,131200,identity,20261005,2285870,228.587000,0.139990463,0
2361,load,iput,32,10000,2,4,131200,identity,20261005,2286065,228.606500,0.279957044,0
2362,load,iput,64,10000,2,4,131200,identity,20261005,3668338,366.833800,0.348931860,0
2363,load,iput,96,10000,2,4,131200,identity,20261005,3683532,368.353200,0.521238854,0
2364,load,iput,124,10000,2,4,131200,identity,20261005,3693380,369.338000,0.671471660,0
2365,load,iput,128,10000,2,4,131200,identity,20261005,4195617,419.561700,0.610160556,0
2366,load,iput,132,10000,2,4,131200,identity,20261005,4383144,438.314400,0.602307385,0
2367,load,iput,192,10000,2,4,131200,identity,20261005,5291142,529.114200,0.725741248,0
2368,load,iput,252,10000,2,4,131200,identity,20261005,3851934,385.193400,1.308433634,0
2369,load,iput,256,10000,2,4,131200,identity,20261005,3797076,379.707600,1.348405984,0
2370,load,iput,260,10000,2,4,131200,identity,20261005,3805002,380.500200,1.366622146,0
2371,load,iput,384,10000,2,4,131200,identity,20261005,4119253,411.925300,1.864415708,0
2372,load,iput,512,10000,2,4,131200,identity,20261005,4316683,431.668300,2.372191796,0
2373,load,iput,768,10000,2,4,131200,identity,20261005,4747220,474.722000,3.235577875,0
2374,load,iput,1024,1000,2,4,131200,identity,20261005,503685,503.685000,4.066033334,0
2375,load,iput,1536,1000,2,4,131200,identity,20261005,555806,555.806000,5.527108380,0
2376,load,iput,2048,1000,2,4,131200,identity,20261005,604255,604.255000,6.778595130,0
2377,load,iput,3072,1000,2,4,131200,identity,20261005,755824,755.824000,8.128876564,0
2378,load,iput,4096,1000,2,4,131200,identity,20261005,924672,924.672000,8.859357697,0
2379,load,iput,6144,1000,2,4,131200,identity,20261005,1249881,1249.881000,9.831335943,0
2380,load,iput,8192,1000,2,4,131200,identity,20261005,1387749,1387.749000,11.806169559,0
2381,load,iput,12288,1000,2,4,131200,identity,20261005,1998648,1998.648000,12.296312307,0
2382,load,iput,16384,1000,2,4,131200,identity,20261005,2131341,2131.341000,15.374358209,0
2383,load,iput,24576,1000,2,4,131200,identity,20261005,2786099,2786.099000,17.641871305,0
2384,load,iput,32768,1000,2,4,131200,identity,20261005,3548665,3548.665000,18.467790000,0
2385,load,iput,49152,1000,2,4,131200,identity,20261005,5267132,5267.132000,18.663667438,0
2386,load,iput,65536,1000,2,4,131200,identity,20261005,7008281,7008.281000,18.702446434,0
2387,load,iput,98304,1000,2,4,131200,identity,20261005,10498731,10498.731000,18.726834700,0
2388,load,iput,131072,1000,2,4,131200,identity,20261005,13992173,13992.173000,18.735045657,0
2389,load,iput,8,10000,4,0,131200,identity,20261005,3741990,374.199000,0.085515995,0
2390,load,iput,16,10000,4,0,131200,identity,20261005,3736800,373.680000,0.171269535,0
2391,load,iput,32,10000,4,0,131200,identity,20261005,3747148,374.714800,0.341593126,0
2392,load,iput,64,10000,4,0,131200,identity,20261005,3738022,373.802200,0.684854182,0
2393,load,iput,96,10000,4,0,131200,identity,20261005,3750898,375.089800,1.023754845,0
2394,load,iput,124,10000,4,0,131200,identity,20261005,7863543,786.354300,0.630758934,0
2395,load,iput,128,10000,4,0,131200,identity,20261005,2409329,240.932900,2.125072998,0
2396,load,iput,132,10000,4,0,131200,identity,20261005,3431422,343.142200,1.538720682,0
2397,load,iput,192,10000,4,0,131200,identity,20261005,3373069,337.306900,2.276858256,0
2398,load,iput,252,10000,4,0,131200,identity,20261005,7790604,779.060400,1.293866304,0
2399,load,iput,256,10000,4,0,131200,identity,20261005,2470110,247.011000,4.145564368,0
2400,load,iput,260,10000,4,0,131200,identity,20261005,2615072,261.507200,3.976945950,0
2401,load,iput,384,10000,4,0,131200,identity,20261005,2532186,253.218600,6.065905111,0
2402,load,iput,512,10000,4,0,131200,identity,20261005,2616220,261.622000,7.828087852,0
2403,load,iput,768,10000,4,0,131200,identity,20261005,2760533,276.053300,11.128285733,0
2404,load,iput,1024,1000,4,0,131200,identity,20261005,308716,308.716000,13.267857837,0
2405,load,iput,1536,1000,4,0,131200,identity,20261005,363762,363.762000,16.890164448,0
2406,load,iput,2048,1000,4,0,131200,identity,20261005,409975,409.975000,19.981706202,0
2407,load,iput,3072,1000,4,0,131200,identity,20261005,617691,617.691000,19.893441867,0
2408,load,iput,4096,1000,4,0,131200,identity,20261005,805664,805.664000,20.336020972,0
2409,load,iput,6144,1000,4,0,131200,identity,20261005,1211431,1211.431000,20.286751784,0
2410,load,iput,8192,1000,4,0,131200,identity,20261005,1625221,1625.221000,20.162181020,0
2411,load,iput,12288,1000,4,0,131200,identity,20261005,2449423,2449.423000,20.066766745,0
2412,load,iput,16384,1000,4,0,131200,identity,20261005,3238226,3238.226000,20.238241556,0
2413,load,iput,24576,1000,4,0,131200,identity,20261005,4773524,4773.524000,20.593590815,0
2414,load,iput,32768,1000,4,0,131200,identity,20261005,6293043,6293.043000,20.828079516,0
2415,load,iput,49152,1000,4,0,131200,identity,20261005,9368310,9368.310000,20.986495964,0
2416,load,iput,65536,1000,4,0,131200,identity,20261005,12385848,12385.848000,21.164800343,0
2417,load,iput,98304,1000,4,0,131200,identity,20261005,18436666,18436.666000,21.327934237,0
2418,load,iput,131072,1000,4,0,131200,identity,20261005,24586366,24586.366000,21.324338863,0
2419,load,iput,8,10000,4,4,131200,identity,20261005,3739848,373.984800,0.085564975,0
2420,load,iput,16,10000,4,4,131200,identity,20261005,3739146,373.914600,0.171162078,0
2421,load,iput,32,10000,4,4,131200,identity,20261005,3742922,374.292200,0.341978807,0
2422,load,iput,64,10000,4,4,131200,identity,20261005,8044250,804.425000,0.318239736,0
2423,load,iput,96,10000,4,4,131200,identity,20261005,7911827,791.182700,0.485349338,0
2424,load,iput,124,10000,4,4,131200,identity,20261005,7876733,787.673300,0.629702695,0
2425,load,iput,128,10000,4,4,131200,identity,20261005,10071977,1007.197700,0.508341113,0
2426,load,iput,132,10000,4,4,131200,identity,20261005,10103927,1010.392700,0.522569096,0
2427,load,iput,192,10000,4,4,131200,identity,20261005,13076032,1307.603200,0.587334139,0
2428,load,iput,252,10000,4,4,131200,identity,20261005,9042075,904.207500,1.114788364,0
2429,load,iput,256,10000,4,4,131200,identity,20261005,8554769,855.476900,1.196993163,0
2430,load,iput,260,10000,4,4,131200,identity,20261005,8634834,863.483400,1.204423849,0
2431,load,iput,384,10000,4,4,131200,identity,20261005,8351837,835.183700,1.839116352,0
2432,load,iput,512,10000,4,4,131200,identity,20261005,8751914,875.191400,2.340059557,0
2433,load,iput,768,10000,4,4,131200,identity,20261005,8995901,899.590100,3.414888625,0
2434,load,iput,1024,1000,4,4,131200,identity,20261005,960948,960.948000,4.262457490,0
2435,load,iput,1536,1000,4,4,131200,identity,20261005,1068852,1068.852000,5.748223327,0
2436,load,iput,2048,1000,4,4,131200,identity,20261005,1314531,1314.531000,6.231880420,0
2437,load,iput,3072,1000,4,4,131200,identity,20261005,1784501,1784.501000,6.885958596,0
2438,load,iput,4096,1000,4,4,131200,identity,20261005,2352986,2352.986000,6.963067354,0
2439,load,iput,6144,1000,4,4,131200,identity,20261005,2501191,2501.191000,9.825719027,0
2440,load,iput,8192,1000,4,4,131200,identity,20261005,3044968,3044.968000,10.761361039,0
2441,load,iput,12288,1000,4,4,131200,identity,20261005,3468448,3468.448000,14.171179732,0
2442,load,iput,16384,1000,4,4,131200,identity,20261005,3928178,3928.178000,16.683561692,0
2443,load,iput,24576,1000,4,4,131200,identity,20261005,5410020,5410.020000,18.170727650,0
2444,load,iput,32768,1000,4,4,131200,identity,20261005,6914045,6914.045000,18.957354197,0
2445,load,iput,49152,1000,4,4,131200,identity,20261005,9931826,9931.826000,19.795755584,0
2446,load,iput,65536,1000,4,4,131200,identity,20261005,12978234,12978.234000,20.198741986,0
2447,load,iput,98304,1000,4,4,131200,identity,20261005,19018453,19018.453000,20.675498685,0
2448,load,iput,131072,1000,4,4,131200,identity,20261005,25182463,25182.463000,20.819567967,0
2449,load,iput,8,10000,8,0,131200,identity,20261005,3982616,398.261600,0.160698395,0
2450,load,iput,16,10000,8,0,131200,identity,20261005,3984663,398.466300,0.321231683,0
2451,load,iput,32,10000,8,0,131200,identity,20261005,3985478,398.547800,0.642331986,0
2452,load,iput,64,10000,8,0,131200,identity,20261005,3981147,398.114700,1.286061530,0
2453,load,iput,96,10000,8,0,131200,identity,20261005,3991009,399.100900,1.924325402,0
2454,load,iput,124,10000,8,0,131200,identity,20261005,8031081,803.108100,1.235201089,0
2455,load,iput,128,10000,8,0,131200,identity,20261005,2408953,240.895300,4.250809377,0
2456,load,iput,132,10000,8,0,131200,identity,20261005,4925887,492.588700,2.143776339,0
2457,load,iput,192,10000,8,0,131200,identity,20261005,4905985,490.598500,3.130869744,0
2458,load,iput,252,10000,8,0,131200,identity,20261005,8656131,865.613100,2.328985086,0
2459,load,iput,256,10000,8,0,131200,identity,20261005,2479745,247.974500,8.258913719,0
2460,load,iput,260,10000,8,0,131200,identity,20261005,5493269,549.326900,3.786452111,0
2461,load,iput,384,10000,8,0,131200,identity,20261005,2572175,257.217500,11.943199821,0
2462,load,iput,512,10000,8,0,131200,identity,20261005,2661191,266.119100,15.391604736,0
2463,load,iput,768,10000,8,0,131200,identity,20261005,3774063,377.406300,16.279537464,0
2464,load,iput,1024,1000,8,0,131200,identity,20261005,472325,472.325000,17.343989838,0
2465,load,iput,1536,1000,8,0,131200,identity,20261005,637844,637.844000,19.264898627,0
2466,load,iput,2048,1000,8,0,131200,identity,20261005,843020,843.020000,19.434888852,0
2467,load,iput,3072,1000,8,0,131200,identity,20261005,1261208,1261.208000,19.486080012,0
2468,load,iput,4096,1000,8,0,131200,identity,20261005,1674414,1674.414000,19.569831595,0
2469,load,iput,6144,1000,8,0,131200,identity,20261005,2551439,2551.439000,19.264422939,0
2470,load,iput,8192,1000,8,0,131200,identity,20261005,3389065,3389.065000,19.337486888,0
2471,load,iput,12288,1000,8,0,131200,identity,20261005,5004126,5004.126000,19.644589285,0
2472,load,iput,16384,1000,8,0,131200,identity,20261005,6637156,6637.156000,19.748217459,0
2473,load,iput,24576,1000,8,0,131200,identity,20261005,9784652,9784.652000,20.093509713,0
2474,load,iput,32768,1000,8,0,131200,identity,20261005,12950428,12950.428000,20.242110917,0
2475,load,iput,49152,1000,8,0,131200,identity,20261005,19302581,19302.581000,20.371161763,0
2476,load,iput,65536,1000,8,0,131200,identity,20261005,25639076,25639.076000,20.448786844,0
2477,load,iput,98304,1000,8,0,131200,identity,20261005,38284457,38284.457000,20.541808912,0
2478,load,iput,131072,1000,8,0,131200,identity,20261005,50994282,50994.282000,20.562619158,0
2479,load,iput,8,10000,8,4,131200,identity,20261005,3984321,398.432100,0.160629628,0
2480,load,iput,16,10000,8,4,131200,identity,20261005,3974620,397.462000,0.322043365,0
2481,load,iput,32,10000,8,4,131200,identity,20261005,3984875,398.487500,0.642429185,0
2482,load,iput,64,10000,8,4,131200,identity,20261005,8013684,801.368400,0.638907149,0
2483,load,iput,96,10000,8,4,131200,identity,20261005,8022281,802.228100,0.957333706,0
2484,load,iput,124,10000,8,4,131200,identity,20261005,7998380,799.838000,1.240251151,0
2485,load,iput,128,10000,8,4,131200,identity,20261005,10480267,1048.026700,0.977074344,0
2486,load,iput,132,10000,8,4,131200,identity,20261005,10479852,1047.985200,1.007647818,0
2487,load,iput,192,10000,8,4,131200,identity,20261005,14023153,1402.315300,1.095331414,0
2488,load,iput,252,10000,8,4,131200,identity,20261005,9115303,911.530300,2.211665372,0
2489,load,iput,256,10000,8,4,131200,identity,20261005,11892442,1189.244200,1.722102155,0
2490,load,iput,260,10000,8,4,131200,identity,20261005,11937975,1193.797500,1.742339048,0
2491,load,iput,384,10000,8,4,131200,identity,20261005,11818208,1181.820800,2.599378857,0
2492,load,iput,512,10000,8,4,131200,identity,20261005,11363951,1136.395100,3.604380202,0
2493,load,iput,768,10000,8,4,131200,identity,20261005,12340119,1234.011900,4.978882294,0
2494,load,iput,1024,1000,8,4,131200,identity,20261005,1438688,1438.688000,5.694076826,0
2495,load,iput,1536,1000,8,4,131200,identity,20261005,1714782,1714.782000,7.165925465,0
2496,load,iput,2048,1000,8,4,131200,identity,20261005,2083764,2083.764000,7.862694624,0
2497,load,iput,3072,1000,8,4,131200,identity,20261005,2786489,2786.489000,8.819701065,0
2498,load,iput,4096,1000,8,4,131200,identity,20261005,3740437,3740.437000,8.760473709,0
2499,load,iput,6144,1000,8,4,131200,identity,20261005,3607442,3607.442000,13.625167085,0
2500,load,iput,8192,1000,8,4,131200,identity,20261005,4629017,4629.017000,14.157649453,0
2501,load,iput,12288,1000,8,4,131200,identity,20261005,6151545,6151.545000,15.980375662,0
2502,load,iput,16384,1000,8,4,131200,identity,20261005,7662572,7662.572000,17.105483642,0
2503,load,iput,24576,1000,8,4,131200,identity,20261005,10942996,10942.996000,17.966560529,0
2504,load,iput,32768,1000,8,4,131200,identity,20261005,14197077,14197.077000,18.464645927,0
2505,load,iput,49152,1000,8,4,131200,identity,20261005,20607578,20607.578000,19.081136075,0
2506,load,iput,65536,1000,8,4,131200,identity,20261005,26920469,26920.469000,19.475440788,0
2507,load,iput,98304,1000,8,4,131200,identity,20261005,39662624,39662.624000,19.828037600,0
2508,load,iput,131072,1000,8,4,131200,identity,20261005,52428055,52428.055000,20.000284199,0
2509,load,iput,8,10000,16,0,131200,identity,20261005,7736754,773.675400,0.165444061,0
2510,load,iput,16,10000,16,0,131200,identity,20261005,7737509,773.750900,0.330855835,0
2511,load,iput,32,10000,16,0,131200,identity,20261005,7727107,772.710700,0.662602446,0
2512,load,iput,64,10000,16,0,131200,identity,20261005,7643877,764.387700,1.339634324,0
2513,load,iput,96,10000,16,0,131200,identity,20261005,7711149,771.114900,1.991921048,0
2514,load,iput,124,10000,16,0,131200,identity,20261005,14543380,1454.338000,1.364194568,0
2515,load,iput,128,10000,16,0,131200,identity,20261005,2410037,241.003700,8.497794847,0
2516,load,iput,132,10000,16,0,131200,identity,20261005,7557830,755.783000,2.794452905,0
2517,load,iput,192,10000,16,0,131200,identity,20261005,7484837,748.483700,4.104297796,0
2518,load,iput,252,10000,16,0,131200,identity,20261005,13956416,1395.641600,2.888993851,0
2519,load,iput,256,10000,16,0,131200,identity,20261005,2494326,249.432600,16.421269714,0
2520,load,iput,260,10000,16,0,131200,identity,20261005,9281195,928.119500,4.482181443,0
2521,load,iput,384,10000,16,0,131200,identity,20261005,3105368,310.536800,19.785094713,0
2522,load,iput,512,10000,16,0,131200,identity,20261005,4221221,422.122100,19.406707206,0
2523,load,iput,768,10000,16,0,131200,identity,20261005,6187486,618.748600,19.859438874,0
2524,load,iput,1024,1000,16,0,131200,identity,20261005,837993,837.993000,19.551475967,0
2525,load,iput,1536,1000,16,0,131200,identity,20261005,1296217,1296.217000,18.959788369,0
2526,load,iput,2048,1000,16,0,131200,identity,20261005,1801364,1801.364000,18.190659967,0
2527,load,iput,3072,1000,16,0,131200,identity,20261005,2877649,2877.649000,17.080609901,0
2528,load,iput,4096,1000,16,0,131200,identity,20261005,3761596,3761.596000,17.422391985,0
2529,load,iput,6144,1000,16,0,131200,identity,20261005,5188260,5188.260000,18.947392768,0
2530,load,iput,8192,1000,16,0,131200,identity,20261005,6823296,6823.296000,19.209484683,0
2531,load,iput,12288,1000,16,0,131200,identity,20261005,9914839,9914.839000,19.829671465,0
2532,load,iput,16384,1000,16,0,131200,identity,20261005,13027642,13027.642000,20.122137222,0
2533,load,iput,24576,1000,16,0,131200,identity,20261005,19310743,19310.743000,20.362551560,0
2534,load,iput,32768,1000,16,0,131200,identity,20261005,25649678,25649.678000,20.440334573,0
2535,load,iput,49152,1000,16,0,131200,identity,20261005,38423732,38423.732000,20.467350751,0
2536,load,iput,65536,1000,16,0,131200,identity,20261005,51023194,51023.194000,20.550967468,0
2537,load,iput,98304,1000,16,0,131200,identity,20261005,76233974,76233.974000,20.632060976,0
2538,load,iput,131072,1000,16,0,131200,identity,20261005,102677742,102677.742000,20.424601858,0
2539,load,iput,8,10000,16,4,131200,identity,20261005,7707861,770.786100,0.166064230,0
2540,load,iput,16,10000,16,4,131200,identity,20261005,7666930,766.693000,0.333901575,0
2541,load,iput,32,10000,16,4,131200,identity,20261005,7762979,776.297900,0.659540622,0
2542,load,iput,64,10000,16,4,131200,identity,20261005,14506493,1450.649300,0.705890804,0
2543,load,iput,96,10000,16,4,131200,identity,20261005,14684298,1468.429800,1.046015274,0
2544,load,iput,124,10000,16,4,131200,identity,20261005,14777495,1477.749500,1.342582082,0
2545,load,iput,128,10000,16,4,131200,identity,20261005,16173115,1617.311500,1.266299040,0
2546,load,iput,132,10000,16,4,131200,identity,20261005,16169054,1616.905400,1.306198866,0
2547,load,iput,192,10000,16,4,131200,identity,20261005,19460891,1946.089100,1.578550540,0
2548,load,iput,252,10000,16,4,131200,identity,20261005,14485542,1448.554200,2.783465058,0
2549,load,iput,256,10000,16,4,131200,identity,20261005,18535307,1853.530700,2.209836611,0
2550,load,iput,260,10000,16,4,131200,identity,20261005,18644706,1864.470600,2.231196351,0
2551,load,iput,384,10000,16,4,131200,identity,20261005,19075929,1907.592900,3.220812994,0
2552,load,iput,512,10000,16,4,131200,identity,20261005,20564460,2056.446000,3.983571657,0
2553,load,iput,768,10000,16,4,131200,identity,20261005,22467716,2246.771600,5.469180757,0
2554,load,iput,1024,1000,16,4,131200,identity,20261005,3061200,3061.200000,5.352149484,0
2555,load,iput,1536,1000,16,4,131200,identity,20261005,3507886,3507.886000,7.005928927,0
2556,load,iput,2048,1000,16,4,131200,identity,20261005,4139989,4139.989000,7.914996876,0
2557,load,iput,3072,1000,16,4,131200,identity,20261005,4935179,4935.179000,9.959517173,0
2558,load,iput,4096,1000,16,4,131200,identity,20261005,6229037,6229.037000,10.521048438,0
2559,load,iput,6144,1000,16,4,131200,identity,20261005,7212854,7212.854000,13.629001779,0
2560,load,iput,8192,1000,16,4,131200,identity,20261005,9448622,9448.622000,13.872075738,0
2561,load,iput,12288,1000,16,4,131200,identity,20261005,12453696,12453.696000,15.787120546,0
2562,load,iput,16384,1000,16,4,131200,identity,20261005,15750062,15750.062000,16.643997973,0
2563,load,iput,24576,1000,16,4,131200,identity,20261005,22201188,22201.188000,17.711484629,0
2564,load,iput,32768,1000,16,4,131200,identity,20261005,28446828,28446.828000,18.430455585,0
2565,load,iput,49152,1000,16,4,131200,identity,20261005,40778188,40778.188000,19.285604353,0
2566,load,iput,65536,1000,16,4,131200,identity,20261005,53364138,53364.138000,19.649450723,0
2567,load,iput,98304,1000,16,4,131200,identity,20261005,78692495,78692.495000,19.987471486,0
2568,load,iput,131072,1000,16,4,131200,identity,20261005,106463863,106463.863000,19.698251979,0
2569,load,iput,8,10000,32,0,131200,identity,20261005,9281272,928.127200,0.275824262,0
2570,load,iput,16,10000,32,0,131200,identity,20261005,9333478,933.347800,0.548562926,0
2571,load,iput,32,10000,32,0,131200,identity,20261005,9269850,926.985000,1.104656494,0
2572,load,iput,64,10000,32,0,131200,identity,20261005,9303985,930.398500,2.201207332,0
2573,load,iput,96,10000,32,0,131200,identity,20261005,9322861,932.286100,3.295125820,0
2574,load,iput,124,10000,32,0,131200,identity,20261005,17706395,1770.639500,2.240998238,0
2575,load,iput,128,10000,32,0,131200,identity,20261005,2534022,253.402200,16.164026990,0
2576,load,iput,132,10000,32,0,131200,identity,20261005,11306127,1130.612700,3.736027377,0
2577,load,iput,192,10000,32,0,131200,identity,20261005,11386000,1138.600000,5.396100474,0
2578,load,iput,252,10000,32,0,131200,identity,20261005,19040326,1904.032600,4.235221603,0
2579,load,iput,256,10000,32,0,131200,identity,20261005,4344499,434.449900,18.856029199,0
2580,load,iput,260,10000,32,0,131200,identity,20261005,16533083,1653.308300,5.032334260,0
2581,load,iput,384,10000,32,0,131200,identity,20261005,6470489,647.048900,18.990836705,0
2582,load,iput,512,10000,32,0,131200,identity,20261005,8718175,871.817500,18.792923978,0
2583,load,iput,768,10000,32,0,131200,identity,20261005,12908233,1290.823300,19.039011769,0
2584,load,iput,1024,1000,32,0,131200,identity,20261005,1772909,1772.909000,18.482618115,0
2585,load,iput,1536,1000,32,0,131200,identity,20261005,2811872,2811.872000,17.480169794,0
2586,load,iput,2048,1000,32,0,131200,identity,20261005,3892369,3892.369000,16.837047053,0
2587,load,iput,3072,1000,32,0,131200,identity,20261005,5956904,5956.904000,16.502532188,0
2588,load,iput,4096,1000,32,0,131200,identity,20261005,7739702,7739.702000,16.935018945,0
2589,load,iput,6144,1000,32,0,131200,identity,20261005,11102811,11102.811000,17.707948014,0
2590,load,iput,8192,1000,32,0,131200,identity,20261005,14854588,14854.588000,17.647342356,0
2591,load,iput,12288,1000,32,0,131200,identity,20261005,21690842,21690.842000,18.128203599,0
2592,load,iput,16384,1000,32,0,131200,identity,20261005,28550333,28550.333000,18.363638701,0
2593,load,iput,24576,1000,32,0,131200,identity,20261005,42366626,42366.626000,18.562535520,0
2594,load,iput,32768,1000,32,0,131200,identity,20261005,56148047,56148.047000,18.675199869,0
2595,load,iput,49152,1000,32,0,131200,identity,20261005,83922226,83922.226000,18.741924219,0
2596,load,iput,65536,1000,32,0,131200,identity,20261005,111715113,111715.113000,18.772321342,0
2597,load,iput,98304,1000,32,0,131200,identity,20261005,167064039,167064.039000,18.829474128,0
2598,load,iput,131072,1000,32,0,131200,identity,20261005,227467490,227467.490000,18.439136072,0
2599,load,iput,8,10000,32,4,131200,identity,20261005,9329561,932.956100,0.274396620,0
2600,load,iput,16,10000,32,4,131200,identity,20261005,9360272,936.027200,0.546992651,0
2601,load,iput,32,10000,32,4,131200,identity,20261005,9287223,928.722300,1.102590085,0
2602,load,iput,64,10000,32,4,131200,identity,20261005,17690572,1769.057200,1.157678791,0
2603,load,iput,96,10000,32,4,131200,identity,20261005,17719421,1771.942100,1.733690960,0
2604,load,iput,124,10000,32,4,131200,identity,20261005,17704916,1770.491600,2.241185443,0
2605,load,iput,128,10000,32,4,131200,identity,20261005,24953581,2495.358100,1.641447775,0
2606,load,iput,132,10000,32,4,131200,identity,20261005,24760850,2476.085000,1.705918819,0
2607,load,iput,192,10000,32,4,131200,identity,20261005,32579609,3257.960900,1.885842154,0
2608,load,iput,252,10000,32,4,131200,identity,20261005,19836821,1983.682100,4.065167498,0
2609,load,iput,256,10000,32,4,131200,identity,20261005,28563994,2856.399400,2.867946268,0
2610,load,iput,260,10000,32,4,131200,identity,20261005,28680709,2868.070900,2.900904577,0
2611,load,iput,384,10000,32,4,131200,identity,20261005,33852363,3385.236300,3.629879545,0
2612,load,iput,512,10000,32,4,131200,identity,20261005,38660868,3866.086800,4.237876915,0
2613,load,iput,768,10000,32,4,131200,identity,20261005,46017546,4601.754600,5.340571616,0
2614,load,iput,1024,1000,32,4,131200,identity,20261005,5700127,5700.127000,5.748643846,0
2615,load,iput,1536,1000,32,4,131200,identity,20261005,6781462,6781.462000,7.247994606,0
2616,load,iput,2048,1000,32,4,131200,identity,20261005,8139748,8139.748000,8.051354907,0
2617,load,iput,3072,1000,32,4,131200,identity,20261005,10252481,10252.481000,9.588313307,0
2618,load,iput,4096,1000,32,4,131200,identity,20261005,12456200,12456.200000,10.522631300,0
2619,load,iput,6144,1000,32,4,131200,identity,20261005,15210322,15210.322000,12.925959095,0
2620,load,iput,8192,1000,32,4,131200,identity,20261005,19507801,19507.801000,13.437906200,0
2621,load,iput,12288,1000,32,4,131200,identity,20261005,26677800,26677.800000,14.739446281,0
2622,load,iput,16384,1000,32,4,131200,identity,20261005,34010525,34010.525000,15.415463301,0
2623,load,iput,24576,1000,32,4,131200,identity,20261005,48238428,48238.428000,16.303018830,0
2624,load,iput,32768,1000,32,4,131200,identity,20261005,62248676,62248.676000,16.844952654,0
2625,load,iput,49152,1000,32,4,131200,identity,20261005,89681823,89681.823000,17.538269712,0
2626,load,iput,65536,1000,32,4,131200,identity,20261005,117626439,117626.439000,17.828916848,0
2627,load,iput,98304,1000,32,4,131200,identity,20261005,173554655,173554.655000,18.125287391,0
2628,load,iput,131072,1000,32,4,131200,identity,20261005,232521030,232521.030000,18.038385603,0
2629,load,iput,8,10000,64,0,131200,identity,20261005,19149201,1914.920100,0.267374080,0
2630,load,iput,16,10000,64,0,131200,identity,20261005,19139614,1913.961400,0.535016014,0
2631,load,iput,32,10000,64,0,131200,identity,20261005,19134083,1913.408300,1.070341338,0
2632,load,iput,64,10000,64,0,131200,identity,20261005,19180634,1918.063400,2.135487284,0
2633,load,iput,96,10000,64,0,131200,identity,20261005,19160633,1916.063300,3.206574647,0
2634,load,iput,124,10000,64,0,131200,identity,20261005,35754094,3575.409400,2.219605956,0
2635,load,iput,128,10000,64,0,131200,identity,20261005,4338484,433.848400,18.882171745,0
2636,load,iput,132,10000,64,0,131200,identity,20261005,27351912,2735.191200,3.088632341,0
2637,load,iput,192,10000,64,0,131200,identity,20261005,27196223,2719.622300,4.518274468,0
2638,load,iput,252,10000,64,0,131200,identity,20261005,42852025,4285.202500,3.763649442,0
2639,load,iput,256,10000,64,0,131200,identity,20261005,8832426,883.242600,18.549829911,0
2640,load,iput,260,10000,64,0,131200,identity,20261005,35173949,3517.394900,4.730773903,0
2641,load,iput,384,10000,64,0,131200,identity,20261005,14490003,1449.000300,16.960659014,0
2642,load,iput,512,10000,64,0,131200,identity,20261005,20998136,2099.813600,15.605194671,0
2643,load,iput,768,10000,64,0,131200,identity,20261005,34400827,3440.082700,14.288028599,0
2644,load,iput,1024,1000,64,0,131200,identity,20261005,4734007,4734.007000,13.843663518,0
2645,load,iput,1536,1000,64,0,131200,identity,20261005,6878675,6878.675000,14.291124381,0
2646,load,iput,2048,1000,64,0,131200,identity,20261005,9002291,9002.291000,14.559849265,0
2647,load,iput,3072,1000,64,0,131200,identity,20261005,13340298,13340.298000,14.737901657,0
2648,load,iput,4096,1000,64,0,131200,identity,20261005,17354536,17354.536000,15.105215144,0
2649,load,iput,6144,1000,64,0,131200,identity,20261005,25688401,25688.401000,15.307141928,0
2650,load,iput,8192,1000,64,0,131200,identity,20261005,34800787,34800.787000,15.065406423,0
2651,load,iput,12288,1000,64,0,131200,identity,20261005,51251229,51251.229000,15.344646662,0
2652,load,iput,16384,1000,64,0,131200,identity,20261005,67993278,67993.278000,15.421759780,0
2653,load,iput,24576,1000,64,0,131200,identity,20261005,101548927,101548.927000,15.488730866,0
2654,load,iput,32768,1000,64,0,131200,identity,20261005,134806619,134806.619000,15.556743545,0
2655,load,iput,49152,1000,64,0,131200,identity,20261005,202305707,202305.707000,15.549378446,0
2656,load,iput,65536,1000,64,0,131200,identity,20261005,269338670,269338.670000,15.572602330,0
2657,load,iput,98304,1000,64,0,131200,identity,20261005,404740531,404740.531000,15.544418011,0
2658,load,iput,131072,1000,64,0,131200,identity,20261005,549936966,549936.966000,15.253762738,0
2659,load,iput,8,10000,64,4,131200,identity,20261005,19065527,1906.552700,0.268547520,0
2660,load,iput,16,10000,64,4,131200,identity,20261005,19060217,1906.021700,0.537244670,0
2661,load,iput,32,10000,64,4,131200,identity,20261005,19072232,1907.223200,1.073812441,0
2662,load,iput,64,10000,64,4,131200,identity,20261005,35717372,3571.737200,1.146780900,0
2663,load,iput,96,10000,64,4,131200,identity,20261005,35721725,3572.172500,1.719961732,0
2664,load,iput,124,10000,64,4,131200,identity,20261005,35740590,3574.059000,2.220444598,0
2665,load,iput,128,10000,64,4,131200,identity,20261005,51769955,5176.995500,1.582384995,0
2666,load,iput,132,10000,64,4,131200,identity,20261005,51663385,5166.338500,1.635200636,0
2667,load,iput,192,10000,64,4,131200,identity,20261005,66763862,6676.386200,1.840516656,0
2668,load,iput,252,10000,64,4,131200,identity,20261005,43798736,4379.873600,3.682298046,0
2669,load,iput,256,10000,64,4,131200,identity,20261005,60676960,6067.696000,2.700201197,0
2670,load,iput,260,10000,64,4,131200,identity,20261005,60633166,6063.316600,2.744372610,0
2671,load,iput,384,10000,64,4,131200,identity,20261005,72325895,7232.589500,3.397953112,0
2672,load,iput,512,10000,64,4,131200,identity,20261005,82493801,8249.380100,3.972177255,0
2673,load,iput,768,10000,64,4,131200,identity,20261005,101944884,10194.488400,4.821428803,0
2674,load,iput,1024,1000,64,4,131200,identity,20261005,11640645,11640.645000,5.629928582,0
2675,load,iput,1536,1000,64,4,131200,identity,20261005,14175323,14175.323000,6.934868433,0
2676,load,iput,2048,1000,64,4,131200,identity,20261005,15456694,15456.694000,8.479950499,0
2677,load,iput,3072,1000,64,4,131200,identity,20261005,20954617,20954.617000,9.382562325,0
2678,load,iput,4096,1000,64,4,131200,identity,20261005,24452044,24452.044000,10.720739747,0
2679,load,iput,6144,1000,64,4,131200,identity,20261005,33442550,33442.550000,11.757955060,0
2680,load,iput,8192,1000,64,4,131200,identity,20261005,42469460,42469.460000,12.345059250,0
2681,load,iput,12288,1000,64,4,131200,identity,20261005,60330262,60330.262000,13.035448114,0
2682,load,iput,16384,1000,64,4,131200,identity,20261005,77860514,77860.514000,13.467365499,0
2683,load,iput,24576,1000,64,4,131200,identity,20261005,112875913,112875.913000,13.934452074,0
2684,load,iput,32768,1000,64,4,131200,identity,20261005,146609516,146609.516000,14.304337517,0
2685,load,iput,49152,1000,64,4,131200,identity,20261005,213899193,213899.193000,14.706591249,0
2686,load,iput,65536,1000,64,4,131200,identity,20261005,280560408,280560.408000,14.949735887,0
2687,load,iput,98304,1000,64,4,131200,identity,20261005,417274504,417274.504000,15.077499199,0
2688,load,iput,131072,1000,64,4,131200,identity,20261005,558266663,558266.663000,15.026166805,0
2689,mapping,get,64,10000,1,0,131200,identity,20261005,4411204,441.120400,0.145085106,0
2690,mapping,get,64,10000,1,0,131200,reverse,20261005,4408077,440.807700,0.145188026,0
2691,mapping,get,64,10000,1,0,131200,transpose,20261005,4414317,441.431700,0.144982791,0
2692,mapping,get,64,10000,1,0,131200,shuffle,20261005,4415188,441.518800,0.144954190,0
2693,mapping,get,64,10000,1,0,131328,identity,20261005,4415870,441.587000,0.144931803,0
2694,mapping,get,64,10000,1,0,131328,reverse,20261005,4410347,441.034700,0.145113298,0
2695,mapping,get,64,10000,1,0,131328,transpose,20261005,4419692,441.969200,0.144806471,0
2696,mapping,get,64,10000,1,0,131328,shuffle,20261005,4418633,441.863300,0.144841176,0
2697,mapping,get,64,10000,1,0,135168,identity,20261005,4412536,441.253600,0.145041310,0
2698,mapping,get,64,10000,1,0,135168,reverse,20261005,4419311,441.931100,0.144818955,0
2699,mapping,get,64,10000,1,0,135168,transpose,20261005,4411185,441.118500,0.145085731,0
2700,mapping,get,64,10000,1,0,135168,shuffle,20261005,4413742,441.374200,0.145001679,0
2701,mapping,get,64,10000,1,0,262144,identity,20261005,4411591,441.159100,0.145072379,0
2702,mapping,get,64,10000,1,0,262144,reverse,20261005,4410866,441.086600,0.145096224,0
2703,mapping,get,64,10000,1,0,262144,transpose,20261005,4414124,441.412400,0.144989130,0
2704,mapping,get,64,10000,1,0,262144,shuffle,20261005,4410813,441.081300,0.145097967,0
2705,mapping,get,128,10000,1,0,131200,identity,20261005,4417550,441.755000,0.289753370,0
2706,mapping,get,128,10000,1,0,131200,reverse,20261005,4409941,440.994100,0.290253316,0
2707,mapping,get,128,10000,1,0,131200,transpose,20261005,4410908,441.090800,0.290189684,0
2708,mapping,get,128,10000,1,0,131200,shuffle,20261005,4414203,441.420300,0.289973071,0
2709,mapping,get,128,10000,1,0,131328,identity,20261005,4413547,441.354700,0.290016171,0
2710,mapping,get,128,10000,1,0,131328,reverse,20261005,4408297,440.829700,0.290361561,0
2711,mapping,get,128,10000,1,0,131328,transpose,20261005,4414097,441.409700,0.289980034,0
2712,mapping,get,128,10000,1,0,131328,shuffle,20261005,4413800,441.380000,0.289999547,0
2713,mapping,get,128,10000,1,0,135168,identity,20261005,4416735,441.673500,0.289806837,0
2714,mapping,get,128,10000,1,0,135168,reverse,20261005,4430874,443.087400,0.288882058,0
2715,mapping,get,128,10000,1,0,135168,transpose,20261005,4412542,441.254200,0.290082225,0
2716,mapping,get,128,10000,1,0,135168,shuffle,20261005,4407968,440.796800,0.290383233,0
2717,mapping,get,128,10000,1,0,262144,identity,20261005,4413912,441.391200,0.289992188,0
2718,mapping,get,128,10000,1,0,262144,reverse,20261005,4408954,440.895400,0.290318293,0
2719,mapping,get,128,10000,1,0,262144,transpose,20261005,4411916,441.191600,0.290123384,0
2720,mapping,get,128,10000,1,0,262144,shuffle,20261005,4409784,440.978400,0.290263650,0
2721,mapping,get,256,10000,1,0,131200,identity,20261005,4549639,454.963900,0.562682006,0
2722,mapping,get,256,10000,1,0,131200,reverse,20261005,4466834,446.683400,0.573112858,0
2723,mapping,get,256,10000,1,0,131200,transpose,20261005,4544721,454.472100,0.563290904,0
2724,mapping,get,256,10000,1,0,131200,shuffle,20261005,4556046,455.604600,0.561890727,0
2725,mapping,get,256,10000,1,0,131328,identity,20261005,4546365,454.636500,0.563087214,0
2726,mapping,get,256,10000,1,0,131328,reverse,20261005,4543965,454.396500,0.563384621,0
2727,mapping,get,256,10000,1,0,131328,transpose,20261005,4546783,454.678300,0.563035447,0
2728,mapping,get,256,10000,1,0,131328,shuffle,20261005,4546800,454.680000,0.563033342,0
2729,mapping,get,256,10000,1,0,135168,identity,20261005,4551554,455.155400,0.562445266,0
2730,mapping,get,256,10000,1,0,135168,reverse,20261005,4531254,453.125400,0.564965019,0
2731,mapping,get,256,10000,1,0,135168,transpose,20261005,4543600,454.360000,0.563429879,0
2732,mapping,get,256,10000,1,0,135168,shuffle,20261005,4541802,454.180200,0.563652929,0
2733,mapping,get,256,10000,1,0,262144,identity,20261005,4545253,454.525300,0.563224973,0
2734,mapping,get,256,10000,1,0,262144,reverse,20261005,4542830,454.283000,0.563525380,0
2735,mapping,get,256,10000,1,0,262144,transpose,20261005,4549870,454.987000,0.562653438,0
2736,mapping,get,256,10000,1,0,262144,shuffle,20261005,4546706,454.670600,0.563044982,0
2737,mapping,get,4096,1000,1,0,131200,identity,20261005,717776,717.776000,5.706515682,0
2738,mapping,get,4096,1000,1,0,131200,reverse,20261005,714572,714.572000,5.732102573,0
2739,mapping,get,4096,1000,1,0,131200,transpose,20261005,714601,714.601000,5.731869953,0
2740,mapping,get,4096,1000,1,0,131200,shuffle,20261005,706831,706.831000,5.794878832,0
2741,mapping,get,4096,1000,1,0,131328,identity,20261005,718633,718.633000,5.699710422,0
2742,mapping,get,4096,1000,1,0,131328,reverse,20261005,713041,713.041000,5.744410209,0
2743,mapping,get,4096,1000,1,0,131328,transpose,20261005,717080,717.080000,5.712054443,0
2744,mapping,get,4096,1000,1,0,131328,shuffle,20261005,714720,714.720000,5.730915603,0
2745,mapping,get,4096,1000,1,0,135168,identity,20261005,714767,714.767000,5.730538763,0
2746,mapping,get,4096,1000,1,0,135168,reverse,20261005,720451,720.451000,5.685327663,0
2747,mapping,get,4096,1000,1,0,135168,transpose,20261005,720661,720.661000,5.683670963,0
2748,mapping,get,4096,1000,1,0,135168,shuffle,20261005,717514,717.514000,5.708599414,0
2749,mapping,get,4096,1000,1,0,262144,identity,20261005,712996,712.996000,5.744772762,0
2750,mapping,get,4096,1000,1,0,262144,reverse,20261005,712796,712.796000,5.746384660,0
2751,mapping,get,4096,1000,1,0,262144,transpose,20261005,717366,717.366000,5.709777157,0
2752,mapping,get,4096,1000,1,0,262144,shuffle,20261005,715803,715.803000,5.722244808,0
2753,mapping,get,32768,1000,1,0,131200,identity,20261005,2357629,2357.629000,13.898709254,0
2754,mapping,get,32768,1000,1,0,131200,reverse,20261005,2354086,2354.086000,13.919627405,0
2755,mapping,get,32768,1000,1,0,131200,transpose,20261005,2355912,2355.912000,13.908838700,0
2756,mapping,get,32768,1000,1,0,131200,shuffle,20261005,2345833,2345.833000,13.968598788,0
2757,mapping,get,32768,1000,1,0,131328,identity,20261005,2351576,2351.576000,13.934484788,0
2758,mapping,get,32768,1000,1,0,131328,reverse,20261005,2352871,2352.871000,13.926815367,0
2759,mapping,get,32768,1000,1,0,131328,transpose,20261005,2353677,2353.677000,13.922046228,0
2760,mapping,get,32768,1000,1,0,131328,shuffle,20261005,2347990,2347.990000,13.955766421,0
2761,mapping,get,32768,1000,1,0,135168,identity,20261005,2369893,2369.893000,13.826784585,0
2762,mapping,get,32768,1000,1,0,135168,reverse,20261005,2359089,2359.089000,13.890107580,0
2763,mapping,get,32768,1000,1,0,135168,transpose,20261005,2357916,2357.916000,13.897017536,0
2764,mapping,get,32768,1000,1,0,135168,shuffle,20261005,2352824,2352.824000,13.927093569,0
2765,mapping,get,32768,1000,1,0,262144,identity,20261005,2351453,2351.453000,13.935213674,0
2766,mapping,get,32768,1000,1,0,262144,reverse,20261005,2347719,2347.719000,13.957377352,0
2767,mapping,get,32768,1000,1,0,262144,transpose,20261005,2347679,2347.679000,13.957615159,0
2768,mapping,get,32768,1000,1,0,262144,shuffle,20261005,2349719,2349.719000,13.945497313,0
2769,mapping,get,65536,1000,1,0,131200,identity,20261005,4175027,4175.027000,15.697143995,0
2770,mapping,get,65536,1000,1,0,131200,reverse,20261005,4195946,4195.946000,15.618885467,0
2771,mapping,get,65536,1000,1,0,131200,transpose,20261005,4182111,4182.111000,15.670554894,0
2772,mapping,get,65536,1000,1,0,131200,shuffle,20261005,4178587,4178.587000,15.683770614,0
2773,mapping,get,65536,1000,1,0,131328,identity,20261005,4183052,4183.052000,15.667029719,0
2774,mapping,get,65536,1000,1,0,131328,reverse,20261005,4176776,4176.776000,15.690570909,0
2775,mapping,get,65536,1000,1,0,131328,transpose,20261005,4187920,4187.920000,15.648818507,0
2776,mapping,get,65536,1000,1,0,131328,shuffle,20261005,4179885,4179.885000,15.678900257,0
2777,mapping,get,65536,1000,1,0,135168,identity,20261005,4183262,4183.262000,15.666243233,0
2778,mapping,get,65536,1000,1,0,135168,reverse,20261005,4185426,4185.426000,15.658143281,0
2779,mapping,get,65536,1000,1,0,135168,transpose,20261005,4187003,4187.003000,15.652245771,0
2780,mapping,get,65536,1000,1,0,135168,shuffle,20261005,4176711,4176.711000,15.690815094,0
2781,mapping,get,65536,1000,1,0,262144,identity,20261005,4186379,4186.379000,15.654578814,0
2782,mapping,get,65536,1000,1,0,262144,reverse,20261005,4183239,4183.239000,15.666329368,0
2783,mapping,get,65536,1000,1,0,262144,transpose,20261005,4182005,4182.005000,15.670952091,0
2784,mapping,get,65536,1000,1,0,262144,shuffle,20261005,4182782,4182.782000,15.668041031,0
2785,mapping,get,98304,1000,1,0,131200,identity,20261005,6018907,6018.907000,16.332533465,0
2786,mapping,get,98304,1000,1,0,131200,reverse,20261005,6014308,6014.308000,16.345022570,0
2787,mapping,get,98304,1000,1,0,131200,transpose,20261005,6015673,6015.673000,16.341313765,0
2788,mapping,get,98304,1000,1,0,131200,shuffle,20261005,6005780,6005.780000,16.368231937,0
2789,mapping,get,98304,1000,1,0,131328,identity,20261005,6012703,6012.703000,16.349385626,0
2790,mapping,get,98304,1000,1,0,131328,reverse,20261005,6153607,6153.607000,15.975020829,0
2791,mapping,get,98304,1000,1,0,131328,transpose,20261005,6017943,6017.943000,16.335149735,0
2792,mapping,get,98304,1000,1,0,131328,shuffle,20261005,6121155,6121.155000,16.059714221,0
2793,mapping,get,98304,1000,1,0,135168,identity,20261005,6012022,6012.022000,16.351237570,0
2794,mapping,get,98304,1000,1,0,135168,reverse,20261005,6024245,6024.245000,16.318061433,0
2795,mapping,get,98304,1000,1,0,135168,transpose,20261005,6012724,6012.724000,16.349328524,0
2796,mapping,get,98304,1000,1,0,135168,shuffle,20261005,6017246,6017.246000,16.337041896,0
2797,mapping,get,98304,1000,1,0,262144,identity,20261005,6014018,6014.018000,16.345810738,0
2798,mapping,get,98304,1000,1,0,262144,reverse,20261005,6020505,6020.505000,16.328198382,0
2799,mapping,get,98304,1000,1,0,262144,transpose,20261005,6016768,6016.768000,16.338339786,0
2800,mapping,get,98304,1000,1,0,262144,shuffle,20261005,6020058,6020.058000,16.329410780,0
2801,mapping,get,131072,1000,1,0,131200,identity,20261005,7893387,7893.387000,16.605292506,0
2802,mapping,get,131072,1000,1,0,131200,reverse,20261005,7938015,7938.015000,16.511936548,0
2803,mapping,get,131072,1000,1,0,131200,transpose,20261005,7861195,7861.195000,16.673292038,0
2804,mapping,get,131072,1000,1,0,131200,shuffle,20261005,7933476,7933.476000,16.521383565,0
2805,mapping,get,131072,1000,1,0,131328,identity,20261005,7847525,7847.525000,16.702336087,0
2806,mapping,get,131072,1000,1,0,131328,reverse,20261005,7972574,7972.574000,16.440361670,0
2807,mapping,get,131072,1000,1,0,131328,transpose,20261005,7850566,7850.566000,16.695866260,0
2808,mapping,get,131072,1000,1,0,131328,shuffle,20261005,7932475,7932.475000,16.523468400,0
2809,mapping,get,131072,1000,1,0,135168,identity,20261005,7858197,7858.197000,16.679653106,0
2810,mapping,get,131072,1000,1,0,135168,reverse,20261005,7967423,7967.423000,16.450990490,0
2811,mapping,get,131072,1000,1,0,135168,transpose,20261005,7853670,7853.670000,16.689267565,0
2812,mapping,get,131072,1000,1,0,135168,shuffle,20261005,7846186,7846.186000,16.705186443,0
2813,mapping,get,131072,1000,1,0,262144,identity,20261005,7856405,7856.405000,16.683457637,0
2814,mapping,get,131072,1000,1,0,262144,reverse,20261005,7850929,7850.929000,16.695094300,0
2815,mapping,get,131072,1000,1,0,262144,transpose,20261005,7849743,7849.743000,16.697616725,0
2816,mapping,get,131072,1000,1,0,262144,shuffle,20261005,7856623,7856.623000,16.682994717,0
2817,mapping,get,64,10000,1,4,131200,identity,20261005,4412046,441.204600,0.145057418,0
2818,mapping,get,64,10000,1,4,131200,reverse,20261005,4413035,441.303500,0.145024909,0
2819,mapping,get,64,10000,1,4,131200,transpose,20261005,4411833,441.183300,0.145064421,0
2820,mapping,get,64,10000,1,4,131200,shuffle,20261005,4414781,441.478100,0.144967553,0
2821,mapping,get,64,10000,1,4,131328,identity,20261005,4417945,441.794500,0.144863732,0
2822,mapping,get,64,10000,1,4,131328,reverse,20261005,4409320,440.932000,0.145147098,0
2823,mapping,get,64,10000,1,4,131328,transpose,20261005,4415607,441.560700,0.144940435,0
2824,mapping,get,64,10000,1,4,131328,shuffle,20261005,4408417,440.841700,0.145176829,0
2825,mapping,get,64,10000,1,4,135168,identity,20261005,4417371,441.737100,0.144882556,0
2826,mapping,get,64,10000,1,4,135168,reverse,20261005,4420998,442.099800,0.144763694,0
2827,mapping,get,64,10000,1,4,135168,transpose,20261005,4411729,441.172900,0.145067841,0
2828,mapping,get,64,10000,1,4,135168,shuffle,20261005,4409311,440.931100,0.145147394,0
2829,mapping,get,64,10000,1,4,262144,identity,20261005,4412081,441.208100,0.145056267,0
2830,mapping,get,64,10000,1,4,262144,reverse,20261005,4409751,440.975100,0.145132911,0
2831,mapping,get,64,10000,1,4,262144,transpose,20261005,4416793,441.679300,0.144901516,0
2832,mapping,get,64,10000,1,4,262144,shuffle,20261005,4408774,440.877400,0.145165073,0
2833,mapping,get,128,10000,1,4,131200,identity,20261005,4561503,456.150300,0.280609264,0
2834,mapping,get,128,10000,1,4,131200,reverse,20261005,4469976,446.997600,0.286355005,0
2835,mapping,get,128,10000,1,4,131200,transpose,20261005,4560360,456.036000,0.280679595,0
2836,mapping,get,128,10000,1,4,131200,shuffle,20261005,4564619,456.461900,0.280417708,0
2837,mapping,get,128,10000,1,4,131328,identity,20261005,4550846,455.084600,0.281266384,0
2838,mapping,get,128,10000,1,4,131328,reverse,20261005,4547667,454.766700,0.281463001,0
2839,mapping,get,128,10000,1,4,131328,transpose,20261005,4557722,455.772200,0.280842052,0
2840,mapping,get,128,10000,1,4,131328,shuffle,20261005,4550649,455.064900,0.281278560,0
2841,mapping,get,128,10000,1,4,135168,identity,20261005,4552125,455.212500,0.281187358,0
2842,mapping,get,128,10000,1,4,135168,reverse,20261005,4563191,456.319100,0.280505462,0
2843,mapping,get,128,10000,1,4,135168,transpose,20261005,4557827,455.782700,0.280835582,0
2844,mapping,get,128,10000,1,4,135168,shuffle,20261005,4548786,454.878600,0.281393761,0
2845,mapping,get,128,10000,1,4,262144,identity,20261005,4548881,454.888100,0.281387884,0
2846,mapping,get,128,10000,1,4,262144,reverse,20261005,4551715,455.171500,0.281212686,0
2847,mapping,get,128,10000,1,4,262144,transpose,20261005,4557769,455.776900,0.280839156,0
2848,mapping,get,128,10000,1,4,262144,shuffle,20261005,4548966,454.896600,0.281382626,0
2849,mapping,get,256,10000,1,4,131200,identity,20261005,4673770,467.377000,0.547737694,0
2850,mapping,get,256,10000,1,4,131200,reverse,20261005,4679231,467.923100,0.547098444,0
2851,mapping,get,256,10000,1,4,131200,transpose,20261005,4678356,467.835600,0.547200769,0
2852,mapping,get,256,10000,1,4,131200,shuffle,20261005,4673283,467.328300,0.547794773,0
2853,mapping,get,256,10000,1,4,131328,identity,20261005,4667063,466.706300,0.548524843,0
2854,mapping,get,256,10000,1,4,131328,reverse,20261005,4796884,479.688400,0.533679780,0
2855,mapping,get,256,10000,1,4,131328,transpose,20261005,4668459,466.845900,0.548360819,0
2856,mapping,get,256,10000,1,4,131328,shuffle,20261005,4574376,457.437600,0.559639173,0
2857,mapping,get,256,10000,1,4,135168,identity,20261005,4670504,467.050400,0.548120717,0
2858,mapping,get,256,10000,1,4,135168,reverse,20261005,4671758,467.175800,0.547973589,0
2859,mapping,get,256,10000,1,4,135168,transpose,20261005,4677696,467.769600,0.547277976,0
2860,mapping,get,256,10000,1,4,135168,shuffle,20261005,4663499,466.349900,0.548944044,0
2861,mapping,get,256,10000,1,4,262144,identity,20261005,4666252,466.625200,0.548620177,0
2862,mapping,get,256,10000,1,4,262144,reverse,20261005,4670439,467.043900,0.548128345,0
2863,mapping,get,256,10000,1,4,262144,transpose,20261005,4672853,467.285300,0.547845182,0
2864,mapping,get,256,10000,1,4,262144,shuffle,20261005,4669811,466.981100,0.548202058,0
2865,mapping,get,4096,1000,1,4,131200,identity,20261005,721212,721.212000,5.679328686,0
2866,mapping,get,4096,1000,1,4,131200,reverse,20261005,723190,723.190000,5.663795130,0
2867,mapping,get,4096,1000,1,4,131200,transpose,20261005,723049,723.049000,5.664899613,0
2868,mapping,get,4096,1000,1,4,131200,shuffle,20261005,734578,734.578000,5.575990569,0
2869,mapping,get,4096,1000,1,4,131328,identity,20261005,720125,720.125000,5.687901406,0
2870,mapping,get,4096,1000,1,4,131328,reverse,20261005,719349,719.349000,5.694037248,0
2871,mapping,get,4096,1000,1,4,131328,transpose,20261005,719981,719.981000,5.689039016,0
2872,mapping,get,4096,1000,1,4,131328,shuffle,20261005,720301,720.301000,5.686511611,0
2873,mapping,get,4096,1000,1,4,135168,identity,20261005,723566,723.566000,5.660851947,0
2874,mapping,get,4096,1000,1,4,135168,reverse,20261005,723685,723.685000,5.659921098,0
2875,mapping,get,4096,1000,1,4,135168,transpose,20261005,719896,719.896000,5.689710736,0
2876,mapping,get,4096,1000,1,4,135168,shuffle,20261005,721523,721.523000,5.676880709,0
2877,mapping,get,4096,1000,1,4,262144,identity,20261005,724954,724.954000,5.650013656,0
2878,mapping,get,4096,1000,1,4,262144,reverse,20261005,718682,718.682000,5.699321814,0
2879,mapping,get,4096,1000,1,4,262144,transpose,20261005,723300,723.300000,5.662933776,0
2880,mapping,get,4096,1000,1,4,262144,shuffle,20261005,723296,723.296000,5.662965093,0
2881,mapping,get,32768,1000,1,4,131200,identity,20261005,2358630,2358.630000,13.892810657,0
2882,mapping,get,32768,1000,1,4,131200,reverse,20261005,2353473,2353.473000,13.923252997,0
2883,mapping,get,32768,1000,1,4,131200,transpose,20261005,2355969,2355.969000,13.908502192,0
2884,mapping,get,32768,1000,1,4,131200,shuffle,20261005,2348929,2348.929000,13.950187511,0
2885,mapping,get,32768,1000,1,4,131328,identity,20261005,2352069,2352.069000,13.931564083,0
2886,mapping,get,32768,1000,1,4,131328,reverse,20261005,2372679,2372.679000,13.810549172,0
2887,mapping,get,32768,1000,1,4,131328,transpose,20261005,2360321,2360.321000,13.882857459,0
2888,mapping,get,32768,1000,1,4,131328,shuffle,20261005,2353666,2353.666000,13.922111294,0
2889,mapping,get,32768,1000,1,4,135168,identity,20261005,2354786,2354.786000,13.915489560,0
2890,mapping,get,32768,1000,1,4,135168,reverse,20261005,2360474,2360.474000,13.881957607,0
2891,mapping,get,32768,1000,1,4,135168,transpose,20261005,2362642,2362.642000,13.869219289,0
2892,mapping,get,32768,1000,1,4,135168,shuffle,20261005,2358000,2358.000000,13.896522477,0
2893,mapping,get,32768,1000,1,4,262144,identity,20261005,2358348,2358.348000,13.894471893,0
2894,mapping,get,32768,1000,1,4,262144,reverse,20261005,2355284,2355.284000,13.912547277,0
2895,mapping,get,32768,1000,1,4,262144,transpose,20261005,2359550,2359.550000,13.887393783,0
2896,mapping,get,32768,1000,1,4,262144,shuffle,20261005,2357670,2357.670000,13.898467555,0
2897,mapping,get,65536,1000,1,4,131200,identity,20261005,4189839,4189.839000,15.641651147,0
2898,mapping,get,65536,1000,1,4,131200,reverse,20261005,4177492,4177.492000,15.687881628,0
2899,mapping,get,65536,1000,1,4,131200,transpose,20261005,4197819,4197.819000,15.611916569,0
2900,mapping,get,65536,1000,1,4,131200,shuffle,20261005,4183115,4183.115000,15.666793765,0
2901,mapping,get,65536,1000,1,4,131328,identity,20261005,4186551,4186.551000,15.653935662,0
2902,mapping,get,65536,1000,1,4,131328,reverse,20261005,4188857,4188.857000,15.645318043,0
2903,mapping,get,65536,1000,1,4,131328,transpose,20261005,4188788,4188.788000,15.645575761,0
2904,mapping,get,65536,1000,1,4,131328,shuffle,20261005,4177484,4177.484000,15.687911671,0
2905,mapping,get,65536,1000,1,4,135168,identity,20261005,4183167,4183.167000,15.666599015,0
2906,mapping,get,65536,1000,1,4,135168,reverse,20261005,4201309,4201.309000,15.598947852,0
2907,mapping,get,65536,1000,1,4,135168,transpose,20261005,4183404,4183.404000,15.665711464,0
2908,mapping,get,65536,1000,1,4,135168,shuffle,20261005,4190578,4190.578000,15.638892773,0
2909,mapping,get,65536,1000,1,4,262144,identity,20261005,4185759,4185.759000,15.656897590,0
2910,mapping,get,65536,1000,1,4,262144,reverse,20261005,4189529,4189.529000,15.642808535,0
2911,mapping,get,65536,1000,1,4,262144,transpose,20261005,4180263,4180.263000,15.677482493,0
2912,mapping,get,65536,1000,1,4,262144,shuffle,20261005,4204988,4204.988000,15.585300125,0
2913,mapping,get,98304,1000,1,4,131200,identity,20261005,6028378,6028.378000,16.306873922,0
2914,mapping,get,98304,1000,1,4,131200,reverse,20261005,6025770,6025.770000,16.313931664,0
2915,mapping,get,98304,1000,1,4,131200,transpose,20261005,6025708,6025.708000,16.314099522,0
2916,mapping,get,98304,1000,1,4,131200,shuffle,20261005,6022303,6022.303000,16.323323486,0
2917,mapping,get,98304,1000,1,4,131328,identity,20261005,6028694,6028.694000,16.306019181,0
2918,mapping,get,98304,1000,1,4,131328,reverse,20261005,6150816,6150.816000,15.982269670,0
2919,mapping,get,98304,1000,1,4,131328,transpose,20261005,6022574,6022.574000,16.322588979,0
2920,mapping,get,98304,1000,1,4,131328,shuffle,20261005,6153833,6153.833000,15.974434145,0
2921,mapping,get,98304,1000,1,4,135168,identity,20261005,6029305,6029.305000,16.304366755,0
2922,mapping,get,98304,1000,1,4,135168,reverse,20261005,6029664,6029.664000,16.303396010,0
2923,mapping,get,98304,1000,1,4,135168,transpose,20261005,6018437,6018.437000,16.333808927,0
2924,mapping,get,98304,1000,1,4,135168,shuffle,20261005,6032967,6032.967000,16.294470034,0
2925,mapping,get,98304,1000,1,4,262144,identity,20261005,6026473,6026.473000,16.312028611,0
2926,mapping,get,98304,1000,1,4,262144,reverse,20261005,6026381,6026.381000,16.312277634,0
2927,mapping,get,98304,1000,1,4,262144,transpose,20261005,6022737,6022.737000,16.322147223,0
2928,mapping,get,98304,1000,1,4,262144,shuffle,20261005,6038033,6038.033000,16.280798730,0
2929,mapping,get,131072,1000,1,4,131200,identity,20261005,7852667,7852.667000,16.691399241,0
2930,mapping,get,131072,1000,1,4,131200,reverse,20261005,7962328,7962.328000,16.461517285,0
2931,mapping,get,131072,1000,1,4,131200,transpose,20261005,7863888,7863.888000,16.667582244,0
2932,mapping,get,131072,1000,1,4,131200,shuffle,20261005,7933876,7933.876000,16.520550611,0
2933,mapping,get,131072,1000,1,4,131328,identity,20261005,7848183,7848.183000,16.700935745,0
2934,mapping,get,131072,1000,1,4,131328,reverse,20261005,7970281,7970.281000,16.445091459,0
2935,mapping,get,131072,1000,1,4,131328,transpose,20261005,7862010,7862.010000,16.671563633,0
2936,mapping,get,131072,1000,1,4,131328,shuffle,20261005,7941160,7941.160000,16.505397196,0
2937,mapping,get,131072,1000,1,4,135168,identity,20261005,7847554,7847.554000,16.702274365,0
2938,mapping,get,131072,1000,1,4,135168,reverse,20261005,7978133,7978.133000,16.428906362,0
2939,mapping,get,131072,1000,1,4,135168,transpose,20261005,7860399,7860.399000,16.674980494,0
2940,mapping,get,131072,1000,1,4,135168,shuffle,20261005,7850419,7850.419000,16.696178892,0
2941,mapping,get,131072,1000,1,4,262144,identity,20261005,7858624,7858.624000,16.678746814,0
2942,mapping,get,131072,1000,1,4,262144,reverse,20261005,7862283,7862.283000,16.670984751,0
2943,mapping,get,131072,1000,1,4,262144,transpose,20261005,7866018,7866.018000,16.663068912,0
2944,mapping,get,131072,1000,1,4,262144,shuffle,20261005,7847716,7847.716000,16.701929581,0
2945,mapping,get,64,10000,2,0,131200,identity,20261005,4417695,441.769500,0.289743860,0
2946,mapping,get,64,10000,2,0,131200,reverse,20261005,4417496,441.749600,0.289756912,0
2947,mapping,get,64,10000,2,0,131200,transpose,20261005,4419660,441.966000,0.289615038,0
2948,mapping,get,64,10000,2,0,131200,shuffle,20261005,4422880,442.288000,0.289404189,0
2949,mapping,get,64,10000,2,0,131328,identity,20261005,4414779,441.477900,0.289935238,0
2950,mapping,get,64,10000,2,0,131328,reverse,20261005,4410529,441.052900,0.290214621,0
2951,mapping,get,64,10000,2,0,131328,transpose,20261005,4413072,441.307200,0.290047386,0
2952,mapping,get,64,10000,2,0,131328,shuffle,20261005,4411597,441.159700,0.290144363,0
2953,mapping,get,64,10000,2,0,135168,identity,20261005,4414715,441.471500,0.289939441,0
2954,mapping,get,64,10000,2,0,135168,reverse,20261005,4418537,441.853700,0.289688646,0
2955,mapping,get,64,10000,2,0,135168,transpose,20261005,4416172,441.617200,0.289843783,0
2956,mapping,get,64,10000,2,0,135168,shuffle,20261005,4416331,441.633100,0.289833348,0
2957,mapping,get,64,10000,2,0,262144,identity,20261005,4409104,440.910400,0.290308416,0
2958,mapping,get,64,10000,2,0,262144,reverse,20261005,4413076,441.307600,0.290047124,0
2959,mapping,get,64,10000,2,0,262144,transpose,20261005,4415395,441.539500,0.289894789,0
2960,mapping,get,64,10000,2,0,262144,shuffle,20261005,4413100,441.310000,0.290045546,0
2961,mapping,get,128,10000,2,0,131200,identity,20261005,4414590,441.459000,0.579895302,0
2962,mapping,get,128,10000,2,0,131200,reverse,20261005,4414530,441.453000,0.579903183,0
2963,mapping,get,128,10000,2,0,131200,transpose,20261005,4417436,441.743600,0.579521695,0
2964,mapping,get,128,10000,2,0,131200,shuffle,20261005,4422091,442.209100,0.578911651,0
2965,mapping,get,128,10000,2,0,131328,identity,20261005,4415399,441.539900,0.579789052,0
2966,mapping,get,128,10000,2,0,131328,reverse,20261005,4412818,441.281800,0.580128163,0
2967,mapping,get,128,10000,2,0,131328,transpose,20261005,4417111,441.711100,0.579564335,0
2968,mapping,get,128,10000,2,0,131328,shuffle,20261005,4409106,440.910600,0.580616569,0
2969,mapping,get,128,10000,2,0,135168,identity,20261005,4417136,441.713600,0.579561055,0
2970,mapping,get,128,10000,2,0,135168,reverse,20261005,4417368,441.736800,0.579530616,0
2971,mapping,get,128,10000,2,0,135168,transpose,20261005,4418584,441.858400,0.579371129,0
2972,mapping,get,128,10000,2,0,135168,shuffle,20261005,4420416,442.041600,0.579131014,0
2973,mapping,get,128,10000,2,0,262144,identity,20261005,4413898,441.389800,0.579986216,0
2974,mapping,get,128,10000,2,0,262144,reverse,20261005,4414795,441.479500,0.579868374,0
2975,mapping,get,128,10000,2,0,262144,transpose,20261005,4414825,441.482500,0.579864434,0
2976,mapping,get,128,10000,2,0,262144,shuffle,20261005,4415870,441.587000,0.579727211,0
2977,mapping,get,256,10000,2,0,131200,identity,20261005,4558930,455.893000,1.123070545,0
2978,mapping,get,256,10000,2,0,131200,reverse,20261005,4548047,454.804700,1.125757935,0
2979,mapping,get,256,10000,2,0,131200,transpose,20261005,4554335,455.433500,1.124203643,0
2980,mapping,get,256,10000,2,0,131200,shuffle,20261005,4552659,455.265900,1.124617504,0
2981,mapping,get,256,10000,2,0,131328,identity,20261005,4624939,462.493900,1.107041628,0
2982,mapping,get,256,10000,2,0,131328,reverse,20261005,4544532,454.453200,1.126628661,0
2983,mapping,get,256,10000,2,0,131328,transpose,20261005,4617383,461.738300,1.108853218,0
2984,mapping,get,256,10000,2,0,131328,shuffle,20261005,4548655,454.865500,1.125607460,0
2985,mapping,get,256,10000,2,0,135168,identity,20261005,4622890,462.289000,1.107532301,0
2986,mapping,get,256,10000,2,0,135168,reverse,20261005,4628037,462.803700,1.106300576,0
2987,mapping,get,256,10000,2,0,135168,transpose,20261005,4544449,454.444900,1.126649237,0
2988,mapping,get,256,10000,2,0,135168,shuffle,20261005,4627094,462.709400,1.106526040,0
2989,mapping,get,256,10000,2,0,262144,identity,20261005,4655359,465.535900,1.099807770,0
2990,mapping,get,256,10000,2,0,262144,reverse,20261005,4573196,457.319600,1.119567147,0
2991,mapping,get,256,10000,2,0,262144,transpose,20261005,4664365,466.436500,1.097684251,0
2992,mapping,get,256,10000,2,0,262144,shuffle,20261005,4669311,466.931100,1.096521521,0
2993,mapping,get,4096,1000,2,0,131200,identity,20261005,770292,770.292000,10.634928053,0
2994,mapping,get,4096,1000,2,0,131200,reverse,20261005,773433,773.433000,10.591738392,0
2995,mapping,get,4096,1000,2,0,131200,transpose,20261005,838972,838.972000,9.764330633,0
2996,mapping,get,4096,1000,2,0,131200,shuffle,20261005,850910,850.910000,9.627340142,0
2997,mapping,get,4096,1000,2,0,131328,identity,20261005,785595,785.595000,10.427764942,0
2998,mapping,get,4096,1000,2,0,131328,reverse,20261005,785039,785.039000,10.435150356,0
2999,mapping,get,4096,1000,2,0,131328,transpose,20261005,839680,839.680000,9.756097561,0
3000,mapping,get,4096,1000,2,0,131328,shuffle,20261005,835955,835.955000,9.799570551,0
3001,mapping,get,4096,1000,2,0,135168,identity,20261005,776237,776.237000,10.553477868,0
3002,mapping,get,4096,1000,2,0,135168,reverse,20261005,774102,774.102000,10.582584724,0
3003,mapping,get,4096,1000,2,0,135168,transpose,20261005,841285,841.285000,9.737484919,0
3004,mapping,get,4096,1000,2,0,135168,shuffle,20261005,836917,836.917000,9.788306367,0
3005,mapping,get,4096,1000,2,0,262144,identity,20261005,838853,838.853000,9.765715805,0
3006,mapping,get,4096,1000,2,0,262144,reverse,20261005,836835,836.835000,9.789265506,0
3007,mapping,get,4096,1000,2,0,262144,transpose,20261005,839124,839.124000,9.762561910,0
3008,mapping,get,4096,1000,2,0,262144,shuffle,20261005,838106,838.106000,9.774419942,0
3009,mapping,get,32768,1000,2,0,131200,identity,20261005,3775924,3775.924000,17.356281535,0
3010,mapping,get,32768,1000,2,0,131200,reverse,20261005,3771200,3771.200000,17.378022910,0
3011,mapping,get,32768,1000,2,0,131200,transpose,20261005,4248730,4248.730000,15.424844601,0
3012,mapping,get,32768,1000,2,0,131200,shuffle,20261005,4246483,4246.483000,15.433006561,0
3013,mapping,get,32768,1000,2,0,131328,identity,20261005,3777686,3777.686000,17.348186165,0
3014,mapping,get,32768,1000,2,0,131328,reverse,20261005,3779577,3779.577000,17.339506511,0
3015,mapping,get,32768,1000,2,0,131328,transpose,20261005,4097427,4097.427000,15.994427723,0
3016,mapping,get,32768,1000,2,0,131328,shuffle,20261005,4182989,4182.989000,15.667265680,0
3017,mapping,get,32768,1000,2,0,135168,identity,20261005,3764609,3764.609000,17.408447996,0
3018,mapping,get,32768,1000,2,0,135168,reverse,20261005,3769561,3769.561000,17.385578851,0
3019,mapping,get,32768,1000,2,0,135168,transpose,20261005,4305921,4305.921000,15.219972684,0
3020,mapping,get,32768,1000,2,0,135168,shuffle,20261005,4099187,4099.187000,15.987560460,0
3021,mapping,get,32768,1000,2,0,262144,identity,20261005,4398408,4398.408000,14.899936522,0
3022,mapping,get,32768,1000,2,0,262144,reverse,20261005,4227026,4227.026000,15.504044688,0
3023,mapping,get,32768,1000,2,0,262144,transpose,20261005,4257088,4257.088000,15.394560789,0
3024,mapping,get,32768,1000,2,0,262144,shuffle,20261005,4246069,4246.069000,15.434511309,0
3025,mapping,get,65536,1000,2,0,131200,identity,20261005,7510902,7510.902000,17.450900038,0
3026,mapping,get,65536,1000,2,0,131200,reverse,20261005,7552688,7552.688000,17.354351193,0
3027,mapping,get,65536,1000,2,0,131200,transpose,20261005,8536128,8536.128000,15.354971247,0
3028,mapping,get,65536,1000,2,0,131200,shuffle,20261005,8429745,8429.745000,15.548750288,0
3029,mapping,get,65536,1000,2,0,131328,identity,20261005,7528177,7528.177000,17.410855244,0
3030,mapping,get,65536,1000,2,0,131328,reverse,20261005,7520958,7520.958000,17.427567073,0
3031,mapping,get,65536,1000,2,0,131328,transpose,20261005,8441150,8441.150000,15.527742073,0
3032,mapping,get,65536,1000,2,0,131328,shuffle,20261005,8386492,8386.492000,15.628942352,0
3033,mapping,get,65536,1000,2,0,135168,identity,20261005,7451973,7451.973000,17.588898940,0
3034,mapping,get,65536,1000,2,0,135168,reverse,20261005,7444861,7444.861000,17.605701436,0
3035,mapping,get,65536,1000,2,0,135168,transpose,20261005,8296890,8296.890000,15.797726618,0
3036,mapping,get,65536,1000,2,0,135168,shuffle,20261005,8143519,8143.519000,16.095253170,0
3037,mapping,get,65536,1000,2,0,262144,identity,20261005,8296893,8296.893000,15.797720906,0
3038,mapping,get,65536,1000,2,0,262144,reverse,20261005,8290898,8290.898000,15.809143955,0
3039,mapping,get,65536,1000,2,0,262144,transpose,20261005,8427114,8427.114000,15.553604710,0
3040,mapping,get,65536,1000,2,0,262144,shuffle,20261005,8242195,8242.195000,15.902559937,0
3041,mapping,get,98304,1000,2,0,131200,identity,20261005,11295471,11295.471000,17.405914282,0
3042,mapping,get,98304,1000,2,0,131200,reverse,20261005,11310073,11310.073000,17.383442176,0
3043,mapping,get,98304,1000,2,0,131200,transpose,20261005,13087099,13087.099000,15.023039101,0
3044,mapping,get,98304,1000,2,0,131200,shuffle,20261005,12395616,12395.616000,15.861091534,0
3045,mapping,get,98304,1000,2,0,131328,identity,20261005,11316294,11316.294000,17.373885832,0
3046,mapping,get,98304,1000,2,0,131328,reverse,20261005,11470813,11470.813000,17.139848762,0
3047,mapping,get,98304,1000,2,0,131328,transpose,20261005,12674819,12674.819000,15.511700798,0
3048,mapping,get,98304,1000,2,0,131328,shuffle,20261005,12588314,12588.314000,15.618294873,0
3049,mapping,get,98304,1000,2,0,135168,identity,20261005,11315558,11315.558000,17.375015885,0
3050,mapping,get,98304,1000,2,0,135168,reverse,20261005,11296373,11296.373000,17.404524443,0
3051,mapping,get,98304,1000,2,0,135168,transpose,20261005,13065507,13065.507000,15.047866110,0
3052,mapping,get,98304,1000,2,0,135168,shuffle,20261005,12587869,12587.869000,15.618847003,0
3053,mapping,get,98304,1000,2,0,262144,identity,20261005,12681508,12681.508000,15.503518982,0
3054,mapping,get,98304,1000,2,0,262144,reverse,20261005,13594189,13594.189000,14.462650181,0
3055,mapping,get,98304,1000,2,0,262144,transpose,20261005,12481957,12481.957000,15.751376166,0
3056,mapping,get,98304,1000,2,0,262144,shuffle,20261005,12855613,12855.613000,15.293553096,0
3057,mapping,get,131072,1000,2,0,131200,identity,20261005,15502597,15502.597000,16.909682939,0
3058,mapping,get,131072,1000,2,0,131200,reverse,20261005,15697079,15697.079000,16.700177148,0
3059,mapping,get,131072,1000,2,0,131200,transpose,20261005,16526070,16526.070000,15.862452477,0
3060,mapping,get,131072,1000,2,0,131200,shuffle,20261005,16518951,16518.951000,15.869288552,0
3061,mapping,get,131072,1000,2,0,131328,identity,20261005,15542156,15542.156000,16.866643212,0
3062,mapping,get,131072,1000,2,0,131328,reverse,20261005,15727517,15727.517000,16.667856725,0
3063,mapping,get,131072,1000,2,0,131328,transpose,20261005,16520759,16520.759000,15.867551848,0
3064,mapping,get,131072,1000,2,0,131328,shuffle,20261005,16688706,16688.706000,15.707868543,0
3065,mapping,get,131072,1000,2,0,135168,identity,20261005,15889172,15889.172000,16.498279457,0
3066,mapping,get,131072,1000,2,0,135168,reverse,20261005,15680869,15680.869000,16.717440851,0
3067,mapping,get,131072,1000,2,0,135168,transpose,20261005,16922284,16922.284000,15.491053099,0
3068,mapping,get,131072,1000,2,0,135168,shuffle,20261005,16084500,16084.500000,16.297926575,0
3069,mapping,get,131072,1000,2,0,262144,identity,20261005,17238300,17238.300000,15.207067982,0
3070,mapping,get,131072,1000,2,0,262144,reverse,20261005,16809235,16809.235000,15.595236785,0
3071,mapping,get,131072,1000,2,0,262144,transpose,20261005,16957592,16957.592000,15.458798631,0
3072,mapping,get,131072,1000,2,0,262144,shuffle,20261005,16791541,16791.541000,15.611670186,0
3073,mapping,get,64,10000,2,4,131200,identity,20261005,4414658,441.465800,0.289943185,0
3074,mapping,get,64,10000,2,4,131200,reverse,20261005,4409595,440.959500,0.290276091,0
3075,mapping,get,64,10000,2,4,131200,transpose,20261005,4413830,441.383000,0.289997576,0
3076,mapping,get,64,10000,2,4,131200,shuffle,20261005,4419097,441.909700,0.289651936,0
3077,mapping,get,64,10000,2,4,131328,identity,20261005,4413241,441.324100,0.290036279,0
3078,mapping,get,64,10000,2,4,131328,reverse,20261005,4412583,441.258300,0.290079529,0
3079,mapping,get,64,10000,2,4,131328,transpose,20261005,4423048,442.304800,0.289393197,0
3080,mapping,get,64,10000,2,4,131328,shuffle,20261005,4416590,441.659000,0.289816352,0
3081,mapping,get,64,10000,2,4,135168,identity,20261005,4411862,441.186200,0.290126935,0
3082,mapping,get,64,10000,2,4,135168,reverse,20261005,4414270,441.427000,0.289968670,0
3083,mapping,get,64,10000,2,4,135168,transpose,20261005,4414926,441.492600,0.289925584,0
3084,mapping,get,64,10000,2,4,135168,shuffle,20261005,4413239,441.323900,0.290036411,0
3085,mapping,get,64,10000,2,4,262144,identity,20261005,4417560,441.756000,0.289752714,0
3086,mapping,get,64,10000,2,4,262144,reverse,20261005,4419216,441.921600,0.289644136,0
3087,mapping,get,64,10000,2,4,262144,transpose,20261005,4419905,441.990500,0.289598985,0
3088,mapping,get,64,10000,2,4,262144,shuffle,20261005,4411215,441.121500,0.290169488,0
3089,mapping,get,128,10000,2,4,131200,identity,20261005,4555312,455.531200,0.561981265,0
3090,mapping,get,128,10000,2,4,131200,reverse,20261005,4568517,456.851700,0.560356895,0
3091,mapping,get,128,10000,2,4,131200,transpose,20261005,4551624,455.162400,0.562436616,0
3092,mapping,get,128,10000,2,4,131200,shuffle,20261005,4564775,456.477500,0.560816251,0
3093,mapping,get,128,10000,2,4,131328,identity,20261005,4635633,463.563300,0.552243890,0
3094,mapping,get,128,10000,2,4,131328,reverse,20261005,4603744,460.374400,0.556069147,0
3095,mapping,get,128,10000,2,4,131328,transpose,20261005,4641794,464.179400,0.551510903,0
3096,mapping,get,128,10000,2,4,131328,shuffle,20261005,4636397,463.639700,0.552152889,0
3097,mapping,get,128,10000,2,4,135168,identity,20261005,4632252,463.225200,0.552646963,0
3098,mapping,get,128,10000,2,4,135168,reverse,20261005,4637079,463.707900,0.552071681,0
3099,mapping,get,128,10000,2,4,135168,transpose,20261005,4555764,455.576400,0.561925508,0
3100,mapping,get,128,10000,2,4,135168,shuffle,20261005,4632977,463.297700,0.552560481,0
3101,mapping,get,128,10000,2,4,262144,identity,20261005,4631278,463.127800,0.552763190,0
3102,mapping,get,128,10000,2,4,262144,reverse,20261005,4633551,463.355100,0.552492030,0
3103,mapping,get,128,10000,2,4,262144,transpose,20261005,4634050,463.405000,0.552432537,0
3104,mapping,get,128,10000,2,4,262144,shuffle,20261005,4623432,462.343200,0.553701233,0
3105,mapping,get,256,10000,2,4,131200,identity,20261005,4672325,467.232500,1.095814182,0
3106,mapping,get,256,10000,2,4,131200,reverse,20261005,4793542,479.354200,1.068103711,0
3107,mapping,get,256,10000,2,4,131200,transpose,20261005,4755114,475.511400,1.076735489,0
3108,mapping,get,256,10000,2,4,131200,shuffle,20261005,4674115,467.411500,1.095394529,0
3109,mapping,get,256,10000,2,4,131328,identity,20261005,4682828,468.282800,1.093356408,0
3110,mapping,get,256,10000,2,4,131328,reverse,20261005,4791365,479.136500,1.068589014,0
3111,mapping,get,256,10000,2,4,131328,transpose,20261005,4675635,467.563500,1.095038428,0
3112,mapping,get,256,10000,2,4,131328,shuffle,20261005,4672445,467.244500,1.095786039,0
3113,mapping,get,256,10000,2,4,135168,identity,20261005,4674846,467.484600,1.095223244,0
3114,mapping,get,256,10000,2,4,135168,reverse,20261005,4670380,467.038000,1.096270539,0
3115,mapping,get,256,10000,2,4,135168,transpose,20261005,4751868,475.186800,1.077471007,0
3116,mapping,get,256,10000,2,4,135168,shuffle,20261005,4678584,467.858400,1.094348204,0
3117,mapping,get,256,10000,2,4,262144,identity,20261005,4676573,467.657300,1.094818791,0
3118,mapping,get,256,10000,2,4,262144,reverse,20261005,4675073,467.507300,1.095170065,0
3119,mapping,get,256,10000,2,4,262144,transpose,20261005,4675998,467.599800,1.094953420,0
3120,mapping,get,256,10000,2,4,262144,shuffle,20261005,4764488,476.448800,1.074617042,0
3121,mapping,get,4096,1000,2,4,131200,identity,20261005,782432,782.432000,10.469919431,0
3122,mapping,get,4096,1000,2,4,131200,reverse,20261005,782045,782.045000,10.475100538,0
3123,mapping,get,4096,1000,2,4,131200,transpose,20261005,845324,845.324000,9.690958733,0
3124,mapping,get,4096,1000,2,4,131200,shuffle,20261005,842096,842.096000,9.728107009,0
3125,mapping,get,4096,1000,2,4,131328,identity,20261005,800963,800.963000,10.227688420,0
3126,mapping,get,4096,1000,2,4,131328,reverse,20261005,766413,766.413000,10.688753975,0
3127,mapping,get,4096,1000,2,4,131328,transpose,20261005,841804,841.804000,9.731481437,0
3128,mapping,get,4096,1000,2,4,131328,shuffle,20261005,843637,843.637000,9.710337503,0
3129,mapping,get,4096,1000,2,4,135168,identity,20261005,793567,793.567000,10.323009903,0
3130,mapping,get,4096,1000,2,4,135168,reverse,20261005,775465,775.465000,10.563984190,0
3131,mapping,get,4096,1000,2,4,135168,transpose,20261005,842088,842.088000,9.728199428,0
3132,mapping,get,4096,1000,2,4,135168,shuffle,20261005,840317,840.317000,9.748701978,0
3133,mapping,get,4096,1000,2,4,262144,identity,20261005,841976,841.976000,9.729493477,0
3134,mapping,get,4096,1000,2,4,262144,reverse,20261005,844932,844.932000,9.695454782,0
3135,mapping,get,4096,1000,2,4,262144,transpose,20261005,847524,847.524000,9.665802974,0
3136,mapping,get,4096,1000,2,4,262144,shuffle,20261005,844343,844.343000,9.702218174,0
3137,mapping,get,32768,1000,2,4,131200,identity,20261005,3832132,3832.132000,17.101707352,0
3138,mapping,get,32768,1000,2,4,131200,reverse,20261005,3793048,3793.048000,17.277925299,0
3139,mapping,get,32768,1000,2,4,131200,transpose,20261005,4276805,4276.805000,15.323588520,0
3140,mapping,get,32768,1000,2,4,131200,shuffle,20261005,4171311,4171.311000,15.711127749,0
3141,mapping,get,32768,1000,2,4,131328,identity,20261005,3819401,3819.401000,17.158711536,0
3142,mapping,get,32768,1000,2,4,131328,reverse,20261005,3789539,3789.539000,17.293924142,0
3143,mapping,get,32768,1000,2,4,131328,transpose,20261005,4219938,4219.938000,15.530085987,0
3144,mapping,get,32768,1000,2,4,131328,shuffle,20261005,4209499,4209.499000,15.568598543,0
3145,mapping,get,32768,1000,2,4,135168,identity,20261005,3785478,3785.478000,17.312476786,0
3146,mapping,get,32768,1000,2,4,135168,reverse,20261005,3785148,3785.148000,17.313986137,0
3147,mapping,get,32768,1000,2,4,135168,transpose,20261005,4483503,4483.503000,14.617141998,0
3148,mapping,get,32768,1000,2,4,135168,shuffle,20261005,4120064,4120.064000,15.906549024,0
3149,mapping,get,32768,1000,2,4,262144,identity,20261005,4524164,4524.164000,14.485770189,0
3150,mapping,get,32768,1000,2,4,262144,reverse,20261005,4417053,4417.053000,14.837041801,0
3151,mapping,get,32768,1000,2,4,262144,transpose,20261005,4338615,4338.615000,15.105281294,0
3152,mapping,get,32768,1000,2,4,262144,shuffle,20261005,4380945,4380.945000,14.959329551,0
3153,mapping,get,65536,1000,2,4,131200,identity,20261005,7524107,7524.107000,17.420273263,0
3154,mapping,get,65536,1000,2,4,131200,reverse,20261005,7568078,7568.078000,17.319060401,0
3155,mapping,get,65536,1000,2,4,131200,transpose,20261005,8224192,8224.192000,15.937371112,0
3156,mapping,get,65536,1000,2,4,131200,shuffle,20261005,8435989,8435.989000,15.537241692,0
3157,mapping,get,65536,1000,2,4,131328,identity,20261005,7499240,7499.240000,17.478037774,0
3158,mapping,get,65536,1000,2,4,131328,reverse,20261005,7505556,7505.556000,17.463329832,0
3159,mapping,get,65536,1000,2,4,131328,transpose,20261005,8172176,8172.176000,16.038812674,0
3160,mapping,get,65536,1000,2,4,131328,shuffle,20261005,8509440,8509.440000,15.403128761,0
3161,mapping,get,65536,1000,2,4,135168,identity,20261005,7510653,7510.653000,17.451478586,0
3162,mapping,get,65536,1000,2,4,135168,reverse,20261005,7545754,7545.754000,17.370298581,0
3163,mapping,get,65536,1000,2,4,135168,transpose,20261005,8291119,8291.119000,15.808722562,0
3164,mapping,get,65536,1000,2,4,135168,shuffle,20261005,8117068,8117.068000,16.147702594,0
3165,mapping,get,65536,1000,2,4,262144,identity,20261005,8307256,8307.256000,15.778013823,0
3166,mapping,get,65536,1000,2,4,262144,reverse,20261005,9200669,9200.669000,14.245920596,0
3167,mapping,get,65536,1000,2,4,262144,transpose,20261005,8160680,8160.680000,16.061406647,0
3168,mapping,get,65536,1000,2,4,262144,shuffle,20261005,8345887,8345.887000,15.704981388,0
3169,mapping,get,98304,1000,2,4,131200,identity,20261005,11347926,11347.926000,17.325456652,0
3170,mapping,get,98304,1000,2,4,131200,reverse,20261005,11271430,11271.430000,17.443039614,0
3171,mapping,get,98304,1000,2,4,131200,transpose,20261005,13123937,13123.937000,14.980870451,0
3172,mapping,get,98304,1000,2,4,131200,shuffle,20261005,12591814,12591.814000,15.613953637,0
3173,mapping,get,98304,1000,2,4,131328,identity,20261005,11359597,11359.597000,17.307656249,0
3174,mapping,get,98304,1000,2,4,131328,reverse,20261005,11516804,11516.804000,17.071402795,0
3175,mapping,get,98304,1000,2,4,131328,transpose,20261005,12463960,12463.960000,15.774119943,0
3176,mapping,get,98304,1000,2,4,131328,shuffle,20261005,12788721,12788.721000,15.373546737,0
3177,mapping,get,98304,1000,2,4,135168,identity,20261005,11270923,11270.923000,17.443824255,0
3178,mapping,get,98304,1000,2,4,135168,reverse,20261005,11314229,11314.229000,17.377056802,0
3179,mapping,get,98304,1000,2,4,135168,transpose,20261005,13315395,13315.395000,14.765465088,0
3180,mapping,get,98304,1000,2,4,135168,shuffle,20261005,12709955,12709.955000,15.468819520,0
3181,mapping,get,98304,1000,2,4,262144,identity,20261005,13676882,13676.882000,14.375206279,0
3182,mapping,get,98304,1000,2,4,262144,reverse,20261005,12625114,12625.114000,15.572770274,0
3183,mapping,get,98304,1000,2,4,262144,transpose,20261005,12506162,12506.162000,15.720890230,0
3184,mapping,get,98304,1000,2,4,262144,shuffle,20261005,13359772,13359.772000,14.716418813,0
3185,mapping,get,131072,1000,2,4,131200,identity,20261005,15536524,15536.524000,16.872757381,0
3186,mapping,get,131072,1000,2,4,131200,reverse,20261005,15808189,15808.189000,16.582797688,0
3187,mapping,get,131072,1000,2,4,131200,transpose,20261005,16653242,16653.242000,15.741319318,0
3188,mapping,get,131072,1000,2,4,131200,shuffle,20261005,16486694,16486.694000,15.900337569,0
3189,mapping,get,131072,1000,2,4,131328,identity,20261005,15553731,15553.731000,16.854091150,0
3190,mapping,get,131072,1000,2,4,131328,reverse,20261005,15779343,15779.343000,16.613112472,0
3191,mapping,get,131072,1000,2,4,131328,transpose,20261005,16576880,16576.880000,15.813832277,0
3192,mapping,get,131072,1000,2,4,131328,shuffle,20261005,16842542,16842.542000,15.564396396,0
3193,mapping,get,131072,1000,2,4,135168,identity,20261005,15333294,15333.294000,17.096391682,0
3194,mapping,get,131072,1000,2,4,135168,reverse,20261005,15562944,15562.944000,16.844113813,0
3195,mapping,get,131072,1000,2,4,135168,transpose,20261005,17096575,17096.575000,15.333129589,0
3196,mapping,get,131072,1000,2,4,135168,shuffle,20261005,17122518,17122.518000,15.309897762,0
3197,mapping,get,131072,1000,2,4,262144,identity,20261005,17545511,17545.511000,14.940801667,0
3198,mapping,get,131072,1000,2,4,262144,reverse,20261005,16682630,16682.630000,15.713589524,0
3199,mapping,get,131072,1000,2,4,262144,transpose,20261005,16261005,16261.005000,16.121020810,0
3200,mapping,get,131072,1000,2,4,262144,shuffle,20261005,16776261,16776.261000,15.625889464,0
3201,mapping,get,64,10000,4,0,131200,identity,20261005,5363499,536.349900,0.477300359,0
3202,mapping,get,64,10000,4,0,131200,reverse,20261005,5359290,535.929000,0.477675214,0
3203,mapping,get,64,10000,4,0,131200,transpose,20261005,4413448,441.344800,0.580045352,0
3204,mapping,get,64,10000,4,0,131200,shuffle,20261005,4416430,441.643000,0.579653702,0
3205,mapping,get,64,10000,4,0,131328,identity,20261005,5358375,535.837500,0.477756783,0
3206,mapping,get,64,10000,4,0,131328,reverse,20261005,4417253,441.725300,0.579545704,0
3207,mapping,get,64,10000,4,0,131328,transpose,20261005,5368061,536.806100,0.476894730,0
3208,mapping,get,64,10000,4,0,131328,shuffle,20261005,5368632,536.863200,0.476844008,0
3209,mapping,get,64,10000,4,0,135168,identity,20261005,4418446,441.844600,0.579389224,0
3210,mapping,get,64,10000,4,0,135168,reverse,20261005,4417990,441.799000,0.579449025,0
3211,mapping,get,64,10000,4,0,135168,transpose,20261005,4417128,441.712800,0.579562105,0
3212,mapping,get,64,10000,4,0,135168,shuffle,20261005,5365938,536.593800,0.477083410,0
3213,mapping,get,64,10000,4,0,262144,identity,20261005,4429402,442.940200,0.577956121,0
3214,mapping,get,64,10000,4,0,262144,reverse,20261005,4422677,442.267700,0.578834945,0
3215,mapping,get,64,10000,4,0,262144,transpose,20261005,4421874,442.187400,0.578940060,0
3216,mapping,get,64,10000,4,0,262144,shuffle,20261005,4424362,442.436200,0.578614499,0
3217,mapping,get,128,10000,4,0,131200,identity,20261005,5362834,536.283400,0.954719091,0
3218,mapping,get,128,10000,4,0,131200,reverse,20261005,5354742,535.474200,0.956161847,0
3219,mapping,get,128,10000,4,0,131200,transpose,20261005,4416533,441.653300,1.159280368,0
3220,mapping,get,128,10000,4,0,131200,shuffle,20261005,4416843,441.684300,1.159199003,0
3221,mapping,get,128,10000,4,0,131328,identity,20261005,5355207,535.520700,0.956078822,0
3222,mapping,get,128,10000,4,0,131328,reverse,20261005,4421185,442.118500,1.158060565,0
3223,mapping,get,128,10000,4,0,131328,transpose,20261005,5368335,536.833500,0.953740778,0
3224,mapping,get,128,10000,4,0,131328,shuffle,20261005,5370797,537.079700,0.953303579,0
3225,mapping,get,128,10000,4,0,135168,identity,20261005,4422584,442.258400,1.157694235,0
3226,mapping,get,128,10000,4,0,135168,reverse,20261005,4419642,441.964200,1.158464871,0
3227,mapping,get,128,10000,4,0,135168,transpose,20261005,4416416,441.641600,1.159311079,0
3228,mapping,get,128,10000,4,0,135168,shuffle,20261005,5368110,536.811000,0.953780753,0
3229,mapping,get,128,10000,4,0,262144,identity,20261005,4429687,442.968700,1.155837873,0
3230,mapping,get,128,10000,4,0,262144,reverse,20261005,4427757,442.775700,1.156341687,0
3231,mapping,get,128,10000,4,0,262144,transpose,20261005,4417262,441.726200,1.159089047,0
3232,mapping,get,128,10000,4,0,262144,shuffle,20261005,4416333,441.633300,1.159332867,0
3233,mapping,get,256,10000,4,0,131200,identity,20261005,5628840,562.884000,1.819202536,0
3234,mapping,get,256,10000,4,0,131200,reverse,20261005,5570732,557.073200,1.838178537,0
3235,mapping,get,256,10000,4,0,131200,transpose,20261005,4647853,464.785300,2.203167785,0
3236,mapping,get,256,10000,4,0,131200,shuffle,20261005,5449982,544.998200,1.878905288,0
3237,mapping,get,256,10000,4,0,131328,identity,20261005,5619078,561.907800,1.822363028,0
3238,mapping,get,256,10000,4,0,131328,reverse,20261005,4648645,464.864500,2.202792427,0
3239,mapping,get,256,10000,4,0,131328,transpose,20261005,5626553,562.655300,1.819941979,0
3240,mapping,get,256,10000,4,0,131328,shuffle,20261005,5666669,566.666900,1.807058079,0
3241,mapping,get,256,10000,4,0,135168,identity,20261005,4650217,465.021700,2.202047775,0
3242,mapping,get,256,10000,4,0,135168,reverse,20261005,4654140,465.414000,2.200191657,0
3243,mapping,get,256,10000,4,0,135168,transpose,20261005,4644782,464.478200,2.204624458,0
3244,mapping,get,256,10000,4,0,135168,shuffle,20261005,5622396,562.239600,1.821287579,0
3245,mapping,get,256,10000,4,0,262144,identity,20261005,4672366,467.236600,2.191609133,0
3246,mapping,get,256,10000,4,0,262144,reverse,20261005,4648562,464.856200,2.202831757,0
3247,mapping,get,256,10000,4,0,262144,transpose,20261005,4647440,464.744000,2.203363572,0
3248,mapping,get,256,10000,4,0,262144,shuffle,20261005,4657692,465.769200,2.198513770,0
3249,mapping,get,4096,1000,4,0,131200,identity,20261005,1029749,1029.749000,15.910673378,0
3250,mapping,get,4096,1000,4,0,131200,reverse,20261005,1028448,1028.448000,15.930800585,0
3251,mapping,get,4096,1000,4,0,131200,transpose,20261005,1113633,1113.633000,14.712207702,0
3252,mapping,get,4096,1000,4,0,131200,shuffle,20261005,1097567,1097.567000,14.927562509,0
3253,mapping,get,4096,1000,4,0,131328,identity,20261005,1049179,1049.179000,15.616019764,0
3254,mapping,get,4096,1000,4,0,131328,reverse,20261005,1079516,1079.516000,15.177171992,0
3255,mapping,get,4096,1000,4,0,131328,transpose,20261005,1107308,1107.308000,14.796244586,0
3256,mapping,get,4096,1000,4,0,131328,shuffle,20261005,1087189,1087.189000,15.070056816,0
3257,mapping,get,4096,1000,4,0,135168,identity,20261005,1037070,1037.070000,15.798354981,0
3258,mapping,get,4096,1000,4,0,135168,reverse,20261005,1037439,1037.439000,15.792735766,0
3259,mapping,get,4096,1000,4,0,135168,transpose,20261005,1116192,1116.192000,14.678478255,0
3260,mapping,get,4096,1000,4,0,135168,shuffle,20261005,1119566,1119.566000,14.634242197,0
3261,mapping,get,4096,1000,4,0,262144,identity,20261005,1122711,1122.711000,14.593247951,0
3262,mapping,get,4096,1000,4,0,262144,reverse,20261005,1131140,1131.140000,14.484502360,0
3263,mapping,get,4096,1000,4,0,262144,transpose,20261005,1119048,1119.048000,14.641016292,0
3264,mapping,get,4096,1000,4,0,262144,shuffle,20261005,1111744,1111.744000,14.737205688,0
3265,mapping,get,32768,1000,4,0,131200,identity,20261005,6716465,6716.465000,19.515027622,0
3266,mapping,get,32768,1000,4,0,131200,reverse,20261005,6705894,6705.894000,19.545790613,0
3267,mapping,get,32768,1000,4,0,131200,transpose,20261005,8093947,8093.947000,16.193829784,0
3268,mapping,get,32768,1000,4,0,131200,shuffle,20261005,8090001,8090.001000,16.201728529,0
3269,mapping,get,32768,1000,4,0,131328,identity,20261005,6734406,6734.406000,19.463038017,0
3270,mapping,get,32768,1000,4,0,131328,reverse,20261005,6721033,6721.033000,19.501764089,0
3271,mapping,get,32768,1000,4,0,131328,transpose,20261005,8050377,8050.377000,16.281473526,0
3272,mapping,get,32768,1000,4,0,131328,shuffle,20261005,7971593,7971.593000,16.442384853,0
3273,mapping,get,32768,1000,4,0,135168,identity,20261005,6705121,6705.121000,19.548043950,0
3274,mapping,get,32768,1000,4,0,135168,reverse,20261005,6712587,6712.587000,19.526301856,0
3275,mapping,get,32768,1000,4,0,135168,transpose,20261005,8089417,8089.417000,16.202898182,0
3276,mapping,get,32768,1000,4,0,135168,shuffle,20261005,8081920,8081.920000,16.217928413,0
3277,mapping,get,32768,1000,4,0,262144,identity,20261005,8104729,8104.729000,16.172286575,0
3278,mapping,get,32768,1000,4,0,262144,reverse,20261005,8079005,8079.005000,16.223780032,0
3279,mapping,get,32768,1000,4,0,262144,transpose,20261005,8114243,8114.243000,16.153324469,0
3280,mapping,get,32768,1000,4,0,262144,shuffle,20261005,8018929,8018.929000,16.345324918,0
3281,mapping,get,65536,1000,4,0,131200,identity,20261005,13292993,13292.993000,19.720464759,0
3282,mapping,get,65536,1000,4,0,131200,reverse,20261005,13320387,13320.387000,19.679908699,0
3283,mapping,get,65536,1000,4,0,131200,transpose,20261005,16488693,16488.693000,15.898409898,0
3284,mapping,get,65536,1000,4,0,131200,shuffle,20261005,16485257,16485.257000,15.901723582,0
3285,mapping,get,65536,1000,4,0,131328,identity,20261005,13307533,13307.533000,19.698917899,0
3286,mapping,get,65536,1000,4,0,131328,reverse,20261005,13252390,13252.390000,19.780884806,0
3287,mapping,get,65536,1000,4,0,131328,transpose,20261005,16397370,16397.370000,15.986954005,0
3288,mapping,get,65536,1000,4,0,131328,shuffle,20261005,16504818,16504.818000,15.882877351,0
3289,mapping,get,65536,1000,4,0,135168,identity,20261005,13265573,13265.573000,19.761227050,0
3290,mapping,get,65536,1000,4,0,135168,reverse,20261005,13280991,13280.991000,19.738286096,0
3291,mapping,get,65536,1000,4,0,135168,transpose,20261005,16521428,16521.428000,15.866909325,0
3292,mapping,get,65536,1000,4,0,135168,shuffle,20261005,16500984,16500.984000,15.886567734,0
3293,mapping,get,65536,1000,4,0,262144,identity,20261005,16491534,16491.534000,15.895671076,0
3294,mapping,get,65536,1000,4,0,262144,reverse,20261005,16503939,16503.939000,15.883723274,0
3295,mapping,get,65536,1000,4,0,262144,transpose,20261005,16459430,16459.430000,15.926675468,0
3296,mapping,get,65536,1000,4,0,262144,shuffle,20261005,16500208,16500.208000,15.887314875,0
3297,mapping,get,98304,1000,4,0,131200,identity,20261005,19938595,19938.595000,19.721349473,0
3298,mapping,get,98304,1000,4,0,131200,reverse,20261005,19917378,19917.378000,19.742357654,0
3299,mapping,get,98304,1000,4,0,131200,transpose,20261005,24914417,24914.417000,15.782669127,0
3300,mapping,get,98304,1000,4,0,131200,shuffle,20261005,24934548,24934.548000,15.769926930,0
3301,mapping,get,98304,1000,4,0,131328,identity,20261005,19918917,19918.917000,19.740832295,0
3302,mapping,get,98304,1000,4,0,131328,reverse,20261005,20091555,20091.555000,19.571207903,0
3303,mapping,get,98304,1000,4,0,131328,transpose,20261005,24945882,24945.882000,15.762761966,0
3304,mapping,get,98304,1000,4,0,131328,shuffle,20261005,24912989,24912.989000,15.783573782,0
3305,mapping,get,98304,1000,4,0,135168,identity,20261005,19973342,19973.342000,19.687040857,0
3306,mapping,get,98304,1000,4,0,135168,reverse,20261005,20005873,20005.873000,19.655028301,0
3307,mapping,get,98304,1000,4,0,135168,transpose,20261005,24999477,24999.477000,15.728969050,0
3308,mapping,get,98304,1000,4,0,135168,shuffle,20261005,24988160,24988.160000,15.736092613,0
3309,mapping,get,98304,1000,4,0,262144,identity,20261005,25008428,25008.428000,15.723339348,0
3310,mapping,get,98304,1000,4,0,262144,reverse,20261005,24992061,24992.061000,15.733636374,0
3311,mapping,get,98304,1000,4,0,262144,transpose,20261005,25029543,25029.543000,15.710075090,0
3312,mapping,get,98304,1000,4,0,262144,shuffle,20261005,24924184,24924.184000,15.776484398,0
3313,mapping,get,131072,1000,4,0,131200,identity,20261005,26883088,26883.088000,19.502521437,0
3314,mapping,get,131072,1000,4,0,131200,reverse,20261005,26979644,26979.644000,19.432724909,0
3315,mapping,get,131072,1000,4,0,131200,transpose,20261005,33376645,33376.645000,15.708229512,0
3316,mapping,get,131072,1000,4,0,131200,shuffle,20261005,33401944,33401.944000,15.696331926,0
3317,mapping,get,131072,1000,4,0,131328,identity,20261005,26856723,26856.723000,19.521666884,0
3318,mapping,get,131072,1000,4,0,131328,reverse,20261005,27009530,27009.530000,19.411222631,0
3319,mapping,get,131072,1000,4,0,131328,transpose,20261005,33317049,33317.049000,15.736327668,0
3320,mapping,get,131072,1000,4,0,131328,shuffle,20261005,33443545,33443.545000,15.676806989,0
3321,mapping,get,131072,1000,4,0,135168,identity,20261005,26957317,26957.317000,19.448819777,0
3322,mapping,get,131072,1000,4,0,135168,reverse,20261005,26818357,26818.357000,19.549594332,0
3323,mapping,get,131072,1000,4,0,135168,transpose,20261005,33339741,33339.741000,15.725617065,0
3324,mapping,get,131072,1000,4,0,135168,shuffle,20261005,33321463,33321.463000,15.734243121,0
3325,mapping,get,131072,1000,4,0,262144,identity,20261005,33414450,33414.450000,15.690457272,0
3326,mapping,get,131072,1000,4,0,262144,reverse,20261005,33438847,33438.847000,15.679009507,0
3327,mapping,get,131072,1000,4,0,262144,transpose,20261005,33322509,33322.509000,15.733749220,0
3328,mapping,get,131072,1000,4,0,262144,shuffle,20261005,33337022,33337.022000,15.726899661,0
3329,mapping,get,64,10000,4,4,131200,identity,20261005,5406224,540.622400,0.473528289,0
3330,mapping,get,64,10000,4,4,131200,reverse,20261005,5399657,539.965700,0.474104188,0
3331,mapping,get,64,10000,4,4,131200,transpose,20261005,4424209,442.420900,0.578634508,0
3332,mapping,get,64,10000,4,4,131200,shuffle,20261005,4420806,442.080600,0.579079923,0
3333,mapping,get,64,10000,4,4,131328,identity,20261005,5402877,540.287700,0.473821632,0
3334,mapping,get,64,10000,4,4,131328,reverse,20261005,4431075,443.107500,0.577737908,0
3335,mapping,get,64,10000,4,4,131328,transpose,20261005,5408749,540.874900,0.473307229,0
3336,mapping,get,64,10000,4,4,131328,shuffle,20261005,5408555,540.855500,0.473324206,0
3337,mapping,get,64,10000,4,4,135168,identity,20261005,4429255,442.925500,0.577975303,0
3338,mapping,get,64,10000,4,4,135168,reverse,20261005,4426743,442.674300,0.578303281,0
3339,mapping,get,64,10000,4,4,135168,transpose,20261005,4419946,441.994600,0.579192596,0
3340,mapping,get,64,10000,4,4,135168,shuffle,20261005,5408600,540.860000,0.473320268,0
3341,mapping,get,64,10000,4,4,262144,identity,20261005,4429111,442.911100,0.577994094,0
3342,mapping,get,64,10000,4,4,262144,reverse,20261005,4428431,442.843100,0.578082847,0
3343,mapping,get,64,10000,4,4,262144,transpose,20261005,4414826,441.482600,0.579864303,0
3344,mapping,get,64,10000,4,4,262144,shuffle,20261005,4424164,442.416400,0.578640394,0
3345,mapping,get,128,10000,4,4,131200,identity,20261005,5637615,563.761500,0.908185465,0
3346,mapping,get,128,10000,4,4,131200,reverse,20261005,5597179,559.717900,0.914746518,0
3347,mapping,get,128,10000,4,4,131200,transpose,20261005,4646497,464.649700,1.101905371,0
3348,mapping,get,128,10000,4,4,131200,shuffle,20261005,5464211,546.421100,0.937006276,0
3349,mapping,get,128,10000,4,4,131328,identity,20261005,5635019,563.501900,0.908603857,0
3350,mapping,get,128,10000,4,4,131328,reverse,20261005,4647715,464.771500,1.101616601,0
3351,mapping,get,128,10000,4,4,131328,transpose,20261005,5626918,562.691800,0.909911962,0
3352,mapping,get,128,10000,4,4,131328,shuffle,20261005,5675016,567.501600,0.902200100,0
3353,mapping,get,128,10000,4,4,135168,identity,20261005,4654925,465.492500,1.099910310,0
3354,mapping,get,128,10000,4,4,135168,reverse,20261005,4654863,465.486300,1.099924960,0
3355,mapping,get,128,10000,4,4,135168,transpose,20261005,4647031,464.703100,1.101778749,0
3356,mapping,get,128,10000,4,4,135168,shuffle,20261005,5639622,563.962200,0.907862265,0
3357,mapping,get,128,10000,4,4,262144,identity,20261005,4675769,467.576900,1.095007046,0
3358,mapping,get,128,10000,4,4,262144,reverse,20261005,4662144,466.214400,1.098207177,0
3359,mapping,get,128,10000,4,4,262144,transpose,20261005,4646465,464.646500,1.101912960,0
3360,mapping,get,128,10000,4,4,262144,shuffle,20261005,4648903,464.890300,1.101335089,0
3361,mapping,get,256,10000,4,4,131200,identity,20261005,5741988,574.198800,1.783354476,0
3362,mapping,get,256,10000,4,4,131200,reverse,20261005,5641146,564.114600,1.815233997,0
3363,mapping,get,256,10000,4,4,131200,transpose,20261005,4689811,468.981100,2.183456860,0
3364,mapping,get,256,10000,4,4,131200,shuffle,20261005,5692957,569.295700,1.798713744,0
3365,mapping,get,256,10000,4,4,131328,identity,20261005,5799251,579.925100,1.765745266,0
3366,mapping,get,256,10000,4,4,131328,reverse,20261005,4811491,481.149100,2.128238419,0
3367,mapping,get,256,10000,4,4,131328,transpose,20261005,5744593,574.459300,1.782545778,0
3368,mapping,get,256,10000,4,4,131328,shuffle,20261005,5748838,574.883800,1.781229528,0
3369,mapping,get,256,10000,4,4,135168,identity,20261005,4686784,468.678400,2.184867064,0
3370,mapping,get,256,10000,4,4,135168,reverse,20261005,4690849,469.084900,2.182973700,0
3371,mapping,get,256,10000,4,4,135168,transpose,20261005,4776850,477.685000,2.143672085,0
3372,mapping,get,256,10000,4,4,135168,shuffle,20261005,5714152,571.415200,1.792041934,0
3373,mapping,get,256,10000,4,4,262144,identity,20261005,4702476,470.247600,2.177576239,0
3374,mapping,get,256,10000,4,4,262144,reverse,20261005,4680972,468.097200,2.187579845,0
3375,mapping,get,256,10000,4,4,262144,transpose,20261005,5710501,571.050100,1.793187673,0
3376,mapping,get,256,10000,4,4,262144,shuffle,20261005,5709312,570.931200,1.793561116,0
3377,mapping,get,4096,1000,4,4,131200,identity,20261005,1123140,1123.140000,14.587673843,0
3378,mapping,get,4096,1000,4,4,131200,reverse,20261005,1049680,1049.680000,15.608566420,0
3379,mapping,get,4096,1000,4,4,131200,transpose,20261005,1137363,1137.363000,14.405251446,0
3380,mapping,get,4096,1000,4,4,131200,shuffle,20261005,1121960,1121.960000,14.603016150,0
3381,mapping,get,4096,1000,4,4,131328,identity,20261005,1070812,1070.812000,15.300538283,0
3382,mapping,get,4096,1000,4,4,131328,reverse,20261005,1071231,1071.231000,15.294553649,0
3383,mapping,get,4096,1000,4,4,131328,transpose,20261005,1128941,1128.941000,14.512715899,0
3384,mapping,get,4096,1000,4,4,131328,shuffle,20261005,1148902,1148.902000,14.260572268,0
3385,mapping,get,4096,1000,4,4,135168,identity,20261005,1054250,1054.250000,15.540905857,0
3386,mapping,get,4096,1000,4,4,135168,reverse,20261005,1040004,1040.004000,15.753785562,0
3387,mapping,get,4096,1000,4,4,135168,transpose,20261005,1127566,1127.566000,14.530413297,0
3388,mapping,get,4096,1000,4,4,135168,shuffle,20261005,1124856,1124.856000,14.565419929,0
3389,mapping,get,4096,1000,4,4,262144,identity,20261005,1129948,1129.948000,14.499782291,0
3390,mapping,get,4096,1000,4,4,262144,reverse,20261005,1124645,1124.645000,14.568152617,0
3391,mapping,get,4096,1000,4,4,262144,transpose,20261005,1124503,1124.503000,14.569992254,0
3392,mapping,get,4096,1000,4,4,262144,shuffle,20261005,1125284,1125.284000,14.559879995,0
3393,mapping,get,32768,1000,4,4,131200,identity,20261005,6744610,6744.610000,19.433592157,0
3394,mapping,get,32768,1000,4,4,131200,reverse,20261005,6728686,6728.686000,19.479583384,0
3395,mapping,get,32768,1000,4,4,131200,transpose,20261005,8138774,8138.774000,16.104636890,0
3396,mapping,get,32768,1000,4,4,131200,shuffle,20261005,8134734,8134.734000,16.112635029,0
3397,mapping,get,32768,1000,4,4,131328,identity,20261005,6750284,6750.284000,19.417257111,0
3398,mapping,get,32768,1000,4,4,131328,reverse,20261005,6762575,6762.575000,19.381966189,0
3399,mapping,get,32768,1000,4,4,131328,transpose,20261005,8063949,8063.949000,16.254071051,0
3400,mapping,get,32768,1000,4,4,131328,shuffle,20261005,8015851,8015.851000,16.351601346,0
3401,mapping,get,32768,1000,4,4,135168,identity,20261005,6731653,6731.653000,19.470997688,0
3402,mapping,get,32768,1000,4,4,135168,reverse,20261005,6731620,6731.620000,19.471093140,0
3403,mapping,get,32768,1000,4,4,135168,transpose,20261005,8114630,8114.630000,16.152554091,0
3404,mapping,get,32768,1000,4,4,135168,shuffle,20261005,8097773,8097.773000,16.186178595,0
3405,mapping,get,32768,1000,4,4,262144,identity,20261005,8066260,8066.260000,16.249414227,0
3406,mapping,get,32768,1000,4,4,262144,reverse,20261005,8137386,8137.386000,16.107383870,0
3407,mapping,get,32768,1000,4,4,262144,transpose,20261005,8091810,8091.810000,16.198106481,0
3408,mapping,get,32768,1000,4,4,262144,shuffle,20261005,8080153,8080.153000,16.221475014,0
3409,mapping,get,65536,1000,4,4,131200,identity,20261005,13354628,13354.628000,19.629449806,0
3410,mapping,get,65536,1000,4,4,131200,reverse,20261005,13315732,13315.732000,19.686788530,0
3411,mapping,get,65536,1000,4,4,131200,transpose,20261005,16509837,16509.837000,15.878048947,0
3412,mapping,get,65536,1000,4,4,131200,shuffle,20261005,16516657,16516.657000,15.871492639,0
3413,mapping,get,65536,1000,4,4,131328,identity,20261005,13404174,13404.174000,19.556893248,0
3414,mapping,get,65536,1000,4,4,131328,reverse,20261005,13377375,13377.375000,19.596071726,0
3415,mapping,get,65536,1000,4,4,131328,transpose,20261005,16490625,16490.625000,15.896547281,0
3416,mapping,get,65536,1000,4,4,131328,shuffle,20261005,16518732,16518.732000,15.869498942,0
3417,mapping,get,65536,1000,4,4,135168,identity,20261005,13363784,13363.784000,19.616000977,0
3418,mapping,get,65536,1000,4,4,135168,reverse,20261005,13492160,13492.160000,19.429357494,0
3419,mapping,get,65536,1000,4,4,135168,transpose,20261005,16556442,16556.442000,15.833353567,0
3420,mapping,get,65536,1000,4,4,135168,shuffle,20261005,16507583,16507.583000,15.880216989,0
3421,mapping,get,65536,1000,4,4,262144,identity,20261005,16595586,16595.586000,15.796007444,0
3422,mapping,get,65536,1000,4,4,262144,reverse,20261005,16571166,16571.166000,15.819285137,0
3423,mapping,get,65536,1000,4,4,262144,transpose,20261005,16527108,16527.108000,15.861456221,0
3424,mapping,get,65536,1000,4,4,262144,shuffle,20261005,16589096,16589.096000,15.802187172,0
3425,mapping,get,98304,1000,4,4,131200,identity,20261005,19994997,19994.997000,19.665719380,0
3426,mapping,get,98304,1000,4,4,131200,reverse,20261005,19934858,19934.858000,19.725046449,0
3427,mapping,get,98304,1000,4,4,131200,transpose,20261005,24953960,24953.960000,15.757659305,0
3428,mapping,get,98304,1000,4,4,131200,shuffle,20261005,25036599,25036.599000,15.705647560,0
3429,mapping,get,98304,1000,4,4,131328,identity,20261005,20013608,20013.608000,19.647431887,0
3430,mapping,get,98304,1000,4,4,131328,reverse,20261005,20152053,20152.053000,19.512453644,0
3431,mapping,get,98304,1000,4,4,131328,transpose,20261005,24943266,24943.266000,15.764415133,0
3432,mapping,get,98304,1000,4,4,131328,shuffle,20261005,25051803,25051.803000,15.696115765,0
3433,mapping,get,98304,1000,4,4,135168,identity,20261005,20022996,20022.996000,19.638219975,0
3434,mapping,get,98304,1000,4,4,135168,reverse,20261005,20015343,20015.343000,19.645728779,0
3435,mapping,get,98304,1000,4,4,135168,transpose,20261005,25009774,25009.774000,15.722493134,0
3436,mapping,get,98304,1000,4,4,135168,shuffle,20261005,25107935,25107.935000,15.661025090,0
3437,mapping,get,98304,1000,4,4,262144,identity,20261005,24969113,24969.113000,15.748096458,0
3438,mapping,get,98304,1000,4,4,262144,reverse,20261005,24985544,24985.544000,15.737740191,0
3439,mapping,get,98304,1000,4,4,262144,transpose,20261005,25015761,25015.761000,15.718730284,0
3440,mapping,get,98304,1000,4,4,262144,shuffle,20261005,24976730,24976.730000,15.743293858,0
3441,mapping,get,131072,1000,4,4,131200,identity,20261005,26840525,26840.525000,19.533448023,0
3442,mapping,get,131072,1000,4,4,131200,reverse,20261005,26928500,26928.500000,19.469632545,0
3443,mapping,get,131072,1000,4,4,131200,transpose,20261005,33326044,33326.044000,15.732080291,0
3444,mapping,get,131072,1000,4,4,131200,shuffle,20261005,33477024,33477.024000,15.661129257,0
3445,mapping,get,131072,1000,4,4,131328,identity,20261005,26862588,26862.588000,19.517404652,0
3446,mapping,get,131072,1000,4,4,131328,reverse,20261005,27130213,27130.213000,19.324875923,0
3447,mapping,get,131072,1000,4,4,131328,transpose,20261005,33333490,33333.490000,15.728566076,0
3448,mapping,get,131072,1000,4,4,131328,shuffle,20261005,33457873,33457.873000,15.670093553,0
3449,mapping,get,131072,1000,4,4,135168,identity,20261005,27046038,27046.038000,19.385020460,0
3450,mapping,get,131072,1000,4,4,135168,reverse,20261005,26803866,26803.866000,19.560163448,0
3451,mapping,get,131072,1000,4,4,135168,transpose,20261005,33428327,33428.327000,15.683943740,0
3452,mapping,get,131072,1000,4,4,135168,shuffle,20261005,33383300,33383.300000,15.705098058,0
3453,mapping,get,131072,1000,4,4,262144,identity,20261005,33461904,33461.904000,15.668205850,0
3454,mapping,get,131072,1000,4,4,262144,reverse,20261005,33344179,33344.179000,15.723524037,0
3455,mapping,get,131072,1000,4,4,262144,transpose,20261005,33346352,33346.352000,15.722499421,0
3456,mapping,get,131072,1000,4,4,262144,shuffle,20261005,33421124,33421.124000,15.687323981,0
3457,mapping,get,64,10000,8,0,131200,identity,20261005,5395652,539.565200,0.948912198,0
3458,mapping,get,64,10000,8,0,131200,reverse,20261005,5465180,546.518000,0.936840141,0
3459,mapping,get,64,10000,8,0,131200,transpose,20261005,5434052,543.405200,0.942206663,0
3460,mapping,get,64,10000,8,0,131200,shuffle,20261005,4469828,446.982800,1.145457946,0
3461,mapping,get,64,10000,8,0,131328,identity,20261005,5466092,546.609200,0.936683832,0
3462,mapping,get,64,10000,8,0,131328,reverse,20261005,5447512,544.751200,0.939878609,0
3463,mapping,get,64,10000,8,0,131328,transpose,20261005,5487044,548.704400,0.933107152,0
3464,mapping,get,64,10000,8,0,131328,shuffle,20261005,5417241,541.724100,0.945130556,0
3465,mapping,get,64,10000,8,0,135168,identity,20261005,4456859,445.685900,1.148791111,0
3466,mapping,get,64,10000,8,0,135168,reverse,20261005,4473153,447.315300,1.144606500,0
3467,mapping,get,64,10000,8,0,135168,transpose,20261005,5460981,546.098100,0.937560486,0
3468,mapping,get,64,10000,8,0,135168,shuffle,20261005,5568895,556.889500,0.919392447,0
3469,mapping,get,64,10000,8,0,262144,identity,20261005,4542130,454.213000,1.127224452,0
3470,mapping,get,64,10000,8,0,262144,reverse,20261005,4466998,446.699800,1.146183634,0
3471,mapping,get,64,10000,8,0,262144,transpose,20261005,4489041,448.904100,1.140555410,0
3472,mapping,get,64,10000,8,0,262144,shuffle,20261005,5443284,544.328400,0.940608647,0
3473,mapping,get,128,10000,8,0,131200,identity,20261005,5396471,539.647100,1.897536371,0
3474,mapping,get,128,10000,8,0,131200,reverse,20261005,5462263,546.226300,1.874680879,0
3475,mapping,get,128,10000,8,0,131200,transpose,20261005,5434823,543.482300,1.884145997,0
3476,mapping,get,128,10000,8,0,131200,shuffle,20261005,4477126,447.712600,2.287181554,0
3477,mapping,get,128,10000,8,0,131328,identity,20261005,5468405,546.840500,1.872575276,0
3478,mapping,get,128,10000,8,0,131328,reverse,20261005,5445790,544.579000,1.880351611,0
3479,mapping,get,128,10000,8,0,131328,transpose,20261005,5487243,548.724300,1.866146624,0
3480,mapping,get,128,10000,8,0,131328,shuffle,20261005,5415686,541.568600,1.890803861,0
3481,mapping,get,128,10000,8,0,135168,identity,20261005,4462638,446.263800,2.294606912,0
3482,mapping,get,128,10000,8,0,135168,reverse,20261005,4475799,447.579900,2.287859665,0
3483,mapping,get,128,10000,8,0,135168,transpose,20261005,5460364,546.036400,1.875332853,0
3484,mapping,get,128,10000,8,0,135168,shuffle,20261005,5474419,547.441900,1.870518132,0
3485,mapping,get,128,10000,8,0,262144,identity,20261005,4500596,450.059600,2.275254211,0
3486,mapping,get,128,10000,8,0,262144,reverse,20261005,4476910,447.691000,2.287291904,0
3487,mapping,get,128,10000,8,0,262144,transpose,20261005,4489006,448.900600,2.281128606,0
3488,mapping,get,128,10000,8,0,262144,shuffle,20261005,5445627,544.562700,1.880407894,0
3489,mapping,get,256,10000,8,0,131200,identity,20261005,5679876,567.987600,3.605712519,0
3490,mapping,get,256,10000,8,0,131200,reverse,20261005,5697801,569.780100,3.594369126,0
3491,mapping,get,256,10000,8,0,131200,transpose,20261005,5678827,567.882700,3.606378571,0
3492,mapping,get,256,10000,8,0,131200,shuffle,20261005,5548517,554.851700,3.691076372,0
3493,mapping,get,256,10000,8,0,131328,identity,20261005,5693321,569.332100,3.597197488,0
3494,mapping,get,256,10000,8,0,131328,reverse,20261005,5685106,568.510600,3.602395452,0
3495,mapping,get,256,10000,8,0,131328,transpose,20261005,5704841,570.484100,3.589933532,0
3496,mapping,get,256,10000,8,0,131328,shuffle,20261005,5688948,568.894800,3.599962594,0
3497,mapping,get,256,10000,8,0,135168,identity,20261005,4712677,471.267700,4.345725370,0
3498,mapping,get,256,10000,8,0,135168,reverse,20261005,4669443,466.944300,4.385962094,0
3499,mapping,get,256,10000,8,0,135168,transpose,20261005,5694750,569.475000,3.596294833,0
3500,mapping,get,256,10000,8,0,135168,shuffle,20261005,5699648,569.964800,3.593204352,0
3501,mapping,get,256,10000,8,0,262144,identity,20261005,4662017,466.201700,4.392948374,0
3502,mapping,get,256,10000,8,0,262144,reverse,20261005,4672484,467.248400,4.383107572,0
3503,mapping,get,256,10000,8,0,262144,transpose,20261005,4676605,467.660500,4.379245200,0
3504,mapping,get,256,10000,8,0,262144,shuffle,20261005,5691753,569.175300,3.598188467,0
3505,mapping,get,4096,1000,8,0,131200,identity,20261005,1642406,1642.406000,19.951217908,0
3506,mapping,get,4096,1000,8,0,131200,reverse,20261005,1679050,1679.050000,19.515797624,0
3507,mapping,get,4096,1000,8,0,131200,transpose,20261005,2130526,2130.526000,15.380239434,0
3508,mapping,get,4096,1000,8,0,131200,shuffle,20261005,1859949,1859.949000,17.617687367,0
3509,mapping,get,4096,1000,8,0,131328,identity,20261005,1630413,1630.413000,20.097975176,0
3510,mapping,get,4096,1000,8,0,131328,reverse,20261005,1680392,1680.392000,19.500211855,0
3511,mapping,get,4096,1000,8,0,131328,transpose,20261005,2124599,2124.599000,15.423145732,0
3512,mapping,get,4096,1000,8,0,131328,shuffle,20261005,1906857,1906.857000,17.184298560,0
3513,mapping,get,4096,1000,8,0,135168,identity,20261005,1622338,1622.338000,20.198010526,0
3514,mapping,get,4096,1000,8,0,135168,reverse,20261005,1672163,1672.163000,19.596175732,0
3515,mapping,get,4096,1000,8,0,135168,transpose,20261005,2117822,2117.822000,15.472499577,0
3516,mapping,get,4096,1000,8,0,135168,shuffle,20261005,1905110,1905.110000,17.200056690,0
3517,mapping,get,4096,1000,8,0,262144,identity,20261005,2118494,2118.494000,15.467591600,0
3518,mapping,get,4096,1000,8,0,262144,reverse,20261005,2127554,2127.554000,15.401724234,0
3519,mapping,get,4096,1000,8,0,262144,transpose,20261005,2126594,2126.594000,15.408676974,0
3520,mapping,get,4096,1000,8,0,262144,shuffle,20261005,2122400,2122.400000,15.439125518,0
3521,mapping,get,32768,1000,8,0,131200,identity,20261005,12658061,12658.061000,20.709648974,0
3522,mapping,get,32768,1000,8,0,131200,reverse,20261005,12725971,12725.971000,20.599135422,0
3523,mapping,get,32768,1000,8,0,131200,transpose,20261005,14906783,14906.783000,17.585551490,0
3524,mapping,get,32768,1000,8,0,131200,shuffle,20261005,14027507,14027.507000,18.687853800,0
3525,mapping,get,32768,1000,8,0,131328,identity,20261005,12738151,12738.151000,20.579438884,0
3526,mapping,get,32768,1000,8,0,131328,reverse,20261005,12732533,12732.533000,20.588519189,0
3527,mapping,get,32768,1000,8,0,131328,transpose,20261005,14808305,14808.305000,17.702498699,0
3528,mapping,get,32768,1000,8,0,131328,shuffle,20261005,14009587,14009.587000,18.711757884,0
3529,mapping,get,32768,1000,8,0,135168,identity,20261005,12655541,12655.541000,20.713772726,0
3530,mapping,get,32768,1000,8,0,135168,reverse,20261005,12710030,12710.030000,20.624970987,0
3531,mapping,get,32768,1000,8,0,135168,transpose,20261005,14975457,14975.457000,17.504908197,0
3532,mapping,get,32768,1000,8,0,135168,shuffle,20261005,14052964,14052.964000,18.654000679,0
3533,mapping,get,32768,1000,8,0,262144,identity,20261005,14985148,14985.148000,17.493587651,0
3534,mapping,get,32768,1000,8,0,262144,reverse,20261005,14962743,14962.743000,17.519782302,0
3535,mapping,get,32768,1000,8,0,262144,transpose,20261005,14947073,14947.073000,17.538149442,0
3536,mapping,get,32768,1000,8,0,262144,shuffle,20261005,14971806,14971.806000,17.509176916,0
3537,mapping,get,65536,1000,8,0,131200,identity,20261005,25117908,25117.908000,20.873075895,0
3538,mapping,get,65536,1000,8,0,131200,reverse,20261005,25096263,25096.263000,20.891078484,0
3539,mapping,get,65536,1000,8,0,131200,transpose,20261005,30689687,30689.687000,17.083523856,0
3540,mapping,get,65536,1000,8,0,131200,shuffle,20261005,28575623,28575.623000,18.347386512,0
3541,mapping,get,65536,1000,8,0,131328,identity,20261005,25113202,25113.202000,20.876987331,0
3542,mapping,get,65536,1000,8,0,131328,reverse,20261005,25130194,25130.194000,20.862871174,0
3543,mapping,get,65536,1000,8,0,131328,transpose,20261005,30529041,30529.041000,17.173418582,0
3544,mapping,get,65536,1000,8,0,131328,shuffle,20261005,28572633,28572.633000,18.349306485,0
3545,mapping,get,65536,1000,8,0,135168,identity,20261005,25117871,25117.871000,20.873106642,0
3546,mapping,get,65536,1000,8,0,135168,reverse,20261005,25191667,25191.667000,20.811961352,0
3547,mapping,get,65536,1000,8,0,135168,transpose,20261005,30724608,30724.608000,17.064107051,0
3548,mapping,get,65536,1000,8,0,135168,shuffle,20261005,29124206,29124.206000,18.001795482,0
3549,mapping,get,65536,1000,8,0,262144,identity,20261005,30695191,30695.191000,17.080460584,0
3550,mapping,get,65536,1000,8,0,262144,reverse,20261005,30692545,30692.545000,17.081933088,0
3551,mapping,get,65536,1000,8,0,262144,transpose,20261005,30678626,30678.626000,17.089683221,0
3552,mapping,get,65536,1000,8,0,262144,shuffle,20261005,30669278,30669.278000,17.094892159,0
3553,mapping,get,98304,1000,8,0,131200,identity,20261005,37564673,37564.673000,20.935414505,0
3554,mapping,get,98304,1000,8,0,131200,reverse,20261005,37555300,37555.300000,20.940639537,0
3555,mapping,get,98304,1000,8,0,131200,transpose,20261005,46366347,46366.347000,16.961267188,0
3556,mapping,get,98304,1000,8,0,131200,shuffle,20261005,42875007,42875.007000,18.342434323,0
3557,mapping,get,98304,1000,8,0,131328,identity,20261005,37557401,37557.401000,20.939468096,0
3558,mapping,get,98304,1000,8,0,131328,reverse,20261005,37695090,37695.090000,20.862982420,0
3559,mapping,get,98304,1000,8,0,131328,transpose,20261005,46350619,46350.619000,16.967022598,0
3560,mapping,get,98304,1000,8,0,131328,shuffle,20261005,43048555,43048.555000,18.268487758,0
3561,mapping,get,98304,1000,8,0,135168,identity,20261005,37695073,37695.073000,20.862991829,0
3562,mapping,get,98304,1000,8,0,135168,reverse,20261005,37625771,37625.771000,20.901418871,0
3563,mapping,get,98304,1000,8,0,135168,transpose,20261005,46430933,46430.933000,16.937673856,0
3564,mapping,get,98304,1000,8,0,135168,shuffle,20261005,44796903,44796.903000,17.555499317,0
3565,mapping,get,98304,1000,8,0,262144,identity,20261005,46415526,46415.526000,16.943296086,0
3566,mapping,get,98304,1000,8,0,262144,reverse,20261005,46404612,46404.612000,16.947281016,0
3567,mapping,get,98304,1000,8,0,262144,transpose,20261005,46439299,46439.299000,16.934622549,0
3568,mapping,get,98304,1000,8,0,262144,shuffle,20261005,46409525,46409.525000,16.945486945,0
3569,mapping,get,131072,1000,8,0,131200,identity,20261005,50121118,50121.118000,20.920842189,0
3570,mapping,get,131072,1000,8,0,131200,reverse,20261005,50216238,50216.238000,20.881213762,0
3571,mapping,get,131072,1000,8,0,131200,transpose,20261005,61941314,61941.314000,16.928539811,0
3572,mapping,get,131072,1000,8,0,131200,shuffle,20261005,57873951,57873.951000,18.118272243,0
3573,mapping,get,131072,1000,8,0,131328,identity,20261005,50110039,50110.039000,20.925467649,0
3574,mapping,get,131072,1000,8,0,131328,reverse,20261005,50296323,50296.323000,20.847965367,0
3575,mapping,get,131072,1000,8,0,131328,transpose,20261005,61900613,61900.613000,16.939670694,0
3576,mapping,get,131072,1000,8,0,131328,shuffle,20261005,57748003,57748.003000,18.157788071,0
3577,mapping,get,131072,1000,8,0,135168,identity,20261005,50344024,50344.024000,20.828211905,0
3578,mapping,get,131072,1000,8,0,135168,reverse,20261005,50198836,50198.836000,20.888452473,0
3579,mapping,get,131072,1000,8,0,135168,transpose,20261005,62061409,62061.409000,16.895781403,0
3580,mapping,get,131072,1000,8,0,135168,shuffle,20261005,60534766,60534.766000,17.321880785,0
3581,mapping,get,131072,1000,8,0,262144,identity,20261005,62018950,62018.950000,16.907348480,0
3582,mapping,get,131072,1000,8,0,262144,reverse,20261005,62065776,62065.776000,16.894592601,0
3583,mapping,get,131072,1000,8,0,262144,transpose,20261005,62019671,62019.671000,16.907151926,0
3584,mapping,get,131072,1000,8,0,262144,shuffle,20261005,62085758,62085.758000,16.889155159,0
3585,mapping,get,64,10000,8,4,131200,identity,20261005,5430841,543.084100,0.942763745,0
3586,mapping,get,64,10000,8,4,131200,reverse,20261005,5469642,546.964200,0.936075889,0
3587,mapping,get,64,10000,8,4,131200,transpose,20261005,5438833,543.883300,0.941378417,0
3588,mapping,get,64,10000,8,4,131200,shuffle,20261005,4510111,451.011100,1.135227049,0
3589,mapping,get,64,10000,8,4,131328,identity,20261005,5479217,547.921700,0.934440085,0
3590,mapping,get,64,10000,8,4,131328,reverse,20261005,5460385,546.038500,0.937662820,0
3591,mapping,get,64,10000,8,4,131328,transpose,20261005,5488591,548.859100,0.932844149,0
3592,mapping,get,64,10000,8,4,131328,shuffle,20261005,5444827,544.482700,0.940342090,0
3593,mapping,get,64,10000,8,4,135168,identity,20261005,4521288,452.128800,1.132420673,0
3594,mapping,get,64,10000,8,4,135168,reverse,20261005,4520043,452.004300,1.132732587,0
3595,mapping,get,64,10000,8,4,135168,transpose,20261005,5466793,546.679300,0.936563722,0
3596,mapping,get,64,10000,8,4,135168,shuffle,20261005,5479565,547.956500,0.934380740,0
3597,mapping,get,64,10000,8,4,262144,identity,20261005,4520332,452.033200,1.132660167,0
3598,mapping,get,64,10000,8,4,262144,reverse,20261005,4505155,450.515500,1.136475882,0
3599,mapping,get,64,10000,8,4,262144,transpose,20261005,4521645,452.164500,1.132331264,0
3600,mapping,get,64,10000,8,4,262144,shuffle,20261005,5464267,546.426700,0.936996673,0
3601,mapping,get,128,10000,8,4,131200,identity,20261005,5685425,568.542500,1.801096664,0
3602,mapping,get,128,10000,8,4,131200,reverse,20261005,5699678,569.967800,1.796592720,0
3603,mapping,get,128,10000,8,4,131200,transpose,20261005,5680374,568.037400,1.802698203,0
3604,mapping,get,128,10000,8,4,131200,shuffle,20261005,5551629,555.162900,1.844503658,0
3605,mapping,get,128,10000,8,4,131328,identity,20261005,5699103,569.910300,1.796773984,0
3606,mapping,get,128,10000,8,4,131328,reverse,20261005,5698515,569.851500,1.796959383,0
3607,mapping,get,128,10000,8,4,131328,transpose,20261005,5703676,570.367600,1.795333396,0
3608,mapping,get,128,10000,8,4,131328,shuffle,20261005,5690547,569.054700,1.799475516,0
3609,mapping,get,128,10000,8,4,135168,identity,20261005,4731873,473.187300,2.164047936,0
3610,mapping,get,128,10000,8,4,135168,reverse,20261005,4668169,466.816900,2.193579538,0
3611,mapping,get,128,10000,8,4,135168,transpose,20261005,5699897,569.989700,1.796523692,0
3612,mapping,get,128,10000,8,4,135168,shuffle,20261005,5706673,570.667300,1.794390532,0
3613,mapping,get,128,10000,8,4,262144,identity,20261005,4667086,466.708600,2.194088560,0
3614,mapping,get,128,10000,8,4,262144,reverse,20261005,4680323,468.032300,2.187883187,0
3615,mapping,get,128,10000,8,4,262144,transpose,20261005,4695766,469.576600,2.180687879,0
3616,mapping,get,128,10000,8,4,262144,shuffle,20261005,5687442,568.744200,1.800457921,0
3617,mapping,get,256,10000,8,4,131200,identity,20261005,5797881,579.788100,3.532324999,0
3618,mapping,get,256,10000,8,4,131200,reverse,20261005,5783667,578.366700,3.541006078,0
3619,mapping,get,256,10000,8,4,131200,transpose,20261005,5798819,579.881900,3.531753621,0
3620,mapping,get,256,10000,8,4,131200,shuffle,20261005,5795544,579.554400,3.533749377,0
3621,mapping,get,256,10000,8,4,131328,identity,20261005,7031507,703.150700,2.912604652,0
3622,mapping,get,256,10000,8,4,131328,reverse,20261005,6113185,611.318500,3.350135813,0
3623,mapping,get,256,10000,8,4,131328,transpose,20261005,5810699,581.069900,3.524532935,0
3624,mapping,get,256,10000,8,4,131328,shuffle,20261005,5742222,574.222200,3.566563606,0
3625,mapping,get,256,10000,8,4,135168,identity,20261005,4803129,480.312900,4.263887145,0
3626,mapping,get,256,10000,8,4,135168,reverse,20261005,4799012,479.901200,4.267545070,0
3627,mapping,get,256,10000,8,4,135168,transpose,20261005,5839055,583.905500,3.507416868,0
3628,mapping,get,256,10000,8,4,135168,shuffle,20261005,5812648,581.264800,3.523351147,0
3629,mapping,get,256,10000,8,4,262144,identity,20261005,5803411,580.341100,3.528959090,0
3630,mapping,get,256,10000,8,4,262144,reverse,20261005,5784213,578.421300,3.540671825,0
3631,mapping,get,256,10000,8,4,262144,transpose,20261005,5804443,580.444300,3.528331659,0
3632,mapping,get,256,10000,8,4,262144,shuffle,20261005,5808996,580.899600,3.525566208,0
3633,mapping,get,4096,1000,8,4,131200,identity,20261005,1689784,1689.784000,19.391827595,0
3634,mapping,get,4096,1000,8,4,131200,reverse,20261005,1714163,1714.163000,19.116035056,0
3635,mapping,get,4096,1000,8,4,131200,transpose,20261005,2130840,2130.840000,15.377973006,0
3636,mapping,get,4096,1000,8,4,131200,shuffle,20261005,1890183,1890.183000,17.335887583,0
3637,mapping,get,4096,1000,8,4,131328,identity,20261005,1713859,1713.859000,19.119425810,0
3638,mapping,get,4096,1000,8,4,131328,reverse,20261005,1709137,1709.137000,19.172248919,0
3639,mapping,get,4096,1000,8,4,131328,transpose,20261005,2128233,2128.233000,15.396810406,0
3640,mapping,get,4096,1000,8,4,131328,shuffle,20261005,1926438,1926.438000,17.009631247,0
3641,mapping,get,4096,1000,8,4,135168,identity,20261005,1678140,1678.140000,19.526380397,0
3642,mapping,get,4096,1000,8,4,135168,reverse,20261005,1698483,1698.483000,19.292509846,0
3643,mapping,get,4096,1000,8,4,135168,transpose,20261005,2081473,2081.473000,15.742697599,0
3644,mapping,get,4096,1000,8,4,135168,shuffle,20261005,1951039,1951.039000,16.795153762,0
3645,mapping,get,4096,1000,8,4,262144,identity,20261005,2134889,2134.889000,15.348807362,0
3646,mapping,get,4096,1000,8,4,262144,reverse,20261005,2131713,2131.713000,15.371675268,0
3647,mapping,get,4096,1000,8,4,262144,transpose,20261005,2132048,2132.048000,15.369259979,0
3648,mapping,get,4096,1000,8,4,262144,shuffle,20261005,2140289,2140.289000,15.310081956,0
3649,mapping,get,32768,1000,8,4,131200,identity,20261005,12697999,12697.999000,20.644512572,0
3650,mapping,get,32768,1000,8,4,131200,reverse,20261005,12750014,12750.014000,20.560291149,0
3651,mapping,get,32768,1000,8,4,131200,transpose,20261005,14986865,14986.865000,17.491583463,0
3652,mapping,get,32768,1000,8,4,131200,shuffle,20261005,14079914,14079.914000,18.618295538,0
3653,mapping,get,32768,1000,8,4,131328,identity,20261005,12799841,12799.841000,20.480254403,0
3654,mapping,get,32768,1000,8,4,131328,reverse,20261005,12791671,12791.671000,20.493335077,0
3655,mapping,get,32768,1000,8,4,131328,transpose,20261005,14876800,14876.800000,17.620993762,0
3656,mapping,get,32768,1000,8,4,131328,shuffle,20261005,14124006,14124.006000,18.560173367,0
3657,mapping,get,32768,1000,8,4,135168,identity,20261005,12712227,12712.227000,20.621406462,0
3658,mapping,get,32768,1000,8,4,135168,reverse,20261005,12765593,12765.593000,20.535199579,0
3659,mapping,get,32768,1000,8,4,135168,transpose,20261005,15082274,15082.274000,17.380933406,0
3660,mapping,get,32768,1000,8,4,135168,shuffle,20261005,14097419,14097.419000,18.595176890,0
3661,mapping,get,32768,1000,8,4,262144,identity,20261005,15043427,15043.427000,17.425816604,0
3662,mapping,get,32768,1000,8,4,262144,reverse,20261005,15036923,15036.923000,17.433353885,0
3663,mapping,get,32768,1000,8,4,262144,transpose,20261005,15017641,15017.641000,17.455737556,0
3664,mapping,get,32768,1000,8,4,262144,shuffle,20261005,15055561,15055.561000,17.411772301,0
3665,mapping,get,65536,1000,8,4,131200,identity,20261005,25168115,25168.115000,20.831436919,0
3666,mapping,get,65536,1000,8,4,131200,reverse,20261005,25158938,25158.938000,20.839035416,0
3667,mapping,get,65536,1000,8,4,131200,transpose,20261005,30734735,30734.735000,17.058484480,0
3668,mapping,get,65536,1000,8,4,131200,shuffle,20261005,28550425,28550.425000,18.363579526,0
3669,mapping,get,65536,1000,8,4,131328,identity,20261005,25171609,25171.609000,20.828545366,0
3670,mapping,get,65536,1000,8,4,131328,reverse,20261005,25168996,25168.996000,20.830707749,0
3671,mapping,get,65536,1000,8,4,131328,transpose,20261005,30644704,30644.704000,17.108600559,0
3672,mapping,get,65536,1000,8,4,131328,shuffle,20261005,28646758,28646.758000,18.301826685,0
3673,mapping,get,65536,1000,8,4,135168,identity,20261005,25154773,25154.773000,20.842485838,0
3674,mapping,get,65536,1000,8,4,135168,reverse,20261005,25196092,25196.092000,20.808306304,0
3675,mapping,get,65536,1000,8,4,135168,transpose,20261005,30752817,30752.817000,17.048454455,0
3676,mapping,get,65536,1000,8,4,135168,shuffle,20261005,29156948,29156.948000,17.981580239,0
3677,mapping,get,65536,1000,8,4,262144,identity,20261005,30746238,30746.238000,17.052102439,0
3678,mapping,get,65536,1000,8,4,262144,reverse,20261005,30758565,30758.565000,17.045268529,0
3679,mapping,get,65536,1000,8,4,262144,transpose,20261005,30750529,30750.529000,17.049722949,0
3680,mapping,get,65536,1000,8,4,262144,shuffle,20261005,30721049,30721.049000,17.066083909,0
3681,mapping,get,98304,1000,8,4,131200,identity,20261005,37637889,37637.889000,20.894689391,0
3682,mapping,get,98304,1000,8,4,131200,reverse,20261005,37606825,37606.825000,20.911948828,0
3683,mapping,get,98304,1000,8,4,131200,transpose,20261005,46379408,46379.408000,16.956490691,0
3684,mapping,get,98304,1000,8,4,131200,shuffle,20261005,42942960,42942.960000,18.313409229,0
3685,mapping,get,98304,1000,8,4,131328,identity,20261005,37605648,37605.648000,20.912603341,0
3686,mapping,get,98304,1000,8,4,131328,reverse,20261005,37795251,37795.251000,20.807693538,0
3687,mapping,get,98304,1000,8,4,131328,transpose,20261005,46414342,46414.342000,16.943728298,0
3688,mapping,get,98304,1000,8,4,131328,shuffle,20261005,43111525,43111.525000,18.241804251,0
3689,mapping,get,98304,1000,8,4,135168,identity,20261005,37789276,37789.276000,20.810983518,0
3690,mapping,get,98304,1000,8,4,135168,reverse,20261005,37660368,37660.368000,20.882217614,0
3691,mapping,get,98304,1000,8,4,135168,transpose,20261005,46493345,46493.345000,16.914936966,0
3692,mapping,get,98304,1000,8,4,135168,shuffle,20261005,44957935,44957.935000,17.492618378,0
3693,mapping,get,98304,1000,8,4,262144,identity,20261005,46680371,46680.371000,16.847166874,0
3694,mapping,get,98304,1000,8,4,262144,reverse,20261005,46432165,46432.165000,16.937224443,0
3695,mapping,get,98304,1000,8,4,262144,transpose,20261005,46472348,46472.348000,16.922579423,0
3696,mapping,get,98304,1000,8,4,262144,shuffle,20261005,46498206,46498.206000,16.913168650,0
3697,mapping,get,131072,1000,8,4,131200,identity,20261005,50184813,50184.813000,20.894289274,0
3698,mapping,get,131072,1000,8,4,131200,reverse,20261005,50233442,50233.442000,20.874062343,0
3699,mapping,get,131072,1000,8,4,131200,transpose,20261005,62072696,62072.696000,16.892709155,0
3700,mapping,get,131072,1000,8,4,131200,shuffle,20261005,57911534,57911.534000,18.106513980,0
3701,mapping,get,131072,1000,8,4,131328,identity,20261005,50222938,50222.938000,20.878428100,0
3702,mapping,get,131072,1000,8,4,131328,reverse,20261005,50338792,50338.792000,20.830376700,0
3703,mapping,get,131072,1000,8,4,131328,transpose,20261005,62136606,62136.606000,16.875334324,0
3704,mapping,get,131072,1000,8,4,131328,shuffle,20261005,57653487,57653.487000,18.187555594,0
3705,mapping,get,131072,1000,8,4,135168,identity,20261005,50423290,50423.290000,20.795469713,0
3706,mapping,get,131072,1000,8,4,135168,reverse,20261005,50275691,50275.691000,20.856520898,0
3707,mapping,get,131072,1000,8,4,135168,transpose,20261005,62170050,62170.050000,16.866256340,0
3708,mapping,get,131072,1000,8,4,135168,shuffle,20261005,60460001,60460.001000,17.343301069,0
3709,mapping,get,131072,1000,8,4,262144,identity,20261005,62174417,62174.417000,16.865071690,0
3710,mapping,get,131072,1000,8,4,262144,reverse,20261005,62121059,62121.059000,16.879557704,0
3711,mapping,get,131072,1000,8,4,262144,transpose,20261005,61930093,61930.093000,16.931607062,0
3712,mapping,get,131072,1000,8,4,262144,shuffle,20261005,62145174,62145.174000,16.873007709,0
3713,mapping,get,64,10000,16,0,131200,identity,20261005,5506147,550.614700,1.859739669,0
3714,mapping,get,64,10000,16,0,131200,reverse,20261005,5499548,549.954800,1.861971202,0
3715,mapping,get,64,10000,16,0,131200,transpose,20261005,5492729,549.272900,1.864282764,0
3716,mapping,get,64,10000,16,0,131200,shuffle,20261005,5487026,548.702600,1.866220426,0
3717,mapping,get,64,10000,16,0,131328,identity,20261005,5494482,549.448200,1.863687969,0
3718,mapping,get,64,10000,16,0,131328,reverse,20261005,6109359,610.935900,1.676116922,0
3719,mapping,get,64,10000,16,0,131328,transpose,20261005,5516622,551.662200,1.856208383,0
3720,mapping,get,64,10000,16,0,131328,shuffle,20261005,7032052,703.205200,1.456189459,0
3721,mapping,get,64,10000,16,0,135168,identity,20261005,5518475,551.847500,1.855585103,0
3722,mapping,get,64,10000,16,0,135168,reverse,20261005,5508884,550.888400,1.858815688,0
3723,mapping,get,64,10000,16,0,135168,transpose,20261005,5513407,551.340700,1.857290782,0
3724,mapping,get,64,10000,16,0,135168,shuffle,20261005,5810757,581.075700,1.762248877,0
3725,mapping,get,64,10000,16,0,262144,identity,20261005,5498918,549.891800,1.862184524,0
3726,mapping,get,64,10000,16,0,262144,reverse,20261005,5464947,546.494700,1.873760166,0
3727,mapping,get,64,10000,16,0,262144,transpose,20261005,5506869,550.686900,1.859495841,0
3728,mapping,get,64,10000,16,0,262144,shuffle,20261005,5501004,550.100400,1.861478377,0
3729,mapping,get,128,10000,16,0,131200,identity,20261005,5506829,550.682900,3.719018695,0
3730,mapping,get,128,10000,16,0,131200,reverse,20261005,5500454,550.045400,3.723329020,0
3731,mapping,get,128,10000,16,0,131200,transpose,20261005,5501905,550.190500,3.722347078,0
3732,mapping,get,128,10000,16,0,131200,shuffle,20261005,5482709,548.270900,3.735379718,0
3733,mapping,get,128,10000,16,0,131328,identity,20261005,5497997,549.799700,3.724992938,0
3734,mapping,get,128,10000,16,0,131328,reverse,20261005,5984240,598.424000,3.422322634,0
3735,mapping,get,128,10000,16,0,131328,transpose,20261005,5520541,552.054100,3.709781342,0
3736,mapping,get,128,10000,16,0,131328,shuffle,20261005,5550297,555.029700,3.689892631,0
3737,mapping,get,128,10000,16,0,135168,identity,20261005,5517358,551.735800,3.711921539,0
3738,mapping,get,128,10000,16,0,135168,reverse,20261005,5509916,550.991600,3.716935068,0
3739,mapping,get,128,10000,16,0,135168,transpose,20261005,5511309,551.130900,3.715995601,0
3740,mapping,get,128,10000,16,0,135168,shuffle,20261005,5806533,580.653300,3.527061673,0
3741,mapping,get,128,10000,16,0,262144,identity,20261005,5502327,550.232700,3.722061593,0
3742,mapping,get,128,10000,16,0,262144,reverse,20261005,5464277,546.427700,3.747979833,0
3743,mapping,get,128,10000,16,0,262144,transpose,20261005,5507794,550.779400,3.718367099,0
3744,mapping,get,128,10000,16,0,262144,shuffle,20261005,5499817,549.981700,3.723760263,0
3745,mapping,get,256,10000,16,0,131200,identity,20261005,5787583,578.758300,7.077220318,0
3746,mapping,get,256,10000,16,0,131200,reverse,20261005,5951136,595.113600,6.882719535,0
3747,mapping,get,256,10000,16,0,131200,transpose,20261005,5783464,578.346400,7.082260735,0
3748,mapping,get,256,10000,16,0,131200,shuffle,20261005,5737361,573.736100,7.139170779,0
3749,mapping,get,256,10000,16,0,131328,identity,20261005,5767786,576.778600,7.101511741,0
3750,mapping,get,256,10000,16,0,131328,reverse,20261005,7669541,766.954100,5.340606433,0
3751,mapping,get,256,10000,16,0,131328,transpose,20261005,5786947,578.694700,7.077998122,0
3752,mapping,get,256,10000,16,0,131328,shuffle,20261005,5874637,587.463700,6.972345696,0
3753,mapping,get,256,10000,16,0,135168,identity,20261005,5762962,576.296200,7.107456200,0
3754,mapping,get,256,10000,16,0,135168,reverse,20261005,5778431,577.843100,7.088429368,0
3755,mapping,get,256,10000,16,0,135168,transpose,20261005,5765627,576.562700,7.104170977,0
3756,mapping,get,256,10000,16,0,135168,shuffle,20261005,6064169,606.416900,6.754429172,0
3757,mapping,get,256,10000,16,0,262144,identity,20261005,5760281,576.028100,7.110764214,0
3758,mapping,get,256,10000,16,0,262144,reverse,20261005,5714373,571.437300,7.167890510,0
3759,mapping,get,256,10000,16,0,262144,transpose,20261005,5773583,577.358300,7.094381427,0
3760,mapping,get,256,10000,16,0,262144,shuffle,20261005,5762392,576.239200,7.108159251,0
3761,mapping,get,4096,1000,16,0,131200,identity,20261005,3330349,3330.349000,19.678418088,0
3762,mapping,get,4096,1000,16,0,131200,reverse,20261005,3329014,3329.014000,19.686309520,0
3763,mapping,get,4096,1000,16,0,131200,transpose,20261005,3359654,3359.654000,19.506770638,0
3764,mapping,get,4096,1000,16,0,131200,shuffle,20261005,3739347,3739.347000,17.526054683,0
3765,mapping,get,4096,1000,16,0,131328,identity,20261005,3336937,3336.937000,19.639567663,0
3766,mapping,get,4096,1000,16,0,131328,reverse,20261005,3340088,3340.088000,19.621039925,0
3767,mapping,get,4096,1000,16,0,131328,transpose,20261005,3303872,3303.872000,19.836119559,0
3768,mapping,get,4096,1000,16,0,131328,shuffle,20261005,3751464,3751.464000,17.469446595,0
3769,mapping,get,4096,1000,16,0,135168,identity,20261005,3295786,3295.786000,19.884786209,0
3770,mapping,get,4096,1000,16,0,135168,reverse,20261005,3412702,3412.702000,19.203551907,0
3771,mapping,get,4096,1000,16,0,135168,transpose,20261005,3614932,3614.932000,18.129248351,0
3772,mapping,get,4096,1000,16,0,135168,shuffle,20261005,3829003,3829.003000,17.115682594,0
3773,mapping,get,4096,1000,16,0,262144,identity,20261005,4121303,4121.303000,15.901766990,0
3774,mapping,get,4096,1000,16,0,262144,reverse,20261005,4118804,4118.804000,15.911415061,0
3775,mapping,get,4096,1000,16,0,262144,transpose,20261005,4237014,4237.014000,15.467496685,0
3776,mapping,get,4096,1000,16,0,262144,shuffle,20261005,4111261,4111.261000,15.940608003,0
3777,mapping,get,32768,1000,16,0,131200,identity,20261005,25009201,25009.201000,20.963804481,0
3778,mapping,get,32768,1000,16,0,131200,reverse,20261005,25401020,25401.020000,20.640430975,0
3779,mapping,get,32768,1000,16,0,131200,transpose,20261005,31165096,31165.096000,16.822922670,0
3780,mapping,get,32768,1000,16,0,131200,shuffle,20261005,30663004,30663.004000,17.098389969,0
3781,mapping,get,32768,1000,16,0,131328,identity,20261005,25395944,25395.944000,20.644556469,0
3782,mapping,get,32768,1000,16,0,131328,reverse,20261005,25509655,25509.655000,20.552531973,0
3783,mapping,get,32768,1000,16,0,131328,transpose,20261005,31067593,31067.593000,16.875719983,0
3784,mapping,get,32768,1000,16,0,131328,shuffle,20261005,30688526,30688.526000,17.084170155,0
3785,mapping,get,32768,1000,16,0,135168,identity,20261005,24981904,24981.904000,20.986711021,0
3786,mapping,get,32768,1000,16,0,135168,reverse,20261005,26158913,26158.913000,20.042423017,0
3787,mapping,get,32768,1000,16,0,135168,transpose,20261005,31390494,31390.494000,16.702126446,0
3788,mapping,get,32768,1000,16,0,135168,shuffle,20261005,29143666,29143.666000,17.989775205,0
3789,mapping,get,32768,1000,16,0,262144,identity,20261005,31572518,31572.518000,16.605834226,0
3790,mapping,get,32768,1000,16,0,262144,reverse,20261005,31720535,31720.535000,16.528346700,0
3791,mapping,get,32768,1000,16,0,262144,transpose,20261005,31810845,31810.845000,16.481423238,0
3792,mapping,get,32768,1000,16,0,262144,shuffle,20261005,31597124,31597.124000,16.592902569,0
3793,mapping,get,65536,1000,16,0,131200,identity,20261005,49197859,49197.859000,21.313447807,0
3794,mapping,get,65536,1000,16,0,131200,reverse,20261005,49137078,49137.078000,21.339811863,0
3795,mapping,get,65536,1000,16,0,131200,transpose,20261005,62418347,62418.347000,16.799163233,0
3796,mapping,get,65536,1000,16,0,131200,shuffle,20261005,61913476,61913.476000,16.936151348,0
3797,mapping,get,65536,1000,16,0,131328,identity,20261005,49172483,49172.483000,21.324446846,0
3798,mapping,get,65536,1000,16,0,131328,reverse,20261005,49237714,49237.714000,21.296195839,0
3799,mapping,get,65536,1000,16,0,131328,transpose,20261005,62664330,62664.330000,16.733219680,0
3800,mapping,get,65536,1000,16,0,131328,shuffle,20261005,61484492,61484.492000,17.054316721,0
3801,mapping,get,65536,1000,16,0,135168,identity,20261005,49524092,49524.092000,21.173048463,0
3802,mapping,get,65536,1000,16,0,135168,reverse,20261005,50070420,50070.420000,20.942025252,0
3803,mapping,get,65536,1000,16,0,135168,transpose,20261005,62635104,62635.104000,16.741027523,0
3804,mapping,get,65536,1000,16,0,135168,shuffle,20261005,58724879,58724.879000,17.855737089,0
3805,mapping,get,65536,1000,16,0,262144,identity,20261005,62892840,62892.840000,16.672422489,0
3806,mapping,get,65536,1000,16,0,262144,reverse,20261005,62983729,62983.729000,16.648363262,0
3807,mapping,get,65536,1000,16,0,262144,transpose,20261005,63262163,63262.163000,16.575089284,0
3808,mapping,get,65536,1000,16,0,262144,shuffle,20261005,62958869,62958.869000,16.654937051,0
3809,mapping,get,98304,1000,16,0,131200,identity,20261005,73821850,73821.850000,21.306212185,0
3810,mapping,get,98304,1000,16,0,131200,reverse,20261005,73854545,73854.545000,21.296780042,0
3811,mapping,get,98304,1000,16,0,131200,transpose,20261005,93821485,93821.485000,16.764433008,0
3812,mapping,get,98304,1000,16,0,131200,shuffle,20261005,94007783,94007.783000,16.731210436,0
3813,mapping,get,98304,1000,16,0,131328,identity,20261005,74053673,74053.673000,21.239513670,0
3814,mapping,get,98304,1000,16,0,131328,reverse,20261005,74577727,74577.727000,21.090264658,0
3815,mapping,get,98304,1000,16,0,131328,transpose,20261005,94036917,94036.917000,16.726026865,0
3816,mapping,get,98304,1000,16,0,131328,shuffle,20261005,90030249,90030.249000,17.470394867,0
3817,mapping,get,98304,1000,16,0,135168,identity,20261005,75075698,75075.698000,20.950374647,0
3818,mapping,get,98304,1000,16,0,135168,reverse,20261005,74781432,74781.432000,21.032814670,0
3819,mapping,get,98304,1000,16,0,135168,transpose,20261005,94087739,94087.739000,16.716992211,0
3820,mapping,get,98304,1000,16,0,135168,shuffle,20261005,89985485,89985.485000,17.479085655,0
3821,mapping,get,98304,1000,16,0,262144,identity,20261005,94057402,94057.402000,16.722384061,0
3822,mapping,get,98304,1000,16,0,262144,reverse,20261005,94228354,94228.354000,16.692045793,0
3823,mapping,get,98304,1000,16,0,262144,transpose,20261005,94248312,94248.312000,16.688511090,0
3824,mapping,get,98304,1000,16,0,262144,shuffle,20261005,94180085,94180.085000,16.700600769,0
3825,mapping,get,131072,1000,16,0,131200,identity,20261005,99202350,99202.350000,21.140144361,0
3826,mapping,get,131072,1000,16,0,131200,reverse,20261005,99913453,99913.453000,20.989685943,0
3827,mapping,get,131072,1000,16,0,131200,transpose,20261005,125758674,125758.674000,16.676002802,0
3828,mapping,get,131072,1000,16,0,131200,shuffle,20261005,122293358,122293.358000,17.148535573,0
3829,mapping,get,131072,1000,16,0,131328,identity,20261005,98928904,98928.904000,21.198577111,0
3830,mapping,get,131072,1000,16,0,131328,reverse,20261005,100035980,100035.980000,20.963977161,0
3831,mapping,get,131072,1000,16,0,131328,transpose,20261005,125726342,125726.342000,16.680291231,0
3832,mapping,get,131072,1000,16,0,131328,shuffle,20261005,119883936,119883.936000,17.493186076,0
3833,mapping,get,131072,1000,16,0,135168,identity,20261005,101285287,101285.287000,20.705396234,0
3834,mapping,get,131072,1000,16,0,135168,reverse,20261005,99395975,99395.975000,21.098963011,0
3835,mapping,get,131072,1000,16,0,135168,transpose,20261005,125461926,125461.926000,16.715445609,0
3836,mapping,get,131072,1000,16,0,135168,shuffle,20261005,121026058,121026.058000,17.328103011,0
3837,mapping,get,131072,1000,16,0,262144,identity,20261005,125536607,125536.607000,16.705501687,0
3838,mapping,get,131072,1000,16,0,262144,reverse,20261005,125551651,125551.651000,16.703499980,0
3839,mapping,get,131072,1000,16,0,262144,transpose,20261005,124886781,124886.781000,16.792425773,0
3840,mapping,get,131072,1000,16,0,262144,shuffle,20261005,125915096,125915.096000,16.655286511,0
3841,mapping,get,64,10000,16,4,131200,identity,20261005,5508749,550.874900,1.858861241,0
3842,mapping,get,64,10000,16,4,131200,reverse,20261005,5508567,550.856700,1.858922656,0
3843,mapping,get,64,10000,16,4,131200,transpose,20261005,5498459,549.845900,1.862339976,0
3844,mapping,get,64,10000,16,4,131200,shuffle,20261005,5494531,549.453100,1.863671349,0
3845,mapping,get,64,10000,16,4,131328,identity,20261005,5506119,550.611900,1.859749126,0
3846,mapping,get,64,10000,16,4,131328,reverse,20261005,5997399,599.739900,1.707406828,0
3847,mapping,get,64,10000,16,4,131328,transpose,20261005,5527823,552.782300,1.852447157,0
3848,mapping,get,64,10000,16,4,131328,shuffle,20261005,5540957,554.095700,1.848056211,0
3849,mapping,get,64,10000,16,4,135168,identity,20261005,5523252,552.325200,1.853980228,0
3850,mapping,get,64,10000,16,4,135168,reverse,20261005,5514497,551.449700,1.856923669,0
3851,mapping,get,64,10000,16,4,135168,transpose,20261005,5519056,551.905600,1.855389762,0
3852,mapping,get,64,10000,16,4,135168,shuffle,20261005,5811320,581.132000,1.762078151,0
3853,mapping,get,64,10000,16,4,262144,identity,20261005,5499075,549.907500,1.862131358,0
3854,mapping,get,64,10000,16,4,262144,reverse,20261005,5476189,547.618900,1.869913548,0
3855,mapping,get,64,10000,16,4,262144,transpose,20261005,5512482,551.248200,1.857602438,0
3856,mapping,get,64,10000,16,4,262144,shuffle,20261005,5509601,550.960100,1.858573788,0
3857,mapping,get,128,10000,16,4,131200,identity,20261005,5805533,580.553300,3.527669208,0
3858,mapping,get,128,10000,16,4,131200,reverse,20261005,5965952,596.595200,3.432813405,0
3859,mapping,get,128,10000,16,4,131200,transpose,20261005,5801826,580.182600,3.529923166,0
3860,mapping,get,128,10000,16,4,131200,shuffle,20261005,5739702,573.970200,3.568129495,0
3861,mapping,get,128,10000,16,4,131328,identity,20261005,5772188,577.218800,3.548047985,0
3862,mapping,get,128,10000,16,4,131328,reverse,20261005,7653852,765.385200,2.675776851,0
3863,mapping,get,128,10000,16,4,131328,transpose,20261005,5811516,581.151600,3.524037446,0
3864,mapping,get,128,10000,16,4,131328,shuffle,20261005,5886990,588.699000,3.478857617,0
3865,mapping,get,128,10000,16,4,135168,identity,20261005,5768458,576.845800,3.550342223,0
3866,mapping,get,128,10000,16,4,135168,reverse,20261005,5784178,578.417800,3.540693250,0
3867,mapping,get,128,10000,16,4,135168,transpose,20261005,5777316,577.731600,3.544898704,0
3868,mapping,get,128,10000,16,4,135168,shuffle,20261005,6064960,606.496000,3.376774125,0
3869,mapping,get,128,10000,16,4,262144,identity,20261005,5772534,577.253400,3.547835318,0
3870,mapping,get,128,10000,16,4,262144,reverse,20261005,5721178,572.117800,3.579682366,0
3871,mapping,get,128,10000,16,4,262144,transpose,20261005,5787109,578.710900,3.538899993,0
3872,mapping,get,128,10000,16,4,262144,shuffle,20261005,5773202,577.320200,3.547424809,0
3873,mapping,get,256,10000,16,4,131200,identity,20261005,6222547,622.254700,6.582513559,0
3874,mapping,get,256,10000,16,4,131200,reverse,20261005,7102618,710.261800,5.766887646,0
3875,mapping,get,256,10000,16,4,131200,transpose,20261005,6040400,604.040000,6.781007880,0
3876,mapping,get,256,10000,16,4,131200,shuffle,20261005,6236905,623.690500,6.567359933,0
3877,mapping,get,256,10000,16,4,131328,identity,20261005,10648435,1064.843500,3.846574637,0
3878,mapping,get,256,10000,16,4,131328,reverse,20261005,8118842,811.884200,5.045054455,0
3879,mapping,get,256,10000,16,4,131328,transpose,20261005,8069666,806.966600,5.075798676,0
3880,mapping,get,256,10000,16,4,131328,shuffle,20261005,7312647,731.264700,5.601254922,0
3881,mapping,get,256,10000,16,4,135168,identity,20261005,5929686,592.968600,6.907617031,0
3882,mapping,get,256,10000,16,4,135168,reverse,20261005,6011417,601.141700,6.813701329,0
3883,mapping,get,256,10000,16,4,135168,transpose,20261005,6036288,603.628800,6.785627193,0
3884,mapping,get,256,10000,16,4,135168,shuffle,20261005,6349339,634.933900,6.451065221,0
3885,mapping,get,256,10000,16,4,262144,identity,20261005,6049472,604.947200,6.770838843,0
3886,mapping,get,256,10000,16,4,262144,reverse,20261005,6010930,601.093000,6.814253368,0
3887,mapping,get,256,10000,16,4,262144,transpose,20261005,6281066,628.106600,6.521186053,0
3888,mapping,get,256,10000,16,4,262144,shuffle,20261005,7359948,735.994800,5.565256711,0
3889,mapping,get,4096,1000,16,4,131200,identity,20261005,3523623,3523.623000,18.599038546,0
3890,mapping,get,4096,1000,16,4,131200,reverse,20261005,3498654,3498.654000,18.731775134,0
3891,mapping,get,4096,1000,16,4,131200,transpose,20261005,3527629,3527.629000,18.577917349,0
3892,mapping,get,4096,1000,16,4,131200,shuffle,20261005,3898220,3898.220000,16.811775631,0
3893,mapping,get,4096,1000,16,4,131328,identity,20261005,3558577,3558.577000,18.416350131,0
3894,mapping,get,4096,1000,16,4,131328,reverse,20261005,3503155,3503.155000,18.707707766,0
3895,mapping,get,4096,1000,16,4,131328,transpose,20261005,3508065,3508.065000,18.681523860,0
3896,mapping,get,4096,1000,16,4,131328,shuffle,20261005,3969943,3969.943000,16.508045582,0
3897,mapping,get,4096,1000,16,4,135168,identity,20261005,3516385,3516.385000,18.637322136,0
3898,mapping,get,4096,1000,16,4,135168,reverse,20261005,3610332,3610.332000,18.152347208,0
3899,mapping,get,4096,1000,16,4,135168,transpose,20261005,3883337,3883.337000,16.876207241,0
3900,mapping,get,4096,1000,16,4,135168,shuffle,20261005,3922033,3922.033000,16.709701321,0
3901,mapping,get,4096,1000,16,4,262144,identity,20261005,4284183,4284.183000,15.297199023,0
3902,mapping,get,4096,1000,16,4,262144,reverse,20261005,4318166,4318.166000,15.176813490,0
3903,mapping,get,4096,1000,16,4,262144,transpose,20261005,4230119,4230.119000,15.492708361,0
3904,mapping,get,4096,1000,16,4,262144,shuffle,20261005,4217830,4217.830000,15.537847661,0
3905,mapping,get,32768,1000,16,4,131200,identity,20261005,25052976,25052.976000,20.927174480,0
3906,mapping,get,32768,1000,16,4,131200,reverse,20261005,25103402,25103.402000,20.885137401,0
3907,mapping,get,32768,1000,16,4,131200,transpose,20261005,30713976,30713.976000,17.070013990,0
3908,mapping,get,32768,1000,16,4,131200,shuffle,20261005,30835513,30835.513000,17.002733180,0
3909,mapping,get,32768,1000,16,4,131328,identity,20261005,25526933,25526.933000,20.538620915,0
3910,mapping,get,32768,1000,16,4,131328,reverse,20261005,25666390,25666.390000,20.427025382,0
3911,mapping,get,32768,1000,16,4,131328,transpose,20261005,31420987,31420.987000,16.685917600,0
3912,mapping,get,32768,1000,16,4,131328,shuffle,20261005,31416494,31416.494000,16.688303921,0
3913,mapping,get,32768,1000,16,4,135168,identity,20261005,25411743,25411.743000,20.631721327,0
3914,mapping,get,32768,1000,16,4,135168,reverse,20261005,26001976,26001.976000,20.163390659,0
3915,mapping,get,32768,1000,16,4,135168,transpose,20261005,30447754,30447.754000,17.219266814,0
3916,mapping,get,32768,1000,16,4,135168,shuffle,20261005,29203248,29203.248000,17.953071521,0
3917,mapping,get,32768,1000,16,4,262144,identity,20261005,31765129,31765.129000,16.505143108,0
3918,mapping,get,32768,1000,16,4,262144,reverse,20261005,31760582,31760.582000,16.507506065,0
3919,mapping,get,32768,1000,16,4,262144,transpose,20261005,31949391,31949.391000,16.409952853,0
3920,mapping,get,32768,1000,16,4,262144,shuffle,20261005,31748477,31748.477000,16.513800016,0
3921,mapping,get,65536,1000,16,4,131200,identity,20261005,49490795,49490.795000,21.187293516,0
3922,mapping,get,65536,1000,16,4,131200,reverse,20261005,49388738,49388.738000,21.231074987,0
3923,mapping,get,65536,1000,16,4,131200,transpose,20261005,62616665,62616.665000,16.745957326,0
3924,mapping,get,65536,1000,16,4,131200,shuffle,20261005,60981662,60981.662000,17.194939685,0
3925,mapping,get,65536,1000,16,4,131328,identity,20261005,49515399,49515.399000,21.176765636,0
3926,mapping,get,65536,1000,16,4,131328,reverse,20261005,49514337,49514.337000,21.177219842,0
3927,mapping,get,65536,1000,16,4,131328,transpose,20261005,62604833,62604.833000,16.749122228,0
3928,mapping,get,65536,1000,16,4,131328,shuffle,20261005,61443361,61443.361000,17.065733107,0
3929,mapping,get,65536,1000,16,4,135168,identity,20261005,49793021,49793.021000,21.058694149,0
3930,mapping,get,65536,1000,16,4,135168,reverse,20261005,50404086,50404.086000,20.803392804,0
3931,mapping,get,65536,1000,16,4,135168,transpose,20261005,63042418,63042.418000,16.632864558,0
3932,mapping,get,65536,1000,16,4,135168,shuffle,20261005,58934005,58934.005000,17.792376405,0
3933,mapping,get,65536,1000,16,4,262144,identity,20261005,63124542,63124.542000,16.611225472,0
3934,mapping,get,65536,1000,16,4,262144,reverse,20261005,63242031,63242.031000,16.580365675,0
3935,mapping,get,65536,1000,16,4,262144,transpose,20261005,63558844,63558.844000,16.497719814,0
3936,mapping,get,65536,1000,16,4,262144,shuffle,20261005,63218008,63218.008000,16.586666255,0
3937,mapping,get,98304,1000,16,4,131200,identity,20261005,73707259,73707.259000,21.339336469,0
3938,mapping,get,98304,1000,16,4,131200,reverse,20261005,73595243,73595.243000,21.371816110,0
3939,mapping,get,98304,1000,16,4,131200,transpose,20261005,94013456,94013.456000,16.730200834,0
3940,mapping,get,98304,1000,16,4,131200,shuffle,20261005,93933066,93933.066000,16.744518911,0
3941,mapping,get,98304,1000,16,4,131328,identity,20261005,73973723,73973.723000,21.262469107,0
3942,mapping,get,98304,1000,16,4,131328,reverse,20261005,74622467,74622.467000,21.077619961,0
3943,mapping,get,98304,1000,16,4,131328,transpose,20261005,94494945,94494.945000,16.644953865,0
3944,mapping,get,98304,1000,16,4,131328,shuffle,20261005,90385108,90385.108000,17.401804731,0
3945,mapping,get,98304,1000,16,4,135168,identity,20261005,75187359,75187.359000,20.919261175,0
3946,mapping,get,98304,1000,16,4,135168,reverse,20261005,74673058,74673.058000,21.063339873,0
3947,mapping,get,98304,1000,16,4,135168,transpose,20261005,94190956,94190.956000,16.698673278,0
3948,mapping,get,98304,1000,16,4,135168,shuffle,20261005,91087647,91087.647000,17.267588436,0
3949,mapping,get,98304,1000,16,4,262144,identity,20261005,94372031,94372.031000,16.666632935,0
3950,mapping,get,98304,1000,16,4,262144,reverse,20261005,94515758,94515.758000,16.641288535,0
3951,mapping,get,98304,1000,16,4,262144,transpose,20261005,94258479,94258.479000,16.686711017,0
3952,mapping,get,98304,1000,16,4,262144,shuffle,20261005,94405734,94405.734000,16.660682920,0
3953,mapping,get,131072,1000,16,4,131200,identity,20261005,99211959,99211.959000,21.138096870,0
3954,mapping,get,131072,1000,16,4,131200,reverse,20261005,100011712,100011.712000,20.969064103,0
3955,mapping,get,131072,1000,16,4,131200,transpose,20261005,125795989,125795.989000,16.671056181,0
3956,mapping,get,131072,1000,16,4,131200,shuffle,20261005,122860345,122860.345000,17.069396964,0
3957,mapping,get,131072,1000,16,4,131328,identity,20261005,99031916,99031.916000,21.176526565,0
3958,mapping,get,131072,1000,16,4,131328,reverse,20261005,100362151,100362.151000,20.895845487,0
3959,mapping,get,131072,1000,16,4,131328,transpose,20261005,125963101,125963.101000,16.648939121,0
3960,mapping,get,131072,1000,16,4,131328,shuffle,20261005,119937891,119937.891000,17.485316629,0
3961,mapping,get,131072,1000,16,4,135168,identity,20261005,100790569,100790.569000,20.807026102,0
3962,mapping,get,131072,1000,16,4,135168,reverse,20261005,99400409,99400.409000,21.098021840,0
3963,mapping,get,131072,1000,16,4,135168,transpose,20261005,125619760,125619.760000,16.694443613,0
3964,mapping,get,131072,1000,16,4,135168,shuffle,20261005,121647121,121647.121000,17.239635289,0
3965,mapping,get,131072,1000,16,4,262144,identity,20261005,125832832,125832.832000,16.666175009,0
3966,mapping,get,131072,1000,16,4,262144,reverse,20261005,125744139,125744.139000,16.677930412,0
3967,mapping,get,131072,1000,16,4,262144,transpose,20261005,125206349,125206.349000,16.749565951,0
3968,mapping,get,131072,1000,16,4,262144,shuffle,20261005,125976004,125976.004000,16.647233865,0
3969,mapping,get,64,10000,32,0,131200,identity,20261005,5993440,599.344000,3.417069329,0
3970,mapping,get,64,10000,32,0,131200,reverse,20261005,5690562,569.056200,3.598941546,0
3971,mapping,get,64,10000,32,0,131200,transpose,20261005,5978724,597.872400,3.425480086,0
3972,mapping,get,64,10000,32,0,131200,shuffle,20261005,5701046,570.104600,3.592323233,0
3973,mapping,get,64,10000,32,0,131328,identity,20261005,6108585,610.858500,3.352658594,0
3974,mapping,get,64,10000,32,0,131328,reverse,20261005,6950257,695.025700,2.946653627,0
3975,mapping,get,64,10000,32,0,131328,transpose,20261005,7140825,714.082500,2.868015951,0
3976,mapping,get,64,10000,32,0,131328,shuffle,20261005,7115943,711.594300,2.878044414,0
3977,mapping,get,64,10000,32,0,135168,identity,20261005,5973712,597.371200,3.428354095,0
3978,mapping,get,64,10000,32,0,135168,reverse,20261005,6022696,602.269600,3.400470487,0
3979,mapping,get,64,10000,32,0,135168,transpose,20261005,5982089,598.208900,3.423553210,0
3980,mapping,get,64,10000,32,0,135168,shuffle,20261005,8093509,809.350900,2.530422836,0
3981,mapping,get,64,10000,32,0,262144,identity,20261005,5724652,572.465200,3.577510039,0
3982,mapping,get,64,10000,32,0,262144,reverse,20261005,5731036,573.103600,3.573524926,0
3983,mapping,get,64,10000,32,0,262144,transpose,20261005,5958093,595.809300,3.437341445,0
3984,mapping,get,64,10000,32,0,262144,shuffle,20261005,5951405,595.140500,3.441204220,0
3985,mapping,get,128,10000,32,0,131200,identity,20261005,5994429,599.442900,6.833011117,0
3986,mapping,get,128,10000,32,0,131200,reverse,20261005,5703207,570.320700,7.181924135,0
3987,mapping,get,128,10000,32,0,131200,transpose,20261005,5961414,596.141400,6.870853123,0
3988,mapping,get,128,10000,32,0,131200,shuffle,20261005,5707546,570.754600,7.176464281,0
3989,mapping,get,128,10000,32,0,131328,identity,20261005,7136395,713.639500,5.739592609,0
3990,mapping,get,128,10000,32,0,131328,reverse,20261005,6045100,604.510000,6.775735720,0
3991,mapping,get,128,10000,32,0,131328,transpose,20261005,7152925,715.292500,5.726328740,0
3992,mapping,get,128,10000,32,0,131328,shuffle,20261005,7162832,716.283200,5.718408585,0
3993,mapping,get,128,10000,32,0,135168,identity,20261005,5988269,598.826900,6.840040085,0
3994,mapping,get,128,10000,32,0,135168,reverse,20261005,6025337,602.533700,6.797960015,0
3995,mapping,get,128,10000,32,0,135168,transpose,20261005,5968357,596.835700,6.862860248,0
3996,mapping,get,128,10000,32,0,135168,shuffle,20261005,8099310,809.931000,5.057220924,0
3997,mapping,get,128,10000,32,0,262144,identity,20261005,5727522,572.752200,7.151434774,0
3998,mapping,get,128,10000,32,0,262144,reverse,20261005,5717329,571.732900,7.164184534,0
3999,mapping,get,128,10000,32,0,262144,transpose,20261005,5958115,595.811500,6.874657505,0
4000,mapping,get,128,10000,32,0,262144,shuffle,20261005,5968402,596.840200,6.862808504,0
4001,mapping,get,256,10000,32,0,131200,identity,20261005,8038151,803.815100,10.191398495,0
4002,mapping,get,256,10000,32,0,131200,reverse,20261005,6758238,675.823800,12.121502676,0
4003,mapping,get,256,10000,32,0,131200,transpose,20261005,7789918,778.991800,10.516156909,0
4004,mapping,get,256,10000,32,0,131200,shuffle,20261005,7668634,766.863400,10.682476175,0
4005,mapping,get,256,10000,32,0,131328,identity,20261005,7713205,771.320500,10.620747147,0
4006,mapping,get,256,10000,32,0,131328,reverse,20261005,7856923,785.692300,10.426473570,0
4007,mapping,get,256,10000,32,0,131328,transpose,20261005,7378675,737.867500,11.102264295,0
4008,mapping,get,256,10000,32,0,131328,shuffle,20261005,7635733,763.573300,10.728505043,0
4009,mapping,get,256,10000,32,0,135168,identity,20261005,6513420,651.342000,12.577110028,0
4010,mapping,get,256,10000,32,0,135168,reverse,20261005,6572006,657.200600,12.464991663,0
4011,mapping,get,256,10000,32,0,135168,transpose,20261005,6459846,645.984600,12.681416863,0
4012,mapping,get,256,10000,32,0,135168,shuffle,20261005,9174924,917.492400,8.928684314,0
4013,mapping,get,256,10000,32,0,262144,identity,20261005,6137764,613.776400,13.346880069,0
4014,mapping,get,256,10000,32,0,262144,reverse,20261005,6164728,616.472800,13.288501942,0
4015,mapping,get,256,10000,32,0,262144,transpose,20261005,6547831,654.783100,12.511013189,0
4016,mapping,get,256,10000,32,0,262144,shuffle,20261005,6502886,650.288600,12.597483640,0
4017,mapping,get,4096,1000,32,0,131200,identity,20261005,6324005,6324.005000,20.726106320,0
4018,mapping,get,4096,1000,32,0,131200,reverse,20261005,6349507,6349.507000,20.642862509,0
4019,mapping,get,4096,1000,32,0,131200,transpose,20261005,6457056,6457.056000,20.299034111,0
4020,mapping,get,4096,1000,32,0,131200,shuffle,20261005,6466758,6466.758000,20.268579712,0
4021,mapping,get,4096,1000,32,0,131328,identity,20261005,6418952,6418.952000,20.419532659,0
4022,mapping,get,4096,1000,32,0,131328,reverse,20261005,6380904,6380.904000,20.541290074,0
4023,mapping,get,4096,1000,32,0,131328,transpose,20261005,6349087,6349.087000,20.644228060,0
4024,mapping,get,4096,1000,32,0,131328,shuffle,20261005,6361267,6361.267000,20.604700290,0
4025,mapping,get,4096,1000,32,0,135168,identity,20261005,6330266,6330.266000,20.705607000,0
4026,mapping,get,4096,1000,32,0,135168,reverse,20261005,6281165,6281.165000,20.867466465,0
4027,mapping,get,4096,1000,32,0,135168,transpose,20261005,6544690,6544.690000,20.027228180,0
4028,mapping,get,4096,1000,32,0,135168,shuffle,20261005,6580011,6580.011000,19.919723538,0
4029,mapping,get,4096,1000,32,0,262144,identity,20261005,8075834,8075.834000,16.230150347,0
4030,mapping,get,4096,1000,32,0,262144,reverse,20261005,8076046,8076.046000,16.229724298,0
4031,mapping,get,4096,1000,32,0,262144,transpose,20261005,8069278,8069.278000,16.243336764,0
4032,mapping,get,4096,1000,32,0,262144,shuffle,20261005,8080236,8080.236000,16.221308388,0
4033,mapping,get,32768,1000,32,0,131200,identity,20261005,49120858,49120.858000,21.346858396,0
4034,mapping,get,32768,1000,32,0,131200,reverse,20261005,48920242,48920.242000,21.434399282,0
4035,mapping,get,32768,1000,32,0,131200,transpose,20261005,55612346,55612.346000,18.855093795,0
4036,mapping,get,32768,1000,32,0,131200,shuffle,20261005,51997967,51997.967000,20.165711479,0
4037,mapping,get,32768,1000,32,0,131328,identity,20261005,50220230,50220.230000,20.879553917,0
4038,mapping,get,32768,1000,32,0,131328,reverse,20261005,50639401,50639.401000,20.706722025,0
4039,mapping,get,32768,1000,32,0,131328,transpose,20261005,54737019,54737.019000,19.156615014,0
4040,mapping,get,32768,1000,32,0,131328,shuffle,20261005,51783444,51783.444000,20.249251865,0
4041,mapping,get,32768,1000,32,0,135168,identity,20261005,49359932,49359.932000,21.243465246,0
4042,mapping,get,32768,1000,32,0,135168,reverse,20261005,49572756,49572.756000,21.152263554,0
4043,mapping,get,32768,1000,32,0,135168,transpose,20261005,52269713,52269.713000,20.060871580,0
4044,mapping,get,32768,1000,32,0,135168,shuffle,20261005,53955305,53955.305000,19.434159440,0
4045,mapping,get,32768,1000,32,0,262144,identity,20261005,60648615,60648.615000,17.289364316,0
4046,mapping,get,32768,1000,32,0,262144,reverse,20261005,60698683,60698.683000,17.275102987,0
4047,mapping,get,32768,1000,32,0,262144,transpose,20261005,60652893,60652.893000,17.288144854,0
4048,mapping,get,32768,1000,32,0,262144,shuffle,20261005,60423665,60423.665000,17.353730529,0
4049,mapping,get,65536,1000,32,0,131200,identity,20261005,97686711,97686.711000,21.468140124,0
4050,mapping,get,65536,1000,32,0,131200,reverse,20261005,97682325,97682.325000,21.469104057,0
4051,mapping,get,65536,1000,32,0,131200,transpose,20261005,111332002,111332.002000,18.836919864,0
4052,mapping,get,65536,1000,32,0,131200,shuffle,20261005,105145188,105145.188000,19.945296974,0
4053,mapping,get,65536,1000,32,0,131328,identity,20261005,97928374,97928.374000,21.415162065,0
4054,mapping,get,65536,1000,32,0,131328,reverse,20261005,98019919,98019.919000,21.395161528,0
4055,mapping,get,65536,1000,32,0,131328,transpose,20261005,110707064,110707.064000,18.943253702,0
4056,mapping,get,65536,1000,32,0,131328,shuffle,20261005,104252733,104252.733000,20.116038589,0
4057,mapping,get,65536,1000,32,0,135168,identity,20261005,98461653,98461.653000,21.299175223,0
4058,mapping,get,65536,1000,32,0,135168,reverse,20261005,99016984,99016.984000,21.179720037,0
4059,mapping,get,65536,1000,32,0,135168,transpose,20261005,104930368,104930.368000,19.986130231,0
4060,mapping,get,65536,1000,32,0,135168,shuffle,20261005,107104282,107104.282000,19.580468314,0
4061,mapping,get,65536,1000,32,0,262144,identity,20261005,119665217,119665.217000,17.525159379,0
4062,mapping,get,65536,1000,32,0,262144,reverse,20261005,119422332,119422.332000,17.560802614,0
4063,mapping,get,65536,1000,32,0,262144,transpose,20261005,119350867,119350.867000,17.571317685,0
4064,mapping,get,65536,1000,32,0,262144,shuffle,20261005,120002042,120002.042000,17.475969284,0
4065,mapping,get,98304,1000,32,0,131200,identity,20261005,146539337,146539.337000,21.466781988,0
4066,mapping,get,98304,1000,32,0,131200,reverse,20261005,146524346,146524.346000,21.468978268,0
4067,mapping,get,98304,1000,32,0,131200,transpose,20261005,167775304,167775.304000,18.749648637,0
4068,mapping,get,98304,1000,32,0,131200,shuffle,20261005,157676448,157676.448000,19.950525522,0
4069,mapping,get,98304,1000,32,0,131328,identity,20261005,146815380,146815.380000,21.426420039,0
4070,mapping,get,98304,1000,32,0,131328,reverse,20261005,148644826,148644.826000,21.162714402,0
4071,mapping,get,98304,1000,32,0,131328,transpose,20261005,168085534,168085.534000,18.715043021,0
4072,mapping,get,98304,1000,32,0,131328,shuffle,20261005,157333303,157333.303000,19.994037753,0
4073,mapping,get,98304,1000,32,0,135168,identity,20261005,148493664,148493.664000,21.184257397,0
4074,mapping,get,98304,1000,32,0,135168,reverse,20261005,148569788,148569.788000,21.173403034,0
4075,mapping,get,98304,1000,32,0,135168,transpose,20261005,158617342,158617.342000,19.832182032,0
4076,mapping,get,98304,1000,32,0,135168,shuffle,20261005,161784745,161784.745000,19.443909869,0
4077,mapping,get,98304,1000,32,0,262144,identity,20261005,179347189,179347.189000,17.539879033,0
4078,mapping,get,98304,1000,32,0,262144,reverse,20261005,178993555,178993.555000,17.574532223,0
4079,mapping,get,98304,1000,32,0,262144,transpose,20261005,178125340,178125.340000,17.660193659,0
4080,mapping,get,98304,1000,32,0,262144,shuffle,20261005,178986506,178986.506000,17.575224358,0
4081,mapping,get,131072,1000,32,0,131200,identity,20261005,196218257,196218.257000,21.375707155,0
4082,mapping,get,131072,1000,32,0,131200,reverse,20261005,196558890,196558.890000,21.338663441,0
4083,mapping,get,131072,1000,32,0,131200,transpose,20261005,220760457,220760.457000,18.999344615,0
4084,mapping,get,131072,1000,32,0,131200,shuffle,20261005,208462089,208462.089000,20.120224354,0
4085,mapping,get,131072,1000,32,0,131328,identity,20261005,196352635,196352.635000,21.361078246,0
4086,mapping,get,131072,1000,32,0,131328,reverse,20261005,196982152,196982.152000,21.292812356,0
4087,mapping,get,131072,1000,32,0,131328,transpose,20261005,219712711,219712.711000,19.089946963,0
4088,mapping,get,131072,1000,32,0,131328,shuffle,20261005,209149651,209149.651000,20.054080798,0
4089,mapping,get,131072,1000,32,0,135168,identity,20261005,198604971,198604.971000,21.118826880,0
4090,mapping,get,131072,1000,32,0,135168,reverse,20261005,197260019,197260.019000,21.262818595,0
4091,mapping,get,131072,1000,32,0,135168,transpose,20261005,215806768,215806.768000,19.435460893,0
4092,mapping,get,131072,1000,32,0,135168,shuffle,20261005,215467899,215467.899000,19.466027280,0
4093,mapping,get,131072,1000,32,0,262144,identity,20261005,238956566,238956.566000,17.552578990,0
4094,mapping,get,131072,1000,32,0,262144,reverse,20261005,238893703,238893.703000,17.557197814,0
4095,mapping,get,131072,1000,32,0,262144,transpose,20261005,238268872,238268.872000,17.603239419,0
4096,mapping,get,131072,1000,32,0,262144,shuffle,20261005,239056817,239056.817000,17.545218131,0
4097,mapping,get,64,10000,32,4,131200,identity,20261005,6003869,600.386900,3.411133721,0
4098,mapping,get,64,10000,32,4,131200,reverse,20261005,5696418,569.641800,3.595241782,0
4099,mapping,get,64,10000,32,4,131200,transpose,20261005,5968099,596.809900,3.431578464,0
4100,mapping,get,64,10000,32,4,131200,shuffle,20261005,5719185,571.918500,3.580929800,0
4101,mapping,get,64,10000,32,4,131328,identity,20261005,6142279,614.227900,3.334267297,0
4102,mapping,get,64,10000,32,4,131328,reverse,20261005,8128371,812.837100,2.519570034,0
4103,mapping,get,64,10000,32,4,131328,transpose,20261005,7151109,715.110900,2.863891461,0
4104,mapping,get,64,10000,32,4,131328,shuffle,20261005,7139904,713.990400,2.868385905,0
4105,mapping,get,64,10000,32,4,135168,identity,20261005,5988616,598.861600,3.419821875,0
4106,mapping,get,64,10000,32,4,135168,reverse,20261005,6018465,601.846500,3.402861029,0
4107,mapping,get,64,10000,32,4,135168,transpose,20261005,5968384,596.838400,3.431414601,0
4108,mapping,get,64,10000,32,4,135168,shuffle,20261005,8101469,810.146900,2.527936600,0
4109,mapping,get,64,10000,32,4,262144,identity,20261005,5742945,574.294500,3.566114598,0
4110,mapping,get,64,10000,32,4,262144,reverse,20261005,5725071,572.507100,3.577248212,0
4111,mapping,get,64,10000,32,4,262144,transpose,20261005,5959255,595.925500,3.436671195,0
4112,mapping,get,64,10000,32,4,262144,shuffle,20261005,5956421,595.642100,3.438306325,0
4113,mapping,get,128,10000,32,4,131200,identity,20261005,8028638,802.863800,5.101737057,0
4114,mapping,get,128,10000,32,4,131200,reverse,20261005,6734820,673.482000,6.081825498,0
4115,mapping,get,128,10000,32,4,131200,transpose,20261005,7760982,776.098200,5.277682644,0
4116,mapping,get,128,10000,32,4,131200,shuffle,20261005,7687297,768.729700,5.328270782,0
4117,mapping,get,128,10000,32,4,131328,identity,20261005,7705422,770.542200,5.315737412,0
4118,mapping,get,128,10000,32,4,131328,reverse,20261005,7862645,786.264500,5.209442878,0
4119,mapping,get,128,10000,32,4,131328,transpose,20261005,7380938,738.093800,5.549430167,0
4120,mapping,get,128,10000,32,4,131328,shuffle,20261005,7488591,748.859100,5.469653771,0
4121,mapping,get,128,10000,32,4,135168,identity,20261005,6520517,652.051700,6.281710484,0
4122,mapping,get,128,10000,32,4,135168,reverse,20261005,6581495,658.149500,6.223510008,0
4123,mapping,get,128,10000,32,4,135168,transpose,20261005,6458099,645.809900,6.342423676,0
4124,mapping,get,128,10000,32,4,135168,shuffle,20261005,9181331,918.133100,4.461226809,0
4125,mapping,get,128,10000,32,4,262144,identity,20261005,6160811,616.081100,6.648475339,0
4126,mapping,get,128,10000,32,4,262144,reverse,20261005,6154225,615.422500,6.655590265,0
4127,mapping,get,128,10000,32,4,262144,transpose,20261005,6541492,654.149200,6.261568462,0
4128,mapping,get,128,10000,32,4,262144,shuffle,20261005,6499365,649.936500,6.302154134,0
4129,mapping,get,256,10000,32,4,131200,identity,20261005,10873170,1087.317000,7.534141377,0
4130,mapping,get,256,10000,32,4,131200,reverse,20261005,10100611,1010.061100,8.110400450,0
4131,mapping,get,256,10000,32,4,131200,transpose,20261005,11116836,1111.683600,7.369003195,0
4132,mapping,get,256,10000,32,4,131200,shuffle,20261005,10230047,1023.004700,8.007783346,0
4133,mapping,get,256,10000,32,4,131328,identity,20261005,13847485,1384.748500,5.915875699,0
4134,mapping,get,256,10000,32,4,131328,reverse,20261005,11505615,1150.561500,7.120001843,0
4135,mapping,get,256,10000,32,4,131328,transpose,20261005,11995859,1199.585900,6.829023249,0
4136,mapping,get,256,10000,32,4,131328,shuffle,20261005,13102128,1310.212800,6.252419454,0
4137,mapping,get,256,10000,32,4,135168,identity,20261005,8030831,803.083100,10.200687824,0
4138,mapping,get,256,10000,32,4,135168,reverse,20261005,11992246,1199.224600,6.831080683,0
4139,mapping,get,256,10000,32,4,135168,transpose,20261005,9687197,968.719700,8.456522563,0
4140,mapping,get,256,10000,32,4,135168,shuffle,20261005,10029427,1002.942700,8.167964132,0
4141,mapping,get,256,10000,32,4,262144,identity,20261005,10706306,1070.630600,7.651565348,0
4142,mapping,get,256,10000,32,4,262144,reverse,20261005,10720971,1072.097100,7.641098927,0
4143,mapping,get,256,10000,32,4,262144,transpose,20261005,12949864,1294.986400,6.325935160,0
4144,mapping,get,256,10000,32,4,262144,shuffle,20261005,11778736,1177.873600,6.954905857,0
4145,mapping,get,4096,1000,32,4,131200,identity,20261005,6550853,6550.853000,20.008386694,0
4146,mapping,get,4096,1000,32,4,131200,reverse,20261005,6537392,6537.392000,20.049585523,0
4147,mapping,get,4096,1000,32,4,131200,transpose,20261005,6679309,6679.309000,19.623586811,0
4148,mapping,get,4096,1000,32,4,131200,shuffle,20261005,6657455,6657.455000,19.688003899,0
4149,mapping,get,4096,1000,32,4,131328,identity,20261005,6579033,6579.033000,19.922684686,0
4150,mapping,get,4096,1000,32,4,131328,reverse,20261005,6603153,6603.153000,19.849911096,0
4151,mapping,get,4096,1000,32,4,131328,transpose,20261005,6568676,6568.676000,19.954097294,0
4152,mapping,get,4096,1000,32,4,131328,shuffle,20261005,6599880,6599.880000,19.859755026,0
4153,mapping,get,4096,1000,32,4,135168,identity,20261005,6575972,6575.972000,19.931958348,0
4154,mapping,get,4096,1000,32,4,135168,reverse,20261005,6468832,6468.832000,20.262081315,0
4155,mapping,get,4096,1000,32,4,135168,transpose,20261005,6731683,6731.683000,19.470910915,0
4156,mapping,get,4096,1000,32,4,135168,shuffle,20261005,6735752,6735.752000,19.459148734,0
4157,mapping,get,4096,1000,32,4,262144,identity,20261005,8097504,8097.504000,16.186716302,0
4158,mapping,get,4096,1000,32,4,262144,reverse,20261005,8080093,8080.093000,16.221595469,0
4159,mapping,get,4096,1000,32,4,262144,transpose,20261005,8072473,8072.473000,16.236907822,0
4160,mapping,get,4096,1000,32,4,262144,shuffle,20261005,8056472,8056.472000,16.269156028,0
4161,mapping,get,32768,1000,32,4,131200,identity,20261005,49371221,49371.221000,21.238607812,0
4162,mapping,get,32768,1000,32,4,131200,reverse,20261005,49119960,49119.960000,21.347248654,0
4163,mapping,get,32768,1000,32,4,131200,transpose,20261005,55942606,55942.606000,18.743781797,0
4164,mapping,get,32768,1000,32,4,131200,shuffle,20261005,52317328,52317.328000,20.042613797,0
4165,mapping,get,32768,1000,32,4,131328,identity,20261005,50511157,50511.157000,20.759294823,0
4166,mapping,get,32768,1000,32,4,131328,reverse,20261005,50764036,50764.036000,20.655883232,0
4167,mapping,get,32768,1000,32,4,131328,transpose,20261005,55271689,55271.689000,18.971303736,0
4168,mapping,get,32768,1000,32,4,131328,shuffle,20261005,52091115,52091.115000,20.129651669,0
4169,mapping,get,32768,1000,32,4,135168,identity,20261005,49655441,49655.441000,21.117041333,0
4170,mapping,get,32768,1000,32,4,135168,reverse,20261005,49905408,49905.408000,21.011269961,0
4171,mapping,get,32768,1000,32,4,135168,transpose,20261005,52332515,52332.515000,20.036797391,0
4172,mapping,get,32768,1000,32,4,135168,shuffle,20261005,54099725,54099.725000,19.382279670,0
4173,mapping,get,32768,1000,32,4,262144,identity,20261005,60582750,60582.750000,17.308161151,0
4174,mapping,get,32768,1000,32,4,262144,reverse,20261005,60697871,60697.871000,17.275334089,0
4175,mapping,get,32768,1000,32,4,262144,transpose,20261005,60347343,60347.343000,17.375677998,0
4176,mapping,get,32768,1000,32,4,262144,shuffle,20261005,60433364,60433.364000,17.350945415,0
4177,mapping,get,65536,1000,32,4,131200,identity,20261005,98029583,98029.583000,21.393052340,0
4178,mapping,get,65536,1000,32,4,131200,reverse,20261005,97958943,97958.943000,21.408479265,0
4179,mapping,get,65536,1000,32,4,131200,transpose,20261005,111641609,111641.609000,18.784680898,0
4180,mapping,get,65536,1000,32,4,131200,shuffle,20261005,105143234,105143.234000,19.945667640,0
4181,mapping,get,65536,1000,32,4,131328,identity,20261005,98214699,98214.699000,21.352730511,0
4182,mapping,get,65536,1000,32,4,131328,reverse,20261005,98308587,98308.587000,21.332337937,0
4183,mapping,get,65536,1000,32,4,131328,transpose,20261005,110783992,110783.992000,18.930099576,0
4184,mapping,get,65536,1000,32,4,131328,shuffle,20261005,104791894,104791.894000,20.012540283,0
4185,mapping,get,65536,1000,32,4,135168,identity,20261005,98808923,98808.923000,21.224317970,0
4186,mapping,get,65536,1000,32,4,135168,reverse,20261005,99441408,99441.408000,21.089323273,0
4187,mapping,get,65536,1000,32,4,135168,transpose,20261005,105324859,105324.859000,19.911272798,0
4188,mapping,get,65536,1000,32,4,135168,shuffle,20261005,106906659,106906.659000,19.616663916,0
4189,mapping,get,65536,1000,32,4,262144,identity,20261005,119730318,119730.318000,17.515630419,0
4190,mapping,get,65536,1000,32,4,262144,reverse,20261005,119683738,119683.738000,17.522447369,0
4191,mapping,get,65536,1000,32,4,262144,transpose,20261005,119681444,119681.444000,17.522783231,0
4192,mapping,get,65536,1000,32,4,262144,shuffle,20261005,119526297,119526.297000,17.545528077,0
4193,mapping,get,98304,1000,32,4,131200,identity,20261005,146597326,146597.326000,21.458290447,0
4194,mapping,get,98304,1000,32,4,131200,reverse,20261005,146558669,146558.669000,21.463950386,0
4195,mapping,get,98304,1000,32,4,131200,transpose,20261005,168148954,168148.954000,18.707984351,0
4196,mapping,get,98304,1000,32,4,131200,shuffle,20261005,158026662,158026.662000,19.906311759,0
4197,mapping,get,98304,1000,32,4,131328,identity,20261005,146920396,146920.396000,21.411104827,0
4198,mapping,get,98304,1000,32,4,131328,reverse,20261005,148885824,148885.824000,21.128458811,0
4199,mapping,get,98304,1000,32,4,131328,transpose,20261005,168450718,168450.718000,18.674470714,0
4200,mapping,get,98304,1000,32,4,131328,shuffle,20261005,157612347,157612.347000,19.958639408,0
4201,mapping,get,98304,1000,32,4,135168,identity,20261005,148540991,148540.991000,21.177507830,0
4202,mapping,get,98304,1000,32,4,135168,reverse,20261005,148615452,148615.452000,21.166897235,0
4203,mapping,get,98304,1000,32,4,135168,transpose,20261005,159649808,159649.808000,19.703925983,0
4204,mapping,get,98304,1000,32,4,135168,shuffle,20261005,162892194,162892.194000,19.311717294,0
4205,mapping,get,98304,1000,32,4,262144,identity,20261005,178774070,178774.070000,17.596108876,0
4206,mapping,get,98304,1000,32,4,262144,reverse,20261005,179042789,179042.789000,17.569699498,0
4207,mapping,get,98304,1000,32,4,262144,transpose,20261005,178622472,178622.472000,17.611042803,0
4208,mapping,get,98304,1000,32,4,262144,shuffle,20261005,178688083,178688.083000,17.604576350,0
4209,mapping,get,131072,1000,32,4,131200,identity,20261005,196443227,196443.227000,21.351227345,0
4210,mapping,get,131072,1000,32,4,131200,reverse,20261005,196709608,196709.608000,21.322313855,0
4211,mapping,get,131072,1000,32,4,131200,transpose,20261005,221145547,221145.547000,18.966260261,0
4212,mapping,get,131072,1000,32,4,131200,shuffle,20261005,208983804,208983.804000,20.069995472,0
4213,mapping,get,131072,1000,32,4,131328,identity,20261005,196548046,196548.046000,21.339840743,0
4214,mapping,get,131072,1000,32,4,131328,reverse,20261005,197321433,197321.433000,21.256200790,0
4215,mapping,get,131072,1000,32,4,131328,transpose,20261005,220110768,220110.768000,19.055423949,0
4216,mapping,get,131072,1000,32,4,131328,shuffle,20261005,209011075,209011.075000,20.067376812,0
4217,mapping,get,131072,1000,32,4,135168,identity,20261005,198594362,198594.362000,21.119955057,0
4218,mapping,get,131072,1000,32,4,135168,reverse,20261005,197516930,197516.930000,21.235161968,0
4219,mapping,get,131072,1000,32,4,135168,transpose,20261005,215989786,215989.786000,19.418992341,0
4220,mapping,get,131072,1000,32,4,135168,shuffle,20261005,215666594,215666.594000,19.448093106,0
4221,mapping,get,131072,1000,32,4,262144,identity,20261005,238333781,238333.781000,17.598445266,0
4222,mapping,get,131072,1000,32,4,262144,reverse,20261005,238404869,238404.869000,17.593197730,0
4223,mapping,get,131072,1000,32,4,262144,transpose,20261005,238050767,238050.767000,17.619367721,0
4224,mapping,get,131072,1000,32,4,262144,shuffle,20261005,238495555,238495.555000,17.586508059,0
4225,mapping,get,64,10000,64,0,131200,identity,20261005,11415037,1141.503700,3.588249429,0
4226,mapping,get,64,10000,64,0,131200,reverse,20261005,11387308,1138.730800,3.596987102,0
4227,mapping,get,64,10000,64,0,131200,transpose,20261005,11402945,1140.294500,3.592054509,0
4228,mapping,get,64,10000,64,0,131200,shuffle,20261005,11415609,1141.560900,3.588069633,0
4229,mapping,get,64,10000,64,0,131328,identity,20261005,11706509,1170.650900,3.498908172,0
4230,mapping,get,64,10000,64,0,131328,reverse,20261005,11664418,1166.441800,3.511533966,0
4231,mapping,get,64,10000,64,0,131328,transpose,20261005,11833084,1183.308400,3.461481386,0
4232,mapping,get,64,10000,64,0,131328,shuffle,20261005,11881492,1188.149200,3.447378494,0
4233,mapping,get,64,10000,64,0,135168,identity,20261005,10491865,1049.186500,3.903977034,0
4234,mapping,get,64,10000,64,0,135168,reverse,20261005,10489072,1048.907200,3.905016573,0
4235,mapping,get,64,10000,64,0,135168,transpose,20261005,10473985,1047.398500,3.910641461,0
4236,mapping,get,64,10000,64,0,135168,shuffle,20261005,10482667,1048.266700,3.907402572,0
4237,mapping,get,64,10000,64,0,262144,identity,20261005,10588992,1058.899200,3.868167999,0
4238,mapping,get,64,10000,64,0,262144,reverse,20261005,10585277,1058.527700,3.869525568,0
4239,mapping,get,64,10000,64,0,262144,transpose,20261005,10592472,1059.247200,3.866897170,0
4240,mapping,get,64,10000,64,0,262144,shuffle,20261005,10594922,1059.492200,3.866002978,0
4241,mapping,get,128,10000,64,0,131200,identity,20261005,11418859,1141.885900,7.174096817,0
4242,mapping,get,128,10000,64,0,131200,reverse,20261005,11380700,1138.070000,7.198151256,0
4243,mapping,get,128,10000,64,0,131200,transpose,20261005,11420825,1142.082500,7.172861855,0
4244,mapping,get,128,10000,64,0,131200,shuffle,20261005,11392752,1139.275200,7.190536580,0
4245,mapping,get,128,10000,64,0,131328,identity,20261005,11710660,1171.066000,6.995335873,0
4246,mapping,get,128,10000,64,0,131328,reverse,20261005,11693089,1169.308900,7.005847642,0
4247,mapping,get,128,10000,64,0,131328,transpose,20261005,11840415,1184.041500,6.918676415,0
4248,mapping,get,128,10000,64,0,131328,shuffle,20261005,11847877,1184.787700,6.914318911,0
4249,mapping,get,128,10000,64,0,135168,identity,20261005,10495616,1049.561600,7.805163604,0
4250,mapping,get,128,10000,64,0,135168,reverse,20261005,10477338,1047.733800,7.818779923,0
4251,mapping,get,128,10000,64,0,135168,transpose,20261005,10487048,1048.704800,7.811540483,0
4252,mapping,get,128,10000,64,0,135168,shuffle,20261005,10481946,1048.194600,7.815342685,0
4253,mapping,get,128,10000,64,0,262144,identity,20261005,10586109,1058.610900,7.738442897,0
4254,mapping,get,128,10000,64,0,262144,reverse,20261005,10601093,1060.109300,7.727505079,0
4255,mapping,get,128,10000,64,0,262144,transpose,20261005,10579450,1057.945000,7.743313688,0
4256,mapping,get,128,10000,64,0,262144,shuffle,20261005,10602871,1060.287100,7.726209250,0
4257,mapping,get,256,10000,64,0,131200,identity,20261005,15839691,1583.969100,10.343636123,0
4258,mapping,get,256,10000,64,0,131200,reverse,20261005,15837257,1583.725700,10.345225818,0
4259,mapping,get,256,10000,64,0,131200,transpose,20261005,15846873,1584.687300,10.338948258,0
4260,mapping,get,256,10000,64,0,131200,shuffle,20261005,15831532,1583.153200,10.348966859,0
4261,mapping,get,256,10000,64,0,131328,identity,20261005,12187555,1218.755500,13.443221384,0
4262,mapping,get,256,10000,64,0,131328,reverse,20261005,12197761,1219.776100,13.431973294,0
4263,mapping,get,256,10000,64,0,131328,transpose,20261005,12204387,1220.438700,13.424680814,0
4264,mapping,get,256,10000,64,0,131328,shuffle,20261005,12196645,1219.664500,13.433202327,0
4265,mapping,get,256,10000,64,0,135168,identity,20261005,11012320,1101.232000,14.877882226,0
4266,mapping,get,256,10000,64,0,135168,reverse,20261005,11005396,1100.539600,14.887242585,0
4267,mapping,get,256,10000,64,0,135168,transpose,20261005,11022158,1102.215800,14.864602739,0
4268,mapping,get,256,10000,64,0,135168,shuffle,20261005,11000018,1100.001800,14.894521082,0
4269,mapping,get,256,10000,64,0,262144,identity,20261005,10901052,1090.105200,15.029742084,0
4270,mapping,get,256,10000,64,0,262144,reverse,20261005,10871089,1087.108900,15.071167203,0
4271,mapping,get,256,10000,64,0,262144,transpose,20261005,10901394,1090.139400,15.029270569,0
4272,mapping,get,256,10000,64,0,262144,shuffle,20261005,10903395,1090.339500,15.026512384,0
4273,mapping,get,4096,1000,64,0,131200,identity,20261005,13240928,13240.928000,19.798008115,0
4274,mapping,get,4096,1000,64,0,131200,reverse,20261005,13246769,13246.769000,19.789278427,0
4275,mapping,get,4096,1000,64,0,131200,transpose,20261005,13336061,13336.061000,19.656778714,0
4276,mapping,get,4096,1000,64,0,131200,shuffle,20261005,13007863,13007.863000,20.152733773,0
4277,mapping,get,4096,1000,64,0,131328,identity,20261005,13386818,13386.818000,19.582248746,0
4278,mapping,get,4096,1000,64,0,131328,reverse,20261005,13399078,13399.078000,19.564331217,0
4279,mapping,get,4096,1000,64,0,131328,transpose,20261005,13273930,13273.930000,19.748785778,0
4280,mapping,get,4096,1000,64,0,131328,shuffle,20261005,12362688,12362.688000,21.204450035,0
4281,mapping,get,4096,1000,64,0,135168,identity,20261005,13015859,13015.859000,20.140353395,0
4282,mapping,get,4096,1000,64,0,135168,reverse,20261005,13109181,13109.181000,19.996977691,0
4283,mapping,get,4096,1000,64,0,135168,transpose,20261005,13001371,13001.371000,20.162796677,0
4284,mapping,get,4096,1000,64,0,135168,shuffle,20261005,12819127,12819.127000,20.449442462,0
4285,mapping,get,4096,1000,64,0,262144,identity,20261005,16070590,16070.590000,16.312033348,0
4286,mapping,get,4096,1000,64,0,262144,reverse,20261005,16069383,16069.383000,16.313258574,0
4287,mapping,get,4096,1000,64,0,262144,transpose,20261005,16086118,16086.118000,16.296287271,0
4288,mapping,get,4096,1000,64,0,262144,shuffle,20261005,16051044,16051.044000,16.331897165,0
4289,mapping,get,32768,1000,64,0,131200,identity,20261005,100303416,100303.416000,20.908081535,0
4290,mapping,get,32768,1000,64,0,131200,reverse,20261005,100228492,100228.492000,20.923710994,0
4291,mapping,get,32768,1000,64,0,131200,transpose,20261005,118792010,118792.010000,17.653981947,0
4292,mapping,get,32768,1000,64,0,131200,shuffle,20261005,107238826,107238.826000,19.555902262,0
4293,mapping,get,32768,1000,64,0,131328,identity,20261005,100521926,100521.926000,20.862632497,0
4294,mapping,get,32768,1000,64,0,131328,reverse,20261005,100415083,100415.083000,20.884830619,0
4295,mapping,get,32768,1000,64,0,131328,transpose,20261005,118105418,118105.418000,17.756611301,0
4296,mapping,get,32768,1000,64,0,131328,shuffle,20261005,107203974,107203.974000,19.562259884,0
4297,mapping,get,32768,1000,64,0,135168,identity,20261005,101773797,101773.797000,20.606011192,0
4298,mapping,get,32768,1000,64,0,135168,reverse,20261005,102002843,102002.843000,20.559740673,0
4299,mapping,get,32768,1000,64,0,135168,transpose,20261005,106314028,106314.028000,19.726013956,0
4300,mapping,get,32768,1000,64,0,135168,shuffle,20261005,107519597,107519.597000,19.504835012,0
4301,mapping,get,32768,1000,64,0,262144,identity,20261005,128954360,128954.360000,16.262745982,0
4302,mapping,get,32768,1000,64,0,262144,reverse,20261005,128657791,128657.791000,16.300233229,0
4303,mapping,get,32768,1000,64,0,262144,transpose,20261005,128676567,128676.567000,16.297854760,0
4304,mapping,get,32768,1000,64,0,262144,shuffle,20261005,128710108,128710.108000,16.293607647,0
4305,mapping,get,65536,1000,64,0,131200,identity,20261005,200026712,200026.712000,20.968719418,0
4306,mapping,get,65536,1000,64,0,131200,reverse,20261005,200121502,200121.502000,20.958787327,0
4307,mapping,get,65536,1000,64,0,131200,transpose,20261005,238016608,238016.608000,17.621896368,0
4308,mapping,get,65536,1000,64,0,131200,shuffle,20261005,215841279,215841.279000,19.432353345,0
4309,mapping,get,65536,1000,64,0,131328,identity,20261005,200367291,200367.291000,20.933077345,0
4310,mapping,get,65536,1000,64,0,131328,reverse,20261005,200241691,200241.691000,20.946207451,0
4311,mapping,get,65536,1000,64,0,131328,transpose,20261005,236869889,236869.889000,17.707206339,0
4312,mapping,get,65536,1000,64,0,131328,shuffle,20261005,215942870,215942.870000,19.423211334,0
4313,mapping,get,65536,1000,64,0,135168,identity,20261005,203583424,203583.424000,20.602384603,0
4314,mapping,get,65536,1000,64,0,135168,reverse,20261005,203735650,203735.650000,20.586991035,0
4315,mapping,get,65536,1000,64,0,135168,transpose,20261005,214773945,214773.945000,19.528923771,0
4316,mapping,get,65536,1000,64,0,135168,shuffle,20261005,214385888,214385.888000,19.564272813,0
4317,mapping,get,65536,1000,64,0,262144,identity,20261005,256787957,256787.957000,16.333725495,0
4318,mapping,get,65536,1000,64,0,262144,reverse,20261005,257062231,257062.231000,16.316298134,0
4319,mapping,get,65536,1000,64,0,262144,transpose,20261005,256787270,256787.270000,16.333769193,0
4320,mapping,get,65536,1000,64,0,262144,shuffle,20261005,257057563,257057.563000,16.316594428,0
4321,mapping,get,98304,1000,64,0,131200,identity,20261005,300330514,300330.514000,20.948440823,0
4322,mapping,get,98304,1000,64,0,131200,reverse,20261005,299731751,299731.751000,20.990288747,0
4323,mapping,get,98304,1000,64,0,131200,transpose,20261005,356283711,356283.711000,17.658556386,0
4324,mapping,get,98304,1000,64,0,131200,shuffle,20261005,321851478,321851.478000,19.547699576,0
4325,mapping,get,98304,1000,64,0,131328,identity,20261005,300702567,300702.567000,20.922521756,0
4326,mapping,get,98304,1000,64,0,131328,reverse,20261005,300751520,300751.520000,20.919116219,0
4327,mapping,get,98304,1000,64,0,131328,transpose,20261005,354675158,354675.158000,17.738642975,0
4328,mapping,get,98304,1000,64,0,131328,shuffle,20261005,321982812,321982.812000,19.539726239,0
4329,mapping,get,98304,1000,64,0,135168,identity,20261005,305392965,305392.965000,20.601181825,0
4330,mapping,get,98304,1000,64,0,135168,reverse,20261005,305983485,305983.485000,20.561423438,0
4331,mapping,get,98304,1000,64,0,135168,transpose,20261005,328060781,328060.781000,19.177714510,0
4332,mapping,get,98304,1000,64,0,135168,shuffle,20261005,319165249,319165.249000,19.712221239,0
4333,mapping,get,98304,1000,64,0,262144,identity,20261005,384414924,384414.924000,16.366315684,0
4334,mapping,get,98304,1000,64,0,262144,reverse,20261005,384145916,384145.916000,16.377776615,0
4335,mapping,get,98304,1000,64,0,262144,transpose,20261005,384292336,384292.336000,16.371536486,0
4336,mapping,get,98304,1000,64,0,262144,shuffle,20261005,384430706,384430.706000,16.365643800,0
4337,mapping,get,131072,1000,64,0,131200,identity,20261005,402375509,402375.509000,20.847710192,0
4338,mapping,get,131072,1000,64,0,131200,reverse,20261005,402362866,402362.866000,20.848365266,0
4339,mapping,get,131072,1000,64,0,131200,transpose,20261005,452903813,452903.813000,18.521831257,0
4340,mapping,get,131072,1000,64,0,131200,shuffle,20261005,425102182,425102.182000,19.733156768,0
4341,mapping,get,131072,1000,64,0,131328,identity,20261005,402654596,402654.596000,20.833260277,0
4342,mapping,get,131072,1000,64,0,131328,reverse,20261005,403726748,403726.748000,20.777934684,0
4343,mapping,get,131072,1000,64,0,131328,transpose,20261005,450259098,450259.098000,18.630624095,0
4344,mapping,get,131072,1000,64,0,131328,shuffle,20261005,423799978,423799.978000,19.793790551,0
4345,mapping,get,131072,1000,64,0,135168,identity,20261005,408879607,408879.607000,20.516083112,0
4346,mapping,get,131072,1000,64,0,135168,reverse,20261005,407637594,407637.594000,20.578592660,0
4347,mapping,get,131072,1000,64,0,135168,transpose,20261005,441341792,441341.792000,19.007055647,0
4348,mapping,get,131072,1000,64,0,135168,shuffle,20261005,426946632,426946.632000,19.647907657,0
4349,mapping,get,131072,1000,64,0,262144,identity,20261005,512263506,512263.506000,16.375572145,0
4350,mapping,get,131072,1000,64,0,262144,reverse,20261005,512357813,512357.813000,16.372557980,0
4351,mapping,get,131072,1000,64,0,262144,transpose,20261005,512340267,512340.267000,16.373118688,0
4352,mapping,get,131072,1000,64,0,262144,shuffle,20261005,512780304,512780.304000,16.359068269,0
4353,mapping,get,64,10000,64,4,131200,identity,20261005,11419168,1141.916800,3.586951344,0
4354,mapping,get,64,10000,64,4,131200,reverse,20261005,11396037,1139.603700,3.594231925,0
4355,mapping,get,64,10000,64,4,131200,transpose,20261005,11420309,1142.030900,3.586592972,0
4356,mapping,get,64,10000,64,4,131200,shuffle,20261005,11407047,1140.704700,3.590762798,0
4357,mapping,get,64,10000,64,4,131328,identity,20261005,11750451,1175.045100,3.485823651,0
4358,mapping,get,64,10000,64,4,131328,reverse,20261005,11724970,1172.497000,3.493399130,0
4359,mapping,get,64,10000,64,4,131328,transpose,20261005,11808722,1180.872200,3.468622599,0
4360,mapping,get,64,10000,64,4,131328,shuffle,20261005,11889567,1188.956700,3.445037149,0
4361,mapping,get,64,10000,64,4,135168,identity,20261005,10494916,1049.491600,3.902842100,0
4362,mapping,get,64,10000,64,4,135168,reverse,20261005,10482894,1048.289400,3.907317960,0
4363,mapping,get,64,10000,64,4,135168,transpose,20261005,10489984,1048.998400,3.904677071,0
4364,mapping,get,64,10000,64,4,135168,shuffle,20261005,10483355,1048.335500,3.907146138,0
4365,mapping,get,64,10000,64,4,262144,identity,20261005,10599513,1059.951300,3.864328484,0
4366,mapping,get,64,10000,64,4,262144,reverse,20261005,10589205,1058.920500,3.868090192,0
4367,mapping,get,64,10000,64,4,262144,transpose,20261005,10600928,1060.092800,3.863812678,0
4368,mapping,get,64,10000,64,4,262144,shuffle,20261005,10591178,1059.117800,3.867369616,0
4369,mapping,get,128,10000,64,4,131200,identity,20261005,15850923,1585.092300,5.168153299,0
4370,mapping,get,128,10000,64,4,131200,reverse,20261005,15851791,1585.179100,5.167870306,0
4371,mapping,get,128,10000,64,4,131200,transpose,20261005,15827912,1582.791200,5.175666885,0
4372,mapping,get,128,10000,64,4,131200,shuffle,20261005,15851305,1585.130500,5.168028752,0
4373,mapping,get,128,10000,64,4,131328,identity,20261005,12173231,1217.323100,6.729519878,0
4374,mapping,get,128,10000,64,4,131328,reverse,20261005,12193243,1219.324300,6.718475142,0
4375,mapping,get,128,10000,64,4,131328,transpose,20261005,12201530,1220.153000,6.713912108,0
4376,mapping,get,128,10000,64,4,131328,shuffle,20261005,12193271,1219.327100,6.718459714,0
4377,mapping,get,128,10000,64,4,135168,identity,20261005,11031311,1103.131100,7.426134573,0
4378,mapping,get,128,10000,64,4,135168,reverse,20261005,11012088,1101.208800,7.439097835,0
4379,mapping,get,128,10000,64,4,135168,transpose,20261005,11041971,1104.197100,7.418965328,0
4380,mapping,get,128,10000,64,4,135168,shuffle,20261005,11014463,1101.446300,7.437493775,0
4381,mapping,get,128,10000,64,4,262144,identity,20261005,10909004,1090.900400,7.509393158,0
4382,mapping,get,128,10000,64,4,262144,reverse,20261005,10894907,1089.490700,7.519109617,0
4383,mapping,get,128,10000,64,4,262144,transpose,20261005,10891644,1089.164400,7.521362248,0
4384,mapping,get,128,10000,64,4,262144,shuffle,20261005,10869829,1086.982900,7.536457105,0
4385,mapping,get,256,10000,64,4,131200,identity,20261005,20057521,2005.752100,8.168506966,0
4386,mapping,get,256,10000,64,4,131200,reverse,20261005,20082838,2008.283800,8.158209512,0
4387,mapping,get,256,10000,64,4,131200,transpose,20261005,20055593,2005.559300,8.169292227,0
4388,mapping,get,256,10000,64,4,131200,shuffle,20261005,20088336,2008.833600,8.155976682,0
4389,mapping,get,256,10000,64,4,131328,identity,20261005,21111166,2111.116600,7.760821927,0
4390,mapping,get,256,10000,64,4,131328,reverse,20261005,21111043,2111.104300,7.760867144,0
4391,mapping,get,256,10000,64,4,131328,transpose,20261005,21085965,2108.596500,7.770097314,0
4392,mapping,get,256,10000,64,4,131328,shuffle,20261005,21113075,2111.307500,7.760120210,0
4393,mapping,get,256,10000,64,4,135168,identity,20261005,19188998,1918.899800,8.538225915,0
4394,mapping,get,256,10000,64,4,135168,reverse,20261005,19187912,1918.791200,8.538709162,0
4395,mapping,get,256,10000,64,4,135168,transpose,20261005,19163664,1916.366400,8.549513287,0
4396,mapping,get,256,10000,64,4,135168,shuffle,20261005,19162534,1916.253400,8.550017446,0
4397,mapping,get,256,10000,64,4,262144,identity,20261005,19893965,1989.396500,8.235663429,0
4398,mapping,get,256,10000,64,4,262144,reverse,20261005,20063712,2006.371200,8.165986434,0
4399,mapping,get,256,10000,64,4,262144,transpose,20261005,19893995,1989.399500,8.235651009,0
4400,mapping,get,256,10000,64,4,262144,shuffle,20261005,19883164,1988.316400,8.240137234,0
4401,mapping,get,4096,1000,64,4,131200,identity,20261005,13679990,13679.990000,19.162587107,0
4402,mapping,get,4096,1000,64,4,131200,reverse,20261005,13686110,13686.110000,19.154018198,0
4403,mapping,get,4096,1000,64,4,131200,transpose,20261005,13671956,13671.956000,19.173847546,0
4404,mapping,get,4096,1000,64,4,131200,shuffle,20261005,13495151,13495.151000,19.425051265,0
4405,mapping,get,4096,1000,64,4,131328,identity,20261005,13722827,13722.827000,19.102769422,0
4406,mapping,get,4096,1000,64,4,131328,reverse,20261005,13813784,13813.784000,18.976987044,0
4407,mapping,get,4096,1000,64,4,131328,transpose,20261005,13989724,13989.724000,18.738325359,0
4408,mapping,get,4096,1000,64,4,131328,shuffle,20261005,13432105,13432.105000,19.516226236,0
4409,mapping,get,4096,1000,64,4,135168,identity,20261005,13845126,13845.126000,18.934027758,0
4410,mapping,get,4096,1000,64,4,135168,reverse,20261005,13894162,13894.162000,18.867204802,0
4411,mapping,get,4096,1000,64,4,135168,transpose,20261005,13675601,13675.601000,19.168737081,0
4412,mapping,get,4096,1000,64,4,135168,shuffle,20261005,12751672,12751.672000,20.557617856,0
4413,mapping,get,4096,1000,64,4,262144,identity,20261005,16847370,16847.370000,15.559936061,0
4414,mapping,get,4096,1000,64,4,262144,reverse,20261005,17028823,17028.823000,15.394134991,0
4415,mapping,get,4096,1000,64,4,262144,transpose,20261005,16904665,16904.665000,15.507198753,0
4416,mapping,get,4096,1000,64,4,262144,shuffle,20261005,17056774,17056.774000,15.368908564,0
4417,mapping,get,32768,1000,64,4,131200,identity,20261005,100655415,100655.415000,20.834964517,0
4418,mapping,get,32768,1000,64,4,131200,reverse,20261005,100793474,100793.474000,20.806426416,0
4419,mapping,get,32768,1000,64,4,131200,transpose,20261005,118992046,118992.046000,17.624304065,0
4420,mapping,get,32768,1000,64,4,131200,shuffle,20261005,107466725,107466.725000,19.514431095,0
4421,mapping,get,32768,1000,64,4,131328,identity,20261005,100869154,100869.154000,20.790815793,0
4422,mapping,get,32768,1000,64,4,131328,reverse,20261005,101144450,101144.450000,20.734227138,0
4423,mapping,get,32768,1000,64,4,131328,transpose,20261005,118840327,118840.327000,17.646804355,0
4424,mapping,get,32768,1000,64,4,131328,shuffle,20261005,108301606,108301.606000,19.363997243,0
4425,mapping,get,32768,1000,64,4,135168,identity,20261005,102543862,102543.862000,20.451267966,0
4426,mapping,get,32768,1000,64,4,135168,reverse,20261005,102397016,102397.016000,20.480596817,0
4427,mapping,get,32768,1000,64,4,135168,transpose,20261005,106620787,106620.787000,19.669260179,0
4428,mapping,get,32768,1000,64,4,135168,shuffle,20261005,108866239,108866.239000,19.263566182,0
4429,mapping,get,32768,1000,64,4,262144,identity,20261005,129734872,129734.872000,16.164905917,0
4430,mapping,get,32768,1000,64,4,262144,reverse,20261005,129681978,129681.978000,16.171499173,0
4431,mapping,get,32768,1000,64,4,262144,transpose,20261005,129632702,129632.702000,16.177646286,0
4432,mapping,get,32768,1000,64,4,262144,shuffle,20261005,129838867,129838.867000,16.151958566,0
4433,mapping,get,65536,1000,64,4,131200,identity,20261005,200343330,200343.330000,20.935580935,0
4434,mapping,get,65536,1000,64,4,131200,reverse,20261005,200513792,200513.792000,20.917783052,0
4435,mapping,get,65536,1000,64,4,131200,transpose,20261005,238343613,238343.613000,17.597719306,0
4436,mapping,get,65536,1000,64,4,131200,shuffle,20261005,216587125,216587.125000,19.365435503,0
4437,mapping,get,65536,1000,64,4,131328,identity,20261005,200977992,200977.992000,20.869469131,0
4438,mapping,get,65536,1000,64,4,131328,reverse,20261005,200747466,200747.466000,20.893434341,0
4439,mapping,get,65536,1000,64,4,131328,transpose,20261005,237953102,237953.102000,17.626599379,0
4440,mapping,get,65536,1000,64,4,131328,shuffle,20261005,215116423,215116.423000,19.497832576,0
4441,mapping,get,65536,1000,64,4,135168,identity,20261005,204321603,204321.603000,20.527951711,0
4442,mapping,get,65536,1000,64,4,135168,reverse,20261005,204148810,204148.810000,20.545326715,0
4443,mapping,get,65536,1000,64,4,135168,transpose,20261005,217050465,217050.465000,19.324095896,0
4444,mapping,get,65536,1000,64,4,135168,shuffle,20261005,214000470,214000.470000,19.599508356,0
4445,mapping,get,65536,1000,64,4,262144,identity,20261005,257968711,257968.711000,16.258964057,0
4446,mapping,get,65536,1000,64,4,262144,reverse,20261005,257491925,257491.925000,16.289070036,0
4447,mapping,get,65536,1000,64,4,262144,transpose,20261005,257589635,257589.635000,16.282891196,0
4448,mapping,get,65536,1000,64,4,262144,shuffle,20261005,257599888,257599.888000,16.282243104,0
4449,mapping,get,98304,1000,64,4,131200,identity,20261005,300505716,300505.716000,20.936227383,0
4450,mapping,get,98304,1000,64,4,131200,reverse,20261005,300326769,300326.769000,20.948702045,0
4451,mapping,get,98304,1000,64,4,131200,transpose,20261005,357105663,357105.663000,17.617911593,0
4452,mapping,get,98304,1000,64,4,131200,shuffle,20261005,322933034,322933.034000,19.482231106,0
4453,mapping,get,98304,1000,64,4,131328,identity,20261005,301124588,301124.588000,20.893199196,0
4454,mapping,get,98304,1000,64,4,131328,reverse,20261005,301163370,301163.370000,20.890508696,0
4455,mapping,get,98304,1000,64,4,131328,transpose,20261005,355415672,355415.672000,17.701684241,0
4456,mapping,get,98304,1000,64,4,131328,shuffle,20261005,322871285,322871.285000,19.485957074,0
4457,mapping,get,98304,1000,64,4,135168,identity,20261005,306212430,306212.430000,20.546050335,0
4458,mapping,get,98304,1000,64,4,135168,reverse,20261005,305975560,305975.560000,20.561955994,0
4459,mapping,get,98304,1000,64,4,135168,transpose,20261005,330528032,330528.032000,19.034561038,0
4460,mapping,get,98304,1000,64,4,135168,shuffle,20261005,322269391,322269.391000,19.522350480,0
4461,mapping,get,98304,1000,64,4,262144,identity,20261005,385556131,385556.131000,16.317873052,0
4462,mapping,get,98304,1000,64,4,262144,reverse,20261005,385577172,385577.172000,16.316982583,0
4463,mapping,get,98304,1000,64,4,262144,transpose,20261005,385513229,385513.229000,16.319688993,0
4464,mapping,get,98304,1000,64,4,262144,shuffle,20261005,385612515,385612.515000,16.315487063,0
4465,mapping,get,131072,1000,64,4,131200,identity,20261005,402653686,402653.686000,20.833307360,0
4466,mapping,get,131072,1000,64,4,131200,reverse,20261005,403129037,403129.037000,20.808741693,0
4467,mapping,get,131072,1000,64,4,131200,transpose,20261005,453185516,453185.516000,18.510317969,0
4468,mapping,get,131072,1000,64,4,131200,shuffle,20261005,425766415,425766.415000,19.702371311,0
4469,mapping,get,131072,1000,64,4,131328,identity,20261005,403284659,403284.659000,20.800711886,0
4470,mapping,get,131072,1000,64,4,131328,reverse,20261005,403812689,403812.689000,20.773512642,0
4471,mapping,get,131072,1000,64,4,131328,transpose,20261005,451101450,451101.450000,18.595834706,0
4472,mapping,get,131072,1000,64,4,131328,shuffle,20261005,424432649,424432.649000,19.764285381,0
4473,mapping,get,131072,1000,64,4,135168,identity,20261005,409015777,409015.777000,20.509252874,0
4474,mapping,get,131072,1000,64,4,135168,reverse,20261005,408354996,408354.996000,20.542439990,0
4475,mapping,get,131072,1000,64,4,135168,transpose,20261005,441561464,441561.464000,18.997599845,0
4476,mapping,get,131072,1000,64,4,135168,shuffle,20261005,427879772,427879.772000,19.605058591,0
4477,mapping,get,131072,1000,64,4,262144,identity,20261005,513210277,513210.277000,16.345362468,0
4478,mapping,get,131072,1000,64,4,262144,reverse,20261005,513313328,513313.328000,16.342081030,0
4479,mapping,get,131072,1000,64,4,262144,transpose,20261005,512927755,512927.755000,16.354365538,0
4480,mapping,get,131072,1000,64,4,262144,shuffle,20261005,514065712,514065.712000,16.318162842,0
4481,mapping,put,64,10000,1,0,131200,identity,20261005,2400285,240.028500,0.266635004,0
4482,mapping,put,64,10000,1,0,131200,reverse,20261005,2407303,240.730300,0.265857684,0
4483,mapping,put,64,10000,1,0,131200,transpose,20261005,2400261,240.026100,0.266637670,0
4484,mapping,put,64,10000,1,0,131200,shuffle,20261005,2408333,240.833300,0.265743981,0
4485,mapping,put,64,10000,1,0,131328,identity,20261005,2400351,240.035100,0.266627672,0
4486,mapping,put,64,10000,1,0,131328,reverse,20261005,2404898,240.489800,0.266123553,0
4487,mapping,put,64,10000,1,0,131328,transpose,20261005,2400283,240.028300,0.266635226,0
4488,mapping,put,64,10000,1,0,131328,shuffle,20261005,2406234,240.623400,0.265975795,0
4489,mapping,put,64,10000,1,0,135168,identity,20261005,2400332,240.033200,0.266629783,0
4490,mapping,put,64,10000,1,0,135168,reverse,20261005,2400984,240.098400,0.266557378,0
4491,mapping,put,64,10000,1,0,135168,transpose,20261005,2400342,240.034200,0.266628672,0
4492,mapping,put,64,10000,1,0,135168,shuffle,20261005,2401302,240.130200,0.266522078,0
4493,mapping,put,64,10000,1,0,262144,identity,20261005,2400353,240.035300,0.266627450,0
4494,mapping,put,64,10000,1,0,262144,reverse,20261005,2400377,240.037700,0.266624784,0
4495,mapping,put,64,10000,1,0,262144,transpose,20261005,2400309,240.030900,0.266632338,0
4496,mapping,put,64,10000,1,0,262144,shuffle,20261005,2400405,240.040500,0.266621674,0
4497,mapping,put,128,10000,1,0,131200,identity,20261005,2407149,240.714900,0.531749385,0
4498,mapping,put,128,10000,1,0,131200,reverse,20261005,2432093,243.209300,0.526295664,0
4499,mapping,put,128,10000,1,0,131200,transpose,20261005,2401333,240.133300,0.533037276,0
4500,mapping,put,128,10000,1,0,131200,shuffle,20261005,2411468,241.146800,0.530797008,0
4501,mapping,put,128,10000,1,0,131328,identity,20261005,2410399,241.039900,0.531032414,0
4502,mapping,put,128,10000,1,0,131328,reverse,20261005,2406871,240.687100,0.531810803,0
4503,mapping,put,128,10000,1,0,131328,transpose,20261005,2401290,240.129000,0.533046821,0
4504,mapping,put,128,10000,1,0,131328,shuffle,20261005,2410749,241.074900,0.530955317,0
4505,mapping,put,128,10000,1,0,135168,identity,20261005,2402813,240.281300,0.532708954,0
4506,mapping,put,128,10000,1,0,135168,reverse,20261005,2401793,240.179300,0.532935186,0
4507,mapping,put,128,10000,1,0,135168,transpose,20261005,2432477,243.247700,0.526212581,0
4508,mapping,put,128,10000,1,0,135168,shuffle,20261005,2412418,241.241800,0.530587983,0
4509,mapping,put,128,10000,1,0,262144,identity,20261005,2406081,240.608100,0.531985415,0
4510,mapping,put,128,10000,1,0,262144,reverse,20261005,2404002,240.400200,0.532445480,0
4511,mapping,put,128,10000,1,0,262144,transpose,20261005,2403094,240.309400,0.532646663,0
4512,mapping,put,128,10000,1,0,262144,shuffle,20261005,2404531,240.453100,0.532328342,0
4513,mapping,put,256,10000,1,0,131200,identity,20261005,2517437,251.743700,1.016907275,0
4514,mapping,put,256,10000,1,0,131200,reverse,20261005,2528540,252.854000,1.012441963,0
4515,mapping,put,256,10000,1,0,131200,transpose,20261005,2523476,252.347600,1.014473686,0
4516,mapping,put,256,10000,1,0,131200,shuffle,20261005,2526920,252.692000,1.013091036,0
4517,mapping,put,256,10000,1,0,131328,identity,20261005,2522124,252.212400,1.015017501,0
4518,mapping,put,256,10000,1,0,131328,reverse,20261005,2527764,252.776400,1.012752773,0
4519,mapping,put,256,10000,1,0,131328,transpose,20261005,2519226,251.922600,1.016185130,0
4520,mapping,put,256,10000,1,0,131328,shuffle,20261005,2532580,253.258000,1.010826904,0
4521,mapping,put,256,10000,1,0,135168,identity,20261005,2525158,252.515800,1.013797948,0
4522,mapping,put,256,10000,1,0,135168,reverse,20261005,2517824,251.782400,1.016750972,0
4523,mapping,put,256,10000,1,0,135168,transpose,20261005,2525226,252.522600,1.013770649,0
4524,mapping,put,256,10000,1,0,135168,shuffle,20261005,2518991,251.899100,1.016279931,0
4525,mapping,put,256,10000,1,0,262144,identity,20261005,2517188,251.718800,1.017007868,0
4526,mapping,put,256,10000,1,0,262144,reverse,20261005,2518821,251.882100,1.016348522,0
4527,mapping,put,256,10000,1,0,262144,transpose,20261005,2523896,252.389600,1.014304868,0
4528,mapping,put,256,10000,1,0,262144,shuffle,20261005,2523873,252.387300,1.014314112,0
4529,mapping,put,4096,1000,1,0,131200,identity,20261005,466209,466.209000,8.785759177,0
4530,mapping,put,4096,1000,1,0,131200,reverse,20261005,465683,465.683000,8.795682900,0
4531,mapping,put,4096,1000,1,0,131200,transpose,20261005,466515,466.515000,8.779996356,0
4532,mapping,put,4096,1000,1,0,131200,shuffle,20261005,465373,465.373000,8.801541989,0
4533,mapping,put,4096,1000,1,0,131328,identity,20261005,466701,466.701000,8.776497158,0
4534,mapping,put,4096,1000,1,0,131328,reverse,20261005,467079,467.079000,8.769394471,0
4535,mapping,put,4096,1000,1,0,131328,transpose,20261005,465887,465.887000,8.791831496,0
4536,mapping,put,4096,1000,1,0,131328,shuffle,20261005,466699,466.699000,8.776534769,0
4537,mapping,put,4096,1000,1,0,135168,identity,20261005,466349,466.349000,8.783121654,0
4538,mapping,put,4096,1000,1,0,135168,reverse,20261005,465547,465.547000,8.798252378,0
4539,mapping,put,4096,1000,1,0,135168,transpose,20261005,466297,466.297000,8.784101120,0
4540,mapping,put,4096,1000,1,0,135168,shuffle,20261005,466223,466.223000,8.785495353,0
4541,mapping,put,4096,1000,1,0,262144,identity,20261005,465814,465.814000,8.793209307,0
4542,mapping,put,4096,1000,1,0,262144,reverse,20261005,466194,466.194000,8.786041862,0
4543,mapping,put,4096,1000,1,0,262144,transpose,20261005,465726,465.726000,8.794870804,0
4544,mapping,put,4096,1000,1,0,262144,shuffle,20261005,466080,466.080000,8.788190869,0
4545,mapping,put,32768,1000,1,0,131200,identity,20261005,1994993,1994.993000,16.425120289,0
4546,mapping,put,32768,1000,1,0,131200,reverse,20261005,1995043,1995.043000,16.424708640,0
4547,mapping,put,32768,1000,1,0,131200,transpose,20261005,1994889,1994.889000,16.425976583,0
4548,mapping,put,32768,1000,1,0,131200,shuffle,20261005,1996273,1996.273000,16.414588586,0
4549,mapping,put,32768,1000,1,0,131328,identity,20261005,1994309,1994.309000,16.430753710,0
4550,mapping,put,32768,1000,1,0,131328,reverse,20261005,1994261,1994.261000,16.431149183,0
4551,mapping,put,32768,1000,1,0,131328,transpose,20261005,1995885,1995.885000,16.417779581,0
4552,mapping,put,32768,1000,1,0,131328,shuffle,20261005,1994797,1994.797000,16.426734149,0
4553,mapping,put,32768,1000,1,0,135168,identity,20261005,1995375,1995.375000,16.421975819,0
4554,mapping,put,32768,1000,1,0,135168,reverse,20261005,1995427,1995.427000,16.421547869,0
4555,mapping,put,32768,1000,1,0,135168,transpose,20261005,1994601,1994.601000,16.428348326,0
4556,mapping,put,32768,1000,1,0,135168,shuffle,20261005,1995016,1995.016000,16.424930928,0
4557,mapping,put,32768,1000,1,0,262144,identity,20261005,1994631,1994.631000,16.428101238,0
4558,mapping,put,32768,1000,1,0,262144,reverse,20261005,1994773,1994.773000,16.426931786,0
4559,mapping,put,32768,1000,1,0,262144,transpose,20261005,1996677,1996.677000,16.411267321,0
4560,mapping,put,32768,1000,1,0,262144,shuffle,20261005,1995011,1995.011000,16.424972093,0
4561,mapping,put,65536,1000,1,0,131200,identity,20261005,3743395,3743.395000,17.507102510,0
4562,mapping,put,65536,1000,1,0,131200,reverse,20261005,3742641,3742.641000,17.510629526,0
4563,mapping,put,65536,1000,1,0,131200,transpose,20261005,3745093,3745.093000,17.499164907,0
4564,mapping,put,65536,1000,1,0,131200,shuffle,20261005,3748109,3748.109000,17.485083812,0
4565,mapping,put,65536,1000,1,0,131328,identity,20261005,3743999,3743.999000,17.504278180,0
4566,mapping,put,65536,1000,1,0,131328,reverse,20261005,3744287,3744.287000,17.502931800,0
4567,mapping,put,65536,1000,1,0,131328,transpose,20261005,3743867,3743.867000,17.504895339,0
4568,mapping,put,65536,1000,1,0,131328,shuffle,20261005,3743541,3743.541000,17.506419724,0
4569,mapping,put,65536,1000,1,0,135168,identity,20261005,3744191,3744.191000,17.503380570,0
4570,mapping,put,65536,1000,1,0,135168,reverse,20261005,3743825,3743.825000,17.505091718,0
4571,mapping,put,65536,1000,1,0,135168,transpose,20261005,3743641,3743.641000,17.505952093,0
4572,mapping,put,65536,1000,1,0,135168,shuffle,20261005,3744523,3744.523000,17.501828671,0
4573,mapping,put,65536,1000,1,0,262144,identity,20261005,3744449,3744.449000,17.502174552,0
4574,mapping,put,65536,1000,1,0,262144,reverse,20261005,3743673,3743.673000,17.505802457,0
4575,mapping,put,65536,1000,1,0,262144,transpose,20261005,3744499,3744.499000,17.501940847,0
4576,mapping,put,65536,1000,1,0,262144,shuffle,20261005,3746039,3746.039000,17.494745783,0
4577,mapping,put,98304,1000,1,0,131200,identity,20261005,5489279,5489.279000,17.908362829,0
4578,mapping,put,98304,1000,1,0,131200,reverse,20261005,5491948,5491.948000,17.899659647,0
4579,mapping,put,98304,1000,1,0,131200,transpose,20261005,5489033,5489.033000,17.909165421,0
4580,mapping,put,98304,1000,1,0,131200,shuffle,20261005,5489072,5489.072000,17.909038176,0
4581,mapping,put,98304,1000,1,0,131328,identity,20261005,5490552,5490.552000,17.904210724,0
4582,mapping,put,98304,1000,1,0,131328,reverse,20261005,5489708,5489.708000,17.906963358,0
4583,mapping,put,98304,1000,1,0,131328,transpose,20261005,5488972,5488.972000,17.909364449,0
4584,mapping,put,98304,1000,1,0,131328,shuffle,20261005,5490554,5490.554000,17.904204202,0
4585,mapping,put,98304,1000,1,0,135168,identity,20261005,5488998,5488.998000,17.909279617,0
4586,mapping,put,98304,1000,1,0,135168,reverse,20261005,5490680,5490.680000,17.903793337,0
4587,mapping,put,98304,1000,1,0,135168,transpose,20261005,5488524,5488.524000,17.910826299,0
4588,mapping,put,98304,1000,1,0,135168,shuffle,20261005,5489795,5489.795000,17.906679575,0
4589,mapping,put,98304,1000,1,0,262144,identity,20261005,5489520,5489.520000,17.907576619,0
4590,mapping,put,98304,1000,1,0,262144,reverse,20261005,5490399,5490.399000,17.904709658,0
4591,mapping,put,98304,1000,1,0,262144,transpose,20261005,5489307,5489.307000,17.908271481,0
4592,mapping,put,98304,1000,1,0,262144,shuffle,20261005,5488934,5488.934000,17.909488436,0
4593,mapping,put,131072,1000,1,0,131200,identity,20261005,7234305,7234.305000,18.118119156,0
4594,mapping,put,131072,1000,1,0,131200,reverse,20261005,7232293,7232.293000,18.123159557,0
4595,mapping,put,131072,1000,1,0,131200,transpose,20261005,7231843,7231.843000,18.124287267,0
4596,mapping,put,131072,1000,1,0,131200,shuffle,20261005,7232357,7232.357000,18.122999183,0
4597,mapping,put,131072,1000,1,0,131328,identity,20261005,7231989,7231.989000,18.123921372,0
4598,mapping,put,131072,1000,1,0,131328,reverse,20261005,7232822,7232.822000,18.121834050,0
4599,mapping,put,131072,1000,1,0,131328,transpose,20261005,7231927,7231.927000,18.124076750,0
4600,mapping,put,131072,1000,1,0,131328,shuffle,20261005,7232987,7232.987000,18.121420652,0
4601,mapping,put,131072,1000,1,0,135168,identity,20261005,7232533,7232.533000,18.122558169,0
4602,mapping,put,131072,1000,1,0,135168,reverse,20261005,7233189,7233.189000,18.120914579,0
4603,mapping,put,131072,1000,1,0,135168,transpose,20261005,7232426,7232.426000,18.122826283,0
4604,mapping,put,131072,1000,1,0,135168,shuffle,20261005,7232469,7232.469000,18.122718535,0
4605,mapping,put,131072,1000,1,0,262144,identity,20261005,7232020,7232.020000,18.123843684,0
4606,mapping,put,131072,1000,1,0,262144,reverse,20261005,7232285,7232.285000,18.123179604,0
4607,mapping,put,131072,1000,1,0,262144,transpose,20261005,7232821,7232.821000,18.121836556,0
4608,mapping,put,131072,1000,1,0,262144,shuffle,20261005,7232839,7232.839000,18.121791457,0
4609,mapping,put,64,10000,1,4,131200,identity,20261005,3673955,367.395500,0.174199194,0
4610,mapping,put,64,10000,1,4,131200,reverse,20261005,3672331,367.233100,0.174276229,0
4611,mapping,put,64,10000,1,4,131200,transpose,20261005,3683726,368.372600,0.173737135,0
4612,mapping,put,64,10000,1,4,131200,shuffle,20261005,3674961,367.496100,0.174151508,0
4613,mapping,put,64,10000,1,4,131328,identity,20261005,3680698,368.069800,0.173880063,0
4614,mapping,put,64,10000,1,4,131328,reverse,20261005,3666954,366.695400,0.174531778,0
4615,mapping,put,64,10000,1,4,131328,transpose,20261005,3676747,367.674700,0.174066913,0
4616,mapping,put,64,10000,1,4,131328,shuffle,20261005,3676580,367.658000,0.174074820,0
4617,mapping,put,64,10000,1,4,135168,identity,20261005,3677529,367.752900,0.174029899,0
4618,mapping,put,64,10000,1,4,135168,reverse,20261005,3678348,367.834800,0.173991150,0
4619,mapping,put,64,10000,1,4,135168,transpose,20261005,3677598,367.759800,0.174026634,0
4620,mapping,put,64,10000,1,4,135168,shuffle,20261005,3669370,366.937000,0.174416862,0
4621,mapping,put,64,10000,1,4,262144,identity,20261005,3678078,367.807800,0.174003923,0
4622,mapping,put,64,10000,1,4,262144,reverse,20261005,3671678,367.167800,0.174307224,0
4623,mapping,put,64,10000,1,4,262144,transpose,20261005,3674538,367.453800,0.174171556,0
4624,mapping,put,64,10000,1,4,262144,shuffle,20261005,3672348,367.234800,0.174275423,0
4625,mapping,put,128,10000,1,4,131200,identity,20261005,3856235,385.623500,0.331929978,0
4626,mapping,put,128,10000,1,4,131200,reverse,20261005,3698435,369.843500,0.346092334,0
4627,mapping,put,128,10000,1,4,131200,transpose,20261005,3853351,385.335100,0.332178408,0
4628,mapping,put,128,10000,1,4,131200,shuffle,20261005,3615053,361.505300,0.354075030,0
4629,mapping,put,128,10000,1,4,131328,identity,20261005,3661199,366.119900,0.349612245,0
4630,mapping,put,128,10000,1,4,131328,reverse,20261005,3662181,366.218100,0.349518497,0
4631,mapping,put,128,10000,1,4,131328,transpose,20261005,3848690,384.869000,0.332580696,0
4632,mapping,put,128,10000,1,4,131328,shuffle,20261005,3845619,384.561900,0.332846286,0
4633,mapping,put,128,10000,1,4,135168,identity,20261005,3865887,386.588700,0.331101245,0
4634,mapping,put,128,10000,1,4,135168,reverse,20261005,3853012,385.301200,0.332207634,0
4635,mapping,put,128,10000,1,4,135168,transpose,20261005,3861130,386.113000,0.331509170,0
4636,mapping,put,128,10000,1,4,135168,shuffle,20261005,3855567,385.556700,0.331987487,0
4637,mapping,put,128,10000,1,4,262144,identity,20261005,3859305,385.930500,0.331665935,0
4638,mapping,put,128,10000,1,4,262144,reverse,20261005,3858841,385.884100,0.331705815,0
4639,mapping,put,128,10000,1,4,262144,transpose,20261005,3848602,384.860200,0.332588301,0
4640,mapping,put,128,10000,1,4,262144,shuffle,20261005,3869953,386.995300,0.330753371,0
4641,mapping,put,256,10000,1,4,131200,identity,20261005,3727742,372.774200,0.686742806,0
4642,mapping,put,256,10000,1,4,131200,reverse,20261005,3644604,364.460400,0.702408273,0
4643,mapping,put,256,10000,1,4,131200,transpose,20261005,3724214,372.421400,0.687393367,0
4644,mapping,put,256,10000,1,4,131200,shuffle,20261005,3715990,371.599000,0.688914663,0
4645,mapping,put,256,10000,1,4,131328,identity,20261005,3734262,373.426200,0.685543757,0
4646,mapping,put,256,10000,1,4,131328,reverse,20261005,4056197,405.619700,0.631133054,0
4647,mapping,put,256,10000,1,4,131328,transpose,20261005,3724559,372.455900,0.687329695,0
4648,mapping,put,256,10000,1,4,131328,shuffle,20261005,3718416,371.841600,0.688465196,0
4649,mapping,put,256,10000,1,4,135168,identity,20261005,3725096,372.509600,0.687230611,0
4650,mapping,put,256,10000,1,4,135168,reverse,20261005,3724295,372.429500,0.687378417,0
4651,mapping,put,256,10000,1,4,135168,transpose,20261005,3626324,362.632400,0.705949055,0
4652,mapping,put,256,10000,1,4,135168,shuffle,20261005,3671541,367.154100,0.697254913,0
4653,mapping,put,256,10000,1,4,262144,identity,20261005,3715378,371.537800,0.689028142,0
4654,mapping,put,256,10000,1,4,262144,reverse,20261005,3720441,372.044100,0.688090471,0
4655,mapping,put,256,10000,1,4,262144,transpose,20261005,3725591,372.559100,0.687139302,0
4656,mapping,put,256,10000,1,4,262144,shuffle,20261005,3739371,373.937100,0.684607117,0
4657,mapping,put,4096,1000,1,4,131200,identity,20261005,657705,657.705000,6.227716073,0
4658,mapping,put,4096,1000,1,4,131200,reverse,20261005,607898,607.898000,6.737972489,0
4659,mapping,put,4096,1000,1,4,131200,transpose,20261005,658758,658.758000,6.217761302,0
4660,mapping,put,4096,1000,1,4,131200,shuffle,20261005,615799,615.799000,6.651521032,0
4661,mapping,put,4096,1000,1,4,131328,identity,20261005,660781,660.781000,6.198725448,0
4662,mapping,put,4096,1000,1,4,131328,reverse,20261005,619625,619.625000,6.610449869,0
4663,mapping,put,4096,1000,1,4,131328,transpose,20261005,659437,659.437000,6.211359084,0
4664,mapping,put,4096,1000,1,4,131328,shuffle,20261005,610717,610.717000,6.706870776,0
4665,mapping,put,4096,1000,1,4,135168,identity,20261005,654629,654.629000,6.256979144,0
4666,mapping,put,4096,1000,1,4,135168,reverse,20261005,586865,586.865000,6.979458649,0
4667,mapping,put,4096,1000,1,4,135168,transpose,20261005,660695,660.695000,6.199532311,0
4668,mapping,put,4096,1000,1,4,135168,shuffle,20261005,606797,606.797000,6.750198172,0
4669,mapping,put,4096,1000,1,4,262144,identity,20261005,660800,660.800000,6.198547215,0
4670,mapping,put,4096,1000,1,4,262144,reverse,20261005,647304,647.304000,6.327784163,0
4671,mapping,put,4096,1000,1,4,262144,transpose,20261005,660685,660.685000,6.199626146,0
4672,mapping,put,4096,1000,1,4,262144,shuffle,20261005,646715,646.715000,6.333547235,0
4673,mapping,put,32768,1000,1,4,131200,identity,20261005,2111919,2111.919000,15.515746579,0
4674,mapping,put,32768,1000,1,4,131200,reverse,20261005,2174454,2174.454000,15.069530098,0
4675,mapping,put,32768,1000,1,4,131200,transpose,20261005,2132960,2132.960000,15.362688470,0
4676,mapping,put,32768,1000,1,4,131200,shuffle,20261005,2116673,2116.673000,15.480898561,0
4677,mapping,put,32768,1000,1,4,131328,identity,20261005,2108500,2108.500000,15.540905857,0
4678,mapping,put,32768,1000,1,4,131328,reverse,20261005,2096053,2096.053000,15.633192481,0
4679,mapping,put,32768,1000,1,4,131328,transpose,20261005,2108203,2108.203000,15.543095233,0
4680,mapping,put,32768,1000,1,4,131328,shuffle,20261005,2137587,2137.587000,15.329434545,0
4681,mapping,put,32768,1000,1,4,135168,identity,20261005,2125311,2125.311000,15.417978828,0
4682,mapping,put,32768,1000,1,4,135168,reverse,20261005,2104429,2104.429000,15.570969607,0
4683,mapping,put,32768,1000,1,4,135168,transpose,20261005,2115570,2115.570000,15.488969876,0
4684,mapping,put,32768,1000,1,4,135168,shuffle,20261005,2066508,2066.508000,15.856701256,0
4685,mapping,put,32768,1000,1,4,262144,identity,20261005,2109798,2109.798000,15.531344707,0
4686,mapping,put,32768,1000,1,4,262144,reverse,20261005,2116469,2116.469000,15.482390718,0
4687,mapping,put,32768,1000,1,4,262144,transpose,20261005,2107247,2107.247000,15.550146708,0
4688,mapping,put,32768,1000,1,4,262144,shuffle,20261005,2103767,2103.767000,15.575869381,0
4689,mapping,put,65536,1000,1,4,131200,identity,20261005,3749686,3749.686000,17.477730135,0
4690,mapping,put,65536,1000,1,4,131200,reverse,20261005,3750599,3750.599000,17.473475570,0
4691,mapping,put,65536,1000,1,4,131200,transpose,20261005,3746625,3746.625000,17.492009475,0
4692,mapping,put,65536,1000,1,4,131200,shuffle,20261005,3750323,3750.323000,17.474761507,0
4693,mapping,put,65536,1000,1,4,131328,identity,20261005,3747248,3747.248000,17.489101335,0
4694,mapping,put,65536,1000,1,4,131328,reverse,20261005,3747555,3747.555000,17.487668627,0
4695,mapping,put,65536,1000,1,4,131328,transpose,20261005,3747655,3747.655000,17.487201997,0
4696,mapping,put,65536,1000,1,4,131328,shuffle,20261005,3746361,3746.361000,17.493242109,0
4697,mapping,put,65536,1000,1,4,135168,identity,20261005,3746810,3746.810000,17.491145801,0
4698,mapping,put,65536,1000,1,4,135168,reverse,20261005,3747360,3747.360000,17.488578626,0
4699,mapping,put,65536,1000,1,4,135168,transpose,20261005,3747580,3747.580000,17.487551967,0
4700,mapping,put,65536,1000,1,4,135168,shuffle,20261005,3746254,3746.254000,17.493741748,0
4701,mapping,put,65536,1000,1,4,262144,identity,20261005,3747245,3747.245000,17.489115337,0
4702,mapping,put,65536,1000,1,4,262144,reverse,20261005,3747323,3747.323000,17.488751303,0
4703,mapping,put,65536,1000,1,4,262144,transpose,20261005,3747453,3747.453000,17.488144614,0
4704,mapping,put,65536,1000,1,4,262144,shuffle,20261005,3747256,3747.256000,17.489063998,0
4705,mapping,put,98304,1000,1,4,131200,identity,20261005,5496219,5496.219000,17.885750186,0
4706,mapping,put,98304,1000,1,4,131200,reverse,20261005,5496585,5496.585000,17.884559231,0
4707,mapping,put,98304,1000,1,4,131200,transpose,20261005,5496750,5496.750000,17.884022377,0
4708,mapping,put,98304,1000,1,4,131200,shuffle,20261005,5496596,5496.596000,17.884523440,0
4709,mapping,put,98304,1000,1,4,131328,identity,20261005,5495425,5495.425000,17.888334387,0
4710,mapping,put,98304,1000,1,4,131328,reverse,20261005,5497363,5497.363000,17.882028165,0
4711,mapping,put,98304,1000,1,4,131328,transpose,20261005,5495884,5495.884000,17.886840406,0
4712,mapping,put,98304,1000,1,4,131328,shuffle,20261005,5496727,5496.727000,17.884097209,0
4713,mapping,put,98304,1000,1,4,135168,identity,20261005,5497318,5497.318000,17.882174544,0
4714,mapping,put,98304,1000,1,4,135168,reverse,20261005,5496625,5496.625000,17.884429081,0
4715,mapping,put,98304,1000,1,4,135168,transpose,20261005,5497231,5497.231000,17.882457550,0
4716,mapping,put,98304,1000,1,4,135168,shuffle,20261005,5496264,5496.264000,17.885603748,0
4717,mapping,put,98304,1000,1,4,262144,identity,20261005,5496907,5496.907000,17.883511582,0
4718,mapping,put,98304,1000,1,4,262144,reverse,20261005,5496809,5496.809000,17.883830419,0
4719,mapping,put,98304,1000,1,4,262144,transpose,20261005,5496201,5496.201000,17.885808761,0
4720,mapping,put,98304,1000,1,4,262144,shuffle,20261005,5497365,5497.365000,17.882021659,0
4721,mapping,put,131072,1000,1,4,131200,identity,20261005,7240162,7240.162000,18.103462326,0
4722,mapping,put,131072,1000,1,4,131200,reverse,20261005,7241143,7241.143000,18.101009744,0
4723,mapping,put,131072,1000,1,4,131200,transpose,20261005,7239266,7239.266000,18.105702981,0
4724,mapping,put,131072,1000,1,4,131200,shuffle,20261005,7241079,7241.079000,18.101169729,0
4725,mapping,put,131072,1000,1,4,131328,identity,20261005,7238528,7238.528000,18.107548938,0
4726,mapping,put,131072,1000,1,4,131328,reverse,20261005,7239338,7239.338000,18.105522908,0
4727,mapping,put,131072,1000,1,4,131328,transpose,20261005,7239901,7239.901000,18.104114960,0
4728,mapping,put,131072,1000,1,4,131328,shuffle,20261005,7239554,7239.554000,18.104982710,0
4729,mapping,put,131072,1000,1,4,135168,identity,20261005,7240014,7240.014000,18.103832396,0
4730,mapping,put,131072,1000,1,4,135168,reverse,20261005,7240536,7240.536000,18.102527216,0
4731,mapping,put,131072,1000,1,4,135168,transpose,20261005,7238921,7238.921000,18.106565882,0
4732,mapping,put,131072,1000,1,4,135168,shuffle,20261005,7239106,7239.106000,18.106103157,0
4733,mapping,put,131072,1000,1,4,262144,identity,20261005,7238592,7238.592000,18.107388840,0
4734,mapping,put,131072,1000,1,4,262144,reverse,20261005,7240774,7240.774000,18.101932197,0
4735,mapping,put,131072,1000,1,4,262144,transpose,20261005,7239002,7239.002000,18.106363280,0
4736,mapping,put,131072,1000,1,4,262144,shuffle,20261005,7239284,7239.284000,18.105657963,0
4737,mapping,put,64,10000,2,0,131200,identity,20261005,2400337,240.033700,0.533258455,0
4738,mapping,put,64,10000,2,0,131200,reverse,20261005,2409258,240.925800,0.531283906,0
4739,mapping,put,64,10000,2,0,131200,transpose,20261005,2402341,240.234100,0.532813618,0
4740,mapping,put,64,10000,2,0,131200,shuffle,20261005,2415324,241.532400,0.529949605,0
4741,mapping,put,64,10000,2,0,131328,identity,20261005,2410233,241.023300,0.531068988,0
4742,mapping,put,64,10000,2,0,131328,reverse,20261005,2408256,240.825600,0.531504956,0
4743,mapping,put,64,10000,2,0,131328,transpose,20261005,3719112,371.911200,0.344168178,0
4744,mapping,put,64,10000,2,0,131328,shuffle,20261005,2408867,240.886700,0.531370142,0
4745,mapping,put,64,10000,2,0,135168,identity,20261005,2402759,240.275900,0.532720926,0
4746,mapping,put,64,10000,2,0,135168,reverse,20261005,2403640,240.364000,0.532525669,0
4747,mapping,put,64,10000,2,0,135168,transpose,20261005,2400404,240.040400,0.533243571,0
4748,mapping,put,64,10000,2,0,135168,shuffle,20261005,2401340,240.134000,0.533035722,0
4749,mapping,put,64,10000,2,0,262144,identity,20261005,2402512,240.251200,0.532775695,0
4750,mapping,put,64,10000,2,0,262144,reverse,20261005,2403712,240.371200,0.532509718,0
4751,mapping,put,64,10000,2,0,262144,transpose,20261005,2402801,240.280100,0.532711614,0
4752,mapping,put,64,10000,2,0,262144,shuffle,20261005,2401191,240.119100,0.533068798,0
4753,mapping,put,128,10000,2,0,131200,identity,20261005,2440242,244.024200,1.049076280,0
4754,mapping,put,128,10000,2,0,131200,reverse,20261005,2458451,245.845100,1.041306091,0
4755,mapping,put,128,10000,2,0,131200,transpose,20261005,2433210,243.321000,1.052108121,0
4756,mapping,put,128,10000,2,0,131200,shuffle,20261005,2421502,242.150200,1.057195080,0
4757,mapping,put,128,10000,2,0,131328,identity,20261005,2451080,245.108000,1.044437554,0
4758,mapping,put,128,10000,2,0,131328,reverse,20261005,2455721,245.572100,1.042463700,0
4759,mapping,put,128,10000,2,0,131328,transpose,20261005,2423413,242.341300,1.056361421,0
4760,mapping,put,128,10000,2,0,131328,shuffle,20261005,2459890,245.989000,1.040696942,0
4761,mapping,put,128,10000,2,0,135168,identity,20261005,2445368,244.536800,1.046877198,0
4762,mapping,put,128,10000,2,0,135168,reverse,20261005,2426152,242.615200,1.055168844,0
4763,mapping,put,128,10000,2,0,135168,transpose,20261005,2422065,242.206500,1.056949339,0
4764,mapping,put,128,10000,2,0,135168,shuffle,20261005,2418030,241.803000,1.058713085,0
4765,mapping,put,128,10000,2,0,262144,identity,20261005,2428851,242.885100,1.053996313,0
4766,mapping,put,128,10000,2,0,262144,reverse,20261005,2452112,245.211200,1.043997990,0
4767,mapping,put,128,10000,2,0,262144,transpose,20261005,2442695,244.269500,1.048022778,0
4768,mapping,put,128,10000,2,0,262144,shuffle,20261005,2439672,243.967200,1.049321384,0
4769,mapping,put,256,10000,2,0,131200,identity,20261005,2533550,253.355000,2.020879793,0
4770,mapping,put,256,10000,2,0,131200,reverse,20261005,2533861,253.386100,2.020631755,0
4771,mapping,put,256,10000,2,0,131200,transpose,20261005,2527015,252.701500,2.026105900,0
4772,mapping,put,256,10000,2,0,131200,shuffle,20261005,2533114,253.311400,2.021227627,0
4773,mapping,put,256,10000,2,0,131328,identity,20261005,2533074,253.307400,2.021259545,0
4774,mapping,put,256,10000,2,0,131328,reverse,20261005,2535062,253.506200,2.019674470,0
4775,mapping,put,256,10000,2,0,131328,transpose,20261005,2525706,252.570600,2.027155971,0
4776,mapping,put,256,10000,2,0,131328,shuffle,20261005,2533708,253.370800,2.020753773,0
4777,mapping,put,256,10000,2,0,135168,identity,20261005,2525471,252.547100,2.027344602,0
4778,mapping,put,256,10000,2,0,135168,reverse,20261005,2528153,252.815300,2.025193887,0
4779,mapping,put,256,10000,2,0,135168,transpose,20261005,2526601,252.660100,2.026437890,0
4780,mapping,put,256,10000,2,0,135168,shuffle,20261005,2526019,252.601900,2.026904786,0
4781,mapping,put,256,10000,2,0,262144,identity,20261005,2526687,252.668700,2.026368917,0
4782,mapping,put,256,10000,2,0,262144,reverse,20261005,2526383,252.638300,2.026612750,0
4783,mapping,put,256,10000,2,0,262144,transpose,20261005,2526273,252.627300,2.026700994,0
4784,mapping,put,256,10000,2,0,262144,shuffle,20261005,2526245,252.624500,2.026723457,0
4785,mapping,put,4096,1000,2,0,131200,identity,20261005,471417,471.417000,17.377396233,0
4786,mapping,put,4096,1000,2,0,131200,reverse,20261005,468566,468.566000,17.483129378,0
4787,mapping,put,4096,1000,2,0,131200,transpose,20261005,472326,472.326000,17.343953117,0
4788,mapping,put,4096,1000,2,0,131200,shuffle,20261005,475625,475.625000,17.223653088,0
4789,mapping,put,4096,1000,2,0,131328,identity,20261005,470350,470.350000,17.416817264,0
4790,mapping,put,4096,1000,2,0,131328,reverse,20261005,470935,470.935000,17.395181925,0
4791,mapping,put,4096,1000,2,0,131328,transpose,20261005,472352,472.352000,17.342998442,0
4792,mapping,put,4096,1000,2,0,131328,shuffle,20261005,471244,471.244000,17.383775709,0
4793,mapping,put,4096,1000,2,0,135168,identity,20261005,470468,470.468000,17.412448881,0
4794,mapping,put,4096,1000,2,0,135168,reverse,20261005,470276,470.276000,17.419557877,0
4795,mapping,put,4096,1000,2,0,135168,transpose,20261005,471493,471.493000,17.374595169,0
4796,mapping,put,4096,1000,2,0,135168,shuffle,20261005,471350,471.350000,17.379866341,0
4797,mapping,put,4096,1000,2,0,262144,identity,20261005,472012,472.012000,17.355490962,0
4798,mapping,put,4096,1000,2,0,262144,reverse,20261005,471642,471.642000,17.369106229,0
4799,mapping,put,4096,1000,2,0,262144,transpose,20261005,472938,472.938000,17.321509373,0
4800,mapping,put,4096,1000,2,0,262144,shuffle,20261005,472095,472.095000,17.352439657,0
4801,mapping,put,32768,1000,2,0,131200,identity,20261005,3504659,3504.659000,18.699679484,0
4802,mapping,put,32768,1000,2,0,131200,reverse,20261005,3505415,3505.415000,18.695646592,0
4803,mapping,put,32768,1000,2,0,131200,transpose,20261005,3511734,3511.734000,18.662005721,0
4804,mapping,put,32768,1000,2,0,131200,shuffle,20261005,3509775,3509.775000,18.672422021,0
4805,mapping,put,32768,1000,2,0,131328,identity,20261005,3505688,3505.688000,18.694190698,0
4806,mapping,put,32768,1000,2,0,131328,reverse,20261005,3505063,3505.063000,18.697524124,0
4807,mapping,put,32768,1000,2,0,131328,transpose,20261005,3511331,3511.331000,18.664147584,0
4808,mapping,put,32768,1000,2,0,131328,shuffle,20261005,3511129,3511.129000,18.665221358,0
4809,mapping,put,32768,1000,2,0,135168,identity,20261005,3506338,3506.338000,18.690725195,0
4810,mapping,put,32768,1000,2,0,135168,reverse,20261005,3504653,3504.653000,18.699711498,0
4811,mapping,put,32768,1000,2,0,135168,transpose,20261005,3511422,3511.422000,18.663663895,0
4812,mapping,put,32768,1000,2,0,135168,shuffle,20261005,3510867,3510.867000,18.666614258,0
4813,mapping,put,32768,1000,2,0,262144,identity,20261005,3510460,3510.460000,18.668778451,0
4814,mapping,put,32768,1000,2,0,262144,reverse,20261005,3509027,3509.027000,18.676402319,0
4815,mapping,put,32768,1000,2,0,262144,transpose,20261005,3511116,3511.116000,18.665290466,0
4816,mapping,put,32768,1000,2,0,262144,shuffle,20261005,3510504,3510.504000,18.668544460,0
4817,mapping,put,65536,1000,2,0,131200,identity,20261005,6997363,6997.363000,18.731627900,0
4818,mapping,put,65536,1000,2,0,131200,reverse,20261005,6996835,6996.835000,18.733041439,0
4819,mapping,put,65536,1000,2,0,131200,transpose,20261005,7001785,7001.785000,18.719797880,0
4820,mapping,put,65536,1000,2,0,131200,shuffle,20261005,7002593,7002.593000,18.717637881,0
4821,mapping,put,65536,1000,2,0,131328,identity,20261005,6996900,6996.900000,18.732867413,0
4822,mapping,put,65536,1000,2,0,131328,reverse,20261005,6997771,6997.771000,18.730535766,0
4823,mapping,put,65536,1000,2,0,131328,transpose,20261005,7002230,7002.230000,18.718608215,0
4824,mapping,put,65536,1000,2,0,131328,shuffle,20261005,7002430,7002.430000,18.718073583,0
4825,mapping,put,65536,1000,2,0,135168,identity,20261005,6997024,6997.024000,18.732535432,0
4826,mapping,put,65536,1000,2,0,135168,reverse,20261005,6996949,6996.949000,18.732736225,0
4827,mapping,put,65536,1000,2,0,135168,transpose,20261005,7002730,7002.730000,18.717271693,0
4828,mapping,put,65536,1000,2,0,135168,shuffle,20261005,7001287,7001.287000,18.721129415,0
4829,mapping,put,65536,1000,2,0,262144,identity,20261005,6999641,6999.641000,18.725531781,0
4830,mapping,put,65536,1000,2,0,262144,reverse,20261005,7004476,7004.476000,18.712606054,0
4831,mapping,put,65536,1000,2,0,262144,transpose,20261005,7002008,7002.008000,18.719201692,0
4832,mapping,put,65536,1000,2,0,262144,shuffle,20261005,7003578,7003.578000,18.715005387,0
4833,mapping,put,98304,1000,2,0,131200,identity,20261005,10487190,10487.190000,18.747443309,0
4834,mapping,put,98304,1000,2,0,131200,reverse,20261005,10488317,10488.317000,18.745428842,0
4835,mapping,put,98304,1000,2,0,131200,transpose,20261005,10494930,10494.930000,18.733617089,0
4836,mapping,put,98304,1000,2,0,131200,shuffle,20261005,10494916,10494.916000,18.733642080,0
4837,mapping,put,98304,1000,2,0,131328,identity,20261005,10488655,10488.655000,18.744824765,0
4838,mapping,put,98304,1000,2,0,131328,reverse,20261005,10488878,10488.878000,18.744426239,0
4839,mapping,put,98304,1000,2,0,131328,transpose,20261005,10492315,10492.315000,18.738286069,0
4840,mapping,put,98304,1000,2,0,131328,shuffle,20261005,10492163,10492.163000,18.738557531,0
4841,mapping,put,98304,1000,2,0,135168,identity,20261005,10488359,10488.359000,18.745353777,0
4842,mapping,put,98304,1000,2,0,135168,reverse,20261005,10487743,10487.743000,18.746454790,0
4843,mapping,put,98304,1000,2,0,135168,transpose,20261005,10491273,10491.273000,18.740147168,0
4844,mapping,put,98304,1000,2,0,135168,shuffle,20261005,10490840,10490.840000,18.740920651,0
4845,mapping,put,98304,1000,2,0,262144,identity,20261005,10491211,10491.211000,18.740257917,0
4846,mapping,put,98304,1000,2,0,262144,reverse,20261005,10491182,10491.182000,18.740309719,0
4847,mapping,put,98304,1000,2,0,262144,transpose,20261005,10492475,10492.475000,18.738000329,0
4848,mapping,put,98304,1000,2,0,262144,shuffle,20261005,10492882,10492.882000,18.737273516,0
4849,mapping,put,131072,1000,2,0,131200,identity,20261005,13980140,13980.140000,18.751171304,0
4850,mapping,put,131072,1000,2,0,131200,reverse,20261005,13981944,13981.944000,18.748751962,0
4851,mapping,put,131072,1000,2,0,131200,transpose,20261005,13984081,13984.081000,18.745886841,0
4852,mapping,put,131072,1000,2,0,131200,shuffle,20261005,13983947,13983.947000,18.746066472,0
4853,mapping,put,131072,1000,2,0,131328,identity,20261005,13981259,13981.259000,18.749670541,0
4854,mapping,put,131072,1000,2,0,131328,reverse,20261005,13982274,13982.274000,18.748309467,0
4855,mapping,put,131072,1000,2,0,131328,transpose,20261005,13983781,13983.781000,18.746289004,0
4856,mapping,put,131072,1000,2,0,131328,shuffle,20261005,13985170,13985.170000,18.744427132,0
4857,mapping,put,131072,1000,2,0,135168,identity,20261005,13981087,13981.087000,18.749901206,0
4858,mapping,put,131072,1000,2,0,135168,reverse,20261005,13980908,13980.908000,18.750141264,0
4859,mapping,put,131072,1000,2,0,135168,transpose,20261005,13985879,13985.879000,18.743476903,0
4860,mapping,put,131072,1000,2,0,135168,shuffle,20261005,13984830,13984.830000,18.744882848,0
4861,mapping,put,131072,1000,2,0,262144,identity,20261005,13983006,13983.006000,18.747328007,0
4862,mapping,put,131072,1000,2,0,262144,reverse,20261005,13986675,13986.675000,18.742410187,0
4863,mapping,put,131072,1000,2,0,262144,transpose,20261005,13984146,13984.146000,18.745799708,0
4864,mapping,put,131072,1000,2,0,262144,shuffle,20261005,13983231,13983.231000,18.747026349,0
4865,mapping,put,64,10000,2,4,131200,identity,20261005,3666706,366.670600,0.349087164,0
4866,mapping,put,64,10000,2,4,131200,reverse,20261005,3704606,370.460600,0.345515825,0
4867,mapping,put,64,10000,2,4,131200,transpose,20261005,4065349,406.534900,0.314856117,0
4868,mapping,put,64,10000,2,4,131200,shuffle,20261005,3671755,367.175500,0.348607137,0
4869,mapping,put,64,10000,2,4,131328,identity,20261005,3666528,366.652800,0.349104112,0
4870,mapping,put,64,10000,2,4,131328,reverse,20261005,4482139,448.213900,0.285577935,0
4871,mapping,put,64,10000,2,4,131328,transpose,20261005,7377311,737.731100,0.173504953,0
4872,mapping,put,64,10000,2,4,131328,shuffle,20261005,3686631,368.663100,0.347200466,0
4873,mapping,put,64,10000,2,4,135168,identity,20261005,3712295,371.229500,0.344800184,0
4874,mapping,put,64,10000,2,4,135168,reverse,20261005,3726143,372.614300,0.343518754,0
4875,mapping,put,64,10000,2,4,135168,transpose,20261005,3727063,372.706300,0.343433959,0
4876,mapping,put,64,10000,2,4,135168,shuffle,20261005,3703974,370.397400,0.345574780,0
4877,mapping,put,64,10000,2,4,262144,identity,20261005,3714091,371.409100,0.344633451,0
4878,mapping,put,64,10000,2,4,262144,reverse,20261005,3708852,370.885200,0.345120269,0
4879,mapping,put,64,10000,2,4,262144,transpose,20261005,3697903,369.790300,0.346142124,0
4880,mapping,put,64,10000,2,4,262144,shuffle,20261005,3734863,373.486300,0.342716721,0
4881,mapping,put,128,10000,2,4,131200,identity,20261005,4198567,419.856700,0.609731844,0
4882,mapping,put,128,10000,2,4,131200,reverse,20261005,4156582,415.658200,0.615890652,0
4883,mapping,put,128,10000,2,4,131200,transpose,20261005,4323796,432.379600,0.592072336,0
4884,mapping,put,128,10000,2,4,131200,shuffle,20261005,4077559,407.755900,0.627826599,0
4885,mapping,put,128,10000,2,4,131328,identity,20261005,4047032,404.703200,0.632562332,0
4886,mapping,put,128,10000,2,4,131328,reverse,20261005,6582764,658.276400,0.388894391,0
4887,mapping,put,128,10000,2,4,131328,transpose,20261005,7576511,757.651100,0.337886397,0
4888,mapping,put,128,10000,2,4,131328,shuffle,20261005,4034367,403.436700,0.634548121,0
4889,mapping,put,128,10000,2,4,135168,identity,20261005,3958913,395.891300,0.646642146,0
4890,mapping,put,128,10000,2,4,135168,reverse,20261005,3898013,389.801300,0.656744859,0
4891,mapping,put,128,10000,2,4,135168,transpose,20261005,3882026,388.202600,0.659449473,0
4892,mapping,put,128,10000,2,4,135168,shuffle,20261005,3978143,397.814300,0.643516334,0
4893,mapping,put,128,10000,2,4,262144,identity,20261005,4011188,401.118800,0.638214913,0
4894,mapping,put,128,10000,2,4,262144,reverse,20261005,4021744,402.174400,0.636539770,0
4895,mapping,put,128,10000,2,4,262144,transpose,20261005,4016537,401.653700,0.637364974,0
4896,mapping,put,128,10000,2,4,262144,shuffle,20261005,3912005,391.200500,0.654395892,0
4897,mapping,put,256,10000,2,4,131200,identity,20261005,3793955,379.395500,1.349515216,0
4898,mapping,put,256,10000,2,4,131200,reverse,20261005,4094272,409.427200,1.250527566,0
4899,mapping,put,256,10000,2,4,131200,transpose,20261005,4093152,409.315200,1.250869745,0
4900,mapping,put,256,10000,2,4,131200,shuffle,20261005,3905460,390.546000,1.310985134,0
4901,mapping,put,256,10000,2,4,131328,identity,20261005,3739572,373.957200,1.369140640,0
4902,mapping,put,256,10000,2,4,131328,reverse,20261005,6204559,620.455900,0.825199664,0
4903,mapping,put,256,10000,2,4,131328,transpose,20261005,7976919,797.691900,0.641851823,0
4904,mapping,put,256,10000,2,4,131328,shuffle,20261005,5718444,571.844400,0.895348455,0
4905,mapping,put,256,10000,2,4,135168,identity,20261005,3771680,377.168000,1.357485259,0
4906,mapping,put,256,10000,2,4,135168,reverse,20261005,4352110,435.211000,1.176440853,0
4907,mapping,put,256,10000,2,4,135168,transpose,20261005,3773694,377.369400,1.356760776,0
4908,mapping,put,256,10000,2,4,135168,shuffle,20261005,3783342,378.334200,1.353300865,0
4909,mapping,put,256,10000,2,4,262144,identity,20261005,3802208,380.220800,1.346585984,0
4910,mapping,put,256,10000,2,4,262144,reverse,20261005,3774864,377.486400,1.356340255,0
4911,mapping,put,256,10000,2,4,262144,transpose,20261005,3783883,378.388300,1.353107377,0
4912,mapping,put,256,10000,2,4,262144,shuffle,20261005,3779223,377.922300,1.354775836,0
4913,mapping,put,4096,1000,2,4,131200,identity,20261005,940355,940.355000,8.711603597,0
4914,mapping,put,4096,1000,2,4,131200,reverse,20261005,899996,899.996000,9.102262677,0
4915,mapping,put,4096,1000,2,4,131200,transpose,20261005,1118926,1118.926000,7.321306324,0
4916,mapping,put,4096,1000,2,4,131200,shuffle,20261005,1096006,1096.006000,7.474411636,0
4917,mapping,put,4096,1000,2,4,131328,identity,20261005,905294,905.294000,9.048994028,0
4918,mapping,put,4096,1000,2,4,131328,reverse,20261005,1043951,1043.951000,7.847111598,0
4919,mapping,put,4096,1000,2,4,131328,transpose,20261005,1451286,1451.286000,5.644648953,0
4920,mapping,put,4096,1000,2,4,131328,shuffle,20261005,1271580,1271.580000,6.442378773,0
4921,mapping,put,4096,1000,2,4,135168,identity,20261005,951803,951.803000,8.606823051,0
4922,mapping,put,4096,1000,2,4,135168,reverse,20261005,868859,868.859000,9.428457322,0
4923,mapping,put,4096,1000,2,4,135168,transpose,20261005,1049068,1049.068000,7.808836034,0
4924,mapping,put,4096,1000,2,4,135168,shuffle,20261005,1113647,1113.647000,7.356011375,0
4925,mapping,put,4096,1000,2,4,262144,identity,20261005,1107086,1107.086000,7.399605812,0
4926,mapping,put,4096,1000,2,4,262144,reverse,20261005,1066519,1066.519000,7.681063347,0
4927,mapping,put,4096,1000,2,4,262144,transpose,20261005,1115548,1115.548000,7.343476032,0
4928,mapping,put,4096,1000,2,4,262144,shuffle,20261005,1051924,1051.924000,7.787634848,0
4929,mapping,put,32768,1000,2,4,131200,identity,20261005,3561316,3561.316000,18.402186158,0
4930,mapping,put,32768,1000,2,4,131200,reverse,20261005,3569361,3569.361000,18.360709382,0
4931,mapping,put,32768,1000,2,4,131200,transpose,20261005,3605950,3605.950000,18.174406190,0
4932,mapping,put,32768,1000,2,4,131200,shuffle,20261005,3575219,3575.219000,18.330625341,0
4933,mapping,put,32768,1000,2,4,131328,identity,20261005,3547430,3547.430000,18.474219364,0
4934,mapping,put,32768,1000,2,4,131328,reverse,20261005,4397485,4397.485000,14.903063910,0
4935,mapping,put,32768,1000,2,4,131328,transpose,20261005,3964719,3964.719000,16.529796941,0
4936,mapping,put,32768,1000,2,4,131328,shuffle,20261005,3583272,3583.272000,18.289429326,0
4937,mapping,put,32768,1000,2,4,135168,identity,20261005,3545483,3545.483000,18.484364472,0
4938,mapping,put,32768,1000,2,4,135168,reverse,20261005,3548998,3548.998000,18.466057180,0
4939,mapping,put,32768,1000,2,4,135168,transpose,20261005,3568635,3568.635000,18.364444669,0
4940,mapping,put,32768,1000,2,4,135168,shuffle,20261005,3567273,3567.273000,18.371456292,0
4941,mapping,put,32768,1000,2,4,262144,identity,20261005,3567226,3567.226000,18.371698345,0
4942,mapping,put,32768,1000,2,4,262144,reverse,20261005,3571361,3571.361000,18.350427190,0
4943,mapping,put,32768,1000,2,4,262144,transpose,20261005,3568570,3568.570000,18.364779169,0
4944,mapping,put,32768,1000,2,4,262144,shuffle,20261005,3563404,3563.404000,18.391403276,0
4945,mapping,put,65536,1000,2,4,131200,identity,20261005,7009964,7009.964000,18.697956223,0
4946,mapping,put,65536,1000,2,4,131200,reverse,20261005,7008374,7008.374000,18.702198256,0
4947,mapping,put,65536,1000,2,4,131200,transpose,20261005,7022552,7022.552000,18.664439936,0
4948,mapping,put,65536,1000,2,4,131200,shuffle,20261005,7020679,7020.679000,18.669419297,0
4949,mapping,put,65536,1000,2,4,131328,identity,20261005,7009576,7009.576000,18.698991209,0
4950,mapping,put,65536,1000,2,4,131328,reverse,20261005,7043414,7043.414000,18.609157434,0
4951,mapping,put,65536,1000,2,4,131328,transpose,20261005,7037029,7037.029000,18.626042326,0
4952,mapping,put,65536,1000,2,4,131328,shuffle,20261005,7023543,7023.543000,18.661806442,0
4953,mapping,put,65536,1000,2,4,135168,identity,20261005,7009760,7009.760000,18.698500377,0
4954,mapping,put,65536,1000,2,4,135168,reverse,20261005,7008588,7008.588000,18.701627204,0
4955,mapping,put,65536,1000,2,4,135168,transpose,20261005,7018793,7018.793000,18.674435904,0
4956,mapping,put,65536,1000,2,4,135168,shuffle,20261005,7018080,7018.080000,18.676333128,0
4957,mapping,put,65536,1000,2,4,262144,identity,20261005,7016961,7016.961000,18.679311457,0
4958,mapping,put,65536,1000,2,4,262144,reverse,20261005,7017918,7017.918000,18.676764248,0
4959,mapping,put,65536,1000,2,4,262144,transpose,20261005,7015245,7015.245000,18.683880606,0
4960,mapping,put,65536,1000,2,4,262144,shuffle,20261005,7017577,7017.577000,18.677671795,0
4961,mapping,put,98304,1000,2,4,131200,identity,20261005,10500080,10500.080000,18.724428766,0
4962,mapping,put,98304,1000,2,4,131200,reverse,20261005,10499374,10499.374000,18.725687836,0
4963,mapping,put,98304,1000,2,4,131200,transpose,20261005,10505479,10505.479000,18.714805865,0
4964,mapping,put,98304,1000,2,4,131200,shuffle,20261005,10510104,10510.104000,18.706570363,0
4965,mapping,put,98304,1000,2,4,131328,identity,20261005,10499475,10499.475000,18.725507704,0
4966,mapping,put,98304,1000,2,4,131328,reverse,20261005,10502448,10502.448000,18.720206946,0
4967,mapping,put,98304,1000,2,4,131328,transpose,20261005,10509067,10509.067000,18.708416266,0
4968,mapping,put,98304,1000,2,4,131328,shuffle,20261005,10509771,10509.771000,18.707163077,0
4969,mapping,put,98304,1000,2,4,135168,identity,20261005,10499106,10499.106000,18.726165828,0
4970,mapping,put,98304,1000,2,4,135168,reverse,20261005,10498686,10498.686000,18.726914968,0
4971,mapping,put,98304,1000,2,4,135168,transpose,20261005,10506831,10506.831000,18.712397677,0
4972,mapping,put,98304,1000,2,4,135168,shuffle,20261005,10507219,10507.219000,18.711706685,0
4973,mapping,put,98304,1000,2,4,262144,identity,20261005,10504073,10504.073000,18.717310895,0
4974,mapping,put,98304,1000,2,4,262144,reverse,20261005,10505134,10505.134000,18.715420479,0
4975,mapping,put,98304,1000,2,4,262144,transpose,20261005,10504185,10504.185000,18.717111323,0
4976,mapping,put,98304,1000,2,4,262144,shuffle,20261005,10505909,10505.909000,18.714039880,0
4977,mapping,put,131072,1000,2,4,131200,identity,20261005,13992419,13992.419000,18.734716277,0
4978,mapping,put,131072,1000,2,4,131200,reverse,20261005,13994052,13994.052000,18.732530078,0
4979,mapping,put,131072,1000,2,4,131200,transpose,20261005,13995542,13995.542000,18.730535766,0
4980,mapping,put,131072,1000,2,4,131200,shuffle,20261005,13998620,13998.620000,18.726417318,0
4981,mapping,put,131072,1000,2,4,131328,identity,20261005,13992978,13992.978000,18.733967852,0
4982,mapping,put,131072,1000,2,4,131328,reverse,20261005,13991126,13991.126000,18.736447660,0
4983,mapping,put,131072,1000,2,4,131328,transpose,20261005,13999465,13999.465000,18.725287002,0
4984,mapping,put,131072,1000,2,4,131328,shuffle,20261005,13996458,13996.458000,18.729309944,0
4985,mapping,put,131072,1000,2,4,135168,identity,20261005,13993279,13993.279000,18.733564878,0
4986,mapping,put,131072,1000,2,4,135168,reverse,20261005,13992177,13992.177000,18.735040301,0
4987,mapping,put,131072,1000,2,4,135168,transpose,20261005,13994833,13994.833000,18.731484684,0
4988,mapping,put,131072,1000,2,4,135168,shuffle,20261005,13996005,13996.005000,18.729916144,0
4989,mapping,put,131072,1000,2,4,262144,identity,20261005,13994991,13994.991000,18.731273211,0
4990,mapping,put,131072,1000,2,4,262144,reverse,20261005,13996133,13996.133000,18.729744852,0
4991,mapping,put,131072,1000,2,4,262144,transpose,20261005,13996005,13996.005000,18.729916144,0
4992,mapping,put,131072,1000,2,4,262144,shuffle,20261005,13993692,13993.692000,18.733011989,0
4993,mapping,put,64,10000,4,0,131200,identity,20261005,3728675,372.867500,0.686570967,0
4994,mapping,put,64,10000,4,0,131200,reverse,20261005,3743876,374.387600,0.683783330,0
4995,mapping,put,64,10000,4,0,131200,transpose,20261005,2406197,240.619700,1.063919538,0
4996,mapping,put,64,10000,4,0,131200,shuffle,20261005,2421704,242.170400,1.057106897,0
4997,mapping,put,64,10000,4,0,131328,identity,20261005,3870876,387.087600,0.661349007,0
4998,mapping,put,64,10000,4,0,131328,reverse,20261005,4595109,459.510900,0.557114097,0
4999,mapping,put,64,10000,4,0,131328,transpose,20261005,3850518,385.051800,0.664845613,0
5000,mapping,put,64,10000,4,0,131328,shuffle,20261005,2414058,241.405800,1.060455051,0
5001,mapping,put,64,10000,4,0,135168,identity,20261005,2408213,240.821300,1.063028893,0
5002,mapping,put,64,10000,4,0,135168,reverse,20261005,2408577,240.857700,1.062868241,0
5003,mapping,put,64,10000,4,0,135168,transpose,20261005,2406219,240.621900,1.063909810,0
5004,mapping,put,64,10000,4,0,135168,shuffle,20261005,3754153,375.415300,0.681911472,0
5005,mapping,put,64,10000,4,0,262144,identity,20261005,2407820,240.782000,1.063202399,0
5006,mapping,put,64,10000,4,0,262144,reverse,20261005,2406305,240.630500,1.063871787,0
5007,mapping,put,64,10000,4,0,262144,transpose,20261005,2408451,240.845100,1.062923846,0
5008,mapping,put,64,10000,4,0,262144,shuffle,20261005,2406203,240.620300,1.063916885,0
5009,mapping,put,128,10000,4,0,131200,identity,20261005,2469889,246.988900,2.072967652,0
5010,mapping,put,128,10000,4,0,131200,reverse,20261005,2461207,246.120700,2.080280123,0
5011,mapping,put,128,10000,4,0,131200,transpose,20261005,2462180,246.218000,2.079458041,0
5012,mapping,put,128,10000,4,0,131200,shuffle,20261005,2466453,246.645300,2.075855490,0
5013,mapping,put,128,10000,4,0,131328,identity,20261005,2464702,246.470200,2.077330241,0
5014,mapping,put,128,10000,4,0,131328,reverse,20261005,2465643,246.564300,2.076537439,0
5015,mapping,put,128,10000,4,0,131328,transpose,20261005,2463730,246.373000,2.078149797,0
5016,mapping,put,128,10000,4,0,131328,shuffle,20261005,2465536,246.553600,2.076627557,0
5017,mapping,put,128,10000,4,0,135168,identity,20261005,2464142,246.414200,2.077802334,0
5018,mapping,put,128,10000,4,0,135168,reverse,20261005,2465799,246.579900,2.076406066,0
5019,mapping,put,128,10000,4,0,135168,transpose,20261005,2461933,246.193300,2.079666668,0
5020,mapping,put,128,10000,4,0,135168,shuffle,20261005,2463260,246.326000,2.078546317,0
5021,mapping,put,128,10000,4,0,262144,identity,20261005,2462847,246.284700,2.078894872,0
5022,mapping,put,128,10000,4,0,262144,reverse,20261005,2463041,246.304100,2.078731130,0
5023,mapping,put,128,10000,4,0,262144,transpose,20261005,2465052,246.505200,2.077035292,0
5024,mapping,put,128,10000,4,0,262144,shuffle,20261005,2462540,246.254000,2.079154044,0
5025,mapping,put,256,10000,4,0,131200,identity,20261005,2539471,253.947100,4.032335868,0
5026,mapping,put,256,10000,4,0,131200,reverse,20261005,2538612,253.861200,4.033700306,0
5027,mapping,put,256,10000,4,0,131200,transpose,20261005,2537946,253.794600,4.034758817,0
5028,mapping,put,256,10000,4,0,131200,shuffle,20261005,2538348,253.834800,4.034119829,0
5029,mapping,put,256,10000,4,0,131328,identity,20261005,2563982,256.398200,3.993787788,0
5030,mapping,put,256,10000,4,0,131328,reverse,20261005,2559664,255.966400,4.000525069,0
5031,mapping,put,256,10000,4,0,131328,transpose,20261005,2584910,258.491000,3.961453203,0
5032,mapping,put,256,10000,4,0,131328,shuffle,20261005,2541300,254.130000,4.029433754,0
5033,mapping,put,256,10000,4,0,135168,identity,20261005,2557477,255.747700,4.003946077,0
5034,mapping,put,256,10000,4,0,135168,reverse,20261005,2540468,254.046800,4.030753389,0
5035,mapping,put,256,10000,4,0,135168,transpose,20261005,2532565,253.256500,4.043331563,0
5036,mapping,put,256,10000,4,0,135168,shuffle,20261005,2546434,254.643400,4.021309800,0
5037,mapping,put,256,10000,4,0,262144,identity,20261005,2540743,254.074300,4.030317116,0
5038,mapping,put,256,10000,4,0,262144,reverse,20261005,2561880,256.188000,3.997064656,0
5039,mapping,put,256,10000,4,0,262144,transpose,20261005,2552583,255.258300,4.011622737,0
5040,mapping,put,256,10000,4,0,262144,shuffle,20261005,2544033,254.403300,4.025105020,0
5041,mapping,put,4096,1000,4,0,131200,identity,20261005,809471,809.471000,20.240379211,0
5042,mapping,put,4096,1000,4,0,131200,reverse,20261005,818158,818.158000,20.025471853,0
5043,mapping,put,4096,1000,4,0,131200,transpose,20261005,847553,847.553000,19.330944496,0
5044,mapping,put,4096,1000,4,0,131200,shuffle,20261005,851828,851.828000,19.233929854,0
5045,mapping,put,4096,1000,4,0,131328,identity,20261005,806435,806.435000,20.316578522,0
5046,mapping,put,4096,1000,4,0,131328,reverse,20261005,810799,810.799000,20.207227685,0
5047,mapping,put,4096,1000,4,0,131328,transpose,20261005,824859,824.859000,19.862788671,0
5048,mapping,put,4096,1000,4,0,131328,shuffle,20261005,840065,840.065000,19.503252724,0
5049,mapping,put,4096,1000,4,0,135168,identity,20261005,802372,802.372000,20.419456312,0
5050,mapping,put,4096,1000,4,0,135168,reverse,20261005,805690,805.690000,20.335364718,0
5051,mapping,put,4096,1000,4,0,135168,transpose,20261005,839930,839.930000,19.506387437,0
5052,mapping,put,4096,1000,4,0,135168,shuffle,20261005,876260,876.260000,18.697646817,0
5053,mapping,put,4096,1000,4,0,262144,identity,20261005,828300,828.300000,19.780272848,0
5054,mapping,put,4096,1000,4,0,262144,reverse,20261005,825574,825.574000,19.845586222,0
5055,mapping,put,4096,1000,4,0,262144,transpose,20261005,835177,835.177000,19.617398468,0
5056,mapping,put,4096,1000,4,0,262144,shuffle,20261005,837712,837.712000,19.558034265,0
5057,mapping,put,32768,1000,4,0,131200,identity,20261005,6288432,6288.432000,20.843351729,0
5058,mapping,put,32768,1000,4,0,131200,reverse,20261005,6317904,6317.904000,20.746120865,0
5059,mapping,put,32768,1000,4,0,131200,transpose,20261005,6495824,6495.824000,20.177886593,0
5060,mapping,put,32768,1000,4,0,131200,shuffle,20261005,6446846,6446.846000,20.331182101,0
5061,mapping,put,32768,1000,4,0,131328,identity,20261005,6308195,6308.195000,20.778051408,0
5062,mapping,put,32768,1000,4,0,131328,reverse,20261005,6307236,6307.236000,20.781210660,0
5063,mapping,put,32768,1000,4,0,131328,transpose,20261005,6498781,6498.781000,20.168705485,0
5064,mapping,put,32768,1000,4,0,131328,shuffle,20261005,6507884,6507.884000,20.140494207,0
5065,mapping,put,32768,1000,4,0,135168,identity,20261005,6325074,6325.074000,20.722603404,0
5066,mapping,put,32768,1000,4,0,135168,reverse,20261005,6325164,6325.164000,20.722308544,0
5067,mapping,put,32768,1000,4,0,135168,transpose,20261005,6529621,6529.621000,20.073446836,0
5068,mapping,put,32768,1000,4,0,135168,shuffle,20261005,6501750,6501.750000,20.159495520,0
5069,mapping,put,32768,1000,4,0,262144,identity,20261005,6493779,6493.779000,20.184240948,0
5070,mapping,put,32768,1000,4,0,262144,reverse,20261005,6497449,6497.449000,20.172840141,0
5071,mapping,put,32768,1000,4,0,262144,transpose,20261005,6508423,6508.423000,20.138826256,0
5072,mapping,put,32768,1000,4,0,262144,shuffle,20261005,6539099,6539.099000,20.044351676,0
5073,mapping,put,65536,1000,4,0,131200,identity,20261005,12382392,12382.392000,21.170707566,0
5074,mapping,put,65536,1000,4,0,131200,reverse,20261005,12361181,12361.181000,21.207035153,0
5075,mapping,put,65536,1000,4,0,131200,transpose,20261005,12799452,12799.452000,20.480876838,0
5076,mapping,put,65536,1000,4,0,131200,shuffle,20261005,12749538,12749.538000,20.561058762,0
5077,mapping,put,65536,1000,4,0,131328,identity,20261005,12367981,12367.981000,21.195375381,0
5078,mapping,put,65536,1000,4,0,131328,reverse,20261005,12393009,12393.009000,21.152570776,0
5079,mapping,put,65536,1000,4,0,131328,transpose,20261005,12834307,12834.307000,20.425255528,0
5080,mapping,put,65536,1000,4,0,131328,shuffle,20261005,12693234,12693.234000,20.652262457,0
5081,mapping,put,65536,1000,4,0,135168,identity,20261005,12431640,12431.640000,21.086839709,0
5082,mapping,put,65536,1000,4,0,135168,reverse,20261005,12426916,12426.916000,21.094855715,0
5083,mapping,put,65536,1000,4,0,135168,transpose,20261005,12685797,12685.797000,20.664369767,0
5084,mapping,put,65536,1000,4,0,135168,shuffle,20261005,12737740,12737.740000,20.580102907,0
5085,mapping,put,65536,1000,4,0,262144,identity,20261005,12746370,12746.370000,20.566169035,0
5086,mapping,put,65536,1000,4,0,262144,reverse,20261005,12745898,12745.898000,20.566930631,0
5087,mapping,put,65536,1000,4,0,262144,transpose,20261005,12748631,12748.631000,20.562521576,0
5088,mapping,put,65536,1000,4,0,262144,shuffle,20261005,12703885,12703.885000,20.634947498,0
5089,mapping,put,98304,1000,4,0,131200,identity,20261005,18431092,18431.092000,21.334384311,0
5090,mapping,put,98304,1000,4,0,131200,reverse,20261005,18511627,18511.627000,21.241568880,0
5091,mapping,put,98304,1000,4,0,131200,transpose,20261005,18999242,18999.242000,20.696404625,0
5092,mapping,put,98304,1000,4,0,131200,shuffle,20261005,19037402,19037.402000,20.654919195,0
5093,mapping,put,98304,1000,4,0,131328,identity,20261005,18456298,18456.298000,21.305247672,0
5094,mapping,put,98304,1000,4,0,131328,reverse,20261005,18539242,18539.242000,21.209928648,0
5095,mapping,put,98304,1000,4,0,131328,transpose,20261005,19035405,19035.405000,20.657086098,0
5096,mapping,put,98304,1000,4,0,131328,shuffle,20261005,18972173,18972.173000,20.725933714,0
5097,mapping,put,98304,1000,4,0,135168,identity,20261005,18515970,18515.970000,21.236586579,0
5098,mapping,put,98304,1000,4,0,135168,reverse,20261005,18712642,18712.642000,21.013387634,0
5099,mapping,put,98304,1000,4,0,135168,transpose,20261005,18980243,18980.243000,20.717121483,0
5100,mapping,put,98304,1000,4,0,135168,shuffle,20261005,19006579,19006.579000,20.688415311,0
5101,mapping,put,98304,1000,4,0,262144,identity,20261005,18950491,18950.491000,20.749647067,0
5102,mapping,put,98304,1000,4,0,262144,reverse,20261005,18969467,18969.467000,20.728890274,0
5103,mapping,put,98304,1000,4,0,262144,transpose,20261005,18932605,18932.605000,20.769249662,0
5104,mapping,put,98304,1000,4,0,262144,shuffle,20261005,19061479,19061.479000,20.628829484,0
5105,mapping,put,131072,1000,4,0,131200,identity,20261005,24594094,24594.094000,21.317638292,0
5106,mapping,put,131072,1000,4,0,131200,reverse,20261005,24617441,24617.441000,21.297420800,0
5107,mapping,put,131072,1000,4,0,131200,transpose,20261005,25177558,25177.558000,20.823623959,0
5108,mapping,put,131072,1000,4,0,131200,shuffle,20261005,25155957,25155.957000,20.841504857,0
5109,mapping,put,131072,1000,4,0,131328,identity,20261005,24566033,24566.033000,21.341988753,0
5110,mapping,put,131072,1000,4,0,131328,reverse,20261005,24622477,24622.477000,21.293064869,0
5111,mapping,put,131072,1000,4,0,131328,transpose,20261005,25230780,25230.780000,20.779698448,0
5112,mapping,put,131072,1000,4,0,131328,shuffle,20261005,25122124,25122.124000,20.869572971,0
5113,mapping,put,131072,1000,4,0,135168,identity,20261005,24614823,24614.823000,21.299685966,0
5114,mapping,put,131072,1000,4,0,135168,reverse,20261005,24598908,24598.908000,21.313466435,0
5115,mapping,put,131072,1000,4,0,135168,transpose,20261005,25115436,25115.436000,20.875130338,0
5116,mapping,put,131072,1000,4,0,135168,shuffle,20261005,25277921,25277.921000,20.740946219,0
5117,mapping,put,131072,1000,4,0,262144,identity,20261005,25134445,25134.445000,20.859342627,0
5118,mapping,put,131072,1000,4,0,262144,reverse,20261005,25077350,25077.350000,20.906834255,0
5119,mapping,put,131072,1000,4,0,262144,transpose,20261005,25328212,25328.212000,20.699763568,0
5120,mapping,put,131072,1000,4,0,262144,shuffle,20261005,25152266,25152.266000,20.844563269,0
5121,mapping,put,64,10000,4,4,131200,identity,20261005,8070893,807.089300,0.317189188,0
5122,mapping,put,64,10000,4,4,131200,reverse,20261005,7933625,793.362500,0.322677212,0
5123,mapping,put,64,10000,4,4,131200,transpose,20261005,4073141,407.314100,0.628507582,0
5124,mapping,put,64,10000,4,4,131200,shuffle,20261005,4050001,405.000100,0.632098609,0
5125,mapping,put,64,10000,4,4,131328,identity,20261005,7757794,775.779400,0.329990716,0
5126,mapping,put,64,10000,4,4,131328,reverse,20261005,8967327,896.732700,0.285480835,0
5127,mapping,put,64,10000,4,4,131328,transpose,20261005,7626513,762.651300,0.335671099,0
5128,mapping,put,64,10000,4,4,131328,shuffle,20261005,5868444,586.844400,0.436231478,0
5129,mapping,put,64,10000,4,4,135168,identity,20261005,4069284,406.928400,0.629103302,0
5130,mapping,put,64,10000,4,4,135168,reverse,20261005,4080682,408.068200,0.627346115,0
5131,mapping,put,64,10000,4,4,135168,transpose,20261005,4064668,406.466800,0.629817737,0
5132,mapping,put,64,10000,4,4,135168,shuffle,20261005,7438141,743.814100,0.344172018,0
5133,mapping,put,64,10000,4,4,262144,identity,20261005,4079769,407.976900,0.627486507,0
5134,mapping,put,64,10000,4,4,262144,reverse,20261005,4072224,407.222400,0.628649112,0
5135,mapping,put,64,10000,4,4,262144,transpose,20261005,3841299,384.129900,0.666441222,0
5136,mapping,put,64,10000,4,4,262144,shuffle,20261005,4085233,408.523300,0.626647244,0
5137,mapping,put,128,10000,4,4,131200,identity,20261005,10079183,1007.918300,0.507977680,0
5138,mapping,put,128,10000,4,4,131200,reverse,20261005,8834252,883.425200,0.579562367,0
5139,mapping,put,128,10000,4,4,131200,transpose,20261005,4220445,422.044500,1.213142216,0
5140,mapping,put,128,10000,4,4,131200,shuffle,20261005,6026279,602.627900,0.849612174,0
5141,mapping,put,128,10000,4,4,131328,identity,20261005,8273429,827.342900,0.618848606,0
5142,mapping,put,128,10000,4,4,131328,reverse,20261005,12500166,1250.016600,0.409594561,0
5143,mapping,put,128,10000,4,4,131328,transpose,20261005,7880596,788.059600,0.649697053,0
5144,mapping,put,128,10000,4,4,131328,shuffle,20261005,6350825,635.082500,0.806194471,0
5145,mapping,put,128,10000,4,4,135168,identity,20261005,4173578,417.357800,1.226765140,0
5146,mapping,put,128,10000,4,4,135168,reverse,20261005,4191453,419.145300,1.221533440,0
5147,mapping,put,128,10000,4,4,135168,transpose,20261005,4176871,417.687100,1.225797972,0
5148,mapping,put,128,10000,4,4,135168,shuffle,20261005,7708271,770.827100,0.664221587,0
5149,mapping,put,128,10000,4,4,262144,identity,20261005,4283275,428.327500,1.195347018,0
5150,mapping,put,128,10000,4,4,262144,reverse,20261005,4237399,423.739900,1.208288386,0
5151,mapping,put,128,10000,4,4,262144,transpose,20261005,3947785,394.778500,1.296929797,0
5152,mapping,put,128,10000,4,4,262144,shuffle,20261005,4226373,422.637300,1.211440637,0
5153,mapping,put,256,10000,4,4,131200,identity,20261005,8506091,850.609100,1.203843222,0
5154,mapping,put,256,10000,4,4,131200,reverse,20261005,8187628,818.762800,1.250667470,0
5155,mapping,put,256,10000,4,4,131200,transpose,20261005,4191207,419.120700,2.443210273,0
5156,mapping,put,256,10000,4,4,131200,shuffle,20261005,4391027,439.102700,2.332028475,0
5157,mapping,put,256,10000,4,4,131328,identity,20261005,8588168,858.816800,1.192338110,0
5158,mapping,put,256,10000,4,4,131328,reverse,20261005,11772350,1177.235000,0.869834825,0
5159,mapping,put,256,10000,4,4,131328,transpose,20261005,8565498,856.549800,1.195493829,0
5160,mapping,put,256,10000,4,4,131328,shuffle,20261005,6285987,628.598700,1.629020232,0
5161,mapping,put,256,10000,4,4,135168,identity,20261005,5109645,510.964500,2.004053119,0
5162,mapping,put,256,10000,4,4,135168,reverse,20261005,5167265,516.726500,1.981705990,0
5163,mapping,put,256,10000,4,4,135168,transpose,20261005,4317978,431.797800,2.371480355,0
5164,mapping,put,256,10000,4,4,135168,shuffle,20261005,8286464,828.646400,1.235750255,0
5165,mapping,put,256,10000,4,4,262144,identity,20261005,4215402,421.540200,2.429187062,0
5166,mapping,put,256,10000,4,4,262144,reverse,20261005,4182175,418.217500,2.448486732,0
5167,mapping,put,256,10000,4,4,262144,transpose,20261005,6171784,617.178400,1.659163704,0
5168,mapping,put,256,10000,4,4,262144,shuffle,20261005,6221330,622.133000,1.645950303,0
5169,mapping,put,4096,1000,4,4,131200,identity,20261005,2361316,2361.316000,6.938503783,0
5170,mapping,put,4096,1000,4,4,131200,reverse,20261005,2098348,2098.348000,7.808047092,0
5171,mapping,put,4096,1000,4,4,131200,transpose,20261005,1715623,1715.623000,9.549883628,0
5172,mapping,put,4096,1000,4,4,131200,shuffle,20261005,1730572,1730.572000,9.467389973,0
5173,mapping,put,4096,1000,4,4,131328,identity,20261005,2472887,2472.887000,6.625454378,0
5174,mapping,put,4096,1000,4,4,131328,reverse,20261005,2674566,2674.566000,6.125853690,0
5175,mapping,put,4096,1000,4,4,131328,transpose,20261005,2449693,2449.693000,6.688185009,0
5176,mapping,put,4096,1000,4,4,131328,shuffle,20261005,1937407,1937.407000,8.456663984,0
5177,mapping,put,4096,1000,4,4,135168,identity,20261005,1764634,1764.634000,9.284644861,0
5178,mapping,put,4096,1000,4,4,135168,reverse,20261005,1786500,1786.500000,9.171004758,0
5179,mapping,put,4096,1000,4,4,135168,transpose,20261005,1714129,1714.129000,9.558207113,0
5180,mapping,put,4096,1000,4,4,135168,shuffle,20261005,2188847,2188.847000,7.485219387,0
5181,mapping,put,4096,1000,4,4,262144,identity,20261005,1730318,1730.318000,9.468779727,0
5182,mapping,put,4096,1000,4,4,262144,reverse,20261005,1760932,1760.932000,9.304163931,0
5183,mapping,put,4096,1000,4,4,262144,transpose,20261005,1688367,1688.367000,9.704051311,0
5184,mapping,put,4096,1000,4,4,262144,shuffle,20261005,1700212,1700.212000,9.636445337,0
5185,mapping,put,32768,1000,4,4,131200,identity,20261005,6901552,6901.552000,18.991670279,0
5186,mapping,put,32768,1000,4,4,131200,reverse,20261005,6928695,6928.695000,18.917270857,0
5187,mapping,put,32768,1000,4,4,131200,transpose,20261005,7176113,7176.113000,18.265041256,0
5188,mapping,put,32768,1000,4,4,131200,shuffle,20261005,7158514,7158.514000,18.309945332,0
5189,mapping,put,32768,1000,4,4,131328,identity,20261005,6909440,6909.440000,18.969988885,0
5190,mapping,put,32768,1000,4,4,131328,reverse,20261005,7860423,7860.423000,16.674929581,0
5191,mapping,put,32768,1000,4,4,131328,transpose,20261005,7291009,7291.009000,17.977210013,0
5192,mapping,put,32768,1000,4,4,131328,shuffle,20261005,7115106,7115.106000,18.421651062,0
5193,mapping,put,32768,1000,4,4,135168,identity,20261005,6870440,6870.440000,19.077671881,0
5194,mapping,put,32768,1000,4,4,135168,reverse,20261005,6877662,6877.662000,19.057639064,0
5195,mapping,put,32768,1000,4,4,135168,transpose,20261005,7215326,7215.326000,18.165776571,0
5196,mapping,put,32768,1000,4,4,135168,shuffle,20261005,7212326,7212.326000,18.173332708,0
5197,mapping,put,32768,1000,4,4,262144,identity,20261005,7200464,7200.464000,18.203271345,0
5198,mapping,put,32768,1000,4,4,262144,reverse,20261005,7194871,7194.871000,18.217421827,0
5199,mapping,put,32768,1000,4,4,262144,transpose,20261005,7159990,7159.990000,18.306170819,0
5200,mapping,put,32768,1000,4,4,262144,shuffle,20261005,7216122,7216.122000,18.163772730,0
5201,mapping,put,65536,1000,4,4,131200,identity,20261005,12960422,12960.422000,20.226501884,0
5202,mapping,put,65536,1000,4,4,131200,reverse,20261005,12964068,12964.068000,20.220813405,0
5203,mapping,put,65536,1000,4,4,131200,transpose,20261005,13552225,13552.225000,19.343244375,0
5204,mapping,put,65536,1000,4,4,131200,shuffle,20261005,13549026,13549.026000,19.347811422,0
5205,mapping,put,65536,1000,4,4,131328,identity,20261005,13066443,13066.443000,20.062384231,0
5206,mapping,put,65536,1000,4,4,131328,reverse,20261005,13329709,13329.709000,19.666145750,0
5207,mapping,put,65536,1000,4,4,131328,transpose,20261005,13555535,13555.535000,19.338521128,0
5208,mapping,put,65536,1000,4,4,131328,shuffle,20261005,13417815,13417.815000,19.537011056,0
5209,mapping,put,65536,1000,4,4,135168,identity,20261005,12991812,12991.812000,20.177631881,0
5210,mapping,put,65536,1000,4,4,135168,reverse,20261005,12988590,12988.590000,20.182637222,0
5211,mapping,put,65536,1000,4,4,135168,transpose,20261005,13458424,13458.424000,19.478060730,0
5212,mapping,put,65536,1000,4,4,135168,shuffle,20261005,13527248,13527.248000,19.378960155,0
5213,mapping,put,65536,1000,4,4,262144,identity,20261005,13521899,13521.899000,19.386626094,0
5214,mapping,put,65536,1000,4,4,262144,reverse,20261005,13481609,13481.609000,19.444563331,0
5215,mapping,put,65536,1000,4,4,262144,transpose,20261005,13482385,13482.385000,19.443444168,0
5216,mapping,put,65536,1000,4,4,262144,shuffle,20261005,13504327,13504.327000,19.411852216,0
5217,mapping,put,98304,1000,4,4,131200,identity,20261005,19046673,19046.673000,20.644865379,0
5218,mapping,put,98304,1000,4,4,131200,reverse,20261005,19043867,19043.867000,20.647907276,0
5219,mapping,put,98304,1000,4,4,131200,transpose,20261005,19789508,19789.508000,19.869922992,0
5220,mapping,put,98304,1000,4,4,131200,shuffle,20261005,19848161,19848.161000,19.811205683,0
5221,mapping,put,98304,1000,4,4,131328,identity,20261005,19057667,19057.667000,20.632955755,0
5222,mapping,put,98304,1000,4,4,131328,reverse,20261005,19250648,19250.648000,20.426117604,0
5223,mapping,put,98304,1000,4,4,131328,transpose,20261005,19802312,19802.312000,19.857075275,0
5224,mapping,put,98304,1000,4,4,131328,shuffle,20261005,19693870,19693.870000,19.966415946,0
5225,mapping,put,98304,1000,4,4,135168,identity,20261005,19114123,19114.123000,20.572013689,0
5226,mapping,put,98304,1000,4,4,135168,reverse,20261005,18999856,18999.856000,20.695735799,0
5227,mapping,put,98304,1000,4,4,135168,transpose,20261005,19770602,19770.602000,19.888923969,0
5228,mapping,put,98304,1000,4,4,135168,shuffle,20261005,19728918,19728.918000,19.930946036,0
5229,mapping,put,98304,1000,4,4,262144,identity,20261005,19838538,19838.538000,19.820815425,0
5230,mapping,put,98304,1000,4,4,262144,reverse,20261005,19662787,19662.787000,19.997978923,0
5231,mapping,put,98304,1000,4,4,262144,transpose,20261005,19770268,19770.268000,19.889259974,0
5232,mapping,put,98304,1000,4,4,262144,shuffle,20261005,19745739,19745.739000,19.913967261,0
5233,mapping,put,131072,1000,4,4,131200,identity,20261005,25188676,25188.676000,20.814432644,0
5234,mapping,put,131072,1000,4,4,131200,reverse,20261005,25154862,25154.862000,20.842412095,0
5235,mapping,put,131072,1000,4,4,131200,transpose,20261005,26021353,26021.353000,20.148375836,0
5236,mapping,put,131072,1000,4,4,131200,shuffle,20261005,25965411,25965.411000,20.191785141,0
5237,mapping,put,131072,1000,4,4,131328,identity,20261005,25165617,25165.617000,20.833504698,0
5238,mapping,put,131072,1000,4,4,131328,reverse,20261005,25235499,25235.499000,20.775812676,0
5239,mapping,put,131072,1000,4,4,131328,transpose,20261005,26001339,26001.339000,20.163884637,0
5240,mapping,put,131072,1000,4,4,131328,shuffle,20261005,26298393,26298.393000,19.936123093,0
5241,mapping,put,131072,1000,4,4,135168,identity,20261005,25236334,25236.334000,20.775125262,0
5242,mapping,put,131072,1000,4,4,135168,reverse,20261005,25124278,25124.278000,20.867783743,0
5243,mapping,put,131072,1000,4,4,135168,transpose,20261005,25945702,25945.702000,20.207123322,0
5244,mapping,put,131072,1000,4,4,135168,shuffle,20261005,25945336,25945.336000,20.207408376,0
5245,mapping,put,131072,1000,4,4,262144,identity,20261005,26112526,26112.526000,20.078026921,0
5246,mapping,put,131072,1000,4,4,262144,reverse,20261005,25882920,25882.920000,20.256138025,0
5247,mapping,put,131072,1000,4,4,262144,transpose,20261005,25941525,25941.525000,20.210376992,0
5248,mapping,put,131072,1000,4,4,262144,shuffle,20261005,25978130,25978.130000,20.181899159,0
5249,mapping,put,64,10000,8,0,131200,identity,20261005,4005368,400.536800,1.278284542,0
5250,mapping,put,64,10000,8,0,131200,reverse,20261005,4002909,400.290900,1.279069796,0
5251,mapping,put,64,10000,8,0,131200,transpose,20261005,2471322,247.132200,2.071765638,0
5252,mapping,put,64,10000,8,0,131200,shuffle,20261005,5354431,535.443100,0.956217383,0
5253,mapping,put,64,10000,8,0,131328,identity,20261005,6449634,644.963400,0.793843496,0
5254,mapping,put,64,10000,8,0,131328,reverse,20261005,9519112,951.911200,0.537865297,0
5255,mapping,put,64,10000,8,0,131328,transpose,20261005,4152977,415.297700,1.232850555,0
5256,mapping,put,64,10000,8,0,131328,shuffle,20261005,6019889,601.988900,0.850514021,0
5257,mapping,put,64,10000,8,0,135168,identity,20261005,2475369,247.536900,2.068378492,0
5258,mapping,put,64,10000,8,0,135168,reverse,20261005,2474711,247.471100,2.068928453,0
5259,mapping,put,64,10000,8,0,135168,transpose,20261005,4289697,428.969700,1.193557494,0
5260,mapping,put,64,10000,8,0,135168,shuffle,20261005,5725341,572.534100,0.894269878,0
5261,mapping,put,64,10000,8,0,262144,identity,20261005,2473348,247.334800,2.070068587,0
5262,mapping,put,64,10000,8,0,262144,reverse,20261005,2472531,247.253100,2.070752601,0
5263,mapping,put,64,10000,8,0,262144,transpose,20261005,2472028,247.202800,2.071173951,0
5264,mapping,put,64,10000,8,0,262144,shuffle,20261005,3974761,397.476100,1.288127764,0
5265,mapping,put,128,10000,8,0,131200,identity,20261005,2474599,247.459900,4.138044184,0
5266,mapping,put,128,10000,8,0,131200,reverse,20261005,2469002,246.900200,4.147424749,0
5267,mapping,put,128,10000,8,0,131200,transpose,20261005,2470840,247.084000,4.144339577,0
5268,mapping,put,128,10000,8,0,131200,shuffle,20261005,2473817,247.381700,4.139352264,0
5269,mapping,put,128,10000,8,0,131328,identity,20261005,2474494,247.449400,4.138219773,0
5270,mapping,put,128,10000,8,0,131328,reverse,20261005,2472506,247.250600,4.141547078,0
5271,mapping,put,128,10000,8,0,131328,transpose,20261005,2471972,247.197200,4.142441743,0
5272,mapping,put,128,10000,8,0,131328,shuffle,20261005,2471343,247.134300,4.143496067,0
5273,mapping,put,128,10000,8,0,135168,identity,20261005,2470870,247.087000,4.144289258,0
5274,mapping,put,128,10000,8,0,135168,reverse,20261005,2471318,247.131800,4.143537983,0
5275,mapping,put,128,10000,8,0,135168,transpose,20261005,2470830,247.083000,4.144356350,0
5276,mapping,put,128,10000,8,0,135168,shuffle,20261005,2470933,247.093300,4.144183594,0
5277,mapping,put,128,10000,8,0,262144,identity,20261005,2470596,247.059600,4.144748878,0
5278,mapping,put,128,10000,8,0,262144,reverse,20261005,2470918,247.091800,4.144208752,0
5279,mapping,put,128,10000,8,0,262144,transpose,20261005,2470012,247.001200,4.145728847,0
5280,mapping,put,128,10000,8,0,262144,shuffle,20261005,2469525,246.952500,4.146546401,0
5281,mapping,put,256,10000,8,0,131200,identity,20261005,2544376,254.437600,8.049124815,0
5282,mapping,put,256,10000,8,0,131200,reverse,20261005,2552181,255.218100,8.024509233,0
5283,mapping,put,256,10000,8,0,131200,transpose,20261005,2542279,254.227900,8.055764139,0
5284,mapping,put,256,10000,8,0,131200,shuffle,20261005,2543867,254.386700,8.050735357,0
5285,mapping,put,256,10000,8,0,131328,identity,20261005,2550062,255.006200,8.031177281,0
5286,mapping,put,256,10000,8,0,131328,reverse,20261005,3254971,325.497100,6.291914736,0
5287,mapping,put,256,10000,8,0,131328,transpose,20261005,2543112,254.311200,8.053125462,0
5288,mapping,put,256,10000,8,0,131328,shuffle,20261005,2561394,256.139400,7.995646121,0
5289,mapping,put,256,10000,8,0,135168,identity,20261005,2541018,254.101800,8.059761875,0
5290,mapping,put,256,10000,8,0,135168,reverse,20261005,2543805,254.380500,8.050931577,0
5291,mapping,put,256,10000,8,0,135168,transpose,20261005,2545173,254.517300,8.046604298,0
5292,mapping,put,256,10000,8,0,135168,shuffle,20261005,2542197,254.219700,8.056023982,0
5293,mapping,put,256,10000,8,0,262144,identity,20261005,2542997,254.299700,8.053489642,0
5294,mapping,put,256,10000,8,0,262144,reverse,20261005,2539634,253.963400,8.064154126,0
5295,mapping,put,256,10000,8,0,262144,transpose,20261005,2542773,254.277300,8.054199097,0
5296,mapping,put,256,10000,8,0,262144,shuffle,20261005,2540617,254.061700,8.061033993,0
5297,mapping,put,4096,1000,8,0,131200,identity,20261005,1668632,1668.632000,19.637643291,0
5298,mapping,put,4096,1000,8,0,131200,reverse,20261005,1686289,1686.289000,19.432019067,0
5299,mapping,put,4096,1000,8,0,131200,transpose,20261005,2241629,2241.629000,14.617940792,0
5300,mapping,put,4096,1000,8,0,131200,shuffle,20261005,1939915,1939.915000,16.891461739,0
5301,mapping,put,4096,1000,8,0,131328,identity,20261005,1670156,1670.156000,19.619724146,0
5302,mapping,put,4096,1000,8,0,131328,reverse,20261005,1669137,1669.137000,19.631701891,0
5303,mapping,put,4096,1000,8,0,131328,transpose,20261005,2204676,2204.676000,14.862954919,0
5304,mapping,put,4096,1000,8,0,131328,shuffle,20261005,2017155,2017.155000,16.244661417,0
5305,mapping,put,4096,1000,8,0,135168,identity,20261005,1653232,1653.232000,19.820569648,0
5306,mapping,put,4096,1000,8,0,135168,reverse,20261005,1653364,1653.364000,19.818987228,0
5307,mapping,put,4096,1000,8,0,135168,transpose,20261005,2258964,2258.964000,14.505764589,0
5308,mapping,put,4096,1000,8,0,135168,shuffle,20261005,2061127,2061.127000,15.898098467,0
5309,mapping,put,4096,1000,8,0,262144,identity,20261005,2189587,2189.587000,14.965379316,0
5310,mapping,put,4096,1000,8,0,262144,reverse,20261005,2197316,2197.316000,14.912738996,0
5311,mapping,put,4096,1000,8,0,262144,transpose,20261005,2168615,2168.615000,15.110104836,0
5312,mapping,put,4096,1000,8,0,262144,shuffle,20261005,2184758,2184.758000,14.998457495,0
5313,mapping,put,32768,1000,8,0,131200,identity,20261005,12956323,12956.323000,20.232900955,0
5314,mapping,put,32768,1000,8,0,131200,reverse,20261005,12972812,12972.812000,20.207184071,0
5315,mapping,put,32768,1000,8,0,131200,transpose,20261005,16050297,16050.297000,16.332657271,0
5316,mapping,put,32768,1000,8,0,131200,shuffle,20261005,14722011,14722.011000,17.806263017,0
5317,mapping,put,32768,1000,8,0,131328,identity,20261005,12946142,12946.142000,20.248812349,0
5318,mapping,put,32768,1000,8,0,131328,reverse,20261005,12951614,12951.614000,20.240257315,0
5319,mapping,put,32768,1000,8,0,131328,transpose,20261005,16035577,16035.577000,16.347649979,0
5320,mapping,put,32768,1000,8,0,131328,shuffle,20261005,14760988,14760.988000,17.759244842,0
5321,mapping,put,32768,1000,8,0,135168,identity,20261005,12957699,12957.699000,20.230752389,0
5322,mapping,put,32768,1000,8,0,135168,reverse,20261005,12946217,12946.217000,20.248695044,0
5323,mapping,put,32768,1000,8,0,135168,transpose,20261005,16190746,16190.746000,16.190977241,0
5324,mapping,put,32768,1000,8,0,135168,shuffle,20261005,14705306,14705.306000,17.826490656,0
5325,mapping,put,32768,1000,8,0,262144,identity,20261005,16217552,16217.552000,16.164215166,0
5326,mapping,put,32768,1000,8,0,262144,reverse,20261005,16250476,16250.476000,16.131465934,0
5327,mapping,put,32768,1000,8,0,262144,transpose,20261005,16305576,16305.576000,16.076954289,0
5328,mapping,put,32768,1000,8,0,262144,shuffle,20261005,16242003,16242.003000,16.139881270,0
5329,mapping,put,65536,1000,8,0,131200,identity,20261005,25660073,25660.073000,20.432054110,0
5330,mapping,put,65536,1000,8,0,131200,reverse,20261005,25669877,25669.877000,20.424250572,0
5331,mapping,put,65536,1000,8,0,131200,transpose,20261005,32505646,32505.646000,16.129136458,0
5332,mapping,put,65536,1000,8,0,131200,shuffle,20261005,29572862,29572.862000,17.728686523,0
5333,mapping,put,65536,1000,8,0,131328,identity,20261005,25606993,25606.993000,20.474407128,0
5334,mapping,put,65536,1000,8,0,131328,reverse,20261005,25615365,25615.365000,20.467715373,0
5335,mapping,put,65536,1000,8,0,131328,transpose,20261005,32412851,32412.851000,16.175312687,0
5336,mapping,put,65536,1000,8,0,131328,shuffle,20261005,29368116,29368.116000,17.852285792,0
5337,mapping,put,65536,1000,8,0,135168,identity,20261005,25685629,25685.629000,20.411725171,0
5338,mapping,put,65536,1000,8,0,135168,reverse,20261005,25578987,25578.987000,20.496824210,0
5339,mapping,put,65536,1000,8,0,135168,transpose,20261005,33092823,33092.823000,15.842951809,0
5340,mapping,put,65536,1000,8,0,135168,shuffle,20261005,30685855,30685.855000,17.085657219,0
5341,mapping,put,65536,1000,8,0,262144,identity,20261005,32466796,32466.796000,16.148436698,0
5342,mapping,put,65536,1000,8,0,262144,reverse,20261005,32540912,32540.912000,16.111656612,0
5343,mapping,put,65536,1000,8,0,262144,transpose,20261005,32552068,32552.068000,16.106134947,0
5344,mapping,put,65536,1000,8,0,262144,shuffle,20261005,32542360,32542.360000,16.110939711,0
5345,mapping,put,98304,1000,8,0,131200,identity,20261005,38326809,38326.809000,20.519109744,0
5346,mapping,put,98304,1000,8,0,131200,reverse,20261005,38306114,38306.114000,20.530195258,0
5347,mapping,put,98304,1000,8,0,131200,transpose,20261005,48975182,48975.182000,16.057765748,0
5348,mapping,put,98304,1000,8,0,131200,shuffle,20261005,44106153,44106.153000,17.830437400,0
5349,mapping,put,98304,1000,8,0,131328,identity,20261005,38263919,38263.919000,20.552834643,0
5350,mapping,put,98304,1000,8,0,131328,reverse,20261005,38323354,38323.354000,20.520959622,0
5351,mapping,put,98304,1000,8,0,131328,transpose,20261005,48789221,48789.221000,16.118970213,0
5352,mapping,put,98304,1000,8,0,131328,shuffle,20261005,44114670,44114.670000,17.826994966,0
5353,mapping,put,98304,1000,8,0,135168,identity,20261005,38366219,38366.219000,20.498032397,0
5354,mapping,put,98304,1000,8,0,135168,reverse,20261005,38175638,38175.638000,20.600362985,0
5355,mapping,put,98304,1000,8,0,135168,transpose,20261005,49028332,49028.332000,16.040358053,0
5356,mapping,put,98304,1000,8,0,135168,shuffle,20261005,47124799,47124.799000,16.688283381,0
5357,mapping,put,98304,1000,8,0,262144,identity,20261005,48846943,48846.943000,16.099922568,0
5358,mapping,put,98304,1000,8,0,262144,reverse,20261005,49006432,49006.432000,16.047526170,0
5359,mapping,put,98304,1000,8,0,262144,transpose,20261005,48895705,48895.705000,16.083866671,0
5360,mapping,put,98304,1000,8,0,262144,shuffle,20261005,48897560,48897.560000,16.083256506,0
5361,mapping,put,131072,1000,8,0,131200,identity,20261005,50906715,50906.715000,20.597989872,0
5362,mapping,put,131072,1000,8,0,131200,reverse,20261005,51011261,51011.261000,20.555774930,0
5363,mapping,put,131072,1000,8,0,131200,transpose,20261005,65070382,65070.382000,16.114489692,0
5364,mapping,put,131072,1000,8,0,131200,shuffle,20261005,59561881,59561.881000,17.604816745,0
5365,mapping,put,131072,1000,8,0,131328,identity,20261005,50987909,50987.909000,20.565189288,0
5366,mapping,put,131072,1000,8,0,131328,reverse,20261005,51018425,51018.425000,20.552888491,0
5367,mapping,put,131072,1000,8,0,131328,transpose,20261005,65037538,65037.538000,16.122627520,0
5368,mapping,put,131072,1000,8,0,131328,shuffle,20261005,59597229,59597.229000,17.594375067,0
5369,mapping,put,131072,1000,8,0,135168,identity,20261005,50968611,50968.611000,20.572975787,0
5370,mapping,put,131072,1000,8,0,135168,reverse,20261005,51021147,51021.147000,20.551791985,0
5371,mapping,put,131072,1000,8,0,135168,transpose,20261005,65321983,65321.983000,16.052421434,0
5372,mapping,put,131072,1000,8,0,135168,shuffle,20261005,63991817,63991.817000,16.386095116,0
5373,mapping,put,131072,1000,8,0,262144,identity,20261005,65243074,65243.074000,16.071836223,0
5374,mapping,put,131072,1000,8,0,262144,reverse,20261005,64815217,64815.217000,16.177929328,0
5375,mapping,put,131072,1000,8,0,262144,transpose,20261005,65467559,65467.559000,16.016726697,0
5376,mapping,put,131072,1000,8,0,262144,shuffle,20261005,65041711,65041.711000,16.121593111,0
5377,mapping,put,64,10000,8,4,131200,identity,20261005,8005666,800.566600,0.639547041,0
5378,mapping,put,64,10000,8,4,131200,reverse,20261005,8068394,806.839400,0.634574861,0
5379,mapping,put,64,10000,8,4,131200,transpose,20261005,4460816,446.081600,1.147772067,0
5380,mapping,put,64,10000,8,4,131200,shuffle,20261005,11040777,1104.077700,0.463735478,0
5381,mapping,put,64,10000,8,4,131328,identity,20261005,12718203,1271.820300,0.402572596,0
5382,mapping,put,64,10000,8,4,131328,reverse,20261005,18366524,1836.652400,0.278768046,0
5383,mapping,put,64,10000,8,4,131328,transpose,20261005,8286878,828.687800,0.617844259,0
5384,mapping,put,64,10000,8,4,131328,shuffle,20261005,13644549,1364.454900,0.375241424,0
5385,mapping,put,64,10000,8,4,135168,identity,20261005,4457091,445.709100,1.148731314,0
5386,mapping,put,64,10000,8,4,135168,reverse,20261005,4558569,455.856900,1.123159483,0
5387,mapping,put,64,10000,8,4,135168,transpose,20261005,8423676,842.367600,0.607810652,0
5388,mapping,put,64,10000,8,4,135168,shuffle,20261005,11356950,1135.695000,0.450825266,0
5389,mapping,put,64,10000,8,4,262144,identity,20261005,4548950,454.895000,1.125534464,0
5390,mapping,put,64,10000,8,4,262144,reverse,20261005,4517603,451.760300,1.133344386,0
5391,mapping,put,64,10000,8,4,262144,transpose,20261005,4436758,443.675800,1.153995778,0
5392,mapping,put,64,10000,8,4,262144,shuffle,20261005,7946138,794.613800,0.644338168,0
5393,mapping,put,128,10000,8,4,131200,identity,20261005,10507655,1050.765500,0.974527618,0
5394,mapping,put,128,10000,8,4,131200,reverse,20261005,10470259,1047.025900,0.978008280,0
5395,mapping,put,128,10000,8,4,131200,transpose,20261005,4920435,492.043500,2.081116812,0
5396,mapping,put,128,10000,8,4,131200,shuffle,20261005,11559514,1155.951400,0.885850391,0
5397,mapping,put,128,10000,8,4,131328,identity,20261005,13220046,1322.004600,0.774581268,0
5398,mapping,put,128,10000,8,4,131328,reverse,20261005,25009574,2500.957400,0.409443200,0
5399,mapping,put,128,10000,8,4,131328,transpose,20261005,8942505,894.250500,1.145093014,0
5400,mapping,put,128,10000,8,4,131328,shuffle,20261005,14103286,1410.328600,0.726071924,0
5401,mapping,put,128,10000,8,4,135168,identity,20261005,4938122,493.812200,2.073662822,0
5402,mapping,put,128,10000,8,4,135168,reverse,20261005,5225723,522.572300,1.959537465,0
5403,mapping,put,128,10000,8,4,135168,transpose,20261005,8987235,898.723500,1.139393818,0
5404,mapping,put,128,10000,8,4,135168,shuffle,20261005,12237235,1223.723500,0.836790337,0
5405,mapping,put,128,10000,8,4,262144,identity,20261005,5521313,552.131300,1.854631317,0
5406,mapping,put,128,10000,8,4,262144,reverse,20261005,5206851,520.685100,1.966639721,0
5407,mapping,put,128,10000,8,4,262144,transpose,20261005,4903580,490.358000,2.088270203,0
5408,mapping,put,128,10000,8,4,262144,shuffle,20261005,8573332,857.333200,1.194401430,0
5409,mapping,put,256,10000,8,4,131200,identity,20261005,11986716,1198.671600,1.708558040,0
5410,mapping,put,256,10000,8,4,131200,reverse,20261005,12064486,1206.448600,1.697544346,0
5411,mapping,put,256,10000,8,4,131200,transpose,20261005,7265889,726.588900,2.818650271,0
5412,mapping,put,256,10000,8,4,131200,shuffle,20261005,11165650,1116.565000,1.834196845,0
5413,mapping,put,256,10000,8,4,131328,identity,20261005,9966366,996.636600,2.054911489,0
5414,mapping,put,256,10000,8,4,131328,reverse,20261005,25010082,2501.008200,0.818869766,0
5415,mapping,put,256,10000,8,4,131328,transpose,20261005,11478435,1147.843500,1.784215357,0
5416,mapping,put,256,10000,8,4,131328,shuffle,20261005,15314301,1531.430100,1.337312098,0
5417,mapping,put,256,10000,8,4,135168,identity,20261005,6302151,630.215100,3.249684116,0
5418,mapping,put,256,10000,8,4,135168,reverse,20261005,6521697,652.169700,3.140286953,0
5419,mapping,put,256,10000,8,4,135168,transpose,20261005,9333499,933.349900,2.194246766,0
5420,mapping,put,256,10000,8,4,135168,shuffle,20261005,13151350,1315.135000,1.557254578,0
5421,mapping,put,256,10000,8,4,262144,identity,20261005,7109614,710.961400,2.880606458,0
5422,mapping,put,256,10000,8,4,262144,reverse,20261005,5364260,536.426000,3.817861177,0
5423,mapping,put,256,10000,8,4,262144,transpose,20261005,7827904,782.790400,2.616281446,0
5424,mapping,put,256,10000,8,4,262144,shuffle,20261005,9294846,929.484600,2.203371632,0
5425,mapping,put,4096,1000,8,4,131200,identity,20261005,3743108,3743.108000,8.754222427,0
5426,mapping,put,4096,1000,8,4,131200,reverse,20261005,3307092,3307.092000,9.908402911,0
5427,mapping,put,4096,1000,8,4,131200,transpose,20261005,3135422,3135.422000,10.450905811,0
5428,mapping,put,4096,1000,8,4,131200,shuffle,20261005,3946783,3946.783000,8.302457977,0
5429,mapping,put,4096,1000,8,4,131328,identity,20261005,3857772,3857.772000,8.494021938,0
5430,mapping,put,4096,1000,8,4,131328,reverse,20261005,5333340,5333.340000,6.143992320,0
5431,mapping,put,4096,1000,8,4,131328,transpose,20261005,3563447,3563.447000,9.195590674,0
5432,mapping,put,4096,1000,8,4,131328,shuffle,20261005,4388399,4388.399000,7.466960046,0
5433,mapping,put,4096,1000,8,4,135168,identity,20261005,2844465,2844.465000,11.519916751,0
5434,mapping,put,4096,1000,8,4,135168,reverse,20261005,2850293,2850.293000,11.496361953,0
5435,mapping,put,4096,1000,8,4,135168,transpose,20261005,3605188,3605.188000,9.089123785,0
5436,mapping,put,4096,1000,8,4,135168,shuffle,20261005,4087042,4087.042000,8.017534442,0
5437,mapping,put,4096,1000,8,4,262144,identity,20261005,3013054,3013.054000,10.875344418,0
5438,mapping,put,4096,1000,8,4,262144,reverse,20261005,3018400,3018.400000,10.856082693,0
5439,mapping,put,4096,1000,8,4,262144,transpose,20261005,3015213,3015.213000,10.867557284,0
5440,mapping,put,4096,1000,8,4,262144,shuffle,20261005,3513364,3513.364000,9.326673809,0
5441,mapping,put,32768,1000,8,4,131200,identity,20261005,14162985,14162.985000,18.509092539,0
5442,mapping,put,32768,1000,8,4,131200,reverse,20261005,14160296,14160.296000,18.512607364,0
5443,mapping,put,32768,1000,8,4,131200,transpose,20261005,17623308,17623.308000,14.874846425,0
5444,mapping,put,32768,1000,8,4,131200,shuffle,20261005,16487448,16487.448000,15.899610419,0
5445,mapping,put,32768,1000,8,4,131328,identity,20261005,14255079,14255.079000,18.389515765,0
5446,mapping,put,32768,1000,8,4,131328,reverse,20261005,16566477,16566.477000,15.823762650,0
5447,mapping,put,32768,1000,8,4,131328,transpose,20261005,17656021,17656.021000,14.847286373,0
5448,mapping,put,32768,1000,8,4,131328,shuffle,20261005,16535099,16535.099000,15.853790776,0
5449,mapping,put,32768,1000,8,4,135168,identity,20261005,14220347,14220.347000,18.434430608,0
5450,mapping,put,32768,1000,8,4,135168,reverse,20261005,14241676,14241.676000,18.406822343,0
5451,mapping,put,32768,1000,8,4,135168,transpose,20261005,17856052,17856.052000,14.680960831,0
5452,mapping,put,32768,1000,8,4,135168,shuffle,20261005,16476141,16476.141000,15.910521766,0
5453,mapping,put,32768,1000,8,4,262144,identity,20261005,17707464,17707.464000,14.804152644,0
5454,mapping,put,32768,1000,8,4,262144,reverse,20261005,17734734,17734.734000,14.781388884,0
5455,mapping,put,32768,1000,8,4,262144,transpose,20261005,17841856,17841.856000,14.692641842,0
5456,mapping,put,32768,1000,8,4,262144,shuffle,20261005,17832382,17832.382000,14.700447758,0
5457,mapping,put,65536,1000,8,4,131200,identity,20261005,26960261,26960.261000,19.446696009,0
5458,mapping,put,65536,1000,8,4,131200,reverse,20261005,26895046,26895.046000,19.493850280,0
5459,mapping,put,65536,1000,8,4,131200,transpose,20261005,34275833,34275.833000,15.296141745,0
5460,mapping,put,65536,1000,8,4,131200,shuffle,20261005,31182020,31182.020000,16.813792051,0
5461,mapping,put,65536,1000,8,4,131328,identity,20261005,27004526,27004.526000,19.414819575,0
5462,mapping,put,65536,1000,8,4,131328,reverse,20261005,27593314,27593.314000,19.000544842,0
5463,mapping,put,65536,1000,8,4,131328,transpose,20261005,34237554,34237.554000,15.313243464,0
5464,mapping,put,65536,1000,8,4,131328,shuffle,20261005,31312780,31312.780000,16.743578820,0
5465,mapping,put,65536,1000,8,4,135168,identity,20261005,26927632,26927.632000,19.470260140,0
5466,mapping,put,65536,1000,8,4,135168,reverse,20261005,26920504,26920.504000,19.475415468,0
5467,mapping,put,65536,1000,8,4,135168,transpose,20261005,34541282,34541.282000,15.178591229,0
5468,mapping,put,65536,1000,8,4,135168,shuffle,20261005,32647334,32647.334000,16.059136712,0
5469,mapping,put,65536,1000,8,4,262144,identity,20261005,34225832,34225.832000,15.318488094,0
5470,mapping,put,65536,1000,8,4,262144,reverse,20261005,34259525,34259.525000,15.303422917,0
5471,mapping,put,65536,1000,8,4,262144,transpose,20261005,34331772,34331.772000,15.271218742,0
5472,mapping,put,65536,1000,8,4,262144,shuffle,20261005,34363974,34363.974000,15.256908296,0
5473,mapping,put,98304,1000,8,4,131200,identity,20261005,39615757,39615.757000,19.851494949,0
5474,mapping,put,98304,1000,8,4,131200,reverse,20261005,39661669,39661.669000,19.828515033,0
5475,mapping,put,98304,1000,8,4,131200,transpose,20261005,50729252,50729.252000,15.502534908,0
5476,mapping,put,98304,1000,8,4,131200,shuffle,20261005,46346186,46346.186000,16.968645489,0
5477,mapping,put,98304,1000,8,4,131328,identity,20261005,39650287,39650.287000,19.834207001,0
5478,mapping,put,98304,1000,8,4,131328,reverse,20261005,40070253,40070.253000,19.626329786,0
5479,mapping,put,98304,1000,8,4,131328,transpose,20261005,50760976,50760.976000,15.492846316,0
5480,mapping,put,98304,1000,8,4,131328,shuffle,20261005,46130126,46130.126000,17.048121655,0
5481,mapping,put,98304,1000,8,4,135168,identity,20261005,39801734,39801.734000,19.758737144,0
5482,mapping,put,98304,1000,8,4,135168,reverse,20261005,39524777,39524.777000,19.897190059,0
5483,mapping,put,98304,1000,8,4,135168,transpose,20261005,51024302,51024.302000,15.412890900,0
5484,mapping,put,98304,1000,8,4,135168,shuffle,20261005,49032409,49032.409000,16.039024311,0
5485,mapping,put,98304,1000,8,4,262144,identity,20261005,50605785,50605.785000,15.540357688,0
5486,mapping,put,98304,1000,8,4,262144,reverse,20261005,50652722,50652.722000,15.525957322,0
5487,mapping,put,98304,1000,8,4,262144,transpose,20261005,50970137,50970.137000,15.429269888,0
5488,mapping,put,98304,1000,8,4,262144,shuffle,20261005,50815613,50815.613000,15.476188391,0
5489,mapping,put,131072,1000,8,4,131200,identity,20261005,52418882,52418.882000,20.003784133,0
5490,mapping,put,131072,1000,8,4,131200,reverse,20261005,52344070,52344.070000,20.032374250,0
5491,mapping,put,131072,1000,8,4,131200,transpose,20261005,67191620,67191.620000,15.605755599,0
5492,mapping,put,131072,1000,8,4,131200,shuffle,20261005,61598561,61598.561000,17.022735320,0
5493,mapping,put,131072,1000,8,4,131328,identity,20261005,52327063,52327.063000,20.038885041,0
5494,mapping,put,131072,1000,8,4,131328,reverse,20261005,52707774,52707.774000,19.894143130,0
5495,mapping,put,131072,1000,8,4,131328,transpose,20261005,67134612,67134.612000,15.619007376,0
5496,mapping,put,131072,1000,8,4,131328,shuffle,20261005,61315263,61315.263000,17.101386322,0
5497,mapping,put,131072,1000,8,4,135168,identity,20261005,52538274,52538.274000,19.958326001,0
5498,mapping,put,131072,1000,8,4,135168,reverse,20261005,52328959,52328.959000,20.038158986,0
5499,mapping,put,131072,1000,8,4,135168,transpose,20261005,67459174,67459.174000,15.543860647,0
5500,mapping,put,131072,1000,8,4,135168,shuffle,20261005,65319999,65319.999000,16.052909003,0
5501,mapping,put,131072,1000,8,4,262144,identity,20261005,67021018,67021.018000,15.645480049,0
5502,mapping,put,131072,1000,8,4,262144,reverse,20261005,66863412,66863.412000,15.682358537,0
5503,mapping,put,131072,1000,8,4,262144,transpose,20261005,67110482,67110.482000,15.624623289,0
5504,mapping,put,131072,1000,8,4,262144,shuffle,20261005,66976999,66976.999000,15.655762660,0
5505,mapping,put,64,10000,16,0,131200,identity,20261005,7741821,774.182100,1.322686226,0
5506,mapping,put,64,10000,16,0,131200,reverse,20261005,5169501,516.950100,1.980848829,0
5507,mapping,put,64,10000,16,0,131200,transpose,20261005,4841037,484.103700,2.115249274,0
5508,mapping,put,64,10000,16,0,131200,shuffle,20261005,8628169,862.816900,1.186810319,0
5509,mapping,put,64,10000,16,0,131328,identity,20261005,10238008,1023.800800,1.000194569,0
5510,mapping,put,64,10000,16,0,131328,reverse,20261005,11961726,1196.172600,0.856063749,0
5511,mapping,put,64,10000,16,0,131328,transpose,20261005,7049436,704.943600,1.452598477,0
5512,mapping,put,64,10000,16,0,131328,shuffle,20261005,8377580,837.758000,1.222310023,0
5513,mapping,put,64,10000,16,0,135168,identity,20261005,5869528,586.952800,1.744603655,0
5514,mapping,put,64,10000,16,0,135168,reverse,20261005,5893670,589.367000,1.737457306,0
5515,mapping,put,64,10000,16,0,135168,transpose,20261005,5925342,592.534200,1.728170290,0
5516,mapping,put,64,10000,16,0,135168,shuffle,20261005,9384262,938.426200,1.091188630,0
5517,mapping,put,64,10000,16,0,262144,identity,20261005,4603130,460.313000,2.224573279,0
5518,mapping,put,64,10000,16,0,262144,reverse,20261005,4635028,463.502800,2.209263892,0
5519,mapping,put,64,10000,16,0,262144,transpose,20261005,5871101,587.110100,1.744136236,0
5520,mapping,put,64,10000,16,0,262144,shuffle,20261005,7355702,735.570200,1.392117299,0
5521,mapping,put,128,10000,16,0,131200,identity,20261005,2472313,247.231300,8.283740772,0
5522,mapping,put,128,10000,16,0,131200,reverse,20261005,2467553,246.755300,8.299720411,0
5523,mapping,put,128,10000,16,0,131200,transpose,20261005,2470947,247.094700,8.288320227,0
5524,mapping,put,128,10000,16,0,131200,shuffle,20261005,2474613,247.461300,8.276041547,0
5525,mapping,put,128,10000,16,0,131328,identity,20261005,2474119,247.411900,8.277693999,0
5526,mapping,put,128,10000,16,0,131328,reverse,20261005,2473779,247.377900,8.278831698,0
5527,mapping,put,128,10000,16,0,131328,transpose,20261005,2471622,247.162200,8.286056687,0
5528,mapping,put,128,10000,16,0,131328,shuffle,20261005,2471171,247.117100,8.287568930,0
5529,mapping,put,128,10000,16,0,135168,identity,20261005,2472853,247.285300,8.281931841,0
5530,mapping,put,128,10000,16,0,135168,reverse,20261005,2473445,247.344500,8.279949625,0
5531,mapping,put,128,10000,16,0,135168,transpose,20261005,2472961,247.296100,8.281570150,0
5532,mapping,put,128,10000,16,0,135168,shuffle,20261005,2472583,247.258300,8.282836208,0
5533,mapping,put,128,10000,16,0,262144,identity,20261005,2473659,247.365900,8.279233314,0
5534,mapping,put,128,10000,16,0,262144,reverse,20261005,2472331,247.233100,8.283680462,0
5535,mapping,put,128,10000,16,0,262144,transpose,20261005,2472623,247.262300,8.282702215,0
5536,mapping,put,128,10000,16,0,262144,shuffle,20261005,2472311,247.231100,8.283747474,0
5537,mapping,put,256,10000,16,0,131200,identity,20261005,2560431,256.043100,15.997306703,0
5538,mapping,put,256,10000,16,0,131200,reverse,20261005,2557341,255.734100,16.016636029,0
5539,mapping,put,256,10000,16,0,131200,transpose,20261005,2548814,254.881400,16.070219326,0
5540,mapping,put,256,10000,16,0,131200,shuffle,20261005,2641686,264.168600,15.505249299,0
5541,mapping,put,256,10000,16,0,131328,identity,20261005,3108325,310.832500,13.177515221,0
5542,mapping,put,256,10000,16,0,131328,reverse,20261005,3501922,350.192200,11.696434130,0
5543,mapping,put,256,10000,16,0,131328,transpose,20261005,2616036,261.603600,15.657276888,0
5544,mapping,put,256,10000,16,0,131328,shuffle,20261005,2558899,255.889900,16.006884211,0
5545,mapping,put,256,10000,16,0,135168,identity,20261005,2557381,255.738100,16.016385513,0
5546,mapping,put,256,10000,16,0,135168,reverse,20261005,2554126,255.412600,16.036796932,0
5547,mapping,put,256,10000,16,0,135168,transpose,20261005,2561171,256.117100,15.992684596,0
5548,mapping,put,256,10000,16,0,135168,shuffle,20261005,2642734,264.273400,15.499100553,0
5549,mapping,put,256,10000,16,0,262144,identity,20261005,2554262,255.426200,16.035943063,0
5550,mapping,put,256,10000,16,0,262144,reverse,20261005,2551541,255.154100,16.053044023,0
5551,mapping,put,256,10000,16,0,262144,transpose,20261005,2560854,256.085400,15.994664280,0
5552,mapping,put,256,10000,16,0,262144,shuffle,20261005,2554785,255.478500,16.032660283,0
5553,mapping,put,4096,1000,16,0,131200,identity,20261005,3679695,3679.695000,17.810171767,0
5554,mapping,put,4096,1000,16,0,131200,reverse,20261005,3684560,3684.560000,17.786655666,0
5555,mapping,put,4096,1000,16,0,131200,transpose,20261005,4174607,4174.607000,15.698723257,0
5556,mapping,put,4096,1000,16,0,131200,shuffle,20261005,4654106,4654.106000,14.081329476,0
5557,mapping,put,4096,1000,16,0,131328,identity,20261005,3640377,3640.377000,18.002531057,0
5558,mapping,put,4096,1000,16,0,131328,reverse,20261005,3674483,3674.483000,17.835434264,0
5559,mapping,put,4096,1000,16,0,131328,transpose,20261005,4223186,4223.186000,15.518141990,0
5560,mapping,put,4096,1000,16,0,131328,shuffle,20261005,4614467,4614.467000,14.202290319,0
5561,mapping,put,4096,1000,16,0,135168,identity,20261005,3574190,3574.190000,18.335902680,0
5562,mapping,put,4096,1000,16,0,135168,reverse,20261005,3770430,3770.430000,17.381571863,0
5563,mapping,put,4096,1000,16,0,135168,transpose,20261005,4431880,4431.880000,14.787403991,0
5564,mapping,put,4096,1000,16,0,135168,shuffle,20261005,4610444,4610.444000,14.214683011,0
5565,mapping,put,4096,1000,16,0,262144,identity,20261005,4894180,4894.180000,13.390598629,0
5566,mapping,put,4096,1000,16,0,262144,reverse,20261005,5273391,5273.391000,12.427676992,0
5567,mapping,put,4096,1000,16,0,262144,transpose,20261005,4902055,4902.055000,13.369087046,0
5568,mapping,put,4096,1000,16,0,262144,shuffle,20261005,4890782,4890.782000,13.399902102,0
5569,mapping,put,32768,1000,16,0,131200,identity,20261005,25606883,25606.883000,20.474495080,0
5570,mapping,put,32768,1000,16,0,131200,reverse,20261005,25566112,25566.112000,20.507146335,0
5571,mapping,put,32768,1000,16,0,131200,transpose,20261005,32684826,32684.826000,16.040715652,0
5572,mapping,put,32768,1000,16,0,131200,shuffle,20261005,32839034,32839.034000,15.965390456,0
5573,mapping,put,32768,1000,16,0,131328,identity,20261005,25671039,25671.039000,20.423326068,0
5574,mapping,put,32768,1000,16,0,131328,reverse,20261005,25589579,25589.579000,20.488340195,0
5575,mapping,put,32768,1000,16,0,131328,transpose,20261005,32646891,32646.891000,16.059354626,0
5576,mapping,put,32768,1000,16,0,131328,shuffle,20261005,33158758,33158.758000,15.811448668,0
5577,mapping,put,32768,1000,16,0,135168,identity,20261005,25429353,25429.353000,20.617433719,0
5578,mapping,put,32768,1000,16,0,135168,reverse,20261005,25831895,25831.895000,20.296149392,0
5579,mapping,put,32768,1000,16,0,135168,transpose,20261005,32782738,32782.738000,15.992806946,0
5580,mapping,put,32768,1000,16,0,135168,shuffle,20261005,31131329,31131.329000,16.841169871,0
5581,mapping,put,32768,1000,16,0,262144,identity,20261005,34170708,34170.708000,15.343199796,0
5582,mapping,put,32768,1000,16,0,262144,reverse,20261005,34355890,34355.890000,15.260498273,0
5583,mapping,put,32768,1000,16,0,262144,transpose,20261005,33233996,33233.996000,15.775653340,0
5584,mapping,put,32768,1000,16,0,262144,shuffle,20261005,34015474,34015.474000,15.413220465,0
5585,mapping,put,65536,1000,16,0,131200,identity,20261005,51059673,51059.673000,20.536285064,0
5586,mapping,put,65536,1000,16,0,131200,reverse,20261005,51039278,51039.278000,20.544491245,0
5587,mapping,put,65536,1000,16,0,131200,transpose,20261005,64801713,64801.713000,16.181300639,0
5588,mapping,put,65536,1000,16,0,131200,shuffle,20261005,64201325,64201.325000,16.332622419,0
5589,mapping,put,65536,1000,16,0,131328,identity,20261005,51012516,51012.516000,20.555269221,0
5590,mapping,put,65536,1000,16,0,131328,reverse,20261005,50606968,50606.968000,20.719992551,0
5591,mapping,put,65536,1000,16,0,131328,transpose,20261005,64767048,64767.048000,16.189961290,0
5592,mapping,put,65536,1000,16,0,131328,shuffle,20261005,64947691,64947.691000,16.144931157,0
5593,mapping,put,65536,1000,16,0,135168,identity,20261005,50916548,50916.548000,20.594011990,0
5594,mapping,put,65536,1000,16,0,135168,reverse,20261005,51147864,51147.864000,20.500875657,0
5595,mapping,put,65536,1000,16,0,135168,transpose,20261005,65377046,65377.046000,16.038901482,0
5596,mapping,put,65536,1000,16,0,135168,shuffle,20261005,63842550,63842.550000,16.424406607,0
5597,mapping,put,65536,1000,16,0,262144,identity,20261005,67658703,67658.703000,15.498021001,0
5598,mapping,put,65536,1000,16,0,262144,reverse,20261005,67809050,67809.050000,15.463658612,0
5599,mapping,put,65536,1000,16,0,262144,transpose,20261005,65992652,65992.652000,15.889284158,0
5600,mapping,put,65536,1000,16,0,262144,shuffle,20261005,67256677,67256.677000,15.590660240,0
5601,mapping,put,98304,1000,16,0,131200,identity,20261005,76692802,76692.802000,20.508626090,0
5602,mapping,put,98304,1000,16,0,131200,reverse,20261005,76392459,76392.459000,20.589257377,0
5603,mapping,put,98304,1000,16,0,131200,transpose,20261005,98401182,98401.182000,15.984198239,0
5604,mapping,put,98304,1000,16,0,131200,shuffle,20261005,96173750,96173.750000,16.354400239,0
5605,mapping,put,98304,1000,16,0,131328,identity,20261005,75632171,75632.171000,20.796229689,0
5606,mapping,put,98304,1000,16,0,131328,reverse,20261005,76042240,76042.240000,20.684082952,0
5607,mapping,put,98304,1000,16,0,131328,transpose,20261005,98123998,98123.998000,16.029350944,0
5608,mapping,put,98304,1000,16,0,131328,shuffle,20261005,96541066,96541.066000,16.292175601,0
5609,mapping,put,98304,1000,16,0,135168,identity,20261005,76750332,76750.332000,20.493253371,0
5610,mapping,put,98304,1000,16,0,135168,reverse,20261005,75985011,75985.011000,20.699661411,0
5611,mapping,put,98304,1000,16,0,135168,transpose,20261005,97945848,97945.848000,16.058506125,0
5612,mapping,put,98304,1000,16,0,135168,shuffle,20261005,97061652,97061.652000,16.204793217,0
5613,mapping,put,98304,1000,16,0,262144,identity,20261005,101189062,101189.062000,15.543814410,0
5614,mapping,put,98304,1000,16,0,262144,reverse,20261005,101368767,101368.767000,15.516258573,0
5615,mapping,put,98304,1000,16,0,262144,transpose,20261005,97803388,97803.388000,16.081896877,0
5616,mapping,put,98304,1000,16,0,262144,shuffle,20261005,100267088,100267.088000,15.686742593,0
5617,mapping,put,131072,1000,16,0,131200,identity,20261005,102941212,102941.212000,20.372326683,0
5618,mapping,put,131072,1000,16,0,131200,reverse,20261005,103101605,103101.605000,20.340633882,0
5619,mapping,put,131072,1000,16,0,131200,transpose,20261005,131168881,131168.881000,15.988182441,0
5620,mapping,put,131072,1000,16,0,131200,shuffle,20261005,127585698,127585.698000,16.437202860,0
5621,mapping,put,131072,1000,16,0,131328,identity,20261005,102033470,102033.470000,20.553569334,0
5622,mapping,put,131072,1000,16,0,131328,reverse,20261005,102480127,102480.127000,20.463987130,0
5623,mapping,put,131072,1000,16,0,131328,transpose,20261005,130744447,130744.447000,16.040084670,0
5624,mapping,put,131072,1000,16,0,131328,shuffle,20261005,125525167,125525.167000,16.707024178,0
5625,mapping,put,131072,1000,16,0,135168,identity,20261005,101930419,101930.419000,20.574348860,0
5626,mapping,put,131072,1000,16,0,135168,reverse,20261005,101355476,101355.476000,20.691057679,0
5627,mapping,put,131072,1000,16,0,135168,transpose,20261005,129493413,129493.413000,16.195047697,0
5628,mapping,put,131072,1000,16,0,135168,shuffle,20261005,126906269,126906.269000,16.525204125,0
5629,mapping,put,131072,1000,16,0,262144,identity,20261005,135267762,135267.762000,15.503708859,0
5630,mapping,put,131072,1000,16,0,262144,reverse,20261005,135027093,135027.093000,15.531342291,0
5631,mapping,put,131072,1000,16,0,262144,transpose,20261005,129575979,129575.979000,16.184728189,0
5632,mapping,put,131072,1000,16,0,262144,shuffle,20261005,132397911,132397.911000,15.839766535,0
5633,mapping,put,64,10000,16,4,131200,identity,20261005,14643155,1464.315500,0.699302848,0
5634,mapping,put,64,10000,16,4,131200,reverse,20261005,10268287,1026.828700,0.997245208,0
5635,mapping,put,64,10000,16,4,131200,transpose,20261005,9153904,915.390400,1.118648393,0
5636,mapping,put,64,10000,16,4,131200,shuffle,20261005,16835887,1683.588700,0.608224562,0
5637,mapping,put,64,10000,16,4,131328,identity,20261005,19464418,1946.441800,0.526088168,0
5638,mapping,put,64,10000,16,4,131328,reverse,20261005,22743806,2274.380600,0.450232472,0
5639,mapping,put,64,10000,16,4,131328,transpose,20261005,12201356,1220.135600,0.839250982,0
5640,mapping,put,64,10000,16,4,131328,shuffle,20261005,16381170,1638.117000,0.625107975,0
5641,mapping,put,64,10000,16,4,135168,identity,20261005,11427136,1142.713600,0.896112552,0
5642,mapping,put,64,10000,16,4,135168,reverse,20261005,11467465,1146.746500,0.892961086,0
5643,mapping,put,64,10000,16,4,135168,transpose,20261005,11650673,1165.067300,0.878919183,0
5644,mapping,put,64,10000,16,4,135168,shuffle,20261005,17750446,1775.044600,0.576886913,0
5645,mapping,put,64,10000,16,4,262144,identity,20261005,8988976,898.897600,1.139173138,0
5646,mapping,put,64,10000,16,4,262144,reverse,20261005,9003284,900.328400,1.137362767,0
5647,mapping,put,64,10000,16,4,262144,transpose,20261005,11466910,1146.691000,0.893004305,0
5648,mapping,put,64,10000,16,4,262144,shuffle,20261005,13884253,1388.425300,0.737526174,0
5649,mapping,put,128,10000,16,4,131200,identity,20261005,16172637,1617.263700,1.266336467,0
5650,mapping,put,128,10000,16,4,131200,reverse,20261005,13613616,1361.361600,1.504376207,0
5651,mapping,put,128,10000,16,4,131200,transpose,20261005,11226413,1122.641300,1.824269248,0
5652,mapping,put,128,10000,16,4,131200,shuffle,20261005,18477102,1847.710200,1.108398925,0
5653,mapping,put,128,10000,16,4,131328,identity,20261005,21190124,2119.012400,0.966487973,0
5654,mapping,put,128,10000,16,4,131328,reverse,20261005,27859521,2785.952100,0.735116731,0
5655,mapping,put,128,10000,16,4,131328,transpose,20261005,15889788,1588.978800,1.288878115,0
5656,mapping,put,128,10000,16,4,131328,shuffle,20261005,18410628,1841.062800,1.112400946,0
5657,mapping,put,128,10000,16,4,135168,identity,20261005,14249204,1424.920400,1.437273268,0
5658,mapping,put,128,10000,16,4,135168,reverse,20261005,14282758,1428.275800,1.433896731,0
5659,mapping,put,128,10000,16,4,135168,transpose,20261005,14286411,1428.641100,1.433530087,0
5660,mapping,put,128,10000,16,4,135168,shuffle,20261005,19191006,1919.100600,1.067166568,0
5661,mapping,put,128,10000,16,4,262144,identity,20261005,10451066,1045.106600,1.959608714,0
5662,mapping,put,128,10000,16,4,262144,reverse,20261005,10620851,1062.085100,1.928282395,0
5663,mapping,put,128,10000,16,4,262144,transpose,20261005,14257911,1425.791100,1.436395556,0
5664,mapping,put,128,10000,16,4,262144,shuffle,20261005,15268093,1526.809300,1.341359396,0
5665,mapping,put,256,10000,16,4,131200,identity,20261005,18710571,1871.057100,2.189136825,0
5666,mapping,put,256,10000,16,4,131200,reverse,20261005,15134119,1513.411900,2.706467420,0
5667,mapping,put,256,10000,16,4,131200,transpose,20261005,12674132,1267.413200,3.231779502,0
5668,mapping,put,256,10000,16,4,131200,shuffle,20261005,20096886,2009.688600,2.038126703,0
5669,mapping,put,256,10000,16,4,131328,identity,20261005,20756213,2075.621300,1.973385029,0
5670,mapping,put,256,10000,16,4,131328,reverse,20261005,31656156,3165.615600,1.293903151,0
5671,mapping,put,256,10000,16,4,131328,transpose,20261005,21109774,2110.977400,1.940333421,0
5672,mapping,put,256,10000,16,4,131328,shuffle,20261005,18357256,1835.725600,2.231270294,0
5673,mapping,put,256,10000,16,4,135168,identity,20261005,14128816,1412.881600,2.899039806,0
5674,mapping,put,256,10000,16,4,135168,reverse,20261005,15667961,1566.796100,2.614252103,0
5675,mapping,put,256,10000,16,4,135168,transpose,20261005,15467411,1546.741100,2.648148420,0
5676,mapping,put,256,10000,16,4,135168,shuffle,20261005,19798508,1979.850800,2.068842763,0
5677,mapping,put,256,10000,16,4,262144,identity,20261005,13586792,1358.679200,3.014692504,0
5678,mapping,put,256,10000,16,4,262144,reverse,20261005,13607658,1360.765800,3.010069771,0
5679,mapping,put,256,10000,16,4,262144,transpose,20261005,18140356,1814.035600,2.257949072,0
5680,mapping,put,256,10000,16,4,262144,shuffle,20261005,19635261,1963.526100,2.086043063,0
5681,mapping,put,4096,1000,16,4,131200,identity,20261005,6201431,6201.431000,10.567883445,0
5682,mapping,put,4096,1000,16,4,131200,reverse,20261005,5749898,5749.898000,11.397767404,0
5683,mapping,put,4096,1000,16,4,131200,transpose,20261005,5707457,5707.457000,11.482521901,0
5684,mapping,put,4096,1000,16,4,131200,shuffle,20261005,6764899,6764.899000,9.687653873,0
5685,mapping,put,4096,1000,16,4,131328,identity,20261005,7715984,7715.984000,8.493537571,0
5686,mapping,put,4096,1000,16,4,131328,reverse,20261005,9672756,9672.756000,6.775318224,0
5687,mapping,put,4096,1000,16,4,131328,transpose,20261005,6341567,6341.567000,10.334354269,0
5688,mapping,put,4096,1000,16,4,131328,shuffle,20261005,6574189,6574.189000,9.968682069,0
5689,mapping,put,4096,1000,16,4,135168,identity,20261005,5761004,5761.004000,11.375794914,0
5690,mapping,put,4096,1000,16,4,135168,reverse,20261005,5857185,5857.185000,11.188992665,0
5691,mapping,put,4096,1000,16,4,135168,transpose,20261005,6490200,6490.200000,10.097685742,0
5692,mapping,put,4096,1000,16,4,135168,shuffle,20261005,6895641,6895.641000,9.503975047,0
5693,mapping,put,4096,1000,16,4,262144,identity,20261005,6531652,6531.652000,10.033602525,0
5694,mapping,put,4096,1000,16,4,262144,reverse,20261005,6549178,6549.178000,10.006751992,0
5695,mapping,put,4096,1000,16,4,262144,transpose,20261005,6735043,6735.043000,9.730598602,0
5696,mapping,put,4096,1000,16,4,262144,shuffle,20261005,6923213,6923.213000,9.466125049,0
5697,mapping,put,32768,1000,16,4,131200,identity,20261005,28340711,28340.711000,18.499465310,0
5698,mapping,put,32768,1000,16,4,131200,reverse,20261005,28291326,28291.326000,18.531757755,0
5699,mapping,put,32768,1000,16,4,131200,transpose,20261005,35434122,35434.122000,14.796133512,0
5700,mapping,put,32768,1000,16,4,131200,shuffle,20261005,35843581,35843.581000,14.627109942,0
5701,mapping,put,32768,1000,16,4,131328,identity,20261005,28387127,28387.127000,18.469216698,0
5702,mapping,put,32768,1000,16,4,131328,reverse,20261005,28617614,28617.614000,18.320465151,0
5703,mapping,put,32768,1000,16,4,131328,transpose,20261005,36014756,36014.756000,14.557588562,0
5704,mapping,put,32768,1000,16,4,131328,shuffle,20261005,35731056,35731.056000,14.673173947,0
5705,mapping,put,32768,1000,16,4,135168,identity,20261005,28181350,28181.350000,18.604076810,0
5706,mapping,put,32768,1000,16,4,135168,reverse,20261005,28934746,28934.746000,18.119668305,0
5707,mapping,put,32768,1000,16,4,135168,transpose,20261005,35651990,35651.990000,14.705714884,0
5708,mapping,put,32768,1000,16,4,135168,shuffle,20261005,34822183,34822.183000,15.056149696,0
5709,mapping,put,32768,1000,16,4,262144,identity,20261005,36540400,36540.400000,14.348173528,0
5710,mapping,put,32768,1000,16,4,262144,reverse,20261005,36457381,36457.381000,14.380846501,0
5711,mapping,put,32768,1000,16,4,262144,transpose,20261005,35930840,35930.840000,14.591587617,0
5712,mapping,put,32768,1000,16,4,262144,shuffle,20261005,36534834,36534.834000,14.350359441,0
5713,mapping,put,65536,1000,16,4,131200,identity,20261005,53285449,53285.449000,19.678467943,0
5714,mapping,put,65536,1000,16,4,131200,reverse,20261005,53297016,53297.016000,19.674197145,0
5715,mapping,put,65536,1000,16,4,131200,transpose,20261005,68101810,68101.810000,15.397182542,0
5716,mapping,put,65536,1000,16,4,131200,shuffle,20261005,67510901,67510.901000,15.531950907,0
5717,mapping,put,65536,1000,16,4,131328,identity,20261005,53568356,53568.356000,19.574541358,0
5718,mapping,put,65536,1000,16,4,131328,reverse,20261005,54096394,54096.394000,19.383473139,0
5719,mapping,put,65536,1000,16,4,131328,transpose,20261005,68275054,68275.054000,15.358113082,0
5720,mapping,put,65536,1000,16,4,131328,shuffle,20261005,67613553,67613.553000,15.508370045,0
5721,mapping,put,65536,1000,16,4,135168,identity,20261005,53737616,53737.616000,19.512886467,0
5722,mapping,put,65536,1000,16,4,135168,reverse,20261005,54138955,54138.955000,19.368234943,0
5723,mapping,put,65536,1000,16,4,135168,transpose,20261005,67942151,67942.151000,15.433364775,0
5724,mapping,put,65536,1000,16,4,135168,shuffle,20261005,66049190,66049.190000,15.875682957,0
5725,mapping,put,65536,1000,16,4,262144,identity,20261005,69738087,69738.087000,15.035915740,0
5726,mapping,put,65536,1000,16,4,262144,reverse,20261005,69548210,69548.210000,15.076966036,0
5727,mapping,put,65536,1000,16,4,262144,transpose,20261005,68752194,68752.194000,15.251527828,0
5728,mapping,put,65536,1000,16,4,262144,shuffle,20261005,69257171,69257.171000,15.140323881,0
5729,mapping,put,98304,1000,16,4,131200,identity,20261005,78658495,78658.495000,19.996111037,0
5730,mapping,put,98304,1000,16,4,131200,reverse,20261005,78863951,78863.951000,19.944017261,0
5731,mapping,put,98304,1000,16,4,131200,transpose,20261005,101698481,101698.481000,15.465953715,0
5732,mapping,put,98304,1000,16,4,131200,shuffle,20261005,99357004,99357.004000,15.830429025,0
5733,mapping,put,98304,1000,16,4,131328,identity,20261005,78861111,78861.111000,19.944735498,0
5734,mapping,put,98304,1000,16,4,131328,reverse,20261005,79747336,79747.336000,19.723091440,0
5735,mapping,put,98304,1000,16,4,131328,transpose,20261005,101123439,101123.439000,15.553901406,0
5736,mapping,put,98304,1000,16,4,131328,shuffle,20261005,98831937,98831.937000,15.914531757,0
5737,mapping,put,98304,1000,16,4,135168,identity,20261005,80276253,80276.253000,19.593141698,0
5738,mapping,put,98304,1000,16,4,135168,reverse,20261005,79399394,79399.394000,19.809521468,0
5739,mapping,put,98304,1000,16,4,135168,transpose,20261005,100622914,100622.914000,15.631270627,0
5740,mapping,put,98304,1000,16,4,135168,shuffle,20261005,99205154,99205.154000,15.854660132,0
5741,mapping,put,98304,1000,16,4,262144,identity,20261005,103204239,103204.239000,15.240304228,0
5742,mapping,put,98304,1000,16,4,262144,reverse,20261005,103205750,103205.750000,15.240081100,0
5743,mapping,put,98304,1000,16,4,262144,transpose,20261005,101175827,101175.827000,15.545847725,0
5744,mapping,put,98304,1000,16,4,262144,shuffle,20261005,102132313,102132.313000,15.400258290,0
5745,mapping,put,131072,1000,16,4,131200,identity,20261005,105885335,105885.335000,19.805877745,0
5746,mapping,put,131072,1000,16,4,131200,reverse,20261005,106054706,106054.706000,19.774247453,0
5747,mapping,put,131072,1000,16,4,131200,transpose,20261005,135414925,135414.925000,15.486860108,0
5748,mapping,put,131072,1000,16,4,131200,shuffle,20261005,128768503,128768.503000,16.286218688,0
5749,mapping,put,131072,1000,16,4,131328,identity,20261005,105368476,105368.476000,19.903030580,0
5750,mapping,put,131072,1000,16,4,131328,reverse,20261005,107251810,107251.810000,19.553534807,0
5751,mapping,put,131072,1000,16,4,131328,transpose,20261005,133622538,133622.538000,15.694597868,0
5752,mapping,put,131072,1000,16,4,131328,shuffle,20261005,130358489,130358.489000,16.087575240,0
5753,mapping,put,131072,1000,16,4,135168,identity,20261005,105630900,105630.900000,19.853584510,0
5754,mapping,put,131072,1000,16,4,135168,reverse,20261005,104690505,104690.505000,20.031921711,0
5755,mapping,put,131072,1000,16,4,135168,transpose,20261005,133160178,133160.178000,15.749092796,0
5756,mapping,put,131072,1000,16,4,135168,shuffle,20261005,130911491,130911.491000,16.019617407,0
5757,mapping,put,131072,1000,16,4,262144,identity,20261005,136658863,136658.863000,15.345890885,0
5758,mapping,put,131072,1000,16,4,262144,reverse,20261005,136463737,136463.737000,15.367833581,0
5759,mapping,put,131072,1000,16,4,262144,transpose,20261005,133302984,133302.984000,15.732220968,0
5760,mapping,put,131072,1000,16,4,262144,shuffle,20261005,134893623,134893.623000,15.546709721,0
5761,mapping,put,64,10000,32,0,131200,identity,20261005,9265064,926.506400,2.210454240,0
5762,mapping,put,64,10000,32,0,131200,reverse,20261005,9791099,979.109900,2.091695733,0
5763,mapping,put,64,10000,32,0,131200,transpose,20261005,10638693,1063.869300,1.925048500,0
5764,mapping,put,64,10000,32,0,131200,shuffle,20261005,10828601,1082.860100,1.891287711,0
5765,mapping,put,64,10000,32,0,131328,identity,20261005,14669012,1466.901200,1.396140381,0
5766,mapping,put,64,10000,32,0,131328,reverse,20261005,18891552,1889.155200,1.084082451,0
5767,mapping,put,64,10000,32,0,131328,transpose,20261005,13728125,1372.812500,1.491827908,0
5768,mapping,put,64,10000,32,0,131328,shuffle,20261005,13517633,1351.763300,1.515058147,0
5769,mapping,put,64,10000,32,0,135168,identity,20261005,11034401,1103.440100,1.856013752,0
5770,mapping,put,64,10000,32,0,135168,reverse,20261005,11027128,1102.712800,1.857237895,0
5771,mapping,put,64,10000,32,0,135168,transpose,20261005,12083481,1208.348100,1.694875839,0
5772,mapping,put,64,10000,32,0,135168,shuffle,20261005,15157812,1515.781200,1.351118486,0
5773,mapping,put,64,10000,32,0,262144,identity,20261005,8724995,872.499500,2.347279282,0
5774,mapping,put,64,10000,32,0,262144,reverse,20261005,8616996,861.699600,2.376698330,0
5775,mapping,put,64,10000,32,0,262144,transpose,20261005,10802321,1080.232100,1.895888856,0
5776,mapping,put,64,10000,32,0,262144,shuffle,20261005,11149316,1114.931600,1.836883985,0
5777,mapping,put,128,10000,32,0,131200,identity,20261005,2609209,260.920900,15.698244181,0
5778,mapping,put,128,10000,32,0,131200,reverse,20261005,2604544,260.454400,15.726361313,0
5779,mapping,put,128,10000,32,0,131200,transpose,20261005,2607191,260.719100,15.710394827,0
5780,mapping,put,128,10000,32,0,131200,shuffle,20261005,2606700,260.670000,15.713354049,0
5781,mapping,put,128,10000,32,0,131328,identity,20261005,3207369,320.736900,12.770591722,0
5782,mapping,put,128,10000,32,0,131328,reverse,20261005,2915595,291.559500,14.048590425,0
5783,mapping,put,128,10000,32,0,131328,transpose,20261005,2640755,264.075500,15.510715685,0
5784,mapping,put,128,10000,32,0,131328,shuffle,20261005,2624117,262.411700,15.609060114,0
5785,mapping,put,128,10000,32,0,135168,identity,20261005,2701098,270.109800,15.164203594,0
5786,mapping,put,128,10000,32,0,135168,reverse,20261005,2668755,266.875500,15.347980613,0
5787,mapping,put,128,10000,32,0,135168,transpose,20261005,2677009,267.700900,15.300658309,0
5788,mapping,put,128,10000,32,0,135168,shuffle,20261005,2695580,269.558000,15.195245550,0
5789,mapping,put,128,10000,32,0,262144,identity,20261005,2711314,271.131400,15.107066168,0
5790,mapping,put,128,10000,32,0,262144,reverse,20261005,2702908,270.290800,15.154048898,0
5791,mapping,put,128,10000,32,0,262144,transpose,20261005,2667973,266.797300,15.352479204,0
5792,mapping,put,128,10000,32,0,262144,shuffle,20261005,2652065,265.206500,15.444568666,0
5793,mapping,put,256,10000,32,0,131200,identity,20261005,4331045,433.104500,18.914603750,0
5794,mapping,put,256,10000,32,0,131200,reverse,20261005,4143537,414.353700,19.770548688,0
5795,mapping,put,256,10000,32,0,131200,transpose,20261005,4450689,445.068900,18.406138915,0
5796,mapping,put,256,10000,32,0,131200,shuffle,20261005,4557816,455.781600,17.973520651,0
5797,mapping,put,256,10000,32,0,131328,identity,20261005,6133718,613.371800,13.355684105,0
5798,mapping,put,256,10000,32,0,131328,reverse,20261005,5618073,561.807300,14.581512202,0
5799,mapping,put,256,10000,32,0,131328,transpose,20261005,4724568,472.456800,17.339151431,0
5800,mapping,put,256,10000,32,0,131328,shuffle,20261005,4682380,468.238000,17.495376283,0
5801,mapping,put,256,10000,32,0,135168,identity,20261005,4263317,426.331700,19.215085343,0
5802,mapping,put,256,10000,32,0,135168,reverse,20261005,4233780,423.378000,19.349139540,0
5803,mapping,put,256,10000,32,0,135168,transpose,20261005,4492321,449.232100,18.235562419,0
5804,mapping,put,256,10000,32,0,135168,shuffle,20261005,4645871,464.587100,17.632861524,0
5805,mapping,put,256,10000,32,0,262144,identity,20261005,4221546,422.154600,19.405213161,0
5806,mapping,put,256,10000,32,0,262144,reverse,20261005,4222884,422.288400,19.399064715,0
5807,mapping,put,256,10000,32,0,262144,transpose,20261005,4268979,426.897900,19.189600136,0
5808,mapping,put,256,10000,32,0,262144,shuffle,20261005,4406177,440.617700,18.592081072,0
5809,mapping,put,4096,1000,32,0,131200,identity,20261005,7730400,7730.400000,16.955396875,0
5810,mapping,put,4096,1000,32,0,131200,reverse,20261005,7738662,7738.662000,16.937294845,0
5811,mapping,put,4096,1000,32,0,131200,transpose,20261005,8611014,8611.014000,15.221436175,0
5812,mapping,put,4096,1000,32,0,131200,shuffle,20261005,9233080,9233.080000,14.195912956,0
5813,mapping,put,4096,1000,32,0,131328,identity,20261005,7531283,7531.283000,17.403674779,0
5814,mapping,put,4096,1000,32,0,131328,reverse,20261005,7823126,7823.126000,16.754427834,0
5815,mapping,put,4096,1000,32,0,131328,transpose,20261005,8727666,8727.666000,15.017989918,0
5816,mapping,put,4096,1000,32,0,131328,shuffle,20261005,9070507,9070.507000,14.450349909,0
5817,mapping,put,4096,1000,32,0,135168,identity,20261005,7908899,7908.899000,16.572723966,0
5818,mapping,put,4096,1000,32,0,135168,reverse,20261005,8143460,8143.460000,16.095369781,0
5819,mapping,put,4096,1000,32,0,135168,transpose,20261005,9064647,9064.647000,14.459691591,0
5820,mapping,put,4096,1000,32,0,135168,shuffle,20261005,9238292,9238.292000,14.187903998,0
5821,mapping,put,4096,1000,32,0,262144,identity,20261005,9987421,9987.421000,13.123708313,0
5822,mapping,put,4096,1000,32,0,262144,reverse,20261005,9839470,9839.470000,13.321042698,0
5823,mapping,put,4096,1000,32,0,262144,transpose,20261005,9903740,9903.740000,13.234596223,0
5824,mapping,put,4096,1000,32,0,262144,shuffle,20261005,10032834,10032.834000,13.064304662,0
5825,mapping,put,32768,1000,32,0,131200,identity,20261005,56186607,56186.607000,18.662383368,0
5826,mapping,put,32768,1000,32,0,131200,reverse,20261005,56200415,56200.415000,18.657798168,0
5827,mapping,put,32768,1000,32,0,131200,transpose,20261005,68590158,68590.158000,15.287557728,0
5828,mapping,put,32768,1000,32,0,131200,shuffle,20261005,68219557,68219.557000,15.370606995,0
5829,mapping,put,32768,1000,32,0,131328,identity,20261005,56312257,56312.257000,18.620741840,0
5830,mapping,put,32768,1000,32,0,131328,reverse,20261005,56190200,56190.200000,18.661190030,0
5831,mapping,put,32768,1000,32,0,131328,transpose,20261005,69266322,69266.322000,15.138323643,0
5832,mapping,put,32768,1000,32,0,131328,shuffle,20261005,68627395,68627.395000,15.279262749,0
5833,mapping,put,32768,1000,32,0,135168,identity,20261005,59673685,59673.685000,17.571832542,0
5834,mapping,put,32768,1000,32,0,135168,reverse,20261005,59714726,59714.726000,17.559755696,0
5835,mapping,put,32768,1000,32,0,135168,transpose,20261005,68240090,68240.090000,15.365982079,0
5836,mapping,put,32768,1000,32,0,135168,shuffle,20261005,68753032,68753.032000,15.251341934,0
5837,mapping,put,32768,1000,32,0,262144,identity,20261005,74103412,74103.412000,14.150171655,0
5838,mapping,put,32768,1000,32,0,262144,reverse,20261005,74001860,74001.860000,14.169589791,0
5839,mapping,put,32768,1000,32,0,262144,transpose,20261005,73588794,73588.794000,14.249126029,0
5840,mapping,put,32768,1000,32,0,262144,shuffle,20261005,73179291,73179.291000,14.328862519,0
5841,mapping,put,65536,1000,32,0,131200,identity,20261005,111573655,111573.655000,18.796121719,0
5842,mapping,put,65536,1000,32,0,131200,reverse,20261005,111864718,111864.718000,18.747215722,0
5843,mapping,put,65536,1000,32,0,131200,transpose,20261005,136347112,136347.112000,15.380978513,0
5844,mapping,put,65536,1000,32,0,131200,shuffle,20261005,135957815,135957.815000,15.425019886,0
5845,mapping,put,65536,1000,32,0,131328,identity,20261005,111523199,111523.199000,18.804625574,0
5846,mapping,put,65536,1000,32,0,131328,reverse,20261005,111771031,111771.031000,18.762929726,0
5847,mapping,put,65536,1000,32,0,131328,transpose,20261005,137799773,137799.773000,15.218834940,0
5848,mapping,put,65536,1000,32,0,131328,shuffle,20261005,136824328,136824.328000,15.327332724,0
5849,mapping,put,65536,1000,32,0,135168,identity,20261005,117505967,117505.967000,17.847195794,0
5850,mapping,put,65536,1000,32,0,135168,reverse,20261005,120006857,120006.857000,17.475268101,0
5851,mapping,put,65536,1000,32,0,135168,transpose,20261005,135304718,135304.718000,15.499474305,0
5852,mapping,put,65536,1000,32,0,135168,shuffle,20261005,136205161,136205.161000,15.397008341,0
5853,mapping,put,65536,1000,32,0,262144,identity,20261005,147234604,147234.604000,14.243608113,0
5854,mapping,put,65536,1000,32,0,262144,reverse,20261005,147680583,147680.583000,14.200593994,0
5855,mapping,put,65536,1000,32,0,262144,transpose,20261005,145295513,145295.513000,14.433701060,0
5856,mapping,put,65536,1000,32,0,262144,shuffle,20261005,144693466,144693.466000,14.493757444,0
5857,mapping,put,98304,1000,32,0,131200,identity,20261005,167281395,167281.395000,18.805008172,0
5858,mapping,put,98304,1000,32,0,131200,reverse,20261005,167674951,167674.951000,18.760870251,0
5859,mapping,put,98304,1000,32,0,131200,transpose,20261005,205068378,205068.378000,15.339897992,0
5860,mapping,put,98304,1000,32,0,131200,shuffle,20261005,203600493,203600.493000,15.450493040,0
5861,mapping,put,98304,1000,32,0,131328,identity,20261005,167393147,167393.147000,18.792453911,0
5862,mapping,put,98304,1000,32,0,131328,reverse,20261005,167776559,167776.559000,18.749508386,0
5863,mapping,put,98304,1000,32,0,131328,transpose,20261005,207359577,207359.577000,15.170401317,0
5864,mapping,put,98304,1000,32,0,131328,shuffle,20261005,203882999,203882.999000,15.429084403,0
5865,mapping,put,98304,1000,32,0,135168,identity,20261005,175588992,175588.992000,17.915291637,0
5866,mapping,put,98304,1000,32,0,135168,reverse,20261005,170697622,170697.622000,18.428657430,0
5867,mapping,put,98304,1000,32,0,135168,transpose,20261005,204191393,204191.393000,15.405781575,0
5868,mapping,put,98304,1000,32,0,135168,shuffle,20261005,208756253,208756.253000,15.068904307,0
5869,mapping,put,98304,1000,32,0,262144,identity,20261005,219451612,219451.612000,14.334494841,0
5870,mapping,put,98304,1000,32,0,262144,reverse,20261005,219566951,219566.951000,14.326964899,0
5871,mapping,put,98304,1000,32,0,262144,transpose,20261005,217814874,217814.874000,14.442209305,0
5872,mapping,put,98304,1000,32,0,262144,shuffle,20261005,216705215,216705.215000,14.516161967,0
5873,mapping,put,131072,1000,32,0,131200,identity,20261005,228614263,228614.263000,18.346641828,0
5874,mapping,put,131072,1000,32,0,131200,reverse,20261005,226122909,226122.909000,18.548779593,0
5875,mapping,put,131072,1000,32,0,131200,transpose,20261005,273054271,273054.271000,15.360697288,0
5876,mapping,put,131072,1000,32,0,131200,shuffle,20261005,270020141,270020.141000,15.533300533,0
5877,mapping,put,131072,1000,32,0,131328,identity,20261005,225878583,225878.583000,18.568843244,0
5878,mapping,put,131072,1000,32,0,131328,reverse,20261005,227577727,227577.727000,18.430204288,0
5879,mapping,put,131072,1000,32,0,131328,transpose,20261005,276665761,276665.761000,15.160184567,0
5880,mapping,put,131072,1000,32,0,131328,shuffle,20261005,270208041,270208.041000,15.522498829,0
5881,mapping,put,131072,1000,32,0,135168,identity,20261005,236181523,236181.523000,17.758815113,0
5882,mapping,put,131072,1000,32,0,135168,reverse,20261005,226095423,226095.423000,18.551034534,0
5883,mapping,put,131072,1000,32,0,135168,transpose,20261005,273394732,273394.732000,15.341568469,0
5884,mapping,put,131072,1000,32,0,135168,shuffle,20261005,275604803,275604.803000,15.218544649,0
5885,mapping,put,131072,1000,32,0,262144,identity,20261005,292378730,292378.730000,14.345448453,0
5886,mapping,put,131072,1000,32,0,262144,reverse,20261005,290282653,290282.653000,14.449034266,0
5887,mapping,put,131072,1000,32,0,262144,transpose,20261005,289162895,289162.895000,14.504986886,0
5888,mapping,put,131072,1000,32,0,262144,shuffle,20261005,288399340,288399.340000,14.543389732,0
5889,mapping,put,64,10000,32,4,131200,identity,20261005,17707596,1770.759600,1.156565804,0
5890,mapping,put,64,10000,32,4,131200,reverse,20261005,19528119,1952.811900,1.048744121,0
5891,mapping,put,64,10000,32,4,131200,transpose,20261005,20317642,2031.764200,1.007990986,0
5892,mapping,put,64,10000,32,4,131200,shuffle,20261005,20652197,2065.219700,0.991662049,0
5893,mapping,put,64,10000,32,4,131328,identity,20261005,26384597,2638.459700,0.776210453,0
5894,mapping,put,64,10000,32,4,131328,reverse,20261005,36422318,3642.231800,0.562292603,0
5895,mapping,put,64,10000,32,4,131328,transpose,20261005,24293482,2429.348200,0.843024479,0
5896,mapping,put,64,10000,32,4,131328,shuffle,20261005,25270476,2527.047600,0.810431905,0
5897,mapping,put,64,10000,32,4,135168,identity,20261005,20771868,2077.186800,0.985948880,0
5898,mapping,put,64,10000,32,4,135168,reverse,20261005,20871406,2087.140600,0.981246783,0
5899,mapping,put,64,10000,32,4,135168,transpose,20261005,23315917,2331.591700,0.878369914,0
5900,mapping,put,64,10000,32,4,135168,shuffle,20261005,28696397,2869.639700,0.713678445,0
5901,mapping,put,64,10000,32,4,262144,identity,20261005,15986947,1598.694700,1.281045093,0
5902,mapping,put,64,10000,32,4,262144,reverse,20261005,15978081,1597.808100,1.281755926,0
5903,mapping,put,64,10000,32,4,262144,transpose,20261005,20528917,2052.891700,0.997617166,0
5904,mapping,put,64,10000,32,4,262144,shuffle,20261005,21315710,2131.571000,0.960793706,0
5905,mapping,put,128,10000,32,4,131200,identity,20261005,24989869,2498.986900,1.639064214,0
5906,mapping,put,128,10000,32,4,131200,reverse,20261005,23998846,2399.884600,1.706748733,0
5907,mapping,put,128,10000,32,4,131200,transpose,20261005,24449590,2444.959000,1.675283716,0
5908,mapping,put,128,10000,32,4,131200,shuffle,20261005,27933362,2793.336200,1.466346944,0
5909,mapping,put,128,10000,32,4,131328,identity,20261005,33785333,3378.533300,1.212360405,0
5910,mapping,put,128,10000,32,4,131328,reverse,20261005,41919814,4191.981400,0.977103572,0
5911,mapping,put,128,10000,32,4,131328,transpose,20261005,30653702,3065.370200,1.336217074,0
5912,mapping,put,128,10000,32,4,131328,shuffle,20261005,32184388,3218.438800,1.272666735,0
5913,mapping,put,128,10000,32,4,135168,identity,20261005,31437159,3143.715900,1.302916717,0
5914,mapping,put,128,10000,32,4,135168,reverse,20261005,31544312,3154.431200,1.298490834,0
5915,mapping,put,128,10000,32,4,135168,transpose,20261005,33373584,3337.358400,1.227317989,0
5916,mapping,put,128,10000,32,4,135168,shuffle,20261005,38647497,3864.749700,1.059835777,0
5917,mapping,put,128,10000,32,4,262144,identity,20261005,24440026,2444.002600,1.675939297,0
5918,mapping,put,128,10000,32,4,262144,reverse,20261005,24367629,2436.762900,1.680918566,0
5919,mapping,put,128,10000,32,4,262144,transpose,20261005,30418312,3041.831200,1.346557297,0
5920,mapping,put,128,10000,32,4,262144,shuffle,20261005,30504195,3050.419500,1.342766134,0
5921,mapping,put,256,10000,32,4,131200,identity,20261005,28366680,2836.668000,2.887895235,0
5922,mapping,put,256,10000,32,4,131200,reverse,20261005,28928064,2892.806400,2.831852142,0
5923,mapping,put,256,10000,32,4,131200,transpose,20261005,27974694,2797.469400,2.928360896,0
5924,mapping,put,256,10000,32,4,131200,shuffle,20261005,29879371,2987.937100,2.741690914,0
5925,mapping,put,256,10000,32,4,131328,identity,20261005,45670133,4567.013300,1.793732460,0
5926,mapping,put,256,10000,32,4,131328,reverse,20261005,53812489,5381.248900,1.522323192,0
5927,mapping,put,256,10000,32,4,131328,transpose,20261005,38802610,3880.261000,2.111198190,0
5928,mapping,put,256,10000,32,4,131328,shuffle,20261005,35623889,3562.388900,2.299580487,0
5929,mapping,put,256,10000,32,4,135168,identity,20261005,32404335,3240.433500,2.528056817,0
5930,mapping,put,256,10000,32,4,135168,reverse,20261005,36383283,3638.328300,2.251583509,0
5931,mapping,put,256,10000,32,4,135168,transpose,20261005,34974527,3497.452700,2.342276137,0
5932,mapping,put,256,10000,32,4,135168,shuffle,20261005,34878358,3487.835800,2.348734422,0
5933,mapping,put,256,10000,32,4,262144,identity,20261005,29672874,2967.287400,2.760770662,0
5934,mapping,put,256,10000,32,4,262144,reverse,20261005,29656561,2965.656100,2.762289262,0
5935,mapping,put,256,10000,32,4,262144,transpose,20261005,36327407,3632.740700,2.255046720,0
5936,mapping,put,256,10000,32,4,262144,shuffle,20261005,34396178,3439.617800,2.381659962,0
5937,mapping,put,4096,1000,32,4,131200,identity,20261005,12444487,12444.487000,10.532535411,0
5938,mapping,put,4096,1000,32,4,131200,reverse,20261005,11852622,11852.622000,11.058481406,0
5939,mapping,put,4096,1000,32,4,131200,transpose,20261005,12041577,12041.577000,10.884953026,0
5940,mapping,put,4096,1000,32,4,131200,shuffle,20261005,13903528,13903.528000,9.427247530,0
5941,mapping,put,4096,1000,32,4,131328,identity,20261005,14366437,14366.437000,9.123486916,0
5942,mapping,put,4096,1000,32,4,131328,reverse,20261005,17328108,17328.108000,7.564126447,0
5943,mapping,put,4096,1000,32,4,131328,transpose,20261005,13082190,13082.190000,10.019117594,0
5944,mapping,put,4096,1000,32,4,131328,shuffle,20261005,13749201,13749.201000,9.533063049,0
5945,mapping,put,4096,1000,32,4,135168,identity,20261005,12132221,12132.221000,10.803627794,0
5946,mapping,put,4096,1000,32,4,135168,reverse,20261005,12244402,12244.402000,10.704646907,0
5947,mapping,put,4096,1000,32,4,135168,transpose,20261005,13354256,13354.256000,9.814998305,0
5948,mapping,put,4096,1000,32,4,135168,shuffle,20261005,15095876,15095.876000,8.682636238,0
5949,mapping,put,4096,1000,32,4,262144,identity,20261005,13265154,13265.154000,9.880925619,0
5950,mapping,put,4096,1000,32,4,262144,reverse,20261005,13175970,13175.970000,9.947806499,0
5951,mapping,put,4096,1000,32,4,262144,transpose,20261005,14192077,14192.077000,9.235575596,0
5952,mapping,put,4096,1000,32,4,262144,shuffle,20261005,14325948,14325.948000,9.149272355,0
5953,mapping,put,32768,1000,32,4,131200,identity,20261005,62227437,62227.437000,16.850702046,0
5954,mapping,put,32768,1000,32,4,131200,reverse,20261005,62062585,62062.585000,16.895461251,0
5955,mapping,put,32768,1000,32,4,131200,transpose,20261005,74244534,74244.534000,14.123275392,0
5956,mapping,put,32768,1000,32,4,131200,shuffle,20261005,74271647,74271.647000,14.118119664,0
5957,mapping,put,32768,1000,32,4,131328,identity,20261005,62551304,62551.304000,16.763455483,0
5958,mapping,put,32768,1000,32,4,131328,reverse,20261005,62145138,62145.138000,16.873017484,0
5959,mapping,put,32768,1000,32,4,131328,transpose,20261005,74366139,74366.139000,14.100180729,0
5960,mapping,put,32768,1000,32,4,131328,shuffle,20261005,73652985,73652.985000,14.236707446,0
5961,mapping,put,32768,1000,32,4,135168,identity,20261005,63663150,63663.150000,16.470689873,0
5962,mapping,put,32768,1000,32,4,135168,reverse,20261005,65567502,65567.502000,15.992312777,0
5963,mapping,put,32768,1000,32,4,135168,transpose,20261005,71715941,71715.941000,14.621240207,0
5964,mapping,put,32768,1000,32,4,135168,shuffle,20261005,73934009,73934.009000,14.182593561,0
5965,mapping,put,32768,1000,32,4,262144,identity,20261005,76933835,76933.835000,13.629581835,0
5966,mapping,put,32768,1000,32,4,262144,reverse,20261005,76738902,76738.902000,13.664203848,0
5967,mapping,put,32768,1000,32,4,262144,transpose,20261005,76814472,76814.472000,13.650761018,0
5968,mapping,put,32768,1000,32,4,262144,shuffle,20261005,76354825,76354.825000,13.732936982,0
5969,mapping,put,65536,1000,32,4,131200,identity,20261005,117504517,117504.517000,17.847416027,0
5970,mapping,put,65536,1000,32,4,131200,reverse,20261005,117640416,117640.416000,17.826798572,0
5971,mapping,put,65536,1000,32,4,131200,transpose,20261005,142342792,142342.792000,14.733109914,0
5972,mapping,put,65536,1000,32,4,131200,shuffle,20261005,142380244,142380.244000,14.729234486,0
5973,mapping,put,65536,1000,32,4,131328,identity,20261005,118086789,118086.789000,17.759412528,0
5974,mapping,put,65536,1000,32,4,131328,reverse,20261005,117710136,117710.136000,17.816239716,0
5975,mapping,put,65536,1000,32,4,131328,transpose,20261005,143332281,143332.281000,14.631400445,0
5976,mapping,put,65536,1000,32,4,131328,shuffle,20261005,141141513,141141.513000,14.858505874,0
5977,mapping,put,65536,1000,32,4,135168,identity,20261005,120050674,120050.674000,17.468889846,0
5978,mapping,put,65536,1000,32,4,135168,reverse,20261005,121116128,121116.128000,17.315216682,0
5979,mapping,put,65536,1000,32,4,135168,transpose,20261005,138391914,138391.914000,15.153717724,0
5980,mapping,put,65536,1000,32,4,135168,shuffle,20261005,142318115,142318.115000,14.735664536,0
5981,mapping,put,65536,1000,32,4,262144,identity,20261005,149981208,149981.208000,13.982765094,0
5982,mapping,put,65536,1000,32,4,262144,reverse,20261005,149330164,149330.164000,14.043726624,0
5983,mapping,put,65536,1000,32,4,262144,transpose,20261005,149352703,149352.703000,14.041607268,0
5984,mapping,put,65536,1000,32,4,262144,shuffle,20261005,147948805,147948.805000,14.174849199,0
5985,mapping,put,98304,1000,32,4,131200,identity,20261005,173822033,173822.033000,18.097406558,0
5986,mapping,put,98304,1000,32,4,131200,reverse,20261005,174188648,174188.648000,18.059316931,0
5987,mapping,put,98304,1000,32,4,131200,transpose,20261005,211340674,211340.674000,14.884631247,0
5988,mapping,put,98304,1000,32,4,131200,shuffle,20261005,209285661,209285.661000,15.030786080,0
5989,mapping,put,98304,1000,32,4,131328,identity,20261005,173767589,173767.589000,18.103076748,0
5990,mapping,put,98304,1000,32,4,131328,reverse,20261005,174645538,174645.538000,18.012071972,0
5991,mapping,put,98304,1000,32,4,131328,transpose,20261005,213145433,213145.433000,14.758599120,0
5992,mapping,put,98304,1000,32,4,131328,shuffle,20261005,208591295,208591.295000,15.080821086,0
5993,mapping,put,98304,1000,32,4,135168,identity,20261005,181767430,181767.430000,17.306334804,0
5994,mapping,put,98304,1000,32,4,135168,reverse,20261005,176240339,176240.339000,17.849080510,0
5995,mapping,put,98304,1000,32,4,135168,transpose,20261005,206705279,206705.279000,15.218421200,0
5996,mapping,put,98304,1000,32,4,135168,shuffle,20261005,211690773,211690.773000,14.860014706,0
5997,mapping,put,98304,1000,32,4,262144,identity,20261005,222927880,222927.880000,14.110967188,0
5998,mapping,put,98304,1000,32,4,262144,reverse,20261005,222426772,222426.772000,14.142757959,0
5999,mapping,put,98304,1000,32,4,262144,transpose,20261005,222234164,222234.164000,14.155015338,0
6000,mapping,put,98304,1000,32,4,262144,shuffle,20261005,220427832,220427.832000,14.271010931,0
6001,mapping,put,131072,1000,32,4,131200,identity,20261005,234229695,234229.695000,17.906798709,0
6002,mapping,put,131072,1000,32,4,131200,reverse,20261005,231898691,231898.691000,18.086794634,0
6003,mapping,put,131072,1000,32,4,131200,transpose,20261005,279758095,279758.095000,14.992609955,0
6004,mapping,put,131072,1000,32,4,131200,shuffle,20261005,275931092,275931.092000,15.200548694,0
6005,mapping,put,131072,1000,32,4,131328,identity,20261005,232675877,232675.877000,18.026380964,0
6006,mapping,put,131072,1000,32,4,131328,reverse,20261005,236331642,236331.642000,17.747534628,0
6007,mapping,put,131072,1000,32,4,131328,transpose,20261005,282574133,282574.133000,14.843198687,0
6008,mapping,put,131072,1000,32,4,131328,shuffle,20261005,273821514,273821.514000,15.317656888,0
6009,mapping,put,131072,1000,32,4,135168,identity,20261005,242096647,242096.647000,17.324915698,0
6010,mapping,put,131072,1000,32,4,135168,reverse,20261005,235960733,235960.733000,17.775432152,0
6011,mapping,put,131072,1000,32,4,135168,transpose,20261005,276234289,276234.289000,15.183864448,0
6012,mapping,put,131072,1000,32,4,135168,shuffle,20261005,279243861,279243.861000,15.020219191,0
6013,mapping,put,131072,1000,32,4,262144,identity,20261005,295400029,295400.029000,14.198725756,0
6014,mapping,put,131072,1000,32,4,262144,reverse,20261005,295300626,295300.626000,14.203505278,0
6015,mapping,put,131072,1000,32,4,262144,transpose,20261005,294547240,294547.240000,14.239834670,0
6016,mapping,put,131072,1000,32,4,262144,shuffle,20261005,291953303,291953.303000,14.366352279,0
6017,mapping,put,64,10000,64,0,131200,identity,20261005,19162865,1916.286500,2.137467440,0
6018,mapping,put,64,10000,64,0,131200,reverse,20261005,19126517,1912.651700,2.141529480,0
6019,mapping,put,64,10000,64,0,131200,transpose,20261005,19139857,1913.985700,2.140036887,0
6020,mapping,put,64,10000,64,0,131200,shuffle,20261005,19108103,1910.810300,2.143593218,0
6021,mapping,put,64,10000,64,0,131328,identity,20261005,23443192,2344.319200,1.747202343,0
6022,mapping,put,64,10000,64,0,131328,reverse,20261005,23060279,2306.027900,1.776214416,0
6023,mapping,put,64,10000,64,0,131328,transpose,20261005,23674962,2367.496200,1.730097814,0
6024,mapping,put,64,10000,64,0,131328,shuffle,20261005,23510017,2351.001700,1.742236086,0
6025,mapping,put,64,10000,64,0,135168,identity,20261005,24665656,2466.565600,1.660608581,0
6026,mapping,put,64,10000,64,0,135168,reverse,20261005,24687064,2468.706400,1.659168543,0
6027,mapping,put,64,10000,64,0,135168,transpose,20261005,24702689,2470.268900,1.658119082,0
6028,mapping,put,64,10000,64,0,135168,shuffle,20261005,24644162,2464.416200,1.662056920,0
6029,mapping,put,64,10000,64,0,262144,identity,20261005,18647632,1864.763200,2.196525543,0
6030,mapping,put,64,10000,64,0,262144,reverse,20261005,18626248,1862.624800,2.199047280,0
6031,mapping,put,64,10000,64,0,262144,transpose,20261005,18668723,1866.872300,2.194044017,0
6032,mapping,put,64,10000,64,0,262144,shuffle,20261005,18626858,1862.685800,2.198975265,0
6033,mapping,put,128,10000,64,0,131200,identity,20261005,4354622,435.462200,18.812195410,0
6034,mapping,put,128,10000,64,0,131200,reverse,20261005,4396816,439.681600,18.631664368,0
6035,mapping,put,128,10000,64,0,131200,transpose,20261005,4365045,436.504500,18.767275022,0
6036,mapping,put,128,10000,64,0,131200,shuffle,20261005,4428486,442.848600,18.498421357,0
6037,mapping,put,128,10000,64,0,131328,identity,20261005,4741734,474.173400,17.276380328,0
6038,mapping,put,128,10000,64,0,131328,reverse,20261005,4722392,472.239200,17.347141025,0
6039,mapping,put,128,10000,64,0,131328,transpose,20261005,4814325,481.432500,17.015884885,0
6040,mapping,put,128,10000,64,0,131328,shuffle,20261005,4760016,476.001600,17.210026185,0
6041,mapping,put,128,10000,64,0,135168,identity,20261005,5503466,550.346600,14.885165094,0
6042,mapping,put,128,10000,64,0,135168,reverse,20261005,5473977,547.397700,14.965353344,0
6043,mapping,put,128,10000,64,0,135168,transpose,20261005,5495888,549.588800,14.905689490,0
6044,mapping,put,128,10000,64,0,135168,shuffle,20261005,5448165,544.816500,15.036255326,0
6045,mapping,put,128,10000,64,0,262144,identity,20261005,5769484,576.948400,14.198843432,0
6046,mapping,put,128,10000,64,0,262144,reverse,20261005,5650690,565.069000,14.497344572,0
6047,mapping,put,128,10000,64,0,262144,transpose,20261005,5494851,549.485100,14.908502524,0
6048,mapping,put,128,10000,64,0,262144,shuffle,20261005,5512649,551.264900,14.860369307,0
6049,mapping,put,256,10000,64,0,131200,identity,20261005,9037598,903.759800,18.128710748,0
6050,mapping,put,256,10000,64,0,131200,reverse,20261005,8907945,890.794500,18.392569779,0
6051,mapping,put,256,10000,64,0,131200,transpose,20261005,9018467,901.846700,18.167167435,0
6052,mapping,put,256,10000,64,0,131200,shuffle,20261005,8927370,892.737000,18.352549519,0
6053,mapping,put,256,10000,64,0,131328,identity,20261005,9077494,907.749400,18.049034238,0
6054,mapping,put,256,10000,64,0,131328,reverse,20261005,9132639,913.263900,17.940049968,0
6055,mapping,put,256,10000,64,0,131328,transpose,20261005,9077974,907.797400,18.048079891,0
6056,mapping,put,256,10000,64,0,131328,shuffle,20261005,9171556,917.155600,17.863926252,0
6057,mapping,put,256,10000,64,0,135168,identity,20261005,9010086,901.008600,18.184066168,0
6058,mapping,put,256,10000,64,0,135168,reverse,20261005,8929325,892.932500,18.348531384,0
6059,mapping,put,256,10000,64,0,135168,transpose,20261005,8795609,879.560900,18.627476506,0
6060,mapping,put,256,10000,64,0,135168,shuffle,20261005,9015050,901.505000,18.174053389,0
6061,mapping,put,256,10000,64,0,262144,identity,20261005,8674729,867.472900,18.887045347,0
6062,mapping,put,256,10000,64,0,262144,reverse,20261005,8710912,871.091200,18.808593176,0
6063,mapping,put,256,10000,64,0,262144,transpose,20261005,8778191,877.819100,18.664437810,0
6064,mapping,put,256,10000,64,0,262144,shuffle,20261005,8983512,898.351200,18.237856197,0
6065,mapping,put,4096,1000,64,0,131200,identity,20261005,17437946,17437.946000,15.032963171,0
6066,mapping,put,4096,1000,64,0,131200,reverse,20261005,17512789,17512.789000,14.968718004,0
6067,mapping,put,4096,1000,64,0,131200,transpose,20261005,19260975,19260.975000,13.610110599,0
6068,mapping,put,4096,1000,64,0,131200,shuffle,20261005,19519648,19519.648000,13.429750373,0
6069,mapping,put,4096,1000,64,0,131328,identity,20261005,17419495,17419.495000,15.048886320,0
6070,mapping,put,4096,1000,64,0,131328,reverse,20261005,17536293,17536.293000,14.948655340,0
6071,mapping,put,4096,1000,64,0,131328,transpose,20261005,19210067,19210.067000,13.646178329,0
6072,mapping,put,4096,1000,64,0,131328,shuffle,20261005,19203456,19203.456000,13.650876176,0
6073,mapping,put,4096,1000,64,0,135168,identity,20261005,18171896,18171.896000,14.425792443,0
6074,mapping,put,4096,1000,64,0,135168,reverse,20261005,18019799,18019.799000,14.547554054,0
6075,mapping,put,4096,1000,64,0,135168,transpose,20261005,18774040,18774.040000,13.963110764,0
6076,mapping,put,4096,1000,64,0,135168,shuffle,20261005,18991882,18991.882000,13.802950124,0
6077,mapping,put,4096,1000,64,0,262144,identity,20261005,20022041,20022.041000,13.092771112,0
6078,mapping,put,4096,1000,64,0,262144,reverse,20261005,20193732,20193.732000,12.981453849,0
6079,mapping,put,4096,1000,64,0,262144,transpose,20261005,20361850,20361.850000,12.874272230,0
6080,mapping,put,4096,1000,64,0,262144,shuffle,20261005,20290206,20290.206000,12.919730830,0
6081,mapping,put,32768,1000,64,0,131200,identity,20261005,134979817,134979.817000,15.536782066,0
6082,mapping,put,32768,1000,64,0,131200,reverse,20261005,134792178,134792.178000,15.558410222,0
6083,mapping,put,32768,1000,64,0,131200,transpose,20261005,150779240,150779.240000,13.908758261,0
6084,mapping,put,32768,1000,64,0,131200,shuffle,20261005,148672571,148672.571000,14.105843370,0
6085,mapping,put,32768,1000,64,0,131328,identity,20261005,135636441,135636.441000,15.461567589,0
6086,mapping,put,32768,1000,64,0,131328,reverse,20261005,135600107,135600.107000,15.465710510,0
6087,mapping,put,32768,1000,64,0,131328,transpose,20261005,152595454,152595.454000,13.743214133,0
6088,mapping,put,32768,1000,64,0,131328,shuffle,20261005,149731064,149731.064000,14.006125008,0
6089,mapping,put,32768,1000,64,0,135168,identity,20261005,140596319,140596.319000,14.916123089,0
6090,mapping,put,32768,1000,64,0,135168,reverse,20261005,140922516,140922.516000,14.881596352,0
6091,mapping,put,32768,1000,64,0,135168,transpose,20261005,147299712,147299.712000,14.237312290,0
6092,mapping,put,32768,1000,64,0,135168,shuffle,20261005,148999423,148999.423000,14.074900142,0
6093,mapping,put,32768,1000,64,0,262144,identity,20261005,157810320,157810.320000,13.289067534,0
6094,mapping,put,32768,1000,64,0,262144,reverse,20261005,157521205,157521.205000,13.313458337,0
6095,mapping,put,32768,1000,64,0,262144,transpose,20261005,156684703,156684.703000,13.384535694,0
6096,mapping,put,32768,1000,64,0,262144,shuffle,20261005,156801347,156801.347000,13.374578982,0
6097,mapping,put,65536,1000,64,0,131200,identity,20261005,269162250,269162.250000,15.582809254,0
6098,mapping,put,65536,1000,64,0,131200,reverse,20261005,268879832,268879.832000,15.599176661,0
6099,mapping,put,65536,1000,64,0,131200,transpose,20261005,301468779,301468.779000,13.912896765,0
6100,mapping,put,65536,1000,64,0,131200,shuffle,20261005,297145814,297145.814000,14.115305693,0
6101,mapping,put,65536,1000,64,0,131328,identity,20261005,269936583,269936.583000,15.538108816,0
6102,mapping,put,65536,1000,64,0,131328,reverse,20261005,271362032,271362.032000,15.456488032,0
6103,mapping,put,65536,1000,64,0,131328,transpose,20261005,307312552,307312.552000,13.648332854,0
6104,mapping,put,65536,1000,64,0,131328,shuffle,20261005,298462135,298462.135000,14.053052324,0
6105,mapping,put,65536,1000,64,0,135168,identity,20261005,280822134,280822.134000,14.935802746,0
6106,mapping,put,65536,1000,64,0,135168,reverse,20261005,280578317,280578.317000,14.948781662,0
6107,mapping,put,65536,1000,64,0,135168,transpose,20261005,295226229,295226.229000,14.207084561,0
6108,mapping,put,65536,1000,64,0,135168,shuffle,20261005,296926989,296926.989000,14.125708189,0
6109,mapping,put,65536,1000,64,0,262144,identity,20261005,313326001,313326.001000,13.386389852,0
6110,mapping,put,65536,1000,64,0,262144,reverse,20261005,315114008,315114.008000,13.310433346,0
6111,mapping,put,65536,1000,64,0,262144,transpose,20261005,314250596,314250.596000,13.347004122,0
6112,mapping,put,65536,1000,64,0,262144,shuffle,20261005,314211812,314211.812000,13.348651578,0
6113,mapping,put,98304,1000,64,0,131200,identity,20261005,404914603,404914.603000,15.537735496,0
6114,mapping,put,98304,1000,64,0,131200,reverse,20261005,404743960,404743.960000,15.544286319,0
6115,mapping,put,98304,1000,64,0,131200,transpose,20261005,449999661,449999.661000,13.981023866,0
6116,mapping,put,98304,1000,64,0,131200,shuffle,20261005,444313223,444313.223000,14.159956702,0
6117,mapping,put,98304,1000,64,0,131328,identity,20261005,406870146,406870.146000,15.463056363,0
6118,mapping,put,98304,1000,64,0,131328,reverse,20261005,410354911,410354.911000,15.331742917,0
6119,mapping,put,98304,1000,64,0,131328,transpose,20261005,458498548,458498.548000,13.721866792,0
6120,mapping,put,98304,1000,64,0,131328,shuffle,20261005,443730806,443730.806000,14.178542294,0
6121,mapping,put,98304,1000,64,0,135168,identity,20261005,420174724,420174.724000,14.973428054,0
6122,mapping,put,98304,1000,64,0,135168,reverse,20261005,422174398,422174.398000,14.902504817,0
6123,mapping,put,98304,1000,64,0,135168,transpose,20261005,447425131,447425.131000,14.061472108,0
6124,mapping,put,98304,1000,64,0,135168,shuffle,20261005,444559273,444559.273000,14.152119598,0
6125,mapping,put,98304,1000,64,0,262144,identity,20261005,470698878,470698.878000,13.366201396,0
6126,mapping,put,98304,1000,64,0,262144,reverse,20261005,470141359,470141.359000,13.382051759,0
6127,mapping,put,98304,1000,64,0,262144,transpose,20261005,469111675,469111.675000,13.411424902,0
6128,mapping,put,98304,1000,64,0,262144,shuffle,20261005,469187000,469187.000000,13.409271783,0
6129,mapping,put,131072,1000,64,0,131200,identity,20261005,543533123,543533.123000,15.433480767,0
6130,mapping,put,131072,1000,64,0,131200,reverse,20261005,544567393,544567.393000,15.404168718,0
6131,mapping,put,131072,1000,64,0,131200,transpose,20261005,592502050,592502.050000,14.157939200,0
6132,mapping,put,131072,1000,64,0,131200,shuffle,20261005,587300418,587300.418000,14.283333951,0
6133,mapping,put,131072,1000,64,0,131328,identity,20261005,551829222,551829.222000,15.201456656,0
6134,mapping,put,131072,1000,64,0,131328,reverse,20261005,552152406,552152.406000,15.192558991,0
6135,mapping,put,131072,1000,64,0,131328,transpose,20261005,600577104,600577.104000,13.967578757,0
6136,mapping,put,131072,1000,64,0,131328,shuffle,20261005,588931578,588931.578000,14.243773493,0
6137,mapping,put,131072,1000,64,0,135168,identity,20261005,556928461,556928.461000,15.062272064,0
6138,mapping,put,131072,1000,64,0,135168,reverse,20261005,556438935,556438.935000,15.075523067,0
6139,mapping,put,131072,1000,64,0,135168,transpose,20261005,596231962,596231.962000,14.069369867,0
6140,mapping,put,131072,1000,64,0,135168,shuffle,20261005,589965521,589965.521000,14.218810594,0
6141,mapping,put,131072,1000,64,0,262144,identity,20261005,628152055,628152.055000,13.354422601,0
6142,mapping,put,131072,1000,64,0,262144,reverse,20261005,627603929,627603.929000,13.366085858,0
6143,mapping,put,131072,1000,64,0,262144,transpose,20261005,625416187,625416.187000,13.412841200,0
6144,mapping,put,131072,1000,64,0,262144,shuffle,20261005,623558418,623558.418000,13.452802108,0
6145,mapping,put,64,10000,64,4,131200,identity,20261005,35738772,3573.877200,1.146094219,0
6146,mapping,put,64,10000,64,4,131200,reverse,20261005,35741901,3574.190100,1.145993885,0
6147,mapping,put,64,10000,64,4,131200,transpose,20261005,35770281,3577.028100,1.145084658,0
6148,mapping,put,64,10000,64,4,131200,shuffle,20261005,36942803,3694.280300,1.108740991,0
6149,mapping,put,64,10000,64,4,131328,identity,20261005,43291674,4329.167400,0.946140359,0
6150,mapping,put,64,10000,64,4,131328,reverse,20261005,44425889,4442.588900,0.921984926,0
6151,mapping,put,64,10000,64,4,131328,transpose,20261005,45340360,4534.036000,0.903389386,0
6152,mapping,put,64,10000,64,4,131328,shuffle,20261005,44662073,4466.207300,0.917109244,0
6153,mapping,put,64,10000,64,4,135168,identity,20261005,47797782,4779.778200,0.856943529,0
6154,mapping,put,64,10000,64,4,135168,reverse,20261005,47779458,4777.945800,0.857272178,0
6155,mapping,put,64,10000,64,4,135168,transpose,20261005,47829133,4782.913300,0.856381821,0
6156,mapping,put,64,10000,64,4,135168,shuffle,20261005,48014769,4801.476900,0.853070854,0
6157,mapping,put,64,10000,64,4,262144,identity,20261005,35935139,3593.513900,1.139831406,0
6158,mapping,put,64,10000,64,4,262144,reverse,20261005,36083262,3608.326200,1.135152360,0
6159,mapping,put,64,10000,64,4,262144,transpose,20261005,36063912,3606.391200,1.135761423,0
6160,mapping,put,64,10000,64,4,262144,shuffle,20261005,36006397,3600.639700,1.137575637,0
6161,mapping,put,128,10000,64,4,131200,identity,20261005,51813140,5181.314000,1.581066116,0
6162,mapping,put,128,10000,64,4,131200,reverse,20261005,51822843,5182.284300,1.580770086,0
6163,mapping,put,128,10000,64,4,131200,transpose,20261005,51968873,5196.887300,1.576328199,0
6164,mapping,put,128,10000,64,4,131200,shuffle,20261005,53117899,5311.789900,1.542229673,0
6165,mapping,put,128,10000,64,4,131328,identity,20261005,64841013,6484.101300,1.263397905,0
6166,mapping,put,128,10000,64,4,131328,reverse,20261005,64720431,6472.043100,1.265751769,0
6167,mapping,put,128,10000,64,4,131328,transpose,20261005,64360996,6436.099600,1.272820576,0
6168,mapping,put,128,10000,64,4,131328,shuffle,20261005,64582348,6458.234800,1.268458062,0
6169,mapping,put,128,10000,64,4,135168,identity,20261005,66030082,6603.008200,1.240646650,0
6170,mapping,put,128,10000,64,4,135168,reverse,20261005,66047575,6604.757500,1.240318059,0
6171,mapping,put,128,10000,64,4,135168,transpose,20261005,65725313,6572.531300,1.246399542,0
6172,mapping,put,128,10000,64,4,135168,shuffle,20261005,66751402,6675.140200,1.227240141,0
6173,mapping,put,128,10000,64,4,262144,identity,20261005,50095709,5009.570900,1.635269799,0
6174,mapping,put,128,10000,64,4,262144,reverse,20261005,50083553,5008.355300,1.635666703,0
6175,mapping,put,128,10000,64,4,262144,transpose,20261005,51114314,5111.431400,1.602682176,0
6176,mapping,put,128,10000,64,4,262144,shuffle,20261005,50346626,5034.662600,1.627119958,0
6177,mapping,put,256,10000,64,4,131200,identity,20261005,60662478,6066.247800,2.700845818,0
6178,mapping,put,256,10000,64,4,131200,reverse,20261005,60592350,6059.235000,2.703971706,0
6179,mapping,put,256,10000,64,4,131200,transpose,20261005,60176043,6017.604300,2.722678193,0
6180,mapping,put,256,10000,64,4,131200,shuffle,20261005,60861799,6086.179900,2.692000609,0
6181,mapping,put,256,10000,64,4,131328,identity,20261005,68401624,6840.162400,2.395264767,0
6182,mapping,put,256,10000,64,4,131328,reverse,20261005,69134501,6913.450100,2.369873184,0
6183,mapping,put,256,10000,64,4,131328,transpose,20261005,68837870,6883.787000,2.380085264,0
6184,mapping,put,256,10000,64,4,131328,shuffle,20261005,68924284,6892.428400,2.377101226,0
6185,mapping,put,256,10000,64,4,135168,identity,20261005,72538479,7253.847900,2.258663295,0
6186,mapping,put,256,10000,64,4,135168,reverse,20261005,72560966,7256.096600,2.257963324,0
6187,mapping,put,256,10000,64,4,135168,transpose,20261005,72428116,7242.811600,2.262104954,0
6188,mapping,put,256,10000,64,4,135168,shuffle,20261005,72796620,7279.662000,2.250653945,0
6189,mapping,put,256,10000,64,4,262144,identity,20261005,64637759,6463.775900,2.534741342,0
6190,mapping,put,256,10000,64,4,262144,reverse,20261005,64625781,6462.578100,2.535211141,0
6191,mapping,put,256,10000,64,4,262144,transpose,20261005,65387177,6538.717700,2.505690068,0
6192,mapping,put,256,10000,64,4,262144,shuffle,20261005,64683021,6468.302100,2.532967655,0
6193,mapping,put,4096,1000,64,4,131200,identity,20261005,24410133,24410.133000,10.739146731,0
6194,mapping,put,4096,1000,64,4,131200,reverse,20261005,24603607,24603.607000,10.654697907,0
6195,mapping,put,4096,1000,64,4,131200,transpose,20261005,26056170,26056.170000,10.060726500,0
6196,mapping,put,4096,1000,64,4,131200,shuffle,20261005,26372419,26372.419000,9.940081719,0
6197,mapping,put,4096,1000,64,4,131328,identity,20261005,27434942,27434.942000,9.555114059,0
6198,mapping,put,4096,1000,64,4,131328,reverse,20261005,27463256,27463.256000,9.545262951,0
6199,mapping,put,4096,1000,64,4,131328,transpose,20261005,28826446,28826.446000,9.093871648,0
6200,mapping,put,4096,1000,64,4,131328,shuffle,20261005,28515100,28515.100000,9.193164323,0
6201,mapping,put,4096,1000,64,4,135168,identity,20261005,26827855,26827.855000,9.771336546,0
6202,mapping,put,4096,1000,64,4,135168,reverse,20261005,26905660,26905.660000,9.743080081,0
6203,mapping,put,4096,1000,64,4,135168,transpose,20261005,28015299,28015.299000,9.357173022,0
6204,mapping,put,4096,1000,64,4,135168,shuffle,20261005,28058812,28058.812000,9.342662120,0
6205,mapping,put,4096,1000,64,4,262144,identity,20261005,27454535,27454.535000,9.548295027,0
6206,mapping,put,4096,1000,64,4,262144,reverse,20261005,27465009,27465.009000,9.544653708,0
6207,mapping,put,4096,1000,64,4,262144,transpose,20261005,27486805,27486.805000,9.537085158,0
6208,mapping,put,4096,1000,64,4,262144,shuffle,20261005,27544677,27544.677000,9.517047522,0
6209,mapping,put,32768,1000,64,4,131200,identity,20261005,146815427,146815.427000,14.284275453,0
6210,mapping,put,32768,1000,64,4,131200,reverse,20261005,146679299,146679.299000,14.297532196,0
6211,mapping,put,32768,1000,64,4,131200,transpose,20261005,162332523,162332.523000,12.918865310,0
6212,mapping,put,32768,1000,64,4,131200,shuffle,20261005,161549497,161549.497000,12.981482697,0
6213,mapping,put,32768,1000,64,4,131328,identity,20261005,145367149,145367.149000,14.426588225,0
6214,mapping,put,32768,1000,64,4,131328,reverse,20261005,144632678,144632.678000,14.499849059,0
6215,mapping,put,32768,1000,64,4,131328,transpose,20261005,161814009,161814.009000,12.960262297,0
6216,mapping,put,32768,1000,64,4,131328,shuffle,20261005,157546971,157546.971000,13.311280989,0
6217,mapping,put,32768,1000,64,4,135168,identity,20261005,146728966,146728.966000,14.292692555,0
6218,mapping,put,32768,1000,64,4,135168,reverse,20261005,147634898,147634.898000,14.204988308,0
6219,mapping,put,32768,1000,64,4,135168,transpose,20261005,153627239,153627.239000,13.650912518,0
6220,mapping,put,32768,1000,64,4,135168,shuffle,20261005,156173601,156173.601000,13.428338635,0
6221,mapping,put,32768,1000,64,4,262144,identity,20261005,163544569,163544.569000,12.823122240,0
6222,mapping,put,32768,1000,64,4,262144,reverse,20261005,163262607,163262.607000,12.845268360,0
6223,mapping,put,32768,1000,64,4,262144,transpose,20261005,164941213,164941.213000,12.714542120,0
6224,mapping,put,32768,1000,64,4,262144,shuffle,20261005,164033761,164033.761000,12.784880303,0
6225,mapping,put,65536,1000,64,4,131200,identity,20261005,281214495,281214.495000,14.914963754,0
6226,mapping,put,65536,1000,64,4,131200,reverse,20261005,280105055,280105.055000,14.974038937,0
6227,mapping,put,65536,1000,64,4,131200,transpose,20261005,313106710,313106.710000,13.395765297,0
6228,mapping,put,65536,1000,64,4,131200,shuffle,20261005,310141300,310141.300000,13.523848646,0
6229,mapping,put,65536,1000,64,4,131328,identity,20261005,279913720,279913.720000,14.984274440,0
6230,mapping,put,65536,1000,64,4,131328,reverse,20261005,280713452,280713.452000,14.941585343,0
6231,mapping,put,65536,1000,64,4,131328,transpose,20261005,314503606,314503.606000,13.336266803,0
6232,mapping,put,65536,1000,64,4,131328,shuffle,20261005,304437941,304437.941000,13.777205253,0
6233,mapping,put,65536,1000,64,4,135168,identity,20261005,284913018,284913.018000,14.721349096,0
6234,mapping,put,65536,1000,64,4,135168,reverse,20261005,287383357,287383.357000,14.594804806,0
6235,mapping,put,65536,1000,64,4,135168,transpose,20261005,298058075,298058.075000,14.072103230,0
6236,mapping,put,65536,1000,64,4,135168,shuffle,20261005,305930917,305930.917000,13.709971000,0
6237,mapping,put,65536,1000,64,4,262144,identity,20261005,320571971,320571.971000,13.083813868,0
6238,mapping,put,65536,1000,64,4,262144,reverse,20261005,321514338,321514.338000,13.045464865,0
6239,mapping,put,65536,1000,64,4,262144,transpose,20261005,324711268,324711.268000,12.917026335,0
6240,mapping,put,65536,1000,64,4,262144,shuffle,20261005,322217035,322217.035000,13.017015069,0
6241,mapping,put,98304,1000,64,4,131200,identity,20261005,416702966,416702.966000,15.098179071,0
6242,mapping,put,98304,1000,64,4,131200,reverse,20261005,416327355,416327.355000,15.111800665,0
6243,mapping,put,98304,1000,64,4,131200,transpose,20261005,463537595,463537.595000,13.572698456,0
6244,mapping,put,98304,1000,64,4,131200,shuffle,20261005,455510913,455510.913000,13.811866676,0
6245,mapping,put,98304,1000,64,4,131328,identity,20261005,418614304,418614.304000,15.029242766,0
6246,mapping,put,98304,1000,64,4,131328,reverse,20261005,419637692,419637.692000,14.992590322,0
6247,mapping,put,98304,1000,64,4,131328,transpose,20261005,465408707,465408.707000,13.518131280,0
6248,mapping,put,98304,1000,64,4,131328,shuffle,20261005,451622597,451622.597000,13.930782122,0
6249,mapping,put,98304,1000,64,4,135168,identity,20261005,426933060,426933.060000,14.736399191,0
6250,mapping,put,98304,1000,64,4,135168,reverse,20261005,423641595,423641.595000,14.850893005,0
6251,mapping,put,98304,1000,64,4,135168,transpose,20261005,450361909,450361.909000,13.969778248,0
6252,mapping,put,98304,1000,64,4,135168,shuffle,20261005,457256312,457256.312000,13.759145221,0
6253,mapping,put,98304,1000,64,4,262144,identity,20261005,484045681,484045.681000,12.997649286,0
6254,mapping,put,98304,1000,64,4,262144,reverse,20261005,482704457,482704.457000,13.033764053,0
6255,mapping,put,98304,1000,64,4,262144,transpose,20261005,487022295,487022.295000,12.918209422,0
6256,mapping,put,98304,1000,64,4,262144,shuffle,20261005,480938806,480938.806000,13.081614379,0
6257,mapping,put,131072,1000,64,4,131200,identity,20261005,560761438,560761.438000,14.959316800,0
6258,mapping,put,131072,1000,64,4,131200,reverse,20261005,557396613,557396.613000,15.049621408,0
6259,mapping,put,131072,1000,64,4,131200,transpose,20261005,604686257,604686.257000,13.872661902,0
6260,mapping,put,131072,1000,64,4,131200,shuffle,20261005,602467615,602467.615000,13.923749246,0
6261,mapping,put,131072,1000,64,4,131328,identity,20261005,566571470,566571.470000,14.805913189,0
6262,mapping,put,131072,1000,64,4,131328,reverse,20261005,558741862,558741.862000,15.013387345,0
6263,mapping,put,131072,1000,64,4,131328,transpose,20261005,610221954,610221.954000,13.746814491,0
6264,mapping,put,131072,1000,64,4,131328,shuffle,20261005,596116580,596116.580000,14.072093080,0
6265,mapping,put,131072,1000,64,4,135168,identity,20261005,567750467,567750.467000,14.775167063,0
6266,mapping,put,131072,1000,64,4,135168,reverse,20261005,568835844,568835.844000,14.746975052,0
6267,mapping,put,131072,1000,64,4,135168,transpose,20261005,601494460,601494.460000,13.946276413,0
6268,mapping,put,131072,1000,64,4,135168,shuffle,20261005,604422963,604422.963000,13.878705002,0
6269,mapping,put,131072,1000,64,4,262144,identity,20261005,645537548,645537.548000,12.994763862,0
6270,mapping,put,131072,1000,64,4,262144,reverse,20261005,642544332,642544.332000,13.055298416,0
6271,mapping,put,131072,1000,64,4,262144,transpose,20261005,644989316,644989.316000,13.005809231,0
6272,mapping,put,131072,1000,64,4,262144,shuffle,20261005,639714172,639714.172000,13.113056373,0
6273,mapping,iget,64,10000,1,0,131200,identity,20261005,4407764,440.776400,0.145198336,0
6274,mapping,iget,64,10000,1,0,131200,reverse,20261005,4407226,440.722600,0.145216061,0
6275,mapping,iget,64,10000,1,0,131200,transpose,20261005,4409248,440.924800,0.145149468,0
6276,mapping,iget,64,10000,1,0,131200,shuffle,20261005,4420373,442.037300,0.144784162,0
6277,mapping,iget,64,10000,1,0,131328,identity,20261005,4408342,440.834200,0.145179299,0
6278,mapping,iget,64,10000,1,0,131328,reverse,20261005,4407345,440.734500,0.145212140,0
6279,mapping,iget,64,10000,1,0,131328,transpose,20261005,4408877,440.887700,0.145161682,0
6280,mapping,iget,64,10000,1,0,131328,shuffle,20261005,4406155,440.615500,0.145251359,0
6281,mapping,iget,64,10000,1,0,135168,identity,20261005,4403881,440.388100,0.145326361,0
6282,mapping,iget,64,10000,1,0,135168,reverse,20261005,4418932,441.893200,0.144831376,0
6283,mapping,iget,64,10000,1,0,135168,transpose,20261005,4412011,441.201100,0.145058569,0
6284,mapping,iget,64,10000,1,0,135168,shuffle,20261005,4412325,441.232500,0.145048246,0
6285,mapping,iget,64,10000,1,0,262144,identity,20261005,4405888,440.588800,0.145260161,0
6286,mapping,iget,64,10000,1,0,262144,reverse,20261005,4404937,440.493700,0.145291522,0
6287,mapping,iget,64,10000,1,0,262144,transpose,20261005,4408348,440.834800,0.145179101,0
6288,mapping,iget,64,10000,1,0,262144,shuffle,20261005,4400477,440.047700,0.145438779,0
6289,mapping,iget,128,10000,1,0,131200,identity,20261005,4415926,441.592600,0.289859930,0
6290,mapping,iget,128,10000,1,0,131200,reverse,20261005,4409605,440.960500,0.290275433,0
6291,mapping,iget,128,10000,1,0,131200,transpose,20261005,4415511,441.551100,0.289887173,0
6292,mapping,iget,128,10000,1,0,131200,shuffle,20261005,4412464,441.246400,0.290087353,0
6293,mapping,iget,128,10000,1,0,131328,identity,20261005,4409655,440.965500,0.290272141,0
6294,mapping,iget,128,10000,1,0,131328,reverse,20261005,4405869,440.586900,0.290521575,0
6295,mapping,iget,128,10000,1,0,131328,transpose,20261005,4408926,440.892600,0.290320137,0
6296,mapping,iget,128,10000,1,0,131328,shuffle,20261005,4418584,441.858400,0.289685564,0
6297,mapping,iget,128,10000,1,0,135168,identity,20261005,4414989,441.498900,0.289921447,0
6298,mapping,iget,128,10000,1,0,135168,reverse,20261005,4413713,441.371300,0.290005263,0
6299,mapping,iget,128,10000,1,0,135168,transpose,20261005,4406706,440.670600,0.290466394,0
6300,mapping,iget,128,10000,1,0,135168,shuffle,20261005,4410598,441.059800,0.290210080,0
6301,mapping,iget,128,10000,1,0,262144,identity,20261005,4406515,440.651500,0.290478984,0
6302,mapping,iget,128,10000,1,0,262144,reverse,20261005,4405953,440.595300,0.290516036,0
6303,mapping,iget,128,10000,1,0,262144,transpose,20261005,4410814,441.081400,0.290195869,0
6304,mapping,iget,128,10000,1,0,262144,shuffle,20261005,4404988,440.498800,0.290579679,0
6305,mapping,iget,256,10000,1,0,131200,identity,20261005,4539325,453.932500,0.563960501,0
6306,mapping,iget,256,10000,1,0,131200,reverse,20261005,4453712,445.371200,0.574801424,0
6307,mapping,iget,256,10000,1,0,131200,transpose,20261005,4553682,455.368200,0.562182427,0
6308,mapping,iget,256,10000,1,0,131200,shuffle,20261005,4548138,454.813800,0.562867705,0
6309,mapping,iget,256,10000,1,0,131328,identity,20261005,4541407,454.140700,0.563701954,0
6310,mapping,iget,256,10000,1,0,131328,reverse,20261005,4537295,453.729500,0.564212818,0
6311,mapping,iget,256,10000,1,0,131328,transpose,20261005,4539749,453.974900,0.563907828,0
6312,mapping,iget,256,10000,1,0,131328,shuffle,20261005,4539962,453.996200,0.563881372,0
6313,mapping,iget,256,10000,1,0,135168,identity,20261005,4555056,455.505600,0.562012849,0
6314,mapping,iget,256,10000,1,0,135168,reverse,20261005,4550009,455.000900,0.562636250,0
6315,mapping,iget,256,10000,1,0,135168,transpose,20261005,4541055,454.105500,0.563745649,0
6316,mapping,iget,256,10000,1,0,135168,shuffle,20261005,4541066,454.106600,0.563744284,0
6317,mapping,iget,256,10000,1,0,262144,identity,20261005,4541965,454.196500,0.563632701,0
6318,mapping,iget,256,10000,1,0,262144,reverse,20261005,4536115,453.611500,0.564359590,0
6319,mapping,iget,256,10000,1,0,262144,transpose,20261005,4555084,455.508400,0.562009394,0
6320,mapping,iget,256,10000,1,0,262144,shuffle,20261005,4541614,454.161400,0.563676261,0
6321,mapping,iget,4096,1000,1,0,131200,identity,20261005,715009,715.009000,5.728599220,0
6322,mapping,iget,4096,1000,1,0,131200,reverse,20261005,709528,709.528000,5.772851811,0
6323,mapping,iget,4096,1000,1,0,131200,transpose,20261005,715081,715.081000,5.728022420,0
6324,mapping,iget,4096,1000,1,0,131200,shuffle,20261005,707983,707.983000,5.785449651,0
6325,mapping,iget,4096,1000,1,0,131328,identity,20261005,715672,715.672000,5.723292234,0
6326,mapping,iget,4096,1000,1,0,131328,reverse,20261005,710571,710.571000,5.764378225,0
6327,mapping,iget,4096,1000,1,0,131328,transpose,20261005,710750,710.750000,5.762926486,0
6328,mapping,iget,4096,1000,1,0,131328,shuffle,20261005,708738,708.738000,5.779286563,0
6329,mapping,iget,4096,1000,1,0,135168,identity,20261005,715026,715.026000,5.728463021,0
6330,mapping,iget,4096,1000,1,0,135168,reverse,20261005,717014,717.014000,5.712580229,0
6331,mapping,iget,4096,1000,1,0,135168,transpose,20261005,714982,714.982000,5.728815551,0
6332,mapping,iget,4096,1000,1,0,135168,shuffle,20261005,715204,715.204000,5.727037321,0
6333,mapping,iget,4096,1000,1,0,262144,identity,20261005,712104,712.104000,5.751968814,0
6334,mapping,iget,4096,1000,1,0,262144,reverse,20261005,715674,715.674000,5.723276240,0
6335,mapping,iget,4096,1000,1,0,262144,transpose,20261005,715002,715.002000,5.728655304,0
6336,mapping,iget,4096,1000,1,0,262144,shuffle,20261005,716740,716.740000,5.714764071,0
6337,mapping,iget,32768,1000,1,0,131200,identity,20261005,2354240,2354.240000,13.918716868,0
6338,mapping,iget,32768,1000,1,0,131200,reverse,20261005,2352141,2352.141000,13.931137632,0
6339,mapping,iget,32768,1000,1,0,131200,transpose,20261005,2350581,2350.581000,13.940383250,0
6340,mapping,iget,32768,1000,1,0,131200,shuffle,20261005,2367041,2367.041000,13.843444199,0
6341,mapping,iget,32768,1000,1,0,131328,identity,20261005,2356469,2356.469000,13.905551060,0
6342,mapping,iget,32768,1000,1,0,131328,reverse,20261005,2344156,2344.156000,13.978591868,0
6343,mapping,iget,32768,1000,1,0,131328,transpose,20261005,2353537,2353.537000,13.922874380,0
6344,mapping,iget,32768,1000,1,0,131328,shuffle,20261005,2350619,2350.619000,13.940157890,0
6345,mapping,iget,32768,1000,1,0,135168,identity,20261005,2355343,2355.343000,13.912198775,0
6346,mapping,iget,32768,1000,1,0,135168,reverse,20261005,2354436,2354.436000,13.917558175,0
6347,mapping,iget,32768,1000,1,0,135168,transpose,20261005,2354166,2354.166000,13.919154384,0
6348,mapping,iget,32768,1000,1,0,135168,shuffle,20261005,2355170,2355.170000,13.913220702,0
6349,mapping,iget,32768,1000,1,0,262144,identity,20261005,2350683,2350.683000,13.939778354,0
6350,mapping,iget,32768,1000,1,0,262144,reverse,20261005,2353992,2353.992000,13.920183246,0
6351,mapping,iget,32768,1000,1,0,262144,transpose,20261005,2370835,2370.835000,13.821290811,0
6352,mapping,iget,32768,1000,1,0,262144,shuffle,20261005,2350315,2350.315000,13.941960971,0
6353,mapping,iget,65536,1000,1,0,131200,identity,20261005,4181020,4181.020000,15.674643986,0
6354,mapping,iget,65536,1000,1,0,131200,reverse,20261005,4185137,4185.137000,15.659224537,0
6355,mapping,iget,65536,1000,1,0,131200,transpose,20261005,4180374,4180.374000,15.677066215,0
6356,mapping,iget,65536,1000,1,0,131200,shuffle,20261005,4169051,4169.051000,15.719644591,0
6357,mapping,iget,65536,1000,1,0,131328,identity,20261005,4193546,4193.546000,15.627824280,0
6358,mapping,iget,65536,1000,1,0,131328,reverse,20261005,4181553,4181.553000,15.672646024,0
6359,mapping,iget,65536,1000,1,0,131328,transpose,20261005,4184605,4184.605000,15.661215336,0
6360,mapping,iget,65536,1000,1,0,131328,shuffle,20261005,4172297,4172.297000,15.707414884,0
6361,mapping,iget,65536,1000,1,0,135168,identity,20261005,4178982,4178.982000,15.682288174,0
6362,mapping,iget,65536,1000,1,0,135168,reverse,20261005,4181653,4181.653000,15.672271229,0
6363,mapping,iget,65536,1000,1,0,135168,transpose,20261005,4173695,4173.695000,15.702153607,0
6364,mapping,iget,65536,1000,1,0,135168,shuffle,20261005,4200590,4200.590000,15.601617868,0
6365,mapping,iget,65536,1000,1,0,262144,identity,20261005,4183189,4183.189000,15.666516622,0
6366,mapping,iget,65536,1000,1,0,262144,reverse,20261005,4183176,4183.176000,15.666565308,0
6367,mapping,iget,65536,1000,1,0,262144,transpose,20261005,4182972,4182.972000,15.667329353,0
6368,mapping,iget,65536,1000,1,0,262144,shuffle,20261005,4184949,4184.949000,15.659927994,0
6369,mapping,iget,98304,1000,1,0,131200,identity,20261005,6007454,6007.454000,16.363670866,0
6370,mapping,iget,98304,1000,1,0,131200,reverse,20261005,6017955,6017.955000,16.335117162,0
6371,mapping,iget,98304,1000,1,0,131200,transpose,20261005,6020110,6020.110000,16.329269731,0
6372,mapping,iget,98304,1000,1,0,131200,shuffle,20261005,6000775,6000.775000,16.381884007,0
6373,mapping,iget,98304,1000,1,0,131328,identity,20261005,6012671,6012.671000,16.349472639,0
6374,mapping,iget,98304,1000,1,0,131328,reverse,20261005,6140548,6140.548000,16.008994637,0
6375,mapping,iget,98304,1000,1,0,131328,transpose,20261005,6006747,6006.747000,16.365596886,0
6376,mapping,iget,98304,1000,1,0,131328,shuffle,20261005,6120417,6120.417000,16.061650701,0
6377,mapping,iget,98304,1000,1,0,135168,identity,20261005,6022156,6022.156000,16.323721936,0
6378,mapping,iget,98304,1000,1,0,135168,reverse,20261005,6014312,6014.312000,16.345011699,0
6379,mapping,iget,98304,1000,1,0,135168,transpose,20261005,6011162,6011.162000,16.353576896,0
6380,mapping,iget,98304,1000,1,0,135168,shuffle,20261005,6007620,6007.620000,16.363218712,0
6381,mapping,iget,98304,1000,1,0,262144,identity,20261005,6018731,6018.731000,16.333011062,0
6382,mapping,iget,98304,1000,1,0,262144,reverse,20261005,6010770,6010.770000,16.354643415,0
6383,mapping,iget,98304,1000,1,0,262144,transpose,20261005,6014910,6014.910000,16.343386684,0
6384,mapping,iget,98304,1000,1,0,262144,shuffle,20261005,6009623,6009.623000,16.357764871,0
6385,mapping,iget,131072,1000,1,0,131200,identity,20261005,7857146,7857.146000,16.681884236,0
6386,mapping,iget,131072,1000,1,0,131200,reverse,20261005,7930686,7930.686000,16.527195756,0
6387,mapping,iget,131072,1000,1,0,131200,transpose,20261005,7850040,7850.040000,16.696984984,0
6388,mapping,iget,131072,1000,1,0,131200,shuffle,20261005,7950138,7950.138000,16.486757840,0
6389,mapping,iget,131072,1000,1,0,131328,identity,20261005,7847563,7847.563000,16.702255210,0
6390,mapping,iget,131072,1000,1,0,131328,reverse,20261005,7965213,7965.213000,16.455554924,0
6391,mapping,iget,131072,1000,1,0,131328,transpose,20261005,7859815,7859.815000,16.676219478,0
6392,mapping,iget,131072,1000,1,0,131328,shuffle,20261005,7930642,7930.642000,16.527287450,0
6393,mapping,iget,131072,1000,1,0,135168,identity,20261005,7846704,7846.704000,16.704083651,0
6394,mapping,iget,131072,1000,1,0,135168,reverse,20261005,7959219,7959.219000,16.467947420,0
6395,mapping,iget,131072,1000,1,0,135168,transpose,20261005,7859939,7859.939000,16.675956391,0
6396,mapping,iget,131072,1000,1,0,135168,shuffle,20261005,7848680,7848.680000,16.699878196,0
6397,mapping,iget,131072,1000,1,0,262144,identity,20261005,7848464,7848.464000,16.700337799,0
6398,mapping,iget,131072,1000,1,0,262144,reverse,20261005,7846148,7846.148000,16.705267349,0
6399,mapping,iget,131072,1000,1,0,262144,transpose,20261005,7857508,7857.508000,16.681115692,0
6400,mapping,iget,131072,1000,1,0,262144,shuffle,20261005,7849732,7849.732000,16.697640123,0
6401,mapping,iget,64,10000,1,4,131200,identity,20261005,4414531,441.453100,0.144975763,0
6402,mapping,iget,64,10000,1,4,131200,reverse,20261005,4421671,442.167100,0.144741660,0
6403,mapping,iget,64,10000,1,4,131200,transpose,20261005,4412305,441.230500,0.145048903,0
6404,mapping,iget,64,10000,1,4,131200,shuffle,20261005,4417668,441.766800,0.144872815,0
6405,mapping,iget,64,10000,1,4,131328,identity,20261005,4419991,441.999100,0.144796675,0
6406,mapping,iget,64,10000,1,4,131328,reverse,20261005,4409316,440.931600,0.145147229,0
6407,mapping,iget,64,10000,1,4,131328,transpose,20261005,4418493,441.849300,0.144845765,0
6408,mapping,iget,64,10000,1,4,131328,shuffle,20261005,4415431,441.543100,0.144946212,0
6409,mapping,iget,64,10000,1,4,135168,identity,20261005,4415150,441.515000,0.144955438,0
6410,mapping,iget,64,10000,1,4,135168,reverse,20261005,4417943,441.794300,0.144863797,0
6411,mapping,iget,64,10000,1,4,135168,transpose,20261005,4407904,440.790400,0.145193725,0
6412,mapping,iget,64,10000,1,4,135168,shuffle,20261005,4409068,440.906800,0.145155393,0
6413,mapping,iget,64,10000,1,4,262144,identity,20261005,4408849,440.884900,0.145162604,0
6414,mapping,iget,64,10000,1,4,262144,reverse,20261005,4408288,440.828800,0.145181077,0
6415,mapping,iget,64,10000,1,4,262144,transpose,20261005,4409709,440.970900,0.145134293,0
6416,mapping,iget,64,10000,1,4,262144,shuffle,20261005,4415949,441.594900,0.144929210,0
6417,mapping,iget,128,10000,1,4,131200,identity,20261005,4555163,455.516300,0.280999824,0
6418,mapping,iget,128,10000,1,4,131200,reverse,20261005,4463063,446.306300,0.286798551,0
6419,mapping,iget,128,10000,1,4,131200,transpose,20261005,4545797,454.579700,0.281578786,0
6420,mapping,iget,128,10000,1,4,131200,shuffle,20261005,4546242,454.624200,0.281551224,0
6421,mapping,iget,128,10000,1,4,131328,identity,20261005,4541371,454.137100,0.281853211,0
6422,mapping,iget,128,10000,1,4,131328,reverse,20261005,4542609,454.260900,0.281776398,0
6423,mapping,iget,128,10000,1,4,131328,transpose,20261005,4549191,454.919100,0.281368709,0
6424,mapping,iget,128,10000,1,4,131328,shuffle,20261005,4553974,455.397400,0.281073190,0
6425,mapping,iget,128,10000,1,4,135168,identity,20261005,4550897,455.089700,0.281263232,0
6426,mapping,iget,128,10000,1,4,135168,reverse,20261005,4542304,454.230400,0.281795318,0
6427,mapping,iget,128,10000,1,4,135168,transpose,20261005,4544814,454.481400,0.281639689,0
6428,mapping,iget,128,10000,1,4,135168,shuffle,20261005,4544247,454.424700,0.281674830,0
6429,mapping,iget,128,10000,1,4,262144,identity,20261005,4541676,454.167600,0.281834283,0
6430,mapping,iget,128,10000,1,4,262144,reverse,20261005,4546998,454.699800,0.281504412,0
6431,mapping,iget,128,10000,1,4,262144,transpose,20261005,4550080,455.008000,0.281313735,0
6432,mapping,iget,128,10000,1,4,262144,shuffle,20261005,4541461,454.146100,0.281847626,0
6433,mapping,iget,256,10000,1,4,131200,identity,20261005,4666716,466.671600,0.548565629,0
6434,mapping,iget,256,10000,1,4,131200,reverse,20261005,4671664,467.166400,0.547984615,0
6435,mapping,iget,256,10000,1,4,131200,transpose,20261005,4664712,466.471200,0.548801298,0
6436,mapping,iget,256,10000,1,4,131200,shuffle,20261005,4676781,467.678100,0.547385050,0
6437,mapping,iget,256,10000,1,4,131328,identity,20261005,4678036,467.803600,0.547238200,0
6438,mapping,iget,256,10000,1,4,131328,reverse,20261005,4794494,479.449400,0.533945814,0
6439,mapping,iget,256,10000,1,4,131328,transpose,20261005,4667889,466.788900,0.548427780,0
6440,mapping,iget,256,10000,1,4,131328,shuffle,20261005,4569173,456.917300,0.560276444,0
6441,mapping,iget,256,10000,1,4,135168,identity,20261005,4669318,466.931800,0.548259939,0
6442,mapping,iget,256,10000,1,4,135168,reverse,20261005,4665667,466.566700,0.548688966,0
6443,mapping,iget,256,10000,1,4,135168,transpose,20261005,4671425,467.142500,0.548012651,0
6444,mapping,iget,256,10000,1,4,135168,shuffle,20261005,4684750,468.475000,0.546453920,0
6445,mapping,iget,256,10000,1,4,262144,identity,20261005,4666791,466.679100,0.548556813,0
6446,mapping,iget,256,10000,1,4,262144,reverse,20261005,4671360,467.136000,0.548020277,0
6447,mapping,iget,256,10000,1,4,262144,transpose,20261005,4664799,466.479900,0.548791063,0
6448,mapping,iget,256,10000,1,4,262144,shuffle,20261005,4663983,466.398300,0.548887078,0
6449,mapping,iget,4096,1000,1,4,131200,identity,20261005,720071,720.071000,5.688327957,0
6450,mapping,iget,4096,1000,1,4,131200,reverse,20261005,719960,719.960000,5.689204956,0
6451,mapping,iget,4096,1000,1,4,131200,transpose,20261005,722397,722.397000,5.670012472,0
6452,mapping,iget,4096,1000,1,4,131200,shuffle,20261005,717045,717.045000,5.712333257,0
6453,mapping,iget,4096,1000,1,4,131328,identity,20261005,721573,721.573000,5.676487341,0
6454,mapping,iget,4096,1000,1,4,131328,reverse,20261005,720804,720.804000,5.682543382,0
6455,mapping,iget,4096,1000,1,4,131328,transpose,20261005,721753,721.753000,5.675071666,0
6456,mapping,iget,4096,1000,1,4,131328,shuffle,20261005,716336,716.336000,5.717987090,0
6457,mapping,iget,4096,1000,1,4,135168,identity,20261005,728690,728.690000,5.621045987,0
6458,mapping,iget,4096,1000,1,4,135168,reverse,20261005,723013,723.013000,5.665181677,0
6459,mapping,iget,4096,1000,1,4,135168,transpose,20261005,725320,725.320000,5.647162632,0
6460,mapping,iget,4096,1000,1,4,135168,shuffle,20261005,722646,722.646000,5.668058773,0
6461,mapping,iget,4096,1000,1,4,262144,identity,20261005,725741,725.741000,5.643886731,0
6462,mapping,iget,4096,1000,1,4,262144,reverse,20261005,723496,723.496000,5.661399648,0
6463,mapping,iget,4096,1000,1,4,262144,transpose,20261005,722880,722.880000,5.666223993,0
6464,mapping,iget,4096,1000,1,4,262144,shuffle,20261005,719990,719.990000,5.688967902,0
6465,mapping,iget,32768,1000,1,4,131200,identity,20261005,2351645,2351.645000,13.934075934,0
6466,mapping,iget,32768,1000,1,4,131200,reverse,20261005,2349121,2349.121000,13.949047325,0
6467,mapping,iget,32768,1000,1,4,131200,transpose,20261005,2360841,2360.841000,13.879799614,0
6468,mapping,iget,32768,1000,1,4,131200,shuffle,20261005,2356126,2356.126000,13.907575401,0
6469,mapping,iget,32768,1000,1,4,131328,identity,20261005,2369028,2369.028000,13.831833140,0
6470,mapping,iget,32768,1000,1,4,131328,reverse,20261005,2363637,2363.637000,13.863380883,0
6471,mapping,iget,32768,1000,1,4,131328,transpose,20261005,2373779,2373.779000,13.804149417,0
6472,mapping,iget,32768,1000,1,4,131328,shuffle,20261005,2363215,2363.215000,13.865856471,0
6473,mapping,iget,32768,1000,1,4,135168,identity,20261005,2361603,2361.603000,13.875321127,0
6474,mapping,iget,32768,1000,1,4,135168,reverse,20261005,2362100,2362.100000,13.872401676,0
6475,mapping,iget,32768,1000,1,4,135168,transpose,20261005,2362584,2362.584000,13.869559770,0
6476,mapping,iget,32768,1000,1,4,135168,shuffle,20261005,2361433,2361.433000,13.876320014,0
6477,mapping,iget,32768,1000,1,4,262144,identity,20261005,2359350,2359.350000,13.888571005,0
6478,mapping,iget,32768,1000,1,4,262144,reverse,20261005,2358079,2358.079000,13.896056918,0
6479,mapping,iget,32768,1000,1,4,262144,transpose,20261005,2353067,2353.067000,13.925655326,0
6480,mapping,iget,32768,1000,1,4,262144,shuffle,20261005,2351571,2351.571000,13.934514416,0
6481,mapping,iget,65536,1000,1,4,131200,identity,20261005,4198228,4198.228000,15.610395624,0
6482,mapping,iget,65536,1000,1,4,131200,reverse,20261005,4192783,4192.783000,15.630668222,0
6483,mapping,iget,65536,1000,1,4,131200,transpose,20261005,4189689,4189.689000,15.642211152,0
6484,mapping,iget,65536,1000,1,4,131200,shuffle,20261005,4184378,4184.378000,15.662064947,0
6485,mapping,iget,65536,1000,1,4,131328,identity,20261005,4186600,4186.600000,15.653752448,0
6486,mapping,iget,65536,1000,1,4,131328,reverse,20261005,4178869,4178.869000,15.682712236,0
6487,mapping,iget,65536,1000,1,4,131328,transpose,20261005,4201505,4201.505000,15.598220162,0
6488,mapping,iget,65536,1000,1,4,131328,shuffle,20261005,4196928,4196.928000,15.615230950,0
6489,mapping,iget,65536,1000,1,4,135168,identity,20261005,4187965,4187.965000,15.648650359,0
6490,mapping,iget,65536,1000,1,4,135168,reverse,20261005,4191794,4191.794000,15.634356078,0
6491,mapping,iget,65536,1000,1,4,135168,transpose,20261005,4184720,4184.720000,15.660784951,0
6492,mapping,iget,65536,1000,1,4,135168,shuffle,20261005,4186964,4186.964000,15.652391566,0
6493,mapping,iget,65536,1000,1,4,262144,identity,20261005,4188822,4188.822000,15.645448768,0
6494,mapping,iget,65536,1000,1,4,262144,reverse,20261005,4182723,4182.723000,15.668262039,0
6495,mapping,iget,65536,1000,1,4,262144,transpose,20261005,4189579,4189.579000,15.642621848,0
6496,mapping,iget,65536,1000,1,4,262144,shuffle,20261005,4180027,4180.027000,15.678367628,0
6497,mapping,iget,98304,1000,1,4,131200,identity,20261005,6041686,6041.686000,16.270954829,0
6498,mapping,iget,98304,1000,1,4,131200,reverse,20261005,6029429,6029.429000,16.304031443,0
6499,mapping,iget,98304,1000,1,4,131200,transpose,20261005,6028785,6028.785000,16.305773054,0
6500,mapping,iget,98304,1000,1,4,131200,shuffle,20261005,6015013,6015.013000,16.343106823,0
6501,mapping,iget,98304,1000,1,4,131328,identity,20261005,6035446,6035.446000,16.287777241,0
6502,mapping,iget,98304,1000,1,4,131328,reverse,20261005,6157414,6157.414000,15.965143809,0
6503,mapping,iget,98304,1000,1,4,131328,transpose,20261005,6025084,6025.084000,16.315789124,0
6504,mapping,iget,98304,1000,1,4,131328,shuffle,20261005,6143230,6143.230000,16.002005460,0
6505,mapping,iget,98304,1000,1,4,135168,identity,20261005,6027378,6027.378000,16.309579389,0
6506,mapping,iget,98304,1000,1,4,135168,reverse,20261005,6026512,6026.512000,16.311923049,0
6507,mapping,iget,98304,1000,1,4,135168,transpose,20261005,6030046,6030.046000,16.302363199,0
6508,mapping,iget,98304,1000,1,4,135168,shuffle,20261005,6024432,6024.432000,16.317554916,0
6509,mapping,iget,98304,1000,1,4,262144,identity,20261005,6032150,6032.150000,16.296676973,0
6510,mapping,iget,98304,1000,1,4,262144,reverse,20261005,6025683,6025.683000,16.314167207,0
6511,mapping,iget,98304,1000,1,4,262144,transpose,20261005,6028577,6028.577000,16.306335641,0
6512,mapping,iget,98304,1000,1,4,262144,shuffle,20261005,6027470,6027.470000,16.309330449,0
6513,mapping,iget,131072,1000,1,4,131200,identity,20261005,7850811,7850.811000,16.695345232,0
6514,mapping,iget,131072,1000,1,4,131200,reverse,20261005,7976141,7976.141000,16.433009396,0
6515,mapping,iget,131072,1000,1,4,131200,transpose,20261005,7851096,7851.096000,16.694739180,0
6516,mapping,iget,131072,1000,1,4,131200,shuffle,20261005,7935595,7935.595000,16.516971947,0
6517,mapping,iget,131072,1000,1,4,131328,identity,20261005,7848195,7848.195000,16.700910209,0
6518,mapping,iget,131072,1000,1,4,131328,reverse,20261005,7990633,7990.633000,16.403206104,0
6519,mapping,iget,131072,1000,1,4,131328,transpose,20261005,7854991,7854.991000,16.686460876,0
6520,mapping,iget,131072,1000,1,4,131328,shuffle,20261005,7930633,7930.633000,16.527306206,0
6521,mapping,iget,131072,1000,1,4,135168,identity,20261005,7846973,7846.973000,16.703511023,0
6522,mapping,iget,131072,1000,1,4,135168,reverse,20261005,7979999,7979.999000,16.425064715,0
6523,mapping,iget,131072,1000,1,4,135168,transpose,20261005,7851895,7851.895000,16.693040342,0
6524,mapping,iget,131072,1000,1,4,135168,shuffle,20261005,7861351,7861.351000,16.672961174,0
6525,mapping,iget,131072,1000,1,4,262144,identity,20261005,7856004,7856.004000,16.684309224,0
6526,mapping,iget,131072,1000,1,4,262144,reverse,20261005,7849944,7849.944000,16.697189177,0
6527,mapping,iget,131072,1000,1,4,262144,transpose,20261005,7850138,7850.138000,16.696776541,0
6528,mapping,iget,131072,1000,1,4,262144,shuffle,20261005,7860626,7860.626000,16.674498952,0
6529,mapping,iget,64,10000,2,0,131200,identity,20261005,4409541,440.954100,0.290279646,0
6530,mapping,iget,64,10000,2,0,131200,reverse,20261005,4418127,441.812700,0.289715529,0
6531,mapping,iget,64,10000,2,0,131200,transpose,20261005,4416754,441.675400,0.289805590,0
6532,mapping,iget,64,10000,2,0,131200,shuffle,20261005,4417116,441.711600,0.289781840,0
6533,mapping,iget,64,10000,2,0,131328,identity,20261005,4408045,440.804500,0.290378161,0
6534,mapping,iget,64,10000,2,0,131328,reverse,20261005,4407585,440.758500,0.290408466,0
6535,mapping,iget,64,10000,2,0,131328,transpose,20261005,4409721,440.972100,0.290267797,0
6536,mapping,iget,64,10000,2,0,131328,shuffle,20261005,4414478,441.447800,0.289955007,0
6537,mapping,iget,64,10000,2,0,135168,identity,20261005,4412606,441.260600,0.290078017,0
6538,mapping,iget,64,10000,2,0,135168,reverse,20261005,4415452,441.545200,0.289891046,0
6539,mapping,iget,64,10000,2,0,135168,transpose,20261005,4410746,441.074600,0.290200343,0
6540,mapping,iget,64,10000,2,0,135168,shuffle,20261005,4406862,440.686200,0.290456111,0
6541,mapping,iget,64,10000,2,0,262144,identity,20261005,4409069,440.906900,0.290310721,0
6542,mapping,iget,64,10000,2,0,262144,reverse,20261005,4417185,441.718500,0.289777313,0
6543,mapping,iget,64,10000,2,0,262144,transpose,20261005,4411081,441.108100,0.290178303,0
6544,mapping,iget,64,10000,2,0,262144,shuffle,20261005,4411114,441.111400,0.290176132,0
6545,mapping,iget,128,10000,2,0,131200,identity,20261005,4406738,440.673800,0.580928569,0
6546,mapping,iget,128,10000,2,0,131200,reverse,20261005,4408824,440.882400,0.580653707,0
6547,mapping,iget,128,10000,2,0,131200,transpose,20261005,4407356,440.735600,0.580847111,0
6548,mapping,iget,128,10000,2,0,131200,shuffle,20261005,4419288,441.928800,0.579278834,0
6549,mapping,iget,128,10000,2,0,131328,identity,20261005,4417141,441.714100,0.579560399,0
6550,mapping,iget,128,10000,2,0,131328,reverse,20261005,4406830,440.683000,0.580916441,0
6551,mapping,iget,128,10000,2,0,131328,transpose,20261005,4410348,441.034800,0.580453062,0
6552,mapping,iget,128,10000,2,0,131328,shuffle,20261005,4406473,440.647300,0.580963505,0
6553,mapping,iget,128,10000,2,0,135168,identity,20261005,4410149,441.014900,0.580479254,0
6554,mapping,iget,128,10000,2,0,135168,reverse,20261005,4421217,442.121700,0.579026092,0
6555,mapping,iget,128,10000,2,0,135168,transpose,20261005,4412345,441.234500,0.580190352,0
6556,mapping,iget,128,10000,2,0,135168,shuffle,20261005,4411491,441.149100,0.580302669,0
6557,mapping,iget,128,10000,2,0,262144,identity,20261005,4410283,441.028300,0.580461617,0
6558,mapping,iget,128,10000,2,0,262144,reverse,20261005,4412050,441.205000,0.580229145,0
6559,mapping,iget,128,10000,2,0,262144,transpose,20261005,4413315,441.331500,0.580062833,0
6560,mapping,iget,128,10000,2,0,262144,shuffle,20261005,4417756,441.775600,0.579479718,0
6561,mapping,iget,256,10000,2,0,131200,identity,20261005,4550428,455.042800,1.125168885,0
6562,mapping,iget,256,10000,2,0,131200,reverse,20261005,4542347,454.234700,1.127170601,0
6563,mapping,iget,256,10000,2,0,131200,transpose,20261005,4541890,454.189000,1.127284016,0
6564,mapping,iget,256,10000,2,0,131200,shuffle,20261005,4550143,455.014300,1.125239361,0
6565,mapping,iget,256,10000,2,0,131328,identity,20261005,4640214,464.021400,1.103397386,0
6566,mapping,iget,256,10000,2,0,131328,reverse,20261005,4552112,455.211200,1.124752642,0
6567,mapping,iget,256,10000,2,0,131328,transpose,20261005,4633330,463.333000,1.105036766,0
6568,mapping,iget,256,10000,2,0,131328,shuffle,20261005,4546665,454.666500,1.126100120,0
6569,mapping,iget,256,10000,2,0,135168,identity,20261005,4632256,463.225600,1.105292972,0
6570,mapping,iget,256,10000,2,0,135168,reverse,20261005,4631265,463.126500,1.105529483,0
6571,mapping,iget,256,10000,2,0,135168,transpose,20261005,4544216,454.421600,1.126707005,0
6572,mapping,iget,256,10000,2,0,135168,shuffle,20261005,4640485,464.048500,1.103332949,0
6573,mapping,iget,256,10000,2,0,262144,identity,20261005,4632345,463.234500,1.105271736,0
6574,mapping,iget,256,10000,2,0,262144,reverse,20261005,4546016,454.601600,1.126260884,0
6575,mapping,iget,256,10000,2,0,262144,transpose,20261005,4637105,463.710500,1.104137172,0
6576,mapping,iget,256,10000,2,0,262144,shuffle,20261005,4541430,454.143000,1.127398198,0
6577,mapping,iget,4096,1000,2,0,131200,identity,20261005,782104,782.104000,10.474310322,0
6578,mapping,iget,4096,1000,2,0,131200,reverse,20261005,786432,786.432000,10.416666667,0
6579,mapping,iget,4096,1000,2,0,131200,transpose,20261005,835090,835.090000,9.809721108,0
6580,mapping,iget,4096,1000,2,0,131200,shuffle,20261005,859240,859.240000,9.534006797,0
6581,mapping,iget,4096,1000,2,0,131328,identity,20261005,786402,786.402000,10.417064046,0
6582,mapping,iget,4096,1000,2,0,131328,reverse,20261005,770757,770.757000,10.628511969,0
6583,mapping,iget,4096,1000,2,0,131328,transpose,20261005,835308,835.308000,9.807160951,0
6584,mapping,iget,4096,1000,2,0,131328,shuffle,20261005,828537,828.537000,9.887307386,0
6585,mapping,iget,4096,1000,2,0,135168,identity,20261005,794279,794.279000,10.313756249,0
6586,mapping,iget,4096,1000,2,0,135168,reverse,20261005,769326,769.326000,10.648281743,0
6587,mapping,iget,4096,1000,2,0,135168,transpose,20261005,845962,845.962000,9.683650093,0
6588,mapping,iget,4096,1000,2,0,135168,shuffle,20261005,838163,838.163000,9.773755224,0
6589,mapping,iget,4096,1000,2,0,262144,identity,20261005,838441,838.441000,9.770514562,0
6590,mapping,iget,4096,1000,2,0,262144,reverse,20261005,839750,839.750000,9.755284311,0
6591,mapping,iget,4096,1000,2,0,262144,transpose,20261005,838227,838.227000,9.773008982,0
6592,mapping,iget,4096,1000,2,0,262144,shuffle,20261005,839120,839.120000,9.762608447,0
6593,mapping,iget,32768,1000,2,0,131200,identity,20261005,3768727,3768.727000,17.389426191,0
6594,mapping,iget,32768,1000,2,0,131200,reverse,20261005,3762779,3762.779000,17.416914467,0
6595,mapping,iget,32768,1000,2,0,131200,transpose,20261005,4259297,4259.297000,15.386576705,0
6596,mapping,iget,32768,1000,2,0,131200,shuffle,20261005,4296723,4296.723000,15.252554098,0
6597,mapping,iget,32768,1000,2,0,131328,identity,20261005,3784384,3784.384000,17.317481524,0
6598,mapping,iget,32768,1000,2,0,131328,reverse,20261005,3768330,3768.330000,17.391258197,0
6599,mapping,iget,32768,1000,2,0,131328,transpose,20261005,4084765,4084.765000,16.044007428,0
6600,mapping,iget,32768,1000,2,0,131328,shuffle,20261005,4111951,4111.951000,15.937933113,0
6601,mapping,iget,32768,1000,2,0,135168,identity,20261005,3775047,3775.047000,17.360313660,0
6602,mapping,iget,32768,1000,2,0,135168,reverse,20261005,3770965,3770.965000,17.379105879,0
6603,mapping,iget,32768,1000,2,0,135168,transpose,20261005,4222577,4222.577000,15.520380090,0
6604,mapping,iget,32768,1000,2,0,135168,shuffle,20261005,4235153,4235.153000,15.474293373,0
6605,mapping,iget,32768,1000,2,0,262144,identity,20261005,4105582,4105.582000,15.962657669,0
6606,mapping,iget,32768,1000,2,0,262144,reverse,20261005,4197392,4197.392000,15.613504767,0
6607,mapping,iget,32768,1000,2,0,262144,transpose,20261005,4077370,4077.370000,16.073105948,0
6608,mapping,iget,32768,1000,2,0,262144,shuffle,20261005,4343101,4343.101000,15.089679010,0
6609,mapping,iget,65536,1000,2,0,131200,identity,20261005,7478682,7478.682000,17.526082804,0
6610,mapping,iget,65536,1000,2,0,131200,reverse,20261005,7559754,7559.754000,17.338130315,0
6611,mapping,iget,65536,1000,2,0,131200,transpose,20261005,8178742,8178.742000,16.025936507,0
6612,mapping,iget,65536,1000,2,0,131200,shuffle,20261005,8255314,8255.314000,15.877288253,0
6613,mapping,iget,65536,1000,2,0,131328,identity,20261005,7545000,7545.000000,17.372034460,0
6614,mapping,iget,65536,1000,2,0,131328,reverse,20261005,7521056,7521.056000,17.427339991,0
6615,mapping,iget,65536,1000,2,0,131328,transpose,20261005,8429398,8429.398000,15.549390360,0
6616,mapping,iget,65536,1000,2,0,131328,shuffle,20261005,8234247,8234.247000,15.917909677,0
6617,mapping,iget,65536,1000,2,0,135168,identity,20261005,7477160,7477.160000,17.529650295,0
6618,mapping,iget,65536,1000,2,0,135168,reverse,20261005,7537674,7537.674000,17.388918651,0
6619,mapping,iget,65536,1000,2,0,135168,transpose,20261005,8797093,8797.093000,14.899467358,0
6620,mapping,iget,65536,1000,2,0,135168,shuffle,20261005,8483691,8483.691000,15.449879068,0
6621,mapping,iget,65536,1000,2,0,262144,identity,20261005,8319128,8319.128000,15.755497451,0
6622,mapping,iget,65536,1000,2,0,262144,reverse,20261005,8261593,8261.593000,15.865221150,0
6623,mapping,iget,65536,1000,2,0,262144,transpose,20261005,8401412,8401.412000,15.601187039,0
6624,mapping,iget,65536,1000,2,0,262144,shuffle,20261005,8520361,8520.361000,15.383385751,0
6625,mapping,iget,98304,1000,2,0,131200,identity,20261005,11320072,11320.072000,17.368087411,0
6626,mapping,iget,98304,1000,2,0,131200,reverse,20261005,11303540,11303.540000,17.393489119,0
6627,mapping,iget,98304,1000,2,0,131200,transpose,20261005,12402158,12402.158000,15.852724985,0
6628,mapping,iget,98304,1000,2,0,131200,shuffle,20261005,12576308,12576.308000,15.633204912,0
6629,mapping,iget,98304,1000,2,0,131328,identity,20261005,11383877,11383.877000,17.270741769,0
6630,mapping,iget,98304,1000,2,0,131328,reverse,20261005,11444366,11444.366000,17.179457560,0
6631,mapping,iget,98304,1000,2,0,131328,transpose,20261005,12708522,12708.522000,15.470563768,0
6632,mapping,iget,98304,1000,2,0,131328,shuffle,20261005,12568618,12568.618000,15.642769953,0
6633,mapping,iget,98304,1000,2,0,135168,identity,20261005,11301049,11301.049000,17.397323027,0
6634,mapping,iget,98304,1000,2,0,135168,reverse,20261005,11346966,11346.966000,17.326922457,0
6635,mapping,iget,98304,1000,2,0,135168,transpose,20261005,13167448,13167.448000,14.931367111,0
6636,mapping,iget,98304,1000,2,0,135168,shuffle,20261005,12645213,12645.213000,15.548018052,0
6637,mapping,iget,98304,1000,2,0,262144,identity,20261005,12544486,12544.486000,15.672862164,0
6638,mapping,iget,98304,1000,2,0,262144,reverse,20261005,12530382,12530.382000,15.690503290,0
6639,mapping,iget,98304,1000,2,0,262144,transpose,20261005,12566387,12566.387000,15.645547125,0
6640,mapping,iget,98304,1000,2,0,262144,shuffle,20261005,13031953,13031.953000,15.086610579,0
6641,mapping,iget,131072,1000,2,0,131200,identity,20261005,15494018,15494.018000,16.919045789,0
6642,mapping,iget,131072,1000,2,0,131200,reverse,20261005,15710873,15710.873000,16.685514548,0
6643,mapping,iget,131072,1000,2,0,131200,transpose,20261005,16538543,16538.543000,15.850489369,0
6644,mapping,iget,131072,1000,2,0,131200,shuffle,20261005,16512095,16512.095000,15.875877652,0
6645,mapping,iget,131072,1000,2,0,131328,identity,20261005,15546481,15546.481000,16.861950946,0
6646,mapping,iget,131072,1000,2,0,131328,reverse,20261005,15751260,15751.260000,16.642732073,0
6647,mapping,iget,131072,1000,2,0,131328,transpose,20261005,16373001,16373.001000,16.010748427,0
6648,mapping,iget,131072,1000,2,0,131328,shuffle,20261005,16653729,16653.729000,15.740858999,0
6649,mapping,iget,131072,1000,2,0,135168,identity,20261005,15792598,15792.598000,16.599168800,0
6650,mapping,iget,131072,1000,2,0,135168,reverse,20261005,15663981,15663.981000,16.735464631,0
6651,mapping,iget,131072,1000,2,0,135168,transpose,20261005,17221230,17221.230000,15.222141508,0
6652,mapping,iget,131072,1000,2,0,135168,shuffle,20261005,17166775,17166.775000,15.270427905,0
6653,mapping,iget,131072,1000,2,0,262144,identity,20261005,16455120,16455.120000,15.930847056,0
6654,mapping,iget,131072,1000,2,0,262144,reverse,20261005,16924210,16924.210000,15.489290194,0
6655,mapping,iget,131072,1000,2,0,262144,transpose,20261005,16966309,16966.309000,15.450856164,0
6656,mapping,iget,131072,1000,2,0,262144,shuffle,20261005,16860019,16860.019000,15.548262431,0
6657,mapping,iget,64,10000,2,4,131200,identity,20261005,4410348,441.034800,0.290226531,0
6658,mapping,iget,64,10000,2,4,131200,reverse,20261005,4412470,441.247000,0.290086958,0
6659,mapping,iget,64,10000,2,4,131200,transpose,20261005,4405813,440.581300,0.290525267,0
6660,mapping,iget,64,10000,2,4,131200,shuffle,20261005,4413238,441.323800,0.290036477,0
6661,mapping,iget,64,10000,2,4,131328,identity,20261005,4411642,441.164200,0.290141403,0
6662,mapping,iget,64,10000,2,4,131328,reverse,20261005,4417082,441.708200,0.289784070,0
6663,mapping,iget,64,10000,2,4,131328,transpose,20261005,4412848,441.284800,0.290062110,0
6664,mapping,iget,64,10000,2,4,131328,shuffle,20261005,4408273,440.827300,0.290363142,0
6665,mapping,iget,64,10000,2,4,135168,identity,20261005,4413825,441.382500,0.289997904,0
6666,mapping,iget,64,10000,2,4,135168,reverse,20261005,4410929,441.092900,0.290188303,0
6667,mapping,iget,64,10000,2,4,135168,transpose,20261005,4409876,440.987600,0.290257595,0
6668,mapping,iget,64,10000,2,4,135168,shuffle,20261005,4419749,441.974900,0.289609206,0
6669,mapping,iget,64,10000,2,4,262144,identity,20261005,4411974,441.197400,0.290119570,0
6670,mapping,iget,64,10000,2,4,262144,reverse,20261005,4415566,441.556600,0.289883562,0
6671,mapping,iget,64,10000,2,4,262144,transpose,20261005,4414038,441.403800,0.289983910,0
6672,mapping,iget,64,10000,2,4,262144,shuffle,20261005,4408248,440.824800,0.290364789,0
6673,mapping,iget,128,10000,2,4,131200,identity,20261005,4553906,455.390600,0.562154774,0
6674,mapping,iget,128,10000,2,4,131200,reverse,20261005,4549322,454.932200,0.562721214,0
6675,mapping,iget,128,10000,2,4,131200,transpose,20261005,4552313,455.231300,0.562351490,0
6676,mapping,iget,128,10000,2,4,131200,shuffle,20261005,4550936,455.093600,0.562521644,0
6677,mapping,iget,128,10000,2,4,131328,identity,20261005,4636047,463.604700,0.552194574,0
6678,mapping,iget,128,10000,2,4,131328,reverse,20261005,4539721,453.972100,0.563911306,0
6679,mapping,iget,128,10000,2,4,131328,transpose,20261005,4639966,463.996600,0.551728181,0
6680,mapping,iget,128,10000,2,4,131328,shuffle,20261005,4557258,455.725800,0.561741293,0
6681,mapping,iget,128,10000,2,4,135168,identity,20261005,4639013,463.901300,0.551841523,0
6682,mapping,iget,128,10000,2,4,135168,reverse,20261005,4640346,464.034600,0.551683000,0
6683,mapping,iget,128,10000,2,4,135168,transpose,20261005,4542321,454.232100,0.563588527,0
6684,mapping,iget,128,10000,2,4,135168,shuffle,20261005,4640712,464.071200,0.551639490,0
6685,mapping,iget,128,10000,2,4,262144,identity,20261005,4635998,463.599800,0.552200411,0
6686,mapping,iget,128,10000,2,4,262144,reverse,20261005,4556339,455.633900,0.561854594,0
6687,mapping,iget,128,10000,2,4,262144,transpose,20261005,4642250,464.225000,0.551456729,0
6688,mapping,iget,128,10000,2,4,262144,shuffle,20261005,4544169,454.416900,0.563359329,0
6689,mapping,iget,256,10000,2,4,131200,identity,20261005,4674515,467.451500,1.095300796,0
6690,mapping,iget,256,10000,2,4,131200,reverse,20261005,4789804,478.980400,1.068937268,0
6691,mapping,iget,256,10000,2,4,131200,transpose,20261005,4679391,467.939100,1.094159475,0
6692,mapping,iget,256,10000,2,4,131200,shuffle,20261005,4685907,468.590700,1.092637989,0
6693,mapping,iget,256,10000,2,4,131328,identity,20261005,4669346,466.934600,1.096513302,0
6694,mapping,iget,256,10000,2,4,131328,reverse,20261005,4792958,479.295800,1.068233855,0
6695,mapping,iget,256,10000,2,4,131328,transpose,20261005,4672721,467.272100,1.095721315,0
6696,mapping,iget,256,10000,2,4,131328,shuffle,20261005,4668781,466.878100,1.096645998,0
6697,mapping,iget,256,10000,2,4,135168,identity,20261005,4686267,468.626700,1.092554052,0
6698,mapping,iget,256,10000,2,4,135168,reverse,20261005,4677485,467.748500,1.094605327,0
6699,mapping,iget,256,10000,2,4,135168,transpose,20261005,4672212,467.221200,1.095840685,0
6700,mapping,iget,256,10000,2,4,135168,shuffle,20261005,4669329,466.932900,1.096517294,0
6701,mapping,iget,256,10000,2,4,262144,identity,20261005,4671603,467.160300,1.095983541,0
6702,mapping,iget,256,10000,2,4,262144,reverse,20261005,4670211,467.021100,1.096310210,0
6703,mapping,iget,256,10000,2,4,262144,transpose,20261005,4683689,468.368900,1.093155417,0
6704,mapping,iget,256,10000,2,4,262144,shuffle,20261005,4746858,474.685800,1.078608208,0
6705,mapping,iget,4096,1000,2,4,131200,identity,20261005,784999,784.999000,10.435682084,0
6706,mapping,iget,4096,1000,2,4,131200,reverse,20261005,780023,780.023000,10.502254421,0
6707,mapping,iget,4096,1000,2,4,131200,transpose,20261005,850211,850.211000,9.635255248,0
6708,mapping,iget,4096,1000,2,4,131200,shuffle,20261005,838540,838.540000,9.769361032,0
6709,mapping,iget,4096,1000,2,4,131328,identity,20261005,799659,799.659000,10.244366661,0
6710,mapping,iget,4096,1000,2,4,131328,reverse,20261005,766807,766.807000,10.683261890,0
6711,mapping,iget,4096,1000,2,4,131328,transpose,20261005,844023,844.023000,9.705896640,0
6712,mapping,iget,4096,1000,2,4,131328,shuffle,20261005,846080,846.080000,9.682299546,0
6713,mapping,iget,4096,1000,2,4,135168,identity,20261005,786838,786.838000,10.411291778,0
6714,mapping,iget,4096,1000,2,4,135168,reverse,20261005,778968,778.968000,10.516478212,0
6715,mapping,iget,4096,1000,2,4,135168,transpose,20261005,847104,847.104000,9.670595346,0
6716,mapping,iget,4096,1000,2,4,135168,shuffle,20261005,841554,841.554000,9.734372364,0
6717,mapping,iget,4096,1000,2,4,262144,identity,20261005,848143,848.143000,9.658748584,0
6718,mapping,iget,4096,1000,2,4,262144,reverse,20261005,849302,849.302000,9.645567772,0
6719,mapping,iget,4096,1000,2,4,262144,transpose,20261005,864533,864.533000,9.475635979,0
6720,mapping,iget,4096,1000,2,4,262144,shuffle,20261005,839847,839.847000,9.754157603,0
6721,mapping,iget,32768,1000,2,4,131200,identity,20261005,3827621,3827.621000,17.121862379,0
6722,mapping,iget,32768,1000,2,4,131200,reverse,20261005,3805141,3805.141000,17.223014863,0
6723,mapping,iget,32768,1000,2,4,131200,transpose,20261005,4158692,4158.692000,15.758801085,0
6724,mapping,iget,32768,1000,2,4,131200,shuffle,20261005,4237601,4237.601000,15.465354100,0
6725,mapping,iget,32768,1000,2,4,131328,identity,20261005,3814275,3814.275000,17.181771110,0
6726,mapping,iget,32768,1000,2,4,131328,reverse,20261005,3809380,3809.380000,17.203849445,0
6727,mapping,iget,32768,1000,2,4,131328,transpose,20261005,4320099,4320.099000,15.170022724,0
6728,mapping,iget,32768,1000,2,4,131328,shuffle,20261005,4235032,4235.032000,15.474735492,0
6729,mapping,iget,32768,1000,2,4,135168,identity,20261005,3817127,3817.127000,17.168933598,0
6730,mapping,iget,32768,1000,2,4,135168,reverse,20261005,3796768,3796.768000,17.260996721,0
6731,mapping,iget,32768,1000,2,4,135168,transpose,20261005,4386585,4386.585000,14.940095769,0
6732,mapping,iget,32768,1000,2,4,135168,shuffle,20261005,4053030,4053.030000,16.169631115,0
6733,mapping,iget,32768,1000,2,4,262144,identity,20261005,4439347,4439.347000,14.762531516,0
6734,mapping,iget,32768,1000,2,4,262144,reverse,20261005,4373013,4373.013000,14.986463566,0
6735,mapping,iget,32768,1000,2,4,262144,transpose,20261005,4429432,4429.432000,14.795576498,0
6736,mapping,iget,32768,1000,2,4,262144,shuffle,20261005,4224297,4224.297000,15.514060683,0
6737,mapping,iget,65536,1000,2,4,131200,identity,20261005,7517766,7517.766000,17.434966718,0
6738,mapping,iget,65536,1000,2,4,131200,reverse,20261005,7551480,7551.480000,17.357127345,0
6739,mapping,iget,65536,1000,2,4,131200,transpose,20261005,8226205,8226.205000,15.933471145,0
6740,mapping,iget,65536,1000,2,4,131200,shuffle,20261005,8425781,8425.781000,15.556065367,0
6741,mapping,iget,65536,1000,2,4,131328,identity,20261005,7483403,7483.403000,17.515026252,0
6742,mapping,iget,65536,1000,2,4,131328,reverse,20261005,7514550,7514.550000,17.442428356,0
6743,mapping,iget,65536,1000,2,4,131328,transpose,20261005,8206713,8206.713000,15.971315190,0
6744,mapping,iget,65536,1000,2,4,131328,shuffle,20261005,8343745,8343.745000,15.709013159,0
6745,mapping,iget,65536,1000,2,4,135168,identity,20261005,7553409,7553.409000,17.352694657,0
6746,mapping,iget,65536,1000,2,4,135168,reverse,20261005,7563889,7563.889000,17.328651967,0
6747,mapping,iget,65536,1000,2,4,135168,transpose,20261005,8316230,8316.230000,15.760987851,0
6748,mapping,iget,65536,1000,2,4,135168,shuffle,20261005,8201082,8201.082000,15.982281362,0
6749,mapping,iget,65536,1000,2,4,262144,identity,20261005,8483259,8483.259000,15.450665835,0
6750,mapping,iget,65536,1000,2,4,262144,reverse,20261005,8777619,8777.619000,14.932523273,0
6751,mapping,iget,65536,1000,2,4,262144,transpose,20261005,8083396,8083.396000,16.214967076,0
6752,mapping,iget,65536,1000,2,4,262144,shuffle,20261005,8344837,8344.837000,15.706957488,0
6753,mapping,iget,98304,1000,2,4,131200,identity,20261005,11336465,11336.465000,17.342972435,0
6754,mapping,iget,98304,1000,2,4,131200,reverse,20261005,11292907,11292.907000,17.409866211,0
6755,mapping,iget,98304,1000,2,4,131200,transpose,20261005,12381035,12381.035000,15.879770956,0
6756,mapping,iget,98304,1000,2,4,131200,shuffle,20261005,12426591,12426.591000,15.821555566,0
6757,mapping,iget,98304,1000,2,4,131328,identity,20261005,11351444,11351.444000,17.320087207,0
6758,mapping,iget,98304,1000,2,4,131328,reverse,20261005,11538637,11538.637000,17.039100892,0
6759,mapping,iget,98304,1000,2,4,131328,transpose,20261005,12476451,12476.451000,15.758327428,0
6760,mapping,iget,98304,1000,2,4,131328,shuffle,20261005,12674408,12674.408000,15.512203805,0
6761,mapping,iget,98304,1000,2,4,135168,identity,20261005,11297564,11297.564000,17.402689642,0
6762,mapping,iget,98304,1000,2,4,135168,reverse,20261005,11349901,11349.901000,17.322441843,0
6763,mapping,iget,98304,1000,2,4,135168,transpose,20261005,13240876,13240.876000,14.848564400,0
6764,mapping,iget,98304,1000,2,4,135168,shuffle,20261005,12642776,12642.776000,15.551015062,0
6765,mapping,iget,98304,1000,2,4,262144,identity,20261005,13339314,13339.314000,14.738988827,0
6766,mapping,iget,98304,1000,2,4,262144,reverse,20261005,13496943,13496.943000,14.566854139,0
6767,mapping,iget,98304,1000,2,4,262144,transpose,20261005,12701866,12701.866000,15.478670614,0
6768,mapping,iget,98304,1000,2,4,262144,shuffle,20261005,12985953,12985.953000,15.140051716,0
6769,mapping,iget,131072,1000,2,4,131200,identity,20261005,15498585,15498.585000,16.914060219,0
6770,mapping,iget,131072,1000,2,4,131200,reverse,20261005,15809967,15809.967000,16.580932775,0
6771,mapping,iget,131072,1000,2,4,131200,transpose,20261005,16618213,16618.213000,15.774499942,0
6772,mapping,iget,131072,1000,2,4,131200,shuffle,20261005,16886207,16886.207000,15.524149384,0
6773,mapping,iget,131072,1000,2,4,131328,identity,20261005,15627119,15627.119000,16.774941050,0
6774,mapping,iget,131072,1000,2,4,131328,reverse,20261005,15760966,15760.966000,16.632483060,0
6775,mapping,iget,131072,1000,2,4,131328,transpose,20261005,16577125,16577.125000,15.813598558,0
6776,mapping,iget,131072,1000,2,4,131328,shuffle,20261005,16821218,16821.218000,15.584127142,0
6777,mapping,iget,131072,1000,2,4,135168,identity,20261005,15501924,15501.924000,16.910417055,0
6778,mapping,iget,131072,1000,2,4,135168,reverse,20261005,15509853,15509.853000,16.901772054,0
6779,mapping,iget,131072,1000,2,4,135168,transpose,20261005,16756756,16756.756000,15.644078126,0
6780,mapping,iget,131072,1000,2,4,135168,shuffle,20261005,17133900,17133.900000,15.299727441,0
6781,mapping,iget,131072,1000,2,4,262144,identity,20261005,17082263,17082.263000,15.345976116,0
6782,mapping,iget,131072,1000,2,4,262144,reverse,20261005,16721949,16721.949000,15.676641521,0
6783,mapping,iget,131072,1000,2,4,262144,transpose,20261005,16939515,16939.515000,15.475295485,0
6784,mapping,iget,131072,1000,2,4,262144,shuffle,20261005,17232593,17232.593000,15.212104180,0
6785,mapping,iget,64,10000,4,0,131200,identity,20261005,5367600,536.760000,0.476935688,0
6786,mapping,iget,64,10000,4,0,131200,reverse,20261005,5360641,536.064100,0.477554830,0
6787,mapping,iget,64,10000,4,0,131200,transpose,20261005,4417129,441.712900,0.579561973,0
6788,mapping,iget,64,10000,4,0,131200,shuffle,20261005,4417713,441.771300,0.579485358,0
6789,mapping,iget,64,10000,4,0,131328,identity,20261005,5363545,536.354500,0.477296266,0
6790,mapping,iget,64,10000,4,0,131328,reverse,20261005,4414624,441.462400,0.579890836,0
6791,mapping,iget,64,10000,4,0,131328,transpose,20261005,5371076,537.107600,0.476627030,0
6792,mapping,iget,64,10000,4,0,131328,shuffle,20261005,5384480,538.448000,0.475440525,0
6793,mapping,iget,64,10000,4,0,135168,identity,20261005,4421091,442.109100,0.579042594,0
6794,mapping,iget,64,10000,4,0,135168,reverse,20261005,4415437,441.543700,0.579784062,0
6795,mapping,iget,64,10000,4,0,135168,transpose,20261005,4412835,441.283500,0.580125928,0
6796,mapping,iget,64,10000,4,0,135168,shuffle,20261005,5374082,537.408200,0.476360428,0
6797,mapping,iget,64,10000,4,0,262144,identity,20261005,4423779,442.377900,0.578690753,0
6798,mapping,iget,64,10000,4,0,262144,reverse,20261005,4424430,442.443000,0.578605606,0
6799,mapping,iget,64,10000,4,0,262144,transpose,20261005,4418995,441.899500,0.579317243,0
6800,mapping,iget,64,10000,4,0,262144,shuffle,20261005,4415908,441.590800,0.579722222,0
6801,mapping,iget,128,10000,4,0,131200,identity,20261005,5369584,536.958400,0.953518932,0
6802,mapping,iget,128,10000,4,0,131200,reverse,20261005,5364124,536.412400,0.954489494,0
6803,mapping,iget,128,10000,4,0,131200,transpose,20261005,4411449,441.144900,1.160616387,0
6804,mapping,iget,128,10000,4,0,131200,shuffle,20261005,4419601,441.960100,1.158475618,0
6805,mapping,iget,128,10000,4,0,131328,identity,20261005,5364769,536.476900,0.954374736,0
6806,mapping,iget,128,10000,4,0,131328,reverse,20261005,4415490,441.549000,1.159554206,0
6807,mapping,iget,128,10000,4,0,131328,transpose,20261005,5368668,536.866800,0.953681621,0
6808,mapping,iget,128,10000,4,0,131328,shuffle,20261005,5379191,537.919100,0.951815989,0
6809,mapping,iget,128,10000,4,0,135168,identity,20261005,4425476,442.547600,1.156937694,0
6810,mapping,iget,128,10000,4,0,135168,reverse,20261005,4429185,442.918500,1.155968875,0
6811,mapping,iget,128,10000,4,0,135168,transpose,20261005,4416712,441.671200,1.159233384,0
6812,mapping,iget,128,10000,4,0,135168,shuffle,20261005,5374406,537.440600,0.952663420,0
6813,mapping,iget,128,10000,4,0,262144,identity,20261005,4417918,441.791800,1.158916938,0
6814,mapping,iget,128,10000,4,0,262144,reverse,20261005,4414175,441.417500,1.159899641,0
6815,mapping,iget,128,10000,4,0,262144,transpose,20261005,4413112,441.311200,1.160179030,0
6816,mapping,iget,128,10000,4,0,262144,shuffle,20261005,4423509,442.350900,1.157452149,0
6817,mapping,iget,256,10000,4,0,131200,identity,20261005,5551153,555.115300,1.844661821,0
6818,mapping,iget,256,10000,4,0,131200,reverse,20261005,5528627,552.862700,1.852177765,0
6819,mapping,iget,256,10000,4,0,131200,transpose,20261005,4579966,457.996600,2.235824458,0
6820,mapping,iget,256,10000,4,0,131200,shuffle,20261005,5406547,540.654700,1.893999997,0
6821,mapping,iget,256,10000,4,0,131328,identity,20261005,5560386,556.038600,1.841598767,0
6822,mapping,iget,256,10000,4,0,131328,reverse,20261005,4599298,459.929800,2.226426729,0
6823,mapping,iget,256,10000,4,0,131328,transpose,20261005,5595654,559.565400,1.829991633,0
6824,mapping,iget,256,10000,4,0,131328,shuffle,20261005,5606624,560.662400,1.826411045,0
6825,mapping,iget,256,10000,4,0,135168,identity,20261005,4624230,462.423000,2.214422726,0
6826,mapping,iget,256,10000,4,0,135168,reverse,20261005,4640453,464.045300,2.206681115,0
6827,mapping,iget,256,10000,4,0,135168,transpose,20261005,4638306,463.830600,2.207702553,0
6828,mapping,iget,256,10000,4,0,135168,shuffle,20261005,5596296,559.629600,1.829781698,0
6829,mapping,iget,256,10000,4,0,262144,identity,20261005,4627653,462.765300,2.212784753,0
6830,mapping,iget,256,10000,4,0,262144,reverse,20261005,4612474,461.247400,2.220066715,0
6831,mapping,iget,256,10000,4,0,262144,transpose,20261005,4635381,463.538100,2.209095649,0
6832,mapping,iget,256,10000,4,0,262144,shuffle,20261005,4577418,457.741800,2.237069020,0
6833,mapping,iget,4096,1000,4,0,131200,identity,20261005,1037916,1037.916000,15.785477823,0
6834,mapping,iget,4096,1000,4,0,131200,reverse,20261005,1035506,1035.506000,15.822216385,0
6835,mapping,iget,4096,1000,4,0,131200,transpose,20261005,1123887,1123.887000,14.577978035,0
6836,mapping,iget,4096,1000,4,0,131200,shuffle,20261005,1100858,1100.858000,14.882936764,0
6837,mapping,iget,4096,1000,4,0,131328,identity,20261005,1040574,1040.574000,15.745156039,0
6838,mapping,iget,4096,1000,4,0,131328,reverse,20261005,1061764,1061.764000,15.430924386,0
6839,mapping,iget,4096,1000,4,0,131328,transpose,20261005,1116183,1116.183000,14.678596610,0
6840,mapping,iget,4096,1000,4,0,131328,shuffle,20261005,1100897,1100.897000,14.882409526,0
6841,mapping,iget,4096,1000,4,0,135168,identity,20261005,1040864,1040.864000,15.740769207,0
6842,mapping,iget,4096,1000,4,0,135168,reverse,20261005,1044556,1044.556000,15.685133205,0
6843,mapping,iget,4096,1000,4,0,135168,transpose,20261005,1094510,1094.510000,14.969255649,0
6844,mapping,iget,4096,1000,4,0,135168,shuffle,20261005,1112406,1112.406000,14.728435481,0
6845,mapping,iget,4096,1000,4,0,262144,identity,20261005,1115470,1115.470000,14.687979058,0
6846,mapping,iget,4096,1000,4,0,262144,reverse,20261005,1125583,1125.583000,14.556012307,0
6847,mapping,iget,4096,1000,4,0,262144,transpose,20261005,1119664,1119.664000,14.632961317,0
6848,mapping,iget,4096,1000,4,0,262144,shuffle,20261005,1124339,1124.339000,14.572117484,0
6849,mapping,iget,32768,1000,4,0,131200,identity,20261005,6710750,6710.750000,19.531646984,0
6850,mapping,iget,32768,1000,4,0,131200,reverse,20261005,6694405,6694.405000,19.579335281,0
6851,mapping,iget,32768,1000,4,0,131200,transpose,20261005,8113618,8113.618000,16.154568776,0
6852,mapping,iget,32768,1000,4,0,131200,shuffle,20261005,8087604,8087.604000,16.206530389,0
6853,mapping,iget,32768,1000,4,0,131328,identity,20261005,6715316,6715.316000,19.518366671,0
6854,mapping,iget,32768,1000,4,0,131328,reverse,20261005,6724506,6724.506000,19.491692029,0
6855,mapping,iget,32768,1000,4,0,131328,transpose,20261005,8050240,8050.240000,16.281750606,0
6856,mapping,iget,32768,1000,4,0,131328,shuffle,20261005,7943034,7943.034000,16.501503078,0
6857,mapping,iget,32768,1000,4,0,135168,identity,20261005,6691123,6691.123000,19.588938957,0
6858,mapping,iget,32768,1000,4,0,135168,reverse,20261005,6708824,6708.824000,19.537254219,0
6859,mapping,iget,32768,1000,4,0,135168,transpose,20261005,8088338,8088.338000,16.205059680,0
6860,mapping,iget,32768,1000,4,0,135168,shuffle,20261005,8088915,8088.915000,16.203903737,0
6861,mapping,iget,32768,1000,4,0,262144,identity,20261005,8065515,8065.515000,16.250915162,0
6862,mapping,iget,32768,1000,4,0,262144,reverse,20261005,8070460,8070.460000,16.240957764,0
6863,mapping,iget,32768,1000,4,0,262144,transpose,20261005,8112020,8112.020000,16.157751090,0
6864,mapping,iget,32768,1000,4,0,262144,shuffle,20261005,8048059,8048.059000,16.286162912,0
6865,mapping,iget,65536,1000,4,0,131200,identity,20261005,13325149,13325.149000,19.672875703,0
6866,mapping,iget,65536,1000,4,0,131200,reverse,20261005,13307258,13307.258000,19.699324985,0
6867,mapping,iget,65536,1000,4,0,131200,transpose,20261005,16462388,16462.388000,15.923813726,0
6868,mapping,iget,65536,1000,4,0,131200,shuffle,20261005,16463007,16463.007000,15.923215000,0
6869,mapping,iget,65536,1000,4,0,131328,identity,20261005,13291249,13291.249000,19.723052363,0
6870,mapping,iget,65536,1000,4,0,131328,reverse,20261005,13287065,13287.065000,19.729263009,0
6871,mapping,iget,65536,1000,4,0,131328,transpose,20261005,16458595,16458.595000,15.927483482,0
6872,mapping,iget,65536,1000,4,0,131328,shuffle,20261005,16529965,16529.965000,15.858714764,0
6873,mapping,iget,65536,1000,4,0,135168,identity,20261005,13302838,13302.838000,19.705870281,0
6874,mapping,iget,65536,1000,4,0,135168,reverse,20261005,13489146,13489.146000,19.433698768,0
6875,mapping,iget,65536,1000,4,0,135168,transpose,20261005,16579890,16579.890000,15.810961351,0
6876,mapping,iget,65536,1000,4,0,135168,shuffle,20261005,16526739,16526.739000,15.861810367,0
6877,mapping,iget,65536,1000,4,0,262144,identity,20261005,16529451,16529.451000,15.859207907,0
6878,mapping,iget,65536,1000,4,0,262144,reverse,20261005,16492417,16492.417000,15.894820025,0
6879,mapping,iget,65536,1000,4,0,262144,transpose,20261005,16498513,16498.513000,15.888947083,0
6880,mapping,iget,65536,1000,4,0,262144,shuffle,20261005,16519438,16519.438000,15.868820719,0
6881,mapping,iget,98304,1000,4,0,131200,identity,20261005,19968069,19968.069000,19.692239645,0
6882,mapping,iget,98304,1000,4,0,131200,reverse,20261005,20004125,20004.125000,19.656745796,0
6883,mapping,iget,98304,1000,4,0,131200,transpose,20261005,24909075,24909.075000,15.786053878,0
6884,mapping,iget,98304,1000,4,0,131200,shuffle,20261005,24915495,24915.495000,15.781986270,0
6885,mapping,iget,98304,1000,4,0,131328,identity,20261005,19909179,19909.179000,19.750487953,0
6886,mapping,iget,98304,1000,4,0,131328,reverse,20261005,20093560,20093.560000,19.569255025,0
6887,mapping,iget,98304,1000,4,0,131328,transpose,20261005,24935043,24935.043000,15.769613872,0
6888,mapping,iget,98304,1000,4,0,131328,shuffle,20261005,24986244,24986.244000,15.737299292,0
6889,mapping,iget,98304,1000,4,0,135168,identity,20261005,20040783,20040.783000,19.620790266,0
6890,mapping,iget,98304,1000,4,0,135168,reverse,20261005,20018335,20018.335000,19.642792470,0
6891,mapping,iget,98304,1000,4,0,135168,transpose,20261005,24998850,24998.850000,15.729363551,0
6892,mapping,iget,98304,1000,4,0,135168,shuffle,20261005,24986627,24986.627000,15.737058067,0
6893,mapping,iget,98304,1000,4,0,262144,identity,20261005,24987804,24987.804000,15.736316805,0
6894,mapping,iget,98304,1000,4,0,262144,reverse,20261005,24957327,24957.327000,15.755533435,0
6895,mapping,iget,98304,1000,4,0,262144,transpose,20261005,25056662,25056.662000,15.693071966,0
6896,mapping,iget,98304,1000,4,0,262144,shuffle,20261005,24992947,24992.947000,15.733078616,0
6897,mapping,iget,131072,1000,4,0,131200,identity,20261005,26820920,26820.920000,19.547726178,0
6898,mapping,iget,131072,1000,4,0,131200,reverse,20261005,26946558,26946.558000,19.456585142,0
6899,mapping,iget,131072,1000,4,0,131200,transpose,20261005,33320299,33320.299000,15.734792776,0
6900,mapping,iget,131072,1000,4,0,131200,shuffle,20261005,33475145,33475.145000,15.662008335,0
6901,mapping,iget,131072,1000,4,0,131328,identity,20261005,26807617,26807.617000,19.557426533,0
6902,mapping,iget,131072,1000,4,0,131328,reverse,20261005,27045184,27045.184000,19.385632577,0
6903,mapping,iget,131072,1000,4,0,131328,transpose,20261005,33354340,33354.340000,15.718734054,0
6904,mapping,iget,131072,1000,4,0,131328,shuffle,20261005,33408097,33408.097000,15.693441024,0
6905,mapping,iget,131072,1000,4,0,135168,identity,20261005,27057403,27057.403000,19.376878114,0
6906,mapping,iget,131072,1000,4,0,135168,reverse,20261005,26688977,26688.977000,19.644364788,0
6907,mapping,iget,131072,1000,4,0,135168,transpose,20261005,33405817,33405.817000,15.694512126,0
6908,mapping,iget,131072,1000,4,0,135168,shuffle,20261005,33342001,33342.001000,15.724551145,0
6909,mapping,iget,131072,1000,4,0,262144,identity,20261005,33364498,33364.498000,15.713948401,0
6910,mapping,iget,131072,1000,4,0,262144,reverse,20261005,33365941,33365.941000,15.713268809,0
6911,mapping,iget,131072,1000,4,0,262144,transpose,20261005,33352825,33352.825000,15.719448053,0
6912,mapping,iget,131072,1000,4,0,262144,shuffle,20261005,33428139,33428.139000,15.684031947,0
6913,mapping,iget,64,10000,4,4,131200,identity,20261005,5372451,537.245100,0.476505044,0
6914,mapping,iget,64,10000,4,4,131200,reverse,20261005,5365018,536.501800,0.477165221,0
6915,mapping,iget,64,10000,4,4,131200,transpose,20261005,4419166,441.916600,0.579294826,0
6916,mapping,iget,64,10000,4,4,131200,shuffle,20261005,4422632,442.263200,0.578840835,0
6917,mapping,iget,64,10000,4,4,131328,identity,20261005,5374408,537.440800,0.476331533,0
6918,mapping,iget,64,10000,4,4,131328,reverse,20261005,4420587,442.058700,0.579108612,0
6919,mapping,iget,64,10000,4,4,131328,transpose,20261005,5383887,538.388700,0.475492892,0
6920,mapping,iget,64,10000,4,4,131328,shuffle,20261005,5384273,538.427300,0.475458804,0
6921,mapping,iget,64,10000,4,4,135168,identity,20261005,4425886,442.588600,0.578415260,0
6922,mapping,iget,64,10000,4,4,135168,reverse,20261005,4419877,441.987700,0.579201638,0
6923,mapping,iget,64,10000,4,4,135168,transpose,20261005,4420064,442.006400,0.579177134,0
6924,mapping,iget,64,10000,4,4,135168,shuffle,20261005,5381913,538.191300,0.475667295,0
6925,mapping,iget,64,10000,4,4,262144,identity,20261005,4423602,442.360200,0.578713908,0
6926,mapping,iget,64,10000,4,4,262144,reverse,20261005,4416406,441.640600,0.579656852,0
6927,mapping,iget,64,10000,4,4,262144,transpose,20261005,4414263,441.426300,0.579938259,0
6928,mapping,iget,64,10000,4,4,262144,shuffle,20261005,4421361,442.136100,0.579007233,0
6929,mapping,iget,128,10000,4,4,131200,identity,20261005,5617251,561.725100,0.911477874,0
6930,mapping,iget,128,10000,4,4,131200,reverse,20261005,5540583,554.058300,0.924090479,0
6931,mapping,iget,128,10000,4,4,131200,transpose,20261005,4639206,463.920600,1.103637131,0
6932,mapping,iget,128,10000,4,4,131200,shuffle,20261005,5430233,543.023300,0.942869302,0
6933,mapping,iget,128,10000,4,4,131328,identity,20261005,5610577,561.057700,0.912562113,0
6934,mapping,iget,128,10000,4,4,131328,reverse,20261005,4648187,464.818700,1.101504737,0
6935,mapping,iget,128,10000,4,4,131328,transpose,20261005,5616875,561.687500,0.911538890,0
6936,mapping,iget,128,10000,4,4,131328,shuffle,20261005,5643025,564.302500,0.907314782,0
6937,mapping,iget,128,10000,4,4,135168,identity,20261005,4650534,465.053400,1.100948837,0
6938,mapping,iget,128,10000,4,4,135168,reverse,20261005,4647875,464.787500,1.101578678,0
6939,mapping,iget,128,10000,4,4,135168,transpose,20261005,4645354,464.535400,1.102176497,0
6940,mapping,iget,128,10000,4,4,135168,shuffle,20261005,5623932,562.393200,0.910395076,0
6941,mapping,iget,128,10000,4,4,262144,identity,20261005,4672730,467.273000,1.095719205,0
6942,mapping,iget,128,10000,4,4,262144,reverse,20261005,4645073,464.507300,1.102243172,0
6943,mapping,iget,128,10000,4,4,262144,transpose,20261005,4646300,464.630000,1.101952091,0
6944,mapping,iget,128,10000,4,4,262144,shuffle,20261005,4656403,465.640300,1.099561185,0
6945,mapping,iget,256,10000,4,4,131200,identity,20261005,5748157,574.815700,1.781440556,0
6946,mapping,iget,256,10000,4,4,131200,reverse,20261005,5595496,559.549600,1.830043306,0
6947,mapping,iget,256,10000,4,4,131200,transpose,20261005,4676638,467.663800,2.189607149,0
6948,mapping,iget,256,10000,4,4,131200,shuffle,20261005,5692744,569.274400,1.798781045,0
6949,mapping,iget,256,10000,4,4,131328,identity,20261005,5769597,576.959700,1.774820668,0
6950,mapping,iget,256,10000,4,4,131328,reverse,20261005,4810024,481.002400,2.128887507,0
6951,mapping,iget,256,10000,4,4,131328,transpose,20261005,5742539,574.253900,1.783183362,0
6952,mapping,iget,256,10000,4,4,131328,shuffle,20261005,5722833,572.283300,1.789323575,0
6953,mapping,iget,256,10000,4,4,135168,identity,20261005,4682030,468.203000,2.187085516,0
6954,mapping,iget,256,10000,4,4,135168,reverse,20261005,4679818,467.981800,2.188119282,0
6955,mapping,iget,256,10000,4,4,135168,transpose,20261005,4717904,471.790400,2.170455355,0
6956,mapping,iget,256,10000,4,4,135168,shuffle,20261005,5708830,570.883000,1.793712547,0
6957,mapping,iget,256,10000,4,4,262144,identity,20261005,4683672,468.367200,2.186318769,0
6958,mapping,iget,256,10000,4,4,262144,reverse,20261005,4693680,469.368000,2.181657037,0
6959,mapping,iget,256,10000,4,4,262144,transpose,20261005,5713113,571.311300,1.792367839,0
6960,mapping,iget,256,10000,4,4,262144,shuffle,20261005,5707070,570.707000,1.794265709,0
6961,mapping,iget,4096,1000,4,4,131200,identity,20261005,1053946,1053.946000,15.545388473,0
6962,mapping,iget,4096,1000,4,4,131200,reverse,20261005,1047457,1047.457000,15.641692213,0
6963,mapping,iget,4096,1000,4,4,131200,transpose,20261005,1126804,1126.804000,14.540239474,0
6964,mapping,iget,4096,1000,4,4,131200,shuffle,20261005,1102091,1102.091000,14.866285996,0
6965,mapping,iget,4096,1000,4,4,131328,identity,20261005,1064435,1064.435000,15.392203375,0
6966,mapping,iget,4096,1000,4,4,131328,reverse,20261005,1089978,1089.978000,15.031496049,0
6967,mapping,iget,4096,1000,4,4,131328,transpose,20261005,1135690,1135.690000,14.426472013,0
6968,mapping,iget,4096,1000,4,4,131328,shuffle,20261005,1018245,1018.245000,16.090430103,0
6969,mapping,iget,4096,1000,4,4,135168,identity,20261005,1037274,1037.274000,15.795247929,0
6970,mapping,iget,4096,1000,4,4,135168,reverse,20261005,1027949,1027.949000,15.938533916,0
6971,mapping,iget,4096,1000,4,4,135168,transpose,20261005,1127536,1127.536000,14.530799904,0
6972,mapping,iget,4096,1000,4,4,135168,shuffle,20261005,1132712,1132.712000,14.464400483,0
6973,mapping,iget,4096,1000,4,4,262144,identity,20261005,1128246,1128.246000,14.521655738,0
6974,mapping,iget,4096,1000,4,4,262144,reverse,20261005,1144124,1144.124000,14.320126140,0
6975,mapping,iget,4096,1000,4,4,262144,transpose,20261005,1135313,1135.313000,14.431262568,0
6976,mapping,iget,4096,1000,4,4,262144,shuffle,20261005,1129042,1129.042000,14.511417644,0
6977,mapping,iget,32768,1000,4,4,131200,identity,20261005,6714768,6714.768000,19.519959588,0
6978,mapping,iget,32768,1000,4,4,131200,reverse,20261005,6716635,6716.635000,19.514533691,0
6979,mapping,iget,32768,1000,4,4,131200,transpose,20261005,8106020,8106.020000,16.169710906,0
6980,mapping,iget,32768,1000,4,4,131200,shuffle,20261005,8149232,8149.232000,16.083969631,0
6981,mapping,iget,32768,1000,4,4,131328,identity,20261005,6764024,6764.024000,19.377814153,0
6982,mapping,iget,32768,1000,4,4,131328,reverse,20261005,6746193,6746.193000,19.429032048,0
6983,mapping,iget,32768,1000,4,4,131328,transpose,20261005,8104777,8104.777000,16.172190796,0
6984,mapping,iget,32768,1000,4,4,131328,shuffle,20261005,8009922,8009.922000,16.363704915,0
6985,mapping,iget,32768,1000,4,4,135168,identity,20261005,6722319,6722.319000,19.498033342,0
6986,mapping,iget,32768,1000,4,4,135168,reverse,20261005,6723190,6723.190000,19.495507341,0
6987,mapping,iget,32768,1000,4,4,135168,transpose,20261005,8107018,8107.018000,16.167720363,0
6988,mapping,iget,32768,1000,4,4,135168,shuffle,20261005,8146760,8146.760000,16.088850046,0
6989,mapping,iget,32768,1000,4,4,262144,identity,20261005,8099264,8099.264000,16.183198868,0
6990,mapping,iget,32768,1000,4,4,262144,reverse,20261005,8120686,8120.686000,16.140508327,0
6991,mapping,iget,32768,1000,4,4,262144,transpose,20261005,8102811,8102.811000,16.176114684,0
6992,mapping,iget,32768,1000,4,4,262144,shuffle,20261005,8069667,8069.667000,16.242553751,0
6993,mapping,iget,65536,1000,4,4,131200,identity,20261005,13356915,13356.915000,19.626088809,0
6994,mapping,iget,65536,1000,4,4,131200,reverse,20261005,13357257,13357.257000,19.625586301,0
6995,mapping,iget,65536,1000,4,4,131200,transpose,20261005,16499886,16499.886000,15.887624921,0
6996,mapping,iget,65536,1000,4,4,131200,shuffle,20261005,16495834,16495.834000,15.891527521,0
6997,mapping,iget,65536,1000,4,4,131328,identity,20261005,13410878,13410.878000,19.547116900,0
6998,mapping,iget,65536,1000,4,4,131328,reverse,20261005,13384640,13384.640000,19.585435245,0
6999,mapping,iget,65536,1000,4,4,131328,transpose,20261005,16502607,16502.607000,15.885005321,0
7000,mapping,iget,65536,1000,4,4,131328,shuffle,20261005,16572030,16572.030000,15.818460382,0
7001,mapping,iget,65536,1000,4,4,135168,identity,20261005,13428279,13428.279000,19.521786820,0
7002,mapping,iget,65536,1000,4,4,135168,reverse,20261005,13435909,13435.909000,19.510700765,0
7003,mapping,iget,65536,1000,4,4,135168,transpose,20261005,16561598,16561.598000,15.828424286,0
7004,mapping,iget,65536,1000,4,4,135168,shuffle,20261005,16538753,16538.753000,15.850288108,0
7005,mapping,iget,65536,1000,4,4,262144,identity,20261005,16573297,16573.297000,15.817251088,0
7006,mapping,iget,65536,1000,4,4,262144,reverse,20261005,16588875,16588.875000,15.802397691,0
7007,mapping,iget,65536,1000,4,4,262144,transpose,20261005,16500907,16500.907000,15.886641868,0
7008,mapping,iget,65536,1000,4,4,262144,shuffle,20261005,16570275,16570.275000,15.820135755,0
7009,mapping,iget,98304,1000,4,4,131200,identity,20261005,19986544,19986.544000,19.674036692,0
7010,mapping,iget,98304,1000,4,4,131200,reverse,20261005,19982615,19982.615000,19.677905019,0
7011,mapping,iget,98304,1000,4,4,131200,transpose,20261005,24937763,24937.763000,15.767893856,0
7012,mapping,iget,98304,1000,4,4,131200,shuffle,20261005,25029230,25029.230000,15.710271551,0
7013,mapping,iget,98304,1000,4,4,131328,identity,20261005,19983122,19983.122000,19.677405763,0
7014,mapping,iget,98304,1000,4,4,131328,reverse,20261005,20185344,20185.344000,19.480272419,0
7015,mapping,iget,98304,1000,4,4,131328,transpose,20261005,24979881,24979.881000,15.741307975,0
7016,mapping,iget,98304,1000,4,4,131328,shuffle,20261005,25097121,25097.121000,15.667773208,0
7017,mapping,iget,98304,1000,4,4,135168,identity,20261005,19989656,19989.656000,19.670973828,0
7018,mapping,iget,98304,1000,4,4,135168,reverse,20261005,19993930,19993.930000,19.666768864,0
7019,mapping,iget,98304,1000,4,4,135168,transpose,20261005,25007343,25007.343000,15.724021540,0
7020,mapping,iget,98304,1000,4,4,135168,shuffle,20261005,25002066,25002.066000,15.727340293,0
7021,mapping,iget,98304,1000,4,4,262144,identity,20261005,24984061,24984.061000,15.738674349,0
7022,mapping,iget,98304,1000,4,4,262144,reverse,20261005,25058612,25058.612000,15.691850770,0
7023,mapping,iget,98304,1000,4,4,262144,transpose,20261005,24986280,24986.280000,15.737276617,0
7024,mapping,iget,98304,1000,4,4,262144,shuffle,20261005,24975239,24975.239000,15.744233719,0
7025,mapping,iget,131072,1000,4,4,131200,identity,20261005,26861692,26861.692000,19.518055676,0
7026,mapping,iget,131072,1000,4,4,131200,reverse,20261005,27005015,27005.015000,19.414468016,0
7027,mapping,iget,131072,1000,4,4,131200,transpose,20261005,33351394,33351.394000,15.720122523,0
7028,mapping,iget,131072,1000,4,4,131200,shuffle,20261005,33493433,33493.433000,15.653456604,0
7029,mapping,iget,131072,1000,4,4,131328,identity,20261005,26760198,26760.198000,19.592082241,0
7030,mapping,iget,131072,1000,4,4,131328,reverse,20261005,27121413,27121.413000,19.331146205,0
7031,mapping,iget,131072,1000,4,4,131328,transpose,20261005,33445729,33445.729000,15.675783297,0
7032,mapping,iget,131072,1000,4,4,131328,shuffle,20261005,33435066,33435.066000,15.680782565,0
7033,mapping,iget,131072,1000,4,4,135168,identity,20261005,27066414,27066.414000,19.370427128,0
7034,mapping,iget,131072,1000,4,4,135168,reverse,20261005,26703249,26703.249000,19.633865527,0
7035,mapping,iget,131072,1000,4,4,135168,transpose,20261005,33400408,33400.408000,15.697053761,0
7036,mapping,iget,131072,1000,4,4,135168,shuffle,20261005,33425015,33425.015000,15.685497823,0
7037,mapping,iget,131072,1000,4,4,262144,identity,20261005,33414493,33414.493000,15.690437081,0
7038,mapping,iget,131072,1000,4,4,262144,reverse,20261005,33419298,33419.298000,15.688181122,0
7039,mapping,iget,131072,1000,4,4,262144,transpose,20261005,33433566,33433.566000,15.681486085,0
7040,mapping,iget,131072,1000,4,4,262144,shuffle,20261005,33474948,33474.948000,15.662100506,0
7041,mapping,iget,64,10000,8,0,131200,identity,20261005,5400781,540.078100,0.948011038,0
7042,mapping,iget,64,10000,8,0,131200,reverse,20261005,5416043,541.604300,0.945339614,0
7043,mapping,iget,64,10000,8,0,131200,transpose,20261005,5396883,539.688300,0.948695756,0
7044,mapping,iget,64,10000,8,0,131200,shuffle,20261005,4424970,442.497000,1.157069991,0
7045,mapping,iget,64,10000,8,0,131328,identity,20261005,5444246,544.424600,0.940442441,0
7046,mapping,iget,64,10000,8,0,131328,reverse,20261005,5856871,585.687100,0.874186917,0
7047,mapping,iget,64,10000,8,0,131328,transpose,20261005,5436772,543.677200,0.941735280,0
7048,mapping,iget,64,10000,8,0,131328,shuffle,20261005,5412885,541.288500,0.945891147,0
7049,mapping,iget,64,10000,8,0,135168,identity,20261005,4427427,442.742700,1.156427876,0
7050,mapping,iget,64,10000,8,0,135168,reverse,20261005,4431164,443.116400,1.155452608,0
7051,mapping,iget,64,10000,8,0,135168,transpose,20261005,5429620,542.962000,0.942975752,0
7052,mapping,iget,64,10000,8,0,135168,shuffle,20261005,5454884,545.488400,0.938608410,0
7053,mapping,iget,64,10000,8,0,262144,identity,20261005,4432141,443.214100,1.155197905,0
7054,mapping,iget,64,10000,8,0,262144,reverse,20261005,4428886,442.888600,1.156046916,0
7055,mapping,iget,64,10000,8,0,262144,transpose,20261005,4431052,443.105200,1.155481813,0
7056,mapping,iget,64,10000,8,0,262144,shuffle,20261005,5413013,541.301300,0.945868780,0
7057,mapping,iget,128,10000,8,0,131200,identity,20261005,5398329,539.832900,1.896883276,0
7058,mapping,iget,128,10000,8,0,131200,reverse,20261005,5417320,541.732000,1.890233547,0
7059,mapping,iget,128,10000,8,0,131200,transpose,20261005,5404497,540.449700,1.894718417,0
7060,mapping,iget,128,10000,8,0,131200,shuffle,20261005,4429116,442.911600,2.311973766,0
7061,mapping,iget,128,10000,8,0,131328,identity,20261005,5438779,543.877900,1.882775527,0
7062,mapping,iget,128,10000,8,0,131328,reverse,20261005,5428358,542.835800,1.886389954,0
7063,mapping,iget,128,10000,8,0,131328,transpose,20261005,5438521,543.852100,1.882864845,0
7064,mapping,iget,128,10000,8,0,131328,shuffle,20261005,5415111,541.511100,1.891004635,0
7065,mapping,iget,128,10000,8,0,135168,identity,20261005,4440622,444.062200,2.305983261,0
7066,mapping,iget,128,10000,8,0,135168,reverse,20261005,4429203,442.920300,2.311928354,0
7067,mapping,iget,128,10000,8,0,135168,transpose,20261005,5429479,542.947900,1.886000480,0
7068,mapping,iget,128,10000,8,0,135168,shuffle,20261005,5449417,544.941700,1.879100095,0
7069,mapping,iget,128,10000,8,0,262144,identity,20261005,4428502,442.850200,2.312294315,0
7070,mapping,iget,128,10000,8,0,262144,reverse,20261005,4427324,442.732400,2.312909559,0
7071,mapping,iget,128,10000,8,0,262144,transpose,20261005,4443553,444.355300,2.304462218,0
7072,mapping,iget,128,10000,8,0,262144,shuffle,20261005,5415227,541.522700,1.890964128,0
7073,mapping,iget,256,10000,8,0,131200,identity,20261005,5624657,562.465700,3.641110916,0
7074,mapping,iget,256,10000,8,0,131200,reverse,20261005,5686050,568.605000,3.601797381,0
7075,mapping,iget,256,10000,8,0,131200,transpose,20261005,5651370,565.137000,3.623900045,0
7076,mapping,iget,256,10000,8,0,131200,shuffle,20261005,5538206,553.820600,3.697948397,0
7077,mapping,iget,256,10000,8,0,131328,identity,20261005,5686607,568.660700,3.601444587,0
7078,mapping,iget,256,10000,8,0,131328,reverse,20261005,5684268,568.426800,3.602926533,0
7079,mapping,iget,256,10000,8,0,131328,transpose,20261005,5693195,569.319500,3.597277100,0
7080,mapping,iget,256,10000,8,0,131328,shuffle,20261005,5683003,568.300300,3.603728522,0
7081,mapping,iget,256,10000,8,0,135168,identity,20261005,4666959,466.695900,4.388296533,0
7082,mapping,iget,256,10000,8,0,135168,reverse,20261005,4657034,465.703400,4.397648804,0
7083,mapping,iget,256,10000,8,0,135168,transpose,20261005,5690095,569.009500,3.599236920,0
7084,mapping,iget,256,10000,8,0,135168,shuffle,20261005,5683714,568.371400,3.603277716,0
7085,mapping,iget,256,10000,8,0,262144,identity,20261005,4656717,465.671700,4.397948168,0
7086,mapping,iget,256,10000,8,0,262144,reverse,20261005,4665939,466.593900,4.389255839,0
7087,mapping,iget,256,10000,8,0,262144,transpose,20261005,4667885,466.788500,4.387425997,0
7088,mapping,iget,256,10000,8,0,262144,shuffle,20261005,5685399,568.539900,3.602209801,0
7089,mapping,iget,4096,1000,8,0,131200,identity,20261005,1656059,1656.059000,19.786734651,0
7090,mapping,iget,4096,1000,8,0,131200,reverse,20261005,1676523,1676.523000,19.545213516,0
7091,mapping,iget,4096,1000,8,0,131200,transpose,20261005,2121982,2121.982000,15.442166804,0
7092,mapping,iget,4096,1000,8,0,131200,shuffle,20261005,1861059,1861.059000,17.607179568,0
7093,mapping,iget,4096,1000,8,0,131328,identity,20261005,1637851,1637.851000,20.006703907,0
7094,mapping,iget,4096,1000,8,0,131328,reverse,20261005,1677755,1677.755000,19.530861181,0
7095,mapping,iget,4096,1000,8,0,131328,transpose,20261005,2119948,2119.948000,15.456982907,0
7096,mapping,iget,4096,1000,8,0,131328,shuffle,20261005,1889097,1889.097000,17.345853601,0
7097,mapping,iget,4096,1000,8,0,135168,identity,20261005,1624939,1624.939000,20.165680066,0
7098,mapping,iget,4096,1000,8,0,135168,reverse,20261005,1676252,1676.252000,19.548373395,0
7099,mapping,iget,4096,1000,8,0,135168,transpose,20261005,2120671,2120.671000,15.451713161,0
7100,mapping,iget,4096,1000,8,0,135168,shuffle,20261005,1910818,1910.818000,17.148676640,0
7101,mapping,iget,4096,1000,8,0,262144,identity,20261005,2120853,2120.853000,15.450387179,0
7102,mapping,iget,4096,1000,8,0,262144,reverse,20261005,2118657,2118.657000,15.466401593,0
7103,mapping,iget,4096,1000,8,0,262144,transpose,20261005,2136482,2136.482000,15.337363011,0
7104,mapping,iget,4096,1000,8,0,262144,shuffle,20261005,2116104,2116.104000,15.485061226,0
7105,mapping,iget,32768,1000,8,0,131200,identity,20261005,12664377,12664.377000,20.699320622,0
7106,mapping,iget,32768,1000,8,0,131200,reverse,20261005,12712954,12712.954000,20.620227211,0
7107,mapping,iget,32768,1000,8,0,131200,transpose,20261005,14952806,14952.806000,17.531425205,0
7108,mapping,iget,32768,1000,8,0,131200,shuffle,20261005,14017790,14017.790000,18.700808045,0
7109,mapping,iget,32768,1000,8,0,131328,identity,20261005,12738840,12738.840000,20.578325813,0
7110,mapping,iget,32768,1000,8,0,131328,reverse,20261005,12717703,12717.703000,20.612527278,0
7111,mapping,iget,32768,1000,8,0,131328,transpose,20261005,14820998,14820.998000,17.687337924,0
7112,mapping,iget,32768,1000,8,0,131328,shuffle,20261005,14243689,14243.689000,18.404220985,0
7113,mapping,iget,32768,1000,8,0,135168,identity,20261005,12655853,12655.853000,20.713262077,0
7114,mapping,iget,32768,1000,8,0,135168,reverse,20261005,12718421,12718.421000,20.611363628,0
7115,mapping,iget,32768,1000,8,0,135168,transpose,20261005,14969869,14969.869000,17.511442485,0
7116,mapping,iget,32768,1000,8,0,135168,shuffle,20261005,14053781,14053.781000,18.652916251,0
7117,mapping,iget,32768,1000,8,0,262144,identity,20261005,14977581,14977.581000,17.502425792,0
7118,mapping,iget,32768,1000,8,0,262144,reverse,20261005,14964691,14964.691000,17.517501698,0
7119,mapping,iget,32768,1000,8,0,262144,transpose,20261005,14931847,14931.847000,17.556033088,0
7120,mapping,iget,32768,1000,8,0,262144,shuffle,20261005,14984176,14984.176000,17.494722433,0
7121,mapping,iget,65536,1000,8,0,131200,identity,20261005,25121910,25121.910000,20.869750747,0
7122,mapping,iget,65536,1000,8,0,131200,reverse,20261005,25107424,25107.424000,20.881791776,0
7123,mapping,iget,65536,1000,8,0,131200,transpose,20261005,30654671,30654.671000,17.103037902,0
7124,mapping,iget,65536,1000,8,0,131200,shuffle,20261005,28529795,28529.795000,18.376858298,0
7125,mapping,iget,65536,1000,8,0,131328,identity,20261005,25117345,25117.345000,20.873543760,0
7126,mapping,iget,65536,1000,8,0,131328,reverse,20261005,25111315,25111.315000,20.878556141,0
7127,mapping,iget,65536,1000,8,0,131328,transpose,20261005,30568073,30568.073000,17.151490053,0
7128,mapping,iget,65536,1000,8,0,131328,shuffle,20261005,28574171,28574.171000,18.348318837,0
7129,mapping,iget,65536,1000,8,0,135168,identity,20261005,25111735,25111.735000,20.878206942,0
7130,mapping,iget,65536,1000,8,0,135168,reverse,20261005,25162435,25162.435000,20.836139269,0
7131,mapping,iget,65536,1000,8,0,135168,transpose,20261005,30728599,30728.599000,17.061890781,0
7132,mapping,iget,65536,1000,8,0,135168,shuffle,20261005,28946494,28946.494000,18.112314396,0
7133,mapping,iget,65536,1000,8,0,262144,identity,20261005,30693115,30693.115000,17.081615861,0
7134,mapping,iget,65536,1000,8,0,262144,reverse,20261005,30709494,30709.494000,17.072505330,0
7135,mapping,iget,65536,1000,8,0,262144,transpose,20261005,30678399,30678.399000,17.089809674,0
7136,mapping,iget,65536,1000,8,0,262144,shuffle,20261005,30676549,30676.549000,17.090840303,0
7137,mapping,iget,98304,1000,8,0,131200,identity,20261005,37550623,37550.623000,20.943247733,0
7138,mapping,iget,98304,1000,8,0,131200,reverse,20261005,37520988,37520.988000,20.959789225,0
7139,mapping,iget,98304,1000,8,0,131200,transpose,20261005,46326943,46326.943000,16.975693820,0
7140,mapping,iget,98304,1000,8,0,131200,shuffle,20261005,42685939,42685.939000,18.423678111,0
7141,mapping,iget,98304,1000,8,0,131328,identity,20261005,37571218,37571.218000,20.931767504,0
7142,mapping,iget,98304,1000,8,0,131328,reverse,20261005,37687993,37687.993000,20.866911114,0
7143,mapping,iget,98304,1000,8,0,131328,transpose,20261005,46337197,46337.197000,16.971937254,0
7144,mapping,iget,98304,1000,8,0,131328,shuffle,20261005,42923086,42923.086000,18.321888599,0
7145,mapping,iget,98304,1000,8,0,135168,identity,20261005,37689537,37689.537000,20.866056274,0
7146,mapping,iget,98304,1000,8,0,135168,reverse,20261005,37620205,37620.205000,20.904511286,0
7147,mapping,iget,98304,1000,8,0,135168,transpose,20261005,46458645,46458.645000,16.927570746,0
7148,mapping,iget,98304,1000,8,0,135168,shuffle,20261005,44919701,44919.701000,17.507507452,0
7149,mapping,iget,98304,1000,8,0,262144,identity,20261005,46436080,46436.080000,16.935796475,0
7150,mapping,iget,98304,1000,8,0,262144,reverse,20261005,46399568,46399.568000,16.949123319,0
7151,mapping,iget,98304,1000,8,0,262144,transpose,20261005,46424466,46424.466000,16.940033301,0
7152,mapping,iget,98304,1000,8,0,262144,shuffle,20261005,46407513,46407.513000,16.946221617,0
7153,mapping,iget,131072,1000,8,0,131200,identity,20261005,50132749,50132.749000,20.915988469,0
7154,mapping,iget,131072,1000,8,0,131200,reverse,20261005,50208800,50208.800000,20.884307133,0
7155,mapping,iget,131072,1000,8,0,131200,transpose,20261005,61997855,61997.855000,16.913101268,0
7156,mapping,iget,131072,1000,8,0,131200,shuffle,20261005,57794249,57794.249000,18.143258510,0
7157,mapping,iget,131072,1000,8,0,131328,identity,20261005,50133020,50133.020000,20.915875405,0
7158,mapping,iget,131072,1000,8,0,131328,reverse,20261005,50274395,50274.395000,20.857058548,0
7159,mapping,iget,131072,1000,8,0,131328,transpose,20261005,61995781,61995.781000,16.913667077,0
7160,mapping,iget,131072,1000,8,0,131328,shuffle,20261005,57744942,57744.942000,18.158750597,0
7161,mapping,iget,131072,1000,8,0,135168,identity,20261005,50307433,50307.433000,20.843361258,0
7162,mapping,iget,131072,1000,8,0,135168,reverse,20261005,50145207,50145.207000,20.910792132,0
7163,mapping,iget,131072,1000,8,0,135168,transpose,20261005,62065211,62065.211000,16.894746398,0
7164,mapping,iget,131072,1000,8,0,135168,shuffle,20261005,60515541,60515.541000,17.327383721,0
7165,mapping,iget,131072,1000,8,0,262144,identity,20261005,62294781,62294.781000,16.832485534,0
7166,mapping,iget,131072,1000,8,0,262144,reverse,20261005,62020916,62020.916000,16.906812534,0
7167,mapping,iget,131072,1000,8,0,262144,transpose,20261005,62048766,62048.766000,16.899224072,0
7168,mapping,iget,131072,1000,8,0,262144,shuffle,20261005,62043636,62043.636000,16.900621363,0
7169,mapping,iget,64,10000,8,4,131200,identity,20261005,5410213,541.021300,0.946358304,0
7170,mapping,iget,64,10000,8,4,131200,reverse,20261005,5443912,544.391200,0.940500140,0
7171,mapping,iget,64,10000,8,4,131200,transpose,20261005,5432280,543.228000,0.942514009,0
7172,mapping,iget,64,10000,8,4,131200,shuffle,20261005,4428107,442.810700,1.156250289,0
7173,mapping,iget,64,10000,8,4,131328,identity,20261005,5451031,545.103100,0.939271855,0
7174,mapping,iget,64,10000,8,4,131328,reverse,20261005,5433721,543.372100,0.942264058,0
7175,mapping,iget,64,10000,8,4,131328,transpose,20261005,5468856,546.885600,0.936210425,0
7176,mapping,iget,64,10000,8,4,131328,shuffle,20261005,5423348,542.334800,0.944066285,0
7177,mapping,iget,64,10000,8,4,135168,identity,20261005,4434172,443.417200,1.154668786,0
7178,mapping,iget,64,10000,8,4,135168,reverse,20261005,4433521,443.352100,1.154838333,0
7179,mapping,iget,64,10000,8,4,135168,transpose,20261005,5464479,546.447900,0.936960321,0
7180,mapping,iget,64,10000,8,4,135168,shuffle,20261005,5474143,547.414300,0.935306221,0
7181,mapping,iget,64,10000,8,4,262144,identity,20261005,4429946,442.994600,1.155770296,0
7182,mapping,iget,64,10000,8,4,262144,reverse,20261005,4429652,442.965200,1.155847006,0
7183,mapping,iget,64,10000,8,4,262144,transpose,20261005,4438290,443.829000,1.153597444,0
7184,mapping,iget,64,10000,8,4,262144,shuffle,20261005,5419919,541.991900,0.944663564,0
7185,mapping,iget,128,10000,8,4,131200,identity,20261005,5698274,569.827400,1.797035383,0
7186,mapping,iget,128,10000,8,4,131200,reverse,20261005,5684153,568.415300,1.801499713,0
7187,mapping,iget,128,10000,8,4,131200,transpose,20261005,5674001,567.400100,1.804722981,0
7188,mapping,iget,128,10000,8,4,131200,shuffle,20261005,5545664,554.566400,1.846487634,0
7189,mapping,iget,128,10000,8,4,131328,identity,20261005,5702531,570.253100,1.795693877,0
7190,mapping,iget,128,10000,8,4,131328,reverse,20261005,5685068,568.506800,1.801209766,0
7191,mapping,iget,128,10000,8,4,131328,transpose,20261005,5697453,569.745300,1.797294335,0
7192,mapping,iget,128,10000,8,4,131328,shuffle,20261005,5687016,568.701600,1.800592789,0
7193,mapping,iget,128,10000,8,4,135168,identity,20261005,4677794,467.779400,2.189066043,0
7194,mapping,iget,128,10000,8,4,135168,reverse,20261005,4676699,467.669900,2.189578590,0
7195,mapping,iget,128,10000,8,4,135168,transpose,20261005,5691998,569.199800,1.799016795,0
7196,mapping,iget,128,10000,8,4,135168,shuffle,20261005,5700405,570.040500,1.796363592,0
7197,mapping,iget,128,10000,8,4,262144,identity,20261005,4657976,465.797600,2.198379725,0
7198,mapping,iget,128,10000,8,4,262144,reverse,20261005,4681092,468.109200,2.187523766,0
7199,mapping,iget,128,10000,8,4,262144,transpose,20261005,4688127,468.812700,2.184241169,0
7200,mapping,iget,128,10000,8,4,262144,shuffle,20261005,5687996,568.799600,1.800282560,0
7201,mapping,iget,256,10000,8,4,131200,identity,20261005,5784715,578.471500,3.540364564,0
7202,mapping,iget,256,10000,8,4,131200,reverse,20261005,5772272,577.227200,3.547996352,0
7203,mapping,iget,256,10000,8,4,131200,transpose,20261005,5781638,578.163800,3.542248754,0
7204,mapping,iget,256,10000,8,4,131200,shuffle,20261005,5783155,578.315500,3.541319574,0
7205,mapping,iget,256,10000,8,4,131328,identity,20261005,7606189,760.618900,2.692544190,0
7206,mapping,iget,256,10000,8,4,131328,reverse,20261005,6104942,610.494200,3.354659225,0
7207,mapping,iget,256,10000,8,4,131328,transpose,20261005,5808322,580.832200,3.525975316,0
7208,mapping,iget,256,10000,8,4,131328,shuffle,20261005,5729662,572.966200,3.574381875,0
7209,mapping,iget,256,10000,8,4,135168,identity,20261005,4803441,480.344100,4.263610191,0
7210,mapping,iget,256,10000,8,4,135168,reverse,20261005,4785495,478.549500,4.279599080,0
7211,mapping,iget,256,10000,8,4,135168,transpose,20261005,5829927,582.992700,3.512908481,0
7212,mapping,iget,256,10000,8,4,135168,shuffle,20261005,5800110,580.011000,3.530967516,0
7213,mapping,iget,256,10000,8,4,262144,identity,20261005,5790825,579.082500,3.536629064,0
7214,mapping,iget,256,10000,8,4,262144,reverse,20261005,5749125,574.912500,3.562281217,0
7215,mapping,iget,256,10000,8,4,262144,transpose,20261005,5780532,578.053200,3.542926499,0
7216,mapping,iget,256,10000,8,4,262144,shuffle,20261005,5807637,580.763700,3.526391198,0
7217,mapping,iget,4096,1000,8,4,131200,identity,20261005,1689727,1689.727000,19.392481744,0
7218,mapping,iget,4096,1000,8,4,131200,reverse,20261005,1714090,1714.090000,19.116849174,0
7219,mapping,iget,4096,1000,8,4,131200,transpose,20261005,2126000,2126.000000,15.412982126,0
7220,mapping,iget,4096,1000,8,4,131200,shuffle,20261005,1872662,1872.662000,17.498085613,0
7221,mapping,iget,4096,1000,8,4,131328,identity,20261005,1700532,1700.532000,19.269263972,0
7222,mapping,iget,4096,1000,8,4,131328,reverse,20261005,1703965,1703.965000,19.230441940,0
7223,mapping,iget,4096,1000,8,4,131328,transpose,20261005,2134320,2134.320000,15.352899284,0
7224,mapping,iget,4096,1000,8,4,131328,shuffle,20261005,1931298,1931.298000,16.966827491,0
7225,mapping,iget,4096,1000,8,4,135168,identity,20261005,1681472,1681.472000,19.487686979,0
7226,mapping,iget,4096,1000,8,4,135168,reverse,20261005,1719865,1719.865000,19.052658203,0
7227,mapping,iget,4096,1000,8,4,135168,transpose,20261005,2127587,2127.587000,15.401485345,0
7228,mapping,iget,4096,1000,8,4,135168,shuffle,20261005,1966399,1966.399000,16.663962909,0
7229,mapping,iget,4096,1000,8,4,262144,identity,20261005,2130179,2130.179000,15.382744830,0
7230,mapping,iget,4096,1000,8,4,262144,reverse,20261005,2131799,2131.799000,15.371055151,0
7231,mapping,iget,4096,1000,8,4,262144,transpose,20261005,2121441,2121.441000,15.446104794,0
7232,mapping,iget,4096,1000,8,4,262144,shuffle,20261005,2127503,2127.503000,15.402093440,0
7233,mapping,iget,32768,1000,8,4,131200,identity,20261005,12708119,12708.119000,20.628072494,0
7234,mapping,iget,32768,1000,8,4,131200,reverse,20261005,12738847,12738.847000,20.578314505,0
7235,mapping,iget,32768,1000,8,4,131200,transpose,20261005,15004997,15004.997000,17.470446679,0
7236,mapping,iget,32768,1000,8,4,131200,shuffle,20261005,14095914,14095.914000,18.597162270,0
7237,mapping,iget,32768,1000,8,4,131328,identity,20261005,12786734,12786.734000,20.501247621,0
7238,mapping,iget,32768,1000,8,4,131328,reverse,20261005,12789559,12789.559000,20.496719238,0
7239,mapping,iget,32768,1000,8,4,131328,transpose,20261005,14893112,14893.112000,17.601693991,0
7240,mapping,iget,32768,1000,8,4,131328,shuffle,20261005,14142813,14142.813000,18.535492197,0
7241,mapping,iget,32768,1000,8,4,135168,identity,20261005,12708172,12708.172000,20.627986464,0
7242,mapping,iget,32768,1000,8,4,135168,reverse,20261005,12774166,12774.166000,20.521417993,0
7243,mapping,iget,32768,1000,8,4,135168,transpose,20261005,15075370,15075.370000,17.388893274,0
7244,mapping,iget,32768,1000,8,4,135168,shuffle,20261005,14107992,14107.992000,18.581241044,0
7245,mapping,iget,32768,1000,8,4,262144,identity,20261005,15076226,15076.226000,17.387905965,0
7246,mapping,iget,32768,1000,8,4,262144,reverse,20261005,15015471,15015.471000,17.458260217,0
7247,mapping,iget,32768,1000,8,4,262144,transpose,20261005,15016229,15016.229000,17.457378946,0
7248,mapping,iget,32768,1000,8,4,262144,shuffle,20261005,15043384,15043.384000,17.425866414,0
7249,mapping,iget,65536,1000,8,4,131200,identity,20261005,25168148,25168.148000,20.831409606,0
7250,mapping,iget,65536,1000,8,4,131200,reverse,20261005,25150758,25150.758000,20.845813076,0
7251,mapping,iget,65536,1000,8,4,131200,transpose,20261005,30725751,30725.751000,17.063472265,0
7252,mapping,iget,65536,1000,8,4,131200,shuffle,20261005,28623424,28623.424000,18.316746452,0
7253,mapping,iget,65536,1000,8,4,131328,identity,20261005,25176047,25176.047000,20.824873738,0
7254,mapping,iget,65536,1000,8,4,131328,reverse,20261005,25161059,25161.059000,20.837278749,0
7255,mapping,iget,65536,1000,8,4,131328,transpose,20261005,30665394,30665.394000,17.097057354,0
7256,mapping,iget,65536,1000,8,4,131328,shuffle,20261005,28644308,28644.308000,18.303392074,0
7257,mapping,iget,65536,1000,8,4,135168,identity,20261005,25136022,25136.022000,20.858033940,0
7258,mapping,iget,65536,1000,8,4,135168,reverse,20261005,25229626,25229.626000,20.780648909,0
7259,mapping,iget,65536,1000,8,4,135168,transpose,20261005,30778374,30778.374000,17.034298173,0
7260,mapping,iget,65536,1000,8,4,135168,shuffle,20261005,29022898,29022.898000,18.064632967,0
7261,mapping,iget,65536,1000,8,4,262144,identity,20261005,30793453,30793.453000,17.025956784,0
7262,mapping,iget,65536,1000,8,4,262144,reverse,20261005,30770216,30770.216000,17.038814417,0
7263,mapping,iget,65536,1000,8,4,262144,transpose,20261005,30741739,30741.739000,17.054597985,0
7264,mapping,iget,65536,1000,8,4,262144,shuffle,20261005,30850224,30850.224000,16.994625387,0
7265,mapping,iget,98304,1000,8,4,131200,identity,20261005,37619919,37619.919000,20.904670209,0
7266,mapping,iget,98304,1000,8,4,131200,reverse,20261005,37621647,37621.647000,20.903710037,0
7267,mapping,iget,98304,1000,8,4,131200,transpose,20261005,46419647,46419.647000,16.941791910,0
7268,mapping,iget,98304,1000,8,4,131200,shuffle,20261005,43102817,43102.817000,18.245489616,0
7269,mapping,iget,98304,1000,8,4,131328,identity,20261005,37613260,37613.260000,20.908371144,0
7270,mapping,iget,98304,1000,8,4,131328,reverse,20261005,37802727,37802.727000,20.803578535,0
7271,mapping,iget,98304,1000,8,4,131328,transpose,20261005,46354202,46354.202000,16.965711113,0
7272,mapping,iget,98304,1000,8,4,131328,shuffle,20261005,42981024,42981.024000,18.297190872,0
7273,mapping,iget,98304,1000,8,4,135168,identity,20261005,37764344,37764.344000,20.824722919,0
7274,mapping,iget,98304,1000,8,4,135168,reverse,20261005,37660515,37660.515000,20.882136105,0
7275,mapping,iget,98304,1000,8,4,135168,transpose,20261005,46469068,46469.068000,16.923773896,0
7276,mapping,iget,98304,1000,8,4,135168,shuffle,20261005,44914425,44914.425000,17.509564021,0
7277,mapping,iget,98304,1000,8,4,262144,identity,20261005,46475809,46475.809000,16.921319218,0
7278,mapping,iget,98304,1000,8,4,262144,reverse,20261005,46497418,46497.418000,16.913455280,0
7279,mapping,iget,98304,1000,8,4,262144,transpose,20261005,46532018,46532.018000,16.900878874,0
7280,mapping,iget,98304,1000,8,4,262144,shuffle,20261005,46475035,46475.035000,16.921601027,0
7281,mapping,iget,131072,1000,8,4,131200,identity,20261005,50154066,50154.066000,20.907098539,0
7282,mapping,iget,131072,1000,8,4,131200,reverse,20261005,50245685,50245.685000,20.868976112,0
7283,mapping,iget,131072,1000,8,4,131200,transpose,20261005,62132159,62132.159000,16.876542146,0
7284,mapping,iget,131072,1000,8,4,131200,shuffle,20261005,57871434,57871.434000,18.119060260,0
7285,mapping,iget,131072,1000,8,4,131328,identity,20261005,50169308,50169.308000,20.900746727,0
7286,mapping,iget,131072,1000,8,4,131328,reverse,20261005,50311562,50311.562000,20.841650673,0
7287,mapping,iget,131072,1000,8,4,131328,transpose,20261005,62133957,62133.957000,16.876053782,0
7288,mapping,iget,131072,1000,8,4,131328,shuffle,20261005,58110171,58110.171000,18.044620795,0
7289,mapping,iget,131072,1000,8,4,135168,identity,20261005,50418679,50418.679000,20.797371546,0
7290,mapping,iget,131072,1000,8,4,135168,reverse,20261005,50253069,50253.069000,20.865909702,0
7291,mapping,iget,131072,1000,8,4,135168,transpose,20261005,62097527,62097.527000,16.885954251,0
7292,mapping,iget,131072,1000,8,4,135168,shuffle,20261005,60472871,60472.871000,17.339610021,0
7293,mapping,iget,131072,1000,8,4,262144,identity,20261005,62146635,62146.635000,16.872611043,0
7294,mapping,iget,131072,1000,8,4,262144,reverse,20261005,62119834,62119.834000,16.879890568,0
7295,mapping,iget,131072,1000,8,4,262144,transpose,20261005,62067515,62067.515000,16.894119251,0
7296,mapping,iget,131072,1000,8,4,262144,shuffle,20261005,62126198,62126.198000,16.878161448,0
7297,mapping,iget,64,10000,16,0,131200,identity,20261005,5513824,551.382400,1.857150319,0
7298,mapping,iget,64,10000,16,0,131200,reverse,20261005,5470270,547.027000,1.871936851,0
7299,mapping,iget,64,10000,16,0,131200,transpose,20261005,5487519,548.751900,1.866052764,0
7300,mapping,iget,64,10000,16,0,131200,shuffle,20261005,5432239,543.223900,1.885042245,0
7301,mapping,iget,64,10000,16,0,131328,identity,20261005,5480452,548.045200,1.868459025,0
7302,mapping,iget,64,10000,16,0,131328,reverse,20261005,6972653,697.265300,1.468594522,0
7303,mapping,iget,64,10000,16,0,131328,transpose,20261005,5493756,549.375600,1.863934256,0
7304,mapping,iget,64,10000,16,0,131328,shuffle,20261005,5526854,552.685400,1.852771939,0
7305,mapping,iget,64,10000,16,0,135168,identity,20261005,5499398,549.939800,1.862021989,0
7306,mapping,iget,64,10000,16,0,135168,reverse,20261005,5499452,549.945200,1.862003705,0
7307,mapping,iget,64,10000,16,0,135168,transpose,20261005,5499565,549.956500,1.861965446,0
7308,mapping,iget,64,10000,16,0,135168,shuffle,20261005,5811014,581.101400,1.762170940,0
7309,mapping,iget,64,10000,16,0,262144,identity,20261005,5475252,547.525200,1.870233553,0
7310,mapping,iget,64,10000,16,0,262144,reverse,20261005,5420359,542.035900,1.889173761,0
7311,mapping,iget,64,10000,16,0,262144,transpose,20261005,5490127,549.012700,1.865166325,0
7312,mapping,iget,64,10000,16,0,262144,shuffle,20261005,5493384,549.338400,1.864060477,0
7313,mapping,iget,128,10000,16,0,131200,identity,20261005,5492548,549.254800,3.728688397,0
7314,mapping,iget,128,10000,16,0,131200,reverse,20261005,5470476,547.047600,3.743732721,0
7315,mapping,iget,128,10000,16,0,131200,transpose,20261005,5487740,548.774000,3.731955231,0
7316,mapping,iget,128,10000,16,0,131200,shuffle,20261005,5439346,543.934600,3.765158532,0
7317,mapping,iget,128,10000,16,0,131328,identity,20261005,5476136,547.613600,3.739863290,0
7318,mapping,iget,128,10000,16,0,131328,reverse,20261005,6981933,698.193300,2.933285095,0
7319,mapping,iget,128,10000,16,0,131328,transpose,20261005,5490050,549.005000,3.730384969,0
7320,mapping,iget,128,10000,16,0,131328,shuffle,20261005,5540540,554.054000,3.696390605,0
7321,mapping,iget,128,10000,16,0,135168,identity,20261005,5496699,549.669900,3.725872565,0
7322,mapping,iget,128,10000,16,0,135168,reverse,20261005,5499513,549.951300,3.723966104,0
7323,mapping,iget,128,10000,16,0,135168,transpose,20261005,5503076,550.307600,3.721554999,0
7324,mapping,iget,128,10000,16,0,135168,shuffle,20261005,5816181,581.618100,3.521210911,0
7325,mapping,iget,128,10000,16,0,262144,identity,20261005,5467435,546.743500,3.745814994,0
7326,mapping,iget,128,10000,16,0,262144,reverse,20261005,5419489,541.948900,3.778954067,0
7327,mapping,iget,128,10000,16,0,262144,transpose,20261005,5494019,549.401900,3.727690057,0
7328,mapping,iget,128,10000,16,0,262144,shuffle,20261005,5490205,549.020500,3.730279653,0
7329,mapping,iget,256,10000,16,0,131200,identity,20261005,5777730,577.773000,7.089289392,0
7330,mapping,iget,256,10000,16,0,131200,reverse,20261005,5811682,581.168200,7.047873576,0
7331,mapping,iget,256,10000,16,0,131200,transpose,20261005,5777288,577.728800,7.089831769,0
7332,mapping,iget,256,10000,16,0,131200,shuffle,20261005,5735949,573.594900,7.140928206,0
7333,mapping,iget,256,10000,16,0,131328,identity,20261005,5754658,575.465800,7.117712295,0
7334,mapping,iget,256,10000,16,0,131328,reverse,20261005,7634162,763.416200,5.365356407,0
7335,mapping,iget,256,10000,16,0,131328,transpose,20261005,5782342,578.234200,7.083634970,0
7336,mapping,iget,256,10000,16,0,131328,shuffle,20261005,5872430,587.243000,6.974966070,0
7337,mapping,iget,256,10000,16,0,135168,identity,20261005,5741441,574.144100,7.134097520,0
7338,mapping,iget,256,10000,16,0,135168,reverse,20261005,5763550,576.355000,7.106731095,0
7339,mapping,iget,256,10000,16,0,135168,transpose,20261005,5756985,575.698500,7.114835283,0
7340,mapping,iget,256,10000,16,0,135168,shuffle,20261005,6042565,604.256500,6.778578302,0
7341,mapping,iget,256,10000,16,0,262144,identity,20261005,5738892,573.889200,7.137266218,0
7342,mapping,iget,256,10000,16,0,262144,reverse,20261005,5702424,570.242400,7.182910285,0
7343,mapping,iget,256,10000,16,0,262144,transpose,20261005,5765607,576.560700,7.104195621,0
7344,mapping,iget,256,10000,16,0,262144,shuffle,20261005,5748677,574.867700,7.125117658,0
7345,mapping,iget,4096,1000,16,0,131200,identity,20261005,3350147,3350.147000,19.562126677,0
7346,mapping,iget,4096,1000,16,0,131200,reverse,20261005,3342430,3342.430000,19.607291701,0
7347,mapping,iget,4096,1000,16,0,131200,transpose,20261005,3407087,3407.087000,19.235200040,0
7348,mapping,iget,4096,1000,16,0,131200,shuffle,20261005,3750059,3750.059000,17.475991711,0
7349,mapping,iget,4096,1000,16,0,131328,identity,20261005,3311322,3311.322000,19.791491133,0
7350,mapping,iget,4096,1000,16,0,131328,reverse,20261005,3321738,3321.738000,19.729430798,0
7351,mapping,iget,4096,1000,16,0,131328,transpose,20261005,3330062,3330.062000,19.680114064,0
7352,mapping,iget,4096,1000,16,0,131328,shuffle,20261005,3762854,3762.854000,17.416567318,0
7353,mapping,iget,4096,1000,16,0,135168,identity,20261005,3313810,3313.810000,19.776631732,0
7354,mapping,iget,4096,1000,16,0,135168,reverse,20261005,3413128,3413.128000,19.201155069,0
7355,mapping,iget,4096,1000,16,0,135168,transpose,20261005,3672238,3672.238000,17.846337846,0
7356,mapping,iget,4096,1000,16,0,135168,shuffle,20261005,3839994,3839.994000,17.066693333,0
7357,mapping,iget,4096,1000,16,0,262144,identity,20261005,4124271,4124.271000,15.890323405,0
7358,mapping,iget,4096,1000,16,0,262144,reverse,20261005,4106601,4106.601000,15.958696742,0
7359,mapping,iget,4096,1000,16,0,262144,transpose,20261005,4113590,4113.590000,15.931582875,0
7360,mapping,iget,4096,1000,16,0,262144,shuffle,20261005,4117965,4117.965000,15.914656875,0
7361,mapping,iget,32768,1000,16,0,131200,identity,20261005,25433361,25433.361000,20.614184653,0
7362,mapping,iget,32768,1000,16,0,131200,reverse,20261005,25242481,25242.481000,20.770066144,0
7363,mapping,iget,32768,1000,16,0,131200,transpose,20261005,28864064,28864.064000,18.164039548,0
7364,mapping,iget,32768,1000,16,0,131200,shuffle,20261005,30752378,30752.378000,17.048697828,0
7365,mapping,iget,32768,1000,16,0,131328,identity,20261005,25619375,25619.375000,20.464511722,0
7366,mapping,iget,32768,1000,16,0,131328,reverse,20261005,25475568,25475.568000,20.580031817,0
7367,mapping,iget,32768,1000,16,0,131328,transpose,20261005,31013805,31013.805000,16.904987956,0
7368,mapping,iget,32768,1000,16,0,131328,shuffle,20261005,30594562,30594.562000,17.136640165,0
7369,mapping,iget,32768,1000,16,0,135168,identity,20261005,25620930,25620.930000,20.463269678,0
7370,mapping,iget,32768,1000,16,0,135168,reverse,20261005,26026398,26026.398000,20.144470241,0
7371,mapping,iget,32768,1000,16,0,135168,transpose,20261005,31315201,31315.201000,16.742284362,0
7372,mapping,iget,32768,1000,16,0,135168,shuffle,20261005,29407018,29407.018000,17.828669333,0
7373,mapping,iget,32768,1000,16,0,262144,identity,20261005,31535824,31535.824000,16.625156203,0
7374,mapping,iget,32768,1000,16,0,262144,reverse,20261005,31711118,31711.118000,16.533254993,0
7375,mapping,iget,32768,1000,16,0,262144,transpose,20261005,31792567,31792.567000,16.490898643,0
7376,mapping,iget,32768,1000,16,0,262144,shuffle,20261005,31561434,31561.434000,16.611665997,0
7377,mapping,iget,65536,1000,16,0,131200,identity,20261005,49181294,49181.294000,21.320626497,0
7378,mapping,iget,65536,1000,16,0,131200,reverse,20261005,49152117,49152.117000,21.333282552,0
7379,mapping,iget,65536,1000,16,0,131200,transpose,20261005,62534724,62534.724000,16.767900023,0
7380,mapping,iget,65536,1000,16,0,131200,shuffle,20261005,60804822,60804.822000,17.244948106,0
7381,mapping,iget,65536,1000,16,0,131328,identity,20261005,49210965,49210.965000,21.307771551,0
7382,mapping,iget,65536,1000,16,0,131328,reverse,20261005,49228707,49228.707000,21.300092241,0
7383,mapping,iget,65536,1000,16,0,131328,transpose,20261005,62686857,62686.857000,16.727206470,0
7384,mapping,iget,65536,1000,16,0,131328,shuffle,20261005,61965584,61965.584000,16.921909426,0
7385,mapping,iget,65536,1000,16,0,135168,identity,20261005,49548701,49548.701000,21.162532596,0
7386,mapping,iget,65536,1000,16,0,135168,reverse,20261005,50098706,50098.706000,20.930201271,0
7387,mapping,iget,65536,1000,16,0,135168,transpose,20261005,62560606,62560.606000,16.760962961,0
7388,mapping,iget,65536,1000,16,0,135168,shuffle,20261005,58786399,58786.399000,17.837051050,0
7389,mapping,iget,65536,1000,16,0,262144,identity,20261005,62989145,62989.145000,16.646931785,0
7390,mapping,iget,65536,1000,16,0,262144,reverse,20261005,62926655,62926.655000,16.663463202,0
7391,mapping,iget,65536,1000,16,0,262144,transpose,20261005,63220181,63220.181000,16.586096139,0
7392,mapping,iget,65536,1000,16,0,262144,shuffle,20261005,62986483,62986.483000,16.647635335,0
7393,mapping,iget,98304,1000,16,0,131200,identity,20261005,73866149,73866.149000,21.293434426,0
7394,mapping,iget,98304,1000,16,0,131200,reverse,20261005,73798215,73798.215000,21.313035823,0
7395,mapping,iget,98304,1000,16,0,131200,transpose,20261005,93862558,93862.558000,16.757097116,0
7396,mapping,iget,98304,1000,16,0,131200,shuffle,20261005,94275947,94275.947000,16.683619206,0
7397,mapping,iget,98304,1000,16,0,131328,identity,20261005,74024354,74024.354000,21.247926054,0
7398,mapping,iget,98304,1000,16,0,131328,reverse,20261005,74508562,74508.562000,21.109842383,0
7399,mapping,iget,98304,1000,16,0,131328,transpose,20261005,94029062,94029.062000,16.727424123,0
7400,mapping,iget,98304,1000,16,0,131328,shuffle,20261005,90065434,90065.434000,17.463569875,0
7401,mapping,iget,98304,1000,16,0,135168,identity,20261005,75150878,75150.878000,20.929416154,0
7402,mapping,iget,98304,1000,16,0,135168,reverse,20261005,74814790,74814.790000,21.023436676,0
7403,mapping,iget,98304,1000,16,0,135168,transpose,20261005,94124889,94124.889000,16.710394208,0
7404,mapping,iget,98304,1000,16,0,135168,shuffle,20261005,90274969,90274.969000,17.423035615,0
7405,mapping,iget,98304,1000,16,0,262144,identity,20261005,94214015,94214.015000,16.694586257,0
7406,mapping,iget,98304,1000,16,0,262144,reverse,20261005,94318189,94318.189000,16.676147164,0
7407,mapping,iget,98304,1000,16,0,262144,transpose,20261005,94098788,94098.788000,16.715029316,0
7408,mapping,iget,98304,1000,16,0,262144,shuffle,20261005,94161307,94161.307000,16.703931266,0
7409,mapping,iget,131072,1000,16,0,131200,identity,20261005,99054026,99054.026000,21.171799721,0
7410,mapping,iget,131072,1000,16,0,131200,reverse,20261005,99646472,99646.472000,21.045923231,0
7411,mapping,iget,131072,1000,16,0,131200,transpose,20261005,125788734,125788.734000,16.672017702,0
7412,mapping,iget,131072,1000,16,0,131200,shuffle,20261005,122935588,122935.588000,17.058949602,0
7413,mapping,iget,131072,1000,16,0,131328,identity,20261005,98853687,98853.687000,21.214706944,0
7414,mapping,iget,131072,1000,16,0,131328,reverse,20261005,99967115,99967.115000,20.978418753,0
7415,mapping,iget,131072,1000,16,0,131328,transpose,20261005,125853454,125853.454000,16.663444136,0
7416,mapping,iget,131072,1000,16,0,131328,shuffle,20261005,119695148,119695.148000,17.520777033,0
7417,mapping,iget,131072,1000,16,0,135168,identity,20261005,101183915,101183.915000,20.726140118,0
7418,mapping,iget,131072,1000,16,0,135168,reverse,20261005,99287257,99287.257000,21.122066047,0
7419,mapping,iget,131072,1000,16,0,135168,transpose,20261005,125396406,125396.406000,16.724179479,0
7420,mapping,iget,131072,1000,16,0,135168,shuffle,20261005,120688150,120688.150000,17.376618997,0
7421,mapping,iget,131072,1000,16,0,262144,identity,20261005,125542288,125542.288000,16.704745735,0
7422,mapping,iget,131072,1000,16,0,262144,reverse,20261005,125547946,125547.946000,16.703992911,0
7423,mapping,iget,131072,1000,16,0,262144,transpose,20261005,124881059,124881.059000,16.793195195,0
7424,mapping,iget,131072,1000,16,0,262144,shuffle,20261005,125619438,125619.438000,16.694486406,0
7425,mapping,iget,64,10000,16,4,131200,identity,20261005,5501291,550.129100,1.861381265,0
7426,mapping,iget,64,10000,16,4,131200,reverse,20261005,5500174,550.017400,1.861759283,0
7427,mapping,iget,64,10000,16,4,131200,transpose,20261005,5500503,550.050300,1.861647926,0
7428,mapping,iget,64,10000,16,4,131200,shuffle,20261005,5475326,547.532600,1.870208276,0
7429,mapping,iget,64,10000,16,4,131328,identity,20261005,5488534,548.853400,1.865707673,0
7430,mapping,iget,64,10000,16,4,131328,reverse,20261005,6979016,697.901600,1.467255556,0
7431,mapping,iget,64,10000,16,4,131328,transpose,20261005,5508180,550.818000,1.859053263,0
7432,mapping,iget,64,10000,16,4,131328,shuffle,20261005,5550748,555.074800,1.844796413,0
7433,mapping,iget,64,10000,16,4,135168,identity,20261005,5511214,551.121400,1.858029828,0
7434,mapping,iget,64,10000,16,4,135168,reverse,20261005,5506589,550.658900,1.859590393,0
7435,mapping,iget,64,10000,16,4,135168,transpose,20261005,5512613,551.261300,1.857558294,0
7436,mapping,iget,64,10000,16,4,135168,shuffle,20261005,5823572,582.357200,1.758370979,0
7437,mapping,iget,64,10000,16,4,262144,identity,20261005,5497501,549.750100,1.862664509,0
7438,mapping,iget,64,10000,16,4,262144,reverse,20261005,5448292,544.829200,1.879488104,0
7439,mapping,iget,64,10000,16,4,262144,transpose,20261005,5503254,550.325400,1.860717314,0
7440,mapping,iget,64,10000,16,4,262144,shuffle,20261005,5502065,550.206500,1.861119416,0
7441,mapping,iget,128,10000,16,4,131200,identity,20261005,5793092,579.309200,3.535245082,0
7442,mapping,iget,128,10000,16,4,131200,reverse,20261005,5835792,583.579200,3.509377990,0
7443,mapping,iget,128,10000,16,4,131200,transpose,20261005,5782760,578.276000,3.541561469,0
7444,mapping,iget,128,10000,16,4,131200,shuffle,20261005,5735256,573.525600,3.570895528,0
7445,mapping,iget,128,10000,16,4,131328,identity,20261005,6263272,626.327200,3.269856395,0
7446,mapping,iget,128,10000,16,4,131328,reverse,20261005,7632064,763.206400,2.683415653,0
7447,mapping,iget,128,10000,16,4,131328,transpose,20261005,6003760,600.376000,3.411195651,0
7448,mapping,iget,128,10000,16,4,131328,shuffle,20261005,5879402,587.940200,3.483347456,0
7449,mapping,iget,128,10000,16,4,135168,identity,20261005,5758026,575.802600,3.556774492,0
7450,mapping,iget,128,10000,16,4,135168,reverse,20261005,5777217,577.721700,3.544959450,0
7451,mapping,iget,128,10000,16,4,135168,transpose,20261005,5756196,575.619600,3.557905255,0
7452,mapping,iget,128,10000,16,4,135168,shuffle,20261005,6048990,604.899000,3.385689181,0
7453,mapping,iget,128,10000,16,4,262144,identity,20261005,5759883,575.988300,3.555627779,0
7454,mapping,iget,128,10000,16,4,262144,reverse,20261005,5705557,570.555700,3.589483025,0
7455,mapping,iget,128,10000,16,4,262144,transpose,20261005,5769488,576.948800,3.549708397,0
7456,mapping,iget,128,10000,16,4,262144,shuffle,20261005,5756925,575.692500,3.557454718,0
7457,mapping,iget,256,10000,16,4,131200,identity,20261005,6236131,623.613100,6.568175043,0
7458,mapping,iget,256,10000,16,4,131200,reverse,20261005,7247844,724.784400,5.651335763,0
7459,mapping,iget,256,10000,16,4,131200,transpose,20261005,6017432,601.743200,6.806890381,0
7460,mapping,iget,256,10000,16,4,131200,shuffle,20261005,6222763,622.276300,6.582285072,0
7461,mapping,iget,256,10000,16,4,131328,identity,20261005,10667117,1066.711700,3.839837887,0
7462,mapping,iget,256,10000,16,4,131328,reverse,20261005,8099284,809.928400,5.057237158,0
7463,mapping,iget,256,10000,16,4,131328,transpose,20261005,8098299,809.829900,5.057852272,0
7464,mapping,iget,256,10000,16,4,131328,shuffle,20261005,7344938,734.493800,5.576629782,0
7465,mapping,iget,256,10000,16,4,135168,identity,20261005,5882189,588.218900,6.963394070,0
7466,mapping,iget,256,10000,16,4,135168,reverse,20261005,6321202,632.120200,6.479780270,0
7467,mapping,iget,256,10000,16,4,135168,transpose,20261005,5983343,598.334300,6.845671391,0
7468,mapping,iget,256,10000,16,4,135168,shuffle,20261005,6344632,634.463200,6.455851183,0
7469,mapping,iget,256,10000,16,4,262144,identity,20261005,6024223,602.422300,6.799217094,0
7470,mapping,iget,256,10000,16,4,262144,reverse,20261005,6017347,601.734700,6.806986534,0
7471,mapping,iget,256,10000,16,4,262144,transpose,20261005,6276933,627.693300,6.525479880,0
7472,mapping,iget,256,10000,16,4,262144,shuffle,20261005,7349428,734.942800,5.573222841,0
7473,mapping,iget,4096,1000,16,4,131200,identity,20261005,3472178,3472.178000,18.874608387,0
7474,mapping,iget,4096,1000,16,4,131200,reverse,20261005,3483118,3483.118000,18.815325809,0
7475,mapping,iget,4096,1000,16,4,131200,transpose,20261005,3505064,3505.064000,18.697518790,0
7476,mapping,iget,4096,1000,16,4,131200,shuffle,20261005,3914601,3914.601000,16.741425244,0
7477,mapping,iget,4096,1000,16,4,131328,identity,20261005,3615480,3615.480000,18.126500492,0
7478,mapping,iget,4096,1000,16,4,131328,reverse,20261005,3486843,3486.843000,18.795225366,0
7479,mapping,iget,4096,1000,16,4,131328,transpose,20261005,3502296,3502.296000,18.712296162,0
7480,mapping,iget,4096,1000,16,4,131328,shuffle,20261005,3956956,3956.956000,16.562226115,0
7481,mapping,iget,4096,1000,16,4,135168,identity,20261005,3498263,3498.263000,18.733868780,0
7482,mapping,iget,4096,1000,16,4,135168,reverse,20261005,3626180,3626.180000,18.073013474,0
7483,mapping,iget,4096,1000,16,4,135168,transpose,20261005,3889093,3889.093000,16.851229837,0
7484,mapping,iget,4096,1000,16,4,135168,shuffle,20261005,3953149,3953.149000,16.578176031,0
7485,mapping,iget,4096,1000,16,4,262144,identity,20261005,4282485,4282.485000,15.303264343,0
7486,mapping,iget,4096,1000,16,4,262144,reverse,20261005,4301983,4301.983000,15.233904922,0
7487,mapping,iget,4096,1000,16,4,262144,transpose,20261005,4211338,4211.338000,15.561800074,0
7488,mapping,iget,4096,1000,16,4,262144,shuffle,20261005,4261162,4261.162000,15.379842400,0
7489,mapping,iget,32768,1000,16,4,131200,identity,20261005,25212485,25212.485000,20.794776873,0
7490,mapping,iget,32768,1000,16,4,131200,reverse,20261005,25407224,25407.224000,20.635390942,0
7491,mapping,iget,32768,1000,16,4,131200,transpose,20261005,30828014,30828.014000,17.006869142,0
7492,mapping,iget,32768,1000,16,4,131200,shuffle,20261005,30756716,30756.716000,17.046293239,0
7493,mapping,iget,32768,1000,16,4,131328,identity,20261005,25601917,25601.917000,20.478466515,0
7494,mapping,iget,32768,1000,16,4,131328,reverse,20261005,25405374,25405.374000,20.636893596,0
7495,mapping,iget,32768,1000,16,4,131328,transpose,20261005,31460549,31460.549000,16.664934868,0
7496,mapping,iget,32768,1000,16,4,131328,shuffle,20261005,31220157,31220.157000,16.793253154,0
7497,mapping,iget,32768,1000,16,4,135168,identity,20261005,25473709,25473.709000,20.581533690,0
7498,mapping,iget,32768,1000,16,4,135168,reverse,20261005,25780517,25780.517000,20.336597594,0
7499,mapping,iget,32768,1000,16,4,135168,transpose,20261005,31664312,31664.312000,16.557694353,0
7500,mapping,iget,32768,1000,16,4,135168,shuffle,20261005,29599206,29599.206000,17.712907569,0
7501,mapping,iget,32768,1000,16,4,262144,identity,20261005,31846792,31846.792000,16.462819866,0
7502,mapping,iget,32768,1000,16,4,262144,reverse,20261005,31907011,31907.011000,16.431749122,0
7503,mapping,iget,32768,1000,16,4,262144,transpose,20261005,31988755,31988.755000,16.389759464,0
7504,mapping,iget,32768,1000,16,4,262144,shuffle,20261005,31784551,31784.551000,16.495057615,0
7505,mapping,iget,65536,1000,16,4,131200,identity,20261005,49481385,49481.385000,21.191322757,0
7506,mapping,iget,65536,1000,16,4,131200,reverse,20261005,49429673,49429.673000,21.213492551,0
7507,mapping,iget,65536,1000,16,4,131200,transpose,20261005,62645717,62645.717000,16.738191375,0
7508,mapping,iget,65536,1000,16,4,131200,shuffle,20261005,60692959,60692.959000,17.276732215,0
7509,mapping,iget,65536,1000,16,4,131328,identity,20261005,49514279,49514.279000,21.177244649,0
7510,mapping,iget,65536,1000,16,4,131328,reverse,20261005,49521339,49521.339000,21.174225519,0
7511,mapping,iget,65536,1000,16,4,131328,transpose,20261005,62615474,62615.474000,16.746275849,0
7512,mapping,iget,65536,1000,16,4,131328,shuffle,20261005,61295811,61295.811000,17.106813384,0
7513,mapping,iget,65536,1000,16,4,135168,identity,20261005,49775145,49775.145000,21.066257065,0
7514,mapping,iget,65536,1000,16,4,135168,reverse,20261005,50277038,50277.038000,20.855962119,0
7515,mapping,iget,65536,1000,16,4,135168,transpose,20261005,62865625,62865.625000,16.679640105,0
7516,mapping,iget,65536,1000,16,4,135168,shuffle,20261005,58899485,58899.485000,17.802804218,0
7517,mapping,iget,65536,1000,16,4,262144,identity,20261005,63016083,63016.083000,16.639815585,0
7518,mapping,iget,65536,1000,16,4,262144,reverse,20261005,63230756,63230.756000,16.583322205,0
7519,mapping,iget,65536,1000,16,4,262144,transpose,20261005,63550015,63550.015000,16.500011841,0
7520,mapping,iget,65536,1000,16,4,262144,shuffle,20261005,63223602,63223.602000,16.585198673,0
7521,mapping,iget,98304,1000,16,4,131200,identity,20261005,73661910,73661.910000,21.352473755,0
7522,mapping,iget,98304,1000,16,4,131200,reverse,20261005,73684885,73684.885000,21.345816038,0
7523,mapping,iget,98304,1000,16,4,131200,transpose,20261005,93969911,93969.911000,16.737953492,0
7524,mapping,iget,98304,1000,16,4,131200,shuffle,20261005,93796342,93796.342000,16.768926874,0
7525,mapping,iget,98304,1000,16,4,131328,identity,20261005,73942097,73942.097000,21.271563342,0
7526,mapping,iget,98304,1000,16,4,131328,reverse,20261005,74473191,74473.191000,21.119868491,0
7527,mapping,iget,98304,1000,16,4,131328,transpose,20261005,94398576,94398.576000,16.661946256,0
7528,mapping,iget,98304,1000,16,4,131328,shuffle,20261005,90324436,90324.436000,17.413493731,0
7529,mapping,iget,98304,1000,16,4,135168,identity,20261005,75156602,75156.602000,20.927822149,0
7530,mapping,iget,98304,1000,16,4,135168,reverse,20261005,74643925,74643.925000,21.071560747,0
7531,mapping,iget,98304,1000,16,4,135168,transpose,20261005,94230845,94230.845000,16.691604538,0
7532,mapping,iget,98304,1000,16,4,135168,shuffle,20261005,89600368,89600.368000,17.554213617,0
7533,mapping,iget,98304,1000,16,4,262144,identity,20261005,94323933,94323.933000,16.675131644,0
7534,mapping,iget,98304,1000,16,4,262144,reverse,20261005,94419939,94419.939000,16.658176405,0
7535,mapping,iget,98304,1000,16,4,262144,transpose,20261005,94141519,94141.519000,16.707442335,0
7536,mapping,iget,98304,1000,16,4,262144,shuffle,20261005,94529513,94529.513000,16.638867059,0
7537,mapping,iget,131072,1000,16,4,131200,identity,20261005,99244982,99244.982000,21.131063332,0
7538,mapping,iget,131072,1000,16,4,131200,reverse,20261005,100026970,100026.970000,20.965865506,0
7539,mapping,iget,131072,1000,16,4,131200,transpose,20261005,125833889,125833.889000,16.666035014,0
7540,mapping,iget,131072,1000,16,4,131200,shuffle,20261005,123051090,123051.090000,17.042937206,0
7541,mapping,iget,131072,1000,16,4,131328,identity,20261005,99016952,99016.952000,21.179726882,0
7542,mapping,iget,131072,1000,16,4,131328,reverse,20261005,100099287,100099.287000,20.950718660,0
7543,mapping,iget,131072,1000,16,4,131328,transpose,20261005,126050473,126050.473000,16.637398893,0
7544,mapping,iget,131072,1000,16,4,131328,shuffle,20261005,120092324,120092.324000,17.462831346,0
7545,mapping,iget,131072,1000,16,4,135168,identity,20261005,101449055,101449.055000,20.671971760,0
7546,mapping,iget,131072,1000,16,4,135168,reverse,20261005,99629546,99629.546000,21.049498710,0
7547,mapping,iget,131072,1000,16,4,135168,transpose,20261005,125698200,125698.200000,16.684025706,0
7548,mapping,iget,131072,1000,16,4,135168,shuffle,20261005,120947337,120947.337000,17.339381354,0
7549,mapping,iget,131072,1000,16,4,262144,identity,20261005,125487289,125487.289000,16.712067148,0
7550,mapping,iget,131072,1000,16,4,262144,reverse,20261005,125774729,125774.729000,16.673874129,0
7551,mapping,iget,131072,1000,16,4,262144,transpose,20261005,125238927,125238.927000,16.745208940,0
7552,mapping,iget,131072,1000,16,4,262144,shuffle,20261005,125996006,125996.006000,16.644591099,0
7553,mapping,iget,64,10000,32,0,131200,identity,20261005,6007818,600.781800,3.408891548,0
7554,mapping,iget,64,10000,32,0,131200,reverse,20261005,5684312,568.431200,3.602898645,0
7555,mapping,iget,64,10000,32,0,131200,transpose,20261005,5963961,596.396100,3.433959411,0
7556,mapping,iget,64,10000,32,0,131200,shuffle,20261005,5684306,568.430600,3.602902448,0
7557,mapping,iget,64,10000,32,0,131328,identity,20261005,6062959,606.295900,3.377888585,0
7558,mapping,iget,64,10000,32,0,131328,reverse,20261005,5980193,598.019300,3.424638636,0
7559,mapping,iget,64,10000,32,0,131328,transpose,20261005,7125769,712.576900,2.874075766,0
7560,mapping,iget,64,10000,32,0,131328,shuffle,20261005,7095547,709.554700,2.886317292,0
7561,mapping,iget,64,10000,32,0,135168,identity,20261005,5994124,599.412400,3.416679401,0
7562,mapping,iget,64,10000,32,0,135168,reverse,20261005,6023953,602.395300,3.399760921,0
7563,mapping,iget,64,10000,32,0,135168,transpose,20261005,5971346,597.134600,3.429712497,0
7564,mapping,iget,64,10000,32,0,135168,shuffle,20261005,8145855,814.585500,2.514162111,0
7565,mapping,iget,64,10000,32,0,262144,identity,20261005,5701894,570.189400,3.591788974,0
7566,mapping,iget,64,10000,32,0,262144,reverse,20261005,5717794,571.779400,3.581800953,0
7567,mapping,iget,64,10000,32,0,262144,transpose,20261005,5972373,597.237300,3.429122729,0
7568,mapping,iget,64,10000,32,0,262144,shuffle,20261005,5946749,594.674900,3.443898507,0
7569,mapping,iget,128,10000,32,0,131200,identity,20261005,6004140,600.414000,6.821959515,0
7570,mapping,iget,128,10000,32,0,131200,reverse,20261005,5681905,568.190500,7.208849849,0
7571,mapping,iget,128,10000,32,0,131200,transpose,20261005,5984026,598.402600,6.844890046,0
7572,mapping,iget,128,10000,32,0,131200,shuffle,20261005,5683829,568.382900,7.206409623,0
7573,mapping,iget,128,10000,32,0,131328,identity,20261005,6079491,607.949100,6.737406141,0
7574,mapping,iget,128,10000,32,0,131328,reverse,20261005,6022881,602.288100,6.800732075,0
7575,mapping,iget,128,10000,32,0,131328,transpose,20261005,7123077,712.307700,5.750323912,0
7576,mapping,iget,128,10000,32,0,131328,shuffle,20261005,8102407,810.240700,5.055287892,0
7577,mapping,iget,128,10000,32,0,135168,identity,20261005,5980832,598.083200,6.848545487,0
7578,mapping,iget,128,10000,32,0,135168,reverse,20261005,6023699,602.369900,6.799808556,0
7579,mapping,iget,128,10000,32,0,135168,transpose,20261005,5993656,599.365600,6.833892369,0
7580,mapping,iget,128,10000,32,0,135168,shuffle,20261005,8123694,812.369400,5.042041219,0
7581,mapping,iget,128,10000,32,0,262144,identity,20261005,5700842,570.084200,7.184903563,0
7582,mapping,iget,128,10000,32,0,262144,reverse,20261005,5712671,571.267100,7.170026070,0
7583,mapping,iget,128,10000,32,0,262144,transpose,20261005,5956928,595.692800,6.876027375,0
7584,mapping,iget,128,10000,32,0,262144,shuffle,20261005,5961662,596.166200,6.870567302,0
7585,mapping,iget,256,10000,32,0,131200,identity,20261005,8075066,807.506600,10.144808724,0
7586,mapping,iget,256,10000,32,0,131200,reverse,20261005,6758811,675.881100,12.120475036,0
7587,mapping,iget,256,10000,32,0,131200,transpose,20261005,7797445,779.744500,10.506005493,0
7588,mapping,iget,256,10000,32,0,131200,shuffle,20261005,7685344,768.534400,10.659249605,0
7589,mapping,iget,256,10000,32,0,131328,identity,20261005,7841562,784.156200,10.446898207,0
7590,mapping,iget,256,10000,32,0,131328,reverse,20261005,7955410,795.541000,10.297395106,0
7591,mapping,iget,256,10000,32,0,131328,transpose,20261005,7373834,737.383400,11.109553049,0
7592,mapping,iget,256,10000,32,0,131328,shuffle,20261005,7507175,750.717500,10.912227303,0
7593,mapping,iget,256,10000,32,0,135168,identity,20261005,6511329,651.132900,12.581148948,0
7594,mapping,iget,256,10000,32,0,135168,reverse,20261005,6557016,655.701600,12.493487891,0
7595,mapping,iget,256,10000,32,0,135168,transpose,20261005,6457588,645.758800,12.685851126,0
7596,mapping,iget,256,10000,32,0,135168,shuffle,20261005,9168809,916.880900,8.934639166,0
7597,mapping,iget,256,10000,32,0,262144,identity,20261005,6127300,612.730000,13.369673429,0
7598,mapping,iget,256,10000,32,0,262144,reverse,20261005,6153063,615.306300,13.313694334,0
7599,mapping,iget,256,10000,32,0,262144,transpose,20261005,6537762,653.776200,12.530281769,0
7600,mapping,iget,256,10000,32,0,262144,shuffle,20261005,6507173,650.717300,12.589184274,0
7601,mapping,iget,4096,1000,32,0,131200,identity,20261005,6334082,6334.082000,20.693132801,0
7602,mapping,iget,4096,1000,32,0,131200,reverse,20261005,6347383,6347.383000,20.649770149,0
7603,mapping,iget,4096,1000,32,0,131200,transpose,20261005,6466040,6466.040000,20.270830369,0
7604,mapping,iget,4096,1000,32,0,131200,shuffle,20261005,6463895,6463.895000,20.277557108,0
7605,mapping,iget,4096,1000,32,0,131328,identity,20261005,6419432,6419.432000,20.418005830,0
7606,mapping,iget,4096,1000,32,0,131328,reverse,20261005,6378250,6378.250000,20.549837338,0
7607,mapping,iget,4096,1000,32,0,131328,transpose,20261005,6356471,6356.471000,20.620246675,0
7608,mapping,iget,4096,1000,32,0,131328,shuffle,20261005,6410626,6410.626000,20.446053162,0
7609,mapping,iget,4096,1000,32,0,135168,identity,20261005,6346767,6346.767000,20.651774360,0
7610,mapping,iget,4096,1000,32,0,135168,reverse,20261005,6264231,6264.231000,20.923877169,0
7611,mapping,iget,4096,1000,32,0,135168,transpose,20261005,6508857,6508.857000,20.137483432,0
7612,mapping,iget,4096,1000,32,0,135168,shuffle,20261005,6646355,6646.355000,19.720884605,0
7613,mapping,iget,4096,1000,32,0,262144,identity,20261005,8075099,8075.099000,16.231627625,0
7614,mapping,iget,4096,1000,32,0,262144,reverse,20261005,8070695,8070.695000,16.240484865,0
7615,mapping,iget,4096,1000,32,0,262144,transpose,20261005,8074603,8074.603000,16.232624688,0
7616,mapping,iget,4096,1000,32,0,262144,shuffle,20261005,8115453,8115.453000,16.150916036,0
7617,mapping,iget,32768,1000,32,0,131200,identity,20261005,49090410,49090.410000,21.360098642,0
7618,mapping,iget,32768,1000,32,0,131200,reverse,20261005,48908809,48908.809000,21.439409821,0
7619,mapping,iget,32768,1000,32,0,131200,transpose,20261005,55694867,55694.867000,18.827156908,0
7620,mapping,iget,32768,1000,32,0,131200,shuffle,20261005,52028893,52028.893000,20.153724970,0
7621,mapping,iget,32768,1000,32,0,131328,identity,20261005,50264663,50264.663000,20.861096791,0
7622,mapping,iget,32768,1000,32,0,131328,reverse,20261005,50553808,50553.808000,20.741780718,0
7623,mapping,iget,32768,1000,32,0,131328,transpose,20261005,54753120,54753.120000,19.150981716,0
7624,mapping,iget,32768,1000,32,0,131328,shuffle,20261005,51742652,51742.652000,20.265215629,0
7625,mapping,iget,32768,1000,32,0,135168,identity,20261005,49358157,49358.157000,21.244229196,0
7626,mapping,iget,32768,1000,32,0,135168,reverse,20261005,49548956,49548.956000,21.162423685,0
7627,mapping,iget,32768,1000,32,0,135168,transpose,20261005,51956746,51956.746000,20.181710379,0
7628,mapping,iget,32768,1000,32,0,135168,shuffle,20261005,53646667,53646.667000,19.545967320,0
7629,mapping,iget,32768,1000,32,0,262144,identity,20261005,60232423,60232.423000,17.408829793,0
7630,mapping,iget,32768,1000,32,0,262144,reverse,20261005,60501031,60501.031000,17.331539358,0
7631,mapping,iget,32768,1000,32,0,262144,transpose,20261005,60711276,60711.276000,17.271519709,0
7632,mapping,iget,32768,1000,32,0,262144,shuffle,20261005,60488691,60488.691000,17.335075080,0
7633,mapping,iget,65536,1000,32,0,131200,identity,20261005,97798735,97798.735000,21.443549347,0
7634,mapping,iget,65536,1000,32,0,131200,reverse,20261005,97761597,97761.597000,21.451695393,0
7635,mapping,iget,65536,1000,32,0,131200,transpose,20261005,111358010,111358.010000,18.832520445,0
7636,mapping,iget,65536,1000,32,0,131200,shuffle,20261005,105056680,105056.680000,19.962100459,0
7637,mapping,iget,65536,1000,32,0,131328,identity,20261005,97938433,97938.433000,21.412962570,0
7638,mapping,iget,65536,1000,32,0,131328,reverse,20261005,98039381,98039.381000,21.390914331,0
7639,mapping,iget,65536,1000,32,0,131328,transpose,20261005,110743877,110743.877000,18.936956668,0
7640,mapping,iget,65536,1000,32,0,131328,shuffle,20261005,104637985,104637.985000,20.041976152,0
7641,mapping,iget,65536,1000,32,0,135168,identity,20261005,98845668,98845.668000,21.216428018,0
7642,mapping,iget,65536,1000,32,0,135168,reverse,20261005,99313596,99313.596000,21.116464255,0
7643,mapping,iget,65536,1000,32,0,135168,transpose,20261005,104659822,104659.822000,20.037794446,0
7644,mapping,iget,65536,1000,32,0,135168,shuffle,20261005,107091073,107091.073000,19.582883440,0
7645,mapping,iget,65536,1000,32,0,262144,identity,20261005,119486642,119486.642000,17.551351054,0
7646,mapping,iget,65536,1000,32,0,262144,reverse,20261005,120191223,120191.223000,17.448462106,0
7647,mapping,iget,65536,1000,32,0,262144,transpose,20261005,120256229,120256.229000,17.439030123,0
7648,mapping,iget,65536,1000,32,0,262144,shuffle,20261005,119684459,119684.459000,17.522341810,0
7649,mapping,iget,98304,1000,32,0,131200,identity,20261005,146435232,146435.232000,21.482043338,0
7650,mapping,iget,98304,1000,32,0,131200,reverse,20261005,146555934,146555.934000,21.464350942,0
7651,mapping,iget,98304,1000,32,0,131200,transpose,20261005,167785298,167785.298000,18.748531829,0
7652,mapping,iget,98304,1000,32,0,131200,shuffle,20261005,157904570,157904.570000,19.921703343,0
7653,mapping,iget,98304,1000,32,0,131328,identity,20261005,146807647,146807.647000,21.427548662,0
7654,mapping,iget,98304,1000,32,0,131328,reverse,20261005,148579486,148579.486000,21.172021015,0
7655,mapping,iget,98304,1000,32,0,131328,transpose,20261005,167999591,167999.591000,18.724617014,0
7656,mapping,iget,98304,1000,32,0,131328,shuffle,20261005,156995937,156995.937000,20.037002614,0
7657,mapping,iget,98304,1000,32,0,135168,identity,20261005,148702787,148702.787000,21.154465652,0
7658,mapping,iget,98304,1000,32,0,135168,reverse,20261005,148178380,148178.380000,21.229331836,0
7659,mapping,iget,98304,1000,32,0,135168,transpose,20261005,160109944,160109.944000,19.647299358,0
7660,mapping,iget,98304,1000,32,0,135168,shuffle,20261005,161289266,161289.266000,19.503641364,0
7661,mapping,iget,98304,1000,32,0,262144,identity,20261005,178921290,178921.290000,17.581630448,0
7662,mapping,iget,98304,1000,32,0,262144,reverse,20261005,179368404,179368.404000,17.537804484,0
7663,mapping,iget,98304,1000,32,0,262144,transpose,20261005,178413019,178413.019000,17.631717784,0
7664,mapping,iget,98304,1000,32,0,262144,shuffle,20261005,178615370,178615.370000,17.611743043,0
7665,mapping,iget,131072,1000,32,0,131200,identity,20261005,196469758,196469.758000,21.348344105,0
7666,mapping,iget,131072,1000,32,0,131200,reverse,20261005,196536110,196536.110000,21.341136751,0
7667,mapping,iget,131072,1000,32,0,131200,transpose,20261005,220861515,220861.515000,18.990651223,0
7668,mapping,iget,131072,1000,32,0,131200,shuffle,20261005,209209326,209209.326000,20.048360559,0
7669,mapping,iget,131072,1000,32,0,131328,identity,20261005,196417782,196417.782000,21.353993296,0
7670,mapping,iget,131072,1000,32,0,131328,reverse,20261005,196700955,196700.955000,21.323251837,0
7671,mapping,iget,131072,1000,32,0,131328,transpose,20261005,219825441,219825.441000,19.080157333,0
7672,mapping,iget,131072,1000,32,0,131328,shuffle,20261005,207734333,207734.333000,20.190711566,0
7673,mapping,iget,131072,1000,32,0,135168,identity,20261005,198483192,198483.192000,21.131784297,0
7674,mapping,iget,131072,1000,32,0,135168,reverse,20261005,197575598,197575.598000,21.228856410,0
7675,mapping,iget,131072,1000,32,0,135168,transpose,20261005,215978944,215978.944000,19.419967161,0
7676,mapping,iget,131072,1000,32,0,135168,shuffle,20261005,214867253,214867.253000,19.520443164,0
7677,mapping,iget,131072,1000,32,0,262144,identity,20261005,239651928,239651.928000,17.501649309,0
7678,mapping,iget,131072,1000,32,0,262144,reverse,20261005,239361966,239361.966000,17.522850727,0
7679,mapping,iget,131072,1000,32,0,262144,transpose,20261005,237597431,237597.431000,17.652985482,0
7680,mapping,iget,131072,1000,32,0,262144,shuffle,20261005,238362691,238362.691000,17.596310825,0
7681,mapping,iget,64,10000,32,4,131200,identity,20261005,6006181,600.618100,3.409820650,0
7682,mapping,iget,64,10000,32,4,131200,reverse,20261005,5687736,568.773600,3.600729710,0
7683,mapping,iget,64,10000,32,4,131200,transpose,20261005,5960541,596.054100,3.435929725,0
7684,mapping,iget,64,10000,32,4,131200,shuffle,20261005,5694971,569.497100,3.596155275,0
7685,mapping,iget,64,10000,32,4,131328,identity,20261005,6117257,611.725700,3.347905769,0
7686,mapping,iget,64,10000,32,4,131328,reverse,20261005,5989122,598.912200,3.419532947,0
7687,mapping,iget,64,10000,32,4,131328,transpose,20261005,7232675,723.267500,2.831594120,0
7688,mapping,iget,64,10000,32,4,131328,shuffle,20261005,7190882,719.088200,2.848051185,0
7689,mapping,iget,64,10000,32,4,135168,identity,20261005,5969808,596.980800,3.430596093,0
7690,mapping,iget,64,10000,32,4,135168,reverse,20261005,6022418,602.241800,3.400627456,0
7691,mapping,iget,64,10000,32,4,135168,transpose,20261005,5989951,598.995100,3.419059688,0
7692,mapping,iget,64,10000,32,4,135168,shuffle,20261005,8105484,810.548400,2.526684403,0
7693,mapping,iget,64,10000,32,4,262144,identity,20261005,5707722,570.772200,3.588121496,0
7694,mapping,iget,64,10000,32,4,262144,reverse,20261005,5716000,571.600000,3.582925122,0
7695,mapping,iget,64,10000,32,4,262144,transpose,20261005,5963364,596.336400,3.434303189,0
7696,mapping,iget,64,10000,32,4,262144,shuffle,20261005,5945716,594.571600,3.444496844,0
7697,mapping,iget,128,10000,32,4,131200,identity,20261005,8048934,804.893400,5.088872638,0
7698,mapping,iget,128,10000,32,4,131200,reverse,20261005,6769264,676.926400,6.050879387,0
7699,mapping,iget,128,10000,32,4,131200,transpose,20261005,7776411,777.641100,5.267211314,0
7700,mapping,iget,128,10000,32,4,131200,shuffle,20261005,7670203,767.020300,5.340145495,0
7701,mapping,iget,128,10000,32,4,131328,identity,20261005,7708473,770.847300,5.313633452,0
7702,mapping,iget,128,10000,32,4,131328,reverse,20261005,7854613,785.461300,5.214769970,0
7703,mapping,iget,128,10000,32,4,131328,transpose,20261005,7365588,736.558800,5.560995266,0
7704,mapping,iget,128,10000,32,4,131328,shuffle,20261005,7507466,750.746600,5.455902165,0
7705,mapping,iget,128,10000,32,4,135168,identity,20261005,6523443,652.344300,6.278892910,0
7706,mapping,iget,128,10000,32,4,135168,reverse,20261005,6558249,655.824900,6.245569511,0
7707,mapping,iget,128,10000,32,4,135168,transpose,20261005,6448372,644.837200,6.351990859,0
7708,mapping,iget,128,10000,32,4,135168,shuffle,20261005,9167636,916.763600,4.467891177,0
7709,mapping,iget,128,10000,32,4,262144,identity,20261005,6132428,613.242800,6.679246784,0
7710,mapping,iget,128,10000,32,4,262144,reverse,20261005,6157836,615.783600,6.651687378,0
7711,mapping,iget,128,10000,32,4,262144,transpose,20261005,6544323,654.432300,6.258859778,0
7712,mapping,iget,128,10000,32,4,262144,shuffle,20261005,6499374,649.937400,6.302145407,0
7713,mapping,iget,256,10000,32,4,131200,identity,20261005,10744220,1074.422000,7.624564650,0
7714,mapping,iget,256,10000,32,4,131200,reverse,20261005,10009358,1000.935800,8.184341094,0
7715,mapping,iget,256,10000,32,4,131200,transpose,20261005,11077920,1107.792000,7.394890015,0
7716,mapping,iget,256,10000,32,4,131200,shuffle,20261005,10270402,1027.040200,7.976318746,0
7717,mapping,iget,256,10000,32,4,131328,identity,20261005,13826743,1382.674300,5.924750319,0
7718,mapping,iget,256,10000,32,4,131328,reverse,20261005,11534089,1153.408900,7.102424821,0
7719,mapping,iget,256,10000,32,4,131328,transpose,20261005,12061259,1206.125900,6.791994103,0
7720,mapping,iget,256,10000,32,4,131328,shuffle,20261005,13088359,1308.835900,6.258997022,0
7721,mapping,iget,256,10000,32,4,135168,identity,20261005,8054114,805.411400,10.171199464,0
7722,mapping,iget,256,10000,32,4,135168,reverse,20261005,11971938,1197.193800,6.842668246,0
7723,mapping,iget,256,10000,32,4,135168,transpose,20261005,9867529,986.752900,8.301977121,0
7724,mapping,iget,256,10000,32,4,135168,shuffle,20261005,10012562,1001.256200,8.181722121,0
7725,mapping,iget,256,10000,32,4,262144,identity,20261005,10716769,1071.676900,7.644094969,0
7726,mapping,iget,256,10000,32,4,262144,reverse,20261005,10738040,1073.804000,7.628952770,0
7727,mapping,iget,256,10000,32,4,262144,transpose,20261005,12932448,1293.244800,6.334454235,0
7728,mapping,iget,256,10000,32,4,262144,shuffle,20261005,11803199,1180.319900,6.940491302,0
7729,mapping,iget,4096,1000,32,4,131200,identity,20261005,6536186,6536.186000,20.053284897,0
7730,mapping,iget,4096,1000,32,4,131200,reverse,20261005,6527994,6527.994000,20.078449827,0
7731,mapping,iget,4096,1000,32,4,131200,transpose,20261005,6657738,6657.738000,19.687167023,0
7732,mapping,iget,4096,1000,32,4,131200,shuffle,20261005,6675545,6675.545000,19.634651553,0
7733,mapping,iget,4096,1000,32,4,131328,identity,20261005,6571643,6571.643000,19.945088314,0
7734,mapping,iget,4096,1000,32,4,131328,reverse,20261005,6633675,6633.675000,19.758580274,0
7735,mapping,iget,4096,1000,32,4,131328,transpose,20261005,6575395,6575.395000,19.933707405,0
7736,mapping,iget,4096,1000,32,4,131328,shuffle,20261005,6604873,6604.873000,19.844741905,0
7737,mapping,iget,4096,1000,32,4,135168,identity,20261005,6601011,6601.011000,19.856352307,0
7738,mapping,iget,4096,1000,32,4,135168,reverse,20261005,6465864,6465.864000,20.271382139,0
7739,mapping,iget,4096,1000,32,4,135168,transpose,20261005,6721774,6721.774000,19.499614239,0
7740,mapping,iget,4096,1000,32,4,135168,shuffle,20261005,6721340,6721.340000,19.500873338,0
7741,mapping,iget,4096,1000,32,4,262144,identity,20261005,8123933,8123.933000,16.134057236,0
7742,mapping,iget,4096,1000,32,4,262144,reverse,20261005,8116668,8116.668000,16.148498374,0
7743,mapping,iget,4096,1000,32,4,262144,transpose,20261005,8120379,8120.379000,16.141118536,0
7744,mapping,iget,4096,1000,32,4,262144,shuffle,20261005,8089655,8089.655000,16.202421488,0
7745,mapping,iget,32768,1000,32,4,131200,identity,20261005,49199841,49199.841000,21.312589201,0
7746,mapping,iget,32768,1000,32,4,131200,reverse,20261005,49149098,49149.098000,21.334592956,0
7747,mapping,iget,32768,1000,32,4,131200,transpose,20261005,55907328,55907.328000,18.755609283,0
7748,mapping,iget,32768,1000,32,4,131200,shuffle,20261005,52368316,52368.316000,20.023099463,0
7749,mapping,iget,32768,1000,32,4,131328,identity,20261005,50481607,50481.607000,20.771446519,0
7750,mapping,iget,32768,1000,32,4,131328,reverse,20261005,50783798,50783.798000,20.647845204,0
7751,mapping,iget,32768,1000,32,4,131328,transpose,20261005,55264161,55264.161000,18.973887978,0
7752,mapping,iget,32768,1000,32,4,131328,shuffle,20261005,52068638,52068.638000,20.138341241,0
7753,mapping,iget,32768,1000,32,4,135168,identity,20261005,49623146,49623.146000,21.130784413,0
7754,mapping,iget,32768,1000,32,4,135168,reverse,20261005,49851205,49851.205000,21.034115424,0
7755,mapping,iget,32768,1000,32,4,135168,transpose,20261005,52413051,52413.051000,20.006009572,0
7756,mapping,iget,32768,1000,32,4,135168,shuffle,20261005,53950675,53950.675000,19.435827263,0
7757,mapping,iget,32768,1000,32,4,262144,identity,20261005,60886301,60886.301000,17.221870647,0
7758,mapping,iget,32768,1000,32,4,262144,reverse,20261005,60743563,60743.563000,17.262339386,0
7759,mapping,iget,32768,1000,32,4,262144,transpose,20261005,60385137,60385.137000,17.364802865,0
7760,mapping,iget,32768,1000,32,4,262144,shuffle,20261005,60406361,60406.361000,17.358701677,0
7761,mapping,iget,65536,1000,32,4,131200,identity,20261005,98005817,98005.817000,21.398240066,0
7762,mapping,iget,65536,1000,32,4,131200,reverse,20261005,97924512,97924.512000,21.416006648,0
7763,mapping,iget,65536,1000,32,4,131200,transpose,20261005,111598016,111598.016000,18.792018668,0
7764,mapping,iget,65536,1000,32,4,131200,shuffle,20261005,104987418,104987.418000,19.975269799,0
7765,mapping,iget,65536,1000,32,4,131328,identity,20261005,98209978,98209.978000,21.353756947,0
7766,mapping,iget,65536,1000,32,4,131328,reverse,20261005,98245122,98245.122000,21.346118335,0
7767,mapping,iget,65536,1000,32,4,131328,transpose,20261005,110719499,110719.499000,18.941126170,0
7768,mapping,iget,65536,1000,32,4,131328,shuffle,20261005,104377381,104377.381000,20.092015913,0
7769,mapping,iget,65536,1000,32,4,135168,identity,20261005,98849630,98849.630000,21.215577641,0
7770,mapping,iget,65536,1000,32,4,135168,reverse,20261005,99519699,99519.699000,21.072732545,0
7771,mapping,iget,65536,1000,32,4,135168,transpose,20261005,105059624,105059.624000,19.961541077,0
7772,mapping,iget,65536,1000,32,4,135168,shuffle,20261005,107390640,107390.640000,19.528256839,0
7773,mapping,iget,65536,1000,32,4,262144,identity,20261005,119623938,119623.938000,17.531206839,0
7774,mapping,iget,65536,1000,32,4,262144,reverse,20261005,119553932,119553.932000,17.541472413,0
7775,mapping,iget,65536,1000,32,4,262144,transpose,20261005,119671646,119671.646000,17.524217892,0
7776,mapping,iget,65536,1000,32,4,262144,shuffle,20261005,119540074,119540.074000,17.543505954,0
7777,mapping,iget,98304,1000,32,4,131200,identity,20261005,146610710,146610.710000,21.456331533,0
7778,mapping,iget,98304,1000,32,4,131200,reverse,20261005,146565075,146565.075000,21.463012249,0
7779,mapping,iget,98304,1000,32,4,131200,transpose,20261005,168220829,168220.829000,18.699991069,0
7780,mapping,iget,98304,1000,32,4,131200,shuffle,20261005,157689337,157689.337000,19.948894832,0
7781,mapping,iget,98304,1000,32,4,131328,identity,20261005,147121039,147121.039000,21.381904460,0
7782,mapping,iget,98304,1000,32,4,131328,reverse,20261005,148862988,148862.988000,21.131699976,0
7783,mapping,iget,98304,1000,32,4,131328,transpose,20261005,168326267,168326.267000,18.688277570,0
7784,mapping,iget,98304,1000,32,4,131328,shuffle,20261005,157394711,157394.711000,19.986237022,0
7785,mapping,iget,98304,1000,32,4,135168,identity,20261005,148726841,148726.841000,21.151044283,0
7786,mapping,iget,98304,1000,32,4,135168,reverse,20261005,148557374,148557.374000,21.175172361,0
7787,mapping,iget,98304,1000,32,4,135168,transpose,20261005,158363468,158363.468000,19.863975194,0
7788,mapping,iget,98304,1000,32,4,135168,shuffle,20261005,161564142,161564.142000,19.470458983,0
7789,mapping,iget,98304,1000,32,4,262144,identity,20261005,178989594,178989.594000,17.574921143,0
7790,mapping,iget,98304,1000,32,4,262144,reverse,20261005,178925480,178925.480000,17.581218729,0
7791,mapping,iget,98304,1000,32,4,262144,transpose,20261005,178551353,178551.353000,17.618057478,0
7792,mapping,iget,98304,1000,32,4,262144,shuffle,20261005,178803301,178803.301000,17.593232241,0
7793,mapping,iget,131072,1000,32,4,131200,identity,20261005,196487118,196487.118000,21.346457939,0
7794,mapping,iget,131072,1000,32,4,131200,reverse,20261005,196610328,196610.328000,21.333080732,0
7795,mapping,iget,131072,1000,32,4,131200,transpose,20261005,221271857,221271.857000,18.955433632,0
7796,mapping,iget,131072,1000,32,4,131200,shuffle,20261005,209194638,209194.638000,20.049768197,0
7797,mapping,iget,131072,1000,32,4,131328,identity,20261005,196692035,196692.035000,21.324218848,0
7798,mapping,iget,131072,1000,32,4,131328,reverse,20261005,197218408,197218.408000,21.267304825,0
7799,mapping,iget,131072,1000,32,4,131328,transpose,20261005,220450503,220450.503000,19.026057745,0
7800,mapping,iget,131072,1000,32,4,131328,shuffle,20261005,209243439,209243.439000,20.045092071,0
7801,mapping,iget,131072,1000,32,4,135168,identity,20261005,198508999,198508.999000,21.129037077,0
7802,mapping,iget,131072,1000,32,4,135168,reverse,20261005,197601708,197601.708000,21.226051346,0
7803,mapping,iget,131072,1000,32,4,135168,transpose,20261005,215858494,215858.494000,19.430803589,0
7804,mapping,iget,131072,1000,32,4,135168,shuffle,20261005,216464030,216464.030000,19.376447902,0
7805,mapping,iget,131072,1000,32,4,262144,identity,20261005,238465892,238465.892000,17.588695661,0
7806,mapping,iget,131072,1000,32,4,262144,reverse,20261005,238238237,238238.237000,17.605503016,0
7807,mapping,iget,131072,1000,32,4,262144,transpose,20261005,237872126,237872.126000,17.632599794,0
7808,mapping,iget,131072,1000,32,4,262144,shuffle,20261005,238450194,238450.194000,17.589853586,0
7809,mapping,iget,64,10000,64,0,131200,identity,20261005,11399325,1139.932500,3.593195211,0
7810,mapping,iget,64,10000,64,0,131200,reverse,20261005,11390234,1139.023400,3.596063084,0
7811,mapping,iget,64,10000,64,0,131200,transpose,20261005,11387640,1138.764000,3.596882234,0
7812,mapping,iget,64,10000,64,0,131200,shuffle,20261005,11485650,1148.565000,3.566189114,0
7813,mapping,iget,64,10000,64,0,131328,identity,20261005,11701662,1170.166200,3.500357471,0
7814,mapping,iget,64,10000,64,0,131328,reverse,20261005,11740104,1174.010400,3.488895839,0
7815,mapping,iget,64,10000,64,0,131328,transpose,20261005,11809168,1180.916800,3.468491599,0
7816,mapping,iget,64,10000,64,0,131328,shuffle,20261005,11763402,1176.340200,3.481985908,0
7817,mapping,iget,64,10000,64,0,135168,identity,20261005,10476716,1047.671600,3.909622061,0
7818,mapping,iget,64,10000,64,0,135168,reverse,20261005,10496528,1049.652800,3.902242723,0
7819,mapping,iget,64,10000,64,0,135168,transpose,20261005,10474592,1047.459200,3.910414840,0
7820,mapping,iget,64,10000,64,0,135168,shuffle,20261005,10500397,1050.039700,3.900804893,0
7821,mapping,iget,64,10000,64,0,262144,identity,20261005,10570452,1057.045200,3.874952556,0
7822,mapping,iget,64,10000,64,0,262144,reverse,20261005,10599818,1059.981800,3.864217291,0
7823,mapping,iget,64,10000,64,0,262144,transpose,20261005,10566386,1056.638600,3.876443658,0
7824,mapping,iget,64,10000,64,0,262144,shuffle,20261005,10607452,1060.745200,3.861436281,0
7825,mapping,iget,128,10000,64,0,131200,identity,20261005,11394315,1139.431500,7.189550227,0
7826,mapping,iget,128,10000,64,0,131200,reverse,20261005,11395018,1139.501800,7.189106678,0
7827,mapping,iget,128,10000,64,0,131200,transpose,20261005,11384692,1138.469200,7.195627251,0
7828,mapping,iget,128,10000,64,0,131200,shuffle,20261005,11398722,1139.872200,7.186770587,0
7829,mapping,iget,128,10000,64,0,131328,identity,20261005,11700261,1170.026100,7.001553213,0
7830,mapping,iget,128,10000,64,0,131328,reverse,20261005,11678188,1167.818800,7.014786883,0
7831,mapping,iget,128,10000,64,0,131328,transpose,20261005,11852513,1185.251300,6.911614440,0
7832,mapping,iget,128,10000,64,0,131328,shuffle,20261005,11726875,1172.687500,6.985663273,0
7833,mapping,iget,128,10000,64,0,135168,identity,20261005,10481026,1048.102600,7.816028698,0
7834,mapping,iget,128,10000,64,0,135168,reverse,20261005,10493403,1049.340300,7.806809669,0
7835,mapping,iget,128,10000,64,0,135168,transpose,20261005,10475944,1047.594400,7.819820343,0
7836,mapping,iget,128,10000,64,0,135168,shuffle,20261005,10503224,1050.322400,7.799509941,0
7837,mapping,iget,128,10000,64,0,262144,identity,20261005,10570956,1057.095600,7.749535614,0
7838,mapping,iget,128,10000,64,0,262144,reverse,20261005,10591181,1059.118100,7.734737042,0
7839,mapping,iget,128,10000,64,0,262144,transpose,20261005,10567076,1056.707600,7.752381075,0
7840,mapping,iget,128,10000,64,0,262144,shuffle,20261005,10606871,1060.687100,7.723295588,0
7841,mapping,iget,256,10000,64,0,131200,identity,20261005,15835055,1583.505500,10.346664410,0
7842,mapping,iget,256,10000,64,0,131200,reverse,20261005,15849225,1584.922500,10.337413975,0
7843,mapping,iget,256,10000,64,0,131200,transpose,20261005,15865259,1586.525900,10.326966613,0
7844,mapping,iget,256,10000,64,0,131200,shuffle,20261005,15848338,1584.833800,10.337992539,0
7845,mapping,iget,256,10000,64,0,131328,identity,20261005,12166344,1216.634400,13.466658513,0
7846,mapping,iget,256,10000,64,0,131328,reverse,20261005,12222231,1222.223100,13.405081282,0
7847,mapping,iget,256,10000,64,0,131328,transpose,20261005,12159428,1215.942800,13.474318035,0
7848,mapping,iget,256,10000,64,0,131328,shuffle,20261005,12217737,1221.773700,13.410012018,0
7849,mapping,iget,256,10000,64,0,135168,identity,20261005,11011195,1101.119500,14.879402281,0
7850,mapping,iget,256,10000,64,0,135168,reverse,20261005,11053777,1105.377700,14.822082986,0
7851,mapping,iget,256,10000,64,0,135168,transpose,20261005,11003339,1100.333900,14.890025655,0
7852,mapping,iget,256,10000,64,0,135168,shuffle,20261005,11042250,1104.225000,14.837555752,0
7853,mapping,iget,256,10000,64,0,262144,identity,20261005,10893331,1089.333100,15.040394898,0
7854,mapping,iget,256,10000,64,0,262144,reverse,20261005,10919271,1091.927100,15.004664689,0
7855,mapping,iget,256,10000,64,0,262144,transpose,20261005,10888943,1088.894300,15.046455841,0
7856,mapping,iget,256,10000,64,0,262144,shuffle,20261005,10912330,1091.233000,15.014208698,0
7857,mapping,iget,4096,1000,64,0,131200,identity,20261005,13275782,13275.782000,19.746030780,0
7858,mapping,iget,4096,1000,64,0,131200,reverse,20261005,13427856,13427.856000,19.522401789,0
7859,mapping,iget,4096,1000,64,0,131200,transpose,20261005,13457343,13457.343000,19.479625361,0
7860,mapping,iget,4096,1000,64,0,131200,shuffle,20261005,12995196,12995.196000,20.172377546,0
7861,mapping,iget,4096,1000,64,0,131328,identity,20261005,13041116,13041.116000,20.101347155,0
7862,mapping,iget,4096,1000,64,0,131328,reverse,20261005,13162305,13162.305000,19.916268465,0
7863,mapping,iget,4096,1000,64,0,131328,transpose,20261005,13434381,13434.381000,19.512919873,0
7864,mapping,iget,4096,1000,64,0,131328,shuffle,20261005,12728702,12728.702000,20.594715785,0
7865,mapping,iget,4096,1000,64,0,135168,identity,20261005,13183693,13183.693000,19.883958160,0
7866,mapping,iget,4096,1000,64,0,135168,reverse,20261005,13020390,13020.390000,20.133344700,0
7867,mapping,iget,4096,1000,64,0,135168,transpose,20261005,13051648,13051.648000,20.085126415,0
7868,mapping,iget,4096,1000,64,0,135168,shuffle,20261005,12833062,12833.062000,20.427237085,0
7869,mapping,iget,4096,1000,64,0,262144,identity,20261005,16056399,16056.399000,16.326450283,0
7870,mapping,iget,4096,1000,64,0,262144,reverse,20261005,16075686,16075.686000,16.306862426,0
7871,mapping,iget,4096,1000,64,0,262144,transpose,20261005,16073384,16073.384000,16.309197864,0
7872,mapping,iget,4096,1000,64,0,262144,shuffle,20261005,16076500,16076.500000,16.306036762,0
7873,mapping,iget,32768,1000,64,0,131200,identity,20261005,100041729,100041.729000,20.962772445,0
7874,mapping,iget,32768,1000,64,0,131200,reverse,20261005,100312466,100312.466000,20.906195248,0
7875,mapping,iget,32768,1000,64,0,131200,transpose,20261005,118860291,118860.291000,17.643840364,0
7876,mapping,iget,32768,1000,64,0,131200,shuffle,20261005,106765196,106765.196000,19.642655833,0
7877,mapping,iget,32768,1000,64,0,131328,identity,20261005,100500169,100500.169000,20.867148990,0
7878,mapping,iget,32768,1000,64,0,131328,reverse,20261005,100665350,100665.350000,20.832908245,0
7879,mapping,iget,32768,1000,64,0,131328,transpose,20261005,118279063,118279.063000,17.730542894,0
7880,mapping,iget,32768,1000,64,0,131328,shuffle,20261005,107372342,107372.342000,19.531584773,0
7881,mapping,iget,32768,1000,64,0,135168,identity,20261005,101993043,101993.043000,20.561716155,0
7882,mapping,iget,32768,1000,64,0,135168,reverse,20261005,102015318,102015.318000,20.557226514,0
7883,mapping,iget,32768,1000,64,0,135168,transpose,20261005,105954178,105954.178000,19.793009012,0
7884,mapping,iget,32768,1000,64,0,135168,shuffle,20261005,107320898,107320.898000,19.540947188,0
7885,mapping,iget,32768,1000,64,0,262144,identity,20261005,128773188,128773.188000,16.285626166,0
7886,mapping,iget,32768,1000,64,0,262144,reverse,20261005,128701551,128701.551000,16.294690963,0
7887,mapping,iget,32768,1000,64,0,262144,transpose,20261005,128747695,128747.695000,16.288850841,0
7888,mapping,iget,32768,1000,64,0,262144,shuffle,20261005,128785306,128785.306000,16.284093777,0
7889,mapping,iget,65536,1000,64,0,131200,identity,20261005,200098989,200098.989000,20.961145386,0
7890,mapping,iget,65536,1000,64,0,131200,reverse,20261005,200088869,200088.869000,20.962205549,0
7891,mapping,iget,65536,1000,64,0,131200,transpose,20261005,237169615,237169.615000,17.684828640,0
7892,mapping,iget,65536,1000,64,0,131200,shuffle,20261005,215931563,215931.563000,19.424228407,0
7893,mapping,iget,65536,1000,64,0,131328,identity,20261005,200505254,200505.254000,20.918673782,0
7894,mapping,iget,65536,1000,64,0,131328,reverse,20261005,200552781,200552.781000,20.913716474,0
7895,mapping,iget,65536,1000,64,0,131328,transpose,20261005,237400601,237400.601000,17.667621659,0
7896,mapping,iget,65536,1000,64,0,131328,shuffle,20261005,214397504,214397.504000,19.563212825,0
7897,mapping,iget,65536,1000,64,0,135168,identity,20261005,203862604,203862.604000,20.574170631,0
7898,mapping,iget,65536,1000,64,0,135168,reverse,20261005,203750548,203750.548000,20.585485738,0
7899,mapping,iget,65536,1000,64,0,135168,transpose,20261005,215583936,215583.936000,19.455549786,0
7900,mapping,iget,65536,1000,64,0,135168,shuffle,20261005,213881012,213881.012000,19.610455182,0
7901,mapping,iget,65536,1000,64,0,262144,identity,20261005,256902614,256902.614000,16.326435666,0
7902,mapping,iget,65536,1000,64,0,262144,reverse,20261005,256861523,256861.523000,16.329047461,0
7903,mapping,iget,65536,1000,64,0,262144,transpose,20261005,256854589,256854.589000,16.329488277,0
7904,mapping,iget,65536,1000,64,0,262144,shuffle,20261005,257003104,257003.104000,16.320051917,0
7905,mapping,iget,98304,1000,64,0,131200,identity,20261005,300130977,300130.977000,20.962368040,0
7906,mapping,iget,98304,1000,64,0,131200,reverse,20261005,300149251,300149.251000,20.961091787,0
7907,mapping,iget,98304,1000,64,0,131200,transpose,20261005,356187548,356187.548000,17.663323817,0
7908,mapping,iget,98304,1000,64,0,131200,shuffle,20261005,323627637,323627.637000,19.440416333,0
7909,mapping,iget,98304,1000,64,0,131328,identity,20261005,300603350,300603.350000,20.929427433,0
7910,mapping,iget,98304,1000,64,0,131328,reverse,20261005,300707772,300707.772000,20.922159604,0
7911,mapping,iget,98304,1000,64,0,131328,transpose,20261005,354765573,354765.573000,17.734122133,0
7912,mapping,iget,98304,1000,64,0,131328,shuffle,20261005,321310754,321310.754000,19.580595799,0
7913,mapping,iget,98304,1000,64,0,135168,identity,20261005,305782549,305782.549000,20.574934772,0
7914,mapping,iget,98304,1000,64,0,135168,reverse,20261005,304893549,304893.549000,20.634926585,0
7915,mapping,iget,98304,1000,64,0,135168,transpose,20261005,327279447,327279.447000,19.223498627,0
7916,mapping,iget,98304,1000,64,0,135168,shuffle,20261005,320802028,320802.028000,19.611646595,0
7917,mapping,iget,98304,1000,64,0,262144,identity,20261005,384283280,384283.280000,16.371922296,0
7918,mapping,iget,98304,1000,64,0,262144,reverse,20261005,384368467,384368.467000,16.368293812,0
7919,mapping,iget,98304,1000,64,0,262144,transpose,20261005,384198965,384198.965000,16.375515223,0
7920,mapping,iget,98304,1000,64,0,262144,shuffle,20261005,384511733,384511.733000,16.362195117,0
7921,mapping,iget,131072,1000,64,0,131200,identity,20261005,402348047,402348.047000,20.849133139,0
7922,mapping,iget,131072,1000,64,0,131200,reverse,20261005,402886066,402886.066000,20.821290950,0
7923,mapping,iget,131072,1000,64,0,131200,transpose,20261005,453298171,453298.171000,18.505717730,0
7924,mapping,iget,131072,1000,64,0,131200,shuffle,20261005,425065085,425065.085000,19.734878954,0
7925,mapping,iget,131072,1000,64,0,131328,identity,20261005,402800066,402800.066000,20.825736409,0
7926,mapping,iget,131072,1000,64,0,131328,reverse,20261005,403054617,403054.617000,20.812583819,0
7927,mapping,iget,131072,1000,64,0,131328,transpose,20261005,449316936,449316.936000,18.669690207,0
7928,mapping,iget,131072,1000,64,0,131328,shuffle,20261005,423709945,423709.945000,19.797996481,0
7929,mapping,iget,131072,1000,64,0,135168,identity,20261005,408290709,408290.709000,20.545674479,0
7930,mapping,iget,131072,1000,64,0,135168,reverse,20261005,407284567,407284.567000,20.596429818,0
7931,mapping,iget,131072,1000,64,0,135168,transpose,20261005,440115201,440115.201000,19.060027877,0
7932,mapping,iget,131072,1000,64,0,135168,shuffle,20261005,425977827,425977.827000,19.692593061,0
7933,mapping,iget,131072,1000,64,0,262144,identity,20261005,512493759,512493.759000,16.368214935,0
7934,mapping,iget,131072,1000,64,0,262144,reverse,20261005,512474293,512474.293000,16.368836671,0
7935,mapping,iget,131072,1000,64,0,262144,transpose,20261005,512790344,512790.344000,16.358747972,0
7936,mapping,iget,131072,1000,64,0,262144,shuffle,20261005,512657379,512657.379000,16.362990847,0
7937,mapping,iget,64,10000,64,4,131200,identity,20261005,11420324,1142.032400,3.586588261,0
7938,mapping,iget,64,10000,64,4,131200,reverse,20261005,11388373,1138.837300,3.596650724,0
7939,mapping,iget,64,10000,64,4,131200,transpose,20261005,11393160,1139.316000,3.595139540,0
7940,mapping,iget,64,10000,64,4,131200,shuffle,20261005,11397378,1139.737800,3.593809032,0
7941,mapping,iget,64,10000,64,4,131328,identity,20261005,11857671,1185.767100,3.454303969,0
7942,mapping,iget,64,10000,64,4,131328,reverse,20261005,11854239,1185.423900,3.455304048,0
7943,mapping,iget,64,10000,64,4,131328,transpose,20261005,11815468,1181.546800,3.466642202,0
7944,mapping,iget,64,10000,64,4,131328,shuffle,20261005,11858362,1185.836200,3.454102683,0
7945,mapping,iget,64,10000,64,4,135168,identity,20261005,10476323,1047.632300,3.909768723,0
7946,mapping,iget,64,10000,64,4,135168,reverse,20261005,10508191,1050.819100,3.897911639,0
7947,mapping,iget,64,10000,64,4,135168,transpose,20261005,10479796,1047.979600,3.908473028,0
7948,mapping,iget,64,10000,64,4,135168,shuffle,20261005,10497060,1049.706000,3.902044954,0
7949,mapping,iget,64,10000,64,4,262144,identity,20261005,10587400,1058.740000,3.868749646,0
7950,mapping,iget,64,10000,64,4,262144,reverse,20261005,10599258,1059.925800,3.864421453,0
7951,mapping,iget,64,10000,64,4,262144,transpose,20261005,10575637,1057.563700,3.873052753,0
7952,mapping,iget,64,10000,64,4,262144,shuffle,20261005,10620036,1062.003600,3.856860749,0
7953,mapping,iget,128,10000,64,4,131200,identity,20261005,15843567,1584.356700,5.170552818,0
7954,mapping,iget,128,10000,64,4,131200,reverse,20261005,15836922,1583.692200,5.172722326,0
7955,mapping,iget,128,10000,64,4,131200,transpose,20261005,15859737,1585.973700,5.165281114,0
7956,mapping,iget,128,10000,64,4,131200,shuffle,20261005,15850522,1585.052200,5.168284048,0
7957,mapping,iget,128,10000,64,4,131328,identity,20261005,12193170,1219.317000,6.718515366,0
7958,mapping,iget,128,10000,64,4,131328,reverse,20261005,12204776,1220.477600,6.712126466,0
7959,mapping,iget,128,10000,64,4,131328,transpose,20261005,12214117,1221.411700,6.706993228,0
7960,mapping,iget,128,10000,64,4,131328,shuffle,20261005,12171426,1217.142600,6.730517854,0
7961,mapping,iget,128,10000,64,4,135168,identity,20261005,11009294,1100.929400,7.440985771,0
7962,mapping,iget,128,10000,64,4,135168,reverse,20261005,11025345,1102.534500,7.430152979,0
7963,mapping,iget,128,10000,64,4,135168,transpose,20261005,11008433,1100.843300,7.441567751,0
7964,mapping,iget,128,10000,64,4,135168,shuffle,20261005,11008060,1100.806000,7.441819903,0
7965,mapping,iget,128,10000,64,4,262144,identity,20261005,10889195,1088.919500,7.523053816,0
7966,mapping,iget,128,10000,64,4,262144,reverse,20261005,10898020,1089.802000,7.516961797,0
7967,mapping,iget,128,10000,64,4,262144,transpose,20261005,10883593,1088.359300,7.526926080,0
7968,mapping,iget,128,10000,64,4,262144,shuffle,20261005,10912967,1091.296700,7.506666152,0
7969,mapping,iget,256,10000,64,4,131200,identity,20261005,20051735,2005.173500,8.170864018,0
7970,mapping,iget,256,10000,64,4,131200,reverse,20261005,20032492,2003.249200,8.178712863,0
7971,mapping,iget,256,10000,64,4,131200,transpose,20261005,20043019,2004.301900,8.174417237,0
7972,mapping,iget,256,10000,64,4,131200,shuffle,20261005,20111086,2011.108600,8.146750504,0
7973,mapping,iget,256,10000,64,4,131328,identity,20261005,21112266,2111.226600,7.760417570,0
7974,mapping,iget,256,10000,64,4,131328,reverse,20261005,21114846,2111.484600,7.759469333,0
7975,mapping,iget,256,10000,64,4,131328,transpose,20261005,21086450,2108.645000,7.769918597,0
7976,mapping,iget,256,10000,64,4,131328,shuffle,20261005,21102908,2110.290800,7.763858896,0
7977,mapping,iget,256,10000,64,4,135168,identity,20261005,19193741,1919.374100,8.536116018,0
7978,mapping,iget,256,10000,64,4,135168,reverse,20261005,19148657,1914.865700,8.556213629,0
7979,mapping,iget,256,10000,64,4,135168,transpose,20261005,19164832,1916.483200,8.548992237,0
7980,mapping,iget,256,10000,64,4,135168,shuffle,20261005,19146863,1914.686300,8.557015319,0
7981,mapping,iget,256,10000,64,4,262144,identity,20261005,19903789,1990.378900,8.231598516,0
7982,mapping,iget,256,10000,64,4,262144,reverse,20261005,19905261,1990.526100,8.230989787,0
7983,mapping,iget,256,10000,64,4,262144,transpose,20261005,19894728,1989.472800,8.235347575,0
7984,mapping,iget,256,10000,64,4,262144,shuffle,20261005,19884361,1988.436100,8.239641193,0
7985,mapping,iget,4096,1000,64,4,131200,identity,20261005,13660304,13660.304000,19.190202502,0
7986,mapping,iget,4096,1000,64,4,131200,reverse,20261005,13613721,13613.721000,19.255866930,0
7987,mapping,iget,4096,1000,64,4,131200,transpose,20261005,13678135,13678.135000,19.165185897,0
7988,mapping,iget,4096,1000,64,4,131200,shuffle,20261005,13383905,13383.905000,19.586510813,0
7989,mapping,iget,4096,1000,64,4,131328,identity,20261005,13796486,13796.486000,19.000780344,0
7990,mapping,iget,4096,1000,64,4,131328,reverse,20261005,13688677,13688.677000,19.150426298,0
7991,mapping,iget,4096,1000,64,4,131328,transpose,20261005,13648874,13648.874000,19.206272986,0
7992,mapping,iget,4096,1000,64,4,131328,shuffle,20261005,13406758,13406.758000,19.553123880,0
7993,mapping,iget,4096,1000,64,4,135168,identity,20261005,13898373,13898.373000,18.861488320,0
7994,mapping,iget,4096,1000,64,4,135168,reverse,20261005,13793110,13793.110000,19.005430972,0
7995,mapping,iget,4096,1000,64,4,135168,transpose,20261005,13760976,13760.976000,19.049811583,0
7996,mapping,iget,4096,1000,64,4,135168,shuffle,20261005,13130771,13130.771000,19.964098072,0
7997,mapping,iget,4096,1000,64,4,262144,identity,20261005,16932412,16932.412000,15.481787237,0
7998,mapping,iget,4096,1000,64,4,262144,reverse,20261005,16970838,16970.838000,15.446732801,0
7999,mapping,iget,4096,1000,64,4,262144,transpose,20261005,16983449,16983.449000,15.435262884,0
8000,mapping,iget,4096,1000,64,4,262144,shuffle,20261005,16781844,16781.844000,15.620691028,0
8001,mapping,iget,32768,1000,64,4,131200,identity,20261005,100552861,100552.861000,20.856214126,0
8002,mapping,iget,32768,1000,64,4,131200,reverse,20261005,100838863,100838.863000,20.797061149,0
8003,mapping,iget,32768,1000,64,4,131200,transpose,20261005,119326344,119326.344000,17.574928802,0
8004,mapping,iget,32768,1000,64,4,131200,shuffle,20261005,107974990,107974.990000,19.422571838,0
8005,mapping,iget,32768,1000,64,4,131328,identity,20261005,100891673,100891.673000,20.786175287,0
8006,mapping,iget,32768,1000,64,4,131328,reverse,20261005,100929494,100929.494000,20.778386147,0
8007,mapping,iget,32768,1000,64,4,131328,transpose,20261005,118913231,118913.231000,17.635985351,0
8008,mapping,iget,32768,1000,64,4,131328,shuffle,20261005,107256248,107256.248000,19.552725730,0
8009,mapping,iget,32768,1000,64,4,135168,identity,20261005,102521617,102521.617000,20.455705454,0
8010,mapping,iget,32768,1000,64,4,135168,reverse,20261005,102555540,102555.540000,20.448939180,0
8011,mapping,iget,32768,1000,64,4,135168,transpose,20261005,106799198,106799.198000,19.636402139,0
8012,mapping,iget,32768,1000,64,4,135168,shuffle,20261005,107755878,107755.878000,19.462065912,0
8013,mapping,iget,32768,1000,64,4,262144,identity,20261005,129760304,129760.304000,16.161737722,0
8014,mapping,iget,32768,1000,64,4,262144,reverse,20261005,129725080,129725.080000,16.166126088,0
8015,mapping,iget,32768,1000,64,4,262144,transpose,20261005,129696724,129696.724000,16.169660538,0
8016,mapping,iget,32768,1000,64,4,262144,shuffle,20261005,129780565,129780.565000,16.159214594,0
8017,mapping,iget,65536,1000,64,4,131200,identity,20261005,200448710,200448.710000,20.924574670,0
8018,mapping,iget,65536,1000,64,4,131200,reverse,20261005,200369196,200369.196000,20.932878325,0
8019,mapping,iget,65536,1000,64,4,131200,transpose,20261005,237702826,237702.826000,17.645158329,0
8020,mapping,iget,65536,1000,64,4,131200,shuffle,20261005,214703780,214703.780000,19.535305806,0
8021,mapping,iget,65536,1000,64,4,131328,identity,20261005,200756771,200756.771000,20.892465938,0
8022,mapping,iget,65536,1000,64,4,131328,reverse,20261005,200886689,200886.689000,20.878954304,0
8023,mapping,iget,65536,1000,64,4,131328,transpose,20261005,237685976,237685.976000,17.646409227,0
8024,mapping,iget,65536,1000,64,4,131328,shuffle,20261005,215747833,215747.833000,19.440770003,0
8025,mapping,iget,65536,1000,64,4,135168,identity,20261005,204169103,204169.103000,20.543284652,0
8026,mapping,iget,65536,1000,64,4,135168,reverse,20261005,204028761,204028.761000,20.557415432,0
8027,mapping,iget,65536,1000,64,4,135168,transpose,20261005,215830390,215830.390000,19.433333740,0
8028,mapping,iget,65536,1000,64,4,135168,shuffle,20261005,215027596,215027.596000,19.505887049,0
8029,mapping,iget,65536,1000,64,4,262144,identity,20261005,257830823,257830.823000,16.267659356,0
8030,mapping,iget,65536,1000,64,4,262144,reverse,20261005,257555303,257555.303000,16.285061698,0
8031,mapping,iget,65536,1000,64,4,262144,transpose,20261005,257781744,257781.744000,16.270756551,0
8032,mapping,iget,65536,1000,64,4,262144,shuffle,20261005,257594606,257594.606000,16.282576973,0
8033,mapping,iget,98304,1000,64,4,131200,identity,20261005,300311696,300311.696000,20.949753485,0
8034,mapping,iget,98304,1000,64,4,131200,reverse,20261005,300415904,300415.904000,20.942486454,0
8035,mapping,iget,98304,1000,64,4,131200,transpose,20261005,356649030,356649.030000,17.640468558,0
8036,mapping,iget,98304,1000,64,4,131200,shuffle,20261005,324508411,324508.411000,19.387651558,0
8037,mapping,iget,98304,1000,64,4,131328,identity,20261005,301128271,301128.271000,20.892943659,0
8038,mapping,iget,98304,1000,64,4,131328,reverse,20261005,301280018,301280.018000,20.882420420,0
8039,mapping,iget,98304,1000,64,4,131328,transpose,20261005,355918879,355918.879000,17.676657158,0
8040,mapping,iget,98304,1000,64,4,131328,shuffle,20261005,323261252,323261.252000,19.462450142,0
8041,mapping,iget,98304,1000,64,4,135168,identity,20261005,306008636,306008.636000,20.559733484,0
8042,mapping,iget,98304,1000,64,4,135168,reverse,20261005,306139219,306139.219000,20.550963776,0
8043,mapping,iget,98304,1000,64,4,135168,transpose,20261005,329935105,329935.105000,19.068768084,0
8044,mapping,iget,98304,1000,64,4,135168,shuffle,20261005,319227943,319227.943000,19.708349905,0
8045,mapping,iget,98304,1000,64,4,262144,identity,20261005,385587095,385587.095000,16.316562669,0
8046,mapping,iget,98304,1000,64,4,262144,reverse,20261005,385370387,385370.387000,16.325738075,0
8047,mapping,iget,98304,1000,64,4,262144,transpose,20261005,385422582,385422.582000,16.323527198,0
8048,mapping,iget,98304,1000,64,4,262144,shuffle,20261005,386111796,386111.796000,16.294389514,0
8049,mapping,iget,131072,1000,64,4,131200,identity,20261005,402830000,402830.000000,20.824188864,0
8050,mapping,iget,131072,1000,64,4,131200,reverse,20261005,403163791,403163.791000,20.806947914,0
8051,mapping,iget,131072,1000,64,4,131200,transpose,20261005,454545309,454545.309000,18.454943509,0
8052,mapping,iget,131072,1000,64,4,131200,shuffle,20261005,424684594,424684.594000,19.752560179,0
8053,mapping,iget,131072,1000,64,4,131328,identity,20261005,403284188,403284.188000,20.800736180,0
8054,mapping,iget,131072,1000,64,4,131328,reverse,20261005,403588412,403588.412000,20.785056633,0
8055,mapping,iget,131072,1000,64,4,131328,transpose,20261005,451252954,451252.954000,18.589591327,0
8056,mapping,iget,131072,1000,64,4,131328,shuffle,20261005,423757900,423757.900000,19.795756020,0
8057,mapping,iget,131072,1000,64,4,135168,identity,20261005,408731180,408731.180000,20.523533340,0
8058,mapping,iget,131072,1000,64,4,135168,reverse,20261005,408048594,408048.594000,20.557865223,0
8059,mapping,iget,131072,1000,64,4,135168,transpose,20261005,442011288,442011.288000,18.978266455,0
8060,mapping,iget,131072,1000,64,4,135168,shuffle,20261005,425985420,425985.420000,19.692242049,0
8061,mapping,iget,131072,1000,64,4,262144,identity,20261005,513645061,513645.061000,16.331526645,0
8062,mapping,iget,131072,1000,64,4,262144,reverse,20261005,513411046,513411.046000,16.338970627,0
8063,mapping,iget,131072,1000,64,4,262144,transpose,20261005,513067422,513067.422000,16.349913560,0
8064,mapping,iget,131072,1000,64,4,262144,shuffle,20261005,513561498,513561.498000,16.334183993,0
8065,mapping,iput,64,10000,1,0,131200,identity,20261005,2340456,234.045600,0.273450986,0
8066,mapping,iput,64,10000,1,0,131200,reverse,20261005,2348078,234.807800,0.272563348,0
8067,mapping,iput,64,10000,1,0,131200,transpose,20261005,2340418,234.041800,0.273455425,0
8068,mapping,iput,64,10000,1,0,131200,shuffle,20261005,2349022,234.902200,0.272453813,0
8069,mapping,iput,64,10000,1,0,131328,identity,20261005,2340434,234.043400,0.273453556,0
8070,mapping,iput,64,10000,1,0,131328,reverse,20261005,2345254,234.525400,0.272891550,0
8071,mapping,iput,64,10000,1,0,131328,transpose,20261005,2340434,234.043400,0.273453556,0
8072,mapping,iput,64,10000,1,0,131328,shuffle,20261005,2346460,234.646000,0.272751293,0
8073,mapping,iput,64,10000,1,0,135168,identity,20261005,2340130,234.013000,0.273489080,0
8074,mapping,iput,64,10000,1,0,135168,reverse,20261005,2341042,234.104200,0.273382536,0
8075,mapping,iput,64,10000,1,0,135168,transpose,20261005,2340150,234.015000,0.273486742,0
8076,mapping,iput,64,10000,1,0,135168,shuffle,20261005,2340780,234.078000,0.273413136,0
8077,mapping,iput,64,10000,1,0,262144,identity,20261005,2340176,234.017600,0.273483704,0
8078,mapping,iput,64,10000,1,0,262144,reverse,20261005,2340428,234.042800,0.273454257,0
8079,mapping,iput,64,10000,1,0,262144,transpose,20261005,2340430,234.043000,0.273454023,0
8080,mapping,iput,64,10000,1,0,262144,shuffle,20261005,2340400,234.040000,0.273457529,0
8081,mapping,iput,128,10000,1,0,131200,identity,20261005,2400164,240.016400,0.533296891,0
8082,mapping,iput,128,10000,1,0,131200,reverse,20261005,2408567,240.856700,0.531436327,0
8083,mapping,iput,128,10000,1,0,131200,transpose,20261005,2400056,240.005600,0.533320889,0
8084,mapping,iput,128,10000,1,0,131200,shuffle,20261005,2409760,240.976000,0.531173229,0
8085,mapping,iput,128,10000,1,0,131328,identity,20261005,2400100,240.010000,0.533311112,0
8086,mapping,iput,128,10000,1,0,131328,reverse,20261005,2405474,240.547400,0.532119657,0
8087,mapping,iput,128,10000,1,0,131328,transpose,20261005,2400127,240.012700,0.533305113,0
8088,mapping,iput,128,10000,1,0,131328,shuffle,20261005,2406836,240.683600,0.531818537,0
8089,mapping,iput,128,10000,1,0,135168,identity,20261005,2400101,240.010100,0.533310890,0
8090,mapping,iput,128,10000,1,0,135168,reverse,20261005,2400404,240.040400,0.533243571,0
8091,mapping,iput,128,10000,1,0,135168,transpose,20261005,2400111,240.011100,0.533308668,0
8092,mapping,iput,128,10000,1,0,135168,shuffle,20261005,2400524,240.052400,0.533216914,0
8093,mapping,iput,128,10000,1,0,262144,identity,20261005,2400168,240.016800,0.533296003,0
8094,mapping,iput,128,10000,1,0,262144,reverse,20261005,2400119,240.011900,0.533306890,0
8095,mapping,iput,128,10000,1,0,262144,transpose,20261005,2400108,240.010800,0.533309334,0
8096,mapping,iput,128,10000,1,0,262144,shuffle,20261005,2400127,240.012700,0.533305113,0
8097,mapping,iput,256,10000,1,0,131200,identity,20261005,2461400,246.140000,1.040058503,0
8098,mapping,iput,256,10000,1,0,131200,reverse,20261005,2468491,246.849100,1.037070826,0
8099,mapping,iput,256,10000,1,0,131200,transpose,20261005,2460761,246.076100,1.040328581,0
8100,mapping,iput,256,10000,1,0,131200,shuffle,20261005,2468202,246.820200,1.037192256,0
8101,mapping,iput,256,10000,1,0,131328,identity,20261005,2460261,246.026100,1.040540008,0
8102,mapping,iput,256,10000,1,0,131328,reverse,20261005,2469065,246.906500,1.036829731,0
8103,mapping,iput,256,10000,1,0,131328,transpose,20261005,2460283,246.028300,1.040530703,0
8104,mapping,iput,256,10000,1,0,131328,shuffle,20261005,2467865,246.786500,1.037333890,0
8105,mapping,iput,256,10000,1,0,135168,identity,20261005,2460320,246.032000,1.040515055,0
8106,mapping,iput,256,10000,1,0,135168,reverse,20261005,2461378,246.137800,1.040067799,0
8107,mapping,iput,256,10000,1,0,135168,transpose,20261005,2460376,246.037600,1.040491372,0
8108,mapping,iput,256,10000,1,0,135168,shuffle,20261005,2460260,246.026000,1.040540431,0
8109,mapping,iput,256,10000,1,0,262144,identity,20261005,2460287,246.028700,1.040529011,0
8110,mapping,iput,256,10000,1,0,262144,reverse,20261005,2460275,246.027500,1.040534087,0
8111,mapping,iput,256,10000,1,0,262144,transpose,20261005,2460294,246.029400,1.040526051,0
8112,mapping,iput,256,10000,1,0,262144,shuffle,20261005,2460312,246.031200,1.040518438,0
8113,mapping,iput,4096,1000,1,0,131200,identity,20261005,459564,459.564000,8.912795606,0
8114,mapping,iput,4096,1000,1,0,131200,reverse,20261005,458898,458.898000,8.925730772,0
8115,mapping,iput,4096,1000,1,0,131200,transpose,20261005,459755,459.755000,8.909092886,0
8116,mapping,iput,4096,1000,1,0,131200,shuffle,20261005,459901,459.901000,8.906264609,0
8117,mapping,iput,4096,1000,1,0,131328,identity,20261005,459668,459.668000,8.910779084,0
8118,mapping,iput,4096,1000,1,0,131328,reverse,20261005,459818,459.818000,8.907872245,0
8119,mapping,iput,4096,1000,1,0,131328,transpose,20261005,459759,459.759000,8.909015375,0
8120,mapping,iput,4096,1000,1,0,131328,shuffle,20261005,461324,461.324000,8.878792346,0
8121,mapping,iput,4096,1000,1,0,135168,identity,20261005,460536,460.536000,8.893984401,0
8122,mapping,iput,4096,1000,1,0,135168,reverse,20261005,460164,460.164000,8.901174364,0
8123,mapping,iput,4096,1000,1,0,135168,transpose,20261005,459896,459.896000,8.906361438,0
8124,mapping,iput,4096,1000,1,0,135168,shuffle,20261005,460534,460.534000,8.894023025,0
8125,mapping,iput,4096,1000,1,0,262144,identity,20261005,460017,460.017000,8.904018765,0
8126,mapping,iput,4096,1000,1,0,262144,reverse,20261005,460837,460.837000,8.888175212,0
8127,mapping,iput,4096,1000,1,0,262144,transpose,20261005,460046,460.046000,8.903457480,0
8128,mapping,iput,4096,1000,1,0,262144,shuffle,20261005,459570,459.570000,8.912679244,0
8129,mapping,iput,32768,1000,1,0,131200,identity,20261005,1988051,1988.051000,16.482474544,0
8130,mapping,iput,32768,1000,1,0,131200,reverse,20261005,1988156,1988.156000,16.481604059,0
8131,mapping,iput,32768,1000,1,0,131200,transpose,20261005,1987306,1987.306000,16.488653484,0
8132,mapping,iput,32768,1000,1,0,131200,shuffle,20261005,1988561,1988.561000,16.478247336,0
8133,mapping,iput,32768,1000,1,0,131328,identity,20261005,1987643,1987.643000,16.485857873,0
8134,mapping,iput,32768,1000,1,0,131328,reverse,20261005,1988664,1988.664000,16.477393868,0
8135,mapping,iput,32768,1000,1,0,131328,transpose,20261005,1987465,1987.465000,16.487334368,0
8136,mapping,iput,32768,1000,1,0,131328,shuffle,20261005,1988025,1988.025000,16.482690107,0
8137,mapping,iput,32768,1000,1,0,135168,identity,20261005,1988249,1988.249000,16.480833135,0
8138,mapping,iput,32768,1000,1,0,135168,reverse,20261005,1987621,1987.621000,16.486040347,0
8139,mapping,iput,32768,1000,1,0,135168,transpose,20261005,1987515,1987.515000,16.486919596,0
8140,mapping,iput,32768,1000,1,0,135168,shuffle,20261005,1989401,1989.401000,16.471289599,0
8141,mapping,iput,32768,1000,1,0,262144,identity,20261005,1988196,1988.196000,16.481272470,0
8142,mapping,iput,32768,1000,1,0,262144,reverse,20261005,1989738,1989.738000,16.468499873,0
8143,mapping,iput,32768,1000,1,0,262144,transpose,20261005,1987260,1987.260000,16.489035154,0
8144,mapping,iput,32768,1000,1,0,262144,shuffle,20261005,1986912,1986.912000,16.491923145,0
8145,mapping,iput,65536,1000,1,0,131200,identity,20261005,3733593,3733.593000,17.553064836,0
8146,mapping,iput,65536,1000,1,0,131200,reverse,20261005,3734977,3734.977000,17.546560528,0
8147,mapping,iput,65536,1000,1,0,131200,transpose,20261005,3733839,3733.839000,17.551908371,0
8148,mapping,iput,65536,1000,1,0,131200,shuffle,20261005,3733821,3733.821000,17.551992985,0
8149,mapping,iput,65536,1000,1,0,131328,identity,20261005,3734309,3734.309000,17.549699288,0
8150,mapping,iput,65536,1000,1,0,131328,reverse,20261005,3735270,3735.270000,17.545184150,0
8151,mapping,iput,65536,1000,1,0,131328,transpose,20261005,3735018,3735.018000,17.546367916,0
8152,mapping,iput,65536,1000,1,0,131328,shuffle,20261005,3734361,3734.361000,17.549454913,0
8153,mapping,iput,65536,1000,1,0,135168,identity,20261005,3734939,3734.939000,17.546739050,0
8154,mapping,iput,65536,1000,1,0,135168,reverse,20261005,3734474,3734.474000,17.548923891,0
8155,mapping,iput,65536,1000,1,0,135168,transpose,20261005,3735629,3735.629000,17.543498029,0
8156,mapping,iput,65536,1000,1,0,135168,shuffle,20261005,3734481,3734.481000,17.548890997,0
8157,mapping,iput,65536,1000,1,0,262144,identity,20261005,3734946,3734.946000,17.546706164,0
8158,mapping,iput,65536,1000,1,0,262144,reverse,20261005,3734953,3734.953000,17.546673278,0
8159,mapping,iput,65536,1000,1,0,262144,transpose,20261005,3734327,3734.327000,17.549614696,0
8160,mapping,iput,65536,1000,1,0,262144,shuffle,20261005,3733739,3733.739000,17.552378460,0
8161,mapping,iput,98304,1000,1,0,131200,identity,20261005,5479723,5479.723000,17.939592932,0
8162,mapping,iput,98304,1000,1,0,131200,reverse,20261005,5480166,5480.166000,17.938142750,0
8163,mapping,iput,98304,1000,1,0,131200,transpose,20261005,5480194,5480.194000,17.938051098,0
8164,mapping,iput,98304,1000,1,0,131200,shuffle,20261005,5480622,5480.622000,17.936650256,0
8165,mapping,iput,98304,1000,1,0,131328,identity,20261005,5481959,5481.959000,17.932275670,0
8166,mapping,iput,98304,1000,1,0,131328,reverse,20261005,5480089,5480.089000,17.938394796,0
8167,mapping,iput,98304,1000,1,0,131328,transpose,20261005,5480648,5480.648000,17.936565165,0
8168,mapping,iput,98304,1000,1,0,131328,shuffle,20261005,5481358,5481.358000,17.934241843,0
8169,mapping,iput,98304,1000,1,0,135168,identity,20261005,5480410,5480.410000,17.937344104,0
8170,mapping,iput,98304,1000,1,0,135168,reverse,20261005,5480423,5480.423000,17.937301555,0
8171,mapping,iput,98304,1000,1,0,135168,transpose,20261005,5479951,5479.951000,17.938846533,0
8172,mapping,iput,98304,1000,1,0,135168,shuffle,20261005,5479887,5479.887000,17.939056043,0
8173,mapping,iput,98304,1000,1,0,262144,identity,20261005,5480128,5480.128000,17.938267135,0
8174,mapping,iput,98304,1000,1,0,262144,reverse,20261005,5480409,5480.409000,17.937347377,0
8175,mapping,iput,98304,1000,1,0,262144,transpose,20261005,5480977,5480.977000,17.935488509,0
8176,mapping,iput,98304,1000,1,0,262144,shuffle,20261005,5479717,5479.717000,17.939612575,0
8177,mapping,iput,131072,1000,1,0,131200,identity,20261005,7226050,7226.050000,18.138817196,0
8178,mapping,iput,131072,1000,1,0,131200,reverse,20261005,7226866,7226.866000,18.136769106,0
8179,mapping,iput,131072,1000,1,0,131200,transpose,20261005,7226117,7226.117000,18.138649014,0
8180,mapping,iput,131072,1000,1,0,131200,shuffle,20261005,7226385,7226.385000,18.137976319,0
8181,mapping,iput,131072,1000,1,0,131328,identity,20261005,7225684,7225.684000,18.139735975,0
8182,mapping,iput,131072,1000,1,0,131328,reverse,20261005,7226233,7226.233000,18.138357841,0
8183,mapping,iput,131072,1000,1,0,131328,transpose,20261005,7225626,7225.626000,18.139881583,0
8184,mapping,iput,131072,1000,1,0,131328,shuffle,20261005,7226554,7226.554000,18.137552144,0
8185,mapping,iput,131072,1000,1,0,135168,identity,20261005,7225713,7225.713000,18.139663172,0
8186,mapping,iput,131072,1000,1,0,135168,reverse,20261005,7226675,7226.675000,18.137248458,0
8187,mapping,iput,131072,1000,1,0,135168,transpose,20261005,7226975,7226.975000,18.136495560,0
8188,mapping,iput,131072,1000,1,0,135168,shuffle,20261005,7226580,7226.580000,18.137486889,0
8189,mapping,iput,131072,1000,1,0,262144,identity,20261005,7226106,7226.106000,18.138676626,0
8190,mapping,iput,131072,1000,1,0,262144,reverse,20261005,7225703,7225.703000,18.139688277,0
8191,mapping,iput,131072,1000,1,0,262144,transpose,20261005,7226159,7226.159000,18.138543589,0
8192,mapping,iput,131072,1000,1,0,262144,shuffle,20261005,7227109,7227.109000,18.136159286,0
8193,mapping,iput,64,10000,1,4,131200,identity,20261005,3675085,367.508500,0.174145632,0
8194,mapping,iput,64,10000,1,4,131200,reverse,20261005,3684768,368.476800,0.173688004,0
8195,mapping,iput,64,10000,1,4,131200,transpose,20261005,3677817,367.781700,0.174016271,0
8196,mapping,iput,64,10000,1,4,131200,shuffle,20261005,3673879,367.387900,0.174202798,0
8197,mapping,iput,64,10000,1,4,131328,identity,20261005,3680692,368.069200,0.173880346,0
8198,mapping,iput,64,10000,1,4,131328,reverse,20261005,3656873,365.687300,0.175012914,0
8199,mapping,iput,64,10000,1,4,131328,transpose,20261005,3674830,367.483000,0.174157716,0
8200,mapping,iput,64,10000,1,4,131328,shuffle,20261005,3675659,367.565900,0.174118437,0
8201,mapping,iput,64,10000,1,4,135168,identity,20261005,3678326,367.832600,0.173992191,0
8202,mapping,iput,64,10000,1,4,135168,reverse,20261005,3686670,368.667000,0.173598396,0
8203,mapping,iput,64,10000,1,4,135168,transpose,20261005,3687175,368.717500,0.173574620,0
8204,mapping,iput,64,10000,1,4,135168,shuffle,20261005,3670874,367.087400,0.174345401,0
8205,mapping,iput,64,10000,1,4,262144,identity,20261005,3674667,367.466700,0.174165441,0
8206,mapping,iput,64,10000,1,4,262144,reverse,20261005,3673899,367.389900,0.174201849,0
8207,mapping,iput,64,10000,1,4,262144,transpose,20261005,3679974,367.997400,0.173914272,0
8208,mapping,iput,64,10000,1,4,262144,shuffle,20261005,3668512,366.851200,0.174457655,0
8209,mapping,iput,128,10000,1,4,131200,identity,20261005,3867790,386.779000,0.330938339,0
8210,mapping,iput,128,10000,1,4,131200,reverse,20261005,3706077,370.607700,0.345378685,0
8211,mapping,iput,128,10000,1,4,131200,transpose,20261005,3864902,386.490200,0.331185629,0
8212,mapping,iput,128,10000,1,4,131200,shuffle,20261005,3696707,369.670700,0.346254112,0
8213,mapping,iput,128,10000,1,4,131328,identity,20261005,3851007,385.100700,0.332380596,0
8214,mapping,iput,128,10000,1,4,131328,reverse,20261005,3847618,384.761800,0.332673358,0
8215,mapping,iput,128,10000,1,4,131328,transpose,20261005,3852861,385.286100,0.332220654,0
8216,mapping,iput,128,10000,1,4,131328,shuffle,20261005,3865629,386.562900,0.331123344,0
8217,mapping,iput,128,10000,1,4,135168,identity,20261005,3882858,388.285800,0.329654085,0
8218,mapping,iput,128,10000,1,4,135168,reverse,20261005,3843726,384.372600,0.333010209,0
8219,mapping,iput,128,10000,1,4,135168,transpose,20261005,3860994,386.099400,0.331520847,0
8220,mapping,iput,128,10000,1,4,135168,shuffle,20261005,3848945,384.894500,0.332558662,0
8221,mapping,iput,128,10000,1,4,262144,identity,20261005,3858163,385.816300,0.331764106,0
8222,mapping,iput,128,10000,1,4,262144,reverse,20261005,3856635,385.663500,0.331895551,0
8223,mapping,iput,128,10000,1,4,262144,transpose,20261005,3859170,385.917000,0.331677537,0
8224,mapping,iput,128,10000,1,4,262144,shuffle,20261005,3849096,384.909600,0.332545616,0
8225,mapping,iput,256,10000,1,4,131200,identity,20261005,3726652,372.665200,0.686943670,0
8226,mapping,iput,256,10000,1,4,131200,reverse,20261005,3641617,364.161700,0.702984416,0
8227,mapping,iput,256,10000,1,4,131200,transpose,20261005,3739659,373.965900,0.684554394,0
8228,mapping,iput,256,10000,1,4,131200,shuffle,20261005,3713476,371.347600,0.689381054,0
8229,mapping,iput,256,10000,1,4,131328,identity,20261005,3728101,372.810100,0.686676675,0
8230,mapping,iput,256,10000,1,4,131328,reverse,20261005,4047472,404.747200,0.632493566,0
8231,mapping,iput,256,10000,1,4,131328,transpose,20261005,3723542,372.354200,0.687517423,0
8232,mapping,iput,256,10000,1,4,131328,shuffle,20261005,3724856,372.485600,0.687274891,0
8233,mapping,iput,256,10000,1,4,135168,identity,20261005,3747076,374.707600,0.683199380,0
8234,mapping,iput,256,10000,1,4,135168,reverse,20261005,3724613,372.461300,0.687319730,0
8235,mapping,iput,256,10000,1,4,135168,transpose,20261005,3725368,372.536800,0.687180434,0
8236,mapping,iput,256,10000,1,4,135168,shuffle,20261005,3712244,371.224400,0.689609842,0
8237,mapping,iput,256,10000,1,4,262144,identity,20261005,3731748,373.174800,0.686005593,0
8238,mapping,iput,256,10000,1,4,262144,reverse,20261005,3725803,372.580300,0.687100204,0
8239,mapping,iput,256,10000,1,4,262144,transpose,20261005,3736537,373.653700,0.685126362,0
8240,mapping,iput,256,10000,1,4,262144,shuffle,20261005,3734008,373.400800,0.685590390,0
8241,mapping,iput,4096,1000,1,4,131200,identity,20261005,651195,651.195000,6.289974585,0
8242,mapping,iput,4096,1000,1,4,131200,reverse,20261005,604249,604.249000,6.778662439,0
8243,mapping,iput,4096,1000,1,4,131200,transpose,20261005,654365,654.365000,6.259503488,0
8244,mapping,iput,4096,1000,1,4,131200,shuffle,20261005,614153,614.153000,6.669347866,0
8245,mapping,iput,4096,1000,1,4,131328,identity,20261005,649052,649.052000,6.310742437,0
8246,mapping,iput,4096,1000,1,4,131328,reverse,20261005,616967,616.967000,6.638928824,0
8247,mapping,iput,4096,1000,1,4,131328,transpose,20261005,658637,658.637000,6.218903584,0
8248,mapping,iput,4096,1000,1,4,131328,shuffle,20261005,606096,606.096000,6.758005332,0
8249,mapping,iput,4096,1000,1,4,135168,identity,20261005,651208,651.208000,6.289849019,0
8250,mapping,iput,4096,1000,1,4,135168,reverse,20261005,585726,585.726000,6.993030871,0
8251,mapping,iput,4096,1000,1,4,135168,transpose,20261005,648188,648.188000,6.319154319,0
8252,mapping,iput,4096,1000,1,4,135168,shuffle,20261005,607179,607.179000,6.745951359,0
8253,mapping,iput,4096,1000,1,4,262144,identity,20261005,652168,652.168000,6.280590277,0
8254,mapping,iput,4096,1000,1,4,262144,reverse,20261005,636202,636.202000,6.438206733,0
8255,mapping,iput,4096,1000,1,4,262144,transpose,20261005,648914,648.914000,6.312084498,0
8256,mapping,iput,4096,1000,1,4,262144,shuffle,20261005,643345,643.345000,6.366723920,0
8257,mapping,iput,32768,1000,1,4,131200,identity,20261005,2140499,2140.499000,15.308579915,0
8258,mapping,iput,32768,1000,1,4,131200,reverse,20261005,2154433,2154.433000,15.209570221,0
8259,mapping,iput,32768,1000,1,4,131200,transpose,20261005,2127655,2127.655000,15.400993112,0
8260,mapping,iput,32768,1000,1,4,131200,shuffle,20261005,2137358,2137.358000,15.331076965,0
8261,mapping,iput,32768,1000,1,4,131328,identity,20261005,2125221,2125.221000,15.418631756,0
8262,mapping,iput,32768,1000,1,4,131328,reverse,20261005,2094006,2094.006000,15.648474742,0
8263,mapping,iput,32768,1000,1,4,131328,transpose,20261005,2133300,2133.300000,15.360240004,0
8264,mapping,iput,32768,1000,1,4,131328,shuffle,20261005,2132841,2132.841000,15.363545618,0
8265,mapping,iput,32768,1000,1,4,135168,identity,20261005,2125431,2125.431000,15.417108342,0
8266,mapping,iput,32768,1000,1,4,135168,reverse,20261005,2097820,2097.820000,15.620024597,0
8267,mapping,iput,32768,1000,1,4,135168,transpose,20261005,2120747,2120.747000,15.451159426,0
8268,mapping,iput,32768,1000,1,4,135168,shuffle,20261005,2108125,2108.125000,15.543670323,0
8269,mapping,iput,32768,1000,1,4,262144,identity,20261005,2127795,2127.795000,15.399979791,0
8270,mapping,iput,32768,1000,1,4,262144,reverse,20261005,2113274,2113.274000,15.505798112,0
8271,mapping,iput,32768,1000,1,4,262144,transpose,20261005,2135350,2135.350000,15.345493713,0
8272,mapping,iput,32768,1000,1,4,262144,shuffle,20261005,2125907,2125.907000,15.413656383,0
8273,mapping,iput,65536,1000,1,4,131200,identity,20261005,3741214,3741.214000,17.517308553,0
8274,mapping,iput,65536,1000,1,4,131200,reverse,20261005,3743957,3743.957000,17.504474544,0
8275,mapping,iput,65536,1000,1,4,131200,transpose,20261005,3740718,3740.718000,17.519631258,0
8276,mapping,iput,65536,1000,1,4,131200,shuffle,20261005,3743170,3743.170000,17.508154853,0
8277,mapping,iput,65536,1000,1,4,131328,identity,20261005,3740111,3740.111000,17.522474600,0
8278,mapping,iput,65536,1000,1,4,131328,reverse,20261005,3741256,3741.256000,17.517111900,0
8279,mapping,iput,65536,1000,1,4,131328,transpose,20261005,3740935,3740.935000,17.518614999,0
8280,mapping,iput,65536,1000,1,4,131328,shuffle,20261005,3741653,3741.653000,17.515253285,0
8281,mapping,iput,65536,1000,1,4,135168,identity,20261005,3740073,3740.073000,17.522652633,0
8282,mapping,iput,65536,1000,1,4,135168,reverse,20261005,3741382,3741.382000,17.516521970,0
8283,mapping,iput,65536,1000,1,4,135168,transpose,20261005,3741316,3741.316000,17.516830976,0
8284,mapping,iput,65536,1000,1,4,135168,shuffle,20261005,3741794,3741.794000,17.514593267,0
8285,mapping,iput,65536,1000,1,4,262144,identity,20261005,3740105,3740.105000,17.522502710,0
8286,mapping,iput,65536,1000,1,4,262144,reverse,20261005,3741142,3741.142000,17.517645681,0
8287,mapping,iput,65536,1000,1,4,262144,transpose,20261005,3740888,3740.888000,17.518835100,0
8288,mapping,iput,65536,1000,1,4,262144,shuffle,20261005,3740981,3740.981000,17.518399586,0
8289,mapping,iput,98304,1000,1,4,131200,identity,20261005,5485893,5485.893000,17.919416219,0
8290,mapping,iput,98304,1000,1,4,131200,reverse,20261005,5489952,5489.952000,17.906167486,0
8291,mapping,iput,98304,1000,1,4,131200,transpose,20261005,5486532,5486.532000,17.917329198,0
8292,mapping,iput,98304,1000,1,4,131200,shuffle,20261005,5488255,5488.255000,17.911704176,0
8293,mapping,iput,98304,1000,1,4,131328,identity,20261005,5487159,5487.159000,17.915281843,0
8294,mapping,iput,98304,1000,1,4,131328,reverse,20261005,5487592,5487.592000,17.913868232,0
8295,mapping,iput,98304,1000,1,4,131328,transpose,20261005,5486363,5486.363000,17.917881117,0
8296,mapping,iput,98304,1000,1,4,131328,shuffle,20261005,5487577,5487.577000,17.913917199,0
8297,mapping,iput,98304,1000,1,4,135168,identity,20261005,5485803,5485.803000,17.919710205,0
8298,mapping,iput,98304,1000,1,4,135168,reverse,20261005,5485655,5485.655000,17.920193669,0
8299,mapping,iput,98304,1000,1,4,135168,transpose,20261005,5486060,5486.060000,17.918870738,0
8300,mapping,iput,98304,1000,1,4,135168,shuffle,20261005,5486764,5486.764000,17.916571589,0
8301,mapping,iput,98304,1000,1,4,262144,identity,20261005,5486625,5486.625000,17.917025494,0
8302,mapping,iput,98304,1000,1,4,262144,reverse,20261005,5486615,5486.615000,17.917058150,0
8303,mapping,iput,98304,1000,1,4,262144,transpose,20261005,5487011,5487.011000,17.915765068,0
8304,mapping,iput,98304,1000,1,4,262144,shuffle,20261005,5486359,5486.359000,17.917894181,0
8305,mapping,iput,131072,1000,1,4,131200,identity,20261005,7231982,7231.982000,18.123938915,0
8306,mapping,iput,131072,1000,1,4,131200,reverse,20261005,7234196,7234.196000,18.118392148,0
8307,mapping,iput,131072,1000,1,4,131200,transpose,20261005,7231767,7231.767000,18.124477738,0
8308,mapping,iput,131072,1000,1,4,131200,shuffle,20261005,7234495,7234.495000,18.117643319,0
8309,mapping,iput,131072,1000,1,4,131328,identity,20261005,7232235,7232.235000,18.123304898,0
8310,mapping,iput,131072,1000,1,4,131328,reverse,20261005,7232986,7232.986000,18.121423158,0
8311,mapping,iput,131072,1000,1,4,131328,transpose,20261005,7232117,7232.117000,18.123600600,0
8312,mapping,iput,131072,1000,1,4,131328,shuffle,20261005,7232991,7232.991000,18.121410631,0
8313,mapping,iput,131072,1000,1,4,135168,identity,20261005,7233332,7233.332000,18.120556336,0
8314,mapping,iput,131072,1000,1,4,135168,reverse,20261005,7232278,7232.278000,18.123197145,0
8315,mapping,iput,131072,1000,1,4,135168,transpose,20261005,7233252,7233.252000,18.120756750,0
8316,mapping,iput,131072,1000,1,4,135168,shuffle,20261005,7233481,7233.481000,18.120183076,0
8317,mapping,iput,131072,1000,1,4,262144,identity,20261005,7232495,7232.495000,18.122653386,0
8318,mapping,iput,131072,1000,1,4,262144,reverse,20261005,7233336,7233.336000,18.120546315,0
8319,mapping,iput,131072,1000,1,4,262144,transpose,20261005,7232625,7232.625000,18.122327647,0
8320,mapping,iput,131072,1000,1,4,262144,shuffle,20261005,7233382,7233.382000,18.120431079,0
8321,mapping,iput,64,10000,2,0,131200,identity,20261005,2340440,234.044000,0.546905710,0
8322,mapping,iput,64,10000,2,0,131200,reverse,20261005,2349524,234.952400,0.544791200,0
8323,mapping,iput,64,10000,2,0,131200,transpose,20261005,2342218,234.221800,0.546490549,0
8324,mapping,iput,64,10000,2,0,131200,shuffle,20261005,2356950,235.695000,0.543074736,0
8325,mapping,iput,64,10000,2,0,131328,identity,20261005,2348420,234.842000,0.545047308,0
8326,mapping,iput,64,10000,2,0,131328,reverse,20261005,2356746,235.674600,0.543121745,0
8327,mapping,iput,64,10000,2,0,131328,transpose,20261005,3722470,372.247000,0.343857707,0
8328,mapping,iput,64,10000,2,0,131328,shuffle,20261005,2349444,234.944400,0.544809751,0
8329,mapping,iput,64,10000,2,0,135168,identity,20261005,2342320,234.232000,0.546466751,0
8330,mapping,iput,64,10000,2,0,135168,reverse,20261005,2346004,234.600400,0.545608618,0
8331,mapping,iput,64,10000,2,0,135168,transpose,20261005,2340816,234.081600,0.546817862,0
8332,mapping,iput,64,10000,2,0,135168,shuffle,20261005,2342838,234.283800,0.546345927,0
8333,mapping,iput,64,10000,2,0,262144,identity,20261005,2342708,234.270800,0.546376245,0
8334,mapping,iput,64,10000,2,0,262144,reverse,20261005,2342374,234.237400,0.546454153,0
8335,mapping,iput,64,10000,2,0,262144,transpose,20261005,2341543,234.154300,0.546648086,0
8336,mapping,iput,64,10000,2,0,262144,shuffle,20261005,2341756,234.175600,0.546598365,0
8337,mapping,iput,128,10000,2,0,131200,identity,20261005,2400667,240.066700,1.066370305,0
8338,mapping,iput,128,10000,2,0,131200,reverse,20261005,2406832,240.683200,1.063638841,0
8339,mapping,iput,128,10000,2,0,131200,transpose,20261005,2400942,240.094200,1.066248164,0
8340,mapping,iput,128,10000,2,0,131200,shuffle,20261005,2409036,240.903600,1.062665730,0
8341,mapping,iput,128,10000,2,0,131328,identity,20261005,2407086,240.708600,1.063526604,0
8342,mapping,iput,128,10000,2,0,131328,reverse,20261005,2405291,240.529100,1.064320284,0
8343,mapping,iput,128,10000,2,0,131328,transpose,20261005,2400062,240.006200,1.066639112,0
8344,mapping,iput,128,10000,2,0,131328,shuffle,20261005,2406428,240.642800,1.063817409,0
8345,mapping,iput,128,10000,2,0,135168,identity,20261005,2400531,240.053100,1.066430719,0
8346,mapping,iput,128,10000,2,0,135168,reverse,20261005,2402653,240.265300,1.065488858,0
8347,mapping,iput,128,10000,2,0,135168,transpose,20261005,2400121,240.012100,1.066612892,0
8348,mapping,iput,128,10000,2,0,135168,shuffle,20261005,2400574,240.057400,1.066411617,0
8349,mapping,iput,128,10000,2,0,262144,identity,20261005,2400812,240.081200,1.066305900,0
8350,mapping,iput,128,10000,2,0,262144,reverse,20261005,2400733,240.073300,1.066340988,0
8351,mapping,iput,128,10000,2,0,262144,transpose,20261005,2401839,240.183900,1.065849959,0
8352,mapping,iput,128,10000,2,0,262144,shuffle,20261005,2400099,240.009900,1.066622668,0
8353,mapping,iput,256,10000,2,0,131200,identity,20261005,2467156,246.715600,2.075263988,0
8354,mapping,iput,256,10000,2,0,131200,reverse,20261005,2467996,246.799600,2.074557657,0
8355,mapping,iput,256,10000,2,0,131200,transpose,20261005,2462208,246.220800,2.079434394,0
8356,mapping,iput,256,10000,2,0,131200,shuffle,20261005,2468812,246.881200,2.073871968,0
8357,mapping,iput,256,10000,2,0,131328,identity,20261005,2469397,246.939700,2.073380667,0
8358,mapping,iput,256,10000,2,0,131328,reverse,20261005,2469413,246.941300,2.073367233,0
8359,mapping,iput,256,10000,2,0,131328,transpose,20261005,2462166,246.216600,2.079469865,0
8360,mapping,iput,256,10000,2,0,131328,shuffle,20261005,2470377,247.037700,2.072558156,0
8361,mapping,iput,256,10000,2,0,135168,identity,20261005,2460729,246.072900,2.080684220,0
8362,mapping,iput,256,10000,2,0,135168,reverse,20261005,2462855,246.285500,2.078888120,0
8363,mapping,iput,256,10000,2,0,135168,transpose,20261005,2460492,246.049200,2.080884636,0
8364,mapping,iput,256,10000,2,0,135168,shuffle,20261005,2463004,246.300400,2.078762357,0
8365,mapping,iput,256,10000,2,0,262144,identity,20261005,2461883,246.188300,2.079708906,0
8366,mapping,iput,256,10000,2,0,262144,reverse,20261005,2462246,246.224600,2.079402302,0
8367,mapping,iput,256,10000,2,0,262144,transpose,20261005,2462652,246.265200,2.079059485,0
8368,mapping,iput,256,10000,2,0,262144,shuffle,20261005,2461422,246.142200,2.080098415,0
8369,mapping,iput,4096,1000,2,0,131200,identity,20261005,464878,464.878000,17.621827662,0
8370,mapping,iput,4096,1000,2,0,131200,reverse,20261005,464191,464.191000,17.647907866,0
8371,mapping,iput,4096,1000,2,0,131200,transpose,20261005,467741,467.741000,17.513966062,0
8372,mapping,iput,4096,1000,2,0,131200,shuffle,20261005,469522,469.522000,17.447531745,0
8373,mapping,iput,4096,1000,2,0,131328,identity,20261005,464508,464.508000,17.635864183,0
8374,mapping,iput,4096,1000,2,0,131328,reverse,20261005,464951,464.951000,17.619060933,0
8375,mapping,iput,4096,1000,2,0,131328,transpose,20261005,466305,466.305000,17.567900837,0
8376,mapping,iput,4096,1000,2,0,131328,shuffle,20261005,466068,466.068000,17.576834282,0
8377,mapping,iput,4096,1000,2,0,135168,identity,20261005,464894,464.894000,17.621221182,0
8378,mapping,iput,4096,1000,2,0,135168,reverse,20261005,464255,464.255000,17.645475008,0
8379,mapping,iput,4096,1000,2,0,135168,transpose,20261005,466448,466.448000,17.562515007,0
8380,mapping,iput,4096,1000,2,0,135168,shuffle,20261005,467045,467.045000,17.540065732,0
8381,mapping,iput,4096,1000,2,0,262144,identity,20261005,466665,466.665000,17.554348408,0
8382,mapping,iput,4096,1000,2,0,262144,reverse,20261005,466050,466.050000,17.577513142,0
8383,mapping,iput,4096,1000,2,0,262144,transpose,20261005,467815,467.815000,17.511195665,0
8384,mapping,iput,4096,1000,2,0,262144,shuffle,20261005,466681,466.681000,17.553746563,0
8385,mapping,iput,32768,1000,2,0,131200,identity,20261005,3505257,3505.257000,18.696489302,0
8386,mapping,iput,32768,1000,2,0,131200,reverse,20261005,3505885,3505.885000,18.693140248,0
8387,mapping,iput,32768,1000,2,0,131200,transpose,20261005,3512693,3512.693000,18.656910809,0
8388,mapping,iput,32768,1000,2,0,131200,shuffle,20261005,3510756,3510.756000,18.667204443,0
8389,mapping,iput,32768,1000,2,0,131328,identity,20261005,3504902,3504.902000,18.698383008,0
8390,mapping,iput,32768,1000,2,0,131328,reverse,20261005,3507005,3507.005000,18.687170392,0
8391,mapping,iput,32768,1000,2,0,131328,transpose,20261005,3506832,3506.832000,18.688092272,0
8392,mapping,iput,32768,1000,2,0,131328,shuffle,20261005,3510018,3510.018000,18.671129322,0
8393,mapping,iput,32768,1000,2,0,135168,identity,20261005,3505239,3505.239000,18.696585311,0
8394,mapping,iput,32768,1000,2,0,135168,reverse,20261005,3506254,3506.254000,18.691172973,0
8395,mapping,iput,32768,1000,2,0,135168,transpose,20261005,3508578,3508.578000,18.678792377,0
8396,mapping,iput,32768,1000,2,0,135168,shuffle,20261005,3508867,3508.867000,18.677253940,0
8397,mapping,iput,32768,1000,2,0,262144,identity,20261005,3508306,3508.306000,18.680240549,0
8398,mapping,iput,32768,1000,2,0,262144,reverse,20261005,3526383,3526.383000,18.584481606,0
8399,mapping,iput,32768,1000,2,0,262144,transpose,20261005,3514842,3514.842000,18.645503838,0
8400,mapping,iput,32768,1000,2,0,262144,shuffle,20261005,3511482,3511.482000,18.663344992,0
8401,mapping,iput,65536,1000,2,0,131200,identity,20261005,6997715,6997.715000,18.730685660,0
8402,mapping,iput,65536,1000,2,0,131200,reverse,20261005,6997896,6997.896000,18.730201192,0
8403,mapping,iput,65536,1000,2,0,131200,transpose,20261005,7002864,7002.864000,18.716913537,0
8404,mapping,iput,65536,1000,2,0,131200,shuffle,20261005,7002033,7002.033000,18.719134857,0
8405,mapping,iput,65536,1000,2,0,131328,identity,20261005,6996560,6996.560000,18.733777742,0
8406,mapping,iput,65536,1000,2,0,131328,reverse,20261005,6998227,6998.227000,18.729315297,0
8407,mapping,iput,65536,1000,2,0,131328,transpose,20261005,7002475,7002.475000,18.717953295,0
8408,mapping,iput,65536,1000,2,0,131328,shuffle,20261005,7005693,7005.693000,18.709355377,0
8409,mapping,iput,65536,1000,2,0,135168,identity,20261005,6996699,6996.699000,18.733405567,0
8410,mapping,iput,65536,1000,2,0,135168,reverse,20261005,6997241,6997.241000,18.731954495,0
8411,mapping,iput,65536,1000,2,0,135168,transpose,20261005,7001376,7001.376000,18.720891436,0
8412,mapping,iput,65536,1000,2,0,135168,shuffle,20261005,7001431,7001.431000,18.720744374,0
8413,mapping,iput,65536,1000,2,0,262144,identity,20261005,7001983,7001.983000,18.719268527,0
8414,mapping,iput,65536,1000,2,0,262144,reverse,20261005,7003575,7003.575000,18.715013404,0
8415,mapping,iput,65536,1000,2,0,262144,transpose,20261005,7003627,7003.627000,18.714874450,0
8416,mapping,iput,65536,1000,2,0,262144,shuffle,20261005,7003746,7003.746000,18.714556467,0
8417,mapping,iput,98304,1000,2,0,131200,identity,20261005,10487509,10487.509000,18.746873066,0
8418,mapping,iput,98304,1000,2,0,131200,reverse,20261005,10487312,10487.312000,18.747225218,0
8419,mapping,iput,98304,1000,2,0,131200,transpose,20261005,10491651,10491.651000,18.739471986,0
8420,mapping,iput,98304,1000,2,0,131200,shuffle,20261005,10492916,10492.916000,18.737212801,0
8421,mapping,iput,98304,1000,2,0,131328,identity,20261005,10487831,10487.831000,18.746297495,0
8422,mapping,iput,98304,1000,2,0,131328,reverse,20261005,10489454,10489.454000,18.743396939,0
8423,mapping,iput,98304,1000,2,0,131328,transpose,20261005,10490419,10490.419000,18.741672759,0
8424,mapping,iput,98304,1000,2,0,131328,shuffle,20261005,10492064,10492.064000,18.738734342,0
8425,mapping,iput,98304,1000,2,0,135168,identity,20261005,10487598,10487.598000,18.746713976,0
8426,mapping,iput,98304,1000,2,0,135168,reverse,20261005,10488305,10488.305000,18.745450290,0
8427,mapping,iput,98304,1000,2,0,135168,transpose,20261005,10491676,10491.676000,18.739427333,0
8428,mapping,iput,98304,1000,2,0,135168,shuffle,20261005,10492386,10492.386000,18.738159271,0
8429,mapping,iput,98304,1000,2,0,262144,identity,20261005,10490777,10490.777000,18.741033195,0
8430,mapping,iput,98304,1000,2,0,262144,reverse,20261005,10490767,10490.767000,18.741051059,0
8431,mapping,iput,98304,1000,2,0,262144,transpose,20261005,10492072,10492.072000,18.738720055,0
8432,mapping,iput,98304,1000,2,0,262144,shuffle,20261005,10492897,10492.897000,18.737246730,0
8433,mapping,iput,131072,1000,2,0,131200,identity,20261005,13981181,13981.181000,18.749775144,0
8434,mapping,iput,131072,1000,2,0,131200,reverse,20261005,13978930,13978.930000,18.752794384,0
8435,mapping,iput,131072,1000,2,0,131200,transpose,20261005,13981601,13981.601000,18.749211911,0
8436,mapping,iput,131072,1000,2,0,131200,shuffle,20261005,13982707,13982.707000,18.747728891,0
8437,mapping,iput,131072,1000,2,0,131328,identity,20261005,13978827,13978.827000,18.752932560,0
8438,mapping,iput,131072,1000,2,0,131328,reverse,20261005,13979942,13979.942000,18.751436880,0
8439,mapping,iput,131072,1000,2,0,131328,transpose,20261005,13982730,13982.730000,18.747698053,0
8440,mapping,iput,131072,1000,2,0,131328,shuffle,20261005,13982934,13982.934000,18.747424539,0
8441,mapping,iput,131072,1000,2,0,135168,identity,20261005,13981164,13981.164000,18.749797942,0
8442,mapping,iput,131072,1000,2,0,135168,reverse,20261005,13979868,13979.868000,18.751536138,0
8443,mapping,iput,131072,1000,2,0,135168,transpose,20261005,13982261,13982.261000,18.748326898,0
8444,mapping,iput,131072,1000,2,0,135168,shuffle,20261005,13980980,13980.980000,18.750044704,0
8445,mapping,iput,131072,1000,2,0,262144,identity,20261005,13981698,13981.698000,18.749081835,0
8446,mapping,iput,131072,1000,2,0,262144,reverse,20261005,13982522,13982.522000,18.747976939,0
8447,mapping,iput,131072,1000,2,0,262144,transpose,20261005,13982123,13982.123000,18.748511939,0
8448,mapping,iput,131072,1000,2,0,262144,shuffle,20261005,13981961,13981.961000,18.748729166,0
8449,mapping,iput,64,10000,2,4,131200,identity,20261005,3707057,370.705700,0.345287380,0
8450,mapping,iput,64,10000,2,4,131200,reverse,20261005,3723442,372.344200,0.343767944,0
8451,mapping,iput,64,10000,2,4,131200,transpose,20261005,4056878,405.687800,0.315513555,0
8452,mapping,iput,64,10000,2,4,131200,shuffle,20261005,3668228,366.822800,0.348942323,0
8453,mapping,iput,64,10000,2,4,131328,identity,20261005,3699392,369.939200,0.346002803,0
8454,mapping,iput,64,10000,2,4,131328,reverse,20261005,4484464,448.446400,0.285429875,0
8455,mapping,iput,64,10000,2,4,131328,transpose,20261005,7403910,740.391000,0.172881626,0
8456,mapping,iput,64,10000,2,4,131328,shuffle,20261005,3678767,367.876700,0.347942667,0
8457,mapping,iput,64,10000,2,4,135168,identity,20261005,3711249,371.124900,0.344897365,0
8458,mapping,iput,64,10000,2,4,135168,reverse,20261005,3724998,372.499800,0.343624346,0
8459,mapping,iput,64,10000,2,4,135168,transpose,20261005,3722621,372.262100,0.343843760,0
8460,mapping,iput,64,10000,2,4,135168,shuffle,20261005,3714068,371.406800,0.344635586,0
8461,mapping,iput,64,10000,2,4,262144,identity,20261005,3671554,367.155400,0.348626222,0
8462,mapping,iput,64,10000,2,4,262144,reverse,20261005,3691545,369.154500,0.346738290,0
8463,mapping,iput,64,10000,2,4,262144,transpose,20261005,3718029,371.802900,0.344268428,0
8464,mapping,iput,64,10000,2,4,262144,shuffle,20261005,3738478,373.847800,0.342385324,0
8465,mapping,iput,128,10000,2,4,131200,identity,20261005,4187337,418.733700,0.611367081,0
8466,mapping,iput,128,10000,2,4,131200,reverse,20261005,4156471,415.647100,0.615907100,0
8467,mapping,iput,128,10000,2,4,131200,transpose,20261005,4297904,429.790400,0.595639177,0
8468,mapping,iput,128,10000,2,4,131200,shuffle,20261005,4097221,409.722100,0.624813746,0
8469,mapping,iput,128,10000,2,4,131328,identity,20261005,4094847,409.484700,0.625175983,0
8470,mapping,iput,128,10000,2,4,131328,reverse,20261005,6583725,658.372500,0.388837626,0
8471,mapping,iput,128,10000,2,4,131328,transpose,20261005,7581147,758.114700,0.337679773,0
8472,mapping,iput,128,10000,2,4,131328,shuffle,20261005,4047762,404.776200,0.632448252,0
8473,mapping,iput,128,10000,2,4,135168,identity,20261005,4058714,405.871400,0.630741659,0
8474,mapping,iput,128,10000,2,4,135168,reverse,20261005,3909091,390.909100,0.654883706,0
8475,mapping,iput,128,10000,2,4,135168,transpose,20261005,3900045,390.004500,0.656402683,0
8476,mapping,iput,128,10000,2,4,135168,shuffle,20261005,4008705,400.870500,0.638610224,0
8477,mapping,iput,128,10000,2,4,262144,identity,20261005,4037596,403.759600,0.634040652,0
8478,mapping,iput,128,10000,2,4,262144,reverse,20261005,3985853,398.585300,0.642271554,0
8479,mapping,iput,128,10000,2,4,262144,transpose,20261005,4017415,401.741500,0.637225679,0
8480,mapping,iput,128,10000,2,4,262144,shuffle,20261005,3907335,390.733500,0.655178018,0
8481,mapping,iput,256,10000,2,4,131200,identity,20261005,3806279,380.627900,1.345145745,0
8482,mapping,iput,256,10000,2,4,131200,reverse,20261005,4109187,410.918700,1.245988562,0
8483,mapping,iput,256,10000,2,4,131200,transpose,20261005,4100891,410.089100,1.248509165,0
8484,mapping,iput,256,10000,2,4,131200,shuffle,20261005,3910272,391.027200,1.309371829,0
8485,mapping,iput,256,10000,2,4,131328,identity,20261005,3761644,376.164400,1.361107005,0
8486,mapping,iput,256,10000,2,4,131328,reverse,20261005,6185650,618.565000,0.827722228,0
8487,mapping,iput,256,10000,2,4,131328,transpose,20261005,8000731,800.073100,0.639941525,0
8488,mapping,iput,256,10000,2,4,131328,shuffle,20261005,5725835,572.583500,0.894192725,0
8489,mapping,iput,256,10000,2,4,135168,identity,20261005,3789272,378.927200,1.351183024,0
8490,mapping,iput,256,10000,2,4,135168,reverse,20261005,4344539,434.453900,1.178490975,0
8491,mapping,iput,256,10000,2,4,135168,transpose,20261005,3789732,378.973200,1.351019017,0
8492,mapping,iput,256,10000,2,4,135168,shuffle,20261005,3787481,378.748100,1.351821963,0
8493,mapping,iput,256,10000,2,4,262144,identity,20261005,3809011,380.901100,1.344180944,0
8494,mapping,iput,256,10000,2,4,262144,reverse,20261005,3785273,378.527300,1.352610499,0
8495,mapping,iput,256,10000,2,4,262144,transpose,20261005,3782087,378.208700,1.353749927,0
8496,mapping,iput,256,10000,2,4,262144,shuffle,20261005,3790433,379.043300,1.350769160,0
8497,mapping,iput,4096,1000,2,4,131200,identity,20261005,922290,922.290000,8.882238775,0
8498,mapping,iput,4096,1000,2,4,131200,reverse,20261005,902857,902.857000,9.073419157,0
8499,mapping,iput,4096,1000,2,4,131200,transpose,20261005,1139576,1139.576000,7.188638581,0
8500,mapping,iput,4096,1000,2,4,131200,shuffle,20261005,1120577,1120.577000,7.310519491,0
8501,mapping,iput,4096,1000,2,4,131328,identity,20261005,907462,907.462000,9.027375251,0
8502,mapping,iput,4096,1000,2,4,131328,reverse,20261005,1038218,1038.218000,7.890443048,0
8503,mapping,iput,4096,1000,2,4,131328,transpose,20261005,1464348,1464.348000,5.594298623,0
8504,mapping,iput,4096,1000,2,4,131328,shuffle,20261005,1271584,1271.584000,6.442358507,0
8505,mapping,iput,4096,1000,2,4,135168,identity,20261005,933150,933.150000,8.778867278,0
8506,mapping,iput,4096,1000,2,4,135168,reverse,20261005,866090,866.090000,9.458601300,0
8507,mapping,iput,4096,1000,2,4,135168,transpose,20261005,1056479,1056.479000,7.754058528,0
8508,mapping,iput,4096,1000,2,4,135168,shuffle,20261005,1120186,1120.186000,7.313071222,0
8509,mapping,iput,4096,1000,2,4,262144,identity,20261005,1109594,1109.594000,7.382880585,0
8510,mapping,iput,4096,1000,2,4,262144,reverse,20261005,1080196,1080.196000,7.583808864,0
8511,mapping,iput,4096,1000,2,4,262144,transpose,20261005,1130499,1130.499000,7.246357582,0
8512,mapping,iput,4096,1000,2,4,262144,shuffle,20261005,1051937,1051.937000,7.787538607,0
8513,mapping,iput,32768,1000,2,4,131200,identity,20261005,3545564,3545.564000,18.483942188,0
8514,mapping,iput,32768,1000,2,4,131200,reverse,20261005,3570774,3570.774000,18.353443819,0
8515,mapping,iput,32768,1000,2,4,131200,transpose,20261005,3589853,3589.853000,18.255900729,0
8516,mapping,iput,32768,1000,2,4,131200,shuffle,20261005,3582409,3582.409000,18.293835238,0
8517,mapping,iput,32768,1000,2,4,131328,identity,20261005,3540464,3540.464000,18.510568106,0
8518,mapping,iput,32768,1000,2,4,131328,reverse,20261005,4471234,4471.234000,14.657251220,0
8519,mapping,iput,32768,1000,2,4,131328,transpose,20261005,3974302,3974.302000,16.489939617,0
8520,mapping,iput,32768,1000,2,4,131328,shuffle,20261005,3585999,3585.999000,18.275520992,0
8521,mapping,iput,32768,1000,2,4,135168,identity,20261005,3544584,3544.584000,18.489052594,0
8522,mapping,iput,32768,1000,2,4,135168,reverse,20261005,3542009,3542.009000,18.502493924,0
8523,mapping,iput,32768,1000,2,4,135168,transpose,20261005,3570537,3570.537000,18.354662058,0
8524,mapping,iput,32768,1000,2,4,135168,shuffle,20261005,3567609,3567.609000,18.369726055,0
8525,mapping,iput,32768,1000,2,4,262144,identity,20261005,3569197,3569.197000,18.361553033,0
8526,mapping,iput,32768,1000,2,4,262144,reverse,20261005,3565463,3565.463000,18.380782524,0
8527,mapping,iput,32768,1000,2,4,262144,transpose,20261005,3568856,3568.856000,18.363307458,0
8528,mapping,iput,32768,1000,2,4,262144,shuffle,20261005,3569337,3569.337000,18.360832838,0
8529,mapping,iput,65536,1000,2,4,131200,identity,20261005,7011668,7011.668000,18.693412181,0
8530,mapping,iput,65536,1000,2,4,131200,reverse,20261005,7012266,7012.266000,18.691818023,0
8531,mapping,iput,65536,1000,2,4,131200,transpose,20261005,7020119,7020.119000,18.670908570,0
8532,mapping,iput,65536,1000,2,4,131200,shuffle,20261005,7021754,7021.754000,18.666561090,0
8533,mapping,iput,65536,1000,2,4,131328,identity,20261005,7012146,7012.146000,18.692137899,0
8534,mapping,iput,65536,1000,2,4,131328,reverse,20261005,7036689,7036.689000,18.626942302,0
8535,mapping,iput,65536,1000,2,4,131328,transpose,20261005,7032816,7032.816000,18.637200234,0
8536,mapping,iput,65536,1000,2,4,131328,shuffle,20261005,7022601,7022.601000,18.664309705,0
8537,mapping,iput,65536,1000,2,4,135168,identity,20261005,7011268,7011.268000,18.694478659,0
8538,mapping,iput,65536,1000,2,4,135168,reverse,20261005,7012890,7012.890000,18.690154843,0
8539,mapping,iput,65536,1000,2,4,135168,transpose,20261005,7021453,7021.453000,18.667361300,0
8540,mapping,iput,65536,1000,2,4,135168,shuffle,20261005,7018420,7018.420000,18.675428373,0
8541,mapping,iput,65536,1000,2,4,262144,identity,20261005,7022649,7022.649000,18.664182134,0
8542,mapping,iput,65536,1000,2,4,262144,reverse,20261005,7019982,7019.982000,18.671272946,0
8543,mapping,iput,65536,1000,2,4,262144,transpose,20261005,7024786,7024.786000,18.658504330,0
8544,mapping,iput,65536,1000,2,4,262144,shuffle,20261005,7018983,7018.983000,18.673930397,0
8545,mapping,iput,98304,1000,2,4,131200,identity,20261005,10499609,10499.609000,18.725268722,0
8546,mapping,iput,98304,1000,2,4,131200,reverse,20261005,10500637,10500.637000,18.723435540,0
8547,mapping,iput,98304,1000,2,4,131200,transpose,20261005,10506400,10506.400000,18.713165309,0
8548,mapping,iput,98304,1000,2,4,131200,shuffle,20261005,10506856,10506.856000,18.712353153,0
8549,mapping,iput,98304,1000,2,4,131328,identity,20261005,10499069,10499.069000,18.726231821,0
8550,mapping,iput,98304,1000,2,4,131328,reverse,20261005,10503649,10503.649000,18.718066455,0
8551,mapping,iput,98304,1000,2,4,131328,transpose,20261005,10507402,10507.402000,18.711380796,0
8552,mapping,iput,98304,1000,2,4,131328,shuffle,20261005,10508238,10508.238000,18.709892182,0
8553,mapping,iput,98304,1000,2,4,135168,identity,20261005,10503359,10503.359000,18.718583265,0
8554,mapping,iput,98304,1000,2,4,135168,reverse,20261005,10498314,10498.314000,18.727578543,0
8555,mapping,iput,98304,1000,2,4,135168,transpose,20261005,10508039,10508.039000,18.710246507,0
8556,mapping,iput,98304,1000,2,4,135168,shuffle,20261005,10506504,10506.504000,18.712980074,0
8557,mapping,iput,98304,1000,2,4,262144,identity,20261005,10504481,10504.481000,18.716583904,0
8558,mapping,iput,98304,1000,2,4,262144,reverse,20261005,10504731,10504.731000,18.716138471,0
8559,mapping,iput,98304,1000,2,4,262144,transpose,20261005,10505481,10505.481000,18.714802302,0
8560,mapping,iput,98304,1000,2,4,262144,shuffle,20261005,10507033,10507.033000,18.712037927,0
8561,mapping,iput,131072,1000,2,4,131200,identity,20261005,13990126,13990.126000,18.737786922,0
8562,mapping,iput,131072,1000,2,4,131200,reverse,20261005,13993123,13993.123000,18.733773726,0
8563,mapping,iput,131072,1000,2,4,131200,transpose,20261005,13996825,13996.825000,18.728818857,0
8564,mapping,iput,131072,1000,2,4,131200,shuffle,20261005,13998615,13998.615000,18.726424007,0
8565,mapping,iput,131072,1000,2,4,131328,identity,20261005,13991229,13991.229000,18.736309727,0
8566,mapping,iput,131072,1000,2,4,131328,reverse,20261005,13992661,13992.661000,18.734392265,0
8567,mapping,iput,131072,1000,2,4,131328,transpose,20261005,13995619,13995.619000,18.730432716,0
8568,mapping,iput,131072,1000,2,4,131328,shuffle,20261005,13996397,13996.397000,18.729391571,0
8569,mapping,iput,131072,1000,2,4,135168,identity,20261005,13992902,13992.902000,18.734069602,0
8570,mapping,iput,131072,1000,2,4,135168,reverse,20261005,13991136,13991.136000,18.736434268,0
8571,mapping,iput,131072,1000,2,4,135168,transpose,20261005,13995426,13995.426000,18.730691013,0
8572,mapping,iput,131072,1000,2,4,135168,shuffle,20261005,13994016,13994.016000,18.732578268,0
8573,mapping,iput,131072,1000,2,4,262144,identity,20261005,13995298,13995.298000,18.730862322,0
8574,mapping,iput,131072,1000,2,4,262144,reverse,20261005,13995501,13995.501000,18.730590638,0
8575,mapping,iput,131072,1000,2,4,262144,transpose,20261005,13994061,13994.061000,18.732518030,0
8576,mapping,iput,131072,1000,2,4,262144,shuffle,20261005,13994397,13994.397000,18.732068270,0
8577,mapping,iput,64,10000,4,0,131200,identity,20261005,3753770,375.377000,0.681981048,0
8578,mapping,iput,64,10000,4,0,131200,reverse,20261005,3747371,374.737100,0.683145597,0
8579,mapping,iput,64,10000,4,0,131200,transpose,20261005,2356322,235.632200,1.086438950,0
8580,mapping,iput,64,10000,4,0,131200,shuffle,20261005,2374192,237.419200,1.078261573,0
8581,mapping,iput,64,10000,4,0,131328,identity,20261005,3880014,388.001400,0.659791434,0
8582,mapping,iput,64,10000,4,0,131328,reverse,20261005,4587167,458.716700,0.558078657,0
8583,mapping,iput,64,10000,4,0,131328,transpose,20261005,3824898,382.489800,0.669298894,0
8584,mapping,iput,64,10000,4,0,131328,shuffle,20261005,2366138,236.613800,1.081931823,0
8585,mapping,iput,64,10000,4,0,135168,identity,20261005,2357440,235.744000,1.085923714,0
8586,mapping,iput,64,10000,4,0,135168,reverse,20261005,2356847,235.684700,1.086196940,0
8587,mapping,iput,64,10000,4,0,135168,transpose,20261005,2354477,235.447700,1.087290298,0
8588,mapping,iput,64,10000,4,0,135168,shuffle,20261005,3668708,366.870800,0.697793338,0
8589,mapping,iput,64,10000,4,0,262144,identity,20261005,2356492,235.649200,1.086360573,0
8590,mapping,iput,64,10000,4,0,262144,reverse,20261005,2356666,235.666600,1.086280364,0
8591,mapping,iput,64,10000,4,0,262144,transpose,20261005,2357601,235.760100,1.085849556,0
8592,mapping,iput,64,10000,4,0,262144,shuffle,20261005,2355186,235.518600,1.086962983,0
8593,mapping,iput,128,10000,4,0,131200,identity,20261005,2409746,240.974600,2.124705259,0
8594,mapping,iput,128,10000,4,0,131200,reverse,20261005,2407993,240.799300,2.126252028,0
8595,mapping,iput,128,10000,4,0,131200,transpose,20261005,2404516,240.451600,2.129326650,0
8596,mapping,iput,128,10000,4,0,131200,shuffle,20261005,2407817,240.781700,2.126407447,0
8597,mapping,iput,128,10000,4,0,131328,identity,20261005,2404898,240.489800,2.128988423,0
8598,mapping,iput,128,10000,4,0,131328,reverse,20261005,2406135,240.613500,2.127893905,0
8599,mapping,iput,128,10000,4,0,131328,transpose,20261005,2403938,240.393800,2.129838623,0
8600,mapping,iput,128,10000,4,0,131328,shuffle,20261005,2404800,240.480000,2.129075183,0
8601,mapping,iput,128,10000,4,0,135168,identity,20261005,2403323,240.332300,2.130383640,0
8602,mapping,iput,128,10000,4,0,135168,reverse,20261005,2403966,240.396600,2.129813816,0
8603,mapping,iput,128,10000,4,0,135168,transpose,20261005,2401771,240.177100,2.131760272,0
8604,mapping,iput,128,10000,4,0,135168,shuffle,20261005,2403904,240.390400,2.129868747,0
8605,mapping,iput,128,10000,4,0,262144,identity,20261005,2403687,240.368700,2.130061027,0
8606,mapping,iput,128,10000,4,0,262144,reverse,20261005,2403371,240.337100,2.130341092,0
8607,mapping,iput,128,10000,4,0,262144,transpose,20261005,2405087,240.508700,2.128821120,0
8608,mapping,iput,128,10000,4,0,262144,shuffle,20261005,2402233,240.223300,2.131350290,0
8609,mapping,iput,256,10000,4,0,131200,identity,20261005,2469430,246.943000,4.146705920,0
8610,mapping,iput,256,10000,4,0,131200,reverse,20261005,2469210,246.921000,4.147075380,0
8611,mapping,iput,256,10000,4,0,131200,transpose,20261005,2463756,246.375600,4.156255733,0
8612,mapping,iput,256,10000,4,0,131200,shuffle,20261005,2468610,246.861000,4.148083334,0
8613,mapping,iput,256,10000,4,0,131328,identity,20261005,2471685,247.168500,4.142922743,0
8614,mapping,iput,256,10000,4,0,131328,reverse,20261005,2470637,247.063700,4.144680097,0
8615,mapping,iput,256,10000,4,0,131328,transpose,20261005,2466000,246.600000,4.152473642,0
8616,mapping,iput,256,10000,4,0,131328,shuffle,20261005,2470596,247.059600,4.144748878,0
8617,mapping,iput,256,10000,4,0,135168,identity,20261005,2466031,246.603100,4.152421442,0
8618,mapping,iput,256,10000,4,0,135168,reverse,20261005,2464814,246.481400,4.154471696,0
8619,mapping,iput,256,10000,4,0,135168,transpose,20261005,2464227,246.422700,4.155461327,0
8620,mapping,iput,256,10000,4,0,135168,shuffle,20261005,2464292,246.429200,4.155351720,0
8621,mapping,iput,256,10000,4,0,262144,identity,20261005,2464275,246.427500,4.155380386,0
8622,mapping,iput,256,10000,4,0,262144,reverse,20261005,2464517,246.451700,4.154972354,0
8623,mapping,iput,256,10000,4,0,262144,transpose,20261005,2465185,246.518500,4.153846466,0
8624,mapping,iput,256,10000,4,0,262144,shuffle,20261005,2523561,252.356100,4.057758065,0
8625,mapping,iput,4096,1000,4,0,131200,identity,20261005,779709,779.709000,21.012967658,0
8626,mapping,iput,4096,1000,4,0,131200,reverse,20261005,803353,803.353000,20.394521462,0
8627,mapping,iput,4096,1000,4,0,131200,transpose,20261005,786159,786.159000,20.840567875,0
8628,mapping,iput,4096,1000,4,0,131200,shuffle,20261005,837764,837.764000,19.556820298,0
8629,mapping,iput,4096,1000,4,0,131328,identity,20261005,774073,774.073000,21.165962383,0
8630,mapping,iput,4096,1000,4,0,131328,reverse,20261005,787345,787.345000,20.809175139,0
8631,mapping,iput,4096,1000,4,0,131328,transpose,20261005,783037,783.037000,20.923660057,0
8632,mapping,iput,4096,1000,4,0,131328,shuffle,20261005,807923,807.923000,20.279160267,0
8633,mapping,iput,4096,1000,4,0,135168,identity,20261005,825727,825.727000,19.841909009,0
8634,mapping,iput,4096,1000,4,0,135168,reverse,20261005,822650,822.650000,19.916124719,0
8635,mapping,iput,4096,1000,4,0,135168,transpose,20261005,854063,854.063000,19.183596526,0
8636,mapping,iput,4096,1000,4,0,135168,shuffle,20261005,786559,786.559000,20.829969525,0
8637,mapping,iput,4096,1000,4,0,262144,identity,20261005,836192,836.192000,19.593586162,0
8638,mapping,iput,4096,1000,4,0,262144,reverse,20261005,850822,850.822000,19.256671783,0
8639,mapping,iput,4096,1000,4,0,262144,transpose,20261005,868980,868.980000,18.854288936,0
8640,mapping,iput,4096,1000,4,0,262144,shuffle,20261005,851105,851.105000,19.250268768,0
8641,mapping,iput,32768,1000,4,0,131200,identity,20261005,6423033,6423.033000,20.406558708,0
8642,mapping,iput,32768,1000,4,0,131200,reverse,20261005,6418225,6418.225000,20.421845604,0
8643,mapping,iput,32768,1000,4,0,131200,transpose,20261005,6648151,6648.151000,19.715557002,0
8644,mapping,iput,32768,1000,4,0,131200,shuffle,20261005,6401593,6401.593000,20.474903669,0
8645,mapping,iput,32768,1000,4,0,131328,identity,20261005,6415985,6415.985000,20.428975442,0
8646,mapping,iput,32768,1000,4,0,131328,reverse,20261005,6442561,6442.561000,20.344704536,0
8647,mapping,iput,32768,1000,4,0,131328,transpose,20261005,6648918,6648.918000,19.713282672,0
8648,mapping,iput,32768,1000,4,0,131328,shuffle,20261005,6584253,6584.253000,19.906889969,0
8649,mapping,iput,32768,1000,4,0,135168,identity,20261005,6353897,6353.897000,20.628600054,0
8650,mapping,iput,32768,1000,4,0,135168,reverse,20261005,6301779,6301.779000,20.799206065,0
8651,mapping,iput,32768,1000,4,0,135168,transpose,20261005,6501642,6501.642000,20.159830394,0
8652,mapping,iput,32768,1000,4,0,135168,shuffle,20261005,6505855,6505.855000,20.146775481,0
8653,mapping,iput,32768,1000,4,0,262144,identity,20261005,6500249,6500.249000,20.164150635,0
8654,mapping,iput,32768,1000,4,0,262144,reverse,20261005,6500120,6500.120000,20.164550808,0
8655,mapping,iput,32768,1000,4,0,262144,transpose,20261005,6474209,6474.209000,20.245253127,0
8656,mapping,iput,32768,1000,4,0,262144,shuffle,20261005,6512087,6512.087000,20.127495225,0
8657,mapping,iput,65536,1000,4,0,131200,identity,20261005,12408702,12408.702000,21.125819606,0
8658,mapping,iput,65536,1000,4,0,131200,reverse,20261005,12386716,12386.716000,21.163317218,0
8659,mapping,iput,65536,1000,4,0,131200,transpose,20261005,12755827,12755.827000,20.550921551,0
8660,mapping,iput,65536,1000,4,0,131200,shuffle,20261005,12698356,12698.356000,20.643932175,0
8661,mapping,iput,65536,1000,4,0,131328,identity,20261005,12402018,12402.018000,21.137205252,0
8662,mapping,iput,65536,1000,4,0,131328,reverse,20261005,12404672,12404.672000,21.132682912,0
8663,mapping,iput,65536,1000,4,0,131328,transpose,20261005,12777788,12777.788000,20.515600979,0
8664,mapping,iput,65536,1000,4,0,131328,shuffle,20261005,12724236,12724.236000,20.601944195,0
8665,mapping,iput,65536,1000,4,0,135168,identity,20261005,12435953,12435.953000,21.079526434,0
8666,mapping,iput,65536,1000,4,0,135168,reverse,20261005,12434874,12434.874000,21.081355549,0
8667,mapping,iput,65536,1000,4,0,135168,transpose,20261005,12677429,12677.429000,20.678009713,0
8668,mapping,iput,65536,1000,4,0,135168,shuffle,20261005,12713229,12713.229000,20.619781174,0
8669,mapping,iput,65536,1000,4,0,262144,identity,20261005,12779325,12779.325000,20.513133518,0
8670,mapping,iput,65536,1000,4,0,262144,reverse,20261005,12755478,12755.478000,20.551483841,0
8671,mapping,iput,65536,1000,4,0,262144,transpose,20261005,12772463,12772.463000,20.524154190,0
8672,mapping,iput,65536,1000,4,0,262144,shuffle,20261005,12714833,12714.833000,20.617179950,0
8673,mapping,iput,98304,1000,4,0,131200,identity,20261005,18494986,18494.986000,21.260681138,0
8674,mapping,iput,98304,1000,4,0,131200,reverse,20261005,18498010,18498.010000,21.257205505,0
8675,mapping,iput,98304,1000,4,0,131200,transpose,20261005,19022860,19022.860000,20.670708821,0
8676,mapping,iput,98304,1000,4,0,131200,shuffle,20261005,19000531,19000.531000,20.695000577,0
8677,mapping,iput,98304,1000,4,0,131328,identity,20261005,18442362,18442.362000,21.321347016,0
8678,mapping,iput,98304,1000,4,0,131328,reverse,20261005,18518585,18518.585000,21.233587771,0
8679,mapping,iput,98304,1000,4,0,131328,transpose,20261005,18998055,18998.055000,20.697697738,0
8680,mapping,iput,98304,1000,4,0,131328,shuffle,20261005,19088792,19088.792000,20.599312937,0
8681,mapping,iput,98304,1000,4,0,135168,identity,20261005,18532906,18532.906000,21.217179864,0
8682,mapping,iput,98304,1000,4,0,135168,reverse,20261005,18499444,18499.444000,21.255557735,0
8683,mapping,iput,98304,1000,4,0,135168,transpose,20261005,19027790,19027.790000,20.665353149,0
8684,mapping,iput,98304,1000,4,0,135168,shuffle,20261005,19010722,19010.722000,20.683906692,0
8685,mapping,iput,98304,1000,4,0,262144,identity,20261005,18957521,18957.521000,20.741952495,0
8686,mapping,iput,98304,1000,4,0,262144,reverse,20261005,18947393,18947.393000,20.753039745,0
8687,mapping,iput,98304,1000,4,0,262144,transpose,20261005,19069199,19069.199000,20.620478081,0
8688,mapping,iput,98304,1000,4,0,262144,shuffle,20261005,18925321,18925.321000,20.777243356,0
8689,mapping,iput,131072,1000,4,0,131200,identity,20261005,24606672,24606.672000,21.306741521,0
8690,mapping,iput,131072,1000,4,0,131200,reverse,20261005,24601496,24601.496000,21.311224326,0
8691,mapping,iput,131072,1000,4,0,131200,transpose,20261005,25227950,25227.950000,20.782029455,0
8692,mapping,iput,131072,1000,4,0,131200,shuffle,20261005,25211096,25211.096000,20.795922557,0
8693,mapping,iput,131072,1000,4,0,131328,identity,20261005,24582045,24582.045000,21.328087228,0
8694,mapping,iput,131072,1000,4,0,131328,reverse,20261005,24621753,24621.753000,21.293690989,0
8695,mapping,iput,131072,1000,4,0,131328,transpose,20261005,25299690,25299.690000,20.723099769,0
8696,mapping,iput,131072,1000,4,0,131328,shuffle,20261005,25176660,25176.660000,20.824366695,0
8697,mapping,iput,131072,1000,4,0,135168,identity,20261005,24640064,24640.064000,21.277866811,0
8698,mapping,iput,131072,1000,4,0,135168,reverse,20261005,24639619,24639.619000,21.278251096,0
8699,mapping,iput,131072,1000,4,0,135168,transpose,20261005,25141691,25141.691000,20.853330828,0
8700,mapping,iput,131072,1000,4,0,135168,shuffle,20261005,25310018,25310.018000,20.714643506,0
8701,mapping,iput,131072,1000,4,0,262144,identity,20261005,25174528,25174.528000,20.826130285,0
8702,mapping,iput,131072,1000,4,0,262144,reverse,20261005,25133004,25133.004000,20.860538597,0
8703,mapping,iput,131072,1000,4,0,262144,transpose,20261005,25128622,25128.622000,20.864176317,0
8704,mapping,iput,131072,1000,4,0,262144,shuffle,20261005,25262992,25262.992000,20.753202946,0
8705,mapping,iput,64,10000,4,4,131200,identity,20261005,8084679,808.467900,0.316648317,0
8706,mapping,iput,64,10000,4,4,131200,reverse,20261005,8526935,852.693500,0.300225110,0
8707,mapping,iput,64,10000,4,4,131200,transpose,20261005,4080446,408.044600,0.627382399,0
8708,mapping,iput,64,10000,4,4,131200,shuffle,20261005,4033758,403.375800,0.634643923,0
8709,mapping,iput,64,10000,4,4,131328,identity,20261005,7760079,776.007900,0.329893549,0
8710,mapping,iput,64,10000,4,4,131328,reverse,20261005,9029257,902.925700,0.283522775,0
8711,mapping,iput,64,10000,4,4,131328,transpose,20261005,7631302,763.130200,0.335460450,0
8712,mapping,iput,64,10000,4,4,131328,shuffle,20261005,5875407,587.540700,0.435714496,0
8713,mapping,iput,64,10000,4,4,135168,identity,20261005,4075446,407.544600,0.628152109,0
8714,mapping,iput,64,10000,4,4,135168,reverse,20261005,4080530,408.053000,0.627369484,0
8715,mapping,iput,64,10000,4,4,135168,transpose,20261005,4091629,409.162900,0.625667674,0
8716,mapping,iput,64,10000,4,4,135168,shuffle,20261005,7443851,744.385100,0.343908012,0
8717,mapping,iput,64,10000,4,4,262144,identity,20261005,4077404,407.740400,0.627850466,0
8718,mapping,iput,64,10000,4,4,262144,reverse,20261005,4071412,407.141200,0.628774489,0
8719,mapping,iput,64,10000,4,4,262144,transpose,20261005,3846608,384.660800,0.665521415,0
8720,mapping,iput,64,10000,4,4,262144,shuffle,20261005,4095347,409.534700,0.625099656,0
8721,mapping,iput,128,10000,4,4,131200,identity,20261005,10086720,1008.672000,0.507598109,0
8722,mapping,iput,128,10000,4,4,131200,reverse,20261005,8844771,884.477100,0.578873099,0
8723,mapping,iput,128,10000,4,4,131200,transpose,20261005,4215134,421.513400,1.214670755,0
8724,mapping,iput,128,10000,4,4,131200,shuffle,20261005,6038294,603.829400,0.847921615,0
8725,mapping,iput,128,10000,4,4,131328,identity,20261005,8189163,818.916300,0.625216521,0
8726,mapping,iput,128,10000,4,4,131328,reverse,20261005,12518688,1251.868800,0.408988546,0
8727,mapping,iput,128,10000,4,4,131328,transpose,20261005,7843233,784.323300,0.652792031,0
8728,mapping,iput,128,10000,4,4,131328,shuffle,20261005,6316084,631.608400,0.810628864,0
8729,mapping,iput,128,10000,4,4,135168,identity,20261005,4188217,418.821700,1.222477250,0
8730,mapping,iput,128,10000,4,4,135168,reverse,20261005,4225461,422.546100,1.211702108,0
8731,mapping,iput,128,10000,4,4,135168,transpose,20261005,4241254,424.125400,1.207190138,0
8732,mapping,iput,128,10000,4,4,135168,shuffle,20261005,7607922,760.792200,0.672982715,0
8733,mapping,iput,128,10000,4,4,262144,identity,20261005,4257468,425.746800,1.202592715,0
8734,mapping,iput,128,10000,4,4,262144,reverse,20261005,4237021,423.702100,1.208396182,0
8735,mapping,iput,128,10000,4,4,262144,transpose,20261005,3945966,394.596600,1.297527652,0
8736,mapping,iput,128,10000,4,4,262144,shuffle,20261005,4215719,421.571900,1.214502200,0
8737,mapping,iput,256,10000,4,4,131200,identity,20261005,8622255,862.225500,1.187624351,0
8738,mapping,iput,256,10000,4,4,131200,reverse,20261005,8151818,815.181800,1.256161509,0
8739,mapping,iput,256,10000,4,4,131200,transpose,20261005,4185181,418.518100,2.446728110,0
8740,mapping,iput,256,10000,4,4,131200,shuffle,20261005,4387095,438.709500,2.334118591,0
8741,mapping,iput,256,10000,4,4,131328,identity,20261005,8592350,859.235000,1.191757785,0
8742,mapping,iput,256,10000,4,4,131328,reverse,20261005,11570420,1157.042000,0.885015410,0
8743,mapping,iput,256,10000,4,4,131328,transpose,20261005,8545770,854.577000,1.198253639,0
8744,mapping,iput,256,10000,4,4,131328,shuffle,20261005,6299362,629.936200,1.625561446,0
8745,mapping,iput,256,10000,4,4,135168,identity,20261005,5109919,510.991900,2.003945659,0
8746,mapping,iput,256,10000,4,4,135168,reverse,20261005,5248490,524.849000,1.951037346,0
8747,mapping,iput,256,10000,4,4,135168,transpose,20261005,4348732,434.873200,2.354709373,0
8748,mapping,iput,256,10000,4,4,135168,shuffle,20261005,8489670,848.967000,1.206171736,0
8749,mapping,iput,256,10000,4,4,262144,identity,20261005,4220859,422.085900,2.426046452,0
8750,mapping,iput,256,10000,4,4,262144,reverse,20261005,4183383,418.338300,2.447779704,0
8751,mapping,iput,256,10000,4,4,262144,transpose,20261005,6180228,618.022800,1.656896801,0
8752,mapping,iput,256,10000,4,4,262144,shuffle,20261005,6230010,623.001000,1.643657073,0
8753,mapping,iput,4096,1000,4,4,131200,identity,20261005,2366254,2366.254000,6.924024217,0
8754,mapping,iput,4096,1000,4,4,131200,reverse,20261005,2109090,2109.090000,7.768279210,0
8755,mapping,iput,4096,1000,4,4,131200,transpose,20261005,1744864,1744.864000,9.389843564,0
8756,mapping,iput,4096,1000,4,4,131200,shuffle,20261005,1687921,1687.921000,9.706615416,0
8757,mapping,iput,4096,1000,4,4,131328,identity,20261005,2511542,2511.542000,6.523482387,0
8758,mapping,iput,4096,1000,4,4,131328,reverse,20261005,2647684,2647.684000,6.188049631,0
8759,mapping,iput,4096,1000,4,4,131328,transpose,20261005,2453411,2453.411000,6.678049458,0
8760,mapping,iput,4096,1000,4,4,131328,shuffle,20261005,1930163,1930.163000,8.488402275,0
8761,mapping,iput,4096,1000,4,4,135168,identity,20261005,1779377,1779.377000,9.207717083,0
8762,mapping,iput,4096,1000,4,4,135168,reverse,20261005,1779565,1779.565000,9.206744345,0
8763,mapping,iput,4096,1000,4,4,135168,transpose,20261005,1701230,1701.230000,9.630678979,0
8764,mapping,iput,4096,1000,4,4,135168,shuffle,20261005,2180153,2180.153000,7.515068897,0
8765,mapping,iput,4096,1000,4,4,262144,identity,20261005,1739360,1739.360000,9.419556619,0
8766,mapping,iput,4096,1000,4,4,262144,reverse,20261005,1742717,1742.717000,9.401411704,0
8767,mapping,iput,4096,1000,4,4,262144,transpose,20261005,1684754,1684.754000,9.724861909,0
8768,mapping,iput,4096,1000,4,4,262144,shuffle,20261005,1696062,1696.062000,9.660024221,0
8769,mapping,iput,32768,1000,4,4,131200,identity,20261005,6896198,6896.198000,19.006414839,0
8770,mapping,iput,32768,1000,4,4,131200,reverse,20261005,6952446,6952.446000,18.852645529,0
8771,mapping,iput,32768,1000,4,4,131200,transpose,20261005,7184464,7184.464000,18.243810533,0
8772,mapping,iput,32768,1000,4,4,131200,shuffle,20261005,7117620,7117.620000,18.415144388,0
8773,mapping,iput,32768,1000,4,4,131328,identity,20261005,6896198,6896.198000,19.006414839,0
8774,mapping,iput,32768,1000,4,4,131328,reverse,20261005,7864255,7864.255000,16.666804421,0
8775,mapping,iput,32768,1000,4,4,131328,transpose,20261005,7292328,7292.328000,17.973958385,0
8776,mapping,iput,32768,1000,4,4,131328,shuffle,20261005,7144766,7144.766000,18.345177435,0
8777,mapping,iput,32768,1000,4,4,135168,identity,20261005,6898073,6898.073000,19.001248610,0
8778,mapping,iput,32768,1000,4,4,135168,reverse,20261005,6874006,6874.006000,19.067775035,0
8779,mapping,iput,32768,1000,4,4,135168,transpose,20261005,7154073,7154.073000,18.321311510,0
8780,mapping,iput,32768,1000,4,4,135168,shuffle,20261005,7228560,7228.560000,18.132518787,0
8781,mapping,iput,32768,1000,4,4,262144,identity,20261005,7178739,7178.739000,18.258359860,0
8782,mapping,iput,32768,1000,4,4,262144,reverse,20261005,7212893,7212.893000,18.171904117,0
8783,mapping,iput,32768,1000,4,4,262144,transpose,20261005,7179240,7179.240000,18.257085708,0
8784,mapping,iput,32768,1000,4,4,262144,shuffle,20261005,7160104,7160.104000,18.305879356,0
8785,mapping,iput,65536,1000,4,4,131200,identity,20261005,12964305,12964.305000,20.220443749,0
8786,mapping,iput,65536,1000,4,4,131200,reverse,20261005,12982224,12982.224000,20.192534037,0
8787,mapping,iput,65536,1000,4,4,131200,transpose,20261005,13539272,13539.272000,19.361750026,0
8788,mapping,iput,65536,1000,4,4,131200,shuffle,20261005,13459851,13459.851000,19.475995685,0
8789,mapping,iput,65536,1000,4,4,131328,identity,20261005,13033548,13033.548000,20.113019110,0
8790,mapping,iput,65536,1000,4,4,131328,reverse,20261005,13325341,13325.341000,19.672592244,0
8791,mapping,iput,65536,1000,4,4,131328,transpose,20261005,13520529,13520.529000,19.388590491,0
8792,mapping,iput,65536,1000,4,4,131328,shuffle,20261005,13493208,13493.208000,19.427848440,0
8793,mapping,iput,65536,1000,4,4,135168,identity,20261005,13013088,13013.088000,20.144642071,0
8794,mapping,iput,65536,1000,4,4,135168,reverse,20261005,12960108,12960.108000,20.226991936,0
8795,mapping,iput,65536,1000,4,4,135168,transpose,20261005,13498538,13498.538000,19.420177207,0
8796,mapping,iput,65536,1000,4,4,135168,shuffle,20261005,13512366,13512.366000,19.400303396,0
8797,mapping,iput,65536,1000,4,4,262144,identity,20261005,13501960,13501.960000,19.415255267,0
8798,mapping,iput,65536,1000,4,4,262144,reverse,20261005,13469297,13469.297000,19.462337195,0
8799,mapping,iput,65536,1000,4,4,262144,transpose,20261005,13501705,13501.705000,19.415621953,0
8800,mapping,iput,65536,1000,4,4,262144,shuffle,20261005,13515323,13515.323000,19.396058829,0
8801,mapping,iput,98304,1000,4,4,131200,identity,20261005,18999129,18999.129000,20.696527720,0
8802,mapping,iput,98304,1000,4,4,131200,reverse,20261005,19380863,19380.863000,20.288879809,0
8803,mapping,iput,98304,1000,4,4,131200,transpose,20261005,19783427,19783.427000,19.876030579,0
8804,mapping,iput,98304,1000,4,4,131200,shuffle,20261005,19880149,19880.149000,19.779328616,0
8805,mapping,iput,98304,1000,4,4,131328,identity,20261005,19013861,19013.861000,20.680491984,0
8806,mapping,iput,98304,1000,4,4,131328,reverse,20261005,19251966,19251.966000,20.424719221,0
8807,mapping,iput,98304,1000,4,4,131328,transpose,20261005,19782468,19782.468000,19.876994114,0
8808,mapping,iput,98304,1000,4,4,131328,shuffle,20261005,19933346,19933.346000,19.726542649,0
8809,mapping,iput,98304,1000,4,4,135168,identity,20261005,19064519,19064.519000,20.625540041,0
8810,mapping,iput,98304,1000,4,4,135168,reverse,20261005,19042206,19042.206000,20.649708337,0
8811,mapping,iput,98304,1000,4,4,135168,transpose,20261005,19785642,19785.642000,19.873805460,0
8812,mapping,iput,98304,1000,4,4,135168,shuffle,20261005,19758373,19758.373000,19.901233771,0
8813,mapping,iput,98304,1000,4,4,262144,identity,20261005,19754244,19754.244000,19.905393494,0
8814,mapping,iput,98304,1000,4,4,262144,reverse,20261005,19740610,19740.610000,19.919141303,0
8815,mapping,iput,98304,1000,4,4,262144,transpose,20261005,19773488,19773.488000,19.886021121,0
8816,mapping,iput,98304,1000,4,4,262144,shuffle,20261005,19779957,19779.957000,19.879517433,0
8817,mapping,iput,131072,1000,4,4,131200,identity,20261005,25170536,25170.536000,20.829433271,0
8818,mapping,iput,131072,1000,4,4,131200,reverse,20261005,25138041,25138.041000,20.856358696,0
8819,mapping,iput,131072,1000,4,4,131200,transpose,20261005,26012566,26012.566000,20.155181922,0
8820,mapping,iput,131072,1000,4,4,131200,shuffle,20261005,26055034,26055.034000,20.122330295,0
8821,mapping,iput,131072,1000,4,4,131328,identity,20261005,25214963,25214.963000,20.792733267,0
8822,mapping,iput,131072,1000,4,4,131328,reverse,20261005,25274882,25274.882000,20.743440068,0
8823,mapping,iput,131072,1000,4,4,131328,transpose,20261005,26031850,26031.850000,20.140251269,0
8824,mapping,iput,131072,1000,4,4,131328,shuffle,20261005,26066878,26066.878000,20.113187318,0
8825,mapping,iput,131072,1000,4,4,135168,identity,20261005,25243627,25243.627000,20.769123233,0
8826,mapping,iput,131072,1000,4,4,135168,reverse,20261005,25143302,25143.302000,20.851994698,0
8827,mapping,iput,131072,1000,4,4,135168,transpose,20261005,26029604,26029.604000,20.141989098,0
8828,mapping,iput,131072,1000,4,4,135168,shuffle,20261005,25962818,25962.818000,20.193801767,0
8829,mapping,iput,131072,1000,4,4,262144,identity,20261005,25906102,25906.102000,20.238011878,0
8830,mapping,iput,131072,1000,4,4,262144,reverse,20261005,25857586,25857.586000,20.275983999,0
8831,mapping,iput,131072,1000,4,4,262144,transpose,20261005,25977435,25977.435000,20.182439105,0
8832,mapping,iput,131072,1000,4,4,262144,shuffle,20261005,25973494,25973.494000,20.185501419,0
8833,mapping,iput,64,10000,8,0,131200,identity,20261005,3981488,398.148800,1.285951383,0
8834,mapping,iput,64,10000,8,0,131200,reverse,20261005,3996965,399.696500,1.280971937,0
8835,mapping,iput,64,10000,8,0,131200,transpose,20261005,2411981,241.198100,2.122736456,0
8836,mapping,iput,64,10000,8,0,131200,shuffle,20261005,5311116,531.111600,0.964015849,0
8837,mapping,iput,64,10000,8,0,131328,identity,20261005,6456755,645.675500,0.792967985,0
8838,mapping,iput,64,10000,8,0,131328,reverse,20261005,9559157,955.915700,0.535612084,0
8839,mapping,iput,64,10000,8,0,131328,transpose,20261005,4164006,416.400600,1.229585164,0
8840,mapping,iput,64,10000,8,0,131328,shuffle,20261005,6008323,600.832300,0.852151258,0
8841,mapping,iput,64,10000,8,0,135168,identity,20261005,2414296,241.429600,2.120701024,0
8842,mapping,iput,64,10000,8,0,135168,reverse,20261005,2415438,241.543800,2.119698374,0
8843,mapping,iput,64,10000,8,0,135168,transpose,20261005,4272731,427.273100,1.198296827,0
8844,mapping,iput,64,10000,8,0,135168,shuffle,20261005,5752321,575.232100,0.890075502,0
8845,mapping,iput,64,10000,8,0,262144,identity,20261005,2419257,241.925700,2.116352252,0
8846,mapping,iput,64,10000,8,0,262144,reverse,20261005,2414090,241.409000,2.120881989,0
8847,mapping,iput,64,10000,8,0,262144,transpose,20261005,2411763,241.176300,2.122928331,0
8848,mapping,iput,64,10000,8,0,262144,shuffle,20261005,4024246,402.424600,1.272288026,0
8849,mapping,iput,128,10000,8,0,131200,identity,20261005,2409710,240.971000,4.249474003,0
8850,mapping,iput,128,10000,8,0,131200,reverse,20261005,2408998,240.899800,4.250729972,0
8851,mapping,iput,128,10000,8,0,131200,transpose,20261005,2406035,240.603500,4.255964689,0
8852,mapping,iput,128,10000,8,0,131200,shuffle,20261005,2409560,240.956000,4.249738541,0
8853,mapping,iput,128,10000,8,0,131328,identity,20261005,2408095,240.809500,4.252323932,0
8854,mapping,iput,128,10000,8,0,131328,reverse,20261005,2407123,240.712300,4.254041027,0
8855,mapping,iput,128,10000,8,0,131328,transpose,20261005,2406066,240.606600,4.255909855,0
8856,mapping,iput,128,10000,8,0,131328,shuffle,20261005,2405372,240.537200,4.257137773,0
8857,mapping,iput,128,10000,8,0,135168,identity,20261005,2405701,240.570100,4.256555574,0
8858,mapping,iput,128,10000,8,0,135168,reverse,20261005,2407915,240.791500,4.252641808,0
8859,mapping,iput,128,10000,8,0,135168,transpose,20261005,2405576,240.557600,4.256776755,0
8860,mapping,iput,128,10000,8,0,135168,shuffle,20261005,2405598,240.559800,4.256737826,0
8861,mapping,iput,128,10000,8,0,262144,identity,20261005,2404411,240.441100,4.258839275,0
8862,mapping,iput,128,10000,8,0,262144,reverse,20261005,2404790,240.479000,4.258168073,0
8863,mapping,iput,128,10000,8,0,262144,transpose,20261005,2404723,240.472300,4.258286713,0
8864,mapping,iput,128,10000,8,0,262144,shuffle,20261005,2405267,240.526700,4.257323615,0
8865,mapping,iput,256,10000,8,0,131200,identity,20261005,2481441,248.144100,8.253268968,0
8866,mapping,iput,256,10000,8,0,131200,reverse,20261005,2481360,248.136000,8.253538382,0
8867,mapping,iput,256,10000,8,0,131200,transpose,20261005,2481279,248.127900,8.253807814,0
8868,mapping,iput,256,10000,8,0,131200,shuffle,20261005,2480394,248.039400,8.256752758,0
8869,mapping,iput,256,10000,8,0,131328,identity,20261005,2490014,249.001400,8.224853354,0
8870,mapping,iput,256,10000,8,0,131328,reverse,20261005,3236542,323.654200,6.327741151,0
8871,mapping,iput,256,10000,8,0,131328,transpose,20261005,2479696,247.969600,8.259076919,0
8872,mapping,iput,256,10000,8,0,131328,shuffle,20261005,2487358,248.735800,8.233635850,0
8873,mapping,iput,256,10000,8,0,135168,identity,20261005,2478838,247.883800,8.261935633,0
8874,mapping,iput,256,10000,8,0,135168,reverse,20261005,2498892,249.889200,8.195632304,0
8875,mapping,iput,256,10000,8,0,135168,transpose,20261005,2483870,248.387000,8.245198018,0
8876,mapping,iput,256,10000,8,0,135168,shuffle,20261005,2479823,247.982300,8.258653944,0
8877,mapping,iput,256,10000,8,0,262144,identity,20261005,2479952,247.995200,8.258224353,0
8878,mapping,iput,256,10000,8,0,262144,reverse,20261005,2481653,248.165300,8.252563916,0
8879,mapping,iput,256,10000,8,0,262144,transpose,20261005,2478699,247.869900,8.262398944,0
8880,mapping,iput,256,10000,8,0,262144,shuffle,20261005,2491835,249.183500,8.218842740,0
8881,mapping,iput,4096,1000,8,0,131200,identity,20261005,1665703,1665.703000,19.672174451,0
8882,mapping,iput,4096,1000,8,0,131200,reverse,20261005,1691740,1691.740000,19.369406646,0
8883,mapping,iput,4096,1000,8,0,131200,transpose,20261005,2249914,2249.914000,14.564112228,0
8884,mapping,iput,4096,1000,8,0,131200,shuffle,20261005,1924165,1924.165000,17.029724582,0
8885,mapping,iput,4096,1000,8,0,131328,identity,20261005,1678620,1678.620000,19.520796845,0
8886,mapping,iput,4096,1000,8,0,131328,reverse,20261005,1671545,1671.545000,19.603420787,0
8887,mapping,iput,4096,1000,8,0,131328,transpose,20261005,2279986,2279.986000,14.372018074,0
8888,mapping,iput,4096,1000,8,0,131328,shuffle,20261005,1991257,1991.257000,16.455937129,0
8889,mapping,iput,4096,1000,8,0,135168,identity,20261005,1643007,1643.007000,19.943919898,0
8890,mapping,iput,4096,1000,8,0,135168,reverse,20261005,1660601,1660.601000,19.732614879,0
8891,mapping,iput,4096,1000,8,0,135168,transpose,20261005,2186149,2186.149000,14.988914296,0
8892,mapping,iput,4096,1000,8,0,135168,shuffle,20261005,2056143,2056.143000,15.936634757,0
8893,mapping,iput,4096,1000,8,0,262144,identity,20261005,2265354,2265.354000,14.464847437,0
8894,mapping,iput,4096,1000,8,0,262144,reverse,20261005,2246466,2246.466000,14.586466032,0
8895,mapping,iput,4096,1000,8,0,262144,transpose,20261005,2183258,2183.258000,15.008762134,0
8896,mapping,iput,4096,1000,8,0,262144,shuffle,20261005,2236427,2236.427000,14.651942585,0
8897,mapping,iput,32768,1000,8,0,131200,identity,20261005,12983051,12983.051000,20.191247805,0
8898,mapping,iput,32768,1000,8,0,131200,reverse,20261005,12963115,12963.115000,20.222299964,0
8899,mapping,iput,32768,1000,8,0,131200,transpose,20261005,16099565,16099.565000,16.282675960,0
8900,mapping,iput,32768,1000,8,0,131200,shuffle,20261005,14696310,14696.310000,17.837402722,0
8901,mapping,iput,32768,1000,8,0,131328,identity,20261005,12984074,12984.074000,20.189656960,0
8902,mapping,iput,32768,1000,8,0,131328,reverse,20261005,12951901,12951.901000,20.239808813,0
8903,mapping,iput,32768,1000,8,0,131328,transpose,20261005,16033506,16033.506000,16.349761556,0
8904,mapping,iput,32768,1000,8,0,131328,shuffle,20261005,14768239,14768.239000,17.750525300,0
8905,mapping,iput,32768,1000,8,0,135168,identity,20261005,12979064,12979.064000,20.197450294,0
8906,mapping,iput,32768,1000,8,0,135168,reverse,20261005,12986531,12986.531000,20.185837157,0
8907,mapping,iput,32768,1000,8,0,135168,transpose,20261005,16266829,16266.829000,16.115249014,0
8908,mapping,iput,32768,1000,8,0,135168,shuffle,20261005,14685926,14685.926000,17.850015042,0
8909,mapping,iput,32768,1000,8,0,262144,identity,20261005,16241366,16241.366000,16.140514289,0
8910,mapping,iput,32768,1000,8,0,262144,reverse,20261005,16134498,16134.498000,16.247422139,0
8911,mapping,iput,32768,1000,8,0,262144,transpose,20261005,16239458,16239.458000,16.142410664,0
8912,mapping,iput,32768,1000,8,0,262144,shuffle,20261005,16211786,16211.786000,16.169964247,0
8913,mapping,iput,65536,1000,8,0,131200,identity,20261005,25681927,25681.927000,20.414667482,0
8914,mapping,iput,65536,1000,8,0,131200,reverse,20261005,25640259,25640.259000,20.447843370,0
8915,mapping,iput,65536,1000,8,0,131200,transpose,20261005,32603793,32603.793000,16.080583017,0
8916,mapping,iput,65536,1000,8,0,131200,shuffle,20261005,29340417,29340.417000,17.869139351,0
8917,mapping,iput,65536,1000,8,0,131328,identity,20261005,25624620,25624.620000,20.460322924,0
8918,mapping,iput,65536,1000,8,0,131328,reverse,20261005,25612208,25612.208000,20.470238255,0
8919,mapping,iput,65536,1000,8,0,131328,transpose,20261005,32402299,32402.299000,16.180580273,0
8920,mapping,iput,65536,1000,8,0,131328,shuffle,20261005,29973879,29973.879000,17.491496513,0
8921,mapping,iput,65536,1000,8,0,135168,identity,20261005,25609942,25609.942000,20.472049488,0
8922,mapping,iput,65536,1000,8,0,135168,reverse,20261005,25603224,25603.224000,20.477421125,0
8923,mapping,iput,65536,1000,8,0,135168,transpose,20261005,32490796,32490.796000,16.136508321,0
8924,mapping,iput,65536,1000,8,0,135168,shuffle,20261005,30689908,30689.908000,17.083400837,0
8925,mapping,iput,65536,1000,8,0,262144,identity,20261005,32414585,32414.585000,16.174447398,0
8926,mapping,iput,65536,1000,8,0,262144,reverse,20261005,32654442,32654.442000,16.055641067,0
8927,mapping,iput,65536,1000,8,0,262144,transpose,20261005,32501246,32501.246000,16.131320012,0
8928,mapping,iput,65536,1000,8,0,262144,shuffle,20261005,32597815,32597.815000,16.083531979,0
8929,mapping,iput,98304,1000,8,0,131200,identity,20261005,38257599,38257.599000,20.556229888,0
8930,mapping,iput,98304,1000,8,0,131200,reverse,20261005,38316418,38316.418000,20.524674305,0
8931,mapping,iput,98304,1000,8,0,131200,transpose,20261005,48788519,48788.519000,16.119202143,0
8932,mapping,iput,98304,1000,8,0,131200,shuffle,20261005,44229092,44229.092000,17.780875990,0
8933,mapping,iput,98304,1000,8,0,131328,identity,20261005,38249705,38249.705000,20.560472296,0
8934,mapping,iput,98304,1000,8,0,131328,reverse,20261005,38307149,38307.149000,20.529640564,0
8935,mapping,iput,98304,1000,8,0,131328,transpose,20261005,48765574,48765.574000,16.126786491,0
8936,mapping,iput,98304,1000,8,0,131328,shuffle,20261005,44354116,44354.116000,17.730755811,0
8937,mapping,iput,98304,1000,8,0,135168,identity,20261005,38367311,38367.311000,20.497448987,0
8938,mapping,iput,98304,1000,8,0,135168,reverse,20261005,38139573,38139.573000,20.619842807,0
8939,mapping,iput,98304,1000,8,0,135168,transpose,20261005,49101917,49101.917000,16.016319689,0
8940,mapping,iput,98304,1000,8,0,135168,shuffle,20261005,47058347,47058.347000,16.711849228,0
8941,mapping,iput,98304,1000,8,0,262144,identity,20261005,48729333,48729.333000,16.138780311,0
8942,mapping,iput,98304,1000,8,0,262144,reverse,20261005,49010886,49010.886000,16.046067806,0
8943,mapping,iput,98304,1000,8,0,262144,transpose,20261005,49036605,49036.605000,16.037651873,0
8944,mapping,iput,98304,1000,8,0,262144,shuffle,20261005,49037196,49037.196000,16.037458586,0
8945,mapping,iput,131072,1000,8,0,131200,identity,20261005,51005982,51005.982000,20.557902404,0
8946,mapping,iput,131072,1000,8,0,131200,reverse,20261005,51068500,51068.500000,20.532735444,0
8947,mapping,iput,131072,1000,8,0,131200,transpose,20261005,65220628,65220.628000,16.077367424,0
8948,mapping,iput,131072,1000,8,0,131200,shuffle,20261005,59548851,59548.851000,17.608668889,0
8949,mapping,iput,131072,1000,8,0,131328,identity,20261005,51006264,51006.264000,20.557788745,0
8950,mapping,iput,131072,1000,8,0,131328,reverse,20261005,51009817,51009.817000,20.556356828,0
8951,mapping,iput,131072,1000,8,0,131328,transpose,20261005,64774601,64774.601000,16.188073470,0
8952,mapping,iput,131072,1000,8,0,131328,shuffle,20261005,59816589,59816.589000,17.529852797,0
8953,mapping,iput,131072,1000,8,0,135168,identity,20261005,51165997,51165.997000,20.493610239,0
8954,mapping,iput,131072,1000,8,0,135168,reverse,20261005,50880668,50880.668000,20.608534463,0
8955,mapping,iput,131072,1000,8,0,135168,transpose,20261005,65440574,65440.574000,16.023331336,0
8956,mapping,iput,131072,1000,8,0,135168,shuffle,20261005,63179628,63179.628000,16.596742228,0
8957,mapping,iput,131072,1000,8,0,262144,identity,20261005,65042496,65042.496000,16.121398539,0
8958,mapping,iput,131072,1000,8,0,262144,reverse,20261005,65385747,65385.747000,16.036767157,0
8959,mapping,iput,131072,1000,8,0,262144,transpose,20261005,65441416,65441.416000,16.023125172,0
8960,mapping,iput,131072,1000,8,0,262144,shuffle,20261005,65445074,65445.074000,16.022229572,0
8961,mapping,iput,64,10000,8,4,131200,identity,20261005,8033792,803.379200,0.637308011,0
8962,mapping,iput,64,10000,8,4,131200,reverse,20261005,8071826,807.182600,0.634305051,0
8963,mapping,iput,64,10000,8,4,131200,transpose,20261005,4509352,450.935200,1.135418127,0
8964,mapping,iput,64,10000,8,4,131200,shuffle,20261005,11009795,1100.979500,0.465040448,0
8965,mapping,iput,64,10000,8,4,131328,identity,20261005,12784917,1278.491700,0.400471900,0
8966,mapping,iput,64,10000,8,4,131328,reverse,20261005,18194163,1819.416300,0.281408933,0
8967,mapping,iput,64,10000,8,4,131328,transpose,20261005,8216252,821.625200,0.623155181,0
8968,mapping,iput,64,10000,8,4,131328,shuffle,20261005,13595904,1359.590400,0.376584006,0
8969,mapping,iput,64,10000,8,4,135168,identity,20261005,4488750,448.875000,1.140629351,0
8970,mapping,iput,64,10000,8,4,135168,reverse,20261005,4522431,452.243100,1.132134465,0
8971,mapping,iput,64,10000,8,4,135168,transpose,20261005,8437105,843.710500,0.606843224,0
8972,mapping,iput,64,10000,8,4,135168,shuffle,20261005,11355783,1135.578300,0.450871596,0
8973,mapping,iput,64,10000,8,4,262144,identity,20261005,4544001,454.400100,1.126760315,0
8974,mapping,iput,64,10000,8,4,262144,reverse,20261005,4525513,452.551300,1.131363450,0
8975,mapping,iput,64,10000,8,4,262144,transpose,20261005,4455357,445.535700,1.149178394,0
8976,mapping,iput,64,10000,8,4,262144,shuffle,20261005,7898842,789.884200,0.648196280,0
8977,mapping,iput,128,10000,8,4,131200,identity,20261005,10567886,1056.788600,0.968973359,0
8978,mapping,iput,128,10000,8,4,131200,reverse,20261005,10484626,1048.462600,0.976668123,0
8979,mapping,iput,128,10000,8,4,131200,transpose,20261005,4871150,487.115000,2.102172998,0
8980,mapping,iput,128,10000,8,4,131200,shuffle,20261005,11543944,1154.394400,0.887045190,0
8981,mapping,iput,128,10000,8,4,131328,identity,20261005,13265169,1326.516900,0.771946441,0
8982,mapping,iput,128,10000,8,4,131328,reverse,20261005,25353394,2535.339400,0.403890698,0
8983,mapping,iput,128,10000,8,4,131328,transpose,20261005,8954853,895.485300,1.143514025,0
8984,mapping,iput,128,10000,8,4,131328,shuffle,20261005,14121478,1412.147800,0.725136561,0
8985,mapping,iput,128,10000,8,4,135168,identity,20261005,5043039,504.303900,2.030521676,0
8986,mapping,iput,128,10000,8,4,135168,reverse,20261005,5197946,519.794600,1.970008923,0
8987,mapping,iput,128,10000,8,4,135168,transpose,20261005,8960053,896.005300,1.142850383,0
8988,mapping,iput,128,10000,8,4,135168,shuffle,20261005,12127248,1212.724800,0.844379533,0
8989,mapping,iput,128,10000,8,4,262144,identity,20261005,5532122,553.212200,1.851007624,0
8990,mapping,iput,128,10000,8,4,262144,reverse,20261005,5177783,517.778300,1.977680409,0
8991,mapping,iput,128,10000,8,4,262144,transpose,20261005,4981726,498.172600,2.055512487,0
8992,mapping,iput,128,10000,8,4,262144,shuffle,20261005,8605140,860.514000,1.189986450,0
8993,mapping,iput,256,10000,8,4,131200,identity,20261005,12004372,1200.437200,1.706045098,0
8994,mapping,iput,256,10000,8,4,131200,reverse,20261005,12017755,1201.775500,1.704145242,0
8995,mapping,iput,256,10000,8,4,131200,transpose,20261005,7267297,726.729700,2.818104173,0
8996,mapping,iput,256,10000,8,4,131200,shuffle,20261005,11201464,1120.146400,1.828332439,0
8997,mapping,iput,256,10000,8,4,131328,identity,20261005,9938481,993.848100,2.060677079,0
8998,mapping,iput,256,10000,8,4,131328,reverse,20261005,24938288,2493.828800,0.821227183,0
8999,mapping,iput,256,10000,8,4,131328,transpose,20261005,11486174,1148.617400,1.783013212,0
9000,mapping,iput,256,10000,8,4,131328,shuffle,20261005,15401401,1540.140100,1.329749157,0
9001,mapping,iput,256,10000,8,4,135168,identity,20261005,6281628,628.162800,3.260301310,0
9002,mapping,iput,256,10000,8,4,135168,reverse,20261005,6552786,655.278600,3.125388194,0
9003,mapping,iput,256,10000,8,4,135168,transpose,20261005,9339126,933.912600,2.192924691,0
9004,mapping,iput,256,10000,8,4,135168,shuffle,20261005,13117373,1311.737300,1.561288224,0
9005,mapping,iput,256,10000,8,4,262144,identity,20261005,7095545,709.554500,2.886318105,0
9006,mapping,iput,256,10000,8,4,262144,reverse,20261005,5378206,537.820600,3.807961242,0
9007,mapping,iput,256,10000,8,4,262144,transpose,20261005,7835475,783.547500,2.613753474,0
9008,mapping,iput,256,10000,8,4,262144,shuffle,20261005,9250443,925.044300,2.213948024,0
9009,mapping,iput,4096,1000,8,4,131200,identity,20261005,3749981,3749.981000,8.738177607,0
9010,mapping,iput,4096,1000,8,4,131200,reverse,20261005,3298993,3298.993000,9.932727957,0
9011,mapping,iput,4096,1000,8,4,131200,transpose,20261005,3123159,3123.159000,10.491941012,0
9012,mapping,iput,4096,1000,8,4,131200,shuffle,20261005,3898501,3898.501000,8.405281928,0
9013,mapping,iput,4096,1000,8,4,131328,identity,20261005,3895542,3895.542000,8.411666464,0
9014,mapping,iput,4096,1000,8,4,131328,reverse,20261005,5323037,5323.037000,6.155884319,0
9015,mapping,iput,4096,1000,8,4,131328,transpose,20261005,3573611,3573.611000,9.169436741,0
9016,mapping,iput,4096,1000,8,4,131328,shuffle,20261005,4415523,4415.523000,7.421091454,0
9017,mapping,iput,4096,1000,8,4,135168,identity,20261005,2850246,2850.246000,11.496551526,0
9018,mapping,iput,4096,1000,8,4,135168,reverse,20261005,2832527,2832.527000,11.568468721,0
9019,mapping,iput,4096,1000,8,4,135168,transpose,20261005,3668969,3668.969000,8.931119342,0
9020,mapping,iput,4096,1000,8,4,135168,shuffle,20261005,4051657,4051.657000,8.087555289,0
9021,mapping,iput,4096,1000,8,4,262144,identity,20261005,3015186,3015.186000,10.867654599,0
9022,mapping,iput,4096,1000,8,4,262144,reverse,20261005,3013851,3013.851000,10.872468480,0
9023,mapping,iput,4096,1000,8,4,262144,transpose,20261005,3011851,3011.851000,10.879688271,0
9024,mapping,iput,4096,1000,8,4,262144,shuffle,20261005,3510710,3510.710000,9.333724517,0
9025,mapping,iput,32768,1000,8,4,131200,identity,20261005,14135400,14135.400000,18.545212728,0
9026,mapping,iput,32768,1000,8,4,131200,reverse,20261005,14230658,14230.658000,18.421073713,0
9027,mapping,iput,32768,1000,8,4,131200,transpose,20261005,17609996,17609.996000,14.886090832,0
9028,mapping,iput,32768,1000,8,4,131200,shuffle,20261005,16548764,16548.764000,15.840699644,0
9029,mapping,iput,32768,1000,8,4,131328,identity,20261005,14278175,14278.175000,18.359769368,0
9030,mapping,iput,32768,1000,8,4,131328,reverse,20261005,16591711,16591.711000,15.799696608,0
9031,mapping,iput,32768,1000,8,4,131328,transpose,20261005,17718966,17718.966000,14.794542752,0
9032,mapping,iput,32768,1000,8,4,131328,shuffle,20261005,16536455,16536.455000,15.852490755,0
9033,mapping,iput,32768,1000,8,4,135168,identity,20261005,14217376,14217.376000,18.438282845,0
9034,mapping,iput,32768,1000,8,4,135168,reverse,20261005,14249304,14249.304000,18.396968722,0
9035,mapping,iput,32768,1000,8,4,135168,transpose,20261005,17889640,17889.640000,14.653397162,0
9036,mapping,iput,32768,1000,8,4,135168,shuffle,20261005,16504671,16504.671000,15.883018813,0
9037,mapping,iput,32768,1000,8,4,262144,identity,20261005,17796154,17796.154000,14.730373765,0
9038,mapping,iput,32768,1000,8,4,262144,reverse,20261005,17772867,17772.867000,14.749674321,0
9039,mapping,iput,32768,1000,8,4,262144,transpose,20261005,17907186,17907.186000,14.639039322,0
9040,mapping,iput,32768,1000,8,4,262144,shuffle,20261005,17796184,17796.184000,14.730348933,0
9041,mapping,iput,65536,1000,8,4,131200,identity,20261005,26935340,26935.340000,19.464688398,0
9042,mapping,iput,65536,1000,8,4,131200,reverse,20261005,26904292,26904.292000,19.487150972,0
9043,mapping,iput,65536,1000,8,4,131200,transpose,20261005,34241803,34241.803000,15.311343272,0
9044,mapping,iput,65536,1000,8,4,131200,shuffle,20261005,31348624,31348.624000,16.724434221,0
9045,mapping,iput,65536,1000,8,4,131328,identity,20261005,26966890,26966.890000,19.441915623,0
9046,mapping,iput,65536,1000,8,4,131328,reverse,20261005,27555199,27555.199000,19.026826843,0
9047,mapping,iput,65536,1000,8,4,131328,transpose,20261005,34299864,34299.864000,15.285425038,0
9048,mapping,iput,65536,1000,8,4,131328,shuffle,20261005,31289301,31289.301000,16.756142938,0
9049,mapping,iput,65536,1000,8,4,135168,identity,20261005,26933957,26933.957000,19.465687868,0
9050,mapping,iput,65536,1000,8,4,135168,reverse,20261005,26979680,26979.680000,19.432698979,0
9051,mapping,iput,65536,1000,8,4,135168,transpose,20261005,34540732,34540.732000,15.178832921,0
9052,mapping,iput,65536,1000,8,4,135168,shuffle,20261005,32539670,32539.670000,16.112271575,0
9053,mapping,iput,65536,1000,8,4,262144,identity,20261005,34159549,34159.549000,15.348212004,0
9054,mapping,iput,65536,1000,8,4,262144,reverse,20261005,34313200,34313.200000,15.279484280,0
9055,mapping,iput,65536,1000,8,4,262144,transpose,20261005,34334201,34334.201000,15.270138367,0
9056,mapping,iput,65536,1000,8,4,262144,shuffle,20261005,34425896,34425.896000,15.229465632,0
9057,mapping,iput,98304,1000,8,4,131200,identity,20261005,39642397,39642.397000,19.838154590,0
9058,mapping,iput,98304,1000,8,4,131200,reverse,20261005,39652803,39652.803000,19.832948506,0
9059,mapping,iput,98304,1000,8,4,131200,transpose,20261005,50582741,50582.741000,15.547437415,0
9060,mapping,iput,98304,1000,8,4,131200,shuffle,20261005,46365161,46365.161000,16.961701050,0
9061,mapping,iput,98304,1000,8,4,131328,identity,20261005,39675921,39675.921000,19.821392426,0
9062,mapping,iput,98304,1000,8,4,131328,reverse,20261005,40097490,40097.490000,19.612998220,0
9063,mapping,iput,98304,1000,8,4,131328,transpose,20261005,51389465,51389.465000,15.303370058,0
9064,mapping,iput,98304,1000,8,4,131328,shuffle,20261005,46168115,46168.115000,17.034093768,0
9065,mapping,iput,98304,1000,8,4,135168,identity,20261005,39898199,39898.199000,19.710964898,0
9066,mapping,iput,98304,1000,8,4,135168,reverse,20261005,39532678,39532.678000,19.893213407,0
9067,mapping,iput,98304,1000,8,4,135168,transpose,20261005,51072530,51072.530000,15.398336444,0
9068,mapping,iput,98304,1000,8,4,135168,shuffle,20261005,49014571,49014.571000,16.044861435,0
9069,mapping,iput,98304,1000,8,4,262144,identity,20261005,50713110,50713.110000,15.507469370,0
9070,mapping,iput,98304,1000,8,4,262144,reverse,20261005,50818168,50818.168000,15.475410290,0
9071,mapping,iput,98304,1000,8,4,262144,transpose,20261005,51073238,51073.238000,15.398122986,0
9072,mapping,iput,98304,1000,8,4,262144,shuffle,20261005,50804973,50804.973000,15.479429543,0
9073,mapping,iput,131072,1000,8,4,131200,identity,20261005,52339274,52339.274000,20.034209875,0
9074,mapping,iput,131072,1000,8,4,131200,reverse,20261005,52404266,52404.266000,20.009363360,0
9075,mapping,iput,131072,1000,8,4,131200,transpose,20261005,67024982,67024.982000,15.644554742,0
9076,mapping,iput,131072,1000,8,4,131200,shuffle,20261005,61509816,61509.816000,17.047295346,0
9077,mapping,iput,131072,1000,8,4,131328,identity,20261005,52342295,52342.295000,20.033053576,0
9078,mapping,iput,131072,1000,8,4,131328,reverse,20261005,52714430,52714.430000,19.891631191,0
9079,mapping,iput,131072,1000,8,4,131328,transpose,20261005,67083336,67083.336000,15.630945962,0
9080,mapping,iput,131072,1000,8,4,131328,shuffle,20261005,61383089,61383.089000,17.082489935,0
9081,mapping,iput,131072,1000,8,4,135168,identity,20261005,52576495,52576.495000,19.943817099,0
9082,mapping,iput,131072,1000,8,4,135168,reverse,20261005,52359869,52359.869000,20.026329707,0
9083,mapping,iput,131072,1000,8,4,135168,transpose,20261005,67385924,67385.924000,15.560757169,0
9084,mapping,iput,131072,1000,8,4,135168,shuffle,20261005,65452482,65452.482000,16.020416155,0
9085,mapping,iput,131072,1000,8,4,262144,identity,20261005,66997018,66997.018000,15.651084650,0
9086,mapping,iput,131072,1000,8,4,262144,reverse,20261005,67097342,67097.342000,15.627683135,0
9087,mapping,iput,131072,1000,8,4,262144,transpose,20261005,67450385,67450.385000,15.545886061,0
9088,mapping,iput,131072,1000,8,4,262144,shuffle,20261005,67110932,67110.932000,15.624518521,0
9089,mapping,iput,64,10000,16,0,131200,identity,20261005,7768137,776.813700,1.318205382,0
9090,mapping,iput,64,10000,16,0,131200,reverse,20261005,5155878,515.587800,1.986082681,0
9091,mapping,iput,64,10000,16,0,131200,transpose,20261005,4661069,466.106900,2.196920921,0
9092,mapping,iput,64,10000,16,0,131200,shuffle,20261005,8645564,864.556400,1.184422439,0
9093,mapping,iput,64,10000,16,0,131328,identity,20261005,9956246,995.624600,1.028500099,0
9094,mapping,iput,64,10000,16,0,131328,reverse,20261005,11962375,1196.237500,0.856017304,0
9095,mapping,iput,64,10000,16,0,131328,transpose,20261005,7071931,707.193100,1.447977929,0
9096,mapping,iput,64,10000,16,0,131328,shuffle,20261005,8371770,837.177000,1.223158305,0
9097,mapping,iput,64,10000,16,0,135168,identity,20261005,5879203,587.920300,1.741732680,0
9098,mapping,iput,64,10000,16,0,135168,reverse,20261005,5878128,587.812800,1.742051211,0
9099,mapping,iput,64,10000,16,0,135168,transpose,20261005,5922435,592.243500,1.729018554,0
9100,mapping,iput,64,10000,16,0,135168,shuffle,20261005,9225744,922.574400,1.109937583,0
9101,mapping,iput,64,10000,16,0,262144,identity,20261005,4679236,467.923600,2.188391438,0
9102,mapping,iput,64,10000,16,0,262144,reverse,20261005,4655003,465.500300,2.199783760,0
9103,mapping,iput,64,10000,16,0,262144,transpose,20261005,5852598,585.259800,1.749650326,0
9104,mapping,iput,64,10000,16,0,262144,shuffle,20261005,7331087,733.108700,1.396791499,0
9105,mapping,iput,128,10000,16,0,131200,identity,20261005,2410084,241.008400,8.497629128,0
9106,mapping,iput,128,10000,16,0,131200,reverse,20261005,2408084,240.808400,8.504686714,0
9107,mapping,iput,128,10000,16,0,131200,transpose,20261005,2406213,240.621300,8.511299706,0
9108,mapping,iput,128,10000,16,0,131200,shuffle,20261005,2408869,240.886900,8.501915214,0
9109,mapping,iput,128,10000,16,0,131328,identity,20261005,2410150,241.015000,8.497396428,0
9110,mapping,iput,128,10000,16,0,131328,reverse,20261005,2409747,240.974700,8.498817511,0
9111,mapping,iput,128,10000,16,0,131328,transpose,20261005,2407562,240.756200,8.506530673,0
9112,mapping,iput,128,10000,16,0,131328,shuffle,20261005,2406935,240.693500,8.508746601,0
9113,mapping,iput,128,10000,16,0,135168,identity,20261005,2408042,240.804200,8.504835049,0
9114,mapping,iput,128,10000,16,0,135168,reverse,20261005,2407941,240.794100,8.505191780,0
9115,mapping,iput,128,10000,16,0,135168,transpose,20261005,2407762,240.776200,8.505824081,0
9116,mapping,iput,128,10000,16,0,135168,shuffle,20261005,2407594,240.759400,8.506417610,0
9117,mapping,iput,128,10000,16,0,262144,identity,20261005,2408447,240.844700,8.503404891,0
9118,mapping,iput,128,10000,16,0,262144,reverse,20261005,2407992,240.799200,8.505011645,0
9119,mapping,iput,128,10000,16,0,262144,transpose,20261005,2408027,240.802700,8.504888027,0
9120,mapping,iput,128,10000,16,0,262144,shuffle,20261005,2408320,240.832000,8.503853309,0
9121,mapping,iput,256,10000,16,0,131200,identity,20261005,2502235,250.223500,16.369365787,0
9122,mapping,iput,256,10000,16,0,131200,reverse,20261005,2502513,250.251300,16.367547341,0
9123,mapping,iput,256,10000,16,0,131200,transpose,20261005,2492059,249.205900,16.436207971,0
9124,mapping,iput,256,10000,16,0,131200,shuffle,20261005,2717889,271.788900,15.070519804,0
9125,mapping,iput,256,10000,16,0,131328,identity,20261005,3129671,312.967100,13.087637646,0
9126,mapping,iput,256,10000,16,0,131328,reverse,20261005,3507879,350.787900,11.676571512,0
9127,mapping,iput,256,10000,16,0,131328,transpose,20261005,2581235,258.123500,15.868373085,0
9128,mapping,iput,256,10000,16,0,131328,shuffle,20261005,2520292,252.029200,16.252085076,0
9129,mapping,iput,256,10000,16,0,135168,identity,20261005,2498901,249.890100,16.391205574,0
9130,mapping,iput,256,10000,16,0,135168,reverse,20261005,2508781,250.878100,16.326654260,0
9131,mapping,iput,256,10000,16,0,135168,transpose,20261005,2516503,251.650300,16.276555204,0
9132,mapping,iput,256,10000,16,0,135168,shuffle,20261005,2592391,259.239100,15.800085712,0
9133,mapping,iput,256,10000,16,0,262144,identity,20261005,2500829,250.082900,16.378568867,0
9134,mapping,iput,256,10000,16,0,262144,reverse,20261005,2497405,249.740500,16.401024263,0
9135,mapping,iput,256,10000,16,0,262144,transpose,20261005,2493567,249.356700,16.426268073,0
9136,mapping,iput,256,10000,16,0,262144,shuffle,20261005,2506419,250.641900,16.342040178,0
9137,mapping,iput,4096,1000,16,0,131200,identity,20261005,3669679,3669.679000,17.858782744,0
9138,mapping,iput,4096,1000,16,0,131200,reverse,20261005,3662652,3662.652000,17.893045804,0
9139,mapping,iput,4096,1000,16,0,131200,transpose,20261005,4063775,4063.775000,16.126877103,0
9140,mapping,iput,4096,1000,16,0,131200,shuffle,20261005,4666542,4666.542000,14.043803742,0
9141,mapping,iput,4096,1000,16,0,131328,identity,20261005,3639886,3639.886000,18.004959496,0
9142,mapping,iput,4096,1000,16,0,131328,reverse,20261005,3657108,3657.108000,17.920170802,0
9143,mapping,iput,4096,1000,16,0,131328,transpose,20261005,4190268,4190.268000,15.640049753,0
9144,mapping,iput,4096,1000,16,0,131328,shuffle,20261005,4529081,4529.081000,14.470043702,0
9145,mapping,iput,4096,1000,16,0,135168,identity,20261005,3559432,3559.432000,18.411926397,0
9146,mapping,iput,4096,1000,16,0,135168,reverse,20261005,3791830,3791.830000,17.283475261,0
9147,mapping,iput,4096,1000,16,0,135168,transpose,20261005,4476494,4476.494000,14.640028558,0
9148,mapping,iput,4096,1000,16,0,135168,shuffle,20261005,4557326,4557.326000,14.380362520,0
9149,mapping,iput,4096,1000,16,0,262144,identity,20261005,4982092,4982.092000,13.154313489,0
9150,mapping,iput,4096,1000,16,0,262144,reverse,20261005,5048391,5048.391000,12.981561848,0
9151,mapping,iput,4096,1000,16,0,262144,transpose,20261005,5057335,5057.335000,12.958603691,0
9152,mapping,iput,4096,1000,16,0,262144,shuffle,20261005,4986020,4986.020000,13.143950486,0
9153,mapping,iput,32768,1000,16,0,131200,identity,20261005,25584033,25584.033000,20.492781572,0
9154,mapping,iput,32768,1000,16,0,131200,reverse,20261005,25600834,25600.834000,20.479332822,0
9155,mapping,iput,32768,1000,16,0,131200,transpose,20261005,32681225,32681.225000,16.042483108,0
9156,mapping,iput,32768,1000,16,0,131200,shuffle,20261005,32645386,32645.386000,16.060094986,0
9157,mapping,iput,32768,1000,16,0,131328,identity,20261005,25620345,25620.345000,20.463736925,0
9158,mapping,iput,32768,1000,16,0,131328,reverse,20261005,25496124,25496.124000,20.563439368,0
9159,mapping,iput,32768,1000,16,0,131328,transpose,20261005,32380699,32380.699000,16.191373756,0
9160,mapping,iput,32768,1000,16,0,131328,shuffle,20261005,32982948,32982.948000,15.895728908,0
9161,mapping,iput,32768,1000,16,0,135168,identity,20261005,25420257,25420.257000,20.624811150,0
9162,mapping,iput,32768,1000,16,0,135168,reverse,20261005,25849465,25849.465000,20.282354006,0
9163,mapping,iput,32768,1000,16,0,135168,transpose,20261005,33015883,33015.883000,15.879872121,0
9164,mapping,iput,32768,1000,16,0,135168,shuffle,20261005,32121649,32121.649000,16.321951591,0
9165,mapping,iput,32768,1000,16,0,262144,identity,20261005,34542464,34542.464000,15.178071836,0
9166,mapping,iput,32768,1000,16,0,262144,reverse,20261005,34391148,34391.148000,15.244853123,0
9167,mapping,iput,32768,1000,16,0,262144,transpose,20261005,33556871,33556.871000,15.623864335,0
9168,mapping,iput,32768,1000,16,0,262144,shuffle,20261005,34155875,34155.875000,15.349862945,0
9169,mapping,iput,65536,1000,16,0,131200,identity,20261005,51008584,51008.584000,20.556853725,0
9170,mapping,iput,65536,1000,16,0,131200,reverse,20261005,51043312,51043.312000,20.542867594,0
9171,mapping,iput,65536,1000,16,0,131200,transpose,20261005,64806121,64806.121000,16.180200015,0
9172,mapping,iput,65536,1000,16,0,131200,shuffle,20261005,64105746,64105.746000,16.356973679,0
9173,mapping,iput,65536,1000,16,0,131328,identity,20261005,50575800,50575.800000,20.732761518,0
9174,mapping,iput,65536,1000,16,0,131328,reverse,20261005,50643960,50643.960000,20.704857993,0
9175,mapping,iput,65536,1000,16,0,131328,transpose,20261005,64777535,64777.535000,16.187340256,0
9176,mapping,iput,65536,1000,16,0,131328,shuffle,20261005,64985309,64985.309000,16.135585352,0
9177,mapping,iput,65536,1000,16,0,135168,identity,20261005,50745232,50745.232000,20.663537414,0
9178,mapping,iput,65536,1000,16,0,135168,reverse,20261005,50994418,50994.418000,20.562564318,0
9179,mapping,iput,65536,1000,16,0,135168,transpose,20261005,65481973,65481.973000,16.013201068,0
9180,mapping,iput,65536,1000,16,0,135168,shuffle,20261005,65418676,65418.676000,16.028694925,0
9181,mapping,iput,65536,1000,16,0,262144,identity,20261005,67985090,67985.090000,15.423617149,0
9182,mapping,iput,65536,1000,16,0,262144,reverse,20261005,68128530,68128.530000,15.391143769,0
9183,mapping,iput,65536,1000,16,0,262144,transpose,20261005,65998867,65998.867000,15.887787892,0
9184,mapping,iput,65536,1000,16,0,262144,shuffle,20261005,67203743,67203.743000,15.602940449,0
9185,mapping,iput,98304,1000,16,0,131200,identity,20261005,76435838,76435.838000,20.577572526,0
9186,mapping,iput,98304,1000,16,0,131200,reverse,20261005,76370155,76370.155000,20.595270495,0
9187,mapping,iput,98304,1000,16,0,131200,transpose,20261005,98561584,98561.584000,15.958185088,0
9188,mapping,iput,98304,1000,16,0,131200,shuffle,20261005,95825309,95825.309000,16.413868282,0
9189,mapping,iput,98304,1000,16,0,131328,identity,20261005,75607752,75607.752000,20.802946238,0
9190,mapping,iput,98304,1000,16,0,131328,reverse,20261005,75855181,75855.181000,20.735089934,0
9191,mapping,iput,98304,1000,16,0,131328,transpose,20261005,98910323,98910.323000,15.901919560,0
9192,mapping,iput,98304,1000,16,0,131328,shuffle,20261005,96221891,96221.891000,16.346217931,0
9193,mapping,iput,98304,1000,16,0,135168,identity,20261005,76864113,76864.113000,20.462917461,0
9194,mapping,iput,98304,1000,16,0,135168,reverse,20261005,76133022,76133.022000,20.659418984,0
9195,mapping,iput,98304,1000,16,0,135168,transpose,20261005,98388116,98388.116000,15.986320950,0
9196,mapping,iput,98304,1000,16,0,135168,shuffle,20261005,93772663,93772.663000,16.773161278,0
9197,mapping,iput,98304,1000,16,0,262144,identity,20261005,100980419,100980.419000,15.575930617,0
9198,mapping,iput,98304,1000,16,0,262144,reverse,20261005,100957580,100957.580000,15.579454262,0
9199,mapping,iput,98304,1000,16,0,262144,transpose,20261005,97796033,97796.033000,16.083106357,0
9200,mapping,iput,98304,1000,16,0,262144,shuffle,20261005,100002313,100002.313000,15.728276205,0
9201,mapping,iput,131072,1000,16,0,131200,identity,20261005,102762910,102762.910000,20.407674325,0
9202,mapping,iput,131072,1000,16,0,131200,reverse,20261005,103637779,103637.779000,20.235400838,0
9203,mapping,iput,131072,1000,16,0,131200,transpose,20261005,131271879,131271.879000,15.975637859,0
9204,mapping,iput,131072,1000,16,0,131200,shuffle,20261005,125279810,125279.810000,16.739744417,0
9205,mapping,iput,131072,1000,16,0,131328,identity,20261005,102048306,102048.306000,20.550581212,0
9206,mapping,iput,131072,1000,16,0,131328,reverse,20261005,102475005,102475.005000,20.465009980,0
9207,mapping,iput,131072,1000,16,0,131328,transpose,20261005,130300920,130300.920000,16.094682985,0
9208,mapping,iput,131072,1000,16,0,131328,shuffle,20261005,129574707,129574.707000,16.184887071,0
9209,mapping,iput,131072,1000,16,0,135168,identity,20261005,102370121,102370.121000,20.485977544,0
9210,mapping,iput,131072,1000,16,0,135168,reverse,20261005,101731907,101731.907000,20.614496099,0
9211,mapping,iput,131072,1000,16,0,135168,transpose,20261005,130650835,130650.835000,16.051577474,0
9212,mapping,iput,131072,1000,16,0,135168,shuffle,20261005,130607489,130607.489000,16.056904670,0
9213,mapping,iput,131072,1000,16,0,262144,identity,20261005,135163322,135163.322000,15.515688494,0
9214,mapping,iput,131072,1000,16,0,262144,reverse,20261005,135127971,135127.971000,15.519747573,0
9215,mapping,iput,131072,1000,16,0,262144,transpose,20261005,129520854,129520.854000,16.191616525,0
9216,mapping,iput,131072,1000,16,0,262144,shuffle,20261005,132423061,132423.061000,15.836758221,0
9217,mapping,iput,64,10000,16,4,131200,identity,20261005,14676901,1467.690100,0.697694970,0
9218,mapping,iput,64,10000,16,4,131200,reverse,20261005,10165783,1016.578300,1.007300667,0
9219,mapping,iput,64,10000,16,4,131200,transpose,20261005,9183328,918.332800,1.115064168,0
9220,mapping,iput,64,10000,16,4,131200,shuffle,20261005,16866733,1686.673300,0.607112237,0
9221,mapping,iput,64,10000,16,4,131328,identity,20261005,19514644,1951.464400,0.524734143,0
9222,mapping,iput,64,10000,16,4,131328,reverse,20261005,22757246,2275.724600,0.449966573,0
9223,mapping,iput,64,10000,16,4,131328,transpose,20261005,12123638,1212.363800,0.844630960,0
9224,mapping,iput,64,10000,16,4,131328,shuffle,20261005,16476976,1647.697600,0.621473261,0
9225,mapping,iput,64,10000,16,4,135168,identity,20261005,11408970,1140.897000,0.897539392,0
9226,mapping,iput,64,10000,16,4,135168,reverse,20261005,11520077,1152.007700,0.888882948,0
9227,mapping,iput,64,10000,16,4,135168,transpose,20261005,11593132,1159.313200,0.883281584,0
9228,mapping,iput,64,10000,16,4,135168,shuffle,20261005,17778733,1777.873300,0.575969052,0
9229,mapping,iput,64,10000,16,4,262144,identity,20261005,9087452,908.745200,1.126828510,0
9230,mapping,iput,64,10000,16,4,262144,reverse,20261005,9025951,902.595100,1.134506491,0
9231,mapping,iput,64,10000,16,4,262144,transpose,20261005,11448698,1144.869800,0.894424851,0
9232,mapping,iput,64,10000,16,4,262144,shuffle,20261005,13907078,1390.707800,0.736315709,0
9233,mapping,iput,128,10000,16,4,131200,identity,20261005,16232739,1623.273900,1.261647834,0
9234,mapping,iput,128,10000,16,4,131200,reverse,20261005,13781223,1378.122300,1.486080009,0
9235,mapping,iput,128,10000,16,4,131200,transpose,20261005,11316598,1131.659800,1.809731158,0
9236,mapping,iput,128,10000,16,4,131200,shuffle,20261005,18452586,1845.258600,1.109871538,0
9237,mapping,iput,128,10000,16,4,131328,identity,20261005,21274237,2127.423700,0.962666722,0
9238,mapping,iput,128,10000,16,4,131328,reverse,20261005,28340441,2834.044100,0.722642248,0
9239,mapping,iput,128,10000,16,4,131328,transpose,20261005,15384185,1538.418500,1.331237241,0
9240,mapping,iput,128,10000,16,4,131328,shuffle,20261005,18548055,1854.805500,1.104158900,0
9241,mapping,iput,128,10000,16,4,135168,identity,20261005,14085316,1408.531600,1.453996488,0
9242,mapping,iput,128,10000,16,4,135168,reverse,20261005,14272272,1427.227200,1.434950231,0
9243,mapping,iput,128,10000,16,4,135168,transpose,20261005,14445045,1444.504500,1.417787207,0
9244,mapping,iput,128,10000,16,4,135168,shuffle,20261005,19140086,1914.008600,1.070005642,0
9245,mapping,iput,128,10000,16,4,262144,identity,20261005,10474625,1047.462500,1.955201260,0
9246,mapping,iput,128,10000,16,4,262144,reverse,20261005,10502461,1050.246100,1.950019143,0
9247,mapping,iput,128,10000,16,4,262144,transpose,20261005,14274203,1427.420300,1.434756112,0
9248,mapping,iput,128,10000,16,4,262144,shuffle,20261005,15316422,1531.642200,1.337126909,0
9249,mapping,iput,256,10000,16,4,131200,identity,20261005,18845060,1884.506000,2.173513908,0
9250,mapping,iput,256,10000,16,4,131200,reverse,20261005,15220271,1522.027100,2.691147878,0
9251,mapping,iput,256,10000,16,4,131200,transpose,20261005,12858629,1285.862900,3.185409580,0
9252,mapping,iput,256,10000,16,4,131200,shuffle,20261005,20090648,2009.064800,2.038759526,0
9253,mapping,iput,256,10000,16,4,131328,identity,20261005,20811110,2081.111000,1.968179496,0
9254,mapping,iput,256,10000,16,4,131328,reverse,20261005,32503424,3250.342400,1.260174928,0
9255,mapping,iput,256,10000,16,4,131328,transpose,20261005,21012310,2101.231000,1.949333510,0
9256,mapping,iput,256,10000,16,4,131328,shuffle,20261005,18424510,1842.451000,2.223125608,0
9257,mapping,iput,256,10000,16,4,135168,identity,20261005,14209168,1420.916800,2.882645909,0
9258,mapping,iput,256,10000,16,4,135168,reverse,20261005,15658501,1565.850100,2.615831490,0
9259,mapping,iput,256,10000,16,4,135168,transpose,20261005,15514135,1551.413500,2.640172978,0
9260,mapping,iput,256,10000,16,4,135168,shuffle,20261005,19637164,1963.716400,2.085840909,0
9261,mapping,iput,256,10000,16,4,262144,identity,20261005,13591888,1359.188800,3.013562207,0
9262,mapping,iput,256,10000,16,4,262144,reverse,20261005,13620221,1362.022100,3.007293347,0
9263,mapping,iput,256,10000,16,4,262144,transpose,20261005,18144428,1814.442800,2.257442340,0
9264,mapping,iput,256,10000,16,4,262144,shuffle,20261005,19620035,1962.003500,2.087661923,0
9265,mapping,iput,4096,1000,16,4,131200,identity,20261005,6186555,6186.555000,10.593294653,0
9266,mapping,iput,4096,1000,16,4,131200,reverse,20261005,5729188,5729.188000,11.438968315,0
9267,mapping,iput,4096,1000,16,4,131200,transpose,20261005,5718791,5718.791000,11.459764835,0
9268,mapping,iput,4096,1000,16,4,131200,shuffle,20261005,6746324,6746.324000,9.714327388,0
9269,mapping,iput,4096,1000,16,4,131328,identity,20261005,7677578,7677.578000,8.536025293,0
9270,mapping,iput,4096,1000,16,4,131328,reverse,20261005,9721380,9721.380000,6.741429715,0
9271,mapping,iput,4096,1000,16,4,131328,transpose,20261005,6377632,6377.632000,10.275914321,0
9272,mapping,iput,4096,1000,16,4,131328,shuffle,20261005,6579964,6579.964000,9.959932911,0
9273,mapping,iput,4096,1000,16,4,135168,identity,20261005,5706157,5706.157000,11.485137896,0
9274,mapping,iput,4096,1000,16,4,135168,reverse,20261005,5842215,5842.215000,11.217663164,0
9275,mapping,iput,4096,1000,16,4,135168,transpose,20261005,6498265,6498.265000,10.085153499,0
9276,mapping,iput,4096,1000,16,4,135168,shuffle,20261005,6910540,6910.540000,9.483484648,0
9277,mapping,iput,4096,1000,16,4,262144,identity,20261005,6559482,6559.482000,9.991032829,0
9278,mapping,iput,4096,1000,16,4,262144,reverse,20261005,6541168,6541.168000,10.019005780,0
9279,mapping,iput,4096,1000,16,4,262144,transpose,20261005,6776766,6776.766000,9.670689529,0
9280,mapping,iput,4096,1000,16,4,262144,shuffle,20261005,6936190,6936.190000,9.448414764,0
9281,mapping,iput,32768,1000,16,4,131200,identity,20261005,28369358,28369.358000,18.480784796,0
9282,mapping,iput,32768,1000,16,4,131200,reverse,20261005,28500408,28500.408000,18.395806825,0
9283,mapping,iput,32768,1000,16,4,131200,transpose,20261005,35541138,35541.138000,14.751581674,0
9284,mapping,iput,32768,1000,16,4,131200,shuffle,20261005,36029001,36029.001000,14.551832842,0
9285,mapping,iput,32768,1000,16,4,131328,identity,20261005,28358266,28358.266000,18.488013336,0
9286,mapping,iput,32768,1000,16,4,131328,reverse,20261005,28601168,28601.168000,18.330999629,0
9287,mapping,iput,32768,1000,16,4,131328,transpose,20261005,36039907,36039.907000,14.547429326,0
9288,mapping,iput,32768,1000,16,4,131328,shuffle,20261005,35253196,35253.196000,14.872070039,0
9289,mapping,iput,32768,1000,16,4,135168,identity,20261005,28239064,28239.064000,18.566054456,0
9290,mapping,iput,32768,1000,16,4,135168,reverse,20261005,28679342,28679.342000,18.281033086,0
9291,mapping,iput,32768,1000,16,4,135168,transpose,20261005,35531935,35531.935000,14.755402429,0
9292,mapping,iput,32768,1000,16,4,135168,shuffle,20261005,34464771,34464.771000,15.212287353,0
9293,mapping,iput,32768,1000,16,4,262144,identity,20261005,36364857,36364.857000,14.417436043,0
9294,mapping,iput,32768,1000,16,4,262144,reverse,20261005,36596672,36596.672000,14.326111402,0
9295,mapping,iput,32768,1000,16,4,262144,transpose,20261005,36139701,36139.701000,14.507258928,0
9296,mapping,iput,32768,1000,16,4,262144,shuffle,20261005,36429838,36429.838000,14.391719228,0
9297,mapping,iput,65536,1000,16,4,131200,identity,20261005,53300302,53300.302000,19.672984217,0
9298,mapping,iput,65536,1000,16,4,131200,reverse,20261005,53453630,53453.630000,19.616553637,0
9299,mapping,iput,65536,1000,16,4,131200,transpose,20261005,68074576,68074.576000,15.403342358,0
9300,mapping,iput,65536,1000,16,4,131200,shuffle,20261005,67349303,67349.303000,15.569218289,0
9301,mapping,iput,65536,1000,16,4,131328,identity,20261005,53537623,53537.623000,19.585778024,0
9302,mapping,iput,65536,1000,16,4,131328,reverse,20261005,53733786,53733.786000,19.514277293,0
9303,mapping,iput,65536,1000,16,4,131328,transpose,20261005,68302550,68302.550000,15.351930492,0
9304,mapping,iput,65536,1000,16,4,131328,shuffle,20261005,67202815,67202.815000,15.603155909,0
9305,mapping,iput,65536,1000,16,4,135168,identity,20261005,53768278,53768.278000,19.501759011,0
9306,mapping,iput,65536,1000,16,4,135168,reverse,20261005,54117917,54117.917000,19.375764222,0
9307,mapping,iput,65536,1000,16,4,135168,transpose,20261005,68244100,68244.100000,15.365079179,0
9308,mapping,iput,65536,1000,16,4,135168,shuffle,20261005,67093331,67093.331000,15.628617396,0
9309,mapping,iput,65536,1000,16,4,262144,identity,20261005,69863579,69863.579000,15.008907574,0
9310,mapping,iput,65536,1000,16,4,262144,reverse,20261005,69710013,69710.013000,15.041971087,0
9311,mapping,iput,65536,1000,16,4,262144,transpose,20261005,68364434,68364.434000,15.338033809,0
9312,mapping,iput,65536,1000,16,4,262144,shuffle,20261005,69366050,69366.050000,15.116559181,0
9313,mapping,iput,98304,1000,16,4,131200,identity,20261005,78749340,78749.340000,19.973043584,0
9314,mapping,iput,98304,1000,16,4,131200,reverse,20261005,79018620,79018.620000,19.904979358,0
9315,mapping,iput,98304,1000,16,4,131200,transpose,20261005,101586020,101586.020000,15.483075329,0
9316,mapping,iput,98304,1000,16,4,131200,shuffle,20261005,99049208,99049.208000,15.879622177,0
9317,mapping,iput,98304,1000,16,4,131328,identity,20261005,78590105,78590.105000,20.013511879,0
9318,mapping,iput,98304,1000,16,4,131328,reverse,20261005,80027720,80027.720000,19.653989893,0
9319,mapping,iput,98304,1000,16,4,131328,transpose,20261005,100982788,100982.788000,15.575565214,0
9320,mapping,iput,98304,1000,16,4,131328,shuffle,20261005,99652768,99652.768000,15.783445172,0
9321,mapping,iput,98304,1000,16,4,135168,identity,20261005,79570910,79570.910000,19.766821820,0
9322,mapping,iput,98304,1000,16,4,135168,reverse,20261005,79317177,79317.177000,19.830055222,0
9323,mapping,iput,98304,1000,16,4,135168,transpose,20261005,100677287,100677.287000,15.622828613,0
9324,mapping,iput,98304,1000,16,4,135168,shuffle,20261005,97877108,97877.108000,16.069784162,0
9325,mapping,iput,98304,1000,16,4,262144,identity,20261005,103032551,103032.551000,15.265699866,0
9326,mapping,iput,98304,1000,16,4,262144,reverse,20261005,103027919,103027.919000,15.266386192,0
9327,mapping,iput,98304,1000,16,4,262144,transpose,20261005,101181855,101181.855000,15.544921567,0
9328,mapping,iput,98304,1000,16,4,262144,shuffle,20261005,102300653,102300.653000,15.374916522,0
9329,mapping,iput,131072,1000,16,4,131200,identity,20261005,104904754,104904.754000,19.991010131,0
9330,mapping,iput,131072,1000,16,4,131200,reverse,20261005,105361545,105361.545000,19.904339861,0
9331,mapping,iput,131072,1000,16,4,131200,transpose,20261005,134985531,134985.531000,15.536124387,0
9332,mapping,iput,131072,1000,16,4,131200,shuffle,20261005,128997936,128997.936000,16.257252364,0
9333,mapping,iput,131072,1000,16,4,131328,identity,20261005,105480906,105480.906000,19.881816336,0
9334,mapping,iput,131072,1000,16,4,131328,reverse,20261005,107136055,107136.055000,19.574661397,0
9335,mapping,iput,131072,1000,16,4,131328,transpose,20261005,133673174,133673.174000,15.688652684,0
9336,mapping,iput,131072,1000,16,4,131328,shuffle,20261005,129106625,129106.625000,16.243566122,0
9337,mapping,iput,131072,1000,16,4,135168,identity,20261005,105657280,105657.280000,19.848627563,0
9338,mapping,iput,131072,1000,16,4,135168,reverse,20261005,104470786,104470.786000,20.074052090,0
9339,mapping,iput,131072,1000,16,4,135168,transpose,20261005,133417181,133417.181000,15.718755143,0
9340,mapping,iput,131072,1000,16,4,135168,shuffle,20261005,130928927,130928.927000,16.017484051,0
9341,mapping,iput,131072,1000,16,4,262144,identity,20261005,136405736,136405.736000,15.374368128,0
9342,mapping,iput,131072,1000,16,4,262144,reverse,20261005,136860657,136860.657000,15.323264158,0
9343,mapping,iput,131072,1000,16,4,262144,transpose,20261005,133366818,133366.818000,15.724690980,0
9344,mapping,iput,131072,1000,16,4,262144,shuffle,20261005,135053037,135053.037000,15.528358685,0
9345,mapping,iput,64,10000,32,0,131200,identity,20261005,9322402,932.240200,2.196858707,0
9346,mapping,iput,64,10000,32,0,131200,reverse,20261005,9778544,977.854400,2.094381331,0
9347,mapping,iput,64,10000,32,0,131200,transpose,20261005,10635862,1063.586200,1.925560900,0
9348,mapping,iput,64,10000,32,0,131200,shuffle,20261005,10811089,1081.108900,1.894351254,0
9349,mapping,iput,64,10000,32,0,131328,identity,20261005,14706002,1470.600200,1.392628670,0
9350,mapping,iput,64,10000,32,0,131328,reverse,20261005,18816303,1881.630300,1.088417847,0
9351,mapping,iput,64,10000,32,0,131328,transpose,20261005,13797119,1379.711900,1.484367860,0
9352,mapping,iput,64,10000,32,0,131328,shuffle,20261005,13436482,1343.648200,1.524208494,0
9353,mapping,iput,64,10000,32,0,135168,identity,20261005,11025005,1102.500500,1.857595529,0
9354,mapping,iput,64,10000,32,0,135168,reverse,20261005,11058382,1105.838200,1.851988835,0
9355,mapping,iput,64,10000,32,0,135168,transpose,20261005,12049133,1204.913300,1.699707357,0
9356,mapping,iput,64,10000,32,0,135168,shuffle,20261005,15246969,1524.696900,1.343217790,0
9357,mapping,iput,64,10000,32,0,262144,identity,20261005,8736374,873.637400,2.344221985,0
9358,mapping,iput,64,10000,32,0,262144,reverse,20261005,8702528,870.252800,2.353339168,0
9359,mapping,iput,64,10000,32,0,262144,transpose,20261005,10756273,1075.627300,1.904005226,0
9360,mapping,iput,64,10000,32,0,262144,shuffle,20261005,11150306,1115.030600,1.836720894,0
9361,mapping,iput,128,10000,32,0,131200,identity,20261005,2532500,253.250000,16.173741362,0
9362,mapping,iput,128,10000,32,0,131200,reverse,20261005,2527771,252.777100,16.203999492,0
9363,mapping,iput,128,10000,32,0,131200,transpose,20261005,2542070,254.207000,16.112852911,0
9364,mapping,iput,128,10000,32,0,131200,shuffle,20261005,2538848,253.884800,16.133301403,0
9365,mapping,iput,128,10000,32,0,131328,identity,20261005,3206298,320.629800,12.774857484,0
9366,mapping,iput,128,10000,32,0,131328,reverse,20261005,2940636,294.063600,13.928959586,0
9367,mapping,iput,128,10000,32,0,131328,transpose,20261005,2599546,259.954600,15.756597498,0
9368,mapping,iput,128,10000,32,0,131328,shuffle,20261005,2557316,255.731600,16.016792606,0
9369,mapping,iput,128,10000,32,0,135168,identity,20261005,2677801,267.780100,15.296132909,0
9370,mapping,iput,128,10000,32,0,135168,reverse,20261005,2658737,265.873700,15.405811105,0
9371,mapping,iput,128,10000,32,0,135168,transpose,20261005,2666037,266.603700,15.363627737,0
9372,mapping,iput,128,10000,32,0,135168,shuffle,20261005,2679963,267.996300,15.283793097,0
9373,mapping,iput,128,10000,32,0,262144,identity,20261005,2689432,268.943200,15.229981647,0
9374,mapping,iput,128,10000,32,0,262144,reverse,20261005,2683080,268.308000,15.266037539,0
9375,mapping,iput,128,10000,32,0,262144,transpose,20261005,2648833,264.883300,15.463413511,0
9376,mapping,iput,128,10000,32,0,262144,shuffle,20261005,2660144,266.014400,15.397662683,0
9377,mapping,iput,256,10000,32,0,131200,identity,20261005,4356769,435.676900,18.802924828,0
9378,mapping,iput,256,10000,32,0,131200,reverse,20261005,4129981,412.998100,19.835442342,0
9379,mapping,iput,256,10000,32,0,131200,transpose,20261005,4453193,445.319300,18.395789269,0
9380,mapping,iput,256,10000,32,0,131200,shuffle,20261005,4558389,455.838900,17.971261338,0
9381,mapping,iput,256,10000,32,0,131328,identity,20261005,6138709,613.870900,13.344825435,0
9382,mapping,iput,256,10000,32,0,131328,reverse,20261005,5627045,562.704500,14.558262818,0
9383,mapping,iput,256,10000,32,0,131328,transpose,20261005,4735034,473.503400,17.300826140,0
9384,mapping,iput,256,10000,32,0,131328,shuffle,20261005,4696260,469.626000,17.443667940,0
9385,mapping,iput,256,10000,32,0,135168,identity,20261005,4270151,427.015100,19.184333294,0
9386,mapping,iput,256,10000,32,0,135168,reverse,20261005,4224387,422.438700,19.392162697,0
9387,mapping,iput,256,10000,32,0,135168,transpose,20261005,4441819,444.181900,18.442894679,0
9388,mapping,iput,256,10000,32,0,135168,shuffle,20261005,4671423,467.142300,17.536412352,0
9389,mapping,iput,256,10000,32,0,262144,identity,20261005,4347665,434.766500,18.842298107,0
9390,mapping,iput,256,10000,32,0,262144,reverse,20261005,4245867,424.586700,19.294057021,0
9391,mapping,iput,256,10000,32,0,262144,transpose,20261005,4234739,423.473900,19.344757729,0
9392,mapping,iput,256,10000,32,0,262144,shuffle,20261005,4401489,440.148900,18.611883388,0
9393,mapping,iput,4096,1000,32,0,131200,identity,20261005,7760353,7760.353000,16.889953331,0
9394,mapping,iput,4096,1000,32,0,131200,reverse,20261005,7712094,7712.094000,16.995643466,0
9395,mapping,iput,4096,1000,32,0,131200,transpose,20261005,8753570,8753.570000,14.973547935,0
9396,mapping,iput,4096,1000,32,0,131200,shuffle,20261005,9185833,9185.833000,14.268929122,0
9397,mapping,iput,4096,1000,32,0,131328,identity,20261005,7666556,7666.556000,17.096594612,0
9398,mapping,iput,4096,1000,32,0,131328,reverse,20261005,7744815,7744.815000,16.923838723,0
9399,mapping,iput,4096,1000,32,0,131328,transpose,20261005,8936219,8936.219000,14.667500875,0
9400,mapping,iput,4096,1000,32,0,131328,shuffle,20261005,8997291,8997.291000,14.567940506,0
9401,mapping,iput,4096,1000,32,0,135168,identity,20261005,7787496,7787.496000,16.831084087,0
9402,mapping,iput,4096,1000,32,0,135168,reverse,20261005,8128837,8128.837000,16.124323812,0
9403,mapping,iput,4096,1000,32,0,135168,transpose,20261005,8902245,8902.245000,14.723477056,0
9404,mapping,iput,4096,1000,32,0,135168,shuffle,20261005,9305537,9305.537000,14.085377340,0
9405,mapping,iput,4096,1000,32,0,262144,identity,20261005,9962701,9962.701000,13.156271577,0
9406,mapping,iput,4096,1000,32,0,262144,reverse,20261005,9785801,9785.801000,13.394100289,0
9407,mapping,iput,4096,1000,32,0,262144,transpose,20261005,9917941,9917.941000,13.215646272,0
9408,mapping,iput,4096,1000,32,0,262144,shuffle,20261005,9797566,9797.566000,13.378016540,0
9409,mapping,iput,32768,1000,32,0,131200,identity,20261005,56228220,56228.220000,18.648571838,0
9410,mapping,iput,32768,1000,32,0,131200,reverse,20261005,56133415,56133.415000,18.680067835,0
9411,mapping,iput,32768,1000,32,0,131200,transpose,20261005,68416111,68416.111000,15.326448474,0
9412,mapping,iput,32768,1000,32,0,131200,shuffle,20261005,68548302,68548.302000,15.296892402,0
9413,mapping,iput,32768,1000,32,0,131328,identity,20261005,56196318,56196.318000,18.659158417,0
9414,mapping,iput,32768,1000,32,0,131328,reverse,20261005,56080534,56080.534000,18.697682158,0
9415,mapping,iput,32768,1000,32,0,131328,transpose,20261005,69566918,69566.918000,15.072911524,0
9416,mapping,iput,32768,1000,32,0,131328,shuffle,20261005,68502040,68502.040000,15.307222967,0
9417,mapping,iput,32768,1000,32,0,135168,identity,20261005,59393784,59393.784000,17.654642109,0
9418,mapping,iput,32768,1000,32,0,135168,reverse,20261005,60583440,60583.440000,17.307964024,0
9419,mapping,iput,32768,1000,32,0,135168,transpose,20261005,68325848,68325.848000,15.346695734,0
9420,mapping,iput,32768,1000,32,0,135168,shuffle,20261005,68554563,68554.563000,15.295495356,0
9421,mapping,iput,32768,1000,32,0,262144,identity,20261005,74173196,74173.196000,14.136858819,0
9422,mapping,iput,32768,1000,32,0,262144,reverse,20261005,73857413,73857.413000,14.197302037,0
9423,mapping,iput,32768,1000,32,0,262144,transpose,20261005,73474196,73474.196000,14.271350448,0
9424,mapping,iput,32768,1000,32,0,262144,shuffle,20261005,73369890,73369.890000,14.291639254,0
9425,mapping,iput,65536,1000,32,0,131200,identity,20261005,111837013,111837.013000,18.751859905,0
9426,mapping,iput,65536,1000,32,0,131200,reverse,20261005,111863546,111863.546000,18.747412137,0
9427,mapping,iput,65536,1000,32,0,131200,transpose,20261005,136394851,136394.851000,15.375595080,0
9428,mapping,iput,65536,1000,32,0,131200,shuffle,20261005,135551775,135551.775000,15.471224925,0
9429,mapping,iput,65536,1000,32,0,131328,identity,20261005,111475326,111475.326000,18.812701207,0
9430,mapping,iput,65536,1000,32,0,131328,reverse,20261005,111776667,111776.667000,18.761983662,0
9431,mapping,iput,65536,1000,32,0,131328,transpose,20261005,138321851,138321.851000,15.161393408,0
9432,mapping,iput,65536,1000,32,0,131328,shuffle,20261005,136569938,136569.938000,15.355883079,0
9433,mapping,iput,65536,1000,32,0,135168,identity,20261005,116828957,116828.957000,17.950618184,0
9434,mapping,iput,65536,1000,32,0,135168,reverse,20261005,117778312,117778.312000,17.805926782,0
9435,mapping,iput,65536,1000,32,0,135168,transpose,20261005,135134139,135134.139000,15.519039197,0
9436,mapping,iput,65536,1000,32,0,135168,shuffle,20261005,138418136,138418.136000,15.150846996,0
9437,mapping,iput,65536,1000,32,0,262144,identity,20261005,146850251,146850.251000,14.280888086,0
9438,mapping,iput,65536,1000,32,0,262144,reverse,20261005,146537336,146537.336000,14.311383414,0
9439,mapping,iput,65536,1000,32,0,262144,transpose,20261005,145443548,145443.548000,14.419010185,0
9440,mapping,iput,65536,1000,32,0,262144,shuffle,20261005,145049874,145049.874000,14.458144238,0
9441,mapping,iput,98304,1000,32,0,131200,identity,20261005,167457396,167457.396000,18.785243740,0
9442,mapping,iput,98304,1000,32,0,131200,reverse,20261005,167775278,167775.278000,18.749651543,0
9443,mapping,iput,98304,1000,32,0,131200,transpose,20261005,205508000,205508.000000,15.307082936,0
9444,mapping,iput,98304,1000,32,0,131200,shuffle,20261005,203462882,203462.882000,15.460942896,0
9445,mapping,iput,98304,1000,32,0,131328,identity,20261005,169034001,169034.001000,18.610031008,0
9446,mapping,iput,98304,1000,32,0,131328,reverse,20261005,169059288,169059.288000,18.607247417,0
9447,mapping,iput,98304,1000,32,0,131328,transpose,20261005,208039395,208039.395000,15.120828437,0
9448,mapping,iput,98304,1000,32,0,131328,shuffle,20261005,203761939,203761.939000,15.438251204,0
9449,mapping,iput,98304,1000,32,0,135168,identity,20261005,172062926,172062.926000,18.282427674,0
9450,mapping,iput,98304,1000,32,0,135168,reverse,20261005,177577312,177577.312000,17.714695445,0
9451,mapping,iput,98304,1000,32,0,135168,transpose,20261005,204478983,204478.983000,15.384114073,0
9452,mapping,iput,98304,1000,32,0,135168,shuffle,20261005,206544164,206544.164000,15.230292346,0
9453,mapping,iput,98304,1000,32,0,262144,identity,20261005,219247947,219247.947000,14.347810518,0
9454,mapping,iput,98304,1000,32,0,262144,reverse,20261005,220455647,220455.647000,14.269210351,0
9455,mapping,iput,98304,1000,32,0,262144,transpose,20261005,218066626,218066.626000,14.425536166,0
9456,mapping,iput,98304,1000,32,0,262144,shuffle,20261005,217584412,217584.412000,14.457506267,0
9457,mapping,iput,131072,1000,32,0,131200,identity,20261005,226046911,226046.911000,18.555015777,0
9458,mapping,iput,131072,1000,32,0,131200,reverse,20261005,225881746,225881.746000,18.568583227,0
9459,mapping,iput,131072,1000,32,0,131200,transpose,20261005,274042858,274042.858000,15.305284840,0
9460,mapping,iput,131072,1000,32,0,131200,shuffle,20261005,270716422,270716.422000,15.493348978,0
9461,mapping,iput,131072,1000,32,0,131328,identity,20261005,226891096,226891.096000,18.485978842,0
9462,mapping,iput,131072,1000,32,0,131328,reverse,20261005,226937913,226937.913000,18.482165208,0
9463,mapping,iput,131072,1000,32,0,131328,transpose,20261005,277005050,277005.050000,15.141615649,0
9464,mapping,iput,131072,1000,32,0,131328,shuffle,20261005,270140121,270140.121000,15.526401574,0
9465,mapping,iput,131072,1000,32,0,135168,identity,20261005,235433447,235433.447000,17.815242708,0
9466,mapping,iput,131072,1000,32,0,135168,reverse,20261005,225532433,225532.433000,18.597342937,0
9467,mapping,iput,131072,1000,32,0,135168,transpose,20261005,274343021,274343.021000,15.288539088,0
9468,mapping,iput,131072,1000,32,0,135168,shuffle,20261005,274296137,274296.137000,15.291152278,0
9469,mapping,iput,131072,1000,32,0,262144,identity,20261005,293905498,293905.498000,14.270927317,0
9470,mapping,iput,131072,1000,32,0,262144,reverse,20261005,293047541,293047.541000,14.312708394,0
9471,mapping,iput,131072,1000,32,0,262144,transpose,20261005,289943584,289943.584000,14.465931414,0
9472,mapping,iput,131072,1000,32,0,262144,shuffle,20261005,289619008,289619.008000,14.482143382,0
9473,mapping,iput,64,10000,32,4,131200,identity,20261005,17659201,1765.920100,1.159735370,0
9474,mapping,iput,64,10000,32,4,131200,reverse,20261005,19410504,1941.050400,1.055098827,0
9475,mapping,iput,64,10000,32,4,131200,transpose,20261005,20398092,2039.809200,1.004015474,0
9476,mapping,iput,64,10000,32,4,131200,shuffle,20261005,20555887,2055.588700,0.996308260,0
9477,mapping,iput,64,10000,32,4,131328,identity,20261005,26387567,2638.756700,0.776123089,0
9478,mapping,iput,64,10000,32,4,131328,reverse,20261005,36645038,3664.503800,0.558875120,0
9479,mapping,iput,64,10000,32,4,131328,transpose,20261005,24164239,2416.423900,0.847533415,0
9480,mapping,iput,64,10000,32,4,131328,shuffle,20261005,25078055,2507.805500,0.816650255,0
9481,mapping,iput,64,10000,32,4,135168,identity,20261005,20890463,2089.046300,0.980351656,0
9482,mapping,iput,64,10000,32,4,135168,reverse,20261005,20899070,2089.907000,0.979947912,0
9483,mapping,iput,64,10000,32,4,135168,transpose,20261005,23054042,2305.404200,0.888347475,0
9484,mapping,iput,64,10000,32,4,135168,shuffle,20261005,28865677,2886.567700,0.709493146,0
9485,mapping,iput,64,10000,32,4,262144,identity,20261005,16033963,1603.396300,1.277288715,0
9486,mapping,iput,64,10000,32,4,262144,reverse,20261005,16059800,1605.980000,1.275233814,0
9487,mapping,iput,64,10000,32,4,262144,transpose,20261005,20594698,2059.469800,0.994430703,0
9488,mapping,iput,64,10000,32,4,262144,shuffle,20261005,21335961,2133.596100,0.959881770,0
9489,mapping,iput,128,10000,32,4,131200,identity,20261005,24933441,2493.344100,1.642773655,0
9490,mapping,iput,128,10000,32,4,131200,reverse,20261005,23822741,2382.274100,1.719365542,0
9491,mapping,iput,128,10000,32,4,131200,transpose,20261005,24508104,2450.810400,1.671283915,0
9492,mapping,iput,128,10000,32,4,131200,shuffle,20261005,27974837,2797.483700,1.464172964,0
9493,mapping,iput,128,10000,32,4,131328,identity,20261005,33918398,3391.839800,1.207604203,0
9494,mapping,iput,128,10000,32,4,131328,reverse,20261005,42089800,4208.980000,0.973157392,0
9495,mapping,iput,128,10000,32,4,131328,transpose,20261005,30394424,3039.442400,1.347615602,0
9496,mapping,iput,128,10000,32,4,131328,shuffle,20261005,31829090,3182.909000,1.286873109,0
9497,mapping,iput,128,10000,32,4,135168,identity,20261005,31705309,3170.530900,1.291897202,0
9498,mapping,iput,128,10000,32,4,135168,reverse,20261005,31552253,3155.225300,1.298164033,0
9499,mapping,iput,128,10000,32,4,135168,transpose,20261005,33406944,3340.694400,1.226092396,0
9500,mapping,iput,128,10000,32,4,135168,shuffle,20261005,38603715,3860.371500,1.061037778,0
9501,mapping,iput,128,10000,32,4,262144,identity,20261005,24333215,2433.321500,1.683295857,0
9502,mapping,iput,128,10000,32,4,262144,reverse,20261005,24421950,2442.195000,1.677179750,0
9503,mapping,iput,128,10000,32,4,262144,transpose,20261005,30412576,3041.257600,1.346811266,0
9504,mapping,iput,128,10000,32,4,262144,shuffle,20261005,30659966,3065.996600,1.335944078,0
9505,mapping,iput,256,10000,32,4,131200,identity,20261005,28532834,2853.283400,2.871078281,0
9506,mapping,iput,256,10000,32,4,131200,reverse,20261005,29021308,2902.130800,2.822753544,0
9507,mapping,iput,256,10000,32,4,131200,transpose,20261005,27748072,2774.807200,2.952277189,0
9508,mapping,iput,256,10000,32,4,131200,shuffle,20261005,29853520,2985.352000,2.744065021,0
9509,mapping,iput,256,10000,32,4,131328,identity,20261005,45741794,4574.179400,1.790922324,0
9510,mapping,iput,256,10000,32,4,131328,reverse,20261005,53647790,5364.779000,1.526996732,0
9511,mapping,iput,256,10000,32,4,131328,transpose,20261005,38759781,3875.978100,2.113531034,0
9512,mapping,iput,256,10000,32,4,131328,shuffle,20261005,35519361,3551.936100,2.306347797,0
9513,mapping,iput,256,10000,32,4,135168,identity,20261005,33894638,3389.463800,2.416901458,0
9514,mapping,iput,256,10000,32,4,135168,reverse,20261005,36219137,3621.913700,2.261787739,0
9515,mapping,iput,256,10000,32,4,135168,transpose,20261005,34817462,3481.746200,2.352842375,0
9516,mapping,iput,256,10000,32,4,135168,shuffle,20261005,34924140,3492.414000,2.345655469,0
9517,mapping,iput,256,10000,32,4,262144,identity,20261005,29673578,2967.357800,2.760705163,0
9518,mapping,iput,256,10000,32,4,262144,reverse,20261005,29756186,2975.618600,2.753040998,0
9519,mapping,iput,256,10000,32,4,262144,transpose,20261005,36352379,3635.237900,2.253497632,0
9520,mapping,iput,256,10000,32,4,262144,shuffle,20261005,34430942,3443.094200,2.379255264,0
9521,mapping,iput,4096,1000,32,4,131200,identity,20261005,12533289,12533.289000,10.457909332,0
9522,mapping,iput,4096,1000,32,4,131200,reverse,20261005,11720224,11720.224000,11.183404003,0
9523,mapping,iput,4096,1000,32,4,131200,transpose,20261005,12164658,12164.658000,10.774819974,0
9524,mapping,iput,4096,1000,32,4,131200,shuffle,20261005,14021651,14021.651000,9.347829296,0
9525,mapping,iput,4096,1000,32,4,131328,identity,20261005,14316314,14316.314000,9.155429254,0
9526,mapping,iput,4096,1000,32,4,131328,reverse,20261005,17417594,17417.594000,7.525264396,0
9527,mapping,iput,4096,1000,32,4,131328,transpose,20261005,13182764,13182.764000,9.942679699,0
9528,mapping,iput,4096,1000,32,4,131328,shuffle,20261005,13801839,13801.839000,9.496705475,0
9529,mapping,iput,4096,1000,32,4,135168,identity,20261005,12262767,12262.767000,10.688615383,0
9530,mapping,iput,4096,1000,32,4,135168,reverse,20261005,12202797,12202.797000,10.741144018,0
9531,mapping,iput,4096,1000,32,4,135168,transpose,20261005,13433690,13433.690000,9.756961788,0
9532,mapping,iput,4096,1000,32,4,135168,shuffle,20261005,15062311,15062.311000,8.701984709,0
9533,mapping,iput,4096,1000,32,4,262144,identity,20261005,13127775,13127.775000,9.984327123,0
9534,mapping,iput,4096,1000,32,4,262144,reverse,20261005,13280199,13280.199000,9.869731621,0
9535,mapping,iput,4096,1000,32,4,262144,transpose,20261005,14258911,14258.911000,9.192286844,0
9536,mapping,iput,4096,1000,32,4,262144,shuffle,20261005,14415383,14415.383000,9.092509023,0
9537,mapping,iput,32768,1000,32,4,131200,identity,20261005,62298740,62298.740000,16.831415852,0
9538,mapping,iput,32768,1000,32,4,131200,reverse,20261005,62275448,62275.448000,16.837711067,0
9539,mapping,iput,32768,1000,32,4,131200,transpose,20261005,75020780,75020.780000,13.977140734,0
9540,mapping,iput,32768,1000,32,4,131200,shuffle,20261005,74389182,74389.182000,14.095813018,0
9541,mapping,iput,32768,1000,32,4,131328,identity,20261005,62504397,62504.397000,16.776035772,0
9542,mapping,iput,32768,1000,32,4,131328,reverse,20261005,62210344,62210.344000,16.855331969,0
9543,mapping,iput,32768,1000,32,4,131328,transpose,20261005,74498757,74498.757000,14.075080474,0
9544,mapping,iput,32768,1000,32,4,131328,shuffle,20261005,74209584,74209.584000,14.129926938,0
9545,mapping,iput,32768,1000,32,4,135168,identity,20261005,63212411,63212.411000,16.588134884,0
9546,mapping,iput,32768,1000,32,4,135168,reverse,20261005,65891341,65891.341000,15.913714672,0
9547,mapping,iput,32768,1000,32,4,135168,transpose,20261005,71917585,71917.585000,14.580244873,0
9548,mapping,iput,32768,1000,32,4,135168,shuffle,20261005,73924358,73924.358000,14.184445132,0
9549,mapping,iput,32768,1000,32,4,262144,identity,20261005,77030035,77030.035000,13.612560347,0
9550,mapping,iput,32768,1000,32,4,262144,reverse,20261005,76913504,76913.504000,13.633184623,0
9551,mapping,iput,32768,1000,32,4,262144,transpose,20261005,77029450,77029.450000,13.612663728,0
9552,mapping,iput,32768,1000,32,4,262144,shuffle,20261005,76960722,76960.722000,13.624820204,0
9553,mapping,iput,65536,1000,32,4,131200,identity,20261005,117787388,117787.388000,17.804554763,0
9554,mapping,iput,65536,1000,32,4,131200,reverse,20261005,117676516,117676.516000,17.821329789,0
9555,mapping,iput,65536,1000,32,4,131200,transpose,20261005,142925385,142925.385000,14.673054755,0
9556,mapping,iput,65536,1000,32,4,131200,shuffle,20261005,142068923,142068.923000,14.761511214,0
9557,mapping,iput,65536,1000,32,4,131328,identity,20261005,118169353,118169.353000,17.747004166,0
9558,mapping,iput,65536,1000,32,4,131328,reverse,20261005,117762122,117762.122000,17.808374751,0
9559,mapping,iput,65536,1000,32,4,131328,transpose,20261005,143117136,143117.136000,14.653395524,0
9560,mapping,iput,65536,1000,32,4,131328,shuffle,20261005,141453349,141453.349000,14.825750078,0
9561,mapping,iput,65536,1000,32,4,135168,identity,20261005,119984955,119984.955000,17.478458028,0
9562,mapping,iput,65536,1000,32,4,135168,reverse,20261005,120870885,120870.885000,17.350348680,0
9563,mapping,iput,65536,1000,32,4,135168,transpose,20261005,138152470,138152.470000,15.179981943,0
9564,mapping,iput,65536,1000,32,4,135168,shuffle,20261005,142250554,142250.554000,14.742663146,0
9565,mapping,iput,65536,1000,32,4,262144,identity,20261005,149722886,149722.886000,14.006890036,0
9566,mapping,iput,65536,1000,32,4,262144,reverse,20261005,149143617,149143.617000,14.061292345,0
9567,mapping,iput,65536,1000,32,4,262144,transpose,20261005,149084083,149084.083000,14.066907465,0
9568,mapping,iput,65536,1000,32,4,262144,shuffle,20261005,148376005,148376.005000,14.134037373,0
9569,mapping,iput,98304,1000,32,4,131200,identity,20261005,173927578,173927.578000,18.086424454,0
9570,mapping,iput,98304,1000,32,4,131200,reverse,20261005,174182622,174182.622000,18.059941709,0
9571,mapping,iput,98304,1000,32,4,131200,transpose,20261005,212056604,212056.604000,14.834378843,0
9572,mapping,iput,98304,1000,32,4,131200,shuffle,20261005,209675045,209675.045000,15.002872659,0
9573,mapping,iput,98304,1000,32,4,131328,identity,20261005,174338586,174338.586000,18.043785212,0
9574,mapping,iput,98304,1000,32,4,131328,reverse,20261005,177221096,177221.096000,17.750302142,0
9575,mapping,iput,98304,1000,32,4,131328,transpose,20261005,212802251,212802.251000,14.782400023,0
9576,mapping,iput,98304,1000,32,4,131328,shuffle,20261005,208940010,208940.010000,15.055651620,0
9577,mapping,iput,98304,1000,32,4,135168,identity,20261005,181198659,181198.659000,17.360658282,0
9578,mapping,iput,98304,1000,32,4,135168,reverse,20261005,178187136,178187.136000,17.654069034,0
9579,mapping,iput,98304,1000,32,4,135168,transpose,20261005,206749705,206749.705000,15.215151093,0
9580,mapping,iput,98304,1000,32,4,135168,shuffle,20261005,212943027,212943.027000,14.772627422,0
9581,mapping,iput,98304,1000,32,4,262144,identity,20261005,223157289,223157.289000,14.096460905,0
9582,mapping,iput,98304,1000,32,4,262144,reverse,20261005,222912303,222912.303000,14.111953255,0
9583,mapping,iput,98304,1000,32,4,262144,transpose,20261005,222275754,222275.754000,14.152366794,0
9584,mapping,iput,98304,1000,32,4,262144,shuffle,20261005,220300953,220300.953000,14.279230104,0
9585,mapping,iput,131072,1000,32,4,131200,identity,20261005,231767139,231767.139000,18.097060774,0
9586,mapping,iput,131072,1000,32,4,131200,reverse,20261005,233025272,233025.272000,17.999352448,0
9587,mapping,iput,131072,1000,32,4,131200,transpose,20261005,279900177,279900.177000,14.984999456,0
9588,mapping,iput,131072,1000,32,4,131200,shuffle,20261005,276379611,276379.611000,15.175880684,0
9589,mapping,iput,131072,1000,32,4,131328,identity,20261005,233168915,233168.915000,17.988264002,0
9590,mapping,iput,131072,1000,32,4,131328,reverse,20261005,233779583,233779.583000,17.941275907,0
9591,mapping,iput,131072,1000,32,4,131328,transpose,20261005,281600960,281600.960000,14.894494678,0
9592,mapping,iput,131072,1000,32,4,131328,shuffle,20261005,275373918,275373.918000,15.231304513,0
9593,mapping,iput,131072,1000,32,4,135168,identity,20261005,242043168,242043.168000,17.328743607,0
9594,mapping,iput,131072,1000,32,4,135168,reverse,20261005,232483645,232483.645000,18.041286302,0
9595,mapping,iput,131072,1000,32,4,135168,transpose,20261005,277432525,277432.525000,15.118285068,0
9596,mapping,iput,131072,1000,32,4,135168,shuffle,20261005,279184521,279184.521000,15.023411703,0
9597,mapping,iput,131072,1000,32,4,262144,identity,20261005,296510438,296510.438000,14.145552610,0
9598,mapping,iput,131072,1000,32,4,262144,reverse,20261005,295726298,295726.298000,14.183060581,0
9599,mapping,iput,131072,1000,32,4,262144,transpose,20261005,294480771,294480.771000,14.243048827,0
9600,mapping,iput,131072,1000,32,4,262144,shuffle,20261005,292884811,292884.811000,14.320660691,0
9601,mapping,iput,64,10000,64,0,131200,identity,20261005,19160428,1916.042800,2.137739303,0
9602,mapping,iput,64,10000,64,0,131200,reverse,20261005,19177734,1917.773400,2.135810206,0
9603,mapping,iput,64,10000,64,0,131200,transpose,20261005,19126579,1912.657900,2.141522538,0
9604,mapping,iput,64,10000,64,0,131200,shuffle,20261005,19116677,1911.667700,2.142631797,0
9605,mapping,iput,64,10000,64,0,131328,identity,20261005,23416168,2341.616800,1.749218745,0
9606,mapping,iput,64,10000,64,0,131328,reverse,20261005,22908090,2290.809000,1.788014627,0
9607,mapping,iput,64,10000,64,0,131328,transpose,20261005,23573300,2357.330000,1.737559018,0
9608,mapping,iput,64,10000,64,0,131328,shuffle,20261005,23473197,2347.319700,1.744968953,0
9609,mapping,iput,64,10000,64,0,135168,identity,20261005,24593506,2459.350600,1.665480310,0
9610,mapping,iput,64,10000,64,0,135168,reverse,20261005,24653515,2465.351500,1.661426373,0
9611,mapping,iput,64,10000,64,0,135168,transpose,20261005,24597961,2459.796100,1.665178671,0
9612,mapping,iput,64,10000,64,0,135168,shuffle,20261005,24734308,2473.430800,1.655999432,0
9613,mapping,iput,64,10000,64,0,262144,identity,20261005,18578489,1857.848900,2.204700285,0
9614,mapping,iput,64,10000,64,0,262144,reverse,20261005,18497327,1849.732700,2.214374001,0
9615,mapping,iput,64,10000,64,0,262144,transpose,20261005,18800505,1880.050500,2.178664882,0
9616,mapping,iput,64,10000,64,0,262144,shuffle,20261005,18630567,1863.056700,2.198537489,0
9617,mapping,iput,128,10000,64,0,131200,identity,20261005,4349327,434.932700,18.835097936,0
9618,mapping,iput,128,10000,64,0,131200,reverse,20261005,4348477,434.847700,18.838779646,0
9619,mapping,iput,128,10000,64,0,131200,transpose,20261005,4399026,439.902600,18.622304119,0
9620,mapping,iput,128,10000,64,0,131200,shuffle,20261005,4434442,443.444200,18.473575706,0
9621,mapping,iput,128,10000,64,0,131328,identity,20261005,4733807,473.380700,17.305310504,0
9622,mapping,iput,128,10000,64,0,131328,reverse,20261005,4745277,474.527700,17.263481141,0
9623,mapping,iput,128,10000,64,0,131328,transpose,20261005,4790430,479.043000,17.100761310,0
9624,mapping,iput,128,10000,64,0,131328,shuffle,20261005,4739567,473.956700,17.284279345,0
9625,mapping,iput,128,10000,64,0,135168,identity,20261005,5452452,545.245200,15.024433044,0
9626,mapping,iput,128,10000,64,0,135168,reverse,20261005,5479521,547.952100,14.950211889,0
9627,mapping,iput,128,10000,64,0,135168,transpose,20261005,5500378,550.037800,14.893521863,0
9628,mapping,iput,128,10000,64,0,135168,shuffle,20261005,5460259,546.025900,15.002951325,0
9629,mapping,iput,128,10000,64,0,262144,identity,20261005,5566857,556.685700,14.715664512,0
9630,mapping,iput,128,10000,64,0,262144,reverse,20261005,5582871,558.287100,14.673453856,0
9631,mapping,iput,128,10000,64,0,262144,transpose,20261005,5542717,554.271700,14.779755127,0
9632,mapping,iput,128,10000,64,0,262144,shuffle,20261005,5559292,555.929200,14.735689365,0
9633,mapping,iput,256,10000,64,0,131200,identity,20261005,8827346,882.734600,18.560505049,0
9634,mapping,iput,256,10000,64,0,131200,reverse,20261005,8828678,882.867800,18.557704789,0
9635,mapping,iput,256,10000,64,0,131200,transpose,20261005,9048815,904.881500,18.106238220,0
9636,mapping,iput,256,10000,64,0,131200,shuffle,20261005,8805751,880.575100,18.606022360,0
9637,mapping,iput,256,10000,64,0,131328,identity,20261005,9094457,909.445700,18.015369142,0
9638,mapping,iput,256,10000,64,0,131328,reverse,20261005,9113100,911.310000,17.978514446,0
9639,mapping,iput,256,10000,64,0,131328,transpose,20261005,9078595,907.859500,18.046845354,0
9640,mapping,iput,256,10000,64,0,131328,shuffle,20261005,9143338,914.333800,17.919057570,0
9641,mapping,iput,256,10000,64,0,135168,identity,20261005,8908532,890.853200,18.391357858,0
9642,mapping,iput,256,10000,64,0,135168,reverse,20261005,8992691,899.269100,18.219240492,0
9643,mapping,iput,256,10000,64,0,135168,transpose,20261005,8969472,896.947200,18.266404087,0
9644,mapping,iput,256,10000,64,0,135168,shuffle,20261005,8959357,895.935700,18.287026625,0
9645,mapping,iput,256,10000,64,0,262144,identity,20261005,8728919,872.891900,18.769792686,0
9646,mapping,iput,256,10000,64,0,262144,reverse,20261005,8818418,881.841800,18.579296196,0
9647,mapping,iput,256,10000,64,0,262144,transpose,20261005,8872301,887.230100,18.466460955,0
9648,mapping,iput,256,10000,64,0,262144,shuffle,20261005,8835220,883.522000,18.543963818,0
9649,mapping,iput,4096,1000,64,0,131200,identity,20261005,17507927,17507.927000,14.972874858,0
9650,mapping,iput,4096,1000,64,0,131200,reverse,20261005,17525943,17525.943000,14.957483315,0
9651,mapping,iput,4096,1000,64,0,131200,transpose,20261005,19231609,19231.609000,13.630892766,0
9652,mapping,iput,4096,1000,64,0,131200,shuffle,20261005,19166949,19166.949000,13.676876795,0
9653,mapping,iput,4096,1000,64,0,131328,identity,20261005,17431587,17431.587000,15.038447159,0
9654,mapping,iput,4096,1000,64,0,131328,reverse,20261005,17532613,17532.613000,14.951792981,0
9655,mapping,iput,4096,1000,64,0,131328,transpose,20261005,19324355,19324.355000,13.565472172,0
9656,mapping,iput,4096,1000,64,0,131328,shuffle,20261005,19224476,19224.476000,13.635950337,0
9657,mapping,iput,4096,1000,64,0,135168,identity,20261005,18185687,18185.687000,14.414852736,0
9658,mapping,iput,4096,1000,64,0,135168,reverse,20261005,18140326,18140.326000,14.450897961,0
9659,mapping,iput,4096,1000,64,0,135168,transpose,20261005,18610855,18610.855000,14.085543088,0
9660,mapping,iput,4096,1000,64,0,135168,shuffle,20261005,19072543,19072.543000,13.744575120,0
9661,mapping,iput,4096,1000,64,0,262144,identity,20261005,20120952,20120.952000,13.028409391,0
9662,mapping,iput,4096,1000,64,0,262144,reverse,20261005,20292294,20292.294000,12.918401438,0
9663,mapping,iput,4096,1000,64,0,262144,transpose,20261005,20416781,20416.781000,12.839634220,0
9664,mapping,iput,4096,1000,64,0,262144,shuffle,20261005,20086754,20086.754000,13.050590454,0
9665,mapping,iput,32768,1000,64,0,131200,identity,20261005,135245419,135245.419000,15.506270124,0
9666,mapping,iput,32768,1000,64,0,131200,reverse,20261005,134926747,134926.747000,15.542893063,0
9667,mapping,iput,32768,1000,64,0,131200,transpose,20261005,151541660,151541.660000,13.838782022,0
9668,mapping,iput,32768,1000,64,0,131200,shuffle,20261005,148531076,148531.076000,14.119281005,0
9669,mapping,iput,32768,1000,64,0,131328,identity,20261005,135056675,135056.675000,15.527940400,0
9670,mapping,iput,32768,1000,64,0,131328,reverse,20261005,135804432,135804.432000,15.442441525,0
9671,mapping,iput,32768,1000,64,0,131328,transpose,20261005,153857051,153857.051000,13.630522530,0
9672,mapping,iput,32768,1000,64,0,131328,shuffle,20261005,149980331,149980.331000,13.982846857,0
9673,mapping,iput,32768,1000,64,0,135168,identity,20261005,140182389,140182.389000,14.960167357,0
9674,mapping,iput,32768,1000,64,0,135168,reverse,20261005,140255674,140255.674000,14.952350520,0
9675,mapping,iput,32768,1000,64,0,135168,transpose,20261005,147347652,147347.652000,14.232680138,0
9676,mapping,iput,32768,1000,64,0,135168,shuffle,20261005,149070964,149070.964000,14.068145424,0
9677,mapping,iput,32768,1000,64,0,262144,identity,20261005,156529458,156529.458000,13.397810398,0
9678,mapping,iput,32768,1000,64,0,262144,reverse,20261005,157685166,157685.166000,13.299615006,0
9679,mapping,iput,32768,1000,64,0,262144,transpose,20261005,156446101,156446.101000,13.404948967,0
9680,mapping,iput,32768,1000,64,0,262144,shuffle,20261005,156594230,156594.230000,13.392268668,0
9681,mapping,iput,65536,1000,64,0,131200,identity,20261005,269570654,269570.654000,15.559201040,0
9682,mapping,iput,65536,1000,64,0,131200,reverse,20261005,269419096,269419.096000,15.567953654,0
9683,mapping,iput,65536,1000,64,0,131200,transpose,20261005,301485235,301485.235000,13.912137356,0
9684,mapping,iput,65536,1000,64,0,131200,shuffle,20261005,296901278,296901.278000,14.126931444,0
9685,mapping,iput,65536,1000,64,0,131328,identity,20261005,269997044,269997.044000,15.534629335,0
9686,mapping,iput,65536,1000,64,0,131328,reverse,20261005,270939222,270939.222000,15.480608415,0
9687,mapping,iput,65536,1000,64,0,131328,transpose,20261005,306997334,306997.334000,13.662346657,0
9688,mapping,iput,65536,1000,64,0,131328,shuffle,20261005,298144753,298144.753000,14.068012124,0
9689,mapping,iput,65536,1000,64,0,135168,identity,20261005,281203568,281203.568000,14.915543319,0
9690,mapping,iput,65536,1000,64,0,135168,reverse,20261005,279927530,279927.530000,14.983535203,0
9691,mapping,iput,65536,1000,64,0,135168,transpose,20261005,295173845,295173.845000,14.209605868,0
9692,mapping,iput,65536,1000,64,0,135168,shuffle,20261005,296425242,296425.242000,14.149618203,0
9693,mapping,iput,65536,1000,64,0,262144,identity,20261005,314846273,314846.273000,13.321752105,0
9694,mapping,iput,65536,1000,64,0,262144,reverse,20261005,313559987,313559.987000,13.376400606,0
9695,mapping,iput,65536,1000,64,0,262144,transpose,20261005,313774789,313774.789000,13.367243472,0
9696,mapping,iput,65536,1000,64,0,262144,shuffle,20261005,311875476,311875.476000,13.448649614,0
9697,mapping,iput,98304,1000,64,0,131200,identity,20261005,403936712,403936.712000,15.575350824,0
9698,mapping,iput,98304,1000,64,0,131200,reverse,20261005,403785396,403785.396000,15.581187587,0
9699,mapping,iput,98304,1000,64,0,131200,transpose,20261005,449799780,449799.780000,13.987236721,0
9700,mapping,iput,98304,1000,64,0,131200,shuffle,20261005,443849545,443849.545000,14.174749239,0
9701,mapping,iput,98304,1000,64,0,131328,identity,20261005,407722534,407722.534000,15.430729173,0
9702,mapping,iput,98304,1000,64,0,131328,reverse,20261005,409432554,409432.554000,15.366281793,0
9703,mapping,iput,98304,1000,64,0,131328,transpose,20261005,456574218,456574.218000,13.779700544,0
9704,mapping,iput,98304,1000,64,0,131328,shuffle,20261005,444221854,444221.854000,14.162869169,0
9705,mapping,iput,98304,1000,64,0,135168,identity,20261005,417933891,417933.891000,15.053710971,0
9706,mapping,iput,98304,1000,64,0,135168,reverse,20261005,420375658,420375.658000,14.966270954,0
9707,mapping,iput,98304,1000,64,0,135168,transpose,20261005,445657551,445657.551000,14.117243130,0
9708,mapping,iput,98304,1000,64,0,135168,shuffle,20261005,443536071,443536.071000,14.184767399,0
9709,mapping,iput,98304,1000,64,0,262144,identity,20261005,470512524,470512.524000,13.371495293,0
9710,mapping,iput,98304,1000,64,0,262144,reverse,20261005,472719761,472719.761000,13.309060714,0
9711,mapping,iput,98304,1000,64,0,262144,transpose,20261005,470042725,470042.725000,13.384859855,0
9712,mapping,iput,98304,1000,64,0,262144,shuffle,20261005,468423833,468423.833000,13.431118480,0
9713,mapping,iput,131072,1000,64,0,131200,identity,20261005,545438016,545438.016000,15.379580729,0
9714,mapping,iput,131072,1000,64,0,131200,reverse,20261005,546216622,546216.622000,15.357657863,0
9715,mapping,iput,131072,1000,64,0,131200,transpose,20261005,591439527,591439.527000,14.183373983,0
9716,mapping,iput,131072,1000,64,0,131200,shuffle,20261005,586395703,586395.703000,14.305370856,0
9717,mapping,iput,131072,1000,64,0,131328,identity,20261005,550073187,550073.187000,15.249985272,0
9718,mapping,iput,131072,1000,64,0,131328,reverse,20261005,553418898,553418.898000,15.157791016,0
9719,mapping,iput,131072,1000,64,0,131328,transpose,20261005,601317460,601317.460000,13.950381551,0
9720,mapping,iput,131072,1000,64,0,131328,shuffle,20261005,590446376,590446.376000,14.207230904,0
9721,mapping,iput,131072,1000,64,0,135168,identity,20261005,558350978,558350.978000,15.023897746,0
9722,mapping,iput,131072,1000,64,0,135168,reverse,20261005,558355284,558355.284000,15.023781883,0
9723,mapping,iput,131072,1000,64,0,135168,transpose,20261005,596944787,596944.787000,14.052569321,0
9724,mapping,iput,131072,1000,64,0,135168,shuffle,20261005,592826535,592826.535000,14.150189819,0
9725,mapping,iput,131072,1000,64,0,262144,identity,20261005,627960743,627960.743000,13.358491106,0
9726,mapping,iput,131072,1000,64,0,262144,reverse,20261005,624653835,624653.835000,13.429210756,0
9727,mapping,iput,131072,1000,64,0,262144,transpose,20261005,625674502,625674.502000,13.407303595,0
9728,mapping,iput,131072,1000,64,0,262144,shuffle,20261005,622882949,622882.949000,13.467390645,0
9729,mapping,iput,64,10000,64,4,131200,identity,20261005,35753112,3575.311200,1.145634539,0
9730,mapping,iput,64,10000,64,4,131200,reverse,20261005,35773496,3577.349600,1.144981748,0
9731,mapping,iput,64,10000,64,4,131200,transpose,20261005,35755253,3575.525300,1.145565940,0
9732,mapping,iput,64,10000,64,4,131200,shuffle,20261005,36902147,3690.214700,1.109962518,0
9733,mapping,iput,64,10000,64,4,131328,identity,20261005,44217318,4421.731800,0.926333886,0
9734,mapping,iput,64,10000,64,4,131328,reverse,20261005,44474831,4447.483100,0.920970335,0
9735,mapping,iput,64,10000,64,4,131328,transpose,20261005,45605619,4560.561900,0.898134943,0
9736,mapping,iput,64,10000,64,4,131328,shuffle,20261005,44791732,4479.173200,0.914454480,0
9737,mapping,iput,64,10000,64,4,135168,identity,20261005,47782999,4778.299900,0.857208649,0
9738,mapping,iput,64,10000,64,4,135168,reverse,20261005,47785936,4778.593600,0.857155963,0
9739,mapping,iput,64,10000,64,4,135168,transpose,20261005,47843055,4784.305500,0.856132619,0
9740,mapping,iput,64,10000,64,4,135168,shuffle,20261005,48034830,4803.483000,0.852714582,0
9741,mapping,iput,64,10000,64,4,262144,identity,20261005,35912473,3591.247300,1.140550805,0
9742,mapping,iput,64,10000,64,4,262144,reverse,20261005,36051279,3605.127900,1.136159413,0
9743,mapping,iput,64,10000,64,4,262144,transpose,20261005,36101923,3610.192300,1.134565602,0
9744,mapping,iput,64,10000,64,4,262144,shuffle,20261005,36015829,3601.582900,1.137277723,0
9745,mapping,iput,128,10000,64,4,131200,identity,20261005,51823357,5182.335700,1.580754408,0
9746,mapping,iput,128,10000,64,4,131200,reverse,20261005,51895952,5189.595200,1.578543159,0
9747,mapping,iput,128,10000,64,4,131200,transpose,20261005,52048487,5204.848700,1.573917029,0
9748,mapping,iput,128,10000,64,4,131200,shuffle,20261005,53101182,5310.118200,1.542715189,0
9749,mapping,iput,128,10000,64,4,131328,identity,20261005,64884797,6488.479700,1.262545369,0
9750,mapping,iput,128,10000,64,4,131328,reverse,20261005,64683183,6468.318300,1.266480655,0
9751,mapping,iput,128,10000,64,4,131328,transpose,20261005,64264226,6426.422600,1.274737208,0
9752,mapping,iput,128,10000,64,4,131328,shuffle,20261005,64590740,6459.074000,1.268293257,0
9753,mapping,iput,128,10000,64,4,135168,identity,20261005,65966516,6596.651600,1.241842149,0
9754,mapping,iput,128,10000,64,4,135168,reverse,20261005,65987036,6598.703600,1.241455973,0
9755,mapping,iput,128,10000,64,4,135168,transpose,20261005,65739268,6573.926800,1.246134958,0
9756,mapping,iput,128,10000,64,4,135168,shuffle,20261005,66687048,6668.704800,1.228424446,0
9757,mapping,iput,128,10000,64,4,262144,identity,20261005,50110615,5011.061500,1.634783369,0
9758,mapping,iput,128,10000,64,4,262144,reverse,20261005,50116790,5011.679000,1.634581943,0
9759,mapping,iput,128,10000,64,4,262144,transpose,20261005,51100514,5110.051400,1.603114990,0
9760,mapping,iput,128,10000,64,4,262144,shuffle,20261005,50365477,5036.547700,1.626510953,0
9761,mapping,iput,256,10000,64,4,131200,identity,20261005,60548247,6054.824700,2.705941264,0
9762,mapping,iput,256,10000,64,4,131200,reverse,20261005,60665652,6066.565200,2.700704511,0
9763,mapping,iput,256,10000,64,4,131200,transpose,20261005,60253848,6025.384800,2.719162434,0
9764,mapping,iput,256,10000,64,4,131200,shuffle,20261005,60840958,6084.095800,2.692922751,0
9765,mapping,iput,256,10000,64,4,131328,identity,20261005,68359150,6835.915000,2.396753032,0
9766,mapping,iput,256,10000,64,4,131328,reverse,20261005,69461438,6946.143800,2.358718805,0
9767,mapping,iput,256,10000,64,4,131328,transpose,20261005,68663483,6866.348300,2.386130048,0
9768,mapping,iput,256,10000,64,4,131328,shuffle,20261005,68771823,6877.182300,2.382371048,0
9769,mapping,iput,256,10000,64,4,135168,identity,20261005,72502932,7250.293200,2.259770681,0
9770,mapping,iput,256,10000,64,4,135168,reverse,20261005,72556370,7255.637000,2.258106352,0
9771,mapping,iput,256,10000,64,4,135168,transpose,20261005,72458684,7245.868400,2.261150644,0
9772,mapping,iput,256,10000,64,4,135168,shuffle,20261005,72795360,7279.536000,2.250692901,0
9773,mapping,iput,256,10000,64,4,262144,identity,20261005,64694230,6469.423000,2.532528790,0
9774,mapping,iput,256,10000,64,4,262144,reverse,20261005,64593310,6459.331000,2.536485590,0
9775,mapping,iput,256,10000,64,4,262144,transpose,20261005,65314043,6531.404300,2.508495761,0
9776,mapping,iput,256,10000,64,4,262144,shuffle,20261005,64620349,6462.034900,2.535424252,0
9777,mapping,iput,4096,1000,64,4,131200,identity,20261005,24418800,24418.800000,10.735335070,0
9778,mapping,iput,4096,1000,64,4,131200,reverse,20261005,24611674,24611.674000,10.651205603,0
9779,mapping,iput,4096,1000,64,4,131200,transpose,20261005,26100766,26100.766000,10.043536653,0
9780,mapping,iput,4096,1000,64,4,131200,shuffle,20261005,26522801,26522.801000,9.883722311,0
9781,mapping,iput,4096,1000,64,4,131328,identity,20261005,27429720,27429.720000,9.556933137,0
9782,mapping,iput,4096,1000,64,4,131328,reverse,20261005,27455488,27455.488000,9.547963598,0
9783,mapping,iput,4096,1000,64,4,131328,transpose,20261005,28850096,28850.096000,9.086416905,0
9784,mapping,iput,4096,1000,64,4,131328,shuffle,20261005,28463650,28463.650000,9.209781599,0
9785,mapping,iput,4096,1000,64,4,135168,identity,20261005,26783010,26783.010000,9.787697499,0
9786,mapping,iput,4096,1000,64,4,135168,reverse,20261005,26885406,26885.406000,9.750419986,0
9787,mapping,iput,4096,1000,64,4,135168,transpose,20261005,28100470,28100.470000,9.328811938,0
9788,mapping,iput,4096,1000,64,4,135168,shuffle,20261005,28087940,28087.940000,9.332973511,0
9789,mapping,iput,4096,1000,64,4,262144,identity,20261005,27492323,27492.323000,9.535170964,0
9790,mapping,iput,4096,1000,64,4,262144,reverse,20261005,27640921,27640.921000,9.483909744,0
9791,mapping,iput,4096,1000,64,4,262144,transpose,20261005,27780796,27780.796000,9.436158705,0
9792,mapping,iput,4096,1000,64,4,262144,shuffle,20261005,27466870,27466.870000,9.544007016,0
9793,mapping,iput,32768,1000,64,4,131200,identity,20261005,147127571,147127.571000,14.253970114,0
9794,mapping,iput,32768,1000,64,4,131200,reverse,20261005,146694823,146694.823000,14.296019158,0
9795,mapping,iput,32768,1000,64,4,131200,transpose,20261005,162937481,162937.481000,12.870899851,0
9796,mapping,iput,32768,1000,64,4,131200,shuffle,20261005,161308364,161308.364000,13.000888162,0
9797,mapping,iput,32768,1000,64,4,131328,identity,20261005,145432188,145432.188000,14.420136483,0
9798,mapping,iput,32768,1000,64,4,131328,reverse,20261005,144617570,144617.570000,14.501363838,0
9799,mapping,iput,32768,1000,64,4,131328,transpose,20261005,161784396,161784.396000,12.962634542,0
9800,mapping,iput,32768,1000,64,4,131328,shuffle,20261005,157807178,157807.178000,13.289332124,0
9801,mapping,iput,32768,1000,64,4,135168,identity,20261005,147007323,147007.323000,14.265629475,0
9802,mapping,iput,32768,1000,64,4,135168,reverse,20261005,147723106,147723.106000,14.196506266,0
9803,mapping,iput,32768,1000,64,4,135168,transpose,20261005,153204631,153204.631000,13.688567939,0
9804,mapping,iput,32768,1000,64,4,135168,shuffle,20261005,156509221,156509.221000,13.399542766,0
9805,mapping,iput,32768,1000,64,4,262144,identity,20261005,163850302,163850.302000,12.799195207,0
9806,mapping,iput,32768,1000,64,4,262144,reverse,20261005,163850352,163850.352000,12.799191301,0
9807,mapping,iput,32768,1000,64,4,262144,transpose,20261005,164853994,164853.994000,12.721268979,0
9808,mapping,iput,32768,1000,64,4,262144,shuffle,20261005,164247091,164247.091000,12.768274843,0
9809,mapping,iput,65536,1000,64,4,131200,identity,20261005,280509838,280509.838000,14.952431009,0
9810,mapping,iput,65536,1000,64,4,131200,reverse,20261005,280634598,280634.598000,14.945783698,0
9811,mapping,iput,65536,1000,64,4,131200,transpose,20261005,313910690,313910.690000,13.361456407,0
9812,mapping,iput,65536,1000,64,4,131200,shuffle,20261005,309479286,309479.286000,13.552777810,0
9813,mapping,iput,65536,1000,64,4,131328,identity,20261005,279674007,279674.007000,14.997117698,0
9814,mapping,iput,65536,1000,64,4,131328,reverse,20261005,280801321,280801.321000,14.936909788,0
9815,mapping,iput,65536,1000,64,4,131328,transpose,20261005,314342064,314342.064000,13.343120379,0
9816,mapping,iput,65536,1000,64,4,131328,shuffle,20261005,304226742,304226.742000,13.786769606,0
9817,mapping,iput,65536,1000,64,4,135168,identity,20261005,287060551,287060.551000,14.611216990,0
9818,mapping,iput,65536,1000,64,4,135168,reverse,20261005,284339434,284339.434000,14.751045752,0
9819,mapping,iput,65536,1000,64,4,135168,transpose,20261005,298607249,298607.249000,14.046222970,0
9820,mapping,iput,65536,1000,64,4,135168,shuffle,20261005,305279106,305279.106000,13.739243589,0
9821,mapping,iput,65536,1000,64,4,262144,identity,20261005,321235189,321235.189000,13.056801196,0
9822,mapping,iput,65536,1000,64,4,262144,reverse,20261005,321614479,321614.479000,13.041402903,0
9823,mapping,iput,65536,1000,64,4,262144,transpose,20261005,325033409,325033.409000,12.904224255,0
9824,mapping,iput,65536,1000,64,4,262144,shuffle,20261005,320981780,320981.780000,13.067109292,0
9825,mapping,iput,98304,1000,64,4,131200,identity,20261005,417152181,417152.181000,15.081920427,0
9826,mapping,iput,98304,1000,64,4,131200,reverse,20261005,416928983,416928.983000,15.089994355,0
9827,mapping,iput,98304,1000,64,4,131200,transpose,20261005,463027211,463027.211000,13.587659322,0
9828,mapping,iput,98304,1000,64,4,131200,shuffle,20261005,457219160,457219.160000,13.760263240,0
9829,mapping,iput,98304,1000,64,4,131328,identity,20261005,419086247,419086.247000,15.012317978,0
9830,mapping,iput,98304,1000,64,4,131328,reverse,20261005,419913783,419913.783000,14.982732777,0
9831,mapping,iput,98304,1000,64,4,131328,transpose,20261005,467439198,467439.198000,13.459410394,0
9832,mapping,iput,98304,1000,64,4,131328,shuffle,20261005,452180860,452180.860000,13.913583162,0
9833,mapping,iput,98304,1000,64,4,135168,identity,20261005,429006988,429006.988000,14.665159720,0
9834,mapping,iput,98304,1000,64,4,135168,reverse,20261005,428027451,428027.451000,14.698720807,0
9835,mapping,iput,98304,1000,64,4,135168,transpose,20261005,450367003,450367.003000,13.969620239,0
9836,mapping,iput,98304,1000,64,4,135168,shuffle,20261005,455292591,455292.591000,13.818489746,0
9837,mapping,iput,98304,1000,64,4,262144,identity,20261005,483024054,483024.054000,13.025140152,0
9838,mapping,iput,98304,1000,64,4,262144,reverse,20261005,483934513,483934.513000,13.000635067,0
9839,mapping,iput,98304,1000,64,4,262144,transpose,20261005,488173434,488173.434000,12.887747595,0
9840,mapping,iput,98304,1000,64,4,262144,shuffle,20261005,481470247,481470.247000,13.067175052,0
9841,mapping,iput,131072,1000,64,4,131200,identity,20261005,559834347,559834.347000,14.984089570,0
9842,mapping,iput,131072,1000,64,4,131200,reverse,20261005,560596707,560596.707000,14.963712586,0
9843,mapping,iput,131072,1000,64,4,131200,transpose,20261005,603596777,603596.777000,13.897701776,0
9844,mapping,iput,131072,1000,64,4,131200,shuffle,20261005,601455714,601455.714000,13.947174837,0
9845,mapping,iput,131072,1000,64,4,131328,identity,20261005,567945884,567945.884000,14.770083271,0
9846,mapping,iput,131072,1000,64,4,131328,reverse,20261005,566317061,566317.061000,14.812564511,0
9847,mapping,iput,131072,1000,64,4,131328,transpose,20261005,609381521,609381.521000,13.765773511,0
9848,mapping,iput,131072,1000,64,4,131328,shuffle,20261005,594650122,594650.122000,14.106796063,0
9849,mapping,iput,131072,1000,64,4,135168,identity,20261005,573241564,573241.564000,14.633635324,0
9850,mapping,iput,131072,1000,64,4,135168,reverse,20261005,570897711,570897.711000,14.693714545,0
9851,mapping,iput,131072,1000,64,4,135168,transpose,20261005,601841009,601841.009000,13.938245940,0
9852,mapping,iput,131072,1000,64,4,135168,shuffle,20261005,603435692,603435.692000,13.901411718,0
9853,mapping,iput,131072,1000,64,4,262144,identity,20261005,643999832,643999.832000,13.025792218,0
9854,mapping,iput,131072,1000,64,4,262144,reverse,20261005,644254858,644254.858000,13.020636004,0
9855,mapping,iput,131072,1000,64,4,262144,transpose,20261005,647272692,647272.692000,12.959928796,0
9856,mapping,iput,131072,1000,64,4,262144,shuffle,20261005,639932982,639932.982000,13.108572672,0
