phase,mode,bytes,offset,slot_stride,mapping,mapping_seed,active_pes,single_bytes_per_cycle,aggregate_bytes_per_cycle,bandwidth_ratio_to1,parallel_efficiency
boundary,get,64,0,131200,identity,20261005,2,0.145020078,0.289803425,1.998368,0.999184
boundary,get,64,0,131200,identity,20261005,4,0.145020078,0.477050427,3.289547,0.822387
boundary,get,64,0,131200,identity,20261005,8,0.145020078,0.948291094,6.539033,0.817379
boundary,get,64,0,131200,identity,20261005,16,0.145020078,1.858528924,12.815666,0.800979
boundary,get,64,0,131200,identity,20261005,32,0.145020078,3.415172973,23.549656,0.735927
boundary,get,64,0,131200,identity,20261005,64,0.145020078,3.584487221,24.717179,0.386206
boundary,get,96,0,131200,identity,20261005,2,0.217560682,0.435249694,2.000590,1.000295
boundary,get,96,0,131200,identity,20261005,4,0.217560682,0.715791726,3.290079,0.822520
boundary,get,96,0,131200,identity,20261005,8,0.217560682,1.423845934,6.544592,0.818074
boundary,get,96,0,131200,identity,20261005,16,0.217560682,2.788106620,12.815306,0.800957
boundary,get,96,0,131200,identity,20261005,32,0.217560682,5.130223681,23.580656,0.736896
boundary,get,96,0,131200,identity,20261005,64,0.217560682,5.385271755,24.752964,0.386765
boundary,get,124,0,131200,identity,20261005,2,0.280829916,0.561875777,2.000769,1.000384
boundary,get,124,0,131200,identity,20261005,4,0.280829916,0.924602230,3.292392,0.823098
boundary,get,124,0,131200,identity,20261005,8,0.280829916,1.838908296,6.548121,0.818515
boundary,get,124,0,131200,identity,20261005,16,0.280829916,3.600701120,12.821644,0.801353
boundary,get,124,0,131200,identity,20261005,32,0.280829916,6.621647916,23.578855,0.736839
boundary,get,124,0,131200,identity,20261005,64,0.280829916,6.947548634,24.739347,0.386552
boundary,get,128,0,131200,identity,20261005,2,0.290057180,0.580211392,2.000335,1.000167
boundary,get,128,0,131200,identity,20261005,4,0.290057180,0.955025927,3.292544,0.823136
boundary,get,128,0,131200,identity,20261005,8,0.290057180,1.897723455,6.542584,0.817823
boundary,get,128,0,131200,identity,20261005,16,0.290057180,3.720197548,12.825739,0.801609
boundary,get,128,0,131200,identity,20261005,32,0.290057180,6.819188290,23.509807,0.734681
boundary,get,128,0,131200,identity,20261005,64,0.290057180,7.180368004,24.755009,0.386797
boundary,get,132,0,131200,identity,20261005,2,0.290024413,0.579050099,1.996556,0.998278
boundary,get,132,0,131200,identity,20261005,4,0.290024413,0.938922888,3.237393,0.809348
boundary,get,132,0,131200,identity,20261005,8,0.290024413,1.859399467,6.411183,0.801398
boundary,get,132,0,131200,identity,20261005,16,0.290024413,3.644358259,12.565695,0.785356
boundary,get,132,0,131200,identity,20261005,32,0.290024413,5.223109887,18.009208,0.562788
boundary,get,132,0,131200,identity,20261005,64,0.290024413,5.328990072,18.374281,0.287098
boundary,get,192,0,131200,identity,20261005,2,0.421869634,0.843445342,1.999303,0.999652
boundary,get,192,0,131200,identity,20261005,4,0.421869634,1.365528270,3.236849,0.809212
boundary,get,192,0,131200,identity,20261005,8,0.421869634,2.702363671,6.405684,0.800711
boundary,get,192,0,131200,identity,20261005,16,0.421869634,5.303694337,12.571880,0.785742
boundary,get,192,0,131200,identity,20261005,32,0.421869634,7.592899008,17.998212,0.562444
boundary,get,192,0,131200,identity,20261005,64,0.421869634,7.760680520,18.395921,0.287436
boundary,get,252,0,131200,identity,20261005,2,0.554885680,1.106050977,1.993295,0.996648
boundary,get,252,0,131200,identity,20261005,4,0.554885680,1.792688392,3.230735,0.807684
boundary,get,252,0,131200,identity,20261005,8,0.554885680,3.546167905,6.390808,0.798851
boundary,get,252,0,131200,identity,20261005,16,0.554885680,6.960250445,12.543576,0.783973
boundary,get,252,0,131200,identity,20261005,32,0.554885680,9.987170499,17.998609,0.562457
boundary,get,252,0,131200,identity,20261005,64,0.554885680,10.175694136,18.338361,0.286537
boundary,get,256,0,131200,identity,20261005,2,0.562912509,1.121243178,1.991860,0.995930
boundary,get,256,0,131200,identity,20261005,4,0.562912509,1.818717229,3.230906,0.807726
boundary,get,256,0,131200,identity,20261005,8,0.562912509,3.606247754,6.406409,0.800801
boundary,get,256,0,131200,identity,20261005,16,0.562912509,7.067941450,12.556021,0.784751
boundary,get,256,0,131200,identity,20261005,32,0.562912509,10.139361765,18.012323,0.562885
boundary,get,256,0,131200,identity,20261005,64,0.562912509,10.316742378,18.327435,0.286366
boundary,get,260,0,131200,identity,20261005,2,0.556971071,1.109589219,1.992185,0.996092
boundary,get,260,0,131200,identity,20261005,4,0.556971071,1.817269371,3.262772,0.815693
boundary,get,260,0,131200,identity,20261005,8,0.556971071,3.604496610,6.471605,0.808951
boundary,get,260,0,131200,identity,20261005,16,0.556971071,6.697372618,12.024633,0.751540
boundary,get,260,0,131200,identity,20261005,32,0.556971071,7.751144295,13.916601,0.434894
boundary,get,260,0,131200,identity,20261005,64,0.556971071,8.291141852,14.886127,0.232596
boundary,get,64,4,131200,identity,20261005,2,0.144914541,0.290002372,2.001196,1.000598
boundary,get,64,4,131200,identity,20261005,4,0.144914541,0.473788660,3.269435,0.817359
boundary,get,64,4,131200,identity,20261005,8,0.144914541,0.943292289,6.509300,0.813663
boundary,get,64,4,131200,identity,20261005,16,0.144914541,1.859488412,12.831621,0.801976
boundary,get,64,4,131200,identity,20261005,32,0.144914541,3.418582567,23.590335,0.737198
boundary,get,64,4,131200,identity,20261005,64,0.144914541,3.588482373,24.762749,0.386918
boundary,get,96,4,131200,identity,20261005,2,0.217453744,0.435222365,2.001448,1.000724
boundary,get,96,4,131200,identity,20261005,4,0.217453744,0.710588960,3.267771,0.816943
boundary,get,96,4,131200,identity,20261005,8,0.217453744,1.414497494,6.504820,0.813103
boundary,get,96,4,131200,identity,20261005,16,0.217453744,2.789288840,12.827044,0.801690
boundary,get,96,4,131200,identity,20261005,32,0.217453744,5.113946792,23.517401,0.734919
boundary,get,96,4,131200,identity,20261005,64,0.217453744,5.376782120,24.726096,0.386345
boundary,get,124,4,131200,identity,20261005,2,0.280869227,0.561622309,1.999586,0.999793
boundary,get,124,4,131200,identity,20261005,4,0.280869227,0.917841695,3.267861,0.816965
boundary,get,124,4,131200,identity,20261005,8,0.280869227,1.826355899,6.502513,0.812814
boundary,get,124,4,131200,identity,20261005,16,0.280869227,3.600700467,12.819847,0.801240
boundary,get,124,4,131200,identity,20261005,32,0.280869227,6.625416990,23.588974,0.737155
boundary,get,124,4,131200,identity,20261005,64,0.280869227,6.954203468,24.759578,0.386868
boundary,get,128,4,131200,identity,20261005,2,0.280957512,0.561600438,1.998880,0.999440
boundary,get,128,4,131200,identity,20261005,4,0.280957512,0.908375434,3.233142,0.808285
boundary,get,128,4,131200,identity,20261005,8,0.280957512,1.801323199,6.411372,0.801422
boundary,get,128,4,131200,identity,20261005,16,0.280957512,3.526573975,12.551983,0.784499
boundary,get,128,4,131200,identity,20261005,32,0.280957512,5.084054464,18.095457,0.565483
boundary,get,128,4,131200,identity,20261005,64,0.280957512,5.170646809,18.403661,0.287557
boundary,get,132,4,131200,identity,20261005,2,0.290095035,0.578432107,1.993940,0.996970
boundary,get,132,4,131200,identity,20261005,4,0.290095035,0.936047398,3.226692,0.806673
boundary,get,132,4,131200,identity,20261005,8,0.290095035,1.857728926,6.403863,0.800483
boundary,get,132,4,131200,identity,20261005,16,0.290095035,3.635554901,12.532289,0.783268
boundary,get,132,4,131200,identity,20261005,32,0.290095035,5.238679912,18.058496,0.564328
boundary,get,132,4,131200,identity,20261005,64,0.290095035,5.322749664,18.348296,0.286692
boundary,get,192,4,131200,identity,20261005,2,0.422011226,0.838731209,1.987462,0.993731
boundary,get,192,4,131200,identity,20261005,4,0.422011226,1.362679439,3.229012,0.807253
boundary,get,192,4,131200,identity,20261005,8,0.422011226,2.701165616,6.400696,0.800087
boundary,get,192,4,131200,identity,20261005,16,0.422011226,5.295725408,12.548779,0.784299
boundary,get,192,4,131200,identity,20261005,32,0.422011226,7.605722514,18.022560,0.563205
boundary,get,192,4,131200,identity,20261005,64,0.422011226,7.757321098,18.381788,0.287215
boundary,get,252,4,131200,identity,20261005,2,0.553601109,1.102891216,1.992213,0.996106
boundary,get,252,4,131200,identity,20261005,4,0.553601109,1.788636727,3.230912,0.807728
boundary,get,252,4,131200,identity,20261005,8,0.553601109,3.543326393,6.400505,0.800063
boundary,get,252,4,131200,identity,20261005,16,0.553601109,6.952135273,12.558023,0.784876
boundary,get,252,4,131200,identity,20261005,32,0.553601109,10.024060729,18.107010,0.565844
boundary,get,252,4,131200,identity,20261005,64,0.553601109,10.172440784,18.375037,0.287110
boundary,get,256,4,131200,identity,20261005,2,0.548088797,1.096616638,2.000801,1.000401
boundary,get,256,4,131200,identity,20261005,4,0.548088797,1.787295748,3.260960,0.815240
boundary,get,256,4,131200,identity,20261005,8,0.548088797,3.533065996,6.446156,0.805770
boundary,get,256,4,131200,identity,20261005,16,0.548088797,6.564196188,11.976520,0.748532
boundary,get,256,4,131200,identity,20261005,32,0.548088797,7.610630765,13.885762,0.433930
boundary,get,256,4,131200,identity,20261005,64,0.548088797,8.181684124,14.927662,0.233245
boundary,get,260,4,131200,identity,20261005,2,0.555313377,1.112088228,2.002632,1.001316
boundary,get,260,4,131200,identity,20261005,4,0.555313377,1.816525033,3.271171,0.817793
boundary,get,260,4,131200,identity,20261005,8,0.555313377,3.588309770,6.461774,0.807722
boundary,get,260,4,131200,identity,20261005,16,0.555313377,6.690621020,12.048370,0.753023
boundary,get,260,4,131200,identity,20261005,32,0.555313377,7.728579712,13.917510,0.434922
boundary,get,260,4,131200,identity,20261005,64,0.555313377,8.291867766,14.931871,0.233310
boundary,get,64,64,131200,identity,20261005,2,0.144790844,0.290133051,2.003808,1.001904
boundary,get,64,64,131200,identity,20261005,4,0.144790844,0.476335344,3.289817,0.822454
boundary,get,64,64,131200,identity,20261005,8,0.144790844,0.949209153,6.555726,0.819466
boundary,get,64,64,131200,identity,20261005,16,0.144790844,1.860716638,12.851066,0.803192
boundary,get,64,64,131200,identity,20261005,32,0.144790844,3.418062222,23.606895,0.737715
boundary,get,64,64,131200,identity,20261005,64,0.144790844,3.591091778,24.801926,0.387530
boundary,get,96,64,131200,identity,20261005,2,0.211305737,0.421968655,1.996958,0.998479
boundary,get,96,64,131200,identity,20261005,4,0.211305737,0.681747852,3.226358,0.806589
boundary,get,96,64,131200,identity,20261005,8,0.211305737,1.352011275,6.398365,0.799796
boundary,get,96,64,131200,identity,20261005,16,0.211305737,2.652183260,12.551402,0.784463
boundary,get,96,64,131200,identity,20261005,32,0.211305737,3.789119701,17.931930,0.560373
boundary,get,96,64,131200,identity,20261005,64,0.211305737,3.871282869,18.320766,0.286262
boundary,get,124,64,131200,identity,20261005,2,0.272744049,0.544311213,1.995685,0.997843
boundary,get,124,64,131200,identity,20261005,4,0.272744049,0.881403906,3.231616,0.807904
boundary,get,124,64,131200,identity,20261005,8,0.272744049,1.746300861,6.402709,0.800339
boundary,get,124,64,131200,identity,20261005,16,0.272744049,3.425317377,12.558725,0.784920
boundary,get,124,64,131200,identity,20261005,32,0.272744049,4.899804675,17.964845,0.561401
boundary,get,124,64,131200,identity,20261005,64,0.272744049,5.001841341,18.338957,0.286546
boundary,get,128,64,131200,identity,20261005,2,0.281453036,0.561708507,1.995745,0.997873
boundary,get,128,64,131200,identity,20261005,4,0.281453036,0.909951744,3.233050,0.808263
boundary,get,128,64,131200,identity,20261005,8,0.281453036,1.801438230,6.400493,0.800062
boundary,get,128,64,131200,identity,20261005,16,0.281453036,3.532361554,12.550448,0.784403
boundary,get,128,64,131200,identity,20261005,32,0.281453036,5.069527154,18.011982,0.562874
boundary,get,128,64,131200,identity,20261005,64,0.281453036,5.165886634,18.354347,0.286787
boundary,get,132,64,131200,identity,20261005,2,0.290280869,0.578903062,1.994286,0.997143
boundary,get,132,64,131200,identity,20261005,4,0.290280869,0.938303689,3.232399,0.808100
boundary,get,132,64,131200,identity,20261005,8,0.290280869,1.856921393,6.396982,0.799623
boundary,get,132,64,131200,identity,20261005,16,0.290280869,3.645901485,12.559910,0.784994
boundary,get,132,64,131200,identity,20261005,32,0.290280869,5.239392741,18.049390,0.564043
boundary,get,132,64,131200,identity,20261005,64,0.290280869,5.326408330,18.349154,0.286706
boundary,get,192,64,131200,identity,20261005,2,0.422169436,0.840906971,1.991871,0.995935
boundary,get,192,64,131200,identity,20261005,4,0.422169436,1.365104724,3.233547,0.808387
boundary,get,192,64,131200,identity,20261005,8,0.422169436,2.704028739,6.405079,0.800635
boundary,get,192,64,131200,identity,20261005,16,0.422169436,5.303242038,12.561881,0.785118
boundary,get,192,64,131200,identity,20261005,32,0.422169436,7.575015026,17.943068,0.560721
boundary,get,192,64,131200,identity,20261005,64,0.422169436,7.751320872,18.360687,0.286886
boundary,get,252,64,131200,identity,20261005,2,0.539356317,1.076066592,1.995094,0.997547
boundary,get,252,64,131200,identity,20261005,4,0.539356317,1.761312457,3.265582,0.816396
boundary,get,252,64,131200,identity,20261005,8,0.539356317,3.492983712,6.476208,0.809526
boundary,get,252,64,131200,identity,20261005,16,0.539356317,6.490576510,12.033931,0.752121
boundary,get,252,64,131200,identity,20261005,32,0.539356317,7.505801080,13.916220,0.434882
boundary,get,252,64,131200,identity,20261005,64,0.539356317,8.040395008,14.907390,0.232928
boundary,get,256,64,131200,identity,20261005,2,0.548262522,1.096251057,1.999500,0.999750
boundary,get,256,64,131200,identity,20261005,4,0.548262522,1.791182728,3.267017,0.816754
boundary,get,256,64,131200,identity,20261005,8,0.548262522,3.546890305,6.469328,0.808666
boundary,get,256,64,131200,identity,20261005,16,0.548262522,6.574143937,11.990869,0.749429
boundary,get,256,64,131200,identity,20261005,32,0.548262522,7.623743681,13.905280,0.434540
boundary,get,256,64,131200,identity,20261005,64,0.548262522,8.161346798,14.885837,0.232591
boundary,get,260,64,131200,identity,20261005,2,0.556201486,1.111909167,1.999112,0.999556
boundary,get,260,64,131200,identity,20261005,4,0.556201486,1.815701418,3.264467,0.816117
boundary,get,260,64,131200,identity,20261005,8,0.556201486,3.602671727,6.477278,0.809660
boundary,get,260,64,131200,identity,20261005,16,0.556201486,6.688155582,12.024699,0.751544
boundary,get,260,64,131200,identity,20261005,32,0.556201486,7.765456338,13.961589,0.436300
boundary,get,260,64,131200,identity,20261005,64,0.556201486,8.305779260,14.933040,0.233329
boundary,get,64,124,131200,identity,20261005,2,0.140655198,0.280838663,1.996646,0.998323
boundary,get,64,124,131200,identity,20261005,4,0.140655198,0.454189329,3.229097,0.807274
boundary,get,64,124,131200,identity,20261005,8,0.140655198,0.900467557,6.401950,0.800244
boundary,get,64,124,131200,identity,20261005,16,0.140655198,1.763923628,12.540764,0.783798
boundary,get,64,124,131200,identity,20261005,32,0.140655198,2.526135574,17.959774,0.561243
boundary,get,64,124,131200,identity,20261005,64,0.140655198,2.578920573,18.335053,0.286485
boundary,get,96,124,131200,identity,20261005,2,0.210662045,0.421279531,1.999788,0.999894
boundary,get,96,124,131200,identity,20261005,4,0.210662045,0.681571790,3.235380,0.808845
boundary,get,96,124,131200,identity,20261005,8,0.210662045,1.350409686,6.410313,0.801289
boundary,get,96,124,131200,identity,20261005,16,0.210662045,2.648047582,12.570122,0.785633
boundary,get,96,124,131200,identity,20261005,32,0.210662045,3.777897504,17.933451,0.560420
boundary,get,96,124,131200,identity,20261005,64,0.210662045,3.871931090,18.379823,0.287185
boundary,get,124,124,131200,identity,20261005,2,0.272506151,0.544095424,1.996635,0.998318
boundary,get,124,124,131200,identity,20261005,4,0.272506151,0.880664774,3.231724,0.807931
boundary,get,124,124,131200,identity,20261005,8,0.272506151,1.745740622,6.406243,0.800780
boundary,get,124,124,131200,identity,20261005,16,0.272506151,3.414976047,12.531739,0.783234
boundary,get,124,124,131200,identity,20261005,32,0.272506151,4.928452973,18.085658,0.565177
boundary,get,124,124,131200,identity,20261005,64,0.272506151,5.008062691,18.377797,0.287153
boundary,get,128,124,131200,identity,20261005,2,0.281278622,0.561086175,1.994770,0.997385
boundary,get,128,124,131200,identity,20261005,4,0.281278622,0.909199555,3.232381,0.808095
boundary,get,128,124,131200,identity,20261005,8,0.281278622,1.802136024,6.406943,0.800868
boundary,get,128,124,131200,identity,20261005,16,0.281278622,3.524987306,12.532013,0.783251
boundary,get,128,124,131200,identity,20261005,32,0.281278622,5.081413020,18.065408,0.564544
boundary,get,128,124,131200,identity,20261005,64,0.281278622,5.160494725,18.346559,0.286665
boundary,get,132,124,131200,identity,20261005,2,0.289896577,0.578070122,1.994056,0.997028
boundary,get,132,124,131200,identity,20261005,4,0.289896577,0.937348713,3.233390,0.808348
boundary,get,132,124,131200,identity,20261005,8,0.289896577,1.857755399,6.408339,0.801042
boundary,get,132,124,131200,identity,20261005,16,0.289896577,3.640575245,12.558186,0.784887
boundary,get,132,124,131200,identity,20261005,32,0.289896577,5.207128194,17.962020,0.561313
boundary,get,132,124,131200,identity,20261005,64,0.289896577,5.326057414,18.372267,0.287067
boundary,get,192,124,131200,identity,20261005,2,0.410832805,0.821320979,1.999161,0.999581
boundary,get,192,124,131200,identity,20261005,4,0.410832805,1.339016015,3.259272,0.814818
boundary,get,192,124,131200,identity,20261005,8,0.410832805,2.649650940,6.449463,0.806183
boundary,get,192,124,131200,identity,20261005,16,0.410832805,4.954829919,12.060453,0.753778
boundary,get,192,124,131200,identity,20261005,32,0.410832805,5.720564396,13.924313,0.435135
boundary,get,192,124,131200,identity,20261005,64,0.410832805,6.120868016,14.898684,0.232792
boundary,get,252,124,131200,identity,20261005,2,0.539159912,1.078362276,2.000079,1.000039
boundary,get,252,124,131200,identity,20261005,4,0.539159912,1.759409174,3.263242,0.815810
boundary,get,252,124,131200,identity,20261005,8,0.539159912,3.473456401,6.442349,0.805294
boundary,get,252,124,131200,identity,20261005,16,0.539159912,6.471905957,12.003685,0.750230
boundary,get,252,124,131200,identity,20261005,32,0.539159912,7.514234554,13.936931,0.435529
boundary,get,252,124,131200,identity,20261005,64,0.539159912,8.056396373,14.942499,0.233477
boundary,get,256,124,131200,identity,20261005,2,0.547037185,1.094843841,2.001407,1.000703
boundary,get,256,124,131200,identity,20261005,4,0.547037185,1.786702605,3.266145,0.816536
boundary,get,256,124,131200,identity,20261005,8,0.547037185,3.525013395,6.443828,0.805478
boundary,get,256,124,131200,identity,20261005,16,0.547037185,6.564734841,12.000528,0.750033
boundary,get,256,124,131200,identity,20261005,32,0.547037185,7.626145353,13.940817,0.435651
boundary,get,256,124,131200,identity,20261005,64,0.547037185,8.174587312,14.943385,0.233490
boundary,get,260,124,131200,identity,20261005,2,0.557263067,1.111476378,1.994527,0.997264
boundary,get,260,124,131200,identity,20261005,4,0.557263067,1.813714120,3.254682,0.813671
boundary,get,260,124,131200,identity,20261005,8,0.557263067,3.590096581,6.442373,0.805297
boundary,get,260,124,131200,identity,20261005,16,0.557263067,6.656783903,11.945496,0.746594
boundary,get,260,124,131200,identity,20261005,32,0.557263067,7.735903687,13.881960,0.433811
boundary,get,260,124,131200,identity,20261005,64,0.557263067,8.305589387,14.904252,0.232879
boundary,put,64,0,131200,identity,20261005,2,0.266628006,0.533047931,1.999220,0.999610
boundary,put,64,0,131200,identity,20261005,4,0.266628006,0.686904040,2.576264,0.644066
boundary,put,64,0,131200,identity,20261005,8,0.266628006,1.275763508,4.784807,0.598101
boundary,put,64,0,131200,identity,20261005,16,0.266628006,1.327735407,4.979730,0.311233
boundary,put,64,0,131200,identity,20261005,32,0.266628006,2.192308018,8.222347,0.256948
boundary,put,64,0,131200,identity,20261005,64,0.266628006,2.136877768,8.014454,0.125226
boundary,put,96,0,131200,identity,20261005,2,0.390669987,0.780525562,1.997915,0.998958
boundary,put,96,0,131200,identity,20261005,4,0.390669987,1.030884660,2.638761,0.659690
boundary,put,96,0,131200,identity,20261005,8,0.390669987,1.921494923,4.918461,0.614808
boundary,put,96,0,131200,identity,20261005,16,0.390669987,1.978718471,5.064936,0.316558
boundary,put,96,0,131200,identity,20261005,32,0.390669987,3.298580837,8.443395,0.263856
boundary,put,96,0,131200,identity,20261005,64,0.390669987,3.204188475,8.201778,0.128153
boundary,put,124,0,131200,identity,20261005,2,0.339010946,0.676137683,1.994442,0.997221
boundary,put,124,0,131200,identity,20261005,4,0.339010946,0.622212588,1.835376,0.458844
boundary,put,124,0,131200,identity,20261005,8,0.339010946,1.238216658,3.652439,0.456555
boundary,put,124,0,131200,identity,20261005,16,0.339010946,1.345487480,3.968861,0.248054
boundary,put,124,0,131200,identity,20261005,32,0.339010946,2.237864085,6.601156,0.206286
boundary,put,124,0,131200,identity,20261005,64,0.339010946,2.218560901,6.544216,0.102253
boundary,put,128,0,131200,identity,20261005,2,0.531123638,1.047819022,1.972834,0.986417
boundary,put,128,0,131200,identity,20261005,4,0.531123638,2.073382347,3.903766,0.975941
boundary,put,128,0,131200,identity,20261005,8,0.531123638,4.138887149,7.792700,0.974087
boundary,put,128,0,131200,identity,20261005,16,0.531123638,8.281466337,15.592351,0.974522
boundary,put,128,0,131200,identity,20261005,32,0.531123638,15.677358732,29.517343,0.922417
boundary,put,128,0,131200,identity,20261005,64,0.531123638,18.642934551,35.100932,0.548452
boundary,put,132,0,131200,identity,20261005,2,0.524037022,1.042707564,1.989759,0.994880
boundary,put,132,0,131200,identity,20261005,4,0.524037022,1.524767949,2.909657,0.727414
boundary,put,132,0,131200,identity,20261005,8,0.524037022,2.144554335,4.092372,0.511546
boundary,put,132,0,131200,identity,20261005,16,0.524037022,2.812076965,5.366180,0.335386
boundary,put,132,0,131200,identity,20261005,32,0.524037022,3.730084910,7.117980,0.222437
boundary,put,132,0,131200,identity,20261005,64,0.524037022,3.088754189,5.894153,0.092096
boundary,put,192,0,131200,identity,20261005,2,0.762018157,1.514930349,1.988050,0.994025
boundary,put,192,0,131200,identity,20261005,4,0.762018157,2.267973468,2.976272,0.744068
boundary,put,192,0,131200,identity,20261005,8,0.762018157,3.107483735,4.077965,0.509746
boundary,put,192,0,131200,identity,20261005,16,0.762018157,4.089344183,5.366466,0.335404
boundary,put,192,0,131200,identity,20261005,32,0.762018157,5.408195529,7.097200,0.221788
boundary,put,192,0,131200,identity,20261005,64,0.762018157,4.523539967,5.936263,0.092754
boundary,put,252,0,131200,identity,20261005,2,0.679092624,1.309662058,1.928547,0.964274
boundary,put,252,0,131200,identity,20261005,4,0.679092624,1.310332151,1.929534,0.482383
boundary,put,252,0,131200,identity,20261005,8,0.679092624,2.328001832,3.428106,0.428513
boundary,put,252,0,131200,identity,20261005,16,0.679092624,2.893115941,4.260267,0.266267
boundary,put,252,0,131200,identity,20261005,32,0.679092624,4.234569971,6.235629,0.194863
boundary,put,252,0,131200,identity,20261005,64,0.679092624,3.768875575,5.549870,0.086717
boundary,put,256,0,131200,identity,20261005,2,1.015256610,2.021910880,1.991527,0.995763
boundary,put,256,0,131200,identity,20261005,4,1.015256610,4.030407536,3.969841,0.992460
boundary,put,256,0,131200,identity,20261005,8,1.015256610,8.048770519,7.927819,0.990977
boundary,put,256,0,131200,identity,20261005,16,1.015256610,15.978821819,15.738703,0.983669
boundary,put,256,0,131200,identity,20261005,32,1.015256610,18.773889901,18.491768,0.577868
boundary,put,256,0,131200,identity,20261005,64,1.015256610,18.505136463,18.227053,0.284798
boundary,put,260,0,131200,identity,20261005,2,1.024247080,1.992951085,1.945772,0.972886
boundary,put,260,0,131200,identity,20261005,4,1.024247080,3.925753433,3.832819,0.958205
boundary,put,260,0,131200,identity,20261005,8,1.024247080,3.793131369,3.703336,0.462917
boundary,put,260,0,131200,identity,20261005,16,1.024247080,4.497605079,4.391133,0.274446
boundary,put,260,0,131200,identity,20261005,32,1.024247080,5.023546364,4.904624,0.153269
boundary,put,260,0,131200,identity,20261005,64,1.024247080,4.724724463,4.612876,0.072076
boundary,put,64,4,131200,identity,20261005,2,0.173751804,0.349573288,2.011912,1.005956
boundary,put,64,4,131200,identity,20261005,4,0.173751804,0.322435435,1.855724,0.463931
boundary,put,64,4,131200,identity,20261005,8,0.173751804,0.639250798,3.679103,0.459888
boundary,put,64,4,131200,identity,20261005,16,0.173751804,0.697148865,4.012326,0.250770
boundary,put,64,4,131200,identity,20261005,32,0.173751804,1.156827710,6.657932,0.208060
boundary,put,64,4,131200,identity,20261005,64,0.173751804,1.144582064,6.587454,0.102929
boundary,put,96,4,131200,identity,20261005,2,0.261404450,0.521872151,1.996416,0.998208
boundary,put,96,4,131200,identity,20261005,4,0.261404450,0.480074952,1.836522,0.459130
boundary,put,96,4,131200,identity,20261005,8,0.261404450,0.957143286,3.661542,0.457693
boundary,put,96,4,131200,identity,20261005,16,0.261404450,1.045385735,3.999112,0.249945
boundary,put,96,4,131200,identity,20261005,32,0.261404450,1.731932190,6.625489,0.207047
boundary,put,96,4,131200,identity,20261005,64,0.261404450,1.720112499,6.580272,0.102817
boundary,put,124,4,131200,identity,20261005,2,0.337139658,0.676223043,2.005765,1.002883
boundary,put,124,4,131200,identity,20261005,4,0.337139658,0.576273116,1.709301,0.427325
boundary,put,124,4,131200,identity,20261005,8,0.337139658,1.234135389,3.660606,0.457576
boundary,put,124,4,131200,identity,20261005,16,0.337139658,1.365865157,4.051333,0.253208
boundary,put,124,4,131200,identity,20261005,32,0.337139658,2.238866393,6.640768,0.207524
boundary,put,124,4,131200,identity,20261005,64,0.337139658,2.220492623,6.586269,0.102910
boundary,put,128,4,131200,identity,20261005,2,0.332178494,0.609624107,1.835231,0.917615
boundary,put,128,4,131200,identity,20261005,4,0.332178494,0.509145628,1.532747,0.383187
boundary,put,128,4,131200,identity,20261005,8,0.332178494,0.984101948,2.962570,0.370321
boundary,put,128,4,131200,identity,20261005,16,0.332178494,1.257726219,3.786296,0.236644
boundary,put,128,4,131200,identity,20261005,32,0.332178494,1.644379952,4.950290,0.154697
boundary,put,128,4,131200,identity,20261005,64,0.332178494,1.581491942,4.760970,0.074390
boundary,put,132,4,131200,identity,20261005,2,0.338851043,0.602431496,1.777865,0.888933
boundary,put,132,4,131200,identity,20261005,4,0.338851043,0.519892536,1.534280,0.383570
boundary,put,132,4,131200,identity,20261005,8,0.338851043,1.009839818,2.980188,0.372524
boundary,put,132,4,131200,identity,20261005,16,0.338851043,1.309222886,3.863712,0.241482
boundary,put,132,4,131200,identity,20261005,32,0.338851043,1.695547302,5.003813,0.156369
boundary,put,132,4,131200,identity,20261005,64,0.338851043,1.635186583,4.825680,0.075401
boundary,put,192,4,131200,identity,20261005,2,0.424171408,0.784178224,1.848730,0.924365
boundary,put,192,4,131200,identity,20261005,4,0.424171408,0.589791221,1.390455,0.347614
boundary,put,192,4,131200,identity,20261005,8,0.424171408,1.107361909,2.610647,0.326331
boundary,put,192,4,131200,identity,20261005,16,0.424171408,1.562441510,3.683514,0.230220
boundary,put,192,4,131200,identity,20261005,32,0.424171408,1.896298696,4.470595,0.139706
boundary,put,192,4,131200,identity,20261005,64,0.424171408,1.836535927,4.329702,0.067652
boundary,put,252,4,131200,identity,20261005,2,0.680547495,1.309384755,1.924017,0.962008
boundary,put,252,4,131200,identity,20261005,4,0.680547495,1.114278797,1.637327,0.409332
boundary,put,252,4,131200,identity,20261005,8,0.680547495,2.238650840,3.289485,0.411186
boundary,put,252,4,131200,identity,20261005,16,0.680547495,2.780643822,4.085892,0.255368
boundary,put,252,4,131200,identity,20261005,32,0.680547495,4.066086409,5.974728,0.186710
boundary,put,252,4,131200,identity,20261005,64,0.680547495,3.684852530,5.414541,0.084602
boundary,put,256,4,131200,identity,20261005,2,0.688460752,1.343065310,1.950823,0.975412
boundary,put,256,4,131200,identity,20261005,4,0.688460752,1.181699854,1.716438,0.429109
boundary,put,256,4,131200,identity,20261005,8,0.688460752,1.705426111,2.477158,0.309645
boundary,put,256,4,131200,identity,20261005,16,0.688460752,2.199794274,3.195236,0.199702
boundary,put,256,4,131200,identity,20261005,32,0.688460752,2.871265856,4.170559,0.130330
boundary,put,256,4,131200,identity,20261005,64,0.688460752,2.703576782,3.926988,0.061359
boundary,put,260,4,131200,identity,20261005,2,0.697655448,1.365309584,1.956997,0.978498
boundary,put,260,4,131200,identity,20261005,4,0.697655448,1.212545320,1.738029,0.434507
boundary,put,260,4,131200,identity,20261005,8,0.697655448,1.721813967,2.468000,0.308500
boundary,put,260,4,131200,identity,20261005,16,0.697655448,2.222432475,3.185573,0.199098
boundary,put,260,4,131200,identity,20261005,32,0.697655448,2.906527474,4.166136,0.130192
boundary,put,260,4,131200,identity,20261005,64,0.697655448,2.747097907,3.937614,0.061525
boundary,put,64,64,131200,identity,20261005,2,0.266621341,0.533211361,1.999883,0.999941
boundary,put,64,64,131200,identity,20261005,4,0.266621341,0.686031514,2.573056,0.643264
boundary,put,64,64,131200,identity,20261005,8,0.266621341,1.285103790,4.819958,0.602495
boundary,put,64,64,131200,identity,20261005,16,0.266621341,1.318767138,4.946217,0.309139
boundary,put,64,64,131200,identity,20261005,32,0.266621341,2.212762757,8.299271,0.259352
boundary,put,64,64,131200,identity,20261005,64,0.266621341,2.140597764,8.028606,0.125447
boundary,put,96,64,131200,identity,20261005,2,0.389407942,0.666531046,1.711652,0.855826
boundary,put,96,64,131200,identity,20261005,4,0.389407942,0.598899709,1.537975,0.384494
boundary,put,96,64,131200,identity,20261005,8,0.389407942,1.017763013,2.613616,0.326702
boundary,put,96,64,131200,identity,20261005,16,0.389407942,1.479879991,3.800333,0.237521
boundary,put,96,64,131200,identity,20261005,32,0.389407942,1.822812751,4.680985,0.146281
boundary,put,96,64,131200,identity,20261005,64,0.389407942,1.753679502,4.503451,0.070366
boundary,put,124,64,131200,identity,20261005,2,0.503042392,0.852191214,1.694074,0.847037
boundary,put,124,64,131200,identity,20261005,4,0.503042392,0.772831724,1.536315,0.384079
boundary,put,124,64,131200,identity,20261005,8,0.503042392,1.322170588,2.628348,0.328544
boundary,put,124,64,131200,identity,20261005,16,0.503042392,1.919992630,3.816761,0.238548
boundary,put,124,64,131200,identity,20261005,32,0.503042392,2.354528780,4.680577,0.146268
boundary,put,124,64,131200,identity,20261005,64,0.503042392,2.264805862,4.502217,0.070347
boundary,put,128,64,131200,identity,20261005,2,0.519264089,0.891415495,1.716690,0.858345
boundary,put,128,64,131200,identity,20261005,4,0.519264089,0.797107620,1.535072,0.383768
boundary,put,128,64,131200,identity,20261005,8,0.519264089,1.351764680,2.603232,0.325404
boundary,put,128,64,131200,identity,20261005,16,0.519264089,1.977267602,3.807827,0.237989
boundary,put,128,64,131200,identity,20261005,32,0.519264089,2.430960514,4.681549,0.146298
boundary,put,128,64,131200,identity,20261005,64,0.519264089,2.338994412,4.504441,0.070382
boundary,put,132,64,131200,identity,20261005,2,0.335254613,0.632314429,1.886072,0.943036
boundary,put,132,64,131200,identity,20261005,4,0.335254613,0.545548946,1.627268,0.406817
boundary,put,132,64,131200,identity,20261005,8,0.335254613,1.000709120,2.984923,0.373115
boundary,put,132,64,131200,identity,20261005,16,0.335254613,1.357059078,4.047846,0.252990
boundary,put,132,64,131200,identity,20261005,32,0.335254613,1.754382613,5.232986,0.163531
boundary,put,132,64,131200,identity,20261005,64,0.335254613,1.680237582,5.011825,0.078310
boundary,put,192,64,131200,identity,20261005,2,0.777978981,1.550701895,1.993244,0.996622
boundary,put,192,64,131200,identity,20261005,4,0.777978981,1.865565141,2.397963,0.599491
boundary,put,192,64,131200,identity,20261005,8,0.777978981,3.085682533,3.966280,0.495785
boundary,put,192,64,131200,identity,20261005,16,0.777978981,3.904644315,5.018959,0.313685
boundary,put,192,64,131200,identity,20261005,32,0.777978981,5.317354959,6.834831,0.213588
boundary,put,192,64,131200,identity,20261005,64,0.777978981,4.560251206,5.861664,0.091588
boundary,put,252,64,131200,identity,20261005,2,0.993822133,1.980928843,1.993243,0.996621
boundary,put,252,64,131200,identity,20261005,4,0.993822133,1.845969587,1.857445,0.464361
boundary,put,252,64,131200,identity,20261005,8,0.993822133,2.373444267,2.388198,0.298525
boundary,put,252,64,131200,identity,20261005,16,0.993822133,3.239083918,3.259219,0.203701
boundary,put,252,64,131200,identity,20261005,32,0.993822133,3.800319955,3.823944,0.119498
boundary,put,252,64,131200,identity,20261005,64,0.993822133,3.504334256,3.526118,0.055096
boundary,put,256,64,131200,identity,20261005,2,1.007776015,2.012567541,1.997039,0.998519
boundary,put,256,64,131200,identity,20261005,4,1.007776015,1.890259368,1.875674,0.468919
boundary,put,256,64,131200,identity,20261005,8,1.007776015,2.435487237,2.416695,0.302087
boundary,put,256,64,131200,identity,20261005,16,1.007776015,3.333183058,3.307464,0.206717
boundary,put,256,64,131200,identity,20261005,32,1.007776015,3.845368856,3.815698,0.119241
boundary,put,256,64,131200,identity,20261005,64,1.007776015,3.569465705,3.541924,0.055343
boundary,put,260,64,131200,identity,20261005,2,0.676809437,1.346756350,1.989860,0.994930
boundary,put,260,64,131200,identity,20261005,4,0.676809437,1.383710508,2.044461,0.511115
boundary,put,260,64,131200,identity,20261005,8,0.676809437,1.655536237,2.446089,0.305761
boundary,put,260,64,131200,identity,20261005,16,0.676809437,2.442323016,3.608583,0.225536
boundary,put,260,64,131200,identity,20261005,32,0.676809437,2.811713979,4.154366,0.129824
boundary,put,260,64,131200,identity,20261005,64,0.676809437,2.697183920,3.985145,0.062268
boundary,put,64,124,131200,identity,20261005,2,0.266557267,0.435548221,1.633976,0.816988
boundary,put,64,124,131200,identity,20261005,4,0.266557267,0.397763389,1.492225,0.373056
boundary,put,64,124,131200,identity,20261005,8,0.266557267,0.678298964,2.544665,0.318083
boundary,put,64,124,131200,identity,20261005,16,0.266557267,0.990139028,3.714545,0.232159
boundary,put,64,124,131200,identity,20261005,32,0.266557267,1.211419283,4.544687,0.142021
boundary,put,64,124,131200,identity,20261005,64,0.266557267,1.170840693,4.392455,0.068632
boundary,put,96,124,131200,identity,20261005,2,0.247167168,0.459249390,1.858052,0.929026
boundary,put,96,124,131200,identity,20261005,4,0.247167168,0.397889363,1.609799,0.402450
boundary,put,96,124,131200,identity,20261005,8,0.247167168,0.727463135,2.943203,0.367900
boundary,put,96,124,131200,identity,20261005,16,0.247167168,0.985993880,3.989178,0.249324
boundary,put,96,124,131200,identity,20261005,32,0.247167168,1.271647659,5.144889,0.160778
boundary,put,96,124,131200,identity,20261005,64,0.247167168,1.225331796,4.957502,0.077461
boundary,put,124,124,131200,identity,20261005,2,0.498800465,0.863611386,1.731376,0.865688
boundary,put,124,124,131200,identity,20261005,4,0.498800465,0.773257151,1.550233,0.387558
boundary,put,124,124,131200,identity,20261005,8,0.498800465,1.316241478,2.638814,0.329852
boundary,put,124,124,131200,identity,20261005,16,0.498800465,1.915761347,3.840737,0.240046
boundary,put,124,124,131200,identity,20261005,32,0.498800465,2.348835589,4.708968,0.147155
boundary,put,124,124,131200,identity,20261005,64,0.498800465,2.272196874,4.555322,0.071177
boundary,put,128,124,131200,identity,20261005,2,0.329082513,0.613492081,1.864250,0.932125
boundary,put,128,124,131200,identity,20261005,4,0.329082513,0.527771773,1.603767,0.400942
boundary,put,128,124,131200,identity,20261005,8,0.329082513,0.970682911,2.949664,0.368708
boundary,put,128,124,131200,identity,20261005,16,0.329082513,1.315766987,3.998289,0.249893
boundary,put,128,124,131200,identity,20261005,32,0.329082513,1.697473996,5.158202,0.161194
boundary,put,128,124,131200,identity,20261005,64,0.329082513,1.635693549,4.970466,0.077664
boundary,put,132,124,131200,identity,20261005,2,0.530391855,1.057371622,1.993567,0.996783
boundary,put,132,124,131200,identity,20261005,4,0.530391855,1.286257291,2.425108,0.606277
boundary,put,132,124,131200,identity,20261005,8,0.530391855,2.076082935,3.914244,0.489280
boundary,put,132,124,131200,identity,20261005,16,0.530391855,2.684913228,5.062131,0.316383
boundary,put,132,124,131200,identity,20261005,32,0.530391855,3.655498674,6.892072,0.215377
boundary,put,132,124,131200,identity,20261005,64,0.530391855,3.147469450,5.934234,0.092722
boundary,put,192,124,131200,identity,20261005,2,0.756633250,1.471325814,1.944569,0.972285
boundary,put,192,124,131200,identity,20261005,4,0.756633250,1.428285825,1.887686,0.471921
boundary,put,192,124,131200,identity,20261005,8,0.756633250,1.810663962,2.393054,0.299132
boundary,put,192,124,131200,identity,20261005,16,0.756633250,2.501978493,3.306726,0.206670
boundary,put,192,124,131200,identity,20261005,32,0.756633250,2.864418726,3.785743,0.118304
boundary,put,192,124,131200,identity,20261005,64,0.756633250,2.681447974,3.543920,0.055374
boundary,put,252,124,131200,identity,20261005,2,0.967247540,1.931143248,1.996535,0.998267
boundary,put,252,124,131200,identity,20261005,4,0.967247540,1.866063306,1.929251,0.482313
boundary,put,252,124,131200,identity,20261005,8,0.967247540,2.386467027,2.467276,0.308410
boundary,put,252,124,131200,identity,20261005,16,0.967247540,3.307313938,3.419305,0.213707
boundary,put,252,124,131200,identity,20261005,32,0.967247540,3.794344460,3.922827,0.122588
boundary,put,252,124,131200,identity,20261005,64,0.967247540,3.513779537,3.632761,0.056762
boundary,put,256,124,131200,identity,20261005,2,0.669811817,1.331249096,1.987497,0.993749
boundary,put,256,124,131200,identity,20261005,4,0.669811817,1.357739226,2.027046,0.506761
boundary,put,256,124,131200,identity,20261005,8,0.669811817,1.637255755,2.444352,0.305544
boundary,put,256,124,131200,identity,20261005,16,0.669811817,2.397450321,3.579289,0.223706
boundary,put,256,124,131200,identity,20261005,32,0.669811817,2.769465587,4.134692,0.129209
boundary,put,256,124,131200,identity,20261005,64,0.669811817,2.633095936,3.931098,0.061423
boundary,put,260,124,131200,identity,20261005,2,0.998109351,1.993732778,1.997509,0.998755
boundary,put,260,124,131200,identity,20261005,4,0.998109351,2.284018590,2.288345,0.572086
boundary,put,260,124,131200,identity,20261005,8,0.998109351,3.664127086,3.671068,0.458883
boundary,put,260,124,131200,identity,20261005,16,0.998109351,4.379278811,4.387574,0.274223
boundary,put,260,124,131200,identity,20261005,32,0.998109351,5.420242757,5.430510,0.169703
boundary,put,260,124,131200,identity,20261005,64,0.998109351,4.763297465,4.772320,0.074568
boundary,iget,64,0,131200,identity,20261005,2,0.144974581,0.290358861,2.002826,1.001413
boundary,iget,64,0,131200,identity,20261005,4,0.144974581,0.477096302,3.290896,0.822724
boundary,iget,64,0,131200,identity,20261005,8,0.144974581,0.948945614,6.545600,0.818200
boundary,iget,64,0,131200,identity,20261005,16,0.144974581,1.865048106,12.864656,0.804041
boundary,iget,64,0,131200,identity,20261005,32,0.144974581,3.405820094,23.492533,0.734142
boundary,iget,64,0,131200,identity,20261005,64,0.144974581,3.588697425,24.753977,0.386781
boundary,iget,96,0,131200,identity,20261005,2,0.217533125,0.435243774,2.000816,1.000408
boundary,iget,96,0,131200,identity,20261005,4,0.217533125,0.715248159,3.287997,0.821999
boundary,iget,96,0,131200,identity,20261005,8,0.217533125,1.423046799,6.541748,0.817718
boundary,iget,96,0,131200,identity,20261005,16,0.217533125,2.796578925,12.855876,0.803492
boundary,iget,96,0,131200,identity,20261005,32,0.217533125,5.127328662,23.570335,0.736573
boundary,iget,96,0,131200,identity,20261005,64,0.217533125,5.393712006,24.794900,0.387420
boundary,iget,124,0,131200,identity,20261005,2,0.281199352,0.562432120,2.000119,1.000059
boundary,iget,124,0,131200,identity,20261005,4,0.281199352,0.923954623,3.285764,0.821441
boundary,iget,124,0,131200,identity,20261005,8,0.281199352,1.836259007,6.530097,0.816262
boundary,iget,124,0,131200,identity,20261005,16,0.281199352,3.613510303,12.850351,0.803147
boundary,iget,124,0,131200,identity,20261005,32,0.281199352,6.620416075,23.543497,0.735734
boundary,iget,124,0,131200,identity,20261005,64,0.281199352,6.956227221,24.737707,0.386527
boundary,iget,128,0,131200,identity,20261005,2,0.290324681,0.580703759,2.000187,1.000094
boundary,iget,128,0,131200,identity,20261005,4,0.290324681,0.953203126,3.283231,0.820808
boundary,iget,128,0,131200,identity,20261005,8,0.290324681,1.897020677,6.534135,0.816767
boundary,iget,128,0,131200,identity,20261005,16,0.290324681,3.732123892,12.855000,0.803438
boundary,iget,128,0,131200,identity,20261005,32,0.290324681,6.839360520,23.557627,0.736176
boundary,iget,128,0,131200,identity,20261005,64,0.290324681,7.188847388,24.761406,0.386897
boundary,iget,132,0,131200,identity,20261005,2,0.290607564,0.579321386,1.993484,0.996742
boundary,iget,132,0,131200,identity,20261005,4,0.290607564,0.949950047,3.268841,0.817210
boundary,iget,132,0,131200,identity,20261005,8,0.290607564,1.873972509,6.448464,0.806058
boundary,iget,132,0,131200,identity,20261005,16,0.290607564,3.652479700,12.568426,0.785527
boundary,iget,132,0,131200,identity,20261005,32,0.290607564,5.227793296,17.989185,0.562162
boundary,iget,132,0,131200,identity,20261005,64,0.290607564,5.322487756,18.315035,0.286172
boundary,iget,192,0,131200,identity,20261005,2,0.422503040,0.843930819,1.997455,0.998728
boundary,iget,192,0,131200,identity,20261005,4,0.422503040,1.381899669,3.270745,0.817686
boundary,iget,192,0,131200,identity,20261005,8,0.422503040,2.726791472,6.453898,0.806737
boundary,iget,192,0,131200,identity,20261005,16,0.422503040,5.309872179,12.567654,0.785478
boundary,iget,192,0,131200,identity,20261005,32,0.422503040,7.579053637,17.938459,0.560577
boundary,iget,192,0,131200,identity,20261005,64,0.422503040,7.757156068,18.360001,0.286875
boundary,iget,252,0,131200,identity,20261005,2,0.554263618,1.107499286,1.998145,0.999073
boundary,iget,252,0,131200,identity,20261005,4,0.554263618,1.814722585,3.274115,0.818529
boundary,iget,252,0,131200,identity,20261005,8,0.554263618,3.583895510,6.466049,0.808256
boundary,iget,252,0,131200,identity,20261005,16,0.554263618,6.978865910,12.591239,0.786952
boundary,iget,252,0,131200,identity,20261005,32,0.554263618,10.020051286,18.078133,0.564942
boundary,iget,252,0,131200,identity,20261005,64,0.554263618,10.171671554,18.351685,0.286745
boundary,iget,256,0,131200,identity,20261005,2,0.562803977,1.122316988,1.994153,0.997076
boundary,iget,256,0,131200,identity,20261005,4,0.562803977,1.844447843,3.277247,0.819312
boundary,iget,256,0,131200,identity,20261005,8,0.562803977,3.640826105,6.469084,0.808635
boundary,iget,256,0,131200,identity,20261005,16,0.562803977,7.092202266,12.601550,0.787597
boundary,iget,256,0,131200,identity,20261005,32,0.562803977,10.184876900,18.096668,0.565521
boundary,iget,256,0,131200,identity,20261005,64,0.562803977,10.305228230,18.310511,0.286102
boundary,iget,260,0,131200,identity,20261005,2,0.555882671,1.110847166,1.998348,0.999174
boundary,iget,260,0,131200,identity,20261005,4,0.555882671,1.822088478,3.277829,0.819457
boundary,iget,260,0,131200,identity,20261005,8,0.555882671,3.612470178,6.498620,0.812327
boundary,iget,260,0,131200,identity,20261005,16,0.555882671,6.686652686,12.028892,0.751806
boundary,iget,260,0,131200,identity,20261005,32,0.555882671,7.741822862,13.927081,0.435221
boundary,iget,260,0,131200,identity,20261005,64,0.555882671,8.295458301,14.923038,0.233172
boundary,iget,64,4,131200,identity,20261005,2,0.144971100,0.290044100,2.000703,1.000351
boundary,iget,64,4,131200,identity,20261005,4,0.144971100,0.476004360,3.283443,0.820861
boundary,iget,64,4,131200,identity,20261005,8,0.144971100,0.946272426,6.527318,0.815915
boundary,iget,64,4,131200,identity,20261005,16,0.144971100,1.862042304,12.844231,0.802764
boundary,iget,64,4,131200,identity,20261005,32,0.144971100,3.417222702,23.571751,0.736617
boundary,iget,64,4,131200,identity,20261005,64,0.144971100,3.591498915,24.773896,0.387092
boundary,iget,96,4,131200,identity,20261005,2,0.217666690,0.434759374,1.997363,0.998681
boundary,iget,96,4,131200,identity,20261005,4,0.217666690,0.714388168,3.282028,0.820507
boundary,iget,96,4,131200,identity,20261005,8,0.217666690,1.418284644,6.515855,0.814482
boundary,iget,96,4,131200,identity,20261005,16,0.217666690,2.791833886,12.826188,0.801637
boundary,iget,96,4,131200,identity,20261005,32,0.217666690,5.194185083,23.863022,0.745719
boundary,iget,96,4,131200,identity,20261005,64,0.217666690,5.378541563,24.709989,0.386094
boundary,iget,124,4,131200,identity,20261005,2,0.281040594,0.562036603,1.999841,0.999921
boundary,iget,124,4,131200,identity,20261005,4,0.281040594,0.921806294,3.279976,0.819994
boundary,iget,124,4,131200,identity,20261005,8,0.281040594,1.835414734,6.530782,0.816348
boundary,iget,124,4,131200,identity,20261005,16,0.281040594,3.607000563,12.834447,0.802153
boundary,iget,124,4,131200,identity,20261005,32,0.281040594,6.704582704,23.856279,0.745509
boundary,iget,124,4,131200,identity,20261005,64,0.281040594,6.960029208,24.765210,0.386956
boundary,iget,128,4,131200,identity,20261005,2,0.281534875,0.562599403,1.998329,0.999165
boundary,iget,128,4,131200,identity,20261005,4,0.281534875,0.911671496,3.238219,0.809555
boundary,iget,128,4,131200,identity,20261005,8,0.281534875,1.804429769,6.409258,0.801157
boundary,iget,128,4,131200,identity,20261005,16,0.281534875,3.537056627,12.563476,0.785217
boundary,iget,128,4,131200,identity,20261005,32,0.281534875,5.120367386,18.187329,0.568354
boundary,iget,128,4,131200,identity,20261005,64,0.281534875,5.165150843,18.346398,0.286662
boundary,iget,132,4,131200,identity,20261005,2,0.290414346,0.580528162,1.998965,0.999483
boundary,iget,132,4,131200,identity,20261005,4,0.290414346,0.940961106,3.240064,0.810016
boundary,iget,132,4,131200,identity,20261005,8,0.290414346,1.861099910,6.408430,0.801054
boundary,iget,132,4,131200,identity,20261005,16,0.290414346,3.649898047,12.567899,0.785494
boundary,iget,132,4,131200,identity,20261005,32,0.290414346,5.216541426,17.962410,0.561325
boundary,iget,132,4,131200,identity,20261005,64,0.290414346,5.330243878,18.353928,0.286780
boundary,iget,192,4,131200,identity,20261005,2,0.422432020,0.843770414,1.997411,0.998706
boundary,iget,192,4,131200,identity,20261005,4,0.422432020,1.368467794,3.239498,0.809875
boundary,iget,192,4,131200,identity,20261005,8,0.422432020,2.705499509,6.404580,0.800572
boundary,iget,192,4,131200,identity,20261005,16,0.422432020,5.303604604,12.554930,0.784683
boundary,iget,192,4,131200,identity,20261005,32,0.422432020,7.614126386,18.024501,0.563266
boundary,iget,192,4,131200,identity,20261005,64,0.422432020,7.751383459,18.349422,0.286710
boundary,iget,252,4,131200,identity,20261005,2,0.554239359,1.106579891,1.996574,0.998287
boundary,iget,252,4,131200,identity,20261005,4,0.554239359,1.795654836,3.239854,0.809964
boundary,iget,252,4,131200,identity,20261005,8,0.554239359,3.552339654,6.409396,0.801175
boundary,iget,252,4,131200,identity,20261005,16,0.554239359,6.959416693,12.556699,0.784794
boundary,iget,252,4,131200,identity,20261005,32,0.554239359,10.019273185,18.077520,0.564923
boundary,iget,252,4,131200,identity,20261005,64,0.554239359,10.161341539,18.333850,0.286466
boundary,iget,256,4,131200,identity,20261005,2,0.547760313,1.095022971,1.999091,0.999546
boundary,iget,256,4,131200,identity,20261005,4,0.547760313,1.781550582,3.252427,0.813107
boundary,iget,256,4,131200,identity,20261005,8,0.547760313,3.537107330,6.457400,0.807175
boundary,iget,256,4,131200,identity,20261005,16,0.547760313,6.644443900,12.130203,0.758138
boundary,iget,256,4,131200,identity,20261005,32,0.547760313,7.632572862,13.934147,0.435442
boundary,iget,256,4,131200,identity,20261005,64,0.547760313,8.166819246,14.909476,0.232961
boundary,iget,260,4,131200,identity,20261005,2,0.556663649,1.109988789,1.994003,0.997001
boundary,iget,260,4,131200,identity,20261005,4,0.556663649,1.808361027,3.248570,0.812143
boundary,iget,260,4,131200,identity,20261005,8,0.556663649,3.592858641,6.454272,0.806784
boundary,iget,260,4,131200,identity,20261005,16,0.556663649,6.714211678,12.061523,0.753845
boundary,iget,260,4,131200,identity,20261005,32,0.556663649,7.740877116,13.905843,0.434558
boundary,iget,260,4,131200,identity,20261005,64,0.556663649,8.301808248,14.913509,0.233024
boundary,iget,64,64,131200,identity,20261005,2,0.144841373,0.289815761,2.000918,1.000459
boundary,iget,64,64,131200,identity,20261005,4,0.144841373,0.476334280,3.288662,0.822165
boundary,iget,64,64,131200,identity,20261005,8,0.144841373,0.948823570,6.550777,0.818847
boundary,iget,64,64,131200,identity,20261005,16,0.144841373,1.866162268,12.884180,0.805261
boundary,iget,64,64,131200,identity,20261005,32,0.144841373,3.409352914,23.538529,0.735579
boundary,iget,64,64,131200,identity,20261005,64,0.144841373,3.587282767,24.766976,0.386984
boundary,iget,96,64,131200,identity,20261005,2,0.211223260,0.421214005,1.994165,0.997082
boundary,iget,96,64,131200,identity,20261005,4,0.211223260,0.691425087,3.273433,0.818358
boundary,iget,96,64,131200,identity,20261005,8,0.211223260,1.365921955,6.466721,0.808340
boundary,iget,96,64,131200,identity,20261005,16,0.211223260,2.655793590,12.573396,0.785837
boundary,iget,96,64,131200,identity,20261005,32,0.211223260,3.794434533,17.964094,0.561378
boundary,iget,96,64,131200,identity,20261005,64,0.211223260,3.880804966,18.373000,0.287078
boundary,iget,124,64,131200,identity,20261005,2,0.272772068,0.545358428,1.999319,0.999660
boundary,iget,124,64,131200,identity,20261005,4,0.272772068,0.893207660,3.274557,0.818639
boundary,iget,124,64,131200,identity,20261005,8,0.272772068,1.764141407,6.467456,0.808432
boundary,iget,124,64,131200,identity,20261005,16,0.272772068,3.433894757,12.588880,0.786805
boundary,iget,124,64,131200,identity,20261005,32,0.272772068,4.913138485,18.011883,0.562871
boundary,iget,124,64,131200,identity,20261005,64,0.272772068,5.003638924,18.343663,0.286620
boundary,iget,128,64,131200,identity,20261005,2,0.281830064,0.562907682,1.997330,0.998665
boundary,iget,128,64,131200,identity,20261005,4,0.281830064,0.921370229,3.269240,0.817310
boundary,iget,128,64,131200,identity,20261005,8,0.281830064,1.818834170,6.453656,0.806707
boundary,iget,128,64,131200,identity,20261005,16,0.281830064,3.544822620,12.577873,0.786117
boundary,iget,128,64,131200,identity,20261005,32,0.281830064,5.057111656,17.943833,0.560745
boundary,iget,128,64,131200,identity,20261005,64,0.281830064,5.169848324,18.343850,0.286623
boundary,iget,132,64,131200,identity,20261005,2,0.290742239,0.580430904,1.996376,0.998188
boundary,iget,132,64,131200,identity,20261005,4,0.290742239,0.950574449,3.269475,0.817369
boundary,iget,132,64,131200,identity,20261005,8,0.290742239,1.876306618,6.453505,0.806688
boundary,iget,132,64,131200,identity,20261005,16,0.290742239,3.656189399,12.575364,0.785960
boundary,iget,132,64,131200,identity,20261005,32,0.290742239,5.197615200,17.877056,0.558658
boundary,iget,132,64,131200,identity,20261005,64,0.290742239,5.330645463,18.334610,0.286478
boundary,iget,192,64,131200,identity,20261005,2,0.422611010,0.843481099,1.995881,0.997940
boundary,iget,192,64,131200,identity,20261005,4,0.422611010,1.382783197,3.272000,0.818000
boundary,iget,192,64,131200,identity,20261005,8,0.422611010,2.727953747,6.454999,0.806875
boundary,iget,192,64,131200,identity,20261005,16,0.422611010,5.313819806,12.573785,0.785862
boundary,iget,192,64,131200,identity,20261005,32,0.422611010,7.581638663,17.939993,0.560625
boundary,iget,192,64,131200,identity,20261005,64,0.422611010,7.742037918,18.319537,0.286243
boundary,iget,252,64,131200,identity,20261005,2,0.539505158,1.077634362,1.997450,0.998725
boundary,iget,252,64,131200,identity,20261005,4,0.539505158,1.765072988,3.271652,0.817913
boundary,iget,252,64,131200,identity,20261005,8,0.539505158,3.509497578,6.505031,0.813129
boundary,iget,252,64,131200,identity,20261005,16,0.539505158,6.540141742,12.122482,0.757655
boundary,iget,252,64,131200,identity,20261005,32,0.539505158,7.499532674,13.900762,0.434399
boundary,iget,252,64,131200,identity,20261005,64,0.539505158,8.036193565,14.895490,0.232742
boundary,iget,256,64,131200,identity,20261005,2,0.547668909,1.094276868,1.998063,0.999031
boundary,iget,256,64,131200,identity,20261005,4,0.547668909,1.796685081,3.280604,0.820151
boundary,iget,256,64,131200,identity,20261005,8,0.547668909,3.557758154,6.496184,0.812023
boundary,iget,256,64,131200,identity,20261005,16,0.547668909,6.584993032,12.023675,0.751480
boundary,iget,256,64,131200,identity,20261005,32,0.547668909,7.623359866,13.919651,0.434989
boundary,iget,256,64,131200,identity,20261005,64,0.547668909,8.191628919,14.957265,0.233707
boundary,iget,260,64,131200,identity,20261005,2,0.557015698,1.110645969,1.993922,0.996961
boundary,iget,260,64,131200,identity,20261005,4,0.557015698,1.824416730,3.275342,0.818835
boundary,iget,260,64,131200,identity,20261005,8,0.557015698,3.616496929,6.492630,0.811579
boundary,iget,260,64,131200,identity,20261005,16,0.557015698,6.692552042,12.015015,0.750938
boundary,iget,260,64,131200,identity,20261005,32,0.557015698,7.730960350,13.879250,0.433727
boundary,iget,260,64,131200,identity,20261005,64,0.557015698,8.302603555,14.905511,0.232899
boundary,iget,64,124,131200,identity,20261005,2,0.140669883,0.280843962,1.996475,0.998238
boundary,iget,64,124,131200,identity,20261005,4,0.140669883,0.456183731,3.242938,0.810735
boundary,iget,64,124,131200,identity,20261005,8,0.140669883,0.901828087,6.410954,0.801369
boundary,iget,64,124,131200,identity,20261005,16,0.140669883,1.769198089,12.576950,0.786059
boundary,iget,64,124,131200,identity,20261005,32,0.140669883,2.541175922,18.064819,0.564526
boundary,iget,64,124,131200,identity,20261005,64,0.140669883,2.586082093,18.384050,0.287251
boundary,iget,96,124,131200,identity,20261005,2,0.210890750,0.422256247,2.002251,1.001126
boundary,iget,96,124,131200,identity,20261005,4,0.210890750,0.684150757,3.244100,0.811025
boundary,iget,96,124,131200,identity,20261005,8,0.210890750,1.352727596,6.414352,0.801794
boundary,iget,96,124,131200,identity,20261005,16,0.210890750,2.652365535,12.576965,0.786060
boundary,iget,96,124,131200,identity,20261005,32,0.210890750,3.812357075,18.077403,0.564919
boundary,iget,96,124,131200,identity,20261005,64,0.210890750,3.877490731,18.386253,0.287285
boundary,iget,124,124,131200,identity,20261005,2,0.272335820,0.544848382,2.000649,1.000324
boundary,iget,124,124,131200,identity,20261005,4,0.272335820,0.883617273,3.244587,0.811147
boundary,iget,124,124,131200,identity,20261005,8,0.272335820,1.746915295,6.414563,0.801820
boundary,iget,124,124,131200,identity,20261005,16,0.272335820,3.426102306,12.580432,0.786277
boundary,iget,124,124,131200,identity,20261005,32,0.272335820,4.930578008,18.104772,0.565774
boundary,iget,124,124,131200,identity,20261005,64,0.272335820,5.003816545,18.373700,0.287089
boundary,iget,128,124,131200,identity,20261005,2,0.281728829,0.562601134,1.996960,0.998480
boundary,iget,128,124,131200,identity,20261005,4,0.281728829,0.912057363,3.237359,0.809340
boundary,iget,128,124,131200,identity,20261005,8,0.281728829,1.804307043,6.404410,0.800551
boundary,iget,128,124,131200,identity,20261005,16,0.281728829,3.539572175,12.563756,0.785235
boundary,iget,128,124,131200,identity,20261005,32,0.281728829,5.071394487,18.000978,0.562531
boundary,iget,128,124,131200,identity,20261005,64,0.281728829,5.166775790,18.339535,0.286555
boundary,iget,132,124,131200,identity,20261005,2,0.290564576,0.580489867,1.997800,0.998900
boundary,iget,132,124,131200,identity,20261005,4,0.290564576,0.941158352,3.239068,0.809767
boundary,iget,132,124,131200,identity,20261005,8,0.290564576,1.860523463,6.403132,0.800392
boundary,iget,132,124,131200,identity,20261005,16,0.290564576,3.650495479,12.563457,0.785216
boundary,iget,132,124,131200,identity,20261005,32,0.290564576,5.210982491,17.933991,0.560437
boundary,iget,132,124,131200,identity,20261005,64,0.290564576,5.331881877,18.350075,0.286720
boundary,iget,192,124,131200,identity,20261005,2,0.411032454,0.820629252,1.996507,0.998254
boundary,iget,192,124,131200,identity,20261005,4,0.411032454,1.335464280,3.249048,0.812262
boundary,iget,192,124,131200,identity,20261005,8,0.411032454,2.652452102,6.453145,0.806643
boundary,iget,192,124,131200,identity,20261005,16,0.411032454,4.932814489,12.001034,0.750065
boundary,iget,192,124,131200,identity,20261005,32,0.411032454,5.737126971,13.957844,0.436183
boundary,iget,192,124,131200,identity,20261005,64,0.411032454,6.134592296,14.924837,0.233201
boundary,iget,252,124,131200,identity,20261005,2,0.539423741,1.076837942,1.996275,0.998137
boundary,iget,252,124,131200,identity,20261005,4,0.539423741,1.752955678,3.249682,0.812421
boundary,iget,252,124,131200,identity,20261005,8,0.539423741,3.481274250,6.453691,0.806711
boundary,iget,252,124,131200,identity,20261005,16,0.539423741,6.504960113,12.059091,0.753693
boundary,iget,252,124,131200,identity,20261005,32,0.539423741,7.509125907,13.920644,0.435020
boundary,iget,252,124,131200,identity,20261005,64,0.539423741,8.041466604,14.907513,0.232930
boundary,iget,256,124,131200,identity,20261005,2,0.547318811,1.093973616,1.998787,0.999393
boundary,iget,256,124,131200,identity,20261005,4,0.547318811,1.778858063,3.250131,0.812533
boundary,iget,256,124,131200,identity,20261005,8,0.547318811,3.534805145,6.458402,0.807300
boundary,iget,256,124,131200,identity,20261005,16,0.547318811,6.582467014,12.026751,0.751672
boundary,iget,256,124,131200,identity,20261005,32,0.547318811,7.606591401,13.897917,0.434310
boundary,iget,256,124,131200,identity,20261005,64,0.547318811,8.167590747,14.922913,0.233171
boundary,iget,260,124,131200,identity,20261005,2,0.556765807,1.112336107,1.997853,0.998926
boundary,iget,260,124,131200,identity,20261005,4,0.556765807,1.808475804,3.248180,0.812045
boundary,iget,260,124,131200,identity,20261005,8,0.556765807,3.594403376,6.455862,0.806983
boundary,iget,260,124,131200,identity,20261005,16,0.556765807,6.701980951,12.037343,0.752334
boundary,iget,260,124,131200,identity,20261005,32,0.556765807,7.759705064,13.937108,0.435535
boundary,iget,260,124,131200,identity,20261005,64,0.556765807,8.293510941,14.895870,0.232748
boundary,iput,64,0,131200,identity,20261005,2,0.273464306,0.546466284,1.998309,0.999155
boundary,iput,64,0,131200,identity,20261005,4,0.273464306,0.685455098,2.506561,0.626640
boundary,iput,64,0,131200,identity,20261005,8,0.273464306,1.283022480,4.691737,0.586467
boundary,iput,64,0,131200,identity,20261005,16,0.273464306,1.320047774,4.827130,0.301696
boundary,iput,64,0,131200,identity,20261005,32,0.273464306,2.201203547,8.049327,0.251541
boundary,iput,64,0,131200,identity,20261005,64,0.273464306,2.137981550,7.818138,0.122158
boundary,iput,96,0,131200,identity,20261005,2,0.408453629,0.816676882,1.999436,0.999718
boundary,iput,96,0,131200,identity,20261005,4,0.408453629,1.028391644,2.517768,0.629442
boundary,iput,96,0,131200,identity,20261005,8,0.408453629,1.928981822,4.722646,0.590331
boundary,iput,96,0,131200,identity,20261005,16,0.408453629,1.991356786,4.875356,0.304710
boundary,iput,96,0,131200,identity,20261005,32,0.408453629,3.310838599,8.105788,0.253306
boundary,iput,96,0,131200,identity,20261005,64,0.408453629,3.208638926,7.855577,0.122743
boundary,iput,124,0,131200,identity,20261005,2,0.337343275,0.676246277,2.004624,1.002312
boundary,iput,124,0,131200,identity,20261005,4,0.337343275,0.607847458,1.801866,0.450467
boundary,iput,124,0,131200,identity,20261005,8,0.337343275,1.237572038,3.668584,0.458573
boundary,iput,124,0,131200,identity,20261005,16,0.337343275,1.358379552,4.026698,0.251669
boundary,iput,124,0,131200,identity,20261005,32,0.337343275,2.229220997,6.608168,0.206505
boundary,iput,124,0,131200,identity,20261005,64,0.337343275,2.217426677,6.573206,0.102706
boundary,iput,128,0,131200,identity,20261005,2,0.533316889,1.066481366,1.999714,0.999857
boundary,iput,128,0,131200,identity,20261005,4,0.533316889,2.124619737,3.983785,0.995946
boundary,iput,128,0,131200,identity,20261005,8,0.533316889,4.250052503,7.969094,0.996137
boundary,iput,128,0,131200,identity,20261005,16,0.533316889,8.497844211,15.933949,0.995872
boundary,iput,128,0,131200,identity,20261005,32,0.533316889,16.183064597,30.344182,0.948256
boundary,iput,128,0,131200,identity,20261005,64,0.533316889,18.790542338,35.233353,0.550521
boundary,iput,132,0,131200,identity,20261005,2,0.536533457,1.069125006,1.992653,0.996327
boundary,iput,132,0,131200,identity,20261005,4,0.536533457,1.531751201,2.854903,0.713726
boundary,iput,132,0,131200,identity,20261005,8,0.536533457,2.155925692,4.018250,0.502281
boundary,iput,132,0,131200,identity,20261005,16,0.536533457,2.813857341,5.244514,0.327782
boundary,iput,132,0,131200,identity,20261005,32,0.536533457,3.725683170,6.943990,0.217000
boundary,iput,132,0,131200,identity,20261005,64,0.536533457,3.094781418,5.768105,0.090127
boundary,iput,192,0,131200,identity,20261005,2,0.780079690,1.554639506,1.992924,0.996462
boundary,iput,192,0,131200,identity,20261005,4,0.780079690,2.287014344,2.931770,0.732943
boundary,iput,192,0,131200,identity,20261005,8,0.780079690,3.135116159,4.018969,0.502371
boundary,iput,192,0,131200,identity,20261005,16,0.780079690,4.076463413,5.225701,0.326606
boundary,iput,192,0,131200,identity,20261005,32,0.780079690,5.415799219,6.942623,0.216957
boundary,iput,192,0,131200,identity,20261005,64,0.780079690,4.519894876,5.794145,0.090534
boundary,iput,252,0,131200,identity,20261005,2,0.681355281,1.314215667,1.928826,0.964413
boundary,iput,252,0,131200,identity,20261005,4,0.681355281,1.307402662,1.918827,0.479707
boundary,iput,252,0,131200,identity,20261005,8,0.681355281,2.341079217,3.435916,0.429489
boundary,iput,252,0,131200,identity,20261005,16,0.681355281,2.890671533,4.242532,0.265158
boundary,iput,252,0,131200,identity,20261005,32,0.681355281,4.236734029,6.218098,0.194316
boundary,iput,252,0,131200,identity,20261005,64,0.681355281,3.759383161,5.517508,0.086211
boundary,iput,256,0,131200,identity,20261005,2,1.040476571,2.075344742,1.994610,0.997305
boundary,iput,256,0,131200,identity,20261005,4,1.040476571,4.145626465,3.984353,0.996088
boundary,iput,256,0,131200,identity,20261005,8,1.040476571,8.235569457,7.915190,0.989399
boundary,iput,256,0,131200,identity,20261005,16,1.040476571,16.396290659,15.758443,0.984903
boundary,iput,256,0,131200,identity,20261005,32,1.040476571,18.882315370,18.147756,0.567117
boundary,iput,256,0,131200,identity,20261005,64,1.040476571,18.566103897,17.843846,0.278810
boundary,iput,260,0,131200,identity,20261005,2,1.049883180,2.055647972,1.957978,0.978989
boundary,iput,260,0,131200,identity,20261005,4,1.049883180,3.972011071,3.783289,0.945822
boundary,iput,260,0,131200,identity,20261005,8,1.049883180,3.792085080,3.611911,0.451489
boundary,iput,260,0,131200,identity,20261005,16,1.049883180,4.419340137,4.209364,0.263085
boundary,iput,260,0,131200,identity,20261005,32,1.049883180,5.038766098,4.799359,0.149980
boundary,iput,260,0,131200,identity,20261005,64,1.049883180,4.727485464,4.502868,0.070357
boundary,iput,64,4,131200,identity,20261005,2,0.174200759,0.348962491,2.003220,1.001610
boundary,iput,64,4,131200,identity,20261005,4,0.174200759,0.316169996,1.814975,0.453744
boundary,iput,64,4,131200,identity,20261005,8,0.174200759,0.636466814,3.653640,0.456705
boundary,iput,64,4,131200,identity,20261005,16,0.174200759,0.696999390,4.001127,0.250070
boundary,iput,64,4,131200,identity,20261005,32,0.174200759,1.158358723,6.649562,0.207799
boundary,iput,64,4,131200,identity,20261005,64,0.174200759,1.146474840,6.581342,0.102833
boundary,iput,96,4,131200,identity,20261005,2,0.260811591,0.525223446,2.013804,1.006902
boundary,iput,96,4,131200,identity,20261005,4,0.260811591,0.459257794,1.760880,0.440220
boundary,iput,96,4,131200,identity,20261005,8,0.260811591,0.959889493,3.680394,0.460049
boundary,iput,96,4,131200,identity,20261005,16,0.260811591,1.056853343,4.052172,0.253261
boundary,iput,96,4,131200,identity,20261005,32,0.260811591,1.736114545,6.656585,0.208018
boundary,iput,96,4,131200,identity,20261005,64,0.260811591,1.717011134,6.583339,0.102865
boundary,iput,124,4,131200,identity,20261005,2,0.336337131,0.676117775,2.010238,1.005119
boundary,iput,124,4,131200,identity,20261005,4,0.336337131,0.625067106,1.858454,0.464614
boundary,iput,124,4,131200,identity,20261005,8,0.336337131,1.237268266,3.678655,0.459832
boundary,iput,124,4,131200,identity,20261005,16,0.336337131,1.350497632,4.015309,0.250957
boundary,iput,124,4,131200,identity,20261005,32,0.336337131,2.241343812,6.663980,0.208249
boundary,iput,124,4,131200,identity,20261005,64,0.336337131,2.219475658,6.598961,0.103109
boundary,iput,128,4,131200,identity,20261005,2,0.332234451,0.605960330,1.823894,0.911947
boundary,iput,128,4,131200,identity,20261005,4,0.332234451,0.508526914,1.530627,0.382657
boundary,iput,128,4,131200,identity,20261005,8,0.332234451,0.986168885,2.968292,0.371037
boundary,iput,128,4,131200,identity,20261005,16,0.332234451,1.265286458,3.808414,0.238026
boundary,iput,128,4,131200,identity,20261005,32,0.332234451,1.645330990,4.952319,0.154760
boundary,iput,128,4,131200,identity,20261005,64,0.332234451,1.581801375,4.761100,0.074392
boundary,iput,132,4,131200,identity,20261005,2,0.338069291,0.597684786,1.767936,0.883968
boundary,iput,132,4,131200,identity,20261005,4,0.338069291,0.522048439,1.544205,0.386051
boundary,iput,132,4,131200,identity,20261005,8,0.338069291,1.017053561,3.008417,0.376052
boundary,iput,132,4,131200,identity,20261005,16,0.338069291,1.304623302,3.859041,0.241190
boundary,iput,132,4,131200,identity,20261005,32,0.338069291,1.693962563,5.010696,0.156584
boundary,iput,132,4,131200,identity,20261005,64,0.338069291,1.634866564,4.835892,0.075561
boundary,iput,192,4,131200,identity,20261005,2,0.423646351,0.738505139,1.743211,0.871606
boundary,iput,192,4,131200,identity,20261005,4,0.423646351,0.588108943,1.388207,0.347052
boundary,iput,192,4,131200,identity,20261005,8,0.423646351,1.100738971,2.598250,0.324781
boundary,iput,192,4,131200,identity,20261005,16,0.423646351,1.576946925,3.722319,0.232645
boundary,iput,192,4,131200,identity,20261005,32,0.423646351,1.910300925,4.509188,0.140912
boundary,iput,192,4,131200,identity,20261005,64,0.423646351,1.832246227,4.324943,0.067577
boundary,iput,252,4,131200,identity,20261005,2,0.681330227,1.314011113,1.928597,0.964298
boundary,iput,252,4,131200,identity,20261005,4,0.681330227,1.114056878,1.635120,0.408780
boundary,iput,252,4,131200,identity,20261005,8,0.681330227,2.242888092,3.291925,0.411491
boundary,iput,252,4,131200,identity,20261005,16,0.681330227,2.785129728,4.087782,0.255486
boundary,iput,252,4,131200,identity,20261005,32,0.681330227,4.068233929,5.971016,0.186594
boundary,iput,252,4,131200,identity,20261005,64,0.681330227,3.682849228,5.405381,0.084459
boundary,iput,256,4,131200,identity,20261005,2,0.688478712,1.349234626,1.959733,0.979867
boundary,iput,256,4,131200,identity,20261005,4,0.688478712,1.199697076,1.742533,0.435633
boundary,iput,256,4,131200,identity,20261005,8,0.688478712,1.715504804,2.491733,0.311467
boundary,iput,256,4,131200,identity,20261005,16,0.688478712,2.185107405,3.173820,0.198364
boundary,iput,256,4,131200,identity,20261005,32,0.688478712,2.870208251,4.168914,0.130279
boundary,iput,256,4,131200,identity,20261005,64,0.688478712,2.704626121,3.928409,0.061381
boundary,iput,260,4,131200,identity,20261005,2,0.696646211,1.367188424,1.962529,0.981265
boundary,iput,260,4,131200,identity,20261005,4,0.696646211,1.215563183,1.744879,0.436220
boundary,iput,260,4,131200,identity,20261005,8,0.696646211,1.720738958,2.470033,0.308754
boundary,iput,260,4,131200,identity,20261005,16,0.696646211,2.220310525,3.187142,0.199196
boundary,iput,260,4,131200,identity,20261005,32,0.696646211,2.900124252,4.162980,0.130093
boundary,iput,260,4,131200,identity,20261005,64,0.696646211,2.746737181,3.942801,0.061606
boundary,iput,64,64,131200,identity,20261005,2,0.273461735,0.546900102,1.999915,0.999957
boundary,iput,64,64,131200,identity,20261005,4,0.273461735,0.685032862,2.505041,0.626260
boundary,iput,64,64,131200,identity,20261005,8,0.273461735,1.283255298,4.692632,0.586579
boundary,iput,64,64,131200,identity,20261005,16,0.273461735,1.338352154,4.894111,0.305882
boundary,iput,64,64,131200,identity,20261005,32,0.273461735,2.200242242,8.045887,0.251434
boundary,iput,64,64,131200,identity,20261005,64,0.273461735,2.137540614,7.816599,0.122134
boundary,iput,96,64,131200,identity,20261005,2,0.399755483,0.668185396,1.671485,0.835743
boundary,iput,96,64,131200,identity,20261005,4,0.399755483,0.597208610,1.493935,0.373484
boundary,iput,96,64,131200,identity,20261005,8,0.399755483,1.016552062,2.542935,0.317867
boundary,iput,96,64,131200,identity,20261005,16,0.399755483,1.483828157,3.711839,0.231990
boundary,iput,96,64,131200,identity,20261005,32,0.399755483,1.823008323,4.560308,0.142510
boundary,iput,96,64,131200,identity,20261005,64,0.399755483,1.752335199,4.383518,0.068492
boundary,iput,124,64,131200,identity,20261005,2,0.516408462,0.848068234,1.642243,0.821122
boundary,iput,124,64,131200,identity,20261005,4,0.516408462,0.775192708,1.501123,0.375281
boundary,iput,124,64,131200,identity,20261005,8,0.516408462,1.323988183,2.563839,0.320480
boundary,iput,124,64,131200,identity,20261005,16,0.516408462,1.916085869,3.710408,0.231900
boundary,iput,124,64,131200,identity,20261005,32,0.516408462,2.353802078,4.558024,0.142438
boundary,iput,124,64,131200,identity,20261005,64,0.516408462,2.262381779,4.380993,0.068453
boundary,iput,128,64,131200,identity,20261005,2,0.533083672,0.893461675,1.676025,0.838013
boundary,iput,128,64,131200,identity,20261005,4,0.533083672,0.797449160,1.495917,0.373979
boundary,iput,128,64,131200,identity,20261005,8,0.533083672,1.358479172,2.548341,0.318543
boundary,iput,128,64,131200,identity,20261005,16,0.533083672,1.975264061,3.705355,0.231585
boundary,iput,128,64,131200,identity,20261005,32,0.533083672,2.427864823,4.554379,0.142324
boundary,iput,128,64,131200,identity,20261005,64,0.533083672,2.338001764,4.385806,0.068528
boundary,iput,132,64,131200,identity,20261005,2,0.334207844,0.630434663,1.886355,0.943178
boundary,iput,132,64,131200,identity,20261005,4,0.334207844,0.544423908,1.628998,0.407249
boundary,iput,132,64,131200,identity,20261005,8,0.334207844,1.002999024,3.001124,0.375140
boundary,iput,132,64,131200,identity,20261005,16,0.334207844,1.357180468,4.060888,0.253805
boundary,iput,132,64,131200,identity,20261005,32,0.334207844,1.752590631,5.244014,0.163875
boundary,iput,132,64,131200,identity,20261005,64,0.334207844,1.680945718,5.029642,0.078588
boundary,iput,192,64,131200,identity,20261005,2,0.799592874,1.592205491,1.991270,0.995635
boundary,iput,192,64,131200,identity,20261005,4,0.799592874,1.863879520,2.331036,0.582759
boundary,iput,192,64,131200,identity,20261005,8,0.799592874,3.008154331,3.762107,0.470263
boundary,iput,192,64,131200,identity,20261005,16,0.799592874,3.910828527,4.891025,0.305689
boundary,iput,192,64,131200,identity,20261005,32,0.799592874,5.326362364,6.661343,0.208167
boundary,iput,192,64,131200,identity,20261005,64,0.799592874,4.555734338,5.697567,0.089024
boundary,iput,252,64,131200,identity,20261005,2,1.021420650,1.992357884,1.950575,0.975288
boundary,iput,252,64,131200,identity,20261005,4,1.021420650,1.848001509,1.809246,0.452312
boundary,iput,252,64,131200,identity,20261005,8,1.021420650,2.377797037,2.327931,0.290991
boundary,iput,252,64,131200,identity,20261005,16,1.021420650,3.332499933,3.262613,0.203913
boundary,iput,252,64,131200,identity,20261005,32,1.021420650,3.761804972,3.682915,0.115091
boundary,iput,252,64,131200,identity,20261005,64,1.021420650,3.516595154,3.442847,0.053794
boundary,iput,256,64,131200,identity,20261005,2,1.013830871,2.023126869,1.995527,0.997763
boundary,iput,256,64,131200,identity,20261005,4,1.013830871,1.896262234,1.870393,0.467598
boundary,iput,256,64,131200,identity,20261005,8,1.013830871,2.437296153,2.404046,0.300506
boundary,iput,256,64,131200,identity,20261005,16,1.013830871,3.348085837,3.302411,0.206401
boundary,iput,256,64,131200,identity,20261005,32,1.013830871,3.834687340,3.782374,0.118199
boundary,iput,256,64,131200,identity,20261005,64,1.013830871,3.583328372,3.534444,0.055226
boundary,iput,260,64,131200,identity,20261005,2,0.679121405,1.353133845,1.992477,0.996239
boundary,iput,260,64,131200,identity,20261005,4,0.679121405,1.403955537,2.067312,0.516828
boundary,iput,260,64,131200,identity,20261005,8,0.679121405,1.655983582,2.438421,0.304803
boundary,iput,260,64,131200,identity,20261005,16,0.679121405,2.440142884,3.593088,0.224568
boundary,iput,260,64,131200,identity,20261005,32,0.679121405,2.805210719,4.130647,0.129083
boundary,iput,260,64,131200,identity,20261005,64,0.679121405,2.697980579,3.972751,0.062074
boundary,iput,64,124,131200,identity,20261005,2,0.272520869,0.440623262,1.616842,0.808421
boundary,iput,64,124,131200,identity,20261005,4,0.272520869,0.398514475,1.462326,0.365582
boundary,iput,64,124,131200,identity,20261005,8,0.272520869,0.678205701,2.488638,0.311080
boundary,iput,64,124,131200,identity,20261005,16,0.272520869,0.988871621,3.628609,0.226788
boundary,iput,64,124,131200,identity,20261005,32,0.272520869,1.210672074,4.442493,0.138828
boundary,iput,64,124,131200,identity,20261005,64,0.272520869,1.171937510,4.300359,0.067193
boundary,iput,96,124,131200,identity,20261005,2,0.247696295,0.459176901,1.853790,0.926895
boundary,iput,96,124,131200,identity,20261005,4,0.247696295,0.395222298,1.595592,0.398898
boundary,iput,96,124,131200,identity,20261005,8,0.247696295,0.726899709,2.934641,0.366830
boundary,iput,96,124,131200,identity,20261005,16,0.247696295,0.983489037,3.970544,0.248159
boundary,iput,96,124,131200,identity,20261005,32,0.247696295,1.268061256,5.119420,0.159982
boundary,iput,96,124,131200,identity,20261005,64,0.247696295,1.225384144,4.947123,0.077299
boundary,iput,124,124,131200,identity,20261005,2,0.504033487,0.879925008,1.745767,0.872883
boundary,iput,124,124,131200,identity,20261005,4,0.504033487,0.771686331,1.531022,0.382755
boundary,iput,124,124,131200,identity,20261005,8,0.504033487,1.322916610,2.624660,0.328083
boundary,iput,124,124,131200,identity,20261005,16,0.504033487,1.918676175,3.806644,0.237915
boundary,iput,124,124,131200,identity,20261005,32,0.504033487,2.343833249,4.650154,0.145317
boundary,iput,124,124,131200,identity,20261005,64,0.504033487,2.271946694,4.507531,0.070430
boundary,iput,128,124,131200,identity,20261005,2,0.330572707,0.613597218,1.856164,0.928082
boundary,iput,128,124,131200,identity,20261005,4,0.330572707,0.530344236,1.604319,0.401080
boundary,iput,128,124,131200,identity,20261005,8,0.330572707,0.971384935,2.938491,0.367311
boundary,iput,128,124,131200,identity,20261005,16,0.330572707,1.313295656,3.972789,0.248299
boundary,iput,128,124,131200,identity,20261005,32,0.330572707,1.690269573,5.113155,0.159786
boundary,iput,128,124,131200,identity,20261005,64,0.330572707,1.634242781,4.943671,0.077245
boundary,iput,132,124,131200,identity,20261005,2,0.536524298,1.068946221,1.992354,0.996177
boundary,iput,132,124,131200,identity,20261005,4,0.536524298,1.283252774,2.391789,0.597947
boundary,iput,132,124,131200,identity,20261005,8,0.536524298,2.094347582,3.903547,0.487943
boundary,iput,132,124,131200,identity,20261005,16,0.536524298,2.681662646,4.998213,0.312388
boundary,iput,132,124,131200,identity,20261005,32,0.536524298,3.642932267,6.789874,0.212184
boundary,iput,132,124,131200,identity,20261005,64,0.536524298,3.149075278,5.869399,0.091709
boundary,iput,192,124,131200,identity,20261005,2,0.777884737,1.517958157,1.951392,0.975696
boundary,iput,192,124,131200,identity,20261005,4,0.777884737,1.418784036,1.823900,0.455975
boundary,iput,192,124,131200,identity,20261005,8,0.777884737,1.809487368,2.326164,0.290770
boundary,iput,192,124,131200,identity,20261005,16,0.777884737,2.508200845,3.224386,0.201524
boundary,iput,192,124,131200,identity,20261005,32,0.777884737,2.881716783,3.704555,0.115767
boundary,iput,192,124,131200,identity,20261005,64,0.777884737,2.682468959,3.448414,0.053881
boundary,iput,252,124,131200,identity,20261005,2,0.997081558,1.992880986,1.998714,0.999357
boundary,iput,252,124,131200,identity,20261005,4,0.997081558,1.851433483,1.856853,0.464213
boundary,iput,252,124,131200,identity,20261005,8,0.997081558,2.384882119,2.391863,0.298983
boundary,iput,252,124,131200,identity,20261005,16,0.997081558,3.317301629,3.327011,0.207938
boundary,iput,252,124,131200,identity,20261005,32,0.997081558,3.792613105,3.803714,0.118866
boundary,iput,252,124,131200,identity,20261005,64,0.997081558,3.504325804,3.514583,0.054915
boundary,iput,256,124,131200,identity,20261005,2,0.669122905,1.331286480,1.989599,0.994800
boundary,iput,256,124,131200,identity,20261005,4,0.669122905,1.366596615,2.042370,0.510593
boundary,iput,256,124,131200,identity,20261005,8,0.669122905,1.642894170,2.455295,0.306912
boundary,iput,256,124,131200,identity,20261005,16,0.669122905,2.399053077,3.585370,0.224086
boundary,iput,256,124,131200,identity,20261005,32,0.669122905,2.758857779,4.123096,0.128847
boundary,iput,256,124,131200,identity,20261005,64,0.669122905,2.631358960,3.932550,0.061446
boundary,iput,260,124,131200,identity,20261005,2,1.029245618,2.055561836,1.997154,0.998577
boundary,iput,260,124,131200,identity,20261005,4,1.029245618,2.292270684,2.227137,0.556784
boundary,iput,260,124,131200,identity,20261005,8,1.029245618,3.673265181,3.568891,0.446111
boundary,iput,260,124,131200,identity,20261005,16,1.029245618,4.309724572,4.187265,0.261704
boundary,iput,260,124,131200,identity,20261005,32,1.029245618,5.426332675,5.272146,0.164755
boundary,iput,260,124,131200,identity,20261005,64,1.029245618,4.754553192,4.619454,0.072179
load,get,8,0,131200,identity,20261005,2,0.018125949,0.036250617,1.999929,0.999965
load,get,8,0,131200,identity,20261005,4,0.018125949,0.059661377,3.291490,0.822872
load,get,8,0,131200,identity,20261005,8,0.018125949,0.118658030,6.546307,0.818288
load,get,8,0,131200,identity,20261005,16,0.018125949,0.232604288,12.832668,0.802042
load,get,8,0,131200,identity,20261005,32,0.018125949,0.427166166,23.566555,0.736455
load,get,8,0,131200,identity,20261005,64,0.018125949,0.448901939,24.765707,0.386964
load,get,16,0,131200,identity,20261005,2,0.036275956,0.072413197,1.996176,0.998088
load,get,16,0,131200,identity,20261005,4,0.036275956,0.119339419,3.289766,0.822442
load,get,16,0,131200,identity,20261005,8,0.036275956,0.237224796,6.539450,0.817431
load,get,16,0,131200,identity,20261005,16,0.036275956,0.465048685,12.819750,0.801234
load,get,16,0,131200,identity,20261005,32,0.036275956,0.854079087,23.543944,0.735748
load,get,16,0,131200,identity,20261005,64,0.036275956,0.896546030,24.714608,0.386166
load,get,32,0,131200,identity,20261005,2,0.072536732,0.144745654,1.995481,0.997740
load,get,32,0,131200,identity,20261005,4,0.072536732,0.238705678,3.290825,0.822706
load,get,32,0,131200,identity,20261005,8,0.072536732,0.474183224,6.537146,0.817143
load,get,32,0,131200,identity,20261005,16,0.072536732,0.930539920,12.828534,0.801783
load,get,32,0,131200,identity,20261005,32,0.072536732,1.706306067,23.523338,0.735104
load,get,32,0,131200,identity,20261005,64,0.072536732,1.793589389,24.726636,0.386354
load,get,64,0,131200,identity,20261005,2,0.145103428,0.289911926,1.997967,0.998984
load,get,64,0,131200,identity,20261005,4,0.145103428,0.477523117,3.290915,0.822729
load,get,64,0,131200,identity,20261005,8,0.145103428,0.948219791,6.534786,0.816848
load,get,64,0,131200,identity,20261005,16,0.145103428,1.859925454,12.817929,0.801121
load,get,64,0,131200,identity,20261005,32,0.145103428,3.412857808,23.520174,0.735005
load,get,64,0,131200,identity,20261005,64,0.145103428,3.585984439,24.713299,0.386145
load,get,96,0,131200,identity,20261005,2,0.217766775,0.434871730,1.996961,0.998480
load,get,96,0,131200,identity,20261005,4,0.217766775,0.715778651,3.286905,0.821726
load,get,96,0,131200,identity,20261005,8,0.217766775,1.423540843,6.536997,0.817125
load,get,96,0,131200,identity,20261005,16,0.217766775,2.786620015,12.796351,0.799772
load,get,96,0,131200,identity,20261005,32,0.217766775,5.126848615,23.542841,0.735714
load,get,96,0,131200,identity,20261005,64,0.217766775,5.383284324,24.720412,0.386256
load,get,124,0,131200,identity,20261005,2,0.280874571,0.561789863,2.000145,1.000072
load,get,124,0,131200,identity,20261005,4,0.280874571,0.924140545,3.290225,0.822556
load,get,124,0,131200,identity,20261005,8,0.280874571,1.838816603,6.546754,0.818344
load,get,124,0,131200,identity,20261005,16,0.280874571,3.600111778,12.817507,0.801094
load,get,124,0,131200,identity,20261005,32,0.280874571,6.622340821,23.577573,0.736799
load,get,124,0,131200,identity,20261005,64,0.280874571,6.951572522,24.749740,0.386715
load,get,128,0,131200,identity,20261005,2,0.289866625,0.580110942,2.001303,1.000651
load,get,128,0,131200,identity,20261005,4,0.289866625,0.953872976,3.290731,0.822683
load,get,128,0,131200,identity,20261005,8,0.289866625,1.897519494,6.546181,0.818273
load,get,128,0,131200,identity,20261005,16,0.289866625,3.720026585,12.833580,0.802099
load,get,128,0,131200,identity,20261005,32,0.289866625,6.838750739,23.592750,0.737273
load,get,128,0,131200,identity,20261005,64,0.289866625,7.175420192,24.754213,0.386785
load,get,132,0,131200,identity,20261005,2,0.290239445,0.578165704,1.992030,0.996015
load,get,132,0,131200,identity,20261005,4,0.290239445,0.938565886,3.233764,0.808441
load,get,132,0,131200,identity,20261005,8,0.290239445,1.859286847,6.406045,0.800756
load,get,132,0,131200,identity,20261005,16,0.290239445,3.649159570,12.572928,0.785808
load,get,132,0,131200,identity,20261005,32,0.290239445,5.234534794,18.035229,0.563601
load,get,132,0,131200,identity,20261005,64,0.290239445,5.325383249,18.348241,0.286691
load,get,192,0,131200,identity,20261005,2,0.421952056,0.841613399,1.994571,0.997286
load,get,192,0,131200,identity,20261005,4,0.421952056,1.364323128,3.233361,0.808340
load,get,192,0,131200,identity,20261005,8,0.421952056,2.703843577,6.407940,0.800993
load,get,192,0,131200,identity,20261005,16,0.421952056,5.301069515,12.563203,0.785200
load,get,192,0,131200,identity,20261005,32,0.421952056,7.598886634,18.008886,0.562778
load,get,192,0,131200,identity,20261005,64,0.421952056,7.756961175,18.383513,0.287242
load,get,252,0,131200,identity,20261005,2,0.553787367,1.104605966,1.994639,0.997320
load,get,252,0,131200,identity,20261005,4,0.553787367,1.790230139,3.232703,0.808176
load,get,252,0,131200,identity,20261005,8,0.553787367,3.548593553,6.407863,0.800983
load,get,252,0,131200,identity,20261005,16,0.553787367,6.958395800,12.565104,0.785319
load,get,252,0,131200,identity,20261005,32,0.553787367,9.994011525,18.046659,0.563958
load,get,252,0,131200,identity,20261005,64,0.553787367,10.175123413,18.373701,0.287089
load,get,256,0,131200,identity,20261005,2,0.563527861,1.124511540,1.995485,0.997743
load,get,256,0,131200,identity,20261005,4,0.563527861,1.818504060,3.226999,0.806750
load,get,256,0,131200,identity,20261005,8,0.563527861,3.605569055,6.398209,0.799776
load,get,256,0,131200,identity,20261005,16,0.563527861,7.073358289,12.551923,0.784495
load,get,256,0,131200,identity,20261005,32,0.563527861,10.141110231,17.995757,0.562367
load,get,256,0,131200,identity,20261005,64,0.563527861,10.330385058,18.331631,0.286432
load,get,260,0,131200,identity,20261005,2,0.557125268,1.112883640,1.997547,0.998773
load,get,260,0,131200,identity,20261005,4,0.557125268,1.819434429,3.265755,0.816439
load,get,260,0,131200,identity,20261005,8,0.557125268,3.602044091,6.465411,0.808176
load,get,260,0,131200,identity,20261005,16,0.557125268,6.737596061,12.093503,0.755844
load,get,260,0,131200,identity,20261005,32,0.557125268,7.748007240,13.907119,0.434597
load,get,260,0,131200,identity,20261005,64,0.557125268,8.291286859,14.882267,0.232535
load,get,384,0,131200,identity,20261005,2,0.822877538,1.643809932,1.997636,0.998818
load,get,384,0,131200,identity,20261005,4,0.822877538,2.685429239,3.263462,0.815865
load,get,384,0,131200,identity,20261005,8,0.822877538,5.317265222,6.461794,0.807724
load,get,384,0,131200,identity,20261005,16,0.822877538,9.891837013,12.021032,0.751314
load,get,384,0,131200,identity,20261005,32,0.822877538,11.425438784,13.884738,0.433898
load,get,384,0,131200,identity,20261005,64,0.822877538,12.246793825,14.882888,0.232545
load,get,512,0,131200,identity,20261005,2,1.067811895,2.127421318,1.992318,0.996159
load,get,512,0,131200,identity,20261005,4,1.067811895,3.457852609,3.238260,0.809565
load,get,512,0,131200,identity,20261005,8,1.067811895,6.834803500,6.400756,0.800095
load,get,512,0,131200,identity,20261005,16,1.067811895,11.590543124,10.854480,0.678405
load,get,512,0,131200,identity,20261005,32,1.067811895,12.795048916,11.982493,0.374453
load,get,512,0,131200,identity,20261005,64,1.067811895,13.200421908,12.362123,0.193158
load,get,768,0,131200,identity,20261005,2,1.546836829,3.045067595,1.968577,0.984289
load,get,768,0,131200,identity,20261005,4,1.546836829,5.115976285,3.307379,0.826845
load,get,768,0,131200,identity,20261005,8,1.546836829,9.551227552,6.174683,0.771835
load,get,768,0,131200,identity,20261005,16,1.546836829,14.788299143,9.560348,0.597522
load,get,768,0,131200,identity,20261005,32,1.546836829,14.798398020,9.566877,0.298965
load,get,768,0,131200,identity,20261005,64,1.546836829,15.127377802,9.779556,0.152806
load,get,1024,0,131200,identity,20261005,2,1.873508877,3.703214817,1.976620,0.988310
load,get,1024,0,131200,identity,20261005,4,1.873508877,6.251469004,3.336770,0.834193
load,get,1024,0,131200,identity,20261005,8,1.873508877,9.871104486,5.268779,0.658597
load,get,1024,0,131200,identity,20261005,16,1.873508877,13.954078613,7.448098,0.465506
load,get,1024,0,131200,identity,20261005,32,1.873508877,15.848510526,8.459266,0.264352
load,get,1024,0,131200,identity,20261005,64,1.873508877,17.000894456,9.074360,0.141787
load,get,1536,0,131200,identity,20261005,2,2.681648515,5.248213865,1.957085,0.978542
load,get,1536,0,131200,identity,20261005,4,2.681648515,8.394967938,3.130525,0.782631
load,get,1536,0,131200,identity,20261005,8,2.681648515,12.416774367,4.630277,0.578785
load,get,1536,0,131200,identity,20261005,16,2.681648515,15.469563181,5.768677,0.360542
load,get,1536,0,131200,identity,20261005,32,2.681648515,17.929073792,6.685840,0.208933
load,get,1536,0,131200,identity,20261005,64,2.681648515,18.853963487,7.030736,0.109855
load,get,2048,0,131200,identity,20261005,2,3.433603037,6.491705483,1.890639,0.945320
load,get,2048,0,131200,identity,20261005,4,3.433603037,10.413356350,3.032778,0.758195
load,get,2048,0,131200,identity,20261005,8,3.433603037,15.020099835,4.374443,0.546805
load,get,2048,0,131200,identity,20261005,16,3.433603037,17.469865708,5.087911,0.317994
load,get,2048,0,131200,identity,20261005,32,3.433603037,19.324896580,5.628169,0.175880
load,get,2048,0,131200,identity,20261005,64,3.433603037,19.879324468,5.789640,0.090463
load,get,3072,0,131200,identity,20261005,2,4.680950269,8.792869532,1.878437,0.939218
load,get,3072,0,131200,identity,20261005,4,4.680950269,13.839427502,2.956542,0.739136
load,get,3072,0,131200,identity,20261005,8,4.680950269,17.479597890,3.734199,0.466775
load,get,3072,0,131200,identity,20261005,16,4.680950269,19.216686990,4.105296,0.256581
load,get,3072,0,131200,identity,20261005,32,4.680950269,20.095505985,4.293040,0.134157
load,get,3072,0,131200,identity,20261005,64,4.680950269,20.341962831,4.345691,0.067901
load,get,4096,0,131200,identity,20261005,2,5.702384532,10.561532660,1.852126,0.926063
load,get,4096,0,131200,identity,20261005,4,5.702384532,15.632662953,2.741426,0.685356
load,get,4096,0,131200,identity,20261005,8,5.702384532,20.095325237,3.524021,0.440503
load,get,4096,0,131200,identity,20261005,16,5.702384532,19.456820531,3.412050,0.213253
load,get,4096,0,131200,identity,20261005,32,5.702384532,20.688752748,3.628088,0.113378
load,get,4096,0,131200,identity,20261005,64,5.702384532,19.649033176,3.445757,0.053840
load,get,6144,0,131200,identity,20261005,2,7.385218984,13.771199500,1.864698,0.932349
load,get,6144,0,131200,identity,20261005,4,7.385218984,17.196885304,2.328555,0.582139
load,get,6144,0,131200,identity,20261005,8,7.385218984,19.456306437,2.634493,0.329312
load,get,6144,0,131200,identity,20261005,16,7.385218984,18.216126379,2.466566,0.154160
load,get,6144,0,131200,identity,20261005,32,7.385218984,20.449085669,2.768921,0.086529
load,get,6144,0,131200,identity,20261005,64,7.385218984,18.649436402,2.525238,0.039457
load,get,8192,0,131200,identity,20261005,2,8.381608753,15.297209734,1.825092,0.912546
load,get,8192,0,131200,identity,20261005,4,8.381608753,18.470199836,2.203658,0.550915
load,get,8192,0,131200,identity,20261005,8,8.381608753,20.036890430,2.390578,0.298822
load,get,8192,0,131200,identity,20261005,16,8.381608753,17.694704252,2.111135,0.131946
load,get,8192,0,131200,identity,20261005,32,8.381608753,20.313063121,2.423528,0.075735
load,get,8192,0,131200,identity,20261005,64,8.381608753,20.349084641,2.427826,0.037935
load,get,12288,0,131200,identity,20261005,2,10.166479410,16.271875927,1.600542,0.800271
load,get,12288,0,131200,identity,20261005,4,10.166479410,16.995409870,1.671710,0.417928
load,get,12288,0,131200,identity,20261005,8,10.166479410,20.156880998,1.982681,0.247835
load,get,12288,0,131200,identity,20261005,16,10.166479410,19.092092389,1.877945,0.117372
load,get,12288,0,131200,identity,20261005,32,10.166479410,20.439817661,2.010511,0.062828
load,get,12288,0,131200,identity,20261005,64,10.166479410,20.781263378,2.044096,0.031939
load,get,16384,0,131200,identity,20261005,2,11.355177820,16.864555509,1.485186,0.742593
load,get,16384,0,131200,identity,20261005,4,11.355177820,18.438500724,1.623797,0.405949
load,get,16384,0,131200,identity,20261005,8,11.355177820,20.260887994,1.784286,0.223036
load,get,16384,0,131200,identity,20261005,16,11.355177820,20.588899192,1.813173,0.113323
load,get,16384,0,131200,identity,20261005,32,11.355177820,20.754695694,1.827774,0.057118
load,get,16384,0,131200,identity,20261005,64,11.355177820,20.836280041,1.834958,0.028671
load,get,24576,0,131200,identity,20261005,2,12.935342761,17.247943753,1.333397,0.666698
load,get,24576,0,131200,identity,20261005,4,12.935342761,19.336199354,1.494835,0.373709
load,get,24576,0,131200,identity,20261005,8,12.935342761,20.604114032,1.592854,0.199107
load,get,24576,0,131200,identity,20261005,16,12.935342761,20.511762250,1.585715,0.099107
load,get,24576,0,131200,identity,20261005,32,12.935342761,21.126721402,1.633256,0.051039
load,get,24576,0,131200,identity,20261005,64,12.935342761,20.913367732,1.616762,0.025262
load,get,32768,0,131200,identity,20261005,2,13.937863196,17.412157425,1.249270,0.624635
load,get,32768,0,131200,identity,20261005,4,13.937863196,19.552342180,1.402822,0.350706
load,get,32768,0,131200,identity,20261005,8,13.937863196,20.699160447,1.485103,0.185638
load,get,32768,0,131200,identity,20261005,16,13.937863196,20.678300051,1.483606,0.092725
load,get,32768,0,131200,identity,20261005,32,13.937863196,21.284422292,1.527094,0.047722
load,get,32768,0,131200,identity,20261005,64,13.937863196,20.933933541,1.501947,0.023468
load,get,49152,0,131200,identity,20261005,2,15.049436075,17.319778999,1.150859,0.575430
load,get,49152,0,131200,identity,20261005,4,15.049436075,19.642695328,1.305211,0.326303
load,get,49152,0,131200,identity,20261005,8,15.049436075,20.713772181,1.376382,0.172048
load,get,49152,0,131200,identity,20261005,16,15.049436075,21.270078161,1.413347,0.088334
load,get,49152,0,131200,identity,20261005,32,15.049436075,21.443733017,1.424886,0.044528
load,get,49152,0,131200,identity,20261005,64,15.049436075,20.954334931,1.392367,0.021756
load,get,65536,0,131200,identity,20261005,2,15.613623802,17.478065742,1.119411,0.559706
load,get,65536,0,131200,identity,20261005,4,15.613623802,19.654758127,1.258821,0.314705
load,get,65536,0,131200,identity,20261005,8,15.613623802,20.891567137,1.338034,0.167254
load,get,65536,0,131200,identity,20261005,16,15.613623802,21.315477631,1.365185,0.085324
load,get,65536,0,131200,identity,20261005,32,15.613623802,21.466196477,1.374838,0.042964
load,get,65536,0,131200,identity,20261005,64,15.613623802,20.955318919,1.342118,0.020971
load,get,98304,0,131200,identity,20261005,2,16.337267247,17.394740225,1.064728,0.532364
load,get,98304,0,131200,identity,20261005,4,16.337267247,19.758493897,1.209412,0.302353
load,get,98304,0,131200,identity,20261005,8,16.337267247,20.937861968,1.281601,0.160200
load,get,98304,0,131200,identity,20261005,16,16.337267247,21.310743564,1.304425,0.081527
load,get,98304,0,131200,identity,20261005,32,16.337267247,21.464575319,1.313841,0.041058
load,get,98304,0,131200,identity,20261005,64,16.337267247,20.977374506,1.284020,0.020063
load,get,131072,0,131200,identity,20261005,2,16.704852184,16.877962041,1.010363,0.505181
load,get,131072,0,131200,identity,20261005,4,16.704852184,19.510783536,1.167971,0.291993
load,get,131072,0,131200,identity,20261005,8,16.704852184,20.917978760,1.252210,0.156526
load,get,131072,0,131200,identity,20261005,16,16.704852184,21.114828027,1.263994,0.079000
load,get,131072,0,131200,identity,20261005,32,16.704852184,21.360882318,1.278723,0.039960
load,get,131072,0,131200,identity,20261005,64,16.704852184,20.851369923,1.248222,0.019503
load,get,8,4,131200,identity,20261005,2,0.018138072,0.036254962,1.998832,0.999416
load,get,8,4,131200,identity,20261005,4,0.018138072,0.059195065,3.263581,0.815895
load,get,8,4,131200,identity,20261005,8,0.018138072,0.117823643,6.495930,0.811991
load,get,8,4,131200,identity,20261005,16,0.018138072,0.232351581,12.810159,0.800635
load,get,8,4,131200,identity,20261005,32,0.018138072,0.427048804,23.544333,0.735760
load,get,8,4,131200,identity,20261005,64,0.018138072,0.448356550,24.719085,0.386236
load,get,16,4,131200,identity,20261005,2,0.036252375,0.072467904,1.998984,0.999492
load,get,16,4,131200,identity,20261005,4,0.036252375,0.118428381,3.266776,0.816694
load,get,16,4,131200,identity,20261005,8,0.036252375,0.235931784,6.508037,0.813505
load,get,16,4,131200,identity,20261005,16,0.036252375,0.464657278,12.817292,0.801081
load,get,16,4,131200,identity,20261005,32,0.036252375,0.854859971,23.580799,0.736900
load,get,16,4,131200,identity,20261005,64,0.036252375,0.895644631,24.705819,0.386028
load,get,32,4,131200,identity,20261005,2,0.072556156,0.144929046,1.997474,0.998737
load,get,32,4,131200,identity,20261005,4,0.072556156,0.236536893,3.260053,0.815013
load,get,32,4,131200,identity,20261005,8,0.072556156,0.471563349,6.499288,0.812411
load,get,32,4,131200,identity,20261005,16,0.072556156,0.930166818,12.819957,0.801247
load,get,32,4,131200,identity,20261005,32,0.072556156,1.707968138,23.539948,0.735623
load,get,32,4,131200,identity,20261005,64,0.072556156,1.794501692,24.732590,0.386447
load,get,64,4,131200,identity,20261005,2,0.144853240,0.292322203,2.018058,1.009029
load,get,64,4,131200,identity,20261005,4,0.144853240,0.473534595,3.269065,0.817266
load,get,64,4,131200,identity,20261005,8,0.144853240,0.943077882,6.510575,0.813822
load,get,64,4,131200,identity,20261005,16,0.144853240,1.857638495,12.824280,0.801517
load,get,64,4,131200,identity,20261005,32,0.144853240,3.416331164,23.584776,0.737024
load,get,64,4,131200,identity,20261005,64,0.144853240,3.582915407,24.734796,0.386481
load,get,96,4,131200,identity,20261005,2,0.217759217,0.434180498,1.993856,0.996928
load,get,96,4,131200,identity,20261005,4,0.217759217,0.710130868,3.261083,0.815271
load,get,96,4,131200,identity,20261005,8,0.217759217,1.413124839,6.489392,0.811174
load,get,96,4,131200,identity,20261005,16,0.217759217,2.787363372,12.800208,0.800013
load,get,96,4,131200,identity,20261005,32,0.217759217,5.116019737,23.493930,0.734185
load,get,96,4,131200,identity,20261005,64,0.217759217,5.383806519,24.723668,0.386307
load,get,124,4,131200,identity,20261005,2,0.281064609,0.563714002,2.005639,1.002819
load,get,124,4,131200,identity,20261005,4,0.281064609,0.917790744,3.265408,0.816352
load,get,124,4,131200,identity,20261005,8,0.281064609,1.826916932,6.499989,0.812499
load,get,124,4,131200,identity,20261005,16,0.281064609,3.600258769,12.809364,0.800585
load,get,124,4,131200,identity,20261005,32,0.281064609,6.627097815,23.578557,0.736830
load,get,124,4,131200,identity,20261005,64,0.281064609,6.938226182,24.685521,0.385711
load,get,128,4,131200,identity,20261005,2,0.281078313,0.569548806,2.026299,1.013150
load,get,128,4,131200,identity,20261005,4,0.281078313,0.908295828,3.231469,0.807867
load,get,128,4,131200,identity,20261005,8,0.281078313,1.801554861,6.409441,0.801180
load,get,128,4,131200,identity,20261005,16,0.281078313,3.532786257,12.568690,0.785543
load,get,128,4,131200,identity,20261005,32,0.281078313,5.101632211,18.150216,0.567194
load,get,128,4,131200,identity,20261005,64,0.281078313,5.168078636,18.386615,0.287291
load,get,132,4,131200,identity,20261005,2,0.289651731,0.587711356,2.029028,1.014514
load,get,132,4,131200,identity,20261005,4,0.289651731,0.935961447,3.231334,0.807833
load,get,132,4,131200,identity,20261005,8,0.289651731,1.857412298,6.412571,0.801571
load,get,132,4,131200,identity,20261005,16,0.289651731,3.638630262,12.562087,0.785130
load,get,132,4,131200,identity,20261005,32,0.289651731,5.213952260,18.000763,0.562524
load,get,132,4,131200,identity,20261005,64,0.289651731,5.324557562,18.382620,0.287228
load,get,192,4,131200,identity,20261005,2,0.422029593,0.853829693,2.023151,1.011576
load,get,192,4,131200,identity,20261005,4,0.422029593,1.363483359,3.230777,0.807694
load,get,192,4,131200,identity,20261005,8,0.422029593,2.702630895,6.403890,0.800486
load,get,192,4,131200,identity,20261005,16,0.422029593,5.292696269,12.541055,0.783816
load,get,192,4,131200,identity,20261005,32,0.422029593,7.619141158,18.053571,0.564174
load,get,192,4,131200,identity,20261005,64,0.422029593,7.745550595,18.353098,0.286767
load,get,252,4,131200,identity,20261005,2,0.552962508,1.119744698,2.024992,1.012496
load,get,252,4,131200,identity,20261005,4,0.552962508,1.788625301,3.234623,0.808656
load,get,252,4,131200,identity,20261005,8,0.552962508,3.544552440,6.410114,0.801264
load,get,252,4,131200,identity,20261005,16,0.552962508,6.938394047,12.547675,0.784230
load,get,252,4,131200,identity,20261005,32,0.552962508,10.011053872,18.104399,0.565762
load,get,252,4,131200,identity,20261005,64,0.552962508,10.180478780,18.410794,0.287669
load,get,256,4,131200,identity,20261005,2,0.547167202,1.109014381,2.026829,1.013415
load,get,256,4,131200,identity,20261005,4,0.547167202,1.788227734,3.268156,0.817039
load,get,256,4,131200,identity,20261005,8,0.547167202,3.528098861,6.447936,0.805992
load,get,256,4,131200,identity,20261005,16,0.547167202,6.633324065,12.123029,0.757689
load,get,256,4,131200,identity,20261005,32,0.547167202,7.612705822,13.912943,0.434779
load,get,256,4,131200,identity,20261005,64,0.547167202,8.167630649,14.927120,0.233236
load,get,260,4,131200,identity,20261005,2,0.555327017,1.109369306,1.997687,0.998843
load,get,260,4,131200,identity,20261005,4,0.555327017,1.811908560,3.262778,0.815694
load,get,260,4,131200,identity,20261005,8,0.555327017,3.591124880,6.466685,0.808336
load,get,260,4,131200,identity,20261005,16,0.555327017,6.696282694,12.058269,0.753642
load,get,260,4,131200,identity,20261005,32,0.555327017,7.760169716,13.974054,0.436689
load,get,260,4,131200,identity,20261005,64,0.555327017,8.298354572,14.943185,0.233487
load,get,384,4,131200,identity,20261005,2,0.799205623,1.592439892,1.992528,0.996264
load,get,384,4,131200,identity,20261005,4,0.799205623,2.580235930,3.228501,0.807125
load,get,384,4,131200,identity,20261005,8,0.799205623,5.111428985,6.395637,0.799455
load,get,384,4,131200,identity,20261005,16,0.799205623,8.695291593,10.879918,0.679995
load,get,384,4,131200,identity,20261005,32,0.799205623,9.595926229,12.006830,0.375213
load,get,384,4,131200,identity,20261005,64,0.799205623,9.887793500,12.372027,0.193313
load,get,512,4,131200,identity,20261005,2,1.043199673,2.071733782,1.985942,0.992971
load,get,512,4,131200,identity,20261005,4,1.043199673,3.462616758,3.319227,0.829807
load,get,512,4,131200,identity,20261005,8,1.043199673,6.696193567,6.418899,0.802362
load,get,512,4,131200,identity,20261005,16,1.043199673,10.858446916,10.408791,0.650549
load,get,512,4,131200,identity,20261005,32,1.043199673,10.579532917,10.141427,0.316920
load,get,512,4,131200,identity,20261005,64,1.043199673,11.479989546,11.004595,0.171947
load,get,768,4,131200,identity,20261005,2,1.503645459,2.983606481,1.984249,0.992124
load,get,768,4,131200,identity,20261005,4,1.503645459,5.000697526,3.325716,0.831429
load,get,768,4,131200,identity,20261005,8,1.503645459,8.874160248,5.901764,0.737720
load,get,768,4,131200,identity,20261005,16,1.503645459,12.725546275,8.463130,0.528946
load,get,768,4,131200,identity,20261005,32,1.503645459,13.775975486,9.161718,0.286304
load,get,768,4,131200,identity,20261005,64,1.503645459,14.580537670,9.696792,0.151512
load,get,1024,4,131200,identity,20261005,2,1.846908592,3.641219026,1.971521,0.985760
load,get,1024,4,131200,identity,20261005,4,1.846908592,6.263772730,3.391490,0.847873
load,get,1024,4,131200,identity,20261005,8,1.846908592,9.738989841,5.273130,0.659141
load,get,1024,4,131200,identity,20261005,16,1.846908592,12.568937754,6.805392,0.425337
load,get,1024,4,131200,identity,20261005,32,1.846908592,14.264147921,7.723256,0.241352
load,get,1024,4,131200,identity,20261005,64,1.846908592,15.805018701,8.557553,0.133712
load,get,1536,4,131200,identity,20261005,2,2.655909312,5.113454778,1.925312,0.962656
load,get,1536,4,131200,identity,20261005,4,2.655909312,8.424147028,3.171850,0.792963
load,get,1536,4,131200,identity,20261005,8,2.655909312,12.360481866,4.653955,0.581744
load,get,1536,4,131200,identity,20261005,16,2.655909312,15.201787398,5.723760,0.357735
load,get,1536,4,131200,identity,20261005,32,2.655909312,16.849749544,6.344249,0.198258
load,get,1536,4,131200,identity,20261005,64,2.655909312,17.926628184,6.749714,0.105464
load,get,2048,4,131200,identity,20261005,2,3.339475272,6.365309066,1.906081,0.953040
load,get,2048,4,131200,identity,20261005,4,3.339475272,10.356419096,3.101211,0.775303
load,get,2048,4,131200,identity,20261005,8,3.339475272,14.507331586,4.344195,0.543024
load,get,2048,4,131200,identity,20261005,16,3.339475272,16.954861717,5.077104,0.317319
load,get,2048,4,131200,identity,20261005,32,3.339475272,18.318809792,5.485535,0.171423
load,get,2048,4,131200,identity,20261005,64,3.339475272,18.867900084,5.649960,0.088281
load,get,3072,4,131200,identity,20261005,2,4.613423079,8.663074912,1.877798,0.938899
load,get,3072,4,131200,identity,20261005,4,4.613423079,13.297406097,2.882330,0.720582
load,get,3072,4,131200,identity,20261005,8,4.613423079,17.048505273,3.695413,0.461927
load,get,3072,4,131200,identity,20261005,16,4.613423079,18.567066123,4.024575,0.251536
load,get,3072,4,131200,identity,20261005,32,4.613423079,19.444253241,4.214713,0.131710
load,get,3072,4,131200,identity,20261005,64,4.613423079,19.520996480,4.231348,0.066115
load,get,4096,4,131200,identity,20261005,2,5.692739395,10.295855013,1.808594,0.904297
load,get,4096,4,131200,identity,20261005,4,5.692739395,15.606113283,2.741407,0.685352
load,get,4096,4,131200,identity,20261005,8,5.692739395,19.325346766,3.394736,0.424342
load,get,4096,4,131200,identity,20261005,16,5.692739395,18.625155669,3.271739,0.204484
load,get,4096,4,131200,identity,20261005,32,5.692739395,20.054788350,3.522871,0.110090
load,get,4096,4,131200,identity,20261005,64,5.692739395,19.130688618,3.360542,0.052508
load,get,6144,4,131200,identity,20261005,2,7.298342312,13.322231474,1.825378,0.912689
load,get,6144,4,131200,identity,20261005,4,7.298342312,17.031421087,2.333601,0.583400
load,get,6144,4,131200,identity,20261005,8,7.298342312,19.089904939,2.615649,0.326956
load,get,6144,4,131200,identity,20261005,16,7.298342312,17.676700018,2.422016,0.151376
load,get,6144,4,131200,identity,20261005,32,7.298342312,19.892946710,2.725680,0.085178
load,get,6144,4,131200,identity,20261005,64,7.298342312,18.151226058,2.487034,0.038860
load,get,8192,4,131200,identity,20261005,2,8.480884364,15.124506704,1.783364,0.891682
load,get,8192,4,131200,identity,20261005,4,8.480884364,17.855498407,2.105382,0.526345
load,get,8192,4,131200,identity,20261005,8,8.480884364,19.646697600,2.316586,0.289573
load,get,8192,4,131200,identity,20261005,16,8.480884364,17.550963568,2.069473,0.129342
load,get,8192,4,131200,identity,20261005,32,8.480884364,19.685052970,2.321109,0.072535
load,get,8192,4,131200,identity,20261005,64,8.480884364,20.019457846,2.360539,0.036883
load,get,12288,4,131200,identity,20261005,2,10.113963162,16.171187177,1.598897,0.799449
load,get,12288,4,131200,identity,20261005,4,10.113963162,17.040478764,1.684847,0.421212
load,get,12288,4,131200,identity,20261005,8,10.113963162,19.936574663,1.971193,0.246399
load,get,12288,4,131200,identity,20261005,16,10.113963162,19.666896738,1.944529,0.121533
load,get,12288,4,131200,identity,20261005,32,10.113963162,20.600442850,2.036832,0.063651
load,get,12288,4,131200,identity,20261005,64,10.113963162,20.558866811,2.032721,0.031761
load,get,16384,4,131200,identity,20261005,2,11.302272320,16.712483870,1.478684,0.739342
load,get,16384,4,131200,identity,20261005,4,11.302272320,18.343991262,1.623036,0.405759
load,get,16384,4,131200,identity,20261005,8,11.302272320,20.073099456,1.776023,0.222003
load,get,16384,4,131200,identity,20261005,16,11.302272320,18.825892381,1.665673,0.104105
load,get,16384,4,131200,identity,20261005,32,11.302272320,20.709634249,1.832343,0.057261
load,get,16384,4,131200,identity,20261005,64,11.302272320,20.651037377,1.827158,0.028549
load,get,24576,4,131200,identity,20261005,2,12.927905465,17.118938871,1.324185,0.662093
load,get,24576,4,131200,identity,20261005,4,12.927905465,19.225067686,1.487098,0.371775
load,get,24576,4,131200,identity,20261005,8,12.927905465,20.484538606,1.584521,0.198065
load,get,24576,4,131200,identity,20261005,16,12.927905465,20.432879863,1.580525,0.098783
load,get,24576,4,131200,identity,20261005,32,12.927905465,20.933844662,1.619276,0.050602
load,get,24576,4,131200,identity,20261005,64,12.927905465,20.768151888,1.606459,0.025101
load,get,32768,4,131200,identity,20261005,2,13.874181397,17.163753618,1.237100,0.618550
load,get,32768,4,131200,identity,20261005,4,13.874181397,19.426126563,1.400164,0.350041
load,get,32768,4,131200,identity,20261005,8,13.874181397,20.602075344,1.484922,0.185615
load,get,32768,4,131200,identity,20261005,16,13.874181397,21.119555412,1.522220,0.095139
load,get,32768,4,131200,identity,20261005,32,13.874181397,21.268093353,1.532926,0.047904
load,get,32768,4,131200,identity,20261005,64,13.874181397,20.858592415,1.503411,0.023491
load,get,49152,4,131200,identity,20261005,2,15.019333358,17.237609285,1.147695,0.573847
load,get,49152,4,131200,identity,20261005,4,15.019333358,19.517066563,1.299463,0.324866
load,get,49152,4,131200,identity,20261005,8,15.019333358,20.667352782,1.376050,0.172006
load,get,49152,4,131200,identity,20261005,16,15.019333358,21.228119852,1.413386,0.088337
load,get,49152,4,131200,identity,20261005,32,15.019333358,21.378948310,1.423429,0.044482
load,get,49152,4,131200,identity,20261005,64,15.019333358,20.873158026,1.389753,0.021715
load,get,65536,4,131200,identity,20261005,2,15.609815586,17.430202128,1.116618,0.558309
load,get,65536,4,131200,identity,20261005,4,15.609815586,19.583670692,1.254574,0.313644
load,get,65536,4,131200,identity,20261005,8,15.609815586,20.850704347,1.335743,0.166968
load,get,65536,4,131200,identity,20261005,16,15.609815586,21.227650281,1.359891,0.084993
load,get,65536,4,131200,identity,20261005,32,15.609815586,21.405999498,1.371317,0.042854
load,get,65536,4,131200,identity,20261005,64,15.609815586,20.930945780,1.340884,0.020951
load,get,98304,4,131200,identity,20261005,2,16.295969175,17.331138028,1.063523,0.531762
load,get,98304,4,131200,identity,20261005,4,16.295969175,19.693358044,1.208480,0.302120
load,get,98304,4,131200,identity,20261005,8,16.295969175,20.902899960,1.282704,0.160338
load,get,98304,4,131200,identity,20261005,16,16.295969175,21.336109736,1.309288,0.081830
load,get,98304,4,131200,identity,20261005,32,16.295969175,21.462016795,1.317014,0.041157
load,get,98304,4,131200,identity,20261005,64,16.295969175,20.957600730,1.286060,0.020095
load,get,131072,4,131200,identity,20261005,2,16.707122005,16.869957037,1.009746,0.504873
load,get,131072,4,131200,identity,20261005,4,16.707122005,19.525149270,1.168672,0.292168
load,get,131072,4,131200,identity,20261005,8,16.707122005,20.896596507,1.250760,0.156345
load,get,131072,4,131200,identity,20261005,16,16.707122005,21.072637472,1.261297,0.078831
load,get,131072,4,131200,identity,20261005,32,16.707122005,21.333970722,1.276939,0.039904
load,get,131072,4,131200,identity,20261005,64,16.707122005,20.777583490,1.243636,0.019432
load,put,8,0,131200,identity,20261005,2,0.033329473,0.066637818,1.999366,0.999683
load,put,8,0,131200,identity,20261005,4,0.033329473,0.085753089,2.572891,0.643223
load,put,8,0,131200,identity,20261005,8,0.033329473,0.160874797,4.826803,0.603350
load,put,8,0,131200,identity,20261005,16,0.033329473,0.166631648,4.999528,0.312471
load,put,8,0,131200,identity,20261005,32,0.033329473,0.273920891,8.218579,0.256831
load,put,8,0,131200,identity,20261005,64,0.033329473,0.267500111,8.025933,0.125405
load,put,16,0,131200,identity,20261005,2,0.066658390,0.133278911,1.999432,0.999716
load,put,16,0,131200,identity,20261005,4,0.066658390,0.170053431,2.551118,0.637780
load,put,16,0,131200,identity,20261005,8,0.066658390,0.321641093,4.825215,0.603152
load,put,16,0,131200,identity,20261005,16,0.066658390,0.331030773,4.966078,0.310380
load,put,16,0,131200,identity,20261005,32,0.066658390,0.553247775,8.299747,0.259367
load,put,16,0,131200,identity,20261005,64,0.066658390,0.534964809,8.025468,0.125398
load,put,32,0,131200,identity,20261005,2,0.133315058,0.266599239,1.999768,0.999884
load,put,32,0,131200,identity,20261005,4,0.133315058,0.341936418,2.564875,0.641219
load,put,32,0,131200,identity,20261005,8,0.133315058,0.640585816,4.805052,0.600632
load,put,32,0,131200,identity,20261005,16,0.133315058,0.658149543,4.936798,0.308550
load,put,32,0,131200,identity,20261005,32,0.133315058,1.095856048,8.220047,0.256876
load,put,32,0,131200,identity,20261005,64,0.133315058,1.069096076,8.019320,0.125302
load,put,64,0,131200,identity,20261005,2,0.266624229,0.533190705,1.999783,0.999892
load,put,64,0,131200,identity,20261005,4,0.266624229,0.685626929,2.571510,0.642878
load,put,64,0,131200,identity,20261005,8,0.266624229,1.279321320,4.798219,0.599777
load,put,64,0,131200,identity,20261005,16,0.266624229,1.319969501,4.950673,0.309417
load,put,64,0,131200,identity,20261005,32,0.266624229,2.200243660,8.252227,0.257882
load,put,64,0,131200,identity,20261005,64,0.266624229,2.139341764,8.023809,0.125372
load,put,96,0,131200,identity,20261005,2,0.391251295,0.780251192,1.994246,0.997123
load,put,96,0,131200,identity,20261005,4,0.391251295,1.027764908,2.626866,0.656717
load,put,96,0,131200,identity,20261005,8,0.391251295,1.921713688,4.911712,0.613964
load,put,96,0,131200,identity,20261005,16,0.391251295,1.992461594,5.092537,0.318284
load,put,96,0,131200,identity,20261005,32,0.391251295,3.312613682,8.466716,0.264585
load,put,96,0,131200,identity,20261005,64,0.391251295,3.206374172,8.195178,0.128050
load,put,124,0,131200,identity,20261005,2,0.335982629,0.675641989,2.010943,1.005472
load,put,124,0,131200,identity,20261005,4,0.335982629,0.586602033,1.745930,0.436482
load,put,124,0,131200,identity,20261005,8,0.335982629,1.232117681,3.667207,0.458401
load,put,124,0,131200,identity,20261005,16,0.335982629,1.361243490,4.051529,0.253221
load,put,124,0,131200,identity,20261005,32,0.335982629,2.237504569,6.659584,0.208112
load,put,124,0,131200,identity,20261005,64,0.335982629,2.222553439,6.615084,0.103361
load,put,128,0,131200,identity,20261005,2,0.532465415,1.058144197,1.987254,0.993627
load,put,128,0,131200,identity,20261005,4,0.532465415,2.073230384,3.893643,0.973411
load,put,128,0,131200,identity,20261005,8,0.532465415,4.138562634,7.772453,0.971557
load,put,128,0,131200,identity,20261005,16,0.532465415,8.276526510,15.543782,0.971486
load,put,128,0,131200,identity,20261005,32,0.532465415,15.696583809,29.479067,0.921221
load,put,128,0,131200,identity,20261005,64,0.532465415,18.886468394,35.469850,0.554216
load,put,132,0,131200,identity,20261005,2,0.523380435,1.043116262,1.993036,0.996518
load,put,132,0,131200,identity,20261005,4,0.523380435,1.539141416,2.940770,0.735192
load,put,132,0,131200,identity,20261005,8,0.523380435,2.142481513,4.093545,0.511693
load,put,132,0,131200,identity,20261005,16,0.523380435,2.811621743,5.372042,0.335753
load,put,132,0,131200,identity,20261005,32,0.523380435,3.726826116,7.120683,0.222521
load,put,132,0,131200,identity,20261005,64,0.523380435,3.092541447,5.908783,0.092325
load,put,192,0,131200,identity,20261005,2,0.761218457,1.515063041,1.990313,0.995157
load,put,192,0,131200,identity,20261005,4,0.761218457,2.273848990,2.987118,0.746779
load,put,192,0,131200,identity,20261005,8,0.761218457,3.158377844,4.149108,0.518639
load,put,192,0,131200,identity,20261005,16,0.761218457,4.091430690,5.374844,0.335928
load,put,192,0,131200,identity,20261005,32,0.761218457,5.419690838,7.119758,0.222492
load,put,192,0,131200,identity,20261005,64,0.761218457,4.519871933,5.937680,0.092776
load,put,252,0,131200,identity,20261005,2,0.678983755,1.308644610,1.927358,0.963679
load,put,252,0,131200,identity,20261005,4,0.678983755,1.313484258,1.934486,0.483621
load,put,252,0,131200,identity,20261005,8,0.678983755,2.331792030,3.434238,0.429280
load,put,252,0,131200,identity,20261005,16,0.678983755,2.885907866,4.250334,0.265646
load,put,252,0,131200,identity,20261005,32,0.678983755,4.234671817,6.236779,0.194899
load,put,252,0,131200,identity,20261005,64,0.678983755,3.767447483,5.548656,0.086698
load,put,256,0,131200,identity,20261005,2,1.014513889,2.021683344,1.992761,0.996380
load,put,256,0,131200,identity,20261005,4,1.014513889,4.031032653,3.973364,0.993341
load,put,256,0,131200,identity,20261005,8,1.014513889,8.055469459,7.940226,0.992528
load,put,256,0,131200,identity,20261005,16,1.014513889,16.025948264,15.796677,0.987292
load,put,256,0,131200,identity,20261005,32,1.014513889,18.906235504,18.635758,0.582367
load,put,256,0,131200,identity,20261005,64,1.014513889,18.529769550,18.264678,0.285386
load,put,260,0,131200,identity,20261005,2,1.023947372,1.992989277,1.946379,0.973189
load,put,260,0,131200,identity,20261005,4,1.023947372,3.949544568,3.857175,0.964294
load,put,260,0,131200,identity,20261005,8,1.023947372,3.782668251,3.694202,0.461775
load,put,260,0,131200,identity,20261005,16,1.023947372,4.507949704,4.402521,0.275158
load,put,260,0,131200,identity,20261005,32,1.023947372,5.039800492,4.921933,0.153810
load,put,260,0,131200,identity,20261005,64,1.023947372,4.736779929,4.625999,0.072281
load,put,384,0,131200,identity,20261005,2,1.473876121,2.944052649,1.997490,0.998745
load,put,384,0,131200,identity,20261005,4,1.473876121,5.885876082,3.993467,0.998367
load,put,384,0,131200,identity,20261005,8,1.473876121,11.759346805,7.978518,0.997315
load,put,384,0,131200,identity,20261005,16,1.473876121,19.078179860,12.944222,0.809014
load,put,384,0,131200,identity,20261005,32,1.473876121,19.069206103,12.938134,0.404317
load,put,384,0,131200,identity,20261005,64,1.473876121,16.969506813,11.513523,0.179899
load,put,512,0,131200,identity,20261005,2,1.940142805,3.855935618,1.987449,0.993725
load,put,512,0,131200,identity,20261005,4,1.940142805,7.578302963,3.906054,0.976514
load,put,512,0,131200,identity,20261005,8,1.940142805,15.095029401,7.780370,0.972546
load,put,512,0,131200,identity,20261005,16,1.940142805,19.368568587,9.983063,0.623941
load,put,512,0,131200,identity,20261005,32,1.940142805,18.724019337,9.650846,0.301589
load,put,512,0,131200,identity,20261005,64,1.940142805,15.558524586,8.019268,0.125301
load,put,768,0,131200,identity,20261005,2,2.775415743,5.552472857,2.000591,1.000296
load,put,768,0,131200,identity,20261005,4,2.775415743,10.894702628,3.925431,0.981358
load,put,768,0,131200,identity,20261005,8,2.775415743,16.324374677,5.881776,0.735222
load,put,768,0,131200,identity,20261005,16,2.775415743,19.767487502,7.122352,0.445147
load,put,768,0,131200,identity,20261005,32,2.775415743,19.132088559,6.893414,0.215419
load,put,768,0,131200,identity,20261005,64,2.775415743,14.319570441,5.159433,0.080616
load,put,1024,0,131200,identity,20261005,2,3.427615063,6.811748936,1.987314,0.993657
load,put,1024,0,131200,identity,20261005,4,3.427615063,12.966210612,3.782867,0.945717
load,put,1024,0,131200,identity,20261005,8,3.427615063,17.227999706,5.026235,0.628279
load,put,1024,0,131200,identity,20261005,16,3.427615063,19.651705191,5.733347,0.358334
load,put,1024,0,131200,identity,20261005,32,3.427615063,18.502446910,5.398053,0.168689
load,put,1024,0,131200,identity,20261005,64,3.427615063,13.669178189,3.987956,0.062312
load,put,1536,0,131200,identity,20261005,2,4.696127529,9.377461126,1.996850,0.998425
load,put,1536,0,131200,identity,20261005,4,4.696127529,17.477882400,3.721765,0.930441
load,put,1536,0,131200,identity,20261005,8,4.696127529,19.497210604,4.151763,0.518970
load,put,1536,0,131200,identity,20261005,16,4.696127529,18.999025929,4.045679,0.252855
load,put,1536,0,131200,identity,20261005,32,4.696127529,17.477086925,3.721595,0.116300
load,put,1536,0,131200,identity,20261005,64,4.696127529,14.304447964,3.046009,0.047594
load,put,2048,0,131200,identity,20261005,2,5.788662926,11.470497634,1.981545,0.990773
load,put,2048,0,131200,identity,20261005,4,5.788662926,19.554626202,3.378090,0.844523
load,put,2048,0,131200,identity,20261005,8,5.788662926,19.596609346,3.385343,0.423168
load,put,2048,0,131200,identity,20261005,16,5.788662926,18.256973815,3.153919,0.197120
load,put,2048,0,131200,identity,20261005,32,5.788662926,16.791311029,2.900724,0.090648
load,put,2048,0,131200,identity,20261005,64,5.788662926,14.531292856,2.510302,0.039223
load,put,3072,0,131200,identity,20261005,2,7.506579253,14.926932374,1.988513,0.994257
load,put,3072,0,131200,identity,20261005,4,7.506579253,19.946886221,2.657254,0.664313
load,put,3072,0,131200,identity,20261005,8,7.506579253,19.407248184,2.585365,0.323171
load,put,3072,0,131200,identity,20261005,16,7.506579253,17.061145490,2.272826,0.142052
load,put,3072,0,131200,identity,20261005,32,7.506579253,16.649515371,2.217990,0.069312
load,put,3072,0,131200,identity,20261005,64,7.506579253,14.737464183,1.963273,0.030676
load,put,4096,0,131200,identity,20261005,2,8.809682047,17.448869615,1.980647,0.990323
load,put,4096,0,131200,identity,20261005,4,8.809682047,20.103536156,2.281982,0.570496
load,put,4096,0,131200,identity,20261005,8,8.809682047,19.582310184,2.222817,0.277852
load,put,4096,0,131200,identity,20261005,16,8.809682047,17.845594328,2.025680,0.126605
load,put,4096,0,131200,identity,20261005,32,8.809682047,16.959209757,1.925065,0.060158
load,put,4096,0,131200,identity,20261005,64,8.809682047,14.931442236,1.694890,0.026483
load,put,6144,0,131200,identity,20261005,2,10.657803667,18.347527981,1.721511,0.860756
load,put,6144,0,131200,identity,20261005,4,10.657803667,20.275939565,1.902450,0.475613
load,put,6144,0,131200,identity,20261005,8,10.657803667,19.217265512,1.803117,0.225390
load,put,6144,0,131200,identity,20261005,16,10.657803667,18.966500889,1.779588,0.111224
load,put,6144,0,131200,identity,20261005,32,10.657803667,17.628305711,1.654028,0.051688
load,put,6144,0,131200,identity,20261005,64,10.657803667,15.224542016,1.428488,0.022320
load,put,8192,0,131200,identity,20261005,2,11.961446529,18.449120784,1.542382,0.771191
load,put,8192,0,131200,identity,20261005,4,11.961446529,20.267821246,1.694429,0.423607
load,put,8192,0,131200,identity,20261005,8,11.961446529,19.439656413,1.625193,0.203149
load,put,8192,0,131200,identity,20261005,16,11.961446529,19.286060277,1.612352,0.100772
load,put,8192,0,131200,identity,20261005,32,11.961446529,17.328142241,1.448666,0.045271
load,put,8192,0,131200,identity,20261005,64,11.961446529,15.116421890,1.263762,0.019746
load,put,12288,0,131200,identity,20261005,2,13.617368350,18.568174349,1.363566,0.681783
load,put,12288,0,131200,identity,20261005,4,13.617368350,20.097190392,1.475850,0.368962
load,put,12288,0,131200,identity,20261005,8,13.617368350,19.644314491,1.442593,0.180324
load,put,12288,0,131200,identity,20261005,16,13.617368350,19.733490285,1.449141,0.090571
load,put,12288,0,131200,identity,20261005,32,13.617368350,18.116335312,1.330384,0.041575
load,put,12288,0,131200,identity,20261005,64,13.617368350,15.376059573,1.129151,0.017643
load,put,16384,0,131200,identity,20261005,2,14.603706011,18.615611595,1.274718,0.637359
load,put,16384,0,131200,identity,20261005,4,14.603706011,20.093064097,1.375888,0.343972
load,put,16384,0,131200,identity,20261005,8,14.603706011,19.853016910,1.359451,0.169931
load,put,16384,0,131200,identity,20261005,16,14.603706011,20.074750387,1.374634,0.085915
load,put,16384,0,131200,identity,20261005,32,14.603706011,18.349046398,1.256465,0.039265
load,put,16384,0,131200,identity,20261005,64,14.603706011,15.427092864,1.056382,0.016506
load,put,24576,0,131200,identity,20261005,2,15.768168907,18.675403538,1.184374,0.592187
load,put,24576,0,131200,identity,20261005,4,15.768168907,20.562231792,1.304034,0.326009
load,put,24576,0,131200,identity,20261005,8,15.768168907,20.054385362,1.271827,0.158978
load,put,24576,0,131200,identity,20261005,16,15.768168907,20.333193285,1.289509,0.080594
load,put,24576,0,131200,identity,20261005,32,15.768168907,18.529832158,1.175142,0.036723
load,put,24576,0,131200,identity,20261005,64,15.768168907,15.453725791,0.980058,0.015313
load,put,32768,0,131200,identity,20261005,2,16.425334354,18.695091939,1.138186,0.569093
load,put,32768,0,131200,identity,20261005,4,16.425334354,20.786041990,1.265487,0.316372
load,put,32768,0,131200,identity,20261005,8,16.425334354,20.228705742,1.231555,0.153944
load,put,32768,0,131200,identity,20261005,16,16.425334354,20.494257118,1.247722,0.077983
load,put,32768,0,131200,identity,20261005,32,16.425334354,18.547379371,1.129193,0.035287
load,put,32768,0,131200,identity,20261005,64,16.425334354,15.547511568,0.946557,0.014790
load,put,49152,0,131200,identity,20261005,2,17.134777407,18.722966603,1.092688,0.546344
load,put,49152,0,131200,identity,20261005,4,17.134777407,21.049246166,1.228452,0.307113
load,put,49152,0,131200,identity,20261005,8,17.134777407,20.358564345,1.188143,0.148518
load,put,49152,0,131200,identity,20261005,16,17.134777407,20.514933084,1.197269,0.074829
load,put,49152,0,131200,identity,20261005,32,17.134777407,18.735334432,1.093410,0.034169
load,put,49152,0,131200,identity,20261005,64,17.134777407,15.536820319,0.906742,0.014168
load,put,65536,0,131200,identity,20261005,2,17.501875411,18.735820951,1.070504,0.535252
load,put,65536,0,131200,identity,20261005,4,17.501875411,21.204221917,1.211540,0.302885
load,put,65536,0,131200,identity,20261005,8,17.501875411,20.440511487,1.167904,0.145988
load,put,65536,0,131200,identity,20261005,16,17.501875411,20.530458815,1.173043,0.073315
load,put,65536,0,131200,identity,20261005,32,17.501875411,18.767230852,1.072298,0.033509
load,put,65536,0,131200,identity,20261005,64,17.501875411,15.600879077,0.891383,0.013928
load,put,98304,0,131200,identity,20261005,2,17.909184998,18.746354693,1.046745,0.523373
load,put,98304,0,131200,identity,20261005,4,17.909184998,21.317503653,1.190311,0.297578
load,put,98304,0,131200,identity,20261005,8,17.909184998,20.525659436,1.146097,0.143262
load,put,98304,0,131200,identity,20261005,16,17.909184998,20.644695206,1.152743,0.072046
load,put,98304,0,131200,identity,20261005,32,17.909184998,18.793687002,1.049388,0.032793
load,put,98304,0,131200,identity,20261005,64,17.909184998,15.593435635,0.870695,0.013605
load,put,131072,0,131200,identity,20261005,2,18.119910031,18.741267220,1.034291,0.517146
load,put,131072,0,131200,identity,20261005,4,18.119910031,21.325515887,1.176911,0.294228
load,put,131072,0,131200,identity,20261005,8,18.119910031,20.576521973,1.135575,0.141947
load,put,131072,0,131200,identity,20261005,16,18.119910031,20.470868473,1.129744,0.070609
load,put,131072,0,131200,identity,20261005,32,18.119910031,18.406636473,1.015824,0.031744
load,put,131072,0,131200,identity,20261005,64,18.119910031,15.380851042,0.848837,0.013263
load,put,8,4,131200,identity,20261005,2,0.033889790,0.067784719,2.000152,1.000076
load,put,8,4,131200,identity,20261005,4,0.033889790,0.085603223,2.525930,0.631482
load,put,8,4,131200,identity,20261005,8,0.033889790,0.160926332,4.748520,0.593565
load,put,8,4,131200,identity,20261005,16,0.033889790,0.166008577,4.898483,0.306155
load,put,8,4,131200,identity,20261005,32,0.033889790,0.273903570,8.082186,0.252568
load,put,8,4,131200,identity,20261005,64,0.033889790,0.268312906,7.917219,0.123707
load,put,16,4,131200,identity,20261005,2,0.067777885,0.135517422,1.999434,0.999717
load,put,16,4,131200,identity,20261005,4,0.067777885,0.171547138,2.531019,0.632755
load,put,16,4,131200,identity,20261005,8,0.067777885,0.320102993,4.722824,0.590353
load,put,16,4,131200,identity,20261005,16,0.067777885,0.331574005,4.892068,0.305754
load,put,16,4,131200,identity,20261005,32,0.067777885,0.550873608,8.127631,0.253988
load,put,16,4,131200,identity,20261005,64,0.067777885,0.532376996,7.854730,0.122730
load,put,32,4,131200,identity,20261005,2,0.135539521,0.271101205,2.000164,1.000082
load,put,32,4,131200,identity,20261005,4,0.135539521,0.342424160,2.526379,0.631595
load,put,32,4,131200,identity,20261005,8,0.135539521,0.640361324,4.724536,0.590567
load,put,32,4,131200,identity,20261005,16,0.135539521,0.660787891,4.875241,0.304703
load,put,32,4,131200,identity,20261005,32,0.135539521,1.091120844,8.050204,0.251569
load,put,32,4,131200,identity,20261005,64,0.135539521,1.071914301,7.908500,0.123570
load,put,64,4,131200,identity,20261005,2,0.174103185,0.348887920,2.003915,1.001957
load,put,64,4,131200,identity,20261005,4,0.174103185,0.322364341,1.851571,0.462893
load,put,64,4,131200,identity,20261005,8,0.174103185,0.637079627,3.659207,0.457401
load,put,64,4,131200,identity,20261005,16,0.174103185,0.708549116,4.069708,0.254357
load,put,64,4,131200,identity,20261005,32,0.174103185,1.157956914,6.650981,0.207843
load,put,64,4,131200,identity,20261005,64,0.174103185,1.145205325,6.577739,0.102777
load,put,96,4,131200,identity,20261005,2,0.261018019,0.523120139,2.004153,1.002077
load,put,96,4,131200,identity,20261005,4,0.261018019,0.459736592,1.761321,0.440330
load,put,96,4,131200,identity,20261005,8,0.261018019,0.957911155,3.669904,0.458738
load,put,96,4,131200,identity,20261005,16,0.261018019,1.040765906,3.987334,0.249208
load,put,96,4,131200,identity,20261005,32,0.261018019,1.737119923,6.655172,0.207974
load,put,96,4,131200,identity,20261005,64,0.261018019,1.721365792,6.594816,0.103044
load,put,124,4,131200,identity,20261005,2,0.337144975,0.678191177,2.011571,1.005786
load,put,124,4,131200,identity,20261005,4,0.337144975,0.620285874,1.839819,0.459955
load,put,124,4,131200,identity,20261005,8,0.337144975,1.235120348,3.663470,0.457934
load,put,124,4,131200,identity,20261005,16,0.337144975,1.361411625,4.038060,0.252379
load,put,124,4,131200,identity,20261005,32,0.337144975,2.238131557,6.638484,0.207453
load,put,124,4,131200,identity,20261005,64,0.337144975,2.220502626,6.586195,0.102909
load,put,128,4,131200,identity,20261005,2,0.330943987,0.610625261,1.845102,0.922551
load,put,128,4,131200,identity,20261005,4,0.330943987,0.509300402,1.538932,0.384733
load,put,128,4,131200,identity,20261005,8,0.330943987,0.968598216,2.926774,0.365847
load,put,128,4,131200,identity,20261005,16,0.330943987,1.268522488,3.833043,0.239565
load,put,128,4,131200,identity,20261005,32,0.330943987,1.651256618,4.989535,0.155923
load,put,128,4,131200,identity,20261005,64,0.330943987,1.578507541,4.769712,0.074527
load,put,132,4,131200,identity,20261005,2,0.336413642,0.601748078,1.788715,0.894357
load,put,132,4,131200,identity,20261005,4,0.336413642,0.521310080,1.549610,0.387403
load,put,132,4,131200,identity,20261005,8,0.336413642,1.015454818,3.018471,0.377309
load,put,132,4,131200,identity,20261005,16,0.336413642,1.303790462,3.875558,0.242222
load,put,132,4,131200,identity,20261005,32,0.336413642,1.691771693,5.028844,0.157151
load,put,132,4,131200,identity,20261005,64,0.336413642,1.635482125,4.861521,0.075961
load,put,192,4,131200,identity,20261005,2,0.424574928,0.813595693,1.916259,0.958130
load,put,192,4,131200,identity,20261005,4,0.424574928,0.588419581,1.385903,0.346476
load,put,192,4,131200,identity,20261005,8,0.424574928,1.101170309,2.593583,0.324198
load,put,192,4,131200,identity,20261005,16,0.424574928,1.574846825,3.709232,0.231827
load,put,192,4,131200,identity,20261005,32,0.424574928,1.897082766,4.468193,0.139631
load,put,192,4,131200,identity,20261005,64,0.424574928,1.839048064,4.331504,0.067680
load,put,252,4,131200,identity,20261005,2,0.680000248,1.308803652,1.924711,0.962355
load,put,252,4,131200,identity,20261005,4,0.680000248,1.114074732,1.638345,0.409586
load,put,252,4,131200,identity,20261005,8,0.680000248,2.241530716,3.296367,0.412046
load,put,252,4,131200,identity,20261005,16,0.680000248,2.790464170,4.103622,0.256476
load,put,252,4,131200,identity,20261005,32,0.680000248,4.054723685,5.962827,0.186338
load,put,252,4,131200,identity,20261005,64,0.680000248,3.685528278,5.419893,0.084686
load,put,256,4,131200,identity,20261005,2,0.687895960,1.349705187,1.962078,0.981039
load,put,256,4,131200,identity,20261005,4,0.687895960,1.206002264,1.753175,0.438294
load,put,256,4,131200,identity,20261005,8,0.687895960,1.719183468,2.499191,0.312399
load,put,256,4,131200,identity,20261005,16,0.687895960,2.172445269,3.158102,0.197381
load,put,256,4,131200,identity,20261005,32,0.687895960,2.878519519,4.184527,0.130766
load,put,256,4,131200,identity,20261005,64,0.687895960,2.703271979,3.929769,0.061403
load,put,260,4,131200,identity,20261005,2,0.699922497,1.362172980,1.946177,0.973088
load,put,260,4,131200,identity,20261005,4,0.699922497,1.209312028,1.727780,0.431945
load,put,260,4,131200,identity,20261005,8,0.699922497,1.767747548,2.525633,0.315704
load,put,260,4,131200,identity,20261005,16,0.699922497,2.217804857,3.168643,0.198040
load,put,260,4,131200,identity,20261005,32,0.699922497,2.903823414,4.148779,0.129649
load,put,260,4,131200,identity,20261005,64,0.699922497,2.746833395,3.924482,0.061320
load,put,384,4,131200,identity,20261005,2,1.028008961,1.859807336,1.809135,0.904568
load,put,384,4,131200,identity,20261005,4,1.028008961,1.829514064,1.779667,0.444917
load,put,384,4,131200,identity,20261005,8,1.028008961,2.568868591,2.498878,0.312360
load,put,384,4,131200,identity,20261005,16,1.028008961,3.221545765,3.133772,0.195861
load,put,384,4,131200,identity,20261005,32,1.028008961,3.624591223,3.525836,0.110182
load,put,384,4,131200,identity,20261005,64,1.028008961,3.407916970,3.315065,0.051798
load,put,512,4,131200,identity,20261005,2,1.256132848,2.369228534,1.886129,0.943064
load,put,512,4,131200,identity,20261005,4,1.256132848,2.331337202,1.855964,0.463991
load,put,512,4,131200,identity,20261005,8,1.256132848,3.594151501,2.861283,0.357660
load,put,512,4,131200,identity,20261005,16,1.256132848,4.015002150,3.196320,0.199770
load,put,512,4,131200,identity,20261005,32,1.256132848,4.226154246,3.364417,0.105138
load,put,512,4,131200,identity,20261005,64,1.256132848,3.982961269,3.170812,0.049544
load,put,768,4,131200,identity,20261005,2,1.757449538,3.244218701,1.845981,0.922991
load,put,768,4,131200,identity,20261005,4,1.757449538,3.438224166,1.956371,0.489093
load,put,768,4,131200,identity,20261005,8,1.757449538,4.991013900,2.839919,0.354990
load,put,768,4,131200,identity,20261005,16,1.757449538,5.471131522,3.113109,0.194569
load,put,768,4,131200,identity,20261005,32,1.757449538,5.315188447,3.024376,0.094512
load,put,768,4,131200,identity,20261005,64,1.757449538,4.821004845,2.743183,0.042862
load,put,1024,4,131200,identity,20261005,2,2.244231077,4.076043690,1.816232,0.908116
load,put,1024,4,131200,identity,20261005,4,2.244231077,4.280010491,1.907117,0.476779
load,put,1024,4,131200,identity,20261005,8,2.244231077,5.666898176,2.525096,0.315637
load,put,1024,4,131200,identity,20261005,16,2.244231077,5.351146100,2.384401,0.149025
load,put,1024,4,131200,identity,20261005,32,2.244231077,5.761213118,2.567121,0.080223
load,put,1024,4,131200,identity,20261005,64,2.244231077,5.637879780,2.512165,0.039253
load,put,1536,4,131200,identity,20261005,2,3.213853046,5.502891167,1.712241,0.856121
load,put,1536,4,131200,identity,20261005,4,3.213853046,5.769035752,1.795053,0.448763
load,put,1536,4,131200,identity,20261005,8,3.213853046,7.089289392,2.205854,0.275732
load,put,1536,4,131200,identity,20261005,16,3.213853046,7.021353188,2.184715,0.136545
load,put,1536,4,131200,identity,20261005,32,3.213853046,7.261820144,2.259537,0.070611
load,put,1536,4,131200,identity,20261005,64,3.213853046,6.920915112,2.153463,0.033648
load,put,2048,4,131200,identity,20261005,2,4.070316304,6.742142671,1.656417,0.828209
load,put,2048,4,131200,identity,20261005,4,4.070316304,6.273721745,1.541335,0.385334
load,put,2048,4,131200,identity,20261005,8,4.070316304,7.888684043,1.938101,0.242263
load,put,2048,4,131200,identity,20261005,16,4.070316304,7.949888144,1.953138,0.122071
load,put,2048,4,131200,identity,20261005,32,4.070316304,8.074554594,1.983766,0.061993
load,put,2048,4,131200,identity,20261005,64,4.070316304,8.526651348,2.094838,0.032732
load,put,3072,4,131200,identity,20261005,2,5.262553812,8.128930339,1.544674,0.772337
load,put,3072,4,131200,identity,20261005,4,5.262553812,6.864708593,1.304444,0.326111
load,put,3072,4,131200,identity,20261005,8,5.262553812,8.787732074,1.669861,0.208733
load,put,3072,4,131200,identity,20261005,16,5.262553812,10.134533290,1.925782,0.120361
load,put,3072,4,131200,identity,20261005,32,5.262553812,9.585294436,1.821415,0.056919
load,put,3072,4,131200,identity,20261005,64,5.262553812,9.410587121,1.788217,0.027941
load,put,4096,4,131200,identity,20261005,2,6.266216282,8.955168407,1.429119,0.714559
load,put,4096,4,131200,identity,20261005,4,6.266216282,6.873725913,1.096950,0.274237
load,put,4096,4,131200,identity,20261005,8,6.266216282,8.705845095,1.389330,0.173666
load,put,4096,4,131200,identity,20261005,16,6.266216282,10.758930096,1.716974,0.107311
load,put,4096,4,131200,identity,20261005,32,6.266216282,10.506488040,1.676688,0.052396
load,put,4096,4,131200,identity,20261005,64,6.266216282,10.703768360,1.708171,0.026690
load,put,6144,4,131200,identity,20261005,2,8.680638954,9.833924479,1.132857,0.566429
load,put,6144,4,131200,identity,20261005,4,8.680638954,9.843196155,1.133925,0.283481
load,put,6144,4,131200,identity,20261005,8,8.680638954,13.582309175,1.564667,0.195583
load,put,6144,4,131200,identity,20261005,16,8.680638954,13.666145345,1.574325,0.098395
load,put,6144,4,131200,identity,20261005,32,8.680638954,12.916874165,1.488010,0.046500
load,put,6144,4,131200,identity,20261005,64,8.680638954,11.728309319,1.351088,0.021111
load,put,8192,4,131200,identity,20261005,2,10.342689983,11.868103530,1.147487,0.573744
load,put,8192,4,131200,identity,20261005,4,10.342689983,11.069814014,1.070303,0.267576
load,put,8192,4,131200,identity,20261005,8,10.342689983,14.052557715,1.358695,0.169837
load,put,8192,4,131200,identity,20261005,16,10.342689983,13.870488840,1.341091,0.083818
load,put,8192,4,131200,identity,20261005,32,10.342689983,13.480026530,1.303339,0.040729
load,put,8192,4,131200,identity,20261005,64,10.342689983,12.345743260,1.193669,0.018651
load,put,12288,4,131200,identity,20261005,2,11.517912378,12.332081024,1.070687,0.535344
load,put,12288,4,131200,identity,20261005,4,11.517912378,14.172724311,1.230494,0.307624
load,put,12288,4,131200,identity,20261005,8,11.517912378,15.925801422,1.382699,0.172837
load,put,12288,4,131200,identity,20261005,16,11.517912378,15.723854916,1.365165,0.085323
load,put,12288,4,131200,identity,20261005,32,11.517912378,14.696361128,1.275957,0.039874
load,put,12288,4,131200,identity,20261005,64,11.517912378,13.024798827,1.130830,0.017669
load,put,16384,4,131200,identity,20261005,2,11.403252962,15.492851199,1.358634,0.679317
load,put,16384,4,131200,identity,20261005,4,11.403252962,16.631366632,1.458476,0.364619
load,put,16384,4,131200,identity,20261005,8,11.403252962,17.046153574,1.494850,0.186856
load,put,16384,4,131200,identity,20261005,16,11.403252962,16.673368393,1.462159,0.091385
load,put,16384,4,131200,identity,20261005,32,11.403252962,15.411923734,1.351537,0.042236
load,put,16384,4,131200,identity,20261005,64,11.403252962,13.424040926,1.177212,0.018394
load,put,24576,4,131200,identity,20261005,2,13.617323079,17.780517397,1.305728,0.652864
load,put,24576,4,131200,identity,20261005,4,13.617323079,18.220579780,1.338044,0.334511
load,put,24576,4,131200,identity,20261005,8,13.617323079,17.962719463,1.319108,0.164888
load,put,24576,4,131200,identity,20261005,16,13.617323079,17.772129978,1.305112,0.081569
load,put,24576,4,131200,identity,20261005,32,13.617323079,16.310574889,1.197781,0.037431
load,put,24576,4,131200,identity,20261005,64,13.617323079,13.929625644,1.022934,0.015983
load,put,32768,4,131200,identity,20261005,2,15.491386320,18.431712580,1.189804,0.594902
load,put,32768,4,131200,identity,20261005,4,15.491386320,18.964902805,1.224222,0.306056
load,put,32768,4,131200,identity,20261005,8,15.491386320,18.443400471,1.190558,0.148820
load,put,32768,4,131200,identity,20261005,16,15.491386320,18.449888825,1.190977,0.074436
load,put,32768,4,131200,identity,20261005,32,15.491386320,16.865534191,1.088704,0.034022
load,put,32768,4,131200,identity,20261005,64,15.491386320,14.280076598,0.921808,0.014403
load,put,49152,4,131200,identity,20261005,2,17.085454734,18.662827685,1.092323,0.546161
load,put,49152,4,131200,identity,20261005,4,17.085454734,19.795578194,1.158622,0.289655
load,put,49152,4,131200,identity,20261005,8,17.085454734,19.093468144,1.117528,0.139691
load,put,49152,4,131200,identity,20261005,16,17.085454734,19.289048438,1.128975,0.070561
load,put,49152,4,131200,identity,20261005,32,17.085454734,17.525611193,1.025762,0.032055
load,put,49152,4,131200,identity,20261005,64,17.085454734,14.683207107,0.859398,0.013428
load,put,65536,4,131200,identity,20261005,2,17.486427447,18.696451965,1.069198,0.534599
load,put,65536,4,131200,identity,20261005,4,17.486427447,20.263138509,1.158792,0.289698
load,put,65536,4,131200,identity,20261005,8,17.486427447,19.459376240,1.112827,0.139103
load,put,65536,4,131200,identity,20261005,16,17.486427447,19.677899234,1.125324,0.070333
load,put,65536,4,131200,identity,20261005,32,17.486427447,17.828634776,1.019570,0.031862
load,put,65536,4,131200,identity,20261005,64,17.486427447,14.924796522,0.853507,0.013336
load,put,98304,4,131200,identity,20261005,2,17.882278637,18.727425131,1.047262,0.523631
load,put,98304,4,131200,identity,20261005,4,17.882278637,20.674228998,1.156129,0.289032
load,put,98304,4,131200,identity,20261005,8,17.882278637,19.826982831,1.108750,0.138594
load,put,98304,4,131200,identity,20261005,16,17.882278637,19.977538377,1.117170,0.069823
load,put,98304,4,131200,identity,20261005,32,17.882278637,18.101906884,1.012282,0.031634
load,put,98304,4,131200,identity,20261005,64,17.882278637,15.100876372,0.844460,0.013195
load,put,131072,4,131200,identity,20261005,2,18.102777236,18.733206098,1.034825,0.517412
load,put,131072,4,131200,identity,20261005,4,18.102777236,20.793971094,1.148662,0.287165
load,put,131072,4,131200,identity,20261005,8,18.102777236,20.013355012,1.105541,0.138193
load,put,131072,4,131200,identity,20261005,16,18.102777236,19.867112200,1.097462,0.068591
load,put,131072,4,131200,identity,20261005,32,18.102777236,18.042131509,0.996650,0.031145
load,put,131072,4,131200,identity,20261005,64,18.102777236,15.067622677,0.832338,0.013005
load,iget,8,0,131200,identity,20261005,2,0.018151040,0.036271918,1.998338,0.999169
load,iget,8,0,131200,identity,20261005,4,0.018151040,0.059620704,3.284699,0.821175
load,iget,8,0,131200,identity,20261005,8,0.018151040,0.118525806,6.529973,0.816247
load,iget,8,0,131200,identity,20261005,16,0.018151040,0.232979611,12.835607,0.802225
load,iget,8,0,131200,identity,20261005,32,0.018151040,0.426433408,23.493607,0.734175
load,iget,8,0,131200,identity,20261005,64,0.018151040,0.448761200,24.723718,0.386308
load,iget,16,0,131200,identity,20261005,2,0.036280850,0.072543260,1.999492,0.999746
load,iget,16,0,131200,identity,20261005,4,0.036280850,0.119215066,3.285895,0.821474
load,iget,16,0,131200,identity,20261005,8,0.036280850,0.237009913,6.532645,0.816581
load,iget,16,0,131200,identity,20261005,16,0.036280850,0.466131114,12.847855,0.802991
load,iget,16,0,131200,identity,20261005,32,0.036280850,0.854412741,23.549965,0.735936
load,iget,16,0,131200,identity,20261005,64,0.036280850,0.898706714,24.770829,0.387044
load,iget,32,0,131200,identity,20261005,2,0.072553589,0.144986010,1.998330,0.999165
load,iget,32,0,131200,identity,20261005,4,0.072553589,0.238296656,3.284423,0.821106
load,iget,32,0,131200,identity,20261005,8,0.072553589,0.473866626,6.531264,0.816408
load,iget,32,0,131200,identity,20261005,16,0.072553589,0.932561420,12.853415,0.803338
load,iget,32,0,131200,identity,20261005,32,0.072553589,1.707874419,23.539489,0.735609
load,iget,32,0,131200,identity,20261005,64,0.072553589,1.795565252,24.748124,0.386689
load,iget,64,0,131200,identity,20261005,2,0.145175018,0.290061912,1.998015,0.999008
load,iget,64,0,131200,identity,20261005,4,0.145175018,0.477132582,3.286603,0.821651
load,iget,64,0,131200,identity,20261005,8,0.145175018,0.948275990,6.531950,0.816494
load,iget,64,0,131200,identity,20261005,16,0.145175018,1.864506122,12.843161,0.802698
load,iget,64,0,131200,identity,20261005,32,0.145175018,3.409022624,23.482157,0.733817
load,iget,64,0,131200,identity,20261005,64,0.145175018,3.595337087,24.765536,0.386961
load,iget,96,0,131200,identity,20261005,2,0.217589086,0.434816874,1.998340,0.999170
load,iget,96,0,131200,identity,20261005,4,0.217589086,0.715246428,3.287143,0.821786
load,iget,96,0,131200,identity,20261005,8,0.217589086,1.421309952,6.532083,0.816510
load,iget,96,0,131200,identity,20261005,16,0.217589086,2.797483503,12.856727,0.803545
load,iget,96,0,131200,identity,20261005,32,0.217589086,5.114175806,23.503825,0.734495
load,iget,96,0,131200,identity,20261005,64,0.217589086,5.388397895,24.764100,0.386939
load,iget,124,0,131200,identity,20261005,2,0.280910331,0.566641754,2.017162,1.008581
load,iget,124,0,131200,identity,20261005,4,0.280910331,0.924038967,3.289445,0.822361
load,iget,124,0,131200,identity,20261005,8,0.280910331,1.837873269,6.542562,0.817820
load,iget,124,0,131200,identity,20261005,16,0.280910331,3.613576118,12.863806,0.803988
load,iget,124,0,131200,identity,20261005,32,0.280910331,6.623660724,23.579271,0.736852
load,iget,124,0,131200,identity,20261005,64,0.280910331,6.963839631,24.790258,0.387348
load,iget,128,0,131200,identity,20261005,2,0.290107274,0.580698358,2.001668,1.000834
load,iget,128,0,131200,identity,20261005,4,0.290107274,0.953607374,3.287085,0.821771
load,iget,128,0,131200,identity,20261005,8,0.290107274,1.896218692,6.536267,0.817033
load,iget,128,0,131200,identity,20261005,16,0.290107274,3.729471291,12.855490,0.803468
load,iget,128,0,131200,identity,20261005,32,0.290107274,6.834909568,23.559939,0.736248
load,iget,128,0,131200,identity,20261005,64,0.290107274,7.184195332,24.763927,0.386936
load,iget,132,0,131200,identity,20261005,2,0.290301617,0.580573356,1.999897,0.999949
load,iget,132,0,131200,identity,20261005,4,0.290301617,0.950594644,3.274507,0.818627
load,iget,132,0,131200,identity,20261005,8,0.290301617,1.878874177,6.472145,0.809018
load,iget,132,0,131200,identity,20261005,16,0.290301617,3.656715449,12.596263,0.787266
load,iget,132,0,131200,identity,20261005,32,0.290301617,5.230985017,18.019138,0.563098
load,iget,132,0,131200,identity,20261005,64,0.290301617,5.331908125,18.366788,0.286981
load,iget,192,0,131200,identity,20261005,2,0.422424864,0.843681801,1.997235,0.998618
load,iget,192,0,131200,identity,20261005,4,0.422424864,1.382748342,3.273359,0.818340
load,iget,192,0,131200,identity,20261005,8,0.422424864,2.728728178,6.459677,0.807460
load,iget,192,0,131200,identity,20261005,16,0.422424864,5.321041358,12.596421,0.787276
load,iget,192,0,131200,identity,20261005,32,0.422424864,7.574238073,17.930379,0.560324
load,iget,192,0,131200,identity,20261005,64,0.422424864,7.753300185,18.354270,0.286785
load,iget,252,0,131200,identity,20261005,2,0.555064490,1.106960497,1.994292,0.997146
load,iget,252,0,131200,identity,20261005,4,0.555064490,1.812888993,3.266087,0.816522
load,iget,252,0,131200,identity,20261005,8,0.555064490,3.581654255,6.452681,0.806585
load,iget,252,0,131200,identity,20261005,16,0.555064490,6.977285061,12.570224,0.785639
load,iget,252,0,131200,identity,20261005,32,0.555064490,9.987810017,17.993963,0.562311
load,iget,252,0,131200,identity,20261005,64,0.555064490,10.170994164,18.323986,0.286312
load,iget,256,0,131200,identity,20261005,2,0.569814267,1.123963764,1.972509,0.986254
load,iget,256,0,131200,identity,20261005,4,0.569814267,1.843267869,3.234857,0.808714
load,iget,256,0,131200,identity,20261005,8,0.569814267,3.638029559,6.384588,0.798074
load,iget,256,0,131200,identity,20261005,16,0.569814267,7.081488115,12.427713,0.776732
load,iget,256,0,131200,identity,20261005,32,0.569814267,10.168456015,17.845211,0.557663
load,iget,256,0,131200,identity,20261005,64,0.569814267,10.346521970,18.157710,0.283714
load,iget,260,0,131200,identity,20261005,2,0.563140749,1.111919867,1.974497,0.987249
load,iget,260,0,131200,identity,20261005,4,0.563140749,1.822329529,3.236011,0.809003
load,iget,260,0,131200,identity,20261005,8,0.563140749,3.612716763,6.415300,0.801912
load,iget,260,0,131200,identity,20261005,16,0.563140749,6.705063903,11.906551,0.744159
load,iget,260,0,131200,identity,20261005,32,0.563140749,7.752195120,13.765999,0.430187
load,iget,260,0,131200,identity,20261005,64,0.563140749,8.295836303,14.731373,0.230178
load,iget,384,0,131200,identity,20261005,2,0.830797310,1.641092267,1.975322,0.987661
load,iget,384,0,131200,identity,20261005,4,0.830797310,2.695442386,3.244404,0.811101
load,iget,384,0,131200,identity,20261005,8,0.830797310,5.337514386,6.424569,0.803071
load,iget,384,0,131200,identity,20261005,16,0.830797310,9.893383655,11.908300,0.744269
load,iget,384,0,131200,identity,20261005,32,0.830797310,11.426465099,13.753614,0.429800
load,iget,384,0,131200,identity,20261005,64,0.830797310,12.266972569,14.765301,0.230708
load,iget,512,0,131200,identity,20261005,2,1.078315848,2.126023356,1.971615,0.985807
load,iget,512,0,131200,identity,20261005,4,1.078315848,3.463595882,3.212042,0.803011
load,iget,512,0,131200,identity,20261005,8,1.078315848,6.823499426,6.327923,0.790990
load,iget,512,0,131200,identity,20261005,16,1.078315848,11.493938393,10.659157,0.666197
load,iget,512,0,131200,identity,20261005,32,1.078315848,12.785796778,11.857191,0.370537
load,iget,512,0,131200,identity,20261005,64,1.078315848,13.195604746,12.237235,0.191207
load,iget,768,0,131200,identity,20261005,2,1.551155409,3.086761511,1.989976,0.994988
load,iget,768,0,131200,identity,20261005,4,1.551155409,5.195309474,3.349316,0.837329
load,iget,768,0,131200,identity,20261005,8,1.551155409,9.581075878,6.176735,0.772092
load,iget,768,0,131200,identity,20261005,16,1.551155409,14.746660580,9.506888,0.594180
load,iget,768,0,131200,identity,20261005,32,1.551155409,14.784013895,9.530969,0.297843
load,iget,768,0,131200,identity,20261005,64,1.551155409,15.139989925,9.760460,0.152507
load,iget,1024,0,131200,identity,20261005,2,1.874421108,3.704098925,1.976130,0.988065
load,iget,1024,0,131200,identity,20261005,4,1.874421108,6.271253133,3.345701,0.836425
load,iget,1024,0,131200,identity,20261005,8,1.874421108,10.085155051,5.380411,0.672551
load,iget,1024,0,131200,identity,20261005,16,1.874421108,13.986348286,7.461689,0.466356
load,iget,1024,0,131200,identity,20261005,32,1.874421108,15.779427033,8.418294,0.263072
load,iget,1024,0,131200,identity,20261005,64,1.874421108,17.035997435,9.088671,0.142010
load,iget,1536,0,131200,identity,20261005,2,2.689555908,5.270933171,1.959778,0.979889
load,iget,1536,0,131200,identity,20261005,4,2.689555908,8.485402594,3.154946,0.788736
load,iget,1536,0,131200,identity,20261005,8,2.689555908,12.217978764,4.542750,0.567844
load,iget,1536,0,131200,identity,20261005,16,2.689555908,15.324208396,5.697672,0.356105
load,iget,1536,0,131200,identity,20261005,32,2.689555908,17.951842080,6.674649,0.208583
load,iget,1536,0,131200,identity,20261005,64,2.689555908,18.844613411,7.006589,0.109478
load,iget,2048,0,131200,identity,20261005,2,3.439507989,6.443716590,1.873441,0.936721
load,iget,2048,0,131200,identity,20261005,4,3.439507989,10.643315122,3.094430,0.773607
load,iget,2048,0,131200,identity,20261005,8,3.439507989,14.918564343,4.337412,0.542177
load,iget,2048,0,131200,identity,20261005,16,3.439507989,17.570029716,5.108297,0.319269
load,iget,2048,0,131200,identity,20261005,32,3.439507989,19.351207767,5.626156,0.175817
load,iget,2048,0,131200,identity,20261005,64,3.439507989,19.891754207,5.783314,0.090364
load,iget,3072,0,131200,identity,20261005,2,4.713919412,8.895078896,1.886982,0.943491
load,iget,3072,0,131200,identity,20261005,4,4.713919412,13.884620252,2.945451,0.736363
load,iget,3072,0,131200,identity,20261005,8,4.713919412,17.648161327,3.743840,0.467980
load,iget,3072,0,131200,identity,20261005,16,4.713919412,19.285125750,4.091102,0.255694
load,iget,3072,0,131200,identity,20261005,32,4.713919412,20.147263742,4.273994,0.133562
load,iget,3072,0,131200,identity,20261005,64,4.713919412,20.283359171,4.302865,0.067232
load,iget,4096,0,131200,identity,20261005,2,5.719328426,10.491427049,1.834381,0.917190
load,iget,4096,0,131200,identity,20261005,4,5.719328426,15.823591677,2.766687,0.691672
load,iget,4096,0,131200,identity,20261005,8,5.719328426,20.002282975,3.497313,0.437164
load,iget,4096,0,131200,identity,20261005,16,5.719328426,19.645331266,3.434902,0.214681
load,iget,4096,0,131200,identity,20261005,32,5.719328426,20.694093329,3.618273,0.113071
load,iget,4096,0,131200,identity,20261005,64,5.719328426,19.870818154,3.474327,0.054286
load,iget,6144,0,131200,identity,20261005,2,7.432947410,13.654289134,1.836995,0.918498
load,iget,6144,0,131200,identity,20261005,4,7.432947410,17.154667730,2.307923,0.576981
load,iget,6144,0,131200,identity,20261005,8,7.432947410,19.467503267,2.619083,0.327385
load,iget,6144,0,131200,identity,20261005,16,7.432947410,18.255275244,2.455994,0.153500
load,iget,6144,0,131200,identity,20261005,32,7.432947410,20.385971828,2.742650,0.085708
load,iget,6144,0,131200,identity,20261005,64,7.432947410,18.767924440,2.524964,0.039453
load,iget,8192,0,131200,identity,20261005,2,8.578774027,15.178662417,1.769328,0.884664
load,iget,8192,0,131200,identity,20261005,4,8.578774027,18.434704141,2.148874,0.537218
load,iget,8192,0,131200,identity,20261005,8,8.578774027,20.062935459,2.338672,0.292334
load,iget,8192,0,131200,identity,20261005,16,8.578774027,18.206505320,2.122274,0.132642
load,iget,8192,0,131200,identity,20261005,32,8.578774027,19.996530753,2.330931,0.072842
load,iget,8192,0,131200,identity,20261005,64,8.578774027,20.293214437,2.365515,0.036961
load,iget,12288,0,131200,identity,20261005,2,10.158436222,16.036436956,1.578632,0.789316
load,iget,12288,0,131200,identity,20261005,4,10.158436222,17.099190752,1.683250,0.420813
load,iget,12288,0,131200,identity,20261005,8,10.158436222,20.121275387,1.980745,0.247593
load,iget,12288,0,131200,identity,20261005,16,10.158436222,19.156124244,1.885736,0.117858
load,iget,12288,0,131200,identity,20261005,32,10.158436222,20.880705081,2.055504,0.064234
load,iget,12288,0,131200,identity,20261005,64,10.158436222,20.702484860,2.037960,0.031843
load,iget,16384,0,131200,identity,20261005,2,11.399270152,16.755434471,1.469869,0.734935
load,iget,16384,0,131200,identity,20261005,4,11.399270152,18.509846631,1.623775,0.405944
load,iget,16384,0,131200,identity,20261005,8,11.399270152,20.324337802,1.782951,0.222869
load,iget,16384,0,131200,identity,20261005,16,11.399270152,20.240524550,1.775598,0.110975
load,iget,16384,0,131200,identity,20261005,32,11.399270152,20.945315734,1.837426,0.057420
load,iget,16384,0,131200,identity,20261005,64,11.399270152,20.788658387,1.823683,0.028495
load,iget,24576,0,131200,identity,20261005,2,12.923683692,17.243169667,1.334230,0.667115
load,iget,24576,0,131200,identity,20261005,4,12.923683692,19.186419612,1.484594,0.371148
load,iget,24576,0,131200,identity,20261005,8,12.923683692,20.666734712,1.599137,0.199892
load,iget,24576,0,131200,identity,20261005,16,12.923683692,20.458951788,1.583059,0.098941
load,iget,24576,0,131200,identity,20261005,32,12.923683692,21.115440024,1.633856,0.051058
load,iget,24576,0,131200,identity,20261005,64,12.923683692,20.883411495,1.615902,0.025248
load,iget,32768,0,131200,identity,20261005,2,13.886634580,16.865206505,1.214492,0.607246
load,iget,32768,0,131200,identity,20261005,4,13.886634580,19.441115396,1.399988,0.349997
load,iget,32768,0,131200,identity,20261005,8,13.886634580,20.723196424,1.492312,0.186539
load,iget,32768,0,131200,identity,20261005,16,13.886634580,20.638764502,1.486232,0.092890
load,iget,32768,0,131200,identity,20261005,32,13.886634580,21.393108426,1.540554,0.048142
load,iget,32768,0,131200,identity,20261005,64,13.886634580,20.943192656,1.508155,0.023565
load,iget,49152,0,131200,identity,20261005,2,15.032810871,17.379528350,1.156106,0.578053
load,iget,49152,0,131200,identity,20261005,4,15.032810871,19.604145979,1.304091,0.326023
load,iget,49152,0,131200,identity,20261005,8,15.032810871,20.696549507,1.376758,0.172095
load,iget,49152,0,131200,identity,20261005,16,15.032810871,21.250652133,1.413618,0.088351
load,iget,49152,0,131200,identity,20261005,32,15.032810871,21.455558545,1.427249,0.044602
load,iget,49152,0,131200,identity,20261005,64,15.032810871,20.945333585,1.393308,0.021770
load,iget,65536,0,131200,identity,20261005,2,15.717348657,17.433095349,1.109163,0.554581
load,iget,65536,0,131200,identity,20261005,4,15.717348657,19.676170040,1.251876,0.312969
load,iget,65536,0,131200,identity,20261005,8,15.717348657,20.879659520,1.328447,0.166056
load,iget,65536,0,131200,identity,20261005,16,15.717348657,21.343511798,1.357959,0.084872
load,iget,65536,0,131200,identity,20261005,32,15.717348657,21.470433839,1.366034,0.042689
load,iget,65536,0,131200,identity,20261005,64,15.717348657,20.956822561,1.333356,0.020834
load,iget,98304,0,131200,identity,20261005,2,16.359441751,17.357947184,1.061035,0.530518
load,iget,98304,0,131200,identity,20261005,4,16.359441751,19.743722648,1.206870,0.301718
load,iget,98304,0,131200,identity,20261005,8,16.359441751,20.941838434,1.280107,0.160013
load,iget,98304,0,131200,identity,20261005,16,16.359441751,21.268231107,1.300058,0.081254
load,iget,98304,0,131200,identity,20261005,32,16.359441751,21.463477353,1.311993,0.041000
load,iget,98304,0,131200,identity,20261005,64,16.359441751,20.983485063,1.282653,0.020041
load,iget,131072,0,131200,identity,20261005,2,16.703723891,16.929688294,1.013528,0.506764
load,iget,131072,0,131200,identity,20261005,4,16.703723891,19.555249076,1.170712,0.292678
load,iget,131072,0,131200,identity,20261005,8,16.703723891,20.927254671,1.252850,0.156606
load,iget,131072,0,131200,identity,20261005,16,16.703723891,21.109003998,1.263730,0.078983
load,iget,131072,0,131200,identity,20261005,32,16.703723891,21.372914774,1.279530,0.039985
load,iget,131072,0,131200,identity,20261005,64,16.703723891,20.863501412,1.249033,0.019516
load,iget,8,4,131200,identity,20261005,2,0.018128286,0.036229546,1.998509,0.999255
load,iget,8,4,131200,identity,20261005,4,0.018128286,0.059523201,3.283443,0.820861
load,iget,8,4,131200,identity,20261005,8,0.018128286,0.118306662,6.526081,0.815760
load,iget,8,4,131200,identity,20261005,16,0.018128286,0.232742761,12.838652,0.802416
load,iget,8,4,131200,identity,20261005,32,0.018128286,0.427587976,23.586785,0.737087
load,iget,8,4,131200,identity,20261005,64,0.018128286,0.449047296,24.770532,0.387040
load,iget,16,4,131200,identity,20261005,2,0.036267848,0.072508166,1.999241,0.999620
load,iget,16,4,131200,identity,20261005,4,0.036267848,0.119089442,3.283609,0.820902
load,iget,16,4,131200,identity,20261005,8,0.036267848,0.236654839,6.525197,0.815650
load,iget,16,4,131200,identity,20261005,16,0.036267848,0.465443036,12.833489,0.802093
load,iget,16,4,131200,identity,20261005,32,0.036267848,0.853848061,23.542838,0.735714
load,iget,16,4,131200,identity,20261005,64,0.036267848,0.897057328,24.734231,0.386472
load,iget,32,4,131200,identity,20261005,2,0.072407724,0.145133306,2.004390,1.002195
load,iget,32,4,131200,identity,20261005,4,0.072407724,0.238183006,3.289470,0.822367
load,iget,32,4,131200,identity,20261005,8,0.072407724,0.473214751,6.535418,0.816927
load,iget,32,4,131200,identity,20261005,16,0.072407724,0.930284954,12.847869,0.802992
load,iget,32,4,131200,identity,20261005,32,0.072407724,1.704142548,23.535370,0.735480
load,iget,32,4,131200,identity,20261005,64,0.072407724,1.795333081,24.794773,0.387418
load,iget,64,4,131200,identity,20261005,2,0.144958754,0.290145481,2.001573,1.000786
load,iget,64,4,131200,identity,20261005,4,0.144958754,0.476110239,3.284453,0.821113
load,iget,64,4,131200,identity,20261005,8,0.144958754,0.945480492,6.522410,0.815301
load,iget,64,4,131200,identity,20261005,16,0.144958754,1.862634354,12.849409,0.803088
load,iget,64,4,131200,identity,20261005,32,0.144958754,3.421932078,23.606246,0.737695
load,iget,64,4,131200,identity,20261005,64,0.144958754,3.586577270,24.742054,0.386595
load,iget,96,4,131200,identity,20261005,2,0.217719362,0.435209145,1.998946,0.999473
load,iget,96,4,131200,identity,20261005,4,0.217719362,0.713835584,3.278696,0.819674
load,iget,96,4,131200,identity,20261005,8,0.217719362,1.420704436,6.525393,0.815674
load,iget,96,4,131200,identity,20261005,16,0.217719362,2.790592723,12.817384,0.801087
load,iget,96,4,131200,identity,20261005,32,0.217719362,5.130403603,23.564297,0.736384
load,iget,96,4,131200,identity,20261005,64,0.217719362,5.388212181,24.748429,0.386694
load,iget,124,4,131200,identity,20261005,2,0.280955457,0.562301536,2.001390,1.000695
load,iget,124,4,131200,identity,20261005,4,0.280955457,0.922797050,3.284496,0.821124
load,iget,124,4,131200,identity,20261005,8,0.280955457,1.834076701,6.527998,0.816000
load,iget,124,4,131200,identity,20261005,16,0.280955457,3.608654514,12.844223,0.802764
load,iget,124,4,131200,identity,20261005,32,0.280955457,6.615056556,23.544859,0.735777
load,iget,124,4,131200,identity,20261005,64,0.280955457,6.948616226,24.732092,0.386439
load,iget,128,4,131200,identity,20261005,2,0.282032192,0.563037676,1.996360,0.998180
load,iget,128,4,131200,identity,20261005,4,0.282032192,0.912596270,3.235788,0.808947
load,iget,128,4,131200,identity,20261005,8,0.282032192,1.804132521,6.396903,0.799613
load,iget,128,4,131200,identity,20261005,16,0.282032192,3.537439688,12.542681,0.783918
load,iget,128,4,131200,identity,20261005,32,0.282032192,5.057082310,17.930869,0.560340
load,iget,128,4,131200,identity,20261005,64,0.282032192,5.165493470,18.315262,0.286176
load,iget,132,4,131200,identity,20261005,2,0.290436136,0.580027033,1.997090,0.998545
load,iget,132,4,131200,identity,20261005,4,0.290436136,0.941259187,3.240847,0.810212
load,iget,132,4,131200,identity,20261005,8,0.290436136,1.859505879,6.402460,0.800308
load,iget,132,4,131200,identity,20261005,16,0.290436136,3.650855799,12.570253,0.785641
load,iget,132,4,131200,identity,20261005,32,0.290436136,5.230605431,18.009486,0.562796
load,iget,132,4,131200,identity,20261005,64,0.290436136,5.323355403,18.328833,0.286388
load,iget,192,4,131200,identity,20261005,2,0.422428117,0.844431524,1.998995,0.999497
load,iget,192,4,131200,identity,20261005,4,0.422428117,1.368289081,3.239105,0.809776
load,iget,192,4,131200,identity,20261005,8,0.422428117,2.703853096,6.400741,0.800093
load,iget,192,4,131200,identity,20261005,16,0.422428117,5.303184362,12.554052,0.784628
load,iget,192,4,131200,identity,20261005,32,0.422428117,7.619674088,18.037800,0.563681
load,iget,192,4,131200,identity,20261005,64,0.422428117,7.747852301,18.341232,0.286582
load,iget,252,4,131200,identity,20261005,2,0.554219856,1.105149492,1.994063,0.997032
load,iget,252,4,131200,identity,20261005,4,0.554219856,1.795528493,3.239740,0.809935
load,iget,252,4,131200,identity,20261005,8,0.554219856,3.553305755,6.411365,0.801421
load,iget,252,4,131200,identity,20261005,16,0.554219856,6.969922847,12.576097,0.786006
load,iget,252,4,131200,identity,20261005,32,0.554219856,9.953778622,17.959982,0.561249
load,iget,252,4,131200,identity,20261005,64,0.554219856,10.169773677,18.349710,0.286714
load,iget,256,4,131200,identity,20261005,2,0.548085160,1.096062140,1.999803,0.999901
load,iget,256,4,131200,identity,20261005,4,0.548085160,1.778098206,3.244201,0.811050
load,iget,256,4,131200,identity,20261005,8,0.548085160,3.541582904,6.461738,0.807717
load,iget,256,4,131200,identity,20261005,16,0.548085160,6.583562054,12.011933,0.750746
load,iget,256,4,131200,identity,20261005,32,0.548085160,7.617897708,13.899113,0.434347
load,iget,256,4,131200,identity,20261005,64,0.548085160,8.181357690,14.927165,0.233237
load,iget,260,4,131200,identity,20261005,2,0.556702267,1.113242685,1.999709,0.999855
load,iget,260,4,131200,identity,20261005,4,0.556702267,1.809770498,3.250877,0.812719
load,iget,260,4,131200,identity,20261005,8,0.556702267,3.595260133,6.458138,0.807267
load,iget,260,4,131200,identity,20261005,16,0.556702267,6.701247898,12.037400,0.752338
load,iget,260,4,131200,identity,20261005,32,0.556702267,7.760115432,13.939436,0.435607
load,iget,260,4,131200,identity,20261005,64,0.556702267,8.291943380,14.894754,0.232731
load,iget,384,4,131200,identity,20261005,2,0.800473614,1.597013585,1.995086,0.997543
load,iget,384,4,131200,identity,20261005,4,0.800473614,2.593397777,3.239829,0.809957
load,iget,384,4,131200,identity,20261005,8,0.800473614,5.117206858,6.392724,0.799090
load,iget,384,4,131200,identity,20261005,16,0.800473614,8.700710841,10.869454,0.679341
load,iget,384,4,131200,identity,20261005,32,0.800473614,9.595671453,11.987493,0.374609
load,iget,384,4,131200,identity,20261005,64,0.800473614,9.904153458,12.372867,0.193326
load,iget,512,4,131200,identity,20261005,2,1.038069790,2.070665505,1.994727,0.997363
load,iget,512,4,131200,identity,20261005,4,1.038069790,3.462444648,3.335464,0.833866
load,iget,512,4,131200,identity,20261005,8,1.038069790,6.723969243,6.477377,0.809672
load,iget,512,4,131200,identity,20261005,16,1.038069790,10.985132524,10.582268,0.661392
load,iget,512,4,131200,identity,20261005,32,1.038069790,10.583233443,10.195108,0.318597
load,iget,512,4,131200,identity,20261005,64,1.038069790,11.482904164,11.061784,0.172840
load,iget,768,4,131200,identity,20261005,2,1.507887548,3.006043792,1.993546,0.996773
load,iget,768,4,131200,identity,20261005,4,1.507887548,5.005777338,3.319729,0.829932
load,iget,768,4,131200,identity,20261005,8,1.507887548,8.851129448,5.869887,0.733736
load,iget,768,4,131200,identity,20261005,16,1.507887548,12.377121463,8.208252,0.513016
load,iget,768,4,131200,identity,20261005,32,1.507887548,13.768271630,9.130834,0.285339
load,iget,768,4,131200,identity,20261005,64,1.507887548,14.572599635,9.664248,0.151004
load,iget,1024,4,131200,identity,20261005,2,1.839599169,3.623989822,1.969989,0.984994
load,iget,1024,4,131200,identity,20261005,4,1.839599169,6.214714125,3.378298,0.844574
load,iget,1024,4,131200,identity,20261005,8,1.839599169,9.562430109,5.198105,0.649763
load,iget,1024,4,131200,identity,20261005,16,1.839599169,12.688106759,6.897213,0.431076
load,iget,1024,4,131200,identity,20261005,32,1.839599169,14.285577269,7.765592,0.242675
load,iget,1024,4,131200,identity,20261005,64,1.839599169,15.769877599,8.572453,0.133945
load,iget,1536,4,131200,identity,20261005,2,2.658543340,5.089184985,1.914276,0.957138
load,iget,1536,4,131200,identity,20261005,4,2.658543340,8.321809127,3.130214,0.782553
load,iget,1536,4,131200,identity,20261005,8,2.658543340,12.485660491,4.696429,0.587054
load,iget,1536,4,131200,identity,20261005,16,2.658543340,15.091586698,5.676637,0.354790
load,iget,1536,4,131200,identity,20261005,32,2.658543340,16.916491686,6.363068,0.198846
load,iget,1536,4,131200,identity,20261005,64,2.658543340,17.882838158,6.726555,0.105102
load,iget,2048,4,131200,identity,20261005,2,3.346968526,6.437893036,1.923500,0.961750
load,iget,2048,4,131200,identity,20261005,4,3.346968526,10.249288418,3.062260,0.765565
load,iget,2048,4,131200,identity,20261005,8,3.346968526,14.789593124,4.418803,0.552350
load,iget,2048,4,131200,identity,20261005,16,3.346968526,17.005614738,5.080901,0.317556
load,iget,2048,4,131200,identity,20261005,32,3.346968526,18.243774983,5.450836,0.170339
load,iget,2048,4,131200,identity,20261005,64,3.346968526,18.878786844,5.640563,0.088134
load,iget,3072,4,131200,identity,20261005,2,4.612377146,8.660510525,1.877667,0.938834
load,iget,3072,4,131200,identity,20261005,4,4.612377146,13.463261992,2.918942,0.729736
load,iget,3072,4,131200,identity,20261005,8,4.612377146,16.894472106,3.662856,0.457857
load,iget,3072,4,131200,identity,20261005,16,4.612377146,18.432854824,3.996389,0.249774
load,iget,3072,4,131200,identity,20261005,32,4.612377146,19.492857338,4.226206,0.132069
load,iget,3072,4,131200,identity,20261005,64,4.612377146,19.532646308,4.234833,0.066169
load,iget,4096,4,131200,identity,20261005,2,5.668380374,10.360309089,1.827737,0.913869
load,iget,4096,4,131200,identity,20261005,4,5.668380374,15.516003720,2.737290,0.684323
load,iget,4096,4,131200,identity,20261005,8,5.668380374,19.384176175,3.419703,0.427463
load,iget,4096,4,131200,identity,20261005,16,5.668380374,18.657043592,3.291424,0.205714
load,iget,4096,4,131200,identity,20261005,32,5.668380374,20.068898031,3.540500,0.110641
load,iget,4096,4,131200,identity,20261005,64,5.668380374,19.137885507,3.376253,0.052754
load,iget,6144,4,131200,identity,20261005,2,7.360807772,13.580256464,1.844941,0.922471
load,iget,6144,4,131200,identity,20261005,4,7.360807772,16.907117486,2.296911,0.574228
load,iget,6144,4,131200,identity,20261005,8,7.360807772,19.084879411,2.592770,0.324096
load,iget,6144,4,131200,identity,20261005,16,7.360807772,17.634605042,2.395743,0.149734
load,iget,6144,4,131200,identity,20261005,32,7.360807772,19.847122804,2.696324,0.084260
load,iget,6144,4,131200,identity,20261005,64,7.360807772,18.072382185,2.455217,0.038363
load,iget,8192,4,131200,identity,20261005,2,8.547267159,15.024920790,1.757863,0.878931
load,iget,8192,4,131200,identity,20261005,4,8.547267159,18.114786316,2.119366,0.529841
load,iget,8192,4,131200,identity,20261005,8,8.547267159,19.689266742,2.303575,0.287947
load,iget,8192,4,131200,identity,20261005,16,8.547267159,17.138115649,2.005099,0.125319
load,iget,8192,4,131200,identity,20261005,32,8.547267159,19.444871988,2.274981,0.071093
load,iget,8192,4,131200,identity,20261005,64,8.547267159,19.979980691,2.337587,0.036525
load,iget,12288,4,131200,identity,20261005,2,10.144665506,16.009891528,1.578159,0.789079
load,iget,12288,4,131200,identity,20261005,4,10.144665506,17.117651115,1.687355,0.421839
load,iget,12288,4,131200,identity,20261005,8,10.144665506,19.932075548,1.964784,0.245598
load,iget,12288,4,131200,identity,20261005,16,10.144665506,19.940424574,1.965607,0.122850
load,iget,12288,4,131200,identity,20261005,32,10.144665506,20.477893550,2.018587,0.063081
load,iget,12288,4,131200,identity,20261005,64,10.144665506,20.594125241,2.030045,0.031719
load,iget,16384,4,131200,identity,20261005,2,11.331241001,16.722027423,1.475745,0.737873
load,iget,16384,4,131200,identity,20261005,4,11.331241001,18.285096960,1.613689,0.403422
load,iget,16384,4,131200,identity,20261005,8,11.331241001,20.092802282,1.773222,0.221653
load,iget,16384,4,131200,identity,20261005,16,11.331241001,19.863127304,1.752953,0.109560
load,iget,16384,4,131200,identity,20261005,32,11.331241001,20.778637724,1.833748,0.057305
load,iget,16384,4,131200,identity,20261005,64,11.331241001,20.673239472,1.824446,0.028507
load,iget,24576,4,131200,identity,20261005,2,12.924179828,17.009183893,1.316075,0.658037
load,iget,24576,4,131200,identity,20261005,4,12.924179828,19.194354161,1.485151,0.371288
load,iget,24576,4,131200,identity,20261005,8,12.924179828,20.497018931,1.585943,0.198243
load,iget,24576,4,131200,identity,20261005,16,12.924179828,20.262561607,1.567803,0.097988
load,iget,24576,4,131200,identity,20261005,32,12.924179828,21.001359291,1.624967,0.050780
load,iget,24576,4,131200,identity,20261005,64,12.924179828,20.802392389,1.609572,0.025150
load,iget,32768,4,131200,identity,20261005,2,13.826358690,17.126278604,1.238669,0.619334
load,iget,32768,4,131200,identity,20261005,4,13.826358690,19.421782915,1.404693,0.351173
load,iget,32768,4,131200,identity,20261005,8,13.826358690,20.606156363,1.490353,0.186294
load,iget,32768,4,131200,identity,20261005,16,13.826358690,20.754066364,1.501051,0.093816
load,iget,32768,4,131200,identity,20261005,32,13.826358690,21.176989743,1.531639,0.047864
load,iget,32768,4,131200,identity,20261005,64,13.826358690,20.872143342,1.509591,0.023587
load,iget,49152,4,131200,identity,20261005,2,15.024750856,17.282831076,1.150291,0.575145
load,iget,49152,4,131200,identity,20261005,4,15.024750856,19.506884827,1.298317,0.324579
load,iget,49152,4,131200,identity,20261005,8,15.024750856,20.671664008,1.375841,0.171980
load,iget,49152,4,131200,identity,20261005,16,15.024750856,21.235393262,1.413361,0.088335
load,iget,49152,4,131200,identity,20261005,32,15.024750856,21.376352779,1.422743,0.044461
load,iget,49152,4,131200,identity,20261005,64,15.024750856,20.889125629,1.390314,0.021724
load,iget,65536,4,131200,identity,20261005,2,15.616600263,17.431780762,1.116234,0.558117
load,iget,65536,4,131200,identity,20261005,4,15.616600263,19.556632088,1.252298,0.313074
load,iget,65536,4,131200,identity,20261005,8,15.616600263,20.838661033,1.334392,0.166799
load,iget,65536,4,131200,identity,20261005,16,15.616600263,21.195921646,1.357269,0.084829
load,iget,65536,4,131200,identity,20261005,32,15.616600263,21.402524684,1.370498,0.042828
load,iget,65536,4,131200,identity,20261005,64,15.616600263,20.926325728,1.340005,0.020938
load,iget,98304,4,131200,identity,20261005,2,16.312702614,17.310103521,1.061143,0.530571
load,iget,98304,4,131200,identity,20261005,4,16.312702614,19.634932939,1.203659,0.300915
load,iget,98304,4,131200,identity,20261005,8,16.312702614,20.900616748,1.281248,0.160156
load,iget,98304,4,131200,identity,20261005,16,16.312702614,21.343709906,1.308410,0.081776
load,iget,98304,4,131200,identity,20261005,32,16.312702614,21.461207233,1.315613,0.041113
load,iget,98304,4,131200,identity,20261005,64,16.312702614,20.932854366,1.283224,0.020050
load,iget,131072,4,131200,identity,20261005,2,16.703828199,16.913589869,1.012558,0.506279
load,iget,131072,4,131200,identity,20261005,4,16.703828199,19.559165199,1.170939,0.292735
load,iget,131072,4,131200,identity,20261005,8,16.703828199,20.900897539,1.251264,0.156408
load,iget,131072,4,131200,identity,20261005,16,16.703828199,21.130929407,1.265035,0.079065
load,iget,131072,4,131200,identity,20261005,32,16.703828199,21.353707047,1.278372,0.039949
load,iget,131072,4,131200,identity,20261005,64,16.703828199,20.809820928,1.245811,0.019466
load,iput,8,0,131200,identity,20261005,2,0.034184353,0.068337840,1.999097,0.999549
load,iput,8,0,131200,identity,20261005,4,0.034184353,0.085515995,2.501612,0.625403
load,iput,8,0,131200,identity,20261005,8,0.034184353,0.160698395,4.700934,0.587617
load,iput,8,0,131200,identity,20261005,16,0.034184353,0.165444061,4.839760,0.302485
load,iput,8,0,131200,identity,20261005,32,0.034184353,0.275824262,8.068728,0.252148
load,iput,8,0,131200,identity,20261005,64,0.034184353,0.267374080,7.821534,0.122211
load,iput,16,0,131200,identity,20261005,2,0.068369348,0.136658928,1.998833,0.999417
load,iput,16,0,131200,identity,20261005,4,0.068369348,0.171269535,2.505063,0.626266
load,iput,16,0,131200,identity,20261005,8,0.068369348,0.321231683,4.698475,0.587309
load,iput,16,0,131200,identity,20261005,16,0.068369348,0.330855835,4.839242,0.302453
load,iput,16,0,131200,identity,20261005,32,0.068369348,0.548562926,8.023521,0.250735
load,iput,16,0,131200,identity,20261005,64,0.068369348,0.535016014,7.825378,0.122272
load,iput,32,0,131200,identity,20261005,2,0.136737762,0.273284478,1.998603,0.999301
load,iput,32,0,131200,identity,20261005,4,0.136737762,0.341593126,2.498162,0.624541
load,iput,32,0,131200,identity,20261005,8,0.136737762,0.642331986,4.697546,0.587193
load,iput,32,0,131200,identity,20261005,16,0.136737762,0.662602446,4.845790,0.302862
load,iput,32,0,131200,identity,20261005,32,0.136737762,1.104656494,8.078650,0.252458
load,iput,32,0,131200,identity,20261005,64,0.136737762,1.070341338,7.827694,0.122308
load,iput,64,0,131200,identity,20261005,2,0.273468512,0.546611903,1.998811,0.999406
load,iput,64,0,131200,identity,20261005,4,0.273468512,0.684854182,2.504326,0.626081
load,iput,64,0,131200,identity,20261005,8,0.273468512,1.286061530,4.702777,0.587847
load,iput,64,0,131200,identity,20261005,16,0.273468512,1.339634324,4.898679,0.306167
load,iput,64,0,131200,identity,20261005,32,0.273468512,2.201207332,8.049217,0.251538
load,iput,64,0,131200,identity,20261005,64,0.273468512,2.135487284,7.808896,0.122014
load,iput,96,0,131200,identity,20261005,2,0.408439900,0.816707800,1.999579,0.999789
load,iput,96,0,131200,identity,20261005,4,0.408439900,1.023754845,2.506501,0.626625
load,iput,96,0,131200,identity,20261005,8,0.408439900,1.924325402,4.711404,0.588926
load,iput,96,0,131200,identity,20261005,16,0.408439900,1.991921048,4.876901,0.304806
load,iput,96,0,131200,identity,20261005,32,0.408439900,3.295125820,8.067590,0.252112
load,iput,96,0,131200,identity,20261005,64,0.408439900,3.206574647,7.850787,0.122669
load,iput,124,0,131200,identity,20261005,2,0.337528945,0.676311007,2.003713,1.001856
load,iput,124,0,131200,identity,20261005,4,0.337528945,0.630758934,1.868755,0.467189
load,iput,124,0,131200,identity,20261005,8,0.337528945,1.235201089,3.659541,0.457443
load,iput,124,0,131200,identity,20261005,16,0.337528945,1.364194568,4.041711,0.252607
load,iput,124,0,131200,identity,20261005,32,0.337528945,2.240998238,6.639425,0.207482
load,iput,124,0,131200,identity,20261005,64,0.337528945,2.219605956,6.576046,0.102751
load,iput,128,0,131200,identity,20261005,2,0.533310890,1.066216190,1.999239,0.999620
load,iput,128,0,131200,identity,20261005,4,0.533310890,2.125072998,3.984680,0.996170
load,iput,128,0,131200,identity,20261005,8,0.533310890,4.250809377,7.970603,0.996325
load,iput,128,0,131200,identity,20261005,16,0.533310890,8.497794847,15.934036,0.995877
load,iput,128,0,131200,identity,20261005,32,0.533310890,16.164026990,30.308826,0.947151
load,iput,128,0,131200,identity,20261005,64,0.533310890,18.882171745,35.405562,0.553212
load,iput,132,0,131200,identity,20261005,2,0.536482213,1.069621848,1.993769,0.996885
load,iput,132,0,131200,identity,20261005,4,0.536482213,1.538720682,2.868167,0.717042
load,iput,132,0,131200,identity,20261005,8,0.536482213,2.143776339,3.995988,0.499498
load,iput,132,0,131200,identity,20261005,16,0.536482213,2.794452905,5.208845,0.325553
load,iput,132,0,131200,identity,20261005,32,0.536482213,3.736027377,6.963935,0.217623
load,iput,132,0,131200,identity,20261005,64,0.536482213,3.088632341,5.757194,0.089956
load,iput,192,0,131200,identity,20261005,2,0.780393269,1.555175941,1.992811,0.996405
load,iput,192,0,131200,identity,20261005,4,0.780393269,2.276858256,2.917578,0.729395
load,iput,192,0,131200,identity,20261005,8,0.780393269,3.130869744,4.011913,0.501489
load,iput,192,0,131200,identity,20261005,16,0.780393269,4.104297796,5.259269,0.328704
load,iput,192,0,131200,identity,20261005,32,0.780393269,5.396100474,6.914591,0.216081
load,iput,192,0,131200,identity,20261005,64,0.780393269,4.518274468,5.789740,0.090465
load,iput,252,0,131200,identity,20261005,2,0.680134775,1.317526845,1.937156,0.968578
load,iput,252,0,131200,identity,20261005,4,0.680134775,1.293866304,1.902368,0.475592
load,iput,252,0,131200,identity,20261005,8,0.680134775,2.328985086,3.424299,0.428037
load,iput,252,0,131200,identity,20261005,16,0.680134775,2.888993851,4.247678,0.265480
load,iput,252,0,131200,identity,20261005,32,0.680134775,4.235221603,6.227033,0.194595
load,iput,252,0,131200,identity,20261005,64,0.680134775,3.763649442,5.533682,0.086464
load,iput,256,0,131200,identity,20261005,2,1.040463884,2.073966895,1.993310,0.996655
load,iput,256,0,131200,identity,20261005,4,1.040463884,4.145564368,3.984342,0.996086
load,iput,256,0,131200,identity,20261005,8,1.040463884,8.258913719,7.937723,0.992215
load,iput,256,0,131200,identity,20261005,16,1.040463884,16.421269714,15.782643,0.986415
load,iput,256,0,131200,identity,20261005,32,1.040463884,18.856029199,18.122714,0.566335
load,iput,256,0,131200,identity,20261005,64,1.040463884,18.549829911,17.828423,0.278569
load,iput,260,0,131200,identity,20261005,2,1.049327684,2.055429397,1.958806,0.979403
load,iput,260,0,131200,identity,20261005,4,1.049327684,3.976945950,3.789994,0.947499
load,iput,260,0,131200,identity,20261005,8,1.049327684,3.786452111,3.608455,0.451057
load,iput,260,0,131200,identity,20261005,16,1.049327684,4.482181443,4.271479,0.266967
load,iput,260,0,131200,identity,20261005,32,1.049327684,5.032334260,4.795770,0.149868
load,iput,260,0,131200,identity,20261005,64,1.049327684,4.730773903,4.508386,0.070444
load,iput,384,0,131200,identity,20261005,2,1.520533739,3.036128746,1.996752,0.998376
load,iput,384,0,131200,identity,20261005,4,1.520533739,6.065905111,3.989326,0.997332
load,iput,384,0,131200,identity,20261005,8,1.520533739,11.943199821,7.854610,0.981826
load,iput,384,0,131200,identity,20261005,16,1.520533739,19.785094713,13.011941,0.813246
load,iput,384,0,131200,identity,20261005,32,1.520533739,18.990836705,12.489586,0.390300
load,iput,384,0,131200,identity,20261005,64,1.520533739,16.960659014,11.154411,0.174288
load,iput,512,0,131200,identity,20261005,2,1.977787744,3.954952168,1.999685,0.999842
load,iput,512,0,131200,identity,20261005,4,1.977787744,7.828087852,3.958002,0.989501
load,iput,512,0,131200,identity,20261005,8,1.977787744,15.391604736,7.782233,0.972779
load,iput,512,0,131200,identity,20261005,16,1.977787744,19.406707206,9.812331,0.613271
load,iput,512,0,131200,identity,20261005,32,1.977787744,18.792923978,9.501992,0.296937
load,iput,512,0,131200,identity,20261005,64,1.977787744,15.605194671,7.890227,0.123285
load,iput,768,0,131200,identity,20261005,2,2.834002719,5.665517580,1.999122,0.999561
load,iput,768,0,131200,identity,20261005,4,2.834002719,11.128285733,3.926703,0.981676
load,iput,768,0,131200,identity,20261005,8,2.834002719,16.279537464,5.744362,0.718045
load,iput,768,0,131200,identity,20261005,16,2.834002719,19.859438874,7.007558,0.437972
load,iput,768,0,131200,identity,20261005,32,2.834002719,19.039011769,6.718064,0.209940
load,iput,768,0,131200,identity,20261005,64,2.834002719,14.288028599,5.041643,0.078776
load,iput,1024,0,131200,identity,20261005,2,3.494045791,6.939785165,1.986175,0.993087
load,iput,1024,0,131200,identity,20261005,4,3.494045791,13.267857837,3.797276,0.949319
load,iput,1024,0,131200,identity,20261005,8,3.494045791,17.343989838,4.963870,0.620484
load,iput,1024,0,131200,identity,20261005,16,3.494045791,19.551475967,5.595655,0.349728
load,iput,1024,0,131200,identity,20261005,32,3.494045791,18.482618115,5.289747,0.165305
load,iput,1024,0,131200,identity,20261005,64,3.494045791,13.843663518,3.962073,0.061907
load,iput,1536,0,131200,identity,20261005,2,4.787388224,9.514400131,1.987388,0.993694
load,iput,1536,0,131200,identity,20261005,4,4.787388224,16.890164448,3.528054,0.882014
load,iput,1536,0,131200,identity,20261005,8,4.787388224,19.264898627,4.024094,0.503012
load,iput,1536,0,131200,identity,20261005,16,4.787388224,18.959788369,3.960362,0.247523
load,iput,1536,0,131200,identity,20261005,32,4.787388224,17.480169794,3.651296,0.114103
load,iput,1536,0,131200,identity,20261005,64,4.787388224,14.291124381,2.985161,0.046643
load,iput,2048,0,131200,identity,20261005,2,5.865925788,11.705365435,1.995485,0.997742
load,iput,2048,0,131200,identity,20261005,4,5.865925788,19.981706202,3.406403,0.851601
load,iput,2048,0,131200,identity,20261005,8,5.865925788,19.434888852,3.313184,0.414148
load,iput,2048,0,131200,identity,20261005,16,5.865925788,18.190659967,3.101072,0.193817
load,iput,2048,0,131200,identity,20261005,32,5.865925788,16.837047053,2.870314,0.089697
load,iput,2048,0,131200,identity,20261005,64,5.865925788,14.559849265,2.482106,0.038783
load,iput,3072,0,131200,identity,20261005,2,7.592909330,15.051924731,1.982366,0.991183
load,iput,3072,0,131200,identity,20261005,4,7.592909330,19.893441867,2.620003,0.655001
load,iput,3072,0,131200,identity,20261005,8,7.592909330,19.486080012,2.566352,0.320794
load,iput,3072,0,131200,identity,20261005,16,7.592909330,17.080609901,2.249547,0.140597
load,iput,3072,0,131200,identity,20261005,32,7.592909330,16.502532188,2.173414,0.067919
load,iput,3072,0,131200,identity,20261005,64,7.592909330,14.737901657,1.941009,0.030328
load,iput,4096,0,131200,identity,20261005,2,8.911767841,17.637041231,1.979073,0.989537
load,iput,4096,0,131200,identity,20261005,4,8.911767841,20.336020972,2.281929,0.570482
load,iput,4096,0,131200,identity,20261005,8,8.911767841,19.569831595,2.195954,0.274494
load,iput,4096,0,131200,identity,20261005,16,8.911767841,17.422391985,1.954987,0.122187
load,iput,4096,0,131200,identity,20261005,32,8.911767841,16.935018945,1.900298,0.059384
load,iput,4096,0,131200,identity,20261005,64,8.911767841,15.105215144,1.694974,0.026484
load,iput,6144,0,131200,identity,20261005,2,10.803549135,18.357066455,1.699170,0.849585
load,iput,6144,0,131200,identity,20261005,4,10.803549135,20.286751784,1.877786,0.469446
load,iput,6144,0,131200,identity,20261005,8,10.803549135,19.264422939,1.783157,0.222895
load,iput,6144,0,131200,identity,20261005,16,10.803549135,18.947392768,1.753812,0.109613
load,iput,6144,0,131200,identity,20261005,32,10.803549135,17.707948014,1.639086,0.051221
load,iput,6144,0,131200,identity,20261005,64,10.803549135,15.307141928,1.416862,0.022138
load,iput,8192,0,131200,identity,20261005,2,12.093065825,18.477167436,1.527914,0.763957
load,iput,8192,0,131200,identity,20261005,4,12.093065825,20.162181020,1.667251,0.416813
load,iput,8192,0,131200,identity,20261005,8,12.093065825,19.337486888,1.599056,0.199882
load,iput,8192,0,131200,identity,20261005,16,12.093065825,19.209484683,1.588471,0.099279
load,iput,8192,0,131200,identity,20261005,32,12.093065825,17.647342356,1.459294,0.045603
load,iput,8192,0,131200,identity,20261005,64,12.093065825,15.065406423,1.245789,0.019465
load,iput,12288,0,131200,identity,20261005,2,13.708731842,18.550486596,1.353188,0.676594
load,iput,12288,0,131200,identity,20261005,4,13.708731842,20.066766745,1.463795,0.365949
load,iput,12288,0,131200,identity,20261005,8,13.708731842,19.644589285,1.432998,0.179125
load,iput,12288,0,131200,identity,20261005,16,13.708731842,19.829671465,1.446499,0.090406
load,iput,12288,0,131200,identity,20261005,32,13.708731842,18.128203599,1.322384,0.041324
load,iput,12288,0,131200,identity,20261005,64,13.708731842,15.344646662,1.119334,0.017490
load,iput,16384,0,131200,identity,20261005,2,14.684372042,18.593608674,1.266217,0.633109
load,iput,16384,0,131200,identity,20261005,4,14.684372042,20.238241556,1.378216,0.344554
load,iput,16384,0,131200,identity,20261005,8,14.684372042,19.748217459,1.344846,0.168106
load,iput,16384,0,131200,identity,20261005,16,14.684372042,20.122137222,1.370310,0.085644
load,iput,16384,0,131200,identity,20261005,32,14.684372042,18.363638701,1.250557,0.039080
load,iput,16384,0,131200,identity,20261005,64,14.684372042,15.421759780,1.050216,0.016410
load,iput,24576,0,131200,identity,20261005,2,15.837766009,18.678703648,1.179377,0.589689
load,iput,24576,0,131200,identity,20261005,4,15.837766009,20.593590815,1.300284,0.325071
load,iput,24576,0,131200,identity,20261005,8,15.837766009,20.093509713,1.268709,0.158589
load,iput,24576,0,131200,identity,20261005,16,15.837766009,20.362551560,1.285696,0.080356
load,iput,24576,0,131200,identity,20261005,32,15.837766009,18.562535520,1.172043,0.036626
load,iput,24576,0,131200,identity,20261005,64,15.837766009,15.488730866,0.977962,0.015281
load,iput,32768,0,131200,identity,20261005,2,16.474295614,18.694116043,1.134744,0.567372
load,iput,32768,0,131200,identity,20261005,4,16.474295614,20.828079516,1.264277,0.316069
load,iput,32768,0,131200,identity,20261005,8,16.474295614,20.242110917,1.228709,0.153589
load,iput,32768,0,131200,identity,20261005,16,16.474295614,20.440334573,1.240741,0.077546
load,iput,32768,0,131200,identity,20261005,32,16.474295614,18.675199869,1.133596,0.035425
load,iput,32768,0,131200,identity,20261005,64,16.474295614,15.556743545,0.944304,0.014755
load,iput,49152,0,131200,identity,20261005,2,17.164989874,18.719023467,1.090535,0.545268
load,iput,49152,0,131200,identity,20261005,4,17.164989874,20.986495964,1.222634,0.305658
load,iput,49152,0,131200,identity,20261005,8,17.164989874,20.371161763,1.186786,0.148348
load,iput,49152,0,131200,identity,20261005,16,17.164989874,20.467350751,1.192389,0.074524
load,iput,49152,0,131200,identity,20261005,32,17.164989874,18.741924219,1.091869,0.034121
load,iput,49152,0,131200,identity,20261005,64,17.164989874,15.549378446,0.905878,0.014154
load,iput,65536,0,131200,identity,20261005,2,17.547232354,18.732302517,1.067536,0.533768
load,iput,65536,0,131200,identity,20261005,4,17.547232354,21.164800343,1.206162,0.301540
load,iput,65536,0,131200,identity,20261005,8,17.547232354,20.448786844,1.165357,0.145670
load,iput,65536,0,131200,identity,20261005,16,17.547232354,20.550967468,1.171180,0.073199
load,iput,65536,0,131200,identity,20261005,32,17.547232354,18.772321342,1.069817,0.033432
load,iput,65536,0,131200,identity,20261005,64,17.547232354,15.572602330,0.887468,0.013867
load,iput,98304,0,131200,identity,20261005,2,17.937756510,18.745187564,1.045013,0.522506
load,iput,98304,0,131200,identity,20261005,4,17.937756510,21.327934237,1.188997,0.297249
load,iput,98304,0,131200,identity,20261005,8,17.937756510,20.541808912,1.145172,0.143146
load,iput,98304,0,131200,identity,20261005,16,17.937756510,20.632060976,1.150203,0.071888
load,iput,98304,0,131200,identity,20261005,32,17.937756510,18.829474128,1.049712,0.032803
load,iput,98304,0,131200,identity,20261005,64,17.937756510,15.544418011,0.866575,0.013540
load,iput,131072,0,131200,identity,20261005,2,18.137037640,18.749320532,1.033759,0.516879
load,iput,131072,0,131200,identity,20261005,4,18.137037640,21.324338863,1.175734,0.293934
load,iput,131072,0,131200,identity,20261005,8,18.137037640,20.562619158,1.133736,0.141717
load,iput,131072,0,131200,identity,20261005,16,18.137037640,20.424601858,1.126127,0.070383
load,iput,131072,0,131200,identity,20261005,32,18.137037640,18.439136072,1.016656,0.031771
load,iput,131072,0,131200,identity,20261005,64,18.137037640,15.253762738,0.841028,0.013141
load,iput,8,4,131200,identity,20261005,2,0.035045050,0.069975823,1.996739,0.998370
load,iput,8,4,131200,identity,20261005,4,0.035045050,0.085564975,2.441571,0.610393
load,iput,8,4,131200,identity,20261005,8,0.035045050,0.160629628,4.583518,0.572940
load,iput,8,4,131200,identity,20261005,16,0.035045050,0.166064230,4.738593,0.296162
load,iput,8,4,131200,identity,20261005,32,0.035045050,0.274396620,7.829825,0.244682
load,iput,8,4,131200,identity,20261005,64,0.035045050,0.268547520,7.662923,0.119733
load,iput,16,4,131200,identity,20261005,2,0.070096273,0.139990463,1.997117,0.998559
load,iput,16,4,131200,identity,20261005,4,0.070096273,0.171162078,2.441814,0.610454
load,iput,16,4,131200,identity,20261005,8,0.070096273,0.322043365,4.594301,0.574288
load,iput,16,4,131200,identity,20261005,16,0.070096273,0.333901575,4.763471,0.297717
load,iput,16,4,131200,identity,20261005,32,0.070096273,0.546992651,7.803448,0.243858
load,iput,16,4,131200,identity,20261005,64,0.070096273,0.537244670,7.664383,0.119756
load,iput,32,4,131200,identity,20261005,2,0.140179342,0.279957044,1.997135,0.998567
load,iput,32,4,131200,identity,20261005,4,0.140179342,0.341978807,2.439581,0.609895
load,iput,32,4,131200,identity,20261005,8,0.140179342,0.642429185,4.582909,0.572864
load,iput,32,4,131200,identity,20261005,16,0.140179342,0.659540622,4.704977,0.294061
load,iput,32,4,131200,identity,20261005,32,0.140179342,1.102590085,7.865568,0.245799
load,iput,32,4,131200,identity,20261005,64,0.140179342,1.073812441,7.660276,0.119692
load,iput,64,4,131200,identity,20261005,2,0.173720959,0.348931860,2.008577,1.004288
load,iput,64,4,131200,identity,20261005,4,0.173720959,0.318239736,1.831902,0.457975
load,iput,64,4,131200,identity,20261005,8,0.173720959,0.638907149,3.677778,0.459722
load,iput,64,4,131200,identity,20261005,16,0.173720959,0.705890804,4.063360,0.253960
load,iput,64,4,131200,identity,20261005,32,0.173720959,1.157678791,6.664013,0.208250
load,iput,64,4,131200,identity,20261005,64,0.173720959,1.146780900,6.601281,0.103145
load,iput,96,4,131200,identity,20261005,2,0.261373135,0.521238854,1.994233,0.997116
load,iput,96,4,131200,identity,20261005,4,0.261373135,0.485349338,1.856921,0.464230
load,iput,96,4,131200,identity,20261005,8,0.261373135,0.957333706,3.662709,0.457839
load,iput,96,4,131200,identity,20261005,16,0.261373135,1.046015274,4.002000,0.250125
load,iput,96,4,131200,identity,20261005,32,0.261373135,1.733690960,6.633011,0.207282
load,iput,96,4,131200,identity,20261005,64,0.261373135,1.719961732,6.580484,0.102820
load,iput,124,4,131200,identity,20261005,2,0.337148550,0.671471660,1.991620,0.995810
load,iput,124,4,131200,identity,20261005,4,0.337148550,0.629702695,1.867731,0.466933
load,iput,124,4,131200,identity,20261005,8,0.337148550,1.240251151,3.678649,0.459831
load,iput,124,4,131200,identity,20261005,16,0.337148550,1.342582082,3.982168,0.248885
load,iput,124,4,131200,identity,20261005,32,0.337148550,2.241185443,6.647472,0.207733
load,iput,124,4,131200,identity,20261005,64,0.337148550,2.220444598,6.585953,0.102906
load,iput,128,4,131200,identity,20261005,2,0.329404668,0.610160556,1.852313,0.926157
load,iput,128,4,131200,identity,20261005,4,0.329404668,0.508341113,1.543212,0.385803
load,iput,128,4,131200,identity,20261005,8,0.329404668,0.977074344,2.966182,0.370773
load,iput,128,4,131200,identity,20261005,16,0.329404668,1.266299040,3.844205,0.240263
load,iput,128,4,131200,identity,20261005,32,0.329404668,1.641447775,4.983074,0.155721
load,iput,128,4,131200,identity,20261005,64,0.329404668,1.582384995,4.803772,0.075059
load,iput,132,4,131200,identity,20261005,2,0.338583168,0.602307385,1.778905,0.889453
load,iput,132,4,131200,identity,20261005,4,0.338583168,0.522569096,1.543400,0.385850
load,iput,132,4,131200,identity,20261005,8,0.338583168,1.007647818,2.976072,0.372009
load,iput,132,4,131200,identity,20261005,16,0.338583168,1.306198866,3.857838,0.241115
load,iput,132,4,131200,identity,20261005,32,0.338583168,1.705918819,5.038404,0.157450
load,iput,132,4,131200,identity,20261005,64,0.338583168,1.635200636,4.829539,0.075462
load,iput,192,4,131200,identity,20261005,2,0.423485911,0.725741248,1.713732,0.856866
load,iput,192,4,131200,identity,20261005,4,0.423485911,0.587334139,1.386904,0.346726
load,iput,192,4,131200,identity,20261005,8,0.423485911,1.095331414,2.586465,0.323308
load,iput,192,4,131200,identity,20261005,16,0.423485911,1.578550540,3.727516,0.232970
load,iput,192,4,131200,identity,20261005,32,0.423485911,1.885842154,4.453140,0.139161
load,iput,192,4,131200,identity,20261005,64,0.423485911,1.840516656,4.346111,0.067908
load,iput,252,4,131200,identity,20261005,2,0.680292126,1.308433634,1.923341,0.961670
load,iput,252,4,131200,identity,20261005,4,0.680292126,1.114788364,1.638691,0.409673
load,iput,252,4,131200,identity,20261005,8,0.680292126,2.211665372,3.251052,0.406382
load,iput,252,4,131200,identity,20261005,16,0.680292126,2.783465058,4.091573,0.255723
load,iput,252,4,131200,identity,20261005,32,0.680292126,4.065167498,5.975620,0.186738
load,iput,252,4,131200,identity,20261005,64,0.680292126,3.682298046,5.412819,0.084575
load,iput,256,4,131200,identity,20261005,2,0.687578729,1.348405984,1.961093,0.980547
load,iput,256,4,131200,identity,20261005,4,0.687578729,1.196993163,1.740882,0.435220
load,iput,256,4,131200,identity,20261005,8,0.687578729,1.722102155,2.504589,0.313074
load,iput,256,4,131200,identity,20261005,16,0.687578729,2.209836611,3.213940,0.200871
load,iput,256,4,131200,identity,20261005,32,0.687578729,2.867946268,4.171081,0.130346
load,iput,256,4,131200,identity,20261005,64,0.687578729,2.700201197,3.927116,0.061361
load,iput,260,4,131200,identity,20261005,2,0.698575256,1.366622146,1.956299,0.978150
load,iput,260,4,131200,identity,20261005,4,0.698575256,1.204423849,1.724115,0.431029
load,iput,260,4,131200,identity,20261005,8,0.698575256,1.742339048,2.494132,0.311767
load,iput,260,4,131200,identity,20261005,16,0.698575256,2.231196351,3.193924,0.199620
load,iput,260,4,131200,identity,20261005,32,0.698575256,2.900904577,4.152601,0.129769
load,iput,260,4,131200,identity,20261005,64,0.698575256,2.744372610,3.928528,0.061383
load,iput,384,4,131200,identity,20261005,2,1.025943822,1.864415708,1.817269,0.908634
load,iput,384,4,131200,identity,20261005,4,1.025943822,1.839116352,1.792609,0.448152
load,iput,384,4,131200,identity,20261005,8,1.025943822,2.599378857,2.533646,0.316706
load,iput,384,4,131200,identity,20261005,16,1.025943822,3.220812994,3.139366,0.196210
load,iput,384,4,131200,identity,20261005,32,1.025943822,3.629879545,3.538088,0.110565
load,iput,384,4,131200,identity,20261005,64,1.025943822,3.397953112,3.312026,0.051750
load,iput,512,4,131200,identity,20261005,2,1.258455246,2.372191796,1.885003,0.942501
load,iput,512,4,131200,identity,20261005,4,1.258455246,2.340059557,1.859470,0.464867
load,iput,512,4,131200,identity,20261005,8,1.258455246,3.604380202,2.864131,0.358016
load,iput,512,4,131200,identity,20261005,16,1.258455246,3.983571657,3.165446,0.197840
load,iput,512,4,131200,identity,20261005,32,1.258455246,4.237876915,3.367523,0.105235
load,iput,512,4,131200,identity,20261005,64,1.258455246,3.972177255,3.156391,0.049319
load,iput,768,4,131200,identity,20261005,2,1.766494702,3.235577875,1.831637,0.915819
load,iput,768,4,131200,identity,20261005,4,1.766494702,3.414888625,1.933144,0.483286
load,iput,768,4,131200,identity,20261005,8,1.766494702,4.978882294,2.818510,0.352314
load,iput,768,4,131200,identity,20261005,16,1.766494702,5.469180757,3.096064,0.193504
load,iput,768,4,131200,identity,20261005,32,1.766494702,5.340571616,3.023259,0.094477
load,iput,768,4,131200,identity,20261005,64,1.766494702,4.821428803,2.729376,0.042647
load,iput,1024,4,131200,identity,20261005,2,2.238031232,4.066033334,1.816790,0.908395
load,iput,1024,4,131200,identity,20261005,4,2.238031232,4.262457490,1.904557,0.476139
load,iput,1024,4,131200,identity,20261005,8,2.238031232,5.694076826,2.544235,0.318029
load,iput,1024,4,131200,identity,20261005,16,2.238031232,5.352149484,2.391454,0.149466
load,iput,1024,4,131200,identity,20261005,32,2.238031232,5.748643846,2.568616,0.080269
load,iput,1024,4,131200,identity,20261005,64,2.238031232,5.629928582,2.515572,0.039306
load,iput,1536,4,131200,identity,20261005,2,3.227345025,5.527108380,1.712587,0.856293
load,iput,1536,4,131200,identity,20261005,4,3.227345025,5.748223327,1.781100,0.445275
load,iput,1536,4,131200,identity,20261005,8,3.227345025,7.165925465,2.220378,0.277547
load,iput,1536,4,131200,identity,20261005,16,3.227345025,7.005928927,2.170803,0.135675
load,iput,1536,4,131200,identity,20261005,32,3.227345025,7.247994606,2.245807,0.070181
load,iput,1536,4,131200,identity,20261005,64,3.227345025,6.934868433,2.148784,0.033575
load,iput,2048,4,131200,identity,20261005,2,4.066477374,6.778595130,1.666945,0.833473
load,iput,2048,4,131200,identity,20261005,4,4.066477374,6.231880420,1.532501,0.383125
load,iput,2048,4,131200,identity,20261005,8,4.066477374,7.862694624,1.933539,0.241692
load,iput,2048,4,131200,identity,20261005,16,4.066477374,7.914996876,1.946401,0.121650
load,iput,2048,4,131200,identity,20261005,32,4.066477374,8.051354907,1.979934,0.061873
load,iput,2048,4,131200,identity,20261005,64,4.066477374,8.479950499,2.085331,0.032583
load,iput,3072,4,131200,identity,20261005,2,5.267851019,8.128876564,1.543111,0.771555
load,iput,3072,4,131200,identity,20261005,4,5.267851019,6.885958596,1.307167,0.326792
load,iput,3072,4,131200,identity,20261005,8,5.267851019,8.819701065,1.674250,0.209281
load,iput,3072,4,131200,identity,20261005,16,5.267851019,9.959517173,1.890622,0.118164
load,iput,3072,4,131200,identity,20261005,32,5.267851019,9.588313307,1.820157,0.056880
load,iput,3072,4,131200,identity,20261005,64,5.267851019,9.382562325,1.781099,0.027830
load,iput,4096,4,131200,identity,20261005,2,6.262700086,8.859357697,1.414623,0.707311
load,iput,4096,4,131200,identity,20261005,4,6.262700086,6.963067354,1.111832,0.277958
load,iput,4096,4,131200,identity,20261005,8,6.262700086,8.760473709,1.398833,0.174854
load,iput,4096,4,131200,identity,20261005,16,6.262700086,10.521048438,1.679954,0.104997
load,iput,4096,4,131200,identity,20261005,32,6.262700086,10.522631300,1.680207,0.052506
load,iput,4096,4,131200,identity,20261005,64,6.262700086,10.720739747,1.711840,0.026747
load,iput,6144,4,131200,identity,20261005,2,8.655971620,9.831335943,1.135787,0.567893
load,iput,6144,4,131200,identity,20261005,4,8.655971620,9.825719027,1.135138,0.283784
load,iput,6144,4,131200,identity,20261005,8,8.655971620,13.625167085,1.574077,0.196760
load,iput,6144,4,131200,identity,20261005,16,8.655971620,13.629001779,1.574520,0.098408
load,iput,6144,4,131200,identity,20261005,32,8.655971620,12.925959095,1.493300,0.046666
load,iput,6144,4,131200,identity,20261005,64,8.655971620,11.757955060,1.358363,0.021224
load,iput,8192,4,131200,identity,20261005,2,10.330430002,11.806169559,1.142854,0.571427
load,iput,8192,4,131200,identity,20261005,4,10.330430002,10.761361039,1.041715,0.260429
load,iput,8192,4,131200,identity,20261005,8,10.330430002,14.157649453,1.370480,0.171310
load,iput,8192,4,131200,identity,20261005,16,10.330430002,13.872075738,1.342836,0.083927
load,iput,8192,4,131200,identity,20261005,32,10.330430002,13.437906200,1.300808,0.040650
load,iput,8192,4,131200,identity,20261005,64,10.330430002,12.345059250,1.195019,0.018672
load,iput,12288,4,131200,identity,20261005,2,11.561618213,12.296312307,1.063546,0.531773
load,iput,12288,4,131200,identity,20261005,4,11.561618213,14.171179732,1.225709,0.306427
load,iput,12288,4,131200,identity,20261005,8,11.561618213,15.980375662,1.382192,0.172774
load,iput,12288,4,131200,identity,20261005,16,11.561618213,15.787120546,1.365477,0.085342
load,iput,12288,4,131200,identity,20261005,32,11.561618213,14.739446281,1.274860,0.039839
load,iput,12288,4,131200,identity,20261005,64,11.561618213,13.035448114,1.127476,0.017617
load,iput,16384,4,131200,identity,20261005,2,11.126330437,15.374358209,1.381800,0.690900
load,iput,16384,4,131200,identity,20261005,4,11.126330437,16.683561692,1.499467,0.374867
load,iput,16384,4,131200,identity,20261005,8,11.126330437,17.105483642,1.537388,0.192173
load,iput,16384,4,131200,identity,20261005,16,11.126330437,16.643997973,1.495911,0.093494
load,iput,16384,4,131200,identity,20261005,32,11.126330437,15.415463301,1.385494,0.043297
load,iput,16384,4,131200,identity,20261005,64,11.126330437,13.467365499,1.210405,0.018913
load,iput,24576,4,131200,identity,20261005,2,13.362302387,17.641871305,1.320272,0.660136
load,iput,24576,4,131200,identity,20261005,4,13.362302387,18.170727650,1.359850,0.339963
load,iput,24576,4,131200,identity,20261005,8,13.362302387,17.966560529,1.344571,0.168071
load,iput,24576,4,131200,identity,20261005,16,13.362302387,17.711484629,1.325482,0.082843
load,iput,24576,4,131200,identity,20261005,32,13.362302387,16.303018830,1.220076,0.038127
load,iput,24576,4,131200,identity,20261005,64,13.362302387,13.934452074,1.042818,0.016294
load,iput,32768,4,131200,identity,20261005,2,15.398800164,18.467790000,1.199301,0.599650
load,iput,32768,4,131200,identity,20261005,4,15.398800164,18.957354197,1.231093,0.307773
load,iput,32768,4,131200,identity,20261005,8,15.398800164,18.464645927,1.199096,0.149887
load,iput,32768,4,131200,identity,20261005,16,15.398800164,18.430455585,1.196876,0.074805
load,iput,32768,4,131200,identity,20261005,32,15.398800164,16.844952654,1.093913,0.034185
load,iput,32768,4,131200,identity,20261005,64,15.398800164,14.304337517,0.928925,0.014514
load,iput,49152,4,131200,identity,20261005,2,17.131086691,18.663667438,1.089462,0.544731
load,iput,49152,4,131200,identity,20261005,4,17.131086691,19.795755584,1.155546,0.288886
load,iput,49152,4,131200,identity,20261005,8,17.131086691,19.081136075,1.113831,0.139229
load,iput,49152,4,131200,identity,20261005,16,17.131086691,19.285604353,1.125767,0.070360
load,iput,49152,4,131200,identity,20261005,32,17.131086691,17.538269712,1.023769,0.031993
load,iput,49152,4,131200,identity,20261005,64,17.131086691,14.706591249,0.858474,0.013414
load,iput,65536,4,131200,identity,20261005,2,17.520390017,18.702446434,1.067467,0.533734
load,iput,65536,4,131200,identity,20261005,4,17.520390017,20.198741986,1.152871,0.288218
load,iput,65536,4,131200,identity,20261005,8,17.520390017,19.475440788,1.111587,0.138948
load,iput,65536,4,131200,identity,20261005,16,17.520390017,19.649450723,1.121519,0.070095
load,iput,65536,4,131200,identity,20261005,32,17.520390017,17.828916848,1.017610,0.031800
load,iput,65536,4,131200,identity,20261005,64,17.520390017,14.949735887,0.853276,0.013332
load,iput,98304,4,131200,identity,20261005,2,17.919739604,18.726834700,1.045039,0.522520
load,iput,98304,4,131200,identity,20261005,4,17.919739604,20.675498685,1.153783,0.288446
load,iput,98304,4,131200,identity,20261005,8,17.919739604,19.828037600,1.106491,0.138311
load,iput,98304,4,131200,identity,20261005,16,17.919739604,19.987471486,1.115389,0.069712
load,iput,98304,4,131200,identity,20261005,32,17.919739604,18.125287391,1.011470,0.031608
load,iput,98304,4,131200,identity,20261005,64,17.919739604,15.077499199,0.841391,0.013147
load,iput,131072,4,131200,identity,20261005,2,18.119231210,18.735045657,1.033987,0.516993
load,iput,131072,4,131200,identity,20261005,4,18.119231210,20.819567967,1.149032,0.287258
load,iput,131072,4,131200,identity,20261005,8,18.119231210,20.000284199,1.103815,0.137977
load,iput,131072,4,131200,identity,20261005,16,18.119231210,19.698251979,1.087146,0.067947
load,iput,131072,4,131200,identity,20261005,32,18.119231210,18.038385603,0.995538,0.031111
load,iput,131072,4,131200,identity,20261005,64,18.119231210,15.026166805,0.829294,0.012958
mapping,get,64,0,131200,identity,20261005,2,0.145085106,0.289743860,1.997061,0.998531
mapping,get,64,0,131200,identity,20261005,4,0.145085106,0.477300359,3.289796,0.822449
mapping,get,64,0,131200,identity,20261005,8,0.145085106,0.948912198,6.540383,0.817548
mapping,get,64,0,131200,identity,20261005,16,0.145085106,1.859739669,12.818267,0.801142
mapping,get,64,0,131200,identity,20261005,32,0.145085106,3.417069329,23.552172,0.736005
mapping,get,64,0,131200,identity,20261005,64,0.145085106,3.588249429,24.732032,0.386438
mapping,get,64,0,131200,reverse,20261005,2,0.145188026,0.289756912,1.995736,0.997868
mapping,get,64,0,131200,reverse,20261005,4,0.145188026,0.477675214,3.290046,0.822511
mapping,get,64,0,131200,reverse,20261005,8,0.145188026,0.936840141,6.452599,0.806575
mapping,get,64,0,131200,reverse,20261005,16,0.145188026,1.861971202,12.824551,0.801534
mapping,get,64,0,131200,reverse,20261005,32,0.145188026,3.598941546,24.788143,0.774629
mapping,get,64,0,131200,reverse,20261005,64,0.145188026,3.596987102,24.774682,0.387104
mapping,get,64,0,131200,transpose,20261005,2,0.144982791,0.289615038,1.997582,0.998791
mapping,get,64,0,131200,transpose,20261005,4,0.144982791,0.580045352,4.000788,1.000197
mapping,get,64,0,131200,transpose,20261005,8,0.144982791,0.942206663,6.498748,0.812344
mapping,get,64,0,131200,transpose,20261005,16,0.144982791,1.864282764,12.858649,0.803666
mapping,get,64,0,131200,transpose,20261005,32,0.144982791,3.425480086,23.626805,0.738338
mapping,get,64,0,131200,transpose,20261005,64,0.144982791,3.592054509,24.775730,0.387121
mapping,get,64,0,131200,shuffle,20261005,2,0.144954190,0.289404189,1.996522,0.998261
mapping,get,64,0,131200,shuffle,20261005,4,0.144954190,0.579653702,3.998875,0.999719
mapping,get,64,0,131200,shuffle,20261005,8,0.144954190,1.145457946,7.902207,0.987776
mapping,get,64,0,131200,shuffle,20261005,16,0.144954190,1.866220426,12.874553,0.804660
mapping,get,64,0,131200,shuffle,20261005,32,0.144954190,3.592323233,24.782473,0.774452
mapping,get,64,0,131200,shuffle,20261005,64,0.144954190,3.588069633,24.753128,0.386768
mapping,get,64,0,131328,identity,20261005,2,0.144931803,0.289935238,2.000494,1.000247
mapping,get,64,0,131328,identity,20261005,4,0.144931803,0.477756783,3.296425,0.824106
mapping,get,64,0,131328,identity,20261005,8,0.144931803,0.936683832,6.462928,0.807866
mapping,get,64,0,131328,identity,20261005,16,0.144931803,1.863687969,12.859068,0.803692
mapping,get,64,0,131328,identity,20261005,32,0.144931803,3.352658594,23.132663,0.722896
mapping,get,64,0,131328,identity,20261005,64,0.144931803,3.498908172,24.141756,0.377215
mapping,get,64,0,131328,reverse,20261005,2,0.145113298,0.290214621,1.999917,0.999959
mapping,get,64,0,131328,reverse,20261005,4,0.145113298,0.579545704,3.993746,0.998437
mapping,get,64,0,131328,reverse,20261005,8,0.145113298,0.939878609,6.476861,0.809608
mapping,get,64,0,131328,reverse,20261005,16,0.145113298,1.676116922,11.550402,0.721900
mapping,get,64,0,131328,reverse,20261005,32,0.145113298,2.946653627,20.305883,0.634559
mapping,get,64,0,131328,reverse,20261005,64,0.145113298,3.511533966,24.198568,0.378103
mapping,get,64,0,131328,transpose,20261005,2,0.144806471,0.290047386,2.003000,1.001500
mapping,get,64,0,131328,transpose,20261005,4,0.144806471,0.476894730,3.293325,0.823331
mapping,get,64,0,131328,transpose,20261005,8,0.144806471,0.933107152,6.443822,0.805478
mapping,get,64,0,131328,transpose,20261005,16,0.144806471,1.856208383,12.818546,0.801159
mapping,get,64,0,131328,transpose,20261005,32,0.144806471,2.868015951,19.805855,0.618933
mapping,get,64,0,131328,transpose,20261005,64,0.144806471,3.461481386,23.904190,0.373503
mapping,get,64,0,131328,shuffle,20261005,2,0.144841176,0.290144363,2.003190,1.001595
mapping,get,64,0,131328,shuffle,20261005,4,0.144841176,0.476844008,3.292185,0.823046
mapping,get,64,0,131328,shuffle,20261005,8,0.144841176,0.945130556,6.525289,0.815661
mapping,get,64,0,131328,shuffle,20261005,16,0.144841176,1.456189459,10.053698,0.628356
mapping,get,64,0,131328,shuffle,20261005,32,0.144841176,2.878044414,19.870347,0.620948
mapping,get,64,0,131328,shuffle,20261005,64,0.144841176,3.447378494,23.801094,0.371892
mapping,get,64,0,135168,identity,20261005,2,0.145041310,0.289939441,1.999013,0.999506
mapping,get,64,0,135168,identity,20261005,4,0.145041310,0.579389224,3.994650,0.998662
mapping,get,64,0,135168,identity,20261005,8,0.145041310,1.148791111,7.920441,0.990055
mapping,get,64,0,135168,identity,20261005,16,0.145041310,1.855585103,12.793494,0.799593
mapping,get,64,0,135168,identity,20261005,32,0.145041310,3.428354095,23.637087,0.738659
mapping,get,64,0,135168,identity,20261005,64,0.145041310,3.903977034,26.916311,0.420567
mapping,get,64,0,135168,reverse,20261005,2,0.144818955,0.289688646,2.000350,1.000175
mapping,get,64,0,135168,reverse,20261005,4,0.144818955,0.579449025,4.001196,1.000299
mapping,get,64,0,135168,reverse,20261005,8,0.144818955,1.144606500,7.903706,0.987963
mapping,get,64,0,135168,reverse,20261005,16,0.144818955,1.858815688,12.835445,0.802215
mapping,get,64,0,135168,reverse,20261005,32,0.144818955,3.400470487,23.480838,0.733776
mapping,get,64,0,135168,reverse,20261005,64,0.144818955,3.905016573,26.964817,0.421325
mapping,get,64,0,135168,transpose,20261005,2,0.145085731,0.289843783,1.997741,0.998871
mapping,get,64,0,135168,transpose,20261005,4,0.145085731,0.579562105,3.994618,0.998655
mapping,get,64,0,135168,transpose,20261005,8,0.145085731,0.937560486,6.462114,0.807764
mapping,get,64,0,135168,transpose,20261005,16,0.145085731,1.857290782,12.801333,0.800083
mapping,get,64,0,135168,transpose,20261005,32,0.145085731,3.423553210,23.596760,0.737399
mapping,get,64,0,135168,transpose,20261005,64,0.145085731,3.910641461,26.954005,0.421156
mapping,get,64,0,135168,shuffle,20261005,2,0.145001679,0.289833348,1.998828,0.999414
mapping,get,64,0,135168,shuffle,20261005,4,0.145001679,0.477083410,3.290192,0.822548
mapping,get,64,0,135168,shuffle,20261005,8,0.145001679,0.919392447,6.340564,0.792571
mapping,get,64,0,135168,shuffle,20261005,16,0.145001679,1.762248877,12.153300,0.759581
mapping,get,64,0,135168,shuffle,20261005,32,0.145001679,2.530422836,17.450990,0.545343
mapping,get,64,0,135168,shuffle,20261005,64,0.145001679,3.907402572,26.947292,0.421051
mapping,get,64,0,262144,identity,20261005,2,0.145072379,0.290308416,2.001128,1.000564
mapping,get,64,0,262144,identity,20261005,4,0.145072379,0.577956121,3.983916,0.995979
mapping,get,64,0,262144,identity,20261005,8,0.145072379,1.127224452,7.770083,0.971260
mapping,get,64,0,262144,identity,20261005,16,0.145072379,1.862184524,12.836244,0.802265
mapping,get,64,0,262144,identity,20261005,32,0.145072379,3.577510039,24.660174,0.770630
mapping,get,64,0,262144,identity,20261005,64,0.145072379,3.868167999,26.663711,0.416620
mapping,get,64,0,262144,reverse,20261005,2,0.145096224,0.290047124,1.998998,0.999499
mapping,get,64,0,262144,reverse,20261005,4,0.145096224,0.578834945,3.989318,0.997329
mapping,get,64,0,262144,reverse,20261005,8,0.145096224,1.146183634,7.899473,0.987434
mapping,get,64,0,262144,reverse,20261005,16,0.145096224,1.873760166,12.913914,0.807120
mapping,get,64,0,262144,reverse,20261005,32,0.145096224,3.573524926,24.628656,0.769645
mapping,get,64,0,262144,reverse,20261005,64,0.145096224,3.869525568,26.668686,0.416698
mapping,get,64,0,262144,transpose,20261005,2,0.144989130,0.289894789,1.999424,0.999712
mapping,get,64,0,262144,transpose,20261005,4,0.144989130,0.578940060,3.992989,0.998247
mapping,get,64,0,262144,transpose,20261005,8,0.144989130,1.140555410,7.866489,0.983311
mapping,get,64,0,262144,transpose,20261005,16,0.144989130,1.859495841,12.825071,0.801567
mapping,get,64,0,262144,transpose,20261005,32,0.144989130,3.437341445,23.707580,0.740862
mapping,get,64,0,262144,transpose,20261005,64,0.144989130,3.866897170,26.670256,0.416723
mapping,get,64,0,262144,shuffle,20261005,2,0.145097967,0.290045546,1.998964,0.999482
mapping,get,64,0,262144,shuffle,20261005,4,0.145097967,0.578614499,3.987751,0.996938
mapping,get,64,0,262144,shuffle,20261005,8,0.145097967,0.940608647,6.482576,0.810322
mapping,get,64,0,262144,shuffle,20261005,16,0.145097967,1.861478377,12.829114,0.801820
mapping,get,64,0,262144,shuffle,20261005,32,0.145097967,3.441204220,23.716419,0.741138
mapping,get,64,0,262144,shuffle,20261005,64,0.145097967,3.866002978,26.644088,0.416314
mapping,get,128,0,131200,identity,20261005,2,0.289753370,0.579895302,2.001341,1.000671
mapping,get,128,0,131200,identity,20261005,4,0.289753370,0.954719091,3.294937,0.823734
mapping,get,128,0,131200,identity,20261005,8,0.289753370,1.897536371,6.548798,0.818600
mapping,get,128,0,131200,identity,20261005,16,0.289753370,3.719018695,12.835118,0.802195
mapping,get,128,0,131200,identity,20261005,32,0.289753370,6.833011117,23.582163,0.736943
mapping,get,128,0,131200,identity,20261005,64,0.289753370,7.174096817,24.759321,0.386864
mapping,get,128,0,131200,reverse,20261005,2,0.290253316,0.579903183,1.997921,0.998960
mapping,get,128,0,131200,reverse,20261005,4,0.290253316,0.956161847,3.294232,0.823558
mapping,get,128,0,131200,reverse,20261005,8,0.290253316,1.874680879,6.458775,0.807347
mapping,get,128,0,131200,reverse,20261005,16,0.290253316,3.723329020,12.827860,0.801741
mapping,get,128,0,131200,reverse,20261005,32,0.290253316,7.181924135,24.743642,0.773239
mapping,get,128,0,131200,reverse,20261005,64,0.290253316,7.198151256,24.799549,0.387493
mapping,get,128,0,131200,transpose,20261005,2,0.290189684,0.579521695,1.997044,0.998522
mapping,get,128,0,131200,transpose,20261005,4,0.290189684,1.159280368,3.994906,0.998726
mapping,get,128,0,131200,transpose,20261005,8,0.290189684,1.884145997,6.492808,0.811601
mapping,get,128,0,131200,transpose,20261005,16,0.290189684,3.722347078,12.827289,0.801706
mapping,get,128,0,131200,transpose,20261005,32,0.290189684,6.870853123,23.677110,0.739910
mapping,get,128,0,131200,transpose,20261005,64,0.290189684,7.172861855,24.717839,0.386216
mapping,get,128,0,131200,shuffle,20261005,2,0.289973071,0.578911651,1.996432,0.998216
mapping,get,128,0,131200,shuffle,20261005,4,0.289973071,1.159199003,3.997609,0.999402
mapping,get,128,0,131200,shuffle,20261005,8,0.289973071,2.287181554,7.887565,0.985946
mapping,get,128,0,131200,shuffle,20261005,16,0.289973071,3.735379718,12.881816,0.805113
mapping,get,128,0,131200,shuffle,20261005,32,0.289973071,7.176464281,24.748727,0.773398
mapping,get,128,0,131200,shuffle,20261005,64,0.289973071,7.190536580,24.797256,0.387457
mapping,get,128,0,131328,identity,20261005,2,0.290016171,0.579789052,1.999161,0.999581
mapping,get,128,0,131328,identity,20261005,4,0.290016171,0.956078822,3.296640,0.824160
mapping,get,128,0,131328,identity,20261005,8,0.290016171,1.872575276,6.456796,0.807100
mapping,get,128,0,131328,identity,20261005,16,0.290016171,3.724992938,12.844087,0.802755
mapping,get,128,0,131328,identity,20261005,32,0.290016171,5.739592609,19.790595,0.618456
mapping,get,128,0,131328,identity,20261005,64,0.290016171,6.995335873,24.120503,0.376883
mapping,get,128,0,131328,reverse,20261005,2,0.290361561,0.580128163,1.997951,0.998975
mapping,get,128,0,131328,reverse,20261005,4,0.290361561,1.158060565,3.988340,0.997085
mapping,get,128,0,131328,reverse,20261005,8,0.290361561,1.880351611,6.475897,0.809487
mapping,get,128,0,131328,reverse,20261005,16,0.290361561,3.422322634,11.786418,0.736651
mapping,get,128,0,131328,reverse,20261005,32,0.290361561,6.775735720,23.335512,0.729235
mapping,get,128,0,131328,reverse,20261005,64,0.290361561,7.005847642,24.128013,0.377000
mapping,get,128,0,131328,transpose,20261005,2,0.289980034,0.579564335,1.998635,0.999318
mapping,get,128,0,131328,transpose,20261005,4,0.289980034,0.953740778,3.288988,0.822247
mapping,get,128,0,131328,transpose,20261005,8,0.289980034,1.866146624,6.435431,0.804429
mapping,get,128,0,131328,transpose,20261005,16,0.289980034,3.709781342,12.793230,0.799577
mapping,get,128,0,131328,transpose,20261005,32,0.289980034,5.726328740,19.747321,0.617104
mapping,get,128,0,131328,transpose,20261005,64,0.289980034,6.918676415,23.859148,0.372799
mapping,get,128,0,131328,shuffle,20261005,2,0.289999547,0.580616569,2.002129,1.001065
mapping,get,128,0,131328,shuffle,20261005,4,0.289999547,0.953303579,3.287259,0.821815
mapping,get,128,0,131328,shuffle,20261005,8,0.289999547,1.890803861,6.520023,0.815003
mapping,get,128,0,131328,shuffle,20261005,16,0.289999547,3.689892631,12.723788,0.795237
mapping,get,128,0,131328,shuffle,20261005,32,0.289999547,5.718408585,19.718681,0.616209
mapping,get,128,0,131328,shuffle,20261005,64,0.289999547,6.914318911,23.842516,0.372539
mapping,get,128,0,135168,identity,20261005,2,0.289806837,0.579561055,1.999818,0.999909
mapping,get,128,0,135168,identity,20261005,4,0.289806837,1.157694235,3.994710,0.998677
mapping,get,128,0,135168,identity,20261005,8,0.289806837,2.294606912,7.917711,0.989714
mapping,get,128,0,135168,identity,20261005,16,0.289806837,3.711921539,12.808261,0.800516
mapping,get,128,0,135168,identity,20261005,32,0.289806837,6.840040085,23.602066,0.737565
mapping,get,128,0,135168,identity,20261005,64,0.289806837,7.805163604,26.932296,0.420817
mapping,get,128,0,135168,reverse,20261005,2,0.288882058,0.579530616,2.006115,1.003057
mapping,get,128,0,135168,reverse,20261005,4,0.288882058,1.158464871,4.010166,1.002541
mapping,get,128,0,135168,reverse,20261005,8,0.288882058,2.287859665,7.919701,0.989963
mapping,get,128,0,135168,reverse,20261005,16,0.288882058,3.716935068,12.866618,0.804164
mapping,get,128,0,135168,reverse,20261005,32,0.288882058,6.797960015,23.531956,0.735374
mapping,get,128,0,135168,reverse,20261005,64,0.288882058,7.818779923,27.065647,0.422901
mapping,get,128,0,135168,transpose,20261005,2,0.290082225,0.579371129,1.997265,0.998633
mapping,get,128,0,135168,transpose,20261005,4,0.290082225,1.159311079,3.996491,0.999123
mapping,get,128,0,135168,transpose,20261005,8,0.290082225,1.875332853,6.464832,0.808104
mapping,get,128,0,135168,transpose,20261005,16,0.290082225,3.715995601,12.810146,0.800634
mapping,get,128,0,135168,transpose,20261005,32,0.290082225,6.862860248,23.658327,0.739323
mapping,get,128,0,135168,transpose,20261005,64,0.290082225,7.811540483,26.928711,0.420761
mapping,get,128,0,135168,shuffle,20261005,2,0.290383233,0.579131014,1.994368,0.997184
mapping,get,128,0,135168,shuffle,20261005,4,0.290383233,0.953780753,3.284559,0.821140
mapping,get,128,0,135168,shuffle,20261005,8,0.290383233,1.870518132,6.441550,0.805194
mapping,get,128,0,135168,shuffle,20261005,16,0.290383233,3.527061673,12.146230,0.759139
mapping,get,128,0,135168,shuffle,20261005,32,0.290383233,5.057220924,17.415678,0.544240
mapping,get,128,0,135168,shuffle,20261005,64,0.290383233,7.815342685,26.913891,0.420530
mapping,get,128,0,262144,identity,20261005,2,0.289992188,0.579986216,2.000006,1.000003
mapping,get,128,0,262144,identity,20261005,4,0.289992188,1.155837873,3.985755,0.996439
mapping,get,128,0,262144,identity,20261005,8,0.289992188,2.275254211,7.845916,0.980739
mapping,get,128,0,262144,identity,20261005,16,0.289992188,3.722061593,12.835041,0.802190
mapping,get,128,0,262144,identity,20261005,32,0.289992188,7.151434774,24.660784,0.770650
mapping,get,128,0,262144,identity,20261005,64,0.289992188,7.738442897,26.685005,0.416953
mapping,get,128,0,262144,reverse,20261005,2,0.290318293,0.579868374,1.997354,0.998677
mapping,get,128,0,262144,reverse,20261005,4,0.290318293,1.156341687,3.983014,0.995753
mapping,get,128,0,262144,reverse,20261005,8,0.290318293,2.287291904,7.878566,0.984821
mapping,get,128,0,262144,reverse,20261005,16,0.290318293,3.747979833,12.909899,0.806869
mapping,get,128,0,262144,reverse,20261005,32,0.290318293,7.164184534,24.677000,0.771156
mapping,get,128,0,262144,reverse,20261005,64,0.290318293,7.727505079,26.617355,0.415896
mapping,get,128,0,262144,transpose,20261005,2,0.290123384,0.579864434,1.998682,0.999341
mapping,get,128,0,262144,transpose,20261005,4,0.290123384,1.159089047,3.995159,0.998790
mapping,get,128,0,262144,transpose,20261005,8,0.290123384,2.281128606,7.862615,0.982827
mapping,get,128,0,262144,transpose,20261005,16,0.290123384,3.718367099,12.816503,0.801031
mapping,get,128,0,262144,transpose,20261005,32,0.290123384,6.874657505,23.695634,0.740489
mapping,get,128,0,262144,transpose,20261005,64,0.290123384,7.743313688,26.689726,0.417027
mapping,get,128,0,262144,shuffle,20261005,2,0.290263650,0.579727211,1.997244,0.998622
mapping,get,128,0,262144,shuffle,20261005,4,0.290263650,1.159332867,3.994068,0.998517
mapping,get,128,0,262144,shuffle,20261005,8,0.290263650,1.880407894,6.478276,0.809784
mapping,get,128,0,262144,shuffle,20261005,16,0.290263650,3.723760263,12.828889,0.801806
mapping,get,128,0,262144,shuffle,20261005,32,0.290263650,6.862808504,23.643362,0.738855
mapping,get,128,0,262144,shuffle,20261005,64,0.290263650,7.726209250,26.617902,0.415905
mapping,get,256,0,131200,identity,20261005,2,0.562682006,1.123070545,1.995924,0.997962
mapping,get,256,0,131200,identity,20261005,4,0.562682006,1.819202536,3.233092,0.808273
mapping,get,256,0,131200,identity,20261005,8,0.562682006,3.605712519,6.408082,0.801010
mapping,get,256,0,131200,identity,20261005,16,0.562682006,7.077220318,12.577655,0.786103
mapping,get,256,0,131200,identity,20261005,32,0.562682006,10.191398495,18.112181,0.566006
mapping,get,256,0,131200,identity,20261005,64,0.562682006,10.343636123,18.382738,0.287230
mapping,get,256,0,131200,reverse,20261005,2,0.573112858,1.125757935,1.964287,0.982143
mapping,get,256,0,131200,reverse,20261005,4,0.573112858,1.838178537,3.207359,0.801840
mapping,get,256,0,131200,reverse,20261005,8,0.573112858,3.594369126,6.271660,0.783958
mapping,get,256,0,131200,reverse,20261005,16,0.573112858,6.882719535,12.009362,0.750585
mapping,get,256,0,131200,reverse,20261005,32,0.573112858,12.121502676,21.150289,0.660947
mapping,get,256,0,131200,reverse,20261005,64,0.573112858,10.345225818,18.050940,0.282046
mapping,get,256,0,131200,transpose,20261005,2,0.563290904,1.124203643,1.995778,0.997889
mapping,get,256,0,131200,transpose,20261005,4,0.563290904,2.203167785,3.911243,0.977811
mapping,get,256,0,131200,transpose,20261005,8,0.563290904,3.606378571,6.402338,0.800292
mapping,get,256,0,131200,transpose,20261005,16,0.563290904,7.082260735,12.573007,0.785813
mapping,get,256,0,131200,transpose,20261005,32,0.563290904,10.516156909,18.669140,0.583411
mapping,get,256,0,131200,transpose,20261005,64,0.563290904,10.338948258,18.354545,0.286790
mapping,get,256,0,131200,shuffle,20261005,2,0.561890727,1.124617504,2.001488,1.000744
mapping,get,256,0,131200,shuffle,20261005,4,0.561890727,1.878905288,3.343898,0.835975
mapping,get,256,0,131200,shuffle,20261005,8,0.561890727,3.691076372,6.569029,0.821129
mapping,get,256,0,131200,shuffle,20261005,16,0.561890727,7.139170779,12.705621,0.794101
mapping,get,256,0,131200,shuffle,20261005,32,0.561890727,10.682476175,19.011661,0.594114
mapping,get,256,0,131200,shuffle,20261005,64,0.561890727,10.348966859,18.418113,0.287783
mapping,get,256,0,131328,identity,20261005,2,0.563087214,1.107041628,1.966022,0.983011
mapping,get,256,0,131328,identity,20261005,4,0.563087214,1.822363028,3.236378,0.809094
mapping,get,256,0,131328,identity,20261005,8,0.563087214,3.597197488,6.388349,0.798544
mapping,get,256,0,131328,identity,20261005,16,0.563087214,7.101511741,12.611744,0.788234
mapping,get,256,0,131328,identity,20261005,32,0.563087214,10.620747147,18.861638,0.589426
mapping,get,256,0,131328,identity,20261005,64,0.563087214,13.443221384,23.874137,0.373033
mapping,get,256,0,131328,reverse,20261005,2,0.563384621,1.126628661,1.999750,0.999875
mapping,get,256,0,131328,reverse,20261005,4,0.563384621,2.202792427,3.909926,0.977482
mapping,get,256,0,131328,reverse,20261005,8,0.563384621,3.602395452,6.394203,0.799275
mapping,get,256,0,131328,reverse,20261005,16,0.563384621,5.340606433,9.479503,0.592469
mapping,get,256,0,131328,reverse,20261005,32,0.563384621,10.426473570,18.506848,0.578339
mapping,get,256,0,131328,reverse,20261005,64,0.563384621,13.431973294,23.841569,0.372525
mapping,get,256,0,131328,transpose,20261005,2,0.563035447,1.108853218,1.969420,0.984710
mapping,get,256,0,131328,transpose,20261005,4,0.563035447,1.819941979,3.232375,0.808094
mapping,get,256,0,131328,transpose,20261005,8,0.563035447,3.589933532,6.376035,0.797004
mapping,get,256,0,131328,transpose,20261005,16,0.563035447,7.077998122,12.571141,0.785696
mapping,get,256,0,131328,transpose,20261005,32,0.563035447,11.102264295,19.718589,0.616206
mapping,get,256,0,131328,transpose,20261005,64,0.563035447,13.424680814,23.843403,0.372553
mapping,get,256,0,131328,shuffle,20261005,2,0.563033342,1.125607460,1.999184,0.999592
mapping,get,256,0,131328,shuffle,20261005,4,0.563033342,1.807058079,3.209505,0.802376
mapping,get,256,0,131328,shuffle,20261005,8,0.563033342,3.599962594,6.393871,0.799234
mapping,get,256,0,131328,shuffle,20261005,16,0.563033342,6.972345696,12.383540,0.773971
mapping,get,256,0,131328,shuffle,20261005,32,0.563033342,10.728505043,19.054831,0.595463
mapping,get,256,0,131328,shuffle,20261005,64,0.563033342,13.433202327,23.858627,0.372791
mapping,get,256,0,135168,identity,20261005,2,0.562445266,1.107532301,1.969138,0.984569
mapping,get,256,0,135168,identity,20261005,4,0.562445266,2.202047775,3.915133,0.978783
mapping,get,256,0,135168,identity,20261005,8,0.562445266,4.345725370,7.726486,0.965811
mapping,get,256,0,135168,identity,20261005,16,0.562445266,7.107456200,12.636707,0.789794
mapping,get,256,0,135168,identity,20261005,32,0.562445266,12.577110028,22.361483,0.698796
mapping,get,256,0,135168,identity,20261005,64,0.562445266,14.877882226,26.452142,0.413315
mapping,get,256,0,135168,reverse,20261005,2,0.564965019,1.106300576,1.958175,0.979088
mapping,get,256,0,135168,reverse,20261005,4,0.564965019,2.200191657,3.894386,0.973596
mapping,get,256,0,135168,reverse,20261005,8,0.564965019,4.385962094,7.763245,0.970406
mapping,get,256,0,135168,reverse,20261005,16,0.564965019,7.088429368,12.546669,0.784167
mapping,get,256,0,135168,reverse,20261005,32,0.564965019,12.464991663,22.063298,0.689478
mapping,get,256,0,135168,reverse,20261005,64,0.564965019,14.887242585,26.350733,0.411730
mapping,get,256,0,135168,transpose,20261005,2,0.563429879,1.126649237,1.999626,0.999813
mapping,get,256,0,135168,transpose,20261005,4,0.563429879,2.204624458,3.912864,0.978216
mapping,get,256,0,135168,transpose,20261005,8,0.563429879,3.596294833,6.382861,0.797858
mapping,get,256,0,135168,transpose,20261005,16,0.563429879,7.104170977,12.608793,0.788050
mapping,get,256,0,135168,transpose,20261005,32,0.563429879,12.681416863,22.507533,0.703360
mapping,get,256,0,135168,transpose,20261005,64,0.563429879,14.864602739,26.382347,0.412224
mapping,get,256,0,135168,shuffle,20261005,2,0.563652929,1.106526040,1.963134,0.981567
mapping,get,256,0,135168,shuffle,20261005,4,0.563652929,1.821287579,3.231222,0.807805
mapping,get,256,0,135168,shuffle,20261005,8,0.563652929,3.593204352,6.374853,0.796857
mapping,get,256,0,135168,shuffle,20261005,16,0.563652929,6.754429172,11.983312,0.748957
mapping,get,256,0,135168,shuffle,20261005,32,0.563652929,8.928684314,15.840749,0.495023
mapping,get,256,0,135168,shuffle,20261005,64,0.563652929,14.894521082,26.424987,0.412890
mapping,get,256,0,262144,identity,20261005,2,0.563224973,1.099807770,1.952697,0.976349
mapping,get,256,0,262144,identity,20261005,4,0.563224973,2.191609133,3.891179,0.972795
mapping,get,256,0,262144,identity,20261005,8,0.563224973,4.392948374,7.799634,0.974954
mapping,get,256,0,262144,identity,20261005,16,0.563224973,7.110764214,12.625087,0.789068
mapping,get,256,0,262144,identity,20261005,32,0.563224973,13.346880069,23.697245,0.740539
mapping,get,256,0,262144,identity,20261005,64,0.563224973,15.029742084,26.685149,0.416955
mapping,get,256,0,262144,reverse,20261005,2,0.563525380,1.119567147,1.986720,0.993360
mapping,get,256,0,262144,reverse,20261005,4,0.563525380,2.202831757,3.909020,0.977255
mapping,get,256,0,262144,reverse,20261005,8,0.563525380,4.383107572,7.778013,0.972252
mapping,get,256,0,262144,reverse,20261005,16,0.563525380,7.167890510,12.719730,0.794983
mapping,get,256,0,262144,reverse,20261005,32,0.563525380,13.288501942,23.581018,0.736907
mapping,get,256,0,262144,reverse,20261005,64,0.563525380,15.071167203,26.744434,0.417882
mapping,get,256,0,262144,transpose,20261005,2,0.562653438,1.097684251,1.950907,0.975453
mapping,get,256,0,262144,transpose,20261005,4,0.562653438,2.203363572,3.916023,0.979006
mapping,get,256,0,262144,transpose,20261005,8,0.562653438,4.379245200,7.783202,0.972900
mapping,get,256,0,262144,transpose,20261005,16,0.562653438,7.094381427,12.608794,0.788050
mapping,get,256,0,262144,transpose,20261005,32,0.562653438,12.511013189,22.235736,0.694867
mapping,get,256,0,262144,transpose,20261005,64,0.562653438,15.029270569,26.711417,0.417366
mapping,get,256,0,262144,shuffle,20261005,2,0.563044982,1.096521521,1.947485,0.973742
mapping,get,256,0,262144,shuffle,20261005,4,0.563044982,2.198513770,3.904686,0.976171
mapping,get,256,0,262144,shuffle,20261005,8,0.563044982,3.598188467,6.390588,0.798823
mapping,get,256,0,262144,shuffle,20261005,16,0.563044982,7.108159251,12.624496,0.789031
mapping,get,256,0,262144,shuffle,20261005,32,0.563044982,12.597483640,22.373849,0.699183
mapping,get,256,0,262144,shuffle,20261005,64,0.563044982,15.026512384,26.687943,0.416999
mapping,get,4096,0,131200,identity,20261005,2,5.706515682,10.634928053,1.863647,0.931823
mapping,get,4096,0,131200,identity,20261005,4,5.706515682,15.910673378,2.788159,0.697040
mapping,get,4096,0,131200,identity,20261005,8,5.706515682,19.951217908,3.496217,0.437027
mapping,get,4096,0,131200,identity,20261005,16,5.706515682,19.678418088,3.448412,0.215526
mapping,get,4096,0,131200,identity,20261005,32,5.706515682,20.726106320,3.632007,0.113500
mapping,get,4096,0,131200,identity,20261005,64,5.706515682,19.798008115,3.469369,0.054209
mapping,get,4096,0,131200,reverse,20261005,2,5.732102573,10.591738392,1.847793,0.923896
mapping,get,4096,0,131200,reverse,20261005,4,5.732102573,15.930800585,2.779225,0.694806
mapping,get,4096,0,131200,reverse,20261005,8,5.732102573,19.515797624,3.404649,0.425581
mapping,get,4096,0,131200,reverse,20261005,16,5.732102573,19.686309520,3.434396,0.214650
mapping,get,4096,0,131200,reverse,20261005,32,5.732102573,20.642862509,3.601272,0.112540
mapping,get,4096,0,131200,reverse,20261005,64,5.732102573,19.789278427,3.452359,0.053943
mapping,get,4096,0,131200,transpose,20261005,2,5.731869953,9.764330633,1.703516,0.851758
mapping,get,4096,0,131200,transpose,20261005,4,5.731869953,14.712207702,2.566738,0.641684
mapping,get,4096,0,131200,transpose,20261005,8,5.731869953,15.380239434,2.683285,0.335411
mapping,get,4096,0,131200,transpose,20261005,16,5.731869953,19.506770638,3.403212,0.212701
mapping,get,4096,0,131200,transpose,20261005,32,5.731869953,20.299034111,3.541433,0.110670
mapping,get,4096,0,131200,transpose,20261005,64,5.731869953,19.656778714,3.429383,0.053584
mapping,get,4096,0,131200,shuffle,20261005,2,5.794878832,9.627340142,1.661353,0.830677
mapping,get,4096,0,131200,shuffle,20261005,4,5.794878832,14.927562509,2.575992,0.643998
mapping,get,4096,0,131200,shuffle,20261005,8,5.794878832,17.617687367,3.040217,0.380027
mapping,get,4096,0,131200,shuffle,20261005,16,5.794878832,17.526054683,3.024404,0.189025
mapping,get,4096,0,131200,shuffle,20261005,32,5.794878832,20.268579712,3.497671,0.109302
mapping,get,4096,0,131200,shuffle,20261005,64,5.794878832,20.152733773,3.477680,0.054339
mapping,get,4096,0,131328,identity,20261005,2,5.699710422,10.427764942,1.829525,0.914763
mapping,get,4096,0,131328,identity,20261005,4,5.699710422,15.616019764,2.739792,0.684948
mapping,get,4096,0,131328,identity,20261005,8,5.699710422,20.097975176,3.526140,0.440767
mapping,get,4096,0,131328,identity,20261005,16,5.699710422,19.639567663,3.445713,0.215357
mapping,get,4096,0,131328,identity,20261005,32,5.699710422,20.419532659,3.582556,0.111955
mapping,get,4096,0,131328,identity,20261005,64,5.699710422,19.582248746,3.435657,0.053682
mapping,get,4096,0,131328,reverse,20261005,2,5.744410209,10.435150356,1.816575,0.908287
mapping,get,4096,0,131328,reverse,20261005,4,5.744410209,15.177171992,2.642077,0.660519
mapping,get,4096,0,131328,reverse,20261005,8,5.744410209,19.500211855,3.394641,0.424330
mapping,get,4096,0,131328,reverse,20261005,16,5.744410209,19.621039925,3.415675,0.213480
mapping,get,4096,0,131328,reverse,20261005,32,5.744410209,20.541290074,3.575875,0.111746
mapping,get,4096,0,131328,reverse,20261005,64,5.744410209,19.564331217,3.405803,0.053216
mapping,get,4096,0,131328,transpose,20261005,2,5.712054443,9.756097561,1.707984,0.853992
mapping,get,4096,0,131328,transpose,20261005,4,5.712054443,14.796244586,2.590354,0.647589
mapping,get,4096,0,131328,transpose,20261005,8,5.712054443,15.423145732,2.700105,0.337513
mapping,get,4096,0,131328,transpose,20261005,16,5.712054443,19.836119559,3.472677,0.217042
mapping,get,4096,0,131328,transpose,20261005,32,5.712054443,20.644228060,3.614151,0.112942
mapping,get,4096,0,131328,transpose,20261005,64,5.712054443,19.748785778,3.457388,0.054022
mapping,get,4096,0,131328,shuffle,20261005,2,5.730915603,9.799570551,1.709949,0.854974
mapping,get,4096,0,131328,shuffle,20261005,4,5.730915603,15.070056816,2.629607,0.657402
mapping,get,4096,0,131328,shuffle,20261005,8,5.730915603,17.184298560,2.998526,0.374816
mapping,get,4096,0,131328,shuffle,20261005,16,5.730915603,17.469446595,3.048282,0.190518
mapping,get,4096,0,131328,shuffle,20261005,32,5.730915603,20.604700290,3.595359,0.112355
mapping,get,4096,0,131328,shuffle,20261005,64,5.730915603,21.204450035,3.700011,0.057813
mapping,get,4096,0,135168,identity,20261005,2,5.730538763,10.553477868,1.841621,0.920810
mapping,get,4096,0,135168,identity,20261005,4,5.730538763,15.798354981,2.756871,0.689218
mapping,get,4096,0,135168,identity,20261005,8,5.730538763,20.198010526,3.524627,0.440578
mapping,get,4096,0,135168,identity,20261005,16,5.730538763,19.884786209,3.469968,0.216873
mapping,get,4096,0,135168,identity,20261005,32,5.730538763,20.705607000,3.613204,0.112913
mapping,get,4096,0,135168,identity,20261005,64,5.730538763,20.140353395,3.514565,0.054915
mapping,get,4096,0,135168,reverse,20261005,2,5.685327663,10.582584724,1.861385,0.930693
mapping,get,4096,0,135168,reverse,20261005,4,5.685327663,15.792735766,2.777806,0.694451
mapping,get,4096,0,135168,reverse,20261005,8,5.685327663,19.596175732,3.446798,0.430850
mapping,get,4096,0,135168,reverse,20261005,16,5.685327663,19.203551907,3.377739,0.211109
mapping,get,4096,0,135168,reverse,20261005,32,5.685327663,20.867466465,3.670407,0.114700
mapping,get,4096,0,135168,reverse,20261005,64,5.685327663,19.996977691,3.517296,0.054958
mapping,get,4096,0,135168,transpose,20261005,2,5.683670963,9.737484919,1.713239,0.856619
mapping,get,4096,0,135168,transpose,20261005,4,5.683670963,14.678478255,2.582570,0.645643
mapping,get,4096,0,135168,transpose,20261005,8,5.683670963,15.472499577,2.722272,0.340284
mapping,get,4096,0,135168,transpose,20261005,16,5.683670963,18.129248351,3.189708,0.199357
mapping,get,4096,0,135168,transpose,20261005,32,5.683670963,20.027228180,3.523643,0.110114
mapping,get,4096,0,135168,transpose,20261005,64,5.683670963,20.162796677,3.547495,0.055430
mapping,get,4096,0,135168,shuffle,20261005,2,5.708599414,9.788306367,1.714660,0.857330
mapping,get,4096,0,135168,shuffle,20261005,4,5.708599414,14.634242197,2.563543,0.640886
mapping,get,4096,0,135168,shuffle,20261005,8,5.708599414,17.200056690,3.013008,0.376626
mapping,get,4096,0,135168,shuffle,20261005,16,5.708599414,17.115682594,2.998228,0.187389
mapping,get,4096,0,135168,shuffle,20261005,32,5.708599414,19.919723538,3.489424,0.109044
mapping,get,4096,0,135168,shuffle,20261005,64,5.708599414,20.449442462,3.582217,0.055972
mapping,get,4096,0,262144,identity,20261005,2,5.744772762,9.765715805,1.699931,0.849965
mapping,get,4096,0,262144,identity,20261005,4,5.744772762,14.593247951,2.540265,0.635066
mapping,get,4096,0,262144,identity,20261005,8,5.744772762,15.467591600,2.692464,0.336558
mapping,get,4096,0,262144,identity,20261005,16,5.744772762,15.901766990,2.768041,0.173003
mapping,get,4096,0,262144,identity,20261005,32,5.744772762,16.230150347,2.825203,0.088288
mapping,get,4096,0,262144,identity,20261005,64,5.744772762,16.312033348,2.839457,0.044367
mapping,get,4096,0,262144,reverse,20261005,2,5.746384660,9.789265506,1.703552,0.851776
mapping,get,4096,0,262144,reverse,20261005,4,5.746384660,14.484502360,2.520629,0.630157
mapping,get,4096,0,262144,reverse,20261005,8,5.746384660,15.401724234,2.680246,0.335031
mapping,get,4096,0,262144,reverse,20261005,16,5.746384660,15.911415061,2.768944,0.173059
mapping,get,4096,0,262144,reverse,20261005,32,5.746384660,16.229724298,2.824337,0.088261
mapping,get,4096,0,262144,reverse,20261005,64,5.746384660,16.313258574,2.838873,0.044357
mapping,get,4096,0,262144,transpose,20261005,2,5.709777157,9.762561910,1.709797,0.854899
mapping,get,4096,0,262144,transpose,20261005,4,5.709777157,14.641016292,2.564201,0.641050
mapping,get,4096,0,262144,transpose,20261005,8,5.709777157,15.408676974,2.698648,0.337331
mapping,get,4096,0,262144,transpose,20261005,16,5.709777157,15.467496685,2.708949,0.169309
mapping,get,4096,0,262144,transpose,20261005,32,5.709777157,16.243336764,2.844828,0.088901
mapping,get,4096,0,262144,transpose,20261005,64,5.709777157,16.296287271,2.854102,0.044595
mapping,get,4096,0,262144,shuffle,20261005,2,5.722244808,9.774419942,1.708144,0.854072
mapping,get,4096,0,262144,shuffle,20261005,4,5.722244808,14.737205688,2.575424,0.643856
mapping,get,4096,0,262144,shuffle,20261005,8,5.722244808,15.439125518,2.698089,0.337261
mapping,get,4096,0,262144,shuffle,20261005,16,5.722244808,15.940608003,2.785726,0.174108
mapping,get,4096,0,262144,shuffle,20261005,32,5.722244808,16.221308388,2.834781,0.088587
mapping,get,4096,0,262144,shuffle,20261005,64,5.722244808,16.331897165,2.854107,0.044595
mapping,get,32768,0,131200,identity,20261005,2,13.898709254,17.356281535,1.248769,0.624385
mapping,get,32768,0,131200,identity,20261005,4,13.898709254,19.515027622,1.404089,0.351022
mapping,get,32768,0,131200,identity,20261005,8,13.898709254,20.709648974,1.490041,0.186255
mapping,get,32768,0,131200,identity,20261005,16,13.898709254,20.963804481,1.508327,0.094270
mapping,get,32768,0,131200,identity,20261005,32,13.898709254,21.346858396,1.535888,0.047996
mapping,get,32768,0,131200,identity,20261005,64,13.898709254,20.908081535,1.504318,0.023505
mapping,get,32768,0,131200,reverse,20261005,2,13.919627405,17.378022910,1.248455,0.624227
mapping,get,32768,0,131200,reverse,20261005,4,13.919627405,19.545790613,1.404189,0.351047
mapping,get,32768,0,131200,reverse,20261005,8,13.919627405,20.599135422,1.479863,0.184983
mapping,get,32768,0,131200,reverse,20261005,16,13.919627405,20.640430975,1.482829,0.092677
mapping,get,32768,0,131200,reverse,20261005,32,13.919627405,21.434399282,1.539869,0.048121
mapping,get,32768,0,131200,reverse,20261005,64,13.919627405,20.923710994,1.503180,0.023487
mapping,get,32768,0,131200,transpose,20261005,2,13.908838700,15.424844601,1.108996,0.554498
mapping,get,32768,0,131200,transpose,20261005,4,13.908838700,16.193829784,1.164283,0.291071
mapping,get,32768,0,131200,transpose,20261005,8,13.908838700,17.585551490,1.264344,0.158043
mapping,get,32768,0,131200,transpose,20261005,16,13.908838700,16.822922670,1.209513,0.075595
mapping,get,32768,0,131200,transpose,20261005,32,13.908838700,18.855093795,1.355620,0.042363
mapping,get,32768,0,131200,transpose,20261005,64,13.908838700,17.653981947,1.269264,0.019832
mapping,get,32768,0,131200,shuffle,20261005,2,13.968598788,15.433006561,1.104836,0.552418
mapping,get,32768,0,131200,shuffle,20261005,4,13.968598788,16.201728529,1.159868,0.289967
mapping,get,32768,0,131200,shuffle,20261005,8,13.968598788,18.687853800,1.337847,0.167231
mapping,get,32768,0,131200,shuffle,20261005,16,13.968598788,17.098389969,1.224059,0.076504
mapping,get,32768,0,131200,shuffle,20261005,32,13.968598788,20.165711479,1.443646,0.045114
mapping,get,32768,0,131200,shuffle,20261005,64,13.968598788,19.555902262,1.399990,0.021875
mapping,get,32768,0,131328,identity,20261005,2,13.934484788,17.348186165,1.244982,0.622491
mapping,get,32768,0,131328,identity,20261005,4,13.934484788,19.463038017,1.396753,0.349188
mapping,get,32768,0,131328,identity,20261005,8,13.934484788,20.579438884,1.476871,0.184609
mapping,get,32768,0,131328,identity,20261005,16,13.934484788,20.644556469,1.481544,0.092597
mapping,get,32768,0,131328,identity,20261005,32,13.934484788,20.879553917,1.498409,0.046825
mapping,get,32768,0,131328,identity,20261005,64,13.934484788,20.862632497,1.497194,0.023394
mapping,get,32768,0,131328,reverse,20261005,2,13.926815367,17.339506511,1.245045,0.622522
mapping,get,32768,0,131328,reverse,20261005,4,13.926815367,19.501764089,1.400303,0.350076
mapping,get,32768,0,131328,reverse,20261005,8,13.926815367,20.588519189,1.478336,0.184792
mapping,get,32768,0,131328,reverse,20261005,16,13.926815367,20.552531973,1.475752,0.092235
mapping,get,32768,0,131328,reverse,20261005,32,13.926815367,20.706722025,1.486824,0.046463
mapping,get,32768,0,131328,reverse,20261005,64,13.926815367,20.884830619,1.499613,0.023431
mapping,get,32768,0,131328,transpose,20261005,2,13.922046228,15.994427723,1.148856,0.574428
mapping,get,32768,0,131328,transpose,20261005,4,13.922046228,16.281473526,1.169474,0.292369
mapping,get,32768,0,131328,transpose,20261005,8,13.922046228,17.702498699,1.271544,0.158943
mapping,get,32768,0,131328,transpose,20261005,16,13.922046228,16.875719983,1.212158,0.075760
mapping,get,32768,0,131328,transpose,20261005,32,13.922046228,19.156615014,1.375991,0.043000
mapping,get,32768,0,131328,transpose,20261005,64,13.922046228,17.756611301,1.275431,0.019929
mapping,get,32768,0,131328,shuffle,20261005,2,13.955766421,15.667265680,1.122637,0.561319
mapping,get,32768,0,131328,shuffle,20261005,4,13.955766421,16.442384853,1.178179,0.294545
mapping,get,32768,0,131328,shuffle,20261005,8,13.955766421,18.711757884,1.340790,0.167599
mapping,get,32768,0,131328,shuffle,20261005,16,13.955766421,17.084170155,1.224166,0.076510
mapping,get,32768,0,131328,shuffle,20261005,32,13.955766421,20.249251865,1.450959,0.045342
mapping,get,32768,0,131328,shuffle,20261005,64,13.955766421,19.562259884,1.401733,0.021902
mapping,get,32768,0,135168,identity,20261005,2,13.826784585,17.408447996,1.259038,0.629519
mapping,get,32768,0,135168,identity,20261005,4,13.826784585,19.548043950,1.413781,0.353445
mapping,get,32768,0,135168,identity,20261005,8,13.826784585,20.713772726,1.498090,0.187261
mapping,get,32768,0,135168,identity,20261005,16,13.826784585,20.986711021,1.517830,0.094864
mapping,get,32768,0,135168,identity,20261005,32,13.826784585,21.243465246,1.536400,0.048012
mapping,get,32768,0,135168,identity,20261005,64,13.826784585,20.606011192,1.490297,0.023286
mapping,get,32768,0,135168,reverse,20261005,2,13.890107580,17.385578851,1.251652,0.625826
mapping,get,32768,0,135168,reverse,20261005,4,13.890107580,19.526301856,1.405770,0.351443
mapping,get,32768,0,135168,reverse,20261005,8,13.890107580,20.624970987,1.484868,0.185608
mapping,get,32768,0,135168,reverse,20261005,16,13.890107580,20.042423017,1.442928,0.090183
mapping,get,32768,0,135168,reverse,20261005,32,13.890107580,21.152263554,1.522829,0.047588
mapping,get,32768,0,135168,reverse,20261005,64,13.890107580,20.559740673,1.480171,0.023128
mapping,get,32768,0,135168,transpose,20261005,2,13.897017536,15.219972684,1.095197,0.547599
mapping,get,32768,0,135168,transpose,20261005,4,13.897017536,16.202898182,1.165926,0.291482
mapping,get,32768,0,135168,transpose,20261005,8,13.897017536,17.504908197,1.259616,0.157452
mapping,get,32768,0,135168,transpose,20261005,16,13.897017536,16.702126446,1.201850,0.075116
mapping,get,32768,0,135168,transpose,20261005,32,13.897017536,20.060871580,1.443538,0.045111
mapping,get,32768,0,135168,transpose,20261005,64,13.897017536,19.726013956,1.419442,0.022179
mapping,get,32768,0,135168,shuffle,20261005,2,13.927093569,15.987560460,1.147947,0.573973
mapping,get,32768,0,135168,shuffle,20261005,4,13.927093569,16.217928413,1.164488,0.291122
mapping,get,32768,0,135168,shuffle,20261005,8,13.927093569,18.654000679,1.339404,0.167425
mapping,get,32768,0,135168,shuffle,20261005,16,13.927093569,17.989775205,1.291711,0.080732
mapping,get,32768,0,135168,shuffle,20261005,32,13.927093569,19.434159440,1.395421,0.043607
mapping,get,32768,0,135168,shuffle,20261005,64,13.927093569,19.504835012,1.400496,0.021883
mapping,get,32768,0,262144,identity,20261005,2,13.935213674,14.899936522,1.069229,0.534615
mapping,get,32768,0,262144,identity,20261005,4,13.935213674,16.172286575,1.160534,0.290133
mapping,get,32768,0,262144,identity,20261005,8,13.935213674,17.493587651,1.255351,0.156919
mapping,get,32768,0,262144,identity,20261005,16,13.935213674,16.605834226,1.191645,0.074478
mapping,get,32768,0,262144,identity,20261005,32,13.935213674,17.289364316,1.240696,0.038772
mapping,get,32768,0,262144,identity,20261005,64,13.935213674,16.262745982,1.167025,0.018235
mapping,get,32768,0,262144,reverse,20261005,2,13.957377352,15.504044688,1.110814,0.555407
mapping,get,32768,0,262144,reverse,20261005,4,13.957377352,16.223780032,1.162380,0.290595
mapping,get,32768,0,262144,reverse,20261005,8,13.957377352,17.519782302,1.255235,0.156904
mapping,get,32768,0,262144,reverse,20261005,16,13.957377352,16.528346700,1.184201,0.074013
mapping,get,32768,0,262144,reverse,20261005,32,13.957377352,17.275102987,1.237704,0.038678
mapping,get,32768,0,262144,reverse,20261005,64,13.957377352,16.300233229,1.167858,0.018248
mapping,get,32768,0,262144,transpose,20261005,2,13.957615159,15.394560789,1.102951,0.551475
mapping,get,32768,0,262144,transpose,20261005,4,13.957615159,16.153324469,1.157313,0.289328
mapping,get,32768,0,262144,transpose,20261005,8,13.957615159,17.538149442,1.256529,0.157066
mapping,get,32768,0,262144,transpose,20261005,16,13.957615159,16.481423238,1.180819,0.073801
mapping,get,32768,0,262144,transpose,20261005,32,13.957615159,17.288144854,1.238617,0.038707
mapping,get,32768,0,262144,transpose,20261005,64,13.957615159,16.297854760,1.167668,0.018245
mapping,get,32768,0,262144,shuffle,20261005,2,13.945497313,15.434511309,1.106774,0.553387
mapping,get,32768,0,262144,shuffle,20261005,4,13.945497313,16.345324918,1.172086,0.293022
mapping,get,32768,0,262144,shuffle,20261005,8,13.945497313,17.509176916,1.255543,0.156943
mapping,get,32768,0,262144,shuffle,20261005,16,13.945497313,16.592902569,1.189839,0.074365
mapping,get,32768,0,262144,shuffle,20261005,32,13.945497313,17.353730529,1.244397,0.038887
mapping,get,32768,0,262144,shuffle,20261005,64,13.945497313,16.293607647,1.168378,0.018256
mapping,get,65536,0,131200,identity,20261005,2,15.697143995,17.450900038,1.111725,0.555862
mapping,get,65536,0,131200,identity,20261005,4,15.697143995,19.720464759,1.256309,0.314077
mapping,get,65536,0,131200,identity,20261005,8,15.697143995,20.873075895,1.329737,0.166217
mapping,get,65536,0,131200,identity,20261005,16,15.697143995,21.313447807,1.357791,0.084862
mapping,get,65536,0,131200,identity,20261005,32,15.697143995,21.468140124,1.367646,0.042739
mapping,get,65536,0,131200,identity,20261005,64,15.697143995,20.968719418,1.335830,0.020872
mapping,get,65536,0,131200,reverse,20261005,2,15.618885467,17.354351193,1.111113,0.555557
mapping,get,65536,0,131200,reverse,20261005,4,15.618885467,19.679908699,1.260007,0.315002
mapping,get,65536,0,131200,reverse,20261005,8,15.618885467,20.891078484,1.337552,0.167194
mapping,get,65536,0,131200,reverse,20261005,16,15.618885467,21.339811863,1.366283,0.085393
mapping,get,65536,0,131200,reverse,20261005,32,15.618885467,21.469104057,1.374561,0.042955
mapping,get,65536,0,131200,reverse,20261005,64,15.618885467,20.958787327,1.341888,0.020967
mapping,get,65536,0,131200,transpose,20261005,2,15.670554894,15.354971247,0.979861,0.489931
mapping,get,65536,0,131200,transpose,20261005,4,15.670554894,15.898409898,1.014540,0.253635
mapping,get,65536,0,131200,transpose,20261005,8,15.670554894,17.083523856,1.090167,0.136271
mapping,get,65536,0,131200,transpose,20261005,16,15.670554894,16.799163233,1.072021,0.067001
mapping,get,65536,0,131200,transpose,20261005,32,15.670554894,18.836919864,1.202058,0.037564
mapping,get,65536,0,131200,transpose,20261005,64,15.670554894,17.621896368,1.124523,0.017571
mapping,get,65536,0,131200,shuffle,20261005,2,15.683770614,15.548750288,0.991391,0.495696
mapping,get,65536,0,131200,shuffle,20261005,4,15.683770614,15.901723582,1.013897,0.253474
mapping,get,65536,0,131200,shuffle,20261005,8,15.683770614,18.347386512,1.169833,0.146229
mapping,get,65536,0,131200,shuffle,20261005,16,15.683770614,16.936151348,1.079852,0.067491
mapping,get,65536,0,131200,shuffle,20261005,32,15.683770614,19.945296974,1.271716,0.039741
mapping,get,65536,0,131200,shuffle,20261005,64,15.683770614,19.432353345,1.239010,0.019360
mapping,get,65536,0,131328,identity,20261005,2,15.667029719,17.410855244,1.111305,0.555653
mapping,get,65536,0,131328,identity,20261005,4,15.667029719,19.698917899,1.257349,0.314337
mapping,get,65536,0,131328,identity,20261005,8,15.667029719,20.876987331,1.332543,0.166568
mapping,get,65536,0,131328,identity,20261005,16,15.667029719,21.324446846,1.361103,0.085069
mapping,get,65536,0,131328,identity,20261005,32,15.667029719,21.415162065,1.366894,0.042715
mapping,get,65536,0,131328,identity,20261005,64,15.667029719,20.933077345,1.336123,0.020877
mapping,get,65536,0,131328,reverse,20261005,2,15.690570909,17.427567073,1.110703,0.555352
mapping,get,65536,0,131328,reverse,20261005,4,15.690570909,19.780884806,1.260686,0.315172
mapping,get,65536,0,131328,reverse,20261005,8,15.690570909,20.862871174,1.329644,0.166205
mapping,get,65536,0,131328,reverse,20261005,16,15.690570909,21.296195839,1.357261,0.084829
mapping,get,65536,0,131328,reverse,20261005,32,15.690570909,21.395161528,1.363568,0.042612
mapping,get,65536,0,131328,reverse,20261005,64,15.690570909,20.946207451,1.334955,0.020859
mapping,get,65536,0,131328,transpose,20261005,2,15.648818507,15.527742073,0.992263,0.496131
mapping,get,65536,0,131328,transpose,20261005,4,15.648818507,15.986954005,1.021608,0.255402
mapping,get,65536,0,131328,transpose,20261005,8,15.648818507,17.173418582,1.097426,0.137178
mapping,get,65536,0,131328,transpose,20261005,16,15.648818507,16.733219680,1.069296,0.066831
mapping,get,65536,0,131328,transpose,20261005,32,15.648818507,18.943253702,1.210523,0.037829
mapping,get,65536,0,131328,transpose,20261005,64,15.648818507,17.707206339,1.131536,0.017680
mapping,get,65536,0,131328,shuffle,20261005,2,15.678900257,15.628942352,0.996814,0.498407
mapping,get,65536,0,131328,shuffle,20261005,4,15.678900257,15.882877351,1.013010,0.253252
mapping,get,65536,0,131328,shuffle,20261005,8,15.678900257,18.349306485,1.170318,0.146290
mapping,get,65536,0,131328,shuffle,20261005,16,15.678900257,17.054316721,1.087724,0.067983
mapping,get,65536,0,131328,shuffle,20261005,32,15.678900257,20.116038589,1.283001,0.040094
mapping,get,65536,0,131328,shuffle,20261005,64,15.678900257,19.423211334,1.238812,0.019356
mapping,get,65536,0,135168,identity,20261005,2,15.666243233,17.588898940,1.122726,0.561363
mapping,get,65536,0,135168,identity,20261005,4,15.666243233,19.761227050,1.261389,0.315347
mapping,get,65536,0,135168,identity,20261005,8,15.666243233,20.873106642,1.332362,0.166545
mapping,get,65536,0,135168,identity,20261005,16,15.666243233,21.173048463,1.351508,0.084469
mapping,get,65536,0,135168,identity,20261005,32,15.666243233,21.299175223,1.359559,0.042486
mapping,get,65536,0,135168,identity,20261005,64,15.666243233,20.602384603,1.315081,0.020548
mapping,get,65536,0,135168,reverse,20261005,2,15.658143281,17.605701436,1.124380,0.562190
mapping,get,65536,0,135168,reverse,20261005,4,15.658143281,19.738286096,1.260576,0.315144
mapping,get,65536,0,135168,reverse,20261005,8,15.658143281,20.811961352,1.329146,0.166143
mapping,get,65536,0,135168,reverse,20261005,16,15.658143281,20.942025252,1.337453,0.083591
mapping,get,65536,0,135168,reverse,20261005,32,15.658143281,21.179720037,1.352633,0.042270
mapping,get,65536,0,135168,reverse,20261005,64,15.658143281,20.586991035,1.314779,0.020543
mapping,get,65536,0,135168,transpose,20261005,2,15.652245771,15.797726618,1.009295,0.504647
mapping,get,65536,0,135168,transpose,20261005,4,15.652245771,15.866909325,1.013715,0.253429
mapping,get,65536,0,135168,transpose,20261005,8,15.652245771,17.064107051,1.090202,0.136275
mapping,get,65536,0,135168,transpose,20261005,16,15.652245771,16.741027523,1.069561,0.066848
mapping,get,65536,0,135168,transpose,20261005,32,15.652245771,19.986130231,1.276886,0.039903
mapping,get,65536,0,135168,transpose,20261005,64,15.652245771,19.528923771,1.247676,0.019495
mapping,get,65536,0,135168,shuffle,20261005,2,15.690815094,16.095253170,1.025775,0.512888
mapping,get,65536,0,135168,shuffle,20261005,4,15.690815094,15.886567734,1.012476,0.253119
mapping,get,65536,0,135168,shuffle,20261005,8,15.690815094,18.001795482,1.147282,0.143410
mapping,get,65536,0,135168,shuffle,20261005,16,15.690815094,17.855737089,1.137974,0.071123
mapping,get,65536,0,135168,shuffle,20261005,32,15.690815094,19.580468314,1.247894,0.038997
mapping,get,65536,0,135168,shuffle,20261005,64,15.690815094,19.564272813,1.246861,0.019482
mapping,get,65536,0,262144,identity,20261005,2,15.654578814,15.797720906,1.009144,0.504572
mapping,get,65536,0,262144,identity,20261005,4,15.654578814,15.895671076,1.015401,0.253850
mapping,get,65536,0,262144,identity,20261005,8,15.654578814,17.080460584,1.091084,0.136386
mapping,get,65536,0,262144,identity,20261005,16,15.654578814,16.672422489,1.065019,0.066564
mapping,get,65536,0,262144,identity,20261005,32,15.654578814,17.525159379,1.119491,0.034984
mapping,get,65536,0,262144,identity,20261005,64,15.654578814,16.333725495,1.043383,0.016303
mapping,get,65536,0,262144,reverse,20261005,2,15.666329368,15.809143955,1.009116,0.504558
mapping,get,65536,0,262144,reverse,20261005,4,15.666329368,15.883723274,1.013877,0.253469
mapping,get,65536,0,262144,reverse,20261005,8,15.666329368,17.081933088,1.090360,0.136295
mapping,get,65536,0,262144,reverse,20261005,16,15.666329368,16.648363262,1.062684,0.066418
mapping,get,65536,0,262144,reverse,20261005,32,15.666329368,17.560802614,1.120926,0.035029
mapping,get,65536,0,262144,reverse,20261005,64,15.666329368,16.316298134,1.041488,0.016273
mapping,get,65536,0,262144,transpose,20261005,2,15.670952091,15.553604710,0.992512,0.496256
mapping,get,65536,0,262144,transpose,20261005,4,15.670952091,15.926675468,1.016318,0.254080
mapping,get,65536,0,262144,transpose,20261005,8,15.670952091,17.089683221,1.090533,0.136317
mapping,get,65536,0,262144,transpose,20261005,16,15.670952091,16.575089284,1.057695,0.066106
mapping,get,65536,0,262144,transpose,20261005,32,15.670952091,17.571317685,1.121267,0.035040
mapping,get,65536,0,262144,transpose,20261005,64,15.670952091,16.333769193,1.042296,0.016286
mapping,get,65536,0,262144,shuffle,20261005,2,15.668041031,15.902559937,1.014968,0.507484
mapping,get,65536,0,262144,shuffle,20261005,4,15.668041031,15.887314875,1.013995,0.253499
mapping,get,65536,0,262144,shuffle,20261005,8,15.668041031,17.094892159,1.091068,0.136383
mapping,get,65536,0,262144,shuffle,20261005,16,15.668041031,16.654937051,1.062988,0.066437
mapping,get,65536,0,262144,shuffle,20261005,32,15.668041031,17.475969284,1.115390,0.034856
mapping,get,65536,0,262144,shuffle,20261005,64,15.668041031,16.316594428,1.041393,0.016272
mapping,get,98304,0,131200,identity,20261005,2,16.332533465,17.405914282,1.065720,0.532860
mapping,get,98304,0,131200,identity,20261005,4,16.332533465,19.721349473,1.207489,0.301872
mapping,get,98304,0,131200,identity,20261005,8,16.332533465,20.935414505,1.281823,0.160228
mapping,get,98304,0,131200,identity,20261005,16,16.332533465,21.306212185,1.304526,0.081533
mapping,get,98304,0,131200,identity,20261005,32,16.332533465,21.466781988,1.314357,0.041074
mapping,get,98304,0,131200,identity,20261005,64,16.332533465,20.948440823,1.282620,0.020041
mapping,get,98304,0,131200,reverse,20261005,2,16.345022570,17.383442176,1.063531,0.531766
mapping,get,98304,0,131200,reverse,20261005,4,16.345022570,19.742357654,1.207851,0.301963
mapping,get,98304,0,131200,reverse,20261005,8,16.345022570,20.940639537,1.281163,0.160145
mapping,get,98304,0,131200,reverse,20261005,16,16.345022570,21.296780042,1.302952,0.081435
mapping,get,98304,0,131200,reverse,20261005,32,16.345022570,21.468978268,1.313487,0.041046
mapping,get,98304,0,131200,reverse,20261005,64,16.345022570,20.990288747,1.284201,0.020066
mapping,get,98304,0,131200,transpose,20261005,2,16.341313765,15.023039101,0.919329,0.459664
mapping,get,98304,0,131200,transpose,20261005,4,16.341313765,15.782669127,0.965814,0.241453
mapping,get,98304,0,131200,transpose,20261005,8,16.341313765,16.961267188,1.037938,0.129742
mapping,get,98304,0,131200,transpose,20261005,16,16.341313765,16.764433008,1.025893,0.064118
mapping,get,98304,0,131200,transpose,20261005,32,16.341313765,18.749648637,1.147377,0.035856
mapping,get,98304,0,131200,transpose,20261005,64,16.341313765,17.658556386,1.080608,0.016885
mapping,get,98304,0,131200,shuffle,20261005,2,16.368231937,15.861091534,0.969017,0.484508
mapping,get,98304,0,131200,shuffle,20261005,4,16.368231937,15.769926930,0.963447,0.240862
mapping,get,98304,0,131200,shuffle,20261005,8,16.368231937,18.342434323,1.120612,0.140076
mapping,get,98304,0,131200,shuffle,20261005,16,16.368231937,16.731210436,1.022176,0.063886
mapping,get,98304,0,131200,shuffle,20261005,32,16.368231937,19.950525522,1.218856,0.038089
mapping,get,98304,0,131200,shuffle,20261005,64,16.368231937,19.547699576,1.194246,0.018660
mapping,get,98304,0,131328,identity,20261005,2,16.349385626,17.373885832,1.062663,0.531331
mapping,get,98304,0,131328,identity,20261005,4,16.349385626,19.740832295,1.207436,0.301859
mapping,get,98304,0,131328,identity,20261005,8,16.349385626,20.939468096,1.280750,0.160094
mapping,get,98304,0,131328,identity,20261005,16,16.349385626,21.239513670,1.299102,0.081194
mapping,get,98304,0,131328,identity,20261005,32,16.349385626,21.426420039,1.310534,0.040954
mapping,get,98304,0,131328,identity,20261005,64,16.349385626,20.922521756,1.279713,0.019996
mapping,get,98304,0,131328,reverse,20261005,2,15.975020829,17.139848762,1.072916,0.536458
mapping,get,98304,0,131328,reverse,20261005,4,15.975020829,19.571207903,1.225113,0.306278
mapping,get,98304,0,131328,reverse,20261005,8,15.975020829,20.862982420,1.305975,0.163247
mapping,get,98304,0,131328,reverse,20261005,16,15.975020829,21.090264658,1.320203,0.082513
mapping,get,98304,0,131328,reverse,20261005,32,15.975020829,21.162714402,1.324738,0.041398
mapping,get,98304,0,131328,reverse,20261005,64,15.975020829,20.919116219,1.309489,0.020461
mapping,get,98304,0,131328,transpose,20261005,2,16.335149735,15.511700798,0.949590,0.474795
mapping,get,98304,0,131328,transpose,20261005,4,16.335149735,15.762761966,0.964960,0.241240
mapping,get,98304,0,131328,transpose,20261005,8,16.335149735,16.967022598,1.038682,0.129835
mapping,get,98304,0,131328,transpose,20261005,16,16.335149735,16.726026865,1.023929,0.063996
mapping,get,98304,0,131328,transpose,20261005,32,16.335149735,18.715043021,1.145692,0.035803
mapping,get,98304,0,131328,transpose,20261005,64,16.335149735,17.738642975,1.085919,0.016967
mapping,get,98304,0,131328,shuffle,20261005,2,16.059714221,15.618294873,0.972514,0.486257
mapping,get,98304,0,131328,shuffle,20261005,4,16.059714221,15.783573782,0.982805,0.245701
mapping,get,98304,0,131328,shuffle,20261005,8,16.059714221,18.268487758,1.137535,0.142192
mapping,get,98304,0,131328,shuffle,20261005,16,16.059714221,17.470394867,1.087840,0.067990
mapping,get,98304,0,131328,shuffle,20261005,32,16.059714221,19.994037753,1.244981,0.038906
mapping,get,98304,0,131328,shuffle,20261005,64,16.059714221,19.539726239,1.216692,0.019011
mapping,get,98304,0,135168,identity,20261005,2,16.351237570,17.375015885,1.062612,0.531306
mapping,get,98304,0,135168,identity,20261005,4,16.351237570,19.687040857,1.204009,0.301002
mapping,get,98304,0,135168,identity,20261005,8,16.351237570,20.862991829,1.275927,0.159491
mapping,get,98304,0,135168,identity,20261005,16,16.351237570,20.950374647,1.281271,0.080079
mapping,get,98304,0,135168,identity,20261005,32,16.351237570,21.184257397,1.295575,0.040487
mapping,get,98304,0,135168,identity,20261005,64,16.351237570,20.601181825,1.259916,0.019686
mapping,get,98304,0,135168,reverse,20261005,2,16.318061433,17.404524443,1.066580,0.533290
mapping,get,98304,0,135168,reverse,20261005,4,16.318061433,19.655028301,1.204495,0.301124
mapping,get,98304,0,135168,reverse,20261005,8,16.318061433,20.901418871,1.280876,0.160110
mapping,get,98304,0,135168,reverse,20261005,16,16.318061433,21.032814670,1.288929,0.080558
mapping,get,98304,0,135168,reverse,20261005,32,16.318061433,21.173403034,1.297544,0.040548
mapping,get,98304,0,135168,reverse,20261005,64,16.318061433,20.561423438,1.260041,0.019688
mapping,get,98304,0,135168,transpose,20261005,2,16.349328524,15.047866110,0.920397,0.460198
mapping,get,98304,0,135168,transpose,20261005,4,16.349328524,15.728969050,0.962056,0.240514
mapping,get,98304,0,135168,transpose,20261005,8,16.349328524,16.937673856,1.035986,0.129498
mapping,get,98304,0,135168,transpose,20261005,16,16.349328524,16.716992211,1.022488,0.063905
mapping,get,98304,0,135168,transpose,20261005,32,16.349328524,19.832182032,1.213027,0.037907
mapping,get,98304,0,135168,transpose,20261005,64,16.349328524,19.177714510,1.172997,0.018328
mapping,get,98304,0,135168,shuffle,20261005,2,16.337041896,15.618847003,0.956039,0.478019
mapping,get,98304,0,135168,shuffle,20261005,4,16.337041896,15.736092613,0.963216,0.240804
mapping,get,98304,0,135168,shuffle,20261005,8,16.337041896,17.555499317,1.074582,0.134323
mapping,get,98304,0,135168,shuffle,20261005,16,16.337041896,17.479085655,1.069905,0.066869
mapping,get,98304,0,135168,shuffle,20261005,32,16.337041896,19.443909869,1.190173,0.037193
mapping,get,98304,0,135168,shuffle,20261005,64,16.337041896,19.712221239,1.206597,0.018853
mapping,get,98304,0,262144,identity,20261005,2,16.345810738,15.503518982,0.948470,0.474235
mapping,get,98304,0,262144,identity,20261005,4,16.345810738,15.723339348,0.961919,0.240480
mapping,get,98304,0,262144,identity,20261005,8,16.345810738,16.943296086,1.036553,0.129569
mapping,get,98304,0,262144,identity,20261005,16,16.345810738,16.722384061,1.023038,0.063940
mapping,get,98304,0,262144,identity,20261005,32,16.345810738,17.539879033,1.073050,0.033533
mapping,get,98304,0,262144,identity,20261005,64,16.345810738,16.366315684,1.001254,0.015645
mapping,get,98304,0,262144,reverse,20261005,2,16.328198382,14.462650181,0.885747,0.442873
mapping,get,98304,0,262144,reverse,20261005,4,16.328198382,15.733636374,0.963587,0.240897
mapping,get,98304,0,262144,reverse,20261005,8,16.328198382,16.947281016,1.037915,0.129739
mapping,get,98304,0,262144,reverse,20261005,16,16.328198382,16.692045793,1.022283,0.063893
mapping,get,98304,0,262144,reverse,20261005,32,16.328198382,17.574532223,1.076330,0.033635
mapping,get,98304,0,262144,reverse,20261005,64,16.328198382,16.377776615,1.003036,0.015672
mapping,get,98304,0,262144,transpose,20261005,2,16.338339786,15.751376166,0.964074,0.482037
mapping,get,98304,0,262144,transpose,20261005,4,16.338339786,15.710075090,0.961547,0.240387
mapping,get,98304,0,262144,transpose,20261005,8,16.338339786,16.934622549,1.036496,0.129562
mapping,get,98304,0,262144,transpose,20261005,16,16.338339786,16.688511090,1.021432,0.063840
mapping,get,98304,0,262144,transpose,20261005,32,16.338339786,17.660193659,1.080905,0.033778
mapping,get,98304,0,262144,transpose,20261005,64,16.338339786,16.371536486,1.002032,0.015657
mapping,get,98304,0,262144,shuffle,20261005,2,16.329410780,15.293553096,0.936565,0.468282
mapping,get,98304,0,262144,shuffle,20261005,4,16.329410780,15.776484398,0.966139,0.241535
mapping,get,98304,0,262144,shuffle,20261005,8,16.329410780,16.945486945,1.037728,0.129716
mapping,get,98304,0,262144,shuffle,20261005,16,16.329410780,16.700600769,1.022731,0.063921
mapping,get,98304,0,262144,shuffle,20261005,32,16.329410780,17.575224358,1.076293,0.033634
mapping,get,98304,0,262144,shuffle,20261005,64,16.329410780,16.365643800,1.002219,0.015660
mapping,get,131072,0,131200,identity,20261005,2,16.605292506,16.909682939,1.018331,0.509165
mapping,get,131072,0,131200,identity,20261005,4,16.605292506,19.502521437,1.174476,0.293619
mapping,get,131072,0,131200,identity,20261005,8,16.605292506,20.920842189,1.259890,0.157486
mapping,get,131072,0,131200,identity,20261005,16,16.605292506,21.140144361,1.273097,0.079569
mapping,get,131072,0,131200,identity,20261005,32,16.605292506,21.375707155,1.287283,0.040228
mapping,get,131072,0,131200,identity,20261005,64,16.605292506,20.847710192,1.255486,0.019617
mapping,get,131072,0,131200,reverse,20261005,2,16.511936548,16.700177148,1.011400,0.505700
mapping,get,131072,0,131200,reverse,20261005,4,16.511936548,19.432724909,1.176890,0.294222
mapping,get,131072,0,131200,reverse,20261005,8,16.511936548,20.881213762,1.264613,0.158077
mapping,get,131072,0,131200,reverse,20261005,16,16.511936548,20.989685943,1.271183,0.079449
mapping,get,131072,0,131200,reverse,20261005,32,16.511936548,21.338663441,1.292317,0.040385
mapping,get,131072,0,131200,reverse,20261005,64,16.511936548,20.848365266,1.262624,0.019728
mapping,get,131072,0,131200,transpose,20261005,2,16.673292038,15.862452477,0.951369,0.475684
mapping,get,131072,0,131200,transpose,20261005,4,16.673292038,15.708229512,0.942119,0.235530
mapping,get,131072,0,131200,transpose,20261005,8,16.673292038,16.928539811,1.015309,0.126914
mapping,get,131072,0,131200,transpose,20261005,16,16.673292038,16.676002802,1.000163,0.062510
mapping,get,131072,0,131200,transpose,20261005,32,16.673292038,18.999344615,1.139508,0.035610
mapping,get,131072,0,131200,transpose,20261005,64,16.673292038,18.521831257,1.110868,0.017357
mapping,get,131072,0,131200,shuffle,20261005,2,16.521383565,15.869288552,0.960530,0.480265
mapping,get,131072,0,131200,shuffle,20261005,4,16.521383565,15.696331926,0.950062,0.237515
mapping,get,131072,0,131200,shuffle,20261005,8,16.521383565,18.118272243,1.096656,0.137082
mapping,get,131072,0,131200,shuffle,20261005,16,16.521383565,17.148535573,1.037960,0.064873
mapping,get,131072,0,131200,shuffle,20261005,32,16.521383565,20.120224354,1.217829,0.038057
mapping,get,131072,0,131200,shuffle,20261005,64,16.521383565,19.733156768,1.194401,0.018663
mapping,get,131072,0,131328,identity,20261005,2,16.702336087,16.866643212,1.009837,0.504919
mapping,get,131072,0,131328,identity,20261005,4,16.702336087,19.521666884,1.168799,0.292200
mapping,get,131072,0,131328,identity,20261005,8,16.702336087,20.925467649,1.252847,0.156606
mapping,get,131072,0,131328,identity,20261005,16,16.702336087,21.198577111,1.269198,0.079325
mapping,get,131072,0,131328,identity,20261005,32,16.702336087,21.361078246,1.278928,0.039966
mapping,get,131072,0,131328,identity,20261005,64,16.702336087,20.833260277,1.247326,0.019489
mapping,get,131072,0,131328,reverse,20261005,2,16.440361670,16.667856725,1.013838,0.506919
mapping,get,131072,0,131328,reverse,20261005,4,16.440361670,19.411222631,1.180705,0.295176
mapping,get,131072,0,131328,reverse,20261005,8,16.440361670,20.847965367,1.268097,0.158512
mapping,get,131072,0,131328,reverse,20261005,16,16.440361670,20.963977161,1.275153,0.079697
mapping,get,131072,0,131328,reverse,20261005,32,16.440361670,21.292812356,1.295155,0.040474
mapping,get,131072,0,131328,reverse,20261005,64,16.440361670,20.777934684,1.263837,0.019747
mapping,get,131072,0,131328,transpose,20261005,2,16.695866260,15.867551848,0.950388,0.475194
mapping,get,131072,0,131328,transpose,20261005,4,16.695866260,15.736327668,0.942528,0.235632
mapping,get,131072,0,131328,transpose,20261005,8,16.695866260,16.939670694,1.014603,0.126825
mapping,get,131072,0,131328,transpose,20261005,16,16.695866260,16.680291231,0.999067,0.062442
mapping,get,131072,0,131328,transpose,20261005,32,16.695866260,19.089946963,1.143394,0.035731
mapping,get,131072,0,131328,transpose,20261005,64,16.695866260,18.630624095,1.115882,0.017436
mapping,get,131072,0,131328,shuffle,20261005,2,16.523468400,15.707868543,0.950640,0.475320
mapping,get,131072,0,131328,shuffle,20261005,4,16.523468400,15.676806989,0.948760,0.237190
mapping,get,131072,0,131328,shuffle,20261005,8,16.523468400,18.157788071,1.098909,0.137364
mapping,get,131072,0,131328,shuffle,20261005,16,16.523468400,17.493186076,1.058687,0.066168
mapping,get,131072,0,131328,shuffle,20261005,32,16.523468400,20.054080798,1.213673,0.037927
mapping,get,131072,0,131328,shuffle,20261005,64,16.523468400,19.793790551,1.197920,0.018717
mapping,get,131072,0,135168,identity,20261005,2,16.679653106,16.498279457,0.989126,0.494563
mapping,get,131072,0,135168,identity,20261005,4,16.679653106,19.448819777,1.166021,0.291505
mapping,get,131072,0,135168,identity,20261005,8,16.679653106,20.828211905,1.248720,0.156090
mapping,get,131072,0,135168,identity,20261005,16,16.679653106,20.705396234,1.241357,0.077585
mapping,get,131072,0,135168,identity,20261005,32,16.679653106,21.118826880,1.266143,0.039567
mapping,get,131072,0,135168,identity,20261005,64,16.679653106,20.516083112,1.230007,0.019219
mapping,get,131072,0,135168,reverse,20261005,2,16.450990490,16.717440851,1.016197,0.508098
mapping,get,131072,0,135168,reverse,20261005,4,16.450990490,19.549594332,1.188354,0.297088
mapping,get,131072,0,135168,reverse,20261005,8,16.450990490,20.888452473,1.269738,0.158717
mapping,get,131072,0,135168,reverse,20261005,16,16.450990490,21.098963011,1.282535,0.080158
mapping,get,131072,0,135168,reverse,20261005,32,16.450990490,21.262818595,1.292495,0.040390
mapping,get,131072,0,135168,reverse,20261005,64,16.450990490,20.578592660,1.250903,0.019545
mapping,get,131072,0,135168,transpose,20261005,2,16.689267565,15.491053099,0.928204,0.464102
mapping,get,131072,0,135168,transpose,20261005,4,16.689267565,15.725617065,0.942259,0.235565
mapping,get,131072,0,135168,transpose,20261005,8,16.689267565,16.895781403,1.012374,0.126547
mapping,get,131072,0,135168,transpose,20261005,16,16.689267565,16.715445609,1.001569,0.062598
mapping,get,131072,0,135168,transpose,20261005,32,16.689267565,19.435460893,1.164548,0.036392
mapping,get,131072,0,135168,transpose,20261005,64,16.689267565,19.007055647,1.138879,0.017795
mapping,get,131072,0,135168,shuffle,20261005,2,16.705186443,16.297926575,0.975621,0.487810
mapping,get,131072,0,135168,shuffle,20261005,4,16.705186443,15.734243121,0.941878,0.235469
mapping,get,131072,0,135168,shuffle,20261005,8,16.705186443,17.321880785,1.036916,0.129615
mapping,get,131072,0,135168,shuffle,20261005,16,16.705186443,17.328103011,1.037289,0.064831
mapping,get,131072,0,135168,shuffle,20261005,32,16.705186443,19.466027280,1.165268,0.036415
mapping,get,131072,0,135168,shuffle,20261005,64,16.705186443,19.647907657,1.176156,0.018377
mapping,get,131072,0,262144,identity,20261005,2,16.683457637,15.207067982,0.911506,0.455753
mapping,get,131072,0,262144,identity,20261005,4,16.683457637,15.690457272,0.940480,0.235120
mapping,get,131072,0,262144,identity,20261005,8,16.683457637,16.907348480,1.013420,0.126677
mapping,get,131072,0,262144,identity,20261005,16,16.683457637,16.705501687,1.001321,0.062583
mapping,get,131072,0,262144,identity,20261005,32,16.683457637,17.552578990,1.052095,0.032878
mapping,get,131072,0,262144,identity,20261005,64,16.683457637,16.375572145,0.981545,0.015337
mapping,get,131072,0,262144,reverse,20261005,2,16.695094300,15.595236785,0.934121,0.467060
mapping,get,131072,0,262144,reverse,20261005,4,16.695094300,15.679009507,0.939139,0.234785
mapping,get,131072,0,262144,reverse,20261005,8,16.695094300,16.894592601,1.011950,0.126494
mapping,get,131072,0,262144,reverse,20261005,16,16.695094300,16.703499980,1.000503,0.062531
mapping,get,131072,0,262144,reverse,20261005,32,16.695094300,17.557197814,1.051638,0.032864
mapping,get,131072,0,262144,reverse,20261005,64,16.695094300,16.372557980,0.980681,0.015323
mapping,get,131072,0,262144,transpose,20261005,2,16.697616725,15.458798631,0.925809,0.462904
mapping,get,131072,0,262144,transpose,20261005,4,16.697616725,15.733749220,0.942275,0.235569
mapping,get,131072,0,262144,transpose,20261005,8,16.697616725,16.907151926,1.012549,0.126569
mapping,get,131072,0,262144,transpose,20261005,16,16.697616725,16.792425773,1.005678,0.062855
mapping,get,131072,0,262144,transpose,20261005,32,16.697616725,17.603239419,1.054237,0.032945
mapping,get,131072,0,262144,transpose,20261005,64,16.697616725,16.373118688,0.980566,0.015321
mapping,get,131072,0,262144,shuffle,20261005,2,16.682994717,15.611670186,0.935783,0.467892
mapping,get,131072,0,262144,shuffle,20261005,4,16.682994717,15.726899661,0.942690,0.235673
mapping,get,131072,0,262144,shuffle,20261005,8,16.682994717,16.889155159,1.012358,0.126545
mapping,get,131072,0,262144,shuffle,20261005,16,16.682994717,16.655286511,0.998339,0.062396
mapping,get,131072,0,262144,shuffle,20261005,32,16.682994717,17.545218131,1.051683,0.032865
mapping,get,131072,0,262144,shuffle,20261005,64,16.682994717,16.359068269,0.980583,0.015322
mapping,get,64,4,131200,identity,20261005,2,0.145057418,0.289943185,1.998817,0.999408
mapping,get,64,4,131200,identity,20261005,4,0.145057418,0.473528289,3.264420,0.816105
mapping,get,64,4,131200,identity,20261005,8,0.145057418,0.942763745,6.499245,0.812406
mapping,get,64,4,131200,identity,20261005,16,0.145057418,1.858861241,12.814658,0.800916
mapping,get,64,4,131200,identity,20261005,32,0.145057418,3.411133721,23.515748,0.734867
mapping,get,64,4,131200,identity,20261005,64,0.145057418,3.586951344,24.727804,0.386372
mapping,get,64,4,131200,reverse,20261005,2,0.145024909,0.290276091,2.001560,1.000780
mapping,get,64,4,131200,reverse,20261005,4,0.145024909,0.474104188,3.269122,0.817281
mapping,get,64,4,131200,reverse,20261005,8,0.145024909,0.936075889,6.454587,0.806823
mapping,get,64,4,131200,reverse,20261005,16,0.145024909,1.858922656,12.817954,0.801122
mapping,get,64,4,131200,reverse,20261005,32,0.145024909,3.595241782,24.790512,0.774704
mapping,get,64,4,131200,reverse,20261005,64,0.145024909,3.594231925,24.783549,0.387243
mapping,get,64,4,131200,transpose,20261005,2,0.145064421,0.289997576,1.999095,0.999548
mapping,get,64,4,131200,transpose,20261005,4,0.145064421,0.578634508,3.988811,0.997203
mapping,get,64,4,131200,transpose,20261005,8,0.145064421,0.941378417,6.489382,0.811173
mapping,get,64,4,131200,transpose,20261005,16,0.145064421,1.862339976,12.838020,0.802376
mapping,get,64,4,131200,transpose,20261005,32,0.145064421,3.431578464,23.655549,0.739236
mapping,get,64,4,131200,transpose,20261005,64,0.145064421,3.586592972,24.724139,0.386315
mapping,get,64,4,131200,shuffle,20261005,2,0.144967553,0.289651936,1.998047,0.999023
mapping,get,64,4,131200,shuffle,20261005,4,0.144967553,0.579079923,3.994549,0.998637
mapping,get,64,4,131200,shuffle,20261005,8,0.144967553,1.135227049,7.830904,0.978863
mapping,get,64,4,131200,shuffle,20261005,16,0.144967553,1.863671349,12.855783,0.803486
mapping,get,64,4,131200,shuffle,20261005,32,0.144967553,3.580929800,24.701595,0.771925
mapping,get,64,4,131200,shuffle,20261005,64,0.144967553,3.590762798,24.769424,0.387022
mapping,get,64,4,131328,identity,20261005,2,0.144863732,0.290036279,2.002132,1.001066
mapping,get,64,4,131328,identity,20261005,4,0.144863732,0.473821632,3.270809,0.817702
mapping,get,64,4,131328,identity,20261005,8,0.144863732,0.934440085,6.450476,0.806310
mapping,get,64,4,131328,identity,20261005,16,0.144863732,1.859749126,12.837921,0.802370
mapping,get,64,4,131328,identity,20261005,32,0.144863732,3.334267297,23.016577,0.719268
mapping,get,64,4,131328,identity,20261005,64,0.144863732,3.485823651,24.062777,0.375981
mapping,get,64,4,131328,reverse,20261005,2,0.145147098,0.290079529,1.998521,0.999261
mapping,get,64,4,131328,reverse,20261005,4,0.145147098,0.577737908,3.980361,0.995090
mapping,get,64,4,131328,reverse,20261005,8,0.145147098,0.937662820,6.460087,0.807511
mapping,get,64,4,131328,reverse,20261005,16,0.145147098,1.707406828,11.763286,0.735205
mapping,get,64,4,131328,reverse,20261005,32,0.145147098,2.519570034,17.358735,0.542460
mapping,get,64,4,131328,reverse,20261005,64,0.145147098,3.493399130,24.067992,0.376062
mapping,get,64,4,131328,transpose,20261005,2,0.144940435,0.289393197,1.996635,0.998318
mapping,get,64,4,131328,transpose,20261005,4,0.144940435,0.473307229,3.265529,0.816382
mapping,get,64,4,131328,transpose,20261005,8,0.144940435,0.932844149,6.436052,0.804506
mapping,get,64,4,131328,transpose,20261005,16,0.144940435,1.852447157,12.780748,0.798797
mapping,get,64,4,131328,transpose,20261005,32,0.144940435,2.863891461,19.759092,0.617472
mapping,get,64,4,131328,transpose,20261005,64,0.144940435,3.468622599,23.931366,0.373928
mapping,get,64,4,131328,shuffle,20261005,2,0.145176829,0.289816352,1.996299,0.998149
mapping,get,64,4,131328,shuffle,20261005,4,0.145176829,0.473324206,3.260329,0.815082
mapping,get,64,4,131328,shuffle,20261005,8,0.145176829,0.940342090,6.477219,0.809652
mapping,get,64,4,131328,shuffle,20261005,16,0.145176829,1.848056211,12.729691,0.795606
mapping,get,64,4,131328,shuffle,20261005,32,0.145176829,2.868385905,19.757877,0.617434
mapping,get,64,4,131328,shuffle,20261005,64,0.145176829,3.445037149,23.729938,0.370780
mapping,get,64,4,135168,identity,20261005,2,0.144882556,0.290126935,2.002497,1.001249
mapping,get,64,4,135168,identity,20261005,4,0.144882556,0.577975303,3.989268,0.997317
mapping,get,64,4,135168,identity,20261005,8,0.144882556,1.132420673,7.816128,0.977016
mapping,get,64,4,135168,identity,20261005,16,0.144882556,1.853980228,12.796435,0.799777
mapping,get,64,4,135168,identity,20261005,32,0.144882556,3.419821875,23.604097,0.737628
mapping,get,64,4,135168,identity,20261005,64,0.144882556,3.902842100,26.937971,0.420906
mapping,get,64,4,135168,reverse,20261005,2,0.144763694,0.289968670,2.003048,1.001524
mapping,get,64,4,135168,reverse,20261005,4,0.144763694,0.578303281,3.994809,0.998702
mapping,get,64,4,135168,reverse,20261005,8,0.144763694,1.132732587,7.824701,0.978088
mapping,get,64,4,135168,reverse,20261005,16,0.144763694,1.856923669,12.827275,0.801705
mapping,get,64,4,135168,reverse,20261005,32,0.144763694,3.402861029,23.506315,0.734572
mapping,get,64,4,135168,reverse,20261005,64,0.144763694,3.907317960,26.991008,0.421734
mapping,get,64,4,135168,transpose,20261005,2,0.145067841,0.289925584,1.998552,0.999276
mapping,get,64,4,135168,transpose,20261005,4,0.145067841,0.579192596,3.992564,0.998141
mapping,get,64,4,135168,transpose,20261005,8,0.145067841,0.936563722,6.456040,0.807005
mapping,get,64,4,135168,transpose,20261005,16,0.145067841,1.855389762,12.789808,0.799363
mapping,get,64,4,135168,transpose,20261005,32,0.145067841,3.431414601,23.653861,0.739183
mapping,get,64,4,135168,transpose,20261005,64,0.145067841,3.904677071,26.916214,0.420566
mapping,get,64,4,135168,shuffle,20261005,2,0.145147394,0.290036411,1.998220,0.999110
mapping,get,64,4,135168,shuffle,20261005,4,0.145147394,0.473320268,3.260963,0.815241
mapping,get,64,4,135168,shuffle,20261005,8,0.145147394,0.934380740,6.437461,0.804683
mapping,get,64,4,135168,shuffle,20261005,16,0.145147394,1.762078151,12.139923,0.758745
mapping,get,64,4,135168,shuffle,20261005,32,0.145147394,2.527936600,17.416342,0.544261
mapping,get,64,4,135168,shuffle,20261005,64,0.145147394,3.907146138,26.918473,0.420601
mapping,get,64,4,262144,identity,20261005,2,0.145056267,0.289752714,1.997519,0.998760
mapping,get,64,4,262144,identity,20261005,4,0.145056267,0.577994094,3.984620,0.996155
mapping,get,64,4,262144,identity,20261005,8,0.145056267,1.132660167,7.808419,0.976052
mapping,get,64,4,262144,identity,20261005,16,0.145056267,1.862131358,12.837304,0.802331
mapping,get,64,4,262144,identity,20261005,32,0.145056267,3.566114598,24.584354,0.768261
mapping,get,64,4,262144,identity,20261005,64,0.145056267,3.864328484,26.640204,0.416253
mapping,get,64,4,262144,reverse,20261005,2,0.145132911,0.289644136,1.995716,0.997858
mapping,get,64,4,262144,reverse,20261005,4,0.145132911,0.578082847,3.983127,0.995782
mapping,get,64,4,262144,reverse,20261005,8,0.145132911,1.136475882,7.830587,0.978823
mapping,get,64,4,262144,reverse,20261005,16,0.145132911,1.869913548,12.884146,0.805259
mapping,get,64,4,262144,reverse,20261005,32,0.145132911,3.577248212,24.648084,0.770253
mapping,get,64,4,262144,reverse,20261005,64,0.145132911,3.868090192,26.652054,0.416438
mapping,get,64,4,262144,transpose,20261005,2,0.144901516,0.289598985,1.998592,0.999296
mapping,get,64,4,262144,transpose,20261005,4,0.144901516,0.579864303,4.001782,1.000446
mapping,get,64,4,262144,transpose,20261005,8,0.144901516,1.132331264,7.814489,0.976811
mapping,get,64,4,262144,transpose,20261005,16,0.144901516,1.857602438,12.819758,0.801235
mapping,get,64,4,262144,transpose,20261005,32,0.144901516,3.436671195,23.717289,0.741165
mapping,get,64,4,262144,transpose,20261005,64,0.144901516,3.863812678,26.665095,0.416642
mapping,get,64,4,262144,shuffle,20261005,2,0.145165073,0.290169488,1.998893,0.999447
mapping,get,64,4,262144,shuffle,20261005,4,0.145165073,0.578640394,3.986086,0.996521
mapping,get,64,4,262144,shuffle,20261005,8,0.145165073,0.936996673,6.454698,0.806837
mapping,get,64,4,262144,shuffle,20261005,16,0.145165073,1.858573788,12.803175,0.800198
mapping,get,64,4,262144,shuffle,20261005,32,0.145165073,3.438306325,23.685493,0.740172
mapping,get,64,4,262144,shuffle,20261005,64,0.145165073,3.867369616,26.641185,0.416269
mapping,get,128,4,131200,identity,20261005,2,0.280609264,0.561981265,2.002718,1.001359
mapping,get,128,4,131200,identity,20261005,4,0.280609264,0.908185465,3.236477,0.809119
mapping,get,128,4,131200,identity,20261005,8,0.280609264,1.801096664,6.418522,0.802315
mapping,get,128,4,131200,identity,20261005,16,0.280609264,3.527669208,12.571464,0.785716
mapping,get,128,4,131200,identity,20261005,32,0.280609264,5.101737057,18.180929,0.568154
mapping,get,128,4,131200,identity,20261005,64,0.280609264,5.168153299,18.417615,0.287775
mapping,get,128,4,131200,reverse,20261005,2,0.286355005,0.560356895,1.956861,0.978430
mapping,get,128,4,131200,reverse,20261005,4,0.286355005,0.914746518,3.194449,0.798612
mapping,get,128,4,131200,reverse,20261005,8,0.286355005,1.796592720,6.274005,0.784251
mapping,get,128,4,131200,reverse,20261005,16,0.286355005,3.432813405,11.987964,0.749248
mapping,get,128,4,131200,reverse,20261005,32,0.286355005,6.081825498,21.238761,0.663711
mapping,get,128,4,131200,reverse,20261005,64,0.286355005,5.167870306,18.047075,0.281986
mapping,get,128,4,131200,transpose,20261005,2,0.280679595,0.562436616,2.003839,1.001919
mapping,get,128,4,131200,transpose,20261005,4,0.280679595,1.101905371,3.925848,0.981462
mapping,get,128,4,131200,transpose,20261005,8,0.280679595,1.802698203,6.422619,0.802827
mapping,get,128,4,131200,transpose,20261005,16,0.280679595,3.529923166,12.576344,0.786022
mapping,get,128,4,131200,transpose,20261005,32,0.280679595,5.277682644,18.803229,0.587601
mapping,get,128,4,131200,transpose,20261005,64,0.280679595,5.175666885,18.439769,0.288121
mapping,get,128,4,131200,shuffle,20261005,2,0.280417708,0.560816251,1.999932,0.999966
mapping,get,128,4,131200,shuffle,20261005,4,0.280417708,0.937006276,3.341466,0.835367
mapping,get,128,4,131200,shuffle,20261005,8,0.280417708,1.844503658,6.577700,0.822213
mapping,get,128,4,131200,shuffle,20261005,16,0.280417708,3.568129495,12.724337,0.795271
mapping,get,128,4,131200,shuffle,20261005,32,0.280417708,5.328270782,19.001192,0.593787
mapping,get,128,4,131200,shuffle,20261005,64,0.280417708,5.168028752,18.429752,0.287965
mapping,get,128,4,131328,identity,20261005,2,0.281266384,0.552243890,1.963419,0.981710
mapping,get,128,4,131328,identity,20261005,4,0.281266384,0.908603857,3.230403,0.807601
mapping,get,128,4,131328,identity,20261005,8,0.281266384,1.796773984,6.388158,0.798520
mapping,get,128,4,131328,identity,20261005,16,0.281266384,3.548047985,12.614547,0.788409
mapping,get,128,4,131328,identity,20261005,32,0.281266384,5.315737412,18.899299,0.590603
mapping,get,128,4,131328,identity,20261005,64,0.281266384,6.729519878,23.925788,0.373840
mapping,get,128,4,131328,reverse,20261005,2,0.281463001,0.556069147,1.975639,0.987819
mapping,get,128,4,131328,reverse,20261005,4,0.281463001,1.101616601,3.913895,0.978474
mapping,get,128,4,131328,reverse,20261005,8,0.281463001,1.796959383,6.384354,0.798044
mapping,get,128,4,131328,reverse,20261005,16,0.281463001,2.675776851,9.506673,0.594167
mapping,get,128,4,131328,reverse,20261005,32,0.281463001,5.209442878,18.508446,0.578389
mapping,get,128,4,131328,reverse,20261005,64,0.281463001,6.718475142,23.869834,0.372966
mapping,get,128,4,131328,transpose,20261005,2,0.280842052,0.551510903,1.963776,0.981888
mapping,get,128,4,131328,transpose,20261005,4,0.280842052,0.909911962,3.239942,0.809986
mapping,get,128,4,131328,transpose,20261005,8,0.280842052,1.795333396,6.392680,0.799085
mapping,get,128,4,131328,transpose,20261005,16,0.280842052,3.524037446,12.548112,0.784257
mapping,get,128,4,131328,transpose,20261005,32,0.280842052,5.549430167,19.759969,0.617499
mapping,get,128,4,131328,transpose,20261005,64,0.280842052,6.713912108,23.906363,0.373537
mapping,get,128,4,131328,shuffle,20261005,2,0.281278560,0.552152889,1.963011,0.981505
mapping,get,128,4,131328,shuffle,20261005,4,0.281278560,0.902200100,3.207497,0.801874
mapping,get,128,4,131328,shuffle,20261005,8,0.281278560,1.799475516,6.397486,0.799686
mapping,get,128,4,131328,shuffle,20261005,16,0.281278560,3.478857617,12.368016,0.773001
mapping,get,128,4,131328,shuffle,20261005,32,0.281278560,5.469653771,19.445683,0.607678
mapping,get,128,4,131328,shuffle,20261005,64,0.281278560,6.718459714,23.885431,0.373210
mapping,get,128,4,135168,identity,20261005,2,0.281187358,0.552646963,1.965405,0.982702
mapping,get,128,4,135168,identity,20261005,4,0.281187358,1.099910310,3.911663,0.977916
mapping,get,128,4,135168,identity,20261005,8,0.281187358,2.164047936,7.696107,0.962013
mapping,get,128,4,135168,identity,20261005,16,0.281187358,3.550342223,12.626251,0.789141
mapping,get,128,4,135168,identity,20261005,32,0.281187358,6.281710484,22.339946,0.698123
mapping,get,128,4,135168,identity,20261005,64,0.281187358,7.426134573,26.409916,0.412655
mapping,get,128,4,135168,reverse,20261005,2,0.280505462,0.552071681,1.968132,0.984066
mapping,get,128,4,135168,reverse,20261005,4,0.280505462,1.099924960,3.921225,0.980306
mapping,get,128,4,135168,reverse,20261005,8,0.280505462,2.193579538,7.820096,0.977512
mapping,get,128,4,135168,reverse,20261005,16,0.280505462,3.540693250,12.622547,0.788909
mapping,get,128,4,135168,reverse,20261005,32,0.280505462,6.223510008,22.186769,0.693337
mapping,get,128,4,135168,reverse,20261005,64,0.280505462,7.439097835,26.520331,0.414380
mapping,get,128,4,135168,transpose,20261005,2,0.280835582,0.561925508,2.000906,1.000453
mapping,get,128,4,135168,transpose,20261005,4,0.280835582,1.101778749,3.923216,0.980804
mapping,get,128,4,135168,transpose,20261005,8,0.280835582,1.796523692,6.397066,0.799633
mapping,get,128,4,135168,transpose,20261005,16,0.280835582,3.544898704,12.622684,0.788918
mapping,get,128,4,135168,transpose,20261005,32,0.280835582,6.342423676,22.584117,0.705754
mapping,get,128,4,135168,transpose,20261005,64,0.280835582,7.418965328,26.417469,0.412773
mapping,get,128,4,135168,shuffle,20261005,2,0.281393761,0.552560481,1.963656,0.981828
mapping,get,128,4,135168,shuffle,20261005,4,0.281393761,0.907862265,3.226306,0.806576
mapping,get,128,4,135168,shuffle,20261005,8,0.281393761,1.794390532,6.376796,0.797099
mapping,get,128,4,135168,shuffle,20261005,16,0.281393761,3.376774125,12.000174,0.750011
mapping,get,128,4,135168,shuffle,20261005,32,0.281393761,4.461226809,15.854036,0.495439
mapping,get,128,4,135168,shuffle,20261005,64,0.281393761,7.437493775,26.430912,0.412983
mapping,get,128,4,262144,identity,20261005,2,0.281387884,0.552763190,1.964417,0.982209
mapping,get,128,4,262144,identity,20261005,4,0.281387884,1.095007046,3.891451,0.972863
mapping,get,128,4,262144,identity,20261005,8,0.281387884,2.194088560,7.797381,0.974673
mapping,get,128,4,262144,identity,20261005,16,0.281387884,3.547835318,12.608344,0.788022
mapping,get,128,4,262144,identity,20261005,32,0.281387884,6.648475339,23.627440,0.738357
mapping,get,128,4,262144,identity,20261005,64,0.281387884,7.509393158,26.686981,0.416984
mapping,get,128,4,262144,reverse,20261005,2,0.281212686,0.552492030,1.964677,0.982338
mapping,get,128,4,262144,reverse,20261005,4,0.281212686,1.098207177,3.905255,0.976314
mapping,get,128,4,262144,reverse,20261005,8,0.281212686,2.187883187,7.780172,0.972522
mapping,get,128,4,262144,reverse,20261005,16,0.281212686,3.579682366,12.729448,0.795591
mapping,get,128,4,262144,reverse,20261005,32,0.281212686,6.655590265,23.667461,0.739608
mapping,get,128,4,262144,reverse,20261005,64,0.281212686,7.519109617,26.738159,0.417784
mapping,get,128,4,262144,transpose,20261005,2,0.280839156,0.552432537,1.967078,0.983539
mapping,get,128,4,262144,transpose,20261005,4,0.280839156,1.101912960,3.923644,0.980911
mapping,get,128,4,262144,transpose,20261005,8,0.280839156,2.180687879,7.764900,0.970612
mapping,get,128,4,262144,transpose,20261005,16,0.280839156,3.538899993,12.601163,0.787573
mapping,get,128,4,262144,transpose,20261005,32,0.280839156,6.261568462,22.295924,0.696748
mapping,get,128,4,262144,transpose,20261005,64,0.280839156,7.521362248,26.781744,0.418465
mapping,get,128,4,262144,shuffle,20261005,2,0.281382626,0.553701233,1.967788,0.983894
mapping,get,128,4,262144,shuffle,20261005,4,0.281382626,1.101335089,3.914012,0.978503
mapping,get,128,4,262144,shuffle,20261005,8,0.281382626,1.800457921,6.398611,0.799826
mapping,get,128,4,262144,shuffle,20261005,16,0.281382626,3.547424809,12.607121,0.787945
mapping,get,128,4,262144,shuffle,20261005,32,0.281382626,6.302154134,22.397098,0.699909
mapping,get,128,4,262144,shuffle,20261005,64,0.281382626,7.536457105,26.783662,0.418495
mapping,get,256,4,131200,identity,20261005,2,0.547737694,1.095814182,2.000619,1.000309
mapping,get,256,4,131200,identity,20261005,4,0.547737694,1.783354476,3.255855,0.813964
mapping,get,256,4,131200,identity,20261005,8,0.547737694,3.532324999,6.448935,0.806117
mapping,get,256,4,131200,identity,20261005,16,0.547737694,6.582513559,12.017638,0.751102
mapping,get,256,4,131200,identity,20261005,32,0.547737694,7.534141377,13.755017,0.429844
mapping,get,256,4,131200,identity,20261005,64,0.547737694,8.168506966,14.913173,0.233018
mapping,get,256,4,131200,reverse,20261005,2,0.547098444,1.068103711,1.952306,0.976153
mapping,get,256,4,131200,reverse,20261005,4,0.547098444,1.815233997,3.317929,0.829482
mapping,get,256,4,131200,reverse,20261005,8,0.547098444,3.541006078,6.472338,0.809042
mapping,get,256,4,131200,reverse,20261005,16,0.547098444,5.766887646,10.540859,0.658804
mapping,get,256,4,131200,reverse,20261005,32,0.547098444,8.110400450,14.824390,0.463262
mapping,get,256,4,131200,reverse,20261005,64,0.547098444,8.158209512,14.911776,0.232997
mapping,get,256,4,131200,transpose,20261005,2,0.547200769,1.076735489,1.967716,0.983858
mapping,get,256,4,131200,transpose,20261005,4,0.547200769,2.183456860,3.990230,0.997557
mapping,get,256,4,131200,transpose,20261005,8,0.547200769,3.531753621,6.454219,0.806777
mapping,get,256,4,131200,transpose,20261005,16,0.547200769,6.781007880,12.392175,0.774511
mapping,get,256,4,131200,transpose,20261005,32,0.547200769,7.369003195,13.466727,0.420835
mapping,get,256,4,131200,transpose,20261005,64,0.547200769,8.169292227,14.929241,0.233269
mapping,get,256,4,131200,shuffle,20261005,2,0.547794773,1.095394529,1.999644,0.999822
mapping,get,256,4,131200,shuffle,20261005,4,0.547794773,1.798713744,3.283554,0.820889
mapping,get,256,4,131200,shuffle,20261005,8,0.547794773,3.533749377,6.450864,0.806358
mapping,get,256,4,131200,shuffle,20261005,16,0.547794773,6.567359933,11.988723,0.749295
mapping,get,256,4,131200,shuffle,20261005,32,0.547794773,8.007783346,14.618218,0.456819
mapping,get,256,4,131200,shuffle,20261005,64,0.547794773,8.155976682,14.888745,0.232637
mapping,get,256,4,131328,identity,20261005,2,0.548524843,1.093356408,1.993267,0.996633
mapping,get,256,4,131328,identity,20261005,4,0.548524843,1.765745266,3.219080,0.804770
mapping,get,256,4,131328,identity,20261005,8,0.548524843,2.912604652,5.309886,0.663736
mapping,get,256,4,131328,identity,20261005,16,0.548524843,3.846574637,7.012581,0.438286
mapping,get,256,4,131328,identity,20261005,32,0.548524843,5.915875699,10.785064,0.337033
mapping,get,256,4,131328,identity,20261005,64,0.548524843,7.760821927,14.148533,0.221071
mapping,get,256,4,131328,reverse,20261005,2,0.533679780,1.068589014,2.002304,1.001152
mapping,get,256,4,131328,reverse,20261005,4,0.533679780,2.128238419,3.987857,0.996964
mapping,get,256,4,131328,reverse,20261005,8,0.533679780,3.350135813,6.277427,0.784678
mapping,get,256,4,131328,reverse,20261005,16,0.533679780,5.045054455,9.453336,0.590834
mapping,get,256,4,131328,reverse,20261005,32,0.533679780,7.120001843,13.341337,0.416917
mapping,get,256,4,131328,reverse,20261005,64,0.533679780,7.760867144,14.542179,0.227222
mapping,get,256,4,131328,transpose,20261005,2,0.548360819,1.095038428,1.996930,0.998465
mapping,get,256,4,131328,transpose,20261005,4,0.548360819,1.782545778,3.250680,0.812670
mapping,get,256,4,131328,transpose,20261005,8,0.548360819,3.524532935,6.427397,0.803425
mapping,get,256,4,131328,transpose,20261005,16,0.548360819,5.075798676,9.256312,0.578519
mapping,get,256,4,131328,transpose,20261005,32,0.548360819,6.829023249,12.453521,0.389173
mapping,get,256,4,131328,transpose,20261005,64,0.548360819,7.770097314,14.169680,0.221401
mapping,get,256,4,131328,shuffle,20261005,2,0.559639173,1.095786039,1.958022,0.979011
mapping,get,256,4,131328,shuffle,20261005,4,0.559639173,1.781229528,3.182818,0.795704
mapping,get,256,4,131328,shuffle,20261005,8,0.559639173,3.566563606,6.372970,0.796621
mapping,get,256,4,131328,shuffle,20261005,16,0.559639173,5.601254922,10.008690,0.625543
mapping,get,256,4,131328,shuffle,20261005,32,0.559639173,6.252419454,11.172233,0.349132
mapping,get,256,4,131328,shuffle,20261005,64,0.559639173,7.760120210,13.866292,0.216661
mapping,get,256,4,135168,identity,20261005,2,0.548120717,1.095223244,1.998142,0.999071
mapping,get,256,4,135168,identity,20261005,4,0.548120717,2.184867064,3.986106,0.996526
mapping,get,256,4,135168,identity,20261005,8,0.548120717,4.263887145,7.779102,0.972388
mapping,get,256,4,135168,identity,20261005,16,0.548120717,6.907617031,12.602364,0.787648
mapping,get,256,4,135168,identity,20261005,32,0.548120717,10.200687824,18.610294,0.581572
mapping,get,256,4,135168,identity,20261005,64,0.548120717,8.538225915,15.577273,0.243395
mapping,get,256,4,135168,reverse,20261005,2,0.547973589,1.096270539,2.000590,1.000295
mapping,get,256,4,135168,reverse,20261005,4,0.547973589,2.182973700,3.983721,0.995930
mapping,get,256,4,135168,reverse,20261005,8,0.547973589,4.267545070,7.787866,0.973483
mapping,get,256,4,135168,reverse,20261005,16,0.547973589,6.813701329,12.434361,0.777148
mapping,get,256,4,135168,reverse,20261005,32,0.547973589,6.831080683,12.466077,0.389565
mapping,get,256,4,135168,reverse,20261005,64,0.547973589,8.538709162,15.582337,0.243474
mapping,get,256,4,135168,transpose,20261005,2,0.547277976,1.077471007,1.968782,0.984391
mapping,get,256,4,135168,transpose,20261005,4,0.547277976,2.143672085,3.916971,0.979243
mapping,get,256,4,135168,transpose,20261005,8,0.547277976,3.507416868,6.408840,0.801105
mapping,get,256,4,135168,transpose,20261005,16,0.547277976,6.785627193,12.398868,0.774929
mapping,get,256,4,135168,transpose,20261005,32,0.547277976,8.456522563,15.451969,0.482874
mapping,get,256,4,135168,transpose,20261005,64,0.547277976,8.549513287,15.621884,0.244092
mapping,get,256,4,135168,shuffle,20261005,2,0.548944044,1.094348204,1.993551,0.996776
mapping,get,256,4,135168,shuffle,20261005,4,0.548944044,1.792041934,3.264526,0.816131
mapping,get,256,4,135168,shuffle,20261005,8,0.548944044,3.523351147,6.418416,0.802302
mapping,get,256,4,135168,shuffle,20261005,16,0.548944044,6.451065221,11.751772,0.734486
mapping,get,256,4,135168,shuffle,20261005,32,0.548944044,8.167964132,14.879411,0.464982
mapping,get,256,4,135168,shuffle,20261005,64,0.548944044,8.550017446,15.575390,0.243365
mapping,get,256,4,262144,identity,20261005,2,0.548620177,1.094818791,1.995586,0.997793
mapping,get,256,4,262144,identity,20261005,4,0.548620177,2.177576239,3.969187,0.992297
mapping,get,256,4,262144,identity,20261005,8,0.548620177,3.528959090,6.432427,0.804053
mapping,get,256,4,262144,identity,20261005,16,0.548620177,6.770838843,12.341578,0.771349
mapping,get,256,4,262144,identity,20261005,32,0.548620177,7.651565348,13.946927,0.435841
mapping,get,256,4,262144,identity,20261005,64,0.548620177,8.235663429,15.011594,0.234556
mapping,get,256,4,262144,reverse,20261005,2,0.548128345,1.095170065,1.998018,0.999009
mapping,get,256,4,262144,reverse,20261005,4,0.548128345,2.187579845,3.990999,0.997750
mapping,get,256,4,262144,reverse,20261005,8,0.548128345,3.540671825,6.459567,0.807446
mapping,get,256,4,262144,reverse,20261005,16,0.548128345,6.814253368,12.431857,0.776991
mapping,get,256,4,262144,reverse,20261005,32,0.548128345,7.641098927,13.940346,0.435636
mapping,get,256,4,262144,reverse,20261005,64,0.548128345,8.165986434,14.897946,0.232780
mapping,get,256,4,262144,transpose,20261005,2,0.547845182,1.094953420,1.998655,0.999327
mapping,get,256,4,262144,transpose,20261005,4,0.547845182,1.793187673,3.273165,0.818291
mapping,get,256,4,262144,transpose,20261005,8,0.547845182,3.528331659,6.440381,0.805048
mapping,get,256,4,262144,transpose,20261005,16,0.547845182,6.521186053,11.903337,0.743959
mapping,get,256,4,262144,transpose,20261005,32,0.547845182,6.325935160,11.546939,0.360842
mapping,get,256,4,262144,transpose,20261005,64,0.547845182,8.235651009,15.032807,0.234888
mapping,get,256,4,262144,shuffle,20261005,2,0.548202058,1.074617042,1.960257,0.980129
mapping,get,256,4,262144,shuffle,20261005,4,0.548202058,1.793561116,3.271715,0.817929
mapping,get,256,4,262144,shuffle,20261005,8,0.548202058,3.525566208,6.431144,0.803893
mapping,get,256,4,262144,shuffle,20261005,16,0.548202058,5.565256711,10.151835,0.634490
mapping,get,256,4,262144,shuffle,20261005,32,0.548202058,6.954905857,12.686756,0.396461
mapping,get,256,4,262144,shuffle,20261005,64,0.548202058,8.240137234,15.031204,0.234863
mapping,get,4096,4,131200,identity,20261005,2,5.679328686,10.469919431,1.843514,0.921757
mapping,get,4096,4,131200,identity,20261005,4,5.679328686,14.587673843,2.568556,0.642139
mapping,get,4096,4,131200,identity,20261005,8,5.679328686,19.391827595,3.414458,0.426807
mapping,get,4096,4,131200,identity,20261005,16,5.679328686,18.599038546,3.274866,0.204679
mapping,get,4096,4,131200,identity,20261005,32,5.679328686,20.008386694,3.523020,0.110094
mapping,get,4096,4,131200,identity,20261005,64,5.679328686,19.162587107,3.374094,0.052720
mapping,get,4096,4,131200,reverse,20261005,2,5.663795130,10.475100538,1.849484,0.924742
mapping,get,4096,4,131200,reverse,20261005,4,5.663795130,15.608566420,2.755849,0.688962
mapping,get,4096,4,131200,reverse,20261005,8,5.663795130,19.116035056,3.375128,0.421891
mapping,get,4096,4,131200,reverse,20261005,16,5.663795130,18.731775134,3.307283,0.206705
mapping,get,4096,4,131200,reverse,20261005,32,5.663795130,20.049585523,3.539956,0.110624
mapping,get,4096,4,131200,reverse,20261005,64,5.663795130,19.154018198,3.381835,0.052841
mapping,get,4096,4,131200,transpose,20261005,2,5.664899613,9.690958733,1.710703,0.855351
mapping,get,4096,4,131200,transpose,20261005,4,5.664899613,14.405251446,2.542896,0.635724
mapping,get,4096,4,131200,transpose,20261005,8,5.664899613,15.377973006,2.714606,0.339326
mapping,get,4096,4,131200,transpose,20261005,16,5.664899613,18.577917349,3.279479,0.204967
mapping,get,4096,4,131200,transpose,20261005,32,5.664899613,19.623586811,3.464066,0.108252
mapping,get,4096,4,131200,transpose,20261005,64,5.664899613,19.173847546,3.384676,0.052886
mapping,get,4096,4,131200,shuffle,20261005,2,5.575990569,9.728107009,1.744642,0.872321
mapping,get,4096,4,131200,shuffle,20261005,4,5.575990569,14.603016150,2.618910,0.654727
mapping,get,4096,4,131200,shuffle,20261005,8,5.575990569,17.335887583,3.109024,0.388628
mapping,get,4096,4,131200,shuffle,20261005,16,5.575990569,16.811775631,3.015029,0.188439
mapping,get,4096,4,131200,shuffle,20261005,32,5.575990569,19.688003899,3.530853,0.110339
mapping,get,4096,4,131200,shuffle,20261005,64,5.575990569,19.425051265,3.483695,0.054433
mapping,get,4096,4,131328,identity,20261005,2,5.687901406,10.227688420,1.798148,0.899074
mapping,get,4096,4,131328,identity,20261005,4,5.687901406,15.300538283,2.690015,0.672504
mapping,get,4096,4,131328,identity,20261005,8,5.687901406,19.119425810,3.361420,0.420178
mapping,get,4096,4,131328,identity,20261005,16,5.687901406,18.416350131,3.237811,0.202363
mapping,get,4096,4,131328,identity,20261005,32,5.687901406,19.922684686,3.502642,0.109458
mapping,get,4096,4,131328,identity,20261005,64,5.687901406,19.102769422,3.358492,0.052476
mapping,get,4096,4,131328,reverse,20261005,2,5.694037248,10.688753975,1.877184,0.938592
mapping,get,4096,4,131328,reverse,20261005,4,5.694037248,15.294553649,2.686065,0.671516
mapping,get,4096,4,131328,reverse,20261005,8,5.694037248,19.172248919,3.367075,0.420884
mapping,get,4096,4,131328,reverse,20261005,16,5.694037248,18.707707766,3.285491,0.205343
mapping,get,4096,4,131328,reverse,20261005,32,5.694037248,19.849911096,3.486087,0.108940
mapping,get,4096,4,131328,reverse,20261005,64,5.694037248,18.976987044,3.332782,0.052075
mapping,get,4096,4,131328,transpose,20261005,2,5.689039016,9.731481437,1.710567,0.855283
mapping,get,4096,4,131328,transpose,20261005,4,5.689039016,14.512715899,2.550996,0.637749
mapping,get,4096,4,131328,transpose,20261005,8,5.689039016,15.396810406,2.706399,0.338300
mapping,get,4096,4,131328,transpose,20261005,16,5.689039016,18.681523860,3.283775,0.205236
mapping,get,4096,4,131328,transpose,20261005,32,5.689039016,19.954097294,3.507464,0.109608
mapping,get,4096,4,131328,transpose,20261005,64,5.689039016,18.738325359,3.293759,0.051465
mapping,get,4096,4,131328,shuffle,20261005,2,5.686511611,9.710337503,1.707609,0.853804
mapping,get,4096,4,131328,shuffle,20261005,4,5.686511611,14.260572268,2.507789,0.626947
mapping,get,4096,4,131328,shuffle,20261005,8,5.686511611,17.009631247,2.991224,0.373903
mapping,get,4096,4,131328,shuffle,20261005,16,5.686511611,16.508045582,2.903018,0.181439
mapping,get,4096,4,131328,shuffle,20261005,32,5.686511611,19.859755026,3.492432,0.109138
mapping,get,4096,4,131328,shuffle,20261005,64,5.686511611,19.516226236,3.432021,0.053625
mapping,get,4096,4,135168,identity,20261005,2,5.660851947,10.323009903,1.823579,0.911789
mapping,get,4096,4,135168,identity,20261005,4,5.660851947,15.540905857,2.745330,0.686332
mapping,get,4096,4,135168,identity,20261005,8,5.660851947,19.526380397,3.449371,0.431171
mapping,get,4096,4,135168,identity,20261005,16,5.660851947,18.637322136,3.292318,0.205770
mapping,get,4096,4,135168,identity,20261005,32,5.660851947,19.931958348,3.521017,0.110032
mapping,get,4096,4,135168,identity,20261005,64,5.660851947,18.934027758,3.344731,0.052261
mapping,get,4096,4,135168,reverse,20261005,2,5.659921098,10.563984190,1.866454,0.933227
mapping,get,4096,4,135168,reverse,20261005,4,5.659921098,15.753785562,2.783393,0.695848
mapping,get,4096,4,135168,reverse,20261005,8,5.659921098,19.292509846,3.408618,0.426077
mapping,get,4096,4,135168,reverse,20261005,16,5.659921098,18.152347208,3.207173,0.200448
mapping,get,4096,4,135168,reverse,20261005,32,5.659921098,20.262081315,3.579923,0.111873
mapping,get,4096,4,135168,reverse,20261005,64,5.659921098,18.867204802,3.333475,0.052086
mapping,get,4096,4,135168,transpose,20261005,2,5.689710736,9.728199428,1.709788,0.854894
mapping,get,4096,4,135168,transpose,20261005,4,5.689710736,14.530413297,2.553805,0.638451
mapping,get,4096,4,135168,transpose,20261005,8,5.689710736,15.742697599,2.766871,0.345859
mapping,get,4096,4,135168,transpose,20261005,16,5.689710736,16.876207241,2.966092,0.185381
mapping,get,4096,4,135168,transpose,20261005,32,5.689710736,19.470910915,3.422127,0.106941
mapping,get,4096,4,135168,transpose,20261005,64,5.689710736,19.168737081,3.369018,0.052641
mapping,get,4096,4,135168,shuffle,20261005,2,5.676880709,9.748701978,1.717264,0.858632
mapping,get,4096,4,135168,shuffle,20261005,4,5.676880709,14.565419929,2.565744,0.641436
mapping,get,4096,4,135168,shuffle,20261005,8,5.676880709,16.795153762,2.958518,0.369815
mapping,get,4096,4,135168,shuffle,20261005,16,5.676880709,16.709701321,2.943465,0.183967
mapping,get,4096,4,135168,shuffle,20261005,32,5.676880709,19.459148734,3.427789,0.107118
mapping,get,4096,4,135168,shuffle,20261005,64,5.676880709,20.557617856,3.621288,0.056583
mapping,get,4096,4,262144,identity,20261005,2,5.650013656,9.729493477,1.722030,0.861015
mapping,get,4096,4,262144,identity,20261005,4,5.650013656,14.499782291,2.566327,0.641582
mapping,get,4096,4,262144,identity,20261005,8,5.650013656,15.348807362,2.716597,0.339575
mapping,get,4096,4,262144,identity,20261005,16,5.650013656,15.297199023,2.707462,0.169216
mapping,get,4096,4,262144,identity,20261005,32,5.650013656,16.186716302,2.864899,0.089528
mapping,get,4096,4,262144,identity,20261005,64,5.650013656,15.559936061,2.753964,0.043031
mapping,get,4096,4,262144,reverse,20261005,2,5.699321814,9.695454782,1.701159,0.850580
mapping,get,4096,4,262144,reverse,20261005,4,5.699321814,14.568152617,2.556120,0.639030
mapping,get,4096,4,262144,reverse,20261005,8,5.699321814,15.371675268,2.697106,0.337138
mapping,get,4096,4,262144,reverse,20261005,16,5.699321814,15.176813490,2.662916,0.166432
mapping,get,4096,4,262144,reverse,20261005,32,5.699321814,16.221595469,2.846233,0.088945
mapping,get,4096,4,262144,reverse,20261005,64,5.699321814,15.394134991,2.701047,0.042204
mapping,get,4096,4,262144,transpose,20261005,2,5.662933776,9.665802974,1.706854,0.853427
mapping,get,4096,4,262144,transpose,20261005,4,5.662933776,14.569992254,2.572870,0.643217
mapping,get,4096,4,262144,transpose,20261005,8,5.662933776,15.369259979,2.714010,0.339251
mapping,get,4096,4,262144,transpose,20261005,16,5.662933776,15.492708361,2.735810,0.170988
mapping,get,4096,4,262144,transpose,20261005,32,5.662933776,16.236907822,2.867225,0.089601
mapping,get,4096,4,262144,transpose,20261005,64,5.662933776,15.507198753,2.738368,0.042787
mapping,get,4096,4,262144,shuffle,20261005,2,5.662965093,9.702218174,1.713275,0.856638
mapping,get,4096,4,262144,shuffle,20261005,4,5.662965093,14.559879995,2.571070,0.642768
mapping,get,4096,4,262144,shuffle,20261005,8,5.662965093,15.310081956,2.703545,0.337943
mapping,get,4096,4,262144,shuffle,20261005,16,5.662965093,15.537847661,2.743765,0.171485
mapping,get,4096,4,262144,shuffle,20261005,32,5.662965093,16.269156028,2.872904,0.089778
mapping,get,4096,4,262144,shuffle,20261005,64,5.662965093,15.368908564,2.713933,0.042405
mapping,get,32768,4,131200,identity,20261005,2,13.892810657,17.101707352,1.230975,0.615488
mapping,get,32768,4,131200,identity,20261005,4,13.892810657,19.433592157,1.398824,0.349706
mapping,get,32768,4,131200,identity,20261005,8,13.892810657,20.644512572,1.485985,0.185748
mapping,get,32768,4,131200,identity,20261005,16,13.892810657,20.927174480,1.506331,0.094146
mapping,get,32768,4,131200,identity,20261005,32,13.892810657,21.238607812,1.528748,0.047773
mapping,get,32768,4,131200,identity,20261005,64,13.892810657,20.834964517,1.499694,0.023433
mapping,get,32768,4,131200,reverse,20261005,2,13.923252997,17.277925299,1.240940,0.620470
mapping,get,32768,4,131200,reverse,20261005,4,13.923252997,19.479583384,1.399068,0.349767
mapping,get,32768,4,131200,reverse,20261005,8,13.923252997,20.560291149,1.476687,0.184586
mapping,get,32768,4,131200,reverse,20261005,16,13.923252997,20.885137401,1.500019,0.093751
mapping,get,32768,4,131200,reverse,20261005,32,13.923252997,21.347248654,1.533208,0.047913
mapping,get,32768,4,131200,reverse,20261005,64,13.923252997,20.806426416,1.494365,0.023349
mapping,get,32768,4,131200,transpose,20261005,2,13.908502192,15.323588520,1.101743,0.550871
mapping,get,32768,4,131200,transpose,20261005,4,13.908502192,16.104636890,1.157899,0.289475
mapping,get,32768,4,131200,transpose,20261005,8,13.908502192,17.491583463,1.257618,0.157202
mapping,get,32768,4,131200,transpose,20261005,16,13.908502192,17.070013990,1.227308,0.076707
mapping,get,32768,4,131200,transpose,20261005,32,13.908502192,18.743781797,1.347649,0.042114
mapping,get,32768,4,131200,transpose,20261005,64,13.908502192,17.624304065,1.267160,0.019799
mapping,get,32768,4,131200,shuffle,20261005,2,13.950187511,15.711127749,1.126231,0.563115
mapping,get,32768,4,131200,shuffle,20261005,4,13.950187511,16.112635029,1.155012,0.288753
mapping,get,32768,4,131200,shuffle,20261005,8,13.950187511,18.618295538,1.334627,0.166828
mapping,get,32768,4,131200,shuffle,20261005,16,13.950187511,17.002733180,1.218818,0.076176
mapping,get,32768,4,131200,shuffle,20261005,32,13.950187511,20.042613797,1.436727,0.044898
mapping,get,32768,4,131200,shuffle,20261005,64,13.950187511,19.514431095,1.398865,0.021857
mapping,get,32768,4,131328,identity,20261005,2,13.931564083,17.158711536,1.231643,0.615821
mapping,get,32768,4,131328,identity,20261005,4,13.931564083,19.417257111,1.393760,0.348440
mapping,get,32768,4,131328,identity,20261005,8,13.931564083,20.480254403,1.470061,0.183758
mapping,get,32768,4,131328,identity,20261005,16,13.931564083,20.538620915,1.474251,0.092141
mapping,get,32768,4,131328,identity,20261005,32,13.931564083,20.759294823,1.490091,0.046565
mapping,get,32768,4,131328,identity,20261005,64,13.931564083,20.790815793,1.492353,0.023318
mapping,get,32768,4,131328,reverse,20261005,2,13.810549172,17.293924142,1.252226,0.626113
mapping,get,32768,4,131328,reverse,20261005,4,13.810549172,19.381966189,1.403417,0.350854
mapping,get,32768,4,131328,reverse,20261005,8,13.810549172,20.493335077,1.483890,0.185486
mapping,get,32768,4,131328,reverse,20261005,16,13.810549172,20.427025382,1.479089,0.092443
mapping,get,32768,4,131328,reverse,20261005,32,13.810549172,20.655883232,1.495660,0.046739
mapping,get,32768,4,131328,reverse,20261005,64,13.810549172,20.734227138,1.501333,0.023458
mapping,get,32768,4,131328,transpose,20261005,2,13.882857459,15.530085987,1.118652,0.559326
mapping,get,32768,4,131328,transpose,20261005,4,13.882857459,16.254071051,1.170802,0.292700
mapping,get,32768,4,131328,transpose,20261005,8,13.882857459,17.620993762,1.269263,0.158658
mapping,get,32768,4,131328,transpose,20261005,16,13.882857459,16.685917600,1.201908,0.075119
mapping,get,32768,4,131328,transpose,20261005,32,13.882857459,18.971303736,1.366527,0.042704
mapping,get,32768,4,131328,transpose,20261005,64,13.882857459,17.646804355,1.271122,0.019861
mapping,get,32768,4,131328,shuffle,20261005,2,13.922111294,15.568598543,1.118264,0.559132
mapping,get,32768,4,131328,shuffle,20261005,4,13.922111294,16.351601346,1.174506,0.293626
mapping,get,32768,4,131328,shuffle,20261005,8,13.922111294,18.560173367,1.333144,0.166643
mapping,get,32768,4,131328,shuffle,20261005,16,13.922111294,16.688303921,1.198691,0.074918
mapping,get,32768,4,131328,shuffle,20261005,32,13.922111294,20.129651669,1.445876,0.045184
mapping,get,32768,4,131328,shuffle,20261005,64,13.922111294,19.363997243,1.390881,0.021733
mapping,get,32768,4,135168,identity,20261005,2,13.915489560,17.312476786,1.244116,0.622058
mapping,get,32768,4,135168,identity,20261005,4,13.915489560,19.470997688,1.399232,0.349808
mapping,get,32768,4,135168,identity,20261005,8,13.915489560,20.621406462,1.481903,0.185238
mapping,get,32768,4,135168,identity,20261005,16,13.915489560,20.631721327,1.482644,0.092665
mapping,get,32768,4,135168,identity,20261005,32,13.915489560,21.117041333,1.517521,0.047423
mapping,get,32768,4,135168,identity,20261005,64,13.915489560,20.451267966,1.469676,0.022964
mapping,get,32768,4,135168,reverse,20261005,2,13.881957607,17.313986137,1.247229,0.623615
mapping,get,32768,4,135168,reverse,20261005,4,13.881957607,19.471093140,1.402619,0.350655
mapping,get,32768,4,135168,reverse,20261005,8,13.881957607,20.535199579,1.479273,0.184909
mapping,get,32768,4,135168,reverse,20261005,16,13.881957607,20.163390659,1.452489,0.090781
mapping,get,32768,4,135168,reverse,20261005,32,13.881957607,21.011269961,1.513567,0.047299
mapping,get,32768,4,135168,reverse,20261005,64,13.881957607,20.480596817,1.475339,0.023052
mapping,get,32768,4,135168,transpose,20261005,2,13.869219289,14.617141998,1.053927,0.526963
mapping,get,32768,4,135168,transpose,20261005,4,13.869219289,16.152554091,1.164633,0.291158
mapping,get,32768,4,135168,transpose,20261005,8,13.869219289,17.380933406,1.253202,0.156650
mapping,get,32768,4,135168,transpose,20261005,16,13.869219289,17.219266814,1.241546,0.077597
mapping,get,32768,4,135168,transpose,20261005,32,13.869219289,20.036797391,1.444695,0.045147
mapping,get,32768,4,135168,transpose,20261005,64,13.869219289,19.669260179,1.418195,0.022159
mapping,get,32768,4,135168,shuffle,20261005,2,13.896522477,15.906549024,1.144642,0.572321
mapping,get,32768,4,135168,shuffle,20261005,4,13.896522477,16.186178595,1.164765,0.291191
mapping,get,32768,4,135168,shuffle,20261005,8,13.896522477,18.595176890,1.338117,0.167265
mapping,get,32768,4,135168,shuffle,20261005,16,13.896522477,17.953071521,1.291911,0.080744
mapping,get,32768,4,135168,shuffle,20261005,32,13.896522477,19.382279670,1.394758,0.043586
mapping,get,32768,4,135168,shuffle,20261005,64,13.896522477,19.263566182,1.386215,0.021660
mapping,get,32768,4,262144,identity,20261005,2,13.894471893,14.485770189,1.042556,0.521278
mapping,get,32768,4,262144,identity,20261005,4,13.894471893,16.249414227,1.169488,0.292372
mapping,get,32768,4,262144,identity,20261005,8,13.894471893,17.425816604,1.254155,0.156769
mapping,get,32768,4,262144,identity,20261005,16,13.894471893,16.505143108,1.187893,0.074243
mapping,get,32768,4,262144,identity,20261005,32,13.894471893,17.308161151,1.245687,0.038928
mapping,get,32768,4,262144,identity,20261005,64,13.894471893,16.164905917,1.163406,0.018178
mapping,get,32768,4,262144,reverse,20261005,2,13.912547277,14.837041801,1.066450,0.533225
mapping,get,32768,4,262144,reverse,20261005,4,13.912547277,16.107383870,1.157760,0.289440
mapping,get,32768,4,262144,reverse,20261005,8,13.912547277,17.433353885,1.253067,0.156633
mapping,get,32768,4,262144,reverse,20261005,16,13.912547277,16.507506065,1.186519,0.074157
mapping,get,32768,4,262144,reverse,20261005,32,13.912547277,17.275334089,1.241709,0.038803
mapping,get,32768,4,262144,reverse,20261005,64,13.912547277,16.171499173,1.162368,0.018162
mapping,get,32768,4,262144,transpose,20261005,2,13.887393783,15.105281294,1.087697,0.543849
mapping,get,32768,4,262144,transpose,20261005,4,13.887393783,16.198106481,1.166389,0.291597
mapping,get,32768,4,262144,transpose,20261005,8,13.887393783,17.455737556,1.256948,0.157119
mapping,get,32768,4,262144,transpose,20261005,16,13.887393783,16.409952853,1.181644,0.073853
mapping,get,32768,4,262144,transpose,20261005,32,13.887393783,17.375677998,1.251184,0.039099
mapping,get,32768,4,262144,transpose,20261005,64,13.887393783,16.177646286,1.164916,0.018202
mapping,get,32768,4,262144,shuffle,20261005,2,13.898467555,14.959329551,1.076329,0.538165
mapping,get,32768,4,262144,shuffle,20261005,4,13.898467555,16.221475014,1.167141,0.291785
mapping,get,32768,4,262144,shuffle,20261005,8,13.898467555,17.411772301,1.252784,0.156598
mapping,get,32768,4,262144,shuffle,20261005,16,13.898467555,16.513800016,1.188174,0.074261
mapping,get,32768,4,262144,shuffle,20261005,32,13.898467555,17.350945415,1.248407,0.039013
mapping,get,32768,4,262144,shuffle,20261005,64,13.898467555,16.151958566,1.162140,0.018158
mapping,get,65536,4,131200,identity,20261005,2,15.641651147,17.420273263,1.113711,0.556855
mapping,get,65536,4,131200,identity,20261005,4,15.641651147,19.629449806,1.254947,0.313737
mapping,get,65536,4,131200,identity,20261005,8,15.641651147,20.831436919,1.331793,0.166474
mapping,get,65536,4,131200,identity,20261005,16,15.641651147,21.187293516,1.354543,0.084659
mapping,get,65536,4,131200,identity,20261005,32,15.641651147,21.393052340,1.367698,0.042741
mapping,get,65536,4,131200,identity,20261005,64,15.641651147,20.935580935,1.338451,0.020913
mapping,get,65536,4,131200,reverse,20261005,2,15.687881628,17.319060401,1.103977,0.551988
mapping,get,65536,4,131200,reverse,20261005,4,15.687881628,19.686788530,1.254904,0.313726
mapping,get,65536,4,131200,reverse,20261005,8,15.687881628,20.839035416,1.328352,0.166044
mapping,get,65536,4,131200,reverse,20261005,16,15.687881628,21.231074987,1.353342,0.084584
mapping,get,65536,4,131200,reverse,20261005,32,15.687881628,21.408479265,1.364651,0.042645
mapping,get,65536,4,131200,reverse,20261005,64,15.687881628,20.917783052,1.333372,0.020834
mapping,get,65536,4,131200,transpose,20261005,2,15.611916569,15.937371112,1.020847,0.510423
mapping,get,65536,4,131200,transpose,20261005,4,15.611916569,15.878048947,1.017047,0.254262
mapping,get,65536,4,131200,transpose,20261005,8,15.611916569,17.058484480,1.092658,0.136582
mapping,get,65536,4,131200,transpose,20261005,16,15.611916569,16.745957326,1.072639,0.067040
mapping,get,65536,4,131200,transpose,20261005,32,15.611916569,18.784680898,1.203227,0.037601
mapping,get,65536,4,131200,transpose,20261005,64,15.611916569,17.597719306,1.127198,0.017612
mapping,get,65536,4,131200,shuffle,20261005,2,15.666793765,15.537241692,0.991731,0.495865
mapping,get,65536,4,131200,shuffle,20261005,4,15.666793765,15.871492639,1.013066,0.253266
mapping,get,65536,4,131200,shuffle,20261005,8,15.666793765,18.363579526,1.172134,0.146517
mapping,get,65536,4,131200,shuffle,20261005,16,15.666793765,17.194939685,1.097540,0.068596
mapping,get,65536,4,131200,shuffle,20261005,32,15.666793765,19.945667640,1.273117,0.039785
mapping,get,65536,4,131200,shuffle,20261005,64,15.666793765,19.365435503,1.236082,0.019314
mapping,get,65536,4,131328,identity,20261005,2,15.653935662,17.478037774,1.116527,0.558263
mapping,get,65536,4,131328,identity,20261005,4,15.653935662,19.556893248,1.249328,0.312332
mapping,get,65536,4,131328,identity,20261005,8,15.653935662,20.828545366,1.330563,0.166320
mapping,get,65536,4,131328,identity,20261005,16,15.653935662,21.176765636,1.352808,0.084550
mapping,get,65536,4,131328,identity,20261005,32,15.653935662,21.352730511,1.364049,0.042627
mapping,get,65536,4,131328,identity,20261005,64,15.653935662,20.869469131,1.333177,0.020831
mapping,get,65536,4,131328,reverse,20261005,2,15.645318043,17.463329832,1.116202,0.558101
mapping,get,65536,4,131328,reverse,20261005,4,15.645318043,19.596071726,1.252520,0.313130
mapping,get,65536,4,131328,reverse,20261005,8,15.645318043,20.830707749,1.331434,0.166429
mapping,get,65536,4,131328,reverse,20261005,16,15.645318043,21.177219842,1.353582,0.084599
mapping,get,65536,4,131328,reverse,20261005,32,15.645318043,21.332337937,1.363497,0.042609
mapping,get,65536,4,131328,reverse,20261005,64,15.645318043,20.893434341,1.335443,0.020866
mapping,get,65536,4,131328,transpose,20261005,2,15.645575761,16.038812674,1.025134,0.512567
mapping,get,65536,4,131328,transpose,20261005,4,15.645575761,15.896547281,1.016041,0.254010
mapping,get,65536,4,131328,transpose,20261005,8,15.645575761,17.108600559,1.093510,0.136689
mapping,get,65536,4,131328,transpose,20261005,16,15.645575761,16.749122228,1.070534,0.066908
mapping,get,65536,4,131328,transpose,20261005,32,15.645575761,18.930099576,1.209933,0.037810
mapping,get,65536,4,131328,transpose,20261005,64,15.645575761,17.626599379,1.126619,0.017603
mapping,get,65536,4,131328,shuffle,20261005,2,15.687911671,15.403128761,0.981847,0.490923
mapping,get,65536,4,131328,shuffle,20261005,4,15.687911671,15.869498942,1.011575,0.252894
mapping,get,65536,4,131328,shuffle,20261005,8,15.687911671,18.301826685,1.166620,0.145827
mapping,get,65536,4,131328,shuffle,20261005,16,15.687911671,17.065733107,1.087827,0.067989
mapping,get,65536,4,131328,shuffle,20261005,32,15.687911671,20.012540283,1.275666,0.039865
mapping,get,65536,4,131328,shuffle,20261005,64,15.687911671,19.497832576,1.242857,0.019420
mapping,get,65536,4,135168,identity,20261005,2,15.666599015,17.451478586,1.113929,0.556964
mapping,get,65536,4,135168,identity,20261005,4,15.666599015,19.616000977,1.252091,0.313023
mapping,get,65536,4,135168,identity,20261005,8,15.666599015,20.842485838,1.330377,0.166297
mapping,get,65536,4,135168,identity,20261005,16,15.666599015,21.058694149,1.344178,0.084011
mapping,get,65536,4,135168,identity,20261005,32,15.666599015,21.224317970,1.354750,0.042336
mapping,get,65536,4,135168,identity,20261005,64,15.666599015,20.527951711,1.310300,0.020473
mapping,get,65536,4,135168,reverse,20261005,2,15.598947852,17.370298581,1.113556,0.556778
mapping,get,65536,4,135168,reverse,20261005,4,15.598947852,19.429357494,1.245556,0.311389
mapping,get,65536,4,135168,reverse,20261005,8,15.598947852,20.808306304,1.333956,0.166744
mapping,get,65536,4,135168,reverse,20261005,16,15.598947852,20.803392804,1.333641,0.083353
mapping,get,65536,4,135168,reverse,20261005,32,15.598947852,21.089323273,1.351971,0.042249
mapping,get,65536,4,135168,reverse,20261005,64,15.598947852,20.545326715,1.317097,0.020580
mapping,get,65536,4,135168,transpose,20261005,2,15.665711464,15.808722562,1.009129,0.504564
mapping,get,65536,4,135168,transpose,20261005,4,15.665711464,15.833353567,1.010701,0.252675
mapping,get,65536,4,135168,transpose,20261005,8,15.665711464,17.048454455,1.088266,0.136033
mapping,get,65536,4,135168,transpose,20261005,16,15.665711464,16.632864558,1.061737,0.066359
mapping,get,65536,4,135168,transpose,20261005,32,15.665711464,19.911272798,1.271010,0.039719
mapping,get,65536,4,135168,transpose,20261005,64,15.665711464,19.324095896,1.233528,0.019274
mapping,get,65536,4,135168,shuffle,20261005,2,15.638892773,16.147702594,1.032535,0.516267
mapping,get,65536,4,135168,shuffle,20261005,4,15.638892773,15.880216989,1.015431,0.253858
mapping,get,65536,4,135168,shuffle,20261005,8,15.638892773,17.981580239,1.149799,0.143725
mapping,get,65536,4,135168,shuffle,20261005,16,15.638892773,17.792376405,1.137701,0.071106
mapping,get,65536,4,135168,shuffle,20261005,32,15.638892773,19.616663916,1.254351,0.039198
mapping,get,65536,4,135168,shuffle,20261005,64,15.638892773,19.599508356,1.253254,0.019582
mapping,get,65536,4,262144,identity,20261005,2,15.656897590,15.778013823,1.007736,0.503868
mapping,get,65536,4,262144,identity,20261005,4,15.656897590,15.796007444,1.008885,0.252221
mapping,get,65536,4,262144,identity,20261005,8,15.656897590,17.052102439,1.089111,0.136139
mapping,get,65536,4,262144,identity,20261005,16,15.656897590,16.611225472,1.060953,0.066310
mapping,get,65536,4,262144,identity,20261005,32,15.656897590,17.515630419,1.118717,0.034960
mapping,get,65536,4,262144,identity,20261005,64,15.656897590,16.258964057,1.038454,0.016226
mapping,get,65536,4,262144,reverse,20261005,2,15.642808535,14.245920596,0.910701,0.455350
mapping,get,65536,4,262144,reverse,20261005,4,15.642808535,15.819285137,1.011282,0.252820
mapping,get,65536,4,262144,reverse,20261005,8,15.642808535,17.045268529,1.089655,0.136207
mapping,get,65536,4,262144,reverse,20261005,16,15.642808535,16.580365675,1.059935,0.066246
mapping,get,65536,4,262144,reverse,20261005,32,15.642808535,17.522447369,1.120160,0.035005
mapping,get,65536,4,262144,reverse,20261005,64,15.642808535,16.289070036,1.041314,0.016271
mapping,get,65536,4,262144,transpose,20261005,2,15.677482493,16.061406647,1.024489,0.512244
mapping,get,65536,4,262144,transpose,20261005,4,15.677482493,15.861456221,1.011735,0.252934
mapping,get,65536,4,262144,transpose,20261005,8,15.677482493,17.049722949,1.087529,0.135941
mapping,get,65536,4,262144,transpose,20261005,16,15.677482493,16.497719814,1.052319,0.065770
mapping,get,65536,4,262144,transpose,20261005,32,15.677482493,17.522783231,1.117704,0.034928
mapping,get,65536,4,262144,transpose,20261005,64,15.677482493,16.282891196,1.038616,0.016228
mapping,get,65536,4,262144,shuffle,20261005,2,15.585300125,15.704981388,1.007679,0.503840
mapping,get,65536,4,262144,shuffle,20261005,4,15.585300125,15.802187172,1.013916,0.253479
mapping,get,65536,4,262144,shuffle,20261005,8,15.585300125,17.066083909,1.095012,0.136876
mapping,get,65536,4,262144,shuffle,20261005,16,15.585300125,16.586666255,1.064251,0.066516
mapping,get,65536,4,262144,shuffle,20261005,32,15.585300125,17.545528077,1.125774,0.035180
mapping,get,65536,4,262144,shuffle,20261005,64,15.585300125,16.282243104,1.044718,0.016324
mapping,get,98304,4,131200,identity,20261005,2,16.306873922,17.325456652,1.062463,0.531232
mapping,get,98304,4,131200,identity,20261005,4,16.306873922,19.665719380,1.205977,0.301494
mapping,get,98304,4,131200,identity,20261005,8,16.306873922,20.894689391,1.281342,0.160168
mapping,get,98304,4,131200,identity,20261005,16,16.306873922,21.339336469,1.308610,0.081788
mapping,get,98304,4,131200,identity,20261005,32,16.306873922,21.458290447,1.315905,0.041122
mapping,get,98304,4,131200,identity,20261005,64,16.306873922,20.936227383,1.283890,0.020061
mapping,get,98304,4,131200,reverse,20261005,2,16.313931664,17.443039614,1.069211,0.534606
mapping,get,98304,4,131200,reverse,20261005,4,16.313931664,19.725046449,1.209092,0.302273
mapping,get,98304,4,131200,reverse,20261005,8,16.313931664,20.911948828,1.281846,0.160231
mapping,get,98304,4,131200,reverse,20261005,16,16.313931664,21.371816110,1.310035,0.081877
mapping,get,98304,4,131200,reverse,20261005,32,16.313931664,21.463950386,1.315682,0.041115
mapping,get,98304,4,131200,reverse,20261005,64,16.313931664,20.948702045,1.284099,0.020064
mapping,get,98304,4,131200,transpose,20261005,2,16.314099522,14.980870451,0.918277,0.459139
mapping,get,98304,4,131200,transpose,20261005,4,16.314099522,15.757659305,0.965892,0.241473
mapping,get,98304,4,131200,transpose,20261005,8,16.314099522,16.956490691,1.039376,0.129922
mapping,get,98304,4,131200,transpose,20261005,16,16.314099522,16.730200834,1.025506,0.064094
mapping,get,98304,4,131200,transpose,20261005,32,16.314099522,18.707984351,1.146737,0.035836
mapping,get,98304,4,131200,transpose,20261005,64,16.314099522,17.617911593,1.079919,0.016874
mapping,get,98304,4,131200,shuffle,20261005,2,16.323323486,15.613953637,0.956543,0.478271
mapping,get,98304,4,131200,shuffle,20261005,4,16.323323486,15.705647560,0.962160,0.240540
mapping,get,98304,4,131200,shuffle,20261005,8,16.323323486,18.313409229,1.121917,0.140240
mapping,get,98304,4,131200,shuffle,20261005,16,16.323323486,16.744518911,1.025803,0.064113
mapping,get,98304,4,131200,shuffle,20261005,32,16.323323486,19.906311759,1.219501,0.038109
mapping,get,98304,4,131200,shuffle,20261005,64,16.323323486,19.482231106,1.193521,0.018649
mapping,get,98304,4,131328,identity,20261005,2,16.306019181,17.307656249,1.061427,0.530714
mapping,get,98304,4,131328,identity,20261005,4,16.306019181,19.647431887,1.204919,0.301230
mapping,get,98304,4,131328,identity,20261005,8,16.306019181,20.912603341,1.282508,0.160314
mapping,get,98304,4,131328,identity,20261005,16,16.306019181,21.262469107,1.303964,0.081498
mapping,get,98304,4,131328,identity,20261005,32,16.306019181,21.411104827,1.313080,0.041034
mapping,get,98304,4,131328,identity,20261005,64,16.306019181,20.893199196,1.281318,0.020021
mapping,get,98304,4,131328,reverse,20261005,2,15.982269670,17.071402795,1.068146,0.534073
mapping,get,98304,4,131328,reverse,20261005,4,15.982269670,19.512453644,1.220881,0.305220
mapping,get,98304,4,131328,reverse,20261005,8,15.982269670,20.807693538,1.301924,0.162740
mapping,get,98304,4,131328,reverse,20261005,16,15.982269670,21.077619961,1.318813,0.082426
mapping,get,98304,4,131328,reverse,20261005,32,15.982269670,21.128458811,1.321994,0.041312
mapping,get,98304,4,131328,reverse,20261005,64,15.982269670,20.890508696,1.307105,0.020424
mapping,get,98304,4,131328,transpose,20261005,2,16.322588979,15.774119943,0.966398,0.483199
mapping,get,98304,4,131328,transpose,20261005,4,16.322588979,15.764415133,0.965804,0.241451
mapping,get,98304,4,131328,transpose,20261005,8,16.322588979,16.943728298,1.038054,0.129757
mapping,get,98304,4,131328,transpose,20261005,16,16.322588979,16.644953865,1.019750,0.063734
mapping,get,98304,4,131328,transpose,20261005,32,16.322588979,18.674470714,1.144088,0.035753
mapping,get,98304,4,131328,transpose,20261005,64,16.322588979,17.701684241,1.084490,0.016945
mapping,get,98304,4,131328,shuffle,20261005,2,15.974434145,15.373546737,0.962384,0.481192
mapping,get,98304,4,131328,shuffle,20261005,4,15.974434145,15.696115765,0.982577,0.245644
mapping,get,98304,4,131328,shuffle,20261005,8,15.974434145,18.241804251,1.141937,0.142742
mapping,get,98304,4,131328,shuffle,20261005,16,15.974434145,17.401804731,1.089353,0.068085
mapping,get,98304,4,131328,shuffle,20261005,32,15.974434145,19.958639408,1.249411,0.039044
mapping,get,98304,4,131328,shuffle,20261005,64,15.974434145,19.485957074,1.219821,0.019060
mapping,get,98304,4,135168,identity,20261005,2,16.304366755,17.443824255,1.069887,0.534943
mapping,get,98304,4,135168,identity,20261005,4,16.304366755,19.638219975,1.204476,0.301119
mapping,get,98304,4,135168,identity,20261005,8,16.304366755,20.810983518,1.276406,0.159551
mapping,get,98304,4,135168,identity,20261005,16,16.304366755,20.919261175,1.283047,0.080190
mapping,get,98304,4,135168,identity,20261005,32,16.304366755,21.177507830,1.298886,0.040590
mapping,get,98304,4,135168,identity,20261005,64,16.304366755,20.546050335,1.260156,0.019690
mapping,get,98304,4,135168,reverse,20261005,2,16.303396010,17.377056802,1.065855,0.532928
mapping,get,98304,4,135168,reverse,20261005,4,16.303396010,19.645728779,1.205008,0.301252
mapping,get,98304,4,135168,reverse,20261005,8,16.303396010,20.882217614,1.280851,0.160106
mapping,get,98304,4,135168,reverse,20261005,16,16.303396010,21.063339873,1.291960,0.080748
mapping,get,98304,4,135168,reverse,20261005,32,16.303396010,21.166897235,1.298312,0.040572
mapping,get,98304,4,135168,reverse,20261005,64,16.303396010,20.561955994,1.261207,0.019706
mapping,get,98304,4,135168,transpose,20261005,2,16.333808927,14.765465088,0.903982,0.451991
mapping,get,98304,4,135168,transpose,20261005,4,16.333808927,15.722493134,0.962574,0.240643
mapping,get,98304,4,135168,transpose,20261005,8,16.333808927,16.914936966,1.035578,0.129447
mapping,get,98304,4,135168,transpose,20261005,16,16.333808927,16.698673278,1.022338,0.063896
mapping,get,98304,4,135168,transpose,20261005,32,16.333808927,19.703925983,1.206328,0.037698
mapping,get,98304,4,135168,transpose,20261005,64,16.333808927,19.034561038,1.165347,0.018209
mapping,get,98304,4,135168,shuffle,20261005,2,16.294470034,15.468819520,0.949329,0.474665
mapping,get,98304,4,135168,shuffle,20261005,4,16.294470034,15.661025090,0.961125,0.240281
mapping,get,98304,4,135168,shuffle,20261005,8,16.294470034,17.492618378,1.073531,0.134191
mapping,get,98304,4,135168,shuffle,20261005,16,16.294470034,17.267588436,1.059721,0.066233
mapping,get,98304,4,135168,shuffle,20261005,32,16.294470034,19.311717294,1.185170,0.037037
mapping,get,98304,4,135168,shuffle,20261005,64,16.294470034,19.522350480,1.198097,0.018720
mapping,get,98304,4,262144,identity,20261005,2,16.312028611,14.375206279,0.881264,0.440632
mapping,get,98304,4,262144,identity,20261005,4,16.312028611,15.748096458,0.965428,0.241357
mapping,get,98304,4,262144,identity,20261005,8,16.312028611,16.847166874,1.032806,0.129101
mapping,get,98304,4,262144,identity,20261005,16,16.312028611,16.666632935,1.021739,0.063859
mapping,get,98304,4,262144,identity,20261005,32,16.312028611,17.596108876,1.078720,0.033710
mapping,get,98304,4,262144,identity,20261005,64,16.312028611,16.317873052,1.000358,0.015631
mapping,get,98304,4,262144,reverse,20261005,2,16.312277634,15.572770274,0.954666,0.477333
mapping,get,98304,4,262144,reverse,20261005,4,16.312277634,15.737740191,0.964779,0.241195
mapping,get,98304,4,262144,reverse,20261005,8,16.312277634,16.937224443,1.038311,0.129789
mapping,get,98304,4,262144,reverse,20261005,16,16.312277634,16.641288535,1.020170,0.063761
mapping,get,98304,4,262144,reverse,20261005,32,16.312277634,17.569699498,1.077084,0.033659
mapping,get,98304,4,262144,reverse,20261005,64,16.312277634,16.316982583,1.000288,0.015630
mapping,get,98304,4,262144,transpose,20261005,2,16.322147223,15.720890230,0.963163,0.481582
mapping,get,98304,4,262144,transpose,20261005,4,16.322147223,15.718730284,0.963031,0.240758
mapping,get,98304,4,262144,transpose,20261005,8,16.322147223,16.922579423,1.036786,0.129598
mapping,get,98304,4,262144,transpose,20261005,16,16.322147223,16.686711017,1.022336,0.063896
mapping,get,98304,4,262144,transpose,20261005,32,16.322147223,17.611042803,1.078966,0.033718
mapping,get,98304,4,262144,transpose,20261005,64,16.322147223,16.319688993,0.999849,0.015623
mapping,get,98304,4,262144,shuffle,20261005,2,16.280798730,14.716418813,0.903913,0.451956
mapping,get,98304,4,262144,shuffle,20261005,4,16.280798730,15.743293858,0.966985,0.241746
mapping,get,98304,4,262144,shuffle,20261005,8,16.280798730,16.913168650,1.038841,0.129855
mapping,get,98304,4,262144,shuffle,20261005,16,16.280798730,16.660682920,1.023333,0.063958
mapping,get,98304,4,262144,shuffle,20261005,32,16.280798730,17.604576350,1.081309,0.033791
mapping,get,98304,4,262144,shuffle,20261005,64,16.280798730,16.315487063,1.002131,0.015658
mapping,get,131072,4,131200,identity,20261005,2,16.691399241,16.872757381,1.010865,0.505433
mapping,get,131072,4,131200,identity,20261005,4,16.691399241,19.533448023,1.170270,0.292568
mapping,get,131072,4,131200,identity,20261005,8,16.691399241,20.894289274,1.251800,0.156475
mapping,get,131072,4,131200,identity,20261005,16,16.691399241,21.138096870,1.266407,0.079150
mapping,get,131072,4,131200,identity,20261005,32,16.691399241,21.351227345,1.279175,0.039974
mapping,get,131072,4,131200,identity,20261005,64,16.691399241,20.833307360,1.248146,0.019502
mapping,get,131072,4,131200,reverse,20261005,2,16.461517285,16.582797688,1.007368,0.503684
mapping,get,131072,4,131200,reverse,20261005,4,16.461517285,19.469632545,1.182736,0.295684
mapping,get,131072,4,131200,reverse,20261005,8,16.461517285,20.874062343,1.268052,0.158507
mapping,get,131072,4,131200,reverse,20261005,16,16.461517285,20.969064103,1.273823,0.079614
mapping,get,131072,4,131200,reverse,20261005,32,16.461517285,21.322313855,1.295282,0.040478
mapping,get,131072,4,131200,reverse,20261005,64,16.461517285,20.808741693,1.264084,0.019751
mapping,get,131072,4,131200,transpose,20261005,2,16.667582244,15.741319318,0.944427,0.472214
mapping,get,131072,4,131200,transpose,20261005,4,16.667582244,15.732080291,0.943873,0.235968
mapping,get,131072,4,131200,transpose,20261005,8,16.667582244,16.892709155,1.013507,0.126688
mapping,get,131072,4,131200,transpose,20261005,16,16.667582244,16.671056181,1.000208,0.062513
mapping,get,131072,4,131200,transpose,20261005,32,16.667582244,18.966260261,1.137913,0.035560
mapping,get,131072,4,131200,transpose,20261005,64,16.667582244,18.510317969,1.110558,0.017352
mapping,get,131072,4,131200,shuffle,20261005,2,16.520550611,15.900337569,0.962458,0.481229
mapping,get,131072,4,131200,shuffle,20261005,4,16.520550611,15.661129257,0.947979,0.236995
mapping,get,131072,4,131200,shuffle,20261005,8,16.520550611,18.106513980,1.095999,0.137000
mapping,get,131072,4,131200,shuffle,20261005,16,16.520550611,17.069396964,1.033222,0.064576
mapping,get,131072,4,131200,shuffle,20261005,32,16.520550611,20.069995472,1.214850,0.037964
mapping,get,131072,4,131200,shuffle,20261005,64,16.520550611,19.702371311,1.192598,0.018634
mapping,get,131072,4,131328,identity,20261005,2,16.700935745,16.854091150,1.009170,0.504585
mapping,get,131072,4,131328,identity,20261005,4,16.700935745,19.517404652,1.168641,0.292160
mapping,get,131072,4,131328,identity,20261005,8,16.700935745,20.878428100,1.250135,0.156267
mapping,get,131072,4,131328,identity,20261005,16,16.700935745,21.176526565,1.267984,0.079249
mapping,get,131072,4,131328,identity,20261005,32,16.700935745,21.339840743,1.277763,0.039930
mapping,get,131072,4,131328,identity,20261005,64,16.700935745,20.800711886,1.245482,0.019461
mapping,get,131072,4,131328,reverse,20261005,2,16.445091459,16.613112472,1.010217,0.505109
mapping,get,131072,4,131328,reverse,20261005,4,16.445091459,19.324875923,1.175115,0.293779
mapping,get,131072,4,131328,reverse,20261005,8,16.445091459,20.830376700,1.266662,0.158333
mapping,get,131072,4,131328,reverse,20261005,16,16.445091459,20.895845487,1.270643,0.079415
mapping,get,131072,4,131328,reverse,20261005,32,16.445091459,21.256200790,1.292556,0.040392
mapping,get,131072,4,131328,reverse,20261005,64,16.445091459,20.773512642,1.263204,0.019738
mapping,get,131072,4,131328,transpose,20261005,2,16.671563633,15.813832277,0.948551,0.474276
mapping,get,131072,4,131328,transpose,20261005,4,16.671563633,15.728566076,0.943437,0.235859
mapping,get,131072,4,131328,transpose,20261005,8,16.671563633,16.875334324,1.012223,0.126528
mapping,get,131072,4,131328,transpose,20261005,16,16.671563633,16.648939121,0.998643,0.062415
mapping,get,131072,4,131328,transpose,20261005,32,16.671563633,19.055423949,1.142990,0.035718
mapping,get,131072,4,131328,transpose,20261005,64,16.671563633,18.595834706,1.115422,0.017428
mapping,get,131072,4,131328,shuffle,20261005,2,16.505397196,15.564396396,0.942988,0.471494
mapping,get,131072,4,131328,shuffle,20261005,4,16.505397196,15.670093553,0.949392,0.237348
mapping,get,131072,4,131328,shuffle,20261005,8,16.505397196,18.187555594,1.101916,0.137739
mapping,get,131072,4,131328,shuffle,20261005,16,16.505397196,17.485316629,1.059370,0.066211
mapping,get,131072,4,131328,shuffle,20261005,32,16.505397196,20.067376812,1.215807,0.037994
mapping,get,131072,4,131328,shuffle,20261005,64,16.505397196,19.764285381,1.197444,0.018710
mapping,get,131072,4,135168,identity,20261005,2,16.702274365,17.096391682,1.023597,0.511798
mapping,get,131072,4,135168,identity,20261005,4,16.702274365,19.385020460,1.160622,0.290155
mapping,get,131072,4,135168,identity,20261005,8,16.702274365,20.795469713,1.245068,0.155634
mapping,get,131072,4,135168,identity,20261005,16,16.702274365,20.807026102,1.245760,0.077860
mapping,get,131072,4,135168,identity,20261005,32,16.702274365,21.119955057,1.264496,0.039515
mapping,get,131072,4,135168,identity,20261005,64,16.702274365,20.509252874,1.227932,0.019186
mapping,get,131072,4,135168,reverse,20261005,2,16.428906362,16.844113813,1.025273,0.512636
mapping,get,131072,4,135168,reverse,20261005,4,16.428906362,19.560163448,1.190594,0.297649
mapping,get,131072,4,135168,reverse,20261005,8,16.428906362,20.856520898,1.269501,0.158688
mapping,get,131072,4,135168,reverse,20261005,16,16.428906362,21.098021840,1.284201,0.080263
mapping,get,131072,4,135168,reverse,20261005,32,16.428906362,21.235161968,1.292549,0.040392
mapping,get,131072,4,135168,reverse,20261005,64,16.428906362,20.542439990,1.250384,0.019537
mapping,get,131072,4,135168,transpose,20261005,2,16.674980494,15.333129589,0.919529,0.459765
mapping,get,131072,4,135168,transpose,20261005,4,16.674980494,15.683943740,0.940567,0.235142
mapping,get,131072,4,135168,transpose,20261005,8,16.674980494,16.866256340,1.011471,0.126434
mapping,get,131072,4,135168,transpose,20261005,16,16.674980494,16.694443613,1.001167,0.062573
mapping,get,131072,4,135168,transpose,20261005,32,16.674980494,19.418992341,1.164559,0.036392
mapping,get,131072,4,135168,transpose,20261005,64,16.674980494,18.997599845,1.139288,0.017801
mapping,get,131072,4,135168,shuffle,20261005,2,16.696178892,15.309897762,0.916970,0.458485
mapping,get,131072,4,135168,shuffle,20261005,4,16.696178892,15.705098058,0.940640,0.235160
mapping,get,131072,4,135168,shuffle,20261005,8,16.696178892,17.343301069,1.038759,0.129845
mapping,get,131072,4,135168,shuffle,20261005,16,16.696178892,17.239635289,1.032550,0.064534
mapping,get,131072,4,135168,shuffle,20261005,32,16.696178892,19.448093106,1.164823,0.036401
mapping,get,131072,4,135168,shuffle,20261005,64,16.696178892,19.605058591,1.174224,0.018347
mapping,get,131072,4,262144,identity,20261005,2,16.678746814,14.940801667,0.895799,0.447899
mapping,get,131072,4,262144,identity,20261005,4,16.678746814,15.668205850,0.939411,0.234853
mapping,get,131072,4,262144,identity,20261005,8,16.678746814,16.865071690,1.011171,0.126396
mapping,get,131072,4,262144,identity,20261005,16,16.678746814,16.666175009,0.999246,0.062453
mapping,get,131072,4,262144,identity,20261005,32,16.678746814,17.598445266,1.055142,0.032973
mapping,get,131072,4,262144,identity,20261005,64,16.678746814,16.345362468,0.980011,0.015313
mapping,get,131072,4,262144,reverse,20261005,2,16.670984751,15.713589524,0.942571,0.471286
mapping,get,131072,4,262144,reverse,20261005,4,16.670984751,15.723524037,0.943167,0.235792
mapping,get,131072,4,262144,reverse,20261005,8,16.670984751,16.879557704,1.012511,0.126564
mapping,get,131072,4,262144,reverse,20261005,16,16.670984751,16.677930412,1.000417,0.062526
mapping,get,131072,4,262144,reverse,20261005,32,16.670984751,17.593197730,1.055318,0.032979
mapping,get,131072,4,262144,reverse,20261005,64,16.670984751,16.342081030,0.980271,0.015317
mapping,get,131072,4,262144,transpose,20261005,2,16.663068912,16.121020810,0.967470,0.483735
mapping,get,131072,4,262144,transpose,20261005,4,16.663068912,15.722499421,0.943554,0.235888
mapping,get,131072,4,262144,transpose,20261005,8,16.663068912,16.931607062,1.016116,0.127014
mapping,get,131072,4,262144,transpose,20261005,16,16.663068912,16.749565951,1.005191,0.062824
mapping,get,131072,4,262144,transpose,20261005,32,16.663068912,17.619367721,1.057390,0.033043
mapping,get,131072,4,262144,transpose,20261005,64,16.663068912,16.354365538,0.981474,0.015336
mapping,get,131072,4,262144,shuffle,20261005,2,16.701929581,15.625889464,0.935574,0.467787
mapping,get,131072,4,262144,shuffle,20261005,4,16.701929581,15.687323981,0.939252,0.234813
mapping,get,131072,4,262144,shuffle,20261005,8,16.701929581,16.873007709,1.010243,0.126280
mapping,get,131072,4,262144,shuffle,20261005,16,16.701929581,16.647233865,0.996725,0.062295
mapping,get,131072,4,262144,shuffle,20261005,32,16.701929581,17.586508059,1.052963,0.032905
mapping,get,131072,4,262144,shuffle,20261005,64,16.701929581,16.318162842,0.977023,0.015266
mapping,put,64,0,131200,identity,20261005,2,0.266635004,0.533258455,1.999957,0.999978
mapping,put,64,0,131200,identity,20261005,4,0.266635004,0.686570967,2.574947,0.643737
mapping,put,64,0,131200,identity,20261005,8,0.266635004,1.278284542,4.794136,0.599267
mapping,put,64,0,131200,identity,20261005,16,0.266635004,1.322686226,4.960662,0.310041
mapping,put,64,0,131200,identity,20261005,32,0.266635004,2.210454240,8.290188,0.259068
mapping,put,64,0,131200,identity,20261005,64,0.266635004,2.137467440,8.016455,0.125257
mapping,put,64,0,131200,reverse,20261005,2,0.265857684,0.531283906,1.998377,0.999189
mapping,put,64,0,131200,reverse,20261005,4,0.265857684,0.683783330,2.571990,0.642998
mapping,put,64,0,131200,reverse,20261005,8,0.265857684,1.279069796,4.811107,0.601388
mapping,put,64,0,131200,reverse,20261005,16,0.265857684,1.980848829,7.450786,0.465674
mapping,put,64,0,131200,reverse,20261005,32,0.265857684,2.091695733,7.867727,0.245866
mapping,put,64,0,131200,reverse,20261005,64,0.265857684,2.141529480,8.055172,0.125862
mapping,put,64,0,131200,transpose,20261005,2,0.266637670,0.532813618,1.998268,0.999134
mapping,put,64,0,131200,transpose,20261005,4,0.266637670,1.063919538,3.990132,0.997533
mapping,put,64,0,131200,transpose,20261005,8,0.266637670,2.071765638,7.769966,0.971246
mapping,put,64,0,131200,transpose,20261005,16,0.266637670,2.115249274,7.933047,0.495815
mapping,put,64,0,131200,transpose,20261005,32,0.266637670,1.925048500,7.219717,0.225616
mapping,put,64,0,131200,transpose,20261005,64,0.266637670,2.140036887,8.026011,0.125406
mapping,put,64,0,131200,shuffle,20261005,2,0.265743981,0.529949605,1.994211,0.997106
mapping,put,64,0,131200,shuffle,20261005,4,0.265743981,1.057106897,3.977915,0.994479
mapping,put,64,0,131200,shuffle,20261005,8,0.265743981,0.956217383,3.598265,0.449783
mapping,put,64,0,131200,shuffle,20261005,16,0.265743981,1.186810319,4.465991,0.279124
mapping,put,64,0,131200,shuffle,20261005,32,0.265743981,1.891287711,7.116954,0.222405
mapping,put,64,0,131200,shuffle,20261005,64,0.265743981,2.143593218,8.066385,0.126037
mapping,put,64,0,131328,identity,20261005,2,0.266627672,0.531068988,1.991800,0.995900
mapping,put,64,0,131328,identity,20261005,4,0.266627672,0.661349007,2.480421,0.620105
mapping,put,64,0,131328,identity,20261005,8,0.266627672,0.793843496,2.977348,0.372169
mapping,put,64,0,131328,identity,20261005,16,0.266627672,1.000194569,3.751278,0.234455
mapping,put,64,0,131328,identity,20261005,32,0.266627672,1.396140381,5.236292,0.163634
mapping,put,64,0,131328,identity,20261005,64,0.266627672,1.747202343,6.552967,0.102390
mapping,put,64,0,131328,reverse,20261005,2,0.266123553,0.531504956,1.997211,0.998606
mapping,put,64,0,131328,reverse,20261005,4,0.266123553,0.557114097,2.093442,0.523360
mapping,put,64,0,131328,reverse,20261005,8,0.266123553,0.537865297,2.021111,0.252639
mapping,put,64,0,131328,reverse,20261005,16,0.266123553,0.856063749,3.216791,0.201049
mapping,put,64,0,131328,reverse,20261005,32,0.266123553,1.084082451,4.073606,0.127300
mapping,put,64,0,131328,reverse,20261005,64,0.266123553,1.776214416,6.674398,0.104287
mapping,put,64,0,131328,transpose,20261005,2,0.266635226,0.344168178,1.290783,0.645391
mapping,put,64,0,131328,transpose,20261005,4,0.266635226,0.664845613,2.493465,0.623366
mapping,put,64,0,131328,transpose,20261005,8,0.266635226,1.232850555,4.623735,0.577967
mapping,put,64,0,131328,transpose,20261005,16,0.266635226,1.452598477,5.447887,0.340493
mapping,put,64,0,131328,transpose,20261005,32,0.266635226,1.491827908,5.595014,0.174844
mapping,put,64,0,131328,transpose,20261005,64,0.266635226,1.730097814,6.488632,0.101385
mapping,put,64,0,131328,shuffle,20261005,2,0.265975795,0.531370142,1.997814,0.998907
mapping,put,64,0,131328,shuffle,20261005,4,0.265975795,1.060455051,3.987036,0.996759
mapping,put,64,0,131328,shuffle,20261005,8,0.265975795,0.850514021,3.197712,0.399714
mapping,put,64,0,131328,shuffle,20261005,16,0.265975795,1.222310023,4.595569,0.287223
mapping,put,64,0,131328,shuffle,20261005,32,0.265975795,1.515058147,5.696226,0.178007
mapping,put,64,0,131328,shuffle,20261005,64,0.265975795,1.742236086,6.550356,0.102349
mapping,put,64,0,135168,identity,20261005,2,0.266629783,0.532720926,1.997980,0.998990
mapping,put,64,0,135168,identity,20261005,4,0.266629783,1.063028893,3.986910,0.996727
mapping,put,64,0,135168,identity,20261005,8,0.266629783,2.068378492,7.757492,0.969687
mapping,put,64,0,135168,identity,20261005,16,0.266629783,1.744603655,6.543169,0.408948
mapping,put,64,0,135168,identity,20261005,32,0.266629783,1.856013752,6.961014,0.217532
mapping,put,64,0,135168,identity,20261005,64,0.266629783,1.660608581,6.228144,0.097315
mapping,put,64,0,135168,reverse,20261005,2,0.266557378,0.532525669,1.997790,0.998895
mapping,put,64,0,135168,reverse,20261005,4,0.266557378,1.062868241,3.987390,0.996848
mapping,put,64,0,135168,reverse,20261005,8,0.266557378,2.068928453,7.761663,0.970208
mapping,put,64,0,135168,reverse,20261005,16,0.266557378,1.737457306,6.518136,0.407384
mapping,put,64,0,135168,reverse,20261005,32,0.266557378,1.857237895,6.967498,0.217734
mapping,put,64,0,135168,reverse,20261005,64,0.266557378,1.659168543,6.224433,0.097257
mapping,put,64,0,135168,transpose,20261005,2,0.266628672,0.533243571,1.999948,0.999974
mapping,put,64,0,135168,transpose,20261005,4,0.266628672,1.063909810,3.990230,0.997558
mapping,put,64,0,135168,transpose,20261005,8,0.266628672,1.193557494,4.476478,0.559560
mapping,put,64,0,135168,transpose,20261005,16,0.266628672,1.728170290,6.481562,0.405098
mapping,put,64,0,135168,transpose,20261005,32,0.266628672,1.694875839,6.356690,0.198647
mapping,put,64,0,135168,transpose,20261005,64,0.266628672,1.658119082,6.218833,0.097169
mapping,put,64,0,135168,shuffle,20261005,2,0.266522078,0.533035722,1.999968,0.999984
mapping,put,64,0,135168,shuffle,20261005,4,0.266522078,0.681911472,2.558555,0.639639
mapping,put,64,0,135168,shuffle,20261005,8,0.266522078,0.894269878,3.355331,0.419416
mapping,put,64,0,135168,shuffle,20261005,16,0.266522078,1.091188630,4.094177,0.255886
mapping,put,64,0,135168,shuffle,20261005,32,0.266522078,1.351118486,5.069443,0.158420
mapping,put,64,0,135168,shuffle,20261005,64,0.266522078,1.662056920,6.236095,0.097439
mapping,put,64,0,262144,identity,20261005,2,0.266627450,0.532775695,1.998203,0.999101
mapping,put,64,0,262144,identity,20261005,4,0.266627450,1.063202399,3.987595,0.996899
mapping,put,64,0,262144,identity,20261005,8,0.266627450,2.070068587,7.763899,0.970487
mapping,put,64,0,262144,identity,20261005,16,0.266627450,2.224573279,8.343377,0.521461
mapping,put,64,0,262144,identity,20261005,32,0.266627450,2.347279282,8.803592,0.275112
mapping,put,64,0,262144,identity,20261005,64,0.266627450,2.196525543,8.238182,0.128722
mapping,put,64,0,262144,reverse,20261005,2,0.266624784,0.532509718,1.997225,0.998613
mapping,put,64,0,262144,reverse,20261005,4,0.266624784,1.063871787,3.990146,0.997536
mapping,put,64,0,262144,reverse,20261005,8,0.266624784,2.070752601,7.766542,0.970818
mapping,put,64,0,262144,reverse,20261005,16,0.266624784,2.209263892,8.286041,0.517878
mapping,put,64,0,262144,reverse,20261005,32,0.266624784,2.376698330,8.914019,0.278563
mapping,put,64,0,262144,reverse,20261005,64,0.266624784,2.199047280,8.247723,0.128871
mapping,put,64,0,262144,transpose,20261005,2,0.266632338,0.532711614,1.997926,0.998963
mapping,put,64,0,262144,transpose,20261005,4,0.266632338,1.062923846,3.986478,0.996619
mapping,put,64,0,262144,transpose,20261005,8,0.266632338,2.071173951,7.767902,0.970988
mapping,put,64,0,262144,transpose,20261005,16,0.266632338,1.744136236,6.541353,0.408835
mapping,put,64,0,262144,transpose,20261005,32,0.266632338,1.895888856,7.110499,0.222203
mapping,put,64,0,262144,transpose,20261005,64,0.266632338,2.194044017,8.228724,0.128574
mapping,put,64,0,262144,shuffle,20261005,2,0.266621674,0.533068798,1.999345,0.999673
mapping,put,64,0,262144,shuffle,20261005,4,0.266621674,1.063916885,3.990362,0.997590
mapping,put,64,0,262144,shuffle,20261005,8,0.266621674,1.288127764,4.831294,0.603912
mapping,put,64,0,262144,shuffle,20261005,16,0.266621674,1.392117299,5.221321,0.326333
mapping,put,64,0,262144,shuffle,20261005,32,0.266621674,1.836883985,6.889477,0.215296
mapping,put,64,0,262144,shuffle,20261005,64,0.266621674,2.198975265,8.247549,0.128868
mapping,put,128,0,131200,identity,20261005,2,0.531749385,1.049076280,1.972877,0.986439
mapping,put,128,0,131200,identity,20261005,4,0.531749385,2.072967652,3.898392,0.974598
mapping,put,128,0,131200,identity,20261005,8,0.531749385,4.138044184,7.781944,0.972743
mapping,put,128,0,131200,identity,20261005,16,0.531749385,8.283740772,15.578280,0.973642
mapping,put,128,0,131200,identity,20261005,32,0.531749385,15.698244181,29.521885,0.922559
mapping,put,128,0,131200,identity,20261005,64,0.531749385,18.812195410,35.377935,0.552780
mapping,put,128,0,131200,reverse,20261005,2,0.526295664,1.041306091,1.978557,0.989279
mapping,put,128,0,131200,reverse,20261005,4,0.526295664,2.080280123,3.952683,0.988171
mapping,put,128,0,131200,reverse,20261005,8,0.526295664,4.147424749,7.880408,0.985051
mapping,put,128,0,131200,reverse,20261005,16,0.526295664,8.299720411,15.770072,0.985629
mapping,put,128,0,131200,reverse,20261005,32,0.526295664,15.726361313,29.881229,0.933788
mapping,put,128,0,131200,reverse,20261005,64,0.526295664,18.631664368,35.401516,0.553149
mapping,put,128,0,131200,transpose,20261005,2,0.533037276,1.052108121,1.973798,0.986899
mapping,put,128,0,131200,transpose,20261005,4,0.533037276,2.079458041,3.901149,0.975287
mapping,put,128,0,131200,transpose,20261005,8,0.533037276,4.144339577,7.774953,0.971869
mapping,put,128,0,131200,transpose,20261005,16,0.533037276,8.288320227,15.549232,0.971827
mapping,put,128,0,131200,transpose,20261005,32,0.533037276,15.710394827,29.473351,0.921042
mapping,put,128,0,131200,transpose,20261005,64,0.533037276,18.767275022,35.208185,0.550128
mapping,put,128,0,131200,shuffle,20261005,2,0.530797008,1.057195080,1.991713,0.995856
mapping,put,128,0,131200,shuffle,20261005,4,0.530797008,2.075855490,3.910827,0.977707
mapping,put,128,0,131200,shuffle,20261005,8,0.530797008,4.139352264,7.798372,0.974796
mapping,put,128,0,131200,shuffle,20261005,16,0.530797008,8.276041547,15.591726,0.974483
mapping,put,128,0,131200,shuffle,20261005,32,0.530797008,15.713354049,29.603321,0.925104
mapping,put,128,0,131200,shuffle,20261005,64,0.530797008,18.498421357,34.850274,0.544536
mapping,put,128,0,131328,identity,20261005,2,0.531032414,1.044437554,1.966806,0.983403
mapping,put,128,0,131328,identity,20261005,4,0.531032414,2.077330241,3.911871,0.977968
mapping,put,128,0,131328,identity,20261005,8,0.531032414,4.138219773,7.792782,0.974098
mapping,put,128,0,131328,identity,20261005,16,0.531032414,8.277693999,15.587926,0.974245
mapping,put,128,0,131328,identity,20261005,32,0.531032414,12.770591722,24.048611,0.751519
mapping,put,128,0,131328,identity,20261005,64,0.531032414,17.276380328,32.533570,0.508337
mapping,put,128,0,131328,reverse,20261005,2,0.531810803,1.042463700,1.960215,0.980108
mapping,put,128,0,131328,reverse,20261005,4,0.531810803,2.076537439,3.904654,0.976164
mapping,put,128,0,131328,reverse,20261005,8,0.531810803,4.141547078,7.787632,0.973454
mapping,put,128,0,131328,reverse,20261005,16,0.531810803,8.278831698,15.567250,0.972953
mapping,put,128,0,131328,reverse,20261005,32,0.531810803,14.048590425,26.416519,0.825516
mapping,put,128,0,131328,reverse,20261005,64,0.531810803,17.347141025,32.619008,0.509672
mapping,put,128,0,131328,transpose,20261005,2,0.533046821,1.056361421,1.981742,0.990871
mapping,put,128,0,131328,transpose,20261005,4,0.533046821,2.078149797,3.898625,0.974656
mapping,put,128,0,131328,transpose,20261005,8,0.533046821,4.142441743,7.771253,0.971407
mapping,put,128,0,131328,transpose,20261005,16,0.533046821,8.286056687,15.544707,0.971544
mapping,put,128,0,131328,transpose,20261005,32,0.533046821,15.510715685,29.098224,0.909319
mapping,put,128,0,131328,transpose,20261005,64,0.533046821,17.015884885,31.921933,0.498780
mapping,put,128,0,131328,shuffle,20261005,2,0.530955317,1.040696942,1.960046,0.980023
mapping,put,128,0,131328,shuffle,20261005,4,0.530955317,2.076627557,3.911115,0.977779
mapping,put,128,0,131328,shuffle,20261005,8,0.530955317,4.143496067,7.803851,0.975481
mapping,put,128,0,131328,shuffle,20261005,16,0.530955317,8.287568930,15.608788,0.975549
mapping,put,128,0,131328,shuffle,20261005,32,0.530955317,15.609060114,29.398067,0.918690
mapping,put,128,0,131328,shuffle,20261005,64,0.530955317,17.210026185,32.413323,0.506458
mapping,put,128,0,135168,identity,20261005,2,0.532708954,1.046877198,1.965195,0.982598
mapping,put,128,0,135168,identity,20261005,4,0.532708954,2.077802334,3.900446,0.975111
mapping,put,128,0,135168,identity,20261005,8,0.532708954,4.144289258,7.779650,0.972456
mapping,put,128,0,135168,identity,20261005,16,0.532708954,8.281931841,15.546823,0.971676
mapping,put,128,0,135168,identity,20261005,32,0.532708954,15.164203594,28.466207,0.889569
mapping,put,128,0,135168,identity,20261005,64,0.532708954,14.885165094,27.942397,0.436600
mapping,put,128,0,135168,reverse,20261005,2,0.532935186,1.055168844,1.979920,0.989960
mapping,put,128,0,135168,reverse,20261005,4,0.532935186,2.076406066,3.896170,0.974042
mapping,put,128,0,135168,reverse,20261005,8,0.532935186,4.143537983,7.774938,0.971867
mapping,put,128,0,135168,reverse,20261005,16,0.532935186,8.279949625,15.536504,0.971031
mapping,put,128,0,135168,reverse,20261005,32,0.532935186,15.347980613,28.798963,0.899968
mapping,put,128,0,135168,reverse,20261005,64,0.532935186,14.965353344,28.081001,0.438766
mapping,put,128,0,135168,transpose,20261005,2,0.526212581,1.056949339,2.008598,1.004299
mapping,put,128,0,135168,transpose,20261005,4,0.526212581,2.079666668,3.952142,0.988035
mapping,put,128,0,135168,transpose,20261005,8,0.526212581,4.144356350,7.875821,0.984478
mapping,put,128,0,135168,transpose,20261005,16,0.526212581,8.281570150,15.738069,0.983629
mapping,put,128,0,135168,transpose,20261005,32,0.526212581,15.300658309,29.076953,0.908655
mapping,put,128,0,135168,transpose,20261005,64,0.526212581,14.905689490,28.326365,0.442599
mapping,put,128,0,135168,shuffle,20261005,2,0.530587983,1.058713085,1.995358,0.997679
mapping,put,128,0,135168,shuffle,20261005,4,0.530587983,2.078546317,3.917439,0.979360
mapping,put,128,0,135168,shuffle,20261005,8,0.530587983,4.144183594,7.810549,0.976319
mapping,put,128,0,135168,shuffle,20261005,16,0.530587983,8.282836208,15.610674,0.975667
mapping,put,128,0,135168,shuffle,20261005,32,0.530587983,15.195245550,28.638503,0.894953
mapping,put,128,0,135168,shuffle,20261005,64,0.530587983,15.036255326,28.338854,0.442795
mapping,put,128,0,262144,identity,20261005,2,0.531985415,1.053996313,1.981250,0.990625
mapping,put,128,0,262144,identity,20261005,4,0.531985415,2.078894872,3.907804,0.976951
mapping,put,128,0,262144,identity,20261005,8,0.531985415,4.144748878,7.791095,0.973887
mapping,put,128,0,262144,identity,20261005,16,0.531985415,8.279233314,15.562895,0.972681
mapping,put,128,0,262144,identity,20261005,32,0.531985415,15.107066168,28.397519,0.887422
mapping,put,128,0,262144,identity,20261005,64,0.531985415,14.198843432,26.690287,0.417036
mapping,put,128,0,262144,reverse,20261005,2,0.532445480,1.043997990,1.960760,0.980380
mapping,put,128,0,262144,reverse,20261005,4,0.532445480,2.078731130,3.904120,0.976030
mapping,put,128,0,262144,reverse,20261005,8,0.532445480,4.144208752,7.783349,0.972919
mapping,put,128,0,262144,reverse,20261005,16,0.532445480,8.283680462,15.557800,0.972363
mapping,put,128,0,262144,reverse,20261005,32,0.532445480,15.154048898,28.461222,0.889413
mapping,put,128,0,262144,reverse,20261005,64,0.532445480,14.497344572,27.227848,0.425435
mapping,put,128,0,262144,transpose,20261005,2,0.532646663,1.048022778,1.967576,0.983788
mapping,put,128,0,262144,transpose,20261005,4,0.532646663,2.077035292,3.899462,0.974865
mapping,put,128,0,262144,transpose,20261005,8,0.532646663,4.145728847,7.783263,0.972908
mapping,put,128,0,262144,transpose,20261005,16,0.532646663,8.282702215,15.550087,0.971880
mapping,put,128,0,262144,transpose,20261005,32,0.532646663,15.352479204,28.823008,0.900719
mapping,put,128,0,262144,transpose,20261005,64,0.532646663,14.908502524,27.989479,0.437336
mapping,put,128,0,262144,shuffle,20261005,2,0.532328342,1.049321384,1.971192,0.985596
mapping,put,128,0,262144,shuffle,20261005,4,0.532328342,2.079154044,3.905774,0.976443
mapping,put,128,0,262144,shuffle,20261005,8,0.532328342,4.146546401,7.789453,0.973682
mapping,put,128,0,262144,shuffle,20261005,16,0.532328342,8.283747474,15.561350,0.972584
mapping,put,128,0,262144,shuffle,20261005,32,0.532328342,15.444568666,29.013238,0.906664
mapping,put,128,0,262144,shuffle,20261005,64,0.532328342,14.860369307,27.915796,0.436184
mapping,put,256,0,131200,identity,20261005,2,1.016907275,2.020879793,1.987280,0.993640
mapping,put,256,0,131200,identity,20261005,4,1.016907275,4.032335868,3.965294,0.991323
mapping,put,256,0,131200,identity,20261005,8,1.016907275,8.049124815,7.915299,0.989412
mapping,put,256,0,131200,identity,20261005,16,1.016907275,15.997306703,15.731333,0.983208
mapping,put,256,0,131200,identity,20261005,32,1.016907275,18.914603750,18.600126,0.581254
mapping,put,256,0,131200,identity,20261005,64,1.016907275,18.128710748,17.827300,0.278552
mapping,put,256,0,131200,reverse,20261005,2,1.012441963,2.020631755,1.995800,0.997900
mapping,put,256,0,131200,reverse,20261005,4,1.012441963,4.033700306,3.984130,0.996032
mapping,put,256,0,131200,reverse,20261005,8,1.012441963,8.024509233,7.925896,0.990737
mapping,put,256,0,131200,reverse,20261005,16,1.012441963,16.016636029,15.819807,0.988738
mapping,put,256,0,131200,reverse,20261005,32,1.012441963,19.770548688,19.527587,0.610237
mapping,put,256,0,131200,reverse,20261005,64,1.012441963,18.392569779,18.166542,0.283852
mapping,put,256,0,131200,transpose,20261005,2,1.014473686,2.026105900,1.997199,0.998600
mapping,put,256,0,131200,transpose,20261005,4,1.014473686,4.034758817,3.977194,0.994299
mapping,put,256,0,131200,transpose,20261005,8,1.014473686,8.055764139,7.940831,0.992604
mapping,put,256,0,131200,transpose,20261005,16,1.014473686,16.070219326,15.840942,0.990059
mapping,put,256,0,131200,transpose,20261005,32,1.014473686,18.406138915,18.143535,0.566985
mapping,put,256,0,131200,transpose,20261005,64,1.014473686,18.167167435,17.907973,0.279812
mapping,put,256,0,131200,shuffle,20261005,2,1.013091036,2.021227627,1.995110,0.997555
mapping,put,256,0,131200,shuffle,20261005,4,1.013091036,4.034119829,3.981991,0.995498
mapping,put,256,0,131200,shuffle,20261005,8,1.013091036,8.050735357,7.946705,0.993338
mapping,put,256,0,131200,shuffle,20261005,16,1.013091036,15.505249299,15.304892,0.956556
mapping,put,256,0,131200,shuffle,20261005,32,1.013091036,17.973520651,17.741269,0.554415
mapping,put,256,0,131200,shuffle,20261005,64,1.013091036,18.352549519,18.115400,0.283053
mapping,put,256,0,131328,identity,20261005,2,1.015017501,2.021259545,1.991354,0.995677
mapping,put,256,0,131328,identity,20261005,4,1.015017501,3.993787788,3.934698,0.983675
mapping,put,256,0,131328,identity,20261005,8,1.015017501,8.031177281,7.912354,0.989044
mapping,put,256,0,131328,identity,20261005,16,1.015017501,13.177515221,12.982550,0.811409
mapping,put,256,0,131328,identity,20261005,32,1.015017501,13.355684105,13.158083,0.411190
mapping,put,256,0,131328,identity,20261005,64,1.015017501,18.049034238,17.781993,0.277844
mapping,put,256,0,131328,reverse,20261005,2,1.012752773,2.019674470,1.994242,0.997121
mapping,put,256,0,131328,reverse,20261005,4,1.012752773,4.000525069,3.950150,0.987537
mapping,put,256,0,131328,reverse,20261005,8,1.012752773,6.291914736,6.212686,0.776586
mapping,put,256,0,131328,reverse,20261005,16,1.012752773,11.696434130,11.549150,0.721822
mapping,put,256,0,131328,reverse,20261005,32,1.012752773,14.581512202,14.397899,0.449934
mapping,put,256,0,131328,reverse,20261005,64,1.012752773,17.940049968,17.714145,0.276784
mapping,put,256,0,131328,transpose,20261005,2,1.016185130,2.027155971,1.994869,0.997434
mapping,put,256,0,131328,transpose,20261005,4,1.016185130,3.961453203,3.898358,0.974589
mapping,put,256,0,131328,transpose,20261005,8,1.016185130,8.053125462,7.924861,0.990608
mapping,put,256,0,131328,transpose,20261005,16,1.016185130,15.657276888,15.407898,0.962994
mapping,put,256,0,131328,transpose,20261005,32,1.016185130,17.339151431,17.062985,0.533218
mapping,put,256,0,131328,transpose,20261005,64,1.016185130,18.048079891,17.760622,0.277510
mapping,put,256,0,131328,shuffle,20261005,2,1.010826904,2.020753773,1.999110,0.999555
mapping,put,256,0,131328,shuffle,20261005,4,1.010826904,4.029433754,3.986275,0.996569
mapping,put,256,0,131328,shuffle,20261005,8,1.010826904,7.995646121,7.910005,0.988751
mapping,put,256,0,131328,shuffle,20261005,16,1.010826904,16.006884211,15.835435,0.989715
mapping,put,256,0,131328,shuffle,20261005,32,1.010826904,17.495376283,17.307984,0.540875
mapping,put,256,0,131328,shuffle,20261005,64,1.010826904,17.863926252,17.672587,0.276134
mapping,put,256,0,135168,identity,20261005,2,1.013797948,2.027344602,1.999752,0.999876
mapping,put,256,0,135168,identity,20261005,4,1.013797948,4.003946077,3.949452,0.987363
mapping,put,256,0,135168,identity,20261005,8,1.013797948,8.059761875,7.950067,0.993758
mapping,put,256,0,135168,identity,20261005,16,1.013797948,16.016385513,15.798400,0.987400
mapping,put,256,0,135168,identity,20261005,32,1.013797948,19.215085343,18.953565,0.592299
mapping,put,256,0,135168,identity,20261005,64,1.013797948,18.184066168,17.936578,0.280259
mapping,put,256,0,135168,reverse,20261005,2,1.016750972,2.025193887,1.991829,0.995914
mapping,put,256,0,135168,reverse,20261005,4,1.016750972,4.030753389,3.964347,0.991087
mapping,put,256,0,135168,reverse,20261005,8,1.016750972,8.050931577,7.918292,0.989787
mapping,put,256,0,135168,reverse,20261005,16,1.016750972,16.036796932,15.772591,0.985787
mapping,put,256,0,135168,reverse,20261005,32,1.016750972,19.349139540,19.030362,0.594699
mapping,put,256,0,135168,reverse,20261005,64,1.016750972,18.348531384,18.046239,0.281972
mapping,put,256,0,135168,transpose,20261005,2,1.013770649,2.026437890,1.998912,0.999456
mapping,put,256,0,135168,transpose,20261005,4,1.013770649,4.043331563,3.988409,0.997102
mapping,put,256,0,135168,transpose,20261005,8,1.013770649,8.046604298,7.937302,0.992163
mapping,put,256,0,135168,transpose,20261005,16,1.013770649,15.992684596,15.775446,0.985965
mapping,put,256,0,135168,transpose,20261005,32,1.013770649,18.235562419,17.987858,0.562121
mapping,put,256,0,135168,transpose,20261005,64,1.013770649,18.627476506,18.374448,0.287101
mapping,put,256,0,135168,shuffle,20261005,2,1.016279931,2.026904786,1.994436,0.997218
mapping,put,256,0,135168,shuffle,20261005,4,1.016279931,4.021309800,3.956892,0.989223
mapping,put,256,0,135168,shuffle,20261005,8,1.016279931,8.056023982,7.926973,0.990872
mapping,put,256,0,135168,shuffle,20261005,16,1.016279931,15.499100553,15.250818,0.953176
mapping,put,256,0,135168,shuffle,20261005,32,1.016279931,17.632861524,17.350398,0.542200
mapping,put,256,0,135168,shuffle,20261005,64,1.016279931,18.174053389,17.882921,0.279421
mapping,put,256,0,262144,identity,20261005,2,1.017007868,2.026368917,1.992481,0.996241
mapping,put,256,0,262144,identity,20261005,4,1.017007868,4.030317116,3.962916,0.990729
mapping,put,256,0,262144,identity,20261005,8,1.017007868,8.053489642,7.918808,0.989851
mapping,put,256,0,262144,identity,20261005,16,1.017007868,16.035943063,15.767767,0.985485
mapping,put,256,0,262144,identity,20261005,32,1.017007868,19.405213161,19.080691,0.596272
mapping,put,256,0,262144,identity,20261005,64,1.017007868,18.887045347,18.571189,0.290175
mapping,put,256,0,262144,reverse,20261005,2,1.016348522,2.026612750,1.994014,0.997007
mapping,put,256,0,262144,reverse,20261005,4,1.016348522,3.997064656,3.932770,0.983192
mapping,put,256,0,262144,reverse,20261005,8,1.016348522,8.064154126,7.934438,0.991805
mapping,put,256,0,262144,reverse,20261005,16,1.016348522,16.053044023,15.794822,0.987176
mapping,put,256,0,262144,reverse,20261005,32,1.016348522,19.399064715,19.087020,0.596469
mapping,put,256,0,262144,reverse,20261005,64,1.016348522,18.808593176,18.506047,0.289157
mapping,put,256,0,262144,transpose,20261005,2,1.014304868,2.026700994,1.998118,0.999059
mapping,put,256,0,262144,transpose,20261005,4,1.014304868,4.011622737,3.955046,0.988762
mapping,put,256,0,262144,transpose,20261005,8,1.014304868,8.054199097,7.940610,0.992576
mapping,put,256,0,262144,transpose,20261005,16,1.014304868,15.994664280,15.769090,0.985568
mapping,put,256,0,262144,transpose,20261005,32,1.014304868,19.189600136,18.918967,0.591218
mapping,put,256,0,262144,transpose,20261005,64,1.014304868,18.664437810,18.401211,0.287519
mapping,put,256,0,262144,shuffle,20261005,2,1.014314112,2.026723457,1.998122,0.999061
mapping,put,256,0,262144,shuffle,20261005,4,1.014314112,4.025105020,3.968302,0.992076
mapping,put,256,0,262144,shuffle,20261005,8,1.014314112,8.061033993,7.947276,0.993409
mapping,put,256,0,262144,shuffle,20261005,16,1.014314112,16.032660283,15.806406,0.987900
mapping,put,256,0,262144,shuffle,20261005,32,1.014314112,18.592081072,18.329708,0.572803
mapping,put,256,0,262144,shuffle,20261005,64,1.014314112,18.237856197,17.980482,0.280945
mapping,put,4096,0,131200,identity,20261005,2,8.785759177,17.377396233,1.977905,0.988952
mapping,put,4096,0,131200,identity,20261005,4,8.785759177,20.240379211,2.303771,0.575943
mapping,put,4096,0,131200,identity,20261005,8,8.785759177,19.637643291,2.235167,0.279396
mapping,put,4096,0,131200,identity,20261005,16,8.785759177,17.810171767,2.027164,0.126698
mapping,put,4096,0,131200,identity,20261005,32,8.785759177,16.955396875,1.929873,0.060309
mapping,put,4096,0,131200,identity,20261005,64,8.785759177,15.032963171,1.711060,0.026735
mapping,put,4096,0,131200,reverse,20261005,2,8.795682900,17.483129378,1.987694,0.993847
mapping,put,4096,0,131200,reverse,20261005,4,8.795682900,20.025471853,2.276739,0.569185
mapping,put,4096,0,131200,reverse,20261005,8,8.795682900,19.432019067,2.209268,0.276158
mapping,put,4096,0,131200,reverse,20261005,16,8.795682900,17.786655666,2.022203,0.126388
mapping,put,4096,0,131200,reverse,20261005,32,8.795682900,16.937294845,1.925637,0.060176
mapping,put,4096,0,131200,reverse,20261005,64,8.795682900,14.968718004,1.701826,0.026591
mapping,put,4096,0,131200,transpose,20261005,2,8.779996356,17.343953117,1.975394,0.987697
mapping,put,4096,0,131200,transpose,20261005,4,8.779996356,19.330944496,2.201703,0.550426
mapping,put,4096,0,131200,transpose,20261005,8,8.779996356,14.617940792,1.664914,0.208114
mapping,put,4096,0,131200,transpose,20261005,16,8.779996356,15.698723257,1.788010,0.111751
mapping,put,4096,0,131200,transpose,20261005,32,8.779996356,15.221436175,1.733649,0.054177
mapping,put,4096,0,131200,transpose,20261005,64,8.779996356,13.610110599,1.550127,0.024221
mapping,put,4096,0,131200,shuffle,20261005,2,8.801541989,17.223653088,1.956890,0.978445
mapping,put,4096,0,131200,shuffle,20261005,4,8.801541989,19.233929854,2.185291,0.546323
mapping,put,4096,0,131200,shuffle,20261005,8,8.801541989,16.891461739,1.919148,0.239894
mapping,put,4096,0,131200,shuffle,20261005,16,8.801541989,14.081329476,1.599871,0.099992
mapping,put,4096,0,131200,shuffle,20261005,32,8.801541989,14.195912956,1.612889,0.050403
mapping,put,4096,0,131200,shuffle,20261005,64,8.801541989,13.429750373,1.525841,0.023841
mapping,put,4096,0,131328,identity,20261005,2,8.776497158,17.416817264,1.984484,0.992242
mapping,put,4096,0,131328,identity,20261005,4,8.776497158,20.316578522,2.314885,0.578721
mapping,put,4096,0,131328,identity,20261005,8,8.776497158,19.619724146,2.235485,0.279436
mapping,put,4096,0,131328,identity,20261005,16,8.776497158,18.002531057,2.051221,0.128201
mapping,put,4096,0,131328,identity,20261005,32,8.776497158,17.403674779,1.982986,0.061968
mapping,put,4096,0,131328,identity,20261005,64,8.776497158,15.048886320,1.714680,0.026792
mapping,put,4096,0,131328,reverse,20261005,2,8.769394471,17.395181925,1.983624,0.991812
mapping,put,4096,0,131328,reverse,20261005,4,8.769394471,20.207227685,2.304290,0.576072
mapping,put,4096,0,131328,reverse,20261005,8,8.769394471,19.631701891,2.238661,0.279833
mapping,put,4096,0,131328,reverse,20261005,16,8.769394471,17.835434264,2.033827,0.127114
mapping,put,4096,0,131328,reverse,20261005,32,8.769394471,16.754427834,1.910557,0.059705
mapping,put,4096,0,131328,reverse,20261005,64,8.769394471,14.948655340,1.704639,0.026635
mapping,put,4096,0,131328,transpose,20261005,2,8.791831496,17.342998442,1.972626,0.986313
mapping,put,4096,0,131328,transpose,20261005,4,8.791831496,19.862788671,2.259232,0.564808
mapping,put,4096,0,131328,transpose,20261005,8,8.791831496,14.862954919,1.690541,0.211318
mapping,put,4096,0,131328,transpose,20261005,16,8.791831496,15.518141990,1.765064,0.110316
mapping,put,4096,0,131328,transpose,20261005,32,8.791831496,15.017989918,1.708175,0.053380
mapping,put,4096,0,131328,transpose,20261005,64,8.791831496,13.646178329,1.552143,0.024252
mapping,put,4096,0,131328,shuffle,20261005,2,8.776534769,17.383775709,1.980711,0.990355
mapping,put,4096,0,131328,shuffle,20261005,4,8.776534769,19.503252724,2.222204,0.555551
mapping,put,4096,0,131328,shuffle,20261005,8,8.776534769,16.244661417,1.850920,0.231365
mapping,put,4096,0,131328,shuffle,20261005,16,8.776534769,14.202290319,1.618212,0.101138
mapping,put,4096,0,131328,shuffle,20261005,32,8.776534769,14.450349909,1.646476,0.051452
mapping,put,4096,0,131328,shuffle,20261005,64,8.776534769,13.650876176,1.555383,0.024303
mapping,put,4096,0,135168,identity,20261005,2,8.783121654,17.412448881,1.982490,0.991245
mapping,put,4096,0,135168,identity,20261005,4,8.783121654,20.419456312,2.324852,0.581213
mapping,put,4096,0,135168,identity,20261005,8,8.783121654,19.820569648,2.256666,0.282083
mapping,put,4096,0,135168,identity,20261005,16,8.783121654,18.335902680,2.087629,0.130477
mapping,put,4096,0,135168,identity,20261005,32,8.783121654,16.572723966,1.886883,0.058965
mapping,put,4096,0,135168,identity,20261005,64,8.783121654,14.425792443,1.642445,0.025663
mapping,put,4096,0,135168,reverse,20261005,2,8.798252378,17.419557877,1.979888,0.989944
mapping,put,4096,0,135168,reverse,20261005,4,8.798252378,20.335364718,2.311296,0.577824
mapping,put,4096,0,135168,reverse,20261005,8,8.798252378,19.818987228,2.252605,0.281576
mapping,put,4096,0,135168,reverse,20261005,16,8.798252378,17.381571863,1.975571,0.123473
mapping,put,4096,0,135168,reverse,20261005,32,8.798252378,16.095369781,1.829383,0.057168
mapping,put,4096,0,135168,reverse,20261005,64,8.798252378,14.547554054,1.653460,0.025835
mapping,put,4096,0,135168,transpose,20261005,2,8.784101120,17.374595169,1.977959,0.988980
mapping,put,4096,0,135168,transpose,20261005,4,8.784101120,19.506387437,2.220647,0.555162
mapping,put,4096,0,135168,transpose,20261005,8,8.784101120,14.505764589,1.651366,0.206421
mapping,put,4096,0,135168,transpose,20261005,16,8.784101120,14.787403991,1.683428,0.105214
mapping,put,4096,0,135168,transpose,20261005,32,8.784101120,14.459691591,1.646121,0.051441
mapping,put,4096,0,135168,transpose,20261005,64,8.784101120,13.963110764,1.589589,0.024837
mapping,put,4096,0,135168,shuffle,20261005,2,8.785495353,17.379866341,1.978245,0.989123
mapping,put,4096,0,135168,shuffle,20261005,4,8.785495353,18.697646817,2.128240,0.532060
mapping,put,4096,0,135168,shuffle,20261005,8,8.785495353,15.898098467,1.809585,0.226198
mapping,put,4096,0,135168,shuffle,20261005,16,8.785495353,14.214683011,1.617972,0.101123
mapping,put,4096,0,135168,shuffle,20261005,32,8.785495353,14.187903998,1.614924,0.050466
mapping,put,4096,0,135168,shuffle,20261005,64,8.785495353,13.802950124,1.571107,0.024549
mapping,put,4096,0,262144,identity,20261005,2,8.793209307,17.355490962,1.973738,0.986869
mapping,put,4096,0,262144,identity,20261005,4,8.793209307,19.780272848,2.249494,0.562374
mapping,put,4096,0,262144,identity,20261005,8,8.793209307,14.965379316,1.701925,0.212741
mapping,put,4096,0,262144,identity,20261005,16,8.793209307,13.390598629,1.522834,0.095177
mapping,put,4096,0,262144,identity,20261005,32,8.793209307,13.123708313,1.492482,0.046640
mapping,put,4096,0,262144,identity,20261005,64,8.793209307,13.092771112,1.488964,0.023265
mapping,put,4096,0,262144,reverse,20261005,2,8.786041862,17.369106229,1.976898,0.988449
mapping,put,4096,0,262144,reverse,20261005,4,8.786041862,19.845586222,2.258763,0.564691
mapping,put,4096,0,262144,reverse,20261005,8,8.786041862,14.912738996,1.697322,0.212165
mapping,put,4096,0,262144,reverse,20261005,16,8.786041862,12.427676992,1.414480,0.088405
mapping,put,4096,0,262144,reverse,20261005,32,8.786041862,13.321042698,1.516160,0.047380
mapping,put,4096,0,262144,reverse,20261005,64,8.786041862,12.981453849,1.477509,0.023086
mapping,put,4096,0,262144,transpose,20261005,2,8.794870804,17.321509373,1.969501,0.984751
mapping,put,4096,0,262144,transpose,20261005,4,8.794870804,19.617398468,2.230550,0.557637
mapping,put,4096,0,262144,transpose,20261005,8,8.794870804,15.110104836,1.718059,0.214757
mapping,put,4096,0,262144,transpose,20261005,16,8.794870804,13.369087046,1.520100,0.095006
mapping,put,4096,0,262144,transpose,20261005,32,8.794870804,13.234596223,1.504808,0.047025
mapping,put,4096,0,262144,transpose,20261005,64,8.794870804,12.874272230,1.463839,0.022872
mapping,put,4096,0,262144,shuffle,20261005,2,8.788190869,17.352439657,1.974518,0.987259
mapping,put,4096,0,262144,shuffle,20261005,4,8.788190869,19.558034265,2.225490,0.556373
mapping,put,4096,0,262144,shuffle,20261005,8,8.788190869,14.998457495,1.706660,0.213333
mapping,put,4096,0,262144,shuffle,20261005,16,8.788190869,13.399902102,1.524762,0.095298
mapping,put,4096,0,262144,shuffle,20261005,32,8.788190869,13.064304662,1.486575,0.046455
mapping,put,4096,0,262144,shuffle,20261005,64,8.788190869,12.919730830,1.470124,0.022971
mapping,put,32768,0,131200,identity,20261005,2,16.425120289,18.699679484,1.138481,0.569240
mapping,put,32768,0,131200,identity,20261005,4,16.425120289,20.843351729,1.268992,0.317248
mapping,put,32768,0,131200,identity,20261005,8,16.425120289,20.232900955,1.231827,0.153978
mapping,put,32768,0,131200,identity,20261005,16,16.425120289,20.474495080,1.246535,0.077908
mapping,put,32768,0,131200,identity,20261005,32,16.425120289,18.662383368,1.136210,0.035507
mapping,put,32768,0,131200,identity,20261005,64,16.425120289,15.536782066,0.945916,0.014780
mapping,put,32768,0,131200,reverse,20261005,2,16.424708640,18.695646592,1.138264,0.569132
mapping,put,32768,0,131200,reverse,20261005,4,16.424708640,20.746120865,1.263104,0.315776
mapping,put,32768,0,131200,reverse,20261005,8,16.424708640,20.207184071,1.230292,0.153786
mapping,put,32768,0,131200,reverse,20261005,16,16.424708640,20.507146335,1.248555,0.078035
mapping,put,32768,0,131200,reverse,20261005,32,16.424708640,18.657798168,1.135959,0.035499
mapping,put,32768,0,131200,reverse,20261005,64,16.424708640,15.558410222,0.947256,0.014801
mapping,put,32768,0,131200,transpose,20261005,2,16.425976583,18.662005721,1.136128,0.568064
mapping,put,32768,0,131200,transpose,20261005,4,16.425976583,20.177886593,1.228413,0.307103
mapping,put,32768,0,131200,transpose,20261005,8,16.425976583,16.332657271,0.994319,0.124290
mapping,put,32768,0,131200,transpose,20261005,16,16.425976583,16.040715652,0.976546,0.061034
mapping,put,32768,0,131200,transpose,20261005,32,16.425976583,15.287557728,0.930694,0.029084
mapping,put,32768,0,131200,transpose,20261005,64,16.425976583,13.908758261,0.846754,0.013231
mapping,put,32768,0,131200,shuffle,20261005,2,16.414588586,18.672422021,1.137550,0.568775
mapping,put,32768,0,131200,shuffle,20261005,4,16.414588586,20.331182101,1.238604,0.309651
mapping,put,32768,0,131200,shuffle,20261005,8,16.414588586,17.806263017,1.084783,0.135598
mapping,put,32768,0,131200,shuffle,20261005,16,16.414588586,15.965390456,0.972634,0.060790
mapping,put,32768,0,131200,shuffle,20261005,32,16.414588586,15.370606995,0.936399,0.029262
mapping,put,32768,0,131200,shuffle,20261005,64,16.414588586,14.105843370,0.859348,0.013427
mapping,put,32768,0,131328,identity,20261005,2,16.430753710,18.694190698,1.137756,0.568878
mapping,put,32768,0,131328,identity,20261005,4,16.430753710,20.778051408,1.264583,0.316146
mapping,put,32768,0,131328,identity,20261005,8,16.430753710,20.248812349,1.232373,0.154047
mapping,put,32768,0,131328,identity,20261005,16,16.430753710,20.423326068,1.242994,0.077687
mapping,put,32768,0,131328,identity,20261005,32,16.430753710,18.620741840,1.133286,0.035415
mapping,put,32768,0,131328,identity,20261005,64,16.430753710,15.461567589,0.941014,0.014703
mapping,put,32768,0,131328,reverse,20261005,2,16.431149183,18.697524124,1.137932,0.568966
mapping,put,32768,0,131328,reverse,20261005,4,16.431149183,20.781210660,1.264745,0.316186
mapping,put,32768,0,131328,reverse,20261005,8,16.431149183,20.240257315,1.231822,0.153978
mapping,put,32768,0,131328,reverse,20261005,16,16.431149183,20.488340195,1.246921,0.077933
mapping,put,32768,0,131328,reverse,20261005,32,16.431149183,18.661190030,1.135720,0.035491
mapping,put,32768,0,131328,reverse,20261005,64,16.431149183,15.465710510,0.941243,0.014707
mapping,put,32768,0,131328,transpose,20261005,2,16.417779581,18.664147584,1.136825,0.568413
mapping,put,32768,0,131328,transpose,20261005,4,16.417779581,20.168705485,1.228467,0.307117
mapping,put,32768,0,131328,transpose,20261005,8,16.417779581,16.347649979,0.995728,0.124466
mapping,put,32768,0,131328,transpose,20261005,16,16.417779581,16.059354626,0.978168,0.061136
mapping,put,32768,0,131328,transpose,20261005,32,16.417779581,15.138323643,0.922069,0.028815
mapping,put,32768,0,131328,transpose,20261005,64,16.417779581,13.743214133,0.837093,0.013080
mapping,put,32768,0,131328,shuffle,20261005,2,16.426734149,18.665221358,1.136271,0.568135
mapping,put,32768,0,131328,shuffle,20261005,4,16.426734149,20.140494207,1.226080,0.306520
mapping,put,32768,0,131328,shuffle,20261005,8,16.426734149,17.759244842,1.081118,0.135140
mapping,put,32768,0,131328,shuffle,20261005,16,16.426734149,15.811448668,0.962544,0.060159
mapping,put,32768,0,131328,shuffle,20261005,32,16.426734149,15.279262749,0.930146,0.029067
mapping,put,32768,0,131328,shuffle,20261005,64,16.426734149,14.006125008,0.852642,0.013323
mapping,put,32768,0,135168,identity,20261005,2,16.421975819,18.690725195,1.138153,0.569077
mapping,put,32768,0,135168,identity,20261005,4,16.421975819,20.722603404,1.261882,0.315471
mapping,put,32768,0,135168,identity,20261005,8,16.421975819,20.230752389,1.231932,0.153991
mapping,put,32768,0,135168,identity,20261005,16,16.421975819,20.617433719,1.255478,0.078467
mapping,put,32768,0,135168,identity,20261005,32,16.421975819,17.571832542,1.070019,0.033438
mapping,put,32768,0,135168,identity,20261005,64,16.421975819,14.916123089,0.908303,0.014192
mapping,put,32768,0,135168,reverse,20261005,2,16.421547869,18.699711498,1.138730,0.569365
mapping,put,32768,0,135168,reverse,20261005,4,16.421547869,20.722308544,1.261897,0.315474
mapping,put,32768,0,135168,reverse,20261005,8,16.421547869,20.248695044,1.233056,0.154132
mapping,put,32768,0,135168,reverse,20261005,16,16.421547869,20.296149392,1.235946,0.077247
mapping,put,32768,0,135168,reverse,20261005,32,16.421547869,17.559755696,1.069312,0.033416
mapping,put,32768,0,135168,reverse,20261005,64,16.421547869,14.881596352,0.906224,0.014160
mapping,put,32768,0,135168,transpose,20261005,2,16.428348326,18.663663895,1.136065,0.568032
mapping,put,32768,0,135168,transpose,20261005,4,16.428348326,20.073446836,1.221879,0.305470
mapping,put,32768,0,135168,transpose,20261005,8,16.428348326,16.190977241,0.985551,0.123194
mapping,put,32768,0,135168,transpose,20261005,16,16.428348326,15.992806946,0.973488,0.060843
mapping,put,32768,0,135168,transpose,20261005,32,16.428348326,15.365982079,0.935333,0.029229
mapping,put,32768,0,135168,transpose,20261005,64,16.428348326,14.237312290,0.866631,0.013541
mapping,put,32768,0,135168,shuffle,20261005,2,16.424930928,18.666614258,1.136481,0.568240
mapping,put,32768,0,135168,shuffle,20261005,4,16.424930928,20.159495520,1.227372,0.306843
mapping,put,32768,0,135168,shuffle,20261005,8,16.424930928,17.826490656,1.085331,0.135666
mapping,put,32768,0,135168,shuffle,20261005,16,16.424930928,16.841169871,1.025342,0.064084
mapping,put,32768,0,135168,shuffle,20261005,32,16.424930928,15.251341934,0.928548,0.029017
mapping,put,32768,0,135168,shuffle,20261005,64,16.424930928,14.074900142,0.856923,0.013389
mapping,put,32768,0,262144,identity,20261005,2,16.428101238,18.668778451,1.136393,0.568196
mapping,put,32768,0,262144,identity,20261005,4,16.428101238,20.184240948,1.228641,0.307160
mapping,put,32768,0,262144,identity,20261005,8,16.428101238,16.164215166,0.983937,0.122992
mapping,put,32768,0,262144,identity,20261005,16,16.428101238,15.343199796,0.933961,0.058373
mapping,put,32768,0,262144,identity,20261005,32,16.428101238,14.150171655,0.861339,0.026917
mapping,put,32768,0,262144,identity,20261005,64,16.428101238,13.289067534,0.808923,0.012639
mapping,put,32768,0,262144,reverse,20261005,2,16.426931786,18.676402319,1.136938,0.568469
mapping,put,32768,0,262144,reverse,20261005,4,16.426931786,20.172840141,1.228035,0.307009
mapping,put,32768,0,262144,reverse,20261005,8,16.426931786,16.131465934,0.982013,0.122752
mapping,put,32768,0,262144,reverse,20261005,16,16.426931786,15.260498273,0.928993,0.058062
mapping,put,32768,0,262144,reverse,20261005,32,16.426931786,14.169589791,0.862583,0.026956
mapping,put,32768,0,262144,reverse,20261005,64,16.426931786,13.313458337,0.810465,0.012664
mapping,put,32768,0,262144,transpose,20261005,2,16.411267321,18.665290466,1.137346,0.568673
mapping,put,32768,0,262144,transpose,20261005,4,16.411267321,20.138826256,1.227134,0.306784
mapping,put,32768,0,262144,transpose,20261005,8,16.411267321,16.076954289,0.979629,0.122454
mapping,put,32768,0,262144,transpose,20261005,16,16.411267321,15.775653340,0.961270,0.060079
mapping,put,32768,0,262144,transpose,20261005,32,16.411267321,14.249126029,0.868253,0.027133
mapping,put,32768,0,262144,transpose,20261005,64,16.411267321,13.384535694,0.815570,0.012743
mapping,put,32768,0,262144,shuffle,20261005,2,16.424972093,18.668544460,1.136595,0.568298
mapping,put,32768,0,262144,shuffle,20261005,4,16.424972093,20.044351676,1.220358,0.305090
mapping,put,32768,0,262144,shuffle,20261005,8,16.424972093,16.139881270,0.982643,0.122830
mapping,put,32768,0,262144,shuffle,20261005,16,16.424972093,15.413220465,0.938402,0.058650
mapping,put,32768,0,262144,shuffle,20261005,32,16.424972093,14.328862519,0.872383,0.027262
mapping,put,32768,0,262144,shuffle,20261005,64,16.424972093,13.374578982,0.814283,0.012723
mapping,put,65536,0,131200,identity,20261005,2,17.507102510,18.731627900,1.069944,0.534972
mapping,put,65536,0,131200,identity,20261005,4,17.507102510,21.170707566,1.209264,0.302316
mapping,put,65536,0,131200,identity,20261005,8,17.507102510,20.432054110,1.167072,0.145884
mapping,put,65536,0,131200,identity,20261005,16,17.507102510,20.536285064,1.173026,0.073314
mapping,put,65536,0,131200,identity,20261005,32,17.507102510,18.796121719,1.073628,0.033551
mapping,put,65536,0,131200,identity,20261005,64,17.507102510,15.582809254,0.890085,0.013908
mapping,put,65536,0,131200,reverse,20261005,2,17.510629526,18.733041439,1.069810,0.534905
mapping,put,65536,0,131200,reverse,20261005,4,17.510629526,21.207035153,1.211095,0.302774
mapping,put,65536,0,131200,reverse,20261005,8,17.510629526,20.424250572,1.166392,0.145799
mapping,put,65536,0,131200,reverse,20261005,16,17.510629526,20.544491245,1.173258,0.073329
mapping,put,65536,0,131200,reverse,20261005,32,17.510629526,18.747215722,1.070619,0.033457
mapping,put,65536,0,131200,reverse,20261005,64,17.510629526,15.599176661,0.890840,0.013919
mapping,put,65536,0,131200,transpose,20261005,2,17.499164907,18.719797880,1.069754,0.534877
mapping,put,65536,0,131200,transpose,20261005,4,17.499164907,20.480876838,1.170392,0.292598
mapping,put,65536,0,131200,transpose,20261005,8,17.499164907,16.129136458,0.921709,0.115214
mapping,put,65536,0,131200,transpose,20261005,16,17.499164907,16.181300639,0.924690,0.057793
mapping,put,65536,0,131200,transpose,20261005,32,17.499164907,15.380978513,0.878955,0.027467
mapping,put,65536,0,131200,transpose,20261005,64,17.499164907,13.912896765,0.795061,0.012423
mapping,put,65536,0,131200,shuffle,20261005,2,17.485083812,18.717637881,1.070492,0.535246
mapping,put,65536,0,131200,shuffle,20261005,4,17.485083812,20.561058762,1.175920,0.293980
mapping,put,65536,0,131200,shuffle,20261005,8,17.485083812,17.728686523,1.013932,0.126742
mapping,put,65536,0,131200,shuffle,20261005,16,17.485083812,16.332622419,0.934089,0.058381
mapping,put,65536,0,131200,shuffle,20261005,32,17.485083812,15.425019886,0.882182,0.027568
mapping,put,65536,0,131200,shuffle,20261005,64,17.485083812,14.115305693,0.807277,0.012614
mapping,put,65536,0,131328,identity,20261005,2,17.504278180,18.732867413,1.070188,0.535094
mapping,put,65536,0,131328,identity,20261005,4,17.504278180,21.195375381,1.210868,0.302717
mapping,put,65536,0,131328,identity,20261005,8,17.504278180,20.474407128,1.169680,0.146210
mapping,put,65536,0,131328,identity,20261005,16,17.504278180,20.555269221,1.174300,0.073394
mapping,put,65536,0,131328,identity,20261005,32,17.504278180,18.804625574,1.074287,0.033571
mapping,put,65536,0,131328,identity,20261005,64,17.504278180,15.538108816,0.887675,0.013870
mapping,put,65536,0,131328,reverse,20261005,2,17.502931800,18.730535766,1.070137,0.535069
mapping,put,65536,0,131328,reverse,20261005,4,17.502931800,21.152570776,1.208516,0.302129
mapping,put,65536,0,131328,reverse,20261005,8,17.502931800,20.467715373,1.169388,0.146173
mapping,put,65536,0,131328,reverse,20261005,16,17.502931800,20.719992551,1.183801,0.073988
mapping,put,65536,0,131328,reverse,20261005,32,17.502931800,18.762929726,1.071988,0.033500
mapping,put,65536,0,131328,reverse,20261005,64,17.502931800,15.456488032,0.883080,0.013798
mapping,put,65536,0,131328,transpose,20261005,2,17.504895339,18.718608215,1.069336,0.534668
mapping,put,65536,0,131328,transpose,20261005,4,17.504895339,20.425255528,1.166831,0.291708
mapping,put,65536,0,131328,transpose,20261005,8,17.504895339,16.175312687,0.924045,0.115506
mapping,put,65536,0,131328,transpose,20261005,16,17.504895339,16.189961290,0.924882,0.057805
mapping,put,65536,0,131328,transpose,20261005,32,17.504895339,15.218834940,0.869405,0.027169
mapping,put,65536,0,131328,transpose,20261005,64,17.504895339,13.648332854,0.779687,0.012183
mapping,put,65536,0,131328,shuffle,20261005,2,17.506419724,18.718073583,1.069212,0.534606
mapping,put,65536,0,131328,shuffle,20261005,4,17.506419724,20.652262457,1.179697,0.294924
mapping,put,65536,0,131328,shuffle,20261005,8,17.506419724,17.852285792,1.019757,0.127470
mapping,put,65536,0,131328,shuffle,20261005,16,17.506419724,16.144931157,0.922229,0.057639
mapping,put,65536,0,131328,shuffle,20261005,32,17.506419724,15.327332724,0.875526,0.027360
mapping,put,65536,0,131328,shuffle,20261005,64,17.506419724,14.053052324,0.802737,0.012543
mapping,put,65536,0,135168,identity,20261005,2,17.503380570,18.732535432,1.070224,0.535112
mapping,put,65536,0,135168,identity,20261005,4,17.503380570,21.086839709,1.204730,0.301182
mapping,put,65536,0,135168,identity,20261005,8,17.503380570,20.411725171,1.166159,0.145770
mapping,put,65536,0,135168,identity,20261005,16,17.503380570,20.594011990,1.176573,0.073536
mapping,put,65536,0,135168,identity,20261005,32,17.503380570,17.847195794,1.019643,0.031864
mapping,put,65536,0,135168,identity,20261005,64,17.503380570,14.935802746,0.853310,0.013333
mapping,put,65536,0,135168,reverse,20261005,2,17.505091718,18.732736225,1.070131,0.535065
mapping,put,65536,0,135168,reverse,20261005,4,17.505091718,21.094855715,1.205070,0.301267
mapping,put,65536,0,135168,reverse,20261005,8,17.505091718,20.496824210,1.170906,0.146363
mapping,put,65536,0,135168,reverse,20261005,16,17.505091718,20.500875657,1.171138,0.073196
mapping,put,65536,0,135168,reverse,20261005,32,17.505091718,17.475268101,0.998296,0.031197
mapping,put,65536,0,135168,reverse,20261005,64,17.505091718,14.948781662,0.853968,0.013343
mapping,put,65536,0,135168,transpose,20261005,2,17.505952093,18.717271693,1.069195,0.534597
mapping,put,65536,0,135168,transpose,20261005,4,17.505952093,20.664369767,1.180420,0.295105
mapping,put,65536,0,135168,transpose,20261005,8,17.505952093,15.842951809,0.905004,0.113125
mapping,put,65536,0,135168,transpose,20261005,16,17.505952093,16.038901482,0.916197,0.057262
mapping,put,65536,0,135168,transpose,20261005,32,17.505952093,15.499474305,0.885383,0.027668
mapping,put,65536,0,135168,transpose,20261005,64,17.505952093,14.207084561,0.811557,0.012681
mapping,put,65536,0,135168,shuffle,20261005,2,17.501828671,18.721129415,1.069667,0.534834
mapping,put,65536,0,135168,shuffle,20261005,4,17.501828671,20.580102907,1.175883,0.293971
mapping,put,65536,0,135168,shuffle,20261005,8,17.501828671,17.085657219,0.976221,0.122028
mapping,put,65536,0,135168,shuffle,20261005,16,17.501828671,16.424406607,0.938439,0.058652
mapping,put,65536,0,135168,shuffle,20261005,32,17.501828671,15.397008341,0.879737,0.027492
mapping,put,65536,0,135168,shuffle,20261005,64,17.501828671,14.125708189,0.807099,0.012611
mapping,put,65536,0,262144,identity,20261005,2,17.502174552,18.725531781,1.069897,0.534949
mapping,put,65536,0,262144,identity,20261005,4,17.502174552,20.566169035,1.175064,0.293766
mapping,put,65536,0,262144,identity,20261005,8,17.502174552,16.148436698,0.922653,0.115332
mapping,put,65536,0,262144,identity,20261005,16,17.502174552,15.498021001,0.885491,0.055343
mapping,put,65536,0,262144,identity,20261005,32,17.502174552,14.243608113,0.813819,0.025432
mapping,put,65536,0,262144,identity,20261005,64,17.502174552,13.386389852,0.764842,0.011951
mapping,put,65536,0,262144,reverse,20261005,2,17.505802457,18.712606054,1.068937,0.534469
mapping,put,65536,0,262144,reverse,20261005,4,17.505802457,20.566930631,1.174864,0.293716
mapping,put,65536,0,262144,reverse,20261005,8,17.505802457,16.111656612,0.920361,0.115045
mapping,put,65536,0,262144,reverse,20261005,16,17.505802457,15.463658612,0.883345,0.055209
mapping,put,65536,0,262144,reverse,20261005,32,17.505802457,14.200593994,0.811194,0.025350
mapping,put,65536,0,262144,reverse,20261005,64,17.505802457,13.310433346,0.760344,0.011880
mapping,put,65536,0,262144,transpose,20261005,2,17.501940847,18.719201692,1.069550,0.534775
mapping,put,65536,0,262144,transpose,20261005,4,17.501940847,20.562521576,1.174871,0.293718
mapping,put,65536,0,262144,transpose,20261005,8,17.501940847,16.106134947,0.920249,0.115031
mapping,put,65536,0,262144,transpose,20261005,16,17.501940847,15.889284158,0.907858,0.056741
mapping,put,65536,0,262144,transpose,20261005,32,17.501940847,14.433701060,0.824691,0.025772
mapping,put,65536,0,262144,transpose,20261005,64,17.501940847,13.347004122,0.762601,0.011916
mapping,put,65536,0,262144,shuffle,20261005,2,17.494745783,18.715005387,1.069750,0.534875
mapping,put,65536,0,262144,shuffle,20261005,4,17.494745783,20.634947498,1.179494,0.294873
mapping,put,65536,0,262144,shuffle,20261005,8,17.494745783,16.110939711,0.920902,0.115113
mapping,put,65536,0,262144,shuffle,20261005,16,17.494745783,15.590660240,0.891162,0.055698
mapping,put,65536,0,262144,shuffle,20261005,32,17.494745783,14.493757444,0.828463,0.025889
mapping,put,65536,0,262144,shuffle,20261005,64,17.494745783,13.348651578,0.763009,0.011922
mapping,put,98304,0,131200,identity,20261005,2,17.908362829,18.747443309,1.046854,0.523427
mapping,put,98304,0,131200,identity,20261005,4,17.908362829,21.334384311,1.191308,0.297827
mapping,put,98304,0,131200,identity,20261005,8,17.908362829,20.519109744,1.145784,0.143223
mapping,put,98304,0,131200,identity,20261005,16,17.908362829,20.508626090,1.145198,0.071575
mapping,put,98304,0,131200,identity,20261005,32,17.908362829,18.805008172,1.050069,0.032815
mapping,put,98304,0,131200,identity,20261005,64,17.908362829,15.537735496,0.867625,0.013557
mapping,put,98304,0,131200,reverse,20261005,2,17.899659647,18.745428842,1.047251,0.523625
mapping,put,98304,0,131200,reverse,20261005,4,17.899659647,21.241568880,1.186702,0.296676
mapping,put,98304,0,131200,reverse,20261005,8,17.899659647,20.530195258,1.146960,0.143370
mapping,put,98304,0,131200,reverse,20261005,16,17.899659647,20.589257377,1.150260,0.071891
mapping,put,98304,0,131200,reverse,20261005,32,17.899659647,18.760870251,1.048113,0.032754
mapping,put,98304,0,131200,reverse,20261005,64,17.899659647,15.544286319,0.868412,0.013569
mapping,put,98304,0,131200,transpose,20261005,2,17.909165421,18.733617089,1.046035,0.523018
mapping,put,98304,0,131200,transpose,20261005,4,17.909165421,20.696404625,1.155632,0.288908
mapping,put,98304,0,131200,transpose,20261005,8,17.909165421,16.057765748,0.896623,0.112078
mapping,put,98304,0,131200,transpose,20261005,16,17.909165421,15.984198239,0.892515,0.055782
mapping,put,98304,0,131200,transpose,20261005,32,17.909165421,15.339897992,0.856539,0.026767
mapping,put,98304,0,131200,transpose,20261005,64,17.909165421,13.981023866,0.780663,0.012198
mapping,put,98304,0,131200,shuffle,20261005,2,17.909038176,18.733642080,1.046044,0.523022
mapping,put,98304,0,131200,shuffle,20261005,4,17.909038176,20.654919195,1.153324,0.288331
mapping,put,98304,0,131200,shuffle,20261005,8,17.909038176,17.830437400,0.995611,0.124451
mapping,put,98304,0,131200,shuffle,20261005,16,17.909038176,16.354400239,0.913193,0.057075
mapping,put,98304,0,131200,shuffle,20261005,32,17.909038176,15.450493040,0.862720,0.026960
mapping,put,98304,0,131200,shuffle,20261005,64,17.909038176,14.159956702,0.790660,0.012354
mapping,put,98304,0,131328,identity,20261005,2,17.904210724,18.744824765,1.046951,0.523475
mapping,put,98304,0,131328,identity,20261005,4,17.904210724,21.305247672,1.189957,0.297489
mapping,put,98304,0,131328,identity,20261005,8,17.904210724,20.552834643,1.147933,0.143492
mapping,put,98304,0,131328,identity,20261005,16,17.904210724,20.796229689,1.161527,0.072595
mapping,put,98304,0,131328,identity,20261005,32,17.904210724,18.792453911,1.049611,0.032800
mapping,put,98304,0,131328,identity,20261005,64,17.904210724,15.463056363,0.863655,0.013495
mapping,put,98304,0,131328,reverse,20261005,2,17.906963358,18.744426239,1.046767,0.523384
mapping,put,98304,0,131328,reverse,20261005,4,17.906963358,21.209928648,1.184451,0.296113
mapping,put,98304,0,131328,reverse,20261005,8,17.906963358,20.520959622,1.145977,0.143247
mapping,put,98304,0,131328,reverse,20261005,16,17.906963358,20.684082952,1.155086,0.072193
mapping,put,98304,0,131328,reverse,20261005,32,17.906963358,18.749508386,1.047051,0.032720
mapping,put,98304,0,131328,reverse,20261005,64,17.906963358,15.331742917,0.856189,0.013378
mapping,put,98304,0,131328,transpose,20261005,2,17.909364449,18.738286069,1.046284,0.523142
mapping,put,98304,0,131328,transpose,20261005,4,17.909364449,20.657086098,1.153424,0.288356
mapping,put,98304,0,131328,transpose,20261005,8,17.909364449,16.118970213,0.900030,0.112504
mapping,put,98304,0,131328,transpose,20261005,16,17.909364449,16.029350944,0.895026,0.055939
mapping,put,98304,0,131328,transpose,20261005,32,17.909364449,15.170401317,0.847065,0.026471
mapping,put,98304,0,131328,transpose,20261005,64,17.909364449,13.721866792,0.766184,0.011972
mapping,put,98304,0,131328,shuffle,20261005,2,17.904204202,18.738557531,1.046601,0.523300
mapping,put,98304,0,131328,shuffle,20261005,4,17.904204202,20.725933714,1.157602,0.289400
mapping,put,98304,0,131328,shuffle,20261005,8,17.904204202,17.826994966,0.995688,0.124461
mapping,put,98304,0,131328,shuffle,20261005,16,17.904204202,16.292175601,0.909964,0.056873
mapping,put,98304,0,131328,shuffle,20261005,32,17.904204202,15.429084403,0.861758,0.026930
mapping,put,98304,0,131328,shuffle,20261005,64,17.904204202,14.178542294,0.791911,0.012374
mapping,put,98304,0,135168,identity,20261005,2,17.909279617,18.745353777,1.046684,0.523342
mapping,put,98304,0,135168,identity,20261005,4,17.909279617,21.236586579,1.185787,0.296447
mapping,put,98304,0,135168,identity,20261005,8,17.909279617,20.498032397,1.144548,0.143069
mapping,put,98304,0,135168,identity,20261005,16,17.909279617,20.493253371,1.144281,0.071518
mapping,put,98304,0,135168,identity,20261005,32,17.909279617,17.915291637,1.000336,0.031260
mapping,put,98304,0,135168,identity,20261005,64,17.909279617,14.973428054,0.836071,0.013064
mapping,put,98304,0,135168,reverse,20261005,2,17.903793337,18.746454790,1.047066,0.523533
mapping,put,98304,0,135168,reverse,20261005,4,17.903793337,21.013387634,1.173684,0.293421
mapping,put,98304,0,135168,reverse,20261005,8,17.903793337,20.600362985,1.150614,0.143827
mapping,put,98304,0,135168,reverse,20261005,16,17.903793337,20.699661411,1.156161,0.072260
mapping,put,98304,0,135168,reverse,20261005,32,17.903793337,18.428657430,1.029316,0.032166
mapping,put,98304,0,135168,reverse,20261005,64,17.903793337,14.902504817,0.832366,0.013006
mapping,put,98304,0,135168,transpose,20261005,2,17.910826299,18.740147168,1.046303,0.523151
mapping,put,98304,0,135168,transpose,20261005,4,17.910826299,20.717121483,1.156682,0.289170
mapping,put,98304,0,135168,transpose,20261005,8,17.910826299,16.040358053,0.895568,0.111946
mapping,put,98304,0,135168,transpose,20261005,16,17.910826299,16.058506125,0.896581,0.056036
mapping,put,98304,0,135168,transpose,20261005,32,17.910826299,15.405781575,0.860138,0.026879
mapping,put,98304,0,135168,transpose,20261005,64,17.910826299,14.061472108,0.785082,0.012267
mapping,put,98304,0,135168,shuffle,20261005,2,17.906679575,18.740920651,1.046588,0.523294
mapping,put,98304,0,135168,shuffle,20261005,4,17.906679575,20.688415311,1.155346,0.288837
mapping,put,98304,0,135168,shuffle,20261005,8,17.906679575,16.688283381,0.931959,0.116495
mapping,put,98304,0,135168,shuffle,20261005,16,17.906679575,16.204793217,0.904958,0.056560
mapping,put,98304,0,135168,shuffle,20261005,32,17.906679575,15.068904307,0.841524,0.026298
mapping,put,98304,0,135168,shuffle,20261005,64,17.906679575,14.152119598,0.790326,0.012349
mapping,put,98304,0,262144,identity,20261005,2,17.907576619,18.740257917,1.046499,0.523249
mapping,put,98304,0,262144,identity,20261005,4,17.907576619,20.749647067,1.158708,0.289677
mapping,put,98304,0,262144,identity,20261005,8,17.907576619,16.099922568,0.899056,0.112382
mapping,put,98304,0,262144,identity,20261005,16,17.907576619,15.543814410,0.868002,0.054250
mapping,put,98304,0,262144,identity,20261005,32,17.907576619,14.334494841,0.800471,0.025015
mapping,put,98304,0,262144,identity,20261005,64,17.907576619,13.366201396,0.746399,0.011662
mapping,put,98304,0,262144,reverse,20261005,2,17.904709658,18.740309719,1.046669,0.523335
mapping,put,98304,0,262144,reverse,20261005,4,17.904709658,20.728890274,1.157734,0.289433
mapping,put,98304,0,262144,reverse,20261005,8,17.904709658,16.047526170,0.896274,0.112034
mapping,put,98304,0,262144,reverse,20261005,16,17.904709658,15.516258573,0.866602,0.054163
mapping,put,98304,0,262144,reverse,20261005,32,17.904709658,14.326964899,0.800179,0.025006
mapping,put,98304,0,262144,reverse,20261005,64,17.904709658,13.382051759,0.747404,0.011678
mapping,put,98304,0,262144,transpose,20261005,2,17.908271481,18.738000329,1.046332,0.523166
mapping,put,98304,0,262144,transpose,20261005,4,17.908271481,20.769249662,1.159757,0.289939
mapping,put,98304,0,262144,transpose,20261005,8,17.908271481,16.083866671,0.898125,0.112266
mapping,put,98304,0,262144,transpose,20261005,16,17.908271481,16.081896877,0.898015,0.056126
mapping,put,98304,0,262144,transpose,20261005,32,17.908271481,14.442209305,0.806455,0.025202
mapping,put,98304,0,262144,transpose,20261005,64,17.908271481,13.411424902,0.748896,0.011701
mapping,put,98304,0,262144,shuffle,20261005,2,17.909488436,18.737273516,1.046220,0.523110
mapping,put,98304,0,262144,shuffle,20261005,4,17.909488436,20.628829484,1.151838,0.287960
mapping,put,98304,0,262144,shuffle,20261005,8,17.909488436,16.083256506,0.898030,0.112254
mapping,put,98304,0,262144,shuffle,20261005,16,17.909488436,15.686742593,0.875890,0.054743
mapping,put,98304,0,262144,shuffle,20261005,32,17.909488436,14.516161967,0.810529,0.025329
mapping,put,98304,0,262144,shuffle,20261005,64,17.909488436,13.409271783,0.748724,0.011699
mapping,put,131072,0,131200,identity,20261005,2,18.118119156,18.751171304,1.034940,0.517470
mapping,put,131072,0,131200,identity,20261005,4,18.118119156,21.317638292,1.176592,0.294148
mapping,put,131072,0,131200,identity,20261005,8,18.118119156,20.597989872,1.136872,0.142109
mapping,put,131072,0,131200,identity,20261005,16,18.118119156,20.372326683,1.124417,0.070276
mapping,put,131072,0,131200,identity,20261005,32,18.118119156,18.346641828,1.012613,0.031644
mapping,put,131072,0,131200,identity,20261005,64,18.118119156,15.433480767,0.851826,0.013310
mapping,put,131072,0,131200,reverse,20261005,2,18.123159557,18.748751962,1.034519,0.517259
mapping,put,131072,0,131200,reverse,20261005,4,18.123159557,21.297420800,1.175149,0.293787
mapping,put,131072,0,131200,reverse,20261005,8,18.123159557,20.555774930,1.134227,0.141778
mapping,put,131072,0,131200,reverse,20261005,16,18.123159557,20.340633882,1.122356,0.070147
mapping,put,131072,0,131200,reverse,20261005,32,18.123159557,18.548779593,1.023485,0.031984
mapping,put,131072,0,131200,reverse,20261005,64,18.123159557,15.404168718,0.849971,0.013281
mapping,put,131072,0,131200,transpose,20261005,2,18.124287267,18.745886841,1.034296,0.517148
mapping,put,131072,0,131200,transpose,20261005,4,18.124287267,20.823623959,1.148935,0.287234
mapping,put,131072,0,131200,transpose,20261005,8,18.124287267,16.114489692,0.889110,0.111139
mapping,put,131072,0,131200,transpose,20261005,16,18.124287267,15.988182441,0.882141,0.055134
mapping,put,131072,0,131200,transpose,20261005,32,18.124287267,15.360697288,0.847520,0.026485
mapping,put,131072,0,131200,transpose,20261005,64,18.124287267,14.157939200,0.781158,0.012206
mapping,put,131072,0,131200,shuffle,20261005,2,18.122999183,18.746066472,1.034380,0.517190
mapping,put,131072,0,131200,shuffle,20261005,4,18.122999183,20.841504857,1.150003,0.287501
mapping,put,131072,0,131200,shuffle,20261005,8,18.122999183,17.604816745,0.971407,0.121426
mapping,put,131072,0,131200,shuffle,20261005,16,18.122999183,16.437202860,0.906980,0.056686
mapping,put,131072,0,131200,shuffle,20261005,32,18.122999183,15.533300533,0.857104,0.026785
mapping,put,131072,0,131200,shuffle,20261005,64,18.122999183,14.283333951,0.788133,0.012315
mapping,put,131072,0,131328,identity,20261005,2,18.123921372,18.749670541,1.034526,0.517263
mapping,put,131072,0,131328,identity,20261005,4,18.123921372,21.341988753,1.177559,0.294390
mapping,put,131072,0,131328,identity,20261005,8,18.123921372,20.565189288,1.134699,0.141837
mapping,put,131072,0,131328,identity,20261005,16,18.123921372,20.553569334,1.134058,0.070879
mapping,put,131072,0,131328,identity,20261005,32,18.123921372,18.568843244,1.024549,0.032017
mapping,put,131072,0,131328,identity,20261005,64,18.123921372,15.201456656,0.838751,0.013105
mapping,put,131072,0,131328,reverse,20261005,2,18.121834050,18.748309467,1.034570,0.517285
mapping,put,131072,0,131328,reverse,20261005,4,18.121834050,21.293064869,1.174995,0.293749
mapping,put,131072,0,131328,reverse,20261005,8,18.121834050,20.552888491,1.134151,0.141769
mapping,put,131072,0,131328,reverse,20261005,16,18.121834050,20.463987130,1.129245,0.070578
mapping,put,131072,0,131328,reverse,20261005,32,18.121834050,18.430204288,1.017017,0.031782
mapping,put,131072,0,131328,reverse,20261005,64,18.121834050,15.192558991,0.838357,0.013099
mapping,put,131072,0,131328,transpose,20261005,2,18.124076750,18.746289004,1.034331,0.517165
mapping,put,131072,0,131328,transpose,20261005,4,18.124076750,20.779698448,1.146525,0.286631
mapping,put,131072,0,131328,transpose,20261005,8,18.124076750,16.122627520,0.889570,0.111196
mapping,put,131072,0,131328,transpose,20261005,16,18.124076750,16.040084670,0.885015,0.055313
mapping,put,131072,0,131328,transpose,20261005,32,18.124076750,15.160184567,0.836467,0.026140
mapping,put,131072,0,131328,transpose,20261005,64,18.124076750,13.967578757,0.770664,0.012042
mapping,put,131072,0,131328,shuffle,20261005,2,18.121420652,18.744427132,1.034380,0.517190
mapping,put,131072,0,131328,shuffle,20261005,4,18.121420652,20.869572971,1.151652,0.287913
mapping,put,131072,0,131328,shuffle,20261005,8,18.121420652,17.594375067,0.970916,0.121364
mapping,put,131072,0,131328,shuffle,20261005,16,18.121420652,16.707024178,0.921949,0.057622
mapping,put,131072,0,131328,shuffle,20261005,32,18.121420652,15.522498829,0.856583,0.026768
mapping,put,131072,0,131328,shuffle,20261005,64,18.121420652,14.243773493,0.786019,0.012282
mapping,put,131072,0,135168,identity,20261005,2,18.122558169,18.749901206,1.034617,0.517308
mapping,put,131072,0,135168,identity,20261005,4,18.122558169,21.299685966,1.175313,0.293828
mapping,put,131072,0,135168,identity,20261005,8,18.122558169,20.572975787,1.135214,0.141902
mapping,put,131072,0,135168,identity,20261005,16,18.122558169,20.574348860,1.135289,0.070956
mapping,put,131072,0,135168,identity,20261005,32,18.122558169,17.758815113,0.979929,0.030623
mapping,put,131072,0,135168,identity,20261005,64,18.122558169,15.062272064,0.831134,0.012986
mapping,put,131072,0,135168,reverse,20261005,2,18.120914579,18.750141264,1.034724,0.517362
mapping,put,131072,0,135168,reverse,20261005,4,18.120914579,21.313466435,1.176181,0.294045
mapping,put,131072,0,135168,reverse,20261005,8,18.120914579,20.551791985,1.134148,0.141768
mapping,put,131072,0,135168,reverse,20261005,16,18.120914579,20.691057679,1.141833,0.071365
mapping,put,131072,0,135168,reverse,20261005,32,18.120914579,18.551034534,1.023736,0.031992
mapping,put,131072,0,135168,reverse,20261005,64,18.120914579,15.075523067,0.831941,0.012999
mapping,put,131072,0,135168,transpose,20261005,2,18.122826283,18.743476903,1.034247,0.517123
mapping,put,131072,0,135168,transpose,20261005,4,18.122826283,20.875130338,1.151869,0.287967
mapping,put,131072,0,135168,transpose,20261005,8,18.122826283,16.052421434,0.885757,0.110720
mapping,put,131072,0,135168,transpose,20261005,16,18.122826283,16.195047697,0.893627,0.055852
mapping,put,131072,0,135168,transpose,20261005,32,18.122826283,15.341568469,0.846533,0.026454
mapping,put,131072,0,135168,transpose,20261005,64,18.122826283,14.069369867,0.776334,0.012130
mapping,put,131072,0,135168,shuffle,20261005,2,18.122718535,18.744882848,1.034331,0.517165
mapping,put,131072,0,135168,shuffle,20261005,4,18.122718535,20.740946219,1.144472,0.286118
mapping,put,131072,0,135168,shuffle,20261005,8,18.122718535,16.386095116,0.904174,0.113022
mapping,put,131072,0,135168,shuffle,20261005,16,18.122718535,16.525204125,0.911850,0.056991
mapping,put,131072,0,135168,shuffle,20261005,32,18.122718535,15.218544649,0.839750,0.026242
mapping,put,131072,0,135168,shuffle,20261005,64,18.122718535,14.218810594,0.784585,0.012259
mapping,put,131072,0,262144,identity,20261005,2,18.123843684,18.747328007,1.034401,0.517201
mapping,put,131072,0,262144,identity,20261005,4,18.123843684,20.859342627,1.150934,0.287733
mapping,put,131072,0,262144,identity,20261005,8,18.123843684,16.071836223,0.886779,0.110847
mapping,put,131072,0,262144,identity,20261005,16,18.123843684,15.503708859,0.855432,0.053464
mapping,put,131072,0,262144,identity,20261005,32,18.123843684,14.345448453,0.791524,0.024735
mapping,put,131072,0,262144,identity,20261005,64,18.123843684,13.354422601,0.736843,0.011513
mapping,put,131072,0,262144,reverse,20261005,2,18.123179604,18.742410187,1.034168,0.517084
mapping,put,131072,0,262144,reverse,20261005,4,18.123179604,20.906834255,1.153596,0.288399
mapping,put,131072,0,262144,reverse,20261005,8,18.123179604,16.177929328,0.892665,0.111583
mapping,put,131072,0,262144,reverse,20261005,16,18.123179604,15.531342291,0.856988,0.053562
mapping,put,131072,0,262144,reverse,20261005,32,18.123179604,14.449034266,0.797268,0.024915
mapping,put,131072,0,262144,reverse,20261005,64,18.123179604,13.366085858,0.737513,0.011524
mapping,put,131072,0,262144,transpose,20261005,2,18.121836556,18.745799708,1.034432,0.517216
mapping,put,131072,0,262144,transpose,20261005,4,18.121836556,20.699763568,1.142255,0.285564
mapping,put,131072,0,262144,transpose,20261005,8,18.121836556,16.016726697,0.883836,0.110479
mapping,put,131072,0,262144,transpose,20261005,16,18.121836556,16.184728189,0.893106,0.055819
mapping,put,131072,0,262144,transpose,20261005,32,18.121836556,14.504986886,0.800415,0.025013
mapping,put,131072,0,262144,transpose,20261005,64,18.121836556,13.412841200,0.740148,0.011565
mapping,put,131072,0,262144,shuffle,20261005,2,18.121791457,18.747026349,1.034502,0.517251
mapping,put,131072,0,262144,shuffle,20261005,4,18.121791457,20.844563269,1.150248,0.287562
mapping,put,131072,0,262144,shuffle,20261005,8,18.121791457,16.121593111,0.889625,0.111203
mapping,put,131072,0,262144,shuffle,20261005,16,18.121791457,15.839766535,0.874073,0.054630
mapping,put,131072,0,262144,shuffle,20261005,32,18.121791457,14.543389732,0.802536,0.025079
mapping,put,131072,0,262144,shuffle,20261005,64,18.121791457,13.452802108,0.742355,0.011599
mapping,put,64,4,131200,identity,20261005,2,0.174199194,0.349087164,2.003954,1.001977
mapping,put,64,4,131200,identity,20261005,4,0.174199194,0.317189188,1.820842,0.455210
mapping,put,64,4,131200,identity,20261005,8,0.174199194,0.639547041,3.671355,0.458919
mapping,put,64,4,131200,identity,20261005,16,0.174199194,0.699302848,4.014386,0.250899
mapping,put,64,4,131200,identity,20261005,32,0.174199194,1.156565804,6.639329,0.207479
mapping,put,64,4,131200,identity,20261005,64,0.174199194,1.146094219,6.579217,0.102800
mapping,put,64,4,131200,reverse,20261005,2,0.174276229,0.345515825,1.982576,0.991288
mapping,put,64,4,131200,reverse,20261005,4,0.174276229,0.322677212,1.851527,0.462882
mapping,put,64,4,131200,reverse,20261005,8,0.174276229,0.634574861,3.641201,0.455150
mapping,put,64,4,131200,reverse,20261005,16,0.174276229,0.997245208,5.722210,0.357638
mapping,put,64,4,131200,reverse,20261005,32,0.174276229,1.048744121,6.017712,0.188053
mapping,put,64,4,131200,reverse,20261005,64,0.174276229,1.145993885,6.575733,0.102746
mapping,put,64,4,131200,transpose,20261005,2,0.173737135,0.314856117,1.812256,0.906128
mapping,put,64,4,131200,transpose,20261005,4,0.173737135,0.628507582,3.617578,0.904394
mapping,put,64,4,131200,transpose,20261005,8,0.173737135,1.147772067,6.606372,0.825796
mapping,put,64,4,131200,transpose,20261005,16,0.173737135,1.118648393,6.438741,0.402421
mapping,put,64,4,131200,transpose,20261005,32,0.173737135,1.007990986,5.801817,0.181307
mapping,put,64,4,131200,transpose,20261005,64,0.173737135,1.145084658,6.590903,0.102983
mapping,put,64,4,131200,shuffle,20261005,2,0.174151508,0.348607137,2.001746,1.000873
mapping,put,64,4,131200,shuffle,20261005,4,0.174151508,0.632098609,3.629590,0.907398
mapping,put,64,4,131200,shuffle,20261005,8,0.174151508,0.463735478,2.662828,0.332853
mapping,put,64,4,131200,shuffle,20261005,16,0.174151508,0.608224562,3.492502,0.218281
mapping,put,64,4,131200,shuffle,20261005,32,0.174151508,0.991662049,5.694249,0.177945
mapping,put,64,4,131200,shuffle,20261005,64,0.174151508,1.108740991,6.366531,0.099477
mapping,put,64,4,131328,identity,20261005,2,0.173880063,0.349104112,2.007729,1.003865
mapping,put,64,4,131328,identity,20261005,4,0.173880063,0.329990716,1.897807,0.474452
mapping,put,64,4,131328,identity,20261005,8,0.173880063,0.402572596,2.315231,0.289404
mapping,put,64,4,131328,identity,20261005,16,0.173880063,0.526088168,3.025581,0.189099
mapping,put,64,4,131328,identity,20261005,32,0.173880063,0.776210453,4.464057,0.139502
mapping,put,64,4,131328,identity,20261005,64,0.173880063,0.946140359,5.441339,0.085021
mapping,put,64,4,131328,reverse,20261005,2,0.174531778,0.285577935,1.636252,0.818126
mapping,put,64,4,131328,reverse,20261005,4,0.174531778,0.285480835,1.635695,0.408924
mapping,put,64,4,131328,reverse,20261005,8,0.174531778,0.278768046,1.597234,0.199654
mapping,put,64,4,131328,reverse,20261005,16,0.174531778,0.450232472,2.579659,0.161229
mapping,put,64,4,131328,reverse,20261005,32,0.174531778,0.562292603,3.221720,0.100679
mapping,put,64,4,131328,reverse,20261005,64,0.174531778,0.921984926,5.282619,0.082541
mapping,put,64,4,131328,transpose,20261005,2,0.174066913,0.173504953,0.996772,0.498386
mapping,put,64,4,131328,transpose,20261005,4,0.174066913,0.335671099,1.928403,0.482101
mapping,put,64,4,131328,transpose,20261005,8,0.174066913,0.617844259,3.549464,0.443683
mapping,put,64,4,131328,transpose,20261005,16,0.174066913,0.839250982,4.821427,0.301339
mapping,put,64,4,131328,transpose,20261005,32,0.174066913,0.843024479,4.843106,0.151347
mapping,put,64,4,131328,transpose,20261005,64,0.174066913,0.903389386,5.189897,0.081092
mapping,put,64,4,131328,shuffle,20261005,2,0.174074820,0.347200466,1.994547,0.997274
mapping,put,64,4,131328,shuffle,20261005,4,0.174074820,0.436231478,2.506000,0.626500
mapping,put,64,4,131328,shuffle,20261005,8,0.174074820,0.375241424,2.155633,0.269454
mapping,put,64,4,131328,shuffle,20261005,16,0.174074820,0.625107975,3.591030,0.224439
mapping,put,64,4,131328,shuffle,20261005,32,0.174074820,0.810431905,4.655653,0.145489
mapping,put,64,4,131328,shuffle,20261005,64,0.174074820,0.917109244,5.268477,0.082320
mapping,put,64,4,135168,identity,20261005,2,0.174029899,0.344800184,1.981270,0.990635
mapping,put,64,4,135168,identity,20261005,4,0.174029899,0.629103302,3.614915,0.903729
mapping,put,64,4,135168,identity,20261005,8,0.174029899,1.148731314,6.600770,0.825096
mapping,put,64,4,135168,identity,20261005,16,0.174029899,0.896112552,5.149187,0.321824
mapping,put,64,4,135168,identity,20261005,32,0.174029899,0.985948880,5.665399,0.177044
mapping,put,64,4,135168,identity,20261005,64,0.174029899,0.856943529,4.924117,0.076939
mapping,put,64,4,135168,reverse,20261005,2,0.173991150,0.343518754,1.974346,0.987173
mapping,put,64,4,135168,reverse,20261005,4,0.173991150,0.627346115,3.605621,0.901405
mapping,put,64,4,135168,reverse,20261005,8,0.173991150,1.123159483,6.455268,0.806908
mapping,put,64,4,135168,reverse,20261005,16,0.173991150,0.892961086,5.132221,0.320764
mapping,put,64,4,135168,reverse,20261005,32,0.173991150,0.981246783,5.639636,0.176239
mapping,put,64,4,135168,reverse,20261005,64,0.173991150,0.857272178,4.927102,0.076986
mapping,put,64,4,135168,transpose,20261005,2,0.174026634,0.343433959,1.973456,0.986728
mapping,put,64,4,135168,transpose,20261005,4,0.174026634,0.629817737,3.619088,0.904772
mapping,put,64,4,135168,transpose,20261005,8,0.174026634,0.607810652,3.492630,0.436579
mapping,put,64,4,135168,transpose,20261005,16,0.174026634,0.878919183,5.050487,0.315655
mapping,put,64,4,135168,transpose,20261005,32,0.174026634,0.878369914,5.047330,0.157729
mapping,put,64,4,135168,transpose,20261005,64,0.174026634,0.856381821,4.920981,0.076890
mapping,put,64,4,135168,shuffle,20261005,2,0.174416862,0.345574780,1.981315,0.990658
mapping,put,64,4,135168,shuffle,20261005,4,0.174416862,0.344172018,1.973273,0.493318
mapping,put,64,4,135168,shuffle,20261005,8,0.174416862,0.450825266,2.584757,0.323095
mapping,put,64,4,135168,shuffle,20261005,16,0.174416862,0.576886913,3.307518,0.206720
mapping,put,64,4,135168,shuffle,20261005,32,0.174416862,0.713678445,4.091797,0.127869
mapping,put,64,4,135168,shuffle,20261005,64,0.174416862,0.853070854,4.890988,0.076422
mapping,put,64,4,262144,identity,20261005,2,0.174003923,0.344633451,1.980607,0.990304
mapping,put,64,4,262144,identity,20261005,4,0.174003923,0.627486507,3.606163,0.901541
mapping,put,64,4,262144,identity,20261005,8,0.174003923,1.125534464,6.468443,0.808555
mapping,put,64,4,262144,identity,20261005,16,0.174003923,1.139173138,6.546824,0.409177
mapping,put,64,4,262144,identity,20261005,32,0.174003923,1.281045093,7.362162,0.230068
mapping,put,64,4,262144,identity,20261005,64,0.174003923,1.139831406,6.550608,0.102353
mapping,put,64,4,262144,reverse,20261005,2,0.174307224,0.345120269,1.979954,0.989977
mapping,put,64,4,262144,reverse,20261005,4,0.174307224,0.628649112,3.606558,0.901639
mapping,put,64,4,262144,reverse,20261005,8,0.174307224,1.133344386,6.501993,0.812749
mapping,put,64,4,262144,reverse,20261005,16,0.174307224,1.137362767,6.525047,0.407815
mapping,put,64,4,262144,reverse,20261005,32,0.174307224,1.281755926,7.353430,0.229795
mapping,put,64,4,262144,reverse,20261005,64,0.174307224,1.135152360,6.512366,0.101756
mapping,put,64,4,262144,transpose,20261005,2,0.174171556,0.346142124,1.987363,0.993682
mapping,put,64,4,262144,transpose,20261005,4,0.174171556,0.666441222,3.826349,0.956587
mapping,put,64,4,262144,transpose,20261005,8,0.174171556,1.153995778,6.625627,0.828203
mapping,put,64,4,262144,transpose,20261005,16,0.174171556,0.893004305,5.127154,0.320447
mapping,put,64,4,262144,transpose,20261005,32,0.174171556,0.997617166,5.727785,0.178993
mapping,put,64,4,262144,transpose,20261005,64,0.174171556,1.135761423,6.520935,0.101890
mapping,put,64,4,262144,shuffle,20261005,2,0.174275423,0.342716721,1.966524,0.983262
mapping,put,64,4,262144,shuffle,20261005,4,0.174275423,0.626647244,3.595729,0.898932
mapping,put,64,4,262144,shuffle,20261005,8,0.174275423,0.644338168,3.697241,0.462155
mapping,put,64,4,262144,shuffle,20261005,16,0.174275423,0.737526174,4.231957,0.264497
mapping,put,64,4,262144,shuffle,20261005,32,0.174275423,0.960793706,5.513076,0.172284
mapping,put,64,4,262144,shuffle,20261005,64,0.174275423,1.137575637,6.527459,0.101992
mapping,put,128,4,131200,identity,20261005,2,0.331929978,0.609731844,1.836929,0.918465
mapping,put,128,4,131200,identity,20261005,4,0.331929978,0.507977680,1.530376,0.382594
mapping,put,128,4,131200,identity,20261005,8,0.331929978,0.974527618,2.935943,0.366993
mapping,put,128,4,131200,identity,20261005,16,0.331929978,1.266336467,3.815071,0.238442
mapping,put,128,4,131200,identity,20261005,32,0.331929978,1.639064214,4.937982,0.154312
mapping,put,128,4,131200,identity,20261005,64,0.331929978,1.581066116,4.763252,0.074426
mapping,put,128,4,131200,reverse,20261005,2,0.346092334,0.615890652,1.779556,0.889778
mapping,put,128,4,131200,reverse,20261005,4,0.346092334,0.579562367,1.674589,0.418647
mapping,put,128,4,131200,reverse,20261005,8,0.346092334,0.978008280,2.825859,0.353232
mapping,put,128,4,131200,reverse,20261005,16,0.346092334,1.504376207,4.346748,0.271672
mapping,put,128,4,131200,reverse,20261005,32,0.346092334,1.706748733,4.931484,0.154109
mapping,put,128,4,131200,reverse,20261005,64,0.346092334,1.580770086,4.567481,0.071367
mapping,put,128,4,131200,transpose,20261005,2,0.332178408,0.592072336,1.782393,0.891196
mapping,put,128,4,131200,transpose,20261005,4,0.332178408,1.213142216,3.652080,0.913020
mapping,put,128,4,131200,transpose,20261005,8,0.332178408,2.081116812,6.265057,0.783132
mapping,put,128,4,131200,transpose,20261005,16,0.332178408,1.824269248,5.491836,0.343240
mapping,put,128,4,131200,transpose,20261005,32,0.332178408,1.675283716,5.043325,0.157604
mapping,put,128,4,131200,transpose,20261005,64,0.332178408,1.576328199,4.745426,0.074147
mapping,put,128,4,131200,shuffle,20261005,2,0.354075030,0.627826599,1.773146,0.886573
mapping,put,128,4,131200,shuffle,20261005,4,0.354075030,0.849612174,2.399526,0.599881
mapping,put,128,4,131200,shuffle,20261005,8,0.354075030,0.885850391,2.501872,0.312734
mapping,put,128,4,131200,shuffle,20261005,16,0.354075030,1.108398925,3.130407,0.195650
mapping,put,128,4,131200,shuffle,20261005,32,0.354075030,1.466346944,4.141345,0.129417
mapping,put,128,4,131200,shuffle,20261005,64,0.354075030,1.542229673,4.355658,0.068057
mapping,put,128,4,131328,identity,20261005,2,0.349612245,0.632562332,1.809325,0.904663
mapping,put,128,4,131328,identity,20261005,4,0.349612245,0.618848606,1.770100,0.442525
mapping,put,128,4,131328,identity,20261005,8,0.349612245,0.774581268,2.215544,0.276943
mapping,put,128,4,131328,identity,20261005,16,0.349612245,0.966487973,2.764457,0.172779
mapping,put,128,4,131328,identity,20261005,32,0.349612245,1.212360405,3.467729,0.108367
mapping,put,128,4,131328,identity,20261005,64,0.349612245,1.263397905,3.613712,0.056464
mapping,put,128,4,131328,reverse,20261005,2,0.349518497,0.388894391,1.112658,0.556329
mapping,put,128,4,131328,reverse,20261005,4,0.349518497,0.409594561,1.171882,0.292971
mapping,put,128,4,131328,reverse,20261005,8,0.349518497,0.409443200,1.171449,0.146431
mapping,put,128,4,131328,reverse,20261005,16,0.349518497,0.735116731,2.103227,0.131452
mapping,put,128,4,131328,reverse,20261005,32,0.349518497,0.977103572,2.795570,0.087362
mapping,put,128,4,131328,reverse,20261005,64,0.349518497,1.265751769,3.621416,0.056585
mapping,put,128,4,131328,transpose,20261005,2,0.332580696,0.337886397,1.015953,0.507977
mapping,put,128,4,131328,transpose,20261005,4,0.332580696,0.649697053,1.953502,0.488375
mapping,put,128,4,131328,transpose,20261005,8,0.332580696,1.145093014,3.443053,0.430382
mapping,put,128,4,131328,transpose,20261005,16,0.332580696,1.288878115,3.875385,0.242212
mapping,put,128,4,131328,transpose,20261005,32,0.332580696,1.336217074,4.017723,0.125554
mapping,put,128,4,131328,transpose,20261005,64,0.332580696,1.272820576,3.827103,0.059798
mapping,put,128,4,131328,shuffle,20261005,2,0.332846286,0.634548121,1.906430,0.953215
mapping,put,128,4,131328,shuffle,20261005,4,0.332846286,0.806194471,2.422122,0.605531
mapping,put,128,4,131328,shuffle,20261005,8,0.332846286,0.726071924,2.181403,0.272675
mapping,put,128,4,131328,shuffle,20261005,16,0.332846286,1.112400946,3.342086,0.208880
mapping,put,128,4,131328,shuffle,20261005,32,0.332846286,1.272666735,3.823587,0.119487
mapping,put,128,4,131328,shuffle,20261005,64,0.332846286,1.268458062,3.810943,0.059546
mapping,put,128,4,135168,identity,20261005,2,0.331101245,0.646642146,1.953004,0.976502
mapping,put,128,4,135168,identity,20261005,4,0.331101245,1.226765140,3.705106,0.926276
mapping,put,128,4,135168,identity,20261005,8,0.331101245,2.073662822,6.262927,0.782866
mapping,put,128,4,135168,identity,20261005,16,0.331101245,1.437273268,4.340888,0.271305
mapping,put,128,4,135168,identity,20261005,32,0.331101245,1.302916717,3.935101,0.122972
mapping,put,128,4,135168,identity,20261005,64,0.331101245,1.240646650,3.747031,0.058547
mapping,put,128,4,135168,reverse,20261005,2,0.332207634,0.656744859,1.976911,0.988455
mapping,put,128,4,135168,reverse,20261005,4,0.332207634,1.221533440,3.677018,0.919254
mapping,put,128,4,135168,reverse,20261005,8,0.332207634,1.959537465,5.898532,0.737317
mapping,put,128,4,135168,reverse,20261005,16,0.332207634,1.433896731,4.316267,0.269767
mapping,put,128,4,135168,reverse,20261005,32,0.332207634,1.298490834,3.908672,0.122146
mapping,put,128,4,135168,reverse,20261005,64,0.332207634,1.240318059,3.733563,0.058337
mapping,put,128,4,135168,transpose,20261005,2,0.331509170,0.659449473,1.989234,0.994617
mapping,put,128,4,135168,transpose,20261005,4,0.331509170,1.225797972,3.697629,0.924407
mapping,put,128,4,135168,transpose,20261005,8,0.331509170,1.139393818,3.436990,0.429624
mapping,put,128,4,135168,transpose,20261005,16,0.331509170,1.433530087,4.324255,0.270266
mapping,put,128,4,135168,transpose,20261005,32,0.331509170,1.227317989,3.702214,0.115694
mapping,put,128,4,135168,transpose,20261005,64,0.331509170,1.246399542,3.759774,0.058746
mapping,put,128,4,135168,shuffle,20261005,2,0.331987487,0.643516334,1.938375,0.969188
mapping,put,128,4,135168,shuffle,20261005,4,0.331987487,0.664221587,2.000743,0.500186
mapping,put,128,4,135168,shuffle,20261005,8,0.331987487,0.836790337,2.520548,0.315068
mapping,put,128,4,135168,shuffle,20261005,16,0.331987487,1.067166568,3.214478,0.200905
mapping,put,128,4,135168,shuffle,20261005,32,0.331987487,1.059835777,3.192397,0.099762
mapping,put,128,4,135168,shuffle,20261005,64,0.331987487,1.227240141,3.696646,0.057760
mapping,put,128,4,262144,identity,20261005,2,0.331665935,0.638214913,1.924270,0.962135
mapping,put,128,4,262144,identity,20261005,4,0.331665935,1.195347018,3.604069,0.901017
mapping,put,128,4,262144,identity,20261005,8,0.331665935,1.854631317,5.591866,0.698983
mapping,put,128,4,262144,identity,20261005,16,0.331665935,1.959608714,5.908381,0.369274
mapping,put,128,4,262144,identity,20261005,32,0.331665935,1.675939297,5.053094,0.157909
mapping,put,128,4,262144,identity,20261005,64,0.331665935,1.635269799,4.930473,0.077039
mapping,put,128,4,262144,reverse,20261005,2,0.331705815,0.636539770,1.918989,0.959494
mapping,put,128,4,262144,reverse,20261005,4,0.331705815,1.208288386,3.642651,0.910663
mapping,put,128,4,262144,reverse,20261005,8,0.331705815,1.966639721,5.928867,0.741108
mapping,put,128,4,262144,reverse,20261005,16,0.331705815,1.928282395,5.813231,0.363327
mapping,put,128,4,262144,reverse,20261005,32,0.331705815,1.680918566,5.067498,0.158359
mapping,put,128,4,262144,reverse,20261005,64,0.331705815,1.635666703,4.931076,0.077048
mapping,put,128,4,262144,transpose,20261005,2,0.332588301,0.637364974,1.916378,0.958189
mapping,put,128,4,262144,transpose,20261005,4,0.332588301,1.296929797,3.899505,0.974876
mapping,put,128,4,262144,transpose,20261005,8,0.332588301,2.088270203,6.278844,0.784856
mapping,put,128,4,262144,transpose,20261005,16,0.332588301,1.436395556,4.318840,0.269927
mapping,put,128,4,262144,transpose,20261005,32,0.332588301,1.346557297,4.048721,0.126523
mapping,put,128,4,262144,transpose,20261005,64,0.332588301,1.602682176,4.818817,0.075294
mapping,put,128,4,262144,shuffle,20261005,2,0.330753371,0.654395892,1.978501,0.989251
mapping,put,128,4,262144,shuffle,20261005,4,0.330753371,1.211440637,3.662671,0.915668
mapping,put,128,4,262144,shuffle,20261005,8,0.330753371,1.194401430,3.611154,0.451394
mapping,put,128,4,262144,shuffle,20261005,16,0.330753371,1.341359396,4.055467,0.253467
mapping,put,128,4,262144,shuffle,20261005,32,0.330753371,1.342766134,4.059720,0.126866
mapping,put,128,4,262144,shuffle,20261005,64,0.330753371,1.627119958,4.919436,0.076866
mapping,put,256,4,131200,identity,20261005,2,0.686742806,1.349515216,1.965096,0.982548
mapping,put,256,4,131200,identity,20261005,4,0.686742806,1.203843222,1.752975,0.438244
mapping,put,256,4,131200,identity,20261005,8,0.686742806,1.708558040,2.487915,0.310989
mapping,put,256,4,131200,identity,20261005,16,0.686742806,2.189136825,3.187710,0.199232
mapping,put,256,4,131200,identity,20261005,32,0.686742806,2.887895235,4.205206,0.131413
mapping,put,256,4,131200,identity,20261005,64,0.686742806,2.700845818,3.932835,0.061451
mapping,put,256,4,131200,reverse,20261005,2,0.702408273,1.250527566,1.780343,0.890171
mapping,put,256,4,131200,reverse,20261005,4,0.702408273,1.250667470,1.780542,0.445136
mapping,put,256,4,131200,reverse,20261005,8,0.702408273,1.697544346,2.416749,0.302094
mapping,put,256,4,131200,reverse,20261005,16,0.702408273,2.706467420,3.853126,0.240820
mapping,put,256,4,131200,reverse,20261005,32,0.702408273,2.831852142,4.031633,0.125989
mapping,put,256,4,131200,reverse,20261005,64,0.702408273,2.703971706,3.849573,0.060150
mapping,put,256,4,131200,transpose,20261005,2,0.687393367,1.250869745,1.819729,0.909865
mapping,put,256,4,131200,transpose,20261005,4,0.687393367,2.443210273,3.554312,0.888578
mapping,put,256,4,131200,transpose,20261005,8,0.687393367,2.818650271,4.100491,0.512561
mapping,put,256,4,131200,transpose,20261005,16,0.687393367,3.231779502,4.701499,0.293844
mapping,put,256,4,131200,transpose,20261005,32,0.687393367,2.928360896,4.260095,0.133128
mapping,put,256,4,131200,transpose,20261005,64,0.687393367,2.722678193,3.960874,0.061889
mapping,put,256,4,131200,shuffle,20261005,2,0.688914663,1.310985134,1.902972,0.951486
mapping,put,256,4,131200,shuffle,20261005,4,0.688914663,2.332028475,3.385076,0.846269
mapping,put,256,4,131200,shuffle,20261005,8,0.688914663,1.834196845,2.662444,0.332806
mapping,put,256,4,131200,shuffle,20261005,16,0.688914663,2.038126703,2.958460,0.184904
mapping,put,256,4,131200,shuffle,20261005,32,0.688914663,2.741690914,3.979725,0.124366
mapping,put,256,4,131200,shuffle,20261005,64,0.688914663,2.692000609,3.907597,0.061056
mapping,put,256,4,131328,identity,20261005,2,0.685543757,1.369140640,1.997160,0.998580
mapping,put,256,4,131328,identity,20261005,4,0.685543757,1.192338110,1.739259,0.434815
mapping,put,256,4,131328,identity,20261005,8,0.685543757,2.054911489,2.997491,0.374686
mapping,put,256,4,131328,identity,20261005,16,0.685543757,1.973385029,2.878569,0.179911
mapping,put,256,4,131328,identity,20261005,32,0.685543757,1.793732460,2.616511,0.081766
mapping,put,256,4,131328,identity,20261005,64,0.685543757,2.395264767,3.493963,0.054593
mapping,put,256,4,131328,reverse,20261005,2,0.631133054,0.825199664,1.307489,0.653745
mapping,put,256,4,131328,reverse,20261005,4,0.631133054,0.869834825,1.378211,0.344553
mapping,put,256,4,131328,reverse,20261005,8,0.631133054,0.818869766,1.297460,0.162182
mapping,put,256,4,131328,reverse,20261005,16,0.631133054,1.293903151,2.050127,0.128133
mapping,put,256,4,131328,reverse,20261005,32,0.631133054,1.522323192,2.412048,0.075376
mapping,put,256,4,131328,reverse,20261005,64,0.631133054,2.369873184,3.754950,0.058671
mapping,put,256,4,131328,transpose,20261005,2,0.687329695,0.641851823,0.933834,0.466917
mapping,put,256,4,131328,transpose,20261005,4,0.687329695,1.195493829,1.739331,0.434833
mapping,put,256,4,131328,transpose,20261005,8,0.687329695,1.784215357,2.595865,0.324483
mapping,put,256,4,131328,transpose,20261005,16,0.687329695,1.940333421,2.823002,0.176438
mapping,put,256,4,131328,transpose,20261005,32,0.687329695,2.111198190,3.071595,0.095987
mapping,put,256,4,131328,transpose,20261005,64,0.687329695,2.380085264,3.462800,0.054106
mapping,put,256,4,131328,shuffle,20261005,2,0.688465196,0.895348455,1.300499,0.650250
mapping,put,256,4,131328,shuffle,20261005,4,0.688465196,1.629020232,2.366162,0.591541
mapping,put,256,4,131328,shuffle,20261005,8,0.688465196,1.337312098,1.942454,0.242807
mapping,put,256,4,131328,shuffle,20261005,16,0.688465196,2.231270294,3.240934,0.202558
mapping,put,256,4,131328,shuffle,20261005,32,0.688465196,2.299580487,3.340155,0.104380
mapping,put,256,4,131328,shuffle,20261005,64,0.688465196,2.377101226,3.452754,0.053949
mapping,put,256,4,135168,identity,20261005,2,0.687230611,1.357485259,1.975298,0.987649
mapping,put,256,4,135168,identity,20261005,4,0.687230611,2.004053119,2.916129,0.729032
mapping,put,256,4,135168,identity,20261005,8,0.687230611,3.249684116,4.728666,0.591083
mapping,put,256,4,135168,identity,20261005,16,0.687230611,2.899039806,4.218438,0.263652
mapping,put,256,4,135168,identity,20261005,32,0.687230611,2.528056817,3.678615,0.114957
mapping,put,256,4,135168,identity,20261005,64,0.687230611,2.258663295,3.286616,0.051353
mapping,put,256,4,135168,reverse,20261005,2,0.687378417,1.176440853,1.711489,0.855745
mapping,put,256,4,135168,reverse,20261005,4,0.687378417,1.981705990,2.882991,0.720748
mapping,put,256,4,135168,reverse,20261005,8,0.687378417,3.140286953,4.568498,0.571062
mapping,put,256,4,135168,reverse,20261005,16,0.687378417,2.614252103,3.803221,0.237701
mapping,put,256,4,135168,reverse,20261005,32,0.687378417,2.251583509,3.275610,0.102363
mapping,put,256,4,135168,reverse,20261005,64,0.687378417,2.257963324,3.284891,0.051326
mapping,put,256,4,135168,transpose,20261005,2,0.705949055,1.356760776,1.921896,0.960948
mapping,put,256,4,135168,transpose,20261005,4,0.705949055,2.371480355,3.359280,0.839820
mapping,put,256,4,135168,transpose,20261005,8,0.705949055,2.194246766,3.108223,0.388528
mapping,put,256,4,135168,transpose,20261005,16,0.705949055,2.648148420,3.751189,0.234449
mapping,put,256,4,135168,transpose,20261005,32,0.705949055,2.342276137,3.317911,0.103685
mapping,put,256,4,135168,transpose,20261005,64,0.705949055,2.262104954,3.204346,0.050068
mapping,put,256,4,135168,shuffle,20261005,2,0.697254913,1.353300865,1.940898,0.970449
mapping,put,256,4,135168,shuffle,20261005,4,0.697254913,1.235750255,1.772308,0.443077
mapping,put,256,4,135168,shuffle,20261005,8,0.697254913,1.557254578,2.233408,0.279176
mapping,put,256,4,135168,shuffle,20261005,16,0.697254913,2.068842763,2.967125,0.185445
mapping,put,256,4,135168,shuffle,20261005,32,0.697254913,2.348734422,3.368545,0.105267
mapping,put,256,4,135168,shuffle,20261005,64,0.697254913,2.250653945,3.227878,0.050436
mapping,put,256,4,262144,identity,20261005,2,0.689028142,1.346585984,1.954327,0.977163
mapping,put,256,4,262144,identity,20261005,4,0.689028142,2.429187062,3.525527,0.881382
mapping,put,256,4,262144,identity,20261005,8,0.689028142,2.880606458,4.180680,0.522585
mapping,put,256,4,262144,identity,20261005,16,0.689028142,3.014692504,4.375282,0.273455
mapping,put,256,4,262144,identity,20261005,32,0.689028142,2.760770662,4.006760,0.125211
mapping,put,256,4,262144,identity,20261005,64,0.689028142,2.534741342,3.678720,0.057480
mapping,put,256,4,262144,reverse,20261005,2,0.688090471,1.356340255,1.971166,0.985583
mapping,put,256,4,262144,reverse,20261005,4,0.688090471,2.448486732,3.558379,0.889595
mapping,put,256,4,262144,reverse,20261005,8,0.688090471,3.817861177,5.548487,0.693561
mapping,put,256,4,262144,reverse,20261005,16,0.688090471,3.010069771,4.374526,0.273408
mapping,put,256,4,262144,reverse,20261005,32,0.688090471,2.762289262,4.014427,0.125451
mapping,put,256,4,262144,reverse,20261005,64,0.688090471,2.535211141,3.684415,0.057569
mapping,put,256,4,262144,transpose,20261005,2,0.687139302,1.353107377,1.969189,0.984595
mapping,put,256,4,262144,transpose,20261005,4,0.687139302,1.659163704,2.414596,0.603649
mapping,put,256,4,262144,transpose,20261005,8,0.687139302,2.616281446,3.807498,0.475937
mapping,put,256,4,262144,transpose,20261005,16,0.687139302,2.257949072,3.286014,0.205376
mapping,put,256,4,262144,transpose,20261005,32,0.687139302,2.255046720,3.281790,0.102556
mapping,put,256,4,262144,transpose,20261005,64,0.687139302,2.505690068,3.646553,0.056977
mapping,put,256,4,262144,shuffle,20261005,2,0.684607117,1.354775836,1.978910,0.989455
mapping,put,256,4,262144,shuffle,20261005,4,0.684607117,1.645950303,2.404226,0.601057
mapping,put,256,4,262144,shuffle,20261005,8,0.684607117,2.203371632,3.218447,0.402306
mapping,put,256,4,262144,shuffle,20261005,16,0.684607117,2.086043063,3.047066,0.190442
mapping,put,256,4,262144,shuffle,20261005,32,0.684607117,2.381659962,3.478871,0.108715
mapping,put,256,4,262144,shuffle,20261005,64,0.684607117,2.532967655,3.699885,0.057811
mapping,put,4096,4,131200,identity,20261005,2,6.227716073,8.711603597,1.398844,0.699422
mapping,put,4096,4,131200,identity,20261005,4,6.227716073,6.938503783,1.114133,0.278533
mapping,put,4096,4,131200,identity,20261005,8,6.227716073,8.754222427,1.405687,0.175711
mapping,put,4096,4,131200,identity,20261005,16,6.227716073,10.567883445,1.696912,0.106057
mapping,put,4096,4,131200,identity,20261005,32,6.227716073,10.532535411,1.691236,0.052851
mapping,put,4096,4,131200,identity,20261005,64,6.227716073,10.739146731,1.724412,0.026944
mapping,put,4096,4,131200,reverse,20261005,2,6.737972489,9.102262677,1.350890,0.675445
mapping,put,4096,4,131200,reverse,20261005,4,6.737972489,7.808047092,1.158813,0.289703
mapping,put,4096,4,131200,reverse,20261005,8,6.737972489,9.908402911,1.470532,0.183816
mapping,put,4096,4,131200,reverse,20261005,16,6.737972489,11.397767404,1.691572,0.105723
mapping,put,4096,4,131200,reverse,20261005,32,6.737972489,11.058481406,1.641218,0.051288
mapping,put,4096,4,131200,reverse,20261005,64,6.737972489,10.654697907,1.581291,0.024708
mapping,put,4096,4,131200,transpose,20261005,2,6.217761302,7.321306324,1.177483,0.588741
mapping,put,4096,4,131200,transpose,20261005,4,6.217761302,9.549883628,1.535904,0.383976
mapping,put,4096,4,131200,transpose,20261005,8,6.217761302,10.450905811,1.680815,0.210102
mapping,put,4096,4,131200,transpose,20261005,16,6.217761302,11.482521901,1.846729,0.115421
mapping,put,4096,4,131200,transpose,20261005,32,6.217761302,10.884953026,1.750623,0.054707
mapping,put,4096,4,131200,transpose,20261005,64,6.217761302,10.060726500,1.618063,0.025282
mapping,put,4096,4,131200,shuffle,20261005,2,6.651521032,7.474411636,1.123715,0.561857
mapping,put,4096,4,131200,shuffle,20261005,4,6.651521032,9.467389973,1.423342,0.355836
mapping,put,4096,4,131200,shuffle,20261005,8,6.651521032,8.302457977,1.248204,0.156026
mapping,put,4096,4,131200,shuffle,20261005,16,6.651521032,9.687653873,1.456457,0.091029
mapping,put,4096,4,131200,shuffle,20261005,32,6.651521032,9.427247530,1.417307,0.044291
mapping,put,4096,4,131200,shuffle,20261005,64,6.651521032,9.940081719,1.494407,0.023350
mapping,put,4096,4,131328,identity,20261005,2,6.198725448,9.048994028,1.459815,0.729908
mapping,put,4096,4,131328,identity,20261005,4,6.198725448,6.625454378,1.068841,0.267210
mapping,put,4096,4,131328,identity,20261005,8,6.198725448,8.494021938,1.370285,0.171286
mapping,put,4096,4,131328,identity,20261005,16,6.198725448,8.493537571,1.370207,0.085638
mapping,put,4096,4,131328,identity,20261005,32,6.198725448,9.123486916,1.471833,0.045995
mapping,put,4096,4,131328,identity,20261005,64,6.198725448,9.555114059,1.541464,0.024085
mapping,put,4096,4,131328,reverse,20261005,2,6.610449869,7.847111598,1.187077,0.593538
mapping,put,4096,4,131328,reverse,20261005,4,6.610449869,6.125853690,0.926692,0.231673
mapping,put,4096,4,131328,reverse,20261005,8,6.610449869,6.143992320,0.929436,0.116180
mapping,put,4096,4,131328,reverse,20261005,16,6.610449869,6.775318224,1.024941,0.064059
mapping,put,4096,4,131328,reverse,20261005,32,6.610449869,7.564126447,1.144268,0.035758
mapping,put,4096,4,131328,reverse,20261005,64,6.610449869,9.545262951,1.443966,0.022562
mapping,put,4096,4,131328,transpose,20261005,2,6.211359084,5.644648953,0.908762,0.454381
mapping,put,4096,4,131328,transpose,20261005,4,6.211359084,6.688185009,1.076767,0.269192
mapping,put,4096,4,131328,transpose,20261005,8,6.211359084,9.195590674,1.480447,0.185056
mapping,put,4096,4,131328,transpose,20261005,16,6.211359084,10.334354269,1.663783,0.103986
mapping,put,4096,4,131328,transpose,20261005,32,6.211359084,10.019117594,1.613031,0.050407
mapping,put,4096,4,131328,transpose,20261005,64,6.211359084,9.093871648,1.464071,0.022876
mapping,put,4096,4,131328,shuffle,20261005,2,6.706870776,6.442378773,0.960564,0.480282
mapping,put,4096,4,131328,shuffle,20261005,4,6.706870776,8.456663984,1.260896,0.315224
mapping,put,4096,4,131328,shuffle,20261005,8,6.706870776,7.466960046,1.113330,0.139166
mapping,put,4096,4,131328,shuffle,20261005,16,6.706870776,9.968682069,1.486339,0.092896
mapping,put,4096,4,131328,shuffle,20261005,32,6.706870776,9.533063049,1.421388,0.044418
mapping,put,4096,4,131328,shuffle,20261005,64,6.706870776,9.193164323,1.370708,0.021417
mapping,put,4096,4,135168,identity,20261005,2,6.256979144,8.606823051,1.375556,0.687778
mapping,put,4096,4,135168,identity,20261005,4,6.256979144,9.284644861,1.483886,0.370972
mapping,put,4096,4,135168,identity,20261005,8,6.256979144,11.519916751,1.841131,0.230141
mapping,put,4096,4,135168,identity,20261005,16,6.256979144,11.375794914,1.818097,0.113631
mapping,put,4096,4,135168,identity,20261005,32,6.256979144,10.803627794,1.726652,0.053958
mapping,put,4096,4,135168,identity,20261005,64,6.256979144,9.771336546,1.561670,0.024401
mapping,put,4096,4,135168,reverse,20261005,2,6.979458649,9.428457322,1.350887,0.675443
mapping,put,4096,4,135168,reverse,20261005,4,6.979458649,9.171004758,1.313999,0.328500
mapping,put,4096,4,135168,reverse,20261005,8,6.979458649,11.496361953,1.647171,0.205896
mapping,put,4096,4,135168,reverse,20261005,16,6.979458649,11.188992665,1.603132,0.100196
mapping,put,4096,4,135168,reverse,20261005,32,6.979458649,10.704646907,1.533736,0.047929
mapping,put,4096,4,135168,reverse,20261005,64,6.979458649,9.743080081,1.395965,0.021812
mapping,put,4096,4,135168,transpose,20261005,2,6.199532311,7.808836034,1.259585,0.629792
mapping,put,4096,4,135168,transpose,20261005,4,6.199532311,9.558207113,1.541763,0.385441
mapping,put,4096,4,135168,transpose,20261005,8,6.199532311,9.089123785,1.466098,0.183262
mapping,put,4096,4,135168,transpose,20261005,16,6.199532311,10.097685742,1.628782,0.101799
mapping,put,4096,4,135168,transpose,20261005,32,6.199532311,9.814998305,1.583184,0.049474
mapping,put,4096,4,135168,transpose,20261005,64,6.199532311,9.357173022,1.509335,0.023583
mapping,put,4096,4,135168,shuffle,20261005,2,6.750198172,7.356011375,1.089747,0.544874
mapping,put,4096,4,135168,shuffle,20261005,4,6.750198172,7.485219387,1.108889,0.277222
mapping,put,4096,4,135168,shuffle,20261005,8,6.750198172,8.017534442,1.187748,0.148469
mapping,put,4096,4,135168,shuffle,20261005,16,6.750198172,9.503975047,1.407955,0.087997
mapping,put,4096,4,135168,shuffle,20261005,32,6.750198172,8.682636238,1.286279,0.040196
mapping,put,4096,4,135168,shuffle,20261005,64,6.750198172,9.342662120,1.384057,0.021626
mapping,put,4096,4,262144,identity,20261005,2,6.198547215,7.399605812,1.193765,0.596882
mapping,put,4096,4,262144,identity,20261005,4,6.198547215,9.468779727,1.527580,0.381895
mapping,put,4096,4,262144,identity,20261005,8,6.198547215,10.875344418,1.754499,0.219312
mapping,put,4096,4,262144,identity,20261005,16,6.198547215,10.033602525,1.618702,0.101169
mapping,put,4096,4,262144,identity,20261005,32,6.198547215,9.880925619,1.594071,0.049815
mapping,put,4096,4,262144,identity,20261005,64,6.198547215,9.548295027,1.540409,0.024069
mapping,put,4096,4,262144,reverse,20261005,2,6.327784163,7.681063347,1.213863,0.606932
mapping,put,4096,4,262144,reverse,20261005,4,6.327784163,9.304163931,1.470367,0.367592
mapping,put,4096,4,262144,reverse,20261005,8,6.327784163,10.856082693,1.715622,0.214453
mapping,put,4096,4,262144,reverse,20261005,16,6.327784163,10.006751992,1.581399,0.098837
mapping,put,4096,4,262144,reverse,20261005,32,6.327784163,9.947806499,1.572084,0.049128
mapping,put,4096,4,262144,reverse,20261005,64,6.327784163,9.544653708,1.508372,0.023568
mapping,put,4096,4,262144,transpose,20261005,2,6.199626146,7.343476032,1.184503,0.592252
mapping,put,4096,4,262144,transpose,20261005,4,6.199626146,9.704051311,1.565264,0.391316
mapping,put,4096,4,262144,transpose,20261005,8,6.199626146,10.867557284,1.752938,0.219117
mapping,put,4096,4,262144,transpose,20261005,16,6.199626146,9.730598602,1.569546,0.098097
mapping,put,4096,4,262144,transpose,20261005,32,6.199626146,9.235575596,1.489699,0.046553
mapping,put,4096,4,262144,transpose,20261005,64,6.199626146,9.537085158,1.538332,0.024036
mapping,put,4096,4,262144,shuffle,20261005,2,6.333547235,7.787634848,1.229585,0.614793
mapping,put,4096,4,262144,shuffle,20261005,4,6.333547235,9.636445337,1.521493,0.380373
mapping,put,4096,4,262144,shuffle,20261005,8,6.333547235,9.326673809,1.472583,0.184073
mapping,put,4096,4,262144,shuffle,20261005,16,6.333547235,9.466125049,1.494601,0.093413
mapping,put,4096,4,262144,shuffle,20261005,32,6.333547235,9.149272355,1.444573,0.045143
mapping,put,4096,4,262144,shuffle,20261005,64,6.333547235,9.517047522,1.502641,0.023479
mapping,put,32768,4,131200,identity,20261005,2,15.515746579,18.402186158,1.186033,0.593016
mapping,put,32768,4,131200,identity,20261005,4,15.515746579,18.991670279,1.224026,0.306006
mapping,put,32768,4,131200,identity,20261005,8,15.515746579,18.509092539,1.192923,0.149115
mapping,put,32768,4,131200,identity,20261005,16,15.515746579,18.499465310,1.192303,0.074519
mapping,put,32768,4,131200,identity,20261005,32,15.515746579,16.850702046,1.086039,0.033939
mapping,put,32768,4,131200,identity,20261005,64,15.515746579,14.284275453,0.920631,0.014385
mapping,put,32768,4,131200,reverse,20261005,2,15.069530098,18.360709382,1.218400,0.609200
mapping,put,32768,4,131200,reverse,20261005,4,15.069530098,18.917270857,1.255332,0.313833
mapping,put,32768,4,131200,reverse,20261005,8,15.069530098,18.512607364,1.228479,0.153560
mapping,put,32768,4,131200,reverse,20261005,16,15.069530098,18.531757755,1.229750,0.076859
mapping,put,32768,4,131200,reverse,20261005,32,15.069530098,16.895461251,1.121167,0.035036
mapping,put,32768,4,131200,reverse,20261005,64,15.069530098,14.297532196,0.948771,0.014825
mapping,put,32768,4,131200,transpose,20261005,2,15.362688470,18.174406190,1.183023,0.591511
mapping,put,32768,4,131200,transpose,20261005,4,15.362688470,18.265041256,1.188922,0.297231
mapping,put,32768,4,131200,transpose,20261005,8,15.362688470,14.874846425,0.968245,0.121031
mapping,put,32768,4,131200,transpose,20261005,16,15.362688470,14.796133512,0.963121,0.060195
mapping,put,32768,4,131200,transpose,20261005,32,15.362688470,14.123275392,0.919323,0.028729
mapping,put,32768,4,131200,transpose,20261005,64,15.362688470,12.918865310,0.840925,0.013139
mapping,put,32768,4,131200,shuffle,20261005,2,15.480898561,18.330625341,1.184080,0.592040
mapping,put,32768,4,131200,shuffle,20261005,4,15.480898561,18.309945332,1.182744,0.295686
mapping,put,32768,4,131200,shuffle,20261005,8,15.480898561,15.899610419,1.027047,0.128381
mapping,put,32768,4,131200,shuffle,20261005,16,15.480898561,14.627109942,0.944849,0.059053
mapping,put,32768,4,131200,shuffle,20261005,32,15.480898561,14.118119664,0.911970,0.028499
mapping,put,32768,4,131200,shuffle,20261005,64,15.480898561,12.981482697,0.838548,0.013102
mapping,put,32768,4,131328,identity,20261005,2,15.540905857,18.474219364,1.188748,0.594374
mapping,put,32768,4,131328,identity,20261005,4,15.540905857,18.969988885,1.220649,0.305162
mapping,put,32768,4,131328,identity,20261005,8,15.540905857,18.389515765,1.183298,0.147912
mapping,put,32768,4,131328,identity,20261005,16,15.540905857,18.469216698,1.188426,0.074277
mapping,put,32768,4,131328,identity,20261005,32,15.540905857,16.763455483,1.078667,0.033708
mapping,put,32768,4,131328,identity,20261005,64,15.540905857,14.426588225,0.928298,0.014505
mapping,put,32768,4,131328,reverse,20261005,2,15.633192481,14.903063910,0.953296,0.476648
mapping,put,32768,4,131328,reverse,20261005,4,15.633192481,16.674929581,1.066636,0.266659
mapping,put,32768,4,131328,reverse,20261005,8,15.633192481,15.823762650,1.012190,0.126524
mapping,put,32768,4,131328,reverse,20261005,16,15.633192481,18.320465151,1.171895,0.073243
mapping,put,32768,4,131328,reverse,20261005,32,15.633192481,16.873017484,1.079307,0.033728
mapping,put,32768,4,131328,reverse,20261005,64,15.633192481,14.499849059,0.927504,0.014492
mapping,put,32768,4,131328,transpose,20261005,2,15.543095233,16.529796941,1.063482,0.531741
mapping,put,32768,4,131328,transpose,20261005,4,15.543095233,17.977210013,1.156604,0.289151
mapping,put,32768,4,131328,transpose,20261005,8,15.543095233,14.847286373,0.955234,0.119404
mapping,put,32768,4,131328,transpose,20261005,16,15.543095233,14.557588562,0.936595,0.058537
mapping,put,32768,4,131328,transpose,20261005,32,15.543095233,14.100180729,0.907167,0.028349
mapping,put,32768,4,131328,transpose,20261005,64,15.543095233,12.960262297,0.833828,0.013029
mapping,put,32768,4,131328,shuffle,20261005,2,15.329434545,18.289429326,1.193092,0.596546
mapping,put,32768,4,131328,shuffle,20261005,4,15.329434545,18.421651062,1.201718,0.300429
mapping,put,32768,4,131328,shuffle,20261005,8,15.329434545,15.853790776,1.034206,0.129276
mapping,put,32768,4,131328,shuffle,20261005,16,15.329434545,14.673173947,0.957190,0.059824
mapping,put,32768,4,131328,shuffle,20261005,32,15.329434545,14.236707446,0.928717,0.029022
mapping,put,32768,4,131328,shuffle,20261005,64,15.329434545,13.311280989,0.868348,0.013568
mapping,put,32768,4,135168,identity,20261005,2,15.417978828,18.484364472,1.198884,0.599442
mapping,put,32768,4,135168,identity,20261005,4,15.417978828,19.077671881,1.237365,0.309341
mapping,put,32768,4,135168,identity,20261005,8,15.417978828,18.434430608,1.195645,0.149456
mapping,put,32768,4,135168,identity,20261005,16,15.417978828,18.604076810,1.206648,0.075416
mapping,put,32768,4,135168,identity,20261005,32,15.417978828,16.470689873,1.068278,0.033384
mapping,put,32768,4,135168,identity,20261005,64,15.417978828,14.292692555,0.927015,0.014485
mapping,put,32768,4,135168,reverse,20261005,2,15.570969607,18.466057180,1.185929,0.592964
mapping,put,32768,4,135168,reverse,20261005,4,15.570969607,19.057639064,1.223921,0.305980
mapping,put,32768,4,135168,reverse,20261005,8,15.570969607,18.406822343,1.182124,0.147766
mapping,put,32768,4,135168,reverse,20261005,16,15.570969607,18.119668305,1.163683,0.072730
mapping,put,32768,4,135168,reverse,20261005,32,15.570969607,15.992312777,1.027060,0.032096
mapping,put,32768,4,135168,reverse,20261005,64,15.570969607,14.204988308,0.912274,0.014254
mapping,put,32768,4,135168,transpose,20261005,2,15.488969876,18.364444669,1.185647,0.592823
mapping,put,32768,4,135168,transpose,20261005,4,15.488969876,18.165776571,1.172820,0.293205
mapping,put,32768,4,135168,transpose,20261005,8,15.488969876,14.680960831,0.947833,0.118479
mapping,put,32768,4,135168,transpose,20261005,16,15.488969876,14.705714884,0.949431,0.059339
mapping,put,32768,4,135168,transpose,20261005,32,15.488969876,14.621240207,0.943978,0.029499
mapping,put,32768,4,135168,transpose,20261005,64,15.488969876,13.650912518,0.881331,0.013771
mapping,put,32768,4,135168,shuffle,20261005,2,15.856701256,18.371456292,1.158593,0.579296
mapping,put,32768,4,135168,shuffle,20261005,4,15.856701256,18.173332708,1.146098,0.286524
mapping,put,32768,4,135168,shuffle,20261005,8,15.856701256,15.910521766,1.003394,0.125424
mapping,put,32768,4,135168,shuffle,20261005,16,15.856701256,15.056149696,0.949513,0.059345
mapping,put,32768,4,135168,shuffle,20261005,32,15.856701256,14.182593561,0.894423,0.027951
mapping,put,32768,4,135168,shuffle,20261005,64,15.856701256,13.428338635,0.846856,0.013232
mapping,put,32768,4,262144,identity,20261005,2,15.531344707,18.371698345,1.182879,0.591439
mapping,put,32768,4,262144,identity,20261005,4,15.531344707,18.203271345,1.172034,0.293009
mapping,put,32768,4,262144,identity,20261005,8,15.531344707,14.804152644,0.953179,0.119147
mapping,put,32768,4,262144,identity,20261005,16,15.531344707,14.348173528,0.923820,0.057739
mapping,put,32768,4,262144,identity,20261005,32,15.531344707,13.629581835,0.877553,0.027424
mapping,put,32768,4,262144,identity,20261005,64,15.531344707,12.823122240,0.825629,0.012900
mapping,put,32768,4,262144,reverse,20261005,2,15.482390718,18.350427190,1.185245,0.592623
mapping,put,32768,4,262144,reverse,20261005,4,15.482390718,18.217421827,1.176654,0.294164
mapping,put,32768,4,262144,reverse,20261005,8,15.482390718,14.781388884,0.954723,0.119340
mapping,put,32768,4,262144,reverse,20261005,16,15.482390718,14.380846501,0.928852,0.058053
mapping,put,32768,4,262144,reverse,20261005,32,15.482390718,13.664203848,0.882564,0.027580
mapping,put,32768,4,262144,reverse,20261005,64,15.482390718,12.845268360,0.829670,0.012964
mapping,put,32768,4,262144,transpose,20261005,2,15.550146708,18.364779169,1.181004,0.590502
mapping,put,32768,4,262144,transpose,20261005,4,15.550146708,18.306170819,1.177235,0.294309
mapping,put,32768,4,262144,transpose,20261005,8,15.550146708,14.692641842,0.944856,0.118107
mapping,put,32768,4,262144,transpose,20261005,16,15.550146708,14.591587617,0.938357,0.058647
mapping,put,32768,4,262144,transpose,20261005,32,15.550146708,13.650761018,0.877854,0.027433
mapping,put,32768,4,262144,transpose,20261005,64,15.550146708,12.714542120,0.817648,0.012776
mapping,put,32768,4,262144,shuffle,20261005,2,15.575869381,18.391403276,1.180763,0.590381
mapping,put,32768,4,262144,shuffle,20261005,4,15.575869381,18.163772730,1.166148,0.291537
mapping,put,32768,4,262144,shuffle,20261005,8,15.575869381,14.700447758,0.943796,0.117975
mapping,put,32768,4,262144,shuffle,20261005,16,15.575869381,14.350359441,0.921320,0.057582
mapping,put,32768,4,262144,shuffle,20261005,32,15.575869381,13.732936982,0.881680,0.027553
mapping,put,32768,4,262144,shuffle,20261005,64,15.575869381,12.784880303,0.820813,0.012825
mapping,put,65536,4,131200,identity,20261005,2,17.477730135,18.697956223,1.069816,0.534908
mapping,put,65536,4,131200,identity,20261005,4,17.477730135,20.226501884,1.157273,0.289318
mapping,put,65536,4,131200,identity,20261005,8,17.477730135,19.446696009,1.112656,0.139082
mapping,put,65536,4,131200,identity,20261005,16,17.477730135,19.678467943,1.125917,0.070370
mapping,put,65536,4,131200,identity,20261005,32,17.477730135,17.847416027,1.021152,0.031911
mapping,put,65536,4,131200,identity,20261005,64,17.477730135,14.914963754,0.853370,0.013334
mapping,put,65536,4,131200,reverse,20261005,2,17.473475570,18.702198256,1.070319,0.535160
mapping,put,65536,4,131200,reverse,20261005,4,17.473475570,20.220813405,1.157229,0.289307
mapping,put,65536,4,131200,reverse,20261005,8,17.473475570,19.493850280,1.115625,0.139453
mapping,put,65536,4,131200,reverse,20261005,16,17.473475570,19.674197145,1.125946,0.070372
mapping,put,65536,4,131200,reverse,20261005,32,17.473475570,17.826798572,1.020221,0.031882
mapping,put,65536,4,131200,reverse,20261005,64,17.473475570,14.974038937,0.856958,0.013390
mapping,put,65536,4,131200,transpose,20261005,2,17.492009475,18.664439936,1.067027,0.533513
mapping,put,65536,4,131200,transpose,20261005,4,17.492009475,19.343244375,1.105833,0.276458
mapping,put,65536,4,131200,transpose,20261005,8,17.492009475,15.296141745,0.874465,0.109308
mapping,put,65536,4,131200,transpose,20261005,16,17.492009475,15.397182542,0.880241,0.055015
mapping,put,65536,4,131200,transpose,20261005,32,17.492009475,14.733109914,0.842277,0.026321
mapping,put,65536,4,131200,transpose,20261005,64,17.492009475,13.395765297,0.765822,0.011966
mapping,put,65536,4,131200,shuffle,20261005,2,17.474761507,18.669419297,1.068365,0.534182
mapping,put,65536,4,131200,shuffle,20261005,4,17.474761507,19.347811422,1.107186,0.276797
mapping,put,65536,4,131200,shuffle,20261005,8,17.474761507,16.813792051,0.962176,0.120272
mapping,put,65536,4,131200,shuffle,20261005,16,17.474761507,15.531950907,0.888822,0.055551
mapping,put,65536,4,131200,shuffle,20261005,32,17.474761507,14.729234486,0.842886,0.026340
mapping,put,65536,4,131200,shuffle,20261005,64,17.474761507,13.523848646,0.773907,0.012092
mapping,put,65536,4,131328,identity,20261005,2,17.489101335,18.698991209,1.069180,0.534590
mapping,put,65536,4,131328,identity,20261005,4,17.489101335,20.062384231,1.147136,0.286784
mapping,put,65536,4,131328,identity,20261005,8,17.489101335,19.414819575,1.110110,0.138764
mapping,put,65536,4,131328,identity,20261005,16,17.489101335,19.574541358,1.119242,0.069953
mapping,put,65536,4,131328,identity,20261005,32,17.489101335,17.759412528,1.015456,0.031733
mapping,put,65536,4,131328,identity,20261005,64,17.489101335,14.984274440,0.856778,0.013387
mapping,put,65536,4,131328,reverse,20261005,2,17.487668627,18.609157434,1.064130,0.532065
mapping,put,65536,4,131328,reverse,20261005,4,17.487668627,19.666145750,1.124572,0.281143
mapping,put,65536,4,131328,reverse,20261005,8,17.487668627,19.000544842,1.086511,0.135814
mapping,put,65536,4,131328,reverse,20261005,16,17.487668627,19.383473139,1.108408,0.069276
mapping,put,65536,4,131328,reverse,20261005,32,17.487668627,17.816239716,1.018789,0.031837
mapping,put,65536,4,131328,reverse,20261005,64,17.487668627,14.941585343,0.854407,0.013350
mapping,put,65536,4,131328,transpose,20261005,2,17.487201997,18.626042326,1.065124,0.532562
mapping,put,65536,4,131328,transpose,20261005,4,17.487201997,19.338521128,1.105867,0.276467
mapping,put,65536,4,131328,transpose,20261005,8,17.487201997,15.313243464,0.875683,0.109460
mapping,put,65536,4,131328,transpose,20261005,16,17.487201997,15.358113082,0.878249,0.054891
mapping,put,65536,4,131328,transpose,20261005,32,17.487201997,14.631400445,0.836692,0.026147
mapping,put,65536,4,131328,transpose,20261005,64,17.487201997,13.336266803,0.762630,0.011916
mapping,put,65536,4,131328,shuffle,20261005,2,17.493242109,18.661806442,1.066801,0.533400
mapping,put,65536,4,131328,shuffle,20261005,4,17.493242109,19.537011056,1.116832,0.279208
mapping,put,65536,4,131328,shuffle,20261005,8,17.493242109,16.743578820,0.957146,0.119643
mapping,put,65536,4,131328,shuffle,20261005,16,17.493242109,15.508370045,0.886535,0.055408
mapping,put,65536,4,131328,shuffle,20261005,32,17.493242109,14.858505874,0.849385,0.026543
mapping,put,65536,4,131328,shuffle,20261005,64,17.493242109,13.777205253,0.787573,0.012306
mapping,put,65536,4,135168,identity,20261005,2,17.491145801,18.698500377,1.069027,0.534513
mapping,put,65536,4,135168,identity,20261005,4,17.491145801,20.177631881,1.153591,0.288398
mapping,put,65536,4,135168,identity,20261005,8,17.491145801,19.470260140,1.113149,0.139144
mapping,put,65536,4,135168,identity,20261005,16,17.491145801,19.512886467,1.115587,0.069724
mapping,put,65536,4,135168,identity,20261005,32,17.491145801,17.468889846,0.998728,0.031210
mapping,put,65536,4,135168,identity,20261005,64,17.491145801,14.721349096,0.841646,0.013151
mapping,put,65536,4,135168,reverse,20261005,2,17.488578626,18.701627204,1.069362,0.534681
mapping,put,65536,4,135168,reverse,20261005,4,17.488578626,20.182637222,1.154047,0.288512
mapping,put,65536,4,135168,reverse,20261005,8,17.488578626,19.475415468,1.113608,0.139201
mapping,put,65536,4,135168,reverse,20261005,16,17.488578626,19.368234943,1.107479,0.069217
mapping,put,65536,4,135168,reverse,20261005,32,17.488578626,17.315216682,0.990087,0.030940
mapping,put,65536,4,135168,reverse,20261005,64,17.488578626,14.594804806,0.834534,0.013040
mapping,put,65536,4,135168,transpose,20261005,2,17.487551967,18.674435904,1.067870,0.533935
mapping,put,65536,4,135168,transpose,20261005,4,17.487551967,19.478060730,1.113824,0.278456
mapping,put,65536,4,135168,transpose,20261005,8,17.487551967,15.178591229,0.867965,0.108496
mapping,put,65536,4,135168,transpose,20261005,16,17.487551967,15.433364775,0.882534,0.055158
mapping,put,65536,4,135168,transpose,20261005,32,17.487551967,15.153717724,0.866543,0.027079
mapping,put,65536,4,135168,transpose,20261005,64,17.487551967,14.072103230,0.804693,0.012573
mapping,put,65536,4,135168,shuffle,20261005,2,17.493741748,18.676333128,1.067601,0.533800
mapping,put,65536,4,135168,shuffle,20261005,4,17.493741748,19.378960155,1.107765,0.276941
mapping,put,65536,4,135168,shuffle,20261005,8,17.493741748,16.059136712,0.917993,0.114749
mapping,put,65536,4,135168,shuffle,20261005,16,17.493741748,15.875682957,0.907506,0.056719
mapping,put,65536,4,135168,shuffle,20261005,32,17.493741748,14.735664536,0.842339,0.026323
mapping,put,65536,4,135168,shuffle,20261005,64,17.493741748,13.709971000,0.783707,0.012245
mapping,put,65536,4,262144,identity,20261005,2,17.489115337,18.679311457,1.068054,0.534027
mapping,put,65536,4,262144,identity,20261005,4,17.489115337,19.386626094,1.108497,0.277124
mapping,put,65536,4,262144,identity,20261005,8,17.489115337,15.318488094,0.875887,0.109486
mapping,put,65536,4,262144,identity,20261005,16,17.489115337,15.035915740,0.859730,0.053733
mapping,put,65536,4,262144,identity,20261005,32,17.489115337,13.982765094,0.799512,0.024985
mapping,put,65536,4,262144,identity,20261005,64,17.489115337,13.083813868,0.748112,0.011689
mapping,put,65536,4,262144,reverse,20261005,2,17.488751303,18.676764248,1.067930,0.533965
mapping,put,65536,4,262144,reverse,20261005,4,17.488751303,19.444563331,1.111833,0.277958
mapping,put,65536,4,262144,reverse,20261005,8,17.488751303,15.303422917,0.875044,0.109380
mapping,put,65536,4,262144,reverse,20261005,16,17.488751303,15.076966036,0.862095,0.053881
mapping,put,65536,4,262144,reverse,20261005,32,17.488751303,14.043726624,0.803015,0.025094
mapping,put,65536,4,262144,reverse,20261005,64,17.488751303,13.045464865,0.745935,0.011655
mapping,put,65536,4,262144,transpose,20261005,2,17.488144614,18.683880606,1.068374,0.534187
mapping,put,65536,4,262144,transpose,20261005,4,17.488144614,19.443444168,1.111807,0.277952
mapping,put,65536,4,262144,transpose,20261005,8,17.488144614,15.271218742,0.873233,0.109154
mapping,put,65536,4,262144,transpose,20261005,16,17.488144614,15.251527828,0.872107,0.054507
mapping,put,65536,4,262144,transpose,20261005,32,17.488144614,14.041607268,0.802921,0.025091
mapping,put,65536,4,262144,transpose,20261005,64,17.488144614,12.917026335,0.738616,0.011541
mapping,put,65536,4,262144,shuffle,20261005,2,17.489063998,18.677671795,1.067963,0.533981
mapping,put,65536,4,262144,shuffle,20261005,4,17.489063998,19.411852216,1.109942,0.277486
mapping,put,65536,4,262144,shuffle,20261005,8,17.489063998,15.256908296,0.872368,0.109046
mapping,put,65536,4,262144,shuffle,20261005,16,17.489063998,15.140323881,0.865702,0.054106
mapping,put,65536,4,262144,shuffle,20261005,32,17.489063998,14.174849199,0.810498,0.025328
mapping,put,65536,4,262144,shuffle,20261005,64,17.489063998,13.017015069,0.744295,0.011630
mapping,put,98304,4,131200,identity,20261005,2,17.885750186,18.724428766,1.046891,0.523445
mapping,put,98304,4,131200,identity,20261005,4,17.885750186,20.644865379,1.154263,0.288566
mapping,put,98304,4,131200,identity,20261005,8,17.885750186,19.851494949,1.109906,0.138738
mapping,put,98304,4,131200,identity,20261005,16,17.885750186,19.996111037,1.117991,0.069874
mapping,put,98304,4,131200,identity,20261005,32,17.885750186,18.097406558,1.011834,0.031620
mapping,put,98304,4,131200,identity,20261005,64,17.885750186,15.098179071,0.844146,0.013190
mapping,put,98304,4,131200,reverse,20261005,2,17.884559231,18.725687836,1.047031,0.523515
mapping,put,98304,4,131200,reverse,20261005,4,17.884559231,20.647907276,1.154510,0.288628
mapping,put,98304,4,131200,reverse,20261005,8,17.884559231,19.828515033,1.108695,0.138587
mapping,put,98304,4,131200,reverse,20261005,16,17.884559231,19.944017261,1.115153,0.069697
mapping,put,98304,4,131200,reverse,20261005,32,17.884559231,18.059316931,1.009771,0.031555
mapping,put,98304,4,131200,reverse,20261005,64,17.884559231,15.111800665,0.844964,0.013203
mapping,put,98304,4,131200,transpose,20261005,2,17.884022377,18.714805865,1.046454,0.523227
mapping,put,98304,4,131200,transpose,20261005,4,17.884022377,19.869922992,1.111043,0.277761
mapping,put,98304,4,131200,transpose,20261005,8,17.884022377,15.502534908,0.866837,0.108355
mapping,put,98304,4,131200,transpose,20261005,16,17.884022377,15.465953715,0.864792,0.054049
mapping,put,98304,4,131200,transpose,20261005,32,17.884022377,14.884631247,0.832287,0.026009
mapping,put,98304,4,131200,transpose,20261005,64,17.884022377,13.572698456,0.758929,0.011858
mapping,put,98304,4,131200,shuffle,20261005,2,17.884523440,18.706570363,1.045964,0.522982
mapping,put,98304,4,131200,shuffle,20261005,4,17.884523440,19.811205683,1.107729,0.276932
mapping,put,98304,4,131200,shuffle,20261005,8,17.884523440,16.968645489,0.948789,0.118599
mapping,put,98304,4,131200,shuffle,20261005,16,17.884523440,15.830429025,0.885147,0.055322
mapping,put,98304,4,131200,shuffle,20261005,32,17.884523440,15.030786080,0.840435,0.026264
mapping,put,98304,4,131200,shuffle,20261005,64,17.884523440,13.811866676,0.772280,0.012067
mapping,put,98304,4,131328,identity,20261005,2,17.888334387,18.725507704,1.046800,0.523400
mapping,put,98304,4,131328,identity,20261005,4,17.888334387,20.632955755,1.153431,0.288358
mapping,put,98304,4,131328,identity,20261005,8,17.888334387,19.834207001,1.108779,0.138597
mapping,put,98304,4,131328,identity,20261005,16,17.888334387,19.944735498,1.114958,0.069685
mapping,put,98304,4,131328,identity,20261005,32,17.888334387,18.103076748,1.012005,0.031625
mapping,put,98304,4,131328,identity,20261005,64,17.888334387,15.029242766,0.840170,0.013128
mapping,put,98304,4,131328,reverse,20261005,2,17.882028165,18.720206946,1.046873,0.523436
mapping,put,98304,4,131328,reverse,20261005,4,17.882028165,20.426117604,1.142271,0.285568
mapping,put,98304,4,131328,reverse,20261005,8,17.882028165,19.626329786,1.097545,0.137193
mapping,put,98304,4,131328,reverse,20261005,16,17.882028165,19.723091440,1.102956,0.068935
mapping,put,98304,4,131328,reverse,20261005,32,17.882028165,18.012071972,1.007272,0.031477
mapping,put,98304,4,131328,reverse,20261005,64,17.882028165,14.992590322,0.838417,0.013100
mapping,put,98304,4,131328,transpose,20261005,2,17.886840406,18.708416266,1.045932,0.522966
mapping,put,98304,4,131328,transpose,20261005,4,17.886840406,19.857075275,1.110150,0.277537
mapping,put,98304,4,131328,transpose,20261005,8,17.886840406,15.492846316,0.866159,0.108270
mapping,put,98304,4,131328,transpose,20261005,16,17.886840406,15.553901406,0.869572,0.054348
mapping,put,98304,4,131328,transpose,20261005,32,17.886840406,14.758599120,0.825109,0.025785
mapping,put,98304,4,131328,transpose,20261005,64,17.886840406,13.518131280,0.755758,0.011809
mapping,put,98304,4,131328,shuffle,20261005,2,17.884097209,18.707163077,1.046022,0.523011
mapping,put,98304,4,131328,shuffle,20261005,4,17.884097209,19.966415946,1.116434,0.279109
mapping,put,98304,4,131328,shuffle,20261005,8,17.884097209,17.048121655,0.953256,0.119157
mapping,put,98304,4,131328,shuffle,20261005,16,17.884097209,15.914531757,0.889871,0.055617
mapping,put,98304,4,131328,shuffle,20261005,32,17.884097209,15.080821086,0.843253,0.026352
mapping,put,98304,4,131328,shuffle,20261005,64,17.884097209,13.930782122,0.778948,0.012171
mapping,put,98304,4,135168,identity,20261005,2,17.882174544,18.726165828,1.047197,0.523599
mapping,put,98304,4,135168,identity,20261005,4,17.882174544,20.572013689,1.150420,0.287605
mapping,put,98304,4,135168,identity,20261005,8,17.882174544,19.758737144,1.104940,0.138118
mapping,put,98304,4,135168,identity,20261005,16,17.882174544,19.593141698,1.095680,0.068480
mapping,put,98304,4,135168,identity,20261005,32,17.882174544,17.306334804,0.967798,0.030244
mapping,put,98304,4,135168,identity,20261005,64,17.882174544,14.736399191,0.824083,0.012876
mapping,put,98304,4,135168,reverse,20261005,2,17.884429081,18.726914968,1.047107,0.523554
mapping,put,98304,4,135168,reverse,20261005,4,17.884429081,20.695735799,1.157193,0.289298
mapping,put,98304,4,135168,reverse,20261005,8,17.884429081,19.897190059,1.112543,0.139068
mapping,put,98304,4,135168,reverse,20261005,16,17.884429081,19.809521468,1.107641,0.069228
mapping,put,98304,4,135168,reverse,20261005,32,17.884429081,17.849080510,0.998024,0.031188
mapping,put,98304,4,135168,reverse,20261005,64,17.884429081,14.850893005,0.830381,0.012975
mapping,put,98304,4,135168,transpose,20261005,2,17.882457550,18.712397677,1.046411,0.523205
mapping,put,98304,4,135168,transpose,20261005,4,17.882457550,19.888923969,1.112203,0.278051
mapping,put,98304,4,135168,transpose,20261005,8,17.882457550,15.412890900,0.861900,0.107738
mapping,put,98304,4,135168,transpose,20261005,16,17.882457550,15.631270627,0.874112,0.054632
mapping,put,98304,4,135168,transpose,20261005,32,17.882457550,15.218421200,0.851025,0.026595
mapping,put,98304,4,135168,transpose,20261005,64,17.882457550,13.969778248,0.781200,0.012206
mapping,put,98304,4,135168,shuffle,20261005,2,17.885603748,18.711706685,1.046188,0.523094
mapping,put,98304,4,135168,shuffle,20261005,4,17.885603748,19.930946036,1.114357,0.278589
mapping,put,98304,4,135168,shuffle,20261005,8,17.885603748,16.039024311,0.896756,0.112095
mapping,put,98304,4,135168,shuffle,20261005,16,17.885603748,15.854660132,0.886448,0.055403
mapping,put,98304,4,135168,shuffle,20261005,32,17.885603748,14.860014706,0.830837,0.025964
mapping,put,98304,4,135168,shuffle,20261005,64,17.885603748,13.759145221,0.769286,0.012020
mapping,put,98304,4,262144,identity,20261005,2,17.883511582,18.717310895,1.046624,0.523312
mapping,put,98304,4,262144,identity,20261005,4,17.883511582,19.820815425,1.108329,0.277082
mapping,put,98304,4,262144,identity,20261005,8,17.883511582,15.540357688,0.868977,0.108622
mapping,put,98304,4,262144,identity,20261005,16,17.883511582,15.240304228,0.852199,0.053262
mapping,put,98304,4,262144,identity,20261005,32,17.883511582,14.110967188,0.789049,0.024658
mapping,put,98304,4,262144,identity,20261005,64,17.883511582,12.997649286,0.726795,0.011356
mapping,put,98304,4,262144,reverse,20261005,2,17.883830419,18.715420479,1.046500,0.523250
mapping,put,98304,4,262144,reverse,20261005,4,17.883830419,19.997978923,1.118216,0.279554
mapping,put,98304,4,262144,reverse,20261005,8,17.883830419,15.525957322,0.868156,0.108520
mapping,put,98304,4,262144,reverse,20261005,16,17.883830419,15.240081100,0.852171,0.053261
mapping,put,98304,4,262144,reverse,20261005,32,17.883830419,14.142757959,0.790813,0.024713
mapping,put,98304,4,262144,reverse,20261005,64,17.883830419,13.033764053,0.728802,0.011388
mapping,put,98304,4,262144,transpose,20261005,2,17.885808761,18.717111323,1.046478,0.523239
mapping,put,98304,4,262144,transpose,20261005,4,17.885808761,19.889259974,1.112013,0.278003
mapping,put,98304,4,262144,transpose,20261005,8,17.885808761,15.429269888,0.862654,0.107832
mapping,put,98304,4,262144,transpose,20261005,16,17.885808761,15.545847725,0.869172,0.054323
mapping,put,98304,4,262144,transpose,20261005,32,17.885808761,14.155015338,0.791410,0.024732
mapping,put,98304,4,262144,transpose,20261005,64,17.885808761,12.918209422,0.722260,0.011285
mapping,put,98304,4,262144,shuffle,20261005,2,17.882021659,18.714039880,1.046528,0.523264
mapping,put,98304,4,262144,shuffle,20261005,4,17.882021659,19.913967261,1.113631,0.278408
mapping,put,98304,4,262144,shuffle,20261005,8,17.882021659,15.476188391,0.865461,0.108183
mapping,put,98304,4,262144,shuffle,20261005,16,17.882021659,15.400258290,0.861215,0.053826
mapping,put,98304,4,262144,shuffle,20261005,32,17.882021659,14.271010931,0.798065,0.024940
mapping,put,98304,4,262144,shuffle,20261005,64,17.882021659,13.081614379,0.731551,0.011430
mapping,put,131072,4,131200,identity,20261005,2,18.103462326,18.734716277,1.034869,0.517435
mapping,put,131072,4,131200,identity,20261005,4,18.103462326,20.814432644,1.149749,0.287437
mapping,put,131072,4,131200,identity,20261005,8,18.103462326,20.003784133,1.104970,0.138121
mapping,put,131072,4,131200,identity,20261005,16,18.103462326,19.805877745,1.094038,0.068377
mapping,put,131072,4,131200,identity,20261005,32,18.103462326,17.906798709,0.989137,0.030911
mapping,put,131072,4,131200,identity,20261005,64,18.103462326,14.959316800,0.826324,0.012911
mapping,put,131072,4,131200,reverse,20261005,2,18.101009744,18.732530078,1.034889,0.517444
mapping,put,131072,4,131200,reverse,20261005,4,18.101009744,20.842412095,1.151450,0.287863
mapping,put,131072,4,131200,reverse,20261005,8,18.101009744,20.032374250,1.106699,0.138337
mapping,put,131072,4,131200,reverse,20261005,16,18.101009744,19.774247453,1.092439,0.068277
mapping,put,131072,4,131200,reverse,20261005,32,18.101009744,18.086794634,0.999215,0.031225
mapping,put,131072,4,131200,reverse,20261005,64,18.101009744,15.049621408,0.831424,0.012991
mapping,put,131072,4,131200,transpose,20261005,2,18.105702981,18.730535766,1.034510,0.517255
mapping,put,131072,4,131200,transpose,20261005,4,18.105702981,20.148375836,1.112819,0.278205
mapping,put,131072,4,131200,transpose,20261005,8,18.105702981,15.605755599,0.861925,0.107741
mapping,put,131072,4,131200,transpose,20261005,16,18.105702981,15.486860108,0.855358,0.053460
mapping,put,131072,4,131200,transpose,20261005,32,18.105702981,14.992609955,0.828060,0.025877
mapping,put,131072,4,131200,transpose,20261005,64,18.105702981,13.872661902,0.766204,0.011972
mapping,put,131072,4,131200,shuffle,20261005,2,18.101169729,18.726417318,1.034542,0.517271
mapping,put,131072,4,131200,shuffle,20261005,4,18.101169729,20.191785141,1.115496,0.278874
mapping,put,131072,4,131200,shuffle,20261005,8,18.101169729,17.022735320,0.940422,0.117553
mapping,put,131072,4,131200,shuffle,20261005,16,18.101169729,16.286218688,0.899733,0.056233
mapping,put,131072,4,131200,shuffle,20261005,32,18.101169729,15.200548694,0.839755,0.026242
mapping,put,131072,4,131200,shuffle,20261005,64,18.101169729,13.923749246,0.769218,0.012019
mapping,put,131072,4,131328,identity,20261005,2,18.107548938,18.733967852,1.034594,0.517297
mapping,put,131072,4,131328,identity,20261005,4,18.107548938,20.833504698,1.150543,0.287636
mapping,put,131072,4,131328,identity,20261005,8,18.107548938,20.038885041,1.106659,0.138332
mapping,put,131072,4,131328,identity,20261005,16,18.107548938,19.903030580,1.099157,0.068697
mapping,put,131072,4,131328,identity,20261005,32,18.107548938,18.026380964,0.995517,0.031110
mapping,put,131072,4,131328,identity,20261005,64,18.107548938,14.805913189,0.817665,0.012776
mapping,put,131072,4,131328,reverse,20261005,2,18.105522908,18.736447660,1.034847,0.517424
mapping,put,131072,4,131328,reverse,20261005,4,18.105522908,20.775812676,1.147485,0.286871
mapping,put,131072,4,131328,reverse,20261005,8,18.105522908,19.894143130,1.098789,0.137349
mapping,put,131072,4,131328,reverse,20261005,16,18.105522908,19.553534807,1.079976,0.067499
mapping,put,131072,4,131328,reverse,20261005,32,18.105522908,17.747534628,0.980228,0.030632
mapping,put,131072,4,131328,reverse,20261005,64,18.105522908,15.013387345,0.829216,0.012956
mapping,put,131072,4,131328,transpose,20261005,2,18.104114960,18.725287002,1.034311,0.517156
mapping,put,131072,4,131328,transpose,20261005,4,18.104114960,20.163884637,1.113774,0.278443
mapping,put,131072,4,131328,transpose,20261005,8,18.104114960,15.619007376,0.862732,0.107842
mapping,put,131072,4,131328,transpose,20261005,16,18.104114960,15.694597868,0.866908,0.054182
mapping,put,131072,4,131328,transpose,20261005,32,18.104114960,14.843198687,0.819880,0.025621
mapping,put,131072,4,131328,transpose,20261005,64,18.104114960,13.746814491,0.759320,0.011864
mapping,put,131072,4,131328,shuffle,20261005,2,18.104982710,18.729309944,1.034484,0.517242
mapping,put,131072,4,131328,shuffle,20261005,4,18.104982710,19.936123093,1.101140,0.275285
mapping,put,131072,4,131328,shuffle,20261005,8,18.104982710,17.101386322,0.944568,0.118071
mapping,put,131072,4,131328,shuffle,20261005,16,18.104982710,16.087575240,0.888572,0.055536
mapping,put,131072,4,131328,shuffle,20261005,32,18.104982710,15.317656888,0.846046,0.026439
mapping,put,131072,4,131328,shuffle,20261005,64,18.104982710,14.072093080,0.777250,0.012145
mapping,put,131072,4,135168,identity,20261005,2,18.103832396,18.733564878,1.034784,0.517392
mapping,put,131072,4,135168,identity,20261005,4,18.103832396,20.775125262,1.147554,0.286888
mapping,put,131072,4,135168,identity,20261005,8,18.103832396,19.958326001,1.102437,0.137805
mapping,put,131072,4,135168,identity,20261005,16,18.103832396,19.853584510,1.096651,0.068541
mapping,put,131072,4,135168,identity,20261005,32,18.103832396,17.324915698,0.956975,0.029905
mapping,put,131072,4,135168,identity,20261005,64,18.103832396,14.775167063,0.816135,0.012752
mapping,put,131072,4,135168,reverse,20261005,2,18.102527216,18.735040301,1.034941,0.517470
mapping,put,131072,4,135168,reverse,20261005,4,18.102527216,20.867783743,1.152755,0.288189
mapping,put,131072,4,135168,reverse,20261005,8,18.102527216,20.038158986,1.106926,0.138366
mapping,put,131072,4,135168,reverse,20261005,16,18.102527216,20.031921711,1.106581,0.069161
mapping,put,131072,4,135168,reverse,20261005,32,18.102527216,17.775432152,0.981931,0.030685
mapping,put,131072,4,135168,reverse,20261005,64,18.102527216,14.746975052,0.814636,0.012729
mapping,put,131072,4,135168,transpose,20261005,2,18.106565882,18.731484684,1.034513,0.517257
mapping,put,131072,4,135168,transpose,20261005,4,18.106565882,20.207123322,1.116011,0.279003
mapping,put,131072,4,135168,transpose,20261005,8,18.106565882,15.543860647,0.858465,0.107308
mapping,put,131072,4,135168,transpose,20261005,16,18.106565882,15.749092796,0.869800,0.054363
mapping,put,131072,4,135168,transpose,20261005,32,18.106565882,15.183864448,0.838583,0.026206
mapping,put,131072,4,135168,transpose,20261005,64,18.106565882,13.946276413,0.770233,0.012035
mapping,put,131072,4,135168,shuffle,20261005,2,18.106103157,18.729916144,1.034453,0.517227
mapping,put,131072,4,135168,shuffle,20261005,4,18.106103157,20.207408376,1.116055,0.279014
mapping,put,131072,4,135168,shuffle,20261005,8,18.106103157,16.052909003,0.886602,0.110825
mapping,put,131072,4,135168,shuffle,20261005,16,18.106103157,16.019617407,0.884763,0.055298
mapping,put,131072,4,135168,shuffle,20261005,32,18.106103157,15.020219191,0.829567,0.025924
mapping,put,131072,4,135168,shuffle,20261005,64,18.106103157,13.878705002,0.766521,0.011977
mapping,put,131072,4,262144,identity,20261005,2,18.107388840,18.731273211,1.034455,0.517227
mapping,put,131072,4,262144,identity,20261005,4,18.107388840,20.078026921,1.108831,0.277208
mapping,put,131072,4,262144,identity,20261005,8,18.107388840,15.645480049,0.864038,0.108005
mapping,put,131072,4,262144,identity,20261005,16,18.107388840,15.345890885,0.847493,0.052968
mapping,put,131072,4,262144,identity,20261005,32,18.107388840,14.198725756,0.784140,0.024504
mapping,put,131072,4,262144,identity,20261005,64,18.107388840,12.994763862,0.717650,0.011213
mapping,put,131072,4,262144,reverse,20261005,2,18.101932197,18.729744852,1.034682,0.517341
mapping,put,131072,4,262144,reverse,20261005,4,18.101932197,20.256138025,1.119004,0.279751
mapping,put,131072,4,262144,reverse,20261005,8,18.101932197,15.682358537,0.866336,0.108292
mapping,put,131072,4,262144,reverse,20261005,16,18.101932197,15.367833581,0.848961,0.053060
mapping,put,131072,4,262144,reverse,20261005,32,18.101932197,14.203505278,0.784640,0.024520
mapping,put,131072,4,262144,reverse,20261005,64,18.101932197,13.055298416,0.721210,0.011269
mapping,put,131072,4,262144,transpose,20261005,2,18.106363280,18.729916144,1.034438,0.517219
mapping,put,131072,4,262144,transpose,20261005,4,18.106363280,20.210376992,1.116203,0.279051
mapping,put,131072,4,262144,transpose,20261005,8,18.106363280,15.624623289,0.862935,0.107867
mapping,put,131072,4,262144,transpose,20261005,16,18.106363280,15.732220968,0.868878,0.054305
mapping,put,131072,4,262144,transpose,20261005,32,18.106363280,14.239834670,0.786455,0.024577
mapping,put,131072,4,262144,transpose,20261005,64,18.106363280,13.005809231,0.718300,0.011223
mapping,put,131072,4,262144,shuffle,20261005,2,18.105657963,18.733011989,1.034650,0.517325
mapping,put,131072,4,262144,shuffle,20261005,4,18.105657963,20.181899159,1.114674,0.278668
mapping,put,131072,4,262144,shuffle,20261005,8,18.105657963,15.655762660,0.864689,0.108086
mapping,put,131072,4,262144,shuffle,20261005,16,18.105657963,15.546709721,0.858666,0.053667
mapping,put,131072,4,262144,shuffle,20261005,32,18.105657963,14.366352279,0.793473,0.024796
mapping,put,131072,4,262144,shuffle,20261005,64,18.105657963,13.113056373,0.724252,0.011316
mapping,iget,64,0,131200,identity,20261005,2,0.145198336,0.290279646,1.999194,0.999597
mapping,iget,64,0,131200,identity,20261005,4,0.145198336,0.476935688,3.284719,0.821180
mapping,iget,64,0,131200,identity,20261005,8,0.145198336,0.948011038,6.529076,0.816135
mapping,iget,64,0,131200,identity,20261005,16,0.145198336,1.857150319,12.790438,0.799402
mapping,iget,64,0,131200,identity,20261005,32,0.145198336,3.408891548,23.477484,0.733671
mapping,iget,64,0,131200,identity,20261005,64,0.145198336,3.593195211,24.746807,0.386669
mapping,iget,64,0,131200,reverse,20261005,2,0.145216061,0.289715529,1.995065,0.997533
mapping,iget,64,0,131200,reverse,20261005,4,0.145216061,0.477554830,3.288581,0.822145
mapping,iget,64,0,131200,reverse,20261005,8,0.145216061,0.945339614,6.509883,0.813735
mapping,iget,64,0,131200,reverse,20261005,16,0.145216061,1.871936851,12.890701,0.805669
mapping,iget,64,0,131200,reverse,20261005,32,0.145216061,3.602898645,24.810607,0.775331
mapping,iget,64,0,131200,reverse,20261005,64,0.145216061,3.596063084,24.763536,0.386930
mapping,iget,64,0,131200,transpose,20261005,2,0.145149468,0.289805590,1.996601,0.998301
mapping,iget,64,0,131200,transpose,20261005,4,0.145149468,0.579561973,3.992863,0.998216
mapping,iget,64,0,131200,transpose,20261005,8,0.145149468,0.948695756,6.535992,0.816999
mapping,iget,64,0,131200,transpose,20261005,16,0.145149468,1.866052764,12.856077,0.803505
mapping,iget,64,0,131200,transpose,20261005,32,0.145149468,3.433959411,23.658092,0.739315
mapping,iget,64,0,131200,transpose,20261005,64,0.145149468,3.596882234,24.780540,0.387196
mapping,iget,64,0,131200,shuffle,20261005,2,0.144784162,0.289781840,2.001475,1.000737
mapping,iget,64,0,131200,shuffle,20261005,4,0.144784162,0.579485358,4.002408,1.000602
mapping,iget,64,0,131200,shuffle,20261005,8,0.144784162,1.157069991,7.991689,0.998961
mapping,iget,64,0,131200,shuffle,20261005,16,0.144784162,1.885042245,13.019672,0.813729
mapping,iget,64,0,131200,shuffle,20261005,32,0.144784162,3.602902448,24.884645,0.777645
mapping,iget,64,0,131200,shuffle,20261005,64,0.144784162,3.566189114,24.631072,0.384860
mapping,iget,64,0,131328,identity,20261005,2,0.145179299,0.290378161,2.000135,1.000067
mapping,iget,64,0,131328,identity,20261005,4,0.145179299,0.477296266,3.287633,0.821908
mapping,iget,64,0,131328,identity,20261005,8,0.145179299,0.940442441,6.477800,0.809725
mapping,iget,64,0,131328,identity,20261005,16,0.145179299,1.868459025,12.870010,0.804376
mapping,iget,64,0,131328,identity,20261005,32,0.145179299,3.377888585,23.267013,0.727094
mapping,iget,64,0,131328,identity,20261005,64,0.145179299,3.500357471,24.110583,0.376728
mapping,iget,64,0,131328,reverse,20261005,2,0.145212140,0.290408466,1.999891,0.999946
mapping,iget,64,0,131328,reverse,20261005,4,0.145212140,0.579890836,3.993405,0.998351
mapping,iget,64,0,131328,reverse,20261005,8,0.145212140,0.874186917,6.020068,0.752508
mapping,iget,64,0,131328,reverse,20261005,16,0.145212140,1.468594522,10.113442,0.632090
mapping,iget,64,0,131328,reverse,20261005,32,0.145212140,3.424638636,23.583694,0.736990
mapping,iget,64,0,131328,reverse,20261005,64,0.145212140,3.488895839,24.026199,0.375409
mapping,iget,64,0,131328,transpose,20261005,2,0.145161682,0.290267797,1.999617,0.999809
mapping,iget,64,0,131328,transpose,20261005,4,0.145161682,0.476627030,3.283422,0.820855
mapping,iget,64,0,131328,transpose,20261005,8,0.145161682,0.941735280,6.487492,0.810937
mapping,iget,64,0,131328,transpose,20261005,16,0.145161682,1.863934256,12.840401,0.802525
mapping,iget,64,0,131328,transpose,20261005,32,0.145161682,2.874075766,19.799135,0.618723
mapping,iget,64,0,131328,transpose,20261005,64,0.145161682,3.468491599,23.893989,0.373344
mapping,iget,64,0,131328,shuffle,20261005,2,0.145251359,0.289955007,1.996229,0.998115
mapping,iget,64,0,131328,shuffle,20261005,4,0.145251359,0.475440525,3.273226,0.818307
mapping,iget,64,0,131328,shuffle,20261005,8,0.145251359,0.945891147,6.512098,0.814012
mapping,iget,64,0,131328,shuffle,20261005,16,0.145251359,1.852771939,12.755626,0.797227
mapping,iget,64,0,131328,shuffle,20261005,32,0.145251359,2.886317292,19.871190,0.620975
mapping,iget,64,0,131328,shuffle,20261005,64,0.145251359,3.481985908,23.972140,0.374565
mapping,iget,64,0,135168,identity,20261005,2,0.145326361,0.290078017,1.996045,0.998023
mapping,iget,64,0,135168,identity,20261005,4,0.145326361,0.579042594,3.984429,0.996107
mapping,iget,64,0,135168,identity,20261005,8,0.145326361,1.156427876,7.957454,0.994682
mapping,iget,64,0,135168,identity,20261005,16,0.145326361,1.862021989,12.812693,0.800793
mapping,iget,64,0,135168,identity,20261005,32,0.145326361,3.416679401,23.510390,0.734700
mapping,iget,64,0,135168,identity,20261005,64,0.145326361,3.909622061,26.902360,0.420349
mapping,iget,64,0,135168,reverse,20261005,2,0.144831376,0.289891046,2.001576,1.000788
mapping,iget,64,0,135168,reverse,20261005,4,0.144831376,0.579784062,4.003166,1.000792
mapping,iget,64,0,135168,reverse,20261005,8,0.144831376,1.155452608,7.977916,0.997240
mapping,iget,64,0,135168,reverse,20261005,16,0.144831376,1.862003705,12.856356,0.803522
mapping,iget,64,0,135168,reverse,20261005,32,0.144831376,3.399760921,23.473925,0.733560
mapping,iget,64,0,135168,reverse,20261005,64,0.144831376,3.902242723,26.943352,0.420990
mapping,iget,64,0,135168,transpose,20261005,2,0.145058569,0.290200343,2.000574,1.000287
mapping,iget,64,0,135168,transpose,20261005,4,0.145058569,0.580125928,3.999253,0.999813
mapping,iget,64,0,135168,transpose,20261005,8,0.145058569,0.942975752,6.500655,0.812582
mapping,iget,64,0,135168,transpose,20261005,16,0.145058569,1.861965446,12.835956,0.802247
mapping,iget,64,0,135168,transpose,20261005,32,0.145058569,3.429712497,23.643639,0.738864
mapping,iget,64,0,135168,transpose,20261005,64,0.145058569,3.910414840,26.957489,0.421211
mapping,iget,64,0,135168,shuffle,20261005,2,0.145048246,0.290456111,2.002479,1.001240
mapping,iget,64,0,135168,shuffle,20261005,4,0.145048246,0.476360428,3.284152,0.821038
mapping,iget,64,0,135168,shuffle,20261005,8,0.145048246,0.938608410,6.471008,0.808876
mapping,iget,64,0,135168,shuffle,20261005,16,0.145048246,1.762170940,12.148861,0.759304
mapping,iget,64,0,135168,shuffle,20261005,32,0.145048246,2.514162111,17.333282,0.541665
mapping,iget,64,0,135168,shuffle,20261005,64,0.145048246,3.900804893,26.893155,0.420206
mapping,iget,64,0,262144,identity,20261005,2,0.145260161,0.290310721,1.998557,0.999279
mapping,iget,64,0,262144,identity,20261005,4,0.145260161,0.578690753,3.983823,0.995956
mapping,iget,64,0,262144,identity,20261005,8,0.145260161,1.155197905,7.952613,0.994077
mapping,iget,64,0,262144,identity,20261005,16,0.145260161,1.870233553,12.875062,0.804691
mapping,iget,64,0,262144,identity,20261005,32,0.145260161,3.591788974,24.726594,0.772706
mapping,iget,64,0,262144,identity,20261005,64,0.145260161,3.874952556,26.675948,0.416812
mapping,iget,64,0,262144,reverse,20261005,2,0.145291522,0.289777313,1.994454,0.997227
mapping,iget,64,0,262144,reverse,20261005,4,0.145291522,0.578605606,3.982377,0.995594
mapping,iget,64,0,262144,reverse,20261005,8,0.145291522,1.156046916,7.956740,0.994593
mapping,iget,64,0,262144,reverse,20261005,16,0.145291522,1.889173761,13.002643,0.812665
mapping,iget,64,0,262144,reverse,20261005,32,0.145291522,3.581800953,24.652512,0.770391
mapping,iget,64,0,262144,reverse,20261005,64,0.145291522,3.864217291,26.596303,0.415567
mapping,iget,64,0,262144,transpose,20261005,2,0.145179101,0.290178303,1.998761,0.999380
mapping,iget,64,0,262144,transpose,20261005,4,0.145179101,0.579317243,3.990363,0.997591
mapping,iget,64,0,262144,transpose,20261005,8,0.145179101,1.155481813,7.959009,0.994876
mapping,iget,64,0,262144,transpose,20261005,16,0.145179101,1.865166325,12.847347,0.802959
mapping,iget,64,0,262144,transpose,20261005,32,0.145179101,3.429122729,23.619947,0.738123
mapping,iget,64,0,262144,transpose,20261005,64,0.145179101,3.876443658,26.701114,0.417205
mapping,iget,64,0,262144,shuffle,20261005,2,0.145438779,0.290176132,1.995177,0.997589
mapping,iget,64,0,262144,shuffle,20261005,4,0.145438779,0.579722222,3.986022,0.996506
mapping,iget,64,0,262144,shuffle,20261005,8,0.145438779,0.945868780,6.503553,0.812944
mapping,iget,64,0,262144,shuffle,20261005,16,0.145438779,1.864060477,12.816805,0.801050
mapping,iget,64,0,262144,shuffle,20261005,32,0.145438779,3.443898507,23.679369,0.739980
mapping,iget,64,0,262144,shuffle,20261005,64,0.145438779,3.861436281,26.550252,0.414848
mapping,iget,128,0,131200,identity,20261005,2,0.289859930,0.580928569,2.004170,1.002085
mapping,iget,128,0,131200,identity,20261005,4,0.289859930,0.953518932,3.289585,0.822396
mapping,iget,128,0,131200,identity,20261005,8,0.289859930,1.896883276,6.544138,0.818017
mapping,iget,128,0,131200,identity,20261005,16,0.289859930,3.728688397,12.863759,0.803985
mapping,iget,128,0,131200,identity,20261005,32,0.289859930,6.821959515,23.535366,0.735480
mapping,iget,128,0,131200,identity,20261005,64,0.289859930,7.189550227,24.803533,0.387555
mapping,iget,128,0,131200,reverse,20261005,2,0.290275433,0.580653707,2.000354,1.000177
mapping,iget,128,0,131200,reverse,20261005,4,0.290275433,0.954489494,3.288220,0.822055
mapping,iget,128,0,131200,reverse,20261005,8,0.290275433,1.890233547,6.511862,0.813983
mapping,iget,128,0,131200,reverse,20261005,16,0.290275433,3.743732721,12.897174,0.806073
mapping,iget,128,0,131200,reverse,20261005,32,0.290275433,7.208849849,24.834516,0.776079
mapping,iget,128,0,131200,reverse,20261005,64,0.290275433,7.189106678,24.766501,0.386977
mapping,iget,128,0,131200,transpose,20261005,2,0.289887173,0.580847111,2.003701,1.001850
mapping,iget,128,0,131200,transpose,20261005,4,0.289887173,1.160616387,4.003683,1.000921
mapping,iget,128,0,131200,transpose,20261005,8,0.289887173,1.894718417,6.536055,0.817007
mapping,iget,128,0,131200,transpose,20261005,16,0.289887173,3.731955231,12.873820,0.804614
mapping,iget,128,0,131200,transpose,20261005,32,0.289887173,6.844890046,23.612256,0.737883
mapping,iget,128,0,131200,transpose,20261005,64,0.289887173,7.195627251,24.822165,0.387846
mapping,iget,128,0,131200,shuffle,20261005,2,0.290087353,0.579278834,1.996912,0.998456
mapping,iget,128,0,131200,shuffle,20261005,4,0.290087353,1.158475618,3.993541,0.998385
mapping,iget,128,0,131200,shuffle,20261005,8,0.290087353,2.311973766,7.969923,0.996240
mapping,iget,128,0,131200,shuffle,20261005,16,0.290087353,3.765158532,12.979396,0.811212
mapping,iget,128,0,131200,shuffle,20261005,32,0.290087353,7.206409623,24.842205,0.776319
mapping,iget,128,0,131200,shuffle,20261005,64,0.290087353,7.186770587,24.774505,0.387102
mapping,iget,128,0,131328,identity,20261005,2,0.290272141,0.579560399,1.996610,0.998305
mapping,iget,128,0,131328,identity,20261005,4,0.290272141,0.954374736,3.287862,0.821965
mapping,iget,128,0,131328,identity,20261005,8,0.290272141,1.882775527,6.486243,0.810780
mapping,iget,128,0,131328,identity,20261005,16,0.290272141,3.739863290,12.883990,0.805249
mapping,iget,128,0,131328,identity,20261005,32,0.290272141,6.737406141,23.210654,0.725333
mapping,iget,128,0,131328,identity,20261005,64,0.290272141,7.001553213,24.120652,0.376885
mapping,iget,128,0,131328,reverse,20261005,2,0.290521575,0.580916441,1.999564,0.999782
mapping,iget,128,0,131328,reverse,20261005,4,0.290521575,1.159554206,3.991284,0.997821
mapping,iget,128,0,131328,reverse,20261005,8,0.290521575,1.886389954,6.493115,0.811639
mapping,iget,128,0,131328,reverse,20261005,16,0.290521575,2.933285095,10.096617,0.631039
mapping,iget,128,0,131328,reverse,20261005,32,0.290521575,6.800732075,23.408699,0.731522
mapping,iget,128,0,131328,reverse,20261005,64,0.290521575,7.014786883,24.145494,0.377273
mapping,iget,128,0,131328,transpose,20261005,2,0.290320137,0.580453062,1.999355,0.999678
mapping,iget,128,0,131328,transpose,20261005,4,0.290320137,0.953681621,3.284931,0.821233
mapping,iget,128,0,131328,transpose,20261005,8,0.290320137,1.882864845,6.485478,0.810685
mapping,iget,128,0,131328,transpose,20261005,16,0.290320137,3.730384969,12.849212,0.803076
mapping,iget,128,0,131328,transpose,20261005,32,0.290320137,5.750323912,19.806838,0.618964
mapping,iget,128,0,131328,transpose,20261005,64,0.290320137,6.911614440,23.806872,0.371982
mapping,iget,128,0,131328,shuffle,20261005,2,0.289685564,0.580963505,2.005497,1.002748
mapping,iget,128,0,131328,shuffle,20261005,4,0.289685564,0.951815989,3.285687,0.821422
mapping,iget,128,0,131328,shuffle,20261005,8,0.289685564,1.891004635,6.527783,0.815973
mapping,iget,128,0,131328,shuffle,20261005,16,0.289685564,3.696390605,12.760010,0.797501
mapping,iget,128,0,131328,shuffle,20261005,32,0.289685564,5.055287892,17.450949,0.545342
mapping,iget,128,0,131328,shuffle,20261005,64,0.289685564,6.985663273,24.114641,0.376791
mapping,iget,128,0,135168,identity,20261005,2,0.289921447,0.580479254,2.002195,1.001097
mapping,iget,128,0,135168,identity,20261005,4,0.289921447,1.156937694,3.990521,0.997630
mapping,iget,128,0,135168,identity,20261005,8,0.289921447,2.305983261,7.953821,0.994228
mapping,iget,128,0,135168,identity,20261005,16,0.289921447,3.725872565,12.851317,0.803207
mapping,iget,128,0,135168,identity,20261005,32,0.289921447,6.848545487,23.622073,0.738190
mapping,iget,128,0,135168,identity,20261005,64,0.289921447,7.816028698,26.959126,0.421236
mapping,iget,128,0,135168,reverse,20261005,2,0.290005263,0.579026092,1.996605,0.998303
mapping,iget,128,0,135168,reverse,20261005,4,0.290005263,1.155968875,3.986027,0.996507
mapping,iget,128,0,135168,reverse,20261005,8,0.290005263,2.311928354,7.972022,0.996503
mapping,iget,128,0,135168,reverse,20261005,16,0.290005263,3.723966104,12.841029,0.802564
mapping,iget,128,0,135168,reverse,20261005,32,0.290005263,6.799808556,23.447190,0.732725
mapping,iget,128,0,135168,reverse,20261005,64,0.290005263,7.806809669,26.919545,0.420618
mapping,iget,128,0,135168,transpose,20261005,2,0.290466394,0.580190352,1.997444,0.998722
mapping,iget,128,0,135168,transpose,20261005,4,0.290466394,1.159233384,3.990938,0.997735
mapping,iget,128,0,135168,transpose,20261005,8,0.290466394,1.886000480,6.493008,0.811626
mapping,iget,128,0,135168,transpose,20261005,16,0.290466394,3.721554999,12.812343,0.800771
mapping,iget,128,0,135168,transpose,20261005,32,0.290466394,6.833892369,23.527308,0.735228
mapping,iget,128,0,135168,transpose,20261005,64,0.290466394,7.819820343,26.921601,0.420650
mapping,iget,128,0,135168,shuffle,20261005,2,0.290210080,0.580302669,1.999595,0.999798
mapping,iget,128,0,135168,shuffle,20261005,4,0.290210080,0.952663420,3.282668,0.820667
mapping,iget,128,0,135168,shuffle,20261005,8,0.290210080,1.879100095,6.474965,0.809371
mapping,iget,128,0,135168,shuffle,20261005,16,0.290210080,3.521210911,12.133317,0.758332
mapping,iget,128,0,135168,shuffle,20261005,32,0.290210080,5.042041219,17.373763,0.542930
mapping,iget,128,0,135168,shuffle,20261005,64,0.290210080,7.799509941,26.875393,0.419928
mapping,iget,128,0,262144,identity,20261005,2,0.290478984,0.580461617,1.998291,0.999146
mapping,iget,128,0,262144,identity,20261005,4,0.290478984,1.158916938,3.989676,0.997419
mapping,iget,128,0,262144,identity,20261005,8,0.290478984,2.312294315,7.960281,0.995035
mapping,iget,128,0,262144,identity,20261005,16,0.290478984,3.745814994,12.895305,0.805957
mapping,iget,128,0,262144,identity,20261005,32,0.290478984,7.184903563,24.734676,0.772959
mapping,iget,128,0,262144,identity,20261005,64,0.290478984,7.749535614,26.678473,0.416851
mapping,iget,128,0,262144,reverse,20261005,2,0.290516036,0.580229145,1.997236,0.998618
mapping,iget,128,0,262144,reverse,20261005,4,0.290516036,1.159899641,3.992549,0.998137
mapping,iget,128,0,262144,reverse,20261005,8,0.290516036,2.312909559,7.961383,0.995173
mapping,iget,128,0,262144,reverse,20261005,16,0.290516036,3.778954067,13.007730,0.812983
mapping,iget,128,0,262144,reverse,20261005,32,0.290516036,7.170026070,24.680311,0.771260
mapping,iget,128,0,262144,reverse,20261005,64,0.290516036,7.734737042,26.624131,0.416002
mapping,iget,128,0,262144,transpose,20261005,2,0.290195869,0.580062833,1.998867,0.999433
mapping,iget,128,0,262144,transpose,20261005,4,0.290195869,1.160179030,3.997917,0.999479
mapping,iget,128,0,262144,transpose,20261005,8,0.290195869,2.304462218,7.941058,0.992632
mapping,iget,128,0,262144,transpose,20261005,16,0.290195869,3.727690057,12.845428,0.802839
mapping,iget,128,0,262144,transpose,20261005,32,0.290195869,6.876027375,23.694436,0.740451
mapping,iget,128,0,262144,transpose,20261005,64,0.290195869,7.752381075,26.714305,0.417411
mapping,iget,128,0,262144,shuffle,20261005,2,0.290579679,0.579479718,1.994220,0.997110
mapping,iget,128,0,262144,shuffle,20261005,4,0.290579679,1.157452149,3.983252,0.995813
mapping,iget,128,0,262144,shuffle,20261005,8,0.290579679,1.890964128,6.507558,0.813445
mapping,iget,128,0,262144,shuffle,20261005,16,0.290579679,3.730279653,12.837373,0.802336
mapping,iget,128,0,262144,shuffle,20261005,32,0.290579679,6.870567302,23.644349,0.738886
mapping,iget,128,0,262144,shuffle,20261005,64,0.290579679,7.723295588,26.578925,0.415296
mapping,iget,256,0,131200,identity,20261005,2,0.563960501,1.125168885,1.995120,0.997560
mapping,iget,256,0,131200,identity,20261005,4,0.563960501,1.844661821,3.270906,0.817727
mapping,iget,256,0,131200,identity,20261005,8,0.563960501,3.641110916,6.456323,0.807040
mapping,iget,256,0,131200,identity,20261005,16,0.563960501,7.089289392,12.570542,0.785659
mapping,iget,256,0,131200,identity,20261005,32,0.563960501,10.144808724,17.988509,0.562141
mapping,iget,256,0,131200,identity,20261005,64,0.563960501,10.346664410,18.346435,0.286663
mapping,iget,256,0,131200,reverse,20261005,2,0.574801424,1.127170601,1.960974,0.980487
mapping,iget,256,0,131200,reverse,20261005,4,0.574801424,1.852177765,3.222292,0.805573
mapping,iget,256,0,131200,reverse,20261005,8,0.574801424,3.601797381,6.266159,0.783270
mapping,iget,256,0,131200,reverse,20261005,16,0.574801424,7.047873576,12.261406,0.766338
mapping,iget,256,0,131200,reverse,20261005,32,0.574801424,12.120475036,21.086369,0.658949
mapping,iget,256,0,131200,reverse,20261005,64,0.574801424,10.337413975,17.984322,0.281005
mapping,iget,256,0,131200,transpose,20261005,2,0.562182427,1.127284016,2.005193,1.002596
mapping,iget,256,0,131200,transpose,20261005,4,0.562182427,2.235824458,3.977044,0.994261
mapping,iget,256,0,131200,transpose,20261005,8,0.562182427,3.623900045,6.446128,0.805766
mapping,iget,256,0,131200,transpose,20261005,16,0.562182427,7.089831769,12.611265,0.788204
mapping,iget,256,0,131200,transpose,20261005,32,0.562182427,10.506005493,18.687894,0.583997
mapping,iget,256,0,131200,transpose,20261005,64,0.562182427,10.326966613,18.369423,0.287022
mapping,iget,256,0,131200,shuffle,20261005,2,0.562867705,1.125239361,1.999119,0.999559
mapping,iget,256,0,131200,shuffle,20261005,4,0.562867705,1.893999997,3.364911,0.841228
mapping,iget,256,0,131200,shuffle,20261005,8,0.562867705,3.697948397,6.569836,0.821229
mapping,iget,256,0,131200,shuffle,20261005,16,0.562867705,7.140928206,12.686690,0.792918
mapping,iget,256,0,131200,shuffle,20261005,32,0.562867705,10.659249605,18.937398,0.591794
mapping,iget,256,0,131200,shuffle,20261005,64,0.562867705,10.337992539,18.366647,0.286979
mapping,iget,256,0,131328,identity,20261005,2,0.563701954,1.103397386,1.957413,0.978706
mapping,iget,256,0,131328,identity,20261005,4,0.563701954,1.841598767,3.266972,0.816743
mapping,iget,256,0,131328,identity,20261005,8,0.563701954,3.601444587,6.388916,0.798615
mapping,iget,256,0,131328,identity,20261005,16,0.563701954,7.117712295,12.626730,0.789171
mapping,iget,256,0,131328,identity,20261005,32,0.563701954,10.446898207,18.532663,0.579146
mapping,iget,256,0,131328,identity,20261005,64,0.563701954,13.466658513,23.889679,0.373276
mapping,iget,256,0,131328,reverse,20261005,2,0.564212818,1.124752642,1.993490,0.996745
mapping,iget,256,0,131328,reverse,20261005,4,0.564212818,2.226426729,3.946076,0.986519
mapping,iget,256,0,131328,reverse,20261005,8,0.564212818,3.602926533,6.385758,0.798220
mapping,iget,256,0,131328,reverse,20261005,16,0.564212818,5.365356407,9.509455,0.594341
mapping,iget,256,0,131328,reverse,20261005,32,0.564212818,10.297395106,18.250906,0.570341
mapping,iget,256,0,131328,reverse,20261005,64,0.564212818,13.405081282,23.758910,0.371233
mapping,iget,256,0,131328,transpose,20261005,2,0.563907828,1.105036766,1.959605,0.979803
mapping,iget,256,0,131328,transpose,20261005,4,0.563907828,1.829991633,3.245196,0.811299
mapping,iget,256,0,131328,transpose,20261005,8,0.563907828,3.597277100,6.379193,0.797399
mapping,iget,256,0,131328,transpose,20261005,16,0.563907828,7.083634970,12.561689,0.785106
mapping,iget,256,0,131328,transpose,20261005,32,0.563907828,11.109553049,19.701009,0.615657
mapping,iget,256,0,131328,transpose,20261005,64,0.563907828,13.474318035,23.894540,0.373352
mapping,iget,256,0,131328,shuffle,20261005,2,0.563881372,1.126100120,1.997051,0.998526
mapping,iget,256,0,131328,shuffle,20261005,4,0.563881372,1.826411045,3.238999,0.809750
mapping,iget,256,0,131328,shuffle,20261005,8,0.563881372,3.603728522,6.390934,0.798867
mapping,iget,256,0,131328,shuffle,20261005,16,0.563881372,6.974966070,12.369563,0.773098
mapping,iget,256,0,131328,shuffle,20261005,32,0.563881372,10.912227303,19.351991,0.604750
mapping,iget,256,0,131328,shuffle,20261005,64,0.563881372,13.410012018,23.781619,0.371588
mapping,iget,256,0,135168,identity,20261005,2,0.562012849,1.105292972,1.966669,0.983334
mapping,iget,256,0,135168,identity,20261005,4,0.562012849,2.214422726,3.940164,0.985041
mapping,iget,256,0,135168,identity,20261005,8,0.562012849,4.388296533,7.808178,0.976022
mapping,iget,256,0,135168,identity,20261005,16,0.562012849,7.134097520,12.693833,0.793365
mapping,iget,256,0,135168,identity,20261005,32,0.562012849,12.581148948,22.385874,0.699559
mapping,iget,256,0,135168,identity,20261005,64,0.562012849,14.879402281,26.475199,0.413675
mapping,iget,256,0,135168,reverse,20261005,2,0.562636250,1.105529483,1.964910,0.982455
mapping,iget,256,0,135168,reverse,20261005,4,0.562636250,2.206681115,3.922039,0.980510
mapping,iget,256,0,135168,reverse,20261005,8,0.562636250,4.397648804,7.816149,0.977019
mapping,iget,256,0,135168,reverse,20261005,16,0.562636250,7.106731095,12.631129,0.789446
mapping,iget,256,0,135168,reverse,20261005,32,0.562636250,12.493487891,22.205267,0.693915
mapping,iget,256,0,135168,reverse,20261005,64,0.562636250,14.822082986,26.343989,0.411625
mapping,iget,256,0,135168,transpose,20261005,2,0.563745649,1.126707005,1.998609,0.999304
mapping,iget,256,0,135168,transpose,20261005,4,0.563745649,2.207702553,3.916132,0.979033
mapping,iget,256,0,135168,transpose,20261005,8,0.563745649,3.599236920,6.384505,0.798063
mapping,iget,256,0,135168,transpose,20261005,16,0.563745649,7.114835283,12.620648,0.788790
mapping,iget,256,0,135168,transpose,20261005,32,0.563745649,12.685851126,22.502792,0.703212
mapping,iget,256,0,135168,transpose,20261005,64,0.563745649,14.890025655,26.412666,0.412698
mapping,iget,256,0,135168,shuffle,20261005,2,0.563744284,1.103332949,1.957151,0.978576
mapping,iget,256,0,135168,shuffle,20261005,4,0.563744284,1.829781698,3.245765,0.811441
mapping,iget,256,0,135168,shuffle,20261005,8,0.563744284,3.603277716,6.391688,0.798961
mapping,iget,256,0,135168,shuffle,20261005,16,0.563744284,6.778578302,12.024208,0.751513
mapping,iget,256,0,135168,shuffle,20261005,32,0.563744284,8.934639166,15.848745,0.495273
mapping,iget,256,0,135168,shuffle,20261005,64,0.563744284,14.837555752,26.319656,0.411245
mapping,iget,256,0,262144,identity,20261005,2,0.563632701,1.105271736,1.960979,0.980489
mapping,iget,256,0,262144,identity,20261005,4,0.563632701,2.212784753,3.925934,0.981483
mapping,iget,256,0,262144,identity,20261005,8,0.563632701,4.397948168,7.802862,0.975358
mapping,iget,256,0,262144,identity,20261005,16,0.563632701,7.137266218,12.662974,0.791436
mapping,iget,256,0,262144,identity,20261005,32,0.563632701,13.369673429,23.720542,0.741267
mapping,iget,256,0,262144,identity,20261005,64,0.563632701,15.040394898,26.684745,0.416949
mapping,iget,256,0,262144,reverse,20261005,2,0.564359590,1.126260884,1.995644,0.997822
mapping,iget,256,0,262144,reverse,20261005,4,0.564359590,2.220066715,3.933780,0.983445
mapping,iget,256,0,262144,reverse,20261005,8,0.564359590,4.389255839,7.777410,0.972176
mapping,iget,256,0,262144,reverse,20261005,16,0.564359590,7.182910285,12.727542,0.795471
mapping,iget,256,0,262144,reverse,20261005,32,0.564359590,13.313694334,23.590800,0.737213
mapping,iget,256,0,262144,reverse,20261005,64,0.564359590,15.004664689,26.587064,0.415423
mapping,iget,256,0,262144,transpose,20261005,2,0.562009394,1.104137172,1.964624,0.982312
mapping,iget,256,0,262144,transpose,20261005,4,0.562009394,2.209095649,3.930709,0.982677
mapping,iget,256,0,262144,transpose,20261005,8,0.562009394,4.387425997,7.806677,0.975835
mapping,iget,256,0,262144,transpose,20261005,16,0.562009394,7.104195621,12.640706,0.790044
mapping,iget,256,0,262144,transpose,20261005,32,0.562009394,12.530281769,22.295502,0.696734
mapping,iget,256,0,262144,transpose,20261005,64,0.562009394,15.046455841,26.772606,0.418322
mapping,iget,256,0,262144,shuffle,20261005,2,0.563676261,1.127398198,2.000081,1.000041
mapping,iget,256,0,262144,shuffle,20261005,4,0.563676261,2.237069020,3.968712,0.992178
mapping,iget,256,0,262144,shuffle,20261005,8,0.563676261,3.602209801,6.390565,0.798821
mapping,iget,256,0,262144,shuffle,20261005,16,0.563676261,7.125117658,12.640443,0.790028
mapping,iget,256,0,262144,shuffle,20261005,32,0.563676261,12.589184274,22.334069,0.697940
mapping,iget,256,0,262144,shuffle,20261005,64,0.563676261,15.014208698,26.636227,0.416191
mapping,iget,4096,0,131200,identity,20261005,2,5.728599220,10.474310322,1.828424,0.914212
mapping,iget,4096,0,131200,identity,20261005,4,5.728599220,15.785477823,2.755556,0.688889
mapping,iget,4096,0,131200,identity,20261005,8,5.728599220,19.786734651,3.454027,0.431753
mapping,iget,4096,0,131200,identity,20261005,16,5.728599220,19.562126677,3.414819,0.213426
mapping,iget,4096,0,131200,identity,20261005,32,5.728599220,20.693132801,3.612250,0.112883
mapping,iget,4096,0,131200,identity,20261005,64,5.728599220,19.746030780,3.446921,0.053858
mapping,iget,4096,0,131200,reverse,20261005,2,5.772851811,10.416666667,1.804423,0.902212
mapping,iget,4096,0,131200,reverse,20261005,4,5.772851811,15.822216385,2.740797,0.685199
mapping,iget,4096,0,131200,reverse,20261005,8,5.772851811,19.545213516,3.385712,0.423214
mapping,iget,4096,0,131200,reverse,20261005,16,5.772851811,19.607291701,3.396465,0.212279
mapping,iget,4096,0,131200,reverse,20261005,32,5.772851811,20.649770149,3.577048,0.111783
mapping,iget,4096,0,131200,reverse,20261005,64,5.772851811,19.522401789,3.381760,0.052840
mapping,iget,4096,0,131200,transpose,20261005,2,5.728022420,9.809721108,1.712584,0.856292
mapping,iget,4096,0,131200,transpose,20261005,4,5.728022420,14.577978035,2.545028,0.636257
mapping,iget,4096,0,131200,transpose,20261005,8,5.728022420,15.442166804,2.695898,0.336987
mapping,iget,4096,0,131200,transpose,20261005,16,5.728022420,19.235200040,3.358087,0.209880
mapping,iget,4096,0,131200,transpose,20261005,32,5.728022420,20.270830369,3.538888,0.110590
mapping,iget,4096,0,131200,transpose,20261005,64,5.728022420,19.479625361,3.400759,0.053137
mapping,iget,4096,0,131200,shuffle,20261005,2,5.785449651,9.534006797,1.647928,0.823964
mapping,iget,4096,0,131200,shuffle,20261005,4,5.785449651,14.882936764,2.572477,0.643119
mapping,iget,4096,0,131200,shuffle,20261005,8,5.785449651,17.607179568,3.043355,0.380419
mapping,iget,4096,0,131200,shuffle,20261005,16,5.785449651,17.475991711,3.020680,0.188792
mapping,iget,4096,0,131200,shuffle,20261005,32,5.785449651,20.277557108,3.504923,0.109529
mapping,iget,4096,0,131200,shuffle,20261005,64,5.785449651,20.172377546,3.486743,0.054480
mapping,iget,4096,0,131328,identity,20261005,2,5.723292234,10.417064046,1.820117,0.910059
mapping,iget,4096,0,131328,identity,20261005,4,5.723292234,15.745156039,2.751066,0.687767
mapping,iget,4096,0,131328,identity,20261005,8,5.723292234,20.006703907,3.495664,0.436958
mapping,iget,4096,0,131328,identity,20261005,16,5.723292234,19.791491133,3.458061,0.216129
mapping,iget,4096,0,131328,identity,20261005,32,5.723292234,20.418005830,3.567528,0.111485
mapping,iget,4096,0,131328,identity,20261005,64,5.723292234,20.101347155,3.512200,0.054878
mapping,iget,4096,0,131328,reverse,20261005,2,5.764378225,10.628511969,1.843826,0.921913
mapping,iget,4096,0,131328,reverse,20261005,4,5.764378225,15.430924386,2.676945,0.669236
mapping,iget,4096,0,131328,reverse,20261005,8,5.764378225,19.530861181,3.388199,0.423525
mapping,iget,4096,0,131328,reverse,20261005,16,5.764378225,19.729430798,3.422647,0.213915
mapping,iget,4096,0,131328,reverse,20261005,32,5.764378225,20.549837338,3.564970,0.111405
mapping,iget,4096,0,131328,reverse,20261005,64,5.764378225,19.916268465,3.455059,0.053985
mapping,iget,4096,0,131328,transpose,20261005,2,5.762926486,9.807160951,1.701767,0.850884
mapping,iget,4096,0,131328,transpose,20261005,4,5.762926486,14.678596610,2.547073,0.636768
mapping,iget,4096,0,131328,transpose,20261005,8,5.762926486,15.456982907,2.682141,0.335268
mapping,iget,4096,0,131328,transpose,20261005,16,5.762926486,19.680114064,3.414951,0.213434
mapping,iget,4096,0,131328,transpose,20261005,32,5.762926486,20.620246675,3.578086,0.111815
mapping,iget,4096,0,131328,transpose,20261005,64,5.762926486,19.512919873,3.385939,0.052905
mapping,iget,4096,0,131328,shuffle,20261005,2,5.779286563,9.887307386,1.710818,0.855409
mapping,iget,4096,0,131328,shuffle,20261005,4,5.779286563,14.882409526,2.575129,0.643782
mapping,iget,4096,0,131328,shuffle,20261005,8,5.779286563,17.345853601,3.001383,0.375173
mapping,iget,4096,0,131328,shuffle,20261005,16,5.779286563,17.416567318,3.013619,0.188351
mapping,iget,4096,0,131328,shuffle,20261005,32,5.779286563,20.446053162,3.537816,0.110557
mapping,iget,4096,0,131328,shuffle,20261005,64,5.779286563,20.594715785,3.563539,0.055680
mapping,iget,4096,0,135168,identity,20261005,2,5.728463021,10.313756249,1.800440,0.900220
mapping,iget,4096,0,135168,identity,20261005,4,5.728463021,15.740769207,2.747817,0.686954
mapping,iget,4096,0,135168,identity,20261005,8,5.728463021,20.165680066,3.520260,0.440033
mapping,iget,4096,0,135168,identity,20261005,16,5.728463021,19.776631732,3.452345,0.215772
mapping,iget,4096,0,135168,identity,20261005,32,5.728463021,20.651774360,3.605116,0.112660
mapping,iget,4096,0,135168,identity,20261005,64,5.728463021,19.883958160,3.471081,0.054236
mapping,iget,4096,0,135168,reverse,20261005,2,5.712580229,10.648281743,1.864006,0.932003
mapping,iget,4096,0,135168,reverse,20261005,4,5.712580229,15.685133205,2.745718,0.686429
mapping,iget,4096,0,135168,reverse,20261005,8,5.712580229,19.548373395,3.421987,0.427748
mapping,iget,4096,0,135168,reverse,20261005,16,5.712580229,19.201155069,3.361205,0.210075
mapping,iget,4096,0,135168,reverse,20261005,32,5.712580229,20.923877169,3.662772,0.114462
mapping,iget,4096,0,135168,reverse,20261005,64,5.712580229,20.133344700,3.524387,0.055069
mapping,iget,4096,0,135168,transpose,20261005,2,5.728815551,9.683650093,1.690341,0.845170
mapping,iget,4096,0,135168,transpose,20261005,4,5.728815551,14.969255649,2.612976,0.653244
mapping,iget,4096,0,135168,transpose,20261005,8,5.728815551,15.451713161,2.697192,0.337149
mapping,iget,4096,0,135168,transpose,20261005,16,5.728815551,17.846337846,3.115188,0.194699
mapping,iget,4096,0,135168,transpose,20261005,32,5.728815551,20.137483432,3.515122,0.109848
mapping,iget,4096,0,135168,transpose,20261005,64,5.728815551,20.085126415,3.505982,0.054781
mapping,iget,4096,0,135168,shuffle,20261005,2,5.727037321,9.773755224,1.706599,0.853299
mapping,iget,4096,0,135168,shuffle,20261005,4,5.727037321,14.728435481,2.571737,0.642934
mapping,iget,4096,0,135168,shuffle,20261005,8,5.727037321,17.148676640,2.994336,0.374292
mapping,iget,4096,0,135168,shuffle,20261005,16,5.727037321,17.066693333,2.980021,0.186251
mapping,iget,4096,0,135168,shuffle,20261005,32,5.727037321,19.720884605,3.443471,0.107608
mapping,iget,4096,0,135168,shuffle,20261005,64,5.727037321,20.427237085,3.566807,0.055731
mapping,iget,4096,0,262144,identity,20261005,2,5.751968814,9.770514562,1.698638,0.849319
mapping,iget,4096,0,262144,identity,20261005,4,5.751968814,14.687979058,2.553557,0.638389
mapping,iget,4096,0,262144,identity,20261005,8,5.751968814,15.450387179,2.686104,0.335763
mapping,iget,4096,0,262144,identity,20261005,16,5.751968814,15.890323405,2.762589,0.172662
mapping,iget,4096,0,262144,identity,20261005,32,5.751968814,16.231627625,2.821926,0.088185
mapping,iget,4096,0,262144,identity,20261005,64,5.751968814,16.326450283,2.838411,0.044350
mapping,iget,4096,0,262144,reverse,20261005,2,5.723276240,9.755284311,1.704493,0.852247
mapping,iget,4096,0,262144,reverse,20261005,4,5.723276240,14.556012307,2.543301,0.635825
mapping,iget,4096,0,262144,reverse,20261005,8,5.723276240,15.466401593,2.702369,0.337796
mapping,iget,4096,0,262144,reverse,20261005,16,5.723276240,15.958696742,2.788385,0.174274
mapping,iget,4096,0,262144,reverse,20261005,32,5.723276240,16.240484865,2.837620,0.088676
mapping,iget,4096,0,262144,reverse,20261005,64,5.723276240,16.306862426,2.849218,0.044519
mapping,iget,4096,0,262144,transpose,20261005,2,5.728655304,9.773008982,1.705987,0.852993
mapping,iget,4096,0,262144,transpose,20261005,4,5.728655304,14.632961317,2.554345,0.638586
mapping,iget,4096,0,262144,transpose,20261005,8,5.728655304,15.337363011,2.677306,0.334663
mapping,iget,4096,0,262144,transpose,20261005,16,5.728655304,15.931582875,2.781034,0.173815
mapping,iget,4096,0,262144,transpose,20261005,32,5.728655304,16.232624688,2.833584,0.088549
mapping,iget,4096,0,262144,transpose,20261005,64,5.728655304,16.309197864,2.846950,0.044484
mapping,iget,4096,0,262144,shuffle,20261005,2,5.714764071,9.762608447,1.708313,0.854157
mapping,iget,4096,0,262144,shuffle,20261005,4,5.714764071,14.572117484,2.549907,0.637477
mapping,iget,4096,0,262144,shuffle,20261005,8,5.714764071,15.485061226,2.709659,0.338707
mapping,iget,4096,0,262144,shuffle,20261005,16,5.714764071,15.914656875,2.784832,0.174052
mapping,iget,4096,0,262144,shuffle,20261005,32,5.714764071,16.150916036,2.826174,0.088318
mapping,iget,4096,0,262144,shuffle,20261005,64,5.714764071,16.306036762,2.853318,0.044583
mapping,iget,32768,0,131200,identity,20261005,2,13.918716868,17.389426191,1.249356,0.624678
mapping,iget,32768,0,131200,identity,20261005,4,13.918716868,19.531646984,1.403265,0.350816
mapping,iget,32768,0,131200,identity,20261005,8,13.918716868,20.699320622,1.487157,0.185895
mapping,iget,32768,0,131200,identity,20261005,16,13.918716868,20.614184653,1.481041,0.092565
mapping,iget,32768,0,131200,identity,20261005,32,13.918716868,21.360098642,1.534631,0.047957
mapping,iget,32768,0,131200,identity,20261005,64,13.918716868,20.962772445,1.506085,0.023533
mapping,iget,32768,0,131200,reverse,20261005,2,13.931137632,17.416914467,1.250215,0.625107
mapping,iget,32768,0,131200,reverse,20261005,4,13.931137632,19.579335281,1.405437,0.351359
mapping,iget,32768,0,131200,reverse,20261005,8,13.931137632,20.620227211,1.480154,0.185019
mapping,iget,32768,0,131200,reverse,20261005,16,13.931137632,20.770066144,1.490910,0.093182
mapping,iget,32768,0,131200,reverse,20261005,32,13.931137632,21.439409821,1.538956,0.048092
mapping,iget,32768,0,131200,reverse,20261005,64,13.931137632,20.906195248,1.500681,0.023448
mapping,iget,32768,0,131200,transpose,20261005,2,13.940383250,15.386576705,1.103741,0.551871
mapping,iget,32768,0,131200,transpose,20261005,4,13.940383250,16.154568776,1.158832,0.289708
mapping,iget,32768,0,131200,transpose,20261005,8,13.940383250,17.531425205,1.257600,0.157200
mapping,iget,32768,0,131200,transpose,20261005,16,13.940383250,18.164039548,1.302980,0.081436
mapping,iget,32768,0,131200,transpose,20261005,32,13.940383250,18.827156908,1.350548,0.042205
mapping,iget,32768,0,131200,transpose,20261005,64,13.940383250,17.643840364,1.265664,0.019776
mapping,iget,32768,0,131200,shuffle,20261005,2,13.843444199,15.252554098,1.101789,0.550894
mapping,iget,32768,0,131200,shuffle,20261005,4,13.843444199,16.206530389,1.170701,0.292675
mapping,iget,32768,0,131200,shuffle,20261005,8,13.843444199,18.700808045,1.350878,0.168860
mapping,iget,32768,0,131200,shuffle,20261005,16,13.843444199,17.048697828,1.231536,0.076971
mapping,iget,32768,0,131200,shuffle,20261005,32,13.843444199,20.153724970,1.455832,0.045495
mapping,iget,32768,0,131200,shuffle,20261005,64,13.843444199,19.642655833,1.418914,0.022171
mapping,iget,32768,0,131328,identity,20261005,2,13.905551060,17.317481524,1.245365,0.622682
mapping,iget,32768,0,131328,identity,20261005,4,13.905551060,19.518366671,1.403638,0.350910
mapping,iget,32768,0,131328,identity,20261005,8,13.905551060,20.578325813,1.479864,0.184983
mapping,iget,32768,0,131328,identity,20261005,16,13.905551060,20.464511722,1.471679,0.091980
mapping,iget,32768,0,131328,identity,20261005,32,13.905551060,20.861096791,1.500199,0.046881
mapping,iget,32768,0,131328,identity,20261005,64,13.905551060,20.867148990,1.500634,0.023447
mapping,iget,32768,0,131328,reverse,20261005,2,13.978591868,17.391258197,1.244135,0.622068
mapping,iget,32768,0,131328,reverse,20261005,4,13.978591868,19.491692029,1.394396,0.348599
mapping,iget,32768,0,131328,reverse,20261005,8,13.978591868,20.612527278,1.474578,0.184322
mapping,iget,32768,0,131328,reverse,20261005,16,13.978591868,20.580031817,1.472254,0.092016
mapping,iget,32768,0,131328,reverse,20261005,32,13.978591868,20.741780718,1.483825,0.046370
mapping,iget,32768,0,131328,reverse,20261005,64,13.978591868,20.832908245,1.490344,0.023287
mapping,iget,32768,0,131328,transpose,20261005,2,13.922874380,16.044007428,1.152349,0.576174
mapping,iget,32768,0,131328,transpose,20261005,4,13.922874380,16.281750606,1.169425,0.292356
mapping,iget,32768,0,131328,transpose,20261005,8,13.922874380,17.687337924,1.270380,0.158797
mapping,iget,32768,0,131328,transpose,20261005,16,13.922874380,16.904987956,1.214188,0.075887
mapping,iget,32768,0,131328,transpose,20261005,32,13.922874380,19.150981716,1.375505,0.042985
mapping,iget,32768,0,131328,transpose,20261005,64,13.922874380,17.730542894,1.273483,0.019898
mapping,iget,32768,0,131328,shuffle,20261005,2,13.940157890,15.937933113,1.143311,0.571655
mapping,iget,32768,0,131328,shuffle,20261005,4,13.940157890,16.501503078,1.183739,0.295935
mapping,iget,32768,0,131328,shuffle,20261005,8,13.940157890,18.404220985,1.320230,0.165029
mapping,iget,32768,0,131328,shuffle,20261005,16,13.940157890,17.136640165,1.229300,0.076831
mapping,iget,32768,0,131328,shuffle,20261005,32,13.940157890,20.265215629,1.453729,0.045429
mapping,iget,32768,0,131328,shuffle,20261005,64,13.940157890,19.531584773,1.401102,0.021892
mapping,iget,32768,0,135168,identity,20261005,2,13.912198775,17.360313660,1.247848,0.623924
mapping,iget,32768,0,135168,identity,20261005,4,13.912198775,19.588938957,1.408040,0.352010
mapping,iget,32768,0,135168,identity,20261005,8,13.912198775,20.713262077,1.488856,0.186107
mapping,iget,32768,0,135168,identity,20261005,16,13.912198775,20.463269678,1.470887,0.091930
mapping,iget,32768,0,135168,identity,20261005,32,13.912198775,21.244229196,1.527022,0.047719
mapping,iget,32768,0,135168,identity,20261005,64,13.912198775,20.561716155,1.477963,0.023093
mapping,iget,32768,0,135168,reverse,20261005,2,13.917558175,17.379105879,1.248718,0.624359
mapping,iget,32768,0,135168,reverse,20261005,4,13.917558175,19.537254219,1.403785,0.350946
mapping,iget,32768,0,135168,reverse,20261005,8,13.917558175,20.611363628,1.480961,0.185120
mapping,iget,32768,0,135168,reverse,20261005,16,13.917558175,20.144470241,1.447414,0.090463
mapping,iget,32768,0,135168,reverse,20261005,32,13.917558175,21.162423685,1.520556,0.047517
mapping,iget,32768,0,135168,reverse,20261005,64,13.917558175,20.557226514,1.477071,0.023079
mapping,iget,32768,0,135168,transpose,20261005,2,13.919154384,15.520380090,1.115038,0.557519
mapping,iget,32768,0,135168,transpose,20261005,4,13.919154384,16.205059680,1.164227,0.291057
mapping,iget,32768,0,135168,transpose,20261005,8,13.919154384,17.511442485,1.258082,0.157260
mapping,iget,32768,0,135168,transpose,20261005,16,13.919154384,16.742284362,1.202823,0.075176
mapping,iget,32768,0,135168,transpose,20261005,32,13.919154384,20.181710379,1.449924,0.045310
mapping,iget,32768,0,135168,transpose,20261005,64,13.919154384,19.793009012,1.421998,0.022219
mapping,iget,32768,0,135168,shuffle,20261005,2,13.913220702,15.474293373,1.112201,0.556100
mapping,iget,32768,0,135168,shuffle,20261005,4,13.913220702,16.203903737,1.164641,0.291160
mapping,iget,32768,0,135168,shuffle,20261005,8,13.913220702,18.652916251,1.340661,0.167583
mapping,iget,32768,0,135168,shuffle,20261005,16,13.913220702,17.828669333,1.281419,0.080089
mapping,iget,32768,0,135168,shuffle,20261005,32,13.913220702,19.545967320,1.404849,0.043902
mapping,iget,32768,0,135168,shuffle,20261005,64,13.913220702,19.540947188,1.404488,0.021945
mapping,iget,32768,0,262144,identity,20261005,2,13.939778354,15.962657669,1.145116,0.572558
mapping,iget,32768,0,262144,identity,20261005,4,13.939778354,16.250915162,1.165794,0.291449
mapping,iget,32768,0,262144,identity,20261005,8,13.939778354,17.502425792,1.255574,0.156947
mapping,iget,32768,0,262144,identity,20261005,16,13.939778354,16.625156203,1.192641,0.074540
mapping,iget,32768,0,262144,identity,20261005,32,13.939778354,17.408829793,1.248860,0.039027
mapping,iget,32768,0,262144,identity,20261005,64,13.939778354,16.285626166,1.168284,0.018254
mapping,iget,32768,0,262144,reverse,20261005,2,13.920183246,15.613504767,1.121645,0.560823
mapping,iget,32768,0,262144,reverse,20261005,4,13.920183246,16.240957764,1.166720,0.291680
mapping,iget,32768,0,262144,reverse,20261005,8,13.920183246,17.517501698,1.258425,0.157303
mapping,iget,32768,0,262144,reverse,20261005,16,13.920183246,16.533254993,1.187718,0.074232
mapping,iget,32768,0,262144,reverse,20261005,32,13.920183246,17.331539358,1.245065,0.038908
mapping,iget,32768,0,262144,reverse,20261005,64,13.920183246,16.294690963,1.170580,0.018290
mapping,iget,32768,0,262144,transpose,20261005,2,13.821290811,16.073105948,1.162924,0.581462
mapping,iget,32768,0,262144,transpose,20261005,4,13.821290811,16.157751090,1.169048,0.292262
mapping,iget,32768,0,262144,transpose,20261005,8,13.821290811,17.556033088,1.270217,0.158777
mapping,iget,32768,0,262144,transpose,20261005,16,13.821290811,16.490898643,1.193152,0.074572
mapping,iget,32768,0,262144,transpose,20261005,32,13.821290811,17.271519709,1.249631,0.039051
mapping,iget,32768,0,262144,transpose,20261005,64,13.821290811,16.288850841,1.178533,0.018415
mapping,iget,32768,0,262144,shuffle,20261005,2,13.941960971,15.089679010,1.082321,0.541161
mapping,iget,32768,0,262144,shuffle,20261005,4,13.941960971,16.286162912,1.168140,0.292035
mapping,iget,32768,0,262144,shuffle,20261005,8,13.941960971,17.494722433,1.254825,0.156853
mapping,iget,32768,0,262144,shuffle,20261005,16,13.941960971,16.611665997,1.191487,0.074468
mapping,iget,32768,0,262144,shuffle,20261005,32,13.941960971,17.335075080,1.243374,0.038855
mapping,iget,32768,0,262144,shuffle,20261005,64,13.941960971,16.284093777,1.167992,0.018250
mapping,iget,65536,0,131200,identity,20261005,2,15.674643986,17.526082804,1.118117,0.559058
mapping,iget,65536,0,131200,identity,20261005,4,15.674643986,19.672875703,1.255076,0.313769
mapping,iget,65536,0,131200,identity,20261005,8,15.674643986,20.869750747,1.331434,0.166429
mapping,iget,65536,0,131200,identity,20261005,16,15.674643986,21.320626497,1.360198,0.085012
mapping,iget,65536,0,131200,identity,20261005,32,15.674643986,21.443549347,1.368041,0.042751
mapping,iget,65536,0,131200,identity,20261005,64,15.674643986,20.961145386,1.337265,0.020895
mapping,iget,65536,0,131200,reverse,20261005,2,15.659224537,17.338130315,1.107215,0.553608
mapping,iget,65536,0,131200,reverse,20261005,4,15.659224537,19.699324985,1.258001,0.314500
mapping,iget,65536,0,131200,reverse,20261005,8,15.659224537,20.881791776,1.333514,0.166689
mapping,iget,65536,0,131200,reverse,20261005,16,15.659224537,21.333282552,1.362346,0.085147
mapping,iget,65536,0,131200,reverse,20261005,32,15.659224537,21.451695393,1.369908,0.042810
mapping,iget,65536,0,131200,reverse,20261005,64,15.659224537,20.962205549,1.338649,0.020916
mapping,iget,65536,0,131200,transpose,20261005,2,15.677066215,16.025936507,1.022254,0.511127
mapping,iget,65536,0,131200,transpose,20261005,4,15.677066215,15.923813726,1.015739,0.253935
mapping,iget,65536,0,131200,transpose,20261005,8,15.677066215,17.103037902,1.090959,0.136370
mapping,iget,65536,0,131200,transpose,20261005,16,15.677066215,16.767900023,1.069582,0.066849
mapping,iget,65536,0,131200,transpose,20261005,32,15.677066215,18.832520445,1.201278,0.037540
mapping,iget,65536,0,131200,transpose,20261005,64,15.677066215,17.684828640,1.128070,0.017626
mapping,iget,65536,0,131200,shuffle,20261005,2,15.719644591,15.877288253,1.010028,0.505014
mapping,iget,65536,0,131200,shuffle,20261005,4,15.719644591,15.923215000,1.012950,0.253238
mapping,iget,65536,0,131200,shuffle,20261005,8,15.719644591,18.376858298,1.169038,0.146130
mapping,iget,65536,0,131200,shuffle,20261005,16,15.719644591,17.244948106,1.097032,0.068564
mapping,iget,65536,0,131200,shuffle,20261005,32,15.719644591,19.962100459,1.269882,0.039684
mapping,iget,65536,0,131200,shuffle,20261005,64,15.719644591,19.424228407,1.235666,0.019307
mapping,iget,65536,0,131328,identity,20261005,2,15.627824280,17.372034460,1.111609,0.555805
mapping,iget,65536,0,131328,identity,20261005,4,15.627824280,19.723052363,1.262047,0.315512
mapping,iget,65536,0,131328,identity,20261005,8,15.627824280,20.873543760,1.335665,0.166958
mapping,iget,65536,0,131328,identity,20261005,16,15.627824280,21.307771551,1.363451,0.085216
mapping,iget,65536,0,131328,identity,20261005,32,15.627824280,21.412962570,1.370182,0.042818
mapping,iget,65536,0,131328,identity,20261005,64,15.627824280,20.918673782,1.338553,0.020915
mapping,iget,65536,0,131328,reverse,20261005,2,15.672646024,17.427339991,1.111959,0.555980
mapping,iget,65536,0,131328,reverse,20261005,4,15.672646024,19.729263009,1.258834,0.314709
mapping,iget,65536,0,131328,reverse,20261005,8,15.672646024,20.878556141,1.332165,0.166521
mapping,iget,65536,0,131328,reverse,20261005,16,15.672646024,21.300092241,1.359062,0.084941
mapping,iget,65536,0,131328,reverse,20261005,32,15.672646024,21.390914331,1.364857,0.042652
mapping,iget,65536,0,131328,reverse,20261005,64,15.672646024,20.913716474,1.334409,0.020850
mapping,iget,65536,0,131328,transpose,20261005,2,15.661215336,15.549390360,0.992860,0.496430
mapping,iget,65536,0,131328,transpose,20261005,4,15.661215336,15.927483482,1.017002,0.254250
mapping,iget,65536,0,131328,transpose,20261005,8,15.661215336,17.151490053,1.095157,0.136895
mapping,iget,65536,0,131328,transpose,20261005,16,15.661215336,16.727206470,1.068066,0.066754
mapping,iget,65536,0,131328,transpose,20261005,32,15.661215336,18.936956668,1.209163,0.037786
mapping,iget,65536,0,131328,transpose,20261005,64,15.661215336,17.667621659,1.128113,0.017627
mapping,iget,65536,0,131328,shuffle,20261005,2,15.707414884,15.917909677,1.013401,0.506700
mapping,iget,65536,0,131328,shuffle,20261005,4,15.707414884,15.858714764,1.009632,0.252408
mapping,iget,65536,0,131328,shuffle,20261005,8,15.707414884,18.348318837,1.168131,0.146016
mapping,iget,65536,0,131328,shuffle,20261005,16,15.707414884,16.921909426,1.077320,0.067332
mapping,iget,65536,0,131328,shuffle,20261005,32,15.707414884,20.041976152,1.275956,0.039874
mapping,iget,65536,0,131328,shuffle,20261005,64,15.707414884,19.563212825,1.245476,0.019461
mapping,iget,65536,0,135168,identity,20261005,2,15.682288174,17.529650295,1.117799,0.558900
mapping,iget,65536,0,135168,identity,20261005,4,15.682288174,19.705870281,1.256569,0.314142
mapping,iget,65536,0,135168,identity,20261005,8,15.682288174,20.878206942,1.331324,0.166416
mapping,iget,65536,0,135168,identity,20261005,16,15.682288174,21.162532596,1.349454,0.084341
mapping,iget,65536,0,135168,identity,20261005,32,15.682288174,21.216428018,1.352891,0.042278
mapping,iget,65536,0,135168,identity,20261005,64,15.682288174,20.574170631,1.311937,0.020499
mapping,iget,65536,0,135168,reverse,20261005,2,15.672271229,17.388918651,1.109534,0.554767
mapping,iget,65536,0,135168,reverse,20261005,4,15.672271229,19.433698768,1.240005,0.310001
mapping,iget,65536,0,135168,reverse,20261005,8,15.672271229,20.836139269,1.329491,0.166186
mapping,iget,65536,0,135168,reverse,20261005,16,15.672271229,20.930201271,1.335493,0.083468
mapping,iget,65536,0,135168,reverse,20261005,32,15.672271229,21.116464255,1.347377,0.042106
mapping,iget,65536,0,135168,reverse,20261005,64,15.672271229,20.585485738,1.313497,0.020523
mapping,iget,65536,0,135168,transpose,20261005,2,15.702153607,14.899467358,0.948880,0.474440
mapping,iget,65536,0,135168,transpose,20261005,4,15.702153607,15.810961351,1.006929,0.251732
mapping,iget,65536,0,135168,transpose,20261005,8,15.702153607,17.061890781,1.086596,0.135824
mapping,iget,65536,0,135168,transpose,20261005,16,15.702153607,16.760962961,1.067431,0.066714
mapping,iget,65536,0,135168,transpose,20261005,32,15.702153607,20.037794446,1.276118,0.039879
mapping,iget,65536,0,135168,transpose,20261005,64,15.702153607,19.455549786,1.239037,0.019360
mapping,iget,65536,0,135168,shuffle,20261005,2,15.601617868,15.449879068,0.990274,0.495137
mapping,iget,65536,0,135168,shuffle,20261005,4,15.601617868,15.861810367,1.016677,0.254169
mapping,iget,65536,0,135168,shuffle,20261005,8,15.601617868,18.112314396,1.160925,0.145116
mapping,iget,65536,0,135168,shuffle,20261005,16,15.601617868,17.837051050,1.143282,0.071455
mapping,iget,65536,0,135168,shuffle,20261005,32,15.601617868,19.582883440,1.255183,0.039224
mapping,iget,65536,0,135168,shuffle,20261005,64,15.601617868,19.610455182,1.256950,0.019640
mapping,iget,65536,0,262144,identity,20261005,2,15.666516622,15.755497451,1.005680,0.502840
mapping,iget,65536,0,262144,identity,20261005,4,15.666516622,15.859207907,1.012300,0.253075
mapping,iget,65536,0,262144,identity,20261005,8,15.666516622,17.081615861,1.090326,0.136291
mapping,iget,65536,0,262144,identity,20261005,16,15.666516622,16.646931785,1.062580,0.066411
mapping,iget,65536,0,262144,identity,20261005,32,15.666516622,17.551351054,1.120310,0.035010
mapping,iget,65536,0,262144,identity,20261005,64,15.666516622,16.326435666,1.042123,0.016283
mapping,iget,65536,0,262144,reverse,20261005,2,15.666565308,15.865221150,1.012680,0.506340
mapping,iget,65536,0,262144,reverse,20261005,4,15.666565308,15.894820025,1.014570,0.253642
mapping,iget,65536,0,262144,reverse,20261005,8,15.666565308,17.072505330,1.089741,0.136218
mapping,iget,65536,0,262144,reverse,20261005,16,15.666565308,16.663463202,1.063632,0.066477
mapping,iget,65536,0,262144,reverse,20261005,32,15.666565308,17.448462106,1.113739,0.034804
mapping,iget,65536,0,262144,reverse,20261005,64,15.666565308,16.329047461,1.042286,0.016286
mapping,iget,65536,0,262144,transpose,20261005,2,15.667329353,15.601187039,0.995778,0.497889
mapping,iget,65536,0,262144,transpose,20261005,4,15.667329353,15.888947083,1.014145,0.253536
mapping,iget,65536,0,262144,transpose,20261005,8,15.667329353,17.089809674,1.090793,0.136349
mapping,iget,65536,0,262144,transpose,20261005,16,15.667329353,16.586096139,1.058642,0.066165
mapping,iget,65536,0,262144,transpose,20261005,32,15.667329353,17.439030123,1.113082,0.034784
mapping,iget,65536,0,262144,transpose,20261005,64,15.667329353,16.329488277,1.042264,0.016285
mapping,iget,65536,0,262144,shuffle,20261005,2,15.659927994,15.383385751,0.982341,0.491170
mapping,iget,65536,0,262144,shuffle,20261005,4,15.659927994,15.868820719,1.013339,0.253335
mapping,iget,65536,0,262144,shuffle,20261005,8,15.659927994,17.090840303,1.091374,0.136422
mapping,iget,65536,0,262144,shuffle,20261005,16,15.659927994,16.647635335,1.063072,0.066442
mapping,iget,65536,0,262144,shuffle,20261005,32,15.659927994,17.522341810,1.118929,0.034967
mapping,iget,65536,0,262144,shuffle,20261005,64,15.659927994,16.320051917,1.042154,0.016284
mapping,iget,98304,0,131200,identity,20261005,2,16.363670866,17.368087411,1.061381,0.530690
mapping,iget,98304,0,131200,identity,20261005,4,16.363670866,19.692239645,1.203412,0.300853
mapping,iget,98304,0,131200,identity,20261005,8,16.363670866,20.943247733,1.279862,0.159983
mapping,iget,98304,0,131200,identity,20261005,16,16.363670866,21.293434426,1.301263,0.081329
mapping,iget,98304,0,131200,identity,20261005,32,16.363670866,21.482043338,1.312789,0.041025
mapping,iget,98304,0,131200,identity,20261005,64,16.363670866,20.962368040,1.281031,0.020016
mapping,iget,98304,0,131200,reverse,20261005,2,16.335117162,17.393489119,1.064791,0.532396
mapping,iget,98304,0,131200,reverse,20261005,4,16.335117162,19.656745796,1.203343,0.300836
mapping,iget,98304,0,131200,reverse,20261005,8,16.335117162,20.959789225,1.283112,0.160389
mapping,iget,98304,0,131200,reverse,20261005,16,16.335117162,21.313035823,1.304737,0.081546
mapping,iget,98304,0,131200,reverse,20261005,32,16.335117162,21.464350942,1.314000,0.041063
mapping,iget,98304,0,131200,reverse,20261005,64,16.335117162,20.961091787,1.283192,0.020050
mapping,iget,98304,0,131200,transpose,20261005,2,16.329269731,15.852724985,0.970817,0.485408
mapping,iget,98304,0,131200,transpose,20261005,4,16.329269731,15.786053878,0.966734,0.241683
mapping,iget,98304,0,131200,transpose,20261005,8,16.329269731,16.975693820,1.039587,0.129948
mapping,iget,98304,0,131200,transpose,20261005,16,16.329269731,16.757097116,1.026200,0.064138
mapping,iget,98304,0,131200,transpose,20261005,32,16.329269731,18.748531829,1.148155,0.035880
mapping,iget,98304,0,131200,transpose,20261005,64,16.329269731,17.663323817,1.081697,0.016902
mapping,iget,98304,0,131200,shuffle,20261005,2,16.381884007,15.633204912,0.954298,0.477149
mapping,iget,98304,0,131200,shuffle,20261005,4,16.381884007,15.781986270,0.963380,0.240845
mapping,iget,98304,0,131200,shuffle,20261005,8,16.381884007,18.423678111,1.124637,0.140580
mapping,iget,98304,0,131200,shuffle,20261005,16,16.381884007,16.683619206,1.018419,0.063651
mapping,iget,98304,0,131200,shuffle,20261005,32,16.381884007,19.921703343,1.216081,0.038003
mapping,iget,98304,0,131200,shuffle,20261005,64,16.381884007,19.440416333,1.186702,0.018542
mapping,iget,98304,0,131328,identity,20261005,2,16.349472639,17.270741769,1.056349,0.528174
mapping,iget,98304,0,131328,identity,20261005,4,16.349472639,19.750487953,1.208020,0.302005
mapping,iget,98304,0,131328,identity,20261005,8,16.349472639,20.931767504,1.280272,0.160034
mapping,iget,98304,0,131328,identity,20261005,16,16.349472639,21.247926054,1.299609,0.081226
mapping,iget,98304,0,131328,identity,20261005,32,16.349472639,21.427548662,1.310596,0.040956
mapping,iget,98304,0,131328,identity,20261005,64,16.349472639,20.929427433,1.280129,0.020002
mapping,iget,98304,0,131328,reverse,20261005,2,16.008994637,17.179457560,1.073113,0.536556
mapping,iget,98304,0,131328,reverse,20261005,4,16.008994637,19.569255025,1.222391,0.305598
mapping,iget,98304,0,131328,reverse,20261005,8,16.008994637,20.866911114,1.303449,0.162931
mapping,iget,98304,0,131328,reverse,20261005,16,16.008994637,21.109842383,1.318624,0.082414
mapping,iget,98304,0,131328,reverse,20261005,32,16.008994637,21.172021015,1.322508,0.041328
mapping,iget,98304,0,131328,reverse,20261005,64,16.008994637,20.922159604,1.306900,0.020420
mapping,iget,98304,0,131328,transpose,20261005,2,16.365596886,15.470563768,0.945310,0.472655
mapping,iget,98304,0,131328,transpose,20261005,4,16.365596886,15.769613872,0.963583,0.240896
mapping,iget,98304,0,131328,transpose,20261005,8,16.365596886,16.971937254,1.037050,0.129631
mapping,iget,98304,0,131328,transpose,20261005,16,16.365596886,16.727424123,1.022109,0.063882
mapping,iget,98304,0,131328,transpose,20261005,32,16.365596886,18.724617014,1.144145,0.035755
mapping,iget,98304,0,131328,transpose,20261005,64,16.365596886,17.734122133,1.083622,0.016932
mapping,iget,98304,0,131328,shuffle,20261005,2,16.061650701,15.642769953,0.973920,0.486960
mapping,iget,98304,0,131328,shuffle,20261005,4,16.061650701,15.737299292,0.979806,0.244951
mapping,iget,98304,0,131328,shuffle,20261005,8,16.061650701,18.321888599,1.140723,0.142590
mapping,iget,98304,0,131328,shuffle,20261005,16,16.061650701,17.463569875,1.087284,0.067955
mapping,iget,98304,0,131328,shuffle,20261005,32,16.061650701,20.037002614,1.247506,0.038985
mapping,iget,98304,0,131328,shuffle,20261005,64,16.061650701,19.580595799,1.219090,0.019048
mapping,iget,98304,0,135168,identity,20261005,2,16.323721936,17.397323027,1.065769,0.532885
mapping,iget,98304,0,135168,identity,20261005,4,16.323721936,19.620790266,1.201980,0.300495
mapping,iget,98304,0,135168,identity,20261005,8,16.323721936,20.866056274,1.278266,0.159783
mapping,iget,98304,0,135168,identity,20261005,16,16.323721936,20.929416154,1.282147,0.080134
mapping,iget,98304,0,135168,identity,20261005,32,16.323721936,21.154465652,1.295934,0.040498
mapping,iget,98304,0,135168,identity,20261005,64,16.323721936,20.574934772,1.260432,0.019694
mapping,iget,98304,0,135168,reverse,20261005,2,16.345011699,17.326922457,1.060074,0.530037
mapping,iget,98304,0,135168,reverse,20261005,4,16.345011699,19.642792470,1.201761,0.300440
mapping,iget,98304,0,135168,reverse,20261005,8,16.345011699,20.904511286,1.278954,0.159869
mapping,iget,98304,0,135168,reverse,20261005,16,16.345011699,21.023436676,1.286230,0.080389
mapping,iget,98304,0,135168,reverse,20261005,32,16.345011699,21.229331836,1.298826,0.040588
mapping,iget,98304,0,135168,reverse,20261005,64,16.345011699,20.634926585,1.262460,0.019726
mapping,iget,98304,0,135168,transpose,20261005,2,16.353576896,14.931367111,0.913034,0.456517
mapping,iget,98304,0,135168,transpose,20261005,4,16.353576896,15.729363551,0.961830,0.240458
mapping,iget,98304,0,135168,transpose,20261005,8,16.353576896,16.927570746,1.035099,0.129387
mapping,iget,98304,0,135168,transpose,20261005,16,16.353576896,16.710394208,1.021819,0.063864
mapping,iget,98304,0,135168,transpose,20261005,32,16.353576896,19.647299358,1.201407,0.037544
mapping,iget,98304,0,135168,transpose,20261005,64,16.353576896,19.223498627,1.175492,0.018367
mapping,iget,98304,0,135168,shuffle,20261005,2,16.363218712,15.548018052,0.950181,0.475090
mapping,iget,98304,0,135168,shuffle,20261005,4,16.363218712,15.737058067,0.961734,0.240433
mapping,iget,98304,0,135168,shuffle,20261005,8,16.363218712,17.507507452,1.069931,0.133741
mapping,iget,98304,0,135168,shuffle,20261005,16,16.363218712,17.423035615,1.064768,0.066548
mapping,iget,98304,0,135168,shuffle,20261005,32,16.363218712,19.503641364,1.191920,0.037247
mapping,iget,98304,0,135168,shuffle,20261005,64,16.363218712,19.611646595,1.198520,0.018727
mapping,iget,98304,0,262144,identity,20261005,2,16.333011062,15.672862164,0.959582,0.479791
mapping,iget,98304,0,262144,identity,20261005,4,16.333011062,15.736316805,0.963467,0.240867
mapping,iget,98304,0,262144,identity,20261005,8,16.333011062,16.935796475,1.036906,0.129613
mapping,iget,98304,0,262144,identity,20261005,16,16.333011062,16.694586257,1.022138,0.063884
mapping,iget,98304,0,262144,identity,20261005,32,16.333011062,17.581630448,1.076448,0.033639
mapping,iget,98304,0,262144,identity,20261005,64,16.333011062,16.371922296,1.002382,0.015662
mapping,iget,98304,0,262144,reverse,20261005,2,16.354643415,15.690503290,0.959391,0.479696
mapping,iget,98304,0,262144,reverse,20261005,4,16.354643415,15.755533435,0.963368,0.240842
mapping,iget,98304,0,262144,reverse,20261005,8,16.354643415,16.949123319,1.036349,0.129544
mapping,iget,98304,0,262144,reverse,20261005,16,16.354643415,16.676147164,1.019658,0.063729
mapping,iget,98304,0,262144,reverse,20261005,32,16.354643415,17.537804484,1.072344,0.033511
mapping,iget,98304,0,262144,reverse,20261005,64,16.354643415,16.368293812,1.000835,0.015638
mapping,iget,98304,0,262144,transpose,20261005,2,16.343386684,15.645547125,0.957301,0.478651
mapping,iget,98304,0,262144,transpose,20261005,4,16.343386684,15.693071966,0.960209,0.240052
mapping,iget,98304,0,262144,transpose,20261005,8,16.343386684,16.940033301,1.036507,0.129563
mapping,iget,98304,0,262144,transpose,20261005,16,16.343386684,16.715029316,1.022740,0.063921
mapping,iget,98304,0,262144,transpose,20261005,32,16.343386684,17.631717784,1.078829,0.033713
mapping,iget,98304,0,262144,transpose,20261005,64,16.343386684,16.375515223,1.001966,0.015656
mapping,iget,98304,0,262144,shuffle,20261005,2,16.357764871,15.086610579,0.922290,0.461145
mapping,iget,98304,0,262144,shuffle,20261005,4,16.357764871,15.733078616,0.961811,0.240453
mapping,iget,98304,0,262144,shuffle,20261005,8,16.357764871,16.946221617,1.035974,0.129497
mapping,iget,98304,0,262144,shuffle,20261005,16,16.357764871,16.703931266,1.021162,0.063823
mapping,iget,98304,0,262144,shuffle,20261005,32,16.357764871,17.611743043,1.076660,0.033646
mapping,iget,98304,0,262144,shuffle,20261005,64,16.357764871,16.362195117,1.000271,0.015629
mapping,iget,131072,0,131200,identity,20261005,2,16.681884236,16.919045789,1.014217,0.507108
mapping,iget,131072,0,131200,identity,20261005,4,16.681884236,19.547726178,1.171794,0.292948
mapping,iget,131072,0,131200,identity,20261005,8,16.681884236,20.915988469,1.253815,0.156727
mapping,iget,131072,0,131200,identity,20261005,16,16.681884236,21.171799721,1.269149,0.079322
mapping,iget,131072,0,131200,identity,20261005,32,16.681884236,21.348344105,1.279732,0.039992
mapping,iget,131072,0,131200,identity,20261005,64,16.681884236,20.849133139,1.249807,0.019528
mapping,iget,131072,0,131200,reverse,20261005,2,16.527195756,16.685514548,1.009579,0.504790
mapping,iget,131072,0,131200,reverse,20261005,4,16.527195756,19.456585142,1.177247,0.294312
mapping,iget,131072,0,131200,reverse,20261005,8,16.527195756,20.884307133,1.263633,0.157954
mapping,iget,131072,0,131200,reverse,20261005,16,16.527195756,21.045923231,1.273412,0.079588
mapping,iget,131072,0,131200,reverse,20261005,32,16.527195756,21.341136751,1.291274,0.040352
mapping,iget,131072,0,131200,reverse,20261005,64,16.527195756,20.821290950,1.259820,0.019685
mapping,iget,131072,0,131200,transpose,20261005,2,16.696984984,15.850489369,0.949302,0.474651
mapping,iget,131072,0,131200,transpose,20261005,4,16.696984984,15.734792776,0.942373,0.235593
mapping,iget,131072,0,131200,transpose,20261005,8,16.696984984,16.913101268,1.012943,0.126618
mapping,iget,131072,0,131200,transpose,20261005,16,16.696984984,16.672017702,0.998505,0.062407
mapping,iget,131072,0,131200,transpose,20261005,32,16.696984984,18.990651223,1.137370,0.035543
mapping,iget,131072,0,131200,transpose,20261005,64,16.696984984,18.505717730,1.108327,0.017318
mapping,iget,131072,0,131200,shuffle,20261005,2,16.486757840,15.875877652,0.962947,0.481474
mapping,iget,131072,0,131200,shuffle,20261005,4,16.486757840,15.662008335,0.949975,0.237494
mapping,iget,131072,0,131200,shuffle,20261005,8,16.486757840,18.143258510,1.100475,0.137559
mapping,iget,131072,0,131200,shuffle,20261005,16,16.486757840,17.058949602,1.034706,0.064669
mapping,iget,131072,0,131200,shuffle,20261005,32,16.486757840,20.048360559,1.216028,0.038001
mapping,iget,131072,0,131200,shuffle,20261005,64,16.486757840,19.734878954,1.197014,0.018703
mapping,iget,131072,0,131328,identity,20261005,2,16.702255210,16.861950946,1.009561,0.504781
mapping,iget,131072,0,131328,identity,20261005,4,16.702255210,19.557426533,1.170945,0.292736
mapping,iget,131072,0,131328,identity,20261005,8,16.702255210,20.915875405,1.252279,0.156535
mapping,iget,131072,0,131328,identity,20261005,16,16.702255210,21.214706944,1.270170,0.079386
mapping,iget,131072,0,131328,identity,20261005,32,16.702255210,21.353993296,1.278510,0.039953
mapping,iget,131072,0,131328,identity,20261005,64,16.702255210,20.825736409,1.246882,0.019483
mapping,iget,131072,0,131328,reverse,20261005,2,16.455554924,16.642732073,1.011375,0.505687
mapping,iget,131072,0,131328,reverse,20261005,4,16.455554924,19.385632577,1.178060,0.294515
mapping,iget,131072,0,131328,reverse,20261005,8,16.455554924,20.857058548,1.267478,0.158435
mapping,iget,131072,0,131328,reverse,20261005,16,16.455554924,20.978418753,1.274853,0.079678
mapping,iget,131072,0,131328,reverse,20261005,32,16.455554924,21.323251837,1.295809,0.040494
mapping,iget,131072,0,131328,reverse,20261005,64,16.455554924,20.812583819,1.264776,0.019762
mapping,iget,131072,0,131328,transpose,20261005,2,16.676219478,16.010748427,0.960095,0.480047
mapping,iget,131072,0,131328,transpose,20261005,4,16.676219478,15.718734054,0.942584,0.235646
mapping,iget,131072,0,131328,transpose,20261005,8,16.676219478,16.913667077,1.014239,0.126780
mapping,iget,131072,0,131328,transpose,20261005,16,16.676219478,16.663444136,0.999234,0.062452
mapping,iget,131072,0,131328,transpose,20261005,32,16.676219478,19.080157333,1.144154,0.035755
mapping,iget,131072,0,131328,transpose,20261005,64,16.676219478,18.669690207,1.119540,0.017493
mapping,iget,131072,0,131328,shuffle,20261005,2,16.527287450,15.740858999,0.952416,0.476208
mapping,iget,131072,0,131328,shuffle,20261005,4,16.527287450,15.693441024,0.949547,0.237387
mapping,iget,131072,0,131328,shuffle,20261005,8,16.527287450,18.158750597,1.098713,0.137339
mapping,iget,131072,0,131328,shuffle,20261005,16,16.527287450,17.520777033,1.060112,0.066257
mapping,iget,131072,0,131328,shuffle,20261005,32,16.527287450,20.190711566,1.221659,0.038177
mapping,iget,131072,0,131328,shuffle,20261005,64,16.527287450,19.797996481,1.197898,0.018717
mapping,iget,131072,0,135168,identity,20261005,2,16.704083651,16.599168800,0.993719,0.496860
mapping,iget,131072,0,135168,identity,20261005,4,16.704083651,19.376878114,1.160008,0.290002
mapping,iget,131072,0,135168,identity,20261005,8,16.704083651,20.843361258,1.247800,0.155975
mapping,iget,131072,0,135168,identity,20261005,16,16.704083651,20.726140118,1.240783,0.077549
mapping,iget,131072,0,135168,identity,20261005,32,16.704083651,21.131784297,1.265067,0.039533
mapping,iget,131072,0,135168,identity,20261005,64,16.704083651,20.545674479,1.229979,0.019218
mapping,iget,131072,0,135168,reverse,20261005,2,16.467947420,16.735464631,1.016245,0.508122
mapping,iget,131072,0,135168,reverse,20261005,4,16.467947420,19.644364788,1.192885,0.298221
mapping,iget,131072,0,135168,reverse,20261005,8,16.467947420,20.910792132,1.269787,0.158723
mapping,iget,131072,0,135168,reverse,20261005,16,16.467947420,21.122066047,1.282617,0.080164
mapping,iget,131072,0,135168,reverse,20261005,32,16.467947420,21.228856410,1.289102,0.040284
mapping,iget,131072,0,135168,reverse,20261005,64,16.467947420,20.596429818,1.250698,0.019542
mapping,iget,131072,0,135168,transpose,20261005,2,16.675956391,15.222141508,0.912820,0.456410
mapping,iget,131072,0,135168,transpose,20261005,4,16.675956391,15.694512126,0.941146,0.235287
mapping,iget,131072,0,135168,transpose,20261005,8,16.675956391,16.894746398,1.013120,0.126640
mapping,iget,131072,0,135168,transpose,20261005,16,16.675956391,16.724179479,1.002892,0.062681
mapping,iget,131072,0,135168,transpose,20261005,32,16.675956391,19.419967161,1.164549,0.036392
mapping,iget,131072,0,135168,transpose,20261005,64,16.675956391,19.060027877,1.142965,0.017859
mapping,iget,131072,0,135168,shuffle,20261005,2,16.699878196,15.270427905,0.914404,0.457202
mapping,iget,131072,0,135168,shuffle,20261005,4,16.699878196,15.724551145,0.941597,0.235399
mapping,iget,131072,0,135168,shuffle,20261005,8,16.699878196,17.327383721,1.037575,0.129697
mapping,iget,131072,0,135168,shuffle,20261005,16,16.699878196,17.376618997,1.040524,0.065033
mapping,iget,131072,0,135168,shuffle,20261005,32,16.699878196,19.520443164,1.168897,0.036528
mapping,iget,131072,0,135168,shuffle,20261005,64,16.699878196,19.692593061,1.179206,0.018425
mapping,iget,131072,0,262144,identity,20261005,2,16.700337799,15.930847056,0.953924,0.476962
mapping,iget,131072,0,262144,identity,20261005,4,16.700337799,15.713948401,0.940936,0.235234
mapping,iget,131072,0,262144,identity,20261005,8,16.700337799,16.832485534,1.007913,0.125989
mapping,iget,131072,0,262144,identity,20261005,16,16.700337799,16.704745735,1.000264,0.062516
mapping,iget,131072,0,262144,identity,20261005,32,16.700337799,17.501649309,1.047982,0.032749
mapping,iget,131072,0,262144,identity,20261005,64,16.700337799,16.368214935,0.980113,0.015314
mapping,iget,131072,0,262144,reverse,20261005,2,16.705267349,15.489290194,0.927210,0.463605
mapping,iget,131072,0,262144,reverse,20261005,4,16.705267349,15.713268809,0.940618,0.235154
mapping,iget,131072,0,262144,reverse,20261005,8,16.705267349,16.906812534,1.012065,0.126508
mapping,iget,131072,0,262144,reverse,20261005,16,16.705267349,16.703992911,0.999924,0.062495
mapping,iget,131072,0,262144,reverse,20261005,32,16.705267349,17.522850727,1.048942,0.032779
mapping,iget,131072,0,262144,reverse,20261005,64,16.705267349,16.368836671,0.979861,0.015310
mapping,iget,131072,0,262144,transpose,20261005,2,16.681115692,15.450856164,0.926248,0.463124
mapping,iget,131072,0,262144,transpose,20261005,4,16.681115692,15.719448053,0.942350,0.235587
mapping,iget,131072,0,262144,transpose,20261005,8,16.681115692,16.899224072,1.013075,0.126634
mapping,iget,131072,0,262144,transpose,20261005,16,16.681115692,16.793195195,1.006719,0.062920
mapping,iget,131072,0,262144,transpose,20261005,32,16.681115692,17.652985482,1.058262,0.033071
mapping,iget,131072,0,262144,transpose,20261005,64,16.681115692,16.358747972,0.980675,0.015323
mapping,iget,131072,0,262144,shuffle,20261005,2,16.697640123,15.548262431,0.931165,0.465583
mapping,iget,131072,0,262144,shuffle,20261005,4,16.697640123,15.684031947,0.939296,0.234824
mapping,iget,131072,0,262144,shuffle,20261005,8,16.697640123,16.900621363,1.012156,0.126520
mapping,iget,131072,0,262144,shuffle,20261005,16,16.697640123,16.694486406,0.999811,0.062488
mapping,iget,131072,0,262144,shuffle,20261005,32,16.697640123,17.596310825,1.053820,0.032932
mapping,iget,131072,0,262144,shuffle,20261005,64,16.697640123,16.362990847,0.979958,0.015312
mapping,iget,64,4,131200,identity,20261005,2,0.144975763,0.290226531,2.001897,1.000948
mapping,iget,64,4,131200,identity,20261005,4,0.144975763,0.476505044,3.286791,0.821698
mapping,iget,64,4,131200,identity,20261005,8,0.144975763,0.946358304,6.527700,0.815963
mapping,iget,64,4,131200,identity,20261005,16,0.144975763,1.861381265,12.839258,0.802454
mapping,iget,64,4,131200,identity,20261005,32,0.144975763,3.409820650,23.519936,0.734998
mapping,iget,64,4,131200,identity,20261005,64,0.144975763,3.586588261,24.739227,0.386550
mapping,iget,64,4,131200,reverse,20261005,2,0.144741660,0.290086958,2.004170,1.002085
mapping,iget,64,4,131200,reverse,20261005,4,0.144741660,0.477165221,3.296668,0.824167
mapping,iget,64,4,131200,reverse,20261005,8,0.144741660,0.940500140,6.497785,0.812223
mapping,iget,64,4,131200,reverse,20261005,16,0.144741660,1.861759283,12.862636,0.803915
mapping,iget,64,4,131200,reverse,20261005,32,0.144741660,3.600729710,24.876941,0.777404
mapping,iget,64,4,131200,reverse,20261005,64,0.144741660,3.596650724,24.848760,0.388262
mapping,iget,64,4,131200,transpose,20261005,2,0.145048903,0.290525267,2.002947,1.001474
mapping,iget,64,4,131200,transpose,20261005,4,0.145048903,0.579294826,3.993790,0.998447
mapping,iget,64,4,131200,transpose,20261005,8,0.145048903,0.942514009,6.497905,0.812238
mapping,iget,64,4,131200,transpose,20261005,16,0.145048903,1.861647926,12.834623,0.802164
mapping,iget,64,4,131200,transpose,20261005,32,0.145048903,3.435929725,23.688078,0.740252
mapping,iget,64,4,131200,transpose,20261005,64,0.145048903,3.595139540,24.785707,0.387277
mapping,iget,64,4,131200,shuffle,20261005,2,0.144872815,0.290036477,2.002008,1.001004
mapping,iget,64,4,131200,shuffle,20261005,4,0.144872815,0.578840835,3.995510,0.998878
mapping,iget,64,4,131200,shuffle,20261005,8,0.144872815,1.156250289,7.981140,0.997643
mapping,iget,64,4,131200,shuffle,20261005,16,0.144872815,1.870208276,12.909311,0.806832
mapping,iget,64,4,131200,shuffle,20261005,32,0.144872815,3.596155275,24.822844,0.775714
mapping,iget,64,4,131200,shuffle,20261005,64,0.144872815,3.593809032,24.806649,0.387604
mapping,iget,64,4,131328,identity,20261005,2,0.144796675,0.290141403,2.003785,1.001892
mapping,iget,64,4,131328,identity,20261005,4,0.144796675,0.476331533,3.289658,0.822414
mapping,iget,64,4,131328,identity,20261005,8,0.144796675,0.939271855,6.486833,0.810854
mapping,iget,64,4,131328,identity,20261005,16,0.144796675,1.865707673,12.885017,0.805314
mapping,iget,64,4,131328,identity,20261005,32,0.144796675,3.347905769,23.121427,0.722545
mapping,iget,64,4,131328,identity,20261005,64,0.144796675,3.454303969,23.856238,0.372754
mapping,iget,64,4,131328,reverse,20261005,2,0.145147229,0.289784070,1.996484,0.998242
mapping,iget,64,4,131328,reverse,20261005,4,0.145147229,0.579108612,3.989801,0.997450
mapping,iget,64,4,131328,reverse,20261005,8,0.145147229,0.942264058,6.491781,0.811473
mapping,iget,64,4,131328,reverse,20261005,16,0.145147229,1.467255556,10.108740,0.631796
mapping,iget,64,4,131328,reverse,20261005,32,0.145147229,3.419532947,23.559065,0.736221
mapping,iget,64,4,131328,reverse,20261005,64,0.145147229,3.455304048,23.805512,0.371961
mapping,iget,64,4,131328,transpose,20261005,2,0.144845765,0.290062110,2.002558,1.001279
mapping,iget,64,4,131328,transpose,20261005,4,0.144845765,0.475492892,3.282753,0.820688
mapping,iget,64,4,131328,transpose,20261005,8,0.144845765,0.936210425,6.463499,0.807937
mapping,iget,64,4,131328,transpose,20261005,16,0.144845765,1.859053263,12.834709,0.802169
mapping,iget,64,4,131328,transpose,20261005,32,0.144845765,2.831594120,19.549029,0.610907
mapping,iget,64,4,131328,transpose,20261005,64,0.144845765,3.466642202,23.933335,0.373958
mapping,iget,64,4,131328,shuffle,20261005,2,0.144946212,0.290363142,2.003248,1.001624
mapping,iget,64,4,131328,shuffle,20261005,4,0.144946212,0.475458804,3.280243,0.820061
mapping,iget,64,4,131328,shuffle,20261005,8,0.144946212,0.944066285,6.513218,0.814152
mapping,iget,64,4,131328,shuffle,20261005,16,0.144946212,1.844796413,12.727455,0.795466
mapping,iget,64,4,131328,shuffle,20261005,32,0.144946212,2.848051185,19.649021,0.614032
mapping,iget,64,4,131328,shuffle,20261005,64,0.144946212,3.454102683,23.830238,0.372347
mapping,iget,64,4,135168,identity,20261005,2,0.144955438,0.289997904,2.000600,1.000300
mapping,iget,64,4,135168,identity,20261005,4,0.144955438,0.578415260,3.990297,0.997574
mapping,iget,64,4,135168,identity,20261005,8,0.144955438,1.154668786,7.965681,0.995710
mapping,iget,64,4,135168,identity,20261005,16,0.144955438,1.858029828,12.817938,0.801121
mapping,iget,64,4,135168,identity,20261005,32,0.144955438,3.430596093,23.666557,0.739580
mapping,iget,64,4,135168,identity,20261005,64,0.144955438,3.909768723,26.972211,0.421441
mapping,iget,64,4,135168,reverse,20261005,2,0.144863797,0.290188303,2.003180,1.001590
mapping,iget,64,4,135168,reverse,20261005,4,0.144863797,0.579201638,3.998250,0.999562
mapping,iget,64,4,135168,reverse,20261005,8,0.144863797,1.154838333,7.971891,0.996486
mapping,iget,64,4,135168,reverse,20261005,16,0.144863797,1.859590393,12.836819,0.802301
mapping,iget,64,4,135168,reverse,20261005,32,0.144863797,3.400627456,23.474654,0.733583
mapping,iget,64,4,135168,reverse,20261005,64,0.144863797,3.897911639,26.907424,0.420429
mapping,iget,64,4,135168,transpose,20261005,2,0.145193725,0.290257595,1.999106,0.999553
mapping,iget,64,4,135168,transpose,20261005,4,0.145193725,0.579177134,3.988996,0.997249
mapping,iget,64,4,135168,transpose,20261005,8,0.145193725,0.936960321,6.453174,0.806647
mapping,iget,64,4,135168,transpose,20261005,16,0.145193725,1.857558294,12.793654,0.799603
mapping,iget,64,4,135168,transpose,20261005,32,0.145193725,3.419059688,23.548261,0.735883
mapping,iget,64,4,135168,transpose,20261005,64,0.145193725,3.908473028,26.919022,0.420610
mapping,iget,64,4,135168,shuffle,20261005,2,0.145155393,0.289609206,1.995167,0.997583
mapping,iget,64,4,135168,shuffle,20261005,4,0.145155393,0.475667295,3.276952,0.819238
mapping,iget,64,4,135168,shuffle,20261005,8,0.145155393,0.935306221,6.443482,0.805435
mapping,iget,64,4,135168,shuffle,20261005,16,0.145155393,1.758370979,12.113714,0.757107
mapping,iget,64,4,135168,shuffle,20261005,32,0.145155393,2.526684403,17.406755,0.543961
mapping,iget,64,4,135168,shuffle,20261005,64,0.145155393,3.902044954,26.881846,0.420029
mapping,iget,64,4,262144,identity,20261005,2,0.145162604,0.290119570,1.998583,0.999292
mapping,iget,64,4,262144,identity,20261005,4,0.145162604,0.578713908,3.986660,0.996665
mapping,iget,64,4,262144,identity,20261005,8,0.145162604,1.155770296,7.961901,0.995238
mapping,iget,64,4,262144,identity,20261005,16,0.145162604,1.862664509,12.831573,0.801973
mapping,iget,64,4,262144,identity,20261005,32,0.145162604,3.588121496,24.717947,0.772436
mapping,iget,64,4,262144,identity,20261005,64,0.145162604,3.868749646,26.651145,0.416424
mapping,iget,64,4,262144,reverse,20261005,2,0.145181077,0.289883562,1.996703,0.998352
mapping,iget,64,4,262144,reverse,20261005,4,0.145181077,0.579656852,3.992647,0.998162
mapping,iget,64,4,262144,reverse,20261005,8,0.145181077,1.155847006,7.961416,0.995177
mapping,iget,64,4,262144,reverse,20261005,16,0.145181077,1.879488104,12.945820,0.809114
mapping,iget,64,4,262144,reverse,20261005,32,0.145181077,3.582925122,24.679009,0.771219
mapping,iget,64,4,262144,reverse,20261005,64,0.145181077,3.864421453,26.617942,0.415905
mapping,iget,64,4,262144,transpose,20261005,2,0.145134293,0.289983910,1.998039,0.999019
mapping,iget,64,4,262144,transpose,20261005,4,0.145134293,0.579938259,3.995873,0.998968
mapping,iget,64,4,262144,transpose,20261005,8,0.145134293,1.153597444,7.948483,0.993560
mapping,iget,64,4,262144,transpose,20261005,16,0.145134293,1.860717314,12.820659,0.801291
mapping,iget,64,4,262144,transpose,20261005,32,0.145134293,3.434303189,23.662934,0.739467
mapping,iget,64,4,262144,transpose,20261005,64,0.145134293,3.873052753,26.685993,0.416969
mapping,iget,64,4,262144,shuffle,20261005,2,0.144929210,0.290364789,2.003494,1.001747
mapping,iget,64,4,262144,shuffle,20261005,4,0.144929210,0.579007233,3.995104,0.998776
mapping,iget,64,4,262144,shuffle,20261005,8,0.144929210,0.944663564,6.518103,0.814763
mapping,iget,64,4,262144,shuffle,20261005,16,0.144929210,1.861119416,12.841576,0.802598
mapping,iget,64,4,262144,shuffle,20261005,32,0.144929210,3.444496844,23.766754,0.742711
mapping,iget,64,4,262144,shuffle,20261005,64,0.144929210,3.856860749,26.612032,0.415813
mapping,iget,128,4,131200,identity,20261005,2,0.280999824,0.562154774,2.000552,1.000276
mapping,iget,128,4,131200,identity,20261005,4,0.280999824,0.911477874,3.243696,0.810924
mapping,iget,128,4,131200,identity,20261005,8,0.280999824,1.797035383,6.395148,0.799393
mapping,iget,128,4,131200,identity,20261005,16,0.280999824,3.535245082,12.580951,0.786309
mapping,iget,128,4,131200,identity,20261005,32,0.280999824,5.088872638,18.109878,0.565934
mapping,iget,128,4,131200,identity,20261005,64,0.280999824,5.170552818,18.400555,0.287509
mapping,iget,128,4,131200,reverse,20261005,2,0.286798551,0.562721214,1.962078,0.981039
mapping,iget,128,4,131200,reverse,20261005,4,0.286798551,0.924090479,3.222089,0.805522
mapping,iget,128,4,131200,reverse,20261005,8,0.286798551,1.801499713,6.281411,0.785176
mapping,iget,128,4,131200,reverse,20261005,16,0.286798551,3.509377990,12.236387,0.764774
mapping,iget,128,4,131200,reverse,20261005,32,0.286798551,6.050879387,21.098012,0.659313
mapping,iget,128,4,131200,reverse,20261005,64,0.286798551,5.172722326,18.036082,0.281814
mapping,iget,128,4,131200,transpose,20261005,2,0.281578786,0.562351490,1.997137,0.998569
mapping,iget,128,4,131200,transpose,20261005,4,0.281578786,1.103637131,3.919461,0.979865
mapping,iget,128,4,131200,transpose,20261005,8,0.281578786,1.804722981,6.409300,0.801163
mapping,iget,128,4,131200,transpose,20261005,16,0.281578786,3.541561469,12.577515,0.786095
mapping,iget,128,4,131200,transpose,20261005,32,0.281578786,5.267211314,18.705995,0.584562
mapping,iget,128,4,131200,transpose,20261005,64,0.281578786,5.165281114,18.344000,0.286625
mapping,iget,128,4,131200,shuffle,20261005,2,0.281551224,0.562521644,1.997937,0.998969
mapping,iget,128,4,131200,shuffle,20261005,4,0.281551224,0.942869302,3.348838,0.837209
mapping,iget,128,4,131200,shuffle,20261005,8,0.281551224,1.846487634,6.558265,0.819783
mapping,iget,128,4,131200,shuffle,20261005,16,0.281551224,3.570895528,12.682934,0.792683
mapping,iget,128,4,131200,shuffle,20261005,32,0.281551224,5.340145495,18.966870,0.592715
mapping,iget,128,4,131200,shuffle,20261005,64,0.281551224,5.168284048,18.356461,0.286820
mapping,iget,128,4,131328,identity,20261005,2,0.281853211,0.552194574,1.959157,0.979578
mapping,iget,128,4,131328,identity,20261005,4,0.281853211,0.912562113,3.237721,0.809430
mapping,iget,128,4,131328,identity,20261005,8,0.281853211,1.795693877,6.371025,0.796378
mapping,iget,128,4,131328,identity,20261005,16,0.281853211,3.269856395,11.601274,0.725080
mapping,iget,128,4,131328,identity,20261005,32,0.281853211,5.313633452,18.852485,0.589140
mapping,iget,128,4,131328,identity,20261005,64,0.281853211,6.718515366,23.836930,0.372452
mapping,iget,128,4,131328,reverse,20261005,2,0.281776398,0.563911306,2.001272,1.000636
mapping,iget,128,4,131328,reverse,20261005,4,0.281776398,1.101504737,3.909145,0.977286
mapping,iget,128,4,131328,reverse,20261005,8,0.281776398,1.801209766,6.392337,0.799042
mapping,iget,128,4,131328,reverse,20261005,16,0.281776398,2.683415653,9.523209,0.595201
mapping,iget,128,4,131328,reverse,20261005,32,0.281776398,5.214769970,18.506766,0.578336
mapping,iget,128,4,131328,reverse,20261005,64,0.281776398,6.712126466,23.820755,0.372199
mapping,iget,128,4,131328,transpose,20261005,2,0.281368709,0.551728181,1.960873,0.980436
mapping,iget,128,4,131328,transpose,20261005,4,0.281368709,0.911538890,3.239660,0.809915
mapping,iget,128,4,131328,transpose,20261005,8,0.281368709,1.797294335,6.387684,0.798460
mapping,iget,128,4,131328,transpose,20261005,16,0.281368709,3.411195651,12.123579,0.757724
mapping,iget,128,4,131328,transpose,20261005,32,0.281368709,5.560995266,19.764086,0.617628
mapping,iget,128,4,131328,transpose,20261005,64,0.281368709,6.706993228,23.837026,0.372454
mapping,iget,128,4,131328,shuffle,20261005,2,0.281073190,0.561741293,1.998559,0.999279
mapping,iget,128,4,131328,shuffle,20261005,4,0.281073190,0.907314782,3.228037,0.807009
mapping,iget,128,4,131328,shuffle,20261005,8,0.281073190,1.800592789,6.406135,0.800767
mapping,iget,128,4,131328,shuffle,20261005,16,0.281073190,3.483347456,12.393026,0.774564
mapping,iget,128,4,131328,shuffle,20261005,32,0.281073190,5.455902165,19.410966,0.606593
mapping,iget,128,4,131328,shuffle,20261005,64,0.281073190,6.730517854,23.945784,0.374153
mapping,iget,128,4,135168,identity,20261005,2,0.281263232,0.551841523,1.962011,0.981005
mapping,iget,128,4,135168,identity,20261005,4,0.281263232,1.100948837,3.914301,0.978575
mapping,iget,128,4,135168,identity,20261005,8,0.281263232,2.189066043,7.782980,0.972872
mapping,iget,128,4,135168,identity,20261005,16,0.281263232,3.556774492,12.645714,0.790357
mapping,iget,128,4,135168,identity,20261005,32,0.281263232,6.278892910,22.323902,0.697622
mapping,iget,128,4,135168,identity,20261005,64,0.281263232,7.440985771,26.455594,0.413369
mapping,iget,128,4,135168,reverse,20261005,2,0.281795318,0.551683000,1.957744,0.978872
mapping,iget,128,4,135168,reverse,20261005,4,0.281795318,1.101578678,3.909145,0.977286
mapping,iget,128,4,135168,reverse,20261005,8,0.281795318,2.189578590,7.770103,0.971263
mapping,iget,128,4,135168,reverse,20261005,16,0.281795318,3.544959450,12.579909,0.786244
mapping,iget,128,4,135168,reverse,20261005,32,0.281795318,6.245569511,22.163496,0.692609
mapping,iget,128,4,135168,reverse,20261005,64,0.281795318,7.430152979,26.367198,0.411987
mapping,iget,128,4,135168,transpose,20261005,2,0.281639689,0.563588527,2.001098,1.000549
mapping,iget,128,4,135168,transpose,20261005,4,0.281639689,1.102176497,3.913427,0.978357
mapping,iget,128,4,135168,transpose,20261005,8,0.281639689,1.799016795,6.387654,0.798457
mapping,iget,128,4,135168,transpose,20261005,16,0.281639689,3.557905255,12.632826,0.789552
mapping,iget,128,4,135168,transpose,20261005,32,0.281639689,6.351990859,22.553607,0.704800
mapping,iget,128,4,135168,transpose,20261005,64,0.281639689,7.441567751,26.422298,0.412848
mapping,iget,128,4,135168,shuffle,20261005,2,0.281674830,0.551639490,1.958427,0.979213
mapping,iget,128,4,135168,shuffle,20261005,4,0.281674830,0.910395076,3.232078,0.808020
mapping,iget,128,4,135168,shuffle,20261005,8,0.281674830,1.796363592,6.377437,0.797180
mapping,iget,128,4,135168,shuffle,20261005,16,0.281674830,3.385689181,12.019850,0.751241
mapping,iget,128,4,135168,shuffle,20261005,32,0.281674830,4.467891177,15.861876,0.495684
mapping,iget,128,4,135168,shuffle,20261005,64,0.281674830,7.441819903,26.419897,0.412811
mapping,iget,128,4,262144,identity,20261005,2,0.281834283,0.552200411,1.959309,0.979654
mapping,iget,128,4,262144,identity,20261005,4,0.281834283,1.095719205,3.887814,0.971953
mapping,iget,128,4,262144,identity,20261005,8,0.281834283,2.198379725,7.800257,0.975032
mapping,iget,128,4,262144,identity,20261005,16,0.281834283,3.555627779,12.616023,0.788501
mapping,iget,128,4,262144,identity,20261005,32,0.281834283,6.679246784,23.699199,0.740600
mapping,iget,128,4,262144,identity,20261005,64,0.281834283,7.523053816,26.693182,0.417081
mapping,iget,128,4,262144,reverse,20261005,2,0.281504412,0.561854594,1.995900,0.997950
mapping,iget,128,4,262144,reverse,20261005,4,0.281504412,1.102243172,3.915545,0.978886
mapping,iget,128,4,262144,reverse,20261005,8,0.281504412,2.187523766,7.770833,0.971354
mapping,iget,128,4,262144,reverse,20261005,16,0.281504412,3.589483025,12.751072,0.796942
mapping,iget,128,4,262144,reverse,20261005,32,0.281504412,6.651687378,23.629070,0.738408
mapping,iget,128,4,262144,reverse,20261005,64,0.281504412,7.516961797,26.702821,0.417232
mapping,iget,128,4,262144,transpose,20261005,2,0.281313735,0.551456729,1.960291,0.980145
mapping,iget,128,4,262144,transpose,20261005,4,0.281313735,1.101952091,3.917164,0.979291
mapping,iget,128,4,262144,transpose,20261005,8,0.281313735,2.184241169,7.764431,0.970554
mapping,iget,128,4,262144,transpose,20261005,16,0.281313735,3.549708397,12.618326,0.788645
mapping,iget,128,4,262144,transpose,20261005,32,0.281313735,6.258859778,22.248682,0.695271
mapping,iget,128,4,262144,transpose,20261005,64,0.281313735,7.526926080,26.756340,0.418068
mapping,iget,128,4,262144,shuffle,20261005,2,0.281847626,0.563359329,1.998808,0.999404
mapping,iget,128,4,262144,shuffle,20261005,4,0.281847626,1.099561185,3.901261,0.975315
mapping,iget,128,4,262144,shuffle,20261005,8,0.281847626,1.800282560,6.387432,0.798429
mapping,iget,128,4,262144,shuffle,20261005,16,0.281847626,3.557454718,12.621908,0.788869
mapping,iget,128,4,262144,shuffle,20261005,32,0.281847626,6.302145407,22.360115,0.698754
mapping,iget,128,4,262144,shuffle,20261005,64,0.281847626,7.506666152,26.633775,0.416153
mapping,iget,256,4,131200,identity,20261005,2,0.548565629,1.095300796,1.996663,0.998332
mapping,iget,256,4,131200,identity,20261005,4,0.548565629,1.781440556,3.247452,0.811863
mapping,iget,256,4,131200,identity,20261005,8,0.548565629,3.540364564,6.453858,0.806732
mapping,iget,256,4,131200,identity,20261005,16,0.548565629,6.568175043,11.973362,0.748335
mapping,iget,256,4,131200,identity,20261005,32,0.548565629,7.624564650,13.899093,0.434347
mapping,iget,256,4,131200,identity,20261005,64,0.548565629,8.170864018,14.894962,0.232734
mapping,iget,256,4,131200,reverse,20261005,2,0.547984615,1.068937268,1.950670,0.975335
mapping,iget,256,4,131200,reverse,20261005,4,0.547984615,1.830043306,3.339589,0.834897
mapping,iget,256,4,131200,reverse,20261005,8,0.547984615,3.547996352,6.474628,0.809328
mapping,iget,256,4,131200,reverse,20261005,16,0.547984615,5.651335763,10.312946,0.644559
mapping,iget,256,4,131200,reverse,20261005,32,0.547984615,8.184341094,14.935348,0.466730
mapping,iget,256,4,131200,reverse,20261005,64,0.547984615,8.178712863,14.925078,0.233204
mapping,iget,256,4,131200,transpose,20261005,2,0.548801298,1.094159475,1.993726,0.996863
mapping,iget,256,4,131200,transpose,20261005,4,0.548801298,2.189607149,3.989800,0.997450
mapping,iget,256,4,131200,transpose,20261005,8,0.548801298,3.542248754,6.454520,0.806815
mapping,iget,256,4,131200,transpose,20261005,16,0.548801298,6.806890381,12.403197,0.775200
mapping,iget,256,4,131200,transpose,20261005,32,0.548801298,7.394890015,13.474622,0.421082
mapping,iget,256,4,131200,transpose,20261005,64,0.548801298,8.174417237,14.895040,0.232735
mapping,iget,256,4,131200,shuffle,20261005,2,0.547385050,1.092637989,1.996105,0.998052
mapping,iget,256,4,131200,shuffle,20261005,4,0.547385050,1.798781045,3.286135,0.821534
mapping,iget,256,4,131200,shuffle,20261005,8,0.547385050,3.541319574,6.469522,0.808690
mapping,iget,256,4,131200,shuffle,20261005,16,0.547385050,6.582285072,12.024963,0.751560
mapping,iget,256,4,131200,shuffle,20261005,32,0.547385050,7.976318746,14.571678,0.455365
mapping,iget,256,4,131200,shuffle,20261005,64,0.547385050,8.146750504,14.883034,0.232547
mapping,iget,256,4,131328,identity,20261005,2,0.547238200,1.096513302,2.003722,1.001861
mapping,iget,256,4,131328,identity,20261005,4,0.547238200,1.774820668,3.243232,0.810808
mapping,iget,256,4,131328,identity,20261005,8,0.547238200,2.692544190,4.920242,0.615030
mapping,iget,256,4,131328,identity,20261005,16,0.547238200,3.839837887,7.016758,0.438547
mapping,iget,256,4,131328,identity,20261005,32,0.547238200,5.924750319,10.826639,0.338332
mapping,iget,256,4,131328,identity,20261005,64,0.547238200,7.760417570,14.181060,0.221579
mapping,iget,256,4,131328,reverse,20261005,2,0.533945814,1.068233855,2.000641,1.000320
mapping,iget,256,4,131328,reverse,20261005,4,0.533945814,2.128887507,3.987085,0.996771
mapping,iget,256,4,131328,reverse,20261005,8,0.533945814,3.354659225,6.282771,0.785346
mapping,iget,256,4,131328,reverse,20261005,16,0.533945814,5.057237158,9.471443,0.591965
mapping,iget,256,4,131328,reverse,20261005,32,0.533945814,7.102424821,13.301771,0.415680
mapping,iget,256,4,131328,reverse,20261005,64,0.533945814,7.759469333,14.532316,0.227067
mapping,iget,256,4,131328,transpose,20261005,2,0.548427780,1.095721315,1.997932,0.998966
mapping,iget,256,4,131328,transpose,20261005,4,0.548427780,1.783183362,3.251446,0.812862
mapping,iget,256,4,131328,transpose,20261005,8,0.548427780,3.525975316,6.429243,0.803655
mapping,iget,256,4,131328,transpose,20261005,16,0.548427780,5.057852272,9.222458,0.576404
mapping,iget,256,4,131328,transpose,20261005,32,0.548427780,6.791994103,12.384482,0.387015
mapping,iget,256,4,131328,transpose,20261005,64,0.548427780,7.769918597,14.167624,0.221369
mapping,iget,256,4,131328,shuffle,20261005,2,0.560276444,1.096645998,1.957330,0.978665
mapping,iget,256,4,131328,shuffle,20261005,4,0.560276444,1.789323575,3.193644,0.798411
mapping,iget,256,4,131328,shuffle,20261005,8,0.560276444,3.574381875,6.379675,0.797459
mapping,iget,256,4,131328,shuffle,20261005,16,0.560276444,5.576629782,9.953354,0.622085
mapping,iget,256,4,131328,shuffle,20261005,32,0.560276444,6.258997022,11.171266,0.349102
mapping,iget,256,4,131328,shuffle,20261005,64,0.560276444,7.763858896,13.857193,0.216519
mapping,iget,256,4,135168,identity,20261005,2,0.548259939,1.092554052,1.992767,0.996383
mapping,iget,256,4,135168,identity,20261005,4,0.548259939,2.187085516,3.989140,0.997285
mapping,iget,256,4,135168,identity,20261005,8,0.548259939,4.263610191,7.776622,0.972078
mapping,iget,256,4,135168,identity,20261005,16,0.548259939,6.963394070,12.700899,0.793806
mapping,iget,256,4,135168,identity,20261005,32,0.548259939,10.171199464,18.551783,0.579743
mapping,iget,256,4,135168,identity,20261005,64,0.548259939,8.536116018,15.569469,0.243273
mapping,iget,256,4,135168,reverse,20261005,2,0.548688966,1.094605327,1.994947,0.997473
mapping,iget,256,4,135168,reverse,20261005,4,0.548688966,2.188119282,3.987905,0.996976
mapping,iget,256,4,135168,reverse,20261005,8,0.548688966,4.279599080,7.799681,0.974960
mapping,iget,256,4,135168,reverse,20261005,16,0.548688966,6.479780270,11.809569,0.738098
mapping,iget,256,4,135168,reverse,20261005,32,0.548688966,6.842668246,12.470942,0.389717
mapping,iget,256,4,135168,reverse,20261005,64,0.548688966,8.556213629,15.593923,0.243655
mapping,iget,256,4,135168,transpose,20261005,2,0.548012651,1.095840685,1.999663,0.999832
mapping,iget,256,4,135168,transpose,20261005,4,0.548012651,2.170455355,3.960594,0.990148
mapping,iget,256,4,135168,transpose,20261005,8,0.548012651,3.512908481,6.410269,0.801284
mapping,iget,256,4,135168,transpose,20261005,16,0.548012651,6.845671391,12.491813,0.780738
mapping,iget,256,4,135168,transpose,20261005,32,0.548012651,8.301977121,15.149244,0.473414
mapping,iget,256,4,135168,transpose,20261005,64,0.548012651,8.548992237,15.599991,0.243750
mapping,iget,256,4,135168,shuffle,20261005,2,0.546453920,1.096517294,2.006605,1.003303
mapping,iget,256,4,135168,shuffle,20261005,4,0.546453920,1.793712547,3.282459,0.820615
mapping,iget,256,4,135168,shuffle,20261005,8,0.546453920,3.530967516,6.461602,0.807700
mapping,iget,256,4,135168,shuffle,20261005,16,0.546453920,6.455851183,11.814082,0.738380
mapping,iget,256,4,135168,shuffle,20261005,32,0.546453920,8.181722121,14.972392,0.467887
mapping,iget,256,4,135168,shuffle,20261005,64,0.546453920,8.557015319,15.659171,0.244675
mapping,iget,256,4,262144,identity,20261005,2,0.548556813,1.095983541,1.997940,0.998970
mapping,iget,256,4,262144,identity,20261005,4,0.548556813,2.186318769,3.985583,0.996396
mapping,iget,256,4,262144,identity,20261005,8,0.548556813,3.536629064,6.447152,0.805894
mapping,iget,256,4,262144,identity,20261005,16,0.548556813,6.799217094,12.394736,0.774671
mapping,iget,256,4,262144,identity,20261005,32,0.548556813,7.644094969,13.934919,0.435466
mapping,iget,256,4,262144,identity,20261005,64,0.548556813,8.231598516,15.005918,0.234467
mapping,iget,256,4,262144,reverse,20261005,2,0.548020277,1.096310210,2.000492,1.000246
mapping,iget,256,4,262144,reverse,20261005,4,0.548020277,2.181657037,3.980979,0.995245
mapping,iget,256,4,262144,reverse,20261005,8,0.548020277,3.562281217,6.500273,0.812534
mapping,iget,256,4,262144,reverse,20261005,16,0.548020277,6.806986534,12.421049,0.776316
mapping,iget,256,4,262144,reverse,20261005,32,0.548020277,7.628952770,13.920932,0.435029
mapping,iget,256,4,262144,reverse,20261005,64,0.548020277,8.230989787,15.019499,0.234680
mapping,iget,256,4,262144,transpose,20261005,2,0.548791063,1.093155417,1.991934,0.995967
mapping,iget,256,4,262144,transpose,20261005,4,0.548791063,1.792367839,3.266030,0.816507
mapping,iget,256,4,262144,transpose,20261005,8,0.548791063,3.542926499,6.455875,0.806984
mapping,iget,256,4,262144,transpose,20261005,16,0.548791063,6.525479880,11.890645,0.743165
mapping,iget,256,4,262144,transpose,20261005,32,0.548791063,6.334454235,11.542561,0.360705
mapping,iget,256,4,262144,transpose,20261005,64,0.548791063,8.235347575,15.006344,0.234474
mapping,iget,256,4,262144,shuffle,20261005,2,0.548887078,1.078608208,1.965082,0.982541
mapping,iget,256,4,262144,shuffle,20261005,4,0.548887078,1.794265709,3.268916,0.817229
mapping,iget,256,4,262144,shuffle,20261005,8,0.548887078,3.526391198,6.424621,0.803078
mapping,iget,256,4,262144,shuffle,20261005,16,0.548887078,5.573222841,10.153678,0.634605
mapping,iget,256,4,262144,shuffle,20261005,32,0.548887078,6.940491302,12.644661,0.395146
mapping,iget,256,4,262144,shuffle,20261005,64,0.548887078,8.239641193,15.011542,0.234555
mapping,iget,4096,4,131200,identity,20261005,2,5.688327957,10.435682084,1.834578,0.917289
mapping,iget,4096,4,131200,identity,20261005,4,5.688327957,15.545388473,2.732857,0.683214
mapping,iget,4096,4,131200,identity,20261005,8,5.688327957,19.392481744,3.409171,0.426146
mapping,iget,4096,4,131200,identity,20261005,16,5.688327957,18.874608387,3.318129,0.207383
mapping,iget,4096,4,131200,identity,20261005,32,5.688327957,20.053284897,3.525339,0.110167
mapping,iget,4096,4,131200,identity,20261005,64,5.688327957,19.190202502,3.373610,0.052713
mapping,iget,4096,4,131200,reverse,20261005,2,5.689204956,10.502254421,1.845997,0.922998
mapping,iget,4096,4,131200,reverse,20261005,4,5.689204956,15.641692213,2.749363,0.687341
mapping,iget,4096,4,131200,reverse,20261005,8,5.689204956,19.116849174,3.360197,0.420025
mapping,iget,4096,4,131200,reverse,20261005,16,5.689204956,18.815325809,3.307198,0.206700
mapping,iget,4096,4,131200,reverse,20261005,32,5.689204956,20.078449827,3.529219,0.110288
mapping,iget,4096,4,131200,reverse,20261005,64,5.689204956,19.255866930,3.384632,0.052885
mapping,iget,4096,4,131200,transpose,20261005,2,5.670012472,9.635255248,1.699336,0.849668
mapping,iget,4096,4,131200,transpose,20261005,4,5.670012472,14.540239474,2.564410,0.641103
mapping,iget,4096,4,131200,transpose,20261005,8,5.670012472,15.412982126,2.718333,0.339792
mapping,iget,4096,4,131200,transpose,20261005,16,5.670012472,18.697518790,3.297615,0.206101
mapping,iget,4096,4,131200,transpose,20261005,32,5.670012472,19.687167023,3.472156,0.108505
mapping,iget,4096,4,131200,transpose,20261005,64,5.670012472,19.165185897,3.380096,0.052814
mapping,iget,4096,4,131200,shuffle,20261005,2,5.712333257,9.769361032,1.710223,0.855111
mapping,iget,4096,4,131200,shuffle,20261005,4,5.712333257,14.866285996,2.602489,0.650622
mapping,iget,4096,4,131200,shuffle,20261005,8,5.712333257,17.498085613,3.063212,0.382901
mapping,iget,4096,4,131200,shuffle,20261005,16,5.712333257,16.741425244,2.930751,0.183172
mapping,iget,4096,4,131200,shuffle,20261005,32,5.712333257,19.634651553,3.437238,0.107414
mapping,iget,4096,4,131200,shuffle,20261005,64,5.712333257,19.586510813,3.428811,0.053575
mapping,iget,4096,4,131328,identity,20261005,2,5.676487341,10.244366661,1.804702,0.902351
mapping,iget,4096,4,131328,identity,20261005,4,5.676487341,15.392203375,2.711572,0.677893
mapping,iget,4096,4,131328,identity,20261005,8,5.676487341,19.269263972,3.394575,0.424322
mapping,iget,4096,4,131328,identity,20261005,16,5.676487341,18.126500492,3.193260,0.199579
mapping,iget,4096,4,131328,identity,20261005,32,5.676487341,19.945088314,3.513632,0.109801
mapping,iget,4096,4,131328,identity,20261005,64,5.676487341,19.000780344,3.347278,0.052301
mapping,iget,4096,4,131328,reverse,20261005,2,5.682543382,10.683261890,1.880014,0.940007
mapping,iget,4096,4,131328,reverse,20261005,4,5.682543382,15.031496049,2.645206,0.661301
mapping,iget,4096,4,131328,reverse,20261005,8,5.682543382,19.230441940,3.384126,0.423016
mapping,iget,4096,4,131328,reverse,20261005,16,5.682543382,18.795225366,3.307538,0.206721
mapping,iget,4096,4,131328,reverse,20261005,32,5.682543382,19.758580274,3.477066,0.108658
mapping,iget,4096,4,131328,reverse,20261005,64,5.682543382,19.150426298,3.370045,0.052657
mapping,iget,4096,4,131328,transpose,20261005,2,5.675071666,9.705896640,1.710269,0.855134
mapping,iget,4096,4,131328,transpose,20261005,4,5.675071666,14.426472013,2.542078,0.635519
mapping,iget,4096,4,131328,transpose,20261005,8,5.675071666,15.352899284,2.705323,0.338165
mapping,iget,4096,4,131328,transpose,20261005,16,5.675071666,18.712296162,3.297279,0.206080
mapping,iget,4096,4,131328,transpose,20261005,32,5.675071666,19.933707405,3.512503,0.109766
mapping,iget,4096,4,131328,transpose,20261005,64,5.675071666,19.206272986,3.384323,0.052880
mapping,iget,4096,4,131328,shuffle,20261005,2,5.717987090,9.682299546,1.693306,0.846653
mapping,iget,4096,4,131328,shuffle,20261005,4,5.717987090,16.090430103,2.814003,0.703501
mapping,iget,4096,4,131328,shuffle,20261005,8,5.717987090,16.966827491,2.967273,0.370909
mapping,iget,4096,4,131328,shuffle,20261005,16,5.717987090,16.562226115,2.896513,0.181032
mapping,iget,4096,4,131328,shuffle,20261005,32,5.717987090,19.844741905,3.470582,0.108456
mapping,iget,4096,4,131328,shuffle,20261005,64,5.717987090,19.553123880,3.419582,0.053431
mapping,iget,4096,4,135168,identity,20261005,2,5.621045987,10.411291778,1.852198,0.926099
mapping,iget,4096,4,135168,identity,20261005,4,5.621045987,15.795247929,2.810019,0.702505
mapping,iget,4096,4,135168,identity,20261005,8,5.621045987,19.487686979,3.466915,0.433364
mapping,iget,4096,4,135168,identity,20261005,16,5.621045987,18.733868780,3.332808,0.208301
mapping,iget,4096,4,135168,identity,20261005,32,5.621045987,19.856352307,3.532501,0.110391
mapping,iget,4096,4,135168,identity,20261005,64,5.621045987,18.861488320,3.355512,0.052430
mapping,iget,4096,4,135168,reverse,20261005,2,5.665181677,10.516478212,1.856336,0.928168
mapping,iget,4096,4,135168,reverse,20261005,4,5.665181677,15.938533916,2.813420,0.703355
mapping,iget,4096,4,135168,reverse,20261005,8,5.665181677,19.052658203,3.363115,0.420389
mapping,iget,4096,4,135168,reverse,20261005,16,5.665181677,18.073013474,3.190191,0.199387
mapping,iget,4096,4,135168,reverse,20261005,32,5.665181677,20.271382139,3.578240,0.111820
mapping,iget,4096,4,135168,reverse,20261005,64,5.665181677,19.005430972,3.354779,0.052418
mapping,iget,4096,4,135168,transpose,20261005,2,5.647162632,9.670595346,1.712470,0.856235
mapping,iget,4096,4,135168,transpose,20261005,4,5.647162632,14.530799904,2.573115,0.643279
mapping,iget,4096,4,135168,transpose,20261005,8,5.647162632,15.401485345,2.727296,0.340912
mapping,iget,4096,4,135168,transpose,20261005,16,5.647162632,16.851229837,2.984017,0.186501
mapping,iget,4096,4,135168,transpose,20261005,32,5.647162632,19.499614239,3.452993,0.107906
mapping,iget,4096,4,135168,transpose,20261005,64,5.647162632,19.049811583,3.373342,0.052708
mapping,iget,4096,4,135168,shuffle,20261005,2,5.668058773,9.734372364,1.717409,0.858704
mapping,iget,4096,4,135168,shuffle,20261005,4,5.668058773,14.464400483,2.551914,0.637979
mapping,iget,4096,4,135168,shuffle,20261005,8,5.668058773,16.663962909,2.939977,0.367497
mapping,iget,4096,4,135168,shuffle,20261005,16,5.668058773,16.578176031,2.924842,0.182803
mapping,iget,4096,4,135168,shuffle,20261005,32,5.668058773,19.500873338,3.440485,0.107515
mapping,iget,4096,4,135168,shuffle,20261005,64,5.668058773,19.964098072,3.522211,0.055035
mapping,iget,4096,4,262144,identity,20261005,2,5.643886731,9.658748584,1.711365,0.855682
mapping,iget,4096,4,262144,identity,20261005,4,5.643886731,14.521655738,2.572989,0.643247
mapping,iget,4096,4,262144,identity,20261005,8,5.643886731,15.382744830,2.725559,0.340695
mapping,iget,4096,4,262144,identity,20261005,16,5.643886731,15.303264343,2.711476,0.169467
mapping,iget,4096,4,262144,identity,20261005,32,5.643886731,16.134057236,2.858678,0.089334
mapping,iget,4096,4,262144,identity,20261005,64,5.643886731,15.481787237,2.743107,0.042861
mapping,iget,4096,4,262144,reverse,20261005,2,5.661399648,9.645567772,1.703743,0.851871
mapping,iget,4096,4,262144,reverse,20261005,4,5.661399648,14.320126140,2.529432,0.632358
mapping,iget,4096,4,262144,reverse,20261005,8,5.661399648,15.371055151,2.715063,0.339383
mapping,iget,4096,4,262144,reverse,20261005,16,5.661399648,15.233904922,2.690837,0.168177
mapping,iget,4096,4,262144,reverse,20261005,32,5.661399648,16.148498374,2.852386,0.089137
mapping,iget,4096,4,262144,reverse,20261005,64,5.661399648,15.446732801,2.728430,0.042632
mapping,iget,4096,4,262144,transpose,20261005,2,5.666223993,9.475635979,1.672302,0.836151
mapping,iget,4096,4,262144,transpose,20261005,4,5.666223993,14.431262568,2.546892,0.636723
mapping,iget,4096,4,262144,transpose,20261005,8,5.666223993,15.446104794,2.725996,0.340750
mapping,iget,4096,4,262144,transpose,20261005,16,5.666223993,15.561800074,2.746415,0.171651
mapping,iget,4096,4,262144,transpose,20261005,32,5.666223993,16.141118536,2.848655,0.089020
mapping,iget,4096,4,262144,transpose,20261005,64,5.666223993,15.435262884,2.724083,0.042564
mapping,iget,4096,4,262144,shuffle,20261005,2,5.688967902,9.754157603,1.714574,0.857287
mapping,iget,4096,4,262144,shuffle,20261005,4,5.688967902,14.511417644,2.550800,0.637700
mapping,iget,4096,4,262144,shuffle,20261005,8,5.688967902,15.402093440,2.707362,0.338420
mapping,iget,4096,4,262144,shuffle,20261005,16,5.688967902,15.379842400,2.703450,0.168966
mapping,iget,4096,4,262144,shuffle,20261005,32,5.688967902,16.202421488,2.848042,0.089001
mapping,iget,4096,4,262144,shuffle,20261005,64,5.688967902,15.620691028,2.745786,0.042903
mapping,iget,32768,4,131200,identity,20261005,2,13.934075934,17.121862379,1.228776,0.614388
mapping,iget,32768,4,131200,identity,20261005,4,13.934075934,19.519959588,1.400879,0.350220
mapping,iget,32768,4,131200,identity,20261005,8,13.934075934,20.628072494,1.480405,0.185051
mapping,iget,32768,4,131200,identity,20261005,16,13.934075934,20.794776873,1.492369,0.093273
mapping,iget,32768,4,131200,identity,20261005,32,13.934075934,21.312589201,1.529530,0.047798
mapping,iget,32768,4,131200,identity,20261005,64,13.934075934,20.856214126,1.496778,0.023387
mapping,iget,32768,4,131200,reverse,20261005,2,13.949047325,17.223014863,1.234709,0.617355
mapping,iget,32768,4,131200,reverse,20261005,4,13.949047325,19.514533691,1.398987,0.349747
mapping,iget,32768,4,131200,reverse,20261005,8,13.949047325,20.578314505,1.475249,0.184406
mapping,iget,32768,4,131200,reverse,20261005,16,13.949047325,20.635390942,1.479341,0.092459
mapping,iget,32768,4,131200,reverse,20261005,32,13.949047325,21.334592956,1.529466,0.047796
mapping,iget,32768,4,131200,reverse,20261005,64,13.949047325,20.797061149,1.490931,0.023296
mapping,iget,32768,4,131200,transpose,20261005,2,13.879799614,15.758801085,1.135377,0.567688
mapping,iget,32768,4,131200,transpose,20261005,4,13.879799614,16.169710906,1.164982,0.291245
mapping,iget,32768,4,131200,transpose,20261005,8,13.879799614,17.470446679,1.258696,0.157337
mapping,iget,32768,4,131200,transpose,20261005,16,13.879799614,17.006869142,1.225296,0.076581
mapping,iget,32768,4,131200,transpose,20261005,32,13.879799614,18.755609283,1.351288,0.042228
mapping,iget,32768,4,131200,transpose,20261005,64,13.879799614,17.574928802,1.266224,0.019785
mapping,iget,32768,4,131200,shuffle,20261005,2,13.907575401,15.465354100,1.112009,0.556005
mapping,iget,32768,4,131200,shuffle,20261005,4,13.907575401,16.083969631,1.156490,0.289122
mapping,iget,32768,4,131200,shuffle,20261005,8,13.907575401,18.597162270,1.337197,0.167150
mapping,iget,32768,4,131200,shuffle,20261005,16,13.907575401,17.046293239,1.225684,0.076605
mapping,iget,32768,4,131200,shuffle,20261005,32,13.907575401,20.023099463,1.439726,0.044991
mapping,iget,32768,4,131200,shuffle,20261005,64,13.907575401,19.422571838,1.396546,0.021821
mapping,iget,32768,4,131328,identity,20261005,2,13.831833140,17.181771110,1.242190,0.621095
mapping,iget,32768,4,131328,identity,20261005,4,13.831833140,19.377814153,1.400958,0.350239
mapping,iget,32768,4,131328,identity,20261005,8,13.831833140,20.501247621,1.482179,0.185272
mapping,iget,32768,4,131328,identity,20261005,16,13.831833140,20.478466515,1.480532,0.092533
mapping,iget,32768,4,131328,identity,20261005,32,13.831833140,20.771446519,1.501713,0.046929
mapping,iget,32768,4,131328,identity,20261005,64,13.831833140,20.786175287,1.502778,0.023481
mapping,iget,32768,4,131328,reverse,20261005,2,13.863380883,17.203849445,1.240956,0.620478
mapping,iget,32768,4,131328,reverse,20261005,4,13.863380883,19.429032048,1.401464,0.350366
mapping,iget,32768,4,131328,reverse,20261005,8,13.863380883,20.496719238,1.478479,0.184810
mapping,iget,32768,4,131328,reverse,20261005,16,13.863380883,20.636893596,1.488590,0.093037
mapping,iget,32768,4,131328,reverse,20261005,32,13.863380883,20.647845204,1.489380,0.046543
mapping,iget,32768,4,131328,reverse,20261005,64,13.863380883,20.778386147,1.498796,0.023419
mapping,iget,32768,4,131328,transpose,20261005,2,13.804149417,15.170022724,1.098947,0.549473
mapping,iget,32768,4,131328,transpose,20261005,4,13.804149417,16.172190796,1.171546,0.292886
mapping,iget,32768,4,131328,transpose,20261005,8,13.804149417,17.601693991,1.275102,0.159388
mapping,iget,32768,4,131328,transpose,20261005,16,13.804149417,16.664934868,1.207241,0.075453
mapping,iget,32768,4,131328,transpose,20261005,32,13.804149417,18.973887978,1.374506,0.042953
mapping,iget,32768,4,131328,transpose,20261005,64,13.804149417,17.635985351,1.277586,0.019962
mapping,iget,32768,4,131328,shuffle,20261005,2,13.865856471,15.474735492,1.116032,0.558016
mapping,iget,32768,4,131328,shuffle,20261005,4,13.865856471,16.363704915,1.180144,0.295036
mapping,iget,32768,4,131328,shuffle,20261005,8,13.865856471,18.535492197,1.336772,0.167097
mapping,iget,32768,4,131328,shuffle,20261005,16,13.865856471,16.793253154,1.211123,0.075695
mapping,iget,32768,4,131328,shuffle,20261005,32,13.865856471,20.138341241,1.452369,0.045387
mapping,iget,32768,4,131328,shuffle,20261005,64,13.865856471,19.552725730,1.410135,0.022033
mapping,iget,32768,4,135168,identity,20261005,2,13.875321127,17.168933598,1.237372,0.618686
mapping,iget,32768,4,135168,identity,20261005,4,13.875321127,19.498033342,1.405231,0.351308
mapping,iget,32768,4,135168,identity,20261005,8,13.875321127,20.627986464,1.486667,0.185833
mapping,iget,32768,4,135168,identity,20261005,16,13.875321127,20.581533690,1.483319,0.092707
mapping,iget,32768,4,135168,identity,20261005,32,13.875321127,21.130784413,1.522904,0.047591
mapping,iget,32768,4,135168,identity,20261005,64,13.875321127,20.455705454,1.474251,0.023035
mapping,iget,32768,4,135168,reverse,20261005,2,13.872401676,17.260996721,1.244269,0.622134
mapping,iget,32768,4,135168,reverse,20261005,4,13.872401676,19.495507341,1.405345,0.351336
mapping,iget,32768,4,135168,reverse,20261005,8,13.872401676,20.521417993,1.479298,0.184912
mapping,iget,32768,4,135168,reverse,20261005,16,13.872401676,20.336597594,1.465975,0.091623
mapping,iget,32768,4,135168,reverse,20261005,32,13.872401676,21.034115424,1.516256,0.047383
mapping,iget,32768,4,135168,reverse,20261005,64,13.872401676,20.448939180,1.474073,0.023032
mapping,iget,32768,4,135168,transpose,20261005,2,13.869559770,14.940095769,1.077186,0.538593
mapping,iget,32768,4,135168,transpose,20261005,4,13.869559770,16.167720363,1.165698,0.291425
mapping,iget,32768,4,135168,transpose,20261005,8,13.869559770,17.388893274,1.253745,0.156718
mapping,iget,32768,4,135168,transpose,20261005,16,13.869559770,16.557694353,1.193815,0.074613
mapping,iget,32768,4,135168,transpose,20261005,32,13.869559770,20.006009572,1.442440,0.045076
mapping,iget,32768,4,135168,transpose,20261005,64,13.869559770,19.636402139,1.415791,0.022122
mapping,iget,32768,4,135168,shuffle,20261005,2,13.876320014,16.169631115,1.165268,0.582634
mapping,iget,32768,4,135168,shuffle,20261005,4,13.876320014,16.088850046,1.159446,0.289862
mapping,iget,32768,4,135168,shuffle,20261005,8,13.876320014,18.581241044,1.339061,0.167383
mapping,iget,32768,4,135168,shuffle,20261005,16,13.876320014,17.712907569,1.276485,0.079780
mapping,iget,32768,4,135168,shuffle,20261005,32,13.876320014,19.435827263,1.400647,0.043770
mapping,iget,32768,4,135168,shuffle,20261005,64,13.876320014,19.462065912,1.402538,0.021915
mapping,iget,32768,4,262144,identity,20261005,2,13.888571005,14.762531516,1.062927,0.531463
mapping,iget,32768,4,262144,identity,20261005,4,13.888571005,16.183198868,1.165217,0.291304
mapping,iget,32768,4,262144,identity,20261005,8,13.888571005,17.387905965,1.251958,0.156495
mapping,iget,32768,4,262144,identity,20261005,16,13.888571005,16.462819866,1.185350,0.074084
mapping,iget,32768,4,262144,identity,20261005,32,13.888571005,17.221870647,1.240003,0.038750
mapping,iget,32768,4,262144,identity,20261005,64,13.888571005,16.161737722,1.163672,0.018182
mapping,iget,32768,4,262144,reverse,20261005,2,13.896056918,14.986463566,1.078469,0.539234
mapping,iget,32768,4,262144,reverse,20261005,4,13.896056918,16.140508327,1.161517,0.290379
mapping,iget,32768,4,262144,reverse,20261005,8,13.896056918,17.458260217,1.256346,0.157043
mapping,iget,32768,4,262144,reverse,20261005,16,13.896056918,16.431749122,1.182476,0.073905
mapping,iget,32768,4,262144,reverse,20261005,32,13.896056918,17.262339386,1.242247,0.038820
mapping,iget,32768,4,262144,reverse,20261005,64,13.896056918,16.166126088,1.163361,0.018178
mapping,iget,32768,4,262144,transpose,20261005,2,13.925655326,14.795576498,1.062469,0.531234
mapping,iget,32768,4,262144,transpose,20261005,4,13.925655326,16.176114684,1.161605,0.290401
mapping,iget,32768,4,262144,transpose,20261005,8,13.925655326,17.457378946,1.253613,0.156702
mapping,iget,32768,4,262144,transpose,20261005,16,13.925655326,16.389759464,1.176947,0.073559
mapping,iget,32768,4,262144,transpose,20261005,32,13.925655326,17.364802865,1.246965,0.038968
mapping,iget,32768,4,262144,transpose,20261005,64,13.925655326,16.169660538,1.161142,0.018143
mapping,iget,32768,4,262144,shuffle,20261005,2,13.934514416,15.514060683,1.113355,0.556677
mapping,iget,32768,4,262144,shuffle,20261005,4,13.934514416,16.242553751,1.165635,0.291409
mapping,iget,32768,4,262144,shuffle,20261005,8,13.934514416,17.425866414,1.250554,0.156319
mapping,iget,32768,4,262144,shuffle,20261005,16,13.934514416,16.495057615,1.183755,0.073985
mapping,iget,32768,4,262144,shuffle,20261005,32,13.934514416,17.358701677,1.245734,0.038929
mapping,iget,32768,4,262144,shuffle,20261005,64,13.934514416,16.159214594,1.159654,0.018120
mapping,iget,65536,4,131200,identity,20261005,2,15.610395624,17.434966718,1.116882,0.558441
mapping,iget,65536,4,131200,identity,20261005,4,15.610395624,19.626088809,1.257245,0.314311
mapping,iget,65536,4,131200,identity,20261005,8,15.610395624,20.831409606,1.334458,0.166807
mapping,iget,65536,4,131200,identity,20261005,16,15.610395624,21.191322757,1.357513,0.084845
mapping,iget,65536,4,131200,identity,20261005,32,15.610395624,21.398240066,1.370769,0.042837
mapping,iget,65536,4,131200,identity,20261005,64,15.610395624,20.924574670,1.340426,0.020944
mapping,iget,65536,4,131200,reverse,20261005,2,15.630668222,17.357127345,1.110453,0.555227
mapping,iget,65536,4,131200,reverse,20261005,4,15.630668222,19.625586301,1.255582,0.313896
mapping,iget,65536,4,131200,reverse,20261005,8,15.630668222,20.845813076,1.333648,0.166706
mapping,iget,65536,4,131200,reverse,20261005,16,15.630668222,21.213492551,1.357171,0.084823
mapping,iget,65536,4,131200,reverse,20261005,32,15.630668222,21.416006648,1.370127,0.042816
mapping,iget,65536,4,131200,reverse,20261005,64,15.630668222,20.932878325,1.339218,0.020925
mapping,iget,65536,4,131200,transpose,20261005,2,15.642211152,15.933471145,1.018620,0.509310
mapping,iget,65536,4,131200,transpose,20261005,4,15.642211152,15.887624921,1.015689,0.253922
mapping,iget,65536,4,131200,transpose,20261005,8,15.642211152,17.063472265,1.090861,0.136358
mapping,iget,65536,4,131200,transpose,20261005,16,15.642211152,16.738191375,1.070066,0.066879
mapping,iget,65536,4,131200,transpose,20261005,32,15.642211152,18.792018668,1.201366,0.037543
mapping,iget,65536,4,131200,transpose,20261005,64,15.642211152,17.645158329,1.128048,0.017626
mapping,iget,65536,4,131200,shuffle,20261005,2,15.662064947,15.556065367,0.993232,0.496616
mapping,iget,65536,4,131200,shuffle,20261005,4,15.662064947,15.891527521,1.014651,0.253663
mapping,iget,65536,4,131200,shuffle,20261005,8,15.662064947,18.316746452,1.169498,0.146187
mapping,iget,65536,4,131200,shuffle,20261005,16,15.662064947,17.276732215,1.103094,0.068943
mapping,iget,65536,4,131200,shuffle,20261005,32,15.662064947,19.975269799,1.275392,0.039856
mapping,iget,65536,4,131200,shuffle,20261005,64,15.662064947,19.535305806,1.247301,0.019489
mapping,iget,65536,4,131328,identity,20261005,2,15.653752448,17.515026252,1.118903,0.559451
mapping,iget,65536,4,131328,identity,20261005,4,15.653752448,19.547116900,1.248718,0.312179
mapping,iget,65536,4,131328,identity,20261005,8,15.653752448,20.824873738,1.330344,0.166293
mapping,iget,65536,4,131328,identity,20261005,16,15.653752448,21.177244649,1.352854,0.084553
mapping,iget,65536,4,131328,identity,20261005,32,15.653752448,21.353756947,1.364130,0.042629
mapping,iget,65536,4,131328,identity,20261005,64,15.653752448,20.892465938,1.334662,0.020854
mapping,iget,65536,4,131328,reverse,20261005,2,15.682712236,17.442428356,1.112207,0.556104
mapping,iget,65536,4,131328,reverse,20261005,4,15.682712236,19.585435245,1.248855,0.312214
mapping,iget,65536,4,131328,reverse,20261005,8,15.682712236,20.837278749,1.328678,0.166085
mapping,iget,65536,4,131328,reverse,20261005,16,15.682712236,21.174225519,1.350163,0.084385
mapping,iget,65536,4,131328,reverse,20261005,32,15.682712236,21.346118335,1.361124,0.042535
mapping,iget,65536,4,131328,reverse,20261005,64,15.682712236,20.878954304,1.331336,0.020802
mapping,iget,65536,4,131328,transpose,20261005,2,15.598220162,15.971315190,1.023919,0.511960
mapping,iget,65536,4,131328,transpose,20261005,4,15.598220162,15.885005321,1.018386,0.254596
mapping,iget,65536,4,131328,transpose,20261005,8,15.598220162,17.097057354,1.096090,0.137011
mapping,iget,65536,4,131328,transpose,20261005,16,15.598220162,16.746275849,1.073602,0.067100
mapping,iget,65536,4,131328,transpose,20261005,32,15.598220162,18.941126170,1.214313,0.037947
mapping,iget,65536,4,131328,transpose,20261005,64,15.598220162,17.646409227,1.131309,0.017677
mapping,iget,65536,4,131328,shuffle,20261005,2,15.615230950,15.709013159,1.006006,0.503003
mapping,iget,65536,4,131328,shuffle,20261005,4,15.615230950,15.818460382,1.013015,0.253254
mapping,iget,65536,4,131328,shuffle,20261005,8,15.615230950,18.303392074,1.172150,0.146519
mapping,iget,65536,4,131328,shuffle,20261005,16,15.615230950,17.106813384,1.095521,0.068470
mapping,iget,65536,4,131328,shuffle,20261005,32,15.615230950,20.092015913,1.286693,0.040209
mapping,iget,65536,4,131328,shuffle,20261005,64,15.615230950,19.440770003,1.244988,0.019453
mapping,iget,65536,4,135168,identity,20261005,2,15.648650359,17.352694657,1.108894,0.554447
mapping,iget,65536,4,135168,identity,20261005,4,15.648650359,19.521786820,1.247506,0.311877
mapping,iget,65536,4,135168,identity,20261005,8,15.648650359,20.858033940,1.332897,0.166612
mapping,iget,65536,4,135168,identity,20261005,16,15.648650359,21.066257065,1.346203,0.084138
mapping,iget,65536,4,135168,identity,20261005,32,15.648650359,21.215577641,1.355745,0.042367
mapping,iget,65536,4,135168,identity,20261005,64,15.648650359,20.543284652,1.312783,0.020512
mapping,iget,65536,4,135168,reverse,20261005,2,15.634356078,17.328651967,1.108370,0.554185
mapping,iget,65536,4,135168,reverse,20261005,4,15.634356078,19.510700765,1.247938,0.311984
mapping,iget,65536,4,135168,reverse,20261005,8,15.634356078,20.780648909,1.329166,0.166146
mapping,iget,65536,4,135168,reverse,20261005,16,15.634356078,20.855962119,1.333983,0.083374
mapping,iget,65536,4,135168,reverse,20261005,32,15.634356078,21.072732545,1.347848,0.042120
mapping,iget,65536,4,135168,reverse,20261005,64,15.634356078,20.557415432,1.314887,0.020545
mapping,iget,65536,4,135168,transpose,20261005,2,15.660784951,15.760987851,1.006398,0.503199
mapping,iget,65536,4,135168,transpose,20261005,4,15.660784951,15.828424286,1.010704,0.252676
mapping,iget,65536,4,135168,transpose,20261005,8,15.660784951,17.034298173,1.087704,0.135963
mapping,iget,65536,4,135168,transpose,20261005,16,15.660784951,16.679640105,1.065058,0.066566
mapping,iget,65536,4,135168,transpose,20261005,32,15.660784951,19.961541077,1.274619,0.039832
mapping,iget,65536,4,135168,transpose,20261005,64,15.660784951,19.433333740,1.240891,0.019389
mapping,iget,65536,4,135168,shuffle,20261005,2,15.652391566,15.982281362,1.021076,0.510538
mapping,iget,65536,4,135168,shuffle,20261005,4,15.652391566,15.850288108,1.012643,0.253161
mapping,iget,65536,4,135168,shuffle,20261005,8,15.652391566,18.064632967,1.154113,0.144264
mapping,iget,65536,4,135168,shuffle,20261005,16,15.652391566,17.802804218,1.137386,0.071087
mapping,iget,65536,4,135168,shuffle,20261005,32,15.652391566,19.528256839,1.247621,0.038988
mapping,iget,65536,4,135168,shuffle,20261005,64,15.652391566,19.505887049,1.246192,0.019472
mapping,iget,65536,4,262144,identity,20261005,2,15.645448768,15.450665835,0.987550,0.493775
mapping,iget,65536,4,262144,identity,20261005,4,15.645448768,15.817251088,1.010981,0.252745
mapping,iget,65536,4,262144,identity,20261005,8,15.645448768,17.025956784,1.088237,0.136030
mapping,iget,65536,4,262144,identity,20261005,16,15.645448768,16.639815585,1.063556,0.066472
mapping,iget,65536,4,262144,identity,20261005,32,15.645448768,17.531206839,1.120531,0.035017
mapping,iget,65536,4,262144,identity,20261005,64,15.645448768,16.267659356,1.039769,0.016246
mapping,iget,65536,4,262144,reverse,20261005,2,15.668262039,14.932523273,0.953043,0.476521
mapping,iget,65536,4,262144,reverse,20261005,4,15.668262039,15.802397691,1.008561,0.252140
mapping,iget,65536,4,262144,reverse,20261005,8,15.668262039,17.038814417,1.087473,0.135934
mapping,iget,65536,4,262144,reverse,20261005,16,15.668262039,16.583322205,1.058402,0.066150
mapping,iget,65536,4,262144,reverse,20261005,32,15.668262039,17.541472413,1.119554,0.034986
mapping,iget,65536,4,262144,reverse,20261005,64,15.668262039,16.285061698,1.039366,0.016240
mapping,iget,65536,4,262144,transpose,20261005,2,15.642621848,16.214967076,1.036589,0.518294
mapping,iget,65536,4,262144,transpose,20261005,4,15.642621848,15.886641868,1.015600,0.253900
mapping,iget,65536,4,262144,transpose,20261005,8,15.642621848,17.054597985,1.090265,0.136283
mapping,iget,65536,4,262144,transpose,20261005,16,15.642621848,16.500011841,1.054811,0.065926
mapping,iget,65536,4,262144,transpose,20261005,32,15.642621848,17.524217892,1.120286,0.035009
mapping,iget,65536,4,262144,transpose,20261005,64,15.642621848,16.270756551,1.040155,0.016252
mapping,iget,65536,4,262144,shuffle,20261005,2,15.678367628,15.706957488,1.001824,0.500912
mapping,iget,65536,4,262144,shuffle,20261005,4,15.678367628,15.820135755,1.009042,0.252261
mapping,iget,65536,4,262144,shuffle,20261005,8,15.678367628,16.994625387,1.083954,0.135494
mapping,iget,65536,4,262144,shuffle,20261005,16,15.678367628,16.585198673,1.057840,0.066115
mapping,iget,65536,4,262144,shuffle,20261005,32,15.678367628,17.543505954,1.118963,0.034968
mapping,iget,65536,4,262144,shuffle,20261005,64,15.678367628,16.282576973,1.038538,0.016227
mapping,iget,98304,4,131200,identity,20261005,2,16.270954829,17.342972435,1.065885,0.532943
mapping,iget,98304,4,131200,identity,20261005,4,16.270954829,19.674036692,1.209151,0.302288
mapping,iget,98304,4,131200,identity,20261005,8,16.270954829,20.904670209,1.284784,0.160598
mapping,iget,98304,4,131200,identity,20261005,16,16.270954829,21.352473755,1.312306,0.082019
mapping,iget,98304,4,131200,identity,20261005,32,16.270954829,21.456331533,1.318689,0.041209
mapping,iget,98304,4,131200,identity,20261005,64,16.270954829,20.949753485,1.287555,0.020118
mapping,iget,98304,4,131200,reverse,20261005,2,16.304031443,17.409866211,1.067826,0.533913
mapping,iget,98304,4,131200,reverse,20261005,4,16.304031443,19.677905019,1.206935,0.301734
mapping,iget,98304,4,131200,reverse,20261005,8,16.304031443,20.903710037,1.282119,0.160265
mapping,iget,98304,4,131200,reverse,20261005,16,16.304031443,21.345816038,1.309235,0.081827
mapping,iget,98304,4,131200,reverse,20261005,32,16.304031443,21.463012249,1.316424,0.041138
mapping,iget,98304,4,131200,reverse,20261005,64,16.304031443,20.942486454,1.284497,0.020070
mapping,iget,98304,4,131200,transpose,20261005,2,16.305773054,15.879770956,0.973874,0.486937
mapping,iget,98304,4,131200,transpose,20261005,4,16.305773054,15.767893856,0.967013,0.241753
mapping,iget,98304,4,131200,transpose,20261005,8,16.305773054,16.941791910,1.039006,0.129876
mapping,iget,98304,4,131200,transpose,20261005,16,16.305773054,16.737953492,1.026505,0.064157
mapping,iget,98304,4,131200,transpose,20261005,32,16.305773054,18.699991069,1.146833,0.035839
mapping,iget,98304,4,131200,transpose,20261005,64,16.305773054,17.640468558,1.081854,0.016904
mapping,iget,98304,4,131200,shuffle,20261005,2,16.343106823,15.821555566,0.968087,0.484044
mapping,iget,98304,4,131200,shuffle,20261005,4,16.343106823,15.710271551,0.961278,0.240320
mapping,iget,98304,4,131200,shuffle,20261005,8,16.343106823,18.245489616,1.116403,0.139550
mapping,iget,98304,4,131200,shuffle,20261005,16,16.343106823,16.768926874,1.026055,0.064128
mapping,iget,98304,4,131200,shuffle,20261005,32,16.343106823,19.948894832,1.220631,0.038145
mapping,iget,98304,4,131200,shuffle,20261005,64,16.343106823,19.387651558,1.186289,0.018536
mapping,iget,98304,4,131328,identity,20261005,2,16.287777241,17.320087207,1.063379,0.531690
mapping,iget,98304,4,131328,identity,20261005,4,16.287777241,19.677405763,1.208109,0.302027
mapping,iget,98304,4,131328,identity,20261005,8,16.287777241,20.908371144,1.283685,0.160461
mapping,iget,98304,4,131328,identity,20261005,16,16.287777241,21.271563342,1.305983,0.081624
mapping,iget,98304,4,131328,identity,20261005,32,16.287777241,21.381904460,1.312758,0.041024
mapping,iget,98304,4,131328,identity,20261005,64,16.287777241,20.892943659,1.282738,0.020043
mapping,iget,98304,4,131328,reverse,20261005,2,15.965143809,17.039100892,1.067269,0.533634
mapping,iget,98304,4,131328,reverse,20261005,4,15.965143809,19.480272419,1.220175,0.305044
mapping,iget,98304,4,131328,reverse,20261005,8,15.965143809,20.803578535,1.303062,0.162883
mapping,iget,98304,4,131328,reverse,20261005,16,15.965143809,21.119868491,1.322874,0.082680
mapping,iget,98304,4,131328,reverse,20261005,32,15.965143809,21.131699976,1.323615,0.041363
mapping,iget,98304,4,131328,reverse,20261005,64,15.965143809,20.882420420,1.308001,0.020438
mapping,iget,98304,4,131328,transpose,20261005,2,16.315789124,15.758327428,0.965833,0.482916
mapping,iget,98304,4,131328,transpose,20261005,4,16.315789124,15.741307975,0.964790,0.241197
mapping,iget,98304,4,131328,transpose,20261005,8,16.315789124,16.965711113,1.039834,0.129979
mapping,iget,98304,4,131328,transpose,20261005,16,16.315789124,16.661946256,1.021216,0.063826
mapping,iget,98304,4,131328,transpose,20261005,32,16.315789124,18.688277570,1.145411,0.035794
mapping,iget,98304,4,131328,transpose,20261005,64,16.315789124,17.676657158,1.083408,0.016928
mapping,iget,98304,4,131328,shuffle,20261005,2,16.002005460,15.512203805,0.969391,0.484696
mapping,iget,98304,4,131328,shuffle,20261005,4,16.002005460,15.667773208,0.979113,0.244778
mapping,iget,98304,4,131328,shuffle,20261005,8,16.002005460,18.297190872,1.143431,0.142929
mapping,iget,98304,4,131328,shuffle,20261005,16,16.002005460,17.413493731,1.088207,0.068013
mapping,iget,98304,4,131328,shuffle,20261005,32,16.002005460,19.986237022,1.248983,0.039031
mapping,iget,98304,4,131328,shuffle,20261005,64,16.002005460,19.462450142,1.216251,0.019004
mapping,iget,98304,4,135168,identity,20261005,2,16.309579389,17.402689642,1.067023,0.533511
mapping,iget,98304,4,135168,identity,20261005,4,16.309579389,19.670973828,1.206099,0.301525
mapping,iget,98304,4,135168,identity,20261005,8,16.309579389,20.824722919,1.276840,0.159605
mapping,iget,98304,4,135168,identity,20261005,16,16.309579389,20.927822149,1.283161,0.080198
mapping,iget,98304,4,135168,identity,20261005,32,16.309579389,21.151044283,1.296848,0.040526
mapping,iget,98304,4,135168,identity,20261005,64,16.309579389,20.559733484,1.260593,0.019697
mapping,iget,98304,4,135168,reverse,20261005,2,16.311923049,17.322441843,1.061950,0.530975
mapping,iget,98304,4,135168,reverse,20261005,4,16.311923049,19.666768864,1.205668,0.301417
mapping,iget,98304,4,135168,reverse,20261005,8,16.311923049,20.882136105,1.280176,0.160022
mapping,iget,98304,4,135168,reverse,20261005,16,16.311923049,21.071560747,1.291789,0.080737
mapping,iget,98304,4,135168,reverse,20261005,32,16.311923049,21.175172361,1.298141,0.040567
mapping,iget,98304,4,135168,reverse,20261005,64,16.311923049,20.550963776,1.259874,0.019686
mapping,iget,98304,4,135168,transpose,20261005,2,16.302363199,14.848564400,0.910823,0.455411
mapping,iget,98304,4,135168,transpose,20261005,4,16.302363199,15.724021540,0.964524,0.241131
mapping,iget,98304,4,135168,transpose,20261005,8,16.302363199,16.923773896,1.038118,0.129765
mapping,iget,98304,4,135168,transpose,20261005,16,16.302363199,16.691604538,1.023876,0.063992
mapping,iget,98304,4,135168,transpose,20261005,32,16.302363199,19.863975194,1.218472,0.038077
mapping,iget,98304,4,135168,transpose,20261005,64,16.302363199,19.068768084,1.169693,0.018276
mapping,iget,98304,4,135168,shuffle,20261005,2,16.317554916,15.551015062,0.953024,0.476512
mapping,iget,98304,4,135168,shuffle,20261005,4,16.317554916,15.727340293,0.963829,0.240957
mapping,iget,98304,4,135168,shuffle,20261005,8,16.317554916,17.509564021,1.073051,0.134131
mapping,iget,98304,4,135168,shuffle,20261005,16,16.317554916,17.554213617,1.075787,0.067237
mapping,iget,98304,4,135168,shuffle,20261005,32,16.317554916,19.470458983,1.193222,0.037288
mapping,iget,98304,4,135168,shuffle,20261005,64,16.317554916,19.708349905,1.207800,0.018872
mapping,iget,98304,4,262144,identity,20261005,2,16.296676973,14.738988827,0.904417,0.452208
mapping,iget,98304,4,262144,identity,20261005,4,16.296676973,15.738674349,0.965760,0.241440
mapping,iget,98304,4,262144,identity,20261005,8,16.296676973,16.921319218,1.038329,0.129791
mapping,iget,98304,4,262144,identity,20261005,16,16.296676973,16.675131644,1.023223,0.063951
mapping,iget,98304,4,262144,identity,20261005,32,16.296676973,17.574921143,1.078436,0.033701
mapping,iget,98304,4,262144,identity,20261005,64,16.296676973,16.316562669,1.001220,0.015644
mapping,iget,98304,4,262144,reverse,20261005,2,16.314167207,14.566854139,0.892896,0.446448
mapping,iget,98304,4,262144,reverse,20261005,4,16.314167207,15.691850770,0.961854,0.240464
mapping,iget,98304,4,262144,reverse,20261005,8,16.314167207,16.913455280,1.036734,0.129592
mapping,iget,98304,4,262144,reverse,20261005,16,16.314167207,16.658176405,1.021087,0.063818
mapping,iget,98304,4,262144,reverse,20261005,32,16.314167207,17.581218729,1.077666,0.033677
mapping,iget,98304,4,262144,reverse,20261005,64,16.314167207,16.325738075,1.000709,0.015636
mapping,iget,98304,4,262144,transpose,20261005,2,16.306335641,15.478670614,0.949243,0.474621
mapping,iget,98304,4,262144,transpose,20261005,4,16.306335641,15.737276617,0.965102,0.241275
mapping,iget,98304,4,262144,transpose,20261005,8,16.306335641,16.900878874,1.036461,0.129558
mapping,iget,98304,4,262144,transpose,20261005,16,16.306335641,16.707442335,1.024598,0.064037
mapping,iget,98304,4,262144,transpose,20261005,32,16.306335641,17.618057478,1.080442,0.033764
mapping,iget,98304,4,262144,transpose,20261005,64,16.306335641,16.323527198,1.001054,0.015641
mapping,iget,98304,4,262144,shuffle,20261005,2,16.309330449,15.140051716,0.928306,0.464153
mapping,iget,98304,4,262144,shuffle,20261005,4,16.309330449,15.744233719,0.965351,0.241338
mapping,iget,98304,4,262144,shuffle,20261005,8,16.309330449,16.921601027,1.037541,0.129693
mapping,iget,98304,4,262144,shuffle,20261005,16,16.309330449,16.638867059,1.020205,0.063763
mapping,iget,98304,4,262144,shuffle,20261005,32,16.309330449,17.593232241,1.078722,0.033710
mapping,iget,98304,4,262144,shuffle,20261005,64,16.309330449,16.294389514,0.999084,0.015611
mapping,iget,131072,4,131200,identity,20261005,2,16.695345232,16.914060219,1.013100,0.506550
mapping,iget,131072,4,131200,identity,20261005,4,16.695345232,19.518055676,1.169072,0.292268
mapping,iget,131072,4,131200,identity,20261005,8,16.695345232,20.907098539,1.252271,0.156534
mapping,iget,131072,4,131200,identity,20261005,16,16.695345232,21.131063332,1.265686,0.079105
mapping,iget,131072,4,131200,identity,20261005,32,16.695345232,21.346457939,1.278587,0.039956
mapping,iget,131072,4,131200,identity,20261005,64,16.695345232,20.824188864,1.247305,0.019489
mapping,iget,131072,4,131200,reverse,20261005,2,16.433009396,16.580932775,1.009002,0.504501
mapping,iget,131072,4,131200,reverse,20261005,4,16.433009396,19.414468016,1.181431,0.295358
mapping,iget,131072,4,131200,reverse,20261005,8,16.433009396,20.868976112,1.269942,0.158743
mapping,iget,131072,4,131200,reverse,20261005,16,16.433009396,20.965865506,1.275838,0.079740
mapping,iget,131072,4,131200,reverse,20261005,32,16.433009396,21.333080732,1.298185,0.040568
mapping,iget,131072,4,131200,reverse,20261005,64,16.433009396,20.806947914,1.266168,0.019784
mapping,iget,131072,4,131200,transpose,20261005,2,16.694739180,15.774499942,0.944878,0.472439
mapping,iget,131072,4,131200,transpose,20261005,4,16.694739180,15.720122523,0.941621,0.235405
mapping,iget,131072,4,131200,transpose,20261005,8,16.694739180,16.876542146,1.010890,0.126361
mapping,iget,131072,4,131200,transpose,20261005,16,16.694739180,16.666035014,0.998281,0.062393
mapping,iget,131072,4,131200,transpose,20261005,32,16.694739180,18.955433632,1.135414,0.035482
mapping,iget,131072,4,131200,transpose,20261005,64,16.694739180,18.454943509,1.105435,0.017272
mapping,iget,131072,4,131200,shuffle,20261005,2,16.516971947,15.524149384,0.939891,0.469945
mapping,iget,131072,4,131200,shuffle,20261005,4,16.516971947,15.653456604,0.947720,0.236930
mapping,iget,131072,4,131200,shuffle,20261005,8,16.516971947,18.119060260,1.096996,0.137125
mapping,iget,131072,4,131200,shuffle,20261005,16,16.516971947,17.042937206,1.031844,0.064490
mapping,iget,131072,4,131200,shuffle,20261005,32,16.516971947,20.049768197,1.213889,0.037934
mapping,iget,131072,4,131200,shuffle,20261005,64,16.516971947,19.752560179,1.195895,0.018686
mapping,iget,131072,4,131328,identity,20261005,2,16.700910209,16.774941050,1.004433,0.502216
mapping,iget,131072,4,131328,identity,20261005,4,16.700910209,19.592082241,1.173115,0.293279
mapping,iget,131072,4,131328,identity,20261005,8,16.700910209,20.900746727,1.251474,0.156434
mapping,iget,131072,4,131328,identity,20261005,16,16.700910209,21.179726882,1.268178,0.079261
mapping,iget,131072,4,131328,identity,20261005,32,16.700910209,21.324218848,1.276830,0.039901
mapping,iget,131072,4,131328,identity,20261005,64,16.700910209,20.800736180,1.245485,0.019461
mapping,iget,131072,4,131328,reverse,20261005,2,16.403206104,16.632483060,1.013978,0.506989
mapping,iget,131072,4,131328,reverse,20261005,4,16.403206104,19.331146205,1.178498,0.294625
mapping,iget,131072,4,131328,reverse,20261005,8,16.403206104,20.841650673,1.270584,0.158823
mapping,iget,131072,4,131328,reverse,20261005,16,16.403206104,20.950718660,1.277233,0.079827
mapping,iget,131072,4,131328,reverse,20261005,32,16.403206104,21.267304825,1.296533,0.040517
mapping,iget,131072,4,131328,reverse,20261005,64,16.403206104,20.785056633,1.267134,0.019799
mapping,iget,131072,4,131328,transpose,20261005,2,16.686460876,15.813598558,0.947690,0.473845
mapping,iget,131072,4,131328,transpose,20261005,4,16.686460876,15.675783297,0.939431,0.234858
mapping,iget,131072,4,131328,transpose,20261005,8,16.686460876,16.876053782,1.011362,0.126420
mapping,iget,131072,4,131328,transpose,20261005,16,16.686460876,16.637398893,0.997060,0.062316
mapping,iget,131072,4,131328,transpose,20261005,32,16.686460876,19.026057745,1.140209,0.035632
mapping,iget,131072,4,131328,transpose,20261005,64,16.686460876,18.589591327,1.114052,0.017407
mapping,iget,131072,4,131328,shuffle,20261005,2,16.527306206,15.584127142,0.942932,0.471466
mapping,iget,131072,4,131328,shuffle,20261005,4,16.527306206,15.680782565,0.948780,0.237195
mapping,iget,131072,4,131328,shuffle,20261005,8,16.527306206,18.044620795,1.091807,0.136476
mapping,iget,131072,4,131328,shuffle,20261005,16,16.527306206,17.462831346,1.056605,0.066038
mapping,iget,131072,4,131328,shuffle,20261005,32,16.527306206,20.045092071,1.212847,0.037901
mapping,iget,131072,4,131328,shuffle,20261005,64,16.527306206,19.795756020,1.197761,0.018715
mapping,iget,131072,4,135168,identity,20261005,2,16.703511023,16.910417055,1.012387,0.506193
mapping,iget,131072,4,135168,identity,20261005,4,16.703511023,19.370427128,1.159662,0.289916
mapping,iget,131072,4,135168,identity,20261005,8,16.703511023,20.797371546,1.245090,0.155636
mapping,iget,131072,4,135168,identity,20261005,16,16.703511023,20.671971760,1.237582,0.077349
mapping,iget,131072,4,135168,identity,20261005,32,16.703511023,21.129037077,1.264946,0.039530
mapping,iget,131072,4,135168,identity,20261005,64,16.703511023,20.523533340,1.228696,0.019198
mapping,iget,131072,4,135168,reverse,20261005,2,16.425064715,16.901772054,1.029023,0.514512
mapping,iget,131072,4,135168,reverse,20261005,4,16.425064715,19.633865527,1.195360,0.298840
mapping,iget,131072,4,135168,reverse,20261005,8,16.425064715,20.865909702,1.270370,0.158796
mapping,iget,131072,4,135168,reverse,20261005,16,16.425064715,21.049498710,1.281547,0.080097
mapping,iget,131072,4,135168,reverse,20261005,32,16.425064715,21.226051346,1.292296,0.040384
mapping,iget,131072,4,135168,reverse,20261005,64,16.425064715,20.557865223,1.251615,0.019556
mapping,iget,131072,4,135168,transpose,20261005,2,16.693040342,15.644078126,0.937162,0.468581
mapping,iget,131072,4,135168,transpose,20261005,4,16.693040342,15.697053761,0.940335,0.235084
mapping,iget,131072,4,135168,transpose,20261005,8,16.693040342,16.885954251,1.011557,0.126445
mapping,iget,131072,4,135168,transpose,20261005,16,16.693040342,16.684025706,0.999460,0.062466
mapping,iget,131072,4,135168,transpose,20261005,32,16.693040342,19.430803589,1.164006,0.036375
mapping,iget,131072,4,135168,transpose,20261005,64,16.693040342,18.978266455,1.136897,0.017764
mapping,iget,131072,4,135168,shuffle,20261005,2,16.672961174,15.299727441,0.917637,0.458819
mapping,iget,131072,4,135168,shuffle,20261005,4,16.672961174,15.685497823,0.940775,0.235194
mapping,iget,131072,4,135168,shuffle,20261005,8,16.672961174,17.339610021,1.039984,0.129998
mapping,iget,131072,4,135168,shuffle,20261005,16,16.672961174,17.339381354,1.039970,0.064998
mapping,iget,131072,4,135168,shuffle,20261005,32,16.672961174,19.376447902,1.162148,0.036317
mapping,iget,131072,4,135168,shuffle,20261005,64,16.672961174,19.692242049,1.181088,0.018455
mapping,iget,131072,4,262144,identity,20261005,2,16.684309224,15.345976116,0.919785,0.459892
mapping,iget,131072,4,262144,identity,20261005,4,16.684309224,15.690437081,0.940431,0.235108
mapping,iget,131072,4,262144,identity,20261005,8,16.684309224,16.872611043,1.011286,0.126411
mapping,iget,131072,4,262144,identity,20261005,16,16.684309224,16.712067148,1.001664,0.062604
mapping,iget,131072,4,262144,identity,20261005,32,16.684309224,17.588695661,1.054206,0.032944
mapping,iget,131072,4,262144,identity,20261005,64,16.684309224,16.331526645,0.978855,0.015295
mapping,iget,131072,4,262144,reverse,20261005,2,16.697189177,15.676641521,0.938879,0.469440
mapping,iget,131072,4,262144,reverse,20261005,4,16.697189177,15.688181122,0.939570,0.234893
mapping,iget,131072,4,262144,reverse,20261005,8,16.697189177,16.879890568,1.010942,0.126368
mapping,iget,131072,4,262144,reverse,20261005,16,16.697189177,16.673874129,0.998604,0.062413
mapping,iget,131072,4,262144,reverse,20261005,32,16.697189177,17.605503016,1.054399,0.032950
mapping,iget,131072,4,262144,reverse,20261005,64,16.697189177,16.338970627,0.978546,0.015290
mapping,iget,131072,4,262144,transpose,20261005,2,16.696776541,15.475295485,0.926843,0.463422
mapping,iget,131072,4,262144,transpose,20261005,4,16.696776541,15.681486085,0.939192,0.234798
mapping,iget,131072,4,262144,transpose,20261005,8,16.696776541,16.894119251,1.011819,0.126477
mapping,iget,131072,4,262144,transpose,20261005,16,16.696776541,16.745208940,1.002901,0.062681
mapping,iget,131072,4,262144,transpose,20261005,32,16.696776541,17.632599794,1.056048,0.033002
mapping,iget,131072,4,262144,transpose,20261005,64,16.696776541,16.349913560,0.979226,0.015300
mapping,iget,131072,4,262144,shuffle,20261005,2,16.674498952,15.212104180,0.912298,0.456149
mapping,iget,131072,4,262144,shuffle,20261005,4,16.674498952,15.662100506,0.939285,0.234821
mapping,iget,131072,4,262144,shuffle,20261005,8,16.674498952,16.878161448,1.012214,0.126527
mapping,iget,131072,4,262144,shuffle,20261005,16,16.674498952,16.644591099,0.998206,0.062388
mapping,iget,131072,4,262144,shuffle,20261005,32,16.674498952,17.589853586,1.054895,0.032965
mapping,iget,131072,4,262144,shuffle,20261005,64,16.674498952,16.334183993,0.979591,0.015306
mapping,iput,64,0,131200,identity,20261005,2,0.273450986,0.546905710,2.000014,1.000007
mapping,iput,64,0,131200,identity,20261005,4,0.273450986,0.681981048,2.493979,0.623495
mapping,iput,64,0,131200,identity,20261005,8,0.273450986,1.285951383,4.702676,0.587834
mapping,iput,64,0,131200,identity,20261005,16,0.273450986,1.318205382,4.820628,0.301289
mapping,iput,64,0,131200,identity,20261005,32,0.273450986,2.196858707,8.033830,0.251057
mapping,iput,64,0,131200,identity,20261005,64,0.273450986,2.137739303,7.817632,0.122151
mapping,iput,64,0,131200,reverse,20261005,2,0.272563348,0.544791200,1.998769,0.999385
mapping,iput,64,0,131200,reverse,20261005,4,0.272563348,0.683145597,2.506374,0.626593
mapping,iput,64,0,131200,reverse,20261005,8,0.272563348,1.280971937,4.699722,0.587465
mapping,iput,64,0,131200,reverse,20261005,16,0.272563348,1.986082681,7.286683,0.455418
mapping,iput,64,0,131200,reverse,20261005,32,0.272563348,2.094381331,7.684017,0.240126
mapping,iput,64,0,131200,reverse,20261005,64,0.272563348,2.135810206,7.836014,0.122438
mapping,iput,64,0,131200,transpose,20261005,2,0.273455425,0.546490549,1.998463,0.999231
mapping,iput,64,0,131200,transpose,20261005,4,0.273455425,1.086438950,3.973002,0.993250
mapping,iput,64,0,131200,transpose,20261005,8,0.273455425,2.122736456,7.762642,0.970330
mapping,iput,64,0,131200,transpose,20261005,16,0.273455425,2.196920921,8.033927,0.502120
mapping,iput,64,0,131200,transpose,20261005,32,0.273455425,1.925560900,7.041590,0.220050
mapping,iput,64,0,131200,transpose,20261005,64,0.273455425,2.141522538,7.831340,0.122365
mapping,iput,64,0,131200,shuffle,20261005,2,0.272453813,0.543074736,1.993273,0.996636
mapping,iput,64,0,131200,shuffle,20261005,4,0.272453813,1.078261573,3.957594,0.989398
mapping,iput,64,0,131200,shuffle,20261005,8,0.272453813,0.964015849,3.538273,0.442284
mapping,iput,64,0,131200,shuffle,20261005,16,0.272453813,1.184422439,4.347241,0.271703
mapping,iput,64,0,131200,shuffle,20261005,32,0.272453813,1.894351254,6.952926,0.217279
mapping,iput,64,0,131200,shuffle,20261005,64,0.272453813,2.142631797,7.864202,0.122878
mapping,iput,64,0,131328,identity,20261005,2,0.273453556,0.545047308,1.993199,0.996599
mapping,iput,64,0,131328,identity,20261005,4,0.273453556,0.659791434,2.412810,0.603202
mapping,iput,64,0,131328,identity,20261005,8,0.273453556,0.792967985,2.899827,0.362478
mapping,iput,64,0,131328,identity,20261005,16,0.273453556,1.028500099,3.761151,0.235072
mapping,iput,64,0,131328,identity,20261005,32,0.273453556,1.392628670,5.092743,0.159148
mapping,iput,64,0,131328,identity,20261005,64,0.273453556,1.749218745,6.396767,0.099949
mapping,iput,64,0,131328,reverse,20261005,2,0.272891550,0.543121745,1.990248,0.995124
mapping,iput,64,0,131328,reverse,20261005,4,0.272891550,0.558078657,2.045057,0.511264
mapping,iput,64,0,131328,reverse,20261005,8,0.272891550,0.535612084,1.962729,0.245341
mapping,iput,64,0,131328,reverse,20261005,16,0.272891550,0.856017304,3.136841,0.196053
mapping,iput,64,0,131328,reverse,20261005,32,0.272891550,1.088417847,3.988463,0.124639
mapping,iput,64,0,131328,reverse,20261005,64,0.272891550,1.788014627,6.552107,0.102377
mapping,iput,64,0,131328,transpose,20261005,2,0.273453556,0.343857707,1.257463,0.628731
mapping,iput,64,0,131328,transpose,20261005,4,0.273453556,0.669298894,2.447578,0.611894
mapping,iput,64,0,131328,transpose,20261005,8,0.273453556,1.229585164,4.496505,0.562063
mapping,iput,64,0,131328,transpose,20261005,16,0.273453556,1.447977929,5.295151,0.330947
mapping,iput,64,0,131328,transpose,20261005,32,0.273453556,1.484367860,5.428227,0.169632
mapping,iput,64,0,131328,transpose,20261005,64,0.273453556,1.737559018,6.354128,0.099283
mapping,iput,64,0,131328,shuffle,20261005,2,0.272751293,0.544809751,1.997460,0.998730
mapping,iput,64,0,131328,shuffle,20261005,4,0.272751293,1.081931823,3.966734,0.991683
mapping,iput,64,0,131328,shuffle,20261005,8,0.272751293,0.852151258,3.124279,0.390535
mapping,iput,64,0,131328,shuffle,20261005,16,0.272751293,1.223158305,4.484519,0.280282
mapping,iput,64,0,131328,shuffle,20261005,32,0.272751293,1.524208494,5.588272,0.174634
mapping,iput,64,0,131328,shuffle,20261005,64,0.272751293,1.744968953,6.397656,0.099963
mapping,iput,64,0,135168,identity,20261005,2,0.273489080,0.546466751,1.998130,0.999065
mapping,iput,64,0,135168,identity,20261005,4,0.273489080,1.085923714,3.970629,0.992657
mapping,iput,64,0,135168,identity,20261005,8,0.273489080,2.120701024,7.754244,0.969280
mapping,iput,64,0,135168,identity,20261005,16,0.273489080,1.741732680,6.368564,0.398035
mapping,iput,64,0,135168,identity,20261005,32,0.273489080,1.857595529,6.792211,0.212257
mapping,iput,64,0,135168,identity,20261005,64,0.273489080,1.665480310,6.089751,0.095152
mapping,iput,64,0,135168,reverse,20261005,2,0.273382536,0.545608618,1.995770,0.997885
mapping,iput,64,0,135168,reverse,20261005,4,0.273382536,1.086196940,3.973176,0.993294
mapping,iput,64,0,135168,reverse,20261005,8,0.273382536,2.119698374,7.753598,0.969200
mapping,iput,64,0,135168,reverse,20261005,16,0.273382536,1.742051211,6.372211,0.398263
mapping,iput,64,0,135168,reverse,20261005,32,0.273382536,1.851988835,6.774349,0.211698
mapping,iput,64,0,135168,reverse,20261005,64,0.273382536,1.661426373,6.077295,0.094958
mapping,iput,64,0,135168,transpose,20261005,2,0.273486742,0.546817862,1.999431,0.999715
mapping,iput,64,0,135168,transpose,20261005,4,0.273486742,1.087290298,3.975660,0.993915
mapping,iput,64,0,135168,transpose,20261005,8,0.273486742,1.198296827,4.381554,0.547694
mapping,iput,64,0,135168,transpose,20261005,16,0.273486742,1.729018554,6.322129,0.395133
mapping,iput,64,0,135168,transpose,20261005,32,0.273486742,1.699707357,6.214953,0.194217
mapping,iput,64,0,135168,transpose,20261005,64,0.273486742,1.665178671,6.088700,0.095136
mapping,iput,64,0,135168,shuffle,20261005,2,0.273413136,0.546345927,1.998243,0.999122
mapping,iput,64,0,135168,shuffle,20261005,4,0.273413136,0.697793338,2.552157,0.638039
mapping,iput,64,0,135168,shuffle,20261005,8,0.273413136,0.890075502,3.255423,0.406928
mapping,iput,64,0,135168,shuffle,20261005,16,0.273413136,1.109937583,4.059562,0.253723
mapping,iput,64,0,135168,shuffle,20261005,32,0.273413136,1.343217790,4.912777,0.153524
mapping,iput,64,0,135168,shuffle,20261005,64,0.273413136,1.655999432,6.056766,0.094637
mapping,iput,64,0,262144,identity,20261005,2,0.273483704,0.546376245,1.997838,0.998919
mapping,iput,64,0,262144,identity,20261005,4,0.273483704,1.086360573,3.972305,0.993076
mapping,iput,64,0,262144,identity,20261005,8,0.273483704,2.116352252,7.738495,0.967312
mapping,iput,64,0,262144,identity,20261005,16,0.273483704,2.188391438,8.001908,0.500119
mapping,iput,64,0,262144,identity,20261005,32,0.273483704,2.344221985,8.571706,0.267866
mapping,iput,64,0,262144,identity,20261005,64,0.273483704,2.204700285,8.061542,0.125962
mapping,iput,64,0,262144,reverse,20261005,2,0.273454257,0.546454153,1.998338,0.999169
mapping,iput,64,0,262144,reverse,20261005,4,0.273454257,1.086280364,3.972439,0.993110
mapping,iput,64,0,262144,reverse,20261005,8,0.273454257,2.120881989,7.755893,0.969487
mapping,iput,64,0,262144,reverse,20261005,16,0.273454257,2.199783760,8.044430,0.502777
mapping,iput,64,0,262144,reverse,20261005,32,0.273454257,2.353339168,8.605970,0.268937
mapping,iput,64,0,262144,reverse,20261005,64,0.273454257,2.214374001,8.097786,0.126528
mapping,iput,64,0,262144,transpose,20261005,2,0.273454023,0.546648086,1.999049,0.999525
mapping,iput,64,0,262144,transpose,20261005,4,0.273454023,1.085849556,3.970867,0.992717
mapping,iput,64,0,262144,transpose,20261005,8,0.273454023,2.122928331,7.763383,0.970423
mapping,iput,64,0,262144,transpose,20261005,16,0.273454023,1.749650326,6.398335,0.399896
mapping,iput,64,0,262144,transpose,20261005,32,0.273454023,1.904005226,6.962798,0.217587
mapping,iput,64,0,262144,transpose,20261005,64,0.273454023,2.178664882,7.967207,0.124488
mapping,iput,64,0,262144,shuffle,20261005,2,0.273457529,0.546598365,1.998842,0.999421
mapping,iput,64,0,262144,shuffle,20261005,4,0.273457529,1.086962983,3.974888,0.993722
mapping,iput,64,0,262144,shuffle,20261005,8,0.273457529,1.272288026,4.652598,0.581575
mapping,iput,64,0,262144,shuffle,20261005,16,0.273457529,1.396791499,5.107892,0.319243
mapping,iput,64,0,262144,shuffle,20261005,32,0.273457529,1.836720894,6.716659,0.209896
mapping,iput,64,0,262144,shuffle,20261005,64,0.273457529,2.198537489,8.039777,0.125622
mapping,iput,128,0,131200,identity,20261005,2,0.533296891,1.066370305,1.999581,0.999790
mapping,iput,128,0,131200,identity,20261005,4,0.533296891,2.124705259,3.984095,0.996024
mapping,iput,128,0,131200,identity,20261005,8,0.533296891,4.249474003,7.968308,0.996039
mapping,iput,128,0,131200,identity,20261005,16,0.533296891,8.497629128,15.934143,0.995884
mapping,iput,128,0,131200,identity,20261005,32,0.533296891,16.173741362,30.327837,0.947745
mapping,iput,128,0,131200,identity,20261005,64,0.533296891,18.835097936,35.318222,0.551847
mapping,iput,128,0,131200,reverse,20261005,2,0.531436327,1.063638841,2.001442,1.000721
mapping,iput,128,0,131200,reverse,20261005,4,0.531436327,2.126252028,4.000953,1.000238
mapping,iput,128,0,131200,reverse,20261005,8,0.531436327,4.250729972,7.998569,0.999821
mapping,iput,128,0,131200,reverse,20261005,16,0.531436327,8.504686714,16.003209,1.000201
mapping,iput,128,0,131200,reverse,20261005,32,0.531436327,16.203999492,30.490952,0.952842
mapping,iput,128,0,131200,reverse,20261005,64,0.531436327,18.838779646,35.448799,0.553887
mapping,iput,128,0,131200,transpose,20261005,2,0.533320889,1.066248164,1.999262,0.999631
mapping,iput,128,0,131200,transpose,20261005,4,0.533320889,2.129326650,3.992581,0.998145
mapping,iput,128,0,131200,transpose,20261005,8,0.533320889,4.255964689,7.980120,0.997515
mapping,iput,128,0,131200,transpose,20261005,16,0.533320889,8.511299706,15.959059,0.997441
mapping,iput,128,0,131200,transpose,20261005,32,0.533320889,16.112852911,30.212304,0.944135
mapping,iput,128,0,131200,transpose,20261005,64,0.533320889,18.622304119,34.917635,0.545588
mapping,iput,128,0,131200,shuffle,20261005,2,0.531173229,1.062665730,2.000601,1.000301
mapping,iput,128,0,131200,shuffle,20261005,4,0.531173229,2.126407447,4.003228,1.000807
mapping,iput,128,0,131200,shuffle,20261005,8,0.531173229,4.249738541,8.000664,1.000083
mapping,iput,128,0,131200,shuffle,20261005,16,0.531173229,8.501915214,16.005918,1.000370
mapping,iput,128,0,131200,shuffle,20261005,32,0.531173229,16.133301403,30.372957,0.949155
mapping,iput,128,0,131200,shuffle,20261005,64,0.531173229,18.473575706,34.778815,0.543419
mapping,iput,128,0,131328,identity,20261005,2,0.533311112,1.063526604,1.994195,0.997098
mapping,iput,128,0,131328,identity,20261005,4,0.533311112,2.128988423,3.992020,0.998005
mapping,iput,128,0,131328,identity,20261005,8,0.533311112,4.252323932,7.973440,0.996680
mapping,iput,128,0,131328,identity,20261005,16,0.533311112,8.497396428,15.933282,0.995830
mapping,iput,128,0,131328,identity,20261005,32,0.533311112,12.774857484,23.953856,0.748558
mapping,iput,128,0,131328,identity,20261005,64,0.533311112,17.305310504,32.448809,0.507013
mapping,iput,128,0,131328,reverse,20261005,2,0.532119657,1.064320284,2.000152,1.000076
mapping,iput,128,0,131328,reverse,20261005,4,0.532119657,2.127893905,3.998901,0.999725
mapping,iput,128,0,131328,reverse,20261005,8,0.532119657,4.254041027,7.994520,0.999315
mapping,iput,128,0,131328,reverse,20261005,16,0.532119657,8.498817511,15.971629,0.998227
mapping,iput,128,0,131328,reverse,20261005,32,0.532119657,13.928959586,26.176367,0.818011
mapping,iput,128,0,131328,reverse,20261005,64,0.532119657,17.263481141,32.442856,0.506920
mapping,iput,128,0,131328,transpose,20261005,2,0.533305113,1.066639112,2.000054,1.000027
mapping,iput,128,0,131328,transpose,20261005,4,0.533305113,2.129838623,3.993659,0.998415
mapping,iput,128,0,131328,transpose,20261005,8,0.533305113,4.255909855,7.980253,0.997532
mapping,iput,128,0,131328,transpose,20261005,16,0.533305113,8.506530673,15.950589,0.996912
mapping,iput,128,0,131328,transpose,20261005,32,0.533305113,15.756597498,29.545184,0.923287
mapping,iput,128,0,131328,transpose,20261005,64,0.533305113,17.100761310,32.065624,0.501025
mapping,iput,128,0,131328,shuffle,20261005,2,0.531818537,1.063817409,2.000339,1.000170
mapping,iput,128,0,131328,shuffle,20261005,4,0.531818537,2.129075183,4.003387,1.000847
mapping,iput,128,0,131328,shuffle,20261005,8,0.531818537,4.257137773,8.004869,1.000609
mapping,iput,128,0,131328,shuffle,20261005,16,0.531818537,8.508746601,15.999342,0.999959
mapping,iput,128,0,131328,shuffle,20261005,32,0.531818537,16.016792606,30.117026,0.941157
mapping,iput,128,0,131328,shuffle,20261005,64,0.531818537,17.284279345,32.500333,0.507818
mapping,iput,128,0,135168,identity,20261005,2,0.533310890,1.066430719,1.999642,0.999821
mapping,iput,128,0,135168,identity,20261005,4,0.533310890,2.130383640,3.994637,0.998659
mapping,iput,128,0,135168,identity,20261005,8,0.533310890,4.256555574,7.981378,0.997672
mapping,iput,128,0,135168,identity,20261005,16,0.533310890,8.504835049,15.947237,0.996702
mapping,iput,128,0,135168,identity,20261005,32,0.533310890,15.296132909,28.681456,0.896296
mapping,iput,128,0,135168,identity,20261005,64,0.533310890,15.024433044,28.171997,0.440187
mapping,iput,128,0,135168,reverse,20261005,2,0.533243571,1.065488858,1.998128,0.999064
mapping,iput,128,0,135168,reverse,20261005,4,0.533243571,2.129813816,3.994073,0.998518
mapping,iput,128,0,135168,reverse,20261005,8,0.533243571,4.252641808,7.975046,0.996881
mapping,iput,128,0,135168,reverse,20261005,16,0.533243571,8.505191780,15.949919,0.996870
mapping,iput,128,0,135168,reverse,20261005,32,0.533243571,15.405811105,28.890758,0.902836
mapping,iput,128,0,135168,reverse,20261005,64,0.533243571,14.950211889,28.036366,0.438068
mapping,iput,128,0,135168,transpose,20261005,2,0.533308668,1.066612892,1.999992,0.999996
mapping,iput,128,0,135168,transpose,20261005,4,0.533308668,2.131760272,3.997235,0.999309
mapping,iput,128,0,135168,transpose,20261005,8,0.533308668,4.256776755,7.981826,0.997728
mapping,iput,128,0,135168,transpose,20261005,16,0.533308668,8.505824081,15.949158,0.996822
mapping,iput,128,0,135168,transpose,20261005,32,0.533308668,15.363627737,28.808134,0.900254
mapping,iput,128,0,135168,transpose,20261005,64,0.533308668,14.893521863,27.926645,0.436354
mapping,iput,128,0,135168,shuffle,20261005,2,0.533216914,1.066411617,1.999958,0.999979
mapping,iput,128,0,135168,shuffle,20261005,4,0.533216914,2.129868747,3.994376,0.998594
mapping,iput,128,0,135168,shuffle,20261005,8,0.533216914,4.256737826,7.983126,0.997891
mapping,iput,128,0,135168,shuffle,20261005,16,0.533216914,8.506417610,15.953015,0.997063
mapping,iput,128,0,135168,shuffle,20261005,32,0.533216914,15.283793097,28.663369,0.895730
mapping,iput,128,0,135168,shuffle,20261005,64,0.533216914,15.002951325,28.136676,0.439636
mapping,iput,128,0,262144,identity,20261005,2,0.533296003,1.066305900,1.999464,0.999732
mapping,iput,128,0,262144,identity,20261005,4,0.533296003,2.130061027,3.994144,0.998536
mapping,iput,128,0,262144,identity,20261005,8,0.533296003,4.258839275,7.985883,0.998235
mapping,iput,128,0,262144,identity,20261005,16,0.533296003,8.503404891,15.945000,0.996563
mapping,iput,128,0,262144,identity,20261005,32,0.533296003,15.229981647,28.558215,0.892444
mapping,iput,128,0,262144,identity,20261005,64,0.533296003,14.715664512,27.593802,0.431153
mapping,iput,128,0,262144,reverse,20261005,2,0.533306890,1.066340988,1.999488,0.999744
mapping,iput,128,0,262144,reverse,20261005,4,0.533306890,2.130341092,3.994588,0.998647
mapping,iput,128,0,262144,reverse,20261005,8,0.533306890,4.258168073,7.984461,0.998058
mapping,iput,128,0,262144,reverse,20261005,16,0.533306890,8.505011645,15.947688,0.996730
mapping,iput,128,0,262144,reverse,20261005,32,0.533306890,15.266037539,28.625240,0.894539
mapping,iput,128,0,262144,reverse,20261005,64,0.533306890,14.673453856,27.514090,0.429908
mapping,iput,128,0,262144,transpose,20261005,2,0.533309334,1.065849959,1.998559,0.999279
mapping,iput,128,0,262144,transpose,20261005,4,0.533309334,2.128821120,3.991719,0.997930
mapping,iput,128,0,262144,transpose,20261005,8,0.533309334,4.258286713,7.984647,0.998081
mapping,iput,128,0,262144,transpose,20261005,16,0.533309334,8.504888027,15.947383,0.996711
mapping,iput,128,0,262144,transpose,20261005,32,0.533309334,15.463413511,28.995205,0.906100
mapping,iput,128,0,262144,transpose,20261005,64,0.533309334,14.779755127,27.713288,0.433020
mapping,iput,128,0,262144,shuffle,20261005,2,0.533305113,1.066622668,2.000023,1.000012
mapping,iput,128,0,262144,shuffle,20261005,4,0.533305113,2.131350290,3.996493,0.999123
mapping,iput,128,0,262144,shuffle,20261005,8,0.533305113,4.257323615,7.982904,0.997863
mapping,iput,128,0,262144,shuffle,20261005,16,0.533305113,8.503853309,15.945569,0.996598
mapping,iput,128,0,262144,shuffle,20261005,32,0.533305113,15.397662683,28.872145,0.902255
mapping,iput,128,0,262144,shuffle,20261005,64,0.533305113,14.735689365,27.630880,0.431732
mapping,iput,256,0,131200,identity,20261005,2,1.040058503,2.075263988,1.995334,0.997667
mapping,iput,256,0,131200,identity,20261005,4,1.040058503,4.146705920,3.986993,0.996748
mapping,iput,256,0,131200,identity,20261005,8,1.040058503,8.253268968,7.935389,0.991924
mapping,iput,256,0,131200,identity,20261005,16,1.040058503,16.369365787,15.738889,0.983681
mapping,iput,256,0,131200,identity,20261005,32,1.040058503,18.802924828,18.078718,0.564960
mapping,iput,256,0,131200,identity,20261005,64,1.040058503,18.560505049,17.845636,0.278838
mapping,iput,256,0,131200,reverse,20261005,2,1.037070826,2.074557657,2.000401,1.000201
mapping,iput,256,0,131200,reverse,20261005,4,1.037070826,4.147075380,3.998835,0.999709
mapping,iput,256,0,131200,reverse,20261005,8,1.037070826,8.253538382,7.958510,0.994814
mapping,iput,256,0,131200,reverse,20261005,16,1.037070826,16.367547341,15.782478,0.986405
mapping,iput,256,0,131200,reverse,20261005,32,1.037070826,19.835442342,19.126411,0.597700
mapping,iput,256,0,131200,reverse,20261005,64,1.037070826,18.557704789,17.894347,0.279599
mapping,iput,256,0,131200,transpose,20261005,2,1.040328581,2.079434394,1.998825,0.999412
mapping,iput,256,0,131200,transpose,20261005,4,1.040328581,4.156255733,3.995138,0.998784
mapping,iput,256,0,131200,transpose,20261005,8,1.040328581,8.253807814,7.933847,0.991731
mapping,iput,256,0,131200,transpose,20261005,16,1.040328581,16.436207971,15.799055,0.987441
mapping,iput,256,0,131200,transpose,20261005,32,1.040328581,18.395789269,17.682672,0.552584
mapping,iput,256,0,131200,transpose,20261005,64,1.040328581,18.106238220,17.404346,0.271943
mapping,iput,256,0,131200,shuffle,20261005,2,1.037192256,2.073871968,1.999506,0.999753
mapping,iput,256,0,131200,shuffle,20261005,4,1.037192256,4.148083334,3.999339,0.999835
mapping,iput,256,0,131200,shuffle,20261005,8,1.037192256,8.256752758,7.960677,0.995085
mapping,iput,256,0,131200,shuffle,20261005,16,1.037192256,15.070519804,14.530112,0.908132
mapping,iput,256,0,131200,shuffle,20261005,32,1.037192256,17.971261338,17.326837,0.541464
mapping,iput,256,0,131200,shuffle,20261005,64,1.037192256,18.606022360,17.938837,0.280294
mapping,iput,256,0,131328,identity,20261005,2,1.040540008,2.073380667,1.992601,0.996300
mapping,iput,256,0,131328,identity,20261005,4,1.040540008,4.142922743,3.981512,0.995378
mapping,iput,256,0,131328,identity,20261005,8,1.040540008,8.224853354,7.904409,0.988051
mapping,iput,256,0,131328,identity,20261005,16,1.040540008,13.087637646,12.577736,0.786109
mapping,iput,256,0,131328,identity,20261005,32,1.040540008,13.344825435,12.824904,0.400778
mapping,iput,256,0,131328,identity,20261005,64,1.040540008,18.015369142,17.313481,0.270523
mapping,iput,256,0,131328,reverse,20261005,2,1.036829731,2.073367233,1.999718,0.999859
mapping,iput,256,0,131328,reverse,20261005,4,1.036829731,4.144680097,3.997455,0.999364
mapping,iput,256,0,131328,reverse,20261005,8,1.036829731,6.327741151,6.102970,0.762871
mapping,iput,256,0,131328,reverse,20261005,16,1.036829731,11.676571512,11.261802,0.703863
mapping,iput,256,0,131328,reverse,20261005,32,1.036829731,14.558262818,14.041132,0.438785
mapping,iput,256,0,131328,reverse,20261005,64,1.036829731,17.978514446,17.339891,0.270936
mapping,iput,256,0,131328,transpose,20261005,2,1.040530703,2.079469865,1.998470,0.999235
mapping,iput,256,0,131328,transpose,20261005,4,1.040530703,4.152473642,3.990727,0.997682
mapping,iput,256,0,131328,transpose,20261005,8,1.040530703,8.259076919,7.937370,0.992171
mapping,iput,256,0,131328,transpose,20261005,16,1.040530703,15.868373085,15.250269,0.953142
mapping,iput,256,0,131328,transpose,20261005,32,1.040530703,17.300826140,16.626925,0.519591
mapping,iput,256,0,131328,transpose,20261005,64,1.040530703,18.046845354,17.343885,0.270998
mapping,iput,256,0,131328,shuffle,20261005,2,1.037333890,2.072558156,1.997966,0.998983
mapping,iput,256,0,131328,shuffle,20261005,4,1.037333890,4.144748878,3.995578,0.998895
mapping,iput,256,0,131328,shuffle,20261005,8,1.037333890,8.233635850,7.937305,0.992163
mapping,iput,256,0,131328,shuffle,20261005,16,1.037333890,16.252085076,15.667169,0.979198
mapping,iput,256,0,131328,shuffle,20261005,32,1.037333890,17.443667940,16.815866,0.525496
mapping,iput,256,0,131328,shuffle,20261005,64,1.037333890,17.919057570,17.274146,0.269909
mapping,iput,256,0,135168,identity,20261005,2,1.040515055,2.080684220,1.999668,0.999834
mapping,iput,256,0,135168,identity,20261005,4,1.040515055,4.152421442,3.990737,0.997684
mapping,iput,256,0,135168,identity,20261005,8,1.040515055,8.261935633,7.940237,0.992530
mapping,iput,256,0,135168,identity,20261005,16,1.040515055,16.391205574,15.752973,0.984561
mapping,iput,256,0,135168,identity,20261005,32,1.040515055,19.184333294,18.437343,0.576167
mapping,iput,256,0,135168,identity,20261005,64,1.040515055,18.391357858,17.675244,0.276176
mapping,iput,256,0,135168,reverse,20261005,2,1.040067799,2.078888120,1.998801,0.999400
mapping,iput,256,0,135168,reverse,20261005,4,1.040067799,4.154471696,3.994424,0.998606
mapping,iput,256,0,135168,reverse,20261005,8,1.040067799,8.195632304,7.879902,0.984988
mapping,iput,256,0,135168,reverse,20261005,16,1.040067799,16.326654260,15.697683,0.981105
mapping,iput,256,0,135168,reverse,20261005,32,1.040067799,19.392162697,18.645095,0.582659
mapping,iput,256,0,135168,reverse,20261005,64,1.040067799,18.219240492,17.517358,0.273709
mapping,iput,256,0,135168,transpose,20261005,2,1.040491372,2.080884636,1.999906,0.999953
mapping,iput,256,0,135168,transpose,20261005,4,1.040491372,4.155461327,3.993749,0.998437
mapping,iput,256,0,135168,transpose,20261005,8,1.040491372,8.245198018,7.924331,0.990541
mapping,iput,256,0,135168,transpose,20261005,16,1.040491372,16.276555204,15.643143,0.977696
mapping,iput,256,0,135168,transpose,20261005,32,1.040491372,18.442894679,17.725178,0.553912
mapping,iput,256,0,135168,transpose,20261005,64,1.040491372,18.266404087,17.555556,0.274306
mapping,iput,256,0,135168,shuffle,20261005,2,1.040540431,2.078762357,1.997772,0.998886
mapping,iput,256,0,135168,shuffle,20261005,4,1.040540431,4.155351720,3.993455,0.998364
mapping,iput,256,0,135168,shuffle,20261005,8,1.040540431,8.258653944,7.936889,0.992111
mapping,iput,256,0,135168,shuffle,20261005,16,1.040540431,15.800085712,15.184500,0.949031
mapping,iput,256,0,135168,shuffle,20261005,32,1.040540431,17.536412352,16.853177,0.526662
mapping,iput,256,0,135168,shuffle,20261005,64,1.040540431,18.287026625,17.574547,0.274602
mapping,iput,256,0,262144,identity,20261005,2,1.040529011,2.079708906,1.998703,0.999352
mapping,iput,256,0,262144,identity,20261005,4,1.040529011,4.155380386,3.993527,0.998382
mapping,iput,256,0,262144,identity,20261005,8,1.040529011,8.258224353,7.936563,0.992070
mapping,iput,256,0,262144,identity,20261005,16,1.040529011,16.378568867,15.740617,0.983789
mapping,iput,256,0,262144,identity,20261005,32,1.040529011,18.842298107,18.108383,0.565887
mapping,iput,256,0,262144,identity,20261005,64,1.040529011,18.769792686,18.038702,0.281855
mapping,iput,256,0,262144,reverse,20261005,2,1.040534087,2.079402302,1.998399,0.999200
mapping,iput,256,0,262144,reverse,20261005,4,1.040534087,4.154972354,3.993115,0.998279
mapping,iput,256,0,262144,reverse,20261005,8,1.040534087,8.252563916,7.931085,0.991386
mapping,iput,256,0,262144,reverse,20261005,16,1.040534087,16.401024263,15.762121,0.985133
mapping,iput,256,0,262144,reverse,20261005,32,1.040534087,19.294057021,18.542456,0.579452
mapping,iput,256,0,262144,reverse,20261005,64,1.040534087,18.579296196,17.855538,0.278993
mapping,iput,256,0,262144,transpose,20261005,2,1.040526051,2.079059485,1.998085,0.999042
mapping,iput,256,0,262144,transpose,20261005,4,1.040526051,4.153846466,3.992064,0.998016
mapping,iput,256,0,262144,transpose,20261005,8,1.040526051,8.262398944,7.940598,0.992575
mapping,iput,256,0,262144,transpose,20261005,16,1.040526051,16.426268073,15.786503,0.986656
mapping,iput,256,0,262144,transpose,20261005,32,1.040526051,19.344757729,18.591325,0.580979
mapping,iput,256,0,262144,transpose,20261005,64,1.040526051,18.466460955,17.747236,0.277301
mapping,iput,256,0,262144,shuffle,20261005,2,1.040518438,2.080098415,1.999098,0.999549
mapping,iput,256,0,262144,shuffle,20261005,4,1.040518438,4.057758065,3.899746,0.974937
mapping,iput,256,0,262144,shuffle,20261005,8,1.040518438,8.218842740,7.898796,0.987349
mapping,iput,256,0,262144,shuffle,20261005,16,1.040518438,16.342040178,15.705671,0.981604
mapping,iput,256,0,262144,shuffle,20261005,32,1.040518438,18.611883388,17.887125,0.558973
mapping,iput,256,0,262144,shuffle,20261005,64,1.040518438,18.543963818,17.821850,0.278466
mapping,iput,4096,0,131200,identity,20261005,2,8.912795606,17.621827662,1.977138,0.988569
mapping,iput,4096,0,131200,identity,20261005,4,8.912795606,21.012967658,2.357618,0.589405
mapping,iput,4096,0,131200,identity,20261005,8,8.912795606,19.672174451,2.207183,0.275898
mapping,iput,4096,0,131200,identity,20261005,16,8.912795606,17.858782744,2.003724,0.125233
mapping,iput,4096,0,131200,identity,20261005,32,8.912795606,16.889953331,1.895023,0.059219
mapping,iput,4096,0,131200,identity,20261005,64,8.912795606,14.972874858,1.679930,0.026249
mapping,iput,4096,0,131200,reverse,20261005,2,8.925730772,17.647907866,1.977195,0.988597
mapping,iput,4096,0,131200,reverse,20261005,4,8.925730772,20.394521462,2.284913,0.571228
mapping,iput,4096,0,131200,reverse,20261005,8,8.925730772,19.369406646,2.170064,0.271258
mapping,iput,4096,0,131200,reverse,20261005,16,8.925730772,17.893045804,2.004659,0.125291
mapping,iput,4096,0,131200,reverse,20261005,32,8.925730772,16.995643466,1.904118,0.059504
mapping,iput,4096,0,131200,reverse,20261005,64,8.925730772,14.957483315,1.675771,0.026184
mapping,iput,4096,0,131200,transpose,20261005,2,8.909092886,17.513966062,1.965853,0.982926
mapping,iput,4096,0,131200,transpose,20261005,4,8.909092886,20.840567875,2.339247,0.584812
mapping,iput,4096,0,131200,transpose,20261005,8,8.909092886,14.564112228,1.634747,0.204343
mapping,iput,4096,0,131200,transpose,20261005,16,8.909092886,16.126877103,1.810159,0.113135
mapping,iput,4096,0,131200,transpose,20261005,32,8.909092886,14.973547935,1.680704,0.052522
mapping,iput,4096,0,131200,transpose,20261005,64,8.909092886,13.630892766,1.529998,0.023906
mapping,iput,4096,0,131200,shuffle,20261005,2,8.906264609,17.447531745,1.959018,0.979509
mapping,iput,4096,0,131200,shuffle,20261005,4,8.906264609,19.556820298,2.195850,0.548962
mapping,iput,4096,0,131200,shuffle,20261005,8,8.906264609,17.029724582,1.912106,0.239013
mapping,iput,4096,0,131200,shuffle,20261005,16,8.906264609,14.043803742,1.576846,0.098553
mapping,iput,4096,0,131200,shuffle,20261005,32,8.906264609,14.268929122,1.602123,0.050066
mapping,iput,4096,0,131200,shuffle,20261005,64,8.906264609,13.676876795,1.535647,0.023994
mapping,iput,4096,0,131328,identity,20261005,2,8.910779084,17.635864183,1.979161,0.989580
mapping,iput,4096,0,131328,identity,20261005,4,8.910779084,21.165962383,2.375321,0.593830
mapping,iput,4096,0,131328,identity,20261005,8,8.910779084,19.520796845,2.190695,0.273837
mapping,iput,4096,0,131328,identity,20261005,16,8.910779084,18.004959496,2.020582,0.126286
mapping,iput,4096,0,131328,identity,20261005,32,8.910779084,17.096594612,1.918642,0.059958
mapping,iput,4096,0,131328,identity,20261005,64,8.910779084,15.038447159,1.687669,0.026370
mapping,iput,4096,0,131328,reverse,20261005,2,8.907872245,17.619060933,1.977920,0.988960
mapping,iput,4096,0,131328,reverse,20261005,4,8.907872245,20.809175139,2.336043,0.584011
mapping,iput,4096,0,131328,reverse,20261005,8,8.907872245,19.603420787,2.200685,0.275086
mapping,iput,4096,0,131328,reverse,20261005,16,8.907872245,17.920170802,2.011723,0.125733
mapping,iput,4096,0,131328,reverse,20261005,32,8.907872245,16.923838723,1.899874,0.059371
mapping,iput,4096,0,131328,reverse,20261005,64,8.907872245,14.951792981,1.678492,0.026226
mapping,iput,4096,0,131328,transpose,20261005,2,8.909015375,17.567900837,1.971924,0.985962
mapping,iput,4096,0,131328,transpose,20261005,4,8.909015375,20.923660057,2.348594,0.587149
mapping,iput,4096,0,131328,transpose,20261005,8,8.909015375,14.372018074,1.613199,0.201650
mapping,iput,4096,0,131328,transpose,20261005,16,8.909015375,15.640049753,1.755531,0.109721
mapping,iput,4096,0,131328,transpose,20261005,32,8.909015375,14.667500875,1.646366,0.051449
mapping,iput,4096,0,131328,transpose,20261005,64,8.909015375,13.565472172,1.522668,0.023792
mapping,iput,4096,0,131328,shuffle,20261005,2,8.878792346,17.576834282,1.979642,0.989821
mapping,iput,4096,0,131328,shuffle,20261005,4,8.878792346,20.279160267,2.284000,0.571000
mapping,iput,4096,0,131328,shuffle,20261005,8,8.878792346,16.455937129,1.853398,0.231675
mapping,iput,4096,0,131328,shuffle,20261005,16,8.878792346,14.470043702,1.629731,0.101858
mapping,iput,4096,0,131328,shuffle,20261005,32,8.878792346,14.567940506,1.640757,0.051274
mapping,iput,4096,0,131328,shuffle,20261005,64,8.878792346,13.635950337,1.535789,0.023997
mapping,iput,4096,0,135168,identity,20261005,2,8.893984401,17.621221182,1.981252,0.990626
mapping,iput,4096,0,135168,identity,20261005,4,8.893984401,19.841909009,2.230936,0.557734
mapping,iput,4096,0,135168,identity,20261005,8,8.893984401,19.943919898,2.242406,0.280301
mapping,iput,4096,0,135168,identity,20261005,16,8.893984401,18.411926397,2.070155,0.129385
mapping,iput,4096,0,135168,identity,20261005,32,8.893984401,16.831084087,1.892412,0.059138
mapping,iput,4096,0,135168,identity,20261005,64,8.893984401,14.414852736,1.620742,0.025324
mapping,iput,4096,0,135168,reverse,20261005,2,8.901174364,17.645475008,1.982376,0.991188
mapping,iput,4096,0,135168,reverse,20261005,4,8.901174364,19.916124719,2.237472,0.559368
mapping,iput,4096,0,135168,reverse,20261005,8,8.901174364,19.732614879,2.216855,0.277107
mapping,iput,4096,0,135168,reverse,20261005,16,8.901174364,17.283475261,1.941707,0.121357
mapping,iput,4096,0,135168,reverse,20261005,32,8.901174364,16.124323812,1.811483,0.056609
mapping,iput,4096,0,135168,reverse,20261005,64,8.901174364,14.450897961,1.623482,0.025367
mapping,iput,4096,0,135168,transpose,20261005,2,8.906361438,17.562515007,1.971907,0.985953
mapping,iput,4096,0,135168,transpose,20261005,4,8.906361438,19.183596526,2.153921,0.538480
mapping,iput,4096,0,135168,transpose,20261005,8,8.906361438,14.988914296,1.682945,0.210368
mapping,iput,4096,0,135168,transpose,20261005,16,8.906361438,14.640028558,1.643772,0.102736
mapping,iput,4096,0,135168,transpose,20261005,32,8.906361438,14.723477056,1.653142,0.051661
mapping,iput,4096,0,135168,transpose,20261005,64,8.906361438,14.085543088,1.581515,0.024711
mapping,iput,4096,0,135168,shuffle,20261005,2,8.894023025,17.540065732,1.972118,0.986059
mapping,iput,4096,0,135168,shuffle,20261005,4,8.894023025,20.829969525,2.342019,0.585505
mapping,iput,4096,0,135168,shuffle,20261005,8,8.894023025,15.936634757,1.791836,0.223980
mapping,iput,4096,0,135168,shuffle,20261005,16,8.894023025,14.380362520,1.616857,0.101054
mapping,iput,4096,0,135168,shuffle,20261005,32,8.894023025,14.085377340,1.583690,0.049490
mapping,iput,4096,0,135168,shuffle,20261005,64,8.894023025,13.744575120,1.545372,0.024146
mapping,iput,4096,0,262144,identity,20261005,2,8.904018765,17.554348408,1.971508,0.985754
mapping,iput,4096,0,262144,identity,20261005,4,8.904018765,19.593586162,2.200533,0.550133
mapping,iput,4096,0,262144,identity,20261005,8,8.904018765,14.464847437,1.624530,0.203066
mapping,iput,4096,0,262144,identity,20261005,16,8.904018765,13.154313489,1.477346,0.092334
mapping,iput,4096,0,262144,identity,20261005,32,8.904018765,13.156271577,1.477566,0.046174
mapping,iput,4096,0,262144,identity,20261005,64,8.904018765,13.028409391,1.463206,0.022863
mapping,iput,4096,0,262144,reverse,20261005,2,8.888175212,17.577513142,1.977629,0.988815
mapping,iput,4096,0,262144,reverse,20261005,4,8.888175212,19.256671783,2.166550,0.541637
mapping,iput,4096,0,262144,reverse,20261005,8,8.888175212,14.586466032,1.641109,0.205139
mapping,iput,4096,0,262144,reverse,20261005,16,8.888175212,12.981561848,1.460543,0.091284
mapping,iput,4096,0,262144,reverse,20261005,32,8.888175212,13.394100289,1.506957,0.047092
mapping,iput,4096,0,262144,reverse,20261005,64,8.888175212,12.918401438,1.453437,0.022710
mapping,iput,4096,0,262144,transpose,20261005,2,8.903457480,17.511195665,1.966786,0.983393
mapping,iput,4096,0,262144,transpose,20261005,4,8.903457480,18.854288936,2.117637,0.529409
mapping,iput,4096,0,262144,transpose,20261005,8,8.903457480,15.008762134,1.685723,0.210715
mapping,iput,4096,0,262144,transpose,20261005,16,8.903457480,12.958603691,1.455457,0.090966
mapping,iput,4096,0,262144,transpose,20261005,32,8.903457480,13.215646272,1.484327,0.046385
mapping,iput,4096,0,262144,transpose,20261005,64,8.903457480,12.839634220,1.442095,0.022533
mapping,iput,4096,0,262144,shuffle,20261005,2,8.912679244,17.553746563,1.969525,0.984763
mapping,iput,4096,0,262144,shuffle,20261005,4,8.912679244,19.250268768,2.159875,0.539969
mapping,iput,4096,0,262144,shuffle,20261005,8,8.912679244,14.651942585,1.643944,0.205493
mapping,iput,4096,0,262144,shuffle,20261005,16,8.912679244,13.143950486,1.474747,0.092172
mapping,iput,4096,0,262144,shuffle,20261005,32,8.912679244,13.378016540,1.501010,0.046907
mapping,iput,4096,0,262144,shuffle,20261005,64,8.912679244,13.050590454,1.464272,0.022879
mapping,iput,32768,0,131200,identity,20261005,2,16.482474544,18.696489302,1.134325,0.567163
mapping,iput,32768,0,131200,identity,20261005,4,16.482474544,20.406558708,1.238076,0.309519
mapping,iput,32768,0,131200,identity,20261005,8,16.482474544,20.191247805,1.225013,0.153127
mapping,iput,32768,0,131200,identity,20261005,16,16.482474544,20.492781572,1.243307,0.077707
mapping,iput,32768,0,131200,identity,20261005,32,16.482474544,18.648571838,1.131418,0.035357
mapping,iput,32768,0,131200,identity,20261005,64,16.482474544,15.506270124,0.940773,0.014700
mapping,iput,32768,0,131200,reverse,20261005,2,16.481604059,18.693140248,1.134182,0.567091
mapping,iput,32768,0,131200,reverse,20261005,4,16.481604059,20.421845604,1.239069,0.309767
mapping,iput,32768,0,131200,reverse,20261005,8,16.481604059,20.222299964,1.226962,0.153370
mapping,iput,32768,0,131200,reverse,20261005,16,16.481604059,20.479332822,1.242557,0.077660
mapping,iput,32768,0,131200,reverse,20261005,32,16.481604059,18.680067835,1.133389,0.035418
mapping,iput,32768,0,131200,reverse,20261005,64,16.481604059,15.542893063,0.943045,0.014735
mapping,iput,32768,0,131200,transpose,20261005,2,16.488653484,18.656910809,1.131500,0.565750
mapping,iput,32768,0,131200,transpose,20261005,4,16.488653484,19.715557002,1.195704,0.298926
mapping,iput,32768,0,131200,transpose,20261005,8,16.488653484,16.282675960,0.987508,0.123438
mapping,iput,32768,0,131200,transpose,20261005,16,16.488653484,16.042483108,0.972941,0.060809
mapping,iput,32768,0,131200,transpose,20261005,32,16.488653484,15.326448474,0.929515,0.029047
mapping,iput,32768,0,131200,transpose,20261005,64,16.488653484,13.838782022,0.839291,0.013114
mapping,iput,32768,0,131200,shuffle,20261005,2,16.478247336,18.667204443,1.132839,0.566420
mapping,iput,32768,0,131200,shuffle,20261005,4,16.478247336,20.474903669,1.242541,0.310635
mapping,iput,32768,0,131200,shuffle,20261005,8,16.478247336,17.837402722,1.082482,0.135310
mapping,iput,32768,0,131200,shuffle,20261005,16,16.478247336,16.060094986,0.974624,0.060914
mapping,iput,32768,0,131200,shuffle,20261005,32,16.478247336,15.296892402,0.928308,0.029010
mapping,iput,32768,0,131200,shuffle,20261005,64,16.478247336,14.119281005,0.856844,0.013388
mapping,iput,32768,0,131328,identity,20261005,2,16.485857873,18.698383008,1.134207,0.567104
mapping,iput,32768,0,131328,identity,20261005,4,16.485857873,20.428975442,1.239182,0.309795
mapping,iput,32768,0,131328,identity,20261005,8,16.485857873,20.189656960,1.224665,0.153083
mapping,iput,32768,0,131328,identity,20261005,16,16.485857873,20.463736925,1.241290,0.077581
mapping,iput,32768,0,131328,identity,20261005,32,16.485857873,18.659158417,1.131828,0.035370
mapping,iput,32768,0,131328,identity,20261005,64,16.485857873,15.527940400,0.941895,0.014717
mapping,iput,32768,0,131328,reverse,20261005,2,16.477393868,18.687170392,1.134110,0.567055
mapping,iput,32768,0,131328,reverse,20261005,4,16.477393868,20.344704536,1.234704,0.308676
mapping,iput,32768,0,131328,reverse,20261005,8,16.477393868,20.239808813,1.228338,0.153542
mapping,iput,32768,0,131328,reverse,20261005,16,16.477393868,20.563439368,1.247979,0.077999
mapping,iput,32768,0,131328,reverse,20261005,32,16.477393868,18.697682158,1.134748,0.035461
mapping,iput,32768,0,131328,reverse,20261005,64,16.477393868,15.442441525,0.937190,0.014644
mapping,iput,32768,0,131328,transpose,20261005,2,16.487334368,18.688092272,1.133482,0.566741
mapping,iput,32768,0,131328,transpose,20261005,4,16.487334368,19.713282672,1.195662,0.298916
mapping,iput,32768,0,131328,transpose,20261005,8,16.487334368,16.349761556,0.991656,0.123957
mapping,iput,32768,0,131328,transpose,20261005,16,16.487334368,16.191373756,0.982049,0.061378
mapping,iput,32768,0,131328,transpose,20261005,32,16.487334368,15.072911524,0.914212,0.028569
mapping,iput,32768,0,131328,transpose,20261005,64,16.487334368,13.630522530,0.826727,0.012918
mapping,iput,32768,0,131328,shuffle,20261005,2,16.482690107,18.671129322,1.132772,0.566386
mapping,iput,32768,0,131328,shuffle,20261005,4,16.482690107,19.906889969,1.207745,0.301936
mapping,iput,32768,0,131328,shuffle,20261005,8,16.482690107,17.750525300,1.076919,0.134615
mapping,iput,32768,0,131328,shuffle,20261005,16,16.482690107,15.895728908,0.964389,0.060274
mapping,iput,32768,0,131328,shuffle,20261005,32,16.482690107,15.307222967,0.928685,0.029021
mapping,iput,32768,0,131328,shuffle,20261005,64,16.482690107,13.982846857,0.848335,0.013255
mapping,iput,32768,0,135168,identity,20261005,2,16.480833135,18.696585311,1.134444,0.567222
mapping,iput,32768,0,135168,identity,20261005,4,16.480833135,20.628600054,1.251672,0.312918
mapping,iput,32768,0,135168,identity,20261005,8,16.480833135,20.197450294,1.225511,0.153189
mapping,iput,32768,0,135168,identity,20261005,16,16.480833135,20.624811150,1.251442,0.078215
mapping,iput,32768,0,135168,identity,20261005,32,16.480833135,17.654642109,1.071223,0.033476
mapping,iput,32768,0,135168,identity,20261005,64,16.480833135,14.960167357,0.907731,0.014183
mapping,iput,32768,0,135168,reverse,20261005,2,16.486040347,18.691172973,1.133758,0.566879
mapping,iput,32768,0,135168,reverse,20261005,4,16.486040347,20.799206065,1.261625,0.315406
mapping,iput,32768,0,135168,reverse,20261005,8,16.486040347,20.185837157,1.224420,0.153052
mapping,iput,32768,0,135168,reverse,20261005,16,16.486040347,20.282354006,1.230274,0.076892
mapping,iput,32768,0,135168,reverse,20261005,32,16.486040347,17.307964024,1.049856,0.032808
mapping,iput,32768,0,135168,reverse,20261005,64,16.486040347,14.952350520,0.906970,0.014171
mapping,iput,32768,0,135168,transpose,20261005,2,16.486919596,18.678792377,1.132946,0.566473
mapping,iput,32768,0,135168,transpose,20261005,4,16.486919596,20.159830394,1.222777,0.305694
mapping,iput,32768,0,135168,transpose,20261005,8,16.486919596,16.115249014,0.977457,0.122182
mapping,iput,32768,0,135168,transpose,20261005,16,16.486919596,15.879872121,0.963180,0.060199
mapping,iput,32768,0,135168,transpose,20261005,32,16.486919596,15.346695734,0.930841,0.029089
mapping,iput,32768,0,135168,transpose,20261005,64,16.486919596,14.232680138,0.863271,0.013489
mapping,iput,32768,0,135168,shuffle,20261005,2,16.471289599,18.677253940,1.133928,0.566964
mapping,iput,32768,0,135168,shuffle,20261005,4,16.471289599,20.146775481,1.223145,0.305786
mapping,iput,32768,0,135168,shuffle,20261005,8,16.471289599,17.850015042,1.083705,0.135463
mapping,iput,32768,0,135168,shuffle,20261005,16,16.471289599,16.321951591,0.990933,0.061933
mapping,iput,32768,0,135168,shuffle,20261005,32,16.471289599,15.295495356,0.928616,0.029019
mapping,iput,32768,0,135168,shuffle,20261005,64,16.471289599,14.068145424,0.854101,0.013345
mapping,iput,32768,0,262144,identity,20261005,2,16.481272470,18.680240549,1.133422,0.566711
mapping,iput,32768,0,262144,identity,20261005,4,16.481272470,20.164150635,1.223458,0.305865
mapping,iput,32768,0,262144,identity,20261005,8,16.481272470,16.140514289,0.979325,0.122416
mapping,iput,32768,0,262144,identity,20261005,16,16.481272470,15.178071836,0.920928,0.057558
mapping,iput,32768,0,262144,identity,20261005,32,16.481272470,14.136858819,0.857753,0.026805
mapping,iput,32768,0,262144,identity,20261005,64,16.481272470,13.397810398,0.812911,0.012702
mapping,iput,32768,0,262144,reverse,20261005,2,16.468499873,18.584481606,1.128487,0.564243
mapping,iput,32768,0,262144,reverse,20261005,4,16.468499873,20.164550808,1.224432,0.306108
mapping,iput,32768,0,262144,reverse,20261005,8,16.468499873,16.247422139,0.986576,0.123322
mapping,iput,32768,0,262144,reverse,20261005,16,16.468499873,15.244853123,0.925698,0.057856
mapping,iput,32768,0,262144,reverse,20261005,32,16.468499873,14.197302037,0.862088,0.026940
mapping,iput,32768,0,262144,reverse,20261005,64,16.468499873,13.299615006,0.807579,0.012618
mapping,iput,32768,0,262144,transpose,20261005,2,16.489035154,18.645503838,1.130782,0.565391
mapping,iput,32768,0,262144,transpose,20261005,4,16.489035154,20.245253127,1.227801,0.306950
mapping,iput,32768,0,262144,transpose,20261005,8,16.489035154,16.142410664,0.978978,0.122372
mapping,iput,32768,0,262144,transpose,20261005,16,16.489035154,15.623864335,0.947531,0.059221
mapping,iput,32768,0,262144,transpose,20261005,32,16.489035154,14.271350448,0.865505,0.027047
mapping,iput,32768,0,262144,transpose,20261005,64,16.489035154,13.404948967,0.812961,0.012703
mapping,iput,32768,0,262144,shuffle,20261005,2,16.491923145,18.663344992,1.131666,0.565833
mapping,iput,32768,0,262144,shuffle,20261005,4,16.491923145,20.127495225,1.220446,0.305111
mapping,iput,32768,0,262144,shuffle,20261005,8,16.491923145,16.169964247,0.980478,0.122560
mapping,iput,32768,0,262144,shuffle,20261005,16,16.491923145,15.349862945,0.930750,0.058172
mapping,iput,32768,0,262144,shuffle,20261005,32,16.491923145,14.291639254,0.866584,0.027081
mapping,iput,32768,0,262144,shuffle,20261005,64,16.491923145,13.392268668,0.812050,0.012688
mapping,iput,65536,0,131200,identity,20261005,2,17.553064836,18.730685660,1.067089,0.533545
mapping,iput,65536,0,131200,identity,20261005,4,17.553064836,21.125819606,1.203540,0.300885
mapping,iput,65536,0,131200,identity,20261005,8,17.553064836,20.414667482,1.163026,0.145378
mapping,iput,65536,0,131200,identity,20261005,16,17.553064836,20.556853725,1.171126,0.073195
mapping,iput,65536,0,131200,identity,20261005,32,17.553064836,18.751859905,1.068295,0.033384
mapping,iput,65536,0,131200,identity,20261005,64,17.553064836,15.559201040,0.886409,0.013850
mapping,iput,65536,0,131200,reverse,20261005,2,17.546560528,18.730201192,1.067457,0.533729
mapping,iput,65536,0,131200,reverse,20261005,4,17.546560528,21.163317218,1.206123,0.301531
mapping,iput,65536,0,131200,reverse,20261005,8,17.546560528,20.447843370,1.165348,0.145668
mapping,iput,65536,0,131200,reverse,20261005,16,17.546560528,20.542867594,1.170763,0.073173
mapping,iput,65536,0,131200,reverse,20261005,32,17.546560528,18.747412137,1.068438,0.033389
mapping,iput,65536,0,131200,reverse,20261005,64,17.546560528,15.567953654,0.887237,0.013863
mapping,iput,65536,0,131200,transpose,20261005,2,17.551908371,18.716913537,1.066375,0.533187
mapping,iput,65536,0,131200,transpose,20261005,4,17.551908371,20.550921551,1.170865,0.292716
mapping,iput,65536,0,131200,transpose,20261005,8,17.551908371,16.080583017,0.916173,0.114522
mapping,iput,65536,0,131200,transpose,20261005,16,17.551908371,16.180200015,0.921848,0.057616
mapping,iput,65536,0,131200,transpose,20261005,32,17.551908371,15.375595080,0.876007,0.027375
mapping,iput,65536,0,131200,transpose,20261005,64,17.551908371,13.912137356,0.792628,0.012385
mapping,iput,65536,0,131200,shuffle,20261005,2,17.551992985,18.719134857,1.066496,0.533248
mapping,iput,65536,0,131200,shuffle,20261005,4,17.551992985,20.643932175,1.176159,0.294040
mapping,iput,65536,0,131200,shuffle,20261005,8,17.551992985,17.869139351,1.018069,0.127259
mapping,iput,65536,0,131200,shuffle,20261005,16,17.551992985,16.356973679,0.931915,0.058245
mapping,iput,65536,0,131200,shuffle,20261005,32,17.551992985,15.471224925,0.881451,0.027545
mapping,iput,65536,0,131200,shuffle,20261005,64,17.551992985,14.126931444,0.804862,0.012576
mapping,iput,65536,0,131328,identity,20261005,2,17.549699288,18.733777742,1.067470,0.533735
mapping,iput,65536,0,131328,identity,20261005,4,17.549699288,21.137205252,1.204420,0.301105
mapping,iput,65536,0,131328,identity,20261005,8,17.549699288,20.460322924,1.165850,0.145731
mapping,iput,65536,0,131328,identity,20261005,16,17.549699288,20.732761518,1.181374,0.073836
mapping,iput,65536,0,131328,identity,20261005,32,17.549699288,18.812701207,1.071967,0.033499
mapping,iput,65536,0,131328,identity,20261005,64,17.549699288,15.534629335,0.885179,0.013831
mapping,iput,65536,0,131328,reverse,20261005,2,17.545184150,18.729315297,1.067490,0.533745
mapping,iput,65536,0,131328,reverse,20261005,4,17.545184150,21.132682912,1.204472,0.301118
mapping,iput,65536,0,131328,reverse,20261005,8,17.545184150,20.470238255,1.166715,0.145839
mapping,iput,65536,0,131328,reverse,20261005,16,17.545184150,20.704857993,1.180088,0.073755
mapping,iput,65536,0,131328,reverse,20261005,32,17.545184150,18.761983662,1.069352,0.033417
mapping,iput,65536,0,131328,reverse,20261005,64,17.545184150,15.480608415,0.882328,0.013786
mapping,iput,65536,0,131328,transpose,20261005,2,17.546367916,18.717953295,1.066771,0.533385
mapping,iput,65536,0,131328,transpose,20261005,4,17.546367916,20.515600979,1.169222,0.292306
mapping,iput,65536,0,131328,transpose,20261005,8,17.546367916,16.180580273,0.922161,0.115270
mapping,iput,65536,0,131328,transpose,20261005,16,17.546367916,16.187340256,0.922546,0.057659
mapping,iput,65536,0,131328,transpose,20261005,32,17.546367916,15.161393408,0.864076,0.027002
mapping,iput,65536,0,131328,transpose,20261005,64,17.546367916,13.662346657,0.778642,0.012166
mapping,iput,65536,0,131328,shuffle,20261005,2,17.549454913,18.709355377,1.066093,0.533047
mapping,iput,65536,0,131328,shuffle,20261005,4,17.549454913,20.601944195,1.173936,0.293484
mapping,iput,65536,0,131328,shuffle,20261005,8,17.549454913,17.491496513,0.996697,0.124587
mapping,iput,65536,0,131328,shuffle,20261005,16,17.549454913,16.135585352,0.919435,0.057465
mapping,iput,65536,0,131328,shuffle,20261005,32,17.549454913,15.355883079,0.875006,0.027344
mapping,iput,65536,0,131328,shuffle,20261005,64,17.549454913,14.068012124,0.801621,0.012525
mapping,iput,65536,0,135168,identity,20261005,2,17.546739050,18.733405567,1.067629,0.533814
mapping,iput,65536,0,135168,identity,20261005,4,17.546739050,21.079526434,1.201336,0.300334
mapping,iput,65536,0,135168,identity,20261005,8,17.546739050,20.472049488,1.166715,0.145839
mapping,iput,65536,0,135168,identity,20261005,16,17.546739050,20.663537414,1.177628,0.073602
mapping,iput,65536,0,135168,identity,20261005,32,17.546739050,17.950618184,1.023017,0.031969
mapping,iput,65536,0,135168,identity,20261005,64,17.546739050,14.915543319,0.850046,0.013282
mapping,iput,65536,0,135168,reverse,20261005,2,17.548923891,18.731954495,1.067413,0.533707
mapping,iput,65536,0,135168,reverse,20261005,4,17.548923891,21.081355549,1.201290,0.300323
mapping,iput,65536,0,135168,reverse,20261005,8,17.548923891,20.477421125,1.166876,0.145860
mapping,iput,65536,0,135168,reverse,20261005,16,17.548923891,20.562564318,1.171728,0.073233
mapping,iput,65536,0,135168,reverse,20261005,32,17.548923891,17.805926782,1.014645,0.031708
mapping,iput,65536,0,135168,reverse,20261005,64,17.548923891,14.983535203,0.853815,0.013341
mapping,iput,65536,0,135168,transpose,20261005,2,17.543498029,18.720891436,1.067113,0.533556
mapping,iput,65536,0,135168,transpose,20261005,4,17.543498029,20.678009713,1.178671,0.294668
mapping,iput,65536,0,135168,transpose,20261005,8,17.543498029,16.136508321,0.919800,0.114975
mapping,iput,65536,0,135168,transpose,20261005,16,17.543498029,16.013201068,0.912771,0.057048
mapping,iput,65536,0,135168,transpose,20261005,32,17.543498029,15.519039197,0.884603,0.027644
mapping,iput,65536,0,135168,transpose,20261005,64,17.543498029,14.209605868,0.809964,0.012656
mapping,iput,65536,0,135168,shuffle,20261005,2,17.548890997,18.720744374,1.066776,0.533388
mapping,iput,65536,0,135168,shuffle,20261005,4,17.548890997,20.619781174,1.174991,0.293748
mapping,iput,65536,0,135168,shuffle,20261005,8,17.548890997,17.083400837,0.973475,0.121684
mapping,iput,65536,0,135168,shuffle,20261005,16,17.548890997,16.028694925,0.913374,0.057086
mapping,iput,65536,0,135168,shuffle,20261005,32,17.548890997,15.150846996,0.863351,0.026980
mapping,iput,65536,0,135168,shuffle,20261005,64,17.548890997,14.149618203,0.806297,0.012598
mapping,iput,65536,0,262144,identity,20261005,2,17.546706164,18.719268527,1.066825,0.533413
mapping,iput,65536,0,262144,identity,20261005,4,17.546706164,20.513133518,1.169059,0.292265
mapping,iput,65536,0,262144,identity,20261005,8,17.546706164,16.174447398,0.921794,0.115224
mapping,iput,65536,0,262144,identity,20261005,16,17.546706164,15.423617149,0.879004,0.054938
mapping,iput,65536,0,262144,identity,20261005,32,17.546706164,14.280888086,0.813879,0.025434
mapping,iput,65536,0,262144,identity,20261005,64,17.546706164,13.321752105,0.759217,0.011863
mapping,iput,65536,0,262144,reverse,20261005,2,17.546673278,18.715013404,1.066585,0.533292
mapping,iput,65536,0,262144,reverse,20261005,4,17.546673278,20.551483841,1.171247,0.292812
mapping,iput,65536,0,262144,reverse,20261005,8,17.546673278,16.055641067,0.915025,0.114378
mapping,iput,65536,0,262144,reverse,20261005,16,17.546673278,15.391143769,0.877155,0.054822
mapping,iput,65536,0,262144,reverse,20261005,32,17.546673278,14.311383414,0.815618,0.025488
mapping,iput,65536,0,262144,reverse,20261005,64,17.546673278,13.376400606,0.762333,0.011911
mapping,iput,65536,0,262144,transpose,20261005,2,17.549614696,18.714874450,1.066398,0.533199
mapping,iput,65536,0,262144,transpose,20261005,4,17.549614696,20.524154190,1.169493,0.292373
mapping,iput,65536,0,262144,transpose,20261005,8,17.549614696,16.131320012,0.919184,0.114898
mapping,iput,65536,0,262144,transpose,20261005,16,17.549614696,15.887787892,0.905307,0.056582
mapping,iput,65536,0,262144,transpose,20261005,32,17.549614696,14.419010185,0.821614,0.025675
mapping,iput,65536,0,262144,transpose,20261005,64,17.549614696,13.367243472,0.761683,0.011901
mapping,iput,65536,0,262144,shuffle,20261005,2,17.552378460,18.714556467,1.066212,0.533106
mapping,iput,65536,0,262144,shuffle,20261005,4,17.552378460,20.617179950,1.174609,0.293652
mapping,iput,65536,0,262144,shuffle,20261005,8,17.552378460,16.083531979,0.916316,0.114540
mapping,iput,65536,0,262144,shuffle,20261005,16,17.552378460,15.602940449,0.888936,0.055558
mapping,iput,65536,0,262144,shuffle,20261005,32,17.552378460,14.458144238,0.823714,0.025741
mapping,iput,65536,0,262144,shuffle,20261005,64,17.552378460,13.448649614,0.766201,0.011972
mapping,iput,98304,0,131200,identity,20261005,2,17.939592932,18.746873066,1.045000,0.522500
mapping,iput,98304,0,131200,identity,20261005,4,17.939592932,21.260681138,1.185126,0.296282
mapping,iput,98304,0,131200,identity,20261005,8,17.939592932,20.556229888,1.145858,0.143232
mapping,iput,98304,0,131200,identity,20261005,16,17.939592932,20.577572526,1.147048,0.071690
mapping,iput,98304,0,131200,identity,20261005,32,17.939592932,18.785243740,1.047139,0.032723
mapping,iput,98304,0,131200,identity,20261005,64,17.939592932,15.575350824,0.868211,0.013566
mapping,iput,98304,0,131200,reverse,20261005,2,17.938142750,18.747225218,1.045104,0.522552
mapping,iput,98304,0,131200,reverse,20261005,4,17.938142750,21.257205505,1.185028,0.296257
mapping,iput,98304,0,131200,reverse,20261005,8,17.938142750,20.524674305,1.144192,0.143024
mapping,iput,98304,0,131200,reverse,20261005,16,17.938142750,20.595270495,1.148127,0.071758
mapping,iput,98304,0,131200,reverse,20261005,32,17.938142750,18.749651543,1.045239,0.032664
mapping,iput,98304,0,131200,reverse,20261005,64,17.938142750,15.581187587,0.868607,0.013572
mapping,iput,98304,0,131200,transpose,20261005,2,17.938051098,18.739471986,1.044677,0.522339
mapping,iput,98304,0,131200,transpose,20261005,4,17.938051098,20.670708821,1.152339,0.288085
mapping,iput,98304,0,131200,transpose,20261005,8,17.938051098,16.119202143,0.898604,0.112325
mapping,iput,98304,0,131200,transpose,20261005,16,17.938051098,15.958185088,0.889628,0.055602
mapping,iput,98304,0,131200,transpose,20261005,32,17.938051098,15.307082936,0.853330,0.026667
mapping,iput,98304,0,131200,transpose,20261005,64,17.938051098,13.987236721,0.779752,0.012184
mapping,iput,98304,0,131200,shuffle,20261005,2,17.936650256,18.737212801,1.044633,0.522316
mapping,iput,98304,0,131200,shuffle,20261005,4,17.936650256,20.695000577,1.153783,0.288446
mapping,iput,98304,0,131200,shuffle,20261005,8,17.936650256,17.780875990,0.991315,0.123914
mapping,iput,98304,0,131200,shuffle,20261005,16,17.936650256,16.413868282,0.915102,0.057194
mapping,iput,98304,0,131200,shuffle,20261005,32,17.936650256,15.460942896,0.861975,0.026937
mapping,iput,98304,0,131200,shuffle,20261005,64,17.936650256,14.174749239,0.790267,0.012348
mapping,iput,98304,0,131328,identity,20261005,2,17.932275670,18.746297495,1.045394,0.522697
mapping,iput,98304,0,131328,identity,20261005,4,17.932275670,21.321347016,1.188993,0.297248
mapping,iput,98304,0,131328,identity,20261005,8,17.932275670,20.560472296,1.146562,0.143320
mapping,iput,98304,0,131328,identity,20261005,16,17.932275670,20.802946238,1.160084,0.072505
mapping,iput,98304,0,131328,identity,20261005,32,17.932275670,18.610031008,1.037795,0.032431
mapping,iput,98304,0,131328,identity,20261005,64,17.932275670,15.430729173,0.860500,0.013445
mapping,iput,98304,0,131328,reverse,20261005,2,17.938394796,18.743396939,1.044876,0.522438
mapping,iput,98304,0,131328,reverse,20261005,4,17.938394796,21.233587771,1.183695,0.295924
mapping,iput,98304,0,131328,reverse,20261005,8,17.938394796,20.529640564,1.144452,0.143057
mapping,iput,98304,0,131328,reverse,20261005,16,17.938394796,20.735089934,1.155906,0.072244
mapping,iput,98304,0,131328,reverse,20261005,32,17.938394796,18.607247417,1.037286,0.032415
mapping,iput,98304,0,131328,reverse,20261005,64,17.938394796,15.366281793,0.856614,0.013385
mapping,iput,98304,0,131328,transpose,20261005,2,17.936565165,18.741672759,1.044886,0.522443
mapping,iput,98304,0,131328,transpose,20261005,4,17.936565165,20.697697738,1.153939,0.288485
mapping,iput,98304,0,131328,transpose,20261005,8,17.936565165,16.126786491,0.899101,0.112388
mapping,iput,98304,0,131328,transpose,20261005,16,17.936565165,15.901919560,0.886564,0.055410
mapping,iput,98304,0,131328,transpose,20261005,32,17.936565165,15.120828437,0.843017,0.026344
mapping,iput,98304,0,131328,transpose,20261005,64,17.936565165,13.779700544,0.768246,0.012004
mapping,iput,98304,0,131328,shuffle,20261005,2,17.934241843,18.738734342,1.044858,0.522429
mapping,iput,98304,0,131328,shuffle,20261005,4,17.934241843,20.599312937,1.148602,0.287151
mapping,iput,98304,0,131328,shuffle,20261005,8,17.934241843,17.730755811,0.988654,0.123582
mapping,iput,98304,0,131328,shuffle,20261005,16,17.934241843,16.346217931,0.911453,0.056966
mapping,iput,98304,0,131328,shuffle,20261005,32,17.934241843,15.438251204,0.860825,0.026901
mapping,iput,98304,0,131328,shuffle,20261005,64,17.934241843,14.162869169,0.789711,0.012339
mapping,iput,98304,0,135168,identity,20261005,2,17.937344104,18.746713976,1.045122,0.522561
mapping,iput,98304,0,135168,identity,20261005,4,17.937344104,21.217179864,1.182850,0.295712
mapping,iput,98304,0,135168,identity,20261005,8,17.937344104,20.497448987,1.142725,0.142841
mapping,iput,98304,0,135168,identity,20261005,16,17.937344104,20.462917461,1.140800,0.071300
mapping,iput,98304,0,135168,identity,20261005,32,17.937344104,18.282427674,1.019238,0.031851
mapping,iput,98304,0,135168,identity,20261005,64,17.937344104,15.053710971,0.839239,0.013113
mapping,iput,98304,0,135168,reverse,20261005,2,17.937301555,18.745450290,1.045054,0.522527
mapping,iput,98304,0,135168,reverse,20261005,4,17.937301555,21.255557735,1.184992,0.296248
mapping,iput,98304,0,135168,reverse,20261005,8,17.937301555,20.619842807,1.149551,0.143694
mapping,iput,98304,0,135168,reverse,20261005,16,17.937301555,20.659418984,1.151757,0.071985
mapping,iput,98304,0,135168,reverse,20261005,32,17.937301555,17.714695445,0.987590,0.030862
mapping,iput,98304,0,135168,reverse,20261005,64,17.937301555,14.966270954,0.834366,0.013037
mapping,iput,98304,0,135168,transpose,20261005,2,17.938846533,18.739427333,1.044628,0.522314
mapping,iput,98304,0,135168,transpose,20261005,4,17.938846533,20.665353149,1.151989,0.287997
mapping,iput,98304,0,135168,transpose,20261005,8,17.938846533,16.016319689,0.892829,0.111604
mapping,iput,98304,0,135168,transpose,20261005,16,17.938846533,15.986320950,0.891157,0.055697
mapping,iput,98304,0,135168,transpose,20261005,32,17.938846533,15.384114073,0.857587,0.026800
mapping,iput,98304,0,135168,transpose,20261005,64,17.938846533,14.117243130,0.786965,0.012296
mapping,iput,98304,0,135168,shuffle,20261005,2,17.939056043,18.738159271,1.044545,0.522273
mapping,iput,98304,0,135168,shuffle,20261005,4,17.939056043,20.683906692,1.153010,0.288252
mapping,iput,98304,0,135168,shuffle,20261005,8,17.939056043,16.711849228,0.931590,0.116449
mapping,iput,98304,0,135168,shuffle,20261005,16,17.939056043,16.773161278,0.935008,0.058438
mapping,iput,98304,0,135168,shuffle,20261005,32,17.939056043,15.230292346,0.849002,0.026531
mapping,iput,98304,0,135168,shuffle,20261005,64,17.939056043,14.184767399,0.790720,0.012355
mapping,iput,98304,0,262144,identity,20261005,2,17.938267135,18.741033195,1.044752,0.522376
mapping,iput,98304,0,262144,identity,20261005,4,17.938267135,20.741952495,1.156296,0.289074
mapping,iput,98304,0,262144,identity,20261005,8,17.938267135,16.138780311,0.899684,0.112461
mapping,iput,98304,0,262144,identity,20261005,16,17.938267135,15.575930617,0.868307,0.054269
mapping,iput,98304,0,262144,identity,20261005,32,17.938267135,14.347810518,0.799844,0.024995
mapping,iput,98304,0,262144,identity,20261005,64,17.938267135,13.371495293,0.745417,0.011647
mapping,iput,98304,0,262144,reverse,20261005,2,17.937347377,18.741051059,1.044806,0.522403
mapping,iput,98304,0,262144,reverse,20261005,4,17.937347377,20.753039745,1.156974,0.289243
mapping,iput,98304,0,262144,reverse,20261005,8,17.937347377,16.046067806,0.894562,0.111820
mapping,iput,98304,0,262144,reverse,20261005,16,17.937347377,15.579454262,0.868548,0.054284
mapping,iput,98304,0,262144,reverse,20261005,32,17.937347377,14.269210351,0.795503,0.024859
mapping,iput,98304,0,262144,reverse,20261005,64,17.937347377,13.309060714,0.741975,0.011593
mapping,iput,98304,0,262144,transpose,20261005,2,17.935488509,18.738720055,1.044784,0.522392
mapping,iput,98304,0,262144,transpose,20261005,4,17.935488509,20.620478081,1.149703,0.287426
mapping,iput,98304,0,262144,transpose,20261005,8,17.935488509,16.037651873,0.894185,0.111773
mapping,iput,98304,0,262144,transpose,20261005,16,17.935488509,16.083106357,0.896720,0.056045
mapping,iput,98304,0,262144,transpose,20261005,32,17.935488509,14.425536166,0.804301,0.025134
mapping,iput,98304,0,262144,transpose,20261005,64,17.935488509,13.384859855,0.746278,0.011661
mapping,iput,98304,0,262144,shuffle,20261005,2,17.939612575,18.737246730,1.044462,0.522231
mapping,iput,98304,0,262144,shuffle,20261005,4,17.939612575,20.777243356,1.158177,0.289544
mapping,iput,98304,0,262144,shuffle,20261005,8,17.939612575,16.037458586,0.893969,0.111746
mapping,iput,98304,0,262144,shuffle,20261005,16,17.939612575,15.728276205,0.876734,0.054796
mapping,iput,98304,0,262144,shuffle,20261005,32,17.939612575,14.457506267,0.805898,0.025184
mapping,iput,98304,0,262144,shuffle,20261005,64,17.939612575,13.431118480,0.748685,0.011698
mapping,iput,131072,0,131200,identity,20261005,2,18.138817196,18.749775144,1.033682,0.516841
mapping,iput,131072,0,131200,identity,20261005,4,18.138817196,21.306741521,1.174649,0.293662
mapping,iput,131072,0,131200,identity,20261005,8,18.138817196,20.557902404,1.133365,0.141671
mapping,iput,131072,0,131200,identity,20261005,16,18.138817196,20.407674325,1.125083,0.070318
mapping,iput,131072,0,131200,identity,20261005,32,18.138817196,18.555015777,1.022945,0.031967
mapping,iput,131072,0,131200,identity,20261005,64,18.138817196,15.379580729,0.847882,0.013248
mapping,iput,131072,0,131200,reverse,20261005,2,18.136769106,18.752794384,1.033966,0.516983
mapping,iput,131072,0,131200,reverse,20261005,4,18.136769106,21.311224326,1.175029,0.293757
mapping,iput,131072,0,131200,reverse,20261005,8,18.136769106,20.532735444,1.132105,0.141513
mapping,iput,131072,0,131200,reverse,20261005,16,18.136769106,20.235400838,1.115711,0.069732
mapping,iput,131072,0,131200,reverse,20261005,32,18.136769106,18.568583227,1.023809,0.031994
mapping,iput,131072,0,131200,reverse,20261005,64,18.136769106,15.357657863,0.846769,0.013231
mapping,iput,131072,0,131200,transpose,20261005,2,18.138649014,18.749211911,1.033661,0.516830
mapping,iput,131072,0,131200,transpose,20261005,4,18.138649014,20.782029455,1.145732,0.286433
mapping,iput,131072,0,131200,transpose,20261005,8,18.138649014,16.077367424,0.886360,0.110795
mapping,iput,131072,0,131200,transpose,20261005,16,18.138649014,15.975637859,0.880751,0.055047
mapping,iput,131072,0,131200,transpose,20261005,32,18.138649014,15.305284840,0.843794,0.026369
mapping,iput,131072,0,131200,transpose,20261005,64,18.138649014,14.183373983,0.781942,0.012218
mapping,iput,131072,0,131200,shuffle,20261005,2,18.137976319,18.747728891,1.033617,0.516809
mapping,iput,131072,0,131200,shuffle,20261005,4,18.137976319,20.795922557,1.146540,0.286635
mapping,iput,131072,0,131200,shuffle,20261005,8,18.137976319,17.608668889,0.970818,0.121352
mapping,iput,131072,0,131200,shuffle,20261005,16,18.137976319,16.739744417,0.922911,0.057682
mapping,iput,131072,0,131200,shuffle,20261005,32,18.137976319,15.493348978,0.854194,0.026694
mapping,iput,131072,0,131200,shuffle,20261005,64,18.137976319,14.305370856,0.788697,0.012323
mapping,iput,131072,0,131328,identity,20261005,2,18.139735975,18.752932560,1.033804,0.516902
mapping,iput,131072,0,131328,identity,20261005,4,18.139735975,21.328087228,1.175766,0.293942
mapping,iput,131072,0,131328,identity,20261005,8,18.139735975,20.557788745,1.133301,0.141663
mapping,iput,131072,0,131328,identity,20261005,16,18.139735975,20.550581212,1.132904,0.070807
mapping,iput,131072,0,131328,identity,20261005,32,18.139735975,18.485978842,1.019088,0.031846
mapping,iput,131072,0,131328,identity,20261005,64,18.139735975,15.249985272,0.840695,0.013136
mapping,iput,131072,0,131328,reverse,20261005,2,18.138357841,18.751436880,1.033800,0.516900
mapping,iput,131072,0,131328,reverse,20261005,4,18.138357841,21.293690989,1.173959,0.293490
mapping,iput,131072,0,131328,reverse,20261005,8,18.138357841,20.556356828,1.133309,0.141664
mapping,iput,131072,0,131328,reverse,20261005,16,18.138357841,20.465009980,1.128272,0.070517
mapping,iput,131072,0,131328,reverse,20261005,32,18.138357841,18.482165208,1.018955,0.031842
mapping,iput,131072,0,131328,reverse,20261005,64,18.138357841,15.157791016,0.835676,0.013057
mapping,iput,131072,0,131328,transpose,20261005,2,18.139881583,18.747698053,1.033507,0.516754
mapping,iput,131072,0,131328,transpose,20261005,4,18.139881583,20.723099769,1.142405,0.285601
mapping,iput,131072,0,131328,transpose,20261005,8,18.139881583,16.188073470,0.892402,0.111550
mapping,iput,131072,0,131328,transpose,20261005,16,18.139881583,16.094682985,0.887254,0.055453
mapping,iput,131072,0,131328,transpose,20261005,32,18.139881583,15.141615649,0.834714,0.026085
mapping,iput,131072,0,131328,transpose,20261005,64,18.139881583,13.950381551,0.769045,0.012016
mapping,iput,131072,0,131328,shuffle,20261005,2,18.137552144,18.747424539,1.033625,0.516812
mapping,iput,131072,0,131328,shuffle,20261005,4,18.137552144,20.824366695,1.148135,0.287034
mapping,iput,131072,0,131328,shuffle,20261005,8,18.137552144,17.529852797,0.966495,0.120812
mapping,iput,131072,0,131328,shuffle,20261005,16,18.137552144,16.184887071,0.892341,0.055771
mapping,iput,131072,0,131328,shuffle,20261005,32,18.137552144,15.526401574,0.856036,0.026751
mapping,iput,131072,0,131328,shuffle,20261005,64,18.137552144,14.207230904,0.783305,0.012239
mapping,iput,131072,0,135168,identity,20261005,2,18.139663172,18.749797942,1.033635,0.516818
mapping,iput,131072,0,135168,identity,20261005,4,18.139663172,21.277866811,1.173002,0.293251
mapping,iput,131072,0,135168,identity,20261005,8,18.139663172,20.493610239,1.129768,0.141221
mapping,iput,131072,0,135168,identity,20261005,16,18.139663172,20.485977544,1.129347,0.070584
mapping,iput,131072,0,135168,identity,20261005,32,18.139663172,17.815242708,0.982115,0.030691
mapping,iput,131072,0,135168,identity,20261005,64,18.139663172,15.023897746,0.828235,0.012941
mapping,iput,131072,0,135168,reverse,20261005,2,18.137248458,18.751536138,1.033869,0.516934
mapping,iput,131072,0,135168,reverse,20261005,4,18.137248458,21.278251096,1.173180,0.293295
mapping,iput,131072,0,135168,reverse,20261005,8,18.137248458,20.608534463,1.136255,0.142032
mapping,iput,131072,0,135168,reverse,20261005,16,18.137248458,20.614496099,1.136583,0.071036
mapping,iput,131072,0,135168,reverse,20261005,32,18.137248458,18.597342937,1.025367,0.032043
mapping,iput,131072,0,135168,reverse,20261005,64,18.137248458,15.023781883,0.828339,0.012943
mapping,iput,131072,0,135168,transpose,20261005,2,18.136495560,18.748326898,1.033735,0.516867
mapping,iput,131072,0,135168,transpose,20261005,4,18.136495560,20.853330828,1.149799,0.287450
mapping,iput,131072,0,135168,transpose,20261005,8,18.136495560,16.023331336,0.883486,0.110436
mapping,iput,131072,0,135168,transpose,20261005,16,18.136495560,16.051577474,0.885043,0.055315
mapping,iput,131072,0,135168,transpose,20261005,32,18.136495560,15.288539088,0.842971,0.026343
mapping,iput,131072,0,135168,transpose,20261005,64,18.136495560,14.052569321,0.774823,0.012107
mapping,iput,131072,0,135168,shuffle,20261005,2,18.137486889,18.750044704,1.033773,0.516887
mapping,iput,131072,0,135168,shuffle,20261005,4,18.137486889,20.714643506,1.142090,0.285523
mapping,iput,131072,0,135168,shuffle,20261005,8,18.137486889,16.596742228,0.915052,0.114381
mapping,iput,131072,0,135168,shuffle,20261005,16,18.137486889,16.056904670,0.885288,0.055331
mapping,iput,131072,0,135168,shuffle,20261005,32,18.137486889,15.291152278,0.843069,0.026346
mapping,iput,131072,0,135168,shuffle,20261005,64,18.137486889,14.150189819,0.780163,0.012190
mapping,iput,131072,0,262144,identity,20261005,2,18.138676626,18.749081835,1.033652,0.516826
mapping,iput,131072,0,262144,identity,20261005,4,18.138676626,20.826130285,1.148162,0.287040
mapping,iput,131072,0,262144,identity,20261005,8,18.138676626,16.121398539,0.888786,0.111098
mapping,iput,131072,0,262144,identity,20261005,16,18.138676626,15.515688494,0.855393,0.053462
mapping,iput,131072,0,262144,identity,20261005,32,18.138676626,14.270927317,0.786768,0.024586
mapping,iput,131072,0,262144,identity,20261005,64,18.138676626,13.358491106,0.736464,0.011507
mapping,iput,131072,0,262144,reverse,20261005,2,18.139688277,18.747976939,1.033534,0.516767
mapping,iput,131072,0,262144,reverse,20261005,4,18.139688277,20.860538597,1.149994,0.287499
mapping,iput,131072,0,262144,reverse,20261005,8,18.139688277,16.036767157,0.884071,0.110509
mapping,iput,131072,0,262144,reverse,20261005,16,18.139688277,15.519747573,0.855569,0.053473
mapping,iput,131072,0,262144,reverse,20261005,32,18.139688277,14.312708394,0.789027,0.024657
mapping,iput,131072,0,262144,reverse,20261005,64,18.139688277,13.429210756,0.740322,0.011568
mapping,iput,131072,0,262144,transpose,20261005,2,18.138543589,18.748511939,1.033628,0.516814
mapping,iput,131072,0,262144,transpose,20261005,4,18.138543589,20.864176317,1.150267,0.287567
mapping,iput,131072,0,262144,transpose,20261005,8,18.138543589,16.023125172,0.883374,0.110422
mapping,iput,131072,0,262144,transpose,20261005,16,18.138543589,16.191616525,0.892664,0.055791
mapping,iput,131072,0,262144,transpose,20261005,32,18.138543589,14.465931414,0.797524,0.024923
mapping,iput,131072,0,262144,transpose,20261005,64,18.138543589,13.407303595,0.739161,0.011549
mapping,iput,131072,0,262144,shuffle,20261005,2,18.136159286,18.748729166,1.033776,0.516888
mapping,iput,131072,0,262144,shuffle,20261005,4,18.136159286,20.753202946,1.144300,0.286075
mapping,iput,131072,0,262144,shuffle,20261005,8,18.136159286,16.022229572,0.883441,0.110430
mapping,iput,131072,0,262144,shuffle,20261005,16,18.136159286,15.836758221,0.873215,0.054576
mapping,iput,131072,0,262144,shuffle,20261005,32,18.136159286,14.482143382,0.798523,0.024954
mapping,iput,131072,0,262144,shuffle,20261005,64,18.136159286,13.467390645,0.742571,0.011603
mapping,iput,64,4,131200,identity,20261005,2,0.174145632,0.345287380,1.982751,0.991375
mapping,iput,64,4,131200,identity,20261005,4,0.174145632,0.316648317,1.818296,0.454574
mapping,iput,64,4,131200,identity,20261005,8,0.174145632,0.637308011,3.659627,0.457453
mapping,iput,64,4,131200,identity,20261005,16,0.174145632,0.697694970,4.006388,0.250399
mapping,iput,64,4,131200,identity,20261005,32,0.174145632,1.159735370,6.659572,0.208112
mapping,iput,64,4,131200,identity,20261005,64,0.174145632,1.145634539,6.578600,0.102791
mapping,iput,64,4,131200,reverse,20261005,2,0.173688004,0.343767944,1.979227,0.989613
mapping,iput,64,4,131200,reverse,20261005,4,0.173688004,0.300225110,1.728531,0.432133
mapping,iput,64,4,131200,reverse,20261005,8,0.173688004,0.634305051,3.651980,0.456497
mapping,iput,64,4,131200,reverse,20261005,16,0.173688004,1.007300667,5.799483,0.362468
mapping,iput,64,4,131200,reverse,20261005,32,0.173688004,1.055098827,6.074679,0.189834
mapping,iput,64,4,131200,reverse,20261005,64,0.173688004,1.144981748,6.592175,0.103003
mapping,iput,64,4,131200,transpose,20261005,2,0.174016271,0.315513555,1.813127,0.906563
mapping,iput,64,4,131200,transpose,20261005,4,0.174016271,0.627382399,3.605309,0.901327
mapping,iput,64,4,131200,transpose,20261005,8,0.174016271,1.135418127,6.524781,0.815598
mapping,iput,64,4,131200,transpose,20261005,16,0.174016271,1.115064168,6.407816,0.400488
mapping,iput,64,4,131200,transpose,20261005,32,0.174016271,1.004015474,5.769664,0.180302
mapping,iput,64,4,131200,transpose,20261005,64,0.174016271,1.145565940,6.583097,0.102861
mapping,iput,64,4,131200,shuffle,20261005,2,0.174202798,0.348942323,2.003081,1.001541
mapping,iput,64,4,131200,shuffle,20261005,4,0.174202798,0.634643923,3.643133,0.910783
mapping,iput,64,4,131200,shuffle,20261005,8,0.174202798,0.465040448,2.669535,0.333692
mapping,iput,64,4,131200,shuffle,20261005,16,0.174202798,0.607112237,3.485089,0.217818
mapping,iput,64,4,131200,shuffle,20261005,32,0.174202798,0.996308260,5.719244,0.178726
mapping,iput,64,4,131200,shuffle,20261005,64,0.174202798,1.109962518,6.371669,0.099557
mapping,iput,64,4,131328,identity,20261005,2,0.173880346,0.346002803,1.989890,0.994945
mapping,iput,64,4,131328,identity,20261005,4,0.173880346,0.329893549,1.897245,0.474311
mapping,iput,64,4,131328,identity,20261005,8,0.173880346,0.400471900,2.303146,0.287893
mapping,iput,64,4,131328,identity,20261005,16,0.173880346,0.524734143,3.017789,0.188612
mapping,iput,64,4,131328,identity,20261005,32,0.173880346,0.776123089,4.463547,0.139486
mapping,iput,64,4,131328,identity,20261005,64,0.173880346,0.926333886,5.327421,0.083241
mapping,iput,64,4,131328,reverse,20261005,2,0.175012914,0.285429875,1.630908,0.815454
mapping,iput,64,4,131328,reverse,20261005,4,0.175012914,0.283522775,1.620011,0.405003
mapping,iput,64,4,131328,reverse,20261005,8,0.175012914,0.281408933,1.607932,0.200992
mapping,iput,64,4,131328,reverse,20261005,16,0.175012914,0.449966573,2.571048,0.160690
mapping,iput,64,4,131328,reverse,20261005,32,0.175012914,0.558875120,3.193336,0.099792
mapping,iput,64,4,131328,reverse,20261005,64,0.175012914,0.920970335,5.262299,0.082223
mapping,iput,64,4,131328,transpose,20261005,2,0.174157716,0.172881626,0.992673,0.496336
mapping,iput,64,4,131328,transpose,20261005,4,0.174157716,0.335460450,1.926188,0.481547
mapping,iput,64,4,131328,transpose,20261005,8,0.174157716,0.623155181,3.578108,0.447264
mapping,iput,64,4,131328,transpose,20261005,16,0.174157716,0.844630960,4.849805,0.303113
mapping,iput,64,4,131328,transpose,20261005,32,0.174157716,0.847533415,4.866471,0.152077
mapping,iput,64,4,131328,transpose,20261005,64,0.174157716,0.898134943,5.157021,0.080578
mapping,iput,64,4,131328,shuffle,20261005,2,0.174118437,0.347942667,1.998310,0.999155
mapping,iput,64,4,131328,shuffle,20261005,4,0.174118437,0.435714496,2.502403,0.625601
mapping,iput,64,4,131328,shuffle,20261005,8,0.174118437,0.376584006,2.162804,0.270350
mapping,iput,64,4,131328,shuffle,20261005,16,0.174118437,0.621473261,3.569256,0.223078
mapping,iput,64,4,131328,shuffle,20261005,32,0.174118437,0.816650255,4.690200,0.146569
mapping,iput,64,4,131328,shuffle,20261005,64,0.174118437,0.914454480,5.251911,0.082061
mapping,iput,64,4,135168,identity,20261005,2,0.173992191,0.344897365,1.982258,0.991129
mapping,iput,64,4,135168,identity,20261005,4,0.173992191,0.628152109,3.610232,0.902558
mapping,iput,64,4,135168,identity,20261005,8,0.173992191,1.140629351,6.555635,0.819454
mapping,iput,64,4,135168,identity,20261005,16,0.173992191,0.897539392,5.158504,0.322406
mapping,iput,64,4,135168,identity,20261005,32,0.173992191,0.980351656,5.634458,0.176077
mapping,iput,64,4,135168,identity,20261005,64,0.173992191,0.857208649,4.926708,0.076980
mapping,iput,64,4,135168,reverse,20261005,2,0.173598396,0.343624346,1.979421,0.989711
mapping,iput,64,4,135168,reverse,20261005,4,0.173598396,0.627369484,3.613913,0.903478
mapping,iput,64,4,135168,reverse,20261005,8,0.173598396,1.132134465,6.521572,0.815197
mapping,iput,64,4,135168,reverse,20261005,16,0.173598396,0.888882948,5.120341,0.320021
mapping,iput,64,4,135168,reverse,20261005,32,0.173598396,0.979947912,5.644913,0.176404
mapping,iput,64,4,135168,reverse,20261005,64,0.173598396,0.857155963,4.937580,0.077150
mapping,iput,64,4,135168,transpose,20261005,2,0.173574620,0.343843760,1.980956,0.990478
mapping,iput,64,4,135168,transpose,20261005,4,0.173574620,0.625667674,3.604603,0.901151
mapping,iput,64,4,135168,transpose,20261005,8,0.173574620,0.606843224,3.496152,0.437019
mapping,iput,64,4,135168,transpose,20261005,16,0.173574620,0.883281584,5.088772,0.318048
mapping,iput,64,4,135168,transpose,20261005,32,0.173574620,0.888347475,5.117957,0.159936
mapping,iput,64,4,135168,transpose,20261005,64,0.173574620,0.856132619,4.932361,0.077068
mapping,iput,64,4,135168,shuffle,20261005,2,0.174345401,0.344635586,1.976740,0.988370
mapping,iput,64,4,135168,shuffle,20261005,4,0.174345401,0.343908012,1.972567,0.493142
mapping,iput,64,4,135168,shuffle,20261005,8,0.174345401,0.450871596,2.586083,0.323260
mapping,iput,64,4,135168,shuffle,20261005,16,0.174345401,0.575969052,3.303609,0.206476
mapping,iput,64,4,135168,shuffle,20261005,32,0.174345401,0.709493146,4.069469,0.127171
mapping,iput,64,4,135168,shuffle,20261005,64,0.174345401,0.852714582,4.890950,0.076421
mapping,iput,64,4,262144,identity,20261005,2,0.174165441,0.348626222,2.001696,1.000848
mapping,iput,64,4,262144,identity,20261005,4,0.174165441,0.627850466,3.604908,0.901227
mapping,iput,64,4,262144,identity,20261005,8,0.174165441,1.126760315,6.469483,0.808685
mapping,iput,64,4,262144,identity,20261005,16,0.174165441,1.126828510,6.469874,0.404367
mapping,iput,64,4,262144,identity,20261005,32,0.174165441,1.277288715,7.333767,0.229180
mapping,iput,64,4,262144,identity,20261005,64,0.174165441,1.140550805,6.548663,0.102323
mapping,iput,64,4,262144,reverse,20261005,2,0.174201849,0.346738290,1.990440,0.995220
mapping,iput,64,4,262144,reverse,20261005,4,0.174201849,0.628774489,3.609459,0.902365
mapping,iput,64,4,262144,reverse,20261005,8,0.174201849,1.131363450,6.494555,0.811819
mapping,iput,64,4,262144,reverse,20261005,16,0.174201849,1.134506491,6.512597,0.407037
mapping,iput,64,4,262144,reverse,20261005,32,0.174201849,1.275233814,7.320438,0.228764
mapping,iput,64,4,262144,reverse,20261005,64,0.174201849,1.136159413,6.522086,0.101908
mapping,iput,64,4,262144,transpose,20261005,2,0.173914272,0.344268428,1.979529,0.989765
mapping,iput,64,4,262144,transpose,20261005,4,0.173914272,0.665521415,3.826721,0.956680
mapping,iput,64,4,262144,transpose,20261005,8,0.173914272,1.149178394,6.607729,0.825966
mapping,iput,64,4,262144,transpose,20261005,16,0.173914272,0.894424851,5.142907,0.321432
mapping,iput,64,4,262144,transpose,20261005,32,0.173914272,0.994430703,5.717936,0.178686
mapping,iput,64,4,262144,transpose,20261005,64,0.173914272,1.134565602,6.523706,0.101933
mapping,iput,64,4,262144,shuffle,20261005,2,0.174457655,0.342385324,1.962570,0.981285
mapping,iput,64,4,262144,shuffle,20261005,4,0.174457655,0.625099656,3.583102,0.895776
mapping,iput,64,4,262144,shuffle,20261005,8,0.174457655,0.648196280,3.715493,0.464437
mapping,iput,64,4,262144,shuffle,20261005,16,0.174457655,0.736315709,4.220598,0.263787
mapping,iput,64,4,262144,shuffle,20261005,32,0.174457655,0.959881770,5.502090,0.171940
mapping,iput,64,4,262144,shuffle,20261005,64,0.174457655,1.137277723,6.518933,0.101858
mapping,iput,128,4,131200,identity,20261005,2,0.330938339,0.611367081,1.847375,0.923687
mapping,iput,128,4,131200,identity,20261005,4,0.330938339,0.507598109,1.533815,0.383454
mapping,iput,128,4,131200,identity,20261005,8,0.330938339,0.968973359,2.927957,0.365995
mapping,iput,128,4,131200,identity,20261005,16,0.330938339,1.261647834,3.812335,0.238271
mapping,iput,128,4,131200,identity,20261005,32,0.330938339,1.642773655,4.963987,0.155125
mapping,iput,128,4,131200,identity,20261005,64,0.330938339,1.580754408,4.776583,0.074634
mapping,iput,128,4,131200,reverse,20261005,2,0.345378685,0.615907100,1.783281,0.891640
mapping,iput,128,4,131200,reverse,20261005,4,0.345378685,0.578873099,1.676053,0.419013
mapping,iput,128,4,131200,reverse,20261005,8,0.345378685,0.976668123,2.827818,0.353477
mapping,iput,128,4,131200,reverse,20261005,16,0.345378685,1.486080009,4.302755,0.268922
mapping,iput,128,4,131200,reverse,20261005,32,0.345378685,1.719365542,4.978204,0.155569
mapping,iput,128,4,131200,reverse,20261005,64,0.345378685,1.578543159,4.570471,0.071414
mapping,iput,128,4,131200,transpose,20261005,2,0.331185629,0.595639177,1.798506,0.899253
mapping,iput,128,4,131200,transpose,20261005,4,0.331185629,1.214670755,3.667643,0.916911
mapping,iput,128,4,131200,transpose,20261005,8,0.331185629,2.102172998,6.347416,0.793427
mapping,iput,128,4,131200,transpose,20261005,16,0.331185629,1.809731158,5.464401,0.341525
mapping,iput,128,4,131200,transpose,20261005,32,0.331185629,1.671283915,5.046366,0.157699
mapping,iput,128,4,131200,transpose,20261005,64,0.331185629,1.573917029,4.752371,0.074256
mapping,iput,128,4,131200,shuffle,20261005,2,0.346254112,0.624813746,1.804495,0.902247
mapping,iput,128,4,131200,shuffle,20261005,4,0.346254112,0.847921615,2.448842,0.612211
mapping,iput,128,4,131200,shuffle,20261005,8,0.346254112,0.887045190,2.561833,0.320229
mapping,iput,128,4,131200,shuffle,20261005,16,0.346254112,1.109871538,3.205367,0.200335
mapping,iput,128,4,131200,shuffle,20261005,32,0.346254112,1.464172964,4.228608,0.132144
mapping,iput,128,4,131200,shuffle,20261005,64,0.346254112,1.542715189,4.455442,0.069616
mapping,iput,128,4,131328,identity,20261005,2,0.332380596,0.625175983,1.880904,0.940452
mapping,iput,128,4,131328,identity,20261005,4,0.332380596,0.625216521,1.881026,0.470256
mapping,iput,128,4,131328,identity,20261005,8,0.332380596,0.771946441,2.322477,0.290310
mapping,iput,128,4,131328,identity,20261005,16,0.332380596,0.962666722,2.896278,0.181017
mapping,iput,128,4,131328,identity,20261005,32,0.332380596,1.207604203,3.633197,0.113537
mapping,iput,128,4,131328,identity,20261005,64,0.332380596,1.262545369,3.798493,0.059351
mapping,iput,128,4,131328,reverse,20261005,2,0.332673358,0.388837626,1.168827,0.584414
mapping,iput,128,4,131328,reverse,20261005,4,0.332673358,0.408988546,1.229400,0.307350
mapping,iput,128,4,131328,reverse,20261005,8,0.332673358,0.403890698,1.214076,0.151759
mapping,iput,128,4,131328,reverse,20261005,16,0.332673358,0.722642248,2.172228,0.135764
mapping,iput,128,4,131328,reverse,20261005,32,0.332673358,0.973157392,2.925264,0.091414
mapping,iput,128,4,131328,reverse,20261005,64,0.332673358,1.266480655,3.806980,0.059484
mapping,iput,128,4,131328,transpose,20261005,2,0.332220654,0.337679773,1.016432,0.508216
mapping,iput,128,4,131328,transpose,20261005,4,0.332220654,0.652792031,1.964935,0.491234
mapping,iput,128,4,131328,transpose,20261005,8,0.332220654,1.143514025,3.442032,0.430254
mapping,iput,128,4,131328,transpose,20261005,16,0.332220654,1.331237241,4.007088,0.250443
mapping,iput,128,4,131328,transpose,20261005,32,0.332220654,1.347615602,4.056387,0.126762
mapping,iput,128,4,131328,transpose,20261005,64,0.332220654,1.274737208,3.837020,0.059953
mapping,iput,128,4,131328,shuffle,20261005,2,0.331123344,0.632448252,1.910008,0.955004
mapping,iput,128,4,131328,shuffle,20261005,4,0.331123344,0.810628864,2.448118,0.612029
mapping,iput,128,4,131328,shuffle,20261005,8,0.331123344,0.725136561,2.189929,0.273741
mapping,iput,128,4,131328,shuffle,20261005,16,0.331123344,1.104158900,3.334585,0.208412
mapping,iput,128,4,131328,shuffle,20261005,32,0.331123344,1.286873109,3.886386,0.121450
mapping,iput,128,4,131328,shuffle,20261005,64,0.331123344,1.268293257,3.830274,0.059848
mapping,iput,128,4,135168,identity,20261005,2,0.329654085,0.630741659,1.913344,0.956672
mapping,iput,128,4,135168,identity,20261005,4,0.329654085,1.222477250,3.708364,0.927091
mapping,iput,128,4,135168,identity,20261005,8,0.329654085,2.030521676,6.159553,0.769944
mapping,iput,128,4,135168,identity,20261005,16,0.329654085,1.453996488,4.410673,0.275667
mapping,iput,128,4,135168,identity,20261005,32,0.329654085,1.291897202,3.918948,0.122467
mapping,iput,128,4,135168,identity,20261005,64,0.329654085,1.241842149,3.767107,0.058861
mapping,iput,128,4,135168,reverse,20261005,2,0.333010209,0.654883706,1.966557,0.983279
mapping,iput,128,4,135168,reverse,20261005,4,0.333010209,1.211702108,3.638634,0.909658
mapping,iput,128,4,135168,reverse,20261005,8,0.333010209,1.970008923,5.915761,0.739470
mapping,iput,128,4,135168,reverse,20261005,16,0.333010209,1.434950231,4.309028,0.269314
mapping,iput,128,4,135168,reverse,20261005,32,0.333010209,1.298164033,3.898271,0.121821
mapping,iput,128,4,135168,reverse,20261005,64,0.333010209,1.241455973,3.727982,0.058250
mapping,iput,128,4,135168,transpose,20261005,2,0.331520847,0.656402683,1.979974,0.989987
mapping,iput,128,4,135168,transpose,20261005,4,0.331520847,1.207190138,3.641370,0.910343
mapping,iput,128,4,135168,transpose,20261005,8,0.331520847,1.142850383,3.447296,0.430912
mapping,iput,128,4,135168,transpose,20261005,16,0.331520847,1.417787207,4.276616,0.267288
mapping,iput,128,4,135168,transpose,20261005,32,0.331520847,1.226092396,3.698387,0.115575
mapping,iput,128,4,135168,transpose,20261005,64,0.331520847,1.246134958,3.758843,0.058732
mapping,iput,128,4,135168,shuffle,20261005,2,0.332558662,0.638610224,1.920293,0.960147
mapping,iput,128,4,135168,shuffle,20261005,4,0.332558662,0.672982715,2.023651,0.505913
mapping,iput,128,4,135168,shuffle,20261005,8,0.332558662,0.844379533,2.539039,0.317380
mapping,iput,128,4,135168,shuffle,20261005,16,0.332558662,1.070005642,3.217494,0.201093
mapping,iput,128,4,135168,shuffle,20261005,32,0.332558662,1.061037778,3.190528,0.099704
mapping,iput,128,4,135168,shuffle,20261005,64,0.332558662,1.228424446,3.693858,0.057717
mapping,iput,128,4,262144,identity,20261005,2,0.331764106,0.634040652,1.911119,0.955559
mapping,iput,128,4,262144,identity,20261005,4,0.331764106,1.202592715,3.624843,0.906211
mapping,iput,128,4,262144,identity,20261005,8,0.331764106,1.851007624,5.579288,0.697411
mapping,iput,128,4,262144,identity,20261005,16,0.331764106,1.955201260,5.893348,0.368334
mapping,iput,128,4,262144,identity,20261005,32,0.331764106,1.683295857,5.073773,0.158555
mapping,iput,128,4,262144,identity,20261005,64,0.331764106,1.634783369,4.927547,0.076993
mapping,iput,128,4,262144,reverse,20261005,2,0.331895551,0.642271554,1.935162,0.967581
mapping,iput,128,4,262144,reverse,20261005,4,0.331895551,1.208396182,3.640893,0.910223
mapping,iput,128,4,262144,reverse,20261005,8,0.331895551,1.977680409,5.958743,0.744843
mapping,iput,128,4,262144,reverse,20261005,16,0.331895551,1.950019143,5.875400,0.367213
mapping,iput,128,4,262144,reverse,20261005,32,0.331895551,1.677179750,5.053336,0.157917
mapping,iput,128,4,262144,reverse,20261005,64,0.331895551,1.634581943,4.924989,0.076953
mapping,iput,128,4,262144,transpose,20261005,2,0.331677537,0.637225679,1.921220,0.960610
mapping,iput,128,4,262144,transpose,20261005,4,0.331677537,1.297527652,3.912015,0.978004
mapping,iput,128,4,262144,transpose,20261005,8,0.331677537,2.055512487,6.197322,0.774665
mapping,iput,128,4,262144,transpose,20261005,16,0.331677537,1.434756112,4.325756,0.270360
mapping,iput,128,4,262144,transpose,20261005,32,0.331677537,1.346811266,4.060604,0.126894
mapping,iput,128,4,262144,transpose,20261005,64,0.331677537,1.603114990,4.833354,0.075521
mapping,iput,128,4,262144,shuffle,20261005,2,0.332545616,0.655178018,1.970190,0.985095
mapping,iput,128,4,262144,shuffle,20261005,4,0.332545616,1.214502200,3.652137,0.913034
mapping,iput,128,4,262144,shuffle,20261005,8,0.332545616,1.189986450,3.578416,0.447302
mapping,iput,128,4,262144,shuffle,20261005,16,0.332545616,1.337126909,4.020883,0.251305
mapping,iput,128,4,262144,shuffle,20261005,32,0.332545616,1.335944078,4.017326,0.125541
mapping,iput,128,4,262144,shuffle,20261005,64,0.332545616,1.626510953,4.891091,0.076423
mapping,iput,256,4,131200,identity,20261005,2,0.686943670,1.345145745,1.958160,0.979080
mapping,iput,256,4,131200,identity,20261005,4,0.686943670,1.187624351,1.728853,0.432213
mapping,iput,256,4,131200,identity,20261005,8,0.686943670,1.706045098,2.483530,0.310441
mapping,iput,256,4,131200,identity,20261005,16,0.686943670,2.173513908,3.164035,0.197752
mapping,iput,256,4,131200,identity,20261005,32,0.686943670,2.871078281,4.179496,0.130609
mapping,iput,256,4,131200,identity,20261005,64,0.686943670,2.705941264,3.939102,0.061548
mapping,iput,256,4,131200,reverse,20261005,2,0.702984416,1.245988562,1.772427,0.886214
mapping,iput,256,4,131200,reverse,20261005,4,0.702984416,1.256161509,1.786898,0.446725
mapping,iput,256,4,131200,reverse,20261005,8,0.702984416,1.704145242,2.424158,0.303020
mapping,iput,256,4,131200,reverse,20261005,16,0.702984416,2.691147878,3.828176,0.239261
mapping,iput,256,4,131200,reverse,20261005,32,0.702984416,2.822753544,4.015386,0.125481
mapping,iput,256,4,131200,reverse,20261005,64,0.702984416,2.700704511,3.841770,0.060028
mapping,iput,256,4,131200,transpose,20261005,2,0.684554394,1.248509165,1.823828,0.911914
mapping,iput,256,4,131200,transpose,20261005,4,0.684554394,2.446728110,3.574191,0.893548
mapping,iput,256,4,131200,transpose,20261005,8,0.684554394,2.818104173,4.116699,0.514587
mapping,iput,256,4,131200,transpose,20261005,16,0.684554394,3.185409580,4.653260,0.290829
mapping,iput,256,4,131200,transpose,20261005,32,0.684554394,2.952277189,4.312699,0.134772
mapping,iput,256,4,131200,transpose,20261005,64,0.684554394,2.719162434,3.972164,0.062065
mapping,iput,256,4,131200,shuffle,20261005,2,0.689381054,1.309371829,1.899344,0.949672
mapping,iput,256,4,131200,shuffle,20261005,4,0.689381054,2.334118591,3.385818,0.846454
mapping,iput,256,4,131200,shuffle,20261005,8,0.689381054,1.828332439,2.652136,0.331517
mapping,iput,256,4,131200,shuffle,20261005,16,0.689381054,2.038759526,2.957377,0.184836
mapping,iput,256,4,131200,shuffle,20261005,32,0.689381054,2.744065021,3.980476,0.124390
mapping,iput,256,4,131200,shuffle,20261005,64,0.689381054,2.692922751,3.906291,0.061036
mapping,iput,256,4,131328,identity,20261005,2,0.686676675,1.361107005,1.982166,0.991083
mapping,iput,256,4,131328,identity,20261005,4,0.686676675,1.191757785,1.735544,0.433886
mapping,iput,256,4,131328,identity,20261005,8,0.686676675,2.060677079,3.000942,0.375118
mapping,iput,256,4,131328,identity,20261005,16,0.686676675,1.968179496,2.866239,0.179140
mapping,iput,256,4,131328,identity,20261005,32,0.686676675,1.790922324,2.608101,0.081503
mapping,iput,256,4,131328,identity,20261005,64,0.686676675,2.396753032,3.490366,0.054537
mapping,iput,256,4,131328,reverse,20261005,2,0.632493566,0.827722228,1.308665,0.654333
mapping,iput,256,4,131328,reverse,20261005,4,0.632493566,0.885015410,1.399248,0.349812
mapping,iput,256,4,131328,reverse,20261005,8,0.632493566,0.821227183,1.298396,0.162300
mapping,iput,256,4,131328,reverse,20261005,16,0.632493566,1.260174928,1.992392,0.124524
mapping,iput,256,4,131328,reverse,20261005,32,0.632493566,1.526996732,2.414249,0.075445
mapping,iput,256,4,131328,reverse,20261005,64,0.632493566,2.358718805,3.729238,0.058269
mapping,iput,256,4,131328,transpose,20261005,2,0.687517423,0.639941525,0.930800,0.465400
mapping,iput,256,4,131328,transpose,20261005,4,0.687517423,1.198253639,1.742870,0.435718
mapping,iput,256,4,131328,transpose,20261005,8,0.687517423,1.783013212,2.593408,0.324176
mapping,iput,256,4,131328,transpose,20261005,16,0.687517423,1.949333510,2.835322,0.177208
mapping,iput,256,4,131328,transpose,20261005,32,0.687517423,2.113531034,3.074149,0.096067
mapping,iput,256,4,131328,transpose,20261005,64,0.687517423,2.386130048,3.470647,0.054229
mapping,iput,256,4,131328,shuffle,20261005,2,0.687274891,0.894192725,1.301070,0.650535
mapping,iput,256,4,131328,shuffle,20261005,4,0.687274891,1.625561446,2.365227,0.591307
mapping,iput,256,4,131328,shuffle,20261005,8,0.687274891,1.329749157,1.934814,0.241852
mapping,iput,256,4,131328,shuffle,20261005,16,0.687274891,2.223125608,3.234696,0.202169
mapping,iput,256,4,131328,shuffle,20261005,32,0.687274891,2.306347797,3.355786,0.104868
mapping,iput,256,4,131328,shuffle,20261005,64,0.687274891,2.382371048,3.466402,0.054163
mapping,iput,256,4,135168,identity,20261005,2,0.683199380,1.351183024,1.977729,0.988864
mapping,iput,256,4,135168,identity,20261005,4,0.683199380,2.003945659,2.933178,0.733295
mapping,iput,256,4,135168,identity,20261005,8,0.683199380,3.260301310,4.772108,0.596514
mapping,iput,256,4,135168,identity,20261005,16,0.683199380,2.882645909,4.219333,0.263708
mapping,iput,256,4,135168,identity,20261005,32,0.683199380,2.416901458,3.537622,0.110551
mapping,iput,256,4,135168,identity,20261005,64,0.683199380,2.259770681,3.307630,0.051682
mapping,iput,256,4,135168,reverse,20261005,2,0.687319730,1.178490975,1.714618,0.857309
mapping,iput,256,4,135168,reverse,20261005,4,0.687319730,1.951037346,2.838617,0.709654
mapping,iput,256,4,135168,reverse,20261005,8,0.687319730,3.125388194,4.547212,0.568401
mapping,iput,256,4,135168,reverse,20261005,16,0.687319730,2.615831490,3.805844,0.237865
mapping,iput,256,4,135168,reverse,20261005,32,0.687319730,2.261787739,3.290736,0.102835
mapping,iput,256,4,135168,reverse,20261005,64,0.687319730,2.258106352,3.285380,0.051334
mapping,iput,256,4,135168,transpose,20261005,2,0.687180434,1.351019017,1.966032,0.983016
mapping,iput,256,4,135168,transpose,20261005,4,0.687180434,2.354709373,3.426625,0.856656
mapping,iput,256,4,135168,transpose,20261005,8,0.687180434,2.192924691,3.191192,0.398899
mapping,iput,256,4,135168,transpose,20261005,16,0.687180434,2.640172978,3.842037,0.240127
mapping,iput,256,4,135168,transpose,20261005,32,0.687180434,2.352842375,3.423908,0.106997
mapping,iput,256,4,135168,transpose,20261005,64,0.687180434,2.261150644,3.290476,0.051414
mapping,iput,256,4,135168,shuffle,20261005,2,0.689609842,1.351821963,1.960271,0.980135
mapping,iput,256,4,135168,shuffle,20261005,4,0.689609842,1.206171736,1.749064,0.437266
mapping,iput,256,4,135168,shuffle,20261005,8,0.689609842,1.561288224,2.264017,0.283002
mapping,iput,256,4,135168,shuffle,20261005,16,0.689609842,2.085840909,3.024668,0.189042
mapping,iput,256,4,135168,shuffle,20261005,32,0.689609842,2.345655469,3.401424,0.106295
mapping,iput,256,4,135168,shuffle,20261005,64,0.689609842,2.250692901,3.263719,0.050996
mapping,iput,256,4,262144,identity,20261005,2,0.686005593,1.344180944,1.959431,0.979716
mapping,iput,256,4,262144,identity,20261005,4,0.686005593,2.426046452,3.536482,0.884121
mapping,iput,256,4,262144,identity,20261005,8,0.686005593,2.886318105,4.207426,0.525928
mapping,iput,256,4,262144,identity,20261005,16,0.686005593,3.013562207,4.392912,0.274557
mapping,iput,256,4,262144,identity,20261005,32,0.686005593,2.760705163,4.024319,0.125760
mapping,iput,256,4,262144,identity,20261005,64,0.686005593,2.532528790,3.691703,0.057683
mapping,iput,256,4,262144,reverse,20261005,2,0.687100204,1.352610499,1.968578,0.984289
mapping,iput,256,4,262144,reverse,20261005,4,0.687100204,2.447779704,3.562478,0.890620
mapping,iput,256,4,262144,reverse,20261005,8,0.687100204,3.807961242,5.542076,0.692759
mapping,iput,256,4,262144,reverse,20261005,16,0.687100204,3.007293347,4.376790,0.273549
mapping,iput,256,4,262144,reverse,20261005,32,0.687100204,2.753040998,4.006753,0.125211
mapping,iput,256,4,262144,reverse,20261005,64,0.687100204,2.536485590,3.691580,0.057681
mapping,iput,256,4,262144,transpose,20261005,2,0.685126362,1.353749927,1.975913,0.987956
mapping,iput,256,4,262144,transpose,20261005,4,0.685126362,1.656896801,2.418381,0.604595
mapping,iput,256,4,262144,transpose,20261005,8,0.685126362,2.613753474,3.814995,0.476874
mapping,iput,256,4,262144,transpose,20261005,16,0.685126362,2.257442340,3.294928,0.205933
mapping,iput,256,4,262144,transpose,20261005,32,0.685126362,2.253497632,3.289171,0.102787
mapping,iput,256,4,262144,transpose,20261005,64,0.685126362,2.508495761,3.661362,0.057209
mapping,iput,256,4,262144,shuffle,20261005,2,0.685590390,1.350769160,1.970228,0.985114
mapping,iput,256,4,262144,shuffle,20261005,4,0.685590390,1.643657073,2.397433,0.599358
mapping,iput,256,4,262144,shuffle,20261005,8,0.685590390,2.213948024,3.229258,0.403657
mapping,iput,256,4,262144,shuffle,20261005,16,0.685590390,2.087661923,3.045057,0.190316
mapping,iput,256,4,262144,shuffle,20261005,32,0.685590390,2.379255264,3.470374,0.108449
mapping,iput,256,4,262144,shuffle,20261005,64,0.685590390,2.535424252,3.698162,0.057784
mapping,iput,4096,4,131200,identity,20261005,2,6.289974585,8.882238775,1.412126,0.706063
mapping,iput,4096,4,131200,identity,20261005,4,6.289974585,6.924024217,1.100803,0.275201
mapping,iput,4096,4,131200,identity,20261005,8,6.289974585,8.738177607,1.389223,0.173653
mapping,iput,4096,4,131200,identity,20261005,16,6.289974585,10.593294653,1.684155,0.105260
mapping,iput,4096,4,131200,identity,20261005,32,6.289974585,10.457909332,1.662631,0.051957
mapping,iput,4096,4,131200,identity,20261005,64,6.289974585,10.735335070,1.706737,0.026668
mapping,iput,4096,4,131200,reverse,20261005,2,6.778662439,9.073419157,1.338526,0.669263
mapping,iput,4096,4,131200,reverse,20261005,4,6.778662439,7.768279210,1.145990,0.286497
mapping,iput,4096,4,131200,reverse,20261005,8,6.778662439,9.932727957,1.465293,0.183162
mapping,iput,4096,4,131200,reverse,20261005,16,6.778662439,11.438968315,1.687496,0.105469
mapping,iput,4096,4,131200,reverse,20261005,32,6.778662439,11.183404003,1.649795,0.051556
mapping,iput,4096,4,131200,reverse,20261005,64,6.778662439,10.651205603,1.571284,0.024551
mapping,iput,4096,4,131200,transpose,20261005,2,6.259503488,7.188638581,1.148436,0.574218
mapping,iput,4096,4,131200,transpose,20261005,4,6.259503488,9.389843564,1.500094,0.375023
mapping,iput,4096,4,131200,transpose,20261005,8,6.259503488,10.491941012,1.676162,0.209520
mapping,iput,4096,4,131200,transpose,20261005,16,6.259503488,11.459764835,1.830779,0.114424
mapping,iput,4096,4,131200,transpose,20261005,32,6.259503488,10.774819974,1.721354,0.053792
mapping,iput,4096,4,131200,transpose,20261005,64,6.259503488,10.043536653,1.604526,0.025071
mapping,iput,4096,4,131200,shuffle,20261005,2,6.669347866,7.310519491,1.096137,0.548069
mapping,iput,4096,4,131200,shuffle,20261005,4,6.669347866,9.706615416,1.455407,0.363852
mapping,iput,4096,4,131200,shuffle,20261005,8,6.669347866,8.405281928,1.260285,0.157536
mapping,iput,4096,4,131200,shuffle,20261005,16,6.669347866,9.714327388,1.456563,0.091035
mapping,iput,4096,4,131200,shuffle,20261005,32,6.669347866,9.347829296,1.401611,0.043800
mapping,iput,4096,4,131200,shuffle,20261005,64,6.669347866,9.883722311,1.481962,0.023156
mapping,iput,4096,4,131328,identity,20261005,2,6.310742437,9.027375251,1.430478,0.715239
mapping,iput,4096,4,131328,identity,20261005,4,6.310742437,6.523482387,1.033711,0.258428
mapping,iput,4096,4,131328,identity,20261005,8,6.310742437,8.411666464,1.332912,0.166614
mapping,iput,4096,4,131328,identity,20261005,16,6.310742437,8.536025293,1.352618,0.084539
mapping,iput,4096,4,131328,identity,20261005,32,6.310742437,9.155429254,1.450769,0.045337
mapping,iput,4096,4,131328,identity,20261005,64,6.310742437,9.556933137,1.514391,0.023662
mapping,iput,4096,4,131328,reverse,20261005,2,6.638928824,7.890443048,1.188511,0.594256
mapping,iput,4096,4,131328,reverse,20261005,4,6.638928824,6.188049631,0.932086,0.233021
mapping,iput,4096,4,131328,reverse,20261005,8,6.638928824,6.155884319,0.927241,0.115905
mapping,iput,4096,4,131328,reverse,20261005,16,6.638928824,6.741429715,1.015439,0.063465
mapping,iput,4096,4,131328,reverse,20261005,32,6.638928824,7.525264396,1.133506,0.035422
mapping,iput,4096,4,131328,reverse,20261005,64,6.638928824,9.547963598,1.438178,0.022472
mapping,iput,4096,4,131328,transpose,20261005,2,6.218903584,5.594298623,0.899563,0.449782
mapping,iput,4096,4,131328,transpose,20261005,4,6.218903584,6.678049458,1.073831,0.268458
mapping,iput,4096,4,131328,transpose,20261005,8,6.218903584,9.169436741,1.474446,0.184306
mapping,iput,4096,4,131328,transpose,20261005,16,6.218903584,10.275914321,1.652368,0.103273
mapping,iput,4096,4,131328,transpose,20261005,32,6.218903584,9.942679699,1.598783,0.049962
mapping,iput,4096,4,131328,transpose,20261005,64,6.218903584,9.086416905,1.461096,0.022830
mapping,iput,4096,4,131328,shuffle,20261005,2,6.758005332,6.442358507,0.953293,0.476646
mapping,iput,4096,4,131328,shuffle,20261005,4,6.758005332,8.488402275,1.256051,0.314013
mapping,iput,4096,4,131328,shuffle,20261005,8,6.758005332,7.421091454,1.098119,0.137265
mapping,iput,4096,4,131328,shuffle,20261005,16,6.758005332,9.959932911,1.473798,0.092112
mapping,iput,4096,4,131328,shuffle,20261005,32,6.758005332,9.496705475,1.405253,0.043914
mapping,iput,4096,4,131328,shuffle,20261005,64,6.758005332,9.209781599,1.362796,0.021294
mapping,iput,4096,4,135168,identity,20261005,2,6.289849019,8.778867278,1.395720,0.697860
mapping,iput,4096,4,135168,identity,20261005,4,6.289849019,9.207717083,1.463901,0.365975
mapping,iput,4096,4,135168,identity,20261005,8,6.289849019,11.496551526,1.827795,0.228474
mapping,iput,4096,4,135168,identity,20261005,16,6.289849019,11.485137896,1.825980,0.114124
mapping,iput,4096,4,135168,identity,20261005,32,6.289849019,10.688615383,1.699344,0.053104
mapping,iput,4096,4,135168,identity,20261005,64,6.289849019,9.787697499,1.556110,0.024314
mapping,iput,4096,4,135168,reverse,20261005,2,6.993030871,9.458601300,1.352575,0.676288
mapping,iput,4096,4,135168,reverse,20261005,4,6.993030871,9.206744345,1.316560,0.329140
mapping,iput,4096,4,135168,reverse,20261005,8,6.993030871,11.568468721,1.654285,0.206786
mapping,iput,4096,4,135168,reverse,20261005,16,6.993030871,11.217663164,1.604120,0.100258
mapping,iput,4096,4,135168,reverse,20261005,32,6.993030871,10.741144018,1.535978,0.047999
mapping,iput,4096,4,135168,reverse,20261005,64,6.993030871,9.750419986,1.394305,0.021786
mapping,iput,4096,4,135168,transpose,20261005,2,6.319154319,7.754058528,1.227072,0.613536
mapping,iput,4096,4,135168,transpose,20261005,4,6.319154319,9.630678979,1.524046,0.381011
mapping,iput,4096,4,135168,transpose,20261005,8,6.319154319,8.931119342,1.413341,0.176668
mapping,iput,4096,4,135168,transpose,20261005,16,6.319154319,10.085153499,1.595966,0.099748
mapping,iput,4096,4,135168,transpose,20261005,32,6.319154319,9.756961788,1.544030,0.048251
mapping,iput,4096,4,135168,transpose,20261005,64,6.319154319,9.328811938,1.476275,0.023067
mapping,iput,4096,4,135168,shuffle,20261005,2,6.745951359,7.313071222,1.084068,0.542034
mapping,iput,4096,4,135168,shuffle,20261005,4,6.745951359,7.515068897,1.114012,0.278503
mapping,iput,4096,4,135168,shuffle,20261005,8,6.745951359,8.087555289,1.198875,0.149859
mapping,iput,4096,4,135168,shuffle,20261005,16,6.745951359,9.483484648,1.405804,0.087863
mapping,iput,4096,4,135168,shuffle,20261005,32,6.745951359,8.701984709,1.289957,0.040311
mapping,iput,4096,4,135168,shuffle,20261005,64,6.745951359,9.332973511,1.383493,0.021617
mapping,iput,4096,4,262144,identity,20261005,2,6.280590277,7.382880585,1.175507,0.587754
mapping,iput,4096,4,262144,identity,20261005,4,6.280590277,9.419556619,1.499788,0.374947
mapping,iput,4096,4,262144,identity,20261005,8,6.280590277,10.867654599,1.730356,0.216294
mapping,iput,4096,4,262144,identity,20261005,16,6.280590277,9.991032829,1.590779,0.099424
mapping,iput,4096,4,262144,identity,20261005,32,6.280590277,9.984327123,1.589712,0.049678
mapping,iput,4096,4,262144,identity,20261005,64,6.280590277,9.535170964,1.518197,0.023722
mapping,iput,4096,4,262144,reverse,20261005,2,6.438206733,7.583808864,1.177938,0.588969
mapping,iput,4096,4,262144,reverse,20261005,4,6.438206733,9.401411704,1.460253,0.365063
mapping,iput,4096,4,262144,reverse,20261005,8,6.438206733,10.872468480,1.688742,0.211093
mapping,iput,4096,4,262144,reverse,20261005,16,6.438206733,10.019005780,1.556180,0.097261
mapping,iput,4096,4,262144,reverse,20261005,32,6.438206733,9.869731621,1.532994,0.047906
mapping,iput,4096,4,262144,reverse,20261005,64,6.438206733,9.483909744,1.473067,0.023017
mapping,iput,4096,4,262144,transpose,20261005,2,6.312084498,7.246357582,1.148013,0.574007
mapping,iput,4096,4,262144,transpose,20261005,4,6.312084498,9.724861909,1.540674,0.385168
mapping,iput,4096,4,262144,transpose,20261005,8,6.312084498,10.879688271,1.723628,0.215454
mapping,iput,4096,4,262144,transpose,20261005,16,6.312084498,9.670689529,1.532091,0.095756
mapping,iput,4096,4,262144,transpose,20261005,32,6.312084498,9.192286844,1.456300,0.045509
mapping,iput,4096,4,262144,transpose,20261005,64,6.312084498,9.436158705,1.494935,0.023358
mapping,iput,4096,4,262144,shuffle,20261005,2,6.366723920,7.787538607,1.223163,0.611581
mapping,iput,4096,4,262144,shuffle,20261005,4,6.366723920,9.660024221,1.517268,0.379317
mapping,iput,4096,4,262144,shuffle,20261005,8,6.366723920,9.333724517,1.466017,0.183252
mapping,iput,4096,4,262144,shuffle,20261005,16,6.366723920,9.448414764,1.484031,0.092752
mapping,iput,4096,4,262144,shuffle,20261005,32,6.366723920,9.092509023,1.428130,0.044629
mapping,iput,4096,4,262144,shuffle,20261005,64,6.366723920,9.544007016,1.499045,0.023423
mapping,iput,32768,4,131200,identity,20261005,2,15.308579915,18.483942188,1.207424,0.603712
mapping,iput,32768,4,131200,identity,20261005,4,15.308579915,19.006414839,1.241553,0.310388
mapping,iput,32768,4,131200,identity,20261005,8,15.308579915,18.545212728,1.211426,0.151428
mapping,iput,32768,4,131200,identity,20261005,16,15.308579915,18.480784796,1.207217,0.075451
mapping,iput,32768,4,131200,identity,20261005,32,15.308579915,16.831415852,1.099476,0.034359
mapping,iput,32768,4,131200,identity,20261005,64,15.308579915,14.253970114,0.931110,0.014549
mapping,iput,32768,4,131200,reverse,20261005,2,15.209570221,18.353443819,1.206704,0.603352
mapping,iput,32768,4,131200,reverse,20261005,4,15.209570221,18.852645529,1.239525,0.309881
mapping,iput,32768,4,131200,reverse,20261005,8,15.209570221,18.421073713,1.211150,0.151394
mapping,iput,32768,4,131200,reverse,20261005,16,15.209570221,18.395806825,1.209489,0.075593
mapping,iput,32768,4,131200,reverse,20261005,32,15.209570221,16.837711067,1.107047,0.034595
mapping,iput,32768,4,131200,reverse,20261005,64,15.209570221,14.296019158,0.939936,0.014686
mapping,iput,32768,4,131200,transpose,20261005,2,15.400993112,18.255900729,1.185372,0.592686
mapping,iput,32768,4,131200,transpose,20261005,4,15.400993112,18.243810533,1.184587,0.296147
mapping,iput,32768,4,131200,transpose,20261005,8,15.400993112,14.886090832,0.966567,0.120821
mapping,iput,32768,4,131200,transpose,20261005,16,15.400993112,14.751581674,0.957833,0.059865
mapping,iput,32768,4,131200,transpose,20261005,32,15.400993112,13.977140734,0.907548,0.028361
mapping,iput,32768,4,131200,transpose,20261005,64,15.400993112,12.870899851,0.835719,0.013058
mapping,iput,32768,4,131200,shuffle,20261005,2,15.331076965,18.293835238,1.193252,0.596626
mapping,iput,32768,4,131200,shuffle,20261005,4,15.331076965,18.415144388,1.201164,0.300291
mapping,iput,32768,4,131200,shuffle,20261005,8,15.331076965,15.840699644,1.033241,0.129155
mapping,iput,32768,4,131200,shuffle,20261005,16,15.331076965,14.551832842,0.949172,0.059323
mapping,iput,32768,4,131200,shuffle,20261005,32,15.331076965,14.095813018,0.919427,0.028732
mapping,iput,32768,4,131200,shuffle,20261005,64,15.331076965,13.000888162,0.848009,0.013250
mapping,iput,32768,4,131328,identity,20261005,2,15.418631756,18.510568106,1.200532,0.600266
mapping,iput,32768,4,131328,identity,20261005,4,15.418631756,19.006414839,1.232691,0.308173
mapping,iput,32768,4,131328,identity,20261005,8,15.418631756,18.359769368,1.190752,0.148844
mapping,iput,32768,4,131328,identity,20261005,16,15.418631756,18.488013336,1.199070,0.074942
mapping,iput,32768,4,131328,identity,20261005,32,15.418631756,16.776035772,1.088037,0.034001
mapping,iput,32768,4,131328,identity,20261005,64,15.418631756,14.420136483,0.935241,0.014613
mapping,iput,32768,4,131328,reverse,20261005,2,15.648474742,14.657251220,0.936657,0.468328
mapping,iput,32768,4,131328,reverse,20261005,4,15.648474742,16.666804421,1.065075,0.266269
mapping,iput,32768,4,131328,reverse,20261005,8,15.648474742,15.799696608,1.009664,0.126208
mapping,iput,32768,4,131328,reverse,20261005,16,15.648474742,18.330999629,1.171424,0.073214
mapping,iput,32768,4,131328,reverse,20261005,32,15.648474742,16.855331969,1.077123,0.033660
mapping,iput,32768,4,131328,reverse,20261005,64,15.648474742,14.501363838,0.926695,0.014480
mapping,iput,32768,4,131328,transpose,20261005,2,15.360240004,16.489939617,1.073547,0.536774
mapping,iput,32768,4,131328,transpose,20261005,4,15.360240004,17.973958385,1.170161,0.292540
mapping,iput,32768,4,131328,transpose,20261005,8,15.360240004,14.794542752,0.963171,0.120396
mapping,iput,32768,4,131328,transpose,20261005,16,15.360240004,14.547429326,0.947083,0.059193
mapping,iput,32768,4,131328,transpose,20261005,32,15.360240004,14.075080474,0.916332,0.028635
mapping,iput,32768,4,131328,transpose,20261005,64,15.360240004,12.962634542,0.843908,0.013186
mapping,iput,32768,4,131328,shuffle,20261005,2,15.363545618,18.275520992,1.189538,0.594769
mapping,iput,32768,4,131328,shuffle,20261005,4,15.363545618,18.345177435,1.194072,0.298518
mapping,iput,32768,4,131328,shuffle,20261005,8,15.363545618,15.852490755,1.031825,0.128978
mapping,iput,32768,4,131328,shuffle,20261005,16,15.363545618,14.872070039,0.968010,0.060501
mapping,iput,32768,4,131328,shuffle,20261005,32,15.363545618,14.129926938,0.919705,0.028741
mapping,iput,32768,4,131328,shuffle,20261005,64,15.363545618,13.289332124,0.864991,0.013515
mapping,iput,32768,4,135168,identity,20261005,2,15.417108342,18.489052594,1.199256,0.599628
mapping,iput,32768,4,135168,identity,20261005,4,15.417108342,19.001248610,1.232478,0.308120
mapping,iput,32768,4,135168,identity,20261005,8,15.417108342,18.438282845,1.195962,0.149495
mapping,iput,32768,4,135168,identity,20261005,16,15.417108342,18.566054456,1.204250,0.075266
mapping,iput,32768,4,135168,identity,20261005,32,15.417108342,16.588134884,1.075956,0.033624
mapping,iput,32768,4,135168,identity,20261005,64,15.417108342,14.265629475,0.925312,0.014458
mapping,iput,32768,4,135168,reverse,20261005,2,15.620024597,18.502493924,1.184537,0.592268
mapping,iput,32768,4,135168,reverse,20261005,4,15.620024597,19.067775035,1.220726,0.305182
mapping,iput,32768,4,135168,reverse,20261005,8,15.620024597,18.396968722,1.177781,0.147223
mapping,iput,32768,4,135168,reverse,20261005,16,15.620024597,18.281033086,1.170359,0.073147
mapping,iput,32768,4,135168,reverse,20261005,32,15.620024597,15.913714672,1.018802,0.031838
mapping,iput,32768,4,135168,reverse,20261005,64,15.620024597,14.196506266,0.908866,0.014201
mapping,iput,32768,4,135168,transpose,20261005,2,15.451159426,18.354662058,1.187915,0.593957
mapping,iput,32768,4,135168,transpose,20261005,4,15.451159426,18.321311510,1.185756,0.296439
mapping,iput,32768,4,135168,transpose,20261005,8,15.451159426,14.653397162,0.948369,0.118546
mapping,iput,32768,4,135168,transpose,20261005,16,15.451159426,14.755402429,0.954971,0.059686
mapping,iput,32768,4,135168,transpose,20261005,32,15.451159426,14.580244873,0.943634,0.029489
mapping,iput,32768,4,135168,transpose,20261005,64,15.451159426,13.688567939,0.885925,0.013843
mapping,iput,32768,4,135168,shuffle,20261005,2,15.543670323,18.369726055,1.181814,0.590907
mapping,iput,32768,4,135168,shuffle,20261005,4,15.543670323,18.132518787,1.166553,0.291638
mapping,iput,32768,4,135168,shuffle,20261005,8,15.543670323,15.883018813,1.021832,0.127729
mapping,iput,32768,4,135168,shuffle,20261005,16,15.543670323,15.212287353,0.978681,0.061168
mapping,iput,32768,4,135168,shuffle,20261005,32,15.543670323,14.184445132,0.912554,0.028517
mapping,iput,32768,4,135168,shuffle,20261005,64,15.543670323,13.399542766,0.862058,0.013470
mapping,iput,32768,4,262144,identity,20261005,2,15.399979791,18.361553033,1.192310,0.596155
mapping,iput,32768,4,262144,identity,20261005,4,15.399979791,18.258359860,1.185609,0.296402
mapping,iput,32768,4,262144,identity,20261005,8,15.399979791,14.730373765,0.956519,0.119565
mapping,iput,32768,4,262144,identity,20261005,16,15.399979791,14.417436043,0.936198,0.058512
mapping,iput,32768,4,262144,identity,20261005,32,15.399979791,13.612560347,0.883934,0.027623
mapping,iput,32768,4,262144,identity,20261005,64,15.399979791,12.799195207,0.831118,0.012986
mapping,iput,32768,4,262144,reverse,20261005,2,15.505798112,18.380782524,1.185414,0.592707
mapping,iput,32768,4,262144,reverse,20261005,4,15.505798112,18.171904117,1.171943,0.292986
mapping,iput,32768,4,262144,reverse,20261005,8,15.505798112,14.749674321,0.951236,0.118905
mapping,iput,32768,4,262144,reverse,20261005,16,15.505798112,14.326111402,0.923920,0.057745
mapping,iput,32768,4,262144,reverse,20261005,32,15.505798112,13.633184623,0.879231,0.027476
mapping,iput,32768,4,262144,reverse,20261005,64,15.505798112,12.799191301,0.825446,0.012898
mapping,iput,32768,4,262144,transpose,20261005,2,15.345493713,18.363307458,1.196658,0.598329
mapping,iput,32768,4,262144,transpose,20261005,4,15.345493713,18.257085708,1.189736,0.297434
mapping,iput,32768,4,262144,transpose,20261005,8,15.345493713,14.639039322,0.953963,0.119245
mapping,iput,32768,4,262144,transpose,20261005,16,15.345493713,14.507258928,0.945376,0.059086
mapping,iput,32768,4,262144,transpose,20261005,32,15.345493713,13.612663728,0.887079,0.027721
mapping,iput,32768,4,262144,transpose,20261005,64,15.345493713,12.721268979,0.828991,0.012953
mapping,iput,32768,4,262144,shuffle,20261005,2,15.413656383,18.360832838,1.191206,0.595603
mapping,iput,32768,4,262144,shuffle,20261005,4,15.413656383,18.305879356,1.187640,0.296910
mapping,iput,32768,4,262144,shuffle,20261005,8,15.413656383,14.730348933,0.955669,0.119459
mapping,iput,32768,4,262144,shuffle,20261005,16,15.413656383,14.391719228,0.933699,0.058356
mapping,iput,32768,4,262144,shuffle,20261005,32,15.413656383,13.624820204,0.883945,0.027623
mapping,iput,32768,4,262144,shuffle,20261005,64,15.413656383,12.768274843,0.828374,0.012943
mapping,iput,65536,4,131200,identity,20261005,2,17.517308553,18.693412181,1.067140,0.533570
mapping,iput,65536,4,131200,identity,20261005,4,17.517308553,20.220443749,1.154312,0.288578
mapping,iput,65536,4,131200,identity,20261005,8,17.517308553,19.464688398,1.111169,0.138896
mapping,iput,65536,4,131200,identity,20261005,16,17.517308553,19.672984217,1.123060,0.070191
mapping,iput,65536,4,131200,identity,20261005,32,17.517308553,17.804554763,1.016398,0.031762
mapping,iput,65536,4,131200,identity,20261005,64,17.517308553,14.952431009,0.853580,0.013337
mapping,iput,65536,4,131200,reverse,20261005,2,17.504474544,18.691818023,1.067831,0.533915
mapping,iput,65536,4,131200,reverse,20261005,4,17.504474544,20.192534037,1.153564,0.288391
mapping,iput,65536,4,131200,reverse,20261005,8,17.504474544,19.487150972,1.113267,0.139158
mapping,iput,65536,4,131200,reverse,20261005,16,17.504474544,19.616553637,1.120659,0.070041
mapping,iput,65536,4,131200,reverse,20261005,32,17.504474544,17.821329789,1.018101,0.031816
mapping,iput,65536,4,131200,reverse,20261005,64,17.504474544,14.945783698,0.853826,0.013341
mapping,iput,65536,4,131200,transpose,20261005,2,17.519631258,18.670908570,1.065714,0.532857
mapping,iput,65536,4,131200,transpose,20261005,4,17.519631258,19.361750026,1.105146,0.276286
mapping,iput,65536,4,131200,transpose,20261005,8,17.519631258,15.311343272,0.873954,0.109244
mapping,iput,65536,4,131200,transpose,20261005,16,17.519631258,15.403342358,0.879205,0.054950
mapping,iput,65536,4,131200,transpose,20261005,32,17.519631258,14.673054755,0.837521,0.026173
mapping,iput,65536,4,131200,transpose,20261005,64,17.519631258,13.361456407,0.762656,0.011917
mapping,iput,65536,4,131200,shuffle,20261005,2,17.508154853,18.666561090,1.066164,0.533082
mapping,iput,65536,4,131200,shuffle,20261005,4,17.508154853,19.475995685,1.112396,0.278099
mapping,iput,65536,4,131200,shuffle,20261005,8,17.508154853,16.724434221,0.955237,0.119405
mapping,iput,65536,4,131200,shuffle,20261005,16,17.508154853,15.569218289,0.889255,0.055578
mapping,iput,65536,4,131200,shuffle,20261005,32,17.508154853,14.761511214,0.843122,0.026348
mapping,iput,65536,4,131200,shuffle,20261005,64,17.508154853,13.552777810,0.774084,0.012095
mapping,iput,65536,4,131328,identity,20261005,2,17.522474600,18.692137899,1.066752,0.533376
mapping,iput,65536,4,131328,identity,20261005,4,17.522474600,20.113019110,1.147841,0.286960
mapping,iput,65536,4,131328,identity,20261005,8,17.522474600,19.441915623,1.109542,0.138693
mapping,iput,65536,4,131328,identity,20261005,16,17.522474600,19.585778024,1.117752,0.069859
mapping,iput,65536,4,131328,identity,20261005,32,17.522474600,17.747004166,1.012814,0.031650
mapping,iput,65536,4,131328,identity,20261005,64,17.522474600,14.997117698,0.855879,0.013373
mapping,iput,65536,4,131328,reverse,20261005,2,17.517111900,18.626942302,1.063357,0.531678
mapping,iput,65536,4,131328,reverse,20261005,4,17.517111900,19.672592244,1.123050,0.280762
mapping,iput,65536,4,131328,reverse,20261005,8,17.517111900,19.026826843,1.086185,0.135773
mapping,iput,65536,4,131328,reverse,20261005,16,17.517111900,19.514277293,1.114012,0.069626
mapping,iput,65536,4,131328,reverse,20261005,32,17.517111900,17.808374751,1.016627,0.031770
mapping,iput,65536,4,131328,reverse,20261005,64,17.517111900,14.936909788,0.852704,0.013323
mapping,iput,65536,4,131328,transpose,20261005,2,17.518614999,18.637200234,1.063851,0.531926
mapping,iput,65536,4,131328,transpose,20261005,4,17.518614999,19.388590491,1.106742,0.276686
mapping,iput,65536,4,131328,transpose,20261005,8,17.518614999,15.285425038,0.872525,0.109066
mapping,iput,65536,4,131328,transpose,20261005,16,17.518614999,15.351930492,0.876321,0.054770
mapping,iput,65536,4,131328,transpose,20261005,32,17.518614999,14.653395524,0.836447,0.026139
mapping,iput,65536,4,131328,transpose,20261005,64,17.518614999,13.343120379,0.761654,0.011901
mapping,iput,65536,4,131328,shuffle,20261005,2,17.515253285,18.664309705,1.065603,0.532802
mapping,iput,65536,4,131328,shuffle,20261005,4,17.515253285,19.427848440,1.109196,0.277299
mapping,iput,65536,4,131328,shuffle,20261005,8,17.515253285,16.756142938,0.956660,0.119583
mapping,iput,65536,4,131328,shuffle,20261005,16,17.515253285,15.603155909,0.890832,0.055677
mapping,iput,65536,4,131328,shuffle,20261005,32,17.515253285,14.825750078,0.846448,0.026451
mapping,iput,65536,4,131328,shuffle,20261005,64,17.515253285,13.786769606,0.787129,0.012299
mapping,iput,65536,4,135168,identity,20261005,2,17.522652633,18.694478659,1.066875,0.533437
mapping,iput,65536,4,135168,identity,20261005,4,17.522652633,20.144642071,1.149634,0.287409
mapping,iput,65536,4,135168,identity,20261005,8,17.522652633,19.465687868,1.110887,0.138861
mapping,iput,65536,4,135168,identity,20261005,16,17.522652633,19.501759011,1.112946,0.069559
mapping,iput,65536,4,135168,identity,20261005,32,17.522652633,17.478458028,0.997478,0.031171
mapping,iput,65536,4,135168,identity,20261005,64,17.522652633,14.611216990,0.833847,0.013029
mapping,iput,65536,4,135168,reverse,20261005,2,17.516521970,18.690154843,1.067001,0.533501
mapping,iput,65536,4,135168,reverse,20261005,4,17.516521970,20.226991936,1.154738,0.288684
mapping,iput,65536,4,135168,reverse,20261005,8,17.516521970,19.432698979,1.109393,0.138674
mapping,iput,65536,4,135168,reverse,20261005,16,17.516521970,19.375764222,1.106142,0.069134
mapping,iput,65536,4,135168,reverse,20261005,32,17.516521970,17.350348680,0.990513,0.030954
mapping,iput,65536,4,135168,reverse,20261005,64,17.516521970,14.751045752,0.842122,0.013158
mapping,iput,65536,4,135168,transpose,20261005,2,17.516830976,18.667361300,1.065681,0.532841
mapping,iput,65536,4,135168,transpose,20261005,4,17.516830976,19.420177207,1.108658,0.277165
mapping,iput,65536,4,135168,transpose,20261005,8,17.516830976,15.178832921,0.866528,0.108316
mapping,iput,65536,4,135168,transpose,20261005,16,17.516830976,15.365079179,0.877161,0.054823
mapping,iput,65536,4,135168,transpose,20261005,32,17.516830976,15.179981943,0.866594,0.027081
mapping,iput,65536,4,135168,transpose,20261005,64,17.516830976,14.046222970,0.801870,0.012529
mapping,iput,65536,4,135168,shuffle,20261005,2,17.514593267,18.675428373,1.066278,0.533139
mapping,iput,65536,4,135168,shuffle,20261005,4,17.514593267,19.400303396,1.107665,0.276916
mapping,iput,65536,4,135168,shuffle,20261005,8,17.514593267,16.112271575,0.919934,0.114992
mapping,iput,65536,4,135168,shuffle,20261005,16,17.514593267,15.628617396,0.892320,0.055770
mapping,iput,65536,4,135168,shuffle,20261005,32,17.514593267,14.742663146,0.841736,0.026304
mapping,iput,65536,4,135168,shuffle,20261005,64,17.514593267,13.739243589,0.784445,0.012257
mapping,iput,65536,4,262144,identity,20261005,2,17.522502710,18.664182134,1.065155,0.532578
mapping,iput,65536,4,262144,identity,20261005,4,17.522502710,19.415255267,1.108018,0.277005
mapping,iput,65536,4,262144,identity,20261005,8,17.522502710,15.348212004,0.875914,0.109489
mapping,iput,65536,4,262144,identity,20261005,16,17.522502710,15.008907574,0.856550,0.053534
mapping,iput,65536,4,262144,identity,20261005,32,17.522502710,14.006890036,0.799366,0.024980
mapping,iput,65536,4,262144,identity,20261005,64,17.522502710,13.056801196,0.745145,0.011643
mapping,iput,65536,4,262144,reverse,20261005,2,17.517645681,18.671272946,1.065855,0.532928
mapping,iput,65536,4,262144,reverse,20261005,4,17.517645681,19.462337195,1.111013,0.277753
mapping,iput,65536,4,262144,reverse,20261005,8,17.517645681,15.279484280,0.872234,0.109029
mapping,iput,65536,4,262144,reverse,20261005,16,17.517645681,15.041971087,0.858675,0.053667
mapping,iput,65536,4,262144,reverse,20261005,32,17.517645681,14.061292345,0.802693,0.025084
mapping,iput,65536,4,262144,reverse,20261005,64,17.517645681,13.041402903,0.744472,0.011632
mapping,iput,65536,4,262144,transpose,20261005,2,17.518835100,18.658504330,1.065054,0.532527
mapping,iput,65536,4,262144,transpose,20261005,4,17.518835100,19.415621953,1.108271,0.277068
mapping,iput,65536,4,262144,transpose,20261005,8,17.518835100,15.270138367,0.871641,0.108955
mapping,iput,65536,4,262144,transpose,20261005,16,17.518835100,15.338033809,0.875517,0.054720
mapping,iput,65536,4,262144,transpose,20261005,32,17.518835100,14.066907465,0.802959,0.025092
mapping,iput,65536,4,262144,transpose,20261005,64,17.518835100,12.904224255,0.736591,0.011509
mapping,iput,65536,4,262144,shuffle,20261005,2,17.518399586,18.673930397,1.065961,0.532980
mapping,iput,65536,4,262144,shuffle,20261005,4,17.518399586,19.396058829,1.107182,0.276796
mapping,iput,65536,4,262144,shuffle,20261005,8,17.518399586,15.229465632,0.869341,0.108668
mapping,iput,65536,4,262144,shuffle,20261005,16,17.518399586,15.116559181,0.862896,0.053931
mapping,iput,65536,4,262144,shuffle,20261005,32,17.518399586,14.134037373,0.806811,0.025213
mapping,iput,65536,4,262144,shuffle,20261005,64,17.518399586,13.067109292,0.745908,0.011655
mapping,iput,98304,4,131200,identity,20261005,2,17.919416219,18.725268722,1.044971,0.522485
mapping,iput,98304,4,131200,identity,20261005,4,17.919416219,20.696527720,1.154978,0.288744
mapping,iput,98304,4,131200,identity,20261005,8,17.919416219,19.838154590,1.107076,0.138384
mapping,iput,98304,4,131200,identity,20261005,16,17.919416219,19.973043584,1.114603,0.069663
mapping,iput,98304,4,131200,identity,20261005,32,17.919416219,18.086424454,1.009320,0.031541
mapping,iput,98304,4,131200,identity,20261005,64,17.919416219,15.081920427,0.841652,0.013151
mapping,iput,98304,4,131200,reverse,20261005,2,17.906167486,18.723435540,1.045642,0.522821
mapping,iput,98304,4,131200,reverse,20261005,4,17.906167486,20.288879809,1.133067,0.283267
mapping,iput,98304,4,131200,reverse,20261005,8,17.906167486,19.832948506,1.107604,0.138451
mapping,iput,98304,4,131200,reverse,20261005,16,17.906167486,19.904979358,1.111627,0.069477
mapping,iput,98304,4,131200,reverse,20261005,32,17.906167486,18.059941709,1.008588,0.031518
mapping,iput,98304,4,131200,reverse,20261005,64,17.906167486,15.089994355,0.842726,0.013168
mapping,iput,98304,4,131200,transpose,20261005,2,17.917329198,18.713165309,1.044417,0.522209
mapping,iput,98304,4,131200,transpose,20261005,4,17.917329198,19.876030579,1.109319,0.277330
mapping,iput,98304,4,131200,transpose,20261005,8,17.917329198,15.547437415,0.867732,0.108466
mapping,iput,98304,4,131200,transpose,20261005,16,17.917329198,15.483075329,0.864140,0.054009
mapping,iput,98304,4,131200,transpose,20261005,32,17.917329198,14.834378843,0.827935,0.025873
mapping,iput,98304,4,131200,transpose,20261005,64,17.917329198,13.587659322,0.758353,0.011849
mapping,iput,98304,4,131200,shuffle,20261005,2,17.911704176,18.712353153,1.044700,0.522350
mapping,iput,98304,4,131200,shuffle,20261005,4,17.911704176,19.779328616,1.104268,0.276067
mapping,iput,98304,4,131200,shuffle,20261005,8,17.911704176,16.961701050,0.946962,0.118370
mapping,iput,98304,4,131200,shuffle,20261005,16,17.911704176,15.879622177,0.886550,0.055409
mapping,iput,98304,4,131200,shuffle,20261005,32,17.911704176,15.002872659,0.837602,0.026175
mapping,iput,98304,4,131200,shuffle,20261005,64,17.911704176,13.760263240,0.768227,0.012004
mapping,iput,98304,4,131328,identity,20261005,2,17.915281843,18.726231821,1.045266,0.522633
mapping,iput,98304,4,131328,identity,20261005,4,17.915281843,20.680491984,1.154349,0.288587
mapping,iput,98304,4,131328,identity,20261005,8,17.915281843,19.821392426,1.106396,0.138299
mapping,iput,98304,4,131328,identity,20261005,16,17.915281843,20.013511879,1.117120,0.069820
mapping,iput,98304,4,131328,identity,20261005,32,17.915281843,18.043785212,1.007173,0.031474
mapping,iput,98304,4,131328,identity,20261005,64,17.915281843,15.012317978,0.837962,0.013093
mapping,iput,98304,4,131328,reverse,20261005,2,17.913868232,18.718066455,1.044892,0.522446
mapping,iput,98304,4,131328,reverse,20261005,4,17.913868232,20.424719221,1.140162,0.285041
mapping,iput,98304,4,131328,reverse,20261005,8,17.913868232,19.612998220,1.094850,0.136856
mapping,iput,98304,4,131328,reverse,20261005,16,17.913868232,19.653989893,1.097138,0.068571
mapping,iput,98304,4,131328,reverse,20261005,32,17.913868232,17.750302142,0.990869,0.030965
mapping,iput,98304,4,131328,reverse,20261005,64,17.913868232,14.982732777,0.836376,0.013068
mapping,iput,98304,4,131328,transpose,20261005,2,17.917881117,18.711380796,1.044285,0.522143
mapping,iput,98304,4,131328,transpose,20261005,4,17.917881117,19.876994114,1.109338,0.277335
mapping,iput,98304,4,131328,transpose,20261005,8,17.917881117,15.303370058,0.854084,0.106760
mapping,iput,98304,4,131328,transpose,20261005,16,17.917881117,15.575565214,0.869275,0.054330
mapping,iput,98304,4,131328,transpose,20261005,32,17.917881117,14.782400023,0.825008,0.025782
mapping,iput,98304,4,131328,transpose,20261005,64,17.917881117,13.459410394,0.751172,0.011737
mapping,iput,98304,4,131328,shuffle,20261005,2,17.913917199,18.709892182,1.044433,0.522217
mapping,iput,98304,4,131328,shuffle,20261005,4,17.913917199,19.726542649,1.101185,0.275296
mapping,iput,98304,4,131328,shuffle,20261005,8,17.913917199,17.034093768,0.950886,0.118861
mapping,iput,98304,4,131328,shuffle,20261005,16,17.913917199,15.783445172,0.881072,0.055067
mapping,iput,98304,4,131328,shuffle,20261005,32,17.913917199,15.055651620,0.840444,0.026264
mapping,iput,98304,4,131328,shuffle,20261005,64,17.913917199,13.913583162,0.776691,0.012136
mapping,iput,98304,4,135168,identity,20261005,2,17.919710205,18.718583265,1.044581,0.522290
mapping,iput,98304,4,135168,identity,20261005,4,17.919710205,20.625540041,1.150997,0.287749
mapping,iput,98304,4,135168,identity,20261005,8,17.919710205,19.710964898,1.099960,0.137495
mapping,iput,98304,4,135168,identity,20261005,16,17.919710205,19.766821820,1.103077,0.068942
mapping,iput,98304,4,135168,identity,20261005,32,17.919710205,17.360658282,0.968802,0.030275
mapping,iput,98304,4,135168,identity,20261005,64,17.919710205,14.665159720,0.818382,0.012787
mapping,iput,98304,4,135168,reverse,20261005,2,17.920193669,18.727578543,1.045054,0.522527
mapping,iput,98304,4,135168,reverse,20261005,4,17.920193669,20.649708337,1.152315,0.288079
mapping,iput,98304,4,135168,reverse,20261005,8,17.920193669,19.893213407,1.110100,0.138763
mapping,iput,98304,4,135168,reverse,20261005,16,17.920193669,19.830055222,1.106576,0.069161
mapping,iput,98304,4,135168,reverse,20261005,32,17.920193669,17.654069034,0.985149,0.030786
mapping,iput,98304,4,135168,reverse,20261005,64,17.920193669,14.698720807,0.820232,0.012816
mapping,iput,98304,4,135168,transpose,20261005,2,17.918870738,18.710246507,1.044164,0.522082
mapping,iput,98304,4,135168,transpose,20261005,4,17.918870738,19.873805460,1.109099,0.277275
mapping,iput,98304,4,135168,transpose,20261005,8,17.918870738,15.398336444,0.859336,0.107417
mapping,iput,98304,4,135168,transpose,20261005,16,17.918870738,15.622828613,0.871865,0.054492
mapping,iput,98304,4,135168,transpose,20261005,32,17.918870738,15.215151093,0.849113,0.026535
mapping,iput,98304,4,135168,transpose,20261005,64,17.918870738,13.969620239,0.779604,0.012181
mapping,iput,98304,4,135168,shuffle,20261005,2,17.916571589,18.712980074,1.044451,0.522225
mapping,iput,98304,4,135168,shuffle,20261005,4,17.916571589,19.901233771,1.110772,0.277693
mapping,iput,98304,4,135168,shuffle,20261005,8,17.916571589,16.044861435,0.895532,0.111941
mapping,iput,98304,4,135168,shuffle,20261005,16,17.916571589,16.069784162,0.896923,0.056058
mapping,iput,98304,4,135168,shuffle,20261005,32,17.916571589,14.772627422,0.824523,0.025766
mapping,iput,98304,4,135168,shuffle,20261005,64,17.916571589,13.818489746,0.771269,0.012051
mapping,iput,98304,4,262144,identity,20261005,2,17.917025494,18.716583904,1.044626,0.522313
mapping,iput,98304,4,262144,identity,20261005,4,17.917025494,19.905393494,1.110976,0.277744
mapping,iput,98304,4,262144,identity,20261005,8,17.917025494,15.507469370,0.865516,0.108189
mapping,iput,98304,4,262144,identity,20261005,16,17.917025494,15.265699866,0.852022,0.053251
mapping,iput,98304,4,262144,identity,20261005,32,17.917025494,14.096460905,0.786763,0.024586
mapping,iput,98304,4,262144,identity,20261005,64,17.917025494,13.025140152,0.726970,0.011359
mapping,iput,98304,4,262144,reverse,20261005,2,17.917058150,18.716138471,1.044599,0.522299
mapping,iput,98304,4,262144,reverse,20261005,4,17.917058150,19.919141303,1.111742,0.277935
mapping,iput,98304,4,262144,reverse,20261005,8,17.917058150,15.475410290,0.863725,0.107966
mapping,iput,98304,4,262144,reverse,20261005,16,17.917058150,15.266386192,0.852059,0.053254
mapping,iput,98304,4,262144,reverse,20261005,32,17.917058150,14.111953255,0.787627,0.024613
mapping,iput,98304,4,262144,reverse,20261005,64,17.917058150,13.000635067,0.725601,0.011338
mapping,iput,98304,4,262144,transpose,20261005,2,17.915765068,18.714802302,1.044600,0.522300
mapping,iput,98304,4,262144,transpose,20261005,4,17.915765068,19.886021121,1.109973,0.277493
mapping,iput,98304,4,262144,transpose,20261005,8,17.915765068,15.398122986,0.859473,0.107434
mapping,iput,98304,4,262144,transpose,20261005,16,17.915765068,15.544921567,0.867667,0.054229
mapping,iput,98304,4,262144,transpose,20261005,32,17.915765068,14.152366794,0.789939,0.024686
mapping,iput,98304,4,262144,transpose,20261005,64,17.915765068,12.887747595,0.719352,0.011240
mapping,iput,98304,4,262144,shuffle,20261005,2,17.917894181,18.712037927,1.044321,0.522161
mapping,iput,98304,4,262144,shuffle,20261005,4,17.917894181,19.879517433,1.109478,0.277370
mapping,iput,98304,4,262144,shuffle,20261005,8,17.917894181,15.479429543,0.863909,0.107989
mapping,iput,98304,4,262144,shuffle,20261005,16,17.917894181,15.374916522,0.858076,0.053630
mapping,iput,98304,4,262144,shuffle,20261005,32,17.917894181,14.279230104,0.796926,0.024904
mapping,iput,98304,4,262144,shuffle,20261005,64,17.917894181,13.067175052,0.729281,0.011395
mapping,iput,131072,4,131200,identity,20261005,2,18.123938915,18.737786922,1.033869,0.516935
mapping,iput,131072,4,131200,identity,20261005,4,18.123938915,20.829433271,1.149277,0.287319
mapping,iput,131072,4,131200,identity,20261005,8,18.123938915,20.034209875,1.105400,0.138175
mapping,iput,131072,4,131200,identity,20261005,16,18.123938915,19.991010131,1.103017,0.068939
mapping,iput,131072,4,131200,identity,20261005,32,18.123938915,18.097060774,0.998517,0.031204
mapping,iput,131072,4,131200,identity,20261005,64,18.123938915,14.984089570,0.826757,0.012918
mapping,iput,131072,4,131200,reverse,20261005,2,18.118392148,18.733773726,1.033964,0.516982
mapping,iput,131072,4,131200,reverse,20261005,4,18.118392148,20.856358696,1.151115,0.287779
mapping,iput,131072,4,131200,reverse,20261005,8,18.118392148,20.009363360,1.104367,0.138046
mapping,iput,131072,4,131200,reverse,20261005,16,18.118392148,19.904339861,1.098571,0.068661
mapping,iput,131072,4,131200,reverse,20261005,32,18.118392148,17.999352448,0.993430,0.031045
mapping,iput,131072,4,131200,reverse,20261005,64,18.118392148,14.963712586,0.825885,0.012904
mapping,iput,131072,4,131200,transpose,20261005,2,18.124477738,18.728818857,1.033344,0.516672
mapping,iput,131072,4,131200,transpose,20261005,4,18.124477738,20.155181922,1.112042,0.278011
mapping,iput,131072,4,131200,transpose,20261005,8,18.124477738,15.644554742,0.863173,0.107897
mapping,iput,131072,4,131200,transpose,20261005,16,18.124477738,15.536124387,0.857190,0.053574
mapping,iput,131072,4,131200,transpose,20261005,32,18.124477738,14.984999456,0.826782,0.025837
mapping,iput,131072,4,131200,transpose,20261005,64,18.124477738,13.897701776,0.766792,0.011981
mapping,iput,131072,4,131200,shuffle,20261005,2,18.117643319,18.726424007,1.033602,0.516801
mapping,iput,131072,4,131200,shuffle,20261005,4,18.117643319,20.122330295,1.110648,0.277662
mapping,iput,131072,4,131200,shuffle,20261005,8,18.117643319,17.047295346,0.940922,0.117615
mapping,iput,131072,4,131200,shuffle,20261005,16,18.117643319,16.257252364,0.897316,0.056082
mapping,iput,131072,4,131200,shuffle,20261005,32,18.117643319,15.175880684,0.837630,0.026176
mapping,iput,131072,4,131200,shuffle,20261005,64,18.117643319,13.947174837,0.769812,0.012028
mapping,iput,131072,4,131328,identity,20261005,2,18.123304898,18.736309727,1.033824,0.516912
mapping,iput,131072,4,131328,identity,20261005,4,18.123304898,20.792733267,1.147293,0.286823
mapping,iput,131072,4,131328,identity,20261005,8,18.123304898,20.033053576,1.105375,0.138172
mapping,iput,131072,4,131328,identity,20261005,16,18.123304898,19.881816336,1.097030,0.068564
mapping,iput,131072,4,131328,identity,20261005,32,18.123304898,17.988264002,0.992549,0.031017
mapping,iput,131072,4,131328,identity,20261005,64,18.123304898,14.770083271,0.814977,0.012734
mapping,iput,131072,4,131328,reverse,20261005,2,18.121423158,18.734392265,1.033826,0.516913
mapping,iput,131072,4,131328,reverse,20261005,4,18.121423158,20.743440068,1.144692,0.286173
mapping,iput,131072,4,131328,reverse,20261005,8,18.121423158,19.891631191,1.097686,0.137211
mapping,iput,131072,4,131328,reverse,20261005,16,18.121423158,19.574661397,1.080194,0.067512
mapping,iput,131072,4,131328,reverse,20261005,32,18.121423158,17.941275907,0.990059,0.030939
mapping,iput,131072,4,131328,reverse,20261005,64,18.121423158,14.812564511,0.817406,0.012772
mapping,iput,131072,4,131328,transpose,20261005,2,18.123600600,18.730432716,1.033483,0.516741
mapping,iput,131072,4,131328,transpose,20261005,4,18.123600600,20.140251269,1.111272,0.277818
mapping,iput,131072,4,131328,transpose,20261005,8,18.123600600,15.630945962,0.862464,0.107808
mapping,iput,131072,4,131328,transpose,20261005,16,18.123600600,15.688652684,0.865648,0.054103
mapping,iput,131072,4,131328,transpose,20261005,32,18.123600600,14.894494678,0.821829,0.025682
mapping,iput,131072,4,131328,transpose,20261005,64,18.123600600,13.765773511,0.759550,0.011868
mapping,iput,131072,4,131328,shuffle,20261005,2,18.121410631,18.729391571,1.033550,0.516775
mapping,iput,131072,4,131328,shuffle,20261005,4,18.121410631,20.113187318,1.109913,0.277478
mapping,iput,131072,4,131328,shuffle,20261005,8,18.121410631,17.082489935,0.942669,0.117834
mapping,iput,131072,4,131328,shuffle,20261005,16,18.121410631,16.243566122,0.896374,0.056023
mapping,iput,131072,4,131328,shuffle,20261005,32,18.121410631,15.231304513,0.840514,0.026266
mapping,iput,131072,4,131328,shuffle,20261005,64,18.121410631,14.106796063,0.778460,0.012163
mapping,iput,131072,4,135168,identity,20261005,2,18.120556336,18.734069602,1.033857,0.516929
mapping,iput,131072,4,135168,identity,20261005,4,18.120556336,20.769123233,1.146164,0.286541
mapping,iput,131072,4,135168,identity,20261005,8,18.120556336,19.943817099,1.100618,0.137577
mapping,iput,131072,4,135168,identity,20261005,16,18.120556336,19.848627563,1.095365,0.068460
mapping,iput,131072,4,135168,identity,20261005,32,18.120556336,17.328743607,0.956303,0.029884
mapping,iput,131072,4,135168,identity,20261005,64,18.120556336,14.633635324,0.807571,0.012618
mapping,iput,131072,4,135168,reverse,20261005,2,18.123197145,18.736434268,1.033837,0.516919
mapping,iput,131072,4,135168,reverse,20261005,4,18.123197145,20.851994698,1.150569,0.287642
mapping,iput,131072,4,135168,reverse,20261005,8,18.123197145,20.026329707,1.105011,0.138126
mapping,iput,131072,4,135168,reverse,20261005,16,18.123197145,20.074052090,1.107644,0.069228
mapping,iput,131072,4,135168,reverse,20261005,32,18.123197145,18.041286302,0.995480,0.031109
mapping,iput,131072,4,135168,reverse,20261005,64,18.123197145,14.693714545,0.810768,0.012668
mapping,iput,131072,4,135168,transpose,20261005,2,18.120756750,18.730691013,1.033659,0.516830
mapping,iput,131072,4,135168,transpose,20261005,4,18.120756750,20.141989098,1.111542,0.277886
mapping,iput,131072,4,135168,transpose,20261005,8,18.120756750,15.560757169,0.858726,0.107341
mapping,iput,131072,4,135168,transpose,20261005,16,18.120756750,15.718755143,0.867445,0.054215
mapping,iput,131072,4,135168,transpose,20261005,32,18.120756750,15.118285068,0.834308,0.026072
mapping,iput,131072,4,135168,transpose,20261005,64,18.120756750,13.938245940,0.769187,0.012019
mapping,iput,131072,4,135168,shuffle,20261005,2,18.120183076,18.732578268,1.033796,0.516898
mapping,iput,131072,4,135168,shuffle,20261005,4,18.120183076,20.193801767,1.114437,0.278609
mapping,iput,131072,4,135168,shuffle,20261005,8,18.120183076,16.020416155,0.884120,0.110515
mapping,iput,131072,4,135168,shuffle,20261005,16,18.120183076,16.017484051,0.883958,0.055247
mapping,iput,131072,4,135168,shuffle,20261005,32,18.120183076,15.023411703,0.829098,0.025909
mapping,iput,131072,4,135168,shuffle,20261005,64,18.120183076,13.901411718,0.767178,0.011987
mapping,iput,131072,4,262144,identity,20261005,2,18.122653386,18.730862322,1.033561,0.516780
mapping,iput,131072,4,262144,identity,20261005,4,18.122653386,20.238011878,1.116725,0.279181
mapping,iput,131072,4,262144,identity,20261005,8,18.122653386,15.651084650,0.863620,0.107952
mapping,iput,131072,4,262144,identity,20261005,16,18.122653386,15.374368128,0.848351,0.053022
mapping,iput,131072,4,262144,identity,20261005,32,18.122653386,14.145552610,0.780545,0.024392
mapping,iput,131072,4,262144,identity,20261005,64,18.122653386,13.025792218,0.718757,0.011231
mapping,iput,131072,4,262144,reverse,20261005,2,18.120546315,18.730590638,1.033666,0.516833
mapping,iput,131072,4,262144,reverse,20261005,4,18.120546315,20.275983999,1.118950,0.279737
mapping,iput,131072,4,262144,reverse,20261005,8,18.120546315,15.627683135,0.862429,0.107804
mapping,iput,131072,4,262144,reverse,20261005,16,18.120546315,15.323264158,0.845629,0.052852
mapping,iput,131072,4,262144,reverse,20261005,32,18.120546315,14.183060581,0.782706,0.024460
mapping,iput,131072,4,262144,reverse,20261005,64,18.120546315,13.020636004,0.718556,0.011227
mapping,iput,131072,4,262144,transpose,20261005,2,18.122327647,18.732518030,1.033671,0.516835
mapping,iput,131072,4,262144,transpose,20261005,4,18.122327647,20.182439105,1.113678,0.278420
mapping,iput,131072,4,262144,transpose,20261005,8,18.122327647,15.545886061,0.857831,0.107229
mapping,iput,131072,4,262144,transpose,20261005,16,18.122327647,15.724690980,0.867697,0.054231
mapping,iput,131072,4,262144,transpose,20261005,32,18.122327647,14.243048827,0.785939,0.024561
mapping,iput,131072,4,262144,transpose,20261005,64,18.122327647,12.959928796,0.715136,0.011174
mapping,iput,131072,4,262144,shuffle,20261005,2,18.120431079,18.732068270,1.033754,0.516877
mapping,iput,131072,4,262144,shuffle,20261005,4,18.120431079,20.185501419,1.113964,0.278491
mapping,iput,131072,4,262144,shuffle,20261005,8,18.120431079,15.624518521,0.862260,0.107782
mapping,iput,131072,4,262144,shuffle,20261005,16,18.120431079,15.528358685,0.856953,0.053560
mapping,iput,131072,4,262144,shuffle,20261005,32,18.120431079,14.320660691,0.790305,0.024697
mapping,iput,131072,4,262144,shuffle,20261005,64,18.120431079,13.108572672,0.723414,0.011303
