repeat,case_id,sha256,bytes
repeat_01,g0022_treatment_00000,d2abb805bb072e81a3b12bf99bf3432ed1f9c83b74ad3d396a54373b5f805735,1989
repeat_01,g0022_control_00001,c2d5b705169863ec4a52e280d217091fb04e3ff32afa120494c7f5ef6995122a,1868
repeat_01,g0022_control_00002,7c0583390177242701ade3cb9af2963923d71a14199ea343db1dda321495e2ad,1868
repeat_01,g0022_treatment_00003,ea10a1758d2621301867d3b781308950e03c8b177d6201d0031bee3aa47c6885,1989
repeat_01,g0001_control_00004,5446c7911854d1c9916417d6d5bc1734ae722394764669d19bccfc8e8bf74713,1868
repeat_01,g0001_treatment_00005,074e19b79f188f576a105b984704a83911116ee34c037c88a04134626104db72,1987
repeat_01,g0001_treatment_00006,9e8d8c889814254e89bbfda13aae467fbe21ec38844cf23dbf5433f93532a9fa,1987
repeat_01,g0001_control_00007,c515f4ae7c4ebfaf6c1781d9d9b6ffc29bd8eab7fc810fd699fdaca3a389921b,1868
repeat_01,g0004_control_00008,b1da0bfd11c4d2840eb19e34b1d75c8188b13c67fffc71906331b17f5faa18b7,1868
repeat_01,g0004_treatment_00009,7342921fb8e089924d5e8032432692ca870093da6b6105f8c24c3f13322c953d,1956
repeat_01,g0004_treatment_00010,7b881942c51da8de64827a726a899e6ba988cf61f98d38dffe153c8e41520a2f,1956
repeat_01,g0004_control_00011,e5a51768abe18f2050eec6c5c1997f5e2387e00e6b9ea4db480219b9ec52f610,1868
repeat_01,g0036_treatment_00012,0ede3dabb699a2d702cc05a23ec8322768e0b46d863c0a4523a93a668730aca4,1954
repeat_01,g0036_control_00013,a59ff354e3191c95eadcdcd268ee8d0d072fc7820ea594da2b08b48ea3238db4,1868
repeat_01,g0036_control_00014,5fdc2b376d5e01480ee4d03016f24f11ddea6cc7ed775b6c9bc2e4a525a16544,1868
repeat_01,g0036_treatment_00015,c499dc49798a43efa5b92fa22c70635f6d469691723adf3d9a3d88e2da6f1e0e,1954
repeat_01,g0032_treatment_00016,4907c38ad906e90f5f37e58237c624071748a63d2c054c39866146c565be8936,1956
repeat_01,g0032_control_00017,ced6f52d23de70b14f40d7e72c8351d3bf0e5117d979e25dac7ad7a9cb90bb26,1868
repeat_01,g0032_control_00018,254a8fe8261719e362bd091dce9c016048a81f5a0b595378a9e5f6f1869c2e18,1868
repeat_01,g0032_treatment_00019,a5bf67768b2b1d9aeee844aa707792eae82bb6163c5474b42dad1d674f074d0d,1956
repeat_01,g0000_control_00020,8ee0e2e68dfaada02fd8aed56eadc08ce49c52210bc64fa82b41f7d3c505204b,1868
repeat_01,g0000_treatment_00021,35cf4d5d26850e0e0e24aae21256b89c16d7c8ef1147a438b053b256fefe5294,1987
repeat_01,g0000_treatment_00022,1cc9e4120b734035a1ab61cd1baff14f24362cdcc6727aee7cb74cdd92e00638,1987
repeat_01,g0000_control_00023,667f76bcfb53cde373c52f76fc7ddec7d1a22e3454982637768c5d31b2694cc0,1868
repeat_01,g0046_control_00024,d32b167e4606e384a640abb4490cb604bbcbdb24cb5f8481fa4321c322914cfa,1868
repeat_01,g0046_treatment_00025,810d157c833ea6f4bf1873846c7f5bfeb69b07bec5e1a81cc93453b2b3c27937,1956
repeat_01,g0046_treatment_00026,1494addc9ff5f6bf79bf07979690282cd7567a5b5ac6d73135a3ce2be32369b3,1956
repeat_01,g0046_control_00027,7926963ad54a17398079d8a36897dbdc87edb6f1385703e9ce9ae8139fefdd46,1868
repeat_01,g0047_treatment_00028,5d50d92aad7f26d47a90178fdf3cb37c02984a35fbfae40db7d61571c96c268b,1956
repeat_01,g0047_control_00029,c7a3b7dcf1eee3bb65cfc72065584ca96c3b6e6bd4d11227a85f4b8685271396,1868
repeat_01,g0047_control_00030,97907c88366d43c2178671cf43c7056d9280122ad0734e896e8b30229dee7632,1868
repeat_01,g0047_treatment_00031,ba96e3adc758a40126ee5ac635341d47f07630af07fd166e34431349a8de9587,1956
repeat_01,g0035_control_00032,c1071f46ec6ac2c534a7f684d703e56a92ec2fa1dfc85059e91779f93c3666ee,1868
repeat_01,g0035_treatment_00033,bec70c9817723cac96702f974e71a6f61d5daa36ec19f09c310e08894376defa,1956
repeat_01,g0035_treatment_00034,c04d17fd29aeffd409c15e64890e50287b7260c2dfd664a7ce34851efd99858f,1956
repeat_01,g0035_control_00035,1e4ddead168d5e9a88ff9ba75becfa40b1c287611e79f140b9cf1d4d5bfa1ff5,1868
repeat_01,g0058_treatment_00036,51a7f34891aca0269a23d54700952831a258e8ef124ab3aeee82881533821186,1955
repeat_01,g0058_control_00037,95a97df6a3b0b4777c24556abc0159362ea9455e5a4bce9bc653164e5084d928,1868
repeat_01,g0058_control_00038,546bff09fe79d7b908ade9b829c6b87b8cad01b111f28cd24fd835c5b257085c,1868
repeat_01,g0058_treatment_00039,835f808fa2d7f6140a8f9fc537165f7a495dfa53f3d1fdc5e79e468521d7e15f,1955
repeat_01,g0009_control_00040,72b39ee3a5bc2d7d6927db75a5d1cb513aaac6cbc93833edc7cb1e60a68469d5,1868
repeat_01,g0009_treatment_00041,5524d77f24bedd5800dab63dd508882e2495af0cdf60232f74f22bdcb28d52a5,1988
repeat_01,g0009_treatment_00042,b264cf6d3a43e3bba4fd519f81b08b9fddd3c66545accbbac64d99630f4792ef,1988
repeat_01,g0009_control_00043,dbfcc50500fdd7f438404d214ae0a8b4524268eec006f252d98d90152cdbd04f,1868
repeat_01,g0026_treatment_00044,a8ad9661fb36792b46e1112eea0855be8ce9eef4483296c8822d55dfc886e76e,1955
repeat_01,g0026_control_00045,28ab597cb570968121375f115010b514865fb45052924fff55054e7baa291eec,1868
repeat_01,g0026_control_00046,ffce52099bb0d1969571851b9b5c89e2cb32025eea43ca5214a3b2fa40665b0f,1868
repeat_01,g0026_treatment_00047,92e1223a15a72062c0520ecc7a0fdeb17ec5a12e94369668417b368ad2f41324,1955
repeat_01,g0007_treatment_00048,6c18069312927a3b6b45f6b076887cfb12285af20c9c9472f52d317c12173fbf,1989
repeat_01,g0007_control_00049,113a7b822c237c3b3f8fe75b5f2af41c7b92a12245ea51682277c82108f6b5be,1868
repeat_01,g0007_control_00050,1f699bf24a2fd785460ce7b6a15d8e6bbe17262259a78fc02086dbcdd76fffb7,1868
repeat_01,g0007_treatment_00051,dd116a391f968c6b6adbc312397d56c043da29e0fdafb9a999a239d3caecdada,1989
repeat_01,g0003_control_00052,f85906badc18eb0a6242efcd1998f10c2122b14b3cce950dfd817a59f1de7a1c,1868
repeat_01,g0003_treatment_00053,98c8aee22ffd7fd8c06c5dd0a77934279b6630873fcfbf9dbaf797680394b86d,1954
repeat_01,g0003_treatment_00054,916928c9d180f8cd7c5893a9bf421a5957e2ec2dd11f278f33eadf87dbef5dee,1954
repeat_01,g0003_control_00055,4910b3d9876f72180017925d996effd696af28687ffbd00ad97218057b0a4af9,1868
repeat_01,g0055_control_00056,4cbb6a9152e0838a55f1d11e324891d5e215696e63fe357bf6cbe53bcacd1702,1868
repeat_01,g0055_treatment_00057,43bd002680a619180003692380fe278d8aeb11b4d4d9ef103a024d736dcc3457,1956
repeat_01,g0055_treatment_00058,83d7fef6f9e447a87ada0a97c969dde77b4c41b3a815ff37a0edbb6d091249cd,1956
repeat_01,g0055_control_00059,c24faa4be999a65250085d1ab0236e5a5cee0219adc7a45841c1c5f3618b02a1,1868
repeat_01,g0037_treatment_00060,e87961b01a4314587392167fd4c57687e277ced6b208fe8418bb872eb17bbc3a,1954
repeat_01,g0037_control_00061,71d38a7313cb83574cf55e6a2948ca7faf564681ef81c95abd0e80b14b1a167e,1868
repeat_01,g0037_control_00062,56aeaeffef8c4c9504e23e9499fe9ae50677e818f4114b22d24971854918fd67,1868
repeat_01,g0037_treatment_00063,9a57f02dd190ab4a2f276faf2208e1eab5d7c51dcddfb738c698d1ab845a8e46,1954
repeat_01,g0013_treatment_00064,fb027d64dbd2705df9d02bd59a3e2cad5fc464870155a006d195145a128ccb2f,1956
repeat_01,g0013_control_00065,59f6448b2eb2a43f265c5fcf81719c77e98ba08faa8dae4ef7cfed347768596e,1868
repeat_01,g0013_control_00066,c3d70da8e9894ae5e4d7dbb5dc345cee13cdf194a7fbbcf56b8768bb816c990a,1868
repeat_01,g0013_treatment_00067,a239bc183d27cd01122cc3f2b9c3bff4aa6f3c9953327ef47e7eb4d216df28d0,1956
repeat_01,g0015_control_00068,654f02ca096ef3fd5868cb4b8600be6f2f99a9caa62219c1eb4ff5166cc48960,1868
repeat_01,g0015_treatment_00069,17854673590ca18ceede3019fa9feaabb0d4f6fe850c160045cc05dd9d182137,1988
repeat_01,g0015_treatment_00070,fec1b6e66f6e32cd7474537e1ec06ddec664e6185f027b07e5778d505d3be2b0,1988
repeat_01,g0015_control_00071,3c6ff37391d33424305760b805a45f3017d8a7e8a41ab4c3568d2882b65ceb07,1868
repeat_01,g0038_treatment_00072,b661ee5184276fffd9fb3a4322ad5f4e41beea4ab54a3bd6e579d8bd772b24d2,1954
repeat_01,g0038_control_00073,c5ccf3d80b325d6c3ada5beb360ced9cde5c372f878293325cd55683ac5d7610,1868
repeat_01,g0038_control_00074,facdca1ecc4309e3779439c5ced11b32dd5984648aafaddcc3634a274afce283,1868
repeat_01,g0038_treatment_00075,5e64990dd54c392b90d9991ee6b17dc09b99ffff6e663c0201a31d4283389376,1954
repeat_01,g0039_treatment_00076,dc0f0672fd8b5e1a7e756633d7641aa2fa9c691e2e7d11124df9fa271e17dcc8,1954
repeat_01,g0039_control_00077,c878c64cff4966de641028a389329ad57463bd16d0e0a4e445cb211ed4bfdba9,1868
repeat_01,g0039_control_00078,7bbad0907d8eb3b519f65d9c00ee7f61a9c29281c74cc16f942a14082bc0a7d1,1868
repeat_01,g0039_treatment_00079,8fbfe2dd2eaf636f22efd802c161135481ee6a0a650f757e371330b9fbb31fc5,1954
repeat_01,g0011_treatment_00080,0fcdc5be03e4b8ce34c6159ef0357e258ef02cdb4bfc14945b2ce142e05ae964,1954
repeat_01,g0011_control_00081,d645895bd00db6683d3f897d6245b034f40840249ff41f307ce400051892764e,1868
repeat_01,g0011_control_00082,8a8308248254d2032f0bfa3f67cebb994b37058af5ef7063c96242d496cb923f,1868
repeat_01,g0011_treatment_00083,6ed6d5b1c13e6a4c2a8314dad9e095c7e0e4b8d073bfad3f99be6ca64ef0c4fc,1954
repeat_01,g0051_control_00084,9e07343cb37a7ea9c754605e25fc8c8d57eebdd499c5579bac8be6fea52fae82,1868
repeat_01,g0051_treatment_00085,8441a36d2b1067547140b83ad84c7733f0203395d8e55b72f77c9506436db243,1955
repeat_01,g0051_treatment_00086,0c87fa18eebff0557efe821ad325f61a8539fa7aa9909647b7d022ee7b2837c7,1955
repeat_01,g0051_control_00087,f24b1e861d22c7faefb7d926f660c764b1b8ef694b3ff5f6b0f5873aed1ee4e0,1868
repeat_01,g0017_treatment_00088,eabd275ce3c082d7e97324ac0115a016d2734b46cd42ed04077f64ddb90fab8e,1955
repeat_01,g0017_control_00089,30a78649381388191d1bbf3aa4248b52357c2cc782de38274e87ee46ce9b3980,1868
repeat_01,g0017_control_00090,e3eb6ef3b1b96b14f6abf1e028a14e7fe6099cf8381b8e888bd5ad2fb130a6c8,1868
repeat_01,g0017_treatment_00091,71fcacc04598f157bdd65660642fa404247ebe5c123ea2e9c742298ca907a5c9,1955
repeat_01,g0010_control_00092,3bf2a9d519e37e602730a51623350cbed28f1f840cd63d95a7b45d8146c13447,1868
repeat_01,g0010_treatment_00093,a5ab1236e4304211fdb518e89133f7136df5fe13bfb38397025c7fb21cd309b5,1954
repeat_01,g0010_treatment_00094,c1563966413ce79f9f82ce5d0470b112732562282853f9383e842d74980d3976,1954
repeat_01,g0010_control_00095,3ce960e138870f1cd09adc295b6337f03477c29a29e77ea3dc03ed072028e704,1868
repeat_01,g0023_treatment_00096,c2b1c18c47da7dc717da8d9a800d491f8ea367d4f1302a767c287a52e7b71366,1989
repeat_01,g0023_control_00097,be63c0e3e89918f6c71ba77d1da6aab9d0c63fe7744b8ec059c760da3a3f150a,1868
repeat_01,g0023_control_00098,376c29aa563d5f2cf56e44cb2a574b24d190bef08c491102db3d61c5e86dfaca,1868
repeat_01,g0023_treatment_00099,5d5d5bb6c0d84cf37234806076e747635d94fd5fa5975b3b5f34327a13985e93,1989
repeat_01,g0020_treatment_00100,b09c1733fb51aa46104498fb4567a1fe555b258ccafc178e3464dec3a15e60c0,1988
repeat_01,g0020_control_00101,6bb5b4c45bee179012c9d453432954f67cb3c76e24cdfb7dd8f7aaed08b96e6b,1868
repeat_01,g0020_control_00102,37ad31065e2a142f6103cb175ad1a6a89662fd5172e0a65906c23bd2e171358f,1868
repeat_01,g0020_treatment_00103,f0b5563d86afcd892d5f09ab0a98d026b581557de7cc659c64e440fde67a5a3b,1988
repeat_01,g0060_control_00104,6d12f85a3260bffc67f06e62c31199ef50d67d7e79e340fa2375056bad50fcc2,1868
repeat_01,g0060_treatment_00105,2e72b7ca00c7784f8d3ce50d330788e1d0124764d494bffd661dc74e0ad96804,1956
repeat_01,g0060_treatment_00106,c59f5a80b335d90a8243975944abb739eb737a51107838a63b039b5df8b31cbe,1956
repeat_01,g0060_control_00107,edc38d005912446b463e7069a5f37270067f7d47b167b68193149b7d6e89c0b7,1868
repeat_01,g0031_control_00108,e194a5d056b1cf7745e7ae8d5e69edbd1cee94dfa8a438587855c5cf0a96ec49,1868
repeat_01,g0031_treatment_00109,2bac1e3f93dfdd8409217178f3e215dd50b97943fc6b4c641e239a59c71bc697,1956
repeat_01,g0031_treatment_00110,21b1a8891a1e0edccc24d9bce14616070fb94f2f76cb2faf181f108c6cf5347e,1956
repeat_01,g0031_control_00111,01b0c07b7f1e90fde235d91a54f9beca8ebc04a3443760ae2a4db3ab6c933a16,1868
repeat_01,g0044_control_00112,b239d2e2cff8eea949506ea770e342dbeffa84b2590e3a22efa63260df129bcc,1868
repeat_01,g0044_treatment_00113,de50f5e40325c949e687bc700713f424b41105c256bfa5df70048efbd6353e40,1956
repeat_01,g0044_treatment_00114,2e9e9d94e7ceb6a9537c87f4ef8dec226a757cc5f820a2f648fc0a381bdcf851,1956
repeat_01,g0044_control_00115,210a28762094eb79af19d256d4055c564d30e0f457b7083b0b348be5052bc85f,1868
repeat_01,g0018_treatment_00116,bfa8dd5ad5dd6b74212c732e66f3816dd07a9404d99c611fb526394336d06430,1988
repeat_01,g0018_control_00117,167b1176229b8a94f002c7e18fc4bbff013b4ddea23407e078b3b6751798dc08,1868
repeat_01,g0018_control_00118,f110102b4b932b2be6bb9fd7107b11f98d49d67b0f1189144f5304844cba26b9,1868
repeat_01,g0018_treatment_00119,130eed0f59293b20ec5cc3b5fda0b4ef6b44b0f93077f440ceda5a9720a7884c,1988
repeat_01,g0049_control_00120,8307b6698a37971ecf0a45faa800496ee58bd5d0bd204ebe709b3c7d1b32eb20,1868
repeat_01,g0049_treatment_00121,8710c59ba0df477809789bf4fb83c2dcaa35ed48b13aa0c871268995bc0701e3,1988
repeat_01,g0049_treatment_00122,53e1c884c0b95c16b2ef44ace3bd49ca73d9d5c12dff6bbb5f94f8b52005ca60,1988
repeat_01,g0049_control_00123,c3882c010f8c7c717bb0f65c77218377a985118d209e1ee33e610520eabe8a6d,1868
repeat_01,g0027_treatment_00124,e7fddd012da040842d85ee97aaebca340e7388b579817ac77ceedeb85c105a00,1955
repeat_01,g0027_control_00125,10bd20cb9104df95818d2a269a9885522350be0956a39165ca0432d722df8694,1868
repeat_01,g0027_control_00126,b86ba6b38b1ff96083180420859ce6805366290f6e6cd1daa89b65e6eed0694f,1868
repeat_01,g0027_treatment_00127,28132921c46cf1064e751fddc9e8fd5fe9fcaa8c516fdde4eb846ddd127fdcd5,1955
repeat_01,g0028_treatment_00128,3f11cffc19824af4ded08b298bce0bc3e7a0dac6b795b8cffcf3239861555039,1956
repeat_01,g0028_control_00129,c22638e0bdce4fa6a985284db0e4e11077c051e9a5674fca65aaa4fcec0659b0,1868
repeat_01,g0028_control_00130,b5a91c7fd01176150cc712fd4507bf824b5d9b1d2a782cbb4f3f241da1eef0b4,1868
repeat_01,g0028_treatment_00131,748a464207b840024aaffff51ebe337a3e133132c62f363f4a7eeba316901611,1956
repeat_01,g0057_control_00132,febe4fb28bfab2b3ed7f56cecef5bdc1c4f96a88da15b49ed507359d41666c6c,1868
repeat_01,g0057_treatment_00133,c6413dd158ef104ba2687420bf2a959d2349ff6a053fb37b6e8368f5a39cb4aa,1956
repeat_01,g0057_treatment_00134,01e2913e99f72dc99b5894e14763a76614e383620cc75c9b2fef18b2aca142cb,1956
repeat_01,g0057_control_00135,307d69d935832fa05dd8f4ecf13e8273294668b96579827fbb3aa114c176c0a8,1868
repeat_01,g0063_control_00136,6c1c7767090d4f1785a15ddf55f7c2c447c769dbfd22363140b899d6133e060b,1868
repeat_01,g0063_treatment_00137,a664c63bcc5fee7d6b8e8ff51e8bcc4d2ee3e4665546f01997f0b66a0f9a47b5,1956
repeat_01,g0063_treatment_00138,63d5a1202fc47ca94f113a0d590aea9bfb87f4c9dbbd289b76f6e0a5c641ca85,1956
repeat_01,g0063_control_00139,b55df83f49f10e3e329b4333ca11313e281241f89da81f366c8271c748a65ec8,1868
repeat_01,g0048_treatment_00140,43d2cf70e04ba162285ede02a057912a14f30a4b720280e8298782db7e6afa15,1988
repeat_01,g0048_control_00141,4c1623cf537990ee2e10ffb92a7024d4a347aadc728b464c856e9cd996c97c91,1868
repeat_01,g0048_control_00142,704f2b589691f594e22e57750dee5113f40a9b7418441f881f3b3cf08bdffd6a,1868
repeat_01,g0048_treatment_00143,556fd9ee5735decc1197fc7235a0b2237a917b35794c6307e32a7768be6ec0a2,1988
repeat_01,g0033_control_00144,a4ca59c850078f6557e46b942c4236567caa8fca3db8873a09d63505ab01a939,1868
repeat_01,g0033_treatment_00145,6986f9e339e66c882b132103c8e1f9e5bc1151b49c6b27ef5158f84ce49080b7,1956
repeat_01,g0033_treatment_00146,04bc554aa778a9a91c15f7280c90b3e7d27748498a9b9230fd3f43f8978ab43b,1956
repeat_01,g0033_control_00147,4defba35f9db4b74573e201cdecca5f27fd92c713c3c4a649ab04e67aed0d263,1868
repeat_01,g0002_control_00148,15c6b3bd05c9dcf1f8640447cade183d5776fb9ec0a592bc5f5dd499c38f562d,1868
repeat_01,g0002_treatment_00149,76efe1b67f3661f3d837300d39fb1b7efcff7ed4ca2ff9f401abdac0ac287e48,1954
repeat_01,g0002_treatment_00150,4cf5737502e6181e88bf0b05c6f9ab9a2de993c773dda0ab967b663d7158c9c9,1954
repeat_01,g0002_control_00151,666e01c8a99de9434ca0570d3cda2ccc3c3d4cdc3bf09a2a68e8ffda6f79d23a,1868
repeat_01,g0030_treatment_00152,1037a1157d54363f71533cdda80606c13ba2171f484ac5d72b8ec03e39f3d982,1956
repeat_01,g0030_control_00153,8487c3eddfb9918c646d8a639d63fcfbf6c307048541941aaf986f6b4ac86b1c,1868
repeat_01,g0030_control_00154,7d3d9b3b7d442c78d5ca32cd57ee656ad661e201a328e51debae349054424a8a,1868
repeat_01,g0030_treatment_00155,3deeed2bf645304abd05bf381d7b836436bae77660f94bcc5724e4713bf9e709,1956
repeat_01,g0040_treatment_00156,f0b4d4218174394dee18d9c681ec9fe0eab685292ecabdfebad1468cea55b4ac,1954
repeat_01,g0040_control_00157,19fff0c60702991e30dbad490cb3fba88b480906793c78d50d6cc67b6c80914c,1868
repeat_01,g0040_control_00158,44f6013f5626d7aee45204dbed36bb41ec1487e99e0c9de31a52cf47efc9af24,1868
repeat_01,g0040_treatment_00159,c152418d8da265ca9a5c8fffd74836f1cfb5eeeb542e813a31cb10aa32316b4f,1954
repeat_01,g0024_treatment_00160,b63785822b1562423acb2a4128707f94c5cb9d8c58a3bbef2d4811494cbd46c9,1956
repeat_01,g0024_control_00161,5ad7cdc01f21fdb101b6cb12bb2570ed015791ad33ba7935c1e2225b6e763418,1868
repeat_01,g0024_control_00162,981f7848db93040144f1e4b8dce833d79c2f8f3ccf69fa50b8b688e58d6ed2e9,1868
repeat_01,g0024_treatment_00163,50cfa21cf236657f4811a6f677b0bf9ef80dbe9d8ea7378db6d4a996a15219de,1956
repeat_01,g0054_control_00164,dde6fb7873db59dd54ffc2006f73b07fbb29da823bb40e056f980cec7ddda5ce,1868
repeat_01,g0054_treatment_00165,c0d805af0f3b6059ffc6dc16faad18a1a7c80701c5f161222f04f2b7db6f2d2f,1956
repeat_01,g0054_treatment_00166,b876336fa06dd8bd1efca99570260a27db02c704b4e364bfe59b65f2ccfe3ea3,1956
repeat_01,g0054_control_00167,446c13730aca0a6ea414bf1e5b744a6cf069aaed4cf268b54f19216d9b368ea6,1868
repeat_01,g0019_control_00168,2f5dba81ead230aaa2b9031f6b236baed18764083e42513697cb9c52a122f331,1868
repeat_01,g0019_treatment_00169,11215917e5cc96c5b94a49751c47e5b741124e41fe0903a9752b3e9ba6b600ce,1988
repeat_01,g0019_treatment_00170,70b3d2e9584606e82ee978c9d032988f27e24857ad8de8e7a4adb219429379b1,1988
repeat_01,g0019_control_00171,acc3b754f485c5f2ac042e4ec0b59bf09cfabae51e356f3c52bad7a9d5a5deb4,1868
repeat_01,g0059_treatment_00172,1eef579a5dc8c0d4183730f14c14328d18adf8e421ca8290324c09c2d875fc58,1955
repeat_01,g0059_control_00173,c171d1cd312c76530c29c417ac545ca9560ea118289a812bb186c4c7903c08a8,1868
repeat_01,g0059_control_00174,50dc85bc59cf80e173224a4d7e426c6f4171ca9b294b9454ebe58a650a1fcb99,1868
repeat_01,g0059_treatment_00175,895f266f5d1efe11199e235f620caf2513317f393873d05dd4ea3c2b0002516e,1955
repeat_01,g0045_control_00176,4357b2bd5ce3d3c7048982a5449917fa139f0ca78af93b343e1dacb1fad99176,1868
repeat_01,g0045_treatment_00177,3f3abd1f8e2206050510ddc3bf5b0cacc6f996c9a5b3d197a1d41ce1c519a671,1956
repeat_01,g0045_treatment_00178,4fb7e1f300a55c39f0a66878ca93061db860ebf98bb5d213119dbf0cf7e9cfee,1956
repeat_01,g0045_control_00179,eeac2c60ce215c1df57d57a83594b79e62f3ed1ffdecfd678944a81ce246290b,1868
repeat_01,g0016_treatment_00180,6756f02fcedab79fc18e01c864e49f8ef86bab7c32b1673ee95bd701bd3902cf,1955
repeat_01,g0016_control_00181,1802627a5b0545c6b374fd522038199c157507be960bf320f68b3df3c3a0024e,1868
repeat_01,g0016_control_00182,83a095bc905caaf7ba518dd3a682b6a418cc36d8a65864621bb6fc9f716e10a7,1868
repeat_01,g0016_treatment_00183,5177638490defb9369530673f2e96e66a20b1b3a6099e82bec03d49a3e814408,1955
repeat_01,g0056_treatment_00184,08da05178702a5ecc90106015caedc0d79bea04b0055b49f89c86d0d52b00252,1956
repeat_01,g0056_control_00185,8131a55fae884350247661887ef03300340e2515765a75d783d8c64e8674128a,1868
repeat_01,g0056_control_00186,d387a7a67c22a80207256822253eb8f664ced52990178e051d47a344b8113670,1868
repeat_01,g0056_treatment_00187,db132eb1f4fd80f68cb2ac5b829c2d68f31a0bd79f82386ca65e100a30c2807a,1956
repeat_01,g0043_treatment_00188,1334d46a4a80d30bf3060a3456bf7d4eaad20d55097ef168d8b5738313c1e185,1955
repeat_01,g0043_control_00189,bf7f24bd1d9edc8eec12d10ef5bd7f5a60f76613d12f950c8077d38ed5081400,1868
repeat_01,g0043_control_00190,84d074343e58e05afbdec5f65794eed0f727448ab525a6e6710e2ef2798084f2,1868
repeat_01,g0043_treatment_00191,181823cb85d0ac4ab9688049312a18915d88e499d31207686e8b0f0e3cf74e1e,1955
repeat_01,g0062_control_00192,d9a3895d35d8fc5d0d8841b1239560cdaf954ca9ca01ec5e7b523f5800121254,1868
repeat_01,g0062_treatment_00193,3af374345014fbdfd538fec21b4e1687f35c4e63a2dcecb08763fb60371ce814,1956
repeat_01,g0062_treatment_00194,ad01662d0f8525b2a74fdd96f1417fc9c36746ce9664e33e28f4993354dafccd,1956
repeat_01,g0062_control_00195,3702c70edac1f085928d3d5b0cd8dda7034b542d9840c83b9eb7f8128efc4dae,1868
repeat_01,g0006_control_00196,8ef58671a93e73bae20064d5164011070a7ad94d6c2d4642233c9aac5c91320a,1868
repeat_01,g0006_treatment_00197,bd96f041eba4798829fccf2732614b18e7512d5e4e8041357cf99b835ff2984c,1989
repeat_01,g0006_treatment_00198,0515dc429a3e959993b7d5eaff30ccd6a8f03b9a07e748a5c07c9e02c506b2be,1989
repeat_01,g0006_control_00199,d4400bca935b52aeebc03a59c897aecf4982f9b1b9f0f1d1857ed2101d086dc2,1868
repeat_01,g0014_control_00200,28d397e11c53695399d9945f308fe47326f0a962f7b467d1b3474164d0dbc039,1868
repeat_01,g0014_treatment_00201,496f8e9e2589360908d1fa5a523e2c9215c7875657fdc8c96612f7fd84f1fdcb,1988
repeat_01,g0014_treatment_00202,cdc3c64dfabce4f60c1d0bc0a21a0250e1358a1e50906976897089caff456b97,1988
repeat_01,g0014_control_00203,57926625338fa314df0b02cb018a32ef63359bf4a5ddd19da020d85736e506bb,1868
repeat_01,g0050_treatment_00204,bd794801ad533e6824b8b51ebf47d199ceff8daf716c6fd359fb1fbf2cb0d3e2,1955
repeat_01,g0050_control_00205,35cabc122040c0b656b2a789c5e2456f016627ce1c46eccde4a86b375befd682,1868
repeat_01,g0050_control_00206,2809476575968d609642f485bf5569f9069cb72f25a950d2f48809c1a17026cc,1868
repeat_01,g0050_treatment_00207,3927c8c2297442901f1fb6deeb1125589f37d24e2aa61b845d893ecfbef185ac,1955
repeat_01,g0052_control_00208,918256ea3032f5a31a039a77cce78cf239da36a1098a377b8a50c5a13098cb51,1868
repeat_01,g0052_treatment_00209,5d530e248d6c5b4960857d3c65f5ff594d259998c3312f5a3d0b2a1f5aac422a,1955
repeat_01,g0052_treatment_00210,d9b5fb81833443e943aa1ecdb00ea170e1903e9ea727fbe66ccb25bcb520bc5f,1955
repeat_01,g0052_control_00211,eb866b9fe8dfed6098638034b6cc8649d628d487465b11c547d01759e55cefcd,1868
repeat_01,g0061_treatment_00212,8ed9884b7af420339c5ac385c01f4c8bb9121d8fe21316d53b21427c4fd53f29,1956
repeat_01,g0061_control_00213,f8e9d24287caf108acc559f3a0566bb94fa16eed47548d229b386834a5af1a53,1868
repeat_01,g0061_control_00214,44aee2b3abda3b8014e864eed595e06f0c8ef83a3fa517492033b020a8effb8e,1868
repeat_01,g0061_treatment_00215,856301027eb05f3fd278a5aa80329262b74e5e13f95f3f88ff9d276c8e8d27ca,1956
repeat_01,g0034_treatment_00216,ace37ae4d956e85aa9070a7f7013fce5f86740d7bc1081fa279a0f4b105350c1,1956
repeat_01,g0034_control_00217,bea02bca8cf240038ff2e0727e9ed20c090244c46e0da2ab11010af1fd77266d,1868
repeat_01,g0034_control_00218,65f683c948bfc2bce2c22a4da41f742db225a7dc901fd92d02696a44b0fc0e65,1868
repeat_01,g0034_treatment_00219,ae9474c8cfb389feb5db06a4132d8dc5f2ab6a0346a263c5368f85954c12f37c,1956
repeat_01,g0041_treatment_00220,d36e37175bd5c4268d62e756010664c8eae7c7731a46d63e02963248237c5f96,1954
repeat_01,g0041_control_00221,9c83ee20f6e1133062b282ee98205edca9976be54b0c21a2db96234ca68537d2,1868
repeat_01,g0041_control_00222,82f874c7ac8ed63e0229e2a8f8d16f5854a9b38edcea2686061af286b219b2fe,1868
repeat_01,g0041_treatment_00223,5cf8385892b93fbe3ff28751a8266e75e99d5827c0a333b623f9ff2b1c1fa6cd,1954
repeat_01,g0042_control_00224,b20531838af2330772d60f63afc0bae692b8f79ffbaf904df5047d04f9e412a5,1868
repeat_01,g0042_treatment_00225,18de5bf7e8b0ff7d6d62333b3dfad0d7053ad534a450a6cffd50bf78499f0aad,1955
repeat_01,g0042_treatment_00226,f1fbfc2d3a17e633208c05d4d518042e9d4e097199700dc37d6bfab3a70fe603,1955
repeat_01,g0042_control_00227,c9e4a2c366e3decd8e9ac792965d917fff25f1180f2ca3765e2295bd02a9a81f,1868
repeat_01,g0012_treatment_00228,593b94f24cd278610da4d17f96ed27c1f0fa0b71bb98b6e51c6ef4761ecf8a0c,1956
repeat_01,g0012_control_00229,1c334584cf3e225ac120e414fac29058d9093f84b200ae9caa46e95ec14043a1,1868
repeat_01,g0012_control_00230,09a32508e08e321326d8fd17f211c0f48f815540aac2073f8525faee1b43fe24,1868
repeat_01,g0012_treatment_00231,50c8e34b1022f0abfd78ca1a1bc552b15045cacfff436f267aedc95c80935c3e,1956
repeat_01,g0005_treatment_00232,2ac4efa550799d0ae81a4fad5597f7a601e7e116ad8f7711efd24551fb134ba0,1956
repeat_01,g0005_control_00233,79f98bee7686f5881e8daa25daebd482148673da4e7df365e29347d86b6b99c0,1868
repeat_01,g0005_control_00234,f276821d10a2e6f3fcb243cd8c1ca6cfe34a89a92742ebc42b8e995dbbf1f0dc,1868
repeat_01,g0005_treatment_00235,e0f344f68325fba3e133c4872300bfaba67ec7d8626d22d5bc5463267983fa90,1956
repeat_01,g0021_control_00236,90e3eee2f64e1a480e24b330e23a1af3e226af56daf7f8e1ddaf1327c3111177,1868
repeat_01,g0021_treatment_00237,b77a222268b9342b1201f19b225b8f3f35585f4cea4d95055afc64a2fd179e5f,1988
repeat_01,g0021_treatment_00238,0e952ea877ba0893be43bb44212ef39817dc37fd7883d4e62509d8ff1d0e74c9,1988
repeat_01,g0021_control_00239,dc9957d5fb43f3b1fd91814d3e6015a6055fba114a3f233df4f01c9b0e918123,1868
repeat_01,g0008_control_00240,4cb81a6c3bb29c6aa7fc55301c9771e24e529f9f70ef0bc6827b4b866c5ecaf1,1868
repeat_01,g0008_treatment_00241,0facb05f46e6f025f16160440c3a30b0ac01488ee97cd746e2f9b6c1252b0d22,1988
repeat_01,g0008_treatment_00242,63b511ac20ee6b7e92c08c8620985adb246fbe8ee9cdd42ed64277cddfd29ac0,1988
repeat_01,g0008_control_00243,fb550675247b725cb947ea3b9c2a3b6b96ff34d945f6af82a86dda1dfe90d649,1868
repeat_01,g0029_control_00244,e546d16518a5782d60271cba9cb1849a2baf931ae6228c05bb97f4bac681f9bb,1868
repeat_01,g0029_treatment_00245,f3f88a4cceab7c7bf26ba3524f58a4442cfb6554c2b1037d5428f0e2d6fae7ec,1956
repeat_01,g0029_treatment_00246,7dad4773c4bf0513406fcb3c16afe5f32801812b7b4348f28ff22b497a9e4929,1956
repeat_01,g0029_control_00247,e2e100ea0ccb92d6283096e390e467767550b9df816fa02b002db9a2284a7228,1868
repeat_01,g0053_control_00248,e45e4ea3cd6cb42964dc80c4de1ee53f5e8706ab6d465e22705a28c7581097d1,1868
repeat_01,g0053_treatment_00249,e747fa67aedad3fe0536ee5f56f16a12e4a8df6d2c5402caa0423cae07c26ec7,1955
repeat_01,g0053_treatment_00250,0321d8ce96b5570c616070db9c2c6891791871b9cb17971acf2536667ce2a8b1,1955
repeat_01,g0053_control_00251,52b74e976fa52ff112ecfd99b2717e205be20187849937c988c6df439ec7c082,1868
repeat_01,g0025_treatment_00252,6161a6e098589228ccdf3e7298ff66d9fb5ef88ba9909f41108cf76144bcc953,1956
repeat_01,g0025_control_00253,78c7d0854bfd3060c6bbbffc37a2063c52cae68b4a4e4b8b20c3cff92014a078,1868
repeat_01,g0025_control_00254,f9953f482920122578427ea6824e0e85d54b2e4411a7ca895818e4348d9409c9,1868
repeat_01,g0025_treatment_00255,43dd7c5ebead649eec57f13f176d705c6406ca2a9a634967dace75bd98d5ea50,1956
repeat_02,g0050_control_00000,547b3deeded4bb16a6ad3c075f86239d40f05f10ba4b441493073af003641101,1868
repeat_02,g0050_treatment_00001,db80e5e2bb245112b98460f7839b50ccecabc9dcfa55448e12abb6156f71ad5c,1955
repeat_02,g0050_treatment_00002,cf12744036e1517baea43b5ce3c9488101c9f5b418abe61351e9e343dee83c72,1955
repeat_02,g0050_control_00003,5cf284d21b50bce73d12c11a938114b5cd89f31c4b50786bb098e0dafcbd033e,1868
repeat_02,g0045_control_00004,8f97dca2baac1182757cb7bcd77dc12b2c3d048ada1ca5aa24d88299edfb4d65,1868
repeat_02,g0045_treatment_00005,76354061d665d1d1465748bf483b94813e2bb2c04382819b3b99afb9cd4c7245,1956
repeat_02,g0045_treatment_00006,46c69149d2f691f14ec5856f333487a1004c5f671036227972296bef50f5be24,1956
repeat_02,g0045_control_00007,0267276e6ed2b023ab3332a75e10ecf18b9963110570e6f9192b04e514c31d31,1868
repeat_02,g0063_treatment_00008,6852f85d6603857eca162561ca9dbab7bf1c4d1984d1e41f40365327738d49db,1956
repeat_02,g0063_control_00009,c573ea4b9f621362e2159a63100019eb50ac01f4cc3023341665d831bf540170,1868
repeat_02,g0063_control_00010,2f5a66689eb24ec752d9de4eeada4626094bd4ffec412d86c1d0239b6d8f3a59,1868
repeat_02,g0063_treatment_00011,2d19f2bb279c7b5f1c3e21f739ae975ed1f0c862ad9fc6b3ff7aa77de5ad6e01,1956
repeat_02,g0049_control_00012,61a0f74473a508d3272669f321532d3e4021d6fb3b6c13ecb63164ae36598fd9,1868
repeat_02,g0049_treatment_00013,6cc2b46acdd0471ad86b36a912b662fe4763f12f13b1b79a3c157418bfc16867,1988
repeat_02,g0049_treatment_00014,a8eb44cdc41b91894f1f2e323b2d6eb6ff71bc709e3b6916055e3b5b9118ae36,1988
repeat_02,g0049_control_00015,1f723a8b1e50c17a908d8cfdf861dd9b8f576f9b62c2664cd8e3ff979b966be0,1868
repeat_02,g0034_treatment_00016,f92afa3a0cd23fede8b9e51f80336713ab29ee45f17e354ffd4091dec8f1686e,1956
repeat_02,g0034_control_00017,ce4814d70aafe76f61f901c6fad61181f85d1e6fc55c8a6c4f4c7e7e95ad9a98,1868
repeat_02,g0034_control_00018,0798b660f310c18a945664860337148c51d39144c3d1e7693a94d1cdb1307d11,1868
repeat_02,g0034_treatment_00019,e04005975a7b1ea452f772c2ad421eed334e012b031c66b842f0adcd36a05762,1956
repeat_02,g0033_control_00020,2614e7b036c9138ae9f150de1bf982294863a85df8d979c813d080ed6d6219d7,1868
repeat_02,g0033_treatment_00021,223b569089e55e14f7ab2610d0709346e64394d723a7605d9ec781e312d243e1,1957
repeat_02,g0033_treatment_00022,a0c1f13f17741a718373e0e38a94c5aee2f58add5a43e415d930079c570e11af,1957
repeat_02,g0033_control_00023,121cb2add5807f5b32794909eca06ad6b121afb70fbfb3073ef810ca33d077fe,1868
repeat_02,g0007_control_00024,073f3eb543d0a7c71018c585af4d974264395fba0e881900202ef880a16f4c3f,1868
repeat_02,g0007_treatment_00025,bbf8475c05a039281fcaaec1901c5bcadb89d24bd521a94564d1fb05b0e79dc5,1989
repeat_02,g0007_treatment_00026,6d4222a634c03e3f9fbb715a805ae0a9ef453323e377c907049e6ee8850d58e0,1989
repeat_02,g0007_control_00027,9c608e584acc89546f764e11d2f2beff786c96472291d09bb77dd00e678d06cf,1868
repeat_02,g0041_control_00028,302eb37b6c6b012d464434ac1c7848a6f6beea27e2ca7ab93449bba209b7cf12,1868
repeat_02,g0041_treatment_00029,0f0cf8c409bde0d1407ad306621aebac8fd18a11f3312adf3d4cb92254725424,1954
repeat_02,g0041_treatment_00030,97564f8ba2d086085e7f25d0f6eb075d06a4252f7c929880e5fd36af04ead7f0,1954
repeat_02,g0041_control_00031,dc54351f635966538bb03b074707cfac4588ffdaa7d14fede871d533535b49a5,1868
repeat_02,g0043_treatment_00032,530adaea8221b3f3a389ba5b2e6923601905bd27c01a32f0c8a37ede23bb557d,1955
repeat_02,g0043_control_00033,a1c484509bcab84dc6e9a9456a7effff996d2e67d71bde57bec4f62c68fa8eac,1868
repeat_02,g0043_control_00034,9620f73ed002bdbbd4ae71df8acf6da30d725d7608ac0eea5256b49db837d37b,1868
repeat_02,g0043_treatment_00035,dbe7b032e5d2b3b41a615a9a805de5211b0706d32e767205d8f2457b436ff454,1955
repeat_02,g0058_treatment_00036,73a958f9dd2825c7ec4401d7763f4b8fbcda7f26a22ee7c287d23381f23bf059,1955
repeat_02,g0058_control_00037,81e137e9b933017ee3a7ce70de040d0a2368774a973d7ab42c80dd4a782b9c4a,1868
repeat_02,g0058_control_00038,c75b8f1ed5effa31dcb920668c7c52124fbaf93d7d647a1c5f5a10c478935170,1868
repeat_02,g0058_treatment_00039,8a667e1ea31cee2c842804f2e56613e550f1f2c7e0f64d624b22f8924f76f179,1955
repeat_02,g0060_treatment_00040,2628185999a4f98aa1a3c4b45d17bd055d7ef4eb8b3afae7c4faab87edd35f94,1956
repeat_02,g0060_control_00041,c5d1a7c9bd086689d4e6f05fc9f800e3fb3de95f4490afd0954c33af97614db7,1868
repeat_02,g0060_control_00042,4e3bce8a0e0a22bdc84e6251429a3f24236d7a768afe6126a9aeecab4333e12c,1868
repeat_02,g0060_treatment_00043,0d14772575af619f42a945b3ba6e012d404649e4e5727c6873be6474246cb9ba,1956
repeat_02,g0031_control_00044,558976b482112111790c7495dc92ec4db31603d7d45b69f80a8e9f165db6e48b,1868
repeat_02,g0031_treatment_00045,802775041325629f052d1d71898aaa8a0d57364505bc3d4de1fb6889b7c13d67,1956
repeat_02,g0031_treatment_00046,975754dd21254e4192cd1a922e8d6fe795cd68fad8f988915e53731f8f4bc452,1956
repeat_02,g0031_control_00047,a27e07dd6b13590fb2d7e31eb363013619a8d72d7cf73f35c4f153bcbb3f8b9e,1868
repeat_02,g0047_treatment_00048,4d3d025aac6640425ee4f7fdde6a9ced59edd7f5955302a7798e4d7347d9bc10,1956
repeat_02,g0047_control_00049,49b929b2ea831b361f81b49b073d04e054ab43c97ce45eee8718bbd595e3a9db,1868
repeat_02,g0047_control_00050,4fafa39aa3092d1dd70276593547ad075987470cc42bb8534a042d7aee009d41,1868
repeat_02,g0047_treatment_00051,1f2746d95ede3ebfc96c944345100daf7e5f633e146bea625662aadfda063180,1956
repeat_02,g0015_control_00052,18d8e7f3a9573f9e53cb7ca9dfa15e9bbfd4832c9ea2ec7c1bea7d9205c330e1,1868
repeat_02,g0015_treatment_00053,7c065912e50b4759707631474a9378c6f67c0944999704b67ff46d499d5de92b,1988
repeat_02,g0015_treatment_00054,2a0058cfbb7b1f30896d86d3d1be588af760c1f7e3a7ad99932b0c3788e18766,1988
repeat_02,g0015_control_00055,7ee72f97e9dff3ead861153d132f5237aa62b1645e3b0f8ea0b6ec0b00eacde1,1868
repeat_02,g0030_control_00056,fa5788fffd29d527f16824e6aed520dd13ffe38e4c2bef8f3ec97e7f45aebb2e,1868
repeat_02,g0030_treatment_00057,46cd38732ef7ae455c72aa8c8baddc7ad840ab469874096de6bbaa6d0bc64e4e,1956
repeat_02,g0030_treatment_00058,7802870bdc2f206dcd2864f66b602727f03c330c35c98a02127bead565583945,1956
repeat_02,g0030_control_00059,3d0d0d7e7ace421691ee714532953c8b0d22cfa36ca0fbb229764dad98eee382,1868
repeat_02,g0013_control_00060,5d7ebbc231b805a8f3004c6a3b393b12515d65fff16fcf26700320f3c3d47b11,1868
repeat_02,g0013_treatment_00061,e0adbd1ec58631d3c8a1f93b8a5a7dc6e73a9e6256d22dffb06bf25388b04934,1956
repeat_02,g0013_treatment_00062,ea5fcd5cab2fe38f9359910a67ef52c2eae4474c6d60d8598c9304413daf3e55,1956
repeat_02,g0013_control_00063,af8634ca5494b6036b8cad17196e2f37ac06b75d35064e6842b34777017cdb1f,1868
repeat_02,g0023_treatment_00064,dd5cd7d29761deceb158f5d9708c050b1dca474a2c822930f4324141f9e8b4c5,1989
repeat_02,g0023_control_00065,6e2e55054ab3a185095c9c269d96ecb6bc5435b95ce4a7a37c0b9238b9b86aec,1868
repeat_02,g0023_control_00066,d36aac4ea2bf6d8fc8b7f8464f897a7c9bb58a6e95673732a7941b3f1764982f,1868
repeat_02,g0023_treatment_00067,bee5b5910bdda376c59530054b3f7808b9722da67581f9807d205a563e0ff798,1989
repeat_02,g0035_treatment_00068,04da86dc0c61c2626c6315e378b1c314f138c013fbd57221c95f37721fac34d2,1956
repeat_02,g0035_control_00069,39af174ce2174fab87de8c3c95efa9c758e4b439074ddf9397a8eacab9f6c160,1868
repeat_02,g0035_control_00070,9befc19d2db109b30e51247944803c65393108ad3ec39f894321ed56e81a6295,1868
repeat_02,g0035_treatment_00071,d60d1d709a4a37ad17e12199540bcb3994162e77fbd7d8a656a9a5c98a4be603,1956
repeat_02,g0017_control_00072,0672a158be8c858a67006cfc400bbf1f1f51c4ce09f80e69084b0e093194ebd5,1868
repeat_02,g0017_treatment_00073,a0732fdf55d70dc7464a222c0ddc66284fbeb134c6301f31d43acde2ec40fc8e,1955
repeat_02,g0017_treatment_00074,4079737f9ceb2771391639eeb411e799f4e7768fd38b2c4a55a1a8fcf0d6c87b,1955
repeat_02,g0017_control_00075,d3571c6d8912fb1066f796cc9a776a74ad904c63c442ac7902c3e9640e910913,1868
repeat_02,g0024_control_00076,46a2d213839db91c06a6ff8f8067861f734b5f4978cdbc4142b71c1d32c0c92a,1868
repeat_02,g0024_treatment_00077,0c0c5497b57eec19d110302e99e00a8c72d778bc0422f47fd06ad168e75d6691,1956
repeat_02,g0024_treatment_00078,80f2ef059f2cecc8569a08cd49ea338f1217d37843493ac7ff5797c92cd5716c,1956
repeat_02,g0024_control_00079,fb1a9fe91dbf97fd9b54c50c73b1f52d936778c776a8cf4e8a79ea78eedf65e9,1868
repeat_02,g0004_control_00080,c58f920e8c974ed283b557882ee5f2bb8ff3361533d19f4a24915d12cf9ebdb4,1868
repeat_02,g0004_treatment_00081,56560518d99f5b48ae87785aae4138d57c683f844fe60d1f4d2f18ce13b4c55c,1956
repeat_02,g0004_treatment_00082,fba69afdd7639eac5e663951ce60336749f6064bdf8f6fe4892104c86807fd16,1956
repeat_02,g0004_control_00083,f3c276ee8d9bc1ccfa2bb7ecb265dd6343d522ee06e2742b0cab73eb41206e99,1868
repeat_02,g0026_treatment_00084,35e07044f59aa186724f11560181c431cf3702349e4dfcf0b4277f4290dde82a,1955
repeat_02,g0026_control_00085,7ea762eba9ac46df8113c3cd4551c7d0c91573e0a9115d1bd3237192fd51dd3c,1868
repeat_02,g0026_control_00086,de2c61982d567727e59d633044e5ffffa9b7f877acaeb643313fc210dd59d492,1868
repeat_02,g0026_treatment_00087,53ac06388e0d8402848bdd74f4a38f9a17445d6c217d13ca8c626c4811895fd0,1955
repeat_02,g0062_treatment_00088,ea6bd255843f461993d5a2b72b48fb0bbceff17467dc195c42fa3a80d60eb097,1956
repeat_02,g0062_control_00089,7afaf24a8539ab754c8331f65d406629bb12958be08b49f3bb8823cdf0485682,1868
repeat_02,g0062_control_00090,cdede3780ac51028e3176afa45b7b4638921c4676260b0749428875aaf94290c,1868
repeat_02,g0062_treatment_00091,501e867091283663c2b7984ac01438ff7db960c8ecfe1bc162cb452a441d1892,1956
repeat_02,g0001_control_00092,3719ae5bdcec1a4422379167aa650322997328748d55b60797c35dc2398ee63c,1868
repeat_02,g0001_treatment_00093,1866c3a3ac4eb06ec217e143c49205e5b8987189d950a1f0c9df41f4d5fb58b3,1987
repeat_02,g0001_treatment_00094,9d41c61ce7a29ac86b1732b86c47f2010e3b164217c61f9cbe722aadc7047981,1987
repeat_02,g0001_control_00095,15d72518a651ce5ce0e5eb3f629580aa9ff9361b6d5472e4d628d3ecc7342907,1868
repeat_02,g0055_control_00096,6860ecb28ba250a3ed4164050bfa9507f42768130f32b70372cd039f2ee734bc,1868
repeat_02,g0055_treatment_00097,4c135c8fdabf972647562a128ef9ccccc8e2d6aea03f531f73a6039b4dd7a0a1,1956
repeat_02,g0055_treatment_00098,778c6c7b4181b6cf56844405412345686a14a39505b02c1dbc1904707ec7a144,1956
repeat_02,g0055_control_00099,df6900d5768a857e48dee3a54f821b19f24feda4f577c3ce415b9fbda292a43b,1868
repeat_02,g0009_control_00100,c29f4334c2a69d947be3d488d79fb308e9f07cfc18bb758ee2179da019cc5dd5,1868
repeat_02,g0009_treatment_00101,98b76c48ce36574b8545ba0e5158f9487cb121ee21f20db3cd6e8f52ae86de44,1988
repeat_02,g0009_treatment_00102,084fea24283b6d9ea4077486585ab7ba7f7a2084e532a7f16d9931e7909913a0,1988
repeat_02,g0009_control_00103,a8c86d33c0f6b5fbdc749c6f1530669d8be30502a9252a13273ef31ae52f206f,1868
repeat_02,g0037_treatment_00104,ff346f049fc144608ff566bfb090cee70ea3e338f609ec73f5c8092704e2b8a0,1954
repeat_02,g0037_control_00105,531d27c8e6492ab50a0c0a887720175c46469c31e7749089c90811fc49da75c8,1868
repeat_02,g0037_control_00106,45366b029523801170e31d8989d872cd02a528c606fc9e2f056b58ac118f128a,1868
repeat_02,g0037_treatment_00107,9eae295e554b1a8fa3fdc4f113931bab1fb7490d0c726d88a4720093c6bbe13a,1954
repeat_02,g0027_treatment_00108,1acb824b4bbdda1d504d5391971aba8d5e09ea190715e2c13be7aeee2a743bca,1955
repeat_02,g0027_control_00109,e2f0874a5d3deb77579cd71592ff7290dfd9092b5b4afbf7347d10d3f12ad247,1868
repeat_02,g0027_control_00110,3f5c6b736db6ebe633874afa33fd751db4a56b42c052c01e8d518aea1f706523,1868
repeat_02,g0027_treatment_00111,fec66f7099fd43f5ef00370835874e89cf859fa025e76cbe0fecbeb77274de5e,1955
repeat_02,g0039_treatment_00112,d385039f1ead56e82cb8998b542336509fdb2a2a0dc0a1188f5e4fca1ac3d4d9,1954
repeat_02,g0039_control_00113,3a881f4a40fd8114a8b90827367b9b30ddc4872da7b9da89f3f44eef59e38a41,1868
repeat_02,g0039_control_00114,ab651082e9f9afd52a6e44424d59daf462329b71eced59a3526174b08f5042a3,1868
repeat_02,g0039_treatment_00115,96dd1188509688ddc4cf6d4e8c5cd36161043aee3632b6de70dc799d51916542,1954
repeat_02,g0008_treatment_00116,2d79aa885899a932e9628653e10c58a98d46a1bb450a347ae27f4c1fe551b3b6,1988
repeat_02,g0008_control_00117,9b6eaf7d4428ba24cdc70e3dcc4192ece3e08c6830a5064483d9c87c948de8d6,1868
repeat_02,g0008_control_00118,7a270f2c0a133242196ddd9ab95b9810a9ccf283d83b150253729a2fc293b5d8,1868
repeat_02,g0008_treatment_00119,16633d5bba54c1b795b84a47fda1b74571ca135a8290584a5573e380e2a0fe63,1988
repeat_02,g0059_control_00120,482ed6dea9141f822efeb495ea7f71524897dac31735597bcc775b0a93f3e51d,1868
repeat_02,g0059_treatment_00121,c266c8f534250650ea593e4b70c983ad4bf7916a7e5cc1fb315967273da226c3,1955
repeat_02,g0059_treatment_00122,09ec5e67171a1218dcf526f6e646ba734247557912cbc5cefaa8cba4c0ed8a0c,1955
repeat_02,g0059_control_00123,d5e948d2d84e8e44ebe1e2889af5d70c6644293fa006e9fbc23ea7c28b0e764c,1868
repeat_02,g0003_treatment_00124,c3ecf0d2fa840e50f6464983ad4a6281e6d392356d0ee58bf25370b4c424f8a7,1954
repeat_02,g0003_control_00125,0f297a12de630f5dd4ac9610f840ec9f74efff5b8617622048a9642a02abacf9,1868
repeat_02,g0003_control_00126,62a677d3e1163406359a25b71f2613937cdeb3bb6afdfa4c8896b2d30f5444dc,1868
repeat_02,g0003_treatment_00127,7a2cbb802ca5cdb49bb15f0eca4e02c0b9f34389c4901abcad4b3dc6385d05c1,1954
repeat_02,g0005_treatment_00128,7057a17b07624befdbb5ebbe2fa0c58152abd547cafa4373677a09c230884968,1956
repeat_02,g0005_control_00129,0600d98847d5ee522b3593f4d5fa1e8f147f7136f629ceae3455c08df88f1ecd,1868
repeat_02,g0005_control_00130,e1f9ee1fe7e6b20f478a63f793951cee1d586781f88b279ffeb72a621b4364e2,1868
repeat_02,g0005_treatment_00131,888a6e6ed06806e44ea023092283b189b1d8a75d269a8ec29c980a70b65b1c92,1956
repeat_02,g0006_treatment_00132,461ba0ec5a5d31bc94eb60d0e6c28d2597a54947558c7cfa72d15ca762364041,1989
repeat_02,g0006_control_00133,32cdad877cc40615ffd309cc650a78a0824dd5555d9f1af1231bb77063e0896d,1868
repeat_02,g0006_control_00134,8f4953b2ce133f5b41dcee7b3b79b49e9a766191652eccb05d274415e271b7ab,1868
repeat_02,g0006_treatment_00135,001bf51633f8fe390e6dba763fe70a19018430fd852f7fba9bd83fee04481cf3,1989
repeat_02,g0019_treatment_00136,0215c1b3fd903cd3b8f0d4124d3a340c1edb5b77dc63429715d92b1bf7ebf400,1988
repeat_02,g0019_control_00137,32a6d829b1540f734a23e2caef9059c58a4f339d336034b2fc3b3d924989e8f6,1868
repeat_02,g0019_control_00138,fdb4dd167a934d81ce0e1abbfeaebfe2799d9151f5cbdc4f00491da6396b03ea,1868
repeat_02,g0019_treatment_00139,9cd2f5e73e001fc976cb73c4f785d6fcc59917f47660231f557d375c948ec562,1988
repeat_02,g0061_treatment_00140,eb4f70fc79e1a0ee3a50ac61e0bad81158bc313fe3141385fcb56a5e11ff887f,1956
repeat_02,g0061_control_00141,6fe29985fde4bd1f289242812f5e32b76768d5176770d44b8cf59f58a5f4b28d,1868
repeat_02,g0061_control_00142,4bf843fb850e154b6b5d29ed9b16de17937a95adb2453a69cf5783216e8ca369,1868
repeat_02,g0061_treatment_00143,531a0361f819dbbbd0f14b2eb0dda3195d52adb988cb91bcb38d8c416cedc715,1956
repeat_02,g0052_treatment_00144,fc73223b443945c5b7c1e4b4369ca6cb1f103a7b7fd0f37e5f4f2457f5f28703,1955
repeat_02,g0052_control_00145,3836ac0bd555a79246de0450c54cef421b3560277f719504a5d281939b919c5b,1868
repeat_02,g0052_control_00146,c6dcce37ba22f74cf65395a7ad39f87f0864fe98a8516380046d298a4d622094,1868
repeat_02,g0052_treatment_00147,16b2baee51b59680118c66e7c16e8b59a9f0b266d2efcaf0a524168864f5818a,1955
repeat_02,g0012_treatment_00148,78e9a634d336a37201da1a61c9f76974489ec5f0c537564509e9f1cc521d2e40,1956
repeat_02,g0012_control_00149,ac2b6d0d8785d3bafd9f903fb16366056c6ec962585a5e05d5f03f95470eb512,1868
repeat_02,g0012_control_00150,3618edcf4ad625c5fc855d09ee8060e10f676ada63c6cf11723843e26199fa9f,1868
repeat_02,g0012_treatment_00151,24e3cf465063af85aba33b2b3d62323954a1b1552fd48efd671afcc0ad19f8cf,1956
repeat_02,g0048_treatment_00152,8973fca3c6916a6f256908125d369da7aa62238c8fe56aabf4eb1cff290e6732,1988
repeat_02,g0048_control_00153,c050df4788f519d121b1ca2896f60d43dbb077909499e67db1ae32480ba23cc2,1868
repeat_02,g0048_control_00154,669c25138b2c5e01081cb90aa7bd458957a8a0f0ddc98d73b5dae042abe45f2c,1868
repeat_02,g0048_treatment_00155,a1db49a0dbecb987804206669e15f89112502727ab04df34fe4438def90a20ee,1988
repeat_02,g0038_control_00156,35787fb540f37c6f0647d141814eb335403c77b16c4c758a7e3108ce94bddecc,1868
repeat_02,g0038_treatment_00157,99a81f69b460cafdbf98a10f915b3b844de006740ae88279ada1826c4d455bff,1954
repeat_02,g0038_treatment_00158,697f773c268cc9490639b1aa8d5137f0c9905f6bcaa0d782a9a72d8df248bf1b,1954
repeat_02,g0038_control_00159,361e9078ade9a81d549b59bef7e449543a152d8fa7ad34cc9dd0b21d70cd93a6,1868
repeat_02,g0028_treatment_00160,a497f0c3fafe966396a95533af57795fefce74444fdc487b390f3448443dc6bf,1956
repeat_02,g0028_control_00161,4881dd1ee06fd0f0eeb5a4c932505e11fe8ab3a0d8753dcca82c7e6831796f05,1868
repeat_02,g0028_control_00162,08f2b1db4eabfac6682aa51afe92767213177ef0a2e551d1e1595a8c1da3aade,1868
repeat_02,g0028_treatment_00163,cc6ce20c0da852d287caeca99d20d2d94bb85e93b86c4d2acc4567f3b8f1f0c8,1956
repeat_02,g0057_treatment_00164,b20d48edc6b7af49b06993317be40de8f65091d604d2b4c359e56f4b68215d95,1956
repeat_02,g0057_control_00165,52792d4e831151efa03b41dbdb9ed6a5b8f08072565f789a38189abcdc1e8d82,1868
repeat_02,g0057_control_00166,43ee21a130290436c004c82d1dc9427e010bc1cacbda822a66a1c73413df34b5,1868
repeat_02,g0057_treatment_00167,13f861e267c9d9b13ef9917abfff734ecac14cd5b269501361fba996aaa8b806,1956
repeat_02,g0018_treatment_00168,48ef19bb5d855b1d2b050d2a7a57bfaa90a7e86814aca80032128f8c387af518,1988
repeat_02,g0018_control_00169,673c1430f351a90dfa26ce4677d4a34c7c283683a071a469d0f3b88639ec0ccd,1868
repeat_02,g0018_control_00170,b738e4b53b363d29e5ca766958f21b461f3b78b3c750d811b7b7e8b5fde9f5b8,1868
repeat_02,g0018_treatment_00171,966cb0187650a9d1e701f828b8e2fce041f56fe80563414665cbcf6365be7e28,1988
repeat_02,g0032_treatment_00172,8bf662aa215c69d047bb7f0d0ba582af001a8144f47f961aafbae9d3164f9b46,1956
repeat_02,g0032_control_00173,c34bb6feb782675f7718dbbec8045e53ee34ef5f501fa64ad2337e82b49d75db,1868
repeat_02,g0032_control_00174,3ddd2f1f8787da8dd6f31926723d313531d282b186338eff86255e80c1b78126,1868
repeat_02,g0032_treatment_00175,388fec9d1b39ae176fe46a434fd7a7e594d107a1d1ba32f68455c45e3458889f,1956
repeat_02,g0036_treatment_00176,3de7a986a2701103506293baaf5c4af9eb74ba099d763797399bd106a9233373,1954
repeat_02,g0036_control_00177,a42e67097cb9d1fad72f738e06336678034dda500f74c1e5e0c3adc7bc4c9f93,1868
repeat_02,g0036_control_00178,dfac7af9dd417316fda07726ba9f204336331a68296be65319236a25b7efc323,1868
repeat_02,g0036_treatment_00179,1feb3d982f181bf58b2e0eebe5e341d0bd18feef68ec9ca8a9b56f1076ab558d,1954
repeat_02,g0000_treatment_00180,48e93f8084f14f3cdf4da863a3ca675ea42d758bcd6c1ee2bb06dc704c71c909,1987
repeat_02,g0000_control_00181,5e1792800f2652f2a31997e62650752a1bead65c467710c49aa39c2279814fb4,1868
repeat_02,g0000_control_00182,dc8504f036bde9e95220a83200d1ddf9a68e866bcf3bf6b2b0f67f0688bdce0d,1868
repeat_02,g0000_treatment_00183,17b797c7e20562f1d67386cc3ebbdaf827dabcb71d3b385c883820545552c2f2,1987
repeat_02,g0029_control_00184,40eaab620d352d8c7768fc891802d446e823c2b17c767f6307edfd91ffa8f87e,1868
repeat_02,g0029_treatment_00185,58b2c7d19e4c6278377c51e9e5f36c93c202565d1c6ba4b26868975fd621fbbe,1956
repeat_02,g0029_treatment_00186,f7484705ddb88e86a505e01ab2568a97adf0aa61229f8a7b6022a99cd3459a9d,1956
repeat_02,g0029_control_00187,b94f97349e966bbcefb899cd6fc5aa1118004a5bd779ef5ea6ad65122aa69c3b,1868
repeat_02,g0054_control_00188,3b142d1470596950837193f199494fad2a576b31b96b0243dd2a95f767e2d3c7,1868
repeat_02,g0054_treatment_00189,815bff61166db0015df7aeddb0da75bd76acc6322d5c5c9540adc26f89f79379,1956
repeat_02,g0054_treatment_00190,99a4d2ac8a14adf27ca0af56b34e1aaffd57ff03309bbe44173344c89c9f3dba,1956
repeat_02,g0054_control_00191,3b8904dba125d7e54ef554aa9a3d7e9efe19e80cdc61b4de05f3111c9a8bdc77,1868
repeat_02,g0010_treatment_00192,242bfffadc0a09f6adf4888ad2082fbfe8f67d7f02e15e936272d292fc8d996d,1954
repeat_02,g0010_control_00193,f79e8c4c99c9b84afede0586ecdf0983731a9a3da40335da8a7cd33ce69117c5,1868
repeat_02,g0010_control_00194,492bde6fa5367fca78fc72171fc0f93e003badd356c6c960b030f4d643f64b80,1868
repeat_02,g0010_treatment_00195,c35553a074e4a80a8b8c99dec8d4a5fbddd1d423521fd0b10b069d4dc750783b,1954
repeat_02,g0011_treatment_00196,ddde95718aef4aeb9eef9aa187a8c50f49b861a7f707a5f6740e336460a2b6ed,1954
repeat_02,g0011_control_00197,89a428f0b12b7e1a879a990d21b546b4e9d88706c10733ad1a42e06114d81a2c,1868
repeat_02,g0011_control_00198,27efd98288ba4642871fc1fbf8f4732d1be3c4b0f252ccb0254e0461c1ac83e5,1868
repeat_02,g0011_treatment_00199,73c153ec5653592b580ab338818c3402471a71cdda198e88711f18be697fdda6,1954
repeat_02,g0040_treatment_00200,6acafbbf1ab273be0fac35f62201462cabd0fc4a446d97728fe8dfccd4420cdf,1954
repeat_02,g0040_control_00201,c012a6c717df768f132d71098b8fbef7e4bc6b2917038aa36a35ec29d78ff137,1868
repeat_02,g0040_control_00202,6818f7d4a8ae768bdb423cd0956d3b494888636bb3a8b8a7635d2b5726065b16,1868
repeat_02,g0040_treatment_00203,7c00b2f2207d7f0a15344f83cc1a6a27b6a74179908b16ca8f8a6b7e57193b37,1954
repeat_02,g0056_treatment_00204,340eb47b64573cad6118373d1522ff0569b9db4a38ef58af11aca01def5915d0,1956
repeat_02,g0056_control_00205,e55053717545a01e373e9425cddcf275ee1cf75d0139bc0e6202747406da32ee,1868
repeat_02,g0056_control_00206,c5e57d3f94e8ac4963b19e2629c4701583e3501225a8ee9797eeab606c4a6906,1868
repeat_02,g0056_treatment_00207,5c013c6e9bdaee2ac5e18befb0868302d87e9d03109e1c29dc048b3334380c50,1956
repeat_02,g0022_control_00208,bd13040bcdbf7049073ea3b3d70081c37c33993e2bdca7eab8c31df3dacac21f,1868
repeat_02,g0022_treatment_00209,42b6b7d3d942afe4175f863a3f392723da862441f5a7287c5563878888365da5,1989
repeat_02,g0022_treatment_00210,97b2ace5adea763f2bafc60a3d87e5422171c7277051067dc4bdd055024a80cb,1989
repeat_02,g0022_control_00211,3dc1abc8cf0a34c0c162eec151f701d7d896d2a115d40482d2e886679186e0c9,1868
repeat_02,g0020_treatment_00212,09e9ea840a935fa922b1bf0f5cf6021e43e8268af7c3c98ee3acb12d18ecc267,1988
repeat_02,g0020_control_00213,0a41b20fb8b0c093d5c0d484d889ba7d47f27ab1c9b2037f5bf6ec301eb9cba0,1868
repeat_02,g0020_control_00214,42bb294450c2bcf4f1a885f0efc175c0261787c6bc790b16ba427f34fbd1daf4,1868
repeat_02,g0020_treatment_00215,b884c169669e587e9fa08a7a97b9d4fa425181d75ecd23eb84962c95b9c7201a,1988
repeat_02,g0025_treatment_00216,b1937c7312385bcd86a2018c3748c0cb0b279fbd59bea640407dd293f8e0ae8d,1956
repeat_02,g0025_control_00217,d3cbfcb53107fcfdcbaa65459d2d147ea12940b0d5a5e4bd71c680f5877f0464,1868
repeat_02,g0025_control_00218,473da718766eb5862b62c77a4ccdb4d196e83e81e99cfdd1693cb91fcab98587,1868
repeat_02,g0025_treatment_00219,3adba67e25b5f4f1e05e5ce46e2bfbbb052075c664eec13ea65c675d1e257cda,1956
repeat_02,g0021_control_00220,9d22aa35484b60dbb5ef43e85a69a8ad078ff09be676724c4036568fe813606a,1868
repeat_02,g0021_treatment_00221,a8bc48d952b169343ca3b0b6caa16edc25e0ec791c1a461df066d6897438a9ec,1988
repeat_02,g0021_treatment_00222,dbdc17461ae42784227bad740eace29a9d172ce08b902d67a2a272f6fc6b9505,1988
repeat_02,g0021_control_00223,9bfa2cad1e51f346064dc918b47e5341fe435f47910287528419da45cc7c9a03,1868
repeat_02,g0016_treatment_00224,22120dad0ed88c00b5d322ab5fd60f49291eac699bc6e8d7e5464f18d0bf177d,1955
repeat_02,g0016_control_00225,99eed47ff2fb7b28f684d79ed367a13c032ea5f617b83af4c7ea5b2fb2da76fd,1868
repeat_02,g0016_control_00226,4bc68d465855f88c8e2ed4f14445a91e1ac916593f6300e0f7afe852528698ff,1868
repeat_02,g0016_treatment_00227,ed7d22ae8ab6104535cac73c879a53d591b0d586e2a306ec378fbc531274556c,1955
repeat_02,g0053_control_00228,e73d8c652e00b5aa1b09f18206ea3307dc1f24f04fd47133a43b6bbd1e850c3a,1868
repeat_02,g0053_treatment_00229,737148542b5774a76234ea74bd0084e4434f8505fdd3f5acb03bd12851c017b5,1955
repeat_02,g0053_treatment_00230,e3e5192acf3449cd3147e5cac1bfc65243b22bae3eaf3560b7e3624d825b9cdf,1955
repeat_02,g0053_control_00231,b149cd6d9003f66c18d23316d8c02eeb9e9cddb066d32d9c099457269c2f2eee,1868
repeat_02,g0046_treatment_00232,2928f47054906c0ed4631fa731add0a03199f1975b2da68e43c68ce458117f5f,1956
repeat_02,g0046_control_00233,199facd9e7387ebb1883e4ac561bec6a22e90fcb8c82f1d6411a6a4f0c307f38,1868
repeat_02,g0046_control_00234,42bfcd6c88320309eac2f47c2fa229657fe2e0f4cd8d2e4d4c8d9a2553ec872e,1868
repeat_02,g0046_treatment_00235,3d5ed27c51dd0f1182ec99de590ab55a28533ddc6fc2aa12c9cee75dd0ce8ff6,1956
repeat_02,g0002_control_00236,9c4c92603ca965190da6e180f13b000a69aedfb52adf5e1d70d35b14ab417768,1868
repeat_02,g0002_treatment_00237,f5879ac6f1cfa56f66fe9e9c9651de40ad39f9693e340fdd8d20c0155c8ca610,1954
repeat_02,g0002_treatment_00238,b7062708e014f7b724edff424629bfed674f52ee48a0cc28399c81fe5f276e5f,1954
repeat_02,g0002_control_00239,5eaf7eec270af8e9bbf4bb6271ffd3df3efab27b61d1142604a5d6f0a53e9939,1868
repeat_02,g0051_control_00240,203e4992f35b5ae81ecd6e3ef9dac5751518597701f52276ff97f6033f01ec4e,1868
repeat_02,g0051_treatment_00241,537fdf0c0d9a270e106239e551e65c26cb13a5bb5e2f99aed16cf12e0290941e,1955
repeat_02,g0051_treatment_00242,902cb7ef46b9db88585a272aa7e40b72c5e076ca87122c91ddcd15ddf4b336af,1955
repeat_02,g0051_control_00243,667103982e8b5cd20294675bb1938a179ef7b35a348e2285ff92c568874b29d5,1868
repeat_02,g0042_control_00244,16c1b053a2eeb42632c4968c67f62f52fc52d9881ee7cc841be3f7e2ef95b96e,1868
repeat_02,g0042_treatment_00245,2aa6de7155f9ccf1bad4741ffaefb30d0705a5a5dd859f72e3d86bb23098f150,1955
repeat_02,g0042_treatment_00246,ef42668be5ce5cfcaccd39aa2fc062c0c8fcb7c52014f59ba858afc1cf9b5480,1955
repeat_02,g0042_control_00247,4b9e74d2213f015504fcbb55b7c340dd3771df86ca541fe2b5f7d363b52c965b,1868
repeat_02,g0014_control_00248,d23f2fa9ab290f7b2687e566e6e9a993b91ea978b07ad4159de6c2523f17c796,1868
repeat_02,g0014_treatment_00249,a67aa19aaf899869584270c1de15cbd1f01d58c60e9fea66c6f6615400c72be8,1988
repeat_02,g0014_treatment_00250,30fc8c90af2e76d58c29f1d660e205be967f0a141a8ceee21ae668696d18c048,1988
repeat_02,g0014_control_00251,99d46f75daefd9db277af3eaccd4ff58e91b23023f7b899ebb8965fcc83ed68a,1868
repeat_02,g0044_treatment_00252,9560b50ddaa65cc9727d2089059e55231546b68fa38bc002f622dc09ee478547,1956
repeat_02,g0044_control_00253,672f826c651857da860a8864795b3a91499a547704da5e4c607c5c423a7b7bc7,1868
repeat_02,g0044_control_00254,8e03ca3a490a63bc86b79f744dfdc49df5c28f5c1407c7135c005318c0d00840,1868
repeat_02,g0044_treatment_00255,7f44d6aeefc56b167d16ce0f66792fc40d84af64d5484f1cdc77c631015405a2,1956
repeat_03,g0025_control_00000,6048f498341946de607ab8fcb76273844e98ae858f46cf486825b0dd3166a021,1868
repeat_03,g0025_treatment_00001,5e76910eca76d0efd01434e309aa88bfee461eeaee5fc84df35da8423a400489,1956
repeat_03,g0025_treatment_00002,9e1a4e2a904518d17455cd3815aa694a955fd6126b2b74573d4e0481679e3fb9,1956
repeat_03,g0025_control_00003,8b250f087f31482d765f4641210678f298be19ae00ddaf79ea37aa941d578fb6,1868
repeat_03,g0020_treatment_00004,fa122b14fdfbb920c9301304acb5c2cda35686b13b3f03e7df78363bbe1008a2,1988
repeat_03,g0020_control_00005,0f19cf38386b6368a88c0deb9372b5fa99a79bd886bc6aade96bfad6537beb6a,1868
repeat_03,g0020_control_00006,5a265f68ab3895da38eb07af92af65fa90f1a323134828033b3396a392502610,1868
repeat_03,g0020_treatment_00007,1271ef7e71f86f35c5fefb4437c6c1542af6ba7398006811ad0d178ba12cff71,1988
repeat_03,g0010_control_00008,6003740ea587535dbcf4a3ad22dca72d87d4ef3921b12d3b6487c139f00c7e07,1868
repeat_03,g0010_treatment_00009,0a1b0624dfcfbbfec771fe81c5ef66c8a7b08475e730d890ee8c41d3f8dea25a,1954
repeat_03,g0010_treatment_00010,48451a294518f8b4b108094ca1d71a56728a0b88593dae1d06dd4e26e91fac6f,1954
repeat_03,g0010_control_00011,0b7ff92079398cee28e15e01a20100bc7b6f4e6abb7355c63b9e08967abf274b,1868
repeat_03,g0032_control_00012,cb77732d247a92541ef3c4c30af1dcf185e13d0d123030b26da3f1a83200b44f,1868
repeat_03,g0032_treatment_00013,eb3dd2e1b00d3ca8b75f9f51a16afa344ba1f1f669d76f5f7283b478be0c8b93,1956
repeat_03,g0032_treatment_00014,dec85db4aef58db511d006af2e0610146fcb8ca48ef7224b5aa9237d52f8d1c0,1956
repeat_03,g0032_control_00015,ef39bcb0fdbad85b1ded59e74c5a52c6336478c308ab965bcf7d52d4c0079ac5,1868
repeat_03,g0060_control_00016,efec7f351f78f8ea51c72b48e491f42c74f0d626413202184f6ecaa7a2049013,1868
repeat_03,g0060_treatment_00017,4db9fae15d40d23ead931895dd5cd9555442aab11341a02e693d77274a54657e,1956
repeat_03,g0060_treatment_00018,3f88e4818aca263e32ea6260feecb1f36fd2e5cf42d4874fae79423783eae6b3,1956
repeat_03,g0060_control_00019,81081fa0719411005d932eb2f0a859384fa5ec6858494ff7b349943254dac0a8,1868
repeat_03,g0026_control_00020,eedc36eeaca2a21fe96246a3320d5d99a37b69de36a9990954122c6e5fb9a439,1868
repeat_03,g0026_treatment_00021,126d3c6f63b9e30249fa3cd0cc34023f7928839cc4ab548b541397bf1c14e155,1955
repeat_03,g0026_treatment_00022,30a2a7c6cb61264d59b1cc70b6b904d130228eb5df4cad48c9ff81985a082082,1955
repeat_03,g0026_control_00023,5c52c7dd9e9134f44ab456cb0dba267096862092acd1c116d30c92c1a052f9d1,1868
repeat_03,g0040_control_00024,457b0997463c40f4bac5b92677160d97e23ae4bd95ca3dc52e6485669c7cd261,1868
repeat_03,g0040_treatment_00025,b1f3ca741991206121d23233ebadba2e743f5a629efd667ec510ff79f44782b7,1954
repeat_03,g0040_treatment_00026,1784fbce6cb2ff1838270b8e3f57e4e8651ef37dfb865a1b1d91ec4d5471e31f,1954
repeat_03,g0040_control_00027,a8968c30e91848debf9b5b28dadeef9905d2307c27df67c38b6eea41bf2e7485,1868
repeat_03,g0046_treatment_00028,286310e8049a13bcc71f1093cfad2d21a2d903494c078305509ff330702877a6,1956
repeat_03,g0046_control_00029,c1fc996599f390a4af553d1b4c66b735e714e57b57c6950d8bad8fc134b5b58c,1868
repeat_03,g0046_control_00030,9b180852206fbb6910bdc008f5f12c166c7526b24ed9c4cbd6b5ac1b5883677d,1868
repeat_03,g0046_treatment_00031,4d6ff0a5b95d536c1acbeeb1fa726353de40d6e1715da61f8a36c008e23b9b8b,1956
repeat_03,g0019_control_00032,de792c489028d3038ece84cfccc8814db802f4bdf7eabb81f1acefaeb5581229,1868
repeat_03,g0019_treatment_00033,67c58bbf9f4e462f077490709d2ed7883d14cd16a9a5842414a1955ad9c95dfe,1988
repeat_03,g0019_treatment_00034,311428daffb6e587f4aa8f7f1713e245bbb8ba4f30f54233b9ff17313146a618,1988
repeat_03,g0019_control_00035,840c343ff878bc6a6eb4c03562589fa51b67bc7e90873f48b15e4773b6e6731d,1868
repeat_03,g0028_control_00036,d9d9c911c09892d573ae6c7d009301e822cff33c9a232ff68fd2c0f7279e5f21,1868
repeat_03,g0028_treatment_00037,35bc66db3f320feea39d9c9cfc315b3727c84d8af86e9dcaff740c10b047d843,1956
repeat_03,g0028_treatment_00038,b6f0dd2e7a9190a905686c403415da24afe07f40ff1cb650c77236e277eee7a7,1956
repeat_03,g0028_control_00039,ed799dfb6f9c97fb78c3742ca0e1f8729e7f5fa320c8576e1f61943c0d9e8060,1868
repeat_03,g0036_control_00040,b6c392e03b53a414749cbfcdeede13966c0a8e06ae90a6a10d30ffbb2c580ef7,1868
repeat_03,g0036_treatment_00041,145e78c5157f74686d938a80837d6f303f1aaef7767507c502a69a6af9ab9e11,1954
repeat_03,g0036_treatment_00042,92b7a271e81f0ec1a3d919aa24cd32cfb3c3977ee4683a69ae006ce06199d89f,1954
repeat_03,g0036_control_00043,0374b6aa7005d40b172ce9dc763deff3ba7987c5da0d5e3726836ed41c1f4113,1868
repeat_03,g0004_control_00044,2918a7f9f00f4e061427813335785f632c84ae94bc55384d47bc01c45d04226d,1868
repeat_03,g0004_treatment_00045,09d81b9c3486f04733790d01f9e657045bbb3e6caf75475b2312829dd099cabc,1956
repeat_03,g0004_treatment_00046,d6e3b334afd4d166cf2525b82819fc1ab46a9a30a442b1e61f8d69c3baee672d,1956
repeat_03,g0004_control_00047,63bb55cbdd706b2230bfe5662f9c6fc27816eda35a884eeb061dcb303277e8f3,1868
repeat_03,g0034_treatment_00048,ad0cba2604f6207ee177c6ce13ea656c33c62c670918e7f3e6473c8a6f8d0099,1956
repeat_03,g0034_control_00049,ea0b08251ce1192e35380f40e66aa94cea0663208a1f601dab8cfdcd9f9a3dc8,1868
repeat_03,g0034_control_00050,68ab8e05954c8a24365762df966ac23d1855abe3f33f2089cca58b3f6dc2817d,1868
repeat_03,g0034_treatment_00051,806965a6a02878e57dc8f6f10d2cb4d9d77b87c08a2ac0b502bd4f8549e22fe5,1956
repeat_03,g0059_treatment_00052,66820ce16b4cb89061b30cf0c19bd7a2a35d8d33d756f7fae800bfd406c6b29f,1955
repeat_03,g0059_control_00053,62cdcfe72622cc23efafde494902d80cbf2d32b05cb529b89370227c312a7385,1868
repeat_03,g0059_control_00054,0094c0b91a7bf8205b465fb6a881485683de6422f0f93a313a8919994c0507a7,1868
repeat_03,g0059_treatment_00055,18218a91d7704838527c704742569cd65e215d0ae396ee4ce40b2e8a5c86ac74,1956
repeat_03,g0053_control_00056,38f2653982f1977517aacc1310107d28569cc74df975d4a191b3bc052f1c1f0c,1868
repeat_03,g0053_treatment_00057,eb94414a909749034350e38b4464884ededfa393ed178071b306c1dbddd72809,1955
repeat_03,g0053_treatment_00058,4d05c9cc848590ddf659306f1a5233c3e6baf5d0704e5f5b57823b5b6cfe0a75,1955
repeat_03,g0053_control_00059,cfa4dd7fdca6a8dbbff6b1f2593a7fc9346e1518773793acd157c70356a9ca7c,1868
repeat_03,g0051_control_00060,ee29fe5dd4016e476ee964ca46c325c14538ac2a5d9614d8338f2f14730089d3,1868
repeat_03,g0051_treatment_00061,500c0fd3b634ff20244bc0a28e96c934bad8a0d35b6cef9207640eb713be9288,1955
repeat_03,g0051_treatment_00062,62712be7f9ef1c2b2086637a287cbb7feed3e8bbd2412fb022df15c1d066e3fb,1955
repeat_03,g0051_control_00063,a225c42d4e990fea15aa93037ec6175e660f177b771bbe00246762553bcbfce9,1868
repeat_03,g0054_treatment_00064,32cf91fd4d63d46228662443421d448cb232416f2fe55836b78ec38dc746cbc5,1956
repeat_03,g0054_control_00065,f0f3e6309d53125b9620691148f098bf40c211e42c244768ecd5a51b87e43851,1868
repeat_03,g0054_control_00066,7786fc062f4e3a187c061903e31a310594218a72cf3f4d60cb0838ef0596992e,1868
repeat_03,g0054_treatment_00067,eb4b0bfc4b8260f349550d04f7231df44bcc5d801736029d4adcce32f5737865,1956
repeat_03,g0039_treatment_00068,330fe6d8c30728ff476e5d285522246ba5d0741d0359e85789f540431d64199c,1954
repeat_03,g0039_control_00069,6178d4fd9c6cbb7d52ab0f42e514720af721bba36438102e8a4a491332b0c327,1868
repeat_03,g0039_control_00070,c4ff82fea402f3750f797dfa975e0f2ed19fa056139af3a4e4927b2b95363b25,1868
repeat_03,g0039_treatment_00071,c02f4169eb351be797988d2f002026a78779bbf1c3fdddbe6cf287e8b9034ca9,1954
repeat_03,g0005_control_00072,d341374f1bc22dd17b035085f87ead81a45eff7bd9ed0e794e423406c6db41b2,1868
repeat_03,g0005_treatment_00073,c6b8b60259a2374fc13f51f3a37cf842ad21b15f6cc52af8d6878774aa008e64,1956
repeat_03,g0005_treatment_00074,a9c6937a786115cf81469a9066d75b7b5800095bc52a975e54aef531de3b3f1e,1956
repeat_03,g0005_control_00075,5cfd4a23ed73a3541a35239f7004e1f5b64b7010ea2aed9b42c57da62f50a711,1868
repeat_03,g0058_control_00076,da0b52bab2afeb682900969d53360689b18ed18fe01030ed4b4dbfda4e0a7d3c,1868
repeat_03,g0058_treatment_00077,72499aa3b8b6ba3d834e638477559099fe4323b04042bde804fd3a9c5c69746b,1955
repeat_03,g0058_treatment_00078,4b8d19b1494e06689f789df17bfa1dd90aa25a2340bf9f68e18d13dd5eef1ddb,1955
repeat_03,g0058_control_00079,cc530914f1ab0d5344cad78920ecf8284072764a65cf756bda37c52f2a5bff0e,1868
repeat_03,g0016_treatment_00080,e1bedca192a8b842fa9ba3d47c239e7cc83043a8d1dfcd004b942d0fe20b668d,1955
repeat_03,g0016_control_00081,40b68ffaad08053674adf433e607f3916d35c4d510e2b9cf1359a5bca86f9f58,1868
repeat_03,g0016_control_00082,caab40c4e2fb7f401530aa34aa9230de695ad8337b6b8b7eaeeff038693bbacd,1868
repeat_03,g0016_treatment_00083,9f064f81252cd1cbfd69a87002e7f5be81099bd5c0560c22e9c795cd5b2ba930,1955
repeat_03,g0027_control_00084,35c01f2de5a782ad4668569e0eeea19e35dc196092948f1c272b1b4b3f2f7961,1868
repeat_03,g0027_treatment_00085,da2933a608ad74f900e1d5b346bca313c01e9d724c9cd682245d4aaaa3924970,1955
repeat_03,g0027_treatment_00086,93addfb0d59961d614455ef8ebc7d3afc753d67aa8563616de349533975f71d7,1955
repeat_03,g0027_control_00087,1bf87a856888e7933c021b2413182557ae46283a28d50ac5cb47d10837e12bca,1868
repeat_03,g0007_treatment_00088,d9c6208d5ecb31cfc341f165e106d56981afd92c2d2d53e06cb21babdda6b62b,1989
repeat_03,g0007_control_00089,7cf4ddb2cd2aa70e76836cec0313b27c58d327a3746385cadf56cdcbbf518fc9,1868
repeat_03,g0007_control_00090,3b370e9caac5a635a5ce49ec7647c43605bafa184529ee31205892d211487110,1868
repeat_03,g0007_treatment_00091,dd1e6b7b79e4afc542bf301f98aec15f38ece8a558ad20665dd564ca59a4e7cd,1989
repeat_03,g0037_control_00092,e49ee6b5c7d65257674e7a86180cf6bc50c12447cf8cbaca58c7cd8e380544c4,1868
repeat_03,g0037_treatment_00093,f8d548d3343e2b324193b00c9dd5f38be734073d95e802ffaea8e2535fcd7a6e,1954
repeat_03,g0037_treatment_00094,774a4080a8fa754302c9c7f36c1976f038b24fdc0598755ff974c0106dda76dc,1954
repeat_03,g0037_control_00095,8d5d5dde2cd16a33e96fb29a3c6e5d1a943add4560ab81f41897143471b78d01,1868
repeat_03,g0006_control_00096,54c05e3dcd28980d7688bbc0dff3b8e84795d6e4c38885b3c22ade565d0d2140,1868
repeat_03,g0006_treatment_00097,0759bdb65f57b403cd72c2b644defdc3ac7e0e95cd59a7bf51077e272f4d4f6d,1989
repeat_03,g0006_treatment_00098,74834334a637f2f51e139d3646da3e8c77c599565b9aaa6a8680c57887a341c4,1989
repeat_03,g0006_control_00099,599b821342c6be6ebbd3a61c5c0cd8e28ba7545b22b989d18367956b8af0d118,1868
repeat_03,g0035_treatment_00100,4863a71d4e74aee485a8bcc8c64f97df3039434c95cfd287f855e85b675be629,1956
repeat_03,g0035_control_00101,4908310c2cfb4d747eb74c7b5c164a301be410620bc2bbebccb1e4cafebccb13,1868
repeat_03,g0035_control_00102,7c9b5cd9549fccc5f491def0af35d835e15dcd30e953aaa7b836a43281799945,1868
repeat_03,g0035_treatment_00103,afba7435d0542bfbd3449c4229569ec21069378754bca87a9ee636ab0c4befdb,1956
repeat_03,g0024_treatment_00104,22f86637203911016857d418233999c8aa5d9cedd52b23d4c5ddcf1e418be7cf,1956
repeat_03,g0024_control_00105,97267d8d24fe90759b7e20953c8d6e6fc40cf42b999af73eca3a9deafd47a904,1868
repeat_03,g0024_control_00106,dbbe3d8dc34ef726f347faaebe25ad95d8889933c4c7c4c7b8bfff0660fa3ec8,1868
repeat_03,g0024_treatment_00107,dd2496b6e0907f0260df08fbdd53a6aff715f59838cc058a0fc2cf42cad1eab8,1956
repeat_03,g0011_control_00108,0b116fa94170dc179a1c518c56b78b83e8acfe178ef110500f860be3bb5a1eeb,1868
repeat_03,g0011_treatment_00109,df6ec63ae3a72d64a8a598e93c6986253e8aa793175e99ee8028e9e4ad8dcf04,1954
repeat_03,g0011_treatment_00110,e2023aa4cd7cb20ff76bb6262510e160f54061a084d3a461acc7f75cc5cf816b,1954
repeat_03,g0011_control_00111,e7628f3a63d6b36f8fef3361d026e2714055078450085d347af41e5020ddb4f1,1868
repeat_03,g0050_control_00112,668b51f0339274f1d601557eddf3aaedac4e7fffffbf09d74dcc1617d1eaea6d,1868
repeat_03,g0050_treatment_00113,83abe7247cf847876f603189015c15299c08b65874f7f27aef9fcde589f4e621,1955
repeat_03,g0050_treatment_00114,46237b4884dea3c29448f607520da6a4f47a2bb66b22a9f57b5a7e800d4d3e88,1955
repeat_03,g0050_control_00115,f74c37ce935bc2402317f6b4963ebc1c124010a13d7b2e9e3adea651f4385f86,1868
repeat_03,g0047_treatment_00116,b5db3119777420cafcd83000337f93e582ecc59354f522b7a614591fb7bafd0f,1956
repeat_03,g0047_control_00117,228ec7e06ae33df316628a47e735a763f23a067ea38b0dd8ffe0123005866ae9,1868
repeat_03,g0047_control_00118,c3cef379508b228ebb36adefe99057e6158ee7c9ba5cbe0b532e8d20b56ebb09,1868
repeat_03,g0047_treatment_00119,426b6ed7fa1ef8d9e393ca0f060b6f3751b0b7305127712d05bd798126e70538,1956
repeat_03,g0061_control_00120,09f7aad5490b0b2e9ce86d28dde7ba2b870b1064c4f8ebd025d954e9fe1dddd0,1868
repeat_03,g0061_treatment_00121,64f5badc48c0d986cd2306a646f999dee287144bc581a1db4253a8744b2556db,1956
repeat_03,g0061_treatment_00122,e09a26b60cbefdfe105eb546e102f0022ea4fb660acc0675c081b2153753b0a7,1956
repeat_03,g0061_control_00123,0d0c1ae5fa8417ba1a0ecd9b63dcb3b0b52ed2fe7afe452a5bdc25cd8a30eacf,1868
repeat_03,g0043_treatment_00124,d23b76a4c0a83226588635366936f94d9dbcd6fcd58bd2f9c64bb33409d403bb,1955
repeat_03,g0043_control_00125,0f22bbdd7833a6d12c0fb041716f75c0bcb3a608273243bacae25ac749a41328,1868
repeat_03,g0043_control_00126,b66b92629bc72dc6ecb37cca8c0862c257cd664ae6d8dd4029112cfb7d40b9e4,1868
repeat_03,g0043_treatment_00127,ffc619b3ab2f082a4aeefdd38c3858571e5d8775d5e61512d919f0feecb6d2be,1955
repeat_03,g0041_control_00128,570ce884511e3fc9f7abc6649c2ebebbed9cedf11ec0eb779deba247c07f694d,1868
repeat_03,g0041_treatment_00129,b497a6b913a4ea52e3b6a17ce65d15a57083bcbe974652f17e3c5ca3453e0344,1954
repeat_03,g0041_treatment_00130,a05b21044166033da4daf82032a7cef157537232ade5ea170343e5f9912eae26,1954
repeat_03,g0041_control_00131,64b984f53168b79ed4dfa238154a656bfb681196fdc529acb6b6f34c47e4af03,1868
repeat_03,g0018_control_00132,5f1833e762ab5cee9713564b0e2dd6c4c23399fade8188b8e379bc1ea22468ca,1868
repeat_03,g0018_treatment_00133,97e2d4a577212007aba4d96d474b1a967ec34cd7addbcca69898e638211da7c5,1988
repeat_03,g0018_treatment_00134,6b8478a8a513d819d9a553777044b48dd78b98a4672a09eb4981a7cd9b5f4049,1988
repeat_03,g0018_control_00135,c5c1f4c807f3639d7a30897dc34e004b23aa57593a7fb7bdfdff5f7fd32de86e,1868
repeat_03,g0029_control_00136,d87943a1be273e8876fbf3bd06f2f533751a329b4ed0bff3107be7b284cfe754,1868
repeat_03,g0029_treatment_00137,6abeaba6257a758deece552ae37cedc0451c1d4f55c7a8260677efdebbc709c6,1956
repeat_03,g0029_treatment_00138,7393707507f0c36d3770af080d4ac3774971a17b8a25ba29a866896a3e5b0dd8,1956
repeat_03,g0029_control_00139,5da02094c7f62fd9f1f025cdc5fdf860e70dcf5637e589c281891f64f2864fbb,1868
repeat_03,g0023_treatment_00140,6517d2797e773c6644353d5116eae5b30f02a5784f3d47c3ca8725b1ede5528c,1989
repeat_03,g0023_control_00141,52ec5e9d2d795168ae46167f7e0cc1f3747ba4c14301be946633cd6226f64d93,1868
repeat_03,g0023_control_00142,2a4b546a485df0001cf3e670615c5cda82922548eb3a60a93ca8a4a8a4c0d835,1868
repeat_03,g0023_treatment_00143,0d3c023058c3c193ffcb42c220343815d39a64702ea317f5d0b9a19ec2015621,1989
repeat_03,g0012_control_00144,5d7ee81a5e317c45aae4ca4e1935316e1379fa077e48b6e558cf3e8f4cd48a63,1868
repeat_03,g0012_treatment_00145,c75da3260bb7e84a5c2deb28cb306c9697c1cbd5b88e472635d81735a1565fa5,1956
repeat_03,g0012_treatment_00146,b0878ff9b1d186fcfa4c4d71057cbbef351a8a47b0b9477f96472cceefe8198d,1956
repeat_03,g0012_control_00147,2dff0b97408cc330d52f69ccb149d9036c52ee157a8c575b9b9f801fc3bd33d9,1868
repeat_03,g0009_treatment_00148,d7d12829cac95d08f3cb4914afbb22d67290dd8f025c8011cb1130246e2bea21,1988
repeat_03,g0009_control_00149,40de16e01b8be5bf6c5e456092e8a6e2c834d09b80df2743698b949b8ff6d8eb,1868
repeat_03,g0009_control_00150,eefd3e8999e78e3327113747b4032790b980a11b3c29f640761d55348aa61203,1868
repeat_03,g0009_treatment_00151,e42418f3a7a7f8d064a441da2eaa5f7e43f3577e82d2828f08c73b5eb1df1fb5,1988
repeat_03,g0015_control_00152,b91a7f84ba56fd2e11f231cd0c580ac9efdc9996cf347339ffef8d6a58eec35a,1868
repeat_03,g0015_treatment_00153,4df0fd062afcd4dbc4c923d5d9209edd74ac580b41d3075b39cc0fc2af14007e,1988
repeat_03,g0015_treatment_00154,b44865638d24a2d1bac8f837afe09520dbbc295854d002f23d6d4c541987a25a,1988
repeat_03,g0015_control_00155,dbd6a6925b1c14ea0a4b3917dd203f8402082d075ec751e87d56f76e902addd1,1868
repeat_03,g0014_control_00156,b8759425c101a96b12ceccd6f69b536de8c85809905bf71fa83ceff629af6b24,1868
repeat_03,g0014_treatment_00157,d6d7163c2ac93034e155119c482c6bf589414855e79f34f1865e781cc17785a6,1988
repeat_03,g0014_treatment_00158,092d4c821f7aed9ccce7c1ded4e1d6cc56ffba201ab0e0b7f7882af5d1f3a7ee,1988
repeat_03,g0014_control_00159,d99477e9d0c829ec27052729fc0eaf2c271f10f0c59713ecd5b2f74bc44418ef,1868
repeat_03,g0052_control_00160,5fd1f5e2dd0bce029073a22c581a5eadbc612d33fe59999918650be42b277436,1868
repeat_03,g0052_treatment_00161,66d8836339eeb0310dee08ca7594c0ac5f202ffdb7071b8edd14cbd0387ebccd,1955
repeat_03,g0052_treatment_00162,8440c1aa20b0e3a71226e8af33449a1e6189b8011ba39f3c7462b41af86f35da,1955
repeat_03,g0052_control_00163,abefd756d2713c9377319a3f2bedad4fe5af7c1f62160f872c6684d602e68f38,1868
repeat_03,g0001_treatment_00164,5c77223821684768a1277b4c737c39a2fe426800aa6b04c47d3e6b4dd01a49a7,1987
repeat_03,g0001_control_00165,f7cbccf1545b3227fe2350ffc38b675eae60c81c8f73d8a2a942d6eaab5e1bca,1868
repeat_03,g0001_control_00166,e5a772bafa8ffdf6c1e2401780c3fda3b630ed231ac8765433aa595366a2c961,1868
repeat_03,g0001_treatment_00167,9b9aca6d218de37e7781d472acf343d8f175944840af9040debfe0e50531c810,1987
repeat_03,g0055_treatment_00168,715f0a4661eb7c7317ca3b6f67d743ffd43bf076b12d36e1a532ec28f3e735eb,1956
repeat_03,g0055_control_00169,6a3dcda5beb0122441980b0b6a8fa4ba39bf2f3679378fc5cc1acf8d2102e595,1868
repeat_03,g0055_control_00170,746ce4301f7029038c1e6653a2ae3ec221123912b37ae86c505411d1f992c008,1868
repeat_03,g0055_treatment_00171,559d052d8a15fd1282c418abe0e680c734cc4063b38ccab4de656c003dc9521b,1956
repeat_03,g0008_control_00172,2f776d5ea7e6627f65e1318e5fd3738b442c24f3401f67d51de56f26f5c275d3,1868
repeat_03,g0008_treatment_00173,f8e24fd1676da2c9b9db666fa4a62cdf3add23e03fe7dbaaaceade89f05f1b82,1988
repeat_03,g0008_treatment_00174,8cd300a4043c54bf2a71b759097d4c183fb534f2750b566cebde85619dad9c53,1988
repeat_03,g0008_control_00175,a50e8f798216b9a3cc5e424d4e220ec4c6f2a42b9247a2a8c9a4eeeb7ae0a9d0,1868
repeat_03,g0033_control_00176,a34d019aa1ab97c552c459a0666691b36da2a4585963f97927a5589c43af3c57,1868
repeat_03,g0033_treatment_00177,6444efb4be05ffd76c414ec1d652eed383544e7b624febc593e91d9a4d91411e,1956
repeat_03,g0033_treatment_00178,419d49680d5e50163112bdcba84a7f62cd87ad31a15899d783ad5f5e7983664b,1956
repeat_03,g0033_control_00179,97ad1d525117b01f61348dc7d8d0937939323f1f145b458505c4782de06f3601,1868
repeat_03,g0038_control_00180,de195d6ca1a8702d3ebdc2f35f8517d67a4b6e5c8ac9afa954386b10a3a95cb5,1868
repeat_03,g0038_treatment_00181,63fc56993ecfce30a309a4e7081ec776e21e489d3544ba1f8d236a1d3b2d716c,1954
repeat_03,g0038_treatment_00182,016256dcde35662260c8572b93d28d888e043a9351db32d6d2c6a02cdb3d3fcb,1954
repeat_03,g0038_control_00183,6d389ed84a78ca503cb97c1a4c60918b31bb4d814ca9058724a32b3b9c1fc1bd,1868
repeat_03,g0049_control_00184,7d211bf45bb31f0c624cdfd07773e8805fb9638fa47c80e416353f9c9d98e37c,1868
repeat_03,g0049_treatment_00185,0c7a503625b5b5374f8972f3f3eea008eea96e2548648cd68d27e88ce826e18d,1988
repeat_03,g0049_treatment_00186,b42e99feb953269b95f41c21205abc4701ca08a12e45ef7a5f562b74d7280f27,1988
repeat_03,g0049_control_00187,382aa4f5c6dcba2f40800aa5cb728b053b1b674500b2418881d5a07ecfcd130f,1868
repeat_03,g0013_control_00188,99be2fbf1da941227c3a921c43de52cbdcf29e54319b6e4f006d28b12f65ed41,1868
repeat_03,g0013_treatment_00189,d50f7827c73441482f42d9b4e2a6ed440fbdb569d7e534c3b83b8a43c4322dc7,1956
repeat_03,g0013_treatment_00190,fb19afa1594127236d2613912e61b73c7f2d87dd7edd6610d1d4111ad0784d96,1956
repeat_03,g0013_control_00191,44205101e46c3a53d82c25d41b99992d0dd759684f671e0a2211c54e7dab2b61,1868
repeat_03,g0056_treatment_00192,5c60456c769d1b7c6c2a42fa3bbc45ca37e9cb1b6ddc4051f47a44d091e879e8,1956
repeat_03,g0056_control_00193,63e612620927d2ccdabc0e552e5a0b54dd0c147a02f266d700144fc40fc1289d,1868
repeat_03,g0056_control_00194,19d96536fdfb7a6fd88b3ccaf2db0cafef2c806211c57e9d9258b8af7e49c520,1868
repeat_03,g0056_treatment_00195,716617e1a9726a206e45e52c7b4635f76520711c265c753494bbe9e5a693964f,1956
repeat_03,g0042_treatment_00196,79680b94e548daaaae5328ad148c14ba78de9143e1eee3fe3c7d8879f4ac31a7,1955
repeat_03,g0042_control_00197,c0397906c091d072bc889df516892d4951774bf98fd4c10f5044fc2fb9207eb9,1868
repeat_03,g0042_control_00198,44db3070c0c51eab8ca3e33ea34ecbe9179429028068e090ba00e947f4ed87ab,1868
repeat_03,g0042_treatment_00199,85799cbde32325f00a6a1cd3cdec667d8ba8c181a86e10b44f09059577e1b762,1955
repeat_03,g0048_control_00200,f2f0ae1e48a3fb3833e94aec1eaab605055d84e2533191ec40cc3693943997eb,1868
repeat_03,g0048_treatment_00201,0948b7be56175f2987405331cc791851f29818b2c382712d26deaf9caab35fad,1988
repeat_03,g0048_treatment_00202,c6a6915787fc8020c7dab157fb70fa043e0b372aa2aebb08bdb6ae33beb81688,1988
repeat_03,g0048_control_00203,f6d60d5dd47e4769e00c896f39d38acde539cfbbf43d708a3c21ee58ebc70848,1868
repeat_03,g0045_control_00204,d2e94f57d4c7fc9d4f65c12c5061170e011fa65d40df5ab7e1301804e60b1a39,1868
repeat_03,g0045_treatment_00205,e23911299414b7ac2d459a1c605e309c58f55f1357a908728b6be27595178ab5,1956
repeat_03,g0045_treatment_00206,761081b1e8e31405100df10aa3c85fdfdee81d18ed34af035af0040e1e01f106,1956
repeat_03,g0045_control_00207,97ac461122478ff368b0b8579f0c82f8c593140489a889b3986b95fac1934c19,1868
repeat_03,g0000_control_00208,3e8ef04c174d65207a39527480b5e5abe3e9c19be1f30b3618b5223fcd1cea7a,1868
repeat_03,g0000_treatment_00209,c12962eb5fbfd5e5094d251235d4f6bf97e082956f361b08b67d74a6c403d862,1987
repeat_03,g0000_treatment_00210,957b48ffec85d81a9e433ff801f1338142028f7e184bf1d369f2db3cfbc5950b,1987
repeat_03,g0000_control_00211,ae417244ede905b313de25e9c440b3e4feb1f088504e3c1cf68cd4af8c309789,1868
repeat_03,g0044_treatment_00212,ca18344317a0b97e1c632dbe21ae2fe7d12cb19dd04895de596224c931d1b313,1956
repeat_03,g0044_control_00213,84e97fb79018c3fe469f2a3f1b3cd7623eb1e231c0b7ee66179b099a0eaff4c8,1868
repeat_03,g0044_control_00214,fdf121d4a609b34f6fd8fd94a370dcd64d2967e1a60bc2df4a639921de889457,1868
repeat_03,g0044_treatment_00215,c1bda4fe59b89ff6c68762a109e742a20b0ec5f4a47e046bc62bb3eebc7aa9d4,1956
repeat_03,g0057_treatment_00216,a5263e5ca7706229ef5bc20aeef31a10a3e612c4a16546de39e28a513f0ddd29,1956
repeat_03,g0057_control_00217,248feaba1f84c068e4225e6d657c090592e4b8cd39163f3c00aeadeefe8f83d8,1868
repeat_03,g0057_control_00218,88b5df71cda1da8fc0e57185680679278960271173961d85897b258cbbc339f5,1868
repeat_03,g0057_treatment_00219,44a141a4bdf4559a38e57a2e24238b2b96cbfea72727eaaad92046a1237e5d3c,1956
repeat_03,g0030_control_00220,44ef984567da6c9adcb084cb601cc64cc23e19beb1502242a79acaefca472908,1868
repeat_03,g0030_treatment_00221,2c9776e8070896c2eeb0126763aedcc72afecec8eb761ae295e175529eb65790,1956
repeat_03,g0030_treatment_00222,6863f9070f57a5db07afa747e8335cfc9ea8e35f540c7d09b368fba46ca1ea15,1956
repeat_03,g0030_control_00223,7bacaef988523636f064aab1e4bf62466dc69a279869cca82ff778f67707c32f,1868
repeat_03,g0063_control_00224,c62c5133b3120947245a91b53cce0a36167ed3894413c62b65e12550ae38230d,1868
repeat_03,g0063_treatment_00225,0acbbb5a6746563f3ddc7e6147543f09fc50e21de9e21b92b323c02b542e4105,1956
repeat_03,g0063_treatment_00226,0dcdb0fefb5576b5cb9746f51419ca6e32a8bbd5e9a9e5ccdbf4005d527ddebf,1956
repeat_03,g0063_control_00227,ee96995e24794bf26d9821aac4f4216a2e584516b48dd1e286939774a3590ad0,1868
repeat_03,g0002_control_00228,1d8285d1fa6368a483cd165ee1639e036bacb769e60497f2a2e190efe6991b27,1868
repeat_03,g0002_treatment_00229,769c639582a42c0fa2e3905aaec73680f68f9f524b988e8e53b1b54c73634cdd,1954
repeat_03,g0002_treatment_00230,27cfaed6dcb6a4fefd5c70ce35477ae6d09718c8de052ec934de4ddad4c6fae4,1954
repeat_03,g0002_control_00231,4d95389c1b129d32540fe41249373430cf7a0e43940656c74ec96bf4b6866154,1868
repeat_03,g0003_treatment_00232,b6c475f0e27cd2a6565a0c543bbe82d7ede07ccde7769fdd458ea20b1f222b95,1954
repeat_03,g0003_control_00233,85e86458da2b5b1fa38692c7ac407931e40aa14b1bb88ff6757c4010d2a1721d,1868
repeat_03,g0003_control_00234,d10d8e7dbeb288009cd8bbc7510bdac81cda4ca57a26d0fadef608c9d16decdf,1868
repeat_03,g0003_treatment_00235,f60078e70f171a08cd7fead6ced045b0456d65de0f4d3d182b0262ea304d59c9,1954
repeat_03,g0017_treatment_00236,b6b3cff08031dfc9129828ff1ceb6cd45fb3ff7b1de2ff9a4eedf58ee3a5c3eb,1955
repeat_03,g0017_control_00237,399850b07811b18f2e2698be46d264aef7391b9330fe51f121ffe4c283e44f3f,1868
repeat_03,g0017_control_00238,cd5f742bbabd667e8d7a6ef546978d778266748c029268167daad58c221ea3b4,1868
repeat_03,g0017_treatment_00239,da395d50fce1c207f5eb1ad495b6bae9b000d26da107ccef9cd81e77691914c6,1955
repeat_03,g0021_treatment_00240,8b3567645897307f720a07e8c7114b294970fdaea16238e3b7dbfe515202cd0a,1988
repeat_03,g0021_control_00241,5250f7fb4e4de07deed2393a46959c7651dda436105644dc9e8365e263d64dd6,1868
repeat_03,g0021_control_00242,23b69d0322087afd8272ae8c5d760540fccf132b6f8da113f69e94252e47fd46,1868
repeat_03,g0021_treatment_00243,72f9d2f2236615a031c1dd93beb52ee5782d001003c70ba3d94844341eb9fc95,1988
repeat_03,g0031_control_00244,504157964b3f6c430179a12492410cb7e6c0e806480bf90a3302c1d4c7888fe3,1868
repeat_03,g0031_treatment_00245,d5fa43432e18b318eaaaef714a2c54bda0ac52f143d6f5e6985ea97885f640e1,1956
repeat_03,g0031_treatment_00246,5e94a08aeacb8088b16375d266dd9cbfa5d8c5fed5b5a86111afc490f32f8c46,1956
repeat_03,g0031_control_00247,0f2e8277d7ce06f1376ad20a246757490933ee3a5aa26a4d1490c5ef335d0967,1868
repeat_03,g0022_control_00248,209dfdf0f9671b652942beae2ee35d94261d521435add41c88e26974d8a045e6,1868
repeat_03,g0022_treatment_00249,a7b5a3eef3ff75948d85a4d9778666c989d6b0e06efc1f8dc6a20c0453f626c8,1989
repeat_03,g0022_treatment_00250,281730f554e0271c0d271e8a2a97dfd4a2c167d95ca00676771541930c4641c0,1989
repeat_03,g0022_control_00251,641d5f285894fd7ed1b7a95c02dfe9306346034f3106026599d024a2b497d02a,1868
repeat_03,g0062_treatment_00252,a92fca6e092bd723418211276367c39f4fe1ede46a0df2bdd83f56c957c0509a,1956
repeat_03,g0062_control_00253,c56fc60f4039e0e1c1d928fa0bd2c79d288e209e88075af08ff4e9919de84da2,1868
repeat_03,g0062_control_00254,93011140e9ecd404424b56ece65d51fee291ffc9082c2878b9467b5e3d26c74e,1868
repeat_03,g0062_treatment_00255,a581f4174d98766cb6cd1d787285a90a65ea808da1791031528b4f339857918e,1956
repeat_04,g0013_treatment_00000,c1b37ea010bb8fce44079555412497ceba2b40d310753b250ddb18a7e536d687,1956
repeat_04,g0013_control_00001,362b3e230184438fec5eb6b39ebe7ac66025b7df3efca0f0b5b0bd16367ffc89,1868
repeat_04,g0013_control_00002,6a6d6898bcd2be0e796b183b7e5da8af30d88491a9b9be53088ae9cc2ff8ff76,1868
repeat_04,g0013_treatment_00003,c7d0f813c3476dc12a575a5cc24456166f79ae72ca2eb8cfeb96eb6063876d8c,1956
repeat_04,g0011_treatment_00004,3c0922bf209c150b9e967445673941692bc1af966a0580980ba72267d0a39c65,1954
repeat_04,g0011_control_00005,c635e3a1cbb65cbfacf3e1e0b2ce099ed801cc57401d4c411ef7d93ef7357477,1868
repeat_04,g0011_control_00006,cd15caf59f843c5aeac3702d1704f0f96cfba7ed9afd2852bf0136779e32b637,1868
repeat_04,g0011_treatment_00007,669d986d8b3a51f08f985bce50a1df73b05e71ca4d434a24f6c45660139a9af7,1954
repeat_04,g0061_control_00008,99d904756d08b6a0ba44cbbd260a64f2e1e7481406d844180dde184d96755cde,1868
repeat_04,g0061_treatment_00009,277fcadaffc9e98586471b4d49f9bb87c01d7402ac64e9c2691aca4d643c372b,1956
repeat_04,g0061_treatment_00010,2cc3d79dab3db1140b85716b7cc3482f2ed60ab83a4b8225fb048a9b56a3be15,1956
repeat_04,g0061_control_00011,12e64746f9ed21e37ae9866133a5285a018d71dae5a240a1c310422deeecaab6,1868
repeat_04,g0039_treatment_00012,d5bf16d5e589d4add9af8eeaa4cb5faf6d0648747bb0143b53bee542f262f7fc,1954
repeat_04,g0039_control_00013,358cfd13b24561c1008063eac5b941d13357e4e018a0cd47fed0dd1184a6c57a,1868
repeat_04,g0039_control_00014,8e12d6ec76807ecaf0bd52f9caea4b566dd9f718b3f148b77b018b3569d90104,1868
repeat_04,g0039_treatment_00015,e3e15b4355e3705ced533b58e0b29eb9ac73d5d3d84cecc90edc105c10d998c5,1954
repeat_04,g0032_treatment_00016,fc09137ef6adb9b3d6b84a149b84b8604b4d2428c326a1eb37e2534f35049a3a,1956
repeat_04,g0032_control_00017,bb3406826b1151f607b325349d0d6fe72502d8bba9ae93e462aae2ef66728087,1868
repeat_04,g0032_control_00018,e96097036e4cc02966401e1cd9618408fdad367f5044dee4081ce22eb44da018,1868
repeat_04,g0032_treatment_00019,dddc61ccfae6ca5da0bf63dec788749efcacf3947c144042768d964424a69900,1957
repeat_04,g0015_treatment_00020,25ed28d47f0a252513515324f66a318ada3c0bcf1d3a969e893a13faed951c64,1988
repeat_04,g0015_control_00021,1d573c4ab83627f7cf27bf05eacb81190927774d559ec5d4a466208a509728d6,1868
repeat_04,g0015_control_00022,b904b4e75af7d5b0b9bde39f8cb5e6925ca644125b0a92e604904d356dd5f331,1868
repeat_04,g0015_treatment_00023,d765ecdd9b84065859c55dd8dd3c7b5d4619af2f12c8b8d203a8f2d8da059d26,1988
repeat_04,g0029_control_00024,8594bffd8a5a2bab800065cdf1821c9b33446df2d1624e76f105fd618d6b2d82,1868
repeat_04,g0029_treatment_00025,b78e4b33fc48220ff21ff61ac2d27b88063576914a59d91c2f6eac52748d74df,1956
repeat_04,g0029_treatment_00026,94e9da1d264a93b9a1b05b98d4894ce2ab198ceabde6c0ef782e12ead93c2e79,1956
repeat_04,g0029_control_00027,17c762bf5a4f0dc1b0877ee988f08e8ad0e357c1a7e2edba34eef6d5b2577fab,1868
repeat_04,g0018_control_00028,46bbd2a93a35d5c2fbe3f1bcc26aebb2c9c1c5456bc40ede2f5f3a47bc4b5f35,1868
repeat_04,g0018_treatment_00029,50ae0ced8df7f9a79fb4f0f63c501af02e27f52865b1778a7a241c021e0a85b8,1988
repeat_04,g0018_treatment_00030,a3da8bf5beb78f26f57a825c176fe44157e15739ce2b82582734ab38e6577fd3,1988
repeat_04,g0018_control_00031,7c03f5b1db5db76b45e9728853815f750b5b2b450520f92d37460630b6fcb98a,1868
repeat_04,g0053_treatment_00032,3de677487b1d3868af0cd8d22e91236b104ac34e66032520981523c87ee54773,1955
repeat_04,g0053_control_00033,8f2e3f8d7c95126a8b26f8892d51fb3fa78b4a48ca44480c602c21f38ee66b26,1868
repeat_04,g0053_control_00034,6cae8a663483f25fe272a607bb6272b9d6f0f02df5ac5d640bc38167bc4f8258,1868
repeat_04,g0053_treatment_00035,819aabaa263ec358df91c8fe5bda8774788ddd9124261cec68fc9e05d4e1a719,1955
repeat_04,g0024_control_00036,b3fd7d52495c71d27e3e1173d61501e203f2bdde39253828604b3bd778ef64e3,1868
repeat_04,g0024_treatment_00037,69cd5672ec9d3ce2d6b51fec8b14c29be013493f0ea271ea273e2a42eb6e9302,1956
repeat_04,g0024_treatment_00038,7f8ec02423ed349e419fead3d61f0c7db8b9d14c5ae807d5e40be615fd59c1f4,1956
repeat_04,g0024_control_00039,11fec66749bb4c9507d96e3f2cbd27794e95795ef375618556e8a385cd42b4ae,1868
repeat_04,g0037_treatment_00040,bdae66504d1edb5fdaaa5f53dafa550387de9aa22fcd314305d667ebc2cb8650,1954
repeat_04,g0037_control_00041,a8cb7974e60726e1f6b4188c5e896c54c8112e392c8ecf2c46d4540b72bdf767,1868
repeat_04,g0037_control_00042,976ab4b369012e3c86c91f268c4e36dba8ceeb02ddbe1796d0156adecd690070,1868
repeat_04,g0037_treatment_00043,f8495e5a35c6e42cfb4641714c7bb9fa3f0c5b16cb0285405aef7024a618609c,1954
repeat_04,g0036_control_00044,0d70fb9a124f87e6ebcefb5a8927f2a043643c8b75459b6239b78c4d92e7b2fc,1868
repeat_04,g0036_treatment_00045,c224d8343082145cb5cd144f0b0b612993c49d4276a7772a238a89ddfe626e8a,1954
repeat_04,g0036_treatment_00046,ab5e9575fc47aa84829d7f2dab9f82a2d41e42cef95d1f178f2ec8c4f09d1e1f,1954
repeat_04,g0036_control_00047,be7e17c8ab68308ac601b8fcfcf94a0fff2908cf8c2fd2ba2d649e8a3409f821,1868
repeat_04,g0016_control_00048,27e6d82eb66b093a2fc746cf14c806bcb20a29b6ec97da0e543b378ad9a85732,1868
repeat_04,g0016_treatment_00049,205807a05c650e85eed30b5ed4c971d33bf03811bb2f31545186188254fea77d,1955
repeat_04,g0016_treatment_00050,970b849a32a68705df56459d36e883375ff27a74a5ababfa6b3e34b097b81cd6,1955
repeat_04,g0016_control_00051,96a5d543813043f13a129fd108922a2fa46b74ea386d695a0964b4229e268323,1868
repeat_04,g0045_treatment_00052,8228774043d5ab7810f343a8201be22c7911cbf8ea88fa66d9f1dc5657491dfc,1956
repeat_04,g0045_control_00053,a3c2a42a1d5a580527841f00262950eaf65b5298321da560e2ccf721a4f8cd43,1868
repeat_04,g0045_control_00054,806a8cf592da72a756fdeb4c5aed2dd8050e3a3184009504c63ddb8c914cc7e1,1868
repeat_04,g0045_treatment_00055,8adcc2c6191fe1429c3c73767e9b23883299fed8f9fd9e12ccece2e7ac23416c,1956
repeat_04,g0006_control_00056,bccd26e76296797736211e30738dd7c562958b4a7edb66a320f893df68f76c44,1868
repeat_04,g0006_treatment_00057,2acd33d7ae48170047ee75546de0ff0b2caf673f7f908e3877700892bcf9ca66,1989
repeat_04,g0006_treatment_00058,acdc75b876a0290a9ed88d4356229022fecc0ae3e1964e12b2676945a36df4da,1989
repeat_04,g0006_control_00059,41f96fb1896683dca88e884f3135355523c7065849f9cbb2d84ee0b160df9aba,1868
repeat_04,g0031_control_00060,13cbb75c2b20043e1520090b9f824d994935fc978ef594959edcc8fd8fcc31ec,1868
repeat_04,g0031_treatment_00061,0cee5aa04dd3766ea695a4604376152fd222f30529355b8e2fc27a220b41f715,1956
repeat_04,g0031_treatment_00062,dbfd7066a49e02e4de072d071bf382eeca69524ed4efc64da23dcd233e810239,1956
repeat_04,g0031_control_00063,0abc4a1284115a7de67119ebad98fa8fb1ac02a3d96f92d9bd09d8ea0d31fe5b,1868
repeat_04,g0040_treatment_00064,e86552588114b602f7f6d62c3a347784e591e47d9a88bfb8a9dfe5d67d750503,1954
repeat_04,g0040_control_00065,5f9498771589562a295d9c9a954dcd05dd6e52af85db6137bce60741affb1c0d,1868
repeat_04,g0040_control_00066,2438fcdf58af264f93b2a925128526567629cd06a155702081ca48e62faa1ffe,1868
repeat_04,g0040_treatment_00067,220faf7cf0667a47cda39f0d179d21d2e3db2f21d207882c0f8390d7f030a0d8,1955
repeat_04,g0059_treatment_00068,c93b5ce376667c4cafd8dd2f4107707a267c2c2bfdab300d41ad77e7f4b5c997,1956
repeat_04,g0059_control_00069,921dcf730ea3a5e380091400edd0159fe9c970ca269ea2c287eeff7ae4e89e23,1868
repeat_04,g0059_control_00070,55d01d9456af5bdd846cb076ce14b4f6254c35bf72f31a376b317791a6142c14,1868
repeat_04,g0059_treatment_00071,2b9f5cf1118845b0de8be1f13e8d6ec45d98d90e95ec463988da6fa23325b91d,1956
repeat_04,g0001_control_00072,a252b5262a178781357f868bed65872d9ee4de579f573bd33f404e5765a59e9a,1868
repeat_04,g0001_treatment_00073,1d582694bff885d32b3a063208f82ecd3ea3cad817c9e5c2a01edd2f9451d94a,1987
repeat_04,g0001_treatment_00074,c70372700335c27026dab3866fb9c4c920279b6289eec1c7a104132d18cb0f0b,1987
repeat_04,g0001_control_00075,bb82d6a83be99cf1aacff4d23765b59d74bb28948ad41afdc8862f42f9148664,1868
repeat_04,g0019_treatment_00076,b3905427aea2309aacf5056fee54e7f9663d8138d677abac7e23c1e7c91820c6,1988
repeat_04,g0019_control_00077,3a46f84989bbf1da0d1f202676fe79cd823028346aa10e0f9f25eac2504375e0,1868
repeat_04,g0019_control_00078,523f0f05cf3a9d1772efa1873ffa6a02c7b95d2e8641f06eb278049ecf0a1d40,1868
repeat_04,g0019_treatment_00079,440033d58dda67eaeddbd6514698b78b9707eac0c7593438a16c7372fbe2e91d,1988
repeat_04,g0030_treatment_00080,94ad01d8c8d9a77e7ed26422ea60fba6d188a3776eff4edfedccd11ac62ba23c,1956
repeat_04,g0030_control_00081,a330e0e8e809ca82266337449b19c02a87b49ec2eb45aef876ca7c95364e50f0,1868
repeat_04,g0030_control_00082,e907894227619aee5c2dd88c33c0acb175df97785d405387d5577d438feca4b9,1868
repeat_04,g0030_treatment_00083,7470f31fec427868069df864e4279c9368de85af0bb9c571fa0c37e7f64fdb3c,1956
repeat_04,g0026_treatment_00084,0561cada2de310cf2b375087e2777358d6bfe77e412488d742eb1a166d337e2a,1955
repeat_04,g0026_control_00085,12833d69abab47b68120307fa6ada2b8c2416c81f321371254862ad4a235cbf2,1868
repeat_04,g0026_control_00086,10c59b7db3c0459da925f7ef564fb21d4d7bcb039323f7e7334e8c53f8e62ac3,1868
repeat_04,g0026_treatment_00087,f946f23655bc197eba5d754f7014eddd60b15a97410f9d3857095b3d3a67fedd,1955
repeat_04,g0055_control_00088,4bf4e57473202e1f40a1ca14552697af32042edc6a39af9d470173b5c592a26d,1868
repeat_04,g0055_treatment_00089,a7453b44466b8b360ec95bbf210836393c51a69401895fbd6d48d4c21f5dc229,1956
repeat_04,g0055_treatment_00090,6815de657e09052c2035c4ef0f6d13279a53bda1c87cd45bbf000c64e1569297,1956
repeat_04,g0055_control_00091,c46267635b634db8f63c364543a626e2a21483f250f53c65507cb634a227f4cb,1868
repeat_04,g0054_treatment_00092,ab7be62e8ef70ccffc8e05af2307acdf6fad4a620500af5c0363766919b85e3c,1956
repeat_04,g0054_control_00093,a5c1343475ce4a89a3b9c6b10affc3b95f1e750ccb8db215ba4da52adbb65524,1868
repeat_04,g0054_control_00094,cd067dad9cf0573f8bc59b08491833f6b450d62bee87fa2ef98b073f47d41fd3,1868
repeat_04,g0054_treatment_00095,79e2988610e69d20fa642f0609050c499c5e44343b614a1893decae3dc0b0f2d,1956
repeat_04,g0044_treatment_00096,6f0bbf7ac2c7d8411e885189119077db03183e0cf6699670ae26bb5af84277d8,1956
repeat_04,g0044_control_00097,8a219e09274273545f56ced2f06d897ee07ad031bd0bb9147c092a5d916e7f9e,1868
repeat_04,g0044_control_00098,d3480fc99b0c584066e1ccf7e8ac8d6a318b0c5cd5016da7f51c5e5f6ece9f24,1868
repeat_04,g0044_treatment_00099,d03ef368a5cbcf49b71275ac88293742ceef6b50a2dabe6649465da4a335bf52,1956
repeat_04,g0012_treatment_00100,937c3ffa434a11a34ca75cbd4bb200ee6b5bb2bb046ce6109b4de24313cd69a2,1956
repeat_04,g0012_control_00101,e197368b7fbd7926a4804b5fb9e70a06e494f10814ac1e0f55ffe30ad027906e,1868
repeat_04,g0012_control_00102,572a3f7d143102e064b2b88a4a798061f9409922d99df82cf09d0d53ac5d1fa5,1868
repeat_04,g0012_treatment_00103,07eaa636150ef1fea38590c71aa838a1723b98aada40e1e8672685092eebbc05,1956
repeat_04,g0058_control_00104,27ab7db822313b3d9d77558d7f449d18c571cd185e9cfd898a2a79fbe7a06a97,1868
repeat_04,g0058_treatment_00105,00512b64120754237a38d7aa786b12b259233ccf2086f51c11a607cec505d5d0,1955
repeat_04,g0058_treatment_00106,8bcb2cd86784d3eb9bee92762c062dfe689881f0382dd5a92d9c55aa4dbfb015,1955
repeat_04,g0058_control_00107,84a8cc87291ccf09b9df47b0467e21952907c8a0d98e72486d46a7868a3ba0ac,1868
repeat_04,g0049_control_00108,3854148c132ec6dd4129d59b35986e8c92bcad57d1e61120fefab5db593e99c7,1868
repeat_04,g0049_treatment_00109,374e169e1298a0dbd19fd28bb825db5d39747fb3df147db003b1627fa5a2fce7,1988
repeat_04,g0049_treatment_00110,af765c75b4bb08b87090e7c7e163fe102d9c4298b44ea120c73c907938d3f3c1,1988
repeat_04,g0049_control_00111,ddf24ff13b1137bf29a3d75f0f9d61c55355f9ba066465da545070558fbc2497,1868
repeat_04,g0023_control_00112,a14993fa5f6394b1968f16d84cfa5fa842c84d5c1f04facb06130296b3cb16a1,1868
repeat_04,g0023_treatment_00113,432bc9f73778da27b60332472ad1fb0ece23a5e88f860871765682828500b0a9,1989
repeat_04,g0023_treatment_00114,6c698a68a285225f4937ec9eb16d5e3fe4a45e022c4101a2babd1f14a61dbc14,1989
repeat_04,g0023_control_00115,49fe7af3990db479e0946cc7a2c9ab8cb5dd57562eb737069fb3f310213be98f,1868
repeat_04,g0022_control_00116,be885fd94bc8b7a6149c8f93906c7847d944139682bd218175c964955e582c57,1868
repeat_04,g0022_treatment_00117,89edf7c2ea4ae814847fd08a37e9978fd6420312722a4c4f0a5826d14540c770,1989
repeat_04,g0022_treatment_00118,74940cfed971176ebbdbbc4707b0ee17e7befd7c326c093ad7f2dba3e891d1d7,1989
repeat_04,g0022_control_00119,ea680f16467c48c074f5c28738534530d78e4b26c9ae5c31571e91798d8fab70,1868
repeat_04,g0009_treatment_00120,4e5261293424a88b224eacaf262537dd005d501d726deb777b446fd0fabdeac0,1988
repeat_04,g0009_control_00121,dbc6d88841c95e46f9b14fb51457c29f36cb1cbfc08a29fe6ca5a1ec7e4654cf,1868
repeat_04,g0009_control_00122,e68363cf1fb5b817d7753b5d8b6d7885a8c092135dfada632abea14b5adac5c6,1868
repeat_04,g0009_treatment_00123,5584903180a9ae5d11b39a08985e3c695fc62611163e46e2507244dfe04e7487,1988
repeat_04,g0043_treatment_00124,bca46c9264f29a45d3dee974b1c4e9c6747c8accd523ce05ee5d8f583cc759c6,1955
repeat_04,g0043_control_00125,36f0ec98df5a46d7b7bfdd0acb15615f97a58a5036c6098da189415150d0fdb3,1868
repeat_04,g0043_control_00126,aa5c3fd45f4ad45f8c06d672563b30721ebf598e099b38cc15cba4493abb7a4a,1868
repeat_04,g0043_treatment_00127,2545b0740f59973c550e784078939af3482e7d9db08211254bea2cc91160279b,1955
repeat_04,g0028_treatment_00128,fc464720536b65b81bff1105e7cd93b75cac7a5f8a7eb833ca217e21e03d0677,1956
repeat_04,g0028_control_00129,0d078216283ebb2b50ce278fb6c8bb2763742acda3d6f3ac5c9378230060fd70,1868
repeat_04,g0028_control_00130,b5ef85a82d547e08eb6cd6ee7f65d95d5bc3fc0c5d5dd3411cacc3f1c9392777,1868
repeat_04,g0028_treatment_00131,e9b2714e166ccf88c7f7f06b5e9ca0762d3ba1ec3510dda8ab5f3e484372b781,1956
repeat_04,g0017_control_00132,e8092c10f5872a185c3a32f29115decfc74e603f0fb4a2e5fb97e413ce7056e2,1868
repeat_04,g0017_treatment_00133,40463bdfea17c62862d12b91f7388b8464243412aa1d7db39612ec844bc8c9f6,1955
repeat_04,g0017_treatment_00134,eb5a311fe42719fdfe839598ce7322b43810d6fb25851a726dad977611faab13,1955
repeat_04,g0017_control_00135,f13e8d909a447dd785d4a80bc97f7e47dedb7ecc881dececf526ad3caa700e56,1868
repeat_04,g0021_treatment_00136,0672e814441df61763210952f9195fb77b4b64ba031c394e76e1b7820a9f59a7,1988
repeat_04,g0021_control_00137,d3b6caa3815858785715dafbd6c4f996abaaf58d22a43ef109a55327ee2b0fd1,1868
repeat_04,g0021_control_00138,d102632595aadcf8c87fc706c503c7f00b7d7b853c35c9a061434e33176fd700,1868
repeat_04,g0021_treatment_00139,199311bf5891d71205c9a2cad90ff6c4052a15d5f3fec467035c903892bd442a,1988
repeat_04,g0005_control_00140,c2098ea6bc01bf939b4a6cffab833c585c092aeeadadcce4c36e1266b0ef7702,1868
repeat_04,g0005_treatment_00141,9c9b0418a9af588d5a369cbdb60f7db50bdf05b9ef23983740aeb581a88de446,1956
repeat_04,g0005_treatment_00142,9b570e2df4a1b1ae20e455090c59b0db4ac8bbda493f574f2913ffdc13354d6c,1956
repeat_04,g0005_control_00143,b516f8f751aa45007005bffff78d69e869a6c6ff3840df2fbe4c0e846f2f2e53,1868
repeat_04,g0008_treatment_00144,a763e8d93c95bdda3058b897031bcc345d65a10b52190c9671a6fbcea4a325ad,1988
repeat_04,g0008_control_00145,0cb79df476ae93e1a8adfc6a34e59a97b380a4997ef90907eede127374ca1050,1868
repeat_04,g0008_control_00146,344924234d9351da480b193ce50f8b48f8304b8f5832be82ff44ad51f2f12959,1868
repeat_04,g0008_treatment_00147,c9f6acb3fb4bf7f73818f45515dcca1264181434eccd230c60b2901dab385ab3,1988
repeat_04,g0041_treatment_00148,d42dc01c607dfa058672fec193f22d0f787c4681e20ac0cd023ba23ed04f0afe,1954
repeat_04,g0041_control_00149,c0dd6424ce4ac83dc5466cf0995400830075b8b470e9abf6aa720e95e7924315,1868
repeat_04,g0041_control_00150,d19ba8e1321670e518d17d5a255b968d605e9dd0d495804c76c0aafb21729475,1868
repeat_04,g0041_treatment_00151,3260154976e289a44e6943835eec879fa655e12253ce46b3cb1aa58601957c31,1954
repeat_04,g0007_treatment_00152,317c6381bfb69ac81c46a520561b7908f532fd1104b925c99801c36c7a4d32f5,1989
repeat_04,g0007_control_00153,d1ace729ef441b5a71b41f05fbdcb3bc4f40c09c271f9fe8d98b244d9516c76e,1868
repeat_04,g0007_control_00154,494d6aa019e55f967b64808ed0d3d14dc5b0c17510b2f44a2f2d4e892618c338,1868
repeat_04,g0007_treatment_00155,994ae4ffd7bb83e4940bf391f0980f838aee97a667aca76ae5ecc637c310156b,1989
repeat_04,g0027_treatment_00156,eb6c243a7bda3a852b59bc45a21235fd5a53d9a9c0819b2ba33ee8b7aa578bec,1955
repeat_04,g0027_control_00157,44f60349b3025310e980b34d2000fa6791900255199a1fc517d141fdb16b9cd0,1868
repeat_04,g0027_control_00158,b8ce7325c1ecce2d614aa23e920a39c38358de95054fd1e5f80436af130c15e5,1868
repeat_04,g0027_treatment_00159,c02dd1e18af61b02a6bb0e5c65ee3b25b910b2fcf621c79721340cf87a86aa24,1955
repeat_04,g0020_treatment_00160,34f8dad13c447b4bb5aef0770566951c4158d331a6851d4c50f4cf51bdf197a7,1988
repeat_04,g0020_control_00161,110893d0a0d15885b3f5eb3c51f83ef3a3fc2747429dd8a4b7d2b463a2a41ec0,1868
repeat_04,g0020_control_00162,d3f9539944c8d055762a2d18e9656f38bd5b8bee88b17964fe6b20dc00cd4622,1868
repeat_04,g0020_treatment_00163,dfef681c1847208ad69126ef718a48cf67031bfe1dbf977f8697dd4583b0380b,1988
repeat_04,g0034_treatment_00164,d220ff271039c871ab2da3efb1233afd7b054fd43d1fbe8073595b9f36c31dbd,1956
repeat_04,g0034_control_00165,cae626215bce2032e6e2aaddbf5d8f3c7ff4c8b76606a8f728521022d1ae0a9c,1868
repeat_04,g0034_control_00166,0b6bfd6383fd5d696351f9760ba93c3324cadb45421adf4195aacad8d444cf76,1868
repeat_04,g0034_treatment_00167,98809efa785dc76151cbd405565790b46e0ac3bc7516d692a400c0efad936994,1956
repeat_04,g0038_treatment_00168,16c8f959bb92c6de3777530b9c8fd7cf74d31130e8dfc4c2dbf1d1b28c56bcbf,1954
repeat_04,g0038_control_00169,b754f6200d4f5f807c3dab97a83d073636f21b6229f136de36a675330971d7b0,1868
repeat_04,g0038_control_00170,60702f7049223728fdd5cbb52fe9f580037510d78afb29d33c6738233f7c6286,1868
repeat_04,g0038_treatment_00171,1494729660a3c0a1366b523f2f87fc0abdfc84872f03b3323054c7728b293398,1954
repeat_04,g0056_treatment_00172,f225725e3567d0048d31993fdefadfe484a4277222b99b95a4d020810e1d8ef1,1956
repeat_04,g0056_control_00173,a80170686e1a5862779e6dc518ea93ce37e66cc643bb4421339ae728a1397e1c,1868
repeat_04,g0056_control_00174,d694dd180cddc8bdeca692e2e027a1451f3b5cbc916114555927179d2b705851,1868
repeat_04,g0056_treatment_00175,f9431faa3bc24f3dba5801b022ed89081aa45880bb0d80ffe362f70fabf4e85a,1956
repeat_04,g0047_control_00176,e9c0c19803e00fd9e9a471ac8d8a4e032651f181a0679a3b5dde9c47cbe2d4f6,1868
repeat_04,g0047_treatment_00177,7700cb53520c4629b18d97289cd0949b8f696d003eeb1974dbefb957db50d57b,1956
repeat_04,g0047_treatment_00178,f6e232ba3a0535ee0b126969e2701940da72429898d02ee9089bbbf1e80b72cc,1956
repeat_04,g0047_control_00179,e82ff362a9555870b04e79259d28649e2187d22810df6d95a2e3892e677f26c6,1868
repeat_04,g0046_treatment_00180,5299922e7979f0edf10054b85945d616e40b716ab7b0f063310d8d8f350b4a4c,1956
repeat_04,g0046_control_00181,5b0f2eccdcd1fa46677e2fa56a796bddb17e1167284d8f3240f111e0afd2b9f5,1868
repeat_04,g0046_control_00182,f50a770e760643618c228c66d5d5f21b5b2a21351f8d3776e9f0221064eb65d8,1868
repeat_04,g0046_treatment_00183,826476ba2b95a5aedb3f8251589ac2a38f31e0c83e0e29e2719a6242a95190d8,1956
repeat_04,g0057_control_00184,950523410adb8aab7eca9032cd299691a650ef7405caa3af38d7026aefe34023,1868
repeat_04,g0057_treatment_00185,acd7cc809b5cb007f18c78d3ec47d590fe4024895c6432daa15ff3ee81b3d576,1956
repeat_04,g0057_treatment_00186,ed1608a1804e34726395bca8a126e68b849ac80656d4ff44437175fbf8c14fa3,1956
repeat_04,g0057_control_00187,a7b02cdefcebc42999c443e81f3106e874c0159dfac90861d2f4fb2531857ef3,1868
repeat_04,g0051_treatment_00188,3d83edaa19a00d28f71ac6ecfaf592fbd808a47fc1f32804ca149c9e72761db7,1955
repeat_04,g0051_control_00189,dc05044fc242a89ee457b1787403c20a090330bbd22272ec28b38c7081f8e2b0,1868
repeat_04,g0051_control_00190,d9aebd020db207127bc08c4aa01a9da70f42a8363dcd43e1b1c9ec095ae8e4db,1868
repeat_04,g0051_treatment_00191,f45299cc8be96ed9402695b0da082ee36c641e8a2e6a4dda21de67e5ada646b8,1955
repeat_04,g0010_treatment_00192,9f531440c02e101ab9f782f1b64c30c1040ebe0a56e93a315c2c4b4c14ee22f2,1954
repeat_04,g0010_control_00193,79d25d21c129e8fa60f41bb3dbe29ef97cd1ec6a8cf9e434005985e06bd64de1,1868
repeat_04,g0010_control_00194,ced2dc6ef5427ed9e28d37b82cc21ad1a1ea242f788458f7667096d670bcef84,1868
repeat_04,g0010_treatment_00195,9d08b2272db08099732a872d94a82f9eab8ff9f3889ec8485388172b8c5869e2,1954
repeat_04,g0060_control_00196,517e18599726f3f280e8bc7de60eeaab740c57afceb6b7af14e708d2d883d35d,1868
repeat_04,g0060_treatment_00197,d3de6ee09ddfb25865c3118624e6995f62b1ddd75434d80145170e12f46635ca,1956
repeat_04,g0060_treatment_00198,3d1b7103eba9aeef9775b2eefe658990bab324bfa95ee79c6d6df89af3bd82fc,1956
repeat_04,g0060_control_00199,29fc56dd8e5d3f9a765998981bb4797439db1b833c3912d3014fe6ee2afd6bd5,1868
repeat_04,g0025_treatment_00200,fbfc9f1094998ab9f21f832bffd5719a6b56df74b6451e1d6f2cb2f7c7cbf204,1956
repeat_04,g0025_control_00201,c12894592d8b52c7130c1ec5e4b70f34a80dfbe2cb5edce5e60ec1078b624c67,1868
repeat_04,g0025_control_00202,508ea3ba16b92a544fd034e40276e74c49b127c2e346b1082fb2ba3994cdee12,1868
repeat_04,g0025_treatment_00203,cf54b5aa8828e07172574965d49e8e352a8bc222b0328e712f37fe9d9f7bae98,1956
repeat_04,g0014_treatment_00204,5a02619142033b234bbbb74451c6d80e133281a550bc80a76e6275473fab3f34,1988
repeat_04,g0014_control_00205,a5caf0b254424e915c7f39ed5f2035a69ca35f4da99ced279ced0667ca36bd59,1868
repeat_04,g0014_control_00206,e157b9aca27b7a0021816917d19cbc6dcaf9fb727f28c3524d44b6cabd4b97aa,1868
repeat_04,g0014_treatment_00207,d838437dc5c060f7f0fdfb0fb749ed63a4dd95977c2ccbc76faf96d388573dee,1988
repeat_04,g0004_control_00208,d9c78db21c7632ed3bfc8dd9073c959b8744ff47da166dc7e70b137bd4ded5a1,1868
repeat_04,g0004_treatment_00209,d1b011b061acb1dacec516751f6cebd9c04fae2e19bb2859ed782aceb9b85885,1956
repeat_04,g0004_treatment_00210,f67cd35c50435afa8a24373e3e2f3e9db52c2d19fc31d4b7ea2041e122d39754,1956
repeat_04,g0004_control_00211,2a088e1b2fd136863ed0fd8742cbfdebb552699b27b3fca0bb62e97490ec3134,1868
repeat_04,g0042_control_00212,e945d5656a40c69679f7181fa21b3fb94a08ad02286b3d7d287f5c514c34f4aa,1868
repeat_04,g0042_treatment_00213,7f546bf20b93d3bb27390d3c1430d3e9b1087ed82e0fcfa582146554ca401c11,1955
repeat_04,g0042_treatment_00214,6ececf2cfc01f0555b4cb5cae9575e65945b13bbf87812f8ade07b39a776977a,1955
repeat_04,g0042_control_00215,1357c3c8bc488a435c45827638481e904288e7e8fb2e10eb50aaeabf48c61842,1868
repeat_04,g0033_control_00216,44ba74a8b0675bea2459c7be5b15521b565521c53aef711cd6d40b7ef844eced,1868
repeat_04,g0033_treatment_00217,7d3e3dd05abd36ea66c4de2a091ae7cfad34a65f198cf7fbdcec131670bf935a,1956
repeat_04,g0033_treatment_00218,6968d9aaf30375e7a0102a5e7ac2330dfc371477ede31f030391d84e129d148e,1956
repeat_04,g0033_control_00219,dcbca4153548992e5bd2a83b0e717b97f9371fbadc855606a6489fc714b23a03,1868
repeat_04,g0048_control_00220,4778de61f834d865aa5e33f13761919d6bcb639b237b69c20fdcf17dcd0193a0,1868
repeat_04,g0048_treatment_00221,4766dbe42039a245220e2d92d74418fadb2ea2827cfd77674fb25987667ce929,1988
repeat_04,g0048_treatment_00222,3fcd66095713edc326bba73428710c6757602dc0037464bf5bba899ce391fe46,1988
repeat_04,g0048_control_00223,6f1a43f50c4b1fd5a2f3365da9ff3b4219b1b8b690a7c32e3eb70c4f60bd74f1,1868
repeat_04,g0063_treatment_00224,5f0e89df1ce283cf8951c466b0dbcf435b8956889c9367c55c2beb9543b522bb,1956
repeat_04,g0063_control_00225,d41ca8d4ee815a1f915820a46266e781f0b57aeba73710ba1cb704e07b3b8d59,1868
repeat_04,g0063_control_00226,8163d923e1033fce30abfd2b41d41eb176f2322a8efb4549ef1f98aa15160ffb,1868
repeat_04,g0063_treatment_00227,ec88b67060513b2c2ef584be0e7d06f02ea7f453199479fb8ead414f5c4230b0,1956
repeat_04,g0035_control_00228,a70f9c3d7ae91c0730a29d62f0fa011d45aa4397dd03d426b3ec026b49a10cd8,1868
repeat_04,g0035_treatment_00229,496c4416aa63061e4e1b7ad8d8a30035c5756c2bd17ef606e4b03f31b0082808,1956
repeat_04,g0035_treatment_00230,6df05c44e1b8f16e20956841b69270fbd2a6411c46e4e850c64f7bbd7b918046,1956
repeat_04,g0035_control_00231,3ef130a56dde2f60708eefc432c5be1ab9748bcce34f410b67c6916f5bfdbf9e,1868
repeat_04,g0002_treatment_00232,71bc85562bdb24e1a2d3e83aea8f8816c8c07181362a5617b0c6b96e4770c7f4,1954
repeat_04,g0002_control_00233,8ad3a3e3182b3bdc87e06ed9aa1fda76271d2940fe7aead1e47d15a6a7198955,1868
repeat_04,g0002_control_00234,cb89b1aca6069b0b06c58a511676bf174995216641d15eb7e58416f910811784,1868
repeat_04,g0002_treatment_00235,f204f9c671aa166cf8e60754739ee4399b9a1427362aabde66ff916e5afd90a2,1954
repeat_04,g0062_treatment_00236,4c7bda3e6150bdd37deb3508a36171a58c8a4aec5d96bf18708f65c4707fad76,1956
repeat_04,g0062_control_00237,3e57887e751f99b43fd026f5675a720975054088d1fcf399abd779b65b318939,1868
repeat_04,g0062_control_00238,f277001f099afe09d19da8bec6127a7884b7769281cda9716d2a3d9b1ac38184,1868
repeat_04,g0062_treatment_00239,29ed5c59ee79d1b4853d171d345e68f07d7039ae52e79bba4784adafbe8e7f72,1956
repeat_04,g0003_treatment_00240,3edd7fb0abde3fb4e4335609fd7fd5379f95104d081646118c10b7924a9a588d,1954
repeat_04,g0003_control_00241,c5d421db3721336fdc0a7394939b8f7371c4fb38ca462796d9734568db5ac17a,1868
repeat_04,g0003_control_00242,9131ecf6ca7a4527d54c077a8c01abc5c1cfbbda0174abb59b4f7105af349567,1868
repeat_04,g0003_treatment_00243,c900771270fc6052a3b87ac741fbf92e501c1f0448c67b550bc0f70815b5fe79,1954
repeat_04,g0050_treatment_00244,4ade2a75794578a262247ef3499040f1aa75ed0f650390193ec90a13b3e5114e,1955
repeat_04,g0050_control_00245,097e2077d6d231be69faa5138fa8366569622638cfc7a2dad1ec1b4e765ec65d,1868
repeat_04,g0050_control_00246,985645609e4532b2914777ea60042e30ad1c48744227b7a52d45bdc457d4b9b4,1868
repeat_04,g0050_treatment_00247,b63f38e0c538f8883d0c452d4943b925ece7f16dd0cf3aa1756ed73996ed3b7c,1955
repeat_04,g0000_treatment_00248,0eca25f1bc30512da4fa3ec3dfb3df9364edfefef9660006c09e61f7b4c8beac,1987
repeat_04,g0000_control_00249,529190bd7f852ecadf79197be1a1d5ff02301d16f68586b4cfac589346b6d326,1868
repeat_04,g0000_control_00250,1b6260368a5b98149b799d4d2671743ca06c7539b254dbeaa90f82226ee3c028,1868
repeat_04,g0000_treatment_00251,c1130031d33bada446237296070d7b4c93d044bcaa4edf93dc66501844e4e611,1987
repeat_04,g0052_control_00252,5648eef554005e6d8101bc4520a71d52c589ea9341d8d1b63cc7054bc2227756,1868
repeat_04,g0052_treatment_00253,10890443c73000be5021868bb6920818ffe06442401ab9e986ab9acb0f086dc9,1955
repeat_04,g0052_treatment_00254,10d77369534fc231a59a72b675d306e9fc982c10bcd855d708b98874bdcf7790,1955
repeat_04,g0052_control_00255,f8d9d962ee978016961bf070831dff93aa395c2c0d17662e70343f565bb94fdb,1868
repeat_05,g0011_treatment_00000,c77a8f2a7bc6b01991db05dd87b480ad0794cf3ea7a9b6903d9c4fbb4f22aa6a,1954
repeat_05,g0011_control_00001,8b2a4e08908f588b6c34462960f28e279a5605f1befba4513ea46c3cd2a2b01f,1868
repeat_05,g0011_control_00002,c669c93064b69c6c0344219b41f6feaeb5c990185ee2cb56cf850cbd65464686,1868
repeat_05,g0011_treatment_00003,f0ed20102b55427bdf39fbc4ec7570edc2170aa58204b398e91713b172b428db,1954
repeat_05,g0027_control_00004,fd4958958943b6a0e632abad8f002595dc11616aa39325729b8e6d58279ba491,1868
repeat_05,g0027_treatment_00005,50755298dec198af8eb7ea8561d70dcb3dd72cbbabc23bc6597a91ea0bb6a648,1955
repeat_05,g0027_treatment_00006,56c82c92ab478e5914e49b000031a92f9211cd022e8299fc847be8f0c06fc3fe,1955
repeat_05,g0027_control_00007,f09ecc04d29c0775e9d00f4bf8928f5c45b7a76848c595ac00fb85c371cd2371,1868
repeat_05,g0034_control_00008,d99638fc57173150776ab82d1d5df2dc253c19073fb6eef432816baf8a5387b8,1868
repeat_05,g0034_treatment_00009,b22a3637c450ee42198336a06c7f9cf9fa0521d372f83427be1150c7deb59a35,1956
repeat_05,g0034_treatment_00010,93e33f30fd7e6c953b67290ed5249b932bc86856f58549db65b6c243be8d837d,1956
repeat_05,g0034_control_00011,befb5ca3955ed82530ae99ffeb81bfc72ba60c2fadef4643e8d1f5c92e03a915,1868
repeat_05,g0057_treatment_00012,2ed35f188d9d43630c8e3f02c0658eb2726d7c6db277528d45fa8f881ee9f8d8,1956
repeat_05,g0057_control_00013,8a46bc64b92826898a1cfe101e2244d2fb41a0af67635e6f34c229d33728a274,1868
repeat_05,g0057_control_00014,f8b2971a17c6461709bfa211fe122100d8690a82ca7f41835243f317a3ae79dc,1868
repeat_05,g0057_treatment_00015,a6f9f93d83286676cf1e2f0216c1b28663e9a42dd90a0d8396f771258fe84e6b,1956
repeat_05,g0033_treatment_00016,76d8cdcb8484e697d5a928651aa4f319db31d39788786bcaa3fa299d36d2c581,1956
repeat_05,g0033_control_00017,cb0932adeb6270d712998ce300ace41cdcdfef03064ec6f3735b30a97e0d01a6,1868
repeat_05,g0033_control_00018,81ae8a8231b63f6b7c725f4f3663bb86caa2eff745dc0d4c608a030a59bdc933,1868
repeat_05,g0033_treatment_00019,79fcf61e4b48a3d9094e845eb82f1bdaea02bc329501be73965147c4c934fcdf,1956
repeat_05,g0044_control_00020,d993fe76f6c0077ccde3a21c22603aad480410a7dfce15a4f610cdd726b208cf,1868
repeat_05,g0044_treatment_00021,66be40046a6c5a924920847242c68b601ff99a7eec7291b69f351eca22284e56,1956
repeat_05,g0044_treatment_00022,4ac2c240b2ee89273a0404e5ff18c8c79133aec154d335e2ae39820cfea2cfdd,1956
repeat_05,g0044_control_00023,40dd2c8afe8d4fef61f571546d97a1b34d0275d8ad42130366a1258c3a43a5b5,1868
repeat_05,g0029_treatment_00024,152b5474981c248a47b39539357527f9f8b1bf7f7f0bc4ef26a6945abd980bfc,1956
repeat_05,g0029_control_00025,86a7c192764fbfa398f6b34104a5425594716404170938126f3182027c4100cf,1868
repeat_05,g0029_control_00026,2dfc29e6dbc27ef917ec7378f4f3264188a5aa6d4539fa349748e3de25d96821,1868
repeat_05,g0029_treatment_00027,70107db314dcb525e73d89c776bb4c819e11b04b6551c64350d8c9d2762bf4d5,1956
repeat_05,g0022_control_00028,021e6cbc03024468788d44a55eb8c031bb7fa3b518627da43146cc981cffd5eb,1868
repeat_05,g0022_treatment_00029,e747e5bae6aac891bd5d3cf483912fd1d9cc07aa8bcf253c45a7423192a07d84,1989
repeat_05,g0022_treatment_00030,7a254e31f6c8e952e5d5880e1a6cd9d5fef17918b0db749210816cdc331487c8,1989
repeat_05,g0022_control_00031,373d20d3539075fa73eef9f0cff7de49c957edecbaec2681b5a49c8967aae82b,1868
repeat_05,g0032_treatment_00032,0d819d1a6870b52c1302035f961f090a2b21860c42e7b76ed0e8466cc28432ab,1956
repeat_05,g0032_control_00033,591be4b2668498e84d70344e6ead00512bd7a54e996b7d92a4eb26cf0bbd7a4b,1868
repeat_05,g0032_control_00034,e1e03d78ddcdd8b3c734c6d9c3f9545d77f5df2767768e63b8fbca78be0b6b67,1868
repeat_05,g0032_treatment_00035,ce10ff97023b5d76c061fc810cac11edcf4c7da3d0560c116273ea83358819fe,1956
repeat_05,g0000_control_00036,93a5c58442b8c0cb5c38e2bb9883ecc1cb1750da145565f86914ed14f524ae53,1868
repeat_05,g0000_treatment_00037,e3266469765cf5c92a3403d058c0ade6232f3b378690b75e100e028b24ac47a1,1987
repeat_05,g0000_treatment_00038,38d493442d655e88a8b82662c12dfb980c0f28e08f98f5b711f8cf9463194db8,1987
repeat_05,g0000_control_00039,3b095dbb556ecc057691d7b777338f732cc4fe200e4dff214ae5ae6987fb9ce3,1868
repeat_05,g0051_treatment_00040,ca354f1c85c9512352cb6d58dddc4425f3488594a11941ada35f582ad4074c3c,1955
repeat_05,g0051_control_00041,ce6661e72d1526fb41cb5456c80f625ba2827b5ac6e0f4ea180f055818303efb,1868
repeat_05,g0051_control_00042,0c47281a5c44da223c927ea3e4c603af146df5dea88eb627301881cec3f35922,1868
repeat_05,g0051_treatment_00043,a9b72eaf07ad72d31177cf40c1463a56cadf58b91d3c2226761a8c708489170d,1955
repeat_05,g0049_treatment_00044,6433b10ad8d0c1a82a2cc23a1bcdbff88c970d0f7dddeb3b195741a9e28bb2a0,1988
repeat_05,g0049_control_00045,bd1926d8e6f2f1d76c0da028ba8b415faa1eb956b4be4f193349e58eb8298f52,1868
repeat_05,g0049_control_00046,5552c3f165928b10fcb0776c10e5d0d2fcc93724bb16d2cbf6d18a63763c3a1d,1868
repeat_05,g0049_treatment_00047,b4490df9249d7b075099a687a716cdbe271c9f862d234cac25b54c1187f5a842,1988
repeat_05,g0043_treatment_00048,11424a8fe11b09bcabba494612548111242af690b64c5a43a177afb7712ac9e3,1955
repeat_05,g0043_control_00049,fde8273a5fd984b7dab2ab3809f26b3bf95d6bc688036e42b3f355bac8531dfc,1868
repeat_05,g0043_control_00050,9287fb03883bdf4324273b860eba8176e2291a68e187c32bf9331e367af6c088,1868
repeat_05,g0043_treatment_00051,83272825de83ccc0efd5dca06b323616b5b8509e3727f28bc8ad5ab2dcfada1e,1956
repeat_05,g0041_control_00052,f60e0855587866c0d4b675fc6f32d79d2c754bdceffd5faf635215d716e76b1c,1868
repeat_05,g0041_treatment_00053,17d4b7489ca464324b2a504301f8782a21b97b90260d4fe6aea284f0135c0bca,1954
repeat_05,g0041_treatment_00054,e4cbcc982b85342de9cf772311224f682df6a9c3d6db44b1cb640683e63107d1,1954
repeat_05,g0041_control_00055,7cdd6c467123156ada6c83162094c14b5a33809f26e8884d672bb460998d6340,1868
repeat_05,g0040_treatment_00056,130129a733c56dbf4ad0add8f2075d1b04107d6aea2ff35fb199ddb150325d0f,1954
repeat_05,g0040_control_00057,47ec9f67f1d66c60e0597f35b8350caf6140c9eafb9cd12ee9576835718a8c8a,1868
repeat_05,g0040_control_00058,8db6203204b2340567bbe90930a9167ab82cb205faebcf8e3407185eee2f29fd,1868
repeat_05,g0040_treatment_00059,501656ae9ad766aa1c589466a9883ba94c9283e1a910378a23afab984a18ccfe,1954
repeat_05,g0016_control_00060,9dc8eab55681b9f6585a0f0be68eefed84d7887c7fa75148aa38500dc2ce821d,1868
repeat_05,g0016_treatment_00061,ae2abe7c811cdf1f033d89aa2bdded0e1faa745c7e647bf202118e0f195af535,1955
repeat_05,g0016_treatment_00062,a5c1122c833c0667af5a523d2f3bf57bb0351b3787f7c9c130baa20f0d1c30b0,1955
repeat_05,g0016_control_00063,9cf35eed0fec06fc262743d12ccb4c271fc25f0f67d885df4e4f86d2a0ac92f7,1868
repeat_05,g0025_treatment_00064,620dbcdc3eb4869485e1c550ad8cf01caf481da6b473182f5b6e92130d2f53c5,1956
repeat_05,g0025_control_00065,1a54dcb72bd6023bffc218756584afa2b627d26baf2b7593abdea987cfe076b4,1868
repeat_05,g0025_control_00066,968d8e29de8bac756dc5f5791a829d31f8ae73d3d8a5bae267ec7e6c3c54fa6e,1868
repeat_05,g0025_treatment_00067,ee8b3e27eaec810d82e7b1c71fe718cb1a476d102a956d13853230b37b3600f3,1956
repeat_05,g0017_treatment_00068,57c5a8cd08cfe34235fbaea2306cdab7cbb748f5128a871609899646f2a75c80,1955
repeat_05,g0017_control_00069,14af7add611575c5444657d4c51ef97c51b95fbcd8523f186595e0ca1a542403,1868
repeat_05,g0017_control_00070,794116fd92bb4eccdb063c4f9c076e3d93a5e8bf2b42f97105906ed9319ca58c,1868
repeat_05,g0017_treatment_00071,c8a77bebe277e3968bfe3b180a85b47b8d1f72465e386639059a0dcbf84c9570,1955
repeat_05,g0054_control_00072,3615d819a4f036dc72de7757d228a04e12cb775cf3605bafd065eaa807d09804,1868
repeat_05,g0054_treatment_00073,b4bfd3444d8a0f46108ad81b1615f3467431e4d693c29f2e3aa0a06f9b42a476,1956
repeat_05,g0054_treatment_00074,61bd4c186f30a804528382c151c2a12839b2d1a8d79694492f8b0451621deb93,1956
repeat_05,g0054_control_00075,8cfa37de64ea28403221a1624b63a43334b71aa0f1d571ab690fa7272c566903,1868
repeat_05,g0052_treatment_00076,889ec2e2aec35328948b1d76a7e355115e385448384303c4443a5dbd3a366d2b,1955
repeat_05,g0052_control_00077,bfa49d02e6ffcaf6f048747787fd2de36f03b7fb5d548b24cb80a529af82b678,1868
repeat_05,g0052_control_00078,7930a724781b04a53ffd77a702455d796c7476b1147c1e7d9084bb8c98e3837d,1868
repeat_05,g0052_treatment_00079,1915d54516e9d83212c0043341800afe3394563cce92e7a99af05712b69c97fc,1955
repeat_05,g0024_control_00080,341061623f5f425e210ffb6501c8643d928d6094413e846286437088b66e6b15,1868
repeat_05,g0024_treatment_00081,5d673777cce4309fa8d8a0c576aa54789de85e2e68b6c6e14d6998b1f8db2b25,1956
repeat_05,g0024_treatment_00082,f38ccd1de05c9d46370df13a1ed76794a9b7bbf2f69c1c2fb59e9792c276511f,1956
repeat_05,g0024_control_00083,847c259d0578b06c772748a7d5a47ee8908aa6f8d2055b9f71f3db1653f5730a,1868
repeat_05,g0013_treatment_00084,846225b789ba28f75c7cecb6c01c06b46b21ea6d9133891db1df165e9edc0167,1956
repeat_05,g0013_control_00085,bbd0f37d1305a5a1be0a658fbf51637b47626dfeb840d1da6c0b87ff67ebc30a,1868
repeat_05,g0013_control_00086,32f2455313d1267aa4ba55b12684515ccd721d98f7873297ce8eac54440b5751,1868
repeat_05,g0013_treatment_00087,d9b21bde95d3f9097c20a9e190dc54848f66067ff23bae49915e369d1e92a14b,1956
repeat_05,g0042_control_00088,a76f7d8d3780984eddfb3007d35ff1608661c6245e3e55eaf968d020fe2beaa0,1868
repeat_05,g0042_treatment_00089,bd368744fba09db10736474cc5a2cdf5f470db78dd6d82866f7d873d918eb0db,1955
repeat_05,g0042_treatment_00090,c9abf97b8c77675774671878318bf0568c9e1a0d2e52ccd5a703b7e10a392d36,1955
repeat_05,g0042_control_00091,d364527a3c170467c9c8ead720e6685e6f29951bac1064221be640f27c9995b6,1868
repeat_05,g0010_control_00092,1500ea73d739626600204c56b4b3761d20412e2a1da1731100d5737b9462e101,1868
repeat_05,g0010_treatment_00093,b359d8ceddc79410cb8c8a15db9b1463a04f13b0a998987916ccf8aebf188746,1954
repeat_05,g0010_treatment_00094,c1112053947da3ceaffcd17257bd556e583cb0baa07e52e8a08ed5d0c0683009,1954
repeat_05,g0010_control_00095,1669641667e39b050661419bcfbab4c6edbe196654d36fc3470a05ed64ebf237,1868
repeat_05,g0023_treatment_00096,0508a452baf56cc103a550422989ba1d9836ccdf3351771974294402b8dd57d7,1989
repeat_05,g0023_control_00097,ef62dea8565a6fc510232d488f5bda6c92ff51b2236a5c927ce34076ea801f39,1868
repeat_05,g0023_control_00098,df929b71f7f12504b6d783b239e22a1fabed6df4971ba8fc5c9f8642f3e6e208,1868
repeat_05,g0023_treatment_00099,c85b1a4c25948f4bc9a36770f3cfc72374e4d3f24fb55a0d6ee70916cf196eb7,1989
repeat_05,g0019_treatment_00100,c72755a53b83001f3335716f41d81ea43c9d23532c76bf83f4d30b5190b9810a,1988
repeat_05,g0019_control_00101,9e035fd35c0258c281b845e76135b2bca0b41cdc7f0094881c0adfcec659e065,1868
repeat_05,g0019_control_00102,fcc4e842ac72d96b8f364bf1734613fcb8b0d1327fb63f5c269bbd153e7cedd8,1868
repeat_05,g0019_treatment_00103,45348ae78ac89eac0951faa0bdd33f96cbaafff9b3cbc5ea3cd87111c0925e56,1988
repeat_05,g0018_treatment_00104,75eae4b4a726a59aa8e85c6d50f6071f6284a06731881013c8f77ee30dbe6404,1988
repeat_05,g0018_control_00105,07f10ac71578fc78968ed0ed6f7f4d8a42bb847925dcc46df94cd12e18441667,1868
repeat_05,g0018_control_00106,cc28b547f3784feab961bb5a06bf2fbcab2f15ebe4f9ca3e89755c475992f1f2,1868
repeat_05,g0018_treatment_00107,77ace08e17e96f4ce7604a916a4e57f41145e3db8339c90dd88e0b4ccf9d07ca,1988
repeat_05,g0005_control_00108,60aa198113c126d274f402fadcbfa71cec313640731b4fb4efaf0408ef313d0a,1868
repeat_05,g0005_treatment_00109,758e8b380c674516a50e0cccb3b82c571d683d48a862343da8adbdd720fc3e3f,1956
repeat_05,g0005_treatment_00110,baeb42cd321f806b7c1a6ca387a7522222cdeb8327e8e1ade4303b23fa83fc36,1956
repeat_05,g0005_control_00111,f729c4c6adc7d35ef956567c55d1b0bbcd950ec11bd1d8c863d762cd19367daf,1868
repeat_05,g0007_treatment_00112,a5e961f5e70cabcbbedf24c985de487216d61fc7d0bec2fb2033426967801127,1989
repeat_05,g0007_control_00113,132b39a03d3acd292d974b8a3085a0b3946d43869c489e279fcddeff4569982b,1868
repeat_05,g0007_control_00114,45a0910fbce392e9afb54fda30606acbcd7e9e46d2b8d853dd0a961cf467135b,1868
repeat_05,g0007_treatment_00115,85105cb931d56de4f4c839d0ba7734ed88777a852d135e0ecc67cbc107815010,1989
repeat_05,g0060_control_00116,70abedd639178b7d7f6cbece95cad91e2cf9c606a228edd1c0597db665c9f58f,1868
repeat_05,g0060_treatment_00117,21e4994600f475d2b2a834dba45de6b7a1eeb25e032454ada88e0ca933e5c025,1956
repeat_05,g0060_treatment_00118,eddb9d8f2ea27f6227bad57409c5d9e49365ebe3d251b0a77981ed79ca890b85,1956
repeat_05,g0060_control_00119,9d75f23602b423aad114586f57bb7b4ba9ab1e8bbb02d0829cf022006041a5ee,1868
repeat_05,g0021_treatment_00120,ff5aef4636f507ded6d97e06ee65d77e7a62c159d4cb50fb49f6b2a0a9e625fe,1988
repeat_05,g0021_control_00121,9966c06e61bb6afc711173a3bca0347c1cb6dfd7917d5ec21fd717ee08be7e86,1868
repeat_05,g0021_control_00122,1950ac8f9570762c3ed5a9744992839d2490809126aaffdb0d44491a586ff848,1868
repeat_05,g0021_treatment_00123,427a8b3d94a7cb616cae0fc41fb71563bee33c201531060424517b2df84d3714,1988
repeat_05,g0048_control_00124,4d3733c1688f7eb819d65539270d8dbdf7f1f736cf02abd0e2edc93b7ae2d6e6,1868
repeat_05,g0048_treatment_00125,b8090d51ff297df2c81f6aeba66ab31154c29f9204e0ba4d9e9f5561717d6fa4,1988
repeat_05,g0048_treatment_00126,7a2f808e1565cf0cafa6bf0607fe878aa9474fcd47ff2b063aa7535da9b53525,1988
repeat_05,g0048_control_00127,6cf0296beed5de565c9b6c4b055f6387d1ab77d759ca1b6891892d9578d2cd9c,1868
repeat_05,g0002_treatment_00128,e6f7f73ae37dff083d3d019720c45cf54eced3b2b2d7524c9872668e78cd82f8,1954
repeat_05,g0002_control_00129,1742c26b5714d70dde8689736fba1f2babbe4399f6fbe843bfb42f0829aac1f1,1868
repeat_05,g0002_control_00130,44f73f1b1f48b1a785fbdf6ba5a493ccea96ecc4ac7bc9429570fadc06ac9c0c,1868
repeat_05,g0002_treatment_00131,00b538ae1c6362f2bb5d629cf02a080c3df7d7705d44e28aa155f623e0801682,1954
repeat_05,g0009_control_00132,2fda2359364ce68db3a3c36f00b5b1a14f3de99ad3ca041caf657f426b97e16f,1868
repeat_05,g0009_treatment_00133,5f86edb1931150fe3d5632e8e436b41c8e67e2fe60a8410c1456d883a86da23c,1988
repeat_05,g0009_treatment_00134,b48e8e62f2e02bdb5cf692d1292ad4247decc466b97c58436816a4f5cd932ef4,1988
repeat_05,g0009_control_00135,0d950324fdb0841c4301f538ec2bf4a21c3c2b7117905b12b542a55accaee0ce,1868
repeat_05,g0031_control_00136,d63a8275f1a8ab46a4a677bae32c4f3e2facfc753302d323bdf2bdab60f7775d,1868
repeat_05,g0031_treatment_00137,fad1ae79126242cf5de149c16485de0b5b70e5b219db8f3011670394b608a89f,1956
repeat_05,g0031_treatment_00138,0eda0990c2510e08d044130c7ba26a24123425de049e4022ab7b426b679a9ae1,1956
repeat_05,g0031_control_00139,ac3271e214961216b39cb3a9cba8cb056072f1011a91722d4ca17071296dc113,1868
repeat_05,g0028_control_00140,0326feea789ce6321cda6a8857b5c1f3638e860a2682e7145aee8e4d7761a2ac,1868
repeat_05,g0028_treatment_00141,b53b9fda0b7ccbfa366020c430008e5e171ad082375840f2f7382cc8d035c4ee,1956
repeat_05,g0028_treatment_00142,104d39bd656495e194f06b770d718177aaa0f60e7ff6beee4da2b90707f30a49,1956
repeat_05,g0028_control_00143,d48b96f49bca91fdb8225ac5f2015964d2a55501fc2a3580a08218e39b9f41e8,1868
repeat_05,g0062_control_00144,bed2250d89963588eaa1337ccfdad2a768f029d27d4eb5559844bf1304fb9eb0,1868
repeat_05,g0062_treatment_00145,eb6d2a1c83f07a3e8d64e2ffdfc2999b095706f5f8ee6bcfd8ade502662836dd,1956
repeat_05,g0062_treatment_00146,e6fd9182f4e1f06cf83eef72fbc9adde7ad1b3a47269c23446b530c8fe81228c,1956
repeat_05,g0062_control_00147,f36e08796919afcd25c1bda493ec92280c6e33ec4f5d75fc511c592cfdcae4dd,1868
repeat_05,g0008_control_00148,9df0df2c6adf9486def141f73e59df09c28477ff8d7451effea7afa40cde1b5f,1868
repeat_05,g0008_treatment_00149,2c05f684e991715979792875318c87011ec88c572b03fd482417f8ac3038ce9c,1988
repeat_05,g0008_treatment_00150,c0c2c53a523a7385ccea44660a0ea890b132ce93ba8a5717b25c2e6a99237193,1988
repeat_05,g0008_control_00151,cbabc312afcbe99b499e22f142f858f708d2224be92dbea19120952802aaf5c0,1868
repeat_05,g0050_control_00152,13cc9543fb11060c016794a428351b9f9780ac127ce29189e878ccc2a19df7a4,1868
repeat_05,g0050_treatment_00153,dfa0bc5989bc1026fe95384ee556b3fc14b795d0325f9a00b406783c0dbe11d2,1955
repeat_05,g0050_treatment_00154,47e3fe82db35e3509bc439168ad4a0d21fa1b621f3411c3d68a187b395dadd93,1955
repeat_05,g0050_control_00155,16b4dfee7f18670ca55a78b247cab1db38f47beb13ee41bb69a9a056c4c38bc5,1868
repeat_05,g0047_control_00156,cd17af08adb81ba348c9d401f4049d2847e342560b221aa7a324ce5ebaf58eaf,1868
repeat_05,g0047_treatment_00157,1c4576b3af1c6535d984cfd24cd78d53925f7677ed91f518a7682d503590eec8,1956
repeat_05,g0047_treatment_00158,b69e42094ace3748c88486aa04890c4ca50fa624b2cf7489a032228f97bc0b2d,1956
repeat_05,g0047_control_00159,7b9e4e2efd739bab07a4d56e14e0d34e840bebfb7d3187e89fb881a81c550d55,1868
repeat_05,g0055_treatment_00160,0455989175b482d398988533c2a2f7eeb967969e8780a140f228aa9ecdb550f8,1956
repeat_05,g0055_control_00161,626f4a67ff4db64563d9d453f14e97d613cf8876dbe1ebc3559e3dd385e24ff1,1868
repeat_05,g0055_control_00162,f9694d1509253da4df99729bf9478b221281f844dda742760a5657a973a64431,1868
repeat_05,g0055_treatment_00163,a167eb3011135fc12ecab79b58c6c7971da50e9972808593f089c9995433519f,1956
repeat_05,g0035_control_00164,3ce547cfddbf703955db47c7d8d7535dfbc6ce89994bf70b678b4dbe6f190c04,1868
repeat_05,g0035_treatment_00165,70e4b42991ff1c1397ae1827df58a465068374d03ff42226f31b4366ac27da8d,1956
repeat_05,g0035_treatment_00166,98df3c5b00f0badb52bb972b91c07acd423ef29f0327a17da2eaca9a5f7a5162,1956
repeat_05,g0035_control_00167,6ec762cb58dd490144dd1fa5837de2f32c9fdf92577dd57ecdd87b92020a1a4d,1868
repeat_05,g0061_treatment_00168,da9c4b43614a5056223fa8b56b6028cfa32ab623c02c8e82ecea2c97176d61af,1956
repeat_05,g0061_control_00169,21818384a57a176720d584e5824eb49a18d0ce09cac1744c0c5f97173f1eb5cb,1868
repeat_05,g0061_control_00170,323b3411b21c3c00d96abfb40f9619a5394e39a0fb817961c4a03bca089c7ee8,1868
repeat_05,g0061_treatment_00171,e5250daafb02e85ddbc7de673e42a1b0bf179f5b5d93980347928a15f364f01e,1956
repeat_05,g0014_treatment_00172,ca452dbbde31e934380a5bb8dbaa4d03f6be16ce6c00fd901da67d8ebe782def,1988
repeat_05,g0014_control_00173,edc3a0c7512c4184b79381ef8cff946132981fc7b5649b873eae7e5fb54c5611,1868
repeat_05,g0014_control_00174,46ab079002688dfc1596696b5c63f4ccd6520bb37d08895fa9d6ea0b359e3739,1868
repeat_05,g0014_treatment_00175,203c163506b78d1268e274ea35093d3452c12c2ba8e8222e3b19f174cd365453,1988
repeat_05,g0001_control_00176,4ad0772ac2606cef763b26db89c55b36ce9e218a9b0f2ea7f6d3af183ffb6309,1868
repeat_05,g0001_treatment_00177,c90503c3f902a81beac9901c701afc6a2dec4c8096b0c0c850051b9ff1154c5b,1987
repeat_05,g0001_treatment_00178,42a1b544bd54a83e5d75571e7f1d255c022ed509efd3b133afdebab406475536,1987
repeat_05,g0001_control_00179,9d09c83a259502ac77ac48a50315f21550017cd92917f2313c49cd228a0964f7,1868
repeat_05,g0004_control_00180,afece90d29542b450e643e2fc8f35009f41c545f3ed3731cfaed93a087833d33,1868
repeat_05,g0004_treatment_00181,e80d5cd1cf3095109385d494ebdb9f5585f1b1dceb505aeabd23a280aec5bd0c,1956
repeat_05,g0004_treatment_00182,3b58eb971fcb34b85b02f96079192e3bcd02104e354ab039a897f5e4936eb8df,1956
repeat_05,g0004_control_00183,55d3de960c19dea25f436f9f465940f2f73cc048ea39fae0c5556b55bd3f63ec,1868
repeat_05,g0037_control_00184,190cd4d6eb4a34b5fc7f6ad7e7d929bcbb17857e1528df68a6a48e4c74fa5834,1868
repeat_05,g0037_treatment_00185,66c837a1b30481a1cd5bdea9ad17d7c44a5b3eca0211756e4a00540b741f6d3f,1954
repeat_05,g0037_treatment_00186,40eba07f1db842e5ff491072d4a4460554d62811444304041138dc61ebac3fa1,1954
repeat_05,g0037_control_00187,7fbdc7968390a0cf177b550c3389022f9117221bf4ed4194bf8a204129a10c47,1868
repeat_05,g0015_control_00188,e95673704a0da39d205e5d1ff162f4dd0e7d67c792ab6097e9c3ce03f49187c1,1868
repeat_05,g0015_treatment_00189,3cc1e0ef134125fc7095210c2ae3d20469273efbf7ca0905296aa878edd031f0,1988
repeat_05,g0015_treatment_00190,326724b06df19b8f364e88df2ba07207512c2aba447754efa0ac98ed6ec1e290,1988
repeat_05,g0015_control_00191,0ae0390129be27fe394a2d0a5d1969bb3ec41907affe683631027a2288a8b78c,1868
repeat_05,g0046_treatment_00192,f86142b316d073f8a23dcfb6ba87da3df6ebbe6292be12657105b733e9524a82,1956
repeat_05,g0046_control_00193,1dae1c4d999a6ddd0e0c83d19920bb72d39f7126f615c55e4b522bfa99e6c38a,1868
repeat_05,g0046_control_00194,b08e6772e233e0f3ba2e4eb2754eef73b2e38ea7d5cf56604b0053d0be3421ce,1868
repeat_05,g0046_treatment_00195,ba50516fc8a81358fda045b5a1e6f9c9adb673af13e77bb07f929192306ff7e4,1956
repeat_05,g0003_control_00196,58c91f2e8b4561bf078e4b96fd7a2dbac95faae5c59192befac4672c086f9f32,1868
repeat_05,g0003_treatment_00197,0beeb0211cd49315927b87e6957677df2b95ca736c2b1e5a43eafbce4a064391,1954
repeat_05,g0003_treatment_00198,08652f7805066d1783a7a8f31e155a55f009d7e1392f50427fd1fa45337f2665,1954
repeat_05,g0003_control_00199,a8813675d4bae895cf2dd3d076e6f6928fd316e46cc43d7947a8b4764b4c349c,1868
repeat_05,g0038_control_00200,6b53e3646c451c9318e219584aee19445d762882add300b19168d600ed1931b1,1868
repeat_05,g0038_treatment_00201,d88d14f32363ae13e9870c17e4724e6e90f1834210f0f405fb2641e253254504,1954
repeat_05,g0038_treatment_00202,15f8e934bba3c6bb674acc4f2d29ecc028f61f47d286cdf4cafbf4b95d1319a2,1954
repeat_05,g0038_control_00203,61867ae073c8f21ea37495883fa8728b87016392a26387f485ff75ca23032dc4,1868
repeat_05,g0059_treatment_00204,bcbbe8ce20d48b1ef8e6ad909f7cd9a681ddd7711380363be851230e1e91c46e,1955
repeat_05,g0059_control_00205,a1bc220fd0b7c0c443f97ad775d26f3828567e127df4b7939472f3bd761a0baa,1868
repeat_05,g0059_control_00206,8e00c8cc4442c87ea8d690bfbefd45b8905ec90638410a3aa281135767c1c605,1868
repeat_05,g0059_treatment_00207,983c525ce5f96790aa18071db0e5542d365425c9d6f79fddf1dc1dfb678f48e2,1955
repeat_05,g0053_treatment_00208,6e94addddc7cea872f3921d22d84452d0d59c8063603f06bd6d3ddea2ffc7e0a,1955
repeat_05,g0053_control_00209,b1638ce1f3e8d2712a55201f182f19f17e63d34e74093f062459c379cbff6322,1868
repeat_05,g0053_control_00210,4ea4a6b1b5ac2de7c4c10f30e6a6ac4644a5fd725b824c1b0a744dbdfec6a52a,1868
repeat_05,g0053_treatment_00211,5683ceb678724b4f56fac569b3b56bd7d3e1abe8af08c661a80becc4b539cedd,1955
repeat_05,g0039_control_00212,40aea71c9c5119217edcdd66116ba83f3f1b26dcf4dd648e6d96653923679dab,1868
repeat_05,g0039_treatment_00213,74ac13d7fdb5b90294072e57b10b503898711f30bdf72dcbf18ab61edbb9e378,1954
repeat_05,g0039_treatment_00214,2cadbcc1911143cc8d24e65f0a75f92772ed05079ddbd4d42fde78349c493350,1954
repeat_05,g0039_control_00215,e2ba225a589b878c2a7485c49bb870323fb7889470dbb6faa3d4889bf5a22a03,1868
repeat_05,g0026_treatment_00216,4c98923d474d8b767554317566f7da7b84ceb2412556ff65fd2496869759cdc4,1955
repeat_05,g0026_control_00217,6b9dbf930ba1751ace0bb0bf560814500d0c9cf278808c4504852b028e2f740d,1868
repeat_05,g0026_control_00218,91c24afce57c58d546b51c98c9ff0f949f31dce990e2192f6b6d8fa565e101d8,1868
repeat_05,g0026_treatment_00219,3e613fff79e73cbf9e2d50279288bb58020903574fc5497f7e2728ee25f27172,1955
repeat_05,g0006_treatment_00220,3c7923d63445823bc0942729919fbf3a0b9321c4179675a13c26dfd984644afe,1989
repeat_05,g0006_control_00221,fd7c1ca3bc96ad9907e4c36e73e17ed0de73374f8f63f0920d2f7e43d7f3ac18,1868
repeat_05,g0006_control_00222,14d7831ba72c418a83683b009b898aa97c0dbbd36511453012eb14c073217456,1868
repeat_05,g0006_treatment_00223,c248f79e08054c5c71637871914b904bbcbccc7768d350a7860b253bc63fadf7,1989
repeat_05,g0030_treatment_00224,f92fe4dfad83ecef794f730d6f3f74b58e8449528e9998b2496f442210751449,1956
repeat_05,g0030_control_00225,442cbf816e44c6b20df0d9387f33fd5821a148c47e6ef2e189beed05cf9c872d,1868
repeat_05,g0030_control_00226,691c599e9a79b97a15ac22537a81e55da68a2a1a8cc852d6b91d121615279168,1868
repeat_05,g0030_treatment_00227,dddd3c831abc4356a6d3033523dc67cd6b8bb4f111013e081f1d0ce749185bbe,1956
repeat_05,g0020_treatment_00228,7ac1287e03c7aacbc54b46bc1a6ddae3425a9dbcd81374b315f301d8bc72607a,1988
repeat_05,g0020_control_00229,90947b70bbff625043dbf60220422c23da6380f95cc04bd4044ca1d0533db226,1868
repeat_05,g0020_control_00230,7178d4b91666d7d4ad6a36a44dc6c50beb01c2dd13ef9ec53d4f19b6e8c74c4f,1868
repeat_05,g0020_treatment_00231,ace0960c47f74ab37950acd904051e70628c1b40f662757930d29117fb3ebae3,1988
repeat_05,g0045_treatment_00232,c92c83b81f57ea11bbf18088fcd8a5359196ae491341a5cd559eadcad487479d,1956
repeat_05,g0045_control_00233,bdac7d19ff8c8dcf594fd415ccccf3470a29a7299b8585662996d0ae497ac358,1868
repeat_05,g0045_control_00234,f17ed52fd8d0d2509d782d321c6bbb4cb099b576e373d939521ee49daf4408d8,1868
repeat_05,g0045_treatment_00235,fbb1db587496a49aae69b0a6ba02e9b9a9563fcc8302dc62b5c9832ec71a53b6,1956
repeat_05,g0063_control_00236,18618864dc16f911a29bc0f322470ccddc3af11cc62d6eb3085cacb68639d012,1868
repeat_05,g0063_treatment_00237,248d17a57586cb182cc38b181cc97bf7b2a5bc0ae49e794c071391f652cf4931,1956
repeat_05,g0063_treatment_00238,94ef370c35354ba0ccd9d87499c4792c1b6616bee6615432d1df91e15cc9e540,1956
repeat_05,g0063_control_00239,054ae03c63a839c62106a6bc9c8fc5d19cc11ab310ecb252da2bba7b20651d4c,1868
repeat_05,g0056_treatment_00240,8a46ed5211088513c512ea3b44e9e3753807981611b0718f3fdf3da7d5680faf,1956
repeat_05,g0056_control_00241,a7e6a8b28bc42f272e0fbf27ac76b2c6ca18641f7626069c7f5df5a5c51d7640,1868
repeat_05,g0056_control_00242,642ccd5b541911f43f16a08931c8262c0ee6fb729d43f2811e465889984b196e,1868
repeat_05,g0056_treatment_00243,f02db3926f8b734d961dc751b0e1b2e334bf4de819b24e0332419eed0978bddd,1956
repeat_05,g0036_control_00244,ddb3db1de4273f16c6abbebc5271cee16e7b2d243e84f3a8a7daf1569079e9d0,1868
repeat_05,g0036_treatment_00245,25c041ecb844f91fe90e662fe02519eaec8d4cc745eb7f24ff9f766a8acbf6f9,1954
repeat_05,g0036_treatment_00246,a5accca06c9c3b1943594a92fa6daa5a496640929af9a3331c26529b6beb7759,1954
repeat_05,g0036_control_00247,0a10c34cfbca6c11548e67e324505596ca672fad3d20b586475c7cc0b24e51c2,1868
repeat_05,g0012_control_00248,9c208a848a681e7a8f1dc03d61ddb3eea49c5abf218790e240bc3301c8d6e3ae,1868
repeat_05,g0012_treatment_00249,9822217101cef62c1066c2fcfef47ced515d1c00a3001daec957adc2e8f80d4f,1956
repeat_05,g0012_treatment_00250,4661e0d8bfffe7ea30c16c1870d2e1870a429c33ac473f2a650cb051aa018ded,1956
repeat_05,g0012_control_00251,c8ab3414147d6ef2c6de6c733e91bc284f7e8a2f1c622425f0340cf01cc8e6ef,1868
repeat_05,g0058_control_00252,8aac84d9aff49fe2c7da38aa64b021f3a3402201d7cd4e98337f22b694b8d1a5,1868
repeat_05,g0058_treatment_00253,2f119c424dcea7bba7548c27e491d30a7837f6d484b31a12728c60be9cad97bb,1955
repeat_05,g0058_treatment_00254,f532f47f13bb9e88ed11b974a3be5752d293821f9e5cf1b979e4c156f3385c0d,1955
repeat_05,g0058_control_00255,fae4b81bef002d855eec5edb1c83591f0782a55ba5ae985fc2933755d862f175,1868
