group,probe_src,probe_dst,background_src,background_dst,probe_bytes,reply_bytes,background_bytes,window,category,XY_forward_same_direction,XY_forward_opposite_direction,XY_forward_shared_internal_nodes,XY_reply_same_direction,XY_reply_opposite_direction,XY_reply_shared_internal_nodes,YX_forward_same_direction,YX_forward_opposite_direction,YX_forward_shared_internal_nodes,YX_reply_same_direction,YX_reply_opposite_direction,YX_reply_shared_internal_nodes
g0135,0,54,2,4,8,8,1024,1,XY_forward,1,0,2,0,0,0,0,0,0,0,1,2
g0136,0,54,2,4,8,8,1024,4,XY_forward,1,0,2,0,0,0,0,0,0,0,1,2
g0137,0,54,2,4,8,8,1024,8,XY_forward,1,0,2,0,0,0,0,0,0,0,1,2
g0138,0,54,2,4,8,8,4096,1,XY_forward,1,0,2,0,0,0,0,0,0,0,1,2
g0139,0,54,2,4,8,8,4096,4,XY_forward,1,0,2,0,0,0,0,0,0,0,1,2
g0140,0,54,2,4,8,8,4096,8,XY_forward,1,0,2,0,0,0,0,0,0,0,1,2
g0141,0,54,2,4,64,8,1024,1,XY_forward,1,0,2,0,0,0,0,0,0,0,1,2
g0142,0,54,2,4,64,8,1024,4,XY_forward,1,0,2,0,0,0,0,0,0,0,1,2
g0143,0,54,2,4,64,8,1024,8,XY_forward,1,0,2,0,0,0,0,0,0,0,1,2
g0144,0,54,2,4,64,8,4096,1,XY_forward,1,0,2,0,0,0,0,0,0,0,1,2
g0145,0,54,2,4,64,8,4096,4,XY_forward,1,0,2,0,0,0,0,0,0,0,1,2
g0146,0,54,2,4,64,8,4096,8,XY_forward,1,0,2,0,0,0,0,0,0,0,1,2
g0147,0,54,2,4,1024,8,1024,1,XY_forward,1,0,2,0,0,0,0,0,0,0,1,2
g0148,0,54,2,4,1024,8,1024,4,XY_forward,1,0,2,0,0,0,0,0,0,0,1,2
g0149,0,54,2,4,1024,8,1024,8,XY_forward,1,0,2,0,0,0,0,0,0,0,1,2
g0150,0,54,2,4,1024,8,4096,1,XY_forward,1,0,2,0,0,0,0,0,0,0,1,2
g0151,0,54,2,4,1024,8,4096,4,XY_forward,1,0,2,0,0,0,0,0,0,0,1,2
g0152,0,54,2,4,1024,8,4096,8,XY_forward,1,0,2,0,0,0,0,0,0,0,1,2
g0153,0,54,4,6,8,8,1024,1,XY_forward,1,0,2,0,0,0,0,0,0,0,1,2
g0154,0,54,4,6,8,8,1024,4,XY_forward,1,0,2,0,0,0,0,0,0,0,1,2
g0155,0,54,4,6,8,8,1024,8,XY_forward,1,0,2,0,0,0,0,0,0,0,1,2
g0156,0,54,4,6,8,8,4096,1,XY_forward,1,0,2,0,0,0,0,0,0,0,1,2
g0157,0,54,4,6,8,8,4096,4,XY_forward,1,0,2,0,0,0,0,0,0,0,1,2
g0158,0,54,4,6,8,8,4096,8,XY_forward,1,0,2,0,0,0,0,0,0,0,1,2
g0159,0,54,4,6,64,8,1024,1,XY_forward,1,0,2,0,0,0,0,0,0,0,1,2
g0160,0,54,4,6,64,8,1024,4,XY_forward,1,0,2,0,0,0,0,0,0,0,1,2
g0161,0,54,4,6,64,8,1024,8,XY_forward,1,0,2,0,0,0,0,0,0,0,1,2
g0162,0,54,4,6,64,8,4096,1,XY_forward,1,0,2,0,0,0,0,0,0,0,1,2
g0163,0,54,4,6,64,8,4096,4,XY_forward,1,0,2,0,0,0,0,0,0,0,1,2
g0164,0,54,4,6,64,8,4096,8,XY_forward,1,0,2,0,0,0,0,0,0,0,1,2
g0165,0,54,4,6,1024,8,1024,1,XY_forward,1,0,2,0,0,0,0,0,0,0,1,2
g0166,0,54,4,6,1024,8,1024,4,XY_forward,1,0,2,0,0,0,0,0,0,0,1,2
g0167,0,54,4,6,1024,8,1024,8,XY_forward,1,0,2,0,0,0,0,0,0,0,1,2
g0168,0,54,4,6,1024,8,4096,1,XY_forward,1,0,2,0,0,0,0,0,0,0,1,2
g0169,0,54,4,6,1024,8,4096,4,XY_forward,1,0,2,0,0,0,0,0,0,0,1,2
g0170,0,54,4,6,1024,8,4096,8,XY_forward,1,0,2,0,0,0,0,0,0,0,1,2
g0171,0,54,6,22,8,8,1024,1,XY_forward,1,0,2,0,0,0,0,0,0,0,1,2
g0172,0,54,6,22,8,8,1024,4,XY_forward,1,0,2,0,0,0,0,0,0,0,1,2
g0173,0,54,6,22,8,8,1024,8,XY_forward,1,0,2,0,0,0,0,0,0,0,1,2
g0174,0,54,6,22,8,8,4096,1,XY_forward,1,0,2,0,0,0,0,0,0,0,1,2
g0175,0,54,6,22,8,8,4096,4,XY_forward,1,0,2,0,0,0,0,0,0,0,1,2
g0176,0,54,6,22,8,8,4096,8,XY_forward,1,0,2,0,0,0,0,0,0,0,1,2
g0177,0,54,6,22,64,8,1024,1,XY_forward,1,0,2,0,0,0,0,0,0,0,1,2
g0178,0,54,6,22,64,8,1024,4,XY_forward,1,0,2,0,0,0,0,0,0,0,1,2
g0179,0,54,6,22,64,8,1024,8,XY_forward,1,0,2,0,0,0,0,0,0,0,1,2
g0180,0,54,6,22,64,8,4096,1,XY_forward,1,0,2,0,0,0,0,0,0,0,1,2
g0181,0,54,6,22,64,8,4096,4,XY_forward,1,0,2,0,0,0,0,0,0,0,1,2
g0182,0,54,6,22,64,8,4096,8,XY_forward,1,0,2,0,0,0,0,0,0,0,1,2
g0183,0,54,6,22,1024,8,1024,1,XY_forward,1,0,2,0,0,0,0,0,0,0,1,2
g0184,0,54,6,22,1024,8,1024,4,XY_forward,1,0,2,0,0,0,0,0,0,0,1,2
g0185,0,54,6,22,1024,8,1024,8,XY_forward,1,0,2,0,0,0,0,0,0,0,1,2
g0186,0,54,6,22,1024,8,4096,1,XY_forward,1,0,2,0,0,0,0,0,0,0,1,2
g0187,0,54,6,22,1024,8,4096,4,XY_forward,1,0,2,0,0,0,0,0,0,0,1,2
g0188,0,54,6,22,1024,8,4096,8,XY_forward,1,0,2,0,0,0,0,0,0,0,1,2
g0189,0,54,22,38,8,8,1024,1,XY_forward,1,0,2,0,0,0,0,0,0,0,1,2
g0190,0,54,22,38,8,8,1024,4,XY_forward,1,0,2,0,0,0,0,0,0,0,1,2
g0191,0,54,22,38,8,8,1024,8,XY_forward,1,0,2,0,0,0,0,0,0,0,1,2
g0192,0,54,22,38,8,8,4096,1,XY_forward,1,0,2,0,0,0,0,0,0,0,1,2
g0193,0,54,22,38,8,8,4096,4,XY_forward,1,0,2,0,0,0,0,0,0,0,1,2
g0194,0,54,22,38,8,8,4096,8,XY_forward,1,0,2,0,0,0,0,0,0,0,1,2
g0195,0,54,22,38,64,8,1024,1,XY_forward,1,0,2,0,0,0,0,0,0,0,1,2
g0196,0,54,22,38,64,8,1024,4,XY_forward,1,0,2,0,0,0,0,0,0,0,1,2
g0197,0,54,22,38,64,8,1024,8,XY_forward,1,0,2,0,0,0,0,0,0,0,1,2
g0198,0,54,22,38,64,8,4096,1,XY_forward,1,0,2,0,0,0,0,0,0,0,1,2
g0199,0,54,22,38,64,8,4096,4,XY_forward,1,0,2,0,0,0,0,0,0,0,1,2
g0200,0,54,22,38,64,8,4096,8,XY_forward,1,0,2,0,0,0,0,0,0,0,1,2
g0201,0,54,22,38,1024,8,1024,1,XY_forward,1,0,2,0,0,0,0,0,0,0,1,2
g0202,0,54,22,38,1024,8,1024,4,XY_forward,1,0,2,0,0,0,0,0,0,0,1,2
g0203,0,54,22,38,1024,8,1024,8,XY_forward,1,0,2,0,0,0,0,0,0,0,1,2
g0204,0,54,22,38,1024,8,4096,1,XY_forward,1,0,2,0,0,0,0,0,0,0,1,2
g0205,0,54,22,38,1024,8,4096,4,XY_forward,1,0,2,0,0,0,0,0,0,0,1,2
g0206,0,54,22,38,1024,8,4096,8,XY_forward,1,0,2,0,0,0,0,0,0,0,1,2
g0207,0,54,16,32,8,8,1024,1,YX_forward,0,0,0,0,1,2,1,0,2,0,0,0
g0208,0,54,16,32,8,8,1024,4,YX_forward,0,0,0,0,1,2,1,0,2,0,0,0
g0209,0,54,16,32,8,8,1024,8,YX_forward,0,0,0,0,1,2,1,0,2,0,0,0
g0210,0,54,16,32,8,8,4096,1,YX_forward,0,0,0,0,1,2,1,0,2,0,0,0
g0211,0,54,16,32,8,8,4096,4,YX_forward,0,0,0,0,1,2,1,0,2,0,0,0
g0212,0,54,16,32,8,8,4096,8,YX_forward,0,0,0,0,1,2,1,0,2,0,0,0
g0213,0,54,16,32,64,8,1024,1,YX_forward,0,0,0,0,1,2,1,0,2,0,0,0
g0214,0,54,16,32,64,8,1024,4,YX_forward,0,0,0,0,1,2,1,0,2,0,0,0
g0215,0,54,16,32,64,8,1024,8,YX_forward,0,0,0,0,1,2,1,0,2,0,0,0
g0216,0,54,16,32,64,8,4096,1,YX_forward,0,0,0,0,1,2,1,0,2,0,0,0
g0217,0,54,16,32,64,8,4096,4,YX_forward,0,0,0,0,1,2,1,0,2,0,0,0
g0218,0,54,16,32,64,8,4096,8,YX_forward,0,0,0,0,1,2,1,0,2,0,0,0
g0219,0,54,16,32,1024,8,1024,1,YX_forward,0,0,0,0,1,2,1,0,2,0,0,0
g0220,0,54,16,32,1024,8,1024,4,YX_forward,0,0,0,0,1,2,1,0,2,0,0,0
g0221,0,54,16,32,1024,8,1024,8,YX_forward,0,0,0,0,1,2,1,0,2,0,0,0
g0222,0,54,16,32,1024,8,4096,1,YX_forward,0,0,0,0,1,2,1,0,2,0,0,0
g0223,0,54,16,32,1024,8,4096,4,YX_forward,0,0,0,0,1,2,1,0,2,0,0,0
g0224,0,54,16,32,1024,8,4096,8,YX_forward,0,0,0,0,1,2,1,0,2,0,0,0
g0225,0,54,32,48,8,8,1024,1,YX_forward,0,0,0,0,1,2,1,0,2,0,0,0
g0226,0,54,32,48,8,8,1024,4,YX_forward,0,0,0,0,1,2,1,0,2,0,0,0
g0227,0,54,32,48,8,8,1024,8,YX_forward,0,0,0,0,1,2,1,0,2,0,0,0
g0228,0,54,32,48,8,8,4096,1,YX_forward,0,0,0,0,1,2,1,0,2,0,0,0
g0229,0,54,32,48,8,8,4096,4,YX_forward,0,0,0,0,1,2,1,0,2,0,0,0
g0230,0,54,32,48,8,8,4096,8,YX_forward,0,0,0,0,1,2,1,0,2,0,0,0
g0231,0,54,32,48,64,8,1024,1,YX_forward,0,0,0,0,1,2,1,0,2,0,0,0
g0232,0,54,32,48,64,8,1024,4,YX_forward,0,0,0,0,1,2,1,0,2,0,0,0
g0233,0,54,32,48,64,8,1024,8,YX_forward,0,0,0,0,1,2,1,0,2,0,0,0
g0234,0,54,32,48,64,8,4096,1,YX_forward,0,0,0,0,1,2,1,0,2,0,0,0
g0235,0,54,32,48,64,8,4096,4,YX_forward,0,0,0,0,1,2,1,0,2,0,0,0
g0236,0,54,32,48,64,8,4096,8,YX_forward,0,0,0,0,1,2,1,0,2,0,0,0
g0237,0,54,32,48,1024,8,1024,1,YX_forward,0,0,0,0,1,2,1,0,2,0,0,0
g0238,0,54,32,48,1024,8,1024,4,YX_forward,0,0,0,0,1,2,1,0,2,0,0,0
g0239,0,54,32,48,1024,8,1024,8,YX_forward,0,0,0,0,1,2,1,0,2,0,0,0
g0240,0,54,32,48,1024,8,4096,1,YX_forward,0,0,0,0,1,2,1,0,2,0,0,0
g0241,0,54,32,48,1024,8,4096,4,YX_forward,0,0,0,0,1,2,1,0,2,0,0,0
g0242,0,54,32,48,1024,8,4096,8,YX_forward,0,0,0,0,1,2,1,0,2,0,0,0
g0243,0,54,48,50,8,8,1024,1,YX_forward,0,0,0,0,1,2,1,0,2,0,0,0
g0244,0,54,48,50,8,8,1024,4,YX_forward,0,0,0,0,1,2,1,0,2,0,0,0
g0245,0,54,48,50,8,8,1024,8,YX_forward,0,0,0,0,1,2,1,0,2,0,0,0
g0246,0,54,48,50,8,8,4096,1,YX_forward,0,0,0,0,1,2,1,0,2,0,0,0
g0247,0,54,48,50,8,8,4096,4,YX_forward,0,0,0,0,1,2,1,0,2,0,0,0
g0248,0,54,48,50,8,8,4096,8,YX_forward,0,0,0,0,1,2,1,0,2,0,0,0
g0249,0,54,48,50,64,8,1024,1,YX_forward,0,0,0,0,1,2,1,0,2,0,0,0
g0250,0,54,48,50,64,8,1024,4,YX_forward,0,0,0,0,1,2,1,0,2,0,0,0
g0251,0,54,48,50,64,8,1024,8,YX_forward,0,0,0,0,1,2,1,0,2,0,0,0
g0252,0,54,48,50,64,8,4096,1,YX_forward,0,0,0,0,1,2,1,0,2,0,0,0
g0253,0,54,48,50,64,8,4096,4,YX_forward,0,0,0,0,1,2,1,0,2,0,0,0
g0254,0,54,48,50,64,8,4096,8,YX_forward,0,0,0,0,1,2,1,0,2,0,0,0
g0255,0,54,48,50,1024,8,1024,1,YX_forward,0,0,0,0,1,2,1,0,2,0,0,0
g0256,0,54,48,50,1024,8,1024,4,YX_forward,0,0,0,0,1,2,1,0,2,0,0,0
g0257,0,54,48,50,1024,8,1024,8,YX_forward,0,0,0,0,1,2,1,0,2,0,0,0
g0258,0,54,48,50,1024,8,4096,1,YX_forward,0,0,0,0,1,2,1,0,2,0,0,0
g0259,0,54,48,50,1024,8,4096,4,YX_forward,0,0,0,0,1,2,1,0,2,0,0,0
g0260,0,54,48,50,1024,8,4096,8,YX_forward,0,0,0,0,1,2,1,0,2,0,0,0
g0261,0,54,50,52,8,8,1024,1,YX_forward,0,0,0,0,1,2,1,0,2,0,0,0
g0262,0,54,50,52,8,8,1024,4,YX_forward,0,0,0,0,1,2,1,0,2,0,0,0
g0263,0,54,50,52,8,8,1024,8,YX_forward,0,0,0,0,1,2,1,0,2,0,0,0
g0264,0,54,50,52,8,8,4096,1,YX_forward,0,0,0,0,1,2,1,0,2,0,0,0
g0265,0,54,50,52,8,8,4096,4,YX_forward,0,0,0,0,1,2,1,0,2,0,0,0
g0266,0,54,50,52,8,8,4096,8,YX_forward,0,0,0,0,1,2,1,0,2,0,0,0
g0267,0,54,50,52,64,8,1024,1,YX_forward,0,0,0,0,1,2,1,0,2,0,0,0
g0268,0,54,50,52,64,8,1024,4,YX_forward,0,0,0,0,1,2,1,0,2,0,0,0
g0269,0,54,50,52,64,8,1024,8,YX_forward,0,0,0,0,1,2,1,0,2,0,0,0
g0270,0,54,50,52,64,8,4096,1,YX_forward,0,0,0,0,1,2,1,0,2,0,0,0
g0271,0,54,50,52,64,8,4096,4,YX_forward,0,0,0,0,1,2,1,0,2,0,0,0
g0272,0,54,50,52,64,8,4096,8,YX_forward,0,0,0,0,1,2,1,0,2,0,0,0
g0273,0,54,50,52,1024,8,1024,1,YX_forward,0,0,0,0,1,2,1,0,2,0,0,0
g0274,0,54,50,52,1024,8,1024,4,YX_forward,0,0,0,0,1,2,1,0,2,0,0,0
g0275,0,54,50,52,1024,8,1024,8,YX_forward,0,0,0,0,1,2,1,0,2,0,0,0
g0276,0,54,50,52,1024,8,4096,1,YX_forward,0,0,0,0,1,2,1,0,2,0,0,0
g0277,0,54,50,52,1024,8,4096,4,YX_forward,0,0,0,0,1,2,1,0,2,0,0,0
g0278,0,54,50,52,1024,8,4096,8,YX_forward,0,0,0,0,1,2,1,0,2,0,0,0
g0279,0,54,2,18,8,8,1024,1,neither_forward,0,0,1,0,0,0,0,0,0,0,0,1
g0280,0,54,2,18,8,8,1024,4,neither_forward,0,0,1,0,0,0,0,0,0,0,0,1
g0281,0,54,2,18,8,8,1024,8,neither_forward,0,0,1,0,0,0,0,0,0,0,0,1
g0282,0,54,2,18,8,8,4096,1,neither_forward,0,0,1,0,0,0,0,0,0,0,0,1
g0283,0,54,2,18,8,8,4096,4,neither_forward,0,0,1,0,0,0,0,0,0,0,0,1
g0284,0,54,2,18,8,8,4096,8,neither_forward,0,0,1,0,0,0,0,0,0,0,0,1
g0285,0,54,2,18,64,8,1024,1,neither_forward,0,0,1,0,0,0,0,0,0,0,0,1
g0286,0,54,2,18,64,8,1024,4,neither_forward,0,0,1,0,0,0,0,0,0,0,0,1
g0287,0,54,2,18,64,8,1024,8,neither_forward,0,0,1,0,0,0,0,0,0,0,0,1
g0288,0,54,2,18,64,8,4096,1,neither_forward,0,0,1,0,0,0,0,0,0,0,0,1
g0289,0,54,2,18,64,8,4096,4,neither_forward,0,0,1,0,0,0,0,0,0,0,0,1
g0290,0,54,2,18,64,8,4096,8,neither_forward,0,0,1,0,0,0,0,0,0,0,0,1
g0291,0,54,2,18,1024,8,1024,1,neither_forward,0,0,1,0,0,0,0,0,0,0,0,1
g0292,0,54,2,18,1024,8,1024,4,neither_forward,0,0,1,0,0,0,0,0,0,0,0,1
g0293,0,54,2,18,1024,8,1024,8,neither_forward,0,0,1,0,0,0,0,0,0,0,0,1
g0294,0,54,2,18,1024,8,4096,1,neither_forward,0,0,1,0,0,0,0,0,0,0,0,1
g0295,0,54,2,18,1024,8,4096,4,neither_forward,0,0,1,0,0,0,0,0,0,0,0,1
g0296,0,54,2,18,1024,8,4096,8,neither_forward,0,0,1,0,0,0,0,0,0,0,0,1
g0297,0,54,4,2,8,8,1024,1,neither_forward,0,1,2,0,0,0,0,0,0,1,0,2
g0298,0,54,4,2,8,8,1024,4,neither_forward,0,1,2,0,0,0,0,0,0,1,0,2
g0299,0,54,4,2,8,8,1024,8,neither_forward,0,1,2,0,0,0,0,0,0,1,0,2
g0300,0,54,4,2,8,8,4096,1,neither_forward,0,1,2,0,0,0,0,0,0,1,0,2
g0301,0,54,4,2,8,8,4096,4,neither_forward,0,1,2,0,0,0,0,0,0,1,0,2
g0302,0,54,4,2,8,8,4096,8,neither_forward,0,1,2,0,0,0,0,0,0,1,0,2
g0303,0,54,4,2,64,8,1024,1,neither_forward,0,1,2,0,0,0,0,0,0,1,0,2
g0304,0,54,4,2,64,8,1024,4,neither_forward,0,1,2,0,0,0,0,0,0,1,0,2
g0305,0,54,4,2,64,8,1024,8,neither_forward,0,1,2,0,0,0,0,0,0,1,0,2
g0306,0,54,4,2,64,8,4096,1,neither_forward,0,1,2,0,0,0,0,0,0,1,0,2
g0307,0,54,4,2,64,8,4096,4,neither_forward,0,1,2,0,0,0,0,0,0,1,0,2
g0308,0,54,4,2,64,8,4096,8,neither_forward,0,1,2,0,0,0,0,0,0,1,0,2
g0309,0,54,4,2,1024,8,1024,1,neither_forward,0,1,2,0,0,0,0,0,0,1,0,2
g0310,0,54,4,2,1024,8,1024,4,neither_forward,0,1,2,0,0,0,0,0,0,1,0,2
g0311,0,54,4,2,1024,8,1024,8,neither_forward,0,1,2,0,0,0,0,0,0,1,0,2
g0312,0,54,4,2,1024,8,4096,1,neither_forward,0,1,2,0,0,0,0,0,0,1,0,2
g0313,0,54,4,2,1024,8,4096,4,neither_forward,0,1,2,0,0,0,0,0,0,1,0,2
g0314,0,54,4,2,1024,8,4096,8,neither_forward,0,1,2,0,0,0,0,0,0,1,0,2
g0315,0,54,4,20,8,8,1024,1,neither_forward,0,0,1,0,0,0,0,0,0,0,0,1
g0316,0,54,4,20,8,8,1024,4,neither_forward,0,0,1,0,0,0,0,0,0,0,0,1
g0317,0,54,4,20,8,8,1024,8,neither_forward,0,0,1,0,0,0,0,0,0,0,0,1
g0318,0,54,4,20,8,8,4096,1,neither_forward,0,0,1,0,0,0,0,0,0,0,0,1
g0319,0,54,4,20,8,8,4096,4,neither_forward,0,0,1,0,0,0,0,0,0,0,0,1
g0320,0,54,4,20,8,8,4096,8,neither_forward,0,0,1,0,0,0,0,0,0,0,0,1
g0321,0,54,4,20,64,8,1024,1,neither_forward,0,0,1,0,0,0,0,0,0,0,0,1
g0322,0,54,4,20,64,8,1024,4,neither_forward,0,0,1,0,0,0,0,0,0,0,0,1
g0323,0,54,4,20,64,8,1024,8,neither_forward,0,0,1,0,0,0,0,0,0,0,0,1
g0324,0,54,4,20,64,8,4096,1,neither_forward,0,0,1,0,0,0,0,0,0,0,0,1
g0325,0,54,4,20,64,8,4096,4,neither_forward,0,0,1,0,0,0,0,0,0,0,0,1
g0326,0,54,4,20,64,8,4096,8,neither_forward,0,0,1,0,0,0,0,0,0,0,0,1
g0327,0,54,4,20,1024,8,1024,1,neither_forward,0,0,1,0,0,0,0,0,0,0,0,1
g0328,0,54,4,20,1024,8,1024,4,neither_forward,0,0,1,0,0,0,0,0,0,0,0,1
g0329,0,54,4,20,1024,8,1024,8,neither_forward,0,0,1,0,0,0,0,0,0,0,0,1
g0330,0,54,4,20,1024,8,4096,1,neither_forward,0,0,1,0,0,0,0,0,0,0,0,1
g0331,0,54,4,20,1024,8,4096,4,neither_forward,0,0,1,0,0,0,0,0,0,0,0,1
g0332,0,54,4,20,1024,8,4096,8,neither_forward,0,0,1,0,0,0,0,0,0,0,0,1
g0333,0,54,6,4,8,8,1024,1,neither_forward,0,1,2,0,0,0,0,0,0,1,0,2
g0334,0,54,6,4,8,8,1024,4,neither_forward,0,1,2,0,0,0,0,0,0,1,0,2
g0335,0,54,6,4,8,8,1024,8,neither_forward,0,1,2,0,0,0,0,0,0,1,0,2
g0336,0,54,6,4,8,8,4096,1,neither_forward,0,1,2,0,0,0,0,0,0,1,0,2
g0337,0,54,6,4,8,8,4096,4,neither_forward,0,1,2,0,0,0,0,0,0,1,0,2
g0338,0,54,6,4,8,8,4096,8,neither_forward,0,1,2,0,0,0,0,0,0,1,0,2
g0339,0,54,6,4,64,8,1024,1,neither_forward,0,1,2,0,0,0,0,0,0,1,0,2
g0340,0,54,6,4,64,8,1024,4,neither_forward,0,1,2,0,0,0,0,0,0,1,0,2
g0341,0,54,6,4,64,8,1024,8,neither_forward,0,1,2,0,0,0,0,0,0,1,0,2
g0342,0,54,6,4,64,8,4096,1,neither_forward,0,1,2,0,0,0,0,0,0,1,0,2
g0343,0,54,6,4,64,8,4096,4,neither_forward,0,1,2,0,0,0,0,0,0,1,0,2
g0344,0,54,6,4,64,8,4096,8,neither_forward,0,1,2,0,0,0,0,0,0,1,0,2
g0345,0,54,6,4,1024,8,1024,1,neither_forward,0,1,2,0,0,0,0,0,0,1,0,2
g0346,0,54,6,4,1024,8,1024,4,neither_forward,0,1,2,0,0,0,0,0,0,1,0,2
g0347,0,54,6,4,1024,8,1024,8,neither_forward,0,1,2,0,0,0,0,0,0,1,0,2
g0348,0,54,6,4,1024,8,4096,1,neither_forward,0,1,2,0,0,0,0,0,0,1,0,2
g0349,0,54,6,4,1024,8,4096,4,neither_forward,0,1,2,0,0,0,0,0,0,1,0,2
g0350,0,54,6,4,1024,8,4096,8,neither_forward,0,1,2,0,0,0,0,0,0,1,0,2
g0351,0,54,16,18,8,8,1024,1,neither_forward,0,0,0,0,0,1,0,0,1,0,0,0
g0352,0,54,16,18,8,8,1024,4,neither_forward,0,0,0,0,0,1,0,0,1,0,0,0
g0353,0,54,16,18,8,8,1024,8,neither_forward,0,0,0,0,0,1,0,0,1,0,0,0
g0354,0,54,16,18,8,8,4096,1,neither_forward,0,0,0,0,0,1,0,0,1,0,0,0
g0355,0,54,16,18,8,8,4096,4,neither_forward,0,0,0,0,0,1,0,0,1,0,0,0
g0356,0,54,16,18,8,8,4096,8,neither_forward,0,0,0,0,0,1,0,0,1,0,0,0
g0357,0,54,16,18,64,8,1024,1,neither_forward,0,0,0,0,0,1,0,0,1,0,0,0
g0358,0,54,16,18,64,8,1024,4,neither_forward,0,0,0,0,0,1,0,0,1,0,0,0
g0359,0,54,16,18,64,8,1024,8,neither_forward,0,0,0,0,0,1,0,0,1,0,0,0
g0360,0,54,16,18,64,8,4096,1,neither_forward,0,0,0,0,0,1,0,0,1,0,0,0
g0361,0,54,16,18,64,8,4096,4,neither_forward,0,0,0,0,0,1,0,0,1,0,0,0
g0362,0,54,16,18,64,8,4096,8,neither_forward,0,0,0,0,0,1,0,0,1,0,0,0
g0363,0,54,16,18,1024,8,1024,1,neither_forward,0,0,0,0,0,1,0,0,1,0,0,0
g0364,0,54,16,18,1024,8,1024,4,neither_forward,0,0,0,0,0,1,0,0,1,0,0,0
g0365,0,54,16,18,1024,8,1024,8,neither_forward,0,0,0,0,0,1,0,0,1,0,0,0
g0366,0,54,16,18,1024,8,4096,1,neither_forward,0,0,0,0,0,1,0,0,1,0,0,0
g0367,0,54,16,18,1024,8,4096,4,neither_forward,0,0,0,0,0,1,0,0,1,0,0,0
g0368,0,54,16,18,1024,8,4096,8,neither_forward,0,0,0,0,0,1,0,0,1,0,0,0
g0369,0,54,18,2,8,8,1024,1,neither_forward,0,0,1,0,0,0,0,0,0,0,0,1
g0370,0,54,18,2,8,8,1024,4,neither_forward,0,0,1,0,0,0,0,0,0,0,0,1
g0371,0,54,18,2,8,8,1024,8,neither_forward,0,0,1,0,0,0,0,0,0,0,0,1
g0372,0,54,18,2,8,8,4096,1,neither_forward,0,0,1,0,0,0,0,0,0,0,0,1
g0373,0,54,18,2,8,8,4096,4,neither_forward,0,0,1,0,0,0,0,0,0,0,0,1
g0374,0,54,18,2,8,8,4096,8,neither_forward,0,0,1,0,0,0,0,0,0,0,0,1
g0375,0,54,18,2,64,8,1024,1,neither_forward,0,0,1,0,0,0,0,0,0,0,0,1
g0376,0,54,18,2,64,8,1024,4,neither_forward,0,0,1,0,0,0,0,0,0,0,0,1
g0377,0,54,18,2,64,8,1024,8,neither_forward,0,0,1,0,0,0,0,0,0,0,0,1
g0378,0,54,18,2,64,8,4096,1,neither_forward,0,0,1,0,0,0,0,0,0,0,0,1
g0379,0,54,18,2,64,8,4096,4,neither_forward,0,0,1,0,0,0,0,0,0,0,0,1
g0380,0,54,18,2,64,8,4096,8,neither_forward,0,0,1,0,0,0,0,0,0,0,0,1
g0381,0,54,18,2,1024,8,1024,1,neither_forward,0,0,1,0,0,0,0,0,0,0,0,1
g0382,0,54,18,2,1024,8,1024,4,neither_forward,0,0,1,0,0,0,0,0,0,0,0,1
g0383,0,54,18,2,1024,8,1024,8,neither_forward,0,0,1,0,0,0,0,0,0,0,0,1
g0384,0,54,18,2,1024,8,4096,1,neither_forward,0,0,1,0,0,0,0,0,0,0,0,1
g0385,0,54,18,2,1024,8,4096,4,neither_forward,0,0,1,0,0,0,0,0,0,0,0,1
g0386,0,54,18,2,1024,8,4096,8,neither_forward,0,0,1,0,0,0,0,0,0,0,0,1
g0387,0,54,18,16,8,8,1024,1,neither_forward,0,0,0,0,0,1,0,0,1,0,0,0
g0388,0,54,18,16,8,8,1024,4,neither_forward,0,0,0,0,0,1,0,0,1,0,0,0
g0389,0,54,18,16,8,8,1024,8,neither_forward,0,0,0,0,0,1,0,0,1,0,0,0
g0390,0,54,18,16,8,8,4096,1,neither_forward,0,0,0,0,0,1,0,0,1,0,0,0
g0391,0,54,18,16,8,8,4096,4,neither_forward,0,0,0,0,0,1,0,0,1,0,0,0
g0392,0,54,18,16,8,8,4096,8,neither_forward,0,0,0,0,0,1,0,0,1,0,0,0
g0393,0,54,18,16,64,8,1024,1,neither_forward,0,0,0,0,0,1,0,0,1,0,0,0
g0394,0,54,18,16,64,8,1024,4,neither_forward,0,0,0,0,0,1,0,0,1,0,0,0
g0395,0,54,18,16,64,8,1024,8,neither_forward,0,0,0,0,0,1,0,0,1,0,0,0
g0396,0,54,18,16,64,8,4096,1,neither_forward,0,0,0,0,0,1,0,0,1,0,0,0
g0397,0,54,18,16,64,8,4096,4,neither_forward,0,0,0,0,0,1,0,0,1,0,0,0
g0398,0,54,18,16,64,8,4096,8,neither_forward,0,0,0,0,0,1,0,0,1,0,0,0
g0399,0,54,18,16,1024,8,1024,1,neither_forward,0,0,0,0,0,1,0,0,1,0,0,0
g0400,0,54,18,16,1024,8,1024,4,neither_forward,0,0,0,0,0,1,0,0,1,0,0,0
g0401,0,54,18,16,1024,8,1024,8,neither_forward,0,0,0,0,0,1,0,0,1,0,0,0
g0402,0,54,18,16,1024,8,4096,1,neither_forward,0,0,0,0,0,1,0,0,1,0,0,0
g0403,0,54,18,16,1024,8,4096,4,neither_forward,0,0,0,0,0,1,0,0,1,0,0,0
g0404,0,54,18,16,1024,8,4096,8,neither_forward,0,0,0,0,0,1,0,0,1,0,0,0
g0405,0,54,18,20,8,8,1024,1,neither_forward,0,0,0,0,0,0,0,0,0,0,0,0
g0406,0,54,18,20,8,8,1024,4,neither_forward,0,0,0,0,0,0,0,0,0,0,0,0
g0407,0,54,18,20,8,8,1024,8,neither_forward,0,0,0,0,0,0,0,0,0,0,0,0
g0408,0,54,18,20,8,8,4096,1,neither_forward,0,0,0,0,0,0,0,0,0,0,0,0
g0409,0,54,18,20,8,8,4096,4,neither_forward,0,0,0,0,0,0,0,0,0,0,0,0
g0410,0,54,18,20,8,8,4096,8,neither_forward,0,0,0,0,0,0,0,0,0,0,0,0
g0411,0,54,18,20,64,8,1024,1,neither_forward,0,0,0,0,0,0,0,0,0,0,0,0
g0412,0,54,18,20,64,8,1024,4,neither_forward,0,0,0,0,0,0,0,0,0,0,0,0
g0413,0,54,18,20,64,8,1024,8,neither_forward,0,0,0,0,0,0,0,0,0,0,0,0
g0414,0,54,18,20,64,8,4096,1,neither_forward,0,0,0,0,0,0,0,0,0,0,0,0
g0415,0,54,18,20,64,8,4096,4,neither_forward,0,0,0,0,0,0,0,0,0,0,0,0
g0416,0,54,18,20,64,8,4096,8,neither_forward,0,0,0,0,0,0,0,0,0,0,0,0
g0417,0,54,18,20,1024,8,1024,1,neither_forward,0,0,0,0,0,0,0,0,0,0,0,0
g0418,0,54,18,20,1024,8,1024,4,neither_forward,0,0,0,0,0,0,0,0,0,0,0,0
g0419,0,54,18,20,1024,8,1024,8,neither_forward,0,0,0,0,0,0,0,0,0,0,0,0
g0420,0,54,18,20,1024,8,4096,1,neither_forward,0,0,0,0,0,0,0,0,0,0,0,0
g0421,0,54,18,20,1024,8,4096,4,neither_forward,0,0,0,0,0,0,0,0,0,0,0,0
g0422,0,54,18,20,1024,8,4096,8,neither_forward,0,0,0,0,0,0,0,0,0,0,0,0
g0423,0,54,18,34,8,8,1024,1,neither_forward,0,0,0,0,0,0,0,0,0,0,0,0
g0424,0,54,18,34,8,8,1024,4,neither_forward,0,0,0,0,0,0,0,0,0,0,0,0
g0425,0,54,18,34,8,8,1024,8,neither_forward,0,0,0,0,0,0,0,0,0,0,0,0
g0426,0,54,18,34,8,8,4096,1,neither_forward,0,0,0,0,0,0,0,0,0,0,0,0
g0427,0,54,18,34,8,8,4096,4,neither_forward,0,0,0,0,0,0,0,0,0,0,0,0
g0428,0,54,18,34,8,8,4096,8,neither_forward,0,0,0,0,0,0,0,0,0,0,0,0
g0429,0,54,18,34,64,8,1024,1,neither_forward,0,0,0,0,0,0,0,0,0,0,0,0
g0430,0,54,18,34,64,8,1024,4,neither_forward,0,0,0,0,0,0,0,0,0,0,0,0
g0431,0,54,18,34,64,8,1024,8,neither_forward,0,0,0,0,0,0,0,0,0,0,0,0
g0432,0,54,18,34,64,8,4096,1,neither_forward,0,0,0,0,0,0,0,0,0,0,0,0
g0433,0,54,18,34,64,8,4096,4,neither_forward,0,0,0,0,0,0,0,0,0,0,0,0
g0434,0,54,18,34,64,8,4096,8,neither_forward,0,0,0,0,0,0,0,0,0,0,0,0
g0435,0,54,18,34,1024,8,1024,1,neither_forward,0,0,0,0,0,0,0,0,0,0,0,0
g0436,0,54,18,34,1024,8,1024,4,neither_forward,0,0,0,0,0,0,0,0,0,0,0,0
g0437,0,54,18,34,1024,8,1024,8,neither_forward,0,0,0,0,0,0,0,0,0,0,0,0
g0438,0,54,18,34,1024,8,4096,1,neither_forward,0,0,0,0,0,0,0,0,0,0,0,0
g0439,0,54,18,34,1024,8,4096,4,neither_forward,0,0,0,0,0,0,0,0,0,0,0,0
g0440,0,54,18,34,1024,8,4096,8,neither_forward,0,0,0,0,0,0,0,0,0,0,0,0
g0441,0,54,20,4,8,8,1024,1,neither_forward,0,0,1,0,0,0,0,0,0,0,0,1
g0442,0,54,20,4,8,8,1024,4,neither_forward,0,0,1,0,0,0,0,0,0,0,0,1
g0443,0,54,20,4,8,8,1024,8,neither_forward,0,0,1,0,0,0,0,0,0,0,0,1
g0444,0,54,20,4,8,8,4096,1,neither_forward,0,0,1,0,0,0,0,0,0,0,0,1
g0445,0,54,20,4,8,8,4096,4,neither_forward,0,0,1,0,0,0,0,0,0,0,0,1
g0446,0,54,20,4,8,8,4096,8,neither_forward,0,0,1,0,0,0,0,0,0,0,0,1
g0447,0,54,20,4,64,8,1024,1,neither_forward,0,0,1,0,0,0,0,0,0,0,0,1
g0448,0,54,20,4,64,8,1024,4,neither_forward,0,0,1,0,0,0,0,0,0,0,0,1
g0449,0,54,20,4,64,8,1024,8,neither_forward,0,0,1,0,0,0,0,0,0,0,0,1
g0450,0,54,20,4,64,8,4096,1,neither_forward,0,0,1,0,0,0,0,0,0,0,0,1
g0451,0,54,20,4,64,8,4096,4,neither_forward,0,0,1,0,0,0,0,0,0,0,0,1
g0452,0,54,20,4,64,8,4096,8,neither_forward,0,0,1,0,0,0,0,0,0,0,0,1
g0453,0,54,20,4,1024,8,1024,1,neither_forward,0,0,1,0,0,0,0,0,0,0,0,1
g0454,0,54,20,4,1024,8,1024,4,neither_forward,0,0,1,0,0,0,0,0,0,0,0,1
g0455,0,54,20,4,1024,8,1024,8,neither_forward,0,0,1,0,0,0,0,0,0,0,0,1
g0456,0,54,20,4,1024,8,4096,1,neither_forward,0,0,1,0,0,0,0,0,0,0,0,1
g0457,0,54,20,4,1024,8,4096,4,neither_forward,0,0,1,0,0,0,0,0,0,0,0,1
g0458,0,54,20,4,1024,8,4096,8,neither_forward,0,0,1,0,0,0,0,0,0,0,0,1
g0459,0,54,20,18,8,8,1024,1,neither_forward,0,0,0,0,0,0,0,0,0,0,0,0
g0460,0,54,20,18,8,8,1024,4,neither_forward,0,0,0,0,0,0,0,0,0,0,0,0
g0461,0,54,20,18,8,8,1024,8,neither_forward,0,0,0,0,0,0,0,0,0,0,0,0
g0462,0,54,20,18,8,8,4096,1,neither_forward,0,0,0,0,0,0,0,0,0,0,0,0
g0463,0,54,20,18,8,8,4096,4,neither_forward,0,0,0,0,0,0,0,0,0,0,0,0
g0464,0,54,20,18,8,8,4096,8,neither_forward,0,0,0,0,0,0,0,0,0,0,0,0
g0465,0,54,20,18,64,8,1024,1,neither_forward,0,0,0,0,0,0,0,0,0,0,0,0
g0466,0,54,20,18,64,8,1024,4,neither_forward,0,0,0,0,0,0,0,0,0,0,0,0
g0467,0,54,20,18,64,8,1024,8,neither_forward,0,0,0,0,0,0,0,0,0,0,0,0
g0468,0,54,20,18,64,8,4096,1,neither_forward,0,0,0,0,0,0,0,0,0,0,0,0
g0469,0,54,20,18,64,8,4096,4,neither_forward,0,0,0,0,0,0,0,0,0,0,0,0
g0470,0,54,20,18,64,8,4096,8,neither_forward,0,0,0,0,0,0,0,0,0,0,0,0
g0471,0,54,20,18,1024,8,1024,1,neither_forward,0,0,0,0,0,0,0,0,0,0,0,0
g0472,0,54,20,18,1024,8,1024,4,neither_forward,0,0,0,0,0,0,0,0,0,0,0,0
g0473,0,54,20,18,1024,8,1024,8,neither_forward,0,0,0,0,0,0,0,0,0,0,0,0
g0474,0,54,20,18,1024,8,4096,1,neither_forward,0,0,0,0,0,0,0,0,0,0,0,0
g0475,0,54,20,18,1024,8,4096,4,neither_forward,0,0,0,0,0,0,0,0,0,0,0,0
g0476,0,54,20,18,1024,8,4096,8,neither_forward,0,0,0,0,0,0,0,0,0,0,0,0
g0477,0,54,20,22,8,8,1024,1,neither_forward,0,0,1,0,0,0,0,0,0,0,0,1
g0478,0,54,20,22,8,8,1024,4,neither_forward,0,0,1,0,0,0,0,0,0,0,0,1
g0479,0,54,20,22,8,8,1024,8,neither_forward,0,0,1,0,0,0,0,0,0,0,0,1
g0480,0,54,20,22,8,8,4096,1,neither_forward,0,0,1,0,0,0,0,0,0,0,0,1
g0481,0,54,20,22,8,8,4096,4,neither_forward,0,0,1,0,0,0,0,0,0,0,0,1
g0482,0,54,20,22,8,8,4096,8,neither_forward,0,0,1,0,0,0,0,0,0,0,0,1
g0483,0,54,20,22,64,8,1024,1,neither_forward,0,0,1,0,0,0,0,0,0,0,0,1
g0484,0,54,20,22,64,8,1024,4,neither_forward,0,0,1,0,0,0,0,0,0,0,0,1
g0485,0,54,20,22,64,8,1024,8,neither_forward,0,0,1,0,0,0,0,0,0,0,0,1
g0486,0,54,20,22,64,8,4096,1,neither_forward,0,0,1,0,0,0,0,0,0,0,0,1
g0487,0,54,20,22,64,8,4096,4,neither_forward,0,0,1,0,0,0,0,0,0,0,0,1
g0488,0,54,20,22,64,8,4096,8,neither_forward,0,0,1,0,0,0,0,0,0,0,0,1
g0489,0,54,20,22,1024,8,1024,1,neither_forward,0,0,1,0,0,0,0,0,0,0,0,1
g0490,0,54,20,22,1024,8,1024,4,neither_forward,0,0,1,0,0,0,0,0,0,0,0,1
g0491,0,54,20,22,1024,8,1024,8,neither_forward,0,0,1,0,0,0,0,0,0,0,0,1
g0492,0,54,20,22,1024,8,4096,1,neither_forward,0,0,1,0,0,0,0,0,0,0,0,1
g0493,0,54,20,22,1024,8,4096,4,neither_forward,0,0,1,0,0,0,0,0,0,0,0,1
g0494,0,54,20,22,1024,8,4096,8,neither_forward,0,0,1,0,0,0,0,0,0,0,0,1
g0495,0,54,20,36,8,8,1024,1,neither_forward,0,0,0,0,0,0,0,0,0,0,0,0
g0496,0,54,20,36,8,8,1024,4,neither_forward,0,0,0,0,0,0,0,0,0,0,0,0
g0497,0,54,20,36,8,8,1024,8,neither_forward,0,0,0,0,0,0,0,0,0,0,0,0
g0498,0,54,20,36,8,8,4096,1,neither_forward,0,0,0,0,0,0,0,0,0,0,0,0
g0499,0,54,20,36,8,8,4096,4,neither_forward,0,0,0,0,0,0,0,0,0,0,0,0
g0500,0,54,20,36,8,8,4096,8,neither_forward,0,0,0,0,0,0,0,0,0,0,0,0
g0501,0,54,20,36,64,8,1024,1,neither_forward,0,0,0,0,0,0,0,0,0,0,0,0
g0502,0,54,20,36,64,8,1024,4,neither_forward,0,0,0,0,0,0,0,0,0,0,0,0
g0503,0,54,20,36,64,8,1024,8,neither_forward,0,0,0,0,0,0,0,0,0,0,0,0
g0504,0,54,20,36,64,8,4096,1,neither_forward,0,0,0,0,0,0,0,0,0,0,0,0
g0505,0,54,20,36,64,8,4096,4,neither_forward,0,0,0,0,0,0,0,0,0,0,0,0
g0506,0,54,20,36,64,8,4096,8,neither_forward,0,0,0,0,0,0,0,0,0,0,0,0
g0507,0,54,20,36,1024,8,1024,1,neither_forward,0,0,0,0,0,0,0,0,0,0,0,0
g0508,0,54,20,36,1024,8,1024,4,neither_forward,0,0,0,0,0,0,0,0,0,0,0,0
g0509,0,54,20,36,1024,8,1024,8,neither_forward,0,0,0,0,0,0,0,0,0,0,0,0
g0510,0,54,20,36,1024,8,4096,1,neither_forward,0,0,0,0,0,0,0,0,0,0,0,0
g0511,0,54,20,36,1024,8,4096,4,neither_forward,0,0,0,0,0,0,0,0,0,0,0,0
g0512,0,54,20,36,1024,8,4096,8,neither_forward,0,0,0,0,0,0,0,0,0,0,0,0
g0513,0,54,22,6,8,8,1024,1,neither_forward,0,1,2,0,0,0,0,0,0,1,0,2
g0514,0,54,22,6,8,8,1024,4,neither_forward,0,1,2,0,0,0,0,0,0,1,0,2
g0515,0,54,22,6,8,8,1024,8,neither_forward,0,1,2,0,0,0,0,0,0,1,0,2
g0516,0,54,22,6,8,8,4096,1,neither_forward,0,1,2,0,0,0,0,0,0,1,0,2
g0517,0,54,22,6,8,8,4096,4,neither_forward,0,1,2,0,0,0,0,0,0,1,0,2
g0518,0,54,22,6,8,8,4096,8,neither_forward,0,1,2,0,0,0,0,0,0,1,0,2
g0519,0,54,22,6,64,8,1024,1,neither_forward,0,1,2,0,0,0,0,0,0,1,0,2
g0520,0,54,22,6,64,8,1024,4,neither_forward,0,1,2,0,0,0,0,0,0,1,0,2
g0521,0,54,22,6,64,8,1024,8,neither_forward,0,1,2,0,0,0,0,0,0,1,0,2
g0522,0,54,22,6,64,8,4096,1,neither_forward,0,1,2,0,0,0,0,0,0,1,0,2
g0523,0,54,22,6,64,8,4096,4,neither_forward,0,1,2,0,0,0,0,0,0,1,0,2
g0524,0,54,22,6,64,8,4096,8,neither_forward,0,1,2,0,0,0,0,0,0,1,0,2
g0525,0,54,22,6,1024,8,1024,1,neither_forward,0,1,2,0,0,0,0,0,0,1,0,2
g0526,0,54,22,6,1024,8,1024,4,neither_forward,0,1,2,0,0,0,0,0,0,1,0,2
g0527,0,54,22,6,1024,8,1024,8,neither_forward,0,1,2,0,0,0,0,0,0,1,0,2
g0528,0,54,22,6,1024,8,4096,1,neither_forward,0,1,2,0,0,0,0,0,0,1,0,2
g0529,0,54,22,6,1024,8,4096,4,neither_forward,0,1,2,0,0,0,0,0,0,1,0,2
g0530,0,54,22,6,1024,8,4096,8,neither_forward,0,1,2,0,0,0,0,0,0,1,0,2
g0531,0,54,22,20,8,8,1024,1,neither_forward,0,0,1,0,0,0,0,0,0,0,0,1
g0532,0,54,22,20,8,8,1024,4,neither_forward,0,0,1,0,0,0,0,0,0,0,0,1
g0533,0,54,22,20,8,8,1024,8,neither_forward,0,0,1,0,0,0,0,0,0,0,0,1
g0534,0,54,22,20,8,8,4096,1,neither_forward,0,0,1,0,0,0,0,0,0,0,0,1
g0535,0,54,22,20,8,8,4096,4,neither_forward,0,0,1,0,0,0,0,0,0,0,0,1
g0536,0,54,22,20,8,8,4096,8,neither_forward,0,0,1,0,0,0,0,0,0,0,0,1
g0537,0,54,22,20,64,8,1024,1,neither_forward,0,0,1,0,0,0,0,0,0,0,0,1
g0538,0,54,22,20,64,8,1024,4,neither_forward,0,0,1,0,0,0,0,0,0,0,0,1
g0539,0,54,22,20,64,8,1024,8,neither_forward,0,0,1,0,0,0,0,0,0,0,0,1
g0540,0,54,22,20,64,8,4096,1,neither_forward,0,0,1,0,0,0,0,0,0,0,0,1
g0541,0,54,22,20,64,8,4096,4,neither_forward,0,0,1,0,0,0,0,0,0,0,0,1
g0542,0,54,22,20,64,8,4096,8,neither_forward,0,0,1,0,0,0,0,0,0,0,0,1
g0543,0,54,22,20,1024,8,1024,1,neither_forward,0,0,1,0,0,0,0,0,0,0,0,1
g0544,0,54,22,20,1024,8,1024,4,neither_forward,0,0,1,0,0,0,0,0,0,0,0,1
g0545,0,54,22,20,1024,8,1024,8,neither_forward,0,0,1,0,0,0,0,0,0,0,0,1
g0546,0,54,22,20,1024,8,4096,1,neither_forward,0,0,1,0,0,0,0,0,0,0,0,1
g0547,0,54,22,20,1024,8,4096,4,neither_forward,0,0,1,0,0,0,0,0,0,0,0,1
g0548,0,54,22,20,1024,8,4096,8,neither_forward,0,0,1,0,0,0,0,0,0,0,0,1
g0549,0,54,32,16,8,8,1024,1,neither_forward,0,0,0,1,0,2,0,1,2,0,0,0
g0550,0,54,32,16,8,8,1024,4,neither_forward,0,0,0,1,0,2,0,1,2,0,0,0
g0551,0,54,32,16,8,8,1024,8,neither_forward,0,0,0,1,0,2,0,1,2,0,0,0
g0552,0,54,32,16,8,8,4096,1,neither_forward,0,0,0,1,0,2,0,1,2,0,0,0
g0553,0,54,32,16,8,8,4096,4,neither_forward,0,0,0,1,0,2,0,1,2,0,0,0
g0554,0,54,32,16,8,8,4096,8,neither_forward,0,0,0,1,0,2,0,1,2,0,0,0
g0555,0,54,32,16,64,8,1024,1,neither_forward,0,0,0,1,0,2,0,1,2,0,0,0
g0556,0,54,32,16,64,8,1024,4,neither_forward,0,0,0,1,0,2,0,1,2,0,0,0
g0557,0,54,32,16,64,8,1024,8,neither_forward,0,0,0,1,0,2,0,1,2,0,0,0
g0558,0,54,32,16,64,8,4096,1,neither_forward,0,0,0,1,0,2,0,1,2,0,0,0
g0559,0,54,32,16,64,8,4096,4,neither_forward,0,0,0,1,0,2,0,1,2,0,0,0
g0560,0,54,32,16,64,8,4096,8,neither_forward,0,0,0,1,0,2,0,1,2,0,0,0
g0561,0,54,32,16,1024,8,1024,1,neither_forward,0,0,0,1,0,2,0,1,2,0,0,0
g0562,0,54,32,16,1024,8,1024,4,neither_forward,0,0,0,1,0,2,0,1,2,0,0,0
g0563,0,54,32,16,1024,8,1024,8,neither_forward,0,0,0,1,0,2,0,1,2,0,0,0
g0564,0,54,32,16,1024,8,4096,1,neither_forward,0,0,0,1,0,2,0,1,2,0,0,0
g0565,0,54,32,16,1024,8,4096,4,neither_forward,0,0,0,1,0,2,0,1,2,0,0,0
g0566,0,54,32,16,1024,8,4096,8,neither_forward,0,0,0,1,0,2,0,1,2,0,0,0
g0567,0,54,32,34,8,8,1024,1,neither_forward,0,0,0,0,0,1,0,0,1,0,0,0
g0568,0,54,32,34,8,8,1024,4,neither_forward,0,0,0,0,0,1,0,0,1,0,0,0
g0569,0,54,32,34,8,8,1024,8,neither_forward,0,0,0,0,0,1,0,0,1,0,0,0
g0570,0,54,32,34,8,8,4096,1,neither_forward,0,0,0,0,0,1,0,0,1,0,0,0
g0571,0,54,32,34,8,8,4096,4,neither_forward,0,0,0,0,0,1,0,0,1,0,0,0
g0572,0,54,32,34,8,8,4096,8,neither_forward,0,0,0,0,0,1,0,0,1,0,0,0
g0573,0,54,32,34,64,8,1024,1,neither_forward,0,0,0,0,0,1,0,0,1,0,0,0
g0574,0,54,32,34,64,8,1024,4,neither_forward,0,0,0,0,0,1,0,0,1,0,0,0
g0575,0,54,32,34,64,8,1024,8,neither_forward,0,0,0,0,0,1,0,0,1,0,0,0
g0576,0,54,32,34,64,8,4096,1,neither_forward,0,0,0,0,0,1,0,0,1,0,0,0
g0577,0,54,32,34,64,8,4096,4,neither_forward,0,0,0,0,0,1,0,0,1,0,0,0
g0578,0,54,32,34,64,8,4096,8,neither_forward,0,0,0,0,0,1,0,0,1,0,0,0
g0579,0,54,32,34,1024,8,1024,1,neither_forward,0,0,0,0,0,1,0,0,1,0,0,0
g0580,0,54,32,34,1024,8,1024,4,neither_forward,0,0,0,0,0,1,0,0,1,0,0,0
g0581,0,54,32,34,1024,8,1024,8,neither_forward,0,0,0,0,0,1,0,0,1,0,0,0
g0582,0,54,32,34,1024,8,4096,1,neither_forward,0,0,0,0,0,1,0,0,1,0,0,0
g0583,0,54,32,34,1024,8,4096,4,neither_forward,0,0,0,0,0,1,0,0,1,0,0,0
g0584,0,54,32,34,1024,8,4096,8,neither_forward,0,0,0,0,0,1,0,0,1,0,0,0
g0585,0,54,34,18,8,8,1024,1,neither_forward,0,0,0,0,0,0,0,0,0,0,0,0
g0586,0,54,34,18,8,8,1024,4,neither_forward,0,0,0,0,0,0,0,0,0,0,0,0
g0587,0,54,34,18,8,8,1024,8,neither_forward,0,0,0,0,0,0,0,0,0,0,0,0
g0588,0,54,34,18,8,8,4096,1,neither_forward,0,0,0,0,0,0,0,0,0,0,0,0
g0589,0,54,34,18,8,8,4096,4,neither_forward,0,0,0,0,0,0,0,0,0,0,0,0
g0590,0,54,34,18,8,8,4096,8,neither_forward,0,0,0,0,0,0,0,0,0,0,0,0
g0591,0,54,34,18,64,8,1024,1,neither_forward,0,0,0,0,0,0,0,0,0,0,0,0
g0592,0,54,34,18,64,8,1024,4,neither_forward,0,0,0,0,0,0,0,0,0,0,0,0
g0593,0,54,34,18,64,8,1024,8,neither_forward,0,0,0,0,0,0,0,0,0,0,0,0
g0594,0,54,34,18,64,8,4096,1,neither_forward,0,0,0,0,0,0,0,0,0,0,0,0
g0595,0,54,34,18,64,8,4096,4,neither_forward,0,0,0,0,0,0,0,0,0,0,0,0
g0596,0,54,34,18,64,8,4096,8,neither_forward,0,0,0,0,0,0,0,0,0,0,0,0
g0597,0,54,34,18,1024,8,1024,1,neither_forward,0,0,0,0,0,0,0,0,0,0,0,0
g0598,0,54,34,18,1024,8,1024,4,neither_forward,0,0,0,0,0,0,0,0,0,0,0,0
g0599,0,54,34,18,1024,8,1024,8,neither_forward,0,0,0,0,0,0,0,0,0,0,0,0
g0600,0,54,34,18,1024,8,4096,1,neither_forward,0,0,0,0,0,0,0,0,0,0,0,0
g0601,0,54,34,18,1024,8,4096,4,neither_forward,0,0,0,0,0,0,0,0,0,0,0,0
g0602,0,54,34,18,1024,8,4096,8,neither_forward,0,0,0,0,0,0,0,0,0,0,0,0
g0603,0,54,34,32,8,8,1024,1,neither_forward,0,0,0,0,0,1,0,0,1,0,0,0
g0604,0,54,34,32,8,8,1024,4,neither_forward,0,0,0,0,0,1,0,0,1,0,0,0
g0605,0,54,34,32,8,8,1024,8,neither_forward,0,0,0,0,0,1,0,0,1,0,0,0
g0606,0,54,34,32,8,8,4096,1,neither_forward,0,0,0,0,0,1,0,0,1,0,0,0
g0607,0,54,34,32,8,8,4096,4,neither_forward,0,0,0,0,0,1,0,0,1,0,0,0
g0608,0,54,34,32,8,8,4096,8,neither_forward,0,0,0,0,0,1,0,0,1,0,0,0
g0609,0,54,34,32,64,8,1024,1,neither_forward,0,0,0,0,0,1,0,0,1,0,0,0
g0610,0,54,34,32,64,8,1024,4,neither_forward,0,0,0,0,0,1,0,0,1,0,0,0
g0611,0,54,34,32,64,8,1024,8,neither_forward,0,0,0,0,0,1,0,0,1,0,0,0
g0612,0,54,34,32,64,8,4096,1,neither_forward,0,0,0,0,0,1,0,0,1,0,0,0
g0613,0,54,34,32,64,8,4096,4,neither_forward,0,0,0,0,0,1,0,0,1,0,0,0
g0614,0,54,34,32,64,8,4096,8,neither_forward,0,0,0,0,0,1,0,0,1,0,0,0
g0615,0,54,34,32,1024,8,1024,1,neither_forward,0,0,0,0,0,1,0,0,1,0,0,0
g0616,0,54,34,32,1024,8,1024,4,neither_forward,0,0,0,0,0,1,0,0,1,0,0,0
g0617,0,54,34,32,1024,8,1024,8,neither_forward,0,0,0,0,0,1,0,0,1,0,0,0
g0618,0,54,34,32,1024,8,4096,1,neither_forward,0,0,0,0,0,1,0,0,1,0,0,0
g0619,0,54,34,32,1024,8,4096,4,neither_forward,0,0,0,0,0,1,0,0,1,0,0,0
g0620,0,54,34,32,1024,8,4096,8,neither_forward,0,0,0,0,0,1,0,0,1,0,0,0
g0621,0,54,34,36,8,8,1024,1,neither_forward,0,0,0,0,0,0,0,0,0,0,0,0
g0622,0,54,34,36,8,8,1024,4,neither_forward,0,0,0,0,0,0,0,0,0,0,0,0
g0623,0,54,34,36,8,8,1024,8,neither_forward,0,0,0,0,0,0,0,0,0,0,0,0
g0624,0,54,34,36,8,8,4096,1,neither_forward,0,0,0,0,0,0,0,0,0,0,0,0
g0625,0,54,34,36,8,8,4096,4,neither_forward,0,0,0,0,0,0,0,0,0,0,0,0
g0626,0,54,34,36,8,8,4096,8,neither_forward,0,0,0,0,0,0,0,0,0,0,0,0
g0627,0,54,34,36,64,8,1024,1,neither_forward,0,0,0,0,0,0,0,0,0,0,0,0
g0628,0,54,34,36,64,8,1024,4,neither_forward,0,0,0,0,0,0,0,0,0,0,0,0
g0629,0,54,34,36,64,8,1024,8,neither_forward,0,0,0,0,0,0,0,0,0,0,0,0
g0630,0,54,34,36,64,8,4096,1,neither_forward,0,0,0,0,0,0,0,0,0,0,0,0
g0631,0,54,34,36,64,8,4096,4,neither_forward,0,0,0,0,0,0,0,0,0,0,0,0
g0632,0,54,34,36,64,8,4096,8,neither_forward,0,0,0,0,0,0,0,0,0,0,0,0
g0633,0,54,34,36,1024,8,1024,1,neither_forward,0,0,0,0,0,0,0,0,0,0,0,0
g0634,0,54,34,36,1024,8,1024,4,neither_forward,0,0,0,0,0,0,0,0,0,0,0,0
g0635,0,54,34,36,1024,8,1024,8,neither_forward,0,0,0,0,0,0,0,0,0,0,0,0
g0636,0,54,34,36,1024,8,4096,1,neither_forward,0,0,0,0,0,0,0,0,0,0,0,0
g0637,0,54,34,36,1024,8,4096,4,neither_forward,0,0,0,0,0,0,0,0,0,0,0,0
g0638,0,54,34,36,1024,8,4096,8,neither_forward,0,0,0,0,0,0,0,0,0,0,0,0
g0639,0,54,34,50,8,8,1024,1,neither_forward,0,0,0,0,0,1,0,0,1,0,0,0
g0640,0,54,34,50,8,8,1024,4,neither_forward,0,0,0,0,0,1,0,0,1,0,0,0
g0641,0,54,34,50,8,8,1024,8,neither_forward,0,0,0,0,0,1,0,0,1,0,0,0
g0642,0,54,34,50,8,8,4096,1,neither_forward,0,0,0,0,0,1,0,0,1,0,0,0
g0643,0,54,34,50,8,8,4096,4,neither_forward,0,0,0,0,0,1,0,0,1,0,0,0
g0644,0,54,34,50,8,8,4096,8,neither_forward,0,0,0,0,0,1,0,0,1,0,0,0
g0645,0,54,34,50,64,8,1024,1,neither_forward,0,0,0,0,0,1,0,0,1,0,0,0
g0646,0,54,34,50,64,8,1024,4,neither_forward,0,0,0,0,0,1,0,0,1,0,0,0
g0647,0,54,34,50,64,8,1024,8,neither_forward,0,0,0,0,0,1,0,0,1,0,0,0
g0648,0,54,34,50,64,8,4096,1,neither_forward,0,0,0,0,0,1,0,0,1,0,0,0
g0649,0,54,34,50,64,8,4096,4,neither_forward,0,0,0,0,0,1,0,0,1,0,0,0
g0650,0,54,34,50,64,8,4096,8,neither_forward,0,0,0,0,0,1,0,0,1,0,0,0
g0651,0,54,34,50,1024,8,1024,1,neither_forward,0,0,0,0,0,1,0,0,1,0,0,0
g0652,0,54,34,50,1024,8,1024,4,neither_forward,0,0,0,0,0,1,0,0,1,0,0,0
g0653,0,54,34,50,1024,8,1024,8,neither_forward,0,0,0,0,0,1,0,0,1,0,0,0
g0654,0,54,34,50,1024,8,4096,1,neither_forward,0,0,0,0,0,1,0,0,1,0,0,0
g0655,0,54,34,50,1024,8,4096,4,neither_forward,0,0,0,0,0,1,0,0,1,0,0,0
g0656,0,54,34,50,1024,8,4096,8,neither_forward,0,0,0,0,0,1,0,0,1,0,0,0
g0657,0,54,36,20,8,8,1024,1,neither_forward,0,0,0,0,0,0,0,0,0,0,0,0
g0658,0,54,36,20,8,8,1024,4,neither_forward,0,0,0,0,0,0,0,0,0,0,0,0
g0659,0,54,36,20,8,8,1024,8,neither_forward,0,0,0,0,0,0,0,0,0,0,0,0
g0660,0,54,36,20,8,8,4096,1,neither_forward,0,0,0,0,0,0,0,0,0,0,0,0
g0661,0,54,36,20,8,8,4096,4,neither_forward,0,0,0,0,0,0,0,0,0,0,0,0
g0662,0,54,36,20,8,8,4096,8,neither_forward,0,0,0,0,0,0,0,0,0,0,0,0
g0663,0,54,36,20,64,8,1024,1,neither_forward,0,0,0,0,0,0,0,0,0,0,0,0
g0664,0,54,36,20,64,8,1024,4,neither_forward,0,0,0,0,0,0,0,0,0,0,0,0
g0665,0,54,36,20,64,8,1024,8,neither_forward,0,0,0,0,0,0,0,0,0,0,0,0
g0666,0,54,36,20,64,8,4096,1,neither_forward,0,0,0,0,0,0,0,0,0,0,0,0
g0667,0,54,36,20,64,8,4096,4,neither_forward,0,0,0,0,0,0,0,0,0,0,0,0
g0668,0,54,36,20,64,8,4096,8,neither_forward,0,0,0,0,0,0,0,0,0,0,0,0
g0669,0,54,36,20,1024,8,1024,1,neither_forward,0,0,0,0,0,0,0,0,0,0,0,0
g0670,0,54,36,20,1024,8,1024,4,neither_forward,0,0,0,0,0,0,0,0,0,0,0,0
g0671,0,54,36,20,1024,8,1024,8,neither_forward,0,0,0,0,0,0,0,0,0,0,0,0
g0672,0,54,36,20,1024,8,4096,1,neither_forward,0,0,0,0,0,0,0,0,0,0,0,0
g0673,0,54,36,20,1024,8,4096,4,neither_forward,0,0,0,0,0,0,0,0,0,0,0,0
g0674,0,54,36,20,1024,8,4096,8,neither_forward,0,0,0,0,0,0,0,0,0,0,0,0
g0675,0,54,36,34,8,8,1024,1,neither_forward,0,0,0,0,0,0,0,0,0,0,0,0
g0676,0,54,36,34,8,8,1024,4,neither_forward,0,0,0,0,0,0,0,0,0,0,0,0
g0677,0,54,36,34,8,8,1024,8,neither_forward,0,0,0,0,0,0,0,0,0,0,0,0
g0678,0,54,36,34,8,8,4096,1,neither_forward,0,0,0,0,0,0,0,0,0,0,0,0
g0679,0,54,36,34,8,8,4096,4,neither_forward,0,0,0,0,0,0,0,0,0,0,0,0
g0680,0,54,36,34,8,8,4096,8,neither_forward,0,0,0,0,0,0,0,0,0,0,0,0
g0681,0,54,36,34,64,8,1024,1,neither_forward,0,0,0,0,0,0,0,0,0,0,0,0
g0682,0,54,36,34,64,8,1024,4,neither_forward,0,0,0,0,0,0,0,0,0,0,0,0
g0683,0,54,36,34,64,8,1024,8,neither_forward,0,0,0,0,0,0,0,0,0,0,0,0
g0684,0,54,36,34,64,8,4096,1,neither_forward,0,0,0,0,0,0,0,0,0,0,0,0
g0685,0,54,36,34,64,8,4096,4,neither_forward,0,0,0,0,0,0,0,0,0,0,0,0
g0686,0,54,36,34,64,8,4096,8,neither_forward,0,0,0,0,0,0,0,0,0,0,0,0
g0687,0,54,36,34,1024,8,1024,1,neither_forward,0,0,0,0,0,0,0,0,0,0,0,0
g0688,0,54,36,34,1024,8,1024,4,neither_forward,0,0,0,0,0,0,0,0,0,0,0,0
g0689,0,54,36,34,1024,8,1024,8,neither_forward,0,0,0,0,0,0,0,0,0,0,0,0
g0690,0,54,36,34,1024,8,4096,1,neither_forward,0,0,0,0,0,0,0,0,0,0,0,0
g0691,0,54,36,34,1024,8,4096,4,neither_forward,0,0,0,0,0,0,0,0,0,0,0,0
g0692,0,54,36,34,1024,8,4096,8,neither_forward,0,0,0,0,0,0,0,0,0,0,0,0
g0693,0,54,36,38,8,8,1024,1,neither_forward,0,0,1,0,0,0,0,0,0,0,0,1
g0694,0,54,36,38,8,8,1024,4,neither_forward,0,0,1,0,0,0,0,0,0,0,0,1
g0695,0,54,36,38,8,8,1024,8,neither_forward,0,0,1,0,0,0,0,0,0,0,0,1
g0696,0,54,36,38,8,8,4096,1,neither_forward,0,0,1,0,0,0,0,0,0,0,0,1
g0697,0,54,36,38,8,8,4096,4,neither_forward,0,0,1,0,0,0,0,0,0,0,0,1
g0698,0,54,36,38,8,8,4096,8,neither_forward,0,0,1,0,0,0,0,0,0,0,0,1
g0699,0,54,36,38,64,8,1024,1,neither_forward,0,0,1,0,0,0,0,0,0,0,0,1
g0700,0,54,36,38,64,8,1024,4,neither_forward,0,0,1,0,0,0,0,0,0,0,0,1
g0701,0,54,36,38,64,8,1024,8,neither_forward,0,0,1,0,0,0,0,0,0,0,0,1
g0702,0,54,36,38,64,8,4096,1,neither_forward,0,0,1,0,0,0,0,0,0,0,0,1
g0703,0,54,36,38,64,8,4096,4,neither_forward,0,0,1,0,0,0,0,0,0,0,0,1
g0704,0,54,36,38,64,8,4096,8,neither_forward,0,0,1,0,0,0,0,0,0,0,0,1
g0705,0,54,36,38,1024,8,1024,1,neither_forward,0,0,1,0,0,0,0,0,0,0,0,1
g0706,0,54,36,38,1024,8,1024,4,neither_forward,0,0,1,0,0,0,0,0,0,0,0,1
g0707,0,54,36,38,1024,8,1024,8,neither_forward,0,0,1,0,0,0,0,0,0,0,0,1
g0708,0,54,36,38,1024,8,4096,1,neither_forward,0,0,1,0,0,0,0,0,0,0,0,1
g0709,0,54,36,38,1024,8,4096,4,neither_forward,0,0,1,0,0,0,0,0,0,0,0,1
g0710,0,54,36,38,1024,8,4096,8,neither_forward,0,0,1,0,0,0,0,0,0,0,0,1
g0711,0,54,36,52,8,8,1024,1,neither_forward,0,0,0,0,0,1,0,0,1,0,0,0
g0712,0,54,36,52,8,8,1024,4,neither_forward,0,0,0,0,0,1,0,0,1,0,0,0
g0713,0,54,36,52,8,8,1024,8,neither_forward,0,0,0,0,0,1,0,0,1,0,0,0
g0714,0,54,36,52,8,8,4096,1,neither_forward,0,0,0,0,0,1,0,0,1,0,0,0
g0715,0,54,36,52,8,8,4096,4,neither_forward,0,0,0,0,0,1,0,0,1,0,0,0
g0716,0,54,36,52,8,8,4096,8,neither_forward,0,0,0,0,0,1,0,0,1,0,0,0
g0717,0,54,36,52,64,8,1024,1,neither_forward,0,0,0,0,0,1,0,0,1,0,0,0
g0718,0,54,36,52,64,8,1024,4,neither_forward,0,0,0,0,0,1,0,0,1,0,0,0
g0719,0,54,36,52,64,8,1024,8,neither_forward,0,0,0,0,0,1,0,0,1,0,0,0
g0720,0,54,36,52,64,8,4096,1,neither_forward,0,0,0,0,0,1,0,0,1,0,0,0
g0721,0,54,36,52,64,8,4096,4,neither_forward,0,0,0,0,0,1,0,0,1,0,0,0
g0722,0,54,36,52,64,8,4096,8,neither_forward,0,0,0,0,0,1,0,0,1,0,0,0
g0723,0,54,36,52,1024,8,1024,1,neither_forward,0,0,0,0,0,1,0,0,1,0,0,0
g0724,0,54,36,52,1024,8,1024,4,neither_forward,0,0,0,0,0,1,0,0,1,0,0,0
g0725,0,54,36,52,1024,8,1024,8,neither_forward,0,0,0,0,0,1,0,0,1,0,0,0
g0726,0,54,36,52,1024,8,4096,1,neither_forward,0,0,0,0,0,1,0,0,1,0,0,0
g0727,0,54,36,52,1024,8,4096,4,neither_forward,0,0,0,0,0,1,0,0,1,0,0,0
g0728,0,54,36,52,1024,8,4096,8,neither_forward,0,0,0,0,0,1,0,0,1,0,0,0
g0729,0,54,38,22,8,8,1024,1,neither_forward,0,1,2,0,0,0,0,0,0,1,0,2
g0730,0,54,38,22,8,8,1024,4,neither_forward,0,1,2,0,0,0,0,0,0,1,0,2
g0731,0,54,38,22,8,8,1024,8,neither_forward,0,1,2,0,0,0,0,0,0,1,0,2
g0732,0,54,38,22,8,8,4096,1,neither_forward,0,1,2,0,0,0,0,0,0,1,0,2
g0733,0,54,38,22,8,8,4096,4,neither_forward,0,1,2,0,0,0,0,0,0,1,0,2
g0734,0,54,38,22,8,8,4096,8,neither_forward,0,1,2,0,0,0,0,0,0,1,0,2
g0735,0,54,38,22,64,8,1024,1,neither_forward,0,1,2,0,0,0,0,0,0,1,0,2
g0736,0,54,38,22,64,8,1024,4,neither_forward,0,1,2,0,0,0,0,0,0,1,0,2
g0737,0,54,38,22,64,8,1024,8,neither_forward,0,1,2,0,0,0,0,0,0,1,0,2
g0738,0,54,38,22,64,8,4096,1,neither_forward,0,1,2,0,0,0,0,0,0,1,0,2
g0739,0,54,38,22,64,8,4096,4,neither_forward,0,1,2,0,0,0,0,0,0,1,0,2
g0740,0,54,38,22,64,8,4096,8,neither_forward,0,1,2,0,0,0,0,0,0,1,0,2
g0741,0,54,38,22,1024,8,1024,1,neither_forward,0,1,2,0,0,0,0,0,0,1,0,2
g0742,0,54,38,22,1024,8,1024,4,neither_forward,0,1,2,0,0,0,0,0,0,1,0,2
g0743,0,54,38,22,1024,8,1024,8,neither_forward,0,1,2,0,0,0,0,0,0,1,0,2
g0744,0,54,38,22,1024,8,4096,1,neither_forward,0,1,2,0,0,0,0,0,0,1,0,2
g0745,0,54,38,22,1024,8,4096,4,neither_forward,0,1,2,0,0,0,0,0,0,1,0,2
g0746,0,54,38,22,1024,8,4096,8,neither_forward,0,1,2,0,0,0,0,0,0,1,0,2
g0747,0,54,38,36,8,8,1024,1,neither_forward,0,0,1,0,0,0,0,0,0,0,0,1
g0748,0,54,38,36,8,8,1024,4,neither_forward,0,0,1,0,0,0,0,0,0,0,0,1
g0749,0,54,38,36,8,8,1024,8,neither_forward,0,0,1,0,0,0,0,0,0,0,0,1
g0750,0,54,38,36,8,8,4096,1,neither_forward,0,0,1,0,0,0,0,0,0,0,0,1
g0751,0,54,38,36,8,8,4096,4,neither_forward,0,0,1,0,0,0,0,0,0,0,0,1
g0752,0,54,38,36,8,8,4096,8,neither_forward,0,0,1,0,0,0,0,0,0,0,0,1
g0753,0,54,38,36,64,8,1024,1,neither_forward,0,0,1,0,0,0,0,0,0,0,0,1
g0754,0,54,38,36,64,8,1024,4,neither_forward,0,0,1,0,0,0,0,0,0,0,0,1
g0755,0,54,38,36,64,8,1024,8,neither_forward,0,0,1,0,0,0,0,0,0,0,0,1
g0756,0,54,38,36,64,8,4096,1,neither_forward,0,0,1,0,0,0,0,0,0,0,0,1
g0757,0,54,38,36,64,8,4096,4,neither_forward,0,0,1,0,0,0,0,0,0,0,0,1
g0758,0,54,38,36,64,8,4096,8,neither_forward,0,0,1,0,0,0,0,0,0,0,0,1
g0759,0,54,38,36,1024,8,1024,1,neither_forward,0,0,1,0,0,0,0,0,0,0,0,1
g0760,0,54,38,36,1024,8,1024,4,neither_forward,0,0,1,0,0,0,0,0,0,0,0,1
g0761,0,54,38,36,1024,8,1024,8,neither_forward,0,0,1,0,0,0,0,0,0,0,0,1
g0762,0,54,38,36,1024,8,4096,1,neither_forward,0,0,1,0,0,0,0,0,0,0,0,1
g0763,0,54,38,36,1024,8,4096,4,neither_forward,0,0,1,0,0,0,0,0,0,0,0,1
g0764,0,54,38,36,1024,8,4096,8,neither_forward,0,0,1,0,0,0,0,0,0,0,0,1
g0765,0,54,48,32,8,8,1024,1,neither_forward,0,0,0,1,0,2,0,1,2,0,0,0
g0766,0,54,48,32,8,8,1024,4,neither_forward,0,0,0,1,0,2,0,1,2,0,0,0
g0767,0,54,48,32,8,8,1024,8,neither_forward,0,0,0,1,0,2,0,1,2,0,0,0
g0768,0,54,48,32,8,8,4096,1,neither_forward,0,0,0,1,0,2,0,1,2,0,0,0
g0769,0,54,48,32,8,8,4096,4,neither_forward,0,0,0,1,0,2,0,1,2,0,0,0
g0770,0,54,48,32,8,8,4096,8,neither_forward,0,0,0,1,0,2,0,1,2,0,0,0
g0771,0,54,48,32,64,8,1024,1,neither_forward,0,0,0,1,0,2,0,1,2,0,0,0
g0772,0,54,48,32,64,8,1024,4,neither_forward,0,0,0,1,0,2,0,1,2,0,0,0
g0773,0,54,48,32,64,8,1024,8,neither_forward,0,0,0,1,0,2,0,1,2,0,0,0
g0774,0,54,48,32,64,8,4096,1,neither_forward,0,0,0,1,0,2,0,1,2,0,0,0
g0775,0,54,48,32,64,8,4096,4,neither_forward,0,0,0,1,0,2,0,1,2,0,0,0
g0776,0,54,48,32,64,8,4096,8,neither_forward,0,0,0,1,0,2,0,1,2,0,0,0
g0777,0,54,48,32,1024,8,1024,1,neither_forward,0,0,0,1,0,2,0,1,2,0,0,0
g0778,0,54,48,32,1024,8,1024,4,neither_forward,0,0,0,1,0,2,0,1,2,0,0,0
g0779,0,54,48,32,1024,8,1024,8,neither_forward,0,0,0,1,0,2,0,1,2,0,0,0
g0780,0,54,48,32,1024,8,4096,1,neither_forward,0,0,0,1,0,2,0,1,2,0,0,0
g0781,0,54,48,32,1024,8,4096,4,neither_forward,0,0,0,1,0,2,0,1,2,0,0,0
g0782,0,54,48,32,1024,8,4096,8,neither_forward,0,0,0,1,0,2,0,1,2,0,0,0
g0783,0,54,50,34,8,8,1024,1,neither_forward,0,0,0,0,0,1,0,0,1,0,0,0
g0784,0,54,50,34,8,8,1024,4,neither_forward,0,0,0,0,0,1,0,0,1,0,0,0
g0785,0,54,50,34,8,8,1024,8,neither_forward,0,0,0,0,0,1,0,0,1,0,0,0
g0786,0,54,50,34,8,8,4096,1,neither_forward,0,0,0,0,0,1,0,0,1,0,0,0
g0787,0,54,50,34,8,8,4096,4,neither_forward,0,0,0,0,0,1,0,0,1,0,0,0
g0788,0,54,50,34,8,8,4096,8,neither_forward,0,0,0,0,0,1,0,0,1,0,0,0
g0789,0,54,50,34,64,8,1024,1,neither_forward,0,0,0,0,0,1,0,0,1,0,0,0
g0790,0,54,50,34,64,8,1024,4,neither_forward,0,0,0,0,0,1,0,0,1,0,0,0
g0791,0,54,50,34,64,8,1024,8,neither_forward,0,0,0,0,0,1,0,0,1,0,0,0
g0792,0,54,50,34,64,8,4096,1,neither_forward,0,0,0,0,0,1,0,0,1,0,0,0
g0793,0,54,50,34,64,8,4096,4,neither_forward,0,0,0,0,0,1,0,0,1,0,0,0
g0794,0,54,50,34,64,8,4096,8,neither_forward,0,0,0,0,0,1,0,0,1,0,0,0
g0795,0,54,50,34,1024,8,1024,1,neither_forward,0,0,0,0,0,1,0,0,1,0,0,0
g0796,0,54,50,34,1024,8,1024,4,neither_forward,0,0,0,0,0,1,0,0,1,0,0,0
g0797,0,54,50,34,1024,8,1024,8,neither_forward,0,0,0,0,0,1,0,0,1,0,0,0
g0798,0,54,50,34,1024,8,4096,1,neither_forward,0,0,0,0,0,1,0,0,1,0,0,0
g0799,0,54,50,34,1024,8,4096,4,neither_forward,0,0,0,0,0,1,0,0,1,0,0,0
g0800,0,54,50,34,1024,8,4096,8,neither_forward,0,0,0,0,0,1,0,0,1,0,0,0
g0801,0,54,50,48,8,8,1024,1,neither_forward,0,0,0,1,0,2,0,1,2,0,0,0
g0802,0,54,50,48,8,8,1024,4,neither_forward,0,0,0,1,0,2,0,1,2,0,0,0
g0803,0,54,50,48,8,8,1024,8,neither_forward,0,0,0,1,0,2,0,1,2,0,0,0
g0804,0,54,50,48,8,8,4096,1,neither_forward,0,0,0,1,0,2,0,1,2,0,0,0
g0805,0,54,50,48,8,8,4096,4,neither_forward,0,0,0,1,0,2,0,1,2,0,0,0
g0806,0,54,50,48,8,8,4096,8,neither_forward,0,0,0,1,0,2,0,1,2,0,0,0
g0807,0,54,50,48,64,8,1024,1,neither_forward,0,0,0,1,0,2,0,1,2,0,0,0
g0808,0,54,50,48,64,8,1024,4,neither_forward,0,0,0,1,0,2,0,1,2,0,0,0
g0809,0,54,50,48,64,8,1024,8,neither_forward,0,0,0,1,0,2,0,1,2,0,0,0
g0810,0,54,50,48,64,8,4096,1,neither_forward,0,0,0,1,0,2,0,1,2,0,0,0
g0811,0,54,50,48,64,8,4096,4,neither_forward,0,0,0,1,0,2,0,1,2,0,0,0
g0812,0,54,50,48,64,8,4096,8,neither_forward,0,0,0,1,0,2,0,1,2,0,0,0
g0813,0,54,50,48,1024,8,1024,1,neither_forward,0,0,0,1,0,2,0,1,2,0,0,0
g0814,0,54,50,48,1024,8,1024,4,neither_forward,0,0,0,1,0,2,0,1,2,0,0,0
g0815,0,54,50,48,1024,8,1024,8,neither_forward,0,0,0,1,0,2,0,1,2,0,0,0
g0816,0,54,50,48,1024,8,4096,1,neither_forward,0,0,0,1,0,2,0,1,2,0,0,0
g0817,0,54,50,48,1024,8,4096,4,neither_forward,0,0,0,1,0,2,0,1,2,0,0,0
g0818,0,54,50,48,1024,8,4096,8,neither_forward,0,0,0,1,0,2,0,1,2,0,0,0
g0819,0,54,52,36,8,8,1024,1,neither_forward,0,0,0,0,0,1,0,0,1,0,0,0
g0820,0,54,52,36,8,8,1024,4,neither_forward,0,0,0,0,0,1,0,0,1,0,0,0
g0821,0,54,52,36,8,8,1024,8,neither_forward,0,0,0,0,0,1,0,0,1,0,0,0
g0822,0,54,52,36,8,8,4096,1,neither_forward,0,0,0,0,0,1,0,0,1,0,0,0
g0823,0,54,52,36,8,8,4096,4,neither_forward,0,0,0,0,0,1,0,0,1,0,0,0
g0824,0,54,52,36,8,8,4096,8,neither_forward,0,0,0,0,0,1,0,0,1,0,0,0
g0825,0,54,52,36,64,8,1024,1,neither_forward,0,0,0,0,0,1,0,0,1,0,0,0
g0826,0,54,52,36,64,8,1024,4,neither_forward,0,0,0,0,0,1,0,0,1,0,0,0
g0827,0,54,52,36,64,8,1024,8,neither_forward,0,0,0,0,0,1,0,0,1,0,0,0
g0828,0,54,52,36,64,8,4096,1,neither_forward,0,0,0,0,0,1,0,0,1,0,0,0
g0829,0,54,52,36,64,8,4096,4,neither_forward,0,0,0,0,0,1,0,0,1,0,0,0
g0830,0,54,52,36,64,8,4096,8,neither_forward,0,0,0,0,0,1,0,0,1,0,0,0
g0831,0,54,52,36,1024,8,1024,1,neither_forward,0,0,0,0,0,1,0,0,1,0,0,0
g0832,0,54,52,36,1024,8,1024,4,neither_forward,0,0,0,0,0,1,0,0,1,0,0,0
g0833,0,54,52,36,1024,8,1024,8,neither_forward,0,0,0,0,0,1,0,0,1,0,0,0
g0834,0,54,52,36,1024,8,4096,1,neither_forward,0,0,0,0,0,1,0,0,1,0,0,0
g0835,0,54,52,36,1024,8,4096,4,neither_forward,0,0,0,0,0,1,0,0,1,0,0,0
g0836,0,54,52,36,1024,8,4096,8,neither_forward,0,0,0,0,0,1,0,0,1,0,0,0
g0837,0,54,52,50,8,8,1024,1,neither_forward,0,0,0,1,0,2,0,1,2,0,0,0
g0838,0,54,52,50,8,8,1024,4,neither_forward,0,0,0,1,0,2,0,1,2,0,0,0
g0839,0,54,52,50,8,8,1024,8,neither_forward,0,0,0,1,0,2,0,1,2,0,0,0
g0840,0,54,52,50,8,8,4096,1,neither_forward,0,0,0,1,0,2,0,1,2,0,0,0
g0841,0,54,52,50,8,8,4096,4,neither_forward,0,0,0,1,0,2,0,1,2,0,0,0
g0842,0,54,52,50,8,8,4096,8,neither_forward,0,0,0,1,0,2,0,1,2,0,0,0
g0843,0,54,52,50,64,8,1024,1,neither_forward,0,0,0,1,0,2,0,1,2,0,0,0
g0844,0,54,52,50,64,8,1024,4,neither_forward,0,0,0,1,0,2,0,1,2,0,0,0
g0845,0,54,52,50,64,8,1024,8,neither_forward,0,0,0,1,0,2,0,1,2,0,0,0
g0846,0,54,52,50,64,8,4096,1,neither_forward,0,0,0,1,0,2,0,1,2,0,0,0
g0847,0,54,52,50,64,8,4096,4,neither_forward,0,0,0,1,0,2,0,1,2,0,0,0
g0848,0,54,52,50,64,8,4096,8,neither_forward,0,0,0,1,0,2,0,1,2,0,0,0
g0849,0,54,52,50,1024,8,1024,1,neither_forward,0,0,0,1,0,2,0,1,2,0,0,0
g0850,0,54,52,50,1024,8,1024,4,neither_forward,0,0,0,1,0,2,0,1,2,0,0,0
g0851,0,54,52,50,1024,8,1024,8,neither_forward,0,0,0,1,0,2,0,1,2,0,0,0
g0852,0,54,52,50,1024,8,4096,1,neither_forward,0,0,0,1,0,2,0,1,2,0,0,0
g0853,0,54,52,50,1024,8,4096,4,neither_forward,0,0,0,1,0,2,0,1,2,0,0,0
g0854,0,54,52,50,1024,8,4096,8,neither_forward,0,0,0,1,0,2,0,1,2,0,0,0
g0855,6,48,0,16,8,8,1024,1,XY_forward,1,0,2,0,0,0,0,0,0,0,1,2
g0856,6,48,0,16,8,8,1024,4,XY_forward,1,0,2,0,0,0,0,0,0,0,1,2
g0857,6,48,0,16,8,8,1024,8,XY_forward,1,0,2,0,0,0,0,0,0,0,1,2
g0858,6,48,0,16,8,8,4096,1,XY_forward,1,0,2,0,0,0,0,0,0,0,1,2
g0859,6,48,0,16,8,8,4096,4,XY_forward,1,0,2,0,0,0,0,0,0,0,1,2
g0860,6,48,0,16,8,8,4096,8,XY_forward,1,0,2,0,0,0,0,0,0,0,1,2
g0861,6,48,0,16,64,8,1024,1,XY_forward,1,0,2,0,0,0,0,0,0,0,1,2
g0862,6,48,0,16,64,8,1024,4,XY_forward,1,0,2,0,0,0,0,0,0,0,1,2
g0863,6,48,0,16,64,8,1024,8,XY_forward,1,0,2,0,0,0,0,0,0,0,1,2
g0864,6,48,0,16,64,8,4096,1,XY_forward,1,0,2,0,0,0,0,0,0,0,1,2
g0865,6,48,0,16,64,8,4096,4,XY_forward,1,0,2,0,0,0,0,0,0,0,1,2
g0866,6,48,0,16,64,8,4096,8,XY_forward,1,0,2,0,0,0,0,0,0,0,1,2
g0867,6,48,0,16,1024,8,1024,1,XY_forward,1,0,2,0,0,0,0,0,0,0,1,2
g0868,6,48,0,16,1024,8,1024,4,XY_forward,1,0,2,0,0,0,0,0,0,0,1,2
g0869,6,48,0,16,1024,8,1024,8,XY_forward,1,0,2,0,0,0,0,0,0,0,1,2
g0870,6,48,0,16,1024,8,4096,1,XY_forward,1,0,2,0,0,0,0,0,0,0,1,2
g0871,6,48,0,16,1024,8,4096,4,XY_forward,1,0,2,0,0,0,0,0,0,0,1,2
g0872,6,48,0,16,1024,8,4096,8,XY_forward,1,0,2,0,0,0,0,0,0,0,1,2
g0873,6,48,2,0,8,8,1024,1,XY_forward,1,0,2,0,0,0,0,0,0,0,1,2
g0874,6,48,2,0,8,8,1024,4,XY_forward,1,0,2,0,0,0,0,0,0,0,1,2
g0875,6,48,2,0,8,8,1024,8,XY_forward,1,0,2,0,0,0,0,0,0,0,1,2
g0876,6,48,2,0,8,8,4096,1,XY_forward,1,0,2,0,0,0,0,0,0,0,1,2
g0877,6,48,2,0,8,8,4096,4,XY_forward,1,0,2,0,0,0,0,0,0,0,1,2
g0878,6,48,2,0,8,8,4096,8,XY_forward,1,0,2,0,0,0,0,0,0,0,1,2
g0879,6,48,2,0,64,8,1024,1,XY_forward,1,0,2,0,0,0,0,0,0,0,1,2
g0880,6,48,2,0,64,8,1024,4,XY_forward,1,0,2,0,0,0,0,0,0,0,1,2
g0881,6,48,2,0,64,8,1024,8,XY_forward,1,0,2,0,0,0,0,0,0,0,1,2
g0882,6,48,2,0,64,8,4096,1,XY_forward,1,0,2,0,0,0,0,0,0,0,1,2
g0883,6,48,2,0,64,8,4096,4,XY_forward,1,0,2,0,0,0,0,0,0,0,1,2
g0884,6,48,2,0,64,8,4096,8,XY_forward,1,0,2,0,0,0,0,0,0,0,1,2
g0885,6,48,2,0,1024,8,1024,1,XY_forward,1,0,2,0,0,0,0,0,0,0,1,2
g0886,6,48,2,0,1024,8,1024,4,XY_forward,1,0,2,0,0,0,0,0,0,0,1,2
g0887,6,48,2,0,1024,8,1024,8,XY_forward,1,0,2,0,0,0,0,0,0,0,1,2
g0888,6,48,2,0,1024,8,4096,1,XY_forward,1,0,2,0,0,0,0,0,0,0,1,2
g0889,6,48,2,0,1024,8,4096,4,XY_forward,1,0,2,0,0,0,0,0,0,0,1,2
g0890,6,48,2,0,1024,8,4096,8,XY_forward,1,0,2,0,0,0,0,0,0,0,1,2
g0891,6,48,4,2,8,8,1024,1,XY_forward,1,0,2,0,0,0,0,0,0,0,1,2
g0892,6,48,4,2,8,8,1024,4,XY_forward,1,0,2,0,0,0,0,0,0,0,1,2
g0893,6,48,4,2,8,8,1024,8,XY_forward,1,0,2,0,0,0,0,0,0,0,1,2
g0894,6,48,4,2,8,8,4096,1,XY_forward,1,0,2,0,0,0,0,0,0,0,1,2
g0895,6,48,4,2,8,8,4096,4,XY_forward,1,0,2,0,0,0,0,0,0,0,1,2
g0896,6,48,4,2,8,8,4096,8,XY_forward,1,0,2,0,0,0,0,0,0,0,1,2
g0897,6,48,4,2,64,8,1024,1,XY_forward,1,0,2,0,0,0,0,0,0,0,1,2
g0898,6,48,4,2,64,8,1024,4,XY_forward,1,0,2,0,0,0,0,0,0,0,1,2
g0899,6,48,4,2,64,8,1024,8,XY_forward,1,0,2,0,0,0,0,0,0,0,1,2
g0900,6,48,4,2,64,8,4096,1,XY_forward,1,0,2,0,0,0,0,0,0,0,1,2
g0901,6,48,4,2,64,8,4096,4,XY_forward,1,0,2,0,0,0,0,0,0,0,1,2
g0902,6,48,4,2,64,8,4096,8,XY_forward,1,0,2,0,0,0,0,0,0,0,1,2
g0903,6,48,4,2,1024,8,1024,1,XY_forward,1,0,2,0,0,0,0,0,0,0,1,2
g0904,6,48,4,2,1024,8,1024,4,XY_forward,1,0,2,0,0,0,0,0,0,0,1,2
g0905,6,48,4,2,1024,8,1024,8,XY_forward,1,0,2,0,0,0,0,0,0,0,1,2
g0906,6,48,4,2,1024,8,4096,1,XY_forward,1,0,2,0,0,0,0,0,0,0,1,2
g0907,6,48,4,2,1024,8,4096,4,XY_forward,1,0,2,0,0,0,0,0,0,0,1,2
g0908,6,48,4,2,1024,8,4096,8,XY_forward,1,0,2,0,0,0,0,0,0,0,1,2
g0909,6,48,16,32,8,8,1024,1,XY_forward,1,0,2,0,0,0,0,0,0,0,1,2
g0910,6,48,16,32,8,8,1024,4,XY_forward,1,0,2,0,0,0,0,0,0,0,1,2
g0911,6,48,16,32,8,8,1024,8,XY_forward,1,0,2,0,0,0,0,0,0,0,1,2
g0912,6,48,16,32,8,8,4096,1,XY_forward,1,0,2,0,0,0,0,0,0,0,1,2
g0913,6,48,16,32,8,8,4096,4,XY_forward,1,0,2,0,0,0,0,0,0,0,1,2
g0914,6,48,16,32,8,8,4096,8,XY_forward,1,0,2,0,0,0,0,0,0,0,1,2
g0915,6,48,16,32,64,8,1024,1,XY_forward,1,0,2,0,0,0,0,0,0,0,1,2
g0916,6,48,16,32,64,8,1024,4,XY_forward,1,0,2,0,0,0,0,0,0,0,1,2
g0917,6,48,16,32,64,8,1024,8,XY_forward,1,0,2,0,0,0,0,0,0,0,1,2
g0918,6,48,16,32,64,8,4096,1,XY_forward,1,0,2,0,0,0,0,0,0,0,1,2
g0919,6,48,16,32,64,8,4096,4,XY_forward,1,0,2,0,0,0,0,0,0,0,1,2
g0920,6,48,16,32,64,8,4096,8,XY_forward,1,0,2,0,0,0,0,0,0,0,1,2
g0921,6,48,16,32,1024,8,1024,1,XY_forward,1,0,2,0,0,0,0,0,0,0,1,2
g0922,6,48,16,32,1024,8,1024,4,XY_forward,1,0,2,0,0,0,0,0,0,0,1,2
g0923,6,48,16,32,1024,8,1024,8,XY_forward,1,0,2,0,0,0,0,0,0,0,1,2
g0924,6,48,16,32,1024,8,4096,1,XY_forward,1,0,2,0,0,0,0,0,0,0,1,2
g0925,6,48,16,32,1024,8,4096,4,XY_forward,1,0,2,0,0,0,0,0,0,0,1,2
g0926,6,48,16,32,1024,8,4096,8,XY_forward,1,0,2,0,0,0,0,0,0,0,1,2
g0927,6,48,22,38,8,8,1024,1,YX_forward,0,0,0,0,1,2,1,0,2,0,0,0
g0928,6,48,22,38,8,8,1024,4,YX_forward,0,0,0,0,1,2,1,0,2,0,0,0
g0929,6,48,22,38,8,8,1024,8,YX_forward,0,0,0,0,1,2,1,0,2,0,0,0
g0930,6,48,22,38,8,8,4096,1,YX_forward,0,0,0,0,1,2,1,0,2,0,0,0
g0931,6,48,22,38,8,8,4096,4,YX_forward,0,0,0,0,1,2,1,0,2,0,0,0
g0932,6,48,22,38,8,8,4096,8,YX_forward,0,0,0,0,1,2,1,0,2,0,0,0
g0933,6,48,22,38,64,8,1024,1,YX_forward,0,0,0,0,1,2,1,0,2,0,0,0
g0934,6,48,22,38,64,8,1024,4,YX_forward,0,0,0,0,1,2,1,0,2,0,0,0
g0935,6,48,22,38,64,8,1024,8,YX_forward,0,0,0,0,1,2,1,0,2,0,0,0
g0936,6,48,22,38,64,8,4096,1,YX_forward,0,0,0,0,1,2,1,0,2,0,0,0
g0937,6,48,22,38,64,8,4096,4,YX_forward,0,0,0,0,1,2,1,0,2,0,0,0
g0938,6,48,22,38,64,8,4096,8,YX_forward,0,0,0,0,1,2,1,0,2,0,0,0
g0939,6,48,22,38,1024,8,1024,1,YX_forward,0,0,0,0,1,2,1,0,2,0,0,0
g0940,6,48,22,38,1024,8,1024,4,YX_forward,0,0,0,0,1,2,1,0,2,0,0,0
g0941,6,48,22,38,1024,8,1024,8,YX_forward,0,0,0,0,1,2,1,0,2,0,0,0
g0942,6,48,22,38,1024,8,4096,1,YX_forward,0,0,0,0,1,2,1,0,2,0,0,0
g0943,6,48,22,38,1024,8,4096,4,YX_forward,0,0,0,0,1,2,1,0,2,0,0,0
g0944,6,48,22,38,1024,8,4096,8,YX_forward,0,0,0,0,1,2,1,0,2,0,0,0
g0945,6,48,38,54,8,8,1024,1,YX_forward,0,0,0,0,1,2,1,0,2,0,0,0
g0946,6,48,38,54,8,8,1024,4,YX_forward,0,0,0,0,1,2,1,0,2,0,0,0
g0947,6,48,38,54,8,8,1024,8,YX_forward,0,0,0,0,1,2,1,0,2,0,0,0
g0948,6,48,38,54,8,8,4096,1,YX_forward,0,0,0,0,1,2,1,0,2,0,0,0
g0949,6,48,38,54,8,8,4096,4,YX_forward,0,0,0,0,1,2,1,0,2,0,0,0
g0950,6,48,38,54,8,8,4096,8,YX_forward,0,0,0,0,1,2,1,0,2,0,0,0
g0951,6,48,38,54,64,8,1024,1,YX_forward,0,0,0,0,1,2,1,0,2,0,0,0
g0952,6,48,38,54,64,8,1024,4,YX_forward,0,0,0,0,1,2,1,0,2,0,0,0
g0953,6,48,38,54,64,8,1024,8,YX_forward,0,0,0,0,1,2,1,0,2,0,0,0
g0954,6,48,38,54,64,8,4096,1,YX_forward,0,0,0,0,1,2,1,0,2,0,0,0
g0955,6,48,38,54,64,8,4096,4,YX_forward,0,0,0,0,1,2,1,0,2,0,0,0
g0956,6,48,38,54,64,8,4096,8,YX_forward,0,0,0,0,1,2,1,0,2,0,0,0
g0957,6,48,38,54,1024,8,1024,1,YX_forward,0,0,0,0,1,2,1,0,2,0,0,0
g0958,6,48,38,54,1024,8,1024,4,YX_forward,0,0,0,0,1,2,1,0,2,0,0,0
g0959,6,48,38,54,1024,8,1024,8,YX_forward,0,0,0,0,1,2,1,0,2,0,0,0
g0960,6,48,38,54,1024,8,4096,1,YX_forward,0,0,0,0,1,2,1,0,2,0,0,0
g0961,6,48,38,54,1024,8,4096,4,YX_forward,0,0,0,0,1,2,1,0,2,0,0,0
g0962,6,48,38,54,1024,8,4096,8,YX_forward,0,0,0,0,1,2,1,0,2,0,0,0
g0963,6,48,52,50,8,8,1024,1,YX_forward,0,0,0,0,1,2,1,0,2,0,0,0
g0964,6,48,52,50,8,8,1024,4,YX_forward,0,0,0,0,1,2,1,0,2,0,0,0
g0965,6,48,52,50,8,8,1024,8,YX_forward,0,0,0,0,1,2,1,0,2,0,0,0
g0966,6,48,52,50,8,8,4096,1,YX_forward,0,0,0,0,1,2,1,0,2,0,0,0
g0967,6,48,52,50,8,8,4096,4,YX_forward,0,0,0,0,1,2,1,0,2,0,0,0
g0968,6,48,52,50,8,8,4096,8,YX_forward,0,0,0,0,1,2,1,0,2,0,0,0
g0969,6,48,52,50,64,8,1024,1,YX_forward,0,0,0,0,1,2,1,0,2,0,0,0
g0970,6,48,52,50,64,8,1024,4,YX_forward,0,0,0,0,1,2,1,0,2,0,0,0
g0971,6,48,52,50,64,8,1024,8,YX_forward,0,0,0,0,1,2,1,0,2,0,0,0
g0972,6,48,52,50,64,8,4096,1,YX_forward,0,0,0,0,1,2,1,0,2,0,0,0
g0973,6,48,52,50,64,8,4096,4,YX_forward,0,0,0,0,1,2,1,0,2,0,0,0
g0974,6,48,52,50,64,8,4096,8,YX_forward,0,0,0,0,1,2,1,0,2,0,0,0
g0975,6,48,52,50,1024,8,1024,1,YX_forward,0,0,0,0,1,2,1,0,2,0,0,0
g0976,6,48,52,50,1024,8,1024,4,YX_forward,0,0,0,0,1,2,1,0,2,0,0,0
g0977,6,48,52,50,1024,8,1024,8,YX_forward,0,0,0,0,1,2,1,0,2,0,0,0
g0978,6,48,52,50,1024,8,4096,1,YX_forward,0,0,0,0,1,2,1,0,2,0,0,0
g0979,6,48,52,50,1024,8,4096,4,YX_forward,0,0,0,0,1,2,1,0,2,0,0,0
g0980,6,48,52,50,1024,8,4096,8,YX_forward,0,0,0,0,1,2,1,0,2,0,0,0
g0981,6,48,54,52,8,8,1024,1,YX_forward,0,0,0,0,1,2,1,0,2,0,0,0
g0982,6,48,54,52,8,8,1024,4,YX_forward,0,0,0,0,1,2,1,0,2,0,0,0
g0983,6,48,54,52,8,8,1024,8,YX_forward,0,0,0,0,1,2,1,0,2,0,0,0
g0984,6,48,54,52,8,8,4096,1,YX_forward,0,0,0,0,1,2,1,0,2,0,0,0
g0985,6,48,54,52,8,8,4096,4,YX_forward,0,0,0,0,1,2,1,0,2,0,0,0
g0986,6,48,54,52,8,8,4096,8,YX_forward,0,0,0,0,1,2,1,0,2,0,0,0
g0987,6,48,54,52,64,8,1024,1,YX_forward,0,0,0,0,1,2,1,0,2,0,0,0
g0988,6,48,54,52,64,8,1024,4,YX_forward,0,0,0,0,1,2,1,0,2,0,0,0
g0989,6,48,54,52,64,8,1024,8,YX_forward,0,0,0,0,1,2,1,0,2,0,0,0
g0990,6,48,54,52,64,8,4096,1,YX_forward,0,0,0,0,1,2,1,0,2,0,0,0
g0991,6,48,54,52,64,8,4096,4,YX_forward,0,0,0,0,1,2,1,0,2,0,0,0
g0992,6,48,54,52,64,8,4096,8,YX_forward,0,0,0,0,1,2,1,0,2,0,0,0
g0993,6,48,54,52,1024,8,1024,1,YX_forward,0,0,0,0,1,2,1,0,2,0,0,0
g0994,6,48,54,52,1024,8,1024,4,YX_forward,0,0,0,0,1,2,1,0,2,0,0,0
g0995,6,48,54,52,1024,8,1024,8,YX_forward,0,0,0,0,1,2,1,0,2,0,0,0
g0996,6,48,54,52,1024,8,4096,1,YX_forward,0,0,0,0,1,2,1,0,2,0,0,0
g0997,6,48,54,52,1024,8,4096,4,YX_forward,0,0,0,0,1,2,1,0,2,0,0,0
g0998,6,48,54,52,1024,8,4096,8,YX_forward,0,0,0,0,1,2,1,0,2,0,0,0
g0999,6,48,0,2,8,8,1024,1,neither_forward,0,1,2,0,0,0,0,0,0,1,0,2
g1000,6,48,0,2,8,8,1024,4,neither_forward,0,1,2,0,0,0,0,0,0,1,0,2
g1001,6,48,0,2,8,8,1024,8,neither_forward,0,1,2,0,0,0,0,0,0,1,0,2
g1002,6,48,0,2,8,8,4096,1,neither_forward,0,1,2,0,0,0,0,0,0,1,0,2
g1003,6,48,0,2,8,8,4096,4,neither_forward,0,1,2,0,0,0,0,0,0,1,0,2
g1004,6,48,0,2,8,8,4096,8,neither_forward,0,1,2,0,0,0,0,0,0,1,0,2
g1005,6,48,0,2,64,8,1024,1,neither_forward,0,1,2,0,0,0,0,0,0,1,0,2
g1006,6,48,0,2,64,8,1024,4,neither_forward,0,1,2,0,0,0,0,0,0,1,0,2
g1007,6,48,0,2,64,8,1024,8,neither_forward,0,1,2,0,0,0,0,0,0,1,0,2
g1008,6,48,0,2,64,8,4096,1,neither_forward,0,1,2,0,0,0,0,0,0,1,0,2
g1009,6,48,0,2,64,8,4096,4,neither_forward,0,1,2,0,0,0,0,0,0,1,0,2
g1010,6,48,0,2,64,8,4096,8,neither_forward,0,1,2,0,0,0,0,0,0,1,0,2
g1011,6,48,0,2,1024,8,1024,1,neither_forward,0,1,2,0,0,0,0,0,0,1,0,2
g1012,6,48,0,2,1024,8,1024,4,neither_forward,0,1,2,0,0,0,0,0,0,1,0,2
g1013,6,48,0,2,1024,8,1024,8,neither_forward,0,1,2,0,0,0,0,0,0,1,0,2
g1014,6,48,0,2,1024,8,4096,1,neither_forward,0,1,2,0,0,0,0,0,0,1,0,2
g1015,6,48,0,2,1024,8,4096,4,neither_forward,0,1,2,0,0,0,0,0,0,1,0,2
g1016,6,48,0,2,1024,8,4096,8,neither_forward,0,1,2,0,0,0,0,0,0,1,0,2
g1017,6,48,2,4,8,8,1024,1,neither_forward,0,1,2,0,0,0,0,0,0,1,0,2
g1018,6,48,2,4,8,8,1024,4,neither_forward,0,1,2,0,0,0,0,0,0,1,0,2
g1019,6,48,2,4,8,8,1024,8,neither_forward,0,1,2,0,0,0,0,0,0,1,0,2
g1020,6,48,2,4,8,8,4096,1,neither_forward,0,1,2,0,0,0,0,0,0,1,0,2
g1021,6,48,2,4,8,8,4096,4,neither_forward,0,1,2,0,0,0,0,0,0,1,0,2
g1022,6,48,2,4,8,8,4096,8,neither_forward,0,1,2,0,0,0,0,0,0,1,0,2
g1023,6,48,2,4,64,8,1024,1,neither_forward,0,1,2,0,0,0,0,0,0,1,0,2
g1024,6,48,2,4,64,8,1024,4,neither_forward,0,1,2,0,0,0,0,0,0,1,0,2
g1025,6,48,2,4,64,8,1024,8,neither_forward,0,1,2,0,0,0,0,0,0,1,0,2
g1026,6,48,2,4,64,8,4096,1,neither_forward,0,1,2,0,0,0,0,0,0,1,0,2
g1027,6,48,2,4,64,8,4096,4,neither_forward,0,1,2,0,0,0,0,0,0,1,0,2
g1028,6,48,2,4,64,8,4096,8,neither_forward,0,1,2,0,0,0,0,0,0,1,0,2
g1029,6,48,2,4,1024,8,1024,1,neither_forward,0,1,2,0,0,0,0,0,0,1,0,2
g1030,6,48,2,4,1024,8,1024,4,neither_forward,0,1,2,0,0,0,0,0,0,1,0,2
g1031,6,48,2,4,1024,8,1024,8,neither_forward,0,1,2,0,0,0,0,0,0,1,0,2
g1032,6,48,2,4,1024,8,4096,1,neither_forward,0,1,2,0,0,0,0,0,0,1,0,2
g1033,6,48,2,4,1024,8,4096,4,neither_forward,0,1,2,0,0,0,0,0,0,1,0,2
g1034,6,48,2,4,1024,8,4096,8,neither_forward,0,1,2,0,0,0,0,0,0,1,0,2
g1035,6,48,2,18,8,8,1024,1,neither_forward,0,0,1,0,0,0,0,0,0,0,0,1
g1036,6,48,2,18,8,8,1024,4,neither_forward,0,0,1,0,0,0,0,0,0,0,0,1
g1037,6,48,2,18,8,8,1024,8,neither_forward,0,0,1,0,0,0,0,0,0,0,0,1
g1038,6,48,2,18,8,8,4096,1,neither_forward,0,0,1,0,0,0,0,0,0,0,0,1
g1039,6,48,2,18,8,8,4096,4,neither_forward,0,0,1,0,0,0,0,0,0,0,0,1
g1040,6,48,2,18,8,8,4096,8,neither_forward,0,0,1,0,0,0,0,0,0,0,0,1
g1041,6,48,2,18,64,8,1024,1,neither_forward,0,0,1,0,0,0,0,0,0,0,0,1
g1042,6,48,2,18,64,8,1024,4,neither_forward,0,0,1,0,0,0,0,0,0,0,0,1
g1043,6,48,2,18,64,8,1024,8,neither_forward,0,0,1,0,0,0,0,0,0,0,0,1
g1044,6,48,2,18,64,8,4096,1,neither_forward,0,0,1,0,0,0,0,0,0,0,0,1
g1045,6,48,2,18,64,8,4096,4,neither_forward,0,0,1,0,0,0,0,0,0,0,0,1
g1046,6,48,2,18,64,8,4096,8,neither_forward,0,0,1,0,0,0,0,0,0,0,0,1
g1047,6,48,2,18,1024,8,1024,1,neither_forward,0,0,1,0,0,0,0,0,0,0,0,1
g1048,6,48,2,18,1024,8,1024,4,neither_forward,0,0,1,0,0,0,0,0,0,0,0,1
g1049,6,48,2,18,1024,8,1024,8,neither_forward,0,0,1,0,0,0,0,0,0,0,0,1
g1050,6,48,2,18,1024,8,4096,1,neither_forward,0,0,1,0,0,0,0,0,0,0,0,1
g1051,6,48,2,18,1024,8,4096,4,neither_forward,0,0,1,0,0,0,0,0,0,0,0,1
g1052,6,48,2,18,1024,8,4096,8,neither_forward,0,0,1,0,0,0,0,0,0,0,0,1
g1053,6,48,4,20,8,8,1024,1,neither_forward,0,0,1,0,0,0,0,0,0,0,0,1
g1054,6,48,4,20,8,8,1024,4,neither_forward,0,0,1,0,0,0,0,0,0,0,0,1
g1055,6,48,4,20,8,8,1024,8,neither_forward,0,0,1,0,0,0,0,0,0,0,0,1
g1056,6,48,4,20,8,8,4096,1,neither_forward,0,0,1,0,0,0,0,0,0,0,0,1
g1057,6,48,4,20,8,8,4096,4,neither_forward,0,0,1,0,0,0,0,0,0,0,0,1
g1058,6,48,4,20,8,8,4096,8,neither_forward,0,0,1,0,0,0,0,0,0,0,0,1
g1059,6,48,4,20,64,8,1024,1,neither_forward,0,0,1,0,0,0,0,0,0,0,0,1
g1060,6,48,4,20,64,8,1024,4,neither_forward,0,0,1,0,0,0,0,0,0,0,0,1
g1061,6,48,4,20,64,8,1024,8,neither_forward,0,0,1,0,0,0,0,0,0,0,0,1
g1062,6,48,4,20,64,8,4096,1,neither_forward,0,0,1,0,0,0,0,0,0,0,0,1
g1063,6,48,4,20,64,8,4096,4,neither_forward,0,0,1,0,0,0,0,0,0,0,0,1
g1064,6,48,4,20,64,8,4096,8,neither_forward,0,0,1,0,0,0,0,0,0,0,0,1
g1065,6,48,4,20,1024,8,1024,1,neither_forward,0,0,1,0,0,0,0,0,0,0,0,1
g1066,6,48,4,20,1024,8,1024,4,neither_forward,0,0,1,0,0,0,0,0,0,0,0,1
g1067,6,48,4,20,1024,8,1024,8,neither_forward,0,0,1,0,0,0,0,0,0,0,0,1
g1068,6,48,4,20,1024,8,4096,1,neither_forward,0,0,1,0,0,0,0,0,0,0,0,1
g1069,6,48,4,20,1024,8,4096,4,neither_forward,0,0,1,0,0,0,0,0,0,0,0,1
g1070,6,48,4,20,1024,8,4096,8,neither_forward,0,0,1,0,0,0,0,0,0,0,0,1
g1071,6,48,16,0,8,8,1024,1,neither_forward,0,1,2,0,0,0,0,0,0,1,0,2
g1072,6,48,16,0,8,8,1024,4,neither_forward,0,1,2,0,0,0,0,0,0,1,0,2
g1073,6,48,16,0,8,8,1024,8,neither_forward,0,1,2,0,0,0,0,0,0,1,0,2
g1074,6,48,16,0,8,8,4096,1,neither_forward,0,1,2,0,0,0,0,0,0,1,0,2
g1075,6,48,16,0,8,8,4096,4,neither_forward,0,1,2,0,0,0,0,0,0,1,0,2
g1076,6,48,16,0,8,8,4096,8,neither_forward,0,1,2,0,0,0,0,0,0,1,0,2
g1077,6,48,16,0,64,8,1024,1,neither_forward,0,1,2,0,0,0,0,0,0,1,0,2
g1078,6,48,16,0,64,8,1024,4,neither_forward,0,1,2,0,0,0,0,0,0,1,0,2
g1079,6,48,16,0,64,8,1024,8,neither_forward,0,1,2,0,0,0,0,0,0,1,0,2
g1080,6,48,16,0,64,8,4096,1,neither_forward,0,1,2,0,0,0,0,0,0,1,0,2
g1081,6,48,16,0,64,8,4096,4,neither_forward,0,1,2,0,0,0,0,0,0,1,0,2
g1082,6,48,16,0,64,8,4096,8,neither_forward,0,1,2,0,0,0,0,0,0,1,0,2
g1083,6,48,16,0,1024,8,1024,1,neither_forward,0,1,2,0,0,0,0,0,0,1,0,2
g1084,6,48,16,0,1024,8,1024,4,neither_forward,0,1,2,0,0,0,0,0,0,1,0,2
g1085,6,48,16,0,1024,8,1024,8,neither_forward,0,1,2,0,0,0,0,0,0,1,0,2
g1086,6,48,16,0,1024,8,4096,1,neither_forward,0,1,2,0,0,0,0,0,0,1,0,2
g1087,6,48,16,0,1024,8,4096,4,neither_forward,0,1,2,0,0,0,0,0,0,1,0,2
g1088,6,48,16,0,1024,8,4096,8,neither_forward,0,1,2,0,0,0,0,0,0,1,0,2
g1089,6,48,16,18,8,8,1024,1,neither_forward,0,0,1,0,0,0,0,0,0,0,0,1
g1090,6,48,16,18,8,8,1024,4,neither_forward,0,0,1,0,0,0,0,0,0,0,0,1
g1091,6,48,16,18,8,8,1024,8,neither_forward,0,0,1,0,0,0,0,0,0,0,0,1
g1092,6,48,16,18,8,8,4096,1,neither_forward,0,0,1,0,0,0,0,0,0,0,0,1
g1093,6,48,16,18,8,8,4096,4,neither_forward,0,0,1,0,0,0,0,0,0,0,0,1
g1094,6,48,16,18,8,8,4096,8,neither_forward,0,0,1,0,0,0,0,0,0,0,0,1
g1095,6,48,16,18,64,8,1024,1,neither_forward,0,0,1,0,0,0,0,0,0,0,0,1
g1096,6,48,16,18,64,8,1024,4,neither_forward,0,0,1,0,0,0,0,0,0,0,0,1
g1097,6,48,16,18,64,8,1024,8,neither_forward,0,0,1,0,0,0,0,0,0,0,0,1
g1098,6,48,16,18,64,8,4096,1,neither_forward,0,0,1,0,0,0,0,0,0,0,0,1
g1099,6,48,16,18,64,8,4096,4,neither_forward,0,0,1,0,0,0,0,0,0,0,0,1
g1100,6,48,16,18,64,8,4096,8,neither_forward,0,0,1,0,0,0,0,0,0,0,0,1
g1101,6,48,16,18,1024,8,1024,1,neither_forward,0,0,1,0,0,0,0,0,0,0,0,1
g1102,6,48,16,18,1024,8,1024,4,neither_forward,0,0,1,0,0,0,0,0,0,0,0,1
g1103,6,48,16,18,1024,8,1024,8,neither_forward,0,0,1,0,0,0,0,0,0,0,0,1
g1104,6,48,16,18,1024,8,4096,1,neither_forward,0,0,1,0,0,0,0,0,0,0,0,1
g1105,6,48,16,18,1024,8,4096,4,neither_forward,0,0,1,0,0,0,0,0,0,0,0,1
g1106,6,48,16,18,1024,8,4096,8,neither_forward,0,0,1,0,0,0,0,0,0,0,0,1
g1107,6,48,18,2,8,8,1024,1,neither_forward,0,0,1,0,0,0,0,0,0,0,0,1
g1108,6,48,18,2,8,8,1024,4,neither_forward,0,0,1,0,0,0,0,0,0,0,0,1
g1109,6,48,18,2,8,8,1024,8,neither_forward,0,0,1,0,0,0,0,0,0,0,0,1
g1110,6,48,18,2,8,8,4096,1,neither_forward,0,0,1,0,0,0,0,0,0,0,0,1
g1111,6,48,18,2,8,8,4096,4,neither_forward,0,0,1,0,0,0,0,0,0,0,0,1
g1112,6,48,18,2,8,8,4096,8,neither_forward,0,0,1,0,0,0,0,0,0,0,0,1
g1113,6,48,18,2,64,8,1024,1,neither_forward,0,0,1,0,0,0,0,0,0,0,0,1
g1114,6,48,18,2,64,8,1024,4,neither_forward,0,0,1,0,0,0,0,0,0,0,0,1
g1115,6,48,18,2,64,8,1024,8,neither_forward,0,0,1,0,0,0,0,0,0,0,0,1
g1116,6,48,18,2,64,8,4096,1,neither_forward,0,0,1,0,0,0,0,0,0,0,0,1
g1117,6,48,18,2,64,8,4096,4,neither_forward,0,0,1,0,0,0,0,0,0,0,0,1
g1118,6,48,18,2,64,8,4096,8,neither_forward,0,0,1,0,0,0,0,0,0,0,0,1
g1119,6,48,18,2,1024,8,1024,1,neither_forward,0,0,1,0,0,0,0,0,0,0,0,1
g1120,6,48,18,2,1024,8,1024,4,neither_forward,0,0,1,0,0,0,0,0,0,0,0,1
g1121,6,48,18,2,1024,8,1024,8,neither_forward,0,0,1,0,0,0,0,0,0,0,0,1
g1122,6,48,18,2,1024,8,4096,1,neither_forward,0,0,1,0,0,0,0,0,0,0,0,1
g1123,6,48,18,2,1024,8,4096,4,neither_forward,0,0,1,0,0,0,0,0,0,0,0,1
g1124,6,48,18,2,1024,8,4096,8,neither_forward,0,0,1,0,0,0,0,0,0,0,0,1
g1125,6,48,18,16,8,8,1024,1,neither_forward,0,0,1,0,0,0,0,0,0,0,0,1
g1126,6,48,18,16,8,8,1024,4,neither_forward,0,0,1,0,0,0,0,0,0,0,0,1
g1127,6,48,18,16,8,8,1024,8,neither_forward,0,0,1,0,0,0,0,0,0,0,0,1
g1128,6,48,18,16,8,8,4096,1,neither_forward,0,0,1,0,0,0,0,0,0,0,0,1
g1129,6,48,18,16,8,8,4096,4,neither_forward,0,0,1,0,0,0,0,0,0,0,0,1
g1130,6,48,18,16,8,8,4096,8,neither_forward,0,0,1,0,0,0,0,0,0,0,0,1
g1131,6,48,18,16,64,8,1024,1,neither_forward,0,0,1,0,0,0,0,0,0,0,0,1
g1132,6,48,18,16,64,8,1024,4,neither_forward,0,0,1,0,0,0,0,0,0,0,0,1
g1133,6,48,18,16,64,8,1024,8,neither_forward,0,0,1,0,0,0,0,0,0,0,0,1
g1134,6,48,18,16,64,8,4096,1,neither_forward,0,0,1,0,0,0,0,0,0,0,0,1
g1135,6,48,18,16,64,8,4096,4,neither_forward,0,0,1,0,0,0,0,0,0,0,0,1
g1136,6,48,18,16,64,8,4096,8,neither_forward,0,0,1,0,0,0,0,0,0,0,0,1
g1137,6,48,18,16,1024,8,1024,1,neither_forward,0,0,1,0,0,0,0,0,0,0,0,1
g1138,6,48,18,16,1024,8,1024,4,neither_forward,0,0,1,0,0,0,0,0,0,0,0,1
g1139,6,48,18,16,1024,8,1024,8,neither_forward,0,0,1,0,0,0,0,0,0,0,0,1
g1140,6,48,18,16,1024,8,4096,1,neither_forward,0,0,1,0,0,0,0,0,0,0,0,1
g1141,6,48,18,16,1024,8,4096,4,neither_forward,0,0,1,0,0,0,0,0,0,0,0,1
g1142,6,48,18,16,1024,8,4096,8,neither_forward,0,0,1,0,0,0,0,0,0,0,0,1
g1143,6,48,18,20,8,8,1024,1,neither_forward,0,0,0,0,0,0,0,0,0,0,0,0
g1144,6,48,18,20,8,8,1024,4,neither_forward,0,0,0,0,0,0,0,0,0,0,0,0
g1145,6,48,18,20,8,8,1024,8,neither_forward,0,0,0,0,0,0,0,0,0,0,0,0
g1146,6,48,18,20,8,8,4096,1,neither_forward,0,0,0,0,0,0,0,0,0,0,0,0
g1147,6,48,18,20,8,8,4096,4,neither_forward,0,0,0,0,0,0,0,0,0,0,0,0
g1148,6,48,18,20,8,8,4096,8,neither_forward,0,0,0,0,0,0,0,0,0,0,0,0
g1149,6,48,18,20,64,8,1024,1,neither_forward,0,0,0,0,0,0,0,0,0,0,0,0
g1150,6,48,18,20,64,8,1024,4,neither_forward,0,0,0,0,0,0,0,0,0,0,0,0
g1151,6,48,18,20,64,8,1024,8,neither_forward,0,0,0,0,0,0,0,0,0,0,0,0
g1152,6,48,18,20,64,8,4096,1,neither_forward,0,0,0,0,0,0,0,0,0,0,0,0
g1153,6,48,18,20,64,8,4096,4,neither_forward,0,0,0,0,0,0,0,0,0,0,0,0
g1154,6,48,18,20,64,8,4096,8,neither_forward,0,0,0,0,0,0,0,0,0,0,0,0
g1155,6,48,18,20,1024,8,1024,1,neither_forward,0,0,0,0,0,0,0,0,0,0,0,0
g1156,6,48,18,20,1024,8,1024,4,neither_forward,0,0,0,0,0,0,0,0,0,0,0,0
g1157,6,48,18,20,1024,8,1024,8,neither_forward,0,0,0,0,0,0,0,0,0,0,0,0
g1158,6,48,18,20,1024,8,4096,1,neither_forward,0,0,0,0,0,0,0,0,0,0,0,0
g1159,6,48,18,20,1024,8,4096,4,neither_forward,0,0,0,0,0,0,0,0,0,0,0,0
g1160,6,48,18,20,1024,8,4096,8,neither_forward,0,0,0,0,0,0,0,0,0,0,0,0
g1161,6,48,18,34,8,8,1024,1,neither_forward,0,0,0,0,0,0,0,0,0,0,0,0
g1162,6,48,18,34,8,8,1024,4,neither_forward,0,0,0,0,0,0,0,0,0,0,0,0
g1163,6,48,18,34,8,8,1024,8,neither_forward,0,0,0,0,0,0,0,0,0,0,0,0
g1164,6,48,18,34,8,8,4096,1,neither_forward,0,0,0,0,0,0,0,0,0,0,0,0
g1165,6,48,18,34,8,8,4096,4,neither_forward,0,0,0,0,0,0,0,0,0,0,0,0
g1166,6,48,18,34,8,8,4096,8,neither_forward,0,0,0,0,0,0,0,0,0,0,0,0
g1167,6,48,18,34,64,8,1024,1,neither_forward,0,0,0,0,0,0,0,0,0,0,0,0
g1168,6,48,18,34,64,8,1024,4,neither_forward,0,0,0,0,0,0,0,0,0,0,0,0
g1169,6,48,18,34,64,8,1024,8,neither_forward,0,0,0,0,0,0,0,0,0,0,0,0
g1170,6,48,18,34,64,8,4096,1,neither_forward,0,0,0,0,0,0,0,0,0,0,0,0
g1171,6,48,18,34,64,8,4096,4,neither_forward,0,0,0,0,0,0,0,0,0,0,0,0
g1172,6,48,18,34,64,8,4096,8,neither_forward,0,0,0,0,0,0,0,0,0,0,0,0
g1173,6,48,18,34,1024,8,1024,1,neither_forward,0,0,0,0,0,0,0,0,0,0,0,0
g1174,6,48,18,34,1024,8,1024,4,neither_forward,0,0,0,0,0,0,0,0,0,0,0,0
g1175,6,48,18,34,1024,8,1024,8,neither_forward,0,0,0,0,0,0,0,0,0,0,0,0
g1176,6,48,18,34,1024,8,4096,1,neither_forward,0,0,0,0,0,0,0,0,0,0,0,0
g1177,6,48,18,34,1024,8,4096,4,neither_forward,0,0,0,0,0,0,0,0,0,0,0,0
g1178,6,48,18,34,1024,8,4096,8,neither_forward,0,0,0,0,0,0,0,0,0,0,0,0
g1179,6,48,20,4,8,8,1024,1,neither_forward,0,0,1,0,0,0,0,0,0,0,0,1
g1180,6,48,20,4,8,8,1024,4,neither_forward,0,0,1,0,0,0,0,0,0,0,0,1
g1181,6,48,20,4,8,8,1024,8,neither_forward,0,0,1,0,0,0,0,0,0,0,0,1
g1182,6,48,20,4,8,8,4096,1,neither_forward,0,0,1,0,0,0,0,0,0,0,0,1
g1183,6,48,20,4,8,8,4096,4,neither_forward,0,0,1,0,0,0,0,0,0,0,0,1
g1184,6,48,20,4,8,8,4096,8,neither_forward,0,0,1,0,0,0,0,0,0,0,0,1
g1185,6,48,20,4,64,8,1024,1,neither_forward,0,0,1,0,0,0,0,0,0,0,0,1
g1186,6,48,20,4,64,8,1024,4,neither_forward,0,0,1,0,0,0,0,0,0,0,0,1
g1187,6,48,20,4,64,8,1024,8,neither_forward,0,0,1,0,0,0,0,0,0,0,0,1
g1188,6,48,20,4,64,8,4096,1,neither_forward,0,0,1,0,0,0,0,0,0,0,0,1
g1189,6,48,20,4,64,8,4096,4,neither_forward,0,0,1,0,0,0,0,0,0,0,0,1
g1190,6,48,20,4,64,8,4096,8,neither_forward,0,0,1,0,0,0,0,0,0,0,0,1
g1191,6,48,20,4,1024,8,1024,1,neither_forward,0,0,1,0,0,0,0,0,0,0,0,1
g1192,6,48,20,4,1024,8,1024,4,neither_forward,0,0,1,0,0,0,0,0,0,0,0,1
g1193,6,48,20,4,1024,8,1024,8,neither_forward,0,0,1,0,0,0,0,0,0,0,0,1
g1194,6,48,20,4,1024,8,4096,1,neither_forward,0,0,1,0,0,0,0,0,0,0,0,1
g1195,6,48,20,4,1024,8,4096,4,neither_forward,0,0,1,0,0,0,0,0,0,0,0,1
g1196,6,48,20,4,1024,8,4096,8,neither_forward,0,0,1,0,0,0,0,0,0,0,0,1
g1197,6,48,20,18,8,8,1024,1,neither_forward,0,0,0,0,0,0,0,0,0,0,0,0
g1198,6,48,20,18,8,8,1024,4,neither_forward,0,0,0,0,0,0,0,0,0,0,0,0
g1199,6,48,20,18,8,8,1024,8,neither_forward,0,0,0,0,0,0,0,0,0,0,0,0
g1200,6,48,20,18,8,8,4096,1,neither_forward,0,0,0,0,0,0,0,0,0,0,0,0
g1201,6,48,20,18,8,8,4096,4,neither_forward,0,0,0,0,0,0,0,0,0,0,0,0
g1202,6,48,20,18,8,8,4096,8,neither_forward,0,0,0,0,0,0,0,0,0,0,0,0
g1203,6,48,20,18,64,8,1024,1,neither_forward,0,0,0,0,0,0,0,0,0,0,0,0
g1204,6,48,20,18,64,8,1024,4,neither_forward,0,0,0,0,0,0,0,0,0,0,0,0
g1205,6,48,20,18,64,8,1024,8,neither_forward,0,0,0,0,0,0,0,0,0,0,0,0
g1206,6,48,20,18,64,8,4096,1,neither_forward,0,0,0,0,0,0,0,0,0,0,0,0
g1207,6,48,20,18,64,8,4096,4,neither_forward,0,0,0,0,0,0,0,0,0,0,0,0
g1208,6,48,20,18,64,8,4096,8,neither_forward,0,0,0,0,0,0,0,0,0,0,0,0
g1209,6,48,20,18,1024,8,1024,1,neither_forward,0,0,0,0,0,0,0,0,0,0,0,0
g1210,6,48,20,18,1024,8,1024,4,neither_forward,0,0,0,0,0,0,0,0,0,0,0,0
g1211,6,48,20,18,1024,8,1024,8,neither_forward,0,0,0,0,0,0,0,0,0,0,0,0
g1212,6,48,20,18,1024,8,4096,1,neither_forward,0,0,0,0,0,0,0,0,0,0,0,0
g1213,6,48,20,18,1024,8,4096,4,neither_forward,0,0,0,0,0,0,0,0,0,0,0,0
g1214,6,48,20,18,1024,8,4096,8,neither_forward,0,0,0,0,0,0,0,0,0,0,0,0
g1215,6,48,20,22,8,8,1024,1,neither_forward,0,0,0,0,0,1,0,0,1,0,0,0
g1216,6,48,20,22,8,8,1024,4,neither_forward,0,0,0,0,0,1,0,0,1,0,0,0
g1217,6,48,20,22,8,8,1024,8,neither_forward,0,0,0,0,0,1,0,0,1,0,0,0
g1218,6,48,20,22,8,8,4096,1,neither_forward,0,0,0,0,0,1,0,0,1,0,0,0
g1219,6,48,20,22,8,8,4096,4,neither_forward,0,0,0,0,0,1,0,0,1,0,0,0
g1220,6,48,20,22,8,8,4096,8,neither_forward,0,0,0,0,0,1,0,0,1,0,0,0
g1221,6,48,20,22,64,8,1024,1,neither_forward,0,0,0,0,0,1,0,0,1,0,0,0
g1222,6,48,20,22,64,8,1024,4,neither_forward,0,0,0,0,0,1,0,0,1,0,0,0
g1223,6,48,20,22,64,8,1024,8,neither_forward,0,0,0,0,0,1,0,0,1,0,0,0
g1224,6,48,20,22,64,8,4096,1,neither_forward,0,0,0,0,0,1,0,0,1,0,0,0
g1225,6,48,20,22,64,8,4096,4,neither_forward,0,0,0,0,0,1,0,0,1,0,0,0
g1226,6,48,20,22,64,8,4096,8,neither_forward,0,0,0,0,0,1,0,0,1,0,0,0
g1227,6,48,20,22,1024,8,1024,1,neither_forward,0,0,0,0,0,1,0,0,1,0,0,0
g1228,6,48,20,22,1024,8,1024,4,neither_forward,0,0,0,0,0,1,0,0,1,0,0,0
g1229,6,48,20,22,1024,8,1024,8,neither_forward,0,0,0,0,0,1,0,0,1,0,0,0
g1230,6,48,20,22,1024,8,4096,1,neither_forward,0,0,0,0,0,1,0,0,1,0,0,0
g1231,6,48,20,22,1024,8,4096,4,neither_forward,0,0,0,0,0,1,0,0,1,0,0,0
g1232,6,48,20,22,1024,8,4096,8,neither_forward,0,0,0,0,0,1,0,0,1,0,0,0
g1233,6,48,20,36,8,8,1024,1,neither_forward,0,0,0,0,0,0,0,0,0,0,0,0
g1234,6,48,20,36,8,8,1024,4,neither_forward,0,0,0,0,0,0,0,0,0,0,0,0
g1235,6,48,20,36,8,8,1024,8,neither_forward,0,0,0,0,0,0,0,0,0,0,0,0
g1236,6,48,20,36,8,8,4096,1,neither_forward,0,0,0,0,0,0,0,0,0,0,0,0
g1237,6,48,20,36,8,8,4096,4,neither_forward,0,0,0,0,0,0,0,0,0,0,0,0
g1238,6,48,20,36,8,8,4096,8,neither_forward,0,0,0,0,0,0,0,0,0,0,0,0
g1239,6,48,20,36,64,8,1024,1,neither_forward,0,0,0,0,0,0,0,0,0,0,0,0
g1240,6,48,20,36,64,8,1024,4,neither_forward,0,0,0,0,0,0,0,0,0,0,0,0
g1241,6,48,20,36,64,8,1024,8,neither_forward,0,0,0,0,0,0,0,0,0,0,0,0
g1242,6,48,20,36,64,8,4096,1,neither_forward,0,0,0,0,0,0,0,0,0,0,0,0
g1243,6,48,20,36,64,8,4096,4,neither_forward,0,0,0,0,0,0,0,0,0,0,0,0
g1244,6,48,20,36,64,8,4096,8,neither_forward,0,0,0,0,0,0,0,0,0,0,0,0
g1245,6,48,20,36,1024,8,1024,1,neither_forward,0,0,0,0,0,0,0,0,0,0,0,0
g1246,6,48,20,36,1024,8,1024,4,neither_forward,0,0,0,0,0,0,0,0,0,0,0,0
g1247,6,48,20,36,1024,8,1024,8,neither_forward,0,0,0,0,0,0,0,0,0,0,0,0
g1248,6,48,20,36,1024,8,4096,1,neither_forward,0,0,0,0,0,0,0,0,0,0,0,0
g1249,6,48,20,36,1024,8,4096,4,neither_forward,0,0,0,0,0,0,0,0,0,0,0,0
g1250,6,48,20,36,1024,8,4096,8,neither_forward,0,0,0,0,0,0,0,0,0,0,0,0
g1251,6,48,22,20,8,8,1024,1,neither_forward,0,0,0,0,0,1,0,0,1,0,0,0
g1252,6,48,22,20,8,8,1024,4,neither_forward,0,0,0,0,0,1,0,0,1,0,0,0
g1253,6,48,22,20,8,8,1024,8,neither_forward,0,0,0,0,0,1,0,0,1,0,0,0
g1254,6,48,22,20,8,8,4096,1,neither_forward,0,0,0,0,0,1,0,0,1,0,0,0
g1255,6,48,22,20,8,8,4096,4,neither_forward,0,0,0,0,0,1,0,0,1,0,0,0
g1256,6,48,22,20,8,8,4096,8,neither_forward,0,0,0,0,0,1,0,0,1,0,0,0
g1257,6,48,22,20,64,8,1024,1,neither_forward,0,0,0,0,0,1,0,0,1,0,0,0
g1258,6,48,22,20,64,8,1024,4,neither_forward,0,0,0,0,0,1,0,0,1,0,0,0
g1259,6,48,22,20,64,8,1024,8,neither_forward,0,0,0,0,0,1,0,0,1,0,0,0
g1260,6,48,22,20,64,8,4096,1,neither_forward,0,0,0,0,0,1,0,0,1,0,0,0
g1261,6,48,22,20,64,8,4096,4,neither_forward,0,0,0,0,0,1,0,0,1,0,0,0
g1262,6,48,22,20,64,8,4096,8,neither_forward,0,0,0,0,0,1,0,0,1,0,0,0
g1263,6,48,22,20,1024,8,1024,1,neither_forward,0,0,0,0,0,1,0,0,1,0,0,0
g1264,6,48,22,20,1024,8,1024,4,neither_forward,0,0,0,0,0,1,0,0,1,0,0,0
g1265,6,48,22,20,1024,8,1024,8,neither_forward,0,0,0,0,0,1,0,0,1,0,0,0
g1266,6,48,22,20,1024,8,4096,1,neither_forward,0,0,0,0,0,1,0,0,1,0,0,0
g1267,6,48,22,20,1024,8,4096,4,neither_forward,0,0,0,0,0,1,0,0,1,0,0,0
g1268,6,48,22,20,1024,8,4096,8,neither_forward,0,0,0,0,0,1,0,0,1,0,0,0
g1269,6,48,32,16,8,8,1024,1,neither_forward,0,1,2,0,0,0,0,0,0,1,0,2
g1270,6,48,32,16,8,8,1024,4,neither_forward,0,1,2,0,0,0,0,0,0,1,0,2
g1271,6,48,32,16,8,8,1024,8,neither_forward,0,1,2,0,0,0,0,0,0,1,0,2
g1272,6,48,32,16,8,8,4096,1,neither_forward,0,1,2,0,0,0,0,0,0,1,0,2
g1273,6,48,32,16,8,8,4096,4,neither_forward,0,1,2,0,0,0,0,0,0,1,0,2
g1274,6,48,32,16,8,8,4096,8,neither_forward,0,1,2,0,0,0,0,0,0,1,0,2
g1275,6,48,32,16,64,8,1024,1,neither_forward,0,1,2,0,0,0,0,0,0,1,0,2
g1276,6,48,32,16,64,8,1024,4,neither_forward,0,1,2,0,0,0,0,0,0,1,0,2
g1277,6,48,32,16,64,8,1024,8,neither_forward,0,1,2,0,0,0,0,0,0,1,0,2
g1278,6,48,32,16,64,8,4096,1,neither_forward,0,1,2,0,0,0,0,0,0,1,0,2
g1279,6,48,32,16,64,8,4096,4,neither_forward,0,1,2,0,0,0,0,0,0,1,0,2
g1280,6,48,32,16,64,8,4096,8,neither_forward,0,1,2,0,0,0,0,0,0,1,0,2
g1281,6,48,32,16,1024,8,1024,1,neither_forward,0,1,2,0,0,0,0,0,0,1,0,2
g1282,6,48,32,16,1024,8,1024,4,neither_forward,0,1,2,0,0,0,0,0,0,1,0,2
g1283,6,48,32,16,1024,8,1024,8,neither_forward,0,1,2,0,0,0,0,0,0,1,0,2
g1284,6,48,32,16,1024,8,4096,1,neither_forward,0,1,2,0,0,0,0,0,0,1,0,2
g1285,6,48,32,16,1024,8,4096,4,neither_forward,0,1,2,0,0,0,0,0,0,1,0,2
g1286,6,48,32,16,1024,8,4096,8,neither_forward,0,1,2,0,0,0,0,0,0,1,0,2
g1287,6,48,32,34,8,8,1024,1,neither_forward,0,0,1,0,0,0,0,0,0,0,0,1
g1288,6,48,32,34,8,8,1024,4,neither_forward,0,0,1,0,0,0,0,0,0,0,0,1
g1289,6,48,32,34,8,8,1024,8,neither_forward,0,0,1,0,0,0,0,0,0,0,0,1
g1290,6,48,32,34,8,8,4096,1,neither_forward,0,0,1,0,0,0,0,0,0,0,0,1
g1291,6,48,32,34,8,8,4096,4,neither_forward,0,0,1,0,0,0,0,0,0,0,0,1
g1292,6,48,32,34,8,8,4096,8,neither_forward,0,0,1,0,0,0,0,0,0,0,0,1
g1293,6,48,32,34,64,8,1024,1,neither_forward,0,0,1,0,0,0,0,0,0,0,0,1
g1294,6,48,32,34,64,8,1024,4,neither_forward,0,0,1,0,0,0,0,0,0,0,0,1
g1295,6,48,32,34,64,8,1024,8,neither_forward,0,0,1,0,0,0,0,0,0,0,0,1
g1296,6,48,32,34,64,8,4096,1,neither_forward,0,0,1,0,0,0,0,0,0,0,0,1
g1297,6,48,32,34,64,8,4096,4,neither_forward,0,0,1,0,0,0,0,0,0,0,0,1
g1298,6,48,32,34,64,8,4096,8,neither_forward,0,0,1,0,0,0,0,0,0,0,0,1
g1299,6,48,32,34,1024,8,1024,1,neither_forward,0,0,1,0,0,0,0,0,0,0,0,1
g1300,6,48,32,34,1024,8,1024,4,neither_forward,0,0,1,0,0,0,0,0,0,0,0,1
g1301,6,48,32,34,1024,8,1024,8,neither_forward,0,0,1,0,0,0,0,0,0,0,0,1
g1302,6,48,32,34,1024,8,4096,1,neither_forward,0,0,1,0,0,0,0,0,0,0,0,1
g1303,6,48,32,34,1024,8,4096,4,neither_forward,0,0,1,0,0,0,0,0,0,0,0,1
g1304,6,48,32,34,1024,8,4096,8,neither_forward,0,0,1,0,0,0,0,0,0,0,0,1
g1305,6,48,34,18,8,8,1024,1,neither_forward,0,0,0,0,0,0,0,0,0,0,0,0
g1306,6,48,34,18,8,8,1024,4,neither_forward,0,0,0,0,0,0,0,0,0,0,0,0
g1307,6,48,34,18,8,8,1024,8,neither_forward,0,0,0,0,0,0,0,0,0,0,0,0
g1308,6,48,34,18,8,8,4096,1,neither_forward,0,0,0,0,0,0,0,0,0,0,0,0
g1309,6,48,34,18,8,8,4096,4,neither_forward,0,0,0,0,0,0,0,0,0,0,0,0
g1310,6,48,34,18,8,8,4096,8,neither_forward,0,0,0,0,0,0,0,0,0,0,0,0
g1311,6,48,34,18,64,8,1024,1,neither_forward,0,0,0,0,0,0,0,0,0,0,0,0
g1312,6,48,34,18,64,8,1024,4,neither_forward,0,0,0,0,0,0,0,0,0,0,0,0
g1313,6,48,34,18,64,8,1024,8,neither_forward,0,0,0,0,0,0,0,0,0,0,0,0
g1314,6,48,34,18,64,8,4096,1,neither_forward,0,0,0,0,0,0,0,0,0,0,0,0
g1315,6,48,34,18,64,8,4096,4,neither_forward,0,0,0,0,0,0,0,0,0,0,0,0
g1316,6,48,34,18,64,8,4096,8,neither_forward,0,0,0,0,0,0,0,0,0,0,0,0
g1317,6,48,34,18,1024,8,1024,1,neither_forward,0,0,0,0,0,0,0,0,0,0,0,0
g1318,6,48,34,18,1024,8,1024,4,neither_forward,0,0,0,0,0,0,0,0,0,0,0,0
g1319,6,48,34,18,1024,8,1024,8,neither_forward,0,0,0,0,0,0,0,0,0,0,0,0
g1320,6,48,34,18,1024,8,4096,1,neither_forward,0,0,0,0,0,0,0,0,0,0,0,0
g1321,6,48,34,18,1024,8,4096,4,neither_forward,0,0,0,0,0,0,0,0,0,0,0,0
g1322,6,48,34,18,1024,8,4096,8,neither_forward,0,0,0,0,0,0,0,0,0,0,0,0
g1323,6,48,34,32,8,8,1024,1,neither_forward,0,0,1,0,0,0,0,0,0,0,0,1
g1324,6,48,34,32,8,8,1024,4,neither_forward,0,0,1,0,0,0,0,0,0,0,0,1
g1325,6,48,34,32,8,8,1024,8,neither_forward,0,0,1,0,0,0,0,0,0,0,0,1
g1326,6,48,34,32,8,8,4096,1,neither_forward,0,0,1,0,0,0,0,0,0,0,0,1
g1327,6,48,34,32,8,8,4096,4,neither_forward,0,0,1,0,0,0,0,0,0,0,0,1
g1328,6,48,34,32,8,8,4096,8,neither_forward,0,0,1,0,0,0,0,0,0,0,0,1
g1329,6,48,34,32,64,8,1024,1,neither_forward,0,0,1,0,0,0,0,0,0,0,0,1
g1330,6,48,34,32,64,8,1024,4,neither_forward,0,0,1,0,0,0,0,0,0,0,0,1
g1331,6,48,34,32,64,8,1024,8,neither_forward,0,0,1,0,0,0,0,0,0,0,0,1
g1332,6,48,34,32,64,8,4096,1,neither_forward,0,0,1,0,0,0,0,0,0,0,0,1
g1333,6,48,34,32,64,8,4096,4,neither_forward,0,0,1,0,0,0,0,0,0,0,0,1
g1334,6,48,34,32,64,8,4096,8,neither_forward,0,0,1,0,0,0,0,0,0,0,0,1
g1335,6,48,34,32,1024,8,1024,1,neither_forward,0,0,1,0,0,0,0,0,0,0,0,1
g1336,6,48,34,32,1024,8,1024,4,neither_forward,0,0,1,0,0,0,0,0,0,0,0,1
g1337,6,48,34,32,1024,8,1024,8,neither_forward,0,0,1,0,0,0,0,0,0,0,0,1
g1338,6,48,34,32,1024,8,4096,1,neither_forward,0,0,1,0,0,0,0,0,0,0,0,1
g1339,6,48,34,32,1024,8,4096,4,neither_forward,0,0,1,0,0,0,0,0,0,0,0,1
g1340,6,48,34,32,1024,8,4096,8,neither_forward,0,0,1,0,0,0,0,0,0,0,0,1
g1341,6,48,34,36,8,8,1024,1,neither_forward,0,0,0,0,0,0,0,0,0,0,0,0
g1342,6,48,34,36,8,8,1024,4,neither_forward,0,0,0,0,0,0,0,0,0,0,0,0
g1343,6,48,34,36,8,8,1024,8,neither_forward,0,0,0,0,0,0,0,0,0,0,0,0
g1344,6,48,34,36,8,8,4096,1,neither_forward,0,0,0,0,0,0,0,0,0,0,0,0
g1345,6,48,34,36,8,8,4096,4,neither_forward,0,0,0,0,0,0,0,0,0,0,0,0
g1346,6,48,34,36,8,8,4096,8,neither_forward,0,0,0,0,0,0,0,0,0,0,0,0
g1347,6,48,34,36,64,8,1024,1,neither_forward,0,0,0,0,0,0,0,0,0,0,0,0
g1348,6,48,34,36,64,8,1024,4,neither_forward,0,0,0,0,0,0,0,0,0,0,0,0
g1349,6,48,34,36,64,8,1024,8,neither_forward,0,0,0,0,0,0,0,0,0,0,0,0
g1350,6,48,34,36,64,8,4096,1,neither_forward,0,0,0,0,0,0,0,0,0,0,0,0
g1351,6,48,34,36,64,8,4096,4,neither_forward,0,0,0,0,0,0,0,0,0,0,0,0
g1352,6,48,34,36,64,8,4096,8,neither_forward,0,0,0,0,0,0,0,0,0,0,0,0
g1353,6,48,34,36,1024,8,1024,1,neither_forward,0,0,0,0,0,0,0,0,0,0,0,0
g1354,6,48,34,36,1024,8,1024,4,neither_forward,0,0,0,0,0,0,0,0,0,0,0,0
g1355,6,48,34,36,1024,8,1024,8,neither_forward,0,0,0,0,0,0,0,0,0,0,0,0
g1356,6,48,34,36,1024,8,4096,1,neither_forward,0,0,0,0,0,0,0,0,0,0,0,0
g1357,6,48,34,36,1024,8,4096,4,neither_forward,0,0,0,0,0,0,0,0,0,0,0,0
g1358,6,48,34,36,1024,8,4096,8,neither_forward,0,0,0,0,0,0,0,0,0,0,0,0
g1359,6,48,34,50,8,8,1024,1,neither_forward,0,0,0,0,0,1,0,0,1,0,0,0
g1360,6,48,34,50,8,8,1024,4,neither_forward,0,0,0,0,0,1,0,0,1,0,0,0
g1361,6,48,34,50,8,8,1024,8,neither_forward,0,0,0,0,0,1,0,0,1,0,0,0
g1362,6,48,34,50,8,8,4096,1,neither_forward,0,0,0,0,0,1,0,0,1,0,0,0
g1363,6,48,34,50,8,8,4096,4,neither_forward,0,0,0,0,0,1,0,0,1,0,0,0
g1364,6,48,34,50,8,8,4096,8,neither_forward,0,0,0,0,0,1,0,0,1,0,0,0
g1365,6,48,34,50,64,8,1024,1,neither_forward,0,0,0,0,0,1,0,0,1,0,0,0
g1366,6,48,34,50,64,8,1024,4,neither_forward,0,0,0,0,0,1,0,0,1,0,0,0
g1367,6,48,34,50,64,8,1024,8,neither_forward,0,0,0,0,0,1,0,0,1,0,0,0
g1368,6,48,34,50,64,8,4096,1,neither_forward,0,0,0,0,0,1,0,0,1,0,0,0
g1369,6,48,34,50,64,8,4096,4,neither_forward,0,0,0,0,0,1,0,0,1,0,0,0
g1370,6,48,34,50,64,8,4096,8,neither_forward,0,0,0,0,0,1,0,0,1,0,0,0
g1371,6,48,34,50,1024,8,1024,1,neither_forward,0,0,0,0,0,1,0,0,1,0,0,0
g1372,6,48,34,50,1024,8,1024,4,neither_forward,0,0,0,0,0,1,0,0,1,0,0,0
g1373,6,48,34,50,1024,8,1024,8,neither_forward,0,0,0,0,0,1,0,0,1,0,0,0
g1374,6,48,34,50,1024,8,4096,1,neither_forward,0,0,0,0,0,1,0,0,1,0,0,0
g1375,6,48,34,50,1024,8,4096,4,neither_forward,0,0,0,0,0,1,0,0,1,0,0,0
g1376,6,48,34,50,1024,8,4096,8,neither_forward,0,0,0,0,0,1,0,0,1,0,0,0
g1377,6,48,36,20,8,8,1024,1,neither_forward,0,0,0,0,0,0,0,0,0,0,0,0
g1378,6,48,36,20,8,8,1024,4,neither_forward,0,0,0,0,0,0,0,0,0,0,0,0
g1379,6,48,36,20,8,8,1024,8,neither_forward,0,0,0,0,0,0,0,0,0,0,0,0
g1380,6,48,36,20,8,8,4096,1,neither_forward,0,0,0,0,0,0,0,0,0,0,0,0
g1381,6,48,36,20,8,8,4096,4,neither_forward,0,0,0,0,0,0,0,0,0,0,0,0
g1382,6,48,36,20,8,8,4096,8,neither_forward,0,0,0,0,0,0,0,0,0,0,0,0
g1383,6,48,36,20,64,8,1024,1,neither_forward,0,0,0,0,0,0,0,0,0,0,0,0
g1384,6,48,36,20,64,8,1024,4,neither_forward,0,0,0,0,0,0,0,0,0,0,0,0
g1385,6,48,36,20,64,8,1024,8,neither_forward,0,0,0,0,0,0,0,0,0,0,0,0
g1386,6,48,36,20,64,8,4096,1,neither_forward,0,0,0,0,0,0,0,0,0,0,0,0
g1387,6,48,36,20,64,8,4096,4,neither_forward,0,0,0,0,0,0,0,0,0,0,0,0
g1388,6,48,36,20,64,8,4096,8,neither_forward,0,0,0,0,0,0,0,0,0,0,0,0
g1389,6,48,36,20,1024,8,1024,1,neither_forward,0,0,0,0,0,0,0,0,0,0,0,0
g1390,6,48,36,20,1024,8,1024,4,neither_forward,0,0,0,0,0,0,0,0,0,0,0,0
g1391,6,48,36,20,1024,8,1024,8,neither_forward,0,0,0,0,0,0,0,0,0,0,0,0
g1392,6,48,36,20,1024,8,4096,1,neither_forward,0,0,0,0,0,0,0,0,0,0,0,0
g1393,6,48,36,20,1024,8,4096,4,neither_forward,0,0,0,0,0,0,0,0,0,0,0,0
g1394,6,48,36,20,1024,8,4096,8,neither_forward,0,0,0,0,0,0,0,0,0,0,0,0
g1395,6,48,36,34,8,8,1024,1,neither_forward,0,0,0,0,0,0,0,0,0,0,0,0
g1396,6,48,36,34,8,8,1024,4,neither_forward,0,0,0,0,0,0,0,0,0,0,0,0
g1397,6,48,36,34,8,8,1024,8,neither_forward,0,0,0,0,0,0,0,0,0,0,0,0
g1398,6,48,36,34,8,8,4096,1,neither_forward,0,0,0,0,0,0,0,0,0,0,0,0
g1399,6,48,36,34,8,8,4096,4,neither_forward,0,0,0,0,0,0,0,0,0,0,0,0
g1400,6,48,36,34,8,8,4096,8,neither_forward,0,0,0,0,0,0,0,0,0,0,0,0
g1401,6,48,36,34,64,8,1024,1,neither_forward,0,0,0,0,0,0,0,0,0,0,0,0
g1402,6,48,36,34,64,8,1024,4,neither_forward,0,0,0,0,0,0,0,0,0,0,0,0
g1403,6,48,36,34,64,8,1024,8,neither_forward,0,0,0,0,0,0,0,0,0,0,0,0
g1404,6,48,36,34,64,8,4096,1,neither_forward,0,0,0,0,0,0,0,0,0,0,0,0
g1405,6,48,36,34,64,8,4096,4,neither_forward,0,0,0,0,0,0,0,0,0,0,0,0
g1406,6,48,36,34,64,8,4096,8,neither_forward,0,0,0,0,0,0,0,0,0,0,0,0
g1407,6,48,36,34,1024,8,1024,1,neither_forward,0,0,0,0,0,0,0,0,0,0,0,0
g1408,6,48,36,34,1024,8,1024,4,neither_forward,0,0,0,0,0,0,0,0,0,0,0,0
g1409,6,48,36,34,1024,8,1024,8,neither_forward,0,0,0,0,0,0,0,0,0,0,0,0
g1410,6,48,36,34,1024,8,4096,1,neither_forward,0,0,0,0,0,0,0,0,0,0,0,0
g1411,6,48,36,34,1024,8,4096,4,neither_forward,0,0,0,0,0,0,0,0,0,0,0,0
g1412,6,48,36,34,1024,8,4096,8,neither_forward,0,0,0,0,0,0,0,0,0,0,0,0
g1413,6,48,36,38,8,8,1024,1,neither_forward,0,0,0,0,0,1,0,0,1,0,0,0
g1414,6,48,36,38,8,8,1024,4,neither_forward,0,0,0,0,0,1,0,0,1,0,0,0
g1415,6,48,36,38,8,8,1024,8,neither_forward,0,0,0,0,0,1,0,0,1,0,0,0
g1416,6,48,36,38,8,8,4096,1,neither_forward,0,0,0,0,0,1,0,0,1,0,0,0
g1417,6,48,36,38,8,8,4096,4,neither_forward,0,0,0,0,0,1,0,0,1,0,0,0
g1418,6,48,36,38,8,8,4096,8,neither_forward,0,0,0,0,0,1,0,0,1,0,0,0
g1419,6,48,36,38,64,8,1024,1,neither_forward,0,0,0,0,0,1,0,0,1,0,0,0
g1420,6,48,36,38,64,8,1024,4,neither_forward,0,0,0,0,0,1,0,0,1,0,0,0
g1421,6,48,36,38,64,8,1024,8,neither_forward,0,0,0,0,0,1,0,0,1,0,0,0
g1422,6,48,36,38,64,8,4096,1,neither_forward,0,0,0,0,0,1,0,0,1,0,0,0
g1423,6,48,36,38,64,8,4096,4,neither_forward,0,0,0,0,0,1,0,0,1,0,0,0
g1424,6,48,36,38,64,8,4096,8,neither_forward,0,0,0,0,0,1,0,0,1,0,0,0
g1425,6,48,36,38,1024,8,1024,1,neither_forward,0,0,0,0,0,1,0,0,1,0,0,0
g1426,6,48,36,38,1024,8,1024,4,neither_forward,0,0,0,0,0,1,0,0,1,0,0,0
g1427,6,48,36,38,1024,8,1024,8,neither_forward,0,0,0,0,0,1,0,0,1,0,0,0
g1428,6,48,36,38,1024,8,4096,1,neither_forward,0,0,0,0,0,1,0,0,1,0,0,0
g1429,6,48,36,38,1024,8,4096,4,neither_forward,0,0,0,0,0,1,0,0,1,0,0,0
g1430,6,48,36,38,1024,8,4096,8,neither_forward,0,0,0,0,0,1,0,0,1,0,0,0
g1431,6,48,36,52,8,8,1024,1,neither_forward,0,0,0,0,0,1,0,0,1,0,0,0
g1432,6,48,36,52,8,8,1024,4,neither_forward,0,0,0,0,0,1,0,0,1,0,0,0
g1433,6,48,36,52,8,8,1024,8,neither_forward,0,0,0,0,0,1,0,0,1,0,0,0
g1434,6,48,36,52,8,8,4096,1,neither_forward,0,0,0,0,0,1,0,0,1,0,0,0
g1435,6,48,36,52,8,8,4096,4,neither_forward,0,0,0,0,0,1,0,0,1,0,0,0
g1436,6,48,36,52,8,8,4096,8,neither_forward,0,0,0,0,0,1,0,0,1,0,0,0
g1437,6,48,36,52,64,8,1024,1,neither_forward,0,0,0,0,0,1,0,0,1,0,0,0
g1438,6,48,36,52,64,8,1024,4,neither_forward,0,0,0,0,0,1,0,0,1,0,0,0
g1439,6,48,36,52,64,8,1024,8,neither_forward,0,0,0,0,0,1,0,0,1,0,0,0
g1440,6,48,36,52,64,8,4096,1,neither_forward,0,0,0,0,0,1,0,0,1,0,0,0
g1441,6,48,36,52,64,8,4096,4,neither_forward,0,0,0,0,0,1,0,0,1,0,0,0
g1442,6,48,36,52,64,8,4096,8,neither_forward,0,0,0,0,0,1,0,0,1,0,0,0
g1443,6,48,36,52,1024,8,1024,1,neither_forward,0,0,0,0,0,1,0,0,1,0,0,0
g1444,6,48,36,52,1024,8,1024,4,neither_forward,0,0,0,0,0,1,0,0,1,0,0,0
g1445,6,48,36,52,1024,8,1024,8,neither_forward,0,0,0,0,0,1,0,0,1,0,0,0
g1446,6,48,36,52,1024,8,4096,1,neither_forward,0,0,0,0,0,1,0,0,1,0,0,0
g1447,6,48,36,52,1024,8,4096,4,neither_forward,0,0,0,0,0,1,0,0,1,0,0,0
g1448,6,48,36,52,1024,8,4096,8,neither_forward,0,0,0,0,0,1,0,0,1,0,0,0
g1449,6,48,38,22,8,8,1024,1,neither_forward,0,0,0,1,0,2,0,1,2,0,0,0
g1450,6,48,38,22,8,8,1024,4,neither_forward,0,0,0,1,0,2,0,1,2,0,0,0
g1451,6,48,38,22,8,8,1024,8,neither_forward,0,0,0,1,0,2,0,1,2,0,0,0
g1452,6,48,38,22,8,8,4096,1,neither_forward,0,0,0,1,0,2,0,1,2,0,0,0
g1453,6,48,38,22,8,8,4096,4,neither_forward,0,0,0,1,0,2,0,1,2,0,0,0
g1454,6,48,38,22,8,8,4096,8,neither_forward,0,0,0,1,0,2,0,1,2,0,0,0
g1455,6,48,38,22,64,8,1024,1,neither_forward,0,0,0,1,0,2,0,1,2,0,0,0
g1456,6,48,38,22,64,8,1024,4,neither_forward,0,0,0,1,0,2,0,1,2,0,0,0
g1457,6,48,38,22,64,8,1024,8,neither_forward,0,0,0,1,0,2,0,1,2,0,0,0
g1458,6,48,38,22,64,8,4096,1,neither_forward,0,0,0,1,0,2,0,1,2,0,0,0
g1459,6,48,38,22,64,8,4096,4,neither_forward,0,0,0,1,0,2,0,1,2,0,0,0
g1460,6,48,38,22,64,8,4096,8,neither_forward,0,0,0,1,0,2,0,1,2,0,0,0
g1461,6,48,38,22,1024,8,1024,1,neither_forward,0,0,0,1,0,2,0,1,2,0,0,0
g1462,6,48,38,22,1024,8,1024,4,neither_forward,0,0,0,1,0,2,0,1,2,0,0,0
g1463,6,48,38,22,1024,8,1024,8,neither_forward,0,0,0,1,0,2,0,1,2,0,0,0
g1464,6,48,38,22,1024,8,4096,1,neither_forward,0,0,0,1,0,2,0,1,2,0,0,0
g1465,6,48,38,22,1024,8,4096,4,neither_forward,0,0,0,1,0,2,0,1,2,0,0,0
g1466,6,48,38,22,1024,8,4096,8,neither_forward,0,0,0,1,0,2,0,1,2,0,0,0
g1467,6,48,38,36,8,8,1024,1,neither_forward,0,0,0,0,0,1,0,0,1,0,0,0
g1468,6,48,38,36,8,8,1024,4,neither_forward,0,0,0,0,0,1,0,0,1,0,0,0
g1469,6,48,38,36,8,8,1024,8,neither_forward,0,0,0,0,0,1,0,0,1,0,0,0
g1470,6,48,38,36,8,8,4096,1,neither_forward,0,0,0,0,0,1,0,0,1,0,0,0
g1471,6,48,38,36,8,8,4096,4,neither_forward,0,0,0,0,0,1,0,0,1,0,0,0
g1472,6,48,38,36,8,8,4096,8,neither_forward,0,0,0,0,0,1,0,0,1,0,0,0
g1473,6,48,38,36,64,8,1024,1,neither_forward,0,0,0,0,0,1,0,0,1,0,0,0
g1474,6,48,38,36,64,8,1024,4,neither_forward,0,0,0,0,0,1,0,0,1,0,0,0
g1475,6,48,38,36,64,8,1024,8,neither_forward,0,0,0,0,0,1,0,0,1,0,0,0
g1476,6,48,38,36,64,8,4096,1,neither_forward,0,0,0,0,0,1,0,0,1,0,0,0
g1477,6,48,38,36,64,8,4096,4,neither_forward,0,0,0,0,0,1,0,0,1,0,0,0
g1478,6,48,38,36,64,8,4096,8,neither_forward,0,0,0,0,0,1,0,0,1,0,0,0
g1479,6,48,38,36,1024,8,1024,1,neither_forward,0,0,0,0,0,1,0,0,1,0,0,0
g1480,6,48,38,36,1024,8,1024,4,neither_forward,0,0,0,0,0,1,0,0,1,0,0,0
g1481,6,48,38,36,1024,8,1024,8,neither_forward,0,0,0,0,0,1,0,0,1,0,0,0
g1482,6,48,38,36,1024,8,4096,1,neither_forward,0,0,0,0,0,1,0,0,1,0,0,0
g1483,6,48,38,36,1024,8,4096,4,neither_forward,0,0,0,0,0,1,0,0,1,0,0,0
g1484,6,48,38,36,1024,8,4096,8,neither_forward,0,0,0,0,0,1,0,0,1,0,0,0
g1485,6,48,50,34,8,8,1024,1,neither_forward,0,0,0,0,0,1,0,0,1,0,0,0
g1486,6,48,50,34,8,8,1024,4,neither_forward,0,0,0,0,0,1,0,0,1,0,0,0
g1487,6,48,50,34,8,8,1024,8,neither_forward,0,0,0,0,0,1,0,0,1,0,0,0
g1488,6,48,50,34,8,8,4096,1,neither_forward,0,0,0,0,0,1,0,0,1,0,0,0
g1489,6,48,50,34,8,8,4096,4,neither_forward,0,0,0,0,0,1,0,0,1,0,0,0
g1490,6,48,50,34,8,8,4096,8,neither_forward,0,0,0,0,0,1,0,0,1,0,0,0
g1491,6,48,50,34,64,8,1024,1,neither_forward,0,0,0,0,0,1,0,0,1,0,0,0
g1492,6,48,50,34,64,8,1024,4,neither_forward,0,0,0,0,0,1,0,0,1,0,0,0
g1493,6,48,50,34,64,8,1024,8,neither_forward,0,0,0,0,0,1,0,0,1,0,0,0
g1494,6,48,50,34,64,8,4096,1,neither_forward,0,0,0,0,0,1,0,0,1,0,0,0
g1495,6,48,50,34,64,8,4096,4,neither_forward,0,0,0,0,0,1,0,0,1,0,0,0
g1496,6,48,50,34,64,8,4096,8,neither_forward,0,0,0,0,0,1,0,0,1,0,0,0
g1497,6,48,50,34,1024,8,1024,1,neither_forward,0,0,0,0,0,1,0,0,1,0,0,0
g1498,6,48,50,34,1024,8,1024,4,neither_forward,0,0,0,0,0,1,0,0,1,0,0,0
g1499,6,48,50,34,1024,8,1024,8,neither_forward,0,0,0,0,0,1,0,0,1,0,0,0
g1500,6,48,50,34,1024,8,4096,1,neither_forward,0,0,0,0,0,1,0,0,1,0,0,0
g1501,6,48,50,34,1024,8,4096,4,neither_forward,0,0,0,0,0,1,0,0,1,0,0,0
g1502,6,48,50,34,1024,8,4096,8,neither_forward,0,0,0,0,0,1,0,0,1,0,0,0
g1503,6,48,50,52,8,8,1024,1,neither_forward,0,0,0,1,0,2,0,1,2,0,0,0
g1504,6,48,50,52,8,8,1024,4,neither_forward,0,0,0,1,0,2,0,1,2,0,0,0
g1505,6,48,50,52,8,8,1024,8,neither_forward,0,0,0,1,0,2,0,1,2,0,0,0
g1506,6,48,50,52,8,8,4096,1,neither_forward,0,0,0,1,0,2,0,1,2,0,0,0
g1507,6,48,50,52,8,8,4096,4,neither_forward,0,0,0,1,0,2,0,1,2,0,0,0
g1508,6,48,50,52,8,8,4096,8,neither_forward,0,0,0,1,0,2,0,1,2,0,0,0
g1509,6,48,50,52,64,8,1024,1,neither_forward,0,0,0,1,0,2,0,1,2,0,0,0
g1510,6,48,50,52,64,8,1024,4,neither_forward,0,0,0,1,0,2,0,1,2,0,0,0
g1511,6,48,50,52,64,8,1024,8,neither_forward,0,0,0,1,0,2,0,1,2,0,0,0
g1512,6,48,50,52,64,8,4096,1,neither_forward,0,0,0,1,0,2,0,1,2,0,0,0
g1513,6,48,50,52,64,8,4096,4,neither_forward,0,0,0,1,0,2,0,1,2,0,0,0
g1514,6,48,50,52,64,8,4096,8,neither_forward,0,0,0,1,0,2,0,1,2,0,0,0
g1515,6,48,50,52,1024,8,1024,1,neither_forward,0,0,0,1,0,2,0,1,2,0,0,0
g1516,6,48,50,52,1024,8,1024,4,neither_forward,0,0,0,1,0,2,0,1,2,0,0,0
g1517,6,48,50,52,1024,8,1024,8,neither_forward,0,0,0,1,0,2,0,1,2,0,0,0
g1518,6,48,50,52,1024,8,4096,1,neither_forward,0,0,0,1,0,2,0,1,2,0,0,0
g1519,6,48,50,52,1024,8,4096,4,neither_forward,0,0,0,1,0,2,0,1,2,0,0,0
g1520,6,48,50,52,1024,8,4096,8,neither_forward,0,0,0,1,0,2,0,1,2,0,0,0
g1521,6,48,52,36,8,8,1024,1,neither_forward,0,0,0,0,0,1,0,0,1,0,0,0
g1522,6,48,52,36,8,8,1024,4,neither_forward,0,0,0,0,0,1,0,0,1,0,0,0
g1523,6,48,52,36,8,8,1024,8,neither_forward,0,0,0,0,0,1,0,0,1,0,0,0
g1524,6,48,52,36,8,8,4096,1,neither_forward,0,0,0,0,0,1,0,0,1,0,0,0
g1525,6,48,52,36,8,8,4096,4,neither_forward,0,0,0,0,0,1,0,0,1,0,0,0
g1526,6,48,52,36,8,8,4096,8,neither_forward,0,0,0,0,0,1,0,0,1,0,0,0
g1527,6,48,52,36,64,8,1024,1,neither_forward,0,0,0,0,0,1,0,0,1,0,0,0
g1528,6,48,52,36,64,8,1024,4,neither_forward,0,0,0,0,0,1,0,0,1,0,0,0
g1529,6,48,52,36,64,8,1024,8,neither_forward,0,0,0,0,0,1,0,0,1,0,0,0
g1530,6,48,52,36,64,8,4096,1,neither_forward,0,0,0,0,0,1,0,0,1,0,0,0
g1531,6,48,52,36,64,8,4096,4,neither_forward,0,0,0,0,0,1,0,0,1,0,0,0
g1532,6,48,52,36,64,8,4096,8,neither_forward,0,0,0,0,0,1,0,0,1,0,0,0
g1533,6,48,52,36,1024,8,1024,1,neither_forward,0,0,0,0,0,1,0,0,1,0,0,0
g1534,6,48,52,36,1024,8,1024,4,neither_forward,0,0,0,0,0,1,0,0,1,0,0,0
g1535,6,48,52,36,1024,8,1024,8,neither_forward,0,0,0,0,0,1,0,0,1,0,0,0
g1536,6,48,52,36,1024,8,4096,1,neither_forward,0,0,0,0,0,1,0,0,1,0,0,0
g1537,6,48,52,36,1024,8,4096,4,neither_forward,0,0,0,0,0,1,0,0,1,0,0,0
g1538,6,48,52,36,1024,8,4096,8,neither_forward,0,0,0,0,0,1,0,0,1,0,0,0
g1539,6,48,52,54,8,8,1024,1,neither_forward,0,0,0,1,0,2,0,1,2,0,0,0
g1540,6,48,52,54,8,8,1024,4,neither_forward,0,0,0,1,0,2,0,1,2,0,0,0
g1541,6,48,52,54,8,8,1024,8,neither_forward,0,0,0,1,0,2,0,1,2,0,0,0
g1542,6,48,52,54,8,8,4096,1,neither_forward,0,0,0,1,0,2,0,1,2,0,0,0
g1543,6,48,52,54,8,8,4096,4,neither_forward,0,0,0,1,0,2,0,1,2,0,0,0
g1544,6,48,52,54,8,8,4096,8,neither_forward,0,0,0,1,0,2,0,1,2,0,0,0
g1545,6,48,52,54,64,8,1024,1,neither_forward,0,0,0,1,0,2,0,1,2,0,0,0
g1546,6,48,52,54,64,8,1024,4,neither_forward,0,0,0,1,0,2,0,1,2,0,0,0
g1547,6,48,52,54,64,8,1024,8,neither_forward,0,0,0,1,0,2,0,1,2,0,0,0
g1548,6,48,52,54,64,8,4096,1,neither_forward,0,0,0,1,0,2,0,1,2,0,0,0
g1549,6,48,52,54,64,8,4096,4,neither_forward,0,0,0,1,0,2,0,1,2,0,0,0
g1550,6,48,52,54,64,8,4096,8,neither_forward,0,0,0,1,0,2,0,1,2,0,0,0
g1551,6,48,52,54,1024,8,1024,1,neither_forward,0,0,0,1,0,2,0,1,2,0,0,0
g1552,6,48,52,54,1024,8,1024,4,neither_forward,0,0,0,1,0,2,0,1,2,0,0,0
g1553,6,48,52,54,1024,8,1024,8,neither_forward,0,0,0,1,0,2,0,1,2,0,0,0
g1554,6,48,52,54,1024,8,4096,1,neither_forward,0,0,0,1,0,2,0,1,2,0,0,0
g1555,6,48,52,54,1024,8,4096,4,neither_forward,0,0,0,1,0,2,0,1,2,0,0,0
g1556,6,48,52,54,1024,8,4096,8,neither_forward,0,0,0,1,0,2,0,1,2,0,0,0
g1557,6,48,54,38,8,8,1024,1,neither_forward,0,0,0,1,0,2,0,1,2,0,0,0
g1558,6,48,54,38,8,8,1024,4,neither_forward,0,0,0,1,0,2,0,1,2,0,0,0
g1559,6,48,54,38,8,8,1024,8,neither_forward,0,0,0,1,0,2,0,1,2,0,0,0
g1560,6,48,54,38,8,8,4096,1,neither_forward,0,0,0,1,0,2,0,1,2,0,0,0
g1561,6,48,54,38,8,8,4096,4,neither_forward,0,0,0,1,0,2,0,1,2,0,0,0
g1562,6,48,54,38,8,8,4096,8,neither_forward,0,0,0,1,0,2,0,1,2,0,0,0
g1563,6,48,54,38,64,8,1024,1,neither_forward,0,0,0,1,0,2,0,1,2,0,0,0
g1564,6,48,54,38,64,8,1024,4,neither_forward,0,0,0,1,0,2,0,1,2,0,0,0
g1565,6,48,54,38,64,8,1024,8,neither_forward,0,0,0,1,0,2,0,1,2,0,0,0
g1566,6,48,54,38,64,8,4096,1,neither_forward,0,0,0,1,0,2,0,1,2,0,0,0
g1567,6,48,54,38,64,8,4096,4,neither_forward,0,0,0,1,0,2,0,1,2,0,0,0
g1568,6,48,54,38,64,8,4096,8,neither_forward,0,0,0,1,0,2,0,1,2,0,0,0
g1569,6,48,54,38,1024,8,1024,1,neither_forward,0,0,0,1,0,2,0,1,2,0,0,0
g1570,6,48,54,38,1024,8,1024,4,neither_forward,0,0,0,1,0,2,0,1,2,0,0,0
g1571,6,48,54,38,1024,8,1024,8,neither_forward,0,0,0,1,0,2,0,1,2,0,0,0
g1572,6,48,54,38,1024,8,4096,1,neither_forward,0,0,0,1,0,2,0,1,2,0,0,0
g1573,6,48,54,38,1024,8,4096,4,neither_forward,0,0,0,1,0,2,0,1,2,0,0,0
g1574,6,48,54,38,1024,8,4096,8,neither_forward,0,0,0,1,0,2,0,1,2,0,0,0
g1575,48,6,38,22,8,8,1024,1,XY_forward,1,0,2,0,0,0,0,0,0,0,1,2
g1576,48,6,38,22,8,8,1024,4,XY_forward,1,0,2,0,0,0,0,0,0,0,1,2
g1577,48,6,38,22,8,8,1024,8,XY_forward,1,0,2,0,0,0,0,0,0,0,1,2
g1578,48,6,38,22,8,8,4096,1,XY_forward,1,0,2,0,0,0,0,0,0,0,1,2
g1579,48,6,38,22,8,8,4096,4,XY_forward,1,0,2,0,0,0,0,0,0,0,1,2
g1580,48,6,38,22,8,8,4096,8,XY_forward,1,0,2,0,0,0,0,0,0,0,1,2
g1581,48,6,38,22,64,8,1024,1,XY_forward,1,0,2,0,0,0,0,0,0,0,1,2
g1582,48,6,38,22,64,8,1024,4,XY_forward,1,0,2,0,0,0,0,0,0,0,1,2
g1583,48,6,38,22,64,8,1024,8,XY_forward,1,0,2,0,0,0,0,0,0,0,1,2
g1584,48,6,38,22,64,8,4096,1,XY_forward,1,0,2,0,0,0,0,0,0,0,1,2
g1585,48,6,38,22,64,8,4096,4,XY_forward,1,0,2,0,0,0,0,0,0,0,1,2
g1586,48,6,38,22,64,8,4096,8,XY_forward,1,0,2,0,0,0,0,0,0,0,1,2
g1587,48,6,38,22,1024,8,1024,1,XY_forward,1,0,2,0,0,0,0,0,0,0,1,2
g1588,48,6,38,22,1024,8,1024,4,XY_forward,1,0,2,0,0,0,0,0,0,0,1,2
g1589,48,6,38,22,1024,8,1024,8,XY_forward,1,0,2,0,0,0,0,0,0,0,1,2
g1590,48,6,38,22,1024,8,4096,1,XY_forward,1,0,2,0,0,0,0,0,0,0,1,2
g1591,48,6,38,22,1024,8,4096,4,XY_forward,1,0,2,0,0,0,0,0,0,0,1,2
g1592,48,6,38,22,1024,8,4096,8,XY_forward,1,0,2,0,0,0,0,0,0,0,1,2
g1593,48,6,50,52,8,8,1024,1,XY_forward,1,0,2,0,0,0,0,0,0,0,1,2
g1594,48,6,50,52,8,8,1024,4,XY_forward,1,0,2,0,0,0,0,0,0,0,1,2
g1595,48,6,50,52,8,8,1024,8,XY_forward,1,0,2,0,0,0,0,0,0,0,1,2
g1596,48,6,50,52,8,8,4096,1,XY_forward,1,0,2,0,0,0,0,0,0,0,1,2
g1597,48,6,50,52,8,8,4096,4,XY_forward,1,0,2,0,0,0,0,0,0,0,1,2
g1598,48,6,50,52,8,8,4096,8,XY_forward,1,0,2,0,0,0,0,0,0,0,1,2
g1599,48,6,50,52,64,8,1024,1,XY_forward,1,0,2,0,0,0,0,0,0,0,1,2
g1600,48,6,50,52,64,8,1024,4,XY_forward,1,0,2,0,0,0,0,0,0,0,1,2
g1601,48,6,50,52,64,8,1024,8,XY_forward,1,0,2,0,0,0,0,0,0,0,1,2
g1602,48,6,50,52,64,8,4096,1,XY_forward,1,0,2,0,0,0,0,0,0,0,1,2
g1603,48,6,50,52,64,8,4096,4,XY_forward,1,0,2,0,0,0,0,0,0,0,1,2
g1604,48,6,50,52,64,8,4096,8,XY_forward,1,0,2,0,0,0,0,0,0,0,1,2
g1605,48,6,50,52,1024,8,1024,1,XY_forward,1,0,2,0,0,0,0,0,0,0,1,2
g1606,48,6,50,52,1024,8,1024,4,XY_forward,1,0,2,0,0,0,0,0,0,0,1,2
g1607,48,6,50,52,1024,8,1024,8,XY_forward,1,0,2,0,0,0,0,0,0,0,1,2
g1608,48,6,50,52,1024,8,4096,1,XY_forward,1,0,2,0,0,0,0,0,0,0,1,2
g1609,48,6,50,52,1024,8,4096,4,XY_forward,1,0,2,0,0,0,0,0,0,0,1,2
g1610,48,6,50,52,1024,8,4096,8,XY_forward,1,0,2,0,0,0,0,0,0,0,1,2
g1611,48,6,52,54,8,8,1024,1,XY_forward,1,0,2,0,0,0,0,0,0,0,1,2
g1612,48,6,52,54,8,8,1024,4,XY_forward,1,0,2,0,0,0,0,0,0,0,1,2
g1613,48,6,52,54,8,8,1024,8,XY_forward,1,0,2,0,0,0,0,0,0,0,1,2
g1614,48,6,52,54,8,8,4096,1,XY_forward,1,0,2,0,0,0,0,0,0,0,1,2
g1615,48,6,52,54,8,8,4096,4,XY_forward,1,0,2,0,0,0,0,0,0,0,1,2
g1616,48,6,52,54,8,8,4096,8,XY_forward,1,0,2,0,0,0,0,0,0,0,1,2
g1617,48,6,52,54,64,8,1024,1,XY_forward,1,0,2,0,0,0,0,0,0,0,1,2
g1618,48,6,52,54,64,8,1024,4,XY_forward,1,0,2,0,0,0,0,0,0,0,1,2
g1619,48,6,52,54,64,8,1024,8,XY_forward,1,0,2,0,0,0,0,0,0,0,1,2
g1620,48,6,52,54,64,8,4096,1,XY_forward,1,0,2,0,0,0,0,0,0,0,1,2
g1621,48,6,52,54,64,8,4096,4,XY_forward,1,0,2,0,0,0,0,0,0,0,1,2
g1622,48,6,52,54,64,8,4096,8,XY_forward,1,0,2,0,0,0,0,0,0,0,1,2
g1623,48,6,52,54,1024,8,1024,1,XY_forward,1,0,2,0,0,0,0,0,0,0,1,2
g1624,48,6,52,54,1024,8,1024,4,XY_forward,1,0,2,0,0,0,0,0,0,0,1,2
g1625,48,6,52,54,1024,8,1024,8,XY_forward,1,0,2,0,0,0,0,0,0,0,1,2
g1626,48,6,52,54,1024,8,4096,1,XY_forward,1,0,2,0,0,0,0,0,0,0,1,2
g1627,48,6,52,54,1024,8,4096,4,XY_forward,1,0,2,0,0,0,0,0,0,0,1,2
g1628,48,6,52,54,1024,8,4096,8,XY_forward,1,0,2,0,0,0,0,0,0,0,1,2
g1629,48,6,54,38,8,8,1024,1,XY_forward,1,0,2,0,0,0,0,0,0,0,1,2
g1630,48,6,54,38,8,8,1024,4,XY_forward,1,0,2,0,0,0,0,0,0,0,1,2
g1631,48,6,54,38,8,8,1024,8,XY_forward,1,0,2,0,0,0,0,0,0,0,1,2
g1632,48,6,54,38,8,8,4096,1,XY_forward,1,0,2,0,0,0,0,0,0,0,1,2
g1633,48,6,54,38,8,8,4096,4,XY_forward,1,0,2,0,0,0,0,0,0,0,1,2
g1634,48,6,54,38,8,8,4096,8,XY_forward,1,0,2,0,0,0,0,0,0,0,1,2
g1635,48,6,54,38,64,8,1024,1,XY_forward,1,0,2,0,0,0,0,0,0,0,1,2
g1636,48,6,54,38,64,8,1024,4,XY_forward,1,0,2,0,0,0,0,0,0,0,1,2
g1637,48,6,54,38,64,8,1024,8,XY_forward,1,0,2,0,0,0,0,0,0,0,1,2
g1638,48,6,54,38,64,8,4096,1,XY_forward,1,0,2,0,0,0,0,0,0,0,1,2
g1639,48,6,54,38,64,8,4096,4,XY_forward,1,0,2,0,0,0,0,0,0,0,1,2
g1640,48,6,54,38,64,8,4096,8,XY_forward,1,0,2,0,0,0,0,0,0,0,1,2
g1641,48,6,54,38,1024,8,1024,1,XY_forward,1,0,2,0,0,0,0,0,0,0,1,2
g1642,48,6,54,38,1024,8,1024,4,XY_forward,1,0,2,0,0,0,0,0,0,0,1,2
g1643,48,6,54,38,1024,8,1024,8,XY_forward,1,0,2,0,0,0,0,0,0,0,1,2
g1644,48,6,54,38,1024,8,4096,1,XY_forward,1,0,2,0,0,0,0,0,0,0,1,2
g1645,48,6,54,38,1024,8,4096,4,XY_forward,1,0,2,0,0,0,0,0,0,0,1,2
g1646,48,6,54,38,1024,8,4096,8,XY_forward,1,0,2,0,0,0,0,0,0,0,1,2
g1647,48,6,0,2,8,8,1024,1,YX_forward,0,0,0,0,1,2,1,0,2,0,0,0
g1648,48,6,0,2,8,8,1024,4,YX_forward,0,0,0,0,1,2,1,0,2,0,0,0
g1649,48,6,0,2,8,8,1024,8,YX_forward,0,0,0,0,1,2,1,0,2,0,0,0
g1650,48,6,0,2,8,8,4096,1,YX_forward,0,0,0,0,1,2,1,0,2,0,0,0
g1651,48,6,0,2,8,8,4096,4,YX_forward,0,0,0,0,1,2,1,0,2,0,0,0
g1652,48,6,0,2,8,8,4096,8,YX_forward,0,0,0,0,1,2,1,0,2,0,0,0
g1653,48,6,0,2,64,8,1024,1,YX_forward,0,0,0,0,1,2,1,0,2,0,0,0
g1654,48,6,0,2,64,8,1024,4,YX_forward,0,0,0,0,1,2,1,0,2,0,0,0
g1655,48,6,0,2,64,8,1024,8,YX_forward,0,0,0,0,1,2,1,0,2,0,0,0
g1656,48,6,0,2,64,8,4096,1,YX_forward,0,0,0,0,1,2,1,0,2,0,0,0
g1657,48,6,0,2,64,8,4096,4,YX_forward,0,0,0,0,1,2,1,0,2,0,0,0
g1658,48,6,0,2,64,8,4096,8,YX_forward,0,0,0,0,1,2,1,0,2,0,0,0
g1659,48,6,0,2,1024,8,1024,1,YX_forward,0,0,0,0,1,2,1,0,2,0,0,0
g1660,48,6,0,2,1024,8,1024,4,YX_forward,0,0,0,0,1,2,1,0,2,0,0,0
g1661,48,6,0,2,1024,8,1024,8,YX_forward,0,0,0,0,1,2,1,0,2,0,0,0
g1662,48,6,0,2,1024,8,4096,1,YX_forward,0,0,0,0,1,2,1,0,2,0,0,0
g1663,48,6,0,2,1024,8,4096,4,YX_forward,0,0,0,0,1,2,1,0,2,0,0,0
g1664,48,6,0,2,1024,8,4096,8,YX_forward,0,0,0,0,1,2,1,0,2,0,0,0
g1665,48,6,2,4,8,8,1024,1,YX_forward,0,0,0,0,1,2,1,0,2,0,0,0
g1666,48,6,2,4,8,8,1024,4,YX_forward,0,0,0,0,1,2,1,0,2,0,0,0
g1667,48,6,2,4,8,8,1024,8,YX_forward,0,0,0,0,1,2,1,0,2,0,0,0
g1668,48,6,2,4,8,8,4096,1,YX_forward,0,0,0,0,1,2,1,0,2,0,0,0
g1669,48,6,2,4,8,8,4096,4,YX_forward,0,0,0,0,1,2,1,0,2,0,0,0
g1670,48,6,2,4,8,8,4096,8,YX_forward,0,0,0,0,1,2,1,0,2,0,0,0
g1671,48,6,2,4,64,8,1024,1,YX_forward,0,0,0,0,1,2,1,0,2,0,0,0
g1672,48,6,2,4,64,8,1024,4,YX_forward,0,0,0,0,1,2,1,0,2,0,0,0
g1673,48,6,2,4,64,8,1024,8,YX_forward,0,0,0,0,1,2,1,0,2,0,0,0
g1674,48,6,2,4,64,8,4096,1,YX_forward,0,0,0,0,1,2,1,0,2,0,0,0
g1675,48,6,2,4,64,8,4096,4,YX_forward,0,0,0,0,1,2,1,0,2,0,0,0
g1676,48,6,2,4,64,8,4096,8,YX_forward,0,0,0,0,1,2,1,0,2,0,0,0
g1677,48,6,2,4,1024,8,1024,1,YX_forward,0,0,0,0,1,2,1,0,2,0,0,0
g1678,48,6,2,4,1024,8,1024,4,YX_forward,0,0,0,0,1,2,1,0,2,0,0,0
g1679,48,6,2,4,1024,8,1024,8,YX_forward,0,0,0,0,1,2,1,0,2,0,0,0
g1680,48,6,2,4,1024,8,4096,1,YX_forward,0,0,0,0,1,2,1,0,2,0,0,0
g1681,48,6,2,4,1024,8,4096,4,YX_forward,0,0,0,0,1,2,1,0,2,0,0,0
g1682,48,6,2,4,1024,8,4096,8,YX_forward,0,0,0,0,1,2,1,0,2,0,0,0
g1683,48,6,16,0,8,8,1024,1,YX_forward,0,0,0,0,1,2,1,0,2,0,0,0
g1684,48,6,16,0,8,8,1024,4,YX_forward,0,0,0,0,1,2,1,0,2,0,0,0
g1685,48,6,16,0,8,8,1024,8,YX_forward,0,0,0,0,1,2,1,0,2,0,0,0
g1686,48,6,16,0,8,8,4096,1,YX_forward,0,0,0,0,1,2,1,0,2,0,0,0
g1687,48,6,16,0,8,8,4096,4,YX_forward,0,0,0,0,1,2,1,0,2,0,0,0
g1688,48,6,16,0,8,8,4096,8,YX_forward,0,0,0,0,1,2,1,0,2,0,0,0
g1689,48,6,16,0,64,8,1024,1,YX_forward,0,0,0,0,1,2,1,0,2,0,0,0
g1690,48,6,16,0,64,8,1024,4,YX_forward,0,0,0,0,1,2,1,0,2,0,0,0
g1691,48,6,16,0,64,8,1024,8,YX_forward,0,0,0,0,1,2,1,0,2,0,0,0
g1692,48,6,16,0,64,8,4096,1,YX_forward,0,0,0,0,1,2,1,0,2,0,0,0
g1693,48,6,16,0,64,8,4096,4,YX_forward,0,0,0,0,1,2,1,0,2,0,0,0
g1694,48,6,16,0,64,8,4096,8,YX_forward,0,0,0,0,1,2,1,0,2,0,0,0
g1695,48,6,16,0,1024,8,1024,1,YX_forward,0,0,0,0,1,2,1,0,2,0,0,0
g1696,48,6,16,0,1024,8,1024,4,YX_forward,0,0,0,0,1,2,1,0,2,0,0,0
g1697,48,6,16,0,1024,8,1024,8,YX_forward,0,0,0,0,1,2,1,0,2,0,0,0
g1698,48,6,16,0,1024,8,4096,1,YX_forward,0,0,0,0,1,2,1,0,2,0,0,0
g1699,48,6,16,0,1024,8,4096,4,YX_forward,0,0,0,0,1,2,1,0,2,0,0,0
g1700,48,6,16,0,1024,8,4096,8,YX_forward,0,0,0,0,1,2,1,0,2,0,0,0
g1701,48,6,32,16,8,8,1024,1,YX_forward,0,0,0,0,1,2,1,0,2,0,0,0
g1702,48,6,32,16,8,8,1024,4,YX_forward,0,0,0,0,1,2,1,0,2,0,0,0
g1703,48,6,32,16,8,8,1024,8,YX_forward,0,0,0,0,1,2,1,0,2,0,0,0
g1704,48,6,32,16,8,8,4096,1,YX_forward,0,0,0,0,1,2,1,0,2,0,0,0
g1705,48,6,32,16,8,8,4096,4,YX_forward,0,0,0,0,1,2,1,0,2,0,0,0
g1706,48,6,32,16,8,8,4096,8,YX_forward,0,0,0,0,1,2,1,0,2,0,0,0
g1707,48,6,32,16,64,8,1024,1,YX_forward,0,0,0,0,1,2,1,0,2,0,0,0
g1708,48,6,32,16,64,8,1024,4,YX_forward,0,0,0,0,1,2,1,0,2,0,0,0
g1709,48,6,32,16,64,8,1024,8,YX_forward,0,0,0,0,1,2,1,0,2,0,0,0
g1710,48,6,32,16,64,8,4096,1,YX_forward,0,0,0,0,1,2,1,0,2,0,0,0
g1711,48,6,32,16,64,8,4096,4,YX_forward,0,0,0,0,1,2,1,0,2,0,0,0
g1712,48,6,32,16,64,8,4096,8,YX_forward,0,0,0,0,1,2,1,0,2,0,0,0
g1713,48,6,32,16,1024,8,1024,1,YX_forward,0,0,0,0,1,2,1,0,2,0,0,0
g1714,48,6,32,16,1024,8,1024,4,YX_forward,0,0,0,0,1,2,1,0,2,0,0,0
g1715,48,6,32,16,1024,8,1024,8,YX_forward,0,0,0,0,1,2,1,0,2,0,0,0
g1716,48,6,32,16,1024,8,4096,1,YX_forward,0,0,0,0,1,2,1,0,2,0,0,0
g1717,48,6,32,16,1024,8,4096,4,YX_forward,0,0,0,0,1,2,1,0,2,0,0,0
g1718,48,6,32,16,1024,8,4096,8,YX_forward,0,0,0,0,1,2,1,0,2,0,0,0
g1719,48,6,0,16,8,8,1024,1,neither_forward,0,0,0,1,0,2,0,1,2,0,0,0
g1720,48,6,0,16,8,8,1024,4,neither_forward,0,0,0,1,0,2,0,1,2,0,0,0
g1721,48,6,0,16,8,8,1024,8,neither_forward,0,0,0,1,0,2,0,1,2,0,0,0
g1722,48,6,0,16,8,8,4096,1,neither_forward,0,0,0,1,0,2,0,1,2,0,0,0
g1723,48,6,0,16,8,8,4096,4,neither_forward,0,0,0,1,0,2,0,1,2,0,0,0
g1724,48,6,0,16,8,8,4096,8,neither_forward,0,0,0,1,0,2,0,1,2,0,0,0
g1725,48,6,0,16,64,8,1024,1,neither_forward,0,0,0,1,0,2,0,1,2,0,0,0
g1726,48,6,0,16,64,8,1024,4,neither_forward,0,0,0,1,0,2,0,1,2,0,0,0
g1727,48,6,0,16,64,8,1024,8,neither_forward,0,0,0,1,0,2,0,1,2,0,0,0
g1728,48,6,0,16,64,8,4096,1,neither_forward,0,0,0,1,0,2,0,1,2,0,0,0
g1729,48,6,0,16,64,8,4096,4,neither_forward,0,0,0,1,0,2,0,1,2,0,0,0
g1730,48,6,0,16,64,8,4096,8,neither_forward,0,0,0,1,0,2,0,1,2,0,0,0
g1731,48,6,0,16,1024,8,1024,1,neither_forward,0,0,0,1,0,2,0,1,2,0,0,0
g1732,48,6,0,16,1024,8,1024,4,neither_forward,0,0,0,1,0,2,0,1,2,0,0,0
g1733,48,6,0,16,1024,8,1024,8,neither_forward,0,0,0,1,0,2,0,1,2,0,0,0
g1734,48,6,0,16,1024,8,4096,1,neither_forward,0,0,0,1,0,2,0,1,2,0,0,0
g1735,48,6,0,16,1024,8,4096,4,neither_forward,0,0,0,1,0,2,0,1,2,0,0,0
g1736,48,6,0,16,1024,8,4096,8,neither_forward,0,0,0,1,0,2,0,1,2,0,0,0
g1737,48,6,2,0,8,8,1024,1,neither_forward,0,0,0,1,0,2,0,1,2,0,0,0
g1738,48,6,2,0,8,8,1024,4,neither_forward,0,0,0,1,0,2,0,1,2,0,0,0
g1739,48,6,2,0,8,8,1024,8,neither_forward,0,0,0,1,0,2,0,1,2,0,0,0
g1740,48,6,2,0,8,8,4096,1,neither_forward,0,0,0,1,0,2,0,1,2,0,0,0
g1741,48,6,2,0,8,8,4096,4,neither_forward,0,0,0,1,0,2,0,1,2,0,0,0
g1742,48,6,2,0,8,8,4096,8,neither_forward,0,0,0,1,0,2,0,1,2,0,0,0
g1743,48,6,2,0,64,8,1024,1,neither_forward,0,0,0,1,0,2,0,1,2,0,0,0
g1744,48,6,2,0,64,8,1024,4,neither_forward,0,0,0,1,0,2,0,1,2,0,0,0
g1745,48,6,2,0,64,8,1024,8,neither_forward,0,0,0,1,0,2,0,1,2,0,0,0
g1746,48,6,2,0,64,8,4096,1,neither_forward,0,0,0,1,0,2,0,1,2,0,0,0
g1747,48,6,2,0,64,8,4096,4,neither_forward,0,0,0,1,0,2,0,1,2,0,0,0
g1748,48,6,2,0,64,8,4096,8,neither_forward,0,0,0,1,0,2,0,1,2,0,0,0
g1749,48,6,2,0,1024,8,1024,1,neither_forward,0,0,0,1,0,2,0,1,2,0,0,0
g1750,48,6,2,0,1024,8,1024,4,neither_forward,0,0,0,1,0,2,0,1,2,0,0,0
g1751,48,6,2,0,1024,8,1024,8,neither_forward,0,0,0,1,0,2,0,1,2,0,0,0
g1752,48,6,2,0,1024,8,4096,1,neither_forward,0,0,0,1,0,2,0,1,2,0,0,0
g1753,48,6,2,0,1024,8,4096,4,neither_forward,0,0,0,1,0,2,0,1,2,0,0,0
g1754,48,6,2,0,1024,8,4096,8,neither_forward,0,0,0,1,0,2,0,1,2,0,0,0
g1755,48,6,2,18,8,8,1024,1,neither_forward,0,0,0,0,0,1,0,0,1,0,0,0
g1756,48,6,2,18,8,8,1024,4,neither_forward,0,0,0,0,0,1,0,0,1,0,0,0
g1757,48,6,2,18,8,8,1024,8,neither_forward,0,0,0,0,0,1,0,0,1,0,0,0
g1758,48,6,2,18,8,8,4096,1,neither_forward,0,0,0,0,0,1,0,0,1,0,0,0
g1759,48,6,2,18,8,8,4096,4,neither_forward,0,0,0,0,0,1,0,0,1,0,0,0
g1760,48,6,2,18,8,8,4096,8,neither_forward,0,0,0,0,0,1,0,0,1,0,0,0
g1761,48,6,2,18,64,8,1024,1,neither_forward,0,0,0,0,0,1,0,0,1,0,0,0
g1762,48,6,2,18,64,8,1024,4,neither_forward,0,0,0,0,0,1,0,0,1,0,0,0
g1763,48,6,2,18,64,8,1024,8,neither_forward,0,0,0,0,0,1,0,0,1,0,0,0
g1764,48,6,2,18,64,8,4096,1,neither_forward,0,0,0,0,0,1,0,0,1,0,0,0
g1765,48,6,2,18,64,8,4096,4,neither_forward,0,0,0,0,0,1,0,0,1,0,0,0
g1766,48,6,2,18,64,8,4096,8,neither_forward,0,0,0,0,0,1,0,0,1,0,0,0
g1767,48,6,2,18,1024,8,1024,1,neither_forward,0,0,0,0,0,1,0,0,1,0,0,0
g1768,48,6,2,18,1024,8,1024,4,neither_forward,0,0,0,0,0,1,0,0,1,0,0,0
g1769,48,6,2,18,1024,8,1024,8,neither_forward,0,0,0,0,0,1,0,0,1,0,0,0
g1770,48,6,2,18,1024,8,4096,1,neither_forward,0,0,0,0,0,1,0,0,1,0,0,0
g1771,48,6,2,18,1024,8,4096,4,neither_forward,0,0,0,0,0,1,0,0,1,0,0,0
g1772,48,6,2,18,1024,8,4096,8,neither_forward,0,0,0,0,0,1,0,0,1,0,0,0
g1773,48,6,4,2,8,8,1024,1,neither_forward,0,0,0,1,0,2,0,1,2,0,0,0
g1774,48,6,4,2,8,8,1024,4,neither_forward,0,0,0,1,0,2,0,1,2,0,0,0
g1775,48,6,4,2,8,8,1024,8,neither_forward,0,0,0,1,0,2,0,1,2,0,0,0
g1776,48,6,4,2,8,8,4096,1,neither_forward,0,0,0,1,0,2,0,1,2,0,0,0
g1777,48,6,4,2,8,8,4096,4,neither_forward,0,0,0,1,0,2,0,1,2,0,0,0
g1778,48,6,4,2,8,8,4096,8,neither_forward,0,0,0,1,0,2,0,1,2,0,0,0
g1779,48,6,4,2,64,8,1024,1,neither_forward,0,0,0,1,0,2,0,1,2,0,0,0
g1780,48,6,4,2,64,8,1024,4,neither_forward,0,0,0,1,0,2,0,1,2,0,0,0
g1781,48,6,4,2,64,8,1024,8,neither_forward,0,0,0,1,0,2,0,1,2,0,0,0
g1782,48,6,4,2,64,8,4096,1,neither_forward,0,0,0,1,0,2,0,1,2,0,0,0
g1783,48,6,4,2,64,8,4096,4,neither_forward,0,0,0,1,0,2,0,1,2,0,0,0
g1784,48,6,4,2,64,8,4096,8,neither_forward,0,0,0,1,0,2,0,1,2,0,0,0
g1785,48,6,4,2,1024,8,1024,1,neither_forward,0,0,0,1,0,2,0,1,2,0,0,0
g1786,48,6,4,2,1024,8,1024,4,neither_forward,0,0,0,1,0,2,0,1,2,0,0,0
g1787,48,6,4,2,1024,8,1024,8,neither_forward,0,0,0,1,0,2,0,1,2,0,0,0
g1788,48,6,4,2,1024,8,4096,1,neither_forward,0,0,0,1,0,2,0,1,2,0,0,0
g1789,48,6,4,2,1024,8,4096,4,neither_forward,0,0,0,1,0,2,0,1,2,0,0,0
g1790,48,6,4,2,1024,8,4096,8,neither_forward,0,0,0,1,0,2,0,1,2,0,0,0
g1791,48,6,4,20,8,8,1024,1,neither_forward,0,0,0,0,0,1,0,0,1,0,0,0
g1792,48,6,4,20,8,8,1024,4,neither_forward,0,0,0,0,0,1,0,0,1,0,0,0
g1793,48,6,4,20,8,8,1024,8,neither_forward,0,0,0,0,0,1,0,0,1,0,0,0
g1794,48,6,4,20,8,8,4096,1,neither_forward,0,0,0,0,0,1,0,0,1,0,0,0
g1795,48,6,4,20,8,8,4096,4,neither_forward,0,0,0,0,0,1,0,0,1,0,0,0
g1796,48,6,4,20,8,8,4096,8,neither_forward,0,0,0,0,0,1,0,0,1,0,0,0
g1797,48,6,4,20,64,8,1024,1,neither_forward,0,0,0,0,0,1,0,0,1,0,0,0
g1798,48,6,4,20,64,8,1024,4,neither_forward,0,0,0,0,0,1,0,0,1,0,0,0
g1799,48,6,4,20,64,8,1024,8,neither_forward,0,0,0,0,0,1,0,0,1,0,0,0
g1800,48,6,4,20,64,8,4096,1,neither_forward,0,0,0,0,0,1,0,0,1,0,0,0
g1801,48,6,4,20,64,8,4096,4,neither_forward,0,0,0,0,0,1,0,0,1,0,0,0
g1802,48,6,4,20,64,8,4096,8,neither_forward,0,0,0,0,0,1,0,0,1,0,0,0
g1803,48,6,4,20,1024,8,1024,1,neither_forward,0,0,0,0,0,1,0,0,1,0,0,0
g1804,48,6,4,20,1024,8,1024,4,neither_forward,0,0,0,0,0,1,0,0,1,0,0,0
g1805,48,6,4,20,1024,8,1024,8,neither_forward,0,0,0,0,0,1,0,0,1,0,0,0
g1806,48,6,4,20,1024,8,4096,1,neither_forward,0,0,0,0,0,1,0,0,1,0,0,0
g1807,48,6,4,20,1024,8,4096,4,neither_forward,0,0,0,0,0,1,0,0,1,0,0,0
g1808,48,6,4,20,1024,8,4096,8,neither_forward,0,0,0,0,0,1,0,0,1,0,0,0
g1809,48,6,16,18,8,8,1024,1,neither_forward,0,0,0,0,0,1,0,0,1,0,0,0
g1810,48,6,16,18,8,8,1024,4,neither_forward,0,0,0,0,0,1,0,0,1,0,0,0
g1811,48,6,16,18,8,8,1024,8,neither_forward,0,0,0,0,0,1,0,0,1,0,0,0
g1812,48,6,16,18,8,8,4096,1,neither_forward,0,0,0,0,0,1,0,0,1,0,0,0
g1813,48,6,16,18,8,8,4096,4,neither_forward,0,0,0,0,0,1,0,0,1,0,0,0
g1814,48,6,16,18,8,8,4096,8,neither_forward,0,0,0,0,0,1,0,0,1,0,0,0
g1815,48,6,16,18,64,8,1024,1,neither_forward,0,0,0,0,0,1,0,0,1,0,0,0
g1816,48,6,16,18,64,8,1024,4,neither_forward,0,0,0,0,0,1,0,0,1,0,0,0
g1817,48,6,16,18,64,8,1024,8,neither_forward,0,0,0,0,0,1,0,0,1,0,0,0
g1818,48,6,16,18,64,8,4096,1,neither_forward,0,0,0,0,0,1,0,0,1,0,0,0
g1819,48,6,16,18,64,8,4096,4,neither_forward,0,0,0,0,0,1,0,0,1,0,0,0
g1820,48,6,16,18,64,8,4096,8,neither_forward,0,0,0,0,0,1,0,0,1,0,0,0
g1821,48,6,16,18,1024,8,1024,1,neither_forward,0,0,0,0,0,1,0,0,1,0,0,0
g1822,48,6,16,18,1024,8,1024,4,neither_forward,0,0,0,0,0,1,0,0,1,0,0,0
g1823,48,6,16,18,1024,8,1024,8,neither_forward,0,0,0,0,0,1,0,0,1,0,0,0
g1824,48,6,16,18,1024,8,4096,1,neither_forward,0,0,0,0,0,1,0,0,1,0,0,0
g1825,48,6,16,18,1024,8,4096,4,neither_forward,0,0,0,0,0,1,0,0,1,0,0,0
g1826,48,6,16,18,1024,8,4096,8,neither_forward,0,0,0,0,0,1,0,0,1,0,0,0
g1827,48,6,16,32,8,8,1024,1,neither_forward,0,0,0,1,0,2,0,1,2,0,0,0
g1828,48,6,16,32,8,8,1024,4,neither_forward,0,0,0,1,0,2,0,1,2,0,0,0
g1829,48,6,16,32,8,8,1024,8,neither_forward,0,0,0,1,0,2,0,1,2,0,0,0
g1830,48,6,16,32,8,8,4096,1,neither_forward,0,0,0,1,0,2,0,1,2,0,0,0
g1831,48,6,16,32,8,8,4096,4,neither_forward,0,0,0,1,0,2,0,1,2,0,0,0
g1832,48,6,16,32,8,8,4096,8,neither_forward,0,0,0,1,0,2,0,1,2,0,0,0
g1833,48,6,16,32,64,8,1024,1,neither_forward,0,0,0,1,0,2,0,1,2,0,0,0
g1834,48,6,16,32,64,8,1024,4,neither_forward,0,0,0,1,0,2,0,1,2,0,0,0
g1835,48,6,16,32,64,8,1024,8,neither_forward,0,0,0,1,0,2,0,1,2,0,0,0
g1836,48,6,16,32,64,8,4096,1,neither_forward,0,0,0,1,0,2,0,1,2,0,0,0
g1837,48,6,16,32,64,8,4096,4,neither_forward,0,0,0,1,0,2,0,1,2,0,0,0
g1838,48,6,16,32,64,8,4096,8,neither_forward,0,0,0,1,0,2,0,1,2,0,0,0
g1839,48,6,16,32,1024,8,1024,1,neither_forward,0,0,0,1,0,2,0,1,2,0,0,0
g1840,48,6,16,32,1024,8,1024,4,neither_forward,0,0,0,1,0,2,0,1,2,0,0,0
g1841,48,6,16,32,1024,8,1024,8,neither_forward,0,0,0,1,0,2,0,1,2,0,0,0
g1842,48,6,16,32,1024,8,4096,1,neither_forward,0,0,0,1,0,2,0,1,2,0,0,0
g1843,48,6,16,32,1024,8,4096,4,neither_forward,0,0,0,1,0,2,0,1,2,0,0,0
g1844,48,6,16,32,1024,8,4096,8,neither_forward,0,0,0,1,0,2,0,1,2,0,0,0
g1845,48,6,18,2,8,8,1024,1,neither_forward,0,0,0,0,0,1,0,0,1,0,0,0
g1846,48,6,18,2,8,8,1024,4,neither_forward,0,0,0,0,0,1,0,0,1,0,0,0
g1847,48,6,18,2,8,8,1024,8,neither_forward,0,0,0,0,0,1,0,0,1,0,0,0
g1848,48,6,18,2,8,8,4096,1,neither_forward,0,0,0,0,0,1,0,0,1,0,0,0
g1849,48,6,18,2,8,8,4096,4,neither_forward,0,0,0,0,0,1,0,0,1,0,0,0
g1850,48,6,18,2,8,8,4096,8,neither_forward,0,0,0,0,0,1,0,0,1,0,0,0
g1851,48,6,18,2,64,8,1024,1,neither_forward,0,0,0,0,0,1,0,0,1,0,0,0
g1852,48,6,18,2,64,8,1024,4,neither_forward,0,0,0,0,0,1,0,0,1,0,0,0
g1853,48,6,18,2,64,8,1024,8,neither_forward,0,0,0,0,0,1,0,0,1,0,0,0
g1854,48,6,18,2,64,8,4096,1,neither_forward,0,0,0,0,0,1,0,0,1,0,0,0
g1855,48,6,18,2,64,8,4096,4,neither_forward,0,0,0,0,0,1,0,0,1,0,0,0
g1856,48,6,18,2,64,8,4096,8,neither_forward,0,0,0,0,0,1,0,0,1,0,0,0
g1857,48,6,18,2,1024,8,1024,1,neither_forward,0,0,0,0,0,1,0,0,1,0,0,0
g1858,48,6,18,2,1024,8,1024,4,neither_forward,0,0,0,0,0,1,0,0,1,0,0,0
g1859,48,6,18,2,1024,8,1024,8,neither_forward,0,0,0,0,0,1,0,0,1,0,0,0
g1860,48,6,18,2,1024,8,4096,1,neither_forward,0,0,0,0,0,1,0,0,1,0,0,0
g1861,48,6,18,2,1024,8,4096,4,neither_forward,0,0,0,0,0,1,0,0,1,0,0,0
g1862,48,6,18,2,1024,8,4096,8,neither_forward,0,0,0,0,0,1,0,0,1,0,0,0
g1863,48,6,18,16,8,8,1024,1,neither_forward,0,0,0,0,0,1,0,0,1,0,0,0
g1864,48,6,18,16,8,8,1024,4,neither_forward,0,0,0,0,0,1,0,0,1,0,0,0
g1865,48,6,18,16,8,8,1024,8,neither_forward,0,0,0,0,0,1,0,0,1,0,0,0
g1866,48,6,18,16,8,8,4096,1,neither_forward,0,0,0,0,0,1,0,0,1,0,0,0
g1867,48,6,18,16,8,8,4096,4,neither_forward,0,0,0,0,0,1,0,0,1,0,0,0
g1868,48,6,18,16,8,8,4096,8,neither_forward,0,0,0,0,0,1,0,0,1,0,0,0
g1869,48,6,18,16,64,8,1024,1,neither_forward,0,0,0,0,0,1,0,0,1,0,0,0
g1870,48,6,18,16,64,8,1024,4,neither_forward,0,0,0,0,0,1,0,0,1,0,0,0
g1871,48,6,18,16,64,8,1024,8,neither_forward,0,0,0,0,0,1,0,0,1,0,0,0
g1872,48,6,18,16,64,8,4096,1,neither_forward,0,0,0,0,0,1,0,0,1,0,0,0
g1873,48,6,18,16,64,8,4096,4,neither_forward,0,0,0,0,0,1,0,0,1,0,0,0
g1874,48,6,18,16,64,8,4096,8,neither_forward,0,0,0,0,0,1,0,0,1,0,0,0
g1875,48,6,18,16,1024,8,1024,1,neither_forward,0,0,0,0,0,1,0,0,1,0,0,0
g1876,48,6,18,16,1024,8,1024,4,neither_forward,0,0,0,0,0,1,0,0,1,0,0,0
g1877,48,6,18,16,1024,8,1024,8,neither_forward,0,0,0,0,0,1,0,0,1,0,0,0
g1878,48,6,18,16,1024,8,4096,1,neither_forward,0,0,0,0,0,1,0,0,1,0,0,0
g1879,48,6,18,16,1024,8,4096,4,neither_forward,0,0,0,0,0,1,0,0,1,0,0,0
g1880,48,6,18,16,1024,8,4096,8,neither_forward,0,0,0,0,0,1,0,0,1,0,0,0
g1881,48,6,18,20,8,8,1024,1,neither_forward,0,0,0,0,0,0,0,0,0,0,0,0
g1882,48,6,18,20,8,8,1024,4,neither_forward,0,0,0,0,0,0,0,0,0,0,0,0
g1883,48,6,18,20,8,8,1024,8,neither_forward,0,0,0,0,0,0,0,0,0,0,0,0
g1884,48,6,18,20,8,8,4096,1,neither_forward,0,0,0,0,0,0,0,0,0,0,0,0
g1885,48,6,18,20,8,8,4096,4,neither_forward,0,0,0,0,0,0,0,0,0,0,0,0
g1886,48,6,18,20,8,8,4096,8,neither_forward,0,0,0,0,0,0,0,0,0,0,0,0
g1887,48,6,18,20,64,8,1024,1,neither_forward,0,0,0,0,0,0,0,0,0,0,0,0
g1888,48,6,18,20,64,8,1024,4,neither_forward,0,0,0,0,0,0,0,0,0,0,0,0
g1889,48,6,18,20,64,8,1024,8,neither_forward,0,0,0,0,0,0,0,0,0,0,0,0
g1890,48,6,18,20,64,8,4096,1,neither_forward,0,0,0,0,0,0,0,0,0,0,0,0
g1891,48,6,18,20,64,8,4096,4,neither_forward,0,0,0,0,0,0,0,0,0,0,0,0
g1892,48,6,18,20,64,8,4096,8,neither_forward,0,0,0,0,0,0,0,0,0,0,0,0
g1893,48,6,18,20,1024,8,1024,1,neither_forward,0,0,0,0,0,0,0,0,0,0,0,0
g1894,48,6,18,20,1024,8,1024,4,neither_forward,0,0,0,0,0,0,0,0,0,0,0,0
g1895,48,6,18,20,1024,8,1024,8,neither_forward,0,0,0,0,0,0,0,0,0,0,0,0
g1896,48,6,18,20,1024,8,4096,1,neither_forward,0,0,0,0,0,0,0,0,0,0,0,0
g1897,48,6,18,20,1024,8,4096,4,neither_forward,0,0,0,0,0,0,0,0,0,0,0,0
g1898,48,6,18,20,1024,8,4096,8,neither_forward,0,0,0,0,0,0,0,0,0,0,0,0
g1899,48,6,18,34,8,8,1024,1,neither_forward,0,0,0,0,0,0,0,0,0,0,0,0
g1900,48,6,18,34,8,8,1024,4,neither_forward,0,0,0,0,0,0,0,0,0,0,0,0
g1901,48,6,18,34,8,8,1024,8,neither_forward,0,0,0,0,0,0,0,0,0,0,0,0
g1902,48,6,18,34,8,8,4096,1,neither_forward,0,0,0,0,0,0,0,0,0,0,0,0
g1903,48,6,18,34,8,8,4096,4,neither_forward,0,0,0,0,0,0,0,0,0,0,0,0
g1904,48,6,18,34,8,8,4096,8,neither_forward,0,0,0,0,0,0,0,0,0,0,0,0
g1905,48,6,18,34,64,8,1024,1,neither_forward,0,0,0,0,0,0,0,0,0,0,0,0
g1906,48,6,18,34,64,8,1024,4,neither_forward,0,0,0,0,0,0,0,0,0,0,0,0
g1907,48,6,18,34,64,8,1024,8,neither_forward,0,0,0,0,0,0,0,0,0,0,0,0
g1908,48,6,18,34,64,8,4096,1,neither_forward,0,0,0,0,0,0,0,0,0,0,0,0
g1909,48,6,18,34,64,8,4096,4,neither_forward,0,0,0,0,0,0,0,0,0,0,0,0
g1910,48,6,18,34,64,8,4096,8,neither_forward,0,0,0,0,0,0,0,0,0,0,0,0
g1911,48,6,18,34,1024,8,1024,1,neither_forward,0,0,0,0,0,0,0,0,0,0,0,0
g1912,48,6,18,34,1024,8,1024,4,neither_forward,0,0,0,0,0,0,0,0,0,0,0,0
g1913,48,6,18,34,1024,8,1024,8,neither_forward,0,0,0,0,0,0,0,0,0,0,0,0
g1914,48,6,18,34,1024,8,4096,1,neither_forward,0,0,0,0,0,0,0,0,0,0,0,0
g1915,48,6,18,34,1024,8,4096,4,neither_forward,0,0,0,0,0,0,0,0,0,0,0,0
g1916,48,6,18,34,1024,8,4096,8,neither_forward,0,0,0,0,0,0,0,0,0,0,0,0
g1917,48,6,20,4,8,8,1024,1,neither_forward,0,0,0,0,0,1,0,0,1,0,0,0
g1918,48,6,20,4,8,8,1024,4,neither_forward,0,0,0,0,0,1,0,0,1,0,0,0
g1919,48,6,20,4,8,8,1024,8,neither_forward,0,0,0,0,0,1,0,0,1,0,0,0
g1920,48,6,20,4,8,8,4096,1,neither_forward,0,0,0,0,0,1,0,0,1,0,0,0
g1921,48,6,20,4,8,8,4096,4,neither_forward,0,0,0,0,0,1,0,0,1,0,0,0
g1922,48,6,20,4,8,8,4096,8,neither_forward,0,0,0,0,0,1,0,0,1,0,0,0
g1923,48,6,20,4,64,8,1024,1,neither_forward,0,0,0,0,0,1,0,0,1,0,0,0
g1924,48,6,20,4,64,8,1024,4,neither_forward,0,0,0,0,0,1,0,0,1,0,0,0
g1925,48,6,20,4,64,8,1024,8,neither_forward,0,0,0,0,0,1,0,0,1,0,0,0
g1926,48,6,20,4,64,8,4096,1,neither_forward,0,0,0,0,0,1,0,0,1,0,0,0
g1927,48,6,20,4,64,8,4096,4,neither_forward,0,0,0,0,0,1,0,0,1,0,0,0
g1928,48,6,20,4,64,8,4096,8,neither_forward,0,0,0,0,0,1,0,0,1,0,0,0
g1929,48,6,20,4,1024,8,1024,1,neither_forward,0,0,0,0,0,1,0,0,1,0,0,0
g1930,48,6,20,4,1024,8,1024,4,neither_forward,0,0,0,0,0,1,0,0,1,0,0,0
g1931,48,6,20,4,1024,8,1024,8,neither_forward,0,0,0,0,0,1,0,0,1,0,0,0
g1932,48,6,20,4,1024,8,4096,1,neither_forward,0,0,0,0,0,1,0,0,1,0,0,0
g1933,48,6,20,4,1024,8,4096,4,neither_forward,0,0,0,0,0,1,0,0,1,0,0,0
g1934,48,6,20,4,1024,8,4096,8,neither_forward,0,0,0,0,0,1,0,0,1,0,0,0
g1935,48,6,20,18,8,8,1024,1,neither_forward,0,0,0,0,0,0,0,0,0,0,0,0
g1936,48,6,20,18,8,8,1024,4,neither_forward,0,0,0,0,0,0,0,0,0,0,0,0
g1937,48,6,20,18,8,8,1024,8,neither_forward,0,0,0,0,0,0,0,0,0,0,0,0
g1938,48,6,20,18,8,8,4096,1,neither_forward,0,0,0,0,0,0,0,0,0,0,0,0
g1939,48,6,20,18,8,8,4096,4,neither_forward,0,0,0,0,0,0,0,0,0,0,0,0
g1940,48,6,20,18,8,8,4096,8,neither_forward,0,0,0,0,0,0,0,0,0,0,0,0
g1941,48,6,20,18,64,8,1024,1,neither_forward,0,0,0,0,0,0,0,0,0,0,0,0
g1942,48,6,20,18,64,8,1024,4,neither_forward,0,0,0,0,0,0,0,0,0,0,0,0
g1943,48,6,20,18,64,8,1024,8,neither_forward,0,0,0,0,0,0,0,0,0,0,0,0
g1944,48,6,20,18,64,8,4096,1,neither_forward,0,0,0,0,0,0,0,0,0,0,0,0
g1945,48,6,20,18,64,8,4096,4,neither_forward,0,0,0,0,0,0,0,0,0,0,0,0
g1946,48,6,20,18,64,8,4096,8,neither_forward,0,0,0,0,0,0,0,0,0,0,0,0
g1947,48,6,20,18,1024,8,1024,1,neither_forward,0,0,0,0,0,0,0,0,0,0,0,0
g1948,48,6,20,18,1024,8,1024,4,neither_forward,0,0,0,0,0,0,0,0,0,0,0,0
g1949,48,6,20,18,1024,8,1024,8,neither_forward,0,0,0,0,0,0,0,0,0,0,0,0
g1950,48,6,20,18,1024,8,4096,1,neither_forward,0,0,0,0,0,0,0,0,0,0,0,0
g1951,48,6,20,18,1024,8,4096,4,neither_forward,0,0,0,0,0,0,0,0,0,0,0,0
g1952,48,6,20,18,1024,8,4096,8,neither_forward,0,0,0,0,0,0,0,0,0,0,0,0
g1953,48,6,20,22,8,8,1024,1,neither_forward,0,0,1,0,0,0,0,0,0,0,0,1
g1954,48,6,20,22,8,8,1024,4,neither_forward,0,0,1,0,0,0,0,0,0,0,0,1
g1955,48,6,20,22,8,8,1024,8,neither_forward,0,0,1,0,0,0,0,0,0,0,0,1
g1956,48,6,20,22,8,8,4096,1,neither_forward,0,0,1,0,0,0,0,0,0,0,0,1
g1957,48,6,20,22,8,8,4096,4,neither_forward,0,0,1,0,0,0,0,0,0,0,0,1
g1958,48,6,20,22,8,8,4096,8,neither_forward,0,0,1,0,0,0,0,0,0,0,0,1
g1959,48,6,20,22,64,8,1024,1,neither_forward,0,0,1,0,0,0,0,0,0,0,0,1
g1960,48,6,20,22,64,8,1024,4,neither_forward,0,0,1,0,0,0,0,0,0,0,0,1
g1961,48,6,20,22,64,8,1024,8,neither_forward,0,0,1,0,0,0,0,0,0,0,0,1
g1962,48,6,20,22,64,8,4096,1,neither_forward,0,0,1,0,0,0,0,0,0,0,0,1
g1963,48,6,20,22,64,8,4096,4,neither_forward,0,0,1,0,0,0,0,0,0,0,0,1
g1964,48,6,20,22,64,8,4096,8,neither_forward,0,0,1,0,0,0,0,0,0,0,0,1
g1965,48,6,20,22,1024,8,1024,1,neither_forward,0,0,1,0,0,0,0,0,0,0,0,1
g1966,48,6,20,22,1024,8,1024,4,neither_forward,0,0,1,0,0,0,0,0,0,0,0,1
g1967,48,6,20,22,1024,8,1024,8,neither_forward,0,0,1,0,0,0,0,0,0,0,0,1
g1968,48,6,20,22,1024,8,4096,1,neither_forward,0,0,1,0,0,0,0,0,0,0,0,1
g1969,48,6,20,22,1024,8,4096,4,neither_forward,0,0,1,0,0,0,0,0,0,0,0,1
g1970,48,6,20,22,1024,8,4096,8,neither_forward,0,0,1,0,0,0,0,0,0,0,0,1
g1971,48,6,20,36,8,8,1024,1,neither_forward,0,0,0,0,0,0,0,0,0,0,0,0
g1972,48,6,20,36,8,8,1024,4,neither_forward,0,0,0,0,0,0,0,0,0,0,0,0
g1973,48,6,20,36,8,8,1024,8,neither_forward,0,0,0,0,0,0,0,0,0,0,0,0
g1974,48,6,20,36,8,8,4096,1,neither_forward,0,0,0,0,0,0,0,0,0,0,0,0
g1975,48,6,20,36,8,8,4096,4,neither_forward,0,0,0,0,0,0,0,0,0,0,0,0
g1976,48,6,20,36,8,8,4096,8,neither_forward,0,0,0,0,0,0,0,0,0,0,0,0
g1977,48,6,20,36,64,8,1024,1,neither_forward,0,0,0,0,0,0,0,0,0,0,0,0
g1978,48,6,20,36,64,8,1024,4,neither_forward,0,0,0,0,0,0,0,0,0,0,0,0
g1979,48,6,20,36,64,8,1024,8,neither_forward,0,0,0,0,0,0,0,0,0,0,0,0
g1980,48,6,20,36,64,8,4096,1,neither_forward,0,0,0,0,0,0,0,0,0,0,0,0
g1981,48,6,20,36,64,8,4096,4,neither_forward,0,0,0,0,0,0,0,0,0,0,0,0
g1982,48,6,20,36,64,8,4096,8,neither_forward,0,0,0,0,0,0,0,0,0,0,0,0
g1983,48,6,20,36,1024,8,1024,1,neither_forward,0,0,0,0,0,0,0,0,0,0,0,0
g1984,48,6,20,36,1024,8,1024,4,neither_forward,0,0,0,0,0,0,0,0,0,0,0,0
g1985,48,6,20,36,1024,8,1024,8,neither_forward,0,0,0,0,0,0,0,0,0,0,0,0
g1986,48,6,20,36,1024,8,4096,1,neither_forward,0,0,0,0,0,0,0,0,0,0,0,0
g1987,48,6,20,36,1024,8,4096,4,neither_forward,0,0,0,0,0,0,0,0,0,0,0,0
g1988,48,6,20,36,1024,8,4096,8,neither_forward,0,0,0,0,0,0,0,0,0,0,0,0
g1989,48,6,22,20,8,8,1024,1,neither_forward,0,0,1,0,0,0,0,0,0,0,0,1
g1990,48,6,22,20,8,8,1024,4,neither_forward,0,0,1,0,0,0,0,0,0,0,0,1
g1991,48,6,22,20,8,8,1024,8,neither_forward,0,0,1,0,0,0,0,0,0,0,0,1
g1992,48,6,22,20,8,8,4096,1,neither_forward,0,0,1,0,0,0,0,0,0,0,0,1
g1993,48,6,22,20,8,8,4096,4,neither_forward,0,0,1,0,0,0,0,0,0,0,0,1
g1994,48,6,22,20,8,8,4096,8,neither_forward,0,0,1,0,0,0,0,0,0,0,0,1
g1995,48,6,22,20,64,8,1024,1,neither_forward,0,0,1,0,0,0,0,0,0,0,0,1
g1996,48,6,22,20,64,8,1024,4,neither_forward,0,0,1,0,0,0,0,0,0,0,0,1
g1997,48,6,22,20,64,8,1024,8,neither_forward,0,0,1,0,0,0,0,0,0,0,0,1
g1998,48,6,22,20,64,8,4096,1,neither_forward,0,0,1,0,0,0,0,0,0,0,0,1
g1999,48,6,22,20,64,8,4096,4,neither_forward,0,0,1,0,0,0,0,0,0,0,0,1
g2000,48,6,22,20,64,8,4096,8,neither_forward,0,0,1,0,0,0,0,0,0,0,0,1
g2001,48,6,22,20,1024,8,1024,1,neither_forward,0,0,1,0,0,0,0,0,0,0,0,1
g2002,48,6,22,20,1024,8,1024,4,neither_forward,0,0,1,0,0,0,0,0,0,0,0,1
g2003,48,6,22,20,1024,8,1024,8,neither_forward,0,0,1,0,0,0,0,0,0,0,0,1
g2004,48,6,22,20,1024,8,4096,1,neither_forward,0,0,1,0,0,0,0,0,0,0,0,1
g2005,48,6,22,20,1024,8,4096,4,neither_forward,0,0,1,0,0,0,0,0,0,0,0,1
g2006,48,6,22,20,1024,8,4096,8,neither_forward,0,0,1,0,0,0,0,0,0,0,0,1
g2007,48,6,22,38,8,8,1024,1,neither_forward,0,1,2,0,0,0,0,0,0,1,0,2
g2008,48,6,22,38,8,8,1024,4,neither_forward,0,1,2,0,0,0,0,0,0,1,0,2
g2009,48,6,22,38,8,8,1024,8,neither_forward,0,1,2,0,0,0,0,0,0,1,0,2
g2010,48,6,22,38,8,8,4096,1,neither_forward,0,1,2,0,0,0,0,0,0,1,0,2
g2011,48,6,22,38,8,8,4096,4,neither_forward,0,1,2,0,0,0,0,0,0,1,0,2
g2012,48,6,22,38,8,8,4096,8,neither_forward,0,1,2,0,0,0,0,0,0,1,0,2
g2013,48,6,22,38,64,8,1024,1,neither_forward,0,1,2,0,0,0,0,0,0,1,0,2
g2014,48,6,22,38,64,8,1024,4,neither_forward,0,1,2,0,0,0,0,0,0,1,0,2
g2015,48,6,22,38,64,8,1024,8,neither_forward,0,1,2,0,0,0,0,0,0,1,0,2
g2016,48,6,22,38,64,8,4096,1,neither_forward,0,1,2,0,0,0,0,0,0,1,0,2
g2017,48,6,22,38,64,8,4096,4,neither_forward,0,1,2,0,0,0,0,0,0,1,0,2
g2018,48,6,22,38,64,8,4096,8,neither_forward,0,1,2,0,0,0,0,0,0,1,0,2
g2019,48,6,22,38,1024,8,1024,1,neither_forward,0,1,2,0,0,0,0,0,0,1,0,2
g2020,48,6,22,38,1024,8,1024,4,neither_forward,0,1,2,0,0,0,0,0,0,1,0,2
g2021,48,6,22,38,1024,8,1024,8,neither_forward,0,1,2,0,0,0,0,0,0,1,0,2
g2022,48,6,22,38,1024,8,4096,1,neither_forward,0,1,2,0,0,0,0,0,0,1,0,2
g2023,48,6,22,38,1024,8,4096,4,neither_forward,0,1,2,0,0,0,0,0,0,1,0,2
g2024,48,6,22,38,1024,8,4096,8,neither_forward,0,1,2,0,0,0,0,0,0,1,0,2
g2025,48,6,32,34,8,8,1024,1,neither_forward,0,0,0,0,0,1,0,0,1,0,0,0
g2026,48,6,32,34,8,8,1024,4,neither_forward,0,0,0,0,0,1,0,0,1,0,0,0
g2027,48,6,32,34,8,8,1024,8,neither_forward,0,0,0,0,0,1,0,0,1,0,0,0
g2028,48,6,32,34,8,8,4096,1,neither_forward,0,0,0,0,0,1,0,0,1,0,0,0
g2029,48,6,32,34,8,8,4096,4,neither_forward,0,0,0,0,0,1,0,0,1,0,0,0
g2030,48,6,32,34,8,8,4096,8,neither_forward,0,0,0,0,0,1,0,0,1,0,0,0
g2031,48,6,32,34,64,8,1024,1,neither_forward,0,0,0,0,0,1,0,0,1,0,0,0
g2032,48,6,32,34,64,8,1024,4,neither_forward,0,0,0,0,0,1,0,0,1,0,0,0
g2033,48,6,32,34,64,8,1024,8,neither_forward,0,0,0,0,0,1,0,0,1,0,0,0
g2034,48,6,32,34,64,8,4096,1,neither_forward,0,0,0,0,0,1,0,0,1,0,0,0
g2035,48,6,32,34,64,8,4096,4,neither_forward,0,0,0,0,0,1,0,0,1,0,0,0
g2036,48,6,32,34,64,8,4096,8,neither_forward,0,0,0,0,0,1,0,0,1,0,0,0
g2037,48,6,32,34,1024,8,1024,1,neither_forward,0,0,0,0,0,1,0,0,1,0,0,0
g2038,48,6,32,34,1024,8,1024,4,neither_forward,0,0,0,0,0,1,0,0,1,0,0,0
g2039,48,6,32,34,1024,8,1024,8,neither_forward,0,0,0,0,0,1,0,0,1,0,0,0
g2040,48,6,32,34,1024,8,4096,1,neither_forward,0,0,0,0,0,1,0,0,1,0,0,0
g2041,48,6,32,34,1024,8,4096,4,neither_forward,0,0,0,0,0,1,0,0,1,0,0,0
g2042,48,6,32,34,1024,8,4096,8,neither_forward,0,0,0,0,0,1,0,0,1,0,0,0
g2043,48,6,34,18,8,8,1024,1,neither_forward,0,0,0,0,0,0,0,0,0,0,0,0
g2044,48,6,34,18,8,8,1024,4,neither_forward,0,0,0,0,0,0,0,0,0,0,0,0
g2045,48,6,34,18,8,8,1024,8,neither_forward,0,0,0,0,0,0,0,0,0,0,0,0
g2046,48,6,34,18,8,8,4096,1,neither_forward,0,0,0,0,0,0,0,0,0,0,0,0
g2047,48,6,34,18,8,8,4096,4,neither_forward,0,0,0,0,0,0,0,0,0,0,0,0
g2048,48,6,34,18,8,8,4096,8,neither_forward,0,0,0,0,0,0,0,0,0,0,0,0
g2049,48,6,34,18,64,8,1024,1,neither_forward,0,0,0,0,0,0,0,0,0,0,0,0
g2050,48,6,34,18,64,8,1024,4,neither_forward,0,0,0,0,0,0,0,0,0,0,0,0
g2051,48,6,34,18,64,8,1024,8,neither_forward,0,0,0,0,0,0,0,0,0,0,0,0
g2052,48,6,34,18,64,8,4096,1,neither_forward,0,0,0,0,0,0,0,0,0,0,0,0
g2053,48,6,34,18,64,8,4096,4,neither_forward,0,0,0,0,0,0,0,0,0,0,0,0
g2054,48,6,34,18,64,8,4096,8,neither_forward,0,0,0,0,0,0,0,0,0,0,0,0
g2055,48,6,34,18,1024,8,1024,1,neither_forward,0,0,0,0,0,0,0,0,0,0,0,0
g2056,48,6,34,18,1024,8,1024,4,neither_forward,0,0,0,0,0,0,0,0,0,0,0,0
g2057,48,6,34,18,1024,8,1024,8,neither_forward,0,0,0,0,0,0,0,0,0,0,0,0
g2058,48,6,34,18,1024,8,4096,1,neither_forward,0,0,0,0,0,0,0,0,0,0,0,0
g2059,48,6,34,18,1024,8,4096,4,neither_forward,0,0,0,0,0,0,0,0,0,0,0,0
g2060,48,6,34,18,1024,8,4096,8,neither_forward,0,0,0,0,0,0,0,0,0,0,0,0
g2061,48,6,34,32,8,8,1024,1,neither_forward,0,0,0,0,0,1,0,0,1,0,0,0
g2062,48,6,34,32,8,8,1024,4,neither_forward,0,0,0,0,0,1,0,0,1,0,0,0
g2063,48,6,34,32,8,8,1024,8,neither_forward,0,0,0,0,0,1,0,0,1,0,0,0
g2064,48,6,34,32,8,8,4096,1,neither_forward,0,0,0,0,0,1,0,0,1,0,0,0
g2065,48,6,34,32,8,8,4096,4,neither_forward,0,0,0,0,0,1,0,0,1,0,0,0
g2066,48,6,34,32,8,8,4096,8,neither_forward,0,0,0,0,0,1,0,0,1,0,0,0
g2067,48,6,34,32,64,8,1024,1,neither_forward,0,0,0,0,0,1,0,0,1,0,0,0
g2068,48,6,34,32,64,8,1024,4,neither_forward,0,0,0,0,0,1,0,0,1,0,0,0
g2069,48,6,34,32,64,8,1024,8,neither_forward,0,0,0,0,0,1,0,0,1,0,0,0
g2070,48,6,34,32,64,8,4096,1,neither_forward,0,0,0,0,0,1,0,0,1,0,0,0
g2071,48,6,34,32,64,8,4096,4,neither_forward,0,0,0,0,0,1,0,0,1,0,0,0
g2072,48,6,34,32,64,8,4096,8,neither_forward,0,0,0,0,0,1,0,0,1,0,0,0
g2073,48,6,34,32,1024,8,1024,1,neither_forward,0,0,0,0,0,1,0,0,1,0,0,0
g2074,48,6,34,32,1024,8,1024,4,neither_forward,0,0,0,0,0,1,0,0,1,0,0,0
g2075,48,6,34,32,1024,8,1024,8,neither_forward,0,0,0,0,0,1,0,0,1,0,0,0
g2076,48,6,34,32,1024,8,4096,1,neither_forward,0,0,0,0,0,1,0,0,1,0,0,0
g2077,48,6,34,32,1024,8,4096,4,neither_forward,0,0,0,0,0,1,0,0,1,0,0,0
g2078,48,6,34,32,1024,8,4096,8,neither_forward,0,0,0,0,0,1,0,0,1,0,0,0
g2079,48,6,34,36,8,8,1024,1,neither_forward,0,0,0,0,0,0,0,0,0,0,0,0
g2080,48,6,34,36,8,8,1024,4,neither_forward,0,0,0,0,0,0,0,0,0,0,0,0
g2081,48,6,34,36,8,8,1024,8,neither_forward,0,0,0,0,0,0,0,0,0,0,0,0
g2082,48,6,34,36,8,8,4096,1,neither_forward,0,0,0,0,0,0,0,0,0,0,0,0
g2083,48,6,34,36,8,8,4096,4,neither_forward,0,0,0,0,0,0,0,0,0,0,0,0
g2084,48,6,34,36,8,8,4096,8,neither_forward,0,0,0,0,0,0,0,0,0,0,0,0
g2085,48,6,34,36,64,8,1024,1,neither_forward,0,0,0,0,0,0,0,0,0,0,0,0
g2086,48,6,34,36,64,8,1024,4,neither_forward,0,0,0,0,0,0,0,0,0,0,0,0
g2087,48,6,34,36,64,8,1024,8,neither_forward,0,0,0,0,0,0,0,0,0,0,0,0
g2088,48,6,34,36,64,8,4096,1,neither_forward,0,0,0,0,0,0,0,0,0,0,0,0
g2089,48,6,34,36,64,8,4096,4,neither_forward,0,0,0,0,0,0,0,0,0,0,0,0
g2090,48,6,34,36,64,8,4096,8,neither_forward,0,0,0,0,0,0,0,0,0,0,0,0
g2091,48,6,34,36,1024,8,1024,1,neither_forward,0,0,0,0,0,0,0,0,0,0,0,0
g2092,48,6,34,36,1024,8,1024,4,neither_forward,0,0,0,0,0,0,0,0,0,0,0,0
g2093,48,6,34,36,1024,8,1024,8,neither_forward,0,0,0,0,0,0,0,0,0,0,0,0
g2094,48,6,34,36,1024,8,4096,1,neither_forward,0,0,0,0,0,0,0,0,0,0,0,0
g2095,48,6,34,36,1024,8,4096,4,neither_forward,0,0,0,0,0,0,0,0,0,0,0,0
g2096,48,6,34,36,1024,8,4096,8,neither_forward,0,0,0,0,0,0,0,0,0,0,0,0
g2097,48,6,34,50,8,8,1024,1,neither_forward,0,0,1,0,0,0,0,0,0,0,0,1
g2098,48,6,34,50,8,8,1024,4,neither_forward,0,0,1,0,0,0,0,0,0,0,0,1
g2099,48,6,34,50,8,8,1024,8,neither_forward,0,0,1,0,0,0,0,0,0,0,0,1
g2100,48,6,34,50,8,8,4096,1,neither_forward,0,0,1,0,0,0,0,0,0,0,0,1
g2101,48,6,34,50,8,8,4096,4,neither_forward,0,0,1,0,0,0,0,0,0,0,0,1
g2102,48,6,34,50,8,8,4096,8,neither_forward,0,0,1,0,0,0,0,0,0,0,0,1
g2103,48,6,34,50,64,8,1024,1,neither_forward,0,0,1,0,0,0,0,0,0,0,0,1
g2104,48,6,34,50,64,8,1024,4,neither_forward,0,0,1,0,0,0,0,0,0,0,0,1
g2105,48,6,34,50,64,8,1024,8,neither_forward,0,0,1,0,0,0,0,0,0,0,0,1
g2106,48,6,34,50,64,8,4096,1,neither_forward,0,0,1,0,0,0,0,0,0,0,0,1
g2107,48,6,34,50,64,8,4096,4,neither_forward,0,0,1,0,0,0,0,0,0,0,0,1
g2108,48,6,34,50,64,8,4096,8,neither_forward,0,0,1,0,0,0,0,0,0,0,0,1
g2109,48,6,34,50,1024,8,1024,1,neither_forward,0,0,1,0,0,0,0,0,0,0,0,1
g2110,48,6,34,50,1024,8,1024,4,neither_forward,0,0,1,0,0,0,0,0,0,0,0,1
g2111,48,6,34,50,1024,8,1024,8,neither_forward,0,0,1,0,0,0,0,0,0,0,0,1
g2112,48,6,34,50,1024,8,4096,1,neither_forward,0,0,1,0,0,0,0,0,0,0,0,1
g2113,48,6,34,50,1024,8,4096,4,neither_forward,0,0,1,0,0,0,0,0,0,0,0,1
g2114,48,6,34,50,1024,8,4096,8,neither_forward,0,0,1,0,0,0,0,0,0,0,0,1
g2115,48,6,36,20,8,8,1024,1,neither_forward,0,0,0,0,0,0,0,0,0,0,0,0
g2116,48,6,36,20,8,8,1024,4,neither_forward,0,0,0,0,0,0,0,0,0,0,0,0
g2117,48,6,36,20,8,8,1024,8,neither_forward,0,0,0,0,0,0,0,0,0,0,0,0
g2118,48,6,36,20,8,8,4096,1,neither_forward,0,0,0,0,0,0,0,0,0,0,0,0
g2119,48,6,36,20,8,8,4096,4,neither_forward,0,0,0,0,0,0,0,0,0,0,0,0
g2120,48,6,36,20,8,8,4096,8,neither_forward,0,0,0,0,0,0,0,0,0,0,0,0
g2121,48,6,36,20,64,8,1024,1,neither_forward,0,0,0,0,0,0,0,0,0,0,0,0
g2122,48,6,36,20,64,8,1024,4,neither_forward,0,0,0,0,0,0,0,0,0,0,0,0
g2123,48,6,36,20,64,8,1024,8,neither_forward,0,0,0,0,0,0,0,0,0,0,0,0
g2124,48,6,36,20,64,8,4096,1,neither_forward,0,0,0,0,0,0,0,0,0,0,0,0
g2125,48,6,36,20,64,8,4096,4,neither_forward,0,0,0,0,0,0,0,0,0,0,0,0
g2126,48,6,36,20,64,8,4096,8,neither_forward,0,0,0,0,0,0,0,0,0,0,0,0
g2127,48,6,36,20,1024,8,1024,1,neither_forward,0,0,0,0,0,0,0,0,0,0,0,0
g2128,48,6,36,20,1024,8,1024,4,neither_forward,0,0,0,0,0,0,0,0,0,0,0,0
g2129,48,6,36,20,1024,8,1024,8,neither_forward,0,0,0,0,0,0,0,0,0,0,0,0
g2130,48,6,36,20,1024,8,4096,1,neither_forward,0,0,0,0,0,0,0,0,0,0,0,0
g2131,48,6,36,20,1024,8,4096,4,neither_forward,0,0,0,0,0,0,0,0,0,0,0,0
g2132,48,6,36,20,1024,8,4096,8,neither_forward,0,0,0,0,0,0,0,0,0,0,0,0
g2133,48,6,36,34,8,8,1024,1,neither_forward,0,0,0,0,0,0,0,0,0,0,0,0
g2134,48,6,36,34,8,8,1024,4,neither_forward,0,0,0,0,0,0,0,0,0,0,0,0
g2135,48,6,36,34,8,8,1024,8,neither_forward,0,0,0,0,0,0,0,0,0,0,0,0
g2136,48,6,36,34,8,8,4096,1,neither_forward,0,0,0,0,0,0,0,0,0,0,0,0
g2137,48,6,36,34,8,8,4096,4,neither_forward,0,0,0,0,0,0,0,0,0,0,0,0
g2138,48,6,36,34,8,8,4096,8,neither_forward,0,0,0,0,0,0,0,0,0,0,0,0
g2139,48,6,36,34,64,8,1024,1,neither_forward,0,0,0,0,0,0,0,0,0,0,0,0
g2140,48,6,36,34,64,8,1024,4,neither_forward,0,0,0,0,0,0,0,0,0,0,0,0
g2141,48,6,36,34,64,8,1024,8,neither_forward,0,0,0,0,0,0,0,0,0,0,0,0
g2142,48,6,36,34,64,8,4096,1,neither_forward,0,0,0,0,0,0,0,0,0,0,0,0
g2143,48,6,36,34,64,8,4096,4,neither_forward,0,0,0,0,0,0,0,0,0,0,0,0
g2144,48,6,36,34,64,8,4096,8,neither_forward,0,0,0,0,0,0,0,0,0,0,0,0
g2145,48,6,36,34,1024,8,1024,1,neither_forward,0,0,0,0,0,0,0,0,0,0,0,0
g2146,48,6,36,34,1024,8,1024,4,neither_forward,0,0,0,0,0,0,0,0,0,0,0,0
g2147,48,6,36,34,1024,8,1024,8,neither_forward,0,0,0,0,0,0,0,0,0,0,0,0
g2148,48,6,36,34,1024,8,4096,1,neither_forward,0,0,0,0,0,0,0,0,0,0,0,0
g2149,48,6,36,34,1024,8,4096,4,neither_forward,0,0,0,0,0,0,0,0,0,0,0,0
g2150,48,6,36,34,1024,8,4096,8,neither_forward,0,0,0,0,0,0,0,0,0,0,0,0
g2151,48,6,36,38,8,8,1024,1,neither_forward,0,0,1,0,0,0,0,0,0,0,0,1
g2152,48,6,36,38,8,8,1024,4,neither_forward,0,0,1,0,0,0,0,0,0,0,0,1
g2153,48,6,36,38,8,8,1024,8,neither_forward,0,0,1,0,0,0,0,0,0,0,0,1
g2154,48,6,36,38,8,8,4096,1,neither_forward,0,0,1,0,0,0,0,0,0,0,0,1
g2155,48,6,36,38,8,8,4096,4,neither_forward,0,0,1,0,0,0,0,0,0,0,0,1
g2156,48,6,36,38,8,8,4096,8,neither_forward,0,0,1,0,0,0,0,0,0,0,0,1
g2157,48,6,36,38,64,8,1024,1,neither_forward,0,0,1,0,0,0,0,0,0,0,0,1
g2158,48,6,36,38,64,8,1024,4,neither_forward,0,0,1,0,0,0,0,0,0,0,0,1
g2159,48,6,36,38,64,8,1024,8,neither_forward,0,0,1,0,0,0,0,0,0,0,0,1
g2160,48,6,36,38,64,8,4096,1,neither_forward,0,0,1,0,0,0,0,0,0,0,0,1
g2161,48,6,36,38,64,8,4096,4,neither_forward,0,0,1,0,0,0,0,0,0,0,0,1
g2162,48,6,36,38,64,8,4096,8,neither_forward,0,0,1,0,0,0,0,0,0,0,0,1
g2163,48,6,36,38,1024,8,1024,1,neither_forward,0,0,1,0,0,0,0,0,0,0,0,1
g2164,48,6,36,38,1024,8,1024,4,neither_forward,0,0,1,0,0,0,0,0,0,0,0,1
g2165,48,6,36,38,1024,8,1024,8,neither_forward,0,0,1,0,0,0,0,0,0,0,0,1
g2166,48,6,36,38,1024,8,4096,1,neither_forward,0,0,1,0,0,0,0,0,0,0,0,1
g2167,48,6,36,38,1024,8,4096,4,neither_forward,0,0,1,0,0,0,0,0,0,0,0,1
g2168,48,6,36,38,1024,8,4096,8,neither_forward,0,0,1,0,0,0,0,0,0,0,0,1
g2169,48,6,36,52,8,8,1024,1,neither_forward,0,0,1,0,0,0,0,0,0,0,0,1
g2170,48,6,36,52,8,8,1024,4,neither_forward,0,0,1,0,0,0,0,0,0,0,0,1
g2171,48,6,36,52,8,8,1024,8,neither_forward,0,0,1,0,0,0,0,0,0,0,0,1
g2172,48,6,36,52,8,8,4096,1,neither_forward,0,0,1,0,0,0,0,0,0,0,0,1
g2173,48,6,36,52,8,8,4096,4,neither_forward,0,0,1,0,0,0,0,0,0,0,0,1
g2174,48,6,36,52,8,8,4096,8,neither_forward,0,0,1,0,0,0,0,0,0,0,0,1
g2175,48,6,36,52,64,8,1024,1,neither_forward,0,0,1,0,0,0,0,0,0,0,0,1
g2176,48,6,36,52,64,8,1024,4,neither_forward,0,0,1,0,0,0,0,0,0,0,0,1
g2177,48,6,36,52,64,8,1024,8,neither_forward,0,0,1,0,0,0,0,0,0,0,0,1
g2178,48,6,36,52,64,8,4096,1,neither_forward,0,0,1,0,0,0,0,0,0,0,0,1
g2179,48,6,36,52,64,8,4096,4,neither_forward,0,0,1,0,0,0,0,0,0,0,0,1
g2180,48,6,36,52,64,8,4096,8,neither_forward,0,0,1,0,0,0,0,0,0,0,0,1
g2181,48,6,36,52,1024,8,1024,1,neither_forward,0,0,1,0,0,0,0,0,0,0,0,1
g2182,48,6,36,52,1024,8,1024,4,neither_forward,0,0,1,0,0,0,0,0,0,0,0,1
g2183,48,6,36,52,1024,8,1024,8,neither_forward,0,0,1,0,0,0,0,0,0,0,0,1
g2184,48,6,36,52,1024,8,4096,1,neither_forward,0,0,1,0,0,0,0,0,0,0,0,1
g2185,48,6,36,52,1024,8,4096,4,neither_forward,0,0,1,0,0,0,0,0,0,0,0,1
g2186,48,6,36,52,1024,8,4096,8,neither_forward,0,0,1,0,0,0,0,0,0,0,0,1
g2187,48,6,38,36,8,8,1024,1,neither_forward,0,0,1,0,0,0,0,0,0,0,0,1
g2188,48,6,38,36,8,8,1024,4,neither_forward,0,0,1,0,0,0,0,0,0,0,0,1
g2189,48,6,38,36,8,8,1024,8,neither_forward,0,0,1,0,0,0,0,0,0,0,0,1
g2190,48,6,38,36,8,8,4096,1,neither_forward,0,0,1,0,0,0,0,0,0,0,0,1
g2191,48,6,38,36,8,8,4096,4,neither_forward,0,0,1,0,0,0,0,0,0,0,0,1
g2192,48,6,38,36,8,8,4096,8,neither_forward,0,0,1,0,0,0,0,0,0,0,0,1
g2193,48,6,38,36,64,8,1024,1,neither_forward,0,0,1,0,0,0,0,0,0,0,0,1
g2194,48,6,38,36,64,8,1024,4,neither_forward,0,0,1,0,0,0,0,0,0,0,0,1
g2195,48,6,38,36,64,8,1024,8,neither_forward,0,0,1,0,0,0,0,0,0,0,0,1
g2196,48,6,38,36,64,8,4096,1,neither_forward,0,0,1,0,0,0,0,0,0,0,0,1
g2197,48,6,38,36,64,8,4096,4,neither_forward,0,0,1,0,0,0,0,0,0,0,0,1
g2198,48,6,38,36,64,8,4096,8,neither_forward,0,0,1,0,0,0,0,0,0,0,0,1
g2199,48,6,38,36,1024,8,1024,1,neither_forward,0,0,1,0,0,0,0,0,0,0,0,1
g2200,48,6,38,36,1024,8,1024,4,neither_forward,0,0,1,0,0,0,0,0,0,0,0,1
g2201,48,6,38,36,1024,8,1024,8,neither_forward,0,0,1,0,0,0,0,0,0,0,0,1
g2202,48,6,38,36,1024,8,4096,1,neither_forward,0,0,1,0,0,0,0,0,0,0,0,1
g2203,48,6,38,36,1024,8,4096,4,neither_forward,0,0,1,0,0,0,0,0,0,0,0,1
g2204,48,6,38,36,1024,8,4096,8,neither_forward,0,0,1,0,0,0,0,0,0,0,0,1
g2205,48,6,38,54,8,8,1024,1,neither_forward,0,1,2,0,0,0,0,0,0,1,0,2
g2206,48,6,38,54,8,8,1024,4,neither_forward,0,1,2,0,0,0,0,0,0,1,0,2
g2207,48,6,38,54,8,8,1024,8,neither_forward,0,1,2,0,0,0,0,0,0,1,0,2
g2208,48,6,38,54,8,8,4096,1,neither_forward,0,1,2,0,0,0,0,0,0,1,0,2
g2209,48,6,38,54,8,8,4096,4,neither_forward,0,1,2,0,0,0,0,0,0,1,0,2
g2210,48,6,38,54,8,8,4096,8,neither_forward,0,1,2,0,0,0,0,0,0,1,0,2
g2211,48,6,38,54,64,8,1024,1,neither_forward,0,1,2,0,0,0,0,0,0,1,0,2
g2212,48,6,38,54,64,8,1024,4,neither_forward,0,1,2,0,0,0,0,0,0,1,0,2
g2213,48,6,38,54,64,8,1024,8,neither_forward,0,1,2,0,0,0,0,0,0,1,0,2
g2214,48,6,38,54,64,8,4096,1,neither_forward,0,1,2,0,0,0,0,0,0,1,0,2
g2215,48,6,38,54,64,8,4096,4,neither_forward,0,1,2,0,0,0,0,0,0,1,0,2
g2216,48,6,38,54,64,8,4096,8,neither_forward,0,1,2,0,0,0,0,0,0,1,0,2
g2217,48,6,38,54,1024,8,1024,1,neither_forward,0,1,2,0,0,0,0,0,0,1,0,2
g2218,48,6,38,54,1024,8,1024,4,neither_forward,0,1,2,0,0,0,0,0,0,1,0,2
g2219,48,6,38,54,1024,8,1024,8,neither_forward,0,1,2,0,0,0,0,0,0,1,0,2
g2220,48,6,38,54,1024,8,4096,1,neither_forward,0,1,2,0,0,0,0,0,0,1,0,2
g2221,48,6,38,54,1024,8,4096,4,neither_forward,0,1,2,0,0,0,0,0,0,1,0,2
g2222,48,6,38,54,1024,8,4096,8,neither_forward,0,1,2,0,0,0,0,0,0,1,0,2
g2223,48,6,50,34,8,8,1024,1,neither_forward,0,0,1,0,0,0,0,0,0,0,0,1
g2224,48,6,50,34,8,8,1024,4,neither_forward,0,0,1,0,0,0,0,0,0,0,0,1
g2225,48,6,50,34,8,8,1024,8,neither_forward,0,0,1,0,0,0,0,0,0,0,0,1
g2226,48,6,50,34,8,8,4096,1,neither_forward,0,0,1,0,0,0,0,0,0,0,0,1
g2227,48,6,50,34,8,8,4096,4,neither_forward,0,0,1,0,0,0,0,0,0,0,0,1
g2228,48,6,50,34,8,8,4096,8,neither_forward,0,0,1,0,0,0,0,0,0,0,0,1
g2229,48,6,50,34,64,8,1024,1,neither_forward,0,0,1,0,0,0,0,0,0,0,0,1
g2230,48,6,50,34,64,8,1024,4,neither_forward,0,0,1,0,0,0,0,0,0,0,0,1
g2231,48,6,50,34,64,8,1024,8,neither_forward,0,0,1,0,0,0,0,0,0,0,0,1
g2232,48,6,50,34,64,8,4096,1,neither_forward,0,0,1,0,0,0,0,0,0,0,0,1
g2233,48,6,50,34,64,8,4096,4,neither_forward,0,0,1,0,0,0,0,0,0,0,0,1
g2234,48,6,50,34,64,8,4096,8,neither_forward,0,0,1,0,0,0,0,0,0,0,0,1
g2235,48,6,50,34,1024,8,1024,1,neither_forward,0,0,1,0,0,0,0,0,0,0,0,1
g2236,48,6,50,34,1024,8,1024,4,neither_forward,0,0,1,0,0,0,0,0,0,0,0,1
g2237,48,6,50,34,1024,8,1024,8,neither_forward,0,0,1,0,0,0,0,0,0,0,0,1
g2238,48,6,50,34,1024,8,4096,1,neither_forward,0,0,1,0,0,0,0,0,0,0,0,1
g2239,48,6,50,34,1024,8,4096,4,neither_forward,0,0,1,0,0,0,0,0,0,0,0,1
g2240,48,6,50,34,1024,8,4096,8,neither_forward,0,0,1,0,0,0,0,0,0,0,0,1
g2241,48,6,52,36,8,8,1024,1,neither_forward,0,0,1,0,0,0,0,0,0,0,0,1
g2242,48,6,52,36,8,8,1024,4,neither_forward,0,0,1,0,0,0,0,0,0,0,0,1
g2243,48,6,52,36,8,8,1024,8,neither_forward,0,0,1,0,0,0,0,0,0,0,0,1
g2244,48,6,52,36,8,8,4096,1,neither_forward,0,0,1,0,0,0,0,0,0,0,0,1
g2245,48,6,52,36,8,8,4096,4,neither_forward,0,0,1,0,0,0,0,0,0,0,0,1
g2246,48,6,52,36,8,8,4096,8,neither_forward,0,0,1,0,0,0,0,0,0,0,0,1
g2247,48,6,52,36,64,8,1024,1,neither_forward,0,0,1,0,0,0,0,0,0,0,0,1
g2248,48,6,52,36,64,8,1024,4,neither_forward,0,0,1,0,0,0,0,0,0,0,0,1
g2249,48,6,52,36,64,8,1024,8,neither_forward,0,0,1,0,0,0,0,0,0,0,0,1
g2250,48,6,52,36,64,8,4096,1,neither_forward,0,0,1,0,0,0,0,0,0,0,0,1
g2251,48,6,52,36,64,8,4096,4,neither_forward,0,0,1,0,0,0,0,0,0,0,0,1
g2252,48,6,52,36,64,8,4096,8,neither_forward,0,0,1,0,0,0,0,0,0,0,0,1
g2253,48,6,52,36,1024,8,1024,1,neither_forward,0,0,1,0,0,0,0,0,0,0,0,1
g2254,48,6,52,36,1024,8,1024,4,neither_forward,0,0,1,0,0,0,0,0,0,0,0,1
g2255,48,6,52,36,1024,8,1024,8,neither_forward,0,0,1,0,0,0,0,0,0,0,0,1
g2256,48,6,52,36,1024,8,4096,1,neither_forward,0,0,1,0,0,0,0,0,0,0,0,1
g2257,48,6,52,36,1024,8,4096,4,neither_forward,0,0,1,0,0,0,0,0,0,0,0,1
g2258,48,6,52,36,1024,8,4096,8,neither_forward,0,0,1,0,0,0,0,0,0,0,0,1
g2259,48,6,52,50,8,8,1024,1,neither_forward,0,1,2,0,0,0,0,0,0,1,0,2
g2260,48,6,52,50,8,8,1024,4,neither_forward,0,1,2,0,0,0,0,0,0,1,0,2
g2261,48,6,52,50,8,8,1024,8,neither_forward,0,1,2,0,0,0,0,0,0,1,0,2
g2262,48,6,52,50,8,8,4096,1,neither_forward,0,1,2,0,0,0,0,0,0,1,0,2
g2263,48,6,52,50,8,8,4096,4,neither_forward,0,1,2,0,0,0,0,0,0,1,0,2
g2264,48,6,52,50,8,8,4096,8,neither_forward,0,1,2,0,0,0,0,0,0,1,0,2
g2265,48,6,52,50,64,8,1024,1,neither_forward,0,1,2,0,0,0,0,0,0,1,0,2
g2266,48,6,52,50,64,8,1024,4,neither_forward,0,1,2,0,0,0,0,0,0,1,0,2
g2267,48,6,52,50,64,8,1024,8,neither_forward,0,1,2,0,0,0,0,0,0,1,0,2
g2268,48,6,52,50,64,8,4096,1,neither_forward,0,1,2,0,0,0,0,0,0,1,0,2
g2269,48,6,52,50,64,8,4096,4,neither_forward,0,1,2,0,0,0,0,0,0,1,0,2
g2270,48,6,52,50,64,8,4096,8,neither_forward,0,1,2,0,0,0,0,0,0,1,0,2
g2271,48,6,52,50,1024,8,1024,1,neither_forward,0,1,2,0,0,0,0,0,0,1,0,2
g2272,48,6,52,50,1024,8,1024,4,neither_forward,0,1,2,0,0,0,0,0,0,1,0,2
g2273,48,6,52,50,1024,8,1024,8,neither_forward,0,1,2,0,0,0,0,0,0,1,0,2
g2274,48,6,52,50,1024,8,4096,1,neither_forward,0,1,2,0,0,0,0,0,0,1,0,2
g2275,48,6,52,50,1024,8,4096,4,neither_forward,0,1,2,0,0,0,0,0,0,1,0,2
g2276,48,6,52,50,1024,8,4096,8,neither_forward,0,1,2,0,0,0,0,0,0,1,0,2
g2277,48,6,54,52,8,8,1024,1,neither_forward,0,1,2,0,0,0,0,0,0,1,0,2
g2278,48,6,54,52,8,8,1024,4,neither_forward,0,1,2,0,0,0,0,0,0,1,0,2
g2279,48,6,54,52,8,8,1024,8,neither_forward,0,1,2,0,0,0,0,0,0,1,0,2
g2280,48,6,54,52,8,8,4096,1,neither_forward,0,1,2,0,0,0,0,0,0,1,0,2
g2281,48,6,54,52,8,8,4096,4,neither_forward,0,1,2,0,0,0,0,0,0,1,0,2
g2282,48,6,54,52,8,8,4096,8,neither_forward,0,1,2,0,0,0,0,0,0,1,0,2
g2283,48,6,54,52,64,8,1024,1,neither_forward,0,1,2,0,0,0,0,0,0,1,0,2
g2284,48,6,54,52,64,8,1024,4,neither_forward,0,1,2,0,0,0,0,0,0,1,0,2
g2285,48,6,54,52,64,8,1024,8,neither_forward,0,1,2,0,0,0,0,0,0,1,0,2
g2286,48,6,54,52,64,8,4096,1,neither_forward,0,1,2,0,0,0,0,0,0,1,0,2
g2287,48,6,54,52,64,8,4096,4,neither_forward,0,1,2,0,0,0,0,0,0,1,0,2
g2288,48,6,54,52,64,8,4096,8,neither_forward,0,1,2,0,0,0,0,0,0,1,0,2
g2289,48,6,54,52,1024,8,1024,1,neither_forward,0,1,2,0,0,0,0,0,0,1,0,2
g2290,48,6,54,52,1024,8,1024,4,neither_forward,0,1,2,0,0,0,0,0,0,1,0,2
g2291,48,6,54,52,1024,8,1024,8,neither_forward,0,1,2,0,0,0,0,0,0,1,0,2
g2292,48,6,54,52,1024,8,4096,1,neither_forward,0,1,2,0,0,0,0,0,0,1,0,2
g2293,48,6,54,52,1024,8,4096,4,neither_forward,0,1,2,0,0,0,0,0,0,1,0,2
g2294,48,6,54,52,1024,8,4096,8,neither_forward,0,1,2,0,0,0,0,0,0,1,0,2
g2295,54,0,32,16,8,8,1024,1,XY_forward,1,0,2,0,0,0,0,0,0,0,1,2
g2296,54,0,32,16,8,8,1024,4,XY_forward,1,0,2,0,0,0,0,0,0,0,1,2
g2297,54,0,32,16,8,8,1024,8,XY_forward,1,0,2,0,0,0,0,0,0,0,1,2
g2298,54,0,32,16,8,8,4096,1,XY_forward,1,0,2,0,0,0,0,0,0,0,1,2
g2299,54,0,32,16,8,8,4096,4,XY_forward,1,0,2,0,0,0,0,0,0,0,1,2
g2300,54,0,32,16,8,8,4096,8,XY_forward,1,0,2,0,0,0,0,0,0,0,1,2
g2301,54,0,32,16,64,8,1024,1,XY_forward,1,0,2,0,0,0,0,0,0,0,1,2
g2302,54,0,32,16,64,8,1024,4,XY_forward,1,0,2,0,0,0,0,0,0,0,1,2
g2303,54,0,32,16,64,8,1024,8,XY_forward,1,0,2,0,0,0,0,0,0,0,1,2
g2304,54,0,32,16,64,8,4096,1,XY_forward,1,0,2,0,0,0,0,0,0,0,1,2
g2305,54,0,32,16,64,8,4096,4,XY_forward,1,0,2,0,0,0,0,0,0,0,1,2
g2306,54,0,32,16,64,8,4096,8,XY_forward,1,0,2,0,0,0,0,0,0,0,1,2
g2307,54,0,32,16,1024,8,1024,1,XY_forward,1,0,2,0,0,0,0,0,0,0,1,2
g2308,54,0,32,16,1024,8,1024,4,XY_forward,1,0,2,0,0,0,0,0,0,0,1,2
g2309,54,0,32,16,1024,8,1024,8,XY_forward,1,0,2,0,0,0,0,0,0,0,1,2
g2310,54,0,32,16,1024,8,4096,1,XY_forward,1,0,2,0,0,0,0,0,0,0,1,2
g2311,54,0,32,16,1024,8,4096,4,XY_forward,1,0,2,0,0,0,0,0,0,0,1,2
g2312,54,0,32,16,1024,8,4096,8,XY_forward,1,0,2,0,0,0,0,0,0,0,1,2
g2313,54,0,48,32,8,8,1024,1,XY_forward,1,0,2,0,0,0,0,0,0,0,1,2
g2314,54,0,48,32,8,8,1024,4,XY_forward,1,0,2,0,0,0,0,0,0,0,1,2
g2315,54,0,48,32,8,8,1024,8,XY_forward,1,0,2,0,0,0,0,0,0,0,1,2
g2316,54,0,48,32,8,8,4096,1,XY_forward,1,0,2,0,0,0,0,0,0,0,1,2
g2317,54,0,48,32,8,8,4096,4,XY_forward,1,0,2,0,0,0,0,0,0,0,1,2
g2318,54,0,48,32,8,8,4096,8,XY_forward,1,0,2,0,0,0,0,0,0,0,1,2
g2319,54,0,48,32,64,8,1024,1,XY_forward,1,0,2,0,0,0,0,0,0,0,1,2
g2320,54,0,48,32,64,8,1024,4,XY_forward,1,0,2,0,0,0,0,0,0,0,1,2
g2321,54,0,48,32,64,8,1024,8,XY_forward,1,0,2,0,0,0,0,0,0,0,1,2
g2322,54,0,48,32,64,8,4096,1,XY_forward,1,0,2,0,0,0,0,0,0,0,1,2
g2323,54,0,48,32,64,8,4096,4,XY_forward,1,0,2,0,0,0,0,0,0,0,1,2
g2324,54,0,48,32,64,8,4096,8,XY_forward,1,0,2,0,0,0,0,0,0,0,1,2
g2325,54,0,48,32,1024,8,1024,1,XY_forward,1,0,2,0,0,0,0,0,0,0,1,2
g2326,54,0,48,32,1024,8,1024,4,XY_forward,1,0,2,0,0,0,0,0,0,0,1,2
g2327,54,0,48,32,1024,8,1024,8,XY_forward,1,0,2,0,0,0,0,0,0,0,1,2
g2328,54,0,48,32,1024,8,4096,1,XY_forward,1,0,2,0,0,0,0,0,0,0,1,2
g2329,54,0,48,32,1024,8,4096,4,XY_forward,1,0,2,0,0,0,0,0,0,0,1,2
g2330,54,0,48,32,1024,8,4096,8,XY_forward,1,0,2,0,0,0,0,0,0,0,1,2
g2331,54,0,50,48,8,8,1024,1,XY_forward,1,0,2,0,0,0,0,0,0,0,1,2
g2332,54,0,50,48,8,8,1024,4,XY_forward,1,0,2,0,0,0,0,0,0,0,1,2
g2333,54,0,50,48,8,8,1024,8,XY_forward,1,0,2,0,0,0,0,0,0,0,1,2
g2334,54,0,50,48,8,8,4096,1,XY_forward,1,0,2,0,0,0,0,0,0,0,1,2
g2335,54,0,50,48,8,8,4096,4,XY_forward,1,0,2,0,0,0,0,0,0,0,1,2
g2336,54,0,50,48,8,8,4096,8,XY_forward,1,0,2,0,0,0,0,0,0,0,1,2
g2337,54,0,50,48,64,8,1024,1,XY_forward,1,0,2,0,0,0,0,0,0,0,1,2
g2338,54,0,50,48,64,8,1024,4,XY_forward,1,0,2,0,0,0,0,0,0,0,1,2
g2339,54,0,50,48,64,8,1024,8,XY_forward,1,0,2,0,0,0,0,0,0,0,1,2
g2340,54,0,50,48,64,8,4096,1,XY_forward,1,0,2,0,0,0,0,0,0,0,1,2
g2341,54,0,50,48,64,8,4096,4,XY_forward,1,0,2,0,0,0,0,0,0,0,1,2
g2342,54,0,50,48,64,8,4096,8,XY_forward,1,0,2,0,0,0,0,0,0,0,1,2
g2343,54,0,50,48,1024,8,1024,1,XY_forward,1,0,2,0,0,0,0,0,0,0,1,2
g2344,54,0,50,48,1024,8,1024,4,XY_forward,1,0,2,0,0,0,0,0,0,0,1,2
g2345,54,0,50,48,1024,8,1024,8,XY_forward,1,0,2,0,0,0,0,0,0,0,1,2
g2346,54,0,50,48,1024,8,4096,1,XY_forward,1,0,2,0,0,0,0,0,0,0,1,2
g2347,54,0,50,48,1024,8,4096,4,XY_forward,1,0,2,0,0,0,0,0,0,0,1,2
g2348,54,0,50,48,1024,8,4096,8,XY_forward,1,0,2,0,0,0,0,0,0,0,1,2
g2349,54,0,52,50,8,8,1024,1,XY_forward,1,0,2,0,0,0,0,0,0,0,1,2
g2350,54,0,52,50,8,8,1024,4,XY_forward,1,0,2,0,0,0,0,0,0,0,1,2
g2351,54,0,52,50,8,8,1024,8,XY_forward,1,0,2,0,0,0,0,0,0,0,1,2
g2352,54,0,52,50,8,8,4096,1,XY_forward,1,0,2,0,0,0,0,0,0,0,1,2
g2353,54,0,52,50,8,8,4096,4,XY_forward,1,0,2,0,0,0,0,0,0,0,1,2
g2354,54,0,52,50,8,8,4096,8,XY_forward,1,0,2,0,0,0,0,0,0,0,1,2
g2355,54,0,52,50,64,8,1024,1,XY_forward,1,0,2,0,0,0,0,0,0,0,1,2
g2356,54,0,52,50,64,8,1024,4,XY_forward,1,0,2,0,0,0,0,0,0,0,1,2
g2357,54,0,52,50,64,8,1024,8,XY_forward,1,0,2,0,0,0,0,0,0,0,1,2
g2358,54,0,52,50,64,8,4096,1,XY_forward,1,0,2,0,0,0,0,0,0,0,1,2
g2359,54,0,52,50,64,8,4096,4,XY_forward,1,0,2,0,0,0,0,0,0,0,1,2
g2360,54,0,52,50,64,8,4096,8,XY_forward,1,0,2,0,0,0,0,0,0,0,1,2
g2361,54,0,52,50,1024,8,1024,1,XY_forward,1,0,2,0,0,0,0,0,0,0,1,2
g2362,54,0,52,50,1024,8,1024,4,XY_forward,1,0,2,0,0,0,0,0,0,0,1,2
g2363,54,0,52,50,1024,8,1024,8,XY_forward,1,0,2,0,0,0,0,0,0,0,1,2
g2364,54,0,52,50,1024,8,4096,1,XY_forward,1,0,2,0,0,0,0,0,0,0,1,2
g2365,54,0,52,50,1024,8,4096,4,XY_forward,1,0,2,0,0,0,0,0,0,0,1,2
g2366,54,0,52,50,1024,8,4096,8,XY_forward,1,0,2,0,0,0,0,0,0,0,1,2
g2367,54,0,4,2,8,8,1024,1,YX_forward,0,0,0,0,1,2,1,0,2,0,0,0
g2368,54,0,4,2,8,8,1024,4,YX_forward,0,0,0,0,1,2,1,0,2,0,0,0
g2369,54,0,4,2,8,8,1024,8,YX_forward,0,0,0,0,1,2,1,0,2,0,0,0
g2370,54,0,4,2,8,8,4096,1,YX_forward,0,0,0,0,1,2,1,0,2,0,0,0
g2371,54,0,4,2,8,8,4096,4,YX_forward,0,0,0,0,1,2,1,0,2,0,0,0
g2372,54,0,4,2,8,8,4096,8,YX_forward,0,0,0,0,1,2,1,0,2,0,0,0
g2373,54,0,4,2,64,8,1024,1,YX_forward,0,0,0,0,1,2,1,0,2,0,0,0
g2374,54,0,4,2,64,8,1024,4,YX_forward,0,0,0,0,1,2,1,0,2,0,0,0
g2375,54,0,4,2,64,8,1024,8,YX_forward,0,0,0,0,1,2,1,0,2,0,0,0
g2376,54,0,4,2,64,8,4096,1,YX_forward,0,0,0,0,1,2,1,0,2,0,0,0
g2377,54,0,4,2,64,8,4096,4,YX_forward,0,0,0,0,1,2,1,0,2,0,0,0
g2378,54,0,4,2,64,8,4096,8,YX_forward,0,0,0,0,1,2,1,0,2,0,0,0
g2379,54,0,4,2,1024,8,1024,1,YX_forward,0,0,0,0,1,2,1,0,2,0,0,0
g2380,54,0,4,2,1024,8,1024,4,YX_forward,0,0,0,0,1,2,1,0,2,0,0,0
g2381,54,0,4,2,1024,8,1024,8,YX_forward,0,0,0,0,1,2,1,0,2,0,0,0
g2382,54,0,4,2,1024,8,4096,1,YX_forward,0,0,0,0,1,2,1,0,2,0,0,0
g2383,54,0,4,2,1024,8,4096,4,YX_forward,0,0,0,0,1,2,1,0,2,0,0,0
g2384,54,0,4,2,1024,8,4096,8,YX_forward,0,0,0,0,1,2,1,0,2,0,0,0
g2385,54,0,6,4,8,8,1024,1,YX_forward,0,0,0,0,1,2,1,0,2,0,0,0
g2386,54,0,6,4,8,8,1024,4,YX_forward,0,0,0,0,1,2,1,0,2,0,0,0
g2387,54,0,6,4,8,8,1024,8,YX_forward,0,0,0,0,1,2,1,0,2,0,0,0
g2388,54,0,6,4,8,8,4096,1,YX_forward,0,0,0,0,1,2,1,0,2,0,0,0
g2389,54,0,6,4,8,8,4096,4,YX_forward,0,0,0,0,1,2,1,0,2,0,0,0
g2390,54,0,6,4,8,8,4096,8,YX_forward,0,0,0,0,1,2,1,0,2,0,0,0
g2391,54,0,6,4,64,8,1024,1,YX_forward,0,0,0,0,1,2,1,0,2,0,0,0
g2392,54,0,6,4,64,8,1024,4,YX_forward,0,0,0,0,1,2,1,0,2,0,0,0
g2393,54,0,6,4,64,8,1024,8,YX_forward,0,0,0,0,1,2,1,0,2,0,0,0
g2394,54,0,6,4,64,8,4096,1,YX_forward,0,0,0,0,1,2,1,0,2,0,0,0
g2395,54,0,6,4,64,8,4096,4,YX_forward,0,0,0,0,1,2,1,0,2,0,0,0
g2396,54,0,6,4,64,8,4096,8,YX_forward,0,0,0,0,1,2,1,0,2,0,0,0
g2397,54,0,6,4,1024,8,1024,1,YX_forward,0,0,0,0,1,2,1,0,2,0,0,0
g2398,54,0,6,4,1024,8,1024,4,YX_forward,0,0,0,0,1,2,1,0,2,0,0,0
g2399,54,0,6,4,1024,8,1024,8,YX_forward,0,0,0,0,1,2,1,0,2,0,0,0
g2400,54,0,6,4,1024,8,4096,1,YX_forward,0,0,0,0,1,2,1,0,2,0,0,0
g2401,54,0,6,4,1024,8,4096,4,YX_forward,0,0,0,0,1,2,1,0,2,0,0,0
g2402,54,0,6,4,1024,8,4096,8,YX_forward,0,0,0,0,1,2,1,0,2,0,0,0
g2403,54,0,22,6,8,8,1024,1,YX_forward,0,0,0,0,1,2,1,0,2,0,0,0
g2404,54,0,22,6,8,8,1024,4,YX_forward,0,0,0,0,1,2,1,0,2,0,0,0
g2405,54,0,22,6,8,8,1024,8,YX_forward,0,0,0,0,1,2,1,0,2,0,0,0
g2406,54,0,22,6,8,8,4096,1,YX_forward,0,0,0,0,1,2,1,0,2,0,0,0
g2407,54,0,22,6,8,8,4096,4,YX_forward,0,0,0,0,1,2,1,0,2,0,0,0
g2408,54,0,22,6,8,8,4096,8,YX_forward,0,0,0,0,1,2,1,0,2,0,0,0
g2409,54,0,22,6,64,8,1024,1,YX_forward,0,0,0,0,1,2,1,0,2,0,0,0
g2410,54,0,22,6,64,8,1024,4,YX_forward,0,0,0,0,1,2,1,0,2,0,0,0
g2411,54,0,22,6,64,8,1024,8,YX_forward,0,0,0,0,1,2,1,0,2,0,0,0
g2412,54,0,22,6,64,8,4096,1,YX_forward,0,0,0,0,1,2,1,0,2,0,0,0
g2413,54,0,22,6,64,8,4096,4,YX_forward,0,0,0,0,1,2,1,0,2,0,0,0
g2414,54,0,22,6,64,8,4096,8,YX_forward,0,0,0,0,1,2,1,0,2,0,0,0
g2415,54,0,22,6,1024,8,1024,1,YX_forward,0,0,0,0,1,2,1,0,2,0,0,0
g2416,54,0,22,6,1024,8,1024,4,YX_forward,0,0,0,0,1,2,1,0,2,0,0,0
g2417,54,0,22,6,1024,8,1024,8,YX_forward,0,0,0,0,1,2,1,0,2,0,0,0
g2418,54,0,22,6,1024,8,4096,1,YX_forward,0,0,0,0,1,2,1,0,2,0,0,0
g2419,54,0,22,6,1024,8,4096,4,YX_forward,0,0,0,0,1,2,1,0,2,0,0,0
g2420,54,0,22,6,1024,8,4096,8,YX_forward,0,0,0,0,1,2,1,0,2,0,0,0
g2421,54,0,38,22,8,8,1024,1,YX_forward,0,0,0,0,1,2,1,0,2,0,0,0
g2422,54,0,38,22,8,8,1024,4,YX_forward,0,0,0,0,1,2,1,0,2,0,0,0
g2423,54,0,38,22,8,8,1024,8,YX_forward,0,0,0,0,1,2,1,0,2,0,0,0
g2424,54,0,38,22,8,8,4096,1,YX_forward,0,0,0,0,1,2,1,0,2,0,0,0
g2425,54,0,38,22,8,8,4096,4,YX_forward,0,0,0,0,1,2,1,0,2,0,0,0
g2426,54,0,38,22,8,8,4096,8,YX_forward,0,0,0,0,1,2,1,0,2,0,0,0
g2427,54,0,38,22,64,8,1024,1,YX_forward,0,0,0,0,1,2,1,0,2,0,0,0
g2428,54,0,38,22,64,8,1024,4,YX_forward,0,0,0,0,1,2,1,0,2,0,0,0
g2429,54,0,38,22,64,8,1024,8,YX_forward,0,0,0,0,1,2,1,0,2,0,0,0
g2430,54,0,38,22,64,8,4096,1,YX_forward,0,0,0,0,1,2,1,0,2,0,0,0
g2431,54,0,38,22,64,8,4096,4,YX_forward,0,0,0,0,1,2,1,0,2,0,0,0
g2432,54,0,38,22,64,8,4096,8,YX_forward,0,0,0,0,1,2,1,0,2,0,0,0
g2433,54,0,38,22,1024,8,1024,1,YX_forward,0,0,0,0,1,2,1,0,2,0,0,0
g2434,54,0,38,22,1024,8,1024,4,YX_forward,0,0,0,0,1,2,1,0,2,0,0,0
g2435,54,0,38,22,1024,8,1024,8,YX_forward,0,0,0,0,1,2,1,0,2,0,0,0
g2436,54,0,38,22,1024,8,4096,1,YX_forward,0,0,0,0,1,2,1,0,2,0,0,0
g2437,54,0,38,22,1024,8,4096,4,YX_forward,0,0,0,0,1,2,1,0,2,0,0,0
g2438,54,0,38,22,1024,8,4096,8,YX_forward,0,0,0,0,1,2,1,0,2,0,0,0
g2439,54,0,2,4,8,8,1024,1,neither_forward,0,0,0,1,0,2,0,1,2,0,0,0
g2440,54,0,2,4,8,8,1024,4,neither_forward,0,0,0,1,0,2,0,1,2,0,0,0
g2441,54,0,2,4,8,8,1024,8,neither_forward,0,0,0,1,0,2,0,1,2,0,0,0
g2442,54,0,2,4,8,8,4096,1,neither_forward,0,0,0,1,0,2,0,1,2,0,0,0
g2443,54,0,2,4,8,8,4096,4,neither_forward,0,0,0,1,0,2,0,1,2,0,0,0
g2444,54,0,2,4,8,8,4096,8,neither_forward,0,0,0,1,0,2,0,1,2,0,0,0
g2445,54,0,2,4,64,8,1024,1,neither_forward,0,0,0,1,0,2,0,1,2,0,0,0
g2446,54,0,2,4,64,8,1024,4,neither_forward,0,0,0,1,0,2,0,1,2,0,0,0
g2447,54,0,2,4,64,8,1024,8,neither_forward,0,0,0,1,0,2,0,1,2,0,0,0
g2448,54,0,2,4,64,8,4096,1,neither_forward,0,0,0,1,0,2,0,1,2,0,0,0
g2449,54,0,2,4,64,8,4096,4,neither_forward,0,0,0,1,0,2,0,1,2,0,0,0
g2450,54,0,2,4,64,8,4096,8,neither_forward,0,0,0,1,0,2,0,1,2,0,0,0
g2451,54,0,2,4,1024,8,1024,1,neither_forward,0,0,0,1,0,2,0,1,2,0,0,0
g2452,54,0,2,4,1024,8,1024,4,neither_forward,0,0,0,1,0,2,0,1,2,0,0,0
g2453,54,0,2,4,1024,8,1024,8,neither_forward,0,0,0,1,0,2,0,1,2,0,0,0
g2454,54,0,2,4,1024,8,4096,1,neither_forward,0,0,0,1,0,2,0,1,2,0,0,0
g2455,54,0,2,4,1024,8,4096,4,neither_forward,0,0,0,1,0,2,0,1,2,0,0,0
g2456,54,0,2,4,1024,8,4096,8,neither_forward,0,0,0,1,0,2,0,1,2,0,0,0
g2457,54,0,2,18,8,8,1024,1,neither_forward,0,0,0,0,0,1,0,0,1,0,0,0
g2458,54,0,2,18,8,8,1024,4,neither_forward,0,0,0,0,0,1,0,0,1,0,0,0
g2459,54,0,2,18,8,8,1024,8,neither_forward,0,0,0,0,0,1,0,0,1,0,0,0
g2460,54,0,2,18,8,8,4096,1,neither_forward,0,0,0,0,0,1,0,0,1,0,0,0
g2461,54,0,2,18,8,8,4096,4,neither_forward,0,0,0,0,0,1,0,0,1,0,0,0
g2462,54,0,2,18,8,8,4096,8,neither_forward,0,0,0,0,0,1,0,0,1,0,0,0
g2463,54,0,2,18,64,8,1024,1,neither_forward,0,0,0,0,0,1,0,0,1,0,0,0
g2464,54,0,2,18,64,8,1024,4,neither_forward,0,0,0,0,0,1,0,0,1,0,0,0
g2465,54,0,2,18,64,8,1024,8,neither_forward,0,0,0,0,0,1,0,0,1,0,0,0
g2466,54,0,2,18,64,8,4096,1,neither_forward,0,0,0,0,0,1,0,0,1,0,0,0
g2467,54,0,2,18,64,8,4096,4,neither_forward,0,0,0,0,0,1,0,0,1,0,0,0
g2468,54,0,2,18,64,8,4096,8,neither_forward,0,0,0,0,0,1,0,0,1,0,0,0
g2469,54,0,2,18,1024,8,1024,1,neither_forward,0,0,0,0,0,1,0,0,1,0,0,0
g2470,54,0,2,18,1024,8,1024,4,neither_forward,0,0,0,0,0,1,0,0,1,0,0,0
g2471,54,0,2,18,1024,8,1024,8,neither_forward,0,0,0,0,0,1,0,0,1,0,0,0
g2472,54,0,2,18,1024,8,4096,1,neither_forward,0,0,0,0,0,1,0,0,1,0,0,0
g2473,54,0,2,18,1024,8,4096,4,neither_forward,0,0,0,0,0,1,0,0,1,0,0,0
g2474,54,0,2,18,1024,8,4096,8,neither_forward,0,0,0,0,0,1,0,0,1,0,0,0
g2475,54,0,4,6,8,8,1024,1,neither_forward,0,0,0,1,0,2,0,1,2,0,0,0
g2476,54,0,4,6,8,8,1024,4,neither_forward,0,0,0,1,0,2,0,1,2,0,0,0
g2477,54,0,4,6,8,8,1024,8,neither_forward,0,0,0,1,0,2,0,1,2,0,0,0
g2478,54,0,4,6,8,8,4096,1,neither_forward,0,0,0,1,0,2,0,1,2,0,0,0
g2479,54,0,4,6,8,8,4096,4,neither_forward,0,0,0,1,0,2,0,1,2,0,0,0
g2480,54,0,4,6,8,8,4096,8,neither_forward,0,0,0,1,0,2,0,1,2,0,0,0
g2481,54,0,4,6,64,8,1024,1,neither_forward,0,0,0,1,0,2,0,1,2,0,0,0
g2482,54,0,4,6,64,8,1024,4,neither_forward,0,0,0,1,0,2,0,1,2,0,0,0
g2483,54,0,4,6,64,8,1024,8,neither_forward,0,0,0,1,0,2,0,1,2,0,0,0
g2484,54,0,4,6,64,8,4096,1,neither_forward,0,0,0,1,0,2,0,1,2,0,0,0
g2485,54,0,4,6,64,8,4096,4,neither_forward,0,0,0,1,0,2,0,1,2,0,0,0
g2486,54,0,4,6,64,8,4096,8,neither_forward,0,0,0,1,0,2,0,1,2,0,0,0
g2487,54,0,4,6,1024,8,1024,1,neither_forward,0,0,0,1,0,2,0,1,2,0,0,0
g2488,54,0,4,6,1024,8,1024,4,neither_forward,0,0,0,1,0,2,0,1,2,0,0,0
g2489,54,0,4,6,1024,8,1024,8,neither_forward,0,0,0,1,0,2,0,1,2,0,0,0
g2490,54,0,4,6,1024,8,4096,1,neither_forward,0,0,0,1,0,2,0,1,2,0,0,0
g2491,54,0,4,6,1024,8,4096,4,neither_forward,0,0,0,1,0,2,0,1,2,0,0,0
g2492,54,0,4,6,1024,8,4096,8,neither_forward,0,0,0,1,0,2,0,1,2,0,0,0
g2493,54,0,4,20,8,8,1024,1,neither_forward,0,0,0,0,0,1,0,0,1,0,0,0
g2494,54,0,4,20,8,8,1024,4,neither_forward,0,0,0,0,0,1,0,0,1,0,0,0
g2495,54,0,4,20,8,8,1024,8,neither_forward,0,0,0,0,0,1,0,0,1,0,0,0
g2496,54,0,4,20,8,8,4096,1,neither_forward,0,0,0,0,0,1,0,0,1,0,0,0
g2497,54,0,4,20,8,8,4096,4,neither_forward,0,0,0,0,0,1,0,0,1,0,0,0
g2498,54,0,4,20,8,8,4096,8,neither_forward,0,0,0,0,0,1,0,0,1,0,0,0
g2499,54,0,4,20,64,8,1024,1,neither_forward,0,0,0,0,0,1,0,0,1,0,0,0
g2500,54,0,4,20,64,8,1024,4,neither_forward,0,0,0,0,0,1,0,0,1,0,0,0
g2501,54,0,4,20,64,8,1024,8,neither_forward,0,0,0,0,0,1,0,0,1,0,0,0
g2502,54,0,4,20,64,8,4096,1,neither_forward,0,0,0,0,0,1,0,0,1,0,0,0
g2503,54,0,4,20,64,8,4096,4,neither_forward,0,0,0,0,0,1,0,0,1,0,0,0
g2504,54,0,4,20,64,8,4096,8,neither_forward,0,0,0,0,0,1,0,0,1,0,0,0
g2505,54,0,4,20,1024,8,1024,1,neither_forward,0,0,0,0,0,1,0,0,1,0,0,0
g2506,54,0,4,20,1024,8,1024,4,neither_forward,0,0,0,0,0,1,0,0,1,0,0,0
g2507,54,0,4,20,1024,8,1024,8,neither_forward,0,0,0,0,0,1,0,0,1,0,0,0
g2508,54,0,4,20,1024,8,4096,1,neither_forward,0,0,0,0,0,1,0,0,1,0,0,0
g2509,54,0,4,20,1024,8,4096,4,neither_forward,0,0,0,0,0,1,0,0,1,0,0,0
g2510,54,0,4,20,1024,8,4096,8,neither_forward,0,0,0,0,0,1,0,0,1,0,0,0
g2511,54,0,6,22,8,8,1024,1,neither_forward,0,0,0,1,0,2,0,1,2,0,0,0
g2512,54,0,6,22,8,8,1024,4,neither_forward,0,0,0,1,0,2,0,1,2,0,0,0
g2513,54,0,6,22,8,8,1024,8,neither_forward,0,0,0,1,0,2,0,1,2,0,0,0
g2514,54,0,6,22,8,8,4096,1,neither_forward,0,0,0,1,0,2,0,1,2,0,0,0
g2515,54,0,6,22,8,8,4096,4,neither_forward,0,0,0,1,0,2,0,1,2,0,0,0
g2516,54,0,6,22,8,8,4096,8,neither_forward,0,0,0,1,0,2,0,1,2,0,0,0
g2517,54,0,6,22,64,8,1024,1,neither_forward,0,0,0,1,0,2,0,1,2,0,0,0
g2518,54,0,6,22,64,8,1024,4,neither_forward,0,0,0,1,0,2,0,1,2,0,0,0
g2519,54,0,6,22,64,8,1024,8,neither_forward,0,0,0,1,0,2,0,1,2,0,0,0
g2520,54,0,6,22,64,8,4096,1,neither_forward,0,0,0,1,0,2,0,1,2,0,0,0
g2521,54,0,6,22,64,8,4096,4,neither_forward,0,0,0,1,0,2,0,1,2,0,0,0
g2522,54,0,6,22,64,8,4096,8,neither_forward,0,0,0,1,0,2,0,1,2,0,0,0
g2523,54,0,6,22,1024,8,1024,1,neither_forward,0,0,0,1,0,2,0,1,2,0,0,0
g2524,54,0,6,22,1024,8,1024,4,neither_forward,0,0,0,1,0,2,0,1,2,0,0,0
g2525,54,0,6,22,1024,8,1024,8,neither_forward,0,0,0,1,0,2,0,1,2,0,0,0
g2526,54,0,6,22,1024,8,4096,1,neither_forward,0,0,0,1,0,2,0,1,2,0,0,0
g2527,54,0,6,22,1024,8,4096,4,neither_forward,0,0,0,1,0,2,0,1,2,0,0,0
g2528,54,0,6,22,1024,8,4096,8,neither_forward,0,0,0,1,0,2,0,1,2,0,0,0
g2529,54,0,16,18,8,8,1024,1,neither_forward,0,0,1,0,0,0,0,0,0,0,0,1
g2530,54,0,16,18,8,8,1024,4,neither_forward,0,0,1,0,0,0,0,0,0,0,0,1
g2531,54,0,16,18,8,8,1024,8,neither_forward,0,0,1,0,0,0,0,0,0,0,0,1
g2532,54,0,16,18,8,8,4096,1,neither_forward,0,0,1,0,0,0,0,0,0,0,0,1
g2533,54,0,16,18,8,8,4096,4,neither_forward,0,0,1,0,0,0,0,0,0,0,0,1
g2534,54,0,16,18,8,8,4096,8,neither_forward,0,0,1,0,0,0,0,0,0,0,0,1
g2535,54,0,16,18,64,8,1024,1,neither_forward,0,0,1,0,0,0,0,0,0,0,0,1
g2536,54,0,16,18,64,8,1024,4,neither_forward,0,0,1,0,0,0,0,0,0,0,0,1
g2537,54,0,16,18,64,8,1024,8,neither_forward,0,0,1,0,0,0,0,0,0,0,0,1
g2538,54,0,16,18,64,8,4096,1,neither_forward,0,0,1,0,0,0,0,0,0,0,0,1
g2539,54,0,16,18,64,8,4096,4,neither_forward,0,0,1,0,0,0,0,0,0,0,0,1
g2540,54,0,16,18,64,8,4096,8,neither_forward,0,0,1,0,0,0,0,0,0,0,0,1
g2541,54,0,16,18,1024,8,1024,1,neither_forward,0,0,1,0,0,0,0,0,0,0,0,1
g2542,54,0,16,18,1024,8,1024,4,neither_forward,0,0,1,0,0,0,0,0,0,0,0,1
g2543,54,0,16,18,1024,8,1024,8,neither_forward,0,0,1,0,0,0,0,0,0,0,0,1
g2544,54,0,16,18,1024,8,4096,1,neither_forward,0,0,1,0,0,0,0,0,0,0,0,1
g2545,54,0,16,18,1024,8,4096,4,neither_forward,0,0,1,0,0,0,0,0,0,0,0,1
g2546,54,0,16,18,1024,8,4096,8,neither_forward,0,0,1,0,0,0,0,0,0,0,0,1
g2547,54,0,16,32,8,8,1024,1,neither_forward,0,1,2,0,0,0,0,0,0,1,0,2
g2548,54,0,16,32,8,8,1024,4,neither_forward,0,1,2,0,0,0,0,0,0,1,0,2
g2549,54,0,16,32,8,8,1024,8,neither_forward,0,1,2,0,0,0,0,0,0,1,0,2
g2550,54,0,16,32,8,8,4096,1,neither_forward,0,1,2,0,0,0,0,0,0,1,0,2
g2551,54,0,16,32,8,8,4096,4,neither_forward,0,1,2,0,0,0,0,0,0,1,0,2
g2552,54,0,16,32,8,8,4096,8,neither_forward,0,1,2,0,0,0,0,0,0,1,0,2
g2553,54,0,16,32,64,8,1024,1,neither_forward,0,1,2,0,0,0,0,0,0,1,0,2
g2554,54,0,16,32,64,8,1024,4,neither_forward,0,1,2,0,0,0,0,0,0,1,0,2
g2555,54,0,16,32,64,8,1024,8,neither_forward,0,1,2,0,0,0,0,0,0,1,0,2
g2556,54,0,16,32,64,8,4096,1,neither_forward,0,1,2,0,0,0,0,0,0,1,0,2
g2557,54,0,16,32,64,8,4096,4,neither_forward,0,1,2,0,0,0,0,0,0,1,0,2
g2558,54,0,16,32,64,8,4096,8,neither_forward,0,1,2,0,0,0,0,0,0,1,0,2
g2559,54,0,16,32,1024,8,1024,1,neither_forward,0,1,2,0,0,0,0,0,0,1,0,2
g2560,54,0,16,32,1024,8,1024,4,neither_forward,0,1,2,0,0,0,0,0,0,1,0,2
g2561,54,0,16,32,1024,8,1024,8,neither_forward,0,1,2,0,0,0,0,0,0,1,0,2
g2562,54,0,16,32,1024,8,4096,1,neither_forward,0,1,2,0,0,0,0,0,0,1,0,2
g2563,54,0,16,32,1024,8,4096,4,neither_forward,0,1,2,0,0,0,0,0,0,1,0,2
g2564,54,0,16,32,1024,8,4096,8,neither_forward,0,1,2,0,0,0,0,0,0,1,0,2
g2565,54,0,18,2,8,8,1024,1,neither_forward,0,0,0,0,0,1,0,0,1,0,0,0
g2566,54,0,18,2,8,8,1024,4,neither_forward,0,0,0,0,0,1,0,0,1,0,0,0
g2567,54,0,18,2,8,8,1024,8,neither_forward,0,0,0,0,0,1,0,0,1,0,0,0
g2568,54,0,18,2,8,8,4096,1,neither_forward,0,0,0,0,0,1,0,0,1,0,0,0
g2569,54,0,18,2,8,8,4096,4,neither_forward,0,0,0,0,0,1,0,0,1,0,0,0
g2570,54,0,18,2,8,8,4096,8,neither_forward,0,0,0,0,0,1,0,0,1,0,0,0
g2571,54,0,18,2,64,8,1024,1,neither_forward,0,0,0,0,0,1,0,0,1,0,0,0
g2572,54,0,18,2,64,8,1024,4,neither_forward,0,0,0,0,0,1,0,0,1,0,0,0
g2573,54,0,18,2,64,8,1024,8,neither_forward,0,0,0,0,0,1,0,0,1,0,0,0
g2574,54,0,18,2,64,8,4096,1,neither_forward,0,0,0,0,0,1,0,0,1,0,0,0
g2575,54,0,18,2,64,8,4096,4,neither_forward,0,0,0,0,0,1,0,0,1,0,0,0
g2576,54,0,18,2,64,8,4096,8,neither_forward,0,0,0,0,0,1,0,0,1,0,0,0
g2577,54,0,18,2,1024,8,1024,1,neither_forward,0,0,0,0,0,1,0,0,1,0,0,0
g2578,54,0,18,2,1024,8,1024,4,neither_forward,0,0,0,0,0,1,0,0,1,0,0,0
g2579,54,0,18,2,1024,8,1024,8,neither_forward,0,0,0,0,0,1,0,0,1,0,0,0
g2580,54,0,18,2,1024,8,4096,1,neither_forward,0,0,0,0,0,1,0,0,1,0,0,0
g2581,54,0,18,2,1024,8,4096,4,neither_forward,0,0,0,0,0,1,0,0,1,0,0,0
g2582,54,0,18,2,1024,8,4096,8,neither_forward,0,0,0,0,0,1,0,0,1,0,0,0
g2583,54,0,18,16,8,8,1024,1,neither_forward,0,0,1,0,0,0,0,0,0,0,0,1
g2584,54,0,18,16,8,8,1024,4,neither_forward,0,0,1,0,0,0,0,0,0,0,0,1
g2585,54,0,18,16,8,8,1024,8,neither_forward,0,0,1,0,0,0,0,0,0,0,0,1
g2586,54,0,18,16,8,8,4096,1,neither_forward,0,0,1,0,0,0,0,0,0,0,0,1
g2587,54,0,18,16,8,8,4096,4,neither_forward,0,0,1,0,0,0,0,0,0,0,0,1
g2588,54,0,18,16,8,8,4096,8,neither_forward,0,0,1,0,0,0,0,0,0,0,0,1
g2589,54,0,18,16,64,8,1024,1,neither_forward,0,0,1,0,0,0,0,0,0,0,0,1
g2590,54,0,18,16,64,8,1024,4,neither_forward,0,0,1,0,0,0,0,0,0,0,0,1
g2591,54,0,18,16,64,8,1024,8,neither_forward,0,0,1,0,0,0,0,0,0,0,0,1
g2592,54,0,18,16,64,8,4096,1,neither_forward,0,0,1,0,0,0,0,0,0,0,0,1
g2593,54,0,18,16,64,8,4096,4,neither_forward,0,0,1,0,0,0,0,0,0,0,0,1
g2594,54,0,18,16,64,8,4096,8,neither_forward,0,0,1,0,0,0,0,0,0,0,0,1
g2595,54,0,18,16,1024,8,1024,1,neither_forward,0,0,1,0,0,0,0,0,0,0,0,1
g2596,54,0,18,16,1024,8,1024,4,neither_forward,0,0,1,0,0,0,0,0,0,0,0,1
g2597,54,0,18,16,1024,8,1024,8,neither_forward,0,0,1,0,0,0,0,0,0,0,0,1
g2598,54,0,18,16,1024,8,4096,1,neither_forward,0,0,1,0,0,0,0,0,0,0,0,1
g2599,54,0,18,16,1024,8,4096,4,neither_forward,0,0,1,0,0,0,0,0,0,0,0,1
g2600,54,0,18,16,1024,8,4096,8,neither_forward,0,0,1,0,0,0,0,0,0,0,0,1
g2601,54,0,18,20,8,8,1024,1,neither_forward,0,0,0,0,0,0,0,0,0,0,0,0
g2602,54,0,18,20,8,8,1024,4,neither_forward,0,0,0,0,0,0,0,0,0,0,0,0
g2603,54,0,18,20,8,8,1024,8,neither_forward,0,0,0,0,0,0,0,0,0,0,0,0
g2604,54,0,18,20,8,8,4096,1,neither_forward,0,0,0,0,0,0,0,0,0,0,0,0
g2605,54,0,18,20,8,8,4096,4,neither_forward,0,0,0,0,0,0,0,0,0,0,0,0
g2606,54,0,18,20,8,8,4096,8,neither_forward,0,0,0,0,0,0,0,0,0,0,0,0
g2607,54,0,18,20,64,8,1024,1,neither_forward,0,0,0,0,0,0,0,0,0,0,0,0
g2608,54,0,18,20,64,8,1024,4,neither_forward,0,0,0,0,0,0,0,0,0,0,0,0
g2609,54,0,18,20,64,8,1024,8,neither_forward,0,0,0,0,0,0,0,0,0,0,0,0
g2610,54,0,18,20,64,8,4096,1,neither_forward,0,0,0,0,0,0,0,0,0,0,0,0
g2611,54,0,18,20,64,8,4096,4,neither_forward,0,0,0,0,0,0,0,0,0,0,0,0
g2612,54,0,18,20,64,8,4096,8,neither_forward,0,0,0,0,0,0,0,0,0,0,0,0
g2613,54,0,18,20,1024,8,1024,1,neither_forward,0,0,0,0,0,0,0,0,0,0,0,0
g2614,54,0,18,20,1024,8,1024,4,neither_forward,0,0,0,0,0,0,0,0,0,0,0,0
g2615,54,0,18,20,1024,8,1024,8,neither_forward,0,0,0,0,0,0,0,0,0,0,0,0
g2616,54,0,18,20,1024,8,4096,1,neither_forward,0,0,0,0,0,0,0,0,0,0,0,0
g2617,54,0,18,20,1024,8,4096,4,neither_forward,0,0,0,0,0,0,0,0,0,0,0,0
g2618,54,0,18,20,1024,8,4096,8,neither_forward,0,0,0,0,0,0,0,0,0,0,0,0
g2619,54,0,18,34,8,8,1024,1,neither_forward,0,0,0,0,0,0,0,0,0,0,0,0
g2620,54,0,18,34,8,8,1024,4,neither_forward,0,0,0,0,0,0,0,0,0,0,0,0
g2621,54,0,18,34,8,8,1024,8,neither_forward,0,0,0,0,0,0,0,0,0,0,0,0
g2622,54,0,18,34,8,8,4096,1,neither_forward,0,0,0,0,0,0,0,0,0,0,0,0
g2623,54,0,18,34,8,8,4096,4,neither_forward,0,0,0,0,0,0,0,0,0,0,0,0
g2624,54,0,18,34,8,8,4096,8,neither_forward,0,0,0,0,0,0,0,0,0,0,0,0
g2625,54,0,18,34,64,8,1024,1,neither_forward,0,0,0,0,0,0,0,0,0,0,0,0
g2626,54,0,18,34,64,8,1024,4,neither_forward,0,0,0,0,0,0,0,0,0,0,0,0
g2627,54,0,18,34,64,8,1024,8,neither_forward,0,0,0,0,0,0,0,0,0,0,0,0
g2628,54,0,18,34,64,8,4096,1,neither_forward,0,0,0,0,0,0,0,0,0,0,0,0
g2629,54,0,18,34,64,8,4096,4,neither_forward,0,0,0,0,0,0,0,0,0,0,0,0
g2630,54,0,18,34,64,8,4096,8,neither_forward,0,0,0,0,0,0,0,0,0,0,0,0
g2631,54,0,18,34,1024,8,1024,1,neither_forward,0,0,0,0,0,0,0,0,0,0,0,0
g2632,54,0,18,34,1024,8,1024,4,neither_forward,0,0,0,0,0,0,0,0,0,0,0,0
g2633,54,0,18,34,1024,8,1024,8,neither_forward,0,0,0,0,0,0,0,0,0,0,0,0
g2634,54,0,18,34,1024,8,4096,1,neither_forward,0,0,0,0,0,0,0,0,0,0,0,0
g2635,54,0,18,34,1024,8,4096,4,neither_forward,0,0,0,0,0,0,0,0,0,0,0,0
g2636,54,0,18,34,1024,8,4096,8,neither_forward,0,0,0,0,0,0,0,0,0,0,0,0
g2637,54,0,20,4,8,8,1024,1,neither_forward,0,0,0,0,0,1,0,0,1,0,0,0
g2638,54,0,20,4,8,8,1024,4,neither_forward,0,0,0,0,0,1,0,0,1,0,0,0
g2639,54,0,20,4,8,8,1024,8,neither_forward,0,0,0,0,0,1,0,0,1,0,0,0
g2640,54,0,20,4,8,8,4096,1,neither_forward,0,0,0,0,0,1,0,0,1,0,0,0
g2641,54,0,20,4,8,8,4096,4,neither_forward,0,0,0,0,0,1,0,0,1,0,0,0
g2642,54,0,20,4,8,8,4096,8,neither_forward,0,0,0,0,0,1,0,0,1,0,0,0
g2643,54,0,20,4,64,8,1024,1,neither_forward,0,0,0,0,0,1,0,0,1,0,0,0
g2644,54,0,20,4,64,8,1024,4,neither_forward,0,0,0,0,0,1,0,0,1,0,0,0
g2645,54,0,20,4,64,8,1024,8,neither_forward,0,0,0,0,0,1,0,0,1,0,0,0
g2646,54,0,20,4,64,8,4096,1,neither_forward,0,0,0,0,0,1,0,0,1,0,0,0
g2647,54,0,20,4,64,8,4096,4,neither_forward,0,0,0,0,0,1,0,0,1,0,0,0
g2648,54,0,20,4,64,8,4096,8,neither_forward,0,0,0,0,0,1,0,0,1,0,0,0
g2649,54,0,20,4,1024,8,1024,1,neither_forward,0,0,0,0,0,1,0,0,1,0,0,0
g2650,54,0,20,4,1024,8,1024,4,neither_forward,0,0,0,0,0,1,0,0,1,0,0,0
g2651,54,0,20,4,1024,8,1024,8,neither_forward,0,0,0,0,0,1,0,0,1,0,0,0
g2652,54,0,20,4,1024,8,4096,1,neither_forward,0,0,0,0,0,1,0,0,1,0,0,0
g2653,54,0,20,4,1024,8,4096,4,neither_forward,0,0,0,0,0,1,0,0,1,0,0,0
g2654,54,0,20,4,1024,8,4096,8,neither_forward,0,0,0,0,0,1,0,0,1,0,0,0
g2655,54,0,20,18,8,8,1024,1,neither_forward,0,0,0,0,0,0,0,0,0,0,0,0
g2656,54,0,20,18,8,8,1024,4,neither_forward,0,0,0,0,0,0,0,0,0,0,0,0
g2657,54,0,20,18,8,8,1024,8,neither_forward,0,0,0,0,0,0,0,0,0,0,0,0
g2658,54,0,20,18,8,8,4096,1,neither_forward,0,0,0,0,0,0,0,0,0,0,0,0
g2659,54,0,20,18,8,8,4096,4,neither_forward,0,0,0,0,0,0,0,0,0,0,0,0
g2660,54,0,20,18,8,8,4096,8,neither_forward,0,0,0,0,0,0,0,0,0,0,0,0
g2661,54,0,20,18,64,8,1024,1,neither_forward,0,0,0,0,0,0,0,0,0,0,0,0
g2662,54,0,20,18,64,8,1024,4,neither_forward,0,0,0,0,0,0,0,0,0,0,0,0
g2663,54,0,20,18,64,8,1024,8,neither_forward,0,0,0,0,0,0,0,0,0,0,0,0
g2664,54,0,20,18,64,8,4096,1,neither_forward,0,0,0,0,0,0,0,0,0,0,0,0
g2665,54,0,20,18,64,8,4096,4,neither_forward,0,0,0,0,0,0,0,0,0,0,0,0
g2666,54,0,20,18,64,8,4096,8,neither_forward,0,0,0,0,0,0,0,0,0,0,0,0
g2667,54,0,20,18,1024,8,1024,1,neither_forward,0,0,0,0,0,0,0,0,0,0,0,0
g2668,54,0,20,18,1024,8,1024,4,neither_forward,0,0,0,0,0,0,0,0,0,0,0,0
g2669,54,0,20,18,1024,8,1024,8,neither_forward,0,0,0,0,0,0,0,0,0,0,0,0
g2670,54,0,20,18,1024,8,4096,1,neither_forward,0,0,0,0,0,0,0,0,0,0,0,0
g2671,54,0,20,18,1024,8,4096,4,neither_forward,0,0,0,0,0,0,0,0,0,0,0,0
g2672,54,0,20,18,1024,8,4096,8,neither_forward,0,0,0,0,0,0,0,0,0,0,0,0
g2673,54,0,20,22,8,8,1024,1,neither_forward,0,0,0,0,0,1,0,0,1,0,0,0
g2674,54,0,20,22,8,8,1024,4,neither_forward,0,0,0,0,0,1,0,0,1,0,0,0
g2675,54,0,20,22,8,8,1024,8,neither_forward,0,0,0,0,0,1,0,0,1,0,0,0
g2676,54,0,20,22,8,8,4096,1,neither_forward,0,0,0,0,0,1,0,0,1,0,0,0
g2677,54,0,20,22,8,8,4096,4,neither_forward,0,0,0,0,0,1,0,0,1,0,0,0
g2678,54,0,20,22,8,8,4096,8,neither_forward,0,0,0,0,0,1,0,0,1,0,0,0
g2679,54,0,20,22,64,8,1024,1,neither_forward,0,0,0,0,0,1,0,0,1,0,0,0
g2680,54,0,20,22,64,8,1024,4,neither_forward,0,0,0,0,0,1,0,0,1,0,0,0
g2681,54,0,20,22,64,8,1024,8,neither_forward,0,0,0,0,0,1,0,0,1,0,0,0
g2682,54,0,20,22,64,8,4096,1,neither_forward,0,0,0,0,0,1,0,0,1,0,0,0
g2683,54,0,20,22,64,8,4096,4,neither_forward,0,0,0,0,0,1,0,0,1,0,0,0
g2684,54,0,20,22,64,8,4096,8,neither_forward,0,0,0,0,0,1,0,0,1,0,0,0
g2685,54,0,20,22,1024,8,1024,1,neither_forward,0,0,0,0,0,1,0,0,1,0,0,0
g2686,54,0,20,22,1024,8,1024,4,neither_forward,0,0,0,0,0,1,0,0,1,0,0,0
g2687,54,0,20,22,1024,8,1024,8,neither_forward,0,0,0,0,0,1,0,0,1,0,0,0
g2688,54,0,20,22,1024,8,4096,1,neither_forward,0,0,0,0,0,1,0,0,1,0,0,0
g2689,54,0,20,22,1024,8,4096,4,neither_forward,0,0,0,0,0,1,0,0,1,0,0,0
g2690,54,0,20,22,1024,8,4096,8,neither_forward,0,0,0,0,0,1,0,0,1,0,0,0
g2691,54,0,20,36,8,8,1024,1,neither_forward,0,0,0,0,0,0,0,0,0,0,0,0
g2692,54,0,20,36,8,8,1024,4,neither_forward,0,0,0,0,0,0,0,0,0,0,0,0
g2693,54,0,20,36,8,8,1024,8,neither_forward,0,0,0,0,0,0,0,0,0,0,0,0
g2694,54,0,20,36,8,8,4096,1,neither_forward,0,0,0,0,0,0,0,0,0,0,0,0
g2695,54,0,20,36,8,8,4096,4,neither_forward,0,0,0,0,0,0,0,0,0,0,0,0
g2696,54,0,20,36,8,8,4096,8,neither_forward,0,0,0,0,0,0,0,0,0,0,0,0
g2697,54,0,20,36,64,8,1024,1,neither_forward,0,0,0,0,0,0,0,0,0,0,0,0
g2698,54,0,20,36,64,8,1024,4,neither_forward,0,0,0,0,0,0,0,0,0,0,0,0
g2699,54,0,20,36,64,8,1024,8,neither_forward,0,0,0,0,0,0,0,0,0,0,0,0
g2700,54,0,20,36,64,8,4096,1,neither_forward,0,0,0,0,0,0,0,0,0,0,0,0
g2701,54,0,20,36,64,8,4096,4,neither_forward,0,0,0,0,0,0,0,0,0,0,0,0
g2702,54,0,20,36,64,8,4096,8,neither_forward,0,0,0,0,0,0,0,0,0,0,0,0
g2703,54,0,20,36,1024,8,1024,1,neither_forward,0,0,0,0,0,0,0,0,0,0,0,0
g2704,54,0,20,36,1024,8,1024,4,neither_forward,0,0,0,0,0,0,0,0,0,0,0,0
g2705,54,0,20,36,1024,8,1024,8,neither_forward,0,0,0,0,0,0,0,0,0,0,0,0
g2706,54,0,20,36,1024,8,4096,1,neither_forward,0,0,0,0,0,0,0,0,0,0,0,0
g2707,54,0,20,36,1024,8,4096,4,neither_forward,0,0,0,0,0,0,0,0,0,0,0,0
g2708,54,0,20,36,1024,8,4096,8,neither_forward,0,0,0,0,0,0,0,0,0,0,0,0
g2709,54,0,22,20,8,8,1024,1,neither_forward,0,0,0,0,0,1,0,0,1,0,0,0
g2710,54,0,22,20,8,8,1024,4,neither_forward,0,0,0,0,0,1,0,0,1,0,0,0
g2711,54,0,22,20,8,8,1024,8,neither_forward,0,0,0,0,0,1,0,0,1,0,0,0
g2712,54,0,22,20,8,8,4096,1,neither_forward,0,0,0,0,0,1,0,0,1,0,0,0
g2713,54,0,22,20,8,8,4096,4,neither_forward,0,0,0,0,0,1,0,0,1,0,0,0
g2714,54,0,22,20,8,8,4096,8,neither_forward,0,0,0,0,0,1,0,0,1,0,0,0
g2715,54,0,22,20,64,8,1024,1,neither_forward,0,0,0,0,0,1,0,0,1,0,0,0
g2716,54,0,22,20,64,8,1024,4,neither_forward,0,0,0,0,0,1,0,0,1,0,0,0
g2717,54,0,22,20,64,8,1024,8,neither_forward,0,0,0,0,0,1,0,0,1,0,0,0
g2718,54,0,22,20,64,8,4096,1,neither_forward,0,0,0,0,0,1,0,0,1,0,0,0
g2719,54,0,22,20,64,8,4096,4,neither_forward,0,0,0,0,0,1,0,0,1,0,0,0
g2720,54,0,22,20,64,8,4096,8,neither_forward,0,0,0,0,0,1,0,0,1,0,0,0
g2721,54,0,22,20,1024,8,1024,1,neither_forward,0,0,0,0,0,1,0,0,1,0,0,0
g2722,54,0,22,20,1024,8,1024,4,neither_forward,0,0,0,0,0,1,0,0,1,0,0,0
g2723,54,0,22,20,1024,8,1024,8,neither_forward,0,0,0,0,0,1,0,0,1,0,0,0
g2724,54,0,22,20,1024,8,4096,1,neither_forward,0,0,0,0,0,1,0,0,1,0,0,0
g2725,54,0,22,20,1024,8,4096,4,neither_forward,0,0,0,0,0,1,0,0,1,0,0,0
g2726,54,0,22,20,1024,8,4096,8,neither_forward,0,0,0,0,0,1,0,0,1,0,0,0
g2727,54,0,22,38,8,8,1024,1,neither_forward,0,0,0,1,0,2,0,1,2,0,0,0
g2728,54,0,22,38,8,8,1024,4,neither_forward,0,0,0,1,0,2,0,1,2,0,0,0
g2729,54,0,22,38,8,8,1024,8,neither_forward,0,0,0,1,0,2,0,1,2,0,0,0
g2730,54,0,22,38,8,8,4096,1,neither_forward,0,0,0,1,0,2,0,1,2,0,0,0
g2731,54,0,22,38,8,8,4096,4,neither_forward,0,0,0,1,0,2,0,1,2,0,0,0
g2732,54,0,22,38,8,8,4096,8,neither_forward,0,0,0,1,0,2,0,1,2,0,0,0
g2733,54,0,22,38,64,8,1024,1,neither_forward,0,0,0,1,0,2,0,1,2,0,0,0
g2734,54,0,22,38,64,8,1024,4,neither_forward,0,0,0,1,0,2,0,1,2,0,0,0
g2735,54,0,22,38,64,8,1024,8,neither_forward,0,0,0,1,0,2,0,1,2,0,0,0
g2736,54,0,22,38,64,8,4096,1,neither_forward,0,0,0,1,0,2,0,1,2,0,0,0
g2737,54,0,22,38,64,8,4096,4,neither_forward,0,0,0,1,0,2,0,1,2,0,0,0
g2738,54,0,22,38,64,8,4096,8,neither_forward,0,0,0,1,0,2,0,1,2,0,0,0
g2739,54,0,22,38,1024,8,1024,1,neither_forward,0,0,0,1,0,2,0,1,2,0,0,0
g2740,54,0,22,38,1024,8,1024,4,neither_forward,0,0,0,1,0,2,0,1,2,0,0,0
g2741,54,0,22,38,1024,8,1024,8,neither_forward,0,0,0,1,0,2,0,1,2,0,0,0
g2742,54,0,22,38,1024,8,4096,1,neither_forward,0,0,0,1,0,2,0,1,2,0,0,0
g2743,54,0,22,38,1024,8,4096,4,neither_forward,0,0,0,1,0,2,0,1,2,0,0,0
g2744,54,0,22,38,1024,8,4096,8,neither_forward,0,0,0,1,0,2,0,1,2,0,0,0
g2745,54,0,32,34,8,8,1024,1,neither_forward,0,0,1,0,0,0,0,0,0,0,0,1
g2746,54,0,32,34,8,8,1024,4,neither_forward,0,0,1,0,0,0,0,0,0,0,0,1
g2747,54,0,32,34,8,8,1024,8,neither_forward,0,0,1,0,0,0,0,0,0,0,0,1
g2748,54,0,32,34,8,8,4096,1,neither_forward,0,0,1,0,0,0,0,0,0,0,0,1
g2749,54,0,32,34,8,8,4096,4,neither_forward,0,0,1,0,0,0,0,0,0,0,0,1
g2750,54,0,32,34,8,8,4096,8,neither_forward,0,0,1,0,0,0,0,0,0,0,0,1
g2751,54,0,32,34,64,8,1024,1,neither_forward,0,0,1,0,0,0,0,0,0,0,0,1
g2752,54,0,32,34,64,8,1024,4,neither_forward,0,0,1,0,0,0,0,0,0,0,0,1
g2753,54,0,32,34,64,8,1024,8,neither_forward,0,0,1,0,0,0,0,0,0,0,0,1
g2754,54,0,32,34,64,8,4096,1,neither_forward,0,0,1,0,0,0,0,0,0,0,0,1
g2755,54,0,32,34,64,8,4096,4,neither_forward,0,0,1,0,0,0,0,0,0,0,0,1
g2756,54,0,32,34,64,8,4096,8,neither_forward,0,0,1,0,0,0,0,0,0,0,0,1
g2757,54,0,32,34,1024,8,1024,1,neither_forward,0,0,1,0,0,0,0,0,0,0,0,1
g2758,54,0,32,34,1024,8,1024,4,neither_forward,0,0,1,0,0,0,0,0,0,0,0,1
g2759,54,0,32,34,1024,8,1024,8,neither_forward,0,0,1,0,0,0,0,0,0,0,0,1
g2760,54,0,32,34,1024,8,4096,1,neither_forward,0,0,1,0,0,0,0,0,0,0,0,1
g2761,54,0,32,34,1024,8,4096,4,neither_forward,0,0,1,0,0,0,0,0,0,0,0,1
g2762,54,0,32,34,1024,8,4096,8,neither_forward,0,0,1,0,0,0,0,0,0,0,0,1
g2763,54,0,32,48,8,8,1024,1,neither_forward,0,1,2,0,0,0,0,0,0,1,0,2
g2764,54,0,32,48,8,8,1024,4,neither_forward,0,1,2,0,0,0,0,0,0,1,0,2
g2765,54,0,32,48,8,8,1024,8,neither_forward,0,1,2,0,0,0,0,0,0,1,0,2
g2766,54,0,32,48,8,8,4096,1,neither_forward,0,1,2,0,0,0,0,0,0,1,0,2
g2767,54,0,32,48,8,8,4096,4,neither_forward,0,1,2,0,0,0,0,0,0,1,0,2
g2768,54,0,32,48,8,8,4096,8,neither_forward,0,1,2,0,0,0,0,0,0,1,0,2
g2769,54,0,32,48,64,8,1024,1,neither_forward,0,1,2,0,0,0,0,0,0,1,0,2
g2770,54,0,32,48,64,8,1024,4,neither_forward,0,1,2,0,0,0,0,0,0,1,0,2
g2771,54,0,32,48,64,8,1024,8,neither_forward,0,1,2,0,0,0,0,0,0,1,0,2
g2772,54,0,32,48,64,8,4096,1,neither_forward,0,1,2,0,0,0,0,0,0,1,0,2
g2773,54,0,32,48,64,8,4096,4,neither_forward,0,1,2,0,0,0,0,0,0,1,0,2
g2774,54,0,32,48,64,8,4096,8,neither_forward,0,1,2,0,0,0,0,0,0,1,0,2
g2775,54,0,32,48,1024,8,1024,1,neither_forward,0,1,2,0,0,0,0,0,0,1,0,2
g2776,54,0,32,48,1024,8,1024,4,neither_forward,0,1,2,0,0,0,0,0,0,1,0,2
g2777,54,0,32,48,1024,8,1024,8,neither_forward,0,1,2,0,0,0,0,0,0,1,0,2
g2778,54,0,32,48,1024,8,4096,1,neither_forward,0,1,2,0,0,0,0,0,0,1,0,2
g2779,54,0,32,48,1024,8,4096,4,neither_forward,0,1,2,0,0,0,0,0,0,1,0,2
g2780,54,0,32,48,1024,8,4096,8,neither_forward,0,1,2,0,0,0,0,0,0,1,0,2
g2781,54,0,34,18,8,8,1024,1,neither_forward,0,0,0,0,0,0,0,0,0,0,0,0
g2782,54,0,34,18,8,8,1024,4,neither_forward,0,0,0,0,0,0,0,0,0,0,0,0
g2783,54,0,34,18,8,8,1024,8,neither_forward,0,0,0,0,0,0,0,0,0,0,0,0
g2784,54,0,34,18,8,8,4096,1,neither_forward,0,0,0,0,0,0,0,0,0,0,0,0
g2785,54,0,34,18,8,8,4096,4,neither_forward,0,0,0,0,0,0,0,0,0,0,0,0
g2786,54,0,34,18,8,8,4096,8,neither_forward,0,0,0,0,0,0,0,0,0,0,0,0
g2787,54,0,34,18,64,8,1024,1,neither_forward,0,0,0,0,0,0,0,0,0,0,0,0
g2788,54,0,34,18,64,8,1024,4,neither_forward,0,0,0,0,0,0,0,0,0,0,0,0
g2789,54,0,34,18,64,8,1024,8,neither_forward,0,0,0,0,0,0,0,0,0,0,0,0
g2790,54,0,34,18,64,8,4096,1,neither_forward,0,0,0,0,0,0,0,0,0,0,0,0
g2791,54,0,34,18,64,8,4096,4,neither_forward,0,0,0,0,0,0,0,0,0,0,0,0
g2792,54,0,34,18,64,8,4096,8,neither_forward,0,0,0,0,0,0,0,0,0,0,0,0
g2793,54,0,34,18,1024,8,1024,1,neither_forward,0,0,0,0,0,0,0,0,0,0,0,0
g2794,54,0,34,18,1024,8,1024,4,neither_forward,0,0,0,0,0,0,0,0,0,0,0,0
g2795,54,0,34,18,1024,8,1024,8,neither_forward,0,0,0,0,0,0,0,0,0,0,0,0
g2796,54,0,34,18,1024,8,4096,1,neither_forward,0,0,0,0,0,0,0,0,0,0,0,0
g2797,54,0,34,18,1024,8,4096,4,neither_forward,0,0,0,0,0,0,0,0,0,0,0,0
g2798,54,0,34,18,1024,8,4096,8,neither_forward,0,0,0,0,0,0,0,0,0,0,0,0
g2799,54,0,34,32,8,8,1024,1,neither_forward,0,0,1,0,0,0,0,0,0,0,0,1
g2800,54,0,34,32,8,8,1024,4,neither_forward,0,0,1,0,0,0,0,0,0,0,0,1
g2801,54,0,34,32,8,8,1024,8,neither_forward,0,0,1,0,0,0,0,0,0,0,0,1
g2802,54,0,34,32,8,8,4096,1,neither_forward,0,0,1,0,0,0,0,0,0,0,0,1
g2803,54,0,34,32,8,8,4096,4,neither_forward,0,0,1,0,0,0,0,0,0,0,0,1
g2804,54,0,34,32,8,8,4096,8,neither_forward,0,0,1,0,0,0,0,0,0,0,0,1
g2805,54,0,34,32,64,8,1024,1,neither_forward,0,0,1,0,0,0,0,0,0,0,0,1
g2806,54,0,34,32,64,8,1024,4,neither_forward,0,0,1,0,0,0,0,0,0,0,0,1
g2807,54,0,34,32,64,8,1024,8,neither_forward,0,0,1,0,0,0,0,0,0,0,0,1
g2808,54,0,34,32,64,8,4096,1,neither_forward,0,0,1,0,0,0,0,0,0,0,0,1
g2809,54,0,34,32,64,8,4096,4,neither_forward,0,0,1,0,0,0,0,0,0,0,0,1
g2810,54,0,34,32,64,8,4096,8,neither_forward,0,0,1,0,0,0,0,0,0,0,0,1
g2811,54,0,34,32,1024,8,1024,1,neither_forward,0,0,1,0,0,0,0,0,0,0,0,1
g2812,54,0,34,32,1024,8,1024,4,neither_forward,0,0,1,0,0,0,0,0,0,0,0,1
g2813,54,0,34,32,1024,8,1024,8,neither_forward,0,0,1,0,0,0,0,0,0,0,0,1
g2814,54,0,34,32,1024,8,4096,1,neither_forward,0,0,1,0,0,0,0,0,0,0,0,1
g2815,54,0,34,32,1024,8,4096,4,neither_forward,0,0,1,0,0,0,0,0,0,0,0,1
g2816,54,0,34,32,1024,8,4096,8,neither_forward,0,0,1,0,0,0,0,0,0,0,0,1
g2817,54,0,34,36,8,8,1024,1,neither_forward,0,0,0,0,0,0,0,0,0,0,0,0
g2818,54,0,34,36,8,8,1024,4,neither_forward,0,0,0,0,0,0,0,0,0,0,0,0
g2819,54,0,34,36,8,8,1024,8,neither_forward,0,0,0,0,0,0,0,0,0,0,0,0
g2820,54,0,34,36,8,8,4096,1,neither_forward,0,0,0,0,0,0,0,0,0,0,0,0
g2821,54,0,34,36,8,8,4096,4,neither_forward,0,0,0,0,0,0,0,0,0,0,0,0
g2822,54,0,34,36,8,8,4096,8,neither_forward,0,0,0,0,0,0,0,0,0,0,0,0
g2823,54,0,34,36,64,8,1024,1,neither_forward,0,0,0,0,0,0,0,0,0,0,0,0
g2824,54,0,34,36,64,8,1024,4,neither_forward,0,0,0,0,0,0,0,0,0,0,0,0
g2825,54,0,34,36,64,8,1024,8,neither_forward,0,0,0,0,0,0,0,0,0,0,0,0
g2826,54,0,34,36,64,8,4096,1,neither_forward,0,0,0,0,0,0,0,0,0,0,0,0
g2827,54,0,34,36,64,8,4096,4,neither_forward,0,0,0,0,0,0,0,0,0,0,0,0
g2828,54,0,34,36,64,8,4096,8,neither_forward,0,0,0,0,0,0,0,0,0,0,0,0
g2829,54,0,34,36,1024,8,1024,1,neither_forward,0,0,0,0,0,0,0,0,0,0,0,0
g2830,54,0,34,36,1024,8,1024,4,neither_forward,0,0,0,0,0,0,0,0,0,0,0,0
g2831,54,0,34,36,1024,8,1024,8,neither_forward,0,0,0,0,0,0,0,0,0,0,0,0
g2832,54,0,34,36,1024,8,4096,1,neither_forward,0,0,0,0,0,0,0,0,0,0,0,0
g2833,54,0,34,36,1024,8,4096,4,neither_forward,0,0,0,0,0,0,0,0,0,0,0,0
g2834,54,0,34,36,1024,8,4096,8,neither_forward,0,0,0,0,0,0,0,0,0,0,0,0
g2835,54,0,34,50,8,8,1024,1,neither_forward,0,0,1,0,0,0,0,0,0,0,0,1
g2836,54,0,34,50,8,8,1024,4,neither_forward,0,0,1,0,0,0,0,0,0,0,0,1
g2837,54,0,34,50,8,8,1024,8,neither_forward,0,0,1,0,0,0,0,0,0,0,0,1
g2838,54,0,34,50,8,8,4096,1,neither_forward,0,0,1,0,0,0,0,0,0,0,0,1
g2839,54,0,34,50,8,8,4096,4,neither_forward,0,0,1,0,0,0,0,0,0,0,0,1
g2840,54,0,34,50,8,8,4096,8,neither_forward,0,0,1,0,0,0,0,0,0,0,0,1
g2841,54,0,34,50,64,8,1024,1,neither_forward,0,0,1,0,0,0,0,0,0,0,0,1
g2842,54,0,34,50,64,8,1024,4,neither_forward,0,0,1,0,0,0,0,0,0,0,0,1
g2843,54,0,34,50,64,8,1024,8,neither_forward,0,0,1,0,0,0,0,0,0,0,0,1
g2844,54,0,34,50,64,8,4096,1,neither_forward,0,0,1,0,0,0,0,0,0,0,0,1
g2845,54,0,34,50,64,8,4096,4,neither_forward,0,0,1,0,0,0,0,0,0,0,0,1
g2846,54,0,34,50,64,8,4096,8,neither_forward,0,0,1,0,0,0,0,0,0,0,0,1
g2847,54,0,34,50,1024,8,1024,1,neither_forward,0,0,1,0,0,0,0,0,0,0,0,1
g2848,54,0,34,50,1024,8,1024,4,neither_forward,0,0,1,0,0,0,0,0,0,0,0,1
g2849,54,0,34,50,1024,8,1024,8,neither_forward,0,0,1,0,0,0,0,0,0,0,0,1
g2850,54,0,34,50,1024,8,4096,1,neither_forward,0,0,1,0,0,0,0,0,0,0,0,1
g2851,54,0,34,50,1024,8,4096,4,neither_forward,0,0,1,0,0,0,0,0,0,0,0,1
g2852,54,0,34,50,1024,8,4096,8,neither_forward,0,0,1,0,0,0,0,0,0,0,0,1
g2853,54,0,36,20,8,8,1024,1,neither_forward,0,0,0,0,0,0,0,0,0,0,0,0
g2854,54,0,36,20,8,8,1024,4,neither_forward,0,0,0,0,0,0,0,0,0,0,0,0
g2855,54,0,36,20,8,8,1024,8,neither_forward,0,0,0,0,0,0,0,0,0,0,0,0
g2856,54,0,36,20,8,8,4096,1,neither_forward,0,0,0,0,0,0,0,0,0,0,0,0
g2857,54,0,36,20,8,8,4096,4,neither_forward,0,0,0,0,0,0,0,0,0,0,0,0
g2858,54,0,36,20,8,8,4096,8,neither_forward,0,0,0,0,0,0,0,0,0,0,0,0
g2859,54,0,36,20,64,8,1024,1,neither_forward,0,0,0,0,0,0,0,0,0,0,0,0
g2860,54,0,36,20,64,8,1024,4,neither_forward,0,0,0,0,0,0,0,0,0,0,0,0
g2861,54,0,36,20,64,8,1024,8,neither_forward,0,0,0,0,0,0,0,0,0,0,0,0
g2862,54,0,36,20,64,8,4096,1,neither_forward,0,0,0,0,0,0,0,0,0,0,0,0
g2863,54,0,36,20,64,8,4096,4,neither_forward,0,0,0,0,0,0,0,0,0,0,0,0
g2864,54,0,36,20,64,8,4096,8,neither_forward,0,0,0,0,0,0,0,0,0,0,0,0
g2865,54,0,36,20,1024,8,1024,1,neither_forward,0,0,0,0,0,0,0,0,0,0,0,0
g2866,54,0,36,20,1024,8,1024,4,neither_forward,0,0,0,0,0,0,0,0,0,0,0,0
g2867,54,0,36,20,1024,8,1024,8,neither_forward,0,0,0,0,0,0,0,0,0,0,0,0
g2868,54,0,36,20,1024,8,4096,1,neither_forward,0,0,0,0,0,0,0,0,0,0,0,0
g2869,54,0,36,20,1024,8,4096,4,neither_forward,0,0,0,0,0,0,0,0,0,0,0,0
g2870,54,0,36,20,1024,8,4096,8,neither_forward,0,0,0,0,0,0,0,0,0,0,0,0
g2871,54,0,36,34,8,8,1024,1,neither_forward,0,0,0,0,0,0,0,0,0,0,0,0
g2872,54,0,36,34,8,8,1024,4,neither_forward,0,0,0,0,0,0,0,0,0,0,0,0
g2873,54,0,36,34,8,8,1024,8,neither_forward,0,0,0,0,0,0,0,0,0,0,0,0
g2874,54,0,36,34,8,8,4096,1,neither_forward,0,0,0,0,0,0,0,0,0,0,0,0
g2875,54,0,36,34,8,8,4096,4,neither_forward,0,0,0,0,0,0,0,0,0,0,0,0
g2876,54,0,36,34,8,8,4096,8,neither_forward,0,0,0,0,0,0,0,0,0,0,0,0
g2877,54,0,36,34,64,8,1024,1,neither_forward,0,0,0,0,0,0,0,0,0,0,0,0
g2878,54,0,36,34,64,8,1024,4,neither_forward,0,0,0,0,0,0,0,0,0,0,0,0
g2879,54,0,36,34,64,8,1024,8,neither_forward,0,0,0,0,0,0,0,0,0,0,0,0
g2880,54,0,36,34,64,8,4096,1,neither_forward,0,0,0,0,0,0,0,0,0,0,0,0
g2881,54,0,36,34,64,8,4096,4,neither_forward,0,0,0,0,0,0,0,0,0,0,0,0
g2882,54,0,36,34,64,8,4096,8,neither_forward,0,0,0,0,0,0,0,0,0,0,0,0
g2883,54,0,36,34,1024,8,1024,1,neither_forward,0,0,0,0,0,0,0,0,0,0,0,0
g2884,54,0,36,34,1024,8,1024,4,neither_forward,0,0,0,0,0,0,0,0,0,0,0,0
g2885,54,0,36,34,1024,8,1024,8,neither_forward,0,0,0,0,0,0,0,0,0,0,0,0
g2886,54,0,36,34,1024,8,4096,1,neither_forward,0,0,0,0,0,0,0,0,0,0,0,0
g2887,54,0,36,34,1024,8,4096,4,neither_forward,0,0,0,0,0,0,0,0,0,0,0,0
g2888,54,0,36,34,1024,8,4096,8,neither_forward,0,0,0,0,0,0,0,0,0,0,0,0
g2889,54,0,36,38,8,8,1024,1,neither_forward,0,0,0,0,0,1,0,0,1,0,0,0
g2890,54,0,36,38,8,8,1024,4,neither_forward,0,0,0,0,0,1,0,0,1,0,0,0
g2891,54,0,36,38,8,8,1024,8,neither_forward,0,0,0,0,0,1,0,0,1,0,0,0
g2892,54,0,36,38,8,8,4096,1,neither_forward,0,0,0,0,0,1,0,0,1,0,0,0
g2893,54,0,36,38,8,8,4096,4,neither_forward,0,0,0,0,0,1,0,0,1,0,0,0
g2894,54,0,36,38,8,8,4096,8,neither_forward,0,0,0,0,0,1,0,0,1,0,0,0
g2895,54,0,36,38,64,8,1024,1,neither_forward,0,0,0,0,0,1,0,0,1,0,0,0
g2896,54,0,36,38,64,8,1024,4,neither_forward,0,0,0,0,0,1,0,0,1,0,0,0
g2897,54,0,36,38,64,8,1024,8,neither_forward,0,0,0,0,0,1,0,0,1,0,0,0
g2898,54,0,36,38,64,8,4096,1,neither_forward,0,0,0,0,0,1,0,0,1,0,0,0
g2899,54,0,36,38,64,8,4096,4,neither_forward,0,0,0,0,0,1,0,0,1,0,0,0
g2900,54,0,36,38,64,8,4096,8,neither_forward,0,0,0,0,0,1,0,0,1,0,0,0
g2901,54,0,36,38,1024,8,1024,1,neither_forward,0,0,0,0,0,1,0,0,1,0,0,0
g2902,54,0,36,38,1024,8,1024,4,neither_forward,0,0,0,0,0,1,0,0,1,0,0,0
g2903,54,0,36,38,1024,8,1024,8,neither_forward,0,0,0,0,0,1,0,0,1,0,0,0
g2904,54,0,36,38,1024,8,4096,1,neither_forward,0,0,0,0,0,1,0,0,1,0,0,0
g2905,54,0,36,38,1024,8,4096,4,neither_forward,0,0,0,0,0,1,0,0,1,0,0,0
g2906,54,0,36,38,1024,8,4096,8,neither_forward,0,0,0,0,0,1,0,0,1,0,0,0
g2907,54,0,36,52,8,8,1024,1,neither_forward,0,0,1,0,0,0,0,0,0,0,0,1
g2908,54,0,36,52,8,8,1024,4,neither_forward,0,0,1,0,0,0,0,0,0,0,0,1
g2909,54,0,36,52,8,8,1024,8,neither_forward,0,0,1,0,0,0,0,0,0,0,0,1
g2910,54,0,36,52,8,8,4096,1,neither_forward,0,0,1,0,0,0,0,0,0,0,0,1
g2911,54,0,36,52,8,8,4096,4,neither_forward,0,0,1,0,0,0,0,0,0,0,0,1
g2912,54,0,36,52,8,8,4096,8,neither_forward,0,0,1,0,0,0,0,0,0,0,0,1
g2913,54,0,36,52,64,8,1024,1,neither_forward,0,0,1,0,0,0,0,0,0,0,0,1
g2914,54,0,36,52,64,8,1024,4,neither_forward,0,0,1,0,0,0,0,0,0,0,0,1
g2915,54,0,36,52,64,8,1024,8,neither_forward,0,0,1,0,0,0,0,0,0,0,0,1
g2916,54,0,36,52,64,8,4096,1,neither_forward,0,0,1,0,0,0,0,0,0,0,0,1
g2917,54,0,36,52,64,8,4096,4,neither_forward,0,0,1,0,0,0,0,0,0,0,0,1
g2918,54,0,36,52,64,8,4096,8,neither_forward,0,0,1,0,0,0,0,0,0,0,0,1
g2919,54,0,36,52,1024,8,1024,1,neither_forward,0,0,1,0,0,0,0,0,0,0,0,1
g2920,54,0,36,52,1024,8,1024,4,neither_forward,0,0,1,0,0,0,0,0,0,0,0,1
g2921,54,0,36,52,1024,8,1024,8,neither_forward,0,0,1,0,0,0,0,0,0,0,0,1
g2922,54,0,36,52,1024,8,4096,1,neither_forward,0,0,1,0,0,0,0,0,0,0,0,1
g2923,54,0,36,52,1024,8,4096,4,neither_forward,0,0,1,0,0,0,0,0,0,0,0,1
g2924,54,0,36,52,1024,8,4096,8,neither_forward,0,0,1,0,0,0,0,0,0,0,0,1
g2925,54,0,38,36,8,8,1024,1,neither_forward,0,0,0,0,0,1,0,0,1,0,0,0
g2926,54,0,38,36,8,8,1024,4,neither_forward,0,0,0,0,0,1,0,0,1,0,0,0
g2927,54,0,38,36,8,8,1024,8,neither_forward,0,0,0,0,0,1,0,0,1,0,0,0
g2928,54,0,38,36,8,8,4096,1,neither_forward,0,0,0,0,0,1,0,0,1,0,0,0
g2929,54,0,38,36,8,8,4096,4,neither_forward,0,0,0,0,0,1,0,0,1,0,0,0
g2930,54,0,38,36,8,8,4096,8,neither_forward,0,0,0,0,0,1,0,0,1,0,0,0
g2931,54,0,38,36,64,8,1024,1,neither_forward,0,0,0,0,0,1,0,0,1,0,0,0
g2932,54,0,38,36,64,8,1024,4,neither_forward,0,0,0,0,0,1,0,0,1,0,0,0
g2933,54,0,38,36,64,8,1024,8,neither_forward,0,0,0,0,0,1,0,0,1,0,0,0
g2934,54,0,38,36,64,8,4096,1,neither_forward,0,0,0,0,0,1,0,0,1,0,0,0
g2935,54,0,38,36,64,8,4096,4,neither_forward,0,0,0,0,0,1,0,0,1,0,0,0
g2936,54,0,38,36,64,8,4096,8,neither_forward,0,0,0,0,0,1,0,0,1,0,0,0
g2937,54,0,38,36,1024,8,1024,1,neither_forward,0,0,0,0,0,1,0,0,1,0,0,0
g2938,54,0,38,36,1024,8,1024,4,neither_forward,0,0,0,0,0,1,0,0,1,0,0,0
g2939,54,0,38,36,1024,8,1024,8,neither_forward,0,0,0,0,0,1,0,0,1,0,0,0
g2940,54,0,38,36,1024,8,4096,1,neither_forward,0,0,0,0,0,1,0,0,1,0,0,0
g2941,54,0,38,36,1024,8,4096,4,neither_forward,0,0,0,0,0,1,0,0,1,0,0,0
g2942,54,0,38,36,1024,8,4096,8,neither_forward,0,0,0,0,0,1,0,0,1,0,0,0
g2943,54,0,48,50,8,8,1024,1,neither_forward,0,1,2,0,0,0,0,0,0,1,0,2
g2944,54,0,48,50,8,8,1024,4,neither_forward,0,1,2,0,0,0,0,0,0,1,0,2
g2945,54,0,48,50,8,8,1024,8,neither_forward,0,1,2,0,0,0,0,0,0,1,0,2
g2946,54,0,48,50,8,8,4096,1,neither_forward,0,1,2,0,0,0,0,0,0,1,0,2
g2947,54,0,48,50,8,8,4096,4,neither_forward,0,1,2,0,0,0,0,0,0,1,0,2
g2948,54,0,48,50,8,8,4096,8,neither_forward,0,1,2,0,0,0,0,0,0,1,0,2
g2949,54,0,48,50,64,8,1024,1,neither_forward,0,1,2,0,0,0,0,0,0,1,0,2
g2950,54,0,48,50,64,8,1024,4,neither_forward,0,1,2,0,0,0,0,0,0,1,0,2
g2951,54,0,48,50,64,8,1024,8,neither_forward,0,1,2,0,0,0,0,0,0,1,0,2
g2952,54,0,48,50,64,8,4096,1,neither_forward,0,1,2,0,0,0,0,0,0,1,0,2
g2953,54,0,48,50,64,8,4096,4,neither_forward,0,1,2,0,0,0,0,0,0,1,0,2
g2954,54,0,48,50,64,8,4096,8,neither_forward,0,1,2,0,0,0,0,0,0,1,0,2
g2955,54,0,48,50,1024,8,1024,1,neither_forward,0,1,2,0,0,0,0,0,0,1,0,2
g2956,54,0,48,50,1024,8,1024,4,neither_forward,0,1,2,0,0,0,0,0,0,1,0,2
g2957,54,0,48,50,1024,8,1024,8,neither_forward,0,1,2,0,0,0,0,0,0,1,0,2
g2958,54,0,48,50,1024,8,4096,1,neither_forward,0,1,2,0,0,0,0,0,0,1,0,2
g2959,54,0,48,50,1024,8,4096,4,neither_forward,0,1,2,0,0,0,0,0,0,1,0,2
g2960,54,0,48,50,1024,8,4096,8,neither_forward,0,1,2,0,0,0,0,0,0,1,0,2
g2961,54,0,50,34,8,8,1024,1,neither_forward,0,0,1,0,0,0,0,0,0,0,0,1
g2962,54,0,50,34,8,8,1024,4,neither_forward,0,0,1,0,0,0,0,0,0,0,0,1
g2963,54,0,50,34,8,8,1024,8,neither_forward,0,0,1,0,0,0,0,0,0,0,0,1
g2964,54,0,50,34,8,8,4096,1,neither_forward,0,0,1,0,0,0,0,0,0,0,0,1
g2965,54,0,50,34,8,8,4096,4,neither_forward,0,0,1,0,0,0,0,0,0,0,0,1
g2966,54,0,50,34,8,8,4096,8,neither_forward,0,0,1,0,0,0,0,0,0,0,0,1
g2967,54,0,50,34,64,8,1024,1,neither_forward,0,0,1,0,0,0,0,0,0,0,0,1
g2968,54,0,50,34,64,8,1024,4,neither_forward,0,0,1,0,0,0,0,0,0,0,0,1
g2969,54,0,50,34,64,8,1024,8,neither_forward,0,0,1,0,0,0,0,0,0,0,0,1
g2970,54,0,50,34,64,8,4096,1,neither_forward,0,0,1,0,0,0,0,0,0,0,0,1
g2971,54,0,50,34,64,8,4096,4,neither_forward,0,0,1,0,0,0,0,0,0,0,0,1
g2972,54,0,50,34,64,8,4096,8,neither_forward,0,0,1,0,0,0,0,0,0,0,0,1
g2973,54,0,50,34,1024,8,1024,1,neither_forward,0,0,1,0,0,0,0,0,0,0,0,1
g2974,54,0,50,34,1024,8,1024,4,neither_forward,0,0,1,0,0,0,0,0,0,0,0,1
g2975,54,0,50,34,1024,8,1024,8,neither_forward,0,0,1,0,0,0,0,0,0,0,0,1
g2976,54,0,50,34,1024,8,4096,1,neither_forward,0,0,1,0,0,0,0,0,0,0,0,1
g2977,54,0,50,34,1024,8,4096,4,neither_forward,0,0,1,0,0,0,0,0,0,0,0,1
g2978,54,0,50,34,1024,8,4096,8,neither_forward,0,0,1,0,0,0,0,0,0,0,0,1
g2979,54,0,50,52,8,8,1024,1,neither_forward,0,1,2,0,0,0,0,0,0,1,0,2
g2980,54,0,50,52,8,8,1024,4,neither_forward,0,1,2,0,0,0,0,0,0,1,0,2
g2981,54,0,50,52,8,8,1024,8,neither_forward,0,1,2,0,0,0,0,0,0,1,0,2
g2982,54,0,50,52,8,8,4096,1,neither_forward,0,1,2,0,0,0,0,0,0,1,0,2
g2983,54,0,50,52,8,8,4096,4,neither_forward,0,1,2,0,0,0,0,0,0,1,0,2
g2984,54,0,50,52,8,8,4096,8,neither_forward,0,1,2,0,0,0,0,0,0,1,0,2
g2985,54,0,50,52,64,8,1024,1,neither_forward,0,1,2,0,0,0,0,0,0,1,0,2
g2986,54,0,50,52,64,8,1024,4,neither_forward,0,1,2,0,0,0,0,0,0,1,0,2
g2987,54,0,50,52,64,8,1024,8,neither_forward,0,1,2,0,0,0,0,0,0,1,0,2
g2988,54,0,50,52,64,8,4096,1,neither_forward,0,1,2,0,0,0,0,0,0,1,0,2
g2989,54,0,50,52,64,8,4096,4,neither_forward,0,1,2,0,0,0,0,0,0,1,0,2
g2990,54,0,50,52,64,8,4096,8,neither_forward,0,1,2,0,0,0,0,0,0,1,0,2
g2991,54,0,50,52,1024,8,1024,1,neither_forward,0,1,2,0,0,0,0,0,0,1,0,2
g2992,54,0,50,52,1024,8,1024,4,neither_forward,0,1,2,0,0,0,0,0,0,1,0,2
g2993,54,0,50,52,1024,8,1024,8,neither_forward,0,1,2,0,0,0,0,0,0,1,0,2
g2994,54,0,50,52,1024,8,4096,1,neither_forward,0,1,2,0,0,0,0,0,0,1,0,2
g2995,54,0,50,52,1024,8,4096,4,neither_forward,0,1,2,0,0,0,0,0,0,1,0,2
g2996,54,0,50,52,1024,8,4096,8,neither_forward,0,1,2,0,0,0,0,0,0,1,0,2
g2997,54,0,52,36,8,8,1024,1,neither_forward,0,0,1,0,0,0,0,0,0,0,0,1
g2998,54,0,52,36,8,8,1024,4,neither_forward,0,0,1,0,0,0,0,0,0,0,0,1
g2999,54,0,52,36,8,8,1024,8,neither_forward,0,0,1,0,0,0,0,0,0,0,0,1
g3000,54,0,52,36,8,8,4096,1,neither_forward,0,0,1,0,0,0,0,0,0,0,0,1
g3001,54,0,52,36,8,8,4096,4,neither_forward,0,0,1,0,0,0,0,0,0,0,0,1
g3002,54,0,52,36,8,8,4096,8,neither_forward,0,0,1,0,0,0,0,0,0,0,0,1
g3003,54,0,52,36,64,8,1024,1,neither_forward,0,0,1,0,0,0,0,0,0,0,0,1
g3004,54,0,52,36,64,8,1024,4,neither_forward,0,0,1,0,0,0,0,0,0,0,0,1
g3005,54,0,52,36,64,8,1024,8,neither_forward,0,0,1,0,0,0,0,0,0,0,0,1
g3006,54,0,52,36,64,8,4096,1,neither_forward,0,0,1,0,0,0,0,0,0,0,0,1
g3007,54,0,52,36,64,8,4096,4,neither_forward,0,0,1,0,0,0,0,0,0,0,0,1
g3008,54,0,52,36,64,8,4096,8,neither_forward,0,0,1,0,0,0,0,0,0,0,0,1
g3009,54,0,52,36,1024,8,1024,1,neither_forward,0,0,1,0,0,0,0,0,0,0,0,1
g3010,54,0,52,36,1024,8,1024,4,neither_forward,0,0,1,0,0,0,0,0,0,0,0,1
g3011,54,0,52,36,1024,8,1024,8,neither_forward,0,0,1,0,0,0,0,0,0,0,0,1
g3012,54,0,52,36,1024,8,4096,1,neither_forward,0,0,1,0,0,0,0,0,0,0,0,1
g3013,54,0,52,36,1024,8,4096,4,neither_forward,0,0,1,0,0,0,0,0,0,0,0,1
g3014,54,0,52,36,1024,8,4096,8,neither_forward,0,0,1,0,0,0,0,0,0,0,0,1
