benchmark,bytes,reps,initiator,peer,same_cluster,row_distance,col_distance,rtt_cycles,latency_cycles,errors
rma_pingpong,8,10,0,1,1,0,1,1968,98.400000,0
rma_pingpong,8,10,0,2,0,0,2,2050,102.500000,0
rma_pingpong,8,10,0,3,0,0,3,2050,102.500000,0
rma_pingpong,8,10,0,4,0,0,4,2132,106.600000,0
rma_pingpong,8,10,0,5,0,0,5,2118,105.900000,0
rma_pingpong,8,10,0,6,0,0,6,2189,109.450000,0
rma_pingpong,8,10,0,7,0,0,7,2189,109.450000,0
rma_pingpong,8,10,0,8,1,1,0,1968,98.400000,0
rma_pingpong,8,10,0,9,1,1,1,1968,98.400000,0
rma_pingpong,8,10,0,10,0,1,2,2050,102.500000,0
rma_pingpong,8,10,0,11,0,1,3,2050,102.500000,0
rma_pingpong,8,10,0,12,0,1,4,2118,105.900000,0
rma_pingpong,8,10,0,13,0,1,5,2118,105.900000,0
rma_pingpong,8,10,0,14,0,1,6,2249,112.450000,0
rma_pingpong,8,10,0,15,0,1,7,2249,112.450000,0
rma_pingpong,8,10,0,16,0,2,0,2108,105.400000,0
rma_pingpong,8,10,0,17,0,2,1,2049,102.450000,0
rma_pingpong,8,10,0,18,0,2,2,2132,106.600000,0
rma_pingpong,8,10,0,19,0,2,3,2132,106.600000,0
rma_pingpong,8,10,0,20,0,2,4,2249,112.450000,0
rma_pingpong,8,10,0,21,0,2,5,2249,112.450000,0
rma_pingpong,8,10,0,22,0,2,6,2305,115.250000,0
rma_pingpong,8,10,0,23,0,2,7,2305,115.250000,0
rma_pingpong,8,10,0,24,0,3,0,2108,105.400000,0
rma_pingpong,8,10,0,25,0,3,1,2049,102.450000,0
rma_pingpong,8,10,0,26,0,3,2,2132,106.600000,0
rma_pingpong,8,10,0,27,0,3,3,2132,106.600000,0
rma_pingpong,8,10,0,28,0,3,4,2249,112.450000,0
rma_pingpong,8,10,0,29,0,3,5,2249,112.450000,0
rma_pingpong,8,10,0,30,0,3,6,2305,115.250000,0
rma_pingpong,8,10,0,31,0,3,7,2305,115.250000,0
rma_pingpong,8,10,0,32,0,4,0,2163,108.150000,0
rma_pingpong,8,10,0,33,0,4,1,2169,108.450000,0
rma_pingpong,8,10,0,34,0,4,2,2248,112.400000,0
rma_pingpong,8,10,0,35,0,4,3,2248,112.400000,0
rma_pingpong,8,10,0,36,0,4,4,2305,115.250000,0
rma_pingpong,8,10,0,37,0,4,5,2305,115.250000,0
rma_pingpong,8,10,0,38,0,4,6,2388,119.400000,0
rma_pingpong,8,10,0,39,0,4,7,2388,119.400000,0
rma_pingpong,8,10,0,40,0,5,0,2163,108.150000,0
rma_pingpong,8,10,0,41,0,5,1,2169,108.450000,0
rma_pingpong,8,10,0,42,0,5,2,2248,112.400000,0
rma_pingpong,8,10,0,43,0,5,3,2248,112.400000,0
rma_pingpong,8,10,0,44,0,5,4,2305,115.250000,0
rma_pingpong,8,10,0,45,0,5,5,2305,115.250000,0
rma_pingpong,8,10,0,46,0,5,6,2388,119.400000,0
rma_pingpong,8,10,0,47,0,5,7,2388,119.400000,0
rma_pingpong,8,10,0,48,0,6,0,2248,112.400000,0
rma_pingpong,8,10,0,49,0,6,1,2248,112.400000,0
rma_pingpong,8,10,0,50,0,6,2,2305,115.250000,0
rma_pingpong,8,10,0,51,0,6,3,2305,115.250000,0
rma_pingpong,8,10,0,52,0,6,4,2388,119.400000,0
rma_pingpong,8,10,0,53,0,6,5,2388,119.400000,0
rma_pingpong,8,10,0,54,0,6,6,2468,123.400000,0
rma_pingpong,8,10,0,55,0,6,7,2468,123.400000,0
rma_pingpong,8,10,0,56,0,7,0,2248,112.400000,0
rma_pingpong,8,10,0,57,0,7,1,2248,112.400000,0
rma_pingpong,8,10,0,58,0,7,2,2305,115.250000,0
rma_pingpong,8,10,0,59,0,7,3,2305,115.250000,0
rma_pingpong,8,10,0,60,0,7,4,2388,119.400000,0
rma_pingpong,8,10,0,61,0,7,5,2388,119.400000,0
rma_pingpong,8,10,0,62,0,7,6,2468,123.400000,0
rma_pingpong,8,10,0,63,0,7,7,2468,123.400000,0
rma_pingpong,8,10,1,0,1,0,1,1968,98.400000,0
rma_pingpong,8,10,1,2,0,0,1,2050,102.500000,0
rma_pingpong,8,10,1,3,0,0,2,2050,102.500000,0
rma_pingpong,8,10,1,4,0,0,3,2132,106.600000,0
rma_pingpong,8,10,1,5,0,0,4,2118,105.900000,0
rma_pingpong,8,10,1,6,0,0,5,2249,112.450000,0
rma_pingpong,8,10,1,7,0,0,6,2189,109.450000,0
rma_pingpong,8,10,1,8,1,1,1,1968,98.400000,0
rma_pingpong,8,10,1,9,1,1,0,1968,98.400000,0
rma_pingpong,8,10,1,10,0,1,1,2050,102.500000,0
rma_pingpong,8,10,1,11,0,1,2,2050,102.500000,0
rma_pingpong,8,10,1,12,0,1,3,2132,106.600000,0
rma_pingpong,8,10,1,13,0,1,4,2132,106.600000,0
rma_pingpong,8,10,1,14,0,1,5,2248,112.400000,0
rma_pingpong,8,10,1,15,0,1,6,2248,112.400000,0
rma_pingpong,8,10,1,16,0,2,1,2049,102.450000,0
rma_pingpong,8,10,1,17,0,2,0,2108,105.400000,0
rma_pingpong,8,10,1,18,0,2,1,2132,106.600000,0
rma_pingpong,8,10,1,19,0,2,2,2132,106.600000,0
rma_pingpong,8,10,1,20,0,2,3,2248,112.400000,0
rma_pingpong,8,10,1,21,0,2,4,2248,112.400000,0
rma_pingpong,8,10,1,22,0,2,5,2305,115.250000,0
rma_pingpong,8,10,1,23,0,2,6,2305,115.250000,0
rma_pingpong,8,10,1,24,0,3,1,2049,102.450000,0
rma_pingpong,8,10,1,25,0,3,0,2108,105.400000,0
rma_pingpong,8,10,1,26,0,3,1,2132,106.600000,0
rma_pingpong,8,10,1,27,0,3,2,2132,106.600000,0
rma_pingpong,8,10,1,28,0,3,3,2248,112.400000,0
rma_pingpong,8,10,1,29,0,3,4,2248,112.400000,0
rma_pingpong,8,10,1,30,0,3,5,2305,115.250000,0
rma_pingpong,8,10,1,31,0,3,6,2305,115.250000,0
rma_pingpong,8,10,1,32,0,4,1,2169,108.450000,0
rma_pingpong,8,10,1,33,0,4,0,2163,108.150000,0
rma_pingpong,8,10,1,34,0,4,1,2248,112.400000,0
rma_pingpong,8,10,1,35,0,4,2,2248,112.400000,0
rma_pingpong,8,10,1,36,0,4,3,2305,115.250000,0
rma_pingpong,8,10,1,37,0,4,4,2305,115.250000,0
rma_pingpong,8,10,1,38,0,4,5,2390,119.500000,0
rma_pingpong,8,10,1,39,0,4,6,2390,119.500000,0
rma_pingpong,8,10,1,40,0,5,1,2169,108.450000,0
rma_pingpong,8,10,1,41,0,5,0,2163,108.150000,0
rma_pingpong,8,10,1,42,0,5,1,2248,112.400000,0
rma_pingpong,8,10,1,43,0,5,2,2248,112.400000,0
rma_pingpong,8,10,1,44,0,5,3,2305,115.250000,0
rma_pingpong,8,10,1,45,0,5,4,2305,115.250000,0
rma_pingpong,8,10,1,46,0,5,5,2390,119.500000,0
rma_pingpong,8,10,1,47,0,5,6,2390,119.500000,0
rma_pingpong,8,10,1,48,0,6,1,2248,112.400000,0
rma_pingpong,8,10,1,49,0,6,0,2248,112.400000,0
rma_pingpong,8,10,1,50,0,6,1,2305,115.250000,0
rma_pingpong,8,10,1,51,0,6,2,2305,115.250000,0
rma_pingpong,8,10,1,52,0,6,3,2390,119.500000,0
rma_pingpong,8,10,1,53,0,6,4,2390,119.500000,0
rma_pingpong,8,10,1,54,0,6,5,2468,123.400000,0
rma_pingpong,8,10,1,55,0,6,6,2468,123.400000,0
rma_pingpong,8,10,1,56,0,7,1,2248,112.400000,0
rma_pingpong,8,10,1,57,0,7,0,2248,112.400000,0
rma_pingpong,8,10,1,58,0,7,1,2305,115.250000,0
rma_pingpong,8,10,1,59,0,7,2,2305,115.250000,0
rma_pingpong,8,10,1,60,0,7,3,2390,119.500000,0
rma_pingpong,8,10,1,61,0,7,4,2390,119.500000,0
rma_pingpong,8,10,1,62,0,7,5,2468,123.400000,0
rma_pingpong,8,10,1,63,0,7,6,2468,123.400000,0
rma_pingpong,8,10,2,0,0,0,2,2050,102.500000,0
rma_pingpong,8,10,2,1,0,0,1,2050,102.500000,0
rma_pingpong,8,10,2,3,1,0,1,1968,98.400000,0
rma_pingpong,8,10,2,4,0,0,2,2050,102.500000,0
rma_pingpong,8,10,2,5,0,0,3,2050,102.500000,0
rma_pingpong,8,10,2,6,0,0,4,2132,106.600000,0
rma_pingpong,8,10,2,7,0,0,5,2118,105.900000,0
rma_pingpong,8,10,2,8,0,1,2,2050,102.500000,0
rma_pingpong,8,10,2,9,0,1,1,2049,102.450000,0
rma_pingpong,8,10,2,10,1,1,0,1968,98.400000,0
rma_pingpong,8,10,2,11,1,1,1,1968,98.400000,0
rma_pingpong,8,10,2,12,0,1,2,2050,102.500000,0
rma_pingpong,8,10,2,13,0,1,3,2050,102.500000,0
rma_pingpong,8,10,2,14,0,1,4,2132,106.600000,0
rma_pingpong,8,10,2,15,0,1,5,2118,105.900000,0
rma_pingpong,8,10,2,16,0,2,2,2163,108.150000,0
rma_pingpong,8,10,2,17,0,2,1,2169,108.450000,0
rma_pingpong,8,10,2,18,0,2,0,2050,102.500000,0
rma_pingpong,8,10,2,19,0,2,1,2050,102.500000,0
rma_pingpong,8,10,2,20,0,2,2,2132,106.600000,0
rma_pingpong,8,10,2,21,0,2,3,2118,105.900000,0
rma_pingpong,8,10,2,22,0,2,4,2248,112.400000,0
rma_pingpong,8,10,2,23,0,2,5,2248,112.400000,0
rma_pingpong,8,10,2,24,0,3,2,2165,108.250000,0
rma_pingpong,8,10,2,25,0,3,1,2169,108.450000,0
rma_pingpong,8,10,2,26,0,3,0,2050,102.500000,0
rma_pingpong,8,10,2,27,0,3,1,2050,102.500000,0
rma_pingpong,8,10,2,28,0,3,2,2132,106.600000,0
rma_pingpong,8,10,2,29,0,3,3,2118,105.900000,0
rma_pingpong,8,10,2,30,0,3,4,2248,112.400000,0
rma_pingpong,8,10,2,31,0,3,5,2248,112.400000,0
rma_pingpong,8,10,2,32,0,4,2,2248,112.400000,0
rma_pingpong,8,10,2,33,0,4,1,2248,112.400000,0
rma_pingpong,8,10,2,34,0,4,0,2163,108.150000,0
rma_pingpong,8,10,2,35,0,4,1,2165,108.250000,0
rma_pingpong,8,10,2,36,0,4,2,2248,112.400000,0
rma_pingpong,8,10,2,37,0,4,3,2248,112.400000,0
rma_pingpong,8,10,2,38,0,4,4,2309,115.450000,0
rma_pingpong,8,10,2,39,0,4,5,2309,115.450000,0
rma_pingpong,8,10,2,40,0,5,2,2248,112.400000,0
rma_pingpong,8,10,2,41,0,5,1,2248,112.400000,0
rma_pingpong,8,10,2,42,0,5,0,2163,108.150000,0
rma_pingpong,8,10,2,43,0,5,1,2165,108.250000,0
rma_pingpong,8,10,2,44,0,5,2,2248,112.400000,0
rma_pingpong,8,10,2,45,0,5,3,2248,112.400000,0
rma_pingpong,8,10,2,46,0,5,4,2309,115.450000,0
rma_pingpong,8,10,2,47,0,5,5,2309,115.450000,0
rma_pingpong,8,10,2,48,0,6,2,2309,115.450000,0
rma_pingpong,8,10,2,49,0,6,1,2305,115.250000,0
rma_pingpong,8,10,2,50,0,6,0,2248,112.400000,0
rma_pingpong,8,10,2,51,0,6,1,2248,112.400000,0
rma_pingpong,8,10,2,52,0,6,2,2309,115.450000,0
rma_pingpong,8,10,2,53,0,6,3,2309,115.450000,0
rma_pingpong,8,10,2,54,0,6,4,2390,119.500000,0
rma_pingpong,8,10,2,55,0,6,5,2388,119.400000,0
rma_pingpong,8,10,2,56,0,7,2,2309,115.450000,0
rma_pingpong,8,10,2,57,0,7,1,2305,115.250000,0
rma_pingpong,8,10,2,58,0,7,0,2248,112.400000,0
rma_pingpong,8,10,2,59,0,7,1,2248,112.400000,0
rma_pingpong,8,10,2,60,0,7,2,2309,115.450000,0
rma_pingpong,8,10,2,61,0,7,3,2309,115.450000,0
rma_pingpong,8,10,2,62,0,7,4,2390,119.500000,0
rma_pingpong,8,10,2,63,0,7,5,2388,119.400000,0
rma_pingpong,8,10,3,0,0,0,3,2050,102.500000,0
rma_pingpong,8,10,3,1,0,0,2,2050,102.500000,0
rma_pingpong,8,10,3,2,1,0,1,1968,98.400000,0
rma_pingpong,8,10,3,4,0,0,1,2050,102.500000,0
rma_pingpong,8,10,3,5,0,0,2,2050,102.500000,0
rma_pingpong,8,10,3,6,0,0,3,2132,106.600000,0
rma_pingpong,8,10,3,7,0,0,4,2118,105.900000,0
rma_pingpong,8,10,3,8,0,1,3,2050,102.500000,0
rma_pingpong,8,10,3,9,0,1,2,2050,102.500000,0
rma_pingpong,8,10,3,10,1,1,1,1968,98.400000,0
rma_pingpong,8,10,3,11,1,1,0,1968,98.400000,0
rma_pingpong,8,10,3,12,0,1,1,2050,102.500000,0
rma_pingpong,8,10,3,13,0,1,2,2050,102.500000,0
rma_pingpong,8,10,3,14,0,1,3,2132,106.600000,0
rma_pingpong,8,10,3,15,0,1,4,2132,106.600000,0
rma_pingpong,8,10,3,16,0,2,3,2163,108.150000,0
rma_pingpong,8,10,3,17,0,2,2,2169,108.450000,0
rma_pingpong,8,10,3,18,0,2,1,2050,102.500000,0
rma_pingpong,8,10,3,19,0,2,0,2050,102.500000,0
rma_pingpong,8,10,3,20,0,2,1,2132,106.600000,0
rma_pingpong,8,10,3,21,0,2,2,2132,106.600000,0
rma_pingpong,8,10,3,22,0,2,3,2248,112.400000,0
rma_pingpong,8,10,3,23,0,2,4,2248,112.400000,0
rma_pingpong,8,10,3,24,0,3,3,2163,108.150000,0
rma_pingpong,8,10,3,25,0,3,2,2169,108.450000,0
rma_pingpong,8,10,3,26,0,3,1,2050,102.500000,0
rma_pingpong,8,10,3,27,0,3,0,2050,102.500000,0
rma_pingpong,8,10,3,28,0,3,1,2132,106.600000,0
rma_pingpong,8,10,3,29,0,3,2,2132,106.600000,0
rma_pingpong,8,10,3,30,0,3,3,2248,112.400000,0
rma_pingpong,8,10,3,31,0,3,4,2248,112.400000,0
rma_pingpong,8,10,3,32,0,4,3,2248,112.400000,0
rma_pingpong,8,10,3,33,0,4,2,2248,112.400000,0
rma_pingpong,8,10,3,34,0,4,1,2165,108.250000,0
rma_pingpong,8,10,3,35,0,4,0,2163,108.150000,0
rma_pingpong,8,10,3,36,0,4,1,2248,112.400000,0
rma_pingpong,8,10,3,37,0,4,2,2248,112.400000,0
rma_pingpong,8,10,3,38,0,4,3,2305,115.250000,0
rma_pingpong,8,10,3,39,0,4,4,2305,115.250000,0
rma_pingpong,8,10,3,40,0,5,3,2248,112.400000,0
rma_pingpong,8,10,3,41,0,5,2,2248,112.400000,0
rma_pingpong,8,10,3,42,0,5,1,2165,108.250000,0
rma_pingpong,8,10,3,43,0,5,0,2163,108.150000,0
rma_pingpong,8,10,3,44,0,5,1,2248,112.400000,0
rma_pingpong,8,10,3,45,0,5,2,2248,112.400000,0
rma_pingpong,8,10,3,46,0,5,3,2305,115.250000,0
rma_pingpong,8,10,3,47,0,5,4,2305,115.250000,0
rma_pingpong,8,10,3,48,0,6,3,2309,115.450000,0
rma_pingpong,8,10,3,49,0,6,2,2305,115.250000,0
rma_pingpong,8,10,3,50,0,6,1,2248,112.400000,0
rma_pingpong,8,10,3,51,0,6,0,2248,112.400000,0
rma_pingpong,8,10,3,52,0,6,1,2309,115.450000,0
rma_pingpong,8,10,3,53,0,6,2,2309,115.450000,0
rma_pingpong,8,10,3,54,0,6,3,2388,119.400000,0
rma_pingpong,8,10,3,55,0,6,4,2390,119.500000,0
rma_pingpong,8,10,3,56,0,7,3,2309,115.450000,0
rma_pingpong,8,10,3,57,0,7,2,2305,115.250000,0
rma_pingpong,8,10,3,58,0,7,1,2248,112.400000,0
rma_pingpong,8,10,3,59,0,7,0,2248,112.400000,0
rma_pingpong,8,10,3,60,0,7,1,2309,115.450000,0
rma_pingpong,8,10,3,61,0,7,2,2309,115.450000,0
rma_pingpong,8,10,3,62,0,7,3,2388,119.400000,0
rma_pingpong,8,10,3,63,0,7,4,2390,119.500000,0
rma_pingpong,8,10,4,0,0,0,4,2118,105.900000,0
rma_pingpong,8,10,4,1,0,0,3,2132,106.600000,0
rma_pingpong,8,10,4,2,0,0,2,2050,102.500000,0
rma_pingpong,8,10,4,3,0,0,1,2050,102.500000,0
rma_pingpong,8,10,4,5,1,0,1,1968,98.400000,0
rma_pingpong,8,10,4,6,0,0,2,2050,102.500000,0
rma_pingpong,8,10,4,7,0,0,3,2050,102.500000,0
rma_pingpong,8,10,4,8,0,1,4,2132,106.600000,0
rma_pingpong,8,10,4,9,0,1,3,2132,106.600000,0
rma_pingpong,8,10,4,10,0,1,2,2050,102.500000,0
rma_pingpong,8,10,4,11,0,1,1,2050,102.500000,0
rma_pingpong,8,10,4,12,1,1,0,1968,98.400000,0
rma_pingpong,8,10,4,13,1,1,1,1968,98.400000,0
rma_pingpong,8,10,4,14,0,1,2,2050,102.500000,0
rma_pingpong,8,10,4,15,0,1,3,2050,102.500000,0
rma_pingpong,8,10,4,16,0,2,4,2248,112.400000,0
rma_pingpong,8,10,4,17,0,2,3,2248,112.400000,0
rma_pingpong,8,10,4,18,0,2,2,2118,105.900000,0
rma_pingpong,8,10,4,19,0,2,1,2132,106.600000,0
rma_pingpong,8,10,4,20,0,2,0,2050,102.500000,0
rma_pingpong,8,10,4,21,0,2,1,2050,102.500000,0
rma_pingpong,8,10,4,22,0,2,2,2163,108.150000,0
rma_pingpong,8,10,4,23,0,2,3,2163,108.150000,0
rma_pingpong,8,10,4,24,0,3,4,2248,112.400000,0
rma_pingpong,8,10,4,25,0,3,3,2248,112.400000,0
rma_pingpong,8,10,4,26,0,3,2,2118,105.900000,0
rma_pingpong,8,10,4,27,0,3,1,2132,106.600000,0
rma_pingpong,8,10,4,28,0,3,0,2050,102.500000,0
rma_pingpong,8,10,4,29,0,3,1,2050,102.500000,0
rma_pingpong,8,10,4,30,0,3,2,2163,108.150000,0
rma_pingpong,8,10,4,31,0,3,3,2163,108.150000,0
rma_pingpong,8,10,4,32,0,4,4,2305,115.250000,0
rma_pingpong,8,10,4,33,0,4,3,2309,115.450000,0
rma_pingpong,8,10,4,34,0,4,2,2248,112.400000,0
rma_pingpong,8,10,4,35,0,4,1,2248,112.400000,0
rma_pingpong,8,10,4,36,0,4,0,2163,108.150000,0
rma_pingpong,8,10,4,37,0,4,1,2165,108.250000,0
rma_pingpong,8,10,4,38,0,4,2,2248,112.400000,0
rma_pingpong,8,10,4,39,0,4,3,2248,112.400000,0
rma_pingpong,8,10,4,40,0,5,4,2305,115.250000,0
rma_pingpong,8,10,4,41,0,5,3,2309,115.450000,0
rma_pingpong,8,10,4,42,0,5,2,2248,112.400000,0
rma_pingpong,8,10,4,43,0,5,1,2248,112.400000,0
rma_pingpong,8,10,4,44,0,5,0,2163,108.150000,0
rma_pingpong,8,10,4,45,0,5,1,2165,108.250000,0
rma_pingpong,8,10,4,46,0,5,2,2248,112.400000,0
rma_pingpong,8,10,4,47,0,5,3,2248,112.400000,0
rma_pingpong,8,10,4,48,0,6,4,2388,119.400000,0
rma_pingpong,8,10,4,49,0,6,3,2390,119.500000,0
rma_pingpong,8,10,4,50,0,6,2,2305,115.250000,0
rma_pingpong,8,10,4,51,0,6,1,2305,115.250000,0
rma_pingpong,8,10,4,52,0,6,0,2248,112.400000,0
rma_pingpong,8,10,4,53,0,6,1,2248,112.400000,0
rma_pingpong,8,10,4,54,0,6,2,2309,115.450000,0
rma_pingpong,8,10,4,55,0,6,3,2309,115.450000,0
rma_pingpong,8,10,4,56,0,7,4,2388,119.400000,0
rma_pingpong,8,10,4,57,0,7,3,2390,119.500000,0
rma_pingpong,8,10,4,58,0,7,2,2305,115.250000,0
rma_pingpong,8,10,4,59,0,7,1,2305,115.250000,0
rma_pingpong,8,10,4,60,0,7,0,2248,112.400000,0
rma_pingpong,8,10,4,61,0,7,1,2248,112.400000,0
rma_pingpong,8,10,4,62,0,7,2,2309,115.450000,0
rma_pingpong,8,10,4,63,0,7,3,2309,115.450000,0
rma_pingpong,8,10,5,0,0,0,5,2132,106.600000,0
rma_pingpong,8,10,5,1,0,0,4,2132,106.600000,0
rma_pingpong,8,10,5,2,0,0,3,2050,102.500000,0
rma_pingpong,8,10,5,3,0,0,2,2050,102.500000,0
rma_pingpong,8,10,5,4,1,0,1,1968,98.400000,0
rma_pingpong,8,10,5,6,0,0,1,2050,102.500000,0
rma_pingpong,8,10,5,7,0,0,2,2050,102.500000,0
rma_pingpong,8,10,5,8,0,1,5,2132,106.600000,0
rma_pingpong,8,10,5,9,0,1,4,2132,106.600000,0
rma_pingpong,8,10,5,10,0,1,3,2050,102.500000,0
rma_pingpong,8,10,5,11,0,1,2,2050,102.500000,0
rma_pingpong,8,10,5,12,1,1,1,1968,98.400000,0
rma_pingpong,8,10,5,13,1,1,0,1968,98.400000,0
rma_pingpong,8,10,5,14,0,1,1,2050,102.500000,0
rma_pingpong,8,10,5,15,0,1,2,2050,102.500000,0
rma_pingpong,8,10,5,16,0,2,5,2248,112.400000,0
rma_pingpong,8,10,5,17,0,2,4,2248,112.400000,0
rma_pingpong,8,10,5,18,0,2,3,2132,106.600000,0
rma_pingpong,8,10,5,19,0,2,2,2132,106.600000,0
rma_pingpong,8,10,5,20,0,2,1,2050,102.500000,0
rma_pingpong,8,10,5,21,0,2,0,2050,102.500000,0
rma_pingpong,8,10,5,22,0,2,1,2165,108.250000,0
rma_pingpong,8,10,5,23,0,2,2,2165,108.250000,0
rma_pingpong,8,10,5,24,0,3,5,2248,112.400000,0
rma_pingpong,8,10,5,25,0,3,4,2248,112.400000,0
rma_pingpong,8,10,5,26,0,3,3,2132,106.600000,0
rma_pingpong,8,10,5,27,0,3,2,2132,106.600000,0
rma_pingpong,8,10,5,28,0,3,1,2050,102.500000,0
rma_pingpong,8,10,5,29,0,3,0,2050,102.500000,0
rma_pingpong,8,10,5,30,0,3,1,2165,108.250000,0
rma_pingpong,8,10,5,31,0,3,2,2165,108.250000,0
rma_pingpong,8,10,5,32,0,4,5,2305,115.250000,0
rma_pingpong,8,10,5,33,0,4,4,2309,115.450000,0
rma_pingpong,8,10,5,34,0,4,3,2248,112.400000,0
rma_pingpong,8,10,5,35,0,4,2,2248,112.400000,0
rma_pingpong,8,10,5,36,0,4,1,2165,108.250000,0
rma_pingpong,8,10,5,37,0,4,0,2163,108.150000,0
rma_pingpong,8,10,5,38,0,4,1,2248,112.400000,0
rma_pingpong,8,10,5,39,0,4,2,2248,112.400000,0
rma_pingpong,8,10,5,40,0,5,5,2305,115.250000,0
rma_pingpong,8,10,5,41,0,5,4,2309,115.450000,0
rma_pingpong,8,10,5,42,0,5,3,2248,112.400000,0
rma_pingpong,8,10,5,43,0,5,2,2248,112.400000,0
rma_pingpong,8,10,5,44,0,5,1,2165,108.250000,0
rma_pingpong,8,10,5,45,0,5,0,2163,108.150000,0
rma_pingpong,8,10,5,46,0,5,1,2248,112.400000,0
rma_pingpong,8,10,5,47,0,5,2,2248,112.400000,0
rma_pingpong,8,10,5,48,0,6,5,2388,119.400000,0
rma_pingpong,8,10,5,49,0,6,4,2388,119.400000,0
rma_pingpong,8,10,5,50,0,6,3,2305,115.250000,0
rma_pingpong,8,10,5,51,0,6,2,2305,115.250000,0
rma_pingpong,8,10,5,52,0,6,1,2248,112.400000,0
rma_pingpong,8,10,5,53,0,6,0,2248,112.400000,0
rma_pingpong,8,10,5,54,0,6,1,2309,115.450000,0
rma_pingpong,8,10,5,55,0,6,2,2309,115.450000,0
rma_pingpong,8,10,5,56,0,7,5,2388,119.400000,0
rma_pingpong,8,10,5,57,0,7,4,2388,119.400000,0
rma_pingpong,8,10,5,58,0,7,3,2305,115.250000,0
rma_pingpong,8,10,5,59,0,7,2,2305,115.250000,0
rma_pingpong,8,10,5,60,0,7,1,2248,112.400000,0
rma_pingpong,8,10,5,61,0,7,0,2248,112.400000,0
rma_pingpong,8,10,5,62,0,7,1,2309,115.450000,0
rma_pingpong,8,10,5,63,0,7,2,2309,115.450000,0
rma_pingpong,8,10,6,0,0,0,6,2249,112.450000,0
rma_pingpong,8,10,6,1,0,0,5,2249,112.450000,0
rma_pingpong,8,10,6,2,0,0,4,2132,106.600000,0
rma_pingpong,8,10,6,3,0,0,3,2132,106.600000,0
rma_pingpong,8,10,6,4,0,0,2,2050,102.500000,0
rma_pingpong,8,10,6,5,0,0,1,2050,102.500000,0
rma_pingpong,8,10,6,7,1,0,1,1968,98.400000,0
rma_pingpong,8,10,6,8,0,1,6,2249,112.450000,0
rma_pingpong,8,10,6,9,0,1,5,2249,112.450000,0
rma_pingpong,8,10,6,10,0,1,4,2132,106.600000,0
rma_pingpong,8,10,6,11,0,1,3,2132,106.600000,0
rma_pingpong,8,10,6,12,0,1,2,2050,102.500000,0
rma_pingpong,8,10,6,13,0,1,1,2050,102.500000,0
rma_pingpong,8,10,6,14,1,1,0,1968,98.400000,0
rma_pingpong,8,10,6,15,1,1,1,1968,98.400000,0
rma_pingpong,8,10,6,16,0,2,6,2309,115.450000,0
rma_pingpong,8,10,6,17,0,2,5,2305,115.250000,0
rma_pingpong,8,10,6,18,0,2,4,2249,112.450000,0
rma_pingpong,8,10,6,19,0,2,3,2249,112.450000,0
rma_pingpong,8,10,6,20,0,2,2,2118,105.900000,0
rma_pingpong,8,10,6,21,0,2,1,2132,106.600000,0
rma_pingpong,8,10,6,22,0,2,0,2108,105.400000,0
rma_pingpong,8,10,6,23,0,2,1,2108,105.400000,0
rma_pingpong,8,10,6,24,0,3,6,2309,115.450000,0
rma_pingpong,8,10,6,25,0,3,5,2305,115.250000,0
rma_pingpong,8,10,6,26,0,3,4,2249,112.450000,0
rma_pingpong,8,10,6,27,0,3,3,2249,112.450000,0
rma_pingpong,8,10,6,28,0,3,2,2118,105.900000,0
rma_pingpong,8,10,6,29,0,3,1,2132,106.600000,0
rma_pingpong,8,10,6,30,0,3,0,2108,105.400000,0
rma_pingpong,8,10,6,31,0,3,1,2108,105.400000,0
rma_pingpong,8,10,6,32,0,4,6,2390,119.500000,0
rma_pingpong,8,10,6,33,0,4,5,2388,119.400000,0
rma_pingpong,8,10,6,34,0,4,4,2309,115.450000,0
rma_pingpong,8,10,6,35,0,4,3,2305,115.250000,0
rma_pingpong,8,10,6,36,0,4,2,2248,112.400000,0
rma_pingpong,8,10,6,37,0,4,1,2248,112.400000,0
rma_pingpong,8,10,6,38,0,4,0,2163,108.150000,0
rma_pingpong,8,10,6,39,0,4,1,2165,108.250000,0
rma_pingpong,8,10,6,40,0,5,6,2390,119.500000,0
rma_pingpong,8,10,6,41,0,5,5,2388,119.400000,0
rma_pingpong,8,10,6,42,0,5,4,2309,115.450000,0
rma_pingpong,8,10,6,43,0,5,3,2305,115.250000,0
rma_pingpong,8,10,6,44,0,5,2,2248,112.400000,0
rma_pingpong,8,10,6,45,0,5,1,2248,112.400000,0
rma_pingpong,8,10,6,46,0,5,0,2163,108.150000,0
rma_pingpong,8,10,6,47,0,5,1,2165,108.250000,0
rma_pingpong,8,10,6,48,0,6,6,2468,123.400000,0
rma_pingpong,8,10,6,49,0,6,5,2468,123.400000,0
rma_pingpong,8,10,6,50,0,6,4,2390,119.500000,0
rma_pingpong,8,10,6,51,0,6,3,2388,119.400000,0
rma_pingpong,8,10,6,52,0,6,2,2305,115.250000,0
rma_pingpong,8,10,6,53,0,6,1,2305,115.250000,0
rma_pingpong,8,10,6,54,0,6,0,2248,112.400000,0
rma_pingpong,8,10,6,55,0,6,1,2248,112.400000,0
rma_pingpong,8,10,6,56,0,7,6,2468,123.400000,0
rma_pingpong,8,10,6,57,0,7,5,2468,123.400000,0
rma_pingpong,8,10,6,58,0,7,4,2390,119.500000,0
rma_pingpong,8,10,6,59,0,7,3,2388,119.400000,0
rma_pingpong,8,10,6,60,0,7,2,2305,115.250000,0
rma_pingpong,8,10,6,61,0,7,1,2305,115.250000,0
rma_pingpong,8,10,6,62,0,7,0,2248,112.400000,0
rma_pingpong,8,10,6,63,0,7,1,2248,112.400000,0
rma_pingpong,8,10,7,0,0,0,7,2189,109.450000,0
rma_pingpong,8,10,7,1,0,0,6,2249,112.450000,0
rma_pingpong,8,10,7,2,0,0,5,2132,106.600000,0
rma_pingpong,8,10,7,3,0,0,4,2132,106.600000,0
rma_pingpong,8,10,7,4,0,0,3,2050,102.500000,0
rma_pingpong,8,10,7,5,0,0,2,2050,102.500000,0
rma_pingpong,8,10,7,6,1,0,1,1968,98.400000,0
rma_pingpong,8,10,7,8,0,1,7,2249,112.450000,0
rma_pingpong,8,10,7,9,0,1,6,2249,112.450000,0
rma_pingpong,8,10,7,10,0,1,5,2132,106.600000,0
rma_pingpong,8,10,7,11,0,1,4,2132,106.600000,0
rma_pingpong,8,10,7,12,0,1,3,2050,102.500000,0
rma_pingpong,8,10,7,13,0,1,2,2050,102.500000,0
rma_pingpong,8,10,7,14,1,1,1,1968,98.400000,0
rma_pingpong,8,10,7,15,1,1,0,1968,98.400000,0
rma_pingpong,8,10,7,16,0,2,7,2305,115.250000,0
rma_pingpong,8,10,7,17,0,2,6,2305,115.250000,0
rma_pingpong,8,10,7,18,0,2,5,2249,112.450000,0
rma_pingpong,8,10,7,19,0,2,4,2249,112.450000,0
rma_pingpong,8,10,7,20,0,2,3,2132,106.600000,0
rma_pingpong,8,10,7,21,0,2,2,2132,106.600000,0
rma_pingpong,8,10,7,22,0,2,1,2108,105.400000,0
rma_pingpong,8,10,7,23,0,2,0,2108,105.400000,0
rma_pingpong,8,10,7,24,0,3,7,2309,115.450000,0
rma_pingpong,8,10,7,25,0,3,6,2305,115.250000,0
rma_pingpong,8,10,7,26,0,3,5,2249,112.450000,0
rma_pingpong,8,10,7,27,0,3,4,2249,112.450000,0
rma_pingpong,8,10,7,28,0,3,3,2132,106.600000,0
rma_pingpong,8,10,7,29,0,3,2,2132,106.600000,0
rma_pingpong,8,10,7,30,0,3,1,2108,105.400000,0
rma_pingpong,8,10,7,31,0,3,0,2108,105.400000,0
rma_pingpong,8,10,7,32,0,4,7,2390,119.500000,0
rma_pingpong,8,10,7,33,0,4,6,2388,119.400000,0
rma_pingpong,8,10,7,34,0,4,5,2305,115.250000,0
rma_pingpong,8,10,7,35,0,4,4,2305,115.250000,0
rma_pingpong,8,10,7,36,0,4,3,2248,112.400000,0
rma_pingpong,8,10,7,37,0,4,2,2248,112.400000,0
rma_pingpong,8,10,7,38,0,4,1,2165,108.250000,0
rma_pingpong,8,10,7,39,0,4,0,2163,108.150000,0
rma_pingpong,8,10,7,40,0,5,7,2390,119.500000,0
rma_pingpong,8,10,7,41,0,5,6,2388,119.400000,0
rma_pingpong,8,10,7,42,0,5,5,2305,115.250000,0
rma_pingpong,8,10,7,43,0,5,4,2305,115.250000,0
rma_pingpong,8,10,7,44,0,5,3,2248,112.400000,0
rma_pingpong,8,10,7,45,0,5,2,2248,112.400000,0
rma_pingpong,8,10,7,46,0,5,1,2165,108.250000,0
rma_pingpong,8,10,7,47,0,5,0,2163,108.150000,0
rma_pingpong,8,10,7,48,0,6,7,2468,123.400000,0
rma_pingpong,8,10,7,49,0,6,6,2468,123.400000,0
rma_pingpong,8,10,7,50,0,6,5,2390,119.500000,0
rma_pingpong,8,10,7,51,0,6,4,2390,119.500000,0
rma_pingpong,8,10,7,52,0,6,3,2305,115.250000,0
rma_pingpong,8,10,7,53,0,6,2,2305,115.250000,0
rma_pingpong,8,10,7,54,0,6,1,2248,112.400000,0
rma_pingpong,8,10,7,55,0,6,0,2248,112.400000,0
rma_pingpong,8,10,7,56,0,7,7,2468,123.400000,0
rma_pingpong,8,10,7,57,0,7,6,2468,123.400000,0
rma_pingpong,8,10,7,58,0,7,5,2390,119.500000,0
rma_pingpong,8,10,7,59,0,7,4,2390,119.500000,0
rma_pingpong,8,10,7,60,0,7,3,2305,115.250000,0
rma_pingpong,8,10,7,61,0,7,2,2305,115.250000,0
rma_pingpong,8,10,7,62,0,7,1,2248,112.400000,0
rma_pingpong,8,10,7,63,0,7,0,2248,112.400000,0
rma_pingpong,8,10,8,0,1,1,0,1968,98.400000,0
rma_pingpong,8,10,8,1,1,1,1,1968,98.400000,0
rma_pingpong,8,10,8,2,0,1,2,2050,102.500000,0
rma_pingpong,8,10,8,3,0,1,3,2050,102.500000,0
rma_pingpong,8,10,8,4,0,1,4,2132,106.600000,0
rma_pingpong,8,10,8,5,0,1,5,2132,106.600000,0
rma_pingpong,8,10,8,6,0,1,6,2189,109.450000,0
rma_pingpong,8,10,8,7,0,1,7,2189,109.450000,0
rma_pingpong,8,10,8,9,1,0,1,1968,98.400000,0
rma_pingpong,8,10,8,10,0,0,2,2050,102.500000,0
rma_pingpong,8,10,8,11,0,0,3,2050,102.500000,0
rma_pingpong,8,10,8,12,0,0,4,2132,106.600000,0
rma_pingpong,8,10,8,13,0,0,5,2132,106.600000,0
rma_pingpong,8,10,8,14,0,0,6,2249,112.450000,0
rma_pingpong,8,10,8,15,0,0,7,2248,112.400000,0
rma_pingpong,8,10,8,16,0,1,0,2049,102.450000,0
rma_pingpong,8,10,8,17,0,1,1,2108,105.400000,0
rma_pingpong,8,10,8,18,0,1,2,2132,106.600000,0
rma_pingpong,8,10,8,19,0,1,3,2132,106.600000,0
rma_pingpong,8,10,8,20,0,1,4,2249,112.450000,0
rma_pingpong,8,10,8,21,0,1,5,2248,112.400000,0
rma_pingpong,8,10,8,22,0,1,6,2309,115.450000,0
rma_pingpong,8,10,8,23,0,1,7,2309,115.450000,0
rma_pingpong,8,10,8,24,0,2,0,2108,105.400000,0
rma_pingpong,8,10,8,25,0,2,1,2108,105.400000,0
rma_pingpong,8,10,8,26,0,2,2,2132,106.600000,0
rma_pingpong,8,10,8,27,0,2,3,2132,106.600000,0
rma_pingpong,8,10,8,28,0,2,4,2249,112.450000,0
rma_pingpong,8,10,8,29,0,2,5,2248,112.400000,0
rma_pingpong,8,10,8,30,0,2,6,2309,115.450000,0
rma_pingpong,8,10,8,31,0,2,7,2309,115.450000,0
rma_pingpong,8,10,8,32,0,3,0,2169,108.450000,0
rma_pingpong,8,10,8,33,0,3,1,2163,108.150000,0
rma_pingpong,8,10,8,34,0,3,2,2248,112.400000,0
rma_pingpong,8,10,8,35,0,3,3,2248,112.400000,0
rma_pingpong,8,10,8,36,0,3,4,2309,115.450000,0
rma_pingpong,8,10,8,37,0,3,5,2309,115.450000,0
rma_pingpong,8,10,8,38,0,3,6,2390,119.500000,0
rma_pingpong,8,10,8,39,0,3,7,2390,119.500000,0
rma_pingpong,8,10,8,40,0,4,0,2169,108.450000,0
rma_pingpong,8,10,8,41,0,4,1,2163,108.150000,0
rma_pingpong,8,10,8,42,0,4,2,2248,112.400000,0
rma_pingpong,8,10,8,43,0,4,3,2248,112.400000,0
rma_pingpong,8,10,8,44,0,4,4,2309,115.450000,0
rma_pingpong,8,10,8,45,0,4,5,2309,115.450000,0
rma_pingpong,8,10,8,46,0,4,6,2390,119.500000,0
rma_pingpong,8,10,8,47,0,4,7,2390,119.500000,0
rma_pingpong,8,10,8,48,0,5,0,2248,112.400000,0
rma_pingpong,8,10,8,49,0,5,1,2248,112.400000,0
rma_pingpong,8,10,8,50,0,5,2,2305,115.250000,0
rma_pingpong,8,10,8,51,0,5,3,2305,115.250000,0
rma_pingpong,8,10,8,52,0,5,4,2388,119.400000,0
rma_pingpong,8,10,8,53,0,5,5,2390,119.500000,0
rma_pingpong,8,10,8,54,0,5,6,2468,123.400000,0
rma_pingpong,8,10,8,55,0,5,7,2468,123.400000,0
rma_pingpong,8,10,8,56,0,6,0,2248,112.400000,0
rma_pingpong,8,10,8,57,0,6,1,2248,112.400000,0
rma_pingpong,8,10,8,58,0,6,2,2305,115.250000,0
rma_pingpong,8,10,8,59,0,6,3,2305,115.250000,0
rma_pingpong,8,10,8,60,0,6,4,2388,119.400000,0
rma_pingpong,8,10,8,61,0,6,5,2390,119.500000,0
rma_pingpong,8,10,8,62,0,6,6,2468,123.400000,0
rma_pingpong,8,10,8,63,0,6,7,2468,123.400000,0
rma_pingpong,8,10,9,0,1,1,1,1968,98.400000,0
rma_pingpong,8,10,9,1,1,1,0,1968,98.400000,0
rma_pingpong,8,10,9,2,0,1,1,2050,102.500000,0
rma_pingpong,8,10,9,3,0,1,2,2050,102.500000,0
rma_pingpong,8,10,9,4,0,1,3,2132,106.600000,0
rma_pingpong,8,10,9,5,0,1,4,2132,106.600000,0
rma_pingpong,8,10,9,6,0,1,5,2248,112.400000,0
rma_pingpong,8,10,9,7,0,1,6,2248,112.400000,0
rma_pingpong,8,10,9,8,1,0,1,1968,98.400000,0
rma_pingpong,8,10,9,10,0,0,1,2050,102.500000,0
rma_pingpong,8,10,9,11,0,0,2,2050,102.500000,0
rma_pingpong,8,10,9,12,0,0,3,2132,106.600000,0
rma_pingpong,8,10,9,13,0,0,4,2132,106.600000,0
rma_pingpong,8,10,9,14,0,0,5,2249,112.450000,0
rma_pingpong,8,10,9,15,0,0,6,2249,112.450000,0
rma_pingpong,8,10,9,16,0,1,1,2108,105.400000,0
rma_pingpong,8,10,9,17,0,1,0,2049,102.450000,0
rma_pingpong,8,10,9,18,0,1,1,2132,106.600000,0
rma_pingpong,8,10,9,19,0,1,2,2132,106.600000,0
rma_pingpong,8,10,9,20,0,1,3,2249,112.450000,0
rma_pingpong,8,10,9,21,0,1,4,2249,112.450000,0
rma_pingpong,8,10,9,22,0,1,5,2305,115.250000,0
rma_pingpong,8,10,9,23,0,1,6,2305,115.250000,0
rma_pingpong,8,10,9,24,0,2,1,2108,105.400000,0
rma_pingpong,8,10,9,25,0,2,0,2049,102.450000,0
rma_pingpong,8,10,9,26,0,2,1,2132,106.600000,0
rma_pingpong,8,10,9,27,0,2,2,2132,106.600000,0
rma_pingpong,8,10,9,28,0,2,3,2249,112.450000,0
rma_pingpong,8,10,9,29,0,2,4,2249,112.450000,0
rma_pingpong,8,10,9,30,0,2,5,2305,115.250000,0
rma_pingpong,8,10,9,31,0,2,6,2305,115.250000,0
rma_pingpong,8,10,9,32,0,3,1,2163,108.150000,0
rma_pingpong,8,10,9,33,0,3,0,2169,108.450000,0
rma_pingpong,8,10,9,34,0,3,1,2248,112.400000,0
rma_pingpong,8,10,9,35,0,3,2,2248,112.400000,0
rma_pingpong,8,10,9,36,0,3,3,2305,115.250000,0
rma_pingpong,8,10,9,37,0,3,4,2305,115.250000,0
rma_pingpong,8,10,9,38,0,3,5,2388,119.400000,0
rma_pingpong,8,10,9,39,0,3,6,2388,119.400000,0
rma_pingpong,8,10,9,40,0,4,1,2163,108.150000,0
rma_pingpong,8,10,9,41,0,4,0,2169,108.450000,0
rma_pingpong,8,10,9,42,0,4,1,2248,112.400000,0
rma_pingpong,8,10,9,43,0,4,2,2248,112.400000,0
rma_pingpong,8,10,9,44,0,4,3,2305,115.250000,0
rma_pingpong,8,10,9,45,0,4,4,2305,115.250000,0
rma_pingpong,8,10,9,46,0,4,5,2388,119.400000,0
rma_pingpong,8,10,9,47,0,4,6,2388,119.400000,0
rma_pingpong,8,10,9,48,0,5,1,2248,112.400000,0
rma_pingpong,8,10,9,49,0,5,0,2248,112.400000,0
rma_pingpong,8,10,9,50,0,5,1,2305,115.250000,0
rma_pingpong,8,10,9,51,0,5,2,2305,115.250000,0
rma_pingpong,8,10,9,52,0,5,3,2388,119.400000,0
rma_pingpong,8,10,9,53,0,5,4,2388,119.400000,0
rma_pingpong,8,10,9,54,0,5,5,2468,123.400000,0
rma_pingpong,8,10,9,55,0,5,6,2468,123.400000,0
rma_pingpong,8,10,9,56,0,6,1,2248,112.400000,0
rma_pingpong,8,10,9,57,0,6,0,2248,112.400000,0
rma_pingpong,8,10,9,58,0,6,1,2305,115.250000,0
rma_pingpong,8,10,9,59,0,6,2,2305,115.250000,0
rma_pingpong,8,10,9,60,0,6,3,2388,119.400000,0
rma_pingpong,8,10,9,61,0,6,4,2388,119.400000,0
rma_pingpong,8,10,9,62,0,6,5,2468,123.400000,0
rma_pingpong,8,10,9,63,0,6,6,2468,123.400000,0
rma_pingpong,8,10,10,0,0,1,2,2050,102.500000,0
rma_pingpong,8,10,10,1,0,1,1,2050,102.500000,0
rma_pingpong,8,10,10,2,1,1,0,1968,98.400000,0
rma_pingpong,8,10,10,3,1,1,1,1968,98.400000,0
rma_pingpong,8,10,10,4,0,1,2,2050,102.500000,0
rma_pingpong,8,10,10,5,0,1,3,2050,102.500000,0
rma_pingpong,8,10,10,6,0,1,4,2132,106.600000,0
rma_pingpong,8,10,10,7,0,1,5,2132,106.600000,0
rma_pingpong,8,10,10,8,0,0,2,2050,102.500000,0
rma_pingpong,8,10,10,9,0,0,1,2050,102.500000,0
rma_pingpong,8,10,10,11,1,0,1,1968,98.400000,0
rma_pingpong,8,10,10,12,0,0,2,2050,102.500000,0
rma_pingpong,8,10,10,13,0,0,3,2050,102.500000,0
rma_pingpong,8,10,10,14,0,0,4,2118,105.900000,0
rma_pingpong,8,10,10,15,0,0,5,2132,106.600000,0
rma_pingpong,8,10,10,16,0,1,2,2169,108.450000,0
rma_pingpong,8,10,10,17,0,1,1,2163,108.150000,0
rma_pingpong,8,10,10,18,0,1,0,2050,102.500000,0
rma_pingpong,8,10,10,19,0,1,1,2050,102.500000,0
rma_pingpong,8,10,10,20,0,1,2,2132,106.600000,0
rma_pingpong,8,10,10,21,0,1,3,2118,105.900000,0
rma_pingpong,8,10,10,22,0,1,4,2248,112.400000,0
rma_pingpong,8,10,10,23,0,1,5,2248,112.400000,0
rma_pingpong,8,10,10,24,0,2,2,2169,108.450000,0
rma_pingpong,8,10,10,25,0,2,1,2163,108.150000,0
rma_pingpong,8,10,10,26,0,2,0,2050,102.500000,0
rma_pingpong,8,10,10,27,0,2,1,2050,102.500000,0
rma_pingpong,8,10,10,28,0,2,2,2132,106.600000,0
rma_pingpong,8,10,10,29,0,2,3,2118,105.900000,0
rma_pingpong,8,10,10,30,0,2,4,2248,112.400000,0
rma_pingpong,8,10,10,31,0,2,5,2248,112.400000,0
rma_pingpong,8,10,10,32,0,3,2,2248,112.400000,0
rma_pingpong,8,10,10,33,0,3,1,2248,112.400000,0
rma_pingpong,8,10,10,34,0,3,0,2169,108.450000,0
rma_pingpong,8,10,10,35,0,3,1,2163,108.150000,0
rma_pingpong,8,10,10,36,0,3,2,2248,112.400000,0
rma_pingpong,8,10,10,37,0,3,3,2248,112.400000,0
rma_pingpong,8,10,10,38,0,3,4,2305,115.250000,0
rma_pingpong,8,10,10,39,0,3,5,2305,115.250000,0
rma_pingpong,8,10,10,40,0,4,2,2248,112.400000,0
rma_pingpong,8,10,10,41,0,4,1,2248,112.400000,0
rma_pingpong,8,10,10,42,0,4,0,2169,108.450000,0
rma_pingpong,8,10,10,43,0,4,1,2163,108.150000,0
rma_pingpong,8,10,10,44,0,4,2,2248,112.400000,0
rma_pingpong,8,10,10,45,0,4,3,2248,112.400000,0
rma_pingpong,8,10,10,46,0,4,4,2305,115.250000,0
rma_pingpong,8,10,10,47,0,4,5,2305,115.250000,0
rma_pingpong,8,10,10,48,0,5,2,2305,115.250000,0
rma_pingpong,8,10,10,49,0,5,1,2309,115.450000,0
rma_pingpong,8,10,10,50,0,5,0,2248,112.400000,0
rma_pingpong,8,10,10,51,0,5,1,2248,112.400000,0
rma_pingpong,8,10,10,52,0,5,2,2305,115.250000,0
rma_pingpong,8,10,10,53,0,5,3,2305,115.250000,0
rma_pingpong,8,10,10,54,0,5,4,2388,119.400000,0
rma_pingpong,8,10,10,55,0,5,5,2388,119.400000,0
rma_pingpong,8,10,10,56,0,6,2,2305,115.250000,0
rma_pingpong,8,10,10,57,0,6,1,2309,115.450000,0
rma_pingpong,8,10,10,58,0,6,0,2248,112.400000,0
rma_pingpong,8,10,10,59,0,6,1,2248,112.400000,0
rma_pingpong,8,10,10,60,0,6,2,2305,115.250000,0
rma_pingpong,8,10,10,61,0,6,3,2305,115.250000,0
rma_pingpong,8,10,10,62,0,6,4,2388,119.400000,0
rma_pingpong,8,10,10,63,0,6,5,2388,119.400000,0
rma_pingpong,8,10,11,0,0,1,3,2050,102.500000,0
rma_pingpong,8,10,11,1,0,1,2,2050,102.500000,0
rma_pingpong,8,10,11,2,1,1,1,1968,98.400000,0
rma_pingpong,8,10,11,3,1,1,0,1968,98.400000,0
rma_pingpong,8,10,11,4,0,1,1,2050,102.500000,0
rma_pingpong,8,10,11,5,0,1,2,2050,102.500000,0
rma_pingpong,8,10,11,6,0,1,3,2132,106.600000,0
rma_pingpong,8,10,11,7,0,1,4,2132,106.600000,0
rma_pingpong,8,10,11,8,0,0,3,2050,102.500000,0
rma_pingpong,8,10,11,9,0,0,2,2050,102.500000,0
rma_pingpong,8,10,11,10,1,0,1,1968,98.400000,0
rma_pingpong,8,10,11,12,0,0,1,2050,102.500000,0
rma_pingpong,8,10,11,13,0,0,2,2050,102.500000,0
rma_pingpong,8,10,11,14,0,0,3,2118,105.900000,0
rma_pingpong,8,10,11,15,0,0,4,2132,106.600000,0
rma_pingpong,8,10,11,16,0,1,3,2169,108.450000,0
rma_pingpong,8,10,11,17,0,1,2,2163,108.150000,0
rma_pingpong,8,10,11,18,0,1,1,2050,102.500000,0
rma_pingpong,8,10,11,19,0,1,0,2050,102.500000,0
rma_pingpong,8,10,11,20,0,1,1,2132,106.600000,0
rma_pingpong,8,10,11,21,0,1,2,2132,106.600000,0
rma_pingpong,8,10,11,22,0,1,3,2248,112.400000,0
rma_pingpong,8,10,11,23,0,1,4,2248,112.400000,0
rma_pingpong,8,10,11,24,0,2,3,2169,108.450000,0
rma_pingpong,8,10,11,25,0,2,2,2163,108.150000,0
rma_pingpong,8,10,11,26,0,2,1,2050,102.500000,0
rma_pingpong,8,10,11,27,0,2,0,2050,102.500000,0
rma_pingpong,8,10,11,28,0,2,1,2132,106.600000,0
rma_pingpong,8,10,11,29,0,2,2,2132,106.600000,0
rma_pingpong,8,10,11,30,0,2,3,2248,112.400000,0
rma_pingpong,8,10,11,31,0,2,4,2248,112.400000,0
rma_pingpong,8,10,11,32,0,3,3,2248,112.400000,0
rma_pingpong,8,10,11,33,0,3,2,2248,112.400000,0
rma_pingpong,8,10,11,34,0,3,1,2169,108.450000,0
rma_pingpong,8,10,11,35,0,3,0,2169,108.450000,0
rma_pingpong,8,10,11,36,0,3,1,2248,112.400000,0
rma_pingpong,8,10,11,37,0,3,2,2248,112.400000,0
rma_pingpong,8,10,11,38,0,3,3,2305,115.250000,0
rma_pingpong,8,10,11,39,0,3,4,2305,115.250000,0
rma_pingpong,8,10,11,40,0,4,3,2248,112.400000,0
rma_pingpong,8,10,11,41,0,4,2,2248,112.400000,0
rma_pingpong,8,10,11,42,0,4,1,2169,108.450000,0
rma_pingpong,8,10,11,43,0,4,0,2169,108.450000,0
rma_pingpong,8,10,11,44,0,4,1,2248,112.400000,0
rma_pingpong,8,10,11,45,0,4,2,2248,112.400000,0
rma_pingpong,8,10,11,46,0,4,3,2305,115.250000,0
rma_pingpong,8,10,11,47,0,4,4,2305,115.250000,0
rma_pingpong,8,10,11,48,0,5,3,2305,115.250000,0
rma_pingpong,8,10,11,49,0,5,2,2305,115.250000,0
rma_pingpong,8,10,11,50,0,5,1,2248,112.400000,0
rma_pingpong,8,10,11,51,0,5,0,2248,112.400000,0
rma_pingpong,8,10,11,52,0,5,1,2305,115.250000,0
rma_pingpong,8,10,11,53,0,5,2,2305,115.250000,0
rma_pingpong,8,10,11,54,0,5,3,2388,119.400000,0
rma_pingpong,8,10,11,55,0,5,4,2388,119.400000,0
rma_pingpong,8,10,11,56,0,6,3,2305,115.250000,0
rma_pingpong,8,10,11,57,0,6,2,2305,115.250000,0
rma_pingpong,8,10,11,58,0,6,1,2248,112.400000,0
rma_pingpong,8,10,11,59,0,6,0,2248,112.400000,0
rma_pingpong,8,10,11,60,0,6,1,2305,115.250000,0
rma_pingpong,8,10,11,61,0,6,2,2305,115.250000,0
rma_pingpong,8,10,11,62,0,6,3,2388,119.400000,0
rma_pingpong,8,10,11,63,0,6,4,2388,119.400000,0
rma_pingpong,8,10,12,0,0,1,4,2132,106.600000,0
rma_pingpong,8,10,12,1,0,1,3,2132,106.600000,0
rma_pingpong,8,10,12,2,0,1,2,2050,102.500000,0
rma_pingpong,8,10,12,3,0,1,1,2050,102.500000,0
rma_pingpong,8,10,12,4,1,1,0,1968,98.400000,0
rma_pingpong,8,10,12,5,1,1,1,1968,98.400000,0
rma_pingpong,8,10,12,6,0,1,2,2050,102.500000,0
rma_pingpong,8,10,12,7,0,1,3,2050,102.500000,0
rma_pingpong,8,10,12,8,0,0,4,2132,106.600000,0
rma_pingpong,8,10,12,9,0,0,3,2132,106.600000,0
rma_pingpong,8,10,12,10,0,0,2,2050,102.500000,0
rma_pingpong,8,10,12,11,0,0,1,2050,102.500000,0
rma_pingpong,8,10,12,13,1,0,1,1968,98.400000,0
rma_pingpong,8,10,12,14,0,0,2,2050,102.500000,0
rma_pingpong,8,10,12,15,0,0,3,2050,102.500000,0
rma_pingpong,8,10,12,16,0,1,4,2248,112.400000,0
rma_pingpong,8,10,12,17,0,1,3,2248,112.400000,0
rma_pingpong,8,10,12,18,0,1,2,2118,105.900000,0
rma_pingpong,8,10,12,19,0,1,1,2132,106.600000,0
rma_pingpong,8,10,12,20,0,1,0,2050,102.500000,0
rma_pingpong,8,10,12,21,0,1,1,2050,102.500000,0
rma_pingpong,8,10,12,22,0,1,2,2169,108.450000,0
rma_pingpong,8,10,12,23,0,1,3,2169,108.450000,0
rma_pingpong,8,10,12,24,0,2,4,2248,112.400000,0
rma_pingpong,8,10,12,25,0,2,3,2248,112.400000,0
rma_pingpong,8,10,12,26,0,2,2,2132,106.600000,0
rma_pingpong,8,10,12,27,0,2,1,2132,106.600000,0
rma_pingpong,8,10,12,28,0,2,0,2050,102.500000,0
rma_pingpong,8,10,12,29,0,2,1,2050,102.500000,0
rma_pingpong,8,10,12,30,0,2,2,2169,108.450000,0
rma_pingpong,8,10,12,31,0,2,3,2169,108.450000,0
rma_pingpong,8,10,12,32,0,3,4,2309,115.450000,0
rma_pingpong,8,10,12,33,0,3,3,2305,115.250000,0
rma_pingpong,8,10,12,34,0,3,2,2248,112.400000,0
rma_pingpong,8,10,12,35,0,3,1,2248,112.400000,0
rma_pingpong,8,10,12,36,0,3,0,2169,108.450000,0
rma_pingpong,8,10,12,37,0,3,1,2163,108.150000,0
rma_pingpong,8,10,12,38,0,3,2,2248,112.400000,0
rma_pingpong,8,10,12,39,0,3,3,2248,112.400000,0
rma_pingpong,8,10,12,40,0,4,4,2305,115.250000,0
rma_pingpong,8,10,12,41,0,4,3,2305,115.250000,0
rma_pingpong,8,10,12,42,0,4,2,2248,112.400000,0
rma_pingpong,8,10,12,43,0,4,1,2248,112.400000,0
rma_pingpong,8,10,12,44,0,4,0,2169,108.450000,0
rma_pingpong,8,10,12,45,0,4,1,2163,108.150000,0
rma_pingpong,8,10,12,46,0,4,2,2248,112.400000,0
rma_pingpong,8,10,12,47,0,4,3,2248,112.400000,0
rma_pingpong,8,10,12,48,0,5,4,2390,119.500000,0
rma_pingpong,8,10,12,49,0,5,3,2388,119.400000,0
rma_pingpong,8,10,12,50,0,5,2,2309,115.450000,0
rma_pingpong,8,10,12,51,0,5,1,2305,115.250000,0
rma_pingpong,8,10,12,52,0,5,0,2248,112.400000,0
rma_pingpong,8,10,12,53,0,5,1,2248,112.400000,0
rma_pingpong,8,10,12,54,0,5,2,2305,115.250000,0
rma_pingpong,8,10,12,55,0,5,3,2305,115.250000,0
rma_pingpong,8,10,12,56,0,6,4,2390,119.500000,0
rma_pingpong,8,10,12,57,0,6,3,2388,119.400000,0
rma_pingpong,8,10,12,58,0,6,2,2309,115.450000,0
rma_pingpong,8,10,12,59,0,6,1,2305,115.250000,0
rma_pingpong,8,10,12,60,0,6,0,2248,112.400000,0
rma_pingpong,8,10,12,61,0,6,1,2248,112.400000,0
rma_pingpong,8,10,12,62,0,6,2,2305,115.250000,0
rma_pingpong,8,10,12,63,0,6,3,2305,115.250000,0
rma_pingpong,8,10,13,0,0,1,5,2132,106.600000,0
rma_pingpong,8,10,13,1,0,1,4,2132,106.600000,0
rma_pingpong,8,10,13,2,0,1,3,2050,102.500000,0
rma_pingpong,8,10,13,3,0,1,2,2050,102.500000,0
rma_pingpong,8,10,13,4,1,1,1,1968,98.400000,0
rma_pingpong,8,10,13,5,1,1,0,1968,98.400000,0
rma_pingpong,8,10,13,6,0,1,1,2050,102.500000,0
rma_pingpong,8,10,13,7,0,1,2,2050,102.500000,0
rma_pingpong,8,10,13,8,0,0,5,2132,106.600000,0
rma_pingpong,8,10,13,9,0,0,4,2132,106.600000,0
rma_pingpong,8,10,13,10,0,0,3,2050,102.500000,0
rma_pingpong,8,10,13,11,0,0,2,2050,102.500000,0
rma_pingpong,8,10,13,12,1,0,1,1968,98.400000,0
rma_pingpong,8,10,13,14,0,0,1,2050,102.500000,0
rma_pingpong,8,10,13,15,0,0,2,2050,102.500000,0
rma_pingpong,8,10,13,16,0,1,5,2248,112.400000,0
rma_pingpong,8,10,13,17,0,1,4,2248,112.400000,0
rma_pingpong,8,10,13,18,0,1,3,2118,105.900000,0
rma_pingpong,8,10,13,19,0,1,2,2118,105.900000,0
rma_pingpong,8,10,13,20,0,1,1,2050,102.500000,0
rma_pingpong,8,10,13,21,0,1,0,2050,102.500000,0
rma_pingpong,8,10,13,22,0,1,1,2169,108.450000,0
rma_pingpong,8,10,13,23,0,1,2,2163,108.150000,0
rma_pingpong,8,10,13,24,0,2,5,2248,112.400000,0
rma_pingpong,8,10,13,25,0,2,4,2248,112.400000,0
rma_pingpong,8,10,13,26,0,2,3,2118,105.900000,0
rma_pingpong,8,10,13,27,0,2,2,2118,105.900000,0
rma_pingpong,8,10,13,28,0,2,1,2050,102.500000,0
rma_pingpong,8,10,13,29,0,2,0,2050,102.500000,0
rma_pingpong,8,10,13,30,0,2,1,2169,108.450000,0
rma_pingpong,8,10,13,31,0,2,2,2163,108.150000,0
rma_pingpong,8,10,13,32,0,3,5,2309,115.450000,0
rma_pingpong,8,10,13,33,0,3,4,2305,115.250000,0
rma_pingpong,8,10,13,34,0,3,3,2248,112.400000,0
rma_pingpong,8,10,13,35,0,3,2,2248,112.400000,0
rma_pingpong,8,10,13,36,0,3,1,2163,108.150000,0
rma_pingpong,8,10,13,37,0,3,0,2169,108.450000,0
rma_pingpong,8,10,13,38,0,3,1,2248,112.400000,0
rma_pingpong,8,10,13,39,0,3,2,2248,112.400000,0
rma_pingpong,8,10,13,40,0,4,5,2309,115.450000,0
rma_pingpong,8,10,13,41,0,4,4,2305,115.250000,0
rma_pingpong,8,10,13,42,0,4,3,2248,112.400000,0
rma_pingpong,8,10,13,43,0,4,2,2248,112.400000,0
rma_pingpong,8,10,13,44,0,4,1,2163,108.150000,0
rma_pingpong,8,10,13,45,0,4,0,2169,108.450000,0
rma_pingpong,8,10,13,46,0,4,1,2248,112.400000,0
rma_pingpong,8,10,13,47,0,4,2,2248,112.400000,0
rma_pingpong,8,10,13,48,0,5,5,2390,119.500000,0
rma_pingpong,8,10,13,49,0,5,4,2388,119.400000,0
rma_pingpong,8,10,13,50,0,5,3,2305,115.250000,0
rma_pingpong,8,10,13,51,0,5,2,2305,115.250000,0
rma_pingpong,8,10,13,52,0,5,1,2248,112.400000,0
rma_pingpong,8,10,13,53,0,5,0,2248,112.400000,0
rma_pingpong,8,10,13,54,0,5,1,2305,115.250000,0
rma_pingpong,8,10,13,55,0,5,2,2305,115.250000,0
rma_pingpong,8,10,13,56,0,6,5,2390,119.500000,0
rma_pingpong,8,10,13,57,0,6,4,2388,119.400000,0
rma_pingpong,8,10,13,58,0,6,3,2305,115.250000,0
rma_pingpong,8,10,13,59,0,6,2,2305,115.250000,0
rma_pingpong,8,10,13,60,0,6,1,2248,112.400000,0
rma_pingpong,8,10,13,61,0,6,0,2248,112.400000,0
rma_pingpong,8,10,13,62,0,6,1,2305,115.250000,0
rma_pingpong,8,10,13,63,0,6,2,2305,115.250000,0
rma_pingpong,8,10,14,0,0,1,6,2249,112.450000,0
rma_pingpong,8,10,14,1,0,1,5,2249,112.450000,0
rma_pingpong,8,10,14,2,0,1,4,2132,106.600000,0
rma_pingpong,8,10,14,3,0,1,3,2132,106.600000,0
rma_pingpong,8,10,14,4,0,1,2,2050,102.500000,0
rma_pingpong,8,10,14,5,0,1,1,2050,102.500000,0
rma_pingpong,8,10,14,6,1,1,0,1968,98.400000,0
rma_pingpong,8,10,14,7,1,1,1,1968,98.400000,0
rma_pingpong,8,10,14,8,0,0,6,2249,112.450000,0
rma_pingpong,8,10,14,9,0,0,5,2248,112.400000,0
rma_pingpong,8,10,14,10,0,0,4,2132,106.600000,0
rma_pingpong,8,10,14,11,0,0,3,2132,106.600000,0
rma_pingpong,8,10,14,12,0,0,2,2050,102.500000,0
rma_pingpong,8,10,14,13,0,0,1,2050,102.500000,0
rma_pingpong,8,10,14,15,1,0,1,1968,98.400000,0
rma_pingpong,8,10,14,16,0,1,6,2305,115.250000,0
rma_pingpong,8,10,14,17,0,1,5,2305,115.250000,0
rma_pingpong,8,10,14,18,0,1,4,2249,112.450000,0
rma_pingpong,8,10,14,19,0,1,3,2249,112.450000,0
rma_pingpong,8,10,14,20,0,1,2,2118,105.900000,0
rma_pingpong,8,10,14,21,0,1,1,2132,106.600000,0
rma_pingpong,8,10,14,22,0,1,0,2108,105.400000,0
rma_pingpong,8,10,14,23,0,1,1,2108,105.400000,0
rma_pingpong,8,10,14,24,0,2,6,2305,115.250000,0
rma_pingpong,8,10,14,25,0,2,5,2305,115.250000,0
rma_pingpong,8,10,14,26,0,2,4,2249,112.450000,0
rma_pingpong,8,10,14,27,0,2,3,2249,112.450000,0
rma_pingpong,8,10,14,28,0,2,2,2132,106.600000,0
rma_pingpong,8,10,14,29,0,2,1,2132,106.600000,0
rma_pingpong,8,10,14,30,0,2,0,2049,102.450000,0
rma_pingpong,8,10,14,31,0,2,1,2108,105.400000,0
rma_pingpong,8,10,14,32,0,3,6,2388,119.400000,0
rma_pingpong,8,10,14,33,0,3,5,2390,119.500000,0
rma_pingpong,8,10,14,34,0,3,4,2305,115.250000,0
rma_pingpong,8,10,14,35,0,3,3,2305,115.250000,0
rma_pingpong,8,10,14,36,0,3,2,2248,112.400000,0
rma_pingpong,8,10,14,37,0,3,1,2248,112.400000,0
rma_pingpong,8,10,14,38,0,3,0,2169,108.450000,0
rma_pingpong,8,10,14,39,0,3,1,2163,108.150000,0
rma_pingpong,8,10,14,40,0,4,6,2388,119.400000,0
rma_pingpong,8,10,14,41,0,4,5,2390,119.500000,0
rma_pingpong,8,10,14,42,0,4,4,2305,115.250000,0
rma_pingpong,8,10,14,43,0,4,3,2305,115.250000,0
rma_pingpong,8,10,14,44,0,4,2,2248,112.400000,0
rma_pingpong,8,10,14,45,0,4,1,2248,112.400000,0
rma_pingpong,8,10,14,46,0,4,0,2169,108.450000,0
rma_pingpong,8,10,14,47,0,4,1,2163,108.150000,0
rma_pingpong,8,10,14,48,0,5,6,2468,123.400000,0
rma_pingpong,8,10,14,49,0,5,5,2468,123.400000,0
rma_pingpong,8,10,14,50,0,5,4,2388,119.400000,0
rma_pingpong,8,10,14,51,0,5,3,2388,119.400000,0
rma_pingpong,8,10,14,52,0,5,2,2305,115.250000,0
rma_pingpong,8,10,14,53,0,5,1,2309,115.450000,0
rma_pingpong,8,10,14,54,0,5,0,2248,112.400000,0
rma_pingpong,8,10,14,55,0,5,1,2248,112.400000,0
rma_pingpong,8,10,14,56,0,6,6,2468,123.400000,0
rma_pingpong,8,10,14,57,0,6,5,2468,123.400000,0
rma_pingpong,8,10,14,58,0,6,4,2388,119.400000,0
rma_pingpong,8,10,14,59,0,6,3,2388,119.400000,0
rma_pingpong,8,10,14,60,0,6,2,2305,115.250000,0
rma_pingpong,8,10,14,61,0,6,1,2309,115.450000,0
rma_pingpong,8,10,14,62,0,6,0,2248,112.400000,0
rma_pingpong,8,10,14,63,0,6,1,2248,112.400000,0
rma_pingpong,8,10,15,0,0,1,7,2249,112.450000,0
rma_pingpong,8,10,15,1,0,1,6,2249,112.450000,0
rma_pingpong,8,10,15,2,0,1,5,2132,106.600000,0
rma_pingpong,8,10,15,3,0,1,4,2132,106.600000,0
rma_pingpong,8,10,15,4,0,1,3,2050,102.500000,0
rma_pingpong,8,10,15,5,0,1,2,2050,102.500000,0
rma_pingpong,8,10,15,6,1,1,1,1968,98.400000,0
rma_pingpong,8,10,15,7,1,1,0,1968,98.400000,0
rma_pingpong,8,10,15,8,0,0,7,2249,112.450000,0
rma_pingpong,8,10,15,9,0,0,6,2248,112.400000,0
rma_pingpong,8,10,15,10,0,0,5,2132,106.600000,0
rma_pingpong,8,10,15,11,0,0,4,2132,106.600000,0
rma_pingpong,8,10,15,12,0,0,3,2050,102.500000,0
rma_pingpong,8,10,15,13,0,0,2,2050,102.500000,0
rma_pingpong,8,10,15,14,1,0,1,1968,98.400000,0
rma_pingpong,8,10,15,16,0,1,7,2305,115.250000,0
rma_pingpong,8,10,15,17,0,1,6,2305,115.250000,0
rma_pingpong,8,10,15,18,0,1,5,2249,112.450000,0
rma_pingpong,8,10,15,19,0,1,4,2249,112.450000,0
rma_pingpong,8,10,15,20,0,1,3,2118,105.900000,0
rma_pingpong,8,10,15,21,0,1,2,2118,105.900000,0
rma_pingpong,8,10,15,22,0,1,1,2108,105.400000,0
rma_pingpong,8,10,15,23,0,1,0,2108,105.400000,0
rma_pingpong,8,10,15,24,0,2,7,2305,115.250000,0
rma_pingpong,8,10,15,25,0,2,6,2305,115.250000,0
rma_pingpong,8,10,15,26,0,2,5,2249,112.450000,0
rma_pingpong,8,10,15,27,0,2,4,2249,112.450000,0
rma_pingpong,8,10,15,28,0,2,3,2118,105.900000,0
rma_pingpong,8,10,15,29,0,2,2,2118,105.900000,0
rma_pingpong,8,10,15,30,0,2,1,2108,105.400000,0
rma_pingpong,8,10,15,31,0,2,0,2108,105.400000,0
rma_pingpong,8,10,15,32,0,3,7,2388,119.400000,0
rma_pingpong,8,10,15,33,0,3,6,2390,119.500000,0
rma_pingpong,8,10,15,34,0,3,5,2305,115.250000,0
rma_pingpong,8,10,15,35,0,3,4,2305,115.250000,0
rma_pingpong,8,10,15,36,0,3,3,2248,112.400000,0
rma_pingpong,8,10,15,37,0,3,2,2248,112.400000,0
rma_pingpong,8,10,15,38,0,3,1,2163,108.150000,0
rma_pingpong,8,10,15,39,0,3,0,2169,108.450000,0
rma_pingpong,8,10,15,40,0,4,7,2388,119.400000,0
rma_pingpong,8,10,15,41,0,4,6,2390,119.500000,0
rma_pingpong,8,10,15,42,0,4,5,2305,115.250000,0
rma_pingpong,8,10,15,43,0,4,4,2305,115.250000,0
rma_pingpong,8,10,15,44,0,4,3,2248,112.400000,0
rma_pingpong,8,10,15,45,0,4,2,2248,112.400000,0
rma_pingpong,8,10,15,46,0,4,1,2163,108.150000,0
rma_pingpong,8,10,15,47,0,4,0,2169,108.450000,0
rma_pingpong,8,10,15,48,0,5,7,2468,123.400000,0
rma_pingpong,8,10,15,49,0,5,6,2468,123.400000,0
rma_pingpong,8,10,15,50,0,5,5,2388,119.400000,0
rma_pingpong,8,10,15,51,0,5,4,2388,119.400000,0
rma_pingpong,8,10,15,52,0,5,3,2309,115.450000,0
rma_pingpong,8,10,15,53,0,5,2,2309,115.450000,0
rma_pingpong,8,10,15,54,0,5,1,2248,112.400000,0
rma_pingpong,8,10,15,55,0,5,0,2248,112.400000,0
rma_pingpong,8,10,15,56,0,6,7,2468,123.400000,0
rma_pingpong,8,10,15,57,0,6,6,2468,123.400000,0
rma_pingpong,8,10,15,58,0,6,5,2388,119.400000,0
rma_pingpong,8,10,15,59,0,6,4,2388,119.400000,0
rma_pingpong,8,10,15,60,0,6,3,2309,115.450000,0
rma_pingpong,8,10,15,61,0,6,2,2309,115.450000,0
rma_pingpong,8,10,15,62,0,6,1,2248,112.400000,0
rma_pingpong,8,10,15,63,0,6,0,2248,112.400000,0
rma_pingpong,8,10,16,0,0,2,0,2049,102.450000,0
rma_pingpong,8,10,16,1,0,2,1,2108,105.400000,0
rma_pingpong,8,10,16,2,0,2,2,2165,108.250000,0
rma_pingpong,8,10,16,3,0,2,3,2165,108.250000,0
rma_pingpong,8,10,16,4,0,2,4,2248,112.400000,0
rma_pingpong,8,10,16,5,0,2,5,2248,112.400000,0
rma_pingpong,8,10,16,6,0,2,6,2309,115.450000,0
rma_pingpong,8,10,16,7,0,2,7,2309,115.450000,0
rma_pingpong,8,10,16,8,0,1,0,2108,105.400000,0
rma_pingpong,8,10,16,9,0,1,1,2049,102.450000,0
rma_pingpong,8,10,16,10,0,1,2,2169,108.450000,0
rma_pingpong,8,10,16,11,0,1,3,2163,108.150000,0
rma_pingpong,8,10,16,12,0,1,4,2248,112.400000,0
rma_pingpong,8,10,16,13,0,1,5,2248,112.400000,0
rma_pingpong,8,10,16,14,0,1,6,2305,115.250000,0
rma_pingpong,8,10,16,15,0,1,7,2305,115.250000,0
rma_pingpong,8,10,16,17,1,0,1,1968,98.400000,0
rma_pingpong,8,10,16,18,0,0,2,2108,105.400000,0
rma_pingpong,8,10,16,19,0,0,3,2108,105.400000,0
rma_pingpong,8,10,16,20,0,0,4,2163,108.150000,0
rma_pingpong,8,10,16,21,0,0,5,2165,108.250000,0
rma_pingpong,8,10,16,22,0,0,6,2249,112.450000,0
rma_pingpong,8,10,16,23,0,0,7,2248,112.400000,0
rma_pingpong,8,10,16,24,1,1,0,1968,98.400000,0
rma_pingpong,8,10,16,25,1,1,1,1968,98.400000,0
rma_pingpong,8,10,16,26,0,1,2,2108,105.400000,0
rma_pingpong,8,10,16,27,0,1,3,2108,105.400000,0
rma_pingpong,8,10,16,28,0,1,4,2165,108.250000,0
rma_pingpong,8,10,16,29,0,1,5,2163,108.150000,0
rma_pingpong,8,10,16,30,0,1,6,2248,112.400000,0
rma_pingpong,8,10,16,31,0,1,7,2189,109.450000,0
rma_pingpong,8,10,16,32,0,2,0,2050,102.500000,0
rma_pingpong,8,10,16,33,0,2,1,2050,102.500000,0
rma_pingpong,8,10,16,34,0,2,2,2132,106.600000,0
rma_pingpong,8,10,16,35,0,2,3,2132,106.600000,0
rma_pingpong,8,10,16,36,0,2,4,2248,112.400000,0
rma_pingpong,8,10,16,37,0,2,5,2248,112.400000,0
rma_pingpong,8,10,16,38,0,2,6,2280,114.000000,0
rma_pingpong,8,10,16,39,0,2,7,2280,114.000000,0
rma_pingpong,8,10,16,40,0,3,0,2050,102.500000,0
rma_pingpong,8,10,16,41,0,3,1,2050,102.500000,0
rma_pingpong,8,10,16,42,0,3,2,2132,106.600000,0
rma_pingpong,8,10,16,43,0,3,3,2132,106.600000,0
rma_pingpong,8,10,16,44,0,3,4,2248,112.400000,0
rma_pingpong,8,10,16,45,0,3,5,2248,112.400000,0
rma_pingpong,8,10,16,46,0,3,6,2280,114.000000,0
rma_pingpong,8,10,16,47,0,3,7,2280,114.000000,0
rma_pingpong,8,10,16,48,0,4,0,2132,106.600000,0
rma_pingpong,8,10,16,49,0,4,1,2118,105.900000,0
rma_pingpong,8,10,16,50,0,4,2,2249,112.450000,0
rma_pingpong,8,10,16,51,0,4,3,2248,112.400000,0
rma_pingpong,8,10,16,52,0,4,4,2280,114.000000,0
rma_pingpong,8,10,16,53,0,4,5,2280,114.000000,0
rma_pingpong,8,10,16,54,0,4,6,2388,119.400000,0
rma_pingpong,8,10,16,55,0,4,7,2388,119.400000,0
rma_pingpong,8,10,16,56,0,5,0,2118,105.900000,0
rma_pingpong,8,10,16,57,0,5,1,2132,106.600000,0
rma_pingpong,8,10,16,58,0,5,2,2248,112.400000,0
rma_pingpong,8,10,16,59,0,5,3,2248,112.400000,0
rma_pingpong,8,10,16,60,0,5,4,2280,114.000000,0
rma_pingpong,8,10,16,61,0,5,5,2280,114.000000,0
rma_pingpong,8,10,16,62,0,5,6,2388,119.400000,0
rma_pingpong,8,10,16,63,0,5,7,2388,119.400000,0
rma_pingpong,8,10,17,0,0,2,1,2108,105.400000,0
rma_pingpong,8,10,17,1,0,2,0,2049,102.450000,0
rma_pingpong,8,10,17,2,0,2,1,2169,108.450000,0
rma_pingpong,8,10,17,3,0,2,2,2169,108.450000,0
rma_pingpong,8,10,17,4,0,2,3,2248,112.400000,0
rma_pingpong,8,10,17,5,0,2,4,2248,112.400000,0
rma_pingpong,8,10,17,6,0,2,5,2305,115.250000,0
rma_pingpong,8,10,17,7,0,2,6,2305,115.250000,0
rma_pingpong,8,10,17,8,0,1,1,2049,102.450000,0
rma_pingpong,8,10,17,9,0,1,0,2108,105.400000,0
rma_pingpong,8,10,17,10,0,1,1,2169,108.450000,0
rma_pingpong,8,10,17,11,0,1,2,2165,108.250000,0
rma_pingpong,8,10,17,12,0,1,3,2248,112.400000,0
rma_pingpong,8,10,17,13,0,1,4,2248,112.400000,0
rma_pingpong,8,10,17,14,0,1,5,2305,115.250000,0
rma_pingpong,8,10,17,15,0,1,6,2305,115.250000,0
rma_pingpong,8,10,17,16,1,0,1,1968,98.400000,0
rma_pingpong,8,10,17,18,0,0,1,2049,102.450000,0
rma_pingpong,8,10,17,19,0,0,2,2108,105.400000,0
rma_pingpong,8,10,17,20,0,0,3,2163,108.150000,0
rma_pingpong,8,10,17,21,0,0,4,2169,108.450000,0
rma_pingpong,8,10,17,22,0,0,5,2249,112.450000,0
rma_pingpong,8,10,17,23,0,0,6,2249,112.450000,0
rma_pingpong,8,10,17,24,1,1,1,1968,98.400000,0
rma_pingpong,8,10,17,25,1,1,0,1968,98.400000,0
rma_pingpong,8,10,17,26,0,1,1,2108,105.400000,0
rma_pingpong,8,10,17,27,0,1,2,2108,105.400000,0
rma_pingpong,8,10,17,28,0,1,3,2169,108.450000,0
rma_pingpong,8,10,17,29,0,1,4,2169,108.450000,0
rma_pingpong,8,10,17,30,0,1,5,2249,112.450000,0
rma_pingpong,8,10,17,31,0,1,6,2249,112.450000,0
rma_pingpong,8,10,17,32,0,2,1,2050,102.500000,0
rma_pingpong,8,10,17,33,0,2,0,2050,102.500000,0
rma_pingpong,8,10,17,34,0,2,1,2132,106.600000,0
rma_pingpong,8,10,17,35,0,2,2,2132,106.600000,0
rma_pingpong,8,10,17,36,0,2,3,2249,112.450000,0
rma_pingpong,8,10,17,37,0,2,4,2249,112.450000,0
rma_pingpong,8,10,17,38,0,2,5,2280,114.000000,0
rma_pingpong,8,10,17,39,0,2,6,2280,114.000000,0
rma_pingpong,8,10,17,40,0,3,1,2050,102.500000,0
rma_pingpong,8,10,17,41,0,3,0,2050,102.500000,0
rma_pingpong,8,10,17,42,0,3,1,2132,106.600000,0
rma_pingpong,8,10,17,43,0,3,2,2132,106.600000,0
rma_pingpong,8,10,17,44,0,3,3,2249,112.450000,0
rma_pingpong,8,10,17,45,0,3,4,2249,112.450000,0
rma_pingpong,8,10,17,46,0,3,5,2280,114.000000,0
rma_pingpong,8,10,17,47,0,3,6,2280,114.000000,0
rma_pingpong,8,10,17,48,0,4,1,2132,106.600000,0
rma_pingpong,8,10,17,49,0,4,0,2132,106.600000,0
rma_pingpong,8,10,17,50,0,4,1,2249,112.450000,0
rma_pingpong,8,10,17,51,0,4,2,2249,112.450000,0
rma_pingpong,8,10,17,52,0,4,3,2280,114.000000,0
rma_pingpong,8,10,17,53,0,4,4,2280,114.000000,0
rma_pingpong,8,10,17,54,0,4,5,2388,119.400000,0
rma_pingpong,8,10,17,55,0,4,6,2388,119.400000,0
rma_pingpong,8,10,17,56,0,5,1,2132,106.600000,0
rma_pingpong,8,10,17,57,0,5,0,2132,106.600000,0
rma_pingpong,8,10,17,58,0,5,1,2249,112.450000,0
rma_pingpong,8,10,17,59,0,5,2,2249,112.450000,0
rma_pingpong,8,10,17,60,0,5,3,2280,114.000000,0
rma_pingpong,8,10,17,61,0,5,4,2280,114.000000,0
rma_pingpong,8,10,17,62,0,5,5,2388,119.400000,0
rma_pingpong,8,10,17,63,0,5,6,2388,119.400000,0
rma_pingpong,8,10,18,0,0,2,2,2132,106.600000,0
rma_pingpong,8,10,18,1,0,2,1,2132,106.600000,0
rma_pingpong,8,10,18,2,0,2,0,2050,102.500000,0
rma_pingpong,8,10,18,3,0,2,1,2050,102.500000,0
rma_pingpong,8,10,18,4,0,2,2,2132,106.600000,0
rma_pingpong,8,10,18,5,0,2,3,2132,106.600000,0
rma_pingpong,8,10,18,6,0,2,4,2249,112.450000,0
rma_pingpong,8,10,18,7,0,2,5,2249,112.450000,0
rma_pingpong,8,10,18,8,0,1,2,2132,106.600000,0
rma_pingpong,8,10,18,9,0,1,1,2132,106.600000,0
rma_pingpong,8,10,18,10,0,1,0,2050,102.500000,0
rma_pingpong,8,10,18,11,0,1,1,2050,102.500000,0
rma_pingpong,8,10,18,12,0,1,2,2132,106.600000,0
rma_pingpong,8,10,18,13,0,1,3,2132,106.600000,0
rma_pingpong,8,10,18,14,0,1,4,2249,112.450000,0
rma_pingpong,8,10,18,15,0,1,5,2249,112.450000,0
rma_pingpong,8,10,18,16,0,0,2,2049,102.450000,0
rma_pingpong,8,10,18,17,0,0,1,2108,105.400000,0
rma_pingpong,8,10,18,19,1,0,1,1968,98.400000,0
rma_pingpong,8,10,18,20,0,0,2,2050,102.500000,0
rma_pingpong,8,10,18,21,0,0,3,2050,102.500000,0
rma_pingpong,8,10,18,22,0,0,4,2169,108.450000,0
rma_pingpong,8,10,18,23,0,0,5,2169,108.450000,0
rma_pingpong,8,10,18,24,0,1,2,2049,102.450000,0
rma_pingpong,8,10,18,25,0,1,1,2108,105.400000,0
rma_pingpong,8,10,18,26,1,1,0,1968,98.400000,0
rma_pingpong,8,10,18,27,1,1,1,1968,98.400000,0
rma_pingpong,8,10,18,28,0,1,2,2050,102.500000,0
rma_pingpong,8,10,18,29,0,1,3,2049,102.450000,0
rma_pingpong,8,10,18,30,0,1,4,2169,108.450000,0
rma_pingpong,8,10,18,31,0,1,5,2169,108.450000,0
rma_pingpong,8,10,18,32,0,2,2,2169,108.450000,0
rma_pingpong,8,10,18,33,0,2,1,2163,108.150000,0
rma_pingpong,8,10,18,34,0,2,0,2049,102.450000,0
rma_pingpong,8,10,18,35,0,2,1,2108,105.400000,0
rma_pingpong,8,10,18,36,0,2,2,2169,108.450000,0
rma_pingpong,8,10,18,37,0,2,3,2169,108.450000,0
rma_pingpong,8,10,18,38,0,2,4,2248,112.400000,0
rma_pingpong,8,10,18,39,0,2,5,2248,112.400000,0
rma_pingpong,8,10,18,40,0,3,2,2169,108.450000,0
rma_pingpong,8,10,18,41,0,3,1,2163,108.150000,0
rma_pingpong,8,10,18,42,0,3,0,2049,102.450000,0
rma_pingpong,8,10,18,43,0,3,1,2108,105.400000,0
rma_pingpong,8,10,18,44,0,3,2,2169,108.450000,0
rma_pingpong,8,10,18,45,0,3,3,2169,108.450000,0
rma_pingpong,8,10,18,46,0,3,4,2248,112.400000,0
rma_pingpong,8,10,18,47,0,3,5,2248,112.400000,0
rma_pingpong,8,10,18,48,0,4,2,2248,112.400000,0
rma_pingpong,8,10,18,49,0,4,1,2248,112.400000,0
rma_pingpong,8,10,18,50,0,4,0,2169,108.450000,0
rma_pingpong,8,10,18,51,0,4,1,2163,108.150000,0
rma_pingpong,8,10,18,52,0,4,2,2248,112.400000,0
rma_pingpong,8,10,18,53,0,4,3,2248,112.400000,0
rma_pingpong,8,10,18,54,0,4,4,2305,115.250000,0
rma_pingpong,8,10,18,55,0,4,5,2305,115.250000,0
rma_pingpong,8,10,18,56,0,5,2,2248,112.400000,0
rma_pingpong,8,10,18,57,0,5,1,2248,112.400000,0
rma_pingpong,8,10,18,58,0,5,0,2169,108.450000,0
rma_pingpong,8,10,18,59,0,5,1,2163,108.150000,0
rma_pingpong,8,10,18,60,0,5,2,2248,112.400000,0
rma_pingpong,8,10,18,61,0,5,3,2248,112.400000,0
rma_pingpong,8,10,18,62,0,5,4,2305,115.250000,0
rma_pingpong,8,10,18,63,0,5,5,2305,115.250000,0
rma_pingpong,8,10,19,0,0,2,3,2132,106.600000,0
rma_pingpong,8,10,19,1,0,2,2,2132,106.600000,0
rma_pingpong,8,10,19,2,0,2,1,2050,102.500000,0
rma_pingpong,8,10,19,3,0,2,0,2050,102.500000,0
rma_pingpong,8,10,19,4,0,2,1,2132,106.600000,0
rma_pingpong,8,10,19,5,0,2,2,2132,106.600000,0
rma_pingpong,8,10,19,6,0,2,3,2249,112.450000,0
rma_pingpong,8,10,19,7,0,2,4,2249,112.450000,0
rma_pingpong,8,10,19,8,0,1,3,2132,106.600000,0
rma_pingpong,8,10,19,9,0,1,2,2132,106.600000,0
rma_pingpong,8,10,19,10,0,1,1,2050,102.500000,0
rma_pingpong,8,10,19,11,0,1,0,2050,102.500000,0
rma_pingpong,8,10,19,12,0,1,1,2132,106.600000,0
rma_pingpong,8,10,19,13,0,1,2,2132,106.600000,0
rma_pingpong,8,10,19,14,0,1,3,2249,112.450000,0
rma_pingpong,8,10,19,15,0,1,4,2249,112.450000,0
rma_pingpong,8,10,19,16,0,0,3,2049,102.450000,0
rma_pingpong,8,10,19,17,0,0,2,2108,105.400000,0
rma_pingpong,8,10,19,18,1,0,1,1968,98.400000,0
rma_pingpong,8,10,19,20,0,0,1,2050,102.500000,0
rma_pingpong,8,10,19,21,0,0,2,2050,102.500000,0
rma_pingpong,8,10,19,22,0,0,3,2169,108.450000,0
rma_pingpong,8,10,19,23,0,0,4,2169,108.450000,0
rma_pingpong,8,10,19,24,0,1,3,2108,105.400000,0
rma_pingpong,8,10,19,25,0,1,2,2108,105.400000,0
rma_pingpong,8,10,19,26,1,1,1,1968,98.400000,0
rma_pingpong,8,10,19,27,1,1,0,1968,98.400000,0
rma_pingpong,8,10,19,28,0,1,1,2050,102.500000,0
rma_pingpong,8,10,19,29,0,1,2,2050,102.500000,0
rma_pingpong,8,10,19,30,0,1,3,2163,108.150000,0
rma_pingpong,8,10,19,31,0,1,4,2169,108.450000,0
rma_pingpong,8,10,19,32,0,2,3,2169,108.450000,0
rma_pingpong,8,10,19,33,0,2,2,2163,108.150000,0
rma_pingpong,8,10,19,34,0,2,1,2049,102.450000,0
rma_pingpong,8,10,19,35,0,2,0,2108,105.400000,0
rma_pingpong,8,10,19,36,0,2,1,2163,108.150000,0
rma_pingpong,8,10,19,37,0,2,2,2169,108.450000,0
rma_pingpong,8,10,19,38,0,2,3,2248,112.400000,0
rma_pingpong,8,10,19,39,0,2,4,2248,112.400000,0
rma_pingpong,8,10,19,40,0,3,3,2169,108.450000,0
rma_pingpong,8,10,19,41,0,3,2,2163,108.150000,0
rma_pingpong,8,10,19,42,0,3,1,2049,102.450000,0
rma_pingpong,8,10,19,43,0,3,0,2108,105.400000,0
rma_pingpong,8,10,19,44,0,3,1,2163,108.150000,0
rma_pingpong,8,10,19,45,0,3,2,2169,108.450000,0
rma_pingpong,8,10,19,46,0,3,3,2248,112.400000,0
rma_pingpong,8,10,19,47,0,3,4,2248,112.400000,0
rma_pingpong,8,10,19,48,0,4,3,2248,112.400000,0
rma_pingpong,8,10,19,49,0,4,2,2248,112.400000,0
rma_pingpong,8,10,19,50,0,4,1,2169,108.450000,0
rma_pingpong,8,10,19,51,0,4,0,2169,108.450000,0
rma_pingpong,8,10,19,52,0,4,1,2248,112.400000,0
rma_pingpong,8,10,19,53,0,4,2,2248,112.400000,0
rma_pingpong,8,10,19,54,0,4,3,2305,115.250000,0
rma_pingpong,8,10,19,55,0,4,4,2305,115.250000,0
rma_pingpong,8,10,19,56,0,5,3,2248,112.400000,0
rma_pingpong,8,10,19,57,0,5,2,2248,112.400000,0
rma_pingpong,8,10,19,58,0,5,1,2169,108.450000,0
rma_pingpong,8,10,19,59,0,5,0,2169,108.450000,0
rma_pingpong,8,10,19,60,0,5,1,2248,112.400000,0
rma_pingpong,8,10,19,61,0,5,2,2248,112.400000,0
rma_pingpong,8,10,19,62,0,5,3,2305,115.250000,0
rma_pingpong,8,10,19,63,0,5,4,2305,115.250000,0
rma_pingpong,8,10,20,0,0,2,4,2249,112.450000,0
rma_pingpong,8,10,20,1,0,2,3,2249,112.450000,0
rma_pingpong,8,10,20,2,0,2,2,2132,106.600000,0
rma_pingpong,8,10,20,3,0,2,1,2132,106.600000,0
rma_pingpong,8,10,20,4,0,2,0,2050,102.500000,0
rma_pingpong,8,10,20,5,0,2,1,2050,102.500000,0
rma_pingpong,8,10,20,6,0,2,2,2132,106.600000,0
rma_pingpong,8,10,20,7,0,2,3,2132,106.600000,0
rma_pingpong,8,10,20,8,0,1,4,2249,112.450000,0
rma_pingpong,8,10,20,9,0,1,3,2248,112.400000,0
rma_pingpong,8,10,20,10,0,1,2,2132,106.600000,0
rma_pingpong,8,10,20,11,0,1,1,2132,106.600000,0
rma_pingpong,8,10,20,12,0,1,0,2050,102.500000,0
rma_pingpong,8,10,20,13,0,1,1,2050,102.500000,0
rma_pingpong,8,10,20,14,0,1,2,2132,106.600000,0
rma_pingpong,8,10,20,15,0,1,3,2132,106.600000,0
rma_pingpong,8,10,20,16,0,0,4,2163,108.150000,0
rma_pingpong,8,10,20,17,0,0,3,2169,108.450000,0
rma_pingpong,8,10,20,18,0,0,2,2050,102.500000,0
rma_pingpong,8,10,20,19,0,0,1,2050,102.500000,0
rma_pingpong,8,10,20,21,1,0,1,1968,98.400000,0
rma_pingpong,8,10,20,22,0,0,2,2108,105.400000,0
rma_pingpong,8,10,20,23,0,0,3,2049,102.450000,0
rma_pingpong,8,10,20,24,0,1,4,2165,108.250000,0
rma_pingpong,8,10,20,25,0,1,3,2169,108.450000,0
rma_pingpong,8,10,20,26,0,1,2,2050,102.500000,0
rma_pingpong,8,10,20,27,0,1,1,2050,102.500000,0
rma_pingpong,8,10,20,28,1,1,0,1968,98.400000,0
rma_pingpong,8,10,20,29,1,1,1,1968,98.400000,0
rma_pingpong,8,10,20,30,0,1,2,2049,102.450000,0
rma_pingpong,8,10,20,31,0,1,3,2049,102.450000,0
rma_pingpong,8,10,20,32,0,2,4,2248,112.400000,0
rma_pingpong,8,10,20,33,0,2,3,2248,112.400000,0
rma_pingpong,8,10,20,34,0,2,2,2165,108.250000,0
rma_pingpong,8,10,20,35,0,2,1,2163,108.150000,0
rma_pingpong,8,10,20,36,0,2,0,2049,102.450000,0
rma_pingpong,8,10,20,37,0,2,1,2108,105.400000,0
rma_pingpong,8,10,20,38,0,2,2,2169,108.450000,0
rma_pingpong,8,10,20,39,0,2,3,2169,108.450000,0
rma_pingpong,8,10,20,40,0,3,4,2248,112.400000,0
rma_pingpong,8,10,20,41,0,3,3,2248,112.400000,0
rma_pingpong,8,10,20,42,0,3,2,2165,108.250000,0
rma_pingpong,8,10,20,43,0,3,1,2163,108.150000,0
rma_pingpong,8,10,20,44,0,3,0,2049,102.450000,0
rma_pingpong,8,10,20,45,0,3,1,2108,105.400000,0
rma_pingpong,8,10,20,46,0,3,2,2169,108.450000,0
rma_pingpong,8,10,20,47,0,3,3,2169,108.450000,0
rma_pingpong,8,10,20,48,0,4,4,2305,115.250000,0
rma_pingpong,8,10,20,49,0,4,3,2305,115.250000,0
rma_pingpong,8,10,20,50,0,4,2,2248,112.400000,0
rma_pingpong,8,10,20,51,0,4,1,2248,112.400000,0
rma_pingpong,8,10,20,52,0,4,0,2169,108.450000,0
rma_pingpong,8,10,20,53,0,4,1,2163,108.150000,0
rma_pingpong,8,10,20,54,0,4,2,2248,112.400000,0
rma_pingpong,8,10,20,55,0,4,3,2248,112.400000,0
rma_pingpong,8,10,20,56,0,5,4,2309,115.450000,0
rma_pingpong,8,10,20,57,0,5,3,2305,115.250000,0
rma_pingpong,8,10,20,58,0,5,2,2248,112.400000,0
rma_pingpong,8,10,20,59,0,5,1,2248,112.400000,0
rma_pingpong,8,10,20,60,0,5,0,2169,108.450000,0
rma_pingpong,8,10,20,61,0,5,1,2163,108.150000,0
rma_pingpong,8,10,20,62,0,5,2,2248,112.400000,0
rma_pingpong,8,10,20,63,0,5,3,2248,112.400000,0
rma_pingpong,8,10,21,0,0,2,5,2249,112.450000,0
rma_pingpong,8,10,21,1,0,2,4,2249,112.450000,0
rma_pingpong,8,10,21,2,0,2,3,2132,106.600000,0
rma_pingpong,8,10,21,3,0,2,2,2132,106.600000,0
rma_pingpong,8,10,21,4,0,2,1,2050,102.500000,0
rma_pingpong,8,10,21,5,0,2,0,2050,102.500000,0
rma_pingpong,8,10,21,6,0,2,1,2132,106.600000,0
rma_pingpong,8,10,21,7,0,2,2,2132,106.600000,0
rma_pingpong,8,10,21,8,0,1,5,2249,112.450000,0
rma_pingpong,8,10,21,9,0,1,4,2248,112.400000,0
rma_pingpong,8,10,21,10,0,1,3,2132,106.600000,0
rma_pingpong,8,10,21,11,0,1,2,2132,106.600000,0
rma_pingpong,8,10,21,12,0,1,1,2050,102.500000,0
rma_pingpong,8,10,21,13,0,1,0,2050,102.500000,0
rma_pingpong,8,10,21,14,0,1,1,2132,106.600000,0
rma_pingpong,8,10,21,15,0,1,2,2132,106.600000,0
rma_pingpong,8,10,21,16,0,0,5,2163,108.150000,0
rma_pingpong,8,10,21,17,0,0,4,2169,108.450000,0
rma_pingpong,8,10,21,18,0,0,3,2050,102.500000,0
rma_pingpong,8,10,21,19,0,0,2,2050,102.500000,0
rma_pingpong,8,10,21,20,1,0,1,1968,98.400000,0
rma_pingpong,8,10,21,22,0,0,1,2049,102.450000,0
rma_pingpong,8,10,21,23,0,0,2,2049,102.450000,0
rma_pingpong,8,10,21,24,0,1,5,2169,108.450000,0
rma_pingpong,8,10,21,25,0,1,4,2163,108.150000,0
rma_pingpong,8,10,21,26,0,1,3,2050,102.500000,0
rma_pingpong,8,10,21,27,0,1,2,2050,102.500000,0
rma_pingpong,8,10,21,28,1,1,1,1968,98.400000,0
rma_pingpong,8,10,21,29,1,1,0,1968,98.400000,0
rma_pingpong,8,10,21,30,0,1,1,2049,102.450000,0
rma_pingpong,8,10,21,31,0,1,2,2049,102.450000,0
rma_pingpong,8,10,21,32,0,2,5,2248,112.400000,0
rma_pingpong,8,10,21,33,0,2,4,2248,112.400000,0
rma_pingpong,8,10,21,34,0,2,3,2169,108.450000,0
rma_pingpong,8,10,21,35,0,2,2,2163,108.150000,0
rma_pingpong,8,10,21,36,0,2,1,2049,102.450000,0
rma_pingpong,8,10,21,37,0,2,0,2108,105.400000,0
rma_pingpong,8,10,21,38,0,2,1,2163,108.150000,0
rma_pingpong,8,10,21,39,0,2,2,2169,108.450000,0
rma_pingpong,8,10,21,40,0,3,5,2248,112.400000,0
rma_pingpong,8,10,21,41,0,3,4,2248,112.400000,0
rma_pingpong,8,10,21,42,0,3,3,2169,108.450000,0
rma_pingpong,8,10,21,43,0,3,2,2163,108.150000,0
rma_pingpong,8,10,21,44,0,3,1,2049,102.450000,0
rma_pingpong,8,10,21,45,0,3,0,2108,105.400000,0
rma_pingpong,8,10,21,46,0,3,1,2163,108.150000,0
rma_pingpong,8,10,21,47,0,3,2,2169,108.450000,0
rma_pingpong,8,10,21,48,0,4,5,2309,115.450000,0
rma_pingpong,8,10,21,49,0,4,4,2305,115.250000,0
rma_pingpong,8,10,21,50,0,4,3,2248,112.400000,0
rma_pingpong,8,10,21,51,0,4,2,2248,112.400000,0
rma_pingpong,8,10,21,52,0,4,1,2169,108.450000,0
rma_pingpong,8,10,21,53,0,4,0,2169,108.450000,0
rma_pingpong,8,10,21,54,0,4,1,2248,112.400000,0
rma_pingpong,8,10,21,55,0,4,2,2248,112.400000,0
rma_pingpong,8,10,21,56,0,5,5,2305,115.250000,0
rma_pingpong,8,10,21,57,0,5,4,2305,115.250000,0
rma_pingpong,8,10,21,58,0,5,3,2248,112.400000,0
rma_pingpong,8,10,21,59,0,5,2,2248,112.400000,0
rma_pingpong,8,10,21,60,0,5,1,2169,108.450000,0
rma_pingpong,8,10,21,61,0,5,0,2169,108.450000,0
rma_pingpong,8,10,21,62,0,5,1,2248,112.400000,0
rma_pingpong,8,10,21,63,0,5,2,2248,112.400000,0
rma_pingpong,8,10,22,0,0,2,6,2309,115.450000,0
rma_pingpong,8,10,22,1,0,2,5,2309,115.450000,0
rma_pingpong,8,10,22,2,0,2,4,2248,112.400000,0
rma_pingpong,8,10,22,3,0,2,3,2248,112.400000,0
rma_pingpong,8,10,22,4,0,2,2,2165,108.250000,0
rma_pingpong,8,10,22,5,0,2,1,2165,108.250000,0
rma_pingpong,8,10,22,6,0,2,0,2108,105.400000,0
rma_pingpong,8,10,22,7,0,2,1,2108,105.400000,0
rma_pingpong,8,10,22,8,0,1,6,2305,115.250000,0
rma_pingpong,8,10,22,9,0,1,5,2305,115.250000,0
rma_pingpong,8,10,22,10,0,1,4,2248,112.400000,0
rma_pingpong,8,10,22,11,0,1,3,2248,112.400000,0
rma_pingpong,8,10,22,12,0,1,2,2169,108.450000,0
rma_pingpong,8,10,22,13,0,1,1,2169,108.450000,0
rma_pingpong,8,10,22,14,0,1,0,2108,105.400000,0
rma_pingpong,8,10,22,15,0,1,1,2108,105.400000,0
rma_pingpong,8,10,22,16,0,0,6,2249,112.450000,0
rma_pingpong,8,10,22,17,0,0,5,2248,112.400000,0
rma_pingpong,8,10,22,18,0,0,4,2169,108.450000,0
rma_pingpong,8,10,22,19,0,0,3,2163,108.150000,0
rma_pingpong,8,10,22,20,0,0,2,2108,105.400000,0
rma_pingpong,8,10,22,21,0,0,1,2108,105.400000,0
rma_pingpong,8,10,22,23,1,0,1,1968,98.400000,0
rma_pingpong,8,10,22,24,0,1,6,2249,112.450000,0
rma_pingpong,8,10,22,25,0,1,5,2248,112.400000,0
rma_pingpong,8,10,22,26,0,1,4,2169,108.450000,0
rma_pingpong,8,10,22,27,0,1,3,2169,108.450000,0
rma_pingpong,8,10,22,28,0,1,2,2108,105.400000,0
rma_pingpong,8,10,22,29,0,1,1,2108,105.400000,0
rma_pingpong,8,10,22,30,1,1,0,1968,98.400000,0
rma_pingpong,8,10,22,31,1,1,1,1968,98.400000,0
rma_pingpong,8,10,22,32,0,2,6,2280,114.000000,0
rma_pingpong,8,10,22,33,0,2,5,2280,114.000000,0
rma_pingpong,8,10,22,34,0,2,4,2249,112.450000,0
rma_pingpong,8,10,22,35,0,2,3,2249,112.450000,0
rma_pingpong,8,10,22,36,0,2,2,2132,106.600000,0
rma_pingpong,8,10,22,37,0,2,1,2132,106.600000,0
rma_pingpong,8,10,22,38,0,2,0,2050,102.500000,0
rma_pingpong,8,10,22,39,0,2,1,2050,102.500000,0
rma_pingpong,8,10,22,40,0,3,6,2280,114.000000,0
rma_pingpong,8,10,22,41,0,3,5,2280,114.000000,0
rma_pingpong,8,10,22,42,0,3,4,2249,112.450000,0
rma_pingpong,8,10,22,43,0,3,3,2249,112.450000,0
rma_pingpong,8,10,22,44,0,3,2,2132,106.600000,0
rma_pingpong,8,10,22,45,0,3,1,2132,106.600000,0
rma_pingpong,8,10,22,46,0,3,0,2050,102.500000,0
rma_pingpong,8,10,22,47,0,3,1,2050,102.500000,0
rma_pingpong,8,10,22,48,0,4,6,2388,119.400000,0
rma_pingpong,8,10,22,49,0,4,5,2388,119.400000,0
rma_pingpong,8,10,22,50,0,4,4,2280,114.000000,0
rma_pingpong,8,10,22,51,0,4,3,2280,114.000000,0
rma_pingpong,8,10,22,52,0,4,2,2248,112.400000,0
rma_pingpong,8,10,22,53,0,4,1,2249,112.450000,0
rma_pingpong,8,10,22,54,0,4,0,2118,105.900000,0
rma_pingpong,8,10,22,55,0,4,1,2132,106.600000,0
rma_pingpong,8,10,22,56,0,5,6,2388,119.400000,0
rma_pingpong,8,10,22,57,0,5,5,2388,119.400000,0
rma_pingpong,8,10,22,58,0,5,4,2280,114.000000,0
rma_pingpong,8,10,22,59,0,5,3,2280,114.000000,0
rma_pingpong,8,10,22,60,0,5,2,2248,112.400000,0
rma_pingpong,8,10,22,61,0,5,1,2249,112.450000,0
rma_pingpong,8,10,22,62,0,5,0,2118,105.900000,0
rma_pingpong,8,10,22,63,0,5,1,2132,106.600000,0
rma_pingpong,8,10,23,0,0,2,7,2305,115.250000,0
rma_pingpong,8,10,23,1,0,2,6,2305,115.250000,0
rma_pingpong,8,10,23,2,0,2,5,2248,112.400000,0
rma_pingpong,8,10,23,3,0,2,4,2248,112.400000,0
rma_pingpong,8,10,23,4,0,2,3,2165,108.250000,0
rma_pingpong,8,10,23,5,0,2,2,2165,108.250000,0
rma_pingpong,8,10,23,6,0,2,1,2108,105.400000,0
rma_pingpong,8,10,23,7,0,2,0,2108,105.400000,0
rma_pingpong,8,10,23,8,0,1,7,2305,115.250000,0
rma_pingpong,8,10,23,9,0,1,6,2305,115.250000,0
rma_pingpong,8,10,23,10,0,1,5,2248,112.400000,0
rma_pingpong,8,10,23,11,0,1,4,2248,112.400000,0
rma_pingpong,8,10,23,12,0,1,3,2169,108.450000,0
rma_pingpong,8,10,23,13,0,1,2,2169,108.450000,0
rma_pingpong,8,10,23,14,0,1,1,2108,105.400000,0
rma_pingpong,8,10,23,15,0,1,0,2108,105.400000,0
rma_pingpong,8,10,23,16,0,0,7,2249,112.450000,0
rma_pingpong,8,10,23,17,0,0,6,2248,112.400000,0
rma_pingpong,8,10,23,18,0,0,5,2169,108.450000,0
rma_pingpong,8,10,23,19,0,0,4,2163,108.150000,0
rma_pingpong,8,10,23,20,0,0,3,2108,105.400000,0
rma_pingpong,8,10,23,21,0,0,2,2108,105.400000,0
rma_pingpong,8,10,23,22,1,0,1,1968,98.400000,0
rma_pingpong,8,10,23,24,0,1,7,2189,109.450000,0
rma_pingpong,8,10,23,25,0,1,6,2249,112.450000,0
rma_pingpong,8,10,23,26,0,1,5,2169,108.450000,0
rma_pingpong,8,10,23,27,0,1,4,2169,108.450000,0
rma_pingpong,8,10,23,28,0,1,3,2048,102.400000,0
rma_pingpong,8,10,23,29,0,1,2,2108,105.400000,0
rma_pingpong,8,10,23,30,1,1,1,1968,98.400000,0
rma_pingpong,8,10,23,31,1,1,0,1968,98.400000,0
rma_pingpong,8,10,23,32,0,2,7,2280,114.000000,0
rma_pingpong,8,10,23,33,0,2,6,2280,114.000000,0
rma_pingpong,8,10,23,34,0,2,5,2249,112.450000,0
rma_pingpong,8,10,23,35,0,2,4,2249,112.450000,0
rma_pingpong,8,10,23,36,0,2,3,2118,105.900000,0
rma_pingpong,8,10,23,37,0,2,2,2118,105.900000,0
rma_pingpong,8,10,23,38,0,2,1,2050,102.500000,0
rma_pingpong,8,10,23,39,0,2,0,2050,102.500000,0
rma_pingpong,8,10,23,40,0,3,7,2280,114.000000,0
rma_pingpong,8,10,23,41,0,3,6,2280,114.000000,0
rma_pingpong,8,10,23,42,0,3,5,2249,112.450000,0
rma_pingpong,8,10,23,43,0,3,4,2249,112.450000,0
rma_pingpong,8,10,23,44,0,3,3,2118,105.900000,0
rma_pingpong,8,10,23,45,0,3,2,2118,105.900000,0
rma_pingpong,8,10,23,46,0,3,1,2050,102.500000,0
rma_pingpong,8,10,23,47,0,3,0,2050,102.500000,0
rma_pingpong,8,10,23,48,0,4,7,2388,119.400000,0
rma_pingpong,8,10,23,49,0,4,6,2388,119.400000,0
rma_pingpong,8,10,23,50,0,4,5,2280,114.000000,0
rma_pingpong,8,10,23,51,0,4,4,2280,114.000000,0
rma_pingpong,8,10,23,52,0,4,3,2249,112.450000,0
rma_pingpong,8,10,23,53,0,4,2,2249,112.450000,0
rma_pingpong,8,10,23,54,0,4,1,2132,106.600000,0
rma_pingpong,8,10,23,55,0,4,0,2132,106.600000,0
rma_pingpong,8,10,23,56,0,5,7,2388,119.400000,0
rma_pingpong,8,10,23,57,0,5,6,2388,119.400000,0
rma_pingpong,8,10,23,58,0,5,5,2280,114.000000,0
rma_pingpong,8,10,23,59,0,5,4,2280,114.000000,0
rma_pingpong,8,10,23,60,0,5,3,2249,112.450000,0
rma_pingpong,8,10,23,61,0,5,2,2249,112.450000,0
rma_pingpong,8,10,23,62,0,5,1,2132,106.600000,0
rma_pingpong,8,10,23,63,0,5,0,2132,106.600000,0
rma_pingpong,8,10,24,0,0,3,0,2049,102.450000,0
rma_pingpong,8,10,24,1,0,3,1,2108,105.400000,0
rma_pingpong,8,10,24,2,0,3,2,2165,108.250000,0
rma_pingpong,8,10,24,3,0,3,3,2165,108.250000,0
rma_pingpong,8,10,24,4,0,3,4,2248,112.400000,0
rma_pingpong,8,10,24,5,0,3,5,2248,112.400000,0
rma_pingpong,8,10,24,6,0,3,6,2309,115.450000,0
rma_pingpong,8,10,24,7,0,3,7,2309,115.450000,0
rma_pingpong,8,10,24,8,0,2,0,2108,105.400000,0
rma_pingpong,8,10,24,9,0,2,1,2049,102.450000,0
rma_pingpong,8,10,24,10,0,2,2,2169,108.450000,0
rma_pingpong,8,10,24,11,0,2,3,2163,108.150000,0
rma_pingpong,8,10,24,12,0,2,4,2248,112.400000,0
rma_pingpong,8,10,24,13,0,2,5,2248,112.400000,0
rma_pingpong,8,10,24,14,0,2,6,2305,115.250000,0
rma_pingpong,8,10,24,15,0,2,7,2305,115.250000,0
rma_pingpong,8,10,24,16,1,1,0,1968,98.400000,0
rma_pingpong,8,10,24,17,1,1,1,1968,98.400000,0
rma_pingpong,8,10,24,18,0,1,2,2108,105.400000,0
rma_pingpong,8,10,24,19,0,1,3,2108,105.400000,0
rma_pingpong,8,10,24,20,0,1,4,2165,108.250000,0
rma_pingpong,8,10,24,21,0,1,5,2163,108.150000,0
rma_pingpong,8,10,24,22,0,1,6,2248,112.400000,0
rma_pingpong,8,10,24,23,0,1,7,2189,109.450000,0
rma_pingpong,8,10,24,25,1,0,1,1968,98.400000,0
rma_pingpong,8,10,24,26,0,0,2,2108,105.400000,0
rma_pingpong,8,10,24,27,0,0,3,2108,105.400000,0
rma_pingpong,8,10,24,28,0,0,4,2163,108.150000,0
rma_pingpong,8,10,24,29,0,0,5,2165,108.250000,0
rma_pingpong,8,10,24,30,0,0,6,2249,112.450000,0
rma_pingpong,8,10,24,31,0,0,7,2248,112.400000,0
rma_pingpong,8,10,24,32,0,1,0,2050,102.500000,0
rma_pingpong,8,10,24,33,0,1,1,2050,102.500000,0
rma_pingpong,8,10,24,34,0,1,2,2132,106.600000,0
rma_pingpong,8,10,24,35,0,1,3,2132,106.600000,0
rma_pingpong,8,10,24,36,0,1,4,2248,112.400000,0
rma_pingpong,8,10,24,37,0,1,5,2248,112.400000,0
rma_pingpong,8,10,24,38,0,1,6,2280,114.000000,0
rma_pingpong,8,10,24,39,0,1,7,2280,114.000000,0
rma_pingpong,8,10,24,40,0,2,0,2050,102.500000,0
rma_pingpong,8,10,24,41,0,2,1,2050,102.500000,0
rma_pingpong,8,10,24,42,0,2,2,2132,106.600000,0
rma_pingpong,8,10,24,43,0,2,3,2132,106.600000,0
rma_pingpong,8,10,24,44,0,2,4,2248,112.400000,0
rma_pingpong,8,10,24,45,0,2,5,2248,112.400000,0
rma_pingpong,8,10,24,46,0,2,6,2280,114.000000,0
rma_pingpong,8,10,24,47,0,2,7,2280,114.000000,0
rma_pingpong,8,10,24,48,0,3,0,2132,106.600000,0
rma_pingpong,8,10,24,49,0,3,1,2118,105.900000,0
rma_pingpong,8,10,24,50,0,3,2,2249,112.450000,0
rma_pingpong,8,10,24,51,0,3,3,2248,112.400000,0
rma_pingpong,8,10,24,52,0,3,4,2280,114.000000,0
rma_pingpong,8,10,24,53,0,3,5,2280,114.000000,0
rma_pingpong,8,10,24,54,0,3,6,2388,119.400000,0
rma_pingpong,8,10,24,55,0,3,7,2388,119.400000,0
rma_pingpong,8,10,24,56,0,4,0,2118,105.900000,0
rma_pingpong,8,10,24,57,0,4,1,2132,106.600000,0
rma_pingpong,8,10,24,58,0,4,2,2248,112.400000,0
rma_pingpong,8,10,24,59,0,4,3,2248,112.400000,0
rma_pingpong,8,10,24,60,0,4,4,2280,114.000000,0
rma_pingpong,8,10,24,61,0,4,5,2280,114.000000,0
rma_pingpong,8,10,24,62,0,4,6,2388,119.400000,0
rma_pingpong,8,10,24,63,0,4,7,2388,119.400000,0
rma_pingpong,8,10,25,0,0,3,1,2108,105.400000,0
rma_pingpong,8,10,25,1,0,3,0,2049,102.450000,0
rma_pingpong,8,10,25,2,0,3,1,2169,108.450000,0
rma_pingpong,8,10,25,3,0,3,2,2169,108.450000,0
rma_pingpong,8,10,25,4,0,3,3,2248,112.400000,0
rma_pingpong,8,10,25,5,0,3,4,2248,112.400000,0
rma_pingpong,8,10,25,6,0,3,5,2305,115.250000,0
rma_pingpong,8,10,25,7,0,3,6,2305,115.250000,0
rma_pingpong,8,10,25,8,0,2,1,2049,102.450000,0
rma_pingpong,8,10,25,9,0,2,0,2108,105.400000,0
rma_pingpong,8,10,25,10,0,2,1,2169,108.450000,0
rma_pingpong,8,10,25,11,0,2,2,2165,108.250000,0
rma_pingpong,8,10,25,12,0,2,3,2248,112.400000,0
rma_pingpong,8,10,25,13,0,2,4,2248,112.400000,0
rma_pingpong,8,10,25,14,0,2,5,2305,115.250000,0
rma_pingpong,8,10,25,15,0,2,6,2305,115.250000,0
rma_pingpong,8,10,25,16,1,1,1,1968,98.400000,0
rma_pingpong,8,10,25,17,1,1,0,1968,98.400000,0
rma_pingpong,8,10,25,18,0,1,1,2108,105.400000,0
rma_pingpong,8,10,25,19,0,1,2,2108,105.400000,0
rma_pingpong,8,10,25,20,0,1,3,2169,108.450000,0
rma_pingpong,8,10,25,21,0,1,4,2169,108.450000,0
rma_pingpong,8,10,25,22,0,1,5,2249,112.450000,0
rma_pingpong,8,10,25,23,0,1,6,2249,112.450000,0
rma_pingpong,8,10,25,24,1,0,1,1968,98.400000,0
rma_pingpong,8,10,25,26,0,0,1,2049,102.450000,0
rma_pingpong,8,10,25,27,0,0,2,2108,105.400000,0
rma_pingpong,8,10,25,28,0,0,3,2163,108.150000,0
rma_pingpong,8,10,25,29,0,0,4,2169,108.450000,0
rma_pingpong,8,10,25,30,0,0,5,2249,112.450000,0
rma_pingpong,8,10,25,31,0,0,6,2249,112.450000,0
rma_pingpong,8,10,25,32,0,1,1,2050,102.500000,0
rma_pingpong,8,10,25,33,0,1,0,2050,102.500000,0
rma_pingpong,8,10,25,34,0,1,1,2132,106.600000,0
rma_pingpong,8,10,25,35,0,1,2,2132,106.600000,0
rma_pingpong,8,10,25,36,0,1,3,2249,112.450000,0
rma_pingpong,8,10,25,37,0,1,4,2249,112.450000,0
rma_pingpong,8,10,25,38,0,1,5,2280,114.000000,0
rma_pingpong,8,10,25,39,0,1,6,2280,114.000000,0
rma_pingpong,8,10,25,40,0,2,1,2050,102.500000,0
rma_pingpong,8,10,25,41,0,2,0,2050,102.500000,0
rma_pingpong,8,10,25,42,0,2,1,2132,106.600000,0
rma_pingpong,8,10,25,43,0,2,2,2132,106.600000,0
rma_pingpong,8,10,25,44,0,2,3,2249,112.450000,0
rma_pingpong,8,10,25,45,0,2,4,2249,112.450000,0
rma_pingpong,8,10,25,46,0,2,5,2280,114.000000,0
rma_pingpong,8,10,25,47,0,2,6,2280,114.000000,0
rma_pingpong,8,10,25,48,0,3,1,2132,106.600000,0
rma_pingpong,8,10,25,49,0,3,0,2132,106.600000,0
rma_pingpong,8,10,25,50,0,3,1,2249,112.450000,0
rma_pingpong,8,10,25,51,0,3,2,2249,112.450000,0
rma_pingpong,8,10,25,52,0,3,3,2280,114.000000,0
rma_pingpong,8,10,25,53,0,3,4,2280,114.000000,0
rma_pingpong,8,10,25,54,0,3,5,2388,119.400000,0
rma_pingpong,8,10,25,55,0,3,6,2388,119.400000,0
rma_pingpong,8,10,25,56,0,4,1,2132,106.600000,0
rma_pingpong,8,10,25,57,0,4,0,2132,106.600000,0
rma_pingpong,8,10,25,58,0,4,1,2249,112.450000,0
rma_pingpong,8,10,25,59,0,4,2,2249,112.450000,0
rma_pingpong,8,10,25,60,0,4,3,2280,114.000000,0
rma_pingpong,8,10,25,61,0,4,4,2280,114.000000,0
rma_pingpong,8,10,25,62,0,4,5,2388,119.400000,0
rma_pingpong,8,10,25,63,0,4,6,2388,119.400000,0
rma_pingpong,8,10,26,0,0,3,2,2132,106.600000,0
rma_pingpong,8,10,26,1,0,3,1,2132,106.600000,0
rma_pingpong,8,10,26,2,0,3,0,2050,102.500000,0
rma_pingpong,8,10,26,3,0,3,1,2050,102.500000,0
rma_pingpong,8,10,26,4,0,3,2,2132,106.600000,0
rma_pingpong,8,10,26,5,0,3,3,2132,106.600000,0
rma_pingpong,8,10,26,6,0,3,4,2249,112.450000,0
rma_pingpong,8,10,26,7,0,3,5,2249,112.450000,0
rma_pingpong,8,10,26,8,0,2,2,2132,106.600000,0
rma_pingpong,8,10,26,9,0,2,1,2132,106.600000,0
rma_pingpong,8,10,26,10,0,2,0,2050,102.500000,0
rma_pingpong,8,10,26,11,0,2,1,2050,102.500000,0
rma_pingpong,8,10,26,12,0,2,2,2132,106.600000,0
rma_pingpong,8,10,26,13,0,2,3,2132,106.600000,0
rma_pingpong,8,10,26,14,0,2,4,2249,112.450000,0
rma_pingpong,8,10,26,15,0,2,5,2249,112.450000,0
rma_pingpong,8,10,26,16,0,1,2,2049,102.450000,0
rma_pingpong,8,10,26,17,0,1,1,2108,105.400000,0
rma_pingpong,8,10,26,18,1,1,0,1968,98.400000,0
rma_pingpong,8,10,26,19,1,1,1,1968,98.400000,0
rma_pingpong,8,10,26,20,0,1,2,2050,102.500000,0
rma_pingpong,8,10,26,21,0,1,3,2049,102.450000,0
rma_pingpong,8,10,26,22,0,1,4,2169,108.450000,0
rma_pingpong,8,10,26,23,0,1,5,2169,108.450000,0
rma_pingpong,8,10,26,24,0,0,2,2108,105.400000,0
rma_pingpong,8,10,26,25,0,0,1,2108,105.400000,0
rma_pingpong,8,10,26,27,1,0,1,1968,98.400000,0
rma_pingpong,8,10,26,28,0,0,2,2050,102.500000,0
rma_pingpong,8,10,26,29,0,0,3,2050,102.500000,0
rma_pingpong,8,10,26,30,0,0,4,2169,108.450000,0
rma_pingpong,8,10,26,31,0,0,5,2169,108.450000,0
rma_pingpong,8,10,26,32,0,1,2,2169,108.450000,0
rma_pingpong,8,10,26,33,0,1,1,2163,108.150000,0
rma_pingpong,8,10,26,34,0,1,0,2049,102.450000,0
rma_pingpong,8,10,26,35,0,1,1,2108,105.400000,0
rma_pingpong,8,10,26,36,0,1,2,2169,108.450000,0
rma_pingpong,8,10,26,37,0,1,3,2169,108.450000,0
rma_pingpong,8,10,26,38,0,1,4,2248,112.400000,0
rma_pingpong,8,10,26,39,0,1,5,2248,112.400000,0
rma_pingpong,8,10,26,40,0,2,2,2169,108.450000,0
rma_pingpong,8,10,26,41,0,2,1,2163,108.150000,0
rma_pingpong,8,10,26,42,0,2,0,2049,102.450000,0
rma_pingpong,8,10,26,43,0,2,1,2108,105.400000,0
rma_pingpong,8,10,26,44,0,2,2,2169,108.450000,0
rma_pingpong,8,10,26,45,0,2,3,2169,108.450000,0
rma_pingpong,8,10,26,46,0,2,4,2248,112.400000,0
rma_pingpong,8,10,26,47,0,2,5,2248,112.400000,0
rma_pingpong,8,10,26,48,0,3,2,2248,112.400000,0
rma_pingpong,8,10,26,49,0,3,1,2248,112.400000,0
rma_pingpong,8,10,26,50,0,3,0,2169,108.450000,0
rma_pingpong,8,10,26,51,0,3,1,2163,108.150000,0
rma_pingpong,8,10,26,52,0,3,2,2248,112.400000,0
rma_pingpong,8,10,26,53,0,3,3,2248,112.400000,0
rma_pingpong,8,10,26,54,0,3,4,2305,115.250000,0
rma_pingpong,8,10,26,55,0,3,5,2305,115.250000,0
rma_pingpong,8,10,26,56,0,4,2,2248,112.400000,0
rma_pingpong,8,10,26,57,0,4,1,2248,112.400000,0
rma_pingpong,8,10,26,58,0,4,0,2169,108.450000,0
rma_pingpong,8,10,26,59,0,4,1,2163,108.150000,0
rma_pingpong,8,10,26,60,0,4,2,2248,112.400000,0
rma_pingpong,8,10,26,61,0,4,3,2248,112.400000,0
rma_pingpong,8,10,26,62,0,4,4,2305,115.250000,0
rma_pingpong,8,10,26,63,0,4,5,2305,115.250000,0
rma_pingpong,8,10,27,0,0,3,3,2132,106.600000,0
rma_pingpong,8,10,27,1,0,3,2,2132,106.600000,0
rma_pingpong,8,10,27,2,0,3,1,2050,102.500000,0
rma_pingpong,8,10,27,3,0,3,0,2050,102.500000,0
rma_pingpong,8,10,27,4,0,3,1,2132,106.600000,0
rma_pingpong,8,10,27,5,0,3,2,2132,106.600000,0
rma_pingpong,8,10,27,6,0,3,3,2249,112.450000,0
rma_pingpong,8,10,27,7,0,3,4,2249,112.450000,0
rma_pingpong,8,10,27,8,0,2,3,2132,106.600000,0
rma_pingpong,8,10,27,9,0,2,2,2132,106.600000,0
rma_pingpong,8,10,27,10,0,2,1,2050,102.500000,0
rma_pingpong,8,10,27,11,0,2,0,2050,102.500000,0
rma_pingpong,8,10,27,12,0,2,1,2132,106.600000,0
rma_pingpong,8,10,27,13,0,2,2,2132,106.600000,0
rma_pingpong,8,10,27,14,0,2,3,2249,112.450000,0
rma_pingpong,8,10,27,15,0,2,4,2249,112.450000,0
rma_pingpong,8,10,27,16,0,1,3,2108,105.400000,0
rma_pingpong,8,10,27,17,0,1,2,2108,105.400000,0
rma_pingpong,8,10,27,18,1,1,1,1968,98.400000,0
rma_pingpong,8,10,27,19,1,1,0,1968,98.400000,0
rma_pingpong,8,10,27,20,0,1,1,2050,102.500000,0
rma_pingpong,8,10,27,21,0,1,2,2050,102.500000,0
rma_pingpong,8,10,27,22,0,1,3,2163,108.150000,0
rma_pingpong,8,10,27,23,0,1,4,2169,108.450000,0
rma_pingpong,8,10,27,24,0,0,3,2049,102.450000,0
rma_pingpong,8,10,27,25,0,0,2,2108,105.400000,0
rma_pingpong,8,10,27,26,1,0,1,1968,98.400000,0
rma_pingpong,8,10,27,28,0,0,1,2050,102.500000,0
rma_pingpong,8,10,27,29,0,0,2,2050,102.500000,0
rma_pingpong,8,10,27,30,0,0,3,2169,108.450000,0
rma_pingpong,8,10,27,31,0,0,4,2169,108.450000,0
rma_pingpong,8,10,27,32,0,1,3,2169,108.450000,0
rma_pingpong,8,10,27,33,0,1,2,2163,108.150000,0
rma_pingpong,8,10,27,34,0,1,1,2049,102.450000,0
rma_pingpong,8,10,27,35,0,1,0,2108,105.400000,0
rma_pingpong,8,10,27,36,0,1,1,2163,108.150000,0
rma_pingpong,8,10,27,37,0,1,2,2169,108.450000,0
rma_pingpong,8,10,27,38,0,1,3,2248,112.400000,0
rma_pingpong,8,10,27,39,0,1,4,2248,112.400000,0
rma_pingpong,8,10,27,40,0,2,3,2169,108.450000,0
rma_pingpong,8,10,27,41,0,2,2,2163,108.150000,0
rma_pingpong,8,10,27,42,0,2,1,2049,102.450000,0
rma_pingpong,8,10,27,43,0,2,0,2108,105.400000,0
rma_pingpong,8,10,27,44,0,2,1,2163,108.150000,0
rma_pingpong,8,10,27,45,0,2,2,2169,108.450000,0
rma_pingpong,8,10,27,46,0,2,3,2248,112.400000,0
rma_pingpong,8,10,27,47,0,2,4,2248,112.400000,0
rma_pingpong,8,10,27,48,0,3,3,2248,112.400000,0
rma_pingpong,8,10,27,49,0,3,2,2248,112.400000,0
rma_pingpong,8,10,27,50,0,3,1,2169,108.450000,0
rma_pingpong,8,10,27,51,0,3,0,2169,108.450000,0
rma_pingpong,8,10,27,52,0,3,1,2248,112.400000,0
rma_pingpong,8,10,27,53,0,3,2,2248,112.400000,0
rma_pingpong,8,10,27,54,0,3,3,2305,115.250000,0
rma_pingpong,8,10,27,55,0,3,4,2305,115.250000,0
rma_pingpong,8,10,27,56,0,4,3,2248,112.400000,0
rma_pingpong,8,10,27,57,0,4,2,2248,112.400000,0
rma_pingpong,8,10,27,58,0,4,1,2169,108.450000,0
rma_pingpong,8,10,27,59,0,4,0,2169,108.450000,0
rma_pingpong,8,10,27,60,0,4,1,2248,112.400000,0
rma_pingpong,8,10,27,61,0,4,2,2248,112.400000,0
rma_pingpong,8,10,27,62,0,4,3,2305,115.250000,0
rma_pingpong,8,10,27,63,0,4,4,2305,115.250000,0
rma_pingpong,8,10,28,0,0,3,4,2249,112.450000,0
rma_pingpong,8,10,28,1,0,3,3,2249,112.450000,0
rma_pingpong,8,10,28,2,0,3,2,2132,106.600000,0
rma_pingpong,8,10,28,3,0,3,1,2132,106.600000,0
rma_pingpong,8,10,28,4,0,3,0,2050,102.500000,0
rma_pingpong,8,10,28,5,0,3,1,2050,102.500000,0
rma_pingpong,8,10,28,6,0,3,2,2132,106.600000,0
rma_pingpong,8,10,28,7,0,3,3,2132,106.600000,0
rma_pingpong,8,10,28,8,0,2,4,2249,112.450000,0
rma_pingpong,8,10,28,9,0,2,3,2248,112.400000,0
rma_pingpong,8,10,28,10,0,2,2,2132,106.600000,0
rma_pingpong,8,10,28,11,0,2,1,2132,106.600000,0
rma_pingpong,8,10,28,12,0,2,0,2050,102.500000,0
rma_pingpong,8,10,28,13,0,2,1,2050,102.500000,0
rma_pingpong,8,10,28,14,0,2,2,2132,106.600000,0
rma_pingpong,8,10,28,15,0,2,3,2132,106.600000,0
rma_pingpong,8,10,28,16,0,1,4,2163,108.150000,0
rma_pingpong,8,10,28,17,0,1,3,2169,108.450000,0
rma_pingpong,8,10,28,18,0,1,2,2050,102.500000,0
rma_pingpong,8,10,28,19,0,1,1,2050,102.500000,0
rma_pingpong,8,10,28,20,1,1,0,1968,98.400000,0
rma_pingpong,8,10,28,21,1,1,1,1968,98.400000,0
rma_pingpong,8,10,28,22,0,1,2,2049,102.450000,0
rma_pingpong,8,10,28,23,0,1,3,2049,102.450000,0
rma_pingpong,8,10,28,24,0,0,4,2163,108.150000,0
rma_pingpong,8,10,28,25,0,0,3,2169,108.450000,0
rma_pingpong,8,10,28,26,0,0,2,2050,102.500000,0
rma_pingpong,8,10,28,27,0,0,1,2050,102.500000,0
rma_pingpong,8,10,28,29,1,0,1,1968,98.400000,0
rma_pingpong,8,10,28,30,0,0,2,2108,105.400000,0
rma_pingpong,8,10,28,31,0,0,3,2049,102.450000,0
rma_pingpong,8,10,28,32,0,1,4,2248,112.400000,0
rma_pingpong,8,10,28,33,0,1,3,2248,112.400000,0
rma_pingpong,8,10,28,34,0,1,2,2165,108.250000,0
rma_pingpong,8,10,28,35,0,1,1,2163,108.150000,0
rma_pingpong,8,10,28,36,0,1,0,2049,102.450000,0
rma_pingpong,8,10,28,37,0,1,1,2108,105.400000,0
rma_pingpong,8,10,28,38,0,1,2,2169,108.450000,0
rma_pingpong,8,10,28,39,0,1,3,2169,108.450000,0
rma_pingpong,8,10,28,40,0,2,4,2248,112.400000,0
rma_pingpong,8,10,28,41,0,2,3,2248,112.400000,0
rma_pingpong,8,10,28,42,0,2,2,2165,108.250000,0
rma_pingpong,8,10,28,43,0,2,1,2163,108.150000,0
rma_pingpong,8,10,28,44,0,2,0,2049,102.450000,0
rma_pingpong,8,10,28,45,0,2,1,2108,105.400000,0
rma_pingpong,8,10,28,46,0,2,2,2169,108.450000,0
rma_pingpong,8,10,28,47,0,2,3,2169,108.450000,0
rma_pingpong,8,10,28,48,0,3,4,2305,115.250000,0
rma_pingpong,8,10,28,49,0,3,3,2305,115.250000,0
rma_pingpong,8,10,28,50,0,3,2,2248,112.400000,0
rma_pingpong,8,10,28,51,0,3,1,2248,112.400000,0
rma_pingpong,8,10,28,52,0,3,0,2169,108.450000,0
rma_pingpong,8,10,28,53,0,3,1,2163,108.150000,0
rma_pingpong,8,10,28,54,0,3,2,2248,112.400000,0
rma_pingpong,8,10,28,55,0,3,3,2248,112.400000,0
rma_pingpong,8,10,28,56,0,4,4,2309,115.450000,0
rma_pingpong,8,10,28,57,0,4,3,2305,115.250000,0
rma_pingpong,8,10,28,58,0,4,2,2248,112.400000,0
rma_pingpong,8,10,28,59,0,4,1,2248,112.400000,0
rma_pingpong,8,10,28,60,0,4,0,2169,108.450000,0
rma_pingpong,8,10,28,61,0,4,1,2163,108.150000,0
rma_pingpong,8,10,28,62,0,4,2,2248,112.400000,0
rma_pingpong,8,10,28,63,0,4,3,2248,112.400000,0
rma_pingpong,8,10,29,0,0,3,5,2249,112.450000,0
rma_pingpong,8,10,29,1,0,3,4,2249,112.450000,0
rma_pingpong,8,10,29,2,0,3,3,2132,106.600000,0
rma_pingpong,8,10,29,3,0,3,2,2132,106.600000,0
rma_pingpong,8,10,29,4,0,3,1,2050,102.500000,0
rma_pingpong,8,10,29,5,0,3,0,2050,102.500000,0
rma_pingpong,8,10,29,6,0,3,1,2132,106.600000,0
rma_pingpong,8,10,29,7,0,3,2,2132,106.600000,0
rma_pingpong,8,10,29,8,0,2,5,2249,112.450000,0
rma_pingpong,8,10,29,9,0,2,4,2248,112.400000,0
rma_pingpong,8,10,29,10,0,2,3,2132,106.600000,0
rma_pingpong,8,10,29,11,0,2,2,2132,106.600000,0
rma_pingpong,8,10,29,12,0,2,1,2050,102.500000,0
rma_pingpong,8,10,29,13,0,2,0,2050,102.500000,0
rma_pingpong,8,10,29,14,0,2,1,2132,106.600000,0
rma_pingpong,8,10,29,15,0,2,2,2132,106.600000,0
rma_pingpong,8,10,29,16,0,1,5,2165,108.250000,0
rma_pingpong,8,10,29,17,0,1,4,2169,108.450000,0
rma_pingpong,8,10,29,18,0,1,3,2050,102.500000,0
rma_pingpong,8,10,29,19,0,1,2,2050,102.500000,0
rma_pingpong,8,10,29,20,1,1,1,1968,98.400000,0
rma_pingpong,8,10,29,21,1,1,0,1968,98.400000,0
rma_pingpong,8,10,29,22,0,1,1,2049,102.450000,0
rma_pingpong,8,10,29,23,0,1,2,2049,102.450000,0
rma_pingpong,8,10,29,24,0,0,5,2165,108.250000,0
rma_pingpong,8,10,29,25,0,0,4,2169,108.450000,0
rma_pingpong,8,10,29,26,0,0,3,2050,102.500000,0
rma_pingpong,8,10,29,27,0,0,2,2050,102.500000,0
rma_pingpong,8,10,29,28,1,0,1,1968,98.400000,0
rma_pingpong,8,10,29,30,0,0,1,2049,102.450000,0
rma_pingpong,8,10,29,31,0,0,2,2049,102.450000,0
rma_pingpong,8,10,29,32,0,1,5,2248,112.400000,0
rma_pingpong,8,10,29,33,0,1,4,2248,112.400000,0
rma_pingpong,8,10,29,34,0,1,3,2169,108.450000,0
rma_pingpong,8,10,29,35,0,1,2,2163,108.150000,0
rma_pingpong,8,10,29,36,0,1,1,2049,102.450000,0
rma_pingpong,8,10,29,37,0,1,0,2108,105.400000,0
rma_pingpong,8,10,29,38,0,1,1,2163,108.150000,0
rma_pingpong,8,10,29,39,0,1,2,2169,108.450000,0
rma_pingpong,8,10,29,40,0,2,5,2248,112.400000,0
rma_pingpong,8,10,29,41,0,2,4,2248,112.400000,0
rma_pingpong,8,10,29,42,0,2,3,2169,108.450000,0
rma_pingpong,8,10,29,43,0,2,2,2163,108.150000,0
rma_pingpong,8,10,29,44,0,2,1,2049,102.450000,0
rma_pingpong,8,10,29,45,0,2,0,2108,105.400000,0
rma_pingpong,8,10,29,46,0,2,1,2163,108.150000,0
rma_pingpong,8,10,29,47,0,2,2,2169,108.450000,0
rma_pingpong,8,10,29,48,0,3,5,2309,115.450000,0
rma_pingpong,8,10,29,49,0,3,4,2305,115.250000,0
rma_pingpong,8,10,29,50,0,3,3,2248,112.400000,0
rma_pingpong,8,10,29,51,0,3,2,2248,112.400000,0
rma_pingpong,8,10,29,52,0,3,1,2169,108.450000,0
rma_pingpong,8,10,29,53,0,3,0,2169,108.450000,0
rma_pingpong,8,10,29,54,0,3,1,2248,112.400000,0
rma_pingpong,8,10,29,55,0,3,2,2248,112.400000,0
rma_pingpong,8,10,29,56,0,4,5,2305,115.250000,0
rma_pingpong,8,10,29,57,0,4,4,2305,115.250000,0
rma_pingpong,8,10,29,58,0,4,3,2248,112.400000,0
rma_pingpong,8,10,29,59,0,4,2,2248,112.400000,0
rma_pingpong,8,10,29,60,0,4,1,2169,108.450000,0
rma_pingpong,8,10,29,61,0,4,0,2169,108.450000,0
rma_pingpong,8,10,29,62,0,4,1,2248,112.400000,0
rma_pingpong,8,10,29,63,0,4,2,2248,112.400000,0
rma_pingpong,8,10,30,0,0,3,6,2309,115.450000,0
rma_pingpong,8,10,30,1,0,3,5,2309,115.450000,0
rma_pingpong,8,10,30,2,0,3,4,2248,112.400000,0
rma_pingpong,8,10,30,3,0,3,3,2248,112.400000,0
rma_pingpong,8,10,30,4,0,3,2,2165,108.250000,0
rma_pingpong,8,10,30,5,0,3,1,2165,108.250000,0
rma_pingpong,8,10,30,6,0,3,0,2108,105.400000,0
rma_pingpong,8,10,30,7,0,3,1,2108,105.400000,0
rma_pingpong,8,10,30,8,0,2,6,2305,115.250000,0
rma_pingpong,8,10,30,9,0,2,5,2305,115.250000,0
rma_pingpong,8,10,30,10,0,2,4,2248,112.400000,0
rma_pingpong,8,10,30,11,0,2,3,2248,112.400000,0
rma_pingpong,8,10,30,12,0,2,2,2169,108.450000,0
rma_pingpong,8,10,30,13,0,2,1,2169,108.450000,0
rma_pingpong,8,10,30,14,0,2,0,2108,105.400000,0
rma_pingpong,8,10,30,15,0,2,1,2108,105.400000,0
rma_pingpong,8,10,30,16,0,1,6,2249,112.450000,0
rma_pingpong,8,10,30,17,0,1,5,2248,112.400000,0
rma_pingpong,8,10,30,18,0,1,4,2169,108.450000,0
rma_pingpong,8,10,30,19,0,1,3,2169,108.450000,0
rma_pingpong,8,10,30,20,0,1,2,2108,105.400000,0
rma_pingpong,8,10,30,21,0,1,1,2108,105.400000,0
rma_pingpong,8,10,30,22,1,1,0,1968,98.400000,0
rma_pingpong,8,10,30,23,1,1,1,1968,98.400000,0
rma_pingpong,8,10,30,24,0,0,6,2249,112.450000,0
rma_pingpong,8,10,30,25,0,0,5,2248,112.400000,0
rma_pingpong,8,10,30,26,0,0,4,2169,108.450000,0
rma_pingpong,8,10,30,27,0,0,3,2163,108.150000,0
rma_pingpong,8,10,30,28,0,0,2,2108,105.400000,0
rma_pingpong,8,10,30,29,0,0,1,2108,105.400000,0
rma_pingpong,8,10,30,31,1,0,1,1968,98.400000,0
rma_pingpong,8,10,30,32,0,1,6,2280,114.000000,0
rma_pingpong,8,10,30,33,0,1,5,2280,114.000000,0
rma_pingpong,8,10,30,34,0,1,4,2249,112.450000,0
rma_pingpong,8,10,30,35,0,1,3,2249,112.450000,0
rma_pingpong,8,10,30,36,0,1,2,2132,106.600000,0
rma_pingpong,8,10,30,37,0,1,1,2132,106.600000,0
rma_pingpong,8,10,30,38,0,1,0,2050,102.500000,0
rma_pingpong,8,10,30,39,0,1,1,2050,102.500000,0
rma_pingpong,8,10,30,40,0,2,6,2280,114.000000,0
rma_pingpong,8,10,30,41,0,2,5,2280,114.000000,0
rma_pingpong,8,10,30,42,0,2,4,2249,112.450000,0
rma_pingpong,8,10,30,43,0,2,3,2249,112.450000,0
rma_pingpong,8,10,30,44,0,2,2,2132,106.600000,0
rma_pingpong,8,10,30,45,0,2,1,2132,106.600000,0
rma_pingpong,8,10,30,46,0,2,0,2050,102.500000,0
rma_pingpong,8,10,30,47,0,2,1,2050,102.500000,0
rma_pingpong,8,10,30,48,0,3,6,2388,119.400000,0
rma_pingpong,8,10,30,49,0,3,5,2388,119.400000,0
rma_pingpong,8,10,30,50,0,3,4,2280,114.000000,0
rma_pingpong,8,10,30,51,0,3,3,2280,114.000000,0
rma_pingpong,8,10,30,52,0,3,2,2248,112.400000,0
rma_pingpong,8,10,30,53,0,3,1,2249,112.450000,0
rma_pingpong,8,10,30,54,0,3,0,2118,105.900000,0
rma_pingpong,8,10,30,55,0,3,1,2132,106.600000,0
rma_pingpong,8,10,30,56,0,4,6,2388,119.400000,0
rma_pingpong,8,10,30,57,0,4,5,2388,119.400000,0
rma_pingpong,8,10,30,58,0,4,4,2280,114.000000,0
rma_pingpong,8,10,30,59,0,4,3,2280,114.000000,0
rma_pingpong,8,10,30,60,0,4,2,2248,112.400000,0
rma_pingpong,8,10,30,61,0,4,1,2249,112.450000,0
rma_pingpong,8,10,30,62,0,4,0,2118,105.900000,0
rma_pingpong,8,10,30,63,0,4,1,2132,106.600000,0
rma_pingpong,8,10,31,0,0,3,7,2305,115.250000,0
rma_pingpong,8,10,31,1,0,3,6,2305,115.250000,0
rma_pingpong,8,10,31,2,0,3,5,2248,112.400000,0
rma_pingpong,8,10,31,3,0,3,4,2248,112.400000,0
rma_pingpong,8,10,31,4,0,3,3,2165,108.250000,0
rma_pingpong,8,10,31,5,0,3,2,2165,108.250000,0
rma_pingpong,8,10,31,6,0,3,1,2108,105.400000,0
rma_pingpong,8,10,31,7,0,3,0,2108,105.400000,0
rma_pingpong,8,10,31,8,0,2,7,2305,115.250000,0
rma_pingpong,8,10,31,9,0,2,6,2305,115.250000,0
rma_pingpong,8,10,31,10,0,2,5,2248,112.400000,0
rma_pingpong,8,10,31,11,0,2,4,2248,112.400000,0
rma_pingpong,8,10,31,12,0,2,3,2169,108.450000,0
rma_pingpong,8,10,31,13,0,2,2,2169,108.450000,0
rma_pingpong,8,10,31,14,0,2,1,2108,105.400000,0
rma_pingpong,8,10,31,15,0,2,0,2108,105.400000,0
rma_pingpong,8,10,31,16,0,1,7,2249,112.450000,0
rma_pingpong,8,10,31,17,0,1,6,2249,112.450000,0
rma_pingpong,8,10,31,18,0,1,5,2169,108.450000,0
rma_pingpong,8,10,31,19,0,1,4,2169,108.450000,0
rma_pingpong,8,10,31,20,0,1,3,2048,102.400000,0
rma_pingpong,8,10,31,21,0,1,2,2108,105.400000,0
rma_pingpong,8,10,31,22,1,1,1,1968,98.400000,0
rma_pingpong,8,10,31,23,1,1,0,1968,98.400000,0
rma_pingpong,8,10,31,24,0,0,7,2249,112.450000,0
rma_pingpong,8,10,31,25,0,0,6,2248,112.400000,0
rma_pingpong,8,10,31,26,0,0,5,2169,108.450000,0
rma_pingpong,8,10,31,27,0,0,4,2163,108.150000,0
rma_pingpong,8,10,31,28,0,0,3,2108,105.400000,0
rma_pingpong,8,10,31,29,0,0,2,2108,105.400000,0
rma_pingpong,8,10,31,30,1,0,1,1968,98.400000,0
rma_pingpong,8,10,31,32,0,1,7,2280,114.000000,0
rma_pingpong,8,10,31,33,0,1,6,2280,114.000000,0
rma_pingpong,8,10,31,34,0,1,5,2249,112.450000,0
rma_pingpong,8,10,31,35,0,1,4,2249,112.450000,0
rma_pingpong,8,10,31,36,0,1,3,2118,105.900000,0
rma_pingpong,8,10,31,37,0,1,2,2118,105.900000,0
rma_pingpong,8,10,31,38,0,1,1,2050,102.500000,0
rma_pingpong,8,10,31,39,0,1,0,2050,102.500000,0
rma_pingpong,8,10,31,40,0,2,7,2280,114.000000,0
rma_pingpong,8,10,31,41,0,2,6,2280,114.000000,0
rma_pingpong,8,10,31,42,0,2,5,2249,112.450000,0
rma_pingpong,8,10,31,43,0,2,4,2249,112.450000,0
rma_pingpong,8,10,31,44,0,2,3,2118,105.900000,0
rma_pingpong,8,10,31,45,0,2,2,2118,105.900000,0
rma_pingpong,8,10,31,46,0,2,1,2050,102.500000,0
rma_pingpong,8,10,31,47,0,2,0,2050,102.500000,0
rma_pingpong,8,10,31,48,0,3,7,2388,119.400000,0
rma_pingpong,8,10,31,49,0,3,6,2388,119.400000,0
rma_pingpong,8,10,31,50,0,3,5,2280,114.000000,0
rma_pingpong,8,10,31,51,0,3,4,2280,114.000000,0
rma_pingpong,8,10,31,52,0,3,3,2249,112.450000,0
rma_pingpong,8,10,31,53,0,3,2,2249,112.450000,0
rma_pingpong,8,10,31,54,0,3,1,2132,106.600000,0
rma_pingpong,8,10,31,55,0,3,0,2132,106.600000,0
rma_pingpong,8,10,31,56,0,4,7,2388,119.400000,0
rma_pingpong,8,10,31,57,0,4,6,2388,119.400000,0
rma_pingpong,8,10,31,58,0,4,5,2280,114.000000,0
rma_pingpong,8,10,31,59,0,4,4,2280,114.000000,0
rma_pingpong,8,10,31,60,0,4,3,2249,112.450000,0
rma_pingpong,8,10,31,61,0,4,2,2249,112.450000,0
rma_pingpong,8,10,31,62,0,4,1,2132,106.600000,0
rma_pingpong,8,10,31,63,0,4,0,2132,106.600000,0
rma_pingpong,8,10,32,0,0,4,0,2165,108.250000,0
rma_pingpong,8,10,32,1,0,4,1,2163,108.150000,0
rma_pingpong,8,10,32,2,0,4,2,2248,112.400000,0
rma_pingpong,8,10,32,3,0,4,3,2248,112.400000,0
rma_pingpong,8,10,32,4,0,4,4,2305,115.250000,0
rma_pingpong,8,10,32,5,0,4,5,2305,115.250000,0
rma_pingpong,8,10,32,6,0,4,6,2388,119.400000,0
rma_pingpong,8,10,32,7,0,4,7,2388,119.400000,0
rma_pingpong,8,10,32,8,0,3,0,2163,108.150000,0
rma_pingpong,8,10,32,9,0,3,1,2165,108.250000,0
rma_pingpong,8,10,32,10,0,3,2,2248,112.400000,0
rma_pingpong,8,10,32,11,0,3,3,2248,112.400000,0
rma_pingpong,8,10,32,12,0,3,4,2305,115.250000,0
rma_pingpong,8,10,32,13,0,3,5,2305,115.250000,0
rma_pingpong,8,10,32,14,0,3,6,2390,119.500000,0
rma_pingpong,8,10,32,15,0,3,7,2390,119.500000,0
rma_pingpong,8,10,32,16,0,2,0,2050,102.500000,0
rma_pingpong,8,10,32,17,0,2,1,2050,102.500000,0
rma_pingpong,8,10,32,18,0,2,2,2163,108.150000,0
rma_pingpong,8,10,32,19,0,2,3,2169,108.450000,0
rma_pingpong,8,10,32,20,0,2,4,2248,112.400000,0
rma_pingpong,8,10,32,21,0,2,5,2248,112.400000,0
rma_pingpong,8,10,32,22,0,2,6,2280,114.000000,0
rma_pingpong,8,10,32,23,0,2,7,2280,114.000000,0
rma_pingpong,8,10,32,24,0,1,0,2050,102.500000,0
rma_pingpong,8,10,32,25,0,1,1,2050,102.500000,0
rma_pingpong,8,10,32,26,0,1,2,2163,108.150000,0
rma_pingpong,8,10,32,27,0,1,3,2169,108.450000,0
rma_pingpong,8,10,32,28,0,1,4,2248,112.400000,0
rma_pingpong,8,10,32,29,0,1,5,2248,112.400000,0
rma_pingpong,8,10,32,30,0,1,6,2280,114.000000,0
rma_pingpong,8,10,32,31,0,1,7,2280,114.000000,0
rma_pingpong,8,10,32,33,1,0,1,1968,98.400000,0
rma_pingpong,8,10,32,34,0,0,2,2050,102.500000,0
rma_pingpong,8,10,32,35,0,0,3,2050,102.500000,0
rma_pingpong,8,10,32,36,0,0,4,2132,106.600000,0
rma_pingpong,8,10,32,37,0,0,5,2132,106.600000,0
rma_pingpong,8,10,32,38,0,0,6,2249,112.450000,0
rma_pingpong,8,10,32,39,0,0,7,2248,112.400000,0
rma_pingpong,8,10,32,40,1,1,0,1968,98.400000,0
rma_pingpong,8,10,32,41,1,1,1,1968,98.400000,0
rma_pingpong,8,10,32,42,0,1,2,2050,102.500000,0
rma_pingpong,8,10,32,43,0,1,3,2050,102.500000,0
rma_pingpong,8,10,32,44,0,1,4,2132,106.600000,0
rma_pingpong,8,10,32,45,0,1,5,2132,106.600000,0
rma_pingpong,8,10,32,46,0,1,6,2248,112.400000,0
rma_pingpong,8,10,32,47,0,1,7,2189,109.450000,0
rma_pingpong,8,10,32,48,0,2,0,2050,102.500000,0
rma_pingpong,8,10,32,49,0,2,1,2050,102.500000,0
rma_pingpong,8,10,32,50,0,2,2,2132,106.600000,0
rma_pingpong,8,10,32,51,0,2,3,2132,106.600000,0
rma_pingpong,8,10,32,52,0,2,4,2248,112.400000,0
rma_pingpong,8,10,32,53,0,2,5,2248,112.400000,0
rma_pingpong,8,10,32,54,0,2,6,2280,114.000000,0
rma_pingpong,8,10,32,55,0,2,7,2280,114.000000,0
rma_pingpong,8,10,32,56,0,3,0,2050,102.500000,0
rma_pingpong,8,10,32,57,0,3,1,2050,102.500000,0
rma_pingpong,8,10,32,58,0,3,2,2132,106.600000,0
rma_pingpong,8,10,32,59,0,3,3,2132,106.600000,0
rma_pingpong,8,10,32,60,0,3,4,2248,112.400000,0
rma_pingpong,8,10,32,61,0,3,5,2248,112.400000,0
rma_pingpong,8,10,32,62,0,3,6,2280,114.000000,0
rma_pingpong,8,10,32,63,0,3,7,2280,114.000000,0
rma_pingpong,8,10,33,0,0,4,1,2163,108.150000,0
rma_pingpong,8,10,33,1,0,4,0,2169,108.450000,0
rma_pingpong,8,10,33,2,0,4,1,2248,112.400000,0
rma_pingpong,8,10,33,3,0,4,2,2248,112.400000,0
rma_pingpong,8,10,33,4,0,4,3,2305,115.250000,0
rma_pingpong,8,10,33,5,0,4,4,2309,115.450000,0
rma_pingpong,8,10,33,6,0,4,5,2388,119.400000,0
rma_pingpong,8,10,33,7,0,4,6,2390,119.500000,0
rma_pingpong,8,10,33,8,0,3,1,2169,108.450000,0
rma_pingpong,8,10,33,9,0,3,0,2169,108.450000,0
rma_pingpong,8,10,33,10,0,3,1,2248,112.400000,0
rma_pingpong,8,10,33,11,0,3,2,2248,112.400000,0
rma_pingpong,8,10,33,12,0,3,3,2309,115.450000,0
rma_pingpong,8,10,33,13,0,3,4,2309,115.450000,0
rma_pingpong,8,10,33,14,0,3,5,2388,119.400000,0
rma_pingpong,8,10,33,15,0,3,6,2388,119.400000,0
rma_pingpong,8,10,33,16,0,2,1,2050,102.500000,0
rma_pingpong,8,10,33,17,0,2,0,2050,102.500000,0
rma_pingpong,8,10,33,18,0,2,1,2169,108.450000,0
rma_pingpong,8,10,33,19,0,2,2,2165,108.250000,0
rma_pingpong,8,10,33,20,0,2,3,2248,112.400000,0
rma_pingpong,8,10,33,21,0,2,4,2248,112.400000,0
rma_pingpong,8,10,33,22,0,2,5,2280,114.000000,0
rma_pingpong,8,10,33,23,0,2,6,2280,114.000000,0
rma_pingpong,8,10,33,24,0,1,1,2050,102.500000,0
rma_pingpong,8,10,33,25,0,1,0,2050,102.500000,0
rma_pingpong,8,10,33,26,0,1,1,2169,108.450000,0
rma_pingpong,8,10,33,27,0,1,2,2165,108.250000,0
rma_pingpong,8,10,33,28,0,1,3,2248,112.400000,0
rma_pingpong,8,10,33,29,0,1,4,2248,112.400000,0
rma_pingpong,8,10,33,30,0,1,5,2280,114.000000,0
rma_pingpong,8,10,33,31,0,1,6,2280,114.000000,0
rma_pingpong,8,10,33,32,1,0,1,1968,98.400000,0
rma_pingpong,8,10,33,34,0,0,1,2050,102.500000,0
rma_pingpong,8,10,33,35,0,0,2,2050,102.500000,0
rma_pingpong,8,10,33,36,0,0,3,2132,106.600000,0
rma_pingpong,8,10,33,37,0,0,4,2132,106.600000,0
rma_pingpong,8,10,33,38,0,0,5,2249,112.450000,0
rma_pingpong,8,10,33,39,0,0,6,2249,112.450000,0
rma_pingpong,8,10,33,40,1,1,1,1968,98.400000,0
rma_pingpong,8,10,33,41,1,1,0,1968,98.400000,0
rma_pingpong,8,10,33,42,0,1,1,2050,102.500000,0
rma_pingpong,8,10,33,43,0,1,2,2050,102.500000,0
rma_pingpong,8,10,33,44,0,1,3,2132,106.600000,0
rma_pingpong,8,10,33,45,0,1,4,2132,106.600000,0
rma_pingpong,8,10,33,46,0,1,5,2249,112.450000,0
rma_pingpong,8,10,33,47,0,1,6,2249,112.450000,0
rma_pingpong,8,10,33,48,0,2,1,2050,102.500000,0
rma_pingpong,8,10,33,49,0,2,0,2050,102.500000,0
rma_pingpong,8,10,33,50,0,2,1,2132,106.600000,0
rma_pingpong,8,10,33,51,0,2,2,2132,106.600000,0
rma_pingpong,8,10,33,52,0,2,3,2249,112.450000,0
rma_pingpong,8,10,33,53,0,2,4,2249,112.450000,0
rma_pingpong,8,10,33,54,0,2,5,2280,114.000000,0
rma_pingpong,8,10,33,55,0,2,6,2280,114.000000,0
rma_pingpong,8,10,33,56,0,3,1,2050,102.500000,0
rma_pingpong,8,10,33,57,0,3,0,2050,102.500000,0
rma_pingpong,8,10,33,58,0,3,1,2132,106.600000,0
rma_pingpong,8,10,33,59,0,3,2,2132,106.600000,0
rma_pingpong,8,10,33,60,0,3,3,2249,112.450000,0
rma_pingpong,8,10,33,61,0,3,4,2249,112.450000,0
rma_pingpong,8,10,33,62,0,3,5,2280,114.000000,0
rma_pingpong,8,10,33,63,0,3,6,2280,114.000000,0
rma_pingpong,8,10,34,0,0,4,2,2248,112.400000,0
rma_pingpong,8,10,34,1,0,4,1,2248,112.400000,0
rma_pingpong,8,10,34,2,0,4,0,2165,108.250000,0
rma_pingpong,8,10,34,3,0,4,1,2165,108.250000,0
rma_pingpong,8,10,34,4,0,4,2,2248,112.400000,0
rma_pingpong,8,10,34,5,0,4,3,2248,112.400000,0
rma_pingpong,8,10,34,6,0,4,4,2305,115.250000,0
rma_pingpong,8,10,34,7,0,4,5,2305,115.250000,0
rma_pingpong,8,10,34,8,0,3,2,2248,112.400000,0
rma_pingpong,8,10,34,9,0,3,1,2248,112.400000,0
rma_pingpong,8,10,34,10,0,3,0,2169,108.450000,0
rma_pingpong,8,10,34,11,0,3,1,2169,108.450000,0
rma_pingpong,8,10,34,12,0,3,2,2248,112.400000,0
rma_pingpong,8,10,34,13,0,3,3,2248,112.400000,0
rma_pingpong,8,10,34,14,0,3,4,2305,115.250000,0
rma_pingpong,8,10,34,15,0,3,5,2305,115.250000,0
rma_pingpong,8,10,34,16,0,2,2,2132,106.600000,0
rma_pingpong,8,10,34,17,0,2,1,2132,106.600000,0
rma_pingpong,8,10,34,18,0,2,0,2108,105.400000,0
rma_pingpong,8,10,34,19,0,2,1,2108,105.400000,0
rma_pingpong,8,10,34,20,0,2,2,2165,108.250000,0
rma_pingpong,8,10,34,21,0,2,3,2163,108.150000,0
rma_pingpong,8,10,34,22,0,2,4,2249,112.450000,0
rma_pingpong,8,10,34,23,0,2,5,2249,112.450000,0
rma_pingpong,8,10,34,24,0,1,2,2132,106.600000,0
rma_pingpong,8,10,34,25,0,1,1,2132,106.600000,0
rma_pingpong,8,10,34,26,0,1,0,2108,105.400000,0
rma_pingpong,8,10,34,27,0,1,1,2108,105.400000,0
rma_pingpong,8,10,34,28,0,1,2,2165,108.250000,0
rma_pingpong,8,10,34,29,0,1,3,2163,108.150000,0
rma_pingpong,8,10,34,30,0,1,4,2249,112.450000,0
rma_pingpong,8,10,34,31,0,1,5,2249,112.450000,0
rma_pingpong,8,10,34,32,0,0,2,2050,102.500000,0
rma_pingpong,8,10,34,33,0,0,1,2050,102.500000,0
rma_pingpong,8,10,34,35,1,0,1,1968,98.400000,0
rma_pingpong,8,10,34,36,0,0,2,2050,102.500000,0
rma_pingpong,8,10,34,37,0,0,3,2050,102.500000,0
rma_pingpong,8,10,34,38,0,0,4,2118,105.900000,0
rma_pingpong,8,10,34,39,0,0,5,2132,106.600000,0
rma_pingpong,8,10,34,40,0,1,2,2050,102.500000,0
rma_pingpong,8,10,34,41,0,1,1,2050,102.500000,0
rma_pingpong,8,10,34,42,1,1,0,1968,98.400000,0
rma_pingpong,8,10,34,43,1,1,1,1968,98.400000,0
rma_pingpong,8,10,34,44,0,1,2,2050,102.500000,0
rma_pingpong,8,10,34,45,0,1,3,2049,102.450000,0
rma_pingpong,8,10,34,46,0,1,4,2132,106.600000,0
rma_pingpong,8,10,34,47,0,1,5,2118,105.900000,0
rma_pingpong,8,10,34,48,0,2,2,2132,106.600000,0
rma_pingpong,8,10,34,49,0,2,1,2132,106.600000,0
rma_pingpong,8,10,34,50,0,2,0,2050,102.500000,0
rma_pingpong,8,10,34,51,0,2,1,2050,102.500000,0
rma_pingpong,8,10,34,52,0,2,2,2132,106.600000,0
rma_pingpong,8,10,34,53,0,2,3,2118,105.900000,0
rma_pingpong,8,10,34,54,0,2,4,2249,112.450000,0
rma_pingpong,8,10,34,55,0,2,5,2189,109.450000,0
rma_pingpong,8,10,34,56,0,3,2,2132,106.600000,0
rma_pingpong,8,10,34,57,0,3,1,2132,106.600000,0
rma_pingpong,8,10,34,58,0,3,0,2050,102.500000,0
rma_pingpong,8,10,34,59,0,3,1,2050,102.500000,0
rma_pingpong,8,10,34,60,0,3,2,2132,106.600000,0
rma_pingpong,8,10,34,61,0,3,3,2118,105.900000,0
rma_pingpong,8,10,34,62,0,3,4,2249,112.450000,0
rma_pingpong,8,10,34,63,0,3,5,2189,109.450000,0
rma_pingpong,8,10,35,0,0,4,3,2248,112.400000,0
rma_pingpong,8,10,35,1,0,4,2,2248,112.400000,0
rma_pingpong,8,10,35,2,0,4,1,2165,108.250000,0
rma_pingpong,8,10,35,3,0,4,0,2165,108.250000,0
rma_pingpong,8,10,35,4,0,4,1,2248,112.400000,0
rma_pingpong,8,10,35,5,0,4,2,2248,112.400000,0
rma_pingpong,8,10,35,6,0,4,3,2305,115.250000,0
rma_pingpong,8,10,35,7,0,4,4,2305,115.250000,0
rma_pingpong,8,10,35,8,0,3,3,2248,112.400000,0
rma_pingpong,8,10,35,9,0,3,2,2248,112.400000,0
rma_pingpong,8,10,35,10,0,3,1,2169,108.450000,0
rma_pingpong,8,10,35,11,0,3,0,2163,108.150000,0
rma_pingpong,8,10,35,12,0,3,1,2248,112.400000,0
rma_pingpong,8,10,35,13,0,3,2,2248,112.400000,0
rma_pingpong,8,10,35,14,0,3,3,2305,115.250000,0
rma_pingpong,8,10,35,15,0,3,4,2305,115.250000,0
rma_pingpong,8,10,35,16,0,2,3,2132,106.600000,0
rma_pingpong,8,10,35,17,0,2,2,2132,106.600000,0
rma_pingpong,8,10,35,18,0,2,1,2108,105.400000,0
rma_pingpong,8,10,35,19,0,2,0,2108,105.400000,0
rma_pingpong,8,10,35,20,0,2,1,2165,108.250000,0
rma_pingpong,8,10,35,21,0,2,2,2163,108.150000,0
rma_pingpong,8,10,35,22,0,2,3,2249,112.450000,0
rma_pingpong,8,10,35,23,0,2,4,2249,112.450000,0
rma_pingpong,8,10,35,24,0,1,3,2132,106.600000,0
rma_pingpong,8,10,35,25,0,1,2,2132,106.600000,0
rma_pingpong,8,10,35,26,0,1,1,2108,105.400000,0
rma_pingpong,8,10,35,27,0,1,0,2108,105.400000,0
rma_pingpong,8,10,35,28,0,1,1,2165,108.250000,0
rma_pingpong,8,10,35,29,0,1,2,2163,108.150000,0
rma_pingpong,8,10,35,30,0,1,3,2249,112.450000,0
rma_pingpong,8,10,35,31,0,1,4,2249,112.450000,0
rma_pingpong,8,10,35,32,0,0,3,2050,102.500000,0
rma_pingpong,8,10,35,33,0,0,2,2050,102.500000,0
rma_pingpong,8,10,35,34,1,0,1,1968,98.400000,0
rma_pingpong,8,10,35,36,0,0,1,2050,102.500000,0
rma_pingpong,8,10,35,37,0,0,2,2050,102.500000,0
rma_pingpong,8,10,35,38,0,0,3,2118,105.900000,0
rma_pingpong,8,10,35,39,0,0,4,2132,106.600000,0
rma_pingpong,8,10,35,40,0,1,3,2050,102.500000,0
rma_pingpong,8,10,35,41,0,1,2,2050,102.500000,0
rma_pingpong,8,10,35,42,1,1,1,1968,98.400000,0
rma_pingpong,8,10,35,43,1,1,0,1968,98.400000,0
rma_pingpong,8,10,35,44,0,1,1,2050,102.500000,0
rma_pingpong,8,10,35,45,0,1,2,2050,102.500000,0
rma_pingpong,8,10,35,46,0,1,3,2132,106.600000,0
rma_pingpong,8,10,35,47,0,1,4,2132,106.600000,0
rma_pingpong,8,10,35,48,0,2,3,2132,106.600000,0
rma_pingpong,8,10,35,49,0,2,2,2132,106.600000,0
rma_pingpong,8,10,35,50,0,2,1,2050,102.500000,0
rma_pingpong,8,10,35,51,0,2,0,2050,102.500000,0
rma_pingpong,8,10,35,52,0,2,1,2132,106.600000,0
rma_pingpong,8,10,35,53,0,2,2,2132,106.600000,0
rma_pingpong,8,10,35,54,0,2,3,2249,112.450000,0
rma_pingpong,8,10,35,55,0,2,4,2249,112.450000,0
rma_pingpong,8,10,35,56,0,3,3,2132,106.600000,0
rma_pingpong,8,10,35,57,0,3,2,2132,106.600000,0
rma_pingpong,8,10,35,58,0,3,1,2050,102.500000,0
rma_pingpong,8,10,35,59,0,3,0,2050,102.500000,0
rma_pingpong,8,10,35,60,0,3,1,2132,106.600000,0
rma_pingpong,8,10,35,61,0,3,2,2132,106.600000,0
rma_pingpong,8,10,35,62,0,3,3,2249,112.450000,0
rma_pingpong,8,10,35,63,0,3,4,2249,112.450000,0
rma_pingpong,8,10,36,0,0,4,4,2309,115.450000,0
rma_pingpong,8,10,36,1,0,4,3,2309,115.450000,0
rma_pingpong,8,10,36,2,0,4,2,2248,112.400000,0
rma_pingpong,8,10,36,3,0,4,1,2248,112.400000,0
rma_pingpong,8,10,36,4,0,4,0,2165,108.250000,0
rma_pingpong,8,10,36,5,0,4,1,2165,108.250000,0
rma_pingpong,8,10,36,6,0,4,2,2248,112.400000,0
rma_pingpong,8,10,36,7,0,4,3,2248,112.400000,0
rma_pingpong,8,10,36,8,0,3,4,2305,115.250000,0
rma_pingpong,8,10,36,9,0,3,3,2305,115.250000,0
rma_pingpong,8,10,36,10,0,3,2,2248,112.400000,0
rma_pingpong,8,10,36,11,0,3,1,2248,112.400000,0
rma_pingpong,8,10,36,12,0,3,0,2169,108.450000,0
rma_pingpong,8,10,36,13,0,3,1,2169,108.450000,0
rma_pingpong,8,10,36,14,0,3,2,2248,112.400000,0
rma_pingpong,8,10,36,15,0,3,3,2248,112.400000,0
rma_pingpong,8,10,36,16,0,2,4,2249,112.450000,0
rma_pingpong,8,10,36,17,0,2,3,2248,112.400000,0
rma_pingpong,8,10,36,18,0,2,2,2169,108.450000,0
rma_pingpong,8,10,36,19,0,2,1,2169,108.450000,0
rma_pingpong,8,10,36,20,0,2,0,2108,105.400000,0
rma_pingpong,8,10,36,21,0,2,1,2108,105.400000,0
rma_pingpong,8,10,36,22,0,2,2,2132,106.600000,0
rma_pingpong,8,10,36,23,0,2,3,2132,106.600000,0
rma_pingpong,8,10,36,24,0,1,4,2249,112.450000,0
rma_pingpong,8,10,36,25,0,1,3,2248,112.400000,0
rma_pingpong,8,10,36,26,0,1,2,2169,108.450000,0
rma_pingpong,8,10,36,27,0,1,1,2169,108.450000,0
rma_pingpong,8,10,36,28,0,1,0,2108,105.400000,0
rma_pingpong,8,10,36,29,0,1,1,2108,105.400000,0
rma_pingpong,8,10,36,30,0,1,2,2132,106.600000,0
rma_pingpong,8,10,36,31,0,1,3,2132,106.600000,0
rma_pingpong,8,10,36,32,0,0,4,2132,106.600000,0
rma_pingpong,8,10,36,33,0,0,3,2132,106.600000,0
rma_pingpong,8,10,36,34,0,0,2,2050,102.500000,0
rma_pingpong,8,10,36,35,0,0,1,2050,102.500000,0
rma_pingpong,8,10,36,37,1,0,1,1968,98.400000,0
rma_pingpong,8,10,36,38,0,0,2,2050,102.500000,0
rma_pingpong,8,10,36,39,0,0,3,2050,102.500000,0
rma_pingpong,8,10,36,40,0,1,4,2132,106.600000,0
rma_pingpong,8,10,36,41,0,1,3,2132,106.600000,0
rma_pingpong,8,10,36,42,0,1,2,2050,102.500000,0
rma_pingpong,8,10,36,43,0,1,1,2050,102.500000,0
rma_pingpong,8,10,36,44,1,1,0,1968,98.400000,0
rma_pingpong,8,10,36,45,1,1,1,1968,98.400000,0
rma_pingpong,8,10,36,46,0,1,2,2050,102.500000,0
rma_pingpong,8,10,36,47,0,1,3,2049,102.450000,0
rma_pingpong,8,10,36,48,0,2,4,2248,112.400000,0
rma_pingpong,8,10,36,49,0,2,3,2249,112.450000,0
rma_pingpong,8,10,36,50,0,2,2,2132,106.600000,0
rma_pingpong,8,10,36,51,0,2,1,2132,106.600000,0
rma_pingpong,8,10,36,52,0,2,0,2050,102.500000,0
rma_pingpong,8,10,36,53,0,2,1,2050,102.500000,0
rma_pingpong,8,10,36,54,0,2,2,2132,106.600000,0
rma_pingpong,8,10,36,55,0,2,3,2118,105.900000,0
rma_pingpong,8,10,36,56,0,3,4,2248,112.400000,0
rma_pingpong,8,10,36,57,0,3,3,2249,112.450000,0
rma_pingpong,8,10,36,58,0,3,2,2132,106.600000,0
rma_pingpong,8,10,36,59,0,3,1,2132,106.600000,0
rma_pingpong,8,10,36,60,0,3,0,2050,102.500000,0
rma_pingpong,8,10,36,61,0,3,1,2050,102.500000,0
rma_pingpong,8,10,36,62,0,3,2,2132,106.600000,0
rma_pingpong,8,10,36,63,0,3,3,2118,105.900000,0
rma_pingpong,8,10,37,0,0,4,5,2305,115.250000,0
rma_pingpong,8,10,37,1,0,4,4,2305,115.250000,0
rma_pingpong,8,10,37,2,0,4,3,2248,112.400000,0
rma_pingpong,8,10,37,3,0,4,2,2248,112.400000,0
rma_pingpong,8,10,37,4,0,4,1,2165,108.250000,0
rma_pingpong,8,10,37,5,0,4,0,2165,108.250000,0
rma_pingpong,8,10,37,6,0,4,1,2248,112.400000,0
rma_pingpong,8,10,37,7,0,4,2,2248,112.400000,0
rma_pingpong,8,10,37,8,0,3,5,2305,115.250000,0
rma_pingpong,8,10,37,9,0,3,4,2305,115.250000,0
rma_pingpong,8,10,37,10,0,3,3,2248,112.400000,0
rma_pingpong,8,10,37,11,0,3,2,2248,112.400000,0
rma_pingpong,8,10,37,12,0,3,1,2169,108.450000,0
rma_pingpong,8,10,37,13,0,3,0,2163,108.150000,0
rma_pingpong,8,10,37,14,0,3,1,2248,112.400000,0
rma_pingpong,8,10,37,15,0,3,2,2248,112.400000,0
rma_pingpong,8,10,37,16,0,2,5,2249,112.450000,0
rma_pingpong,8,10,37,17,0,2,4,2248,112.400000,0
rma_pingpong,8,10,37,18,0,2,3,2169,108.450000,0
rma_pingpong,8,10,37,19,0,2,2,2169,108.450000,0
rma_pingpong,8,10,37,20,0,2,1,2108,105.400000,0
rma_pingpong,8,10,37,21,0,2,0,2108,105.400000,0
rma_pingpong,8,10,37,22,0,2,1,2132,106.600000,0
rma_pingpong,8,10,37,23,0,2,2,2132,106.600000,0
rma_pingpong,8,10,37,24,0,1,5,2249,112.450000,0
rma_pingpong,8,10,37,25,0,1,4,2248,112.400000,0
rma_pingpong,8,10,37,26,0,1,3,2169,108.450000,0
rma_pingpong,8,10,37,27,0,1,2,2169,108.450000,0
rma_pingpong,8,10,37,28,0,1,1,2108,105.400000,0
rma_pingpong,8,10,37,29,0,1,0,2108,105.400000,0
rma_pingpong,8,10,37,30,0,1,1,2132,106.600000,0
rma_pingpong,8,10,37,31,0,1,2,2132,106.600000,0
rma_pingpong,8,10,37,32,0,0,5,2132,106.600000,0
rma_pingpong,8,10,37,33,0,0,4,2132,106.600000,0
rma_pingpong,8,10,37,34,0,0,3,2050,102.500000,0
rma_pingpong,8,10,37,35,0,0,2,2050,102.500000,0
rma_pingpong,8,10,37,36,1,0,1,1968,98.400000,0
rma_pingpong,8,10,37,38,0,0,1,2050,102.500000,0
rma_pingpong,8,10,37,39,0,0,2,2050,102.500000,0
rma_pingpong,8,10,37,40,0,1,5,2132,106.600000,0
rma_pingpong,8,10,37,41,0,1,4,2132,106.600000,0
rma_pingpong,8,10,37,42,0,1,3,2050,102.500000,0
rma_pingpong,8,10,37,43,0,1,2,2050,102.500000,0
rma_pingpong,8,10,37,44,1,1,1,1968,98.400000,0
rma_pingpong,8,10,37,45,1,1,0,1968,98.400000,0
rma_pingpong,8,10,37,46,0,1,1,2050,102.500000,0
rma_pingpong,8,10,37,47,0,1,2,2050,102.500000,0
rma_pingpong,8,10,37,48,0,2,5,2249,112.450000,0
rma_pingpong,8,10,37,49,0,2,4,2249,112.450000,0
rma_pingpong,8,10,37,50,0,2,3,2118,105.900000,0
rma_pingpong,8,10,37,51,0,2,2,2118,105.900000,0
rma_pingpong,8,10,37,52,0,2,1,2050,102.500000,0
rma_pingpong,8,10,37,53,0,2,0,2050,102.500000,0
rma_pingpong,8,10,37,54,0,2,1,2132,106.600000,0
rma_pingpong,8,10,37,55,0,2,2,2132,106.600000,0
rma_pingpong,8,10,37,56,0,3,5,2248,112.400000,0
rma_pingpong,8,10,37,57,0,3,4,2249,112.450000,0
rma_pingpong,8,10,37,58,0,3,3,2118,105.900000,0
rma_pingpong,8,10,37,59,0,3,2,2118,105.900000,0
rma_pingpong,8,10,37,60,0,3,1,2050,102.500000,0
rma_pingpong,8,10,37,61,0,3,0,2050,102.500000,0
rma_pingpong,8,10,37,62,0,3,1,2132,106.600000,0
rma_pingpong,8,10,37,63,0,3,2,2132,106.600000,0
rma_pingpong,8,10,38,0,0,4,6,2390,119.500000,0
rma_pingpong,8,10,38,1,0,4,5,2388,119.400000,0
rma_pingpong,8,10,38,2,0,4,4,2305,115.250000,0
rma_pingpong,8,10,38,3,0,4,3,2305,115.250000,0
rma_pingpong,8,10,38,4,0,4,2,2248,112.400000,0
rma_pingpong,8,10,38,5,0,4,1,2248,112.400000,0
rma_pingpong,8,10,38,6,0,4,0,2165,108.250000,0
rma_pingpong,8,10,38,7,0,4,1,2165,108.250000,0
rma_pingpong,8,10,38,8,0,3,6,2388,119.400000,0
rma_pingpong,8,10,38,9,0,3,5,2390,119.500000,0
rma_pingpong,8,10,38,10,0,3,4,2309,115.450000,0
rma_pingpong,8,10,38,11,0,3,3,2305,115.250000,0
rma_pingpong,8,10,38,12,0,3,2,2248,112.400000,0
rma_pingpong,8,10,38,13,0,3,1,2248,112.400000,0
rma_pingpong,8,10,38,14,0,3,0,2169,108.450000,0
rma_pingpong,8,10,38,15,0,3,1,2169,108.450000,0
rma_pingpong,8,10,38,16,0,2,6,2280,114.000000,0
rma_pingpong,8,10,38,17,0,2,5,2280,114.000000,0
rma_pingpong,8,10,38,18,0,2,4,2248,112.400000,0
rma_pingpong,8,10,38,19,0,2,3,2248,112.400000,0
rma_pingpong,8,10,38,20,0,2,2,2169,108.450000,0
rma_pingpong,8,10,38,21,0,2,1,2169,108.450000,0
rma_pingpong,8,10,38,22,0,2,0,2050,102.500000,0
rma_pingpong,8,10,38,23,0,2,1,2050,102.500000,0
rma_pingpong,8,10,38,24,0,1,6,2280,114.000000,0
rma_pingpong,8,10,38,25,0,1,5,2280,114.000000,0
rma_pingpong,8,10,38,26,0,1,4,2248,112.400000,0
rma_pingpong,8,10,38,27,0,1,3,2248,112.400000,0
rma_pingpong,8,10,38,28,0,1,2,2169,108.450000,0
rma_pingpong,8,10,38,29,0,1,1,2169,108.450000,0
rma_pingpong,8,10,38,30,0,1,0,2050,102.500000,0
rma_pingpong,8,10,38,31,0,1,1,2050,102.500000,0
rma_pingpong,8,10,38,32,0,0,6,2249,112.450000,0
rma_pingpong,8,10,38,33,0,0,5,2248,112.400000,0
rma_pingpong,8,10,38,34,0,0,4,2132,106.600000,0
rma_pingpong,8,10,38,35,0,0,3,2132,106.600000,0
rma_pingpong,8,10,38,36,0,0,2,2050,102.500000,0
rma_pingpong,8,10,38,37,0,0,1,2050,102.500000,0
rma_pingpong,8,10,38,39,1,0,1,1968,98.400000,0
rma_pingpong,8,10,38,40,0,1,6,2249,112.450000,0
rma_pingpong,8,10,38,41,0,1,5,2248,112.400000,0
rma_pingpong,8,10,38,42,0,1,4,2132,106.600000,0
rma_pingpong,8,10,38,43,0,1,3,2132,106.600000,0
rma_pingpong,8,10,38,44,0,1,2,2050,102.500000,0
rma_pingpong,8,10,38,45,0,1,1,2050,102.500000,0
rma_pingpong,8,10,38,46,1,1,0,1968,98.400000,0
rma_pingpong,8,10,38,47,1,1,1,1968,98.400000,0
rma_pingpong,8,10,38,48,0,2,6,2280,114.000000,0
rma_pingpong,8,10,38,49,0,2,5,2280,114.000000,0
rma_pingpong,8,10,38,50,0,2,4,2249,112.450000,0
rma_pingpong,8,10,38,51,0,2,3,2249,112.450000,0
rma_pingpong,8,10,38,52,0,2,2,2132,106.600000,0
rma_pingpong,8,10,38,53,0,2,1,2132,106.600000,0
rma_pingpong,8,10,38,54,0,2,0,2050,102.500000,0
rma_pingpong,8,10,38,55,0,2,1,2050,102.500000,0
rma_pingpong,8,10,38,56,0,3,6,2280,114.000000,0
rma_pingpong,8,10,38,57,0,3,5,2280,114.000000,0
rma_pingpong,8,10,38,58,0,3,4,2249,112.450000,0
rma_pingpong,8,10,38,59,0,3,3,2249,112.450000,0
rma_pingpong,8,10,38,60,0,3,2,2132,106.600000,0
rma_pingpong,8,10,38,61,0,3,1,2132,106.600000,0
rma_pingpong,8,10,38,62,0,3,0,2050,102.500000,0
rma_pingpong,8,10,38,63,0,3,1,2050,102.500000,0
rma_pingpong,8,10,39,0,0,4,7,2388,119.400000,0
rma_pingpong,8,10,39,1,0,4,6,2388,119.400000,0
rma_pingpong,8,10,39,2,0,4,5,2305,115.250000,0
rma_pingpong,8,10,39,3,0,4,4,2305,115.250000,0
rma_pingpong,8,10,39,4,0,4,3,2248,112.400000,0
rma_pingpong,8,10,39,5,0,4,2,2248,112.400000,0
rma_pingpong,8,10,39,6,0,4,1,2165,108.250000,0
rma_pingpong,8,10,39,7,0,4,0,2165,108.250000,0
rma_pingpong,8,10,39,8,0,3,7,2388,119.400000,0
rma_pingpong,8,10,39,9,0,3,6,2390,119.500000,0
rma_pingpong,8,10,39,10,0,3,5,2309,115.450000,0
rma_pingpong,8,10,39,11,0,3,4,2305,115.250000,0
rma_pingpong,8,10,39,12,0,3,3,2248,112.400000,0
rma_pingpong,8,10,39,13,0,3,2,2248,112.400000,0
rma_pingpong,8,10,39,14,0,3,1,2169,108.450000,0
rma_pingpong,8,10,39,15,0,3,0,2163,108.150000,0
rma_pingpong,8,10,39,16,0,2,7,2280,114.000000,0
rma_pingpong,8,10,39,17,0,2,6,2280,114.000000,0
rma_pingpong,8,10,39,18,0,2,5,2248,112.400000,0
rma_pingpong,8,10,39,19,0,2,4,2248,112.400000,0
rma_pingpong,8,10,39,20,0,2,3,2169,108.450000,0
rma_pingpong,8,10,39,21,0,2,2,2169,108.450000,0
rma_pingpong,8,10,39,22,0,2,1,2050,102.500000,0
rma_pingpong,8,10,39,23,0,2,0,2050,102.500000,0
rma_pingpong,8,10,39,24,0,1,7,2280,114.000000,0
rma_pingpong,8,10,39,25,0,1,6,2280,114.000000,0
rma_pingpong,8,10,39,26,0,1,5,2248,112.400000,0
rma_pingpong,8,10,39,27,0,1,4,2248,112.400000,0
rma_pingpong,8,10,39,28,0,1,3,2169,108.450000,0
rma_pingpong,8,10,39,29,0,1,2,2169,108.450000,0
rma_pingpong,8,10,39,30,0,1,1,2050,102.500000,0
rma_pingpong,8,10,39,31,0,1,0,2050,102.500000,0
rma_pingpong,8,10,39,32,0,0,7,2249,112.450000,0
rma_pingpong,8,10,39,33,0,0,6,2248,112.400000,0
rma_pingpong,8,10,39,34,0,0,5,2132,106.600000,0
rma_pingpong,8,10,39,35,0,0,4,2132,106.600000,0
rma_pingpong,8,10,39,36,0,0,3,2050,102.500000,0
rma_pingpong,8,10,39,37,0,0,2,2050,102.500000,0
rma_pingpong,8,10,39,38,1,0,1,1968,98.400000,0
rma_pingpong,8,10,39,40,0,1,7,2189,109.450000,0
rma_pingpong,8,10,39,41,0,1,6,2249,112.450000,0
rma_pingpong,8,10,39,42,0,1,5,2132,106.600000,0
rma_pingpong,8,10,39,43,0,1,4,2132,106.600000,0
rma_pingpong,8,10,39,44,0,1,3,2050,102.500000,0
rma_pingpong,8,10,39,45,0,1,2,2050,102.500000,0
rma_pingpong,8,10,39,46,1,1,1,1968,98.400000,0
rma_pingpong,8,10,39,47,1,1,0,1968,98.400000,0
rma_pingpong,8,10,39,48,0,2,7,2280,114.000000,0
rma_pingpong,8,10,39,49,0,2,6,2280,114.000000,0
rma_pingpong,8,10,39,50,0,2,5,2249,112.450000,0
rma_pingpong,8,10,39,51,0,2,4,2249,112.450000,0
rma_pingpong,8,10,39,52,0,2,3,2118,105.900000,0
rma_pingpong,8,10,39,53,0,2,2,2118,105.900000,0
rma_pingpong,8,10,39,54,0,2,1,2050,102.500000,0
rma_pingpong,8,10,39,55,0,2,0,2050,102.500000,0
rma_pingpong,8,10,39,56,0,3,7,2280,114.000000,0
rma_pingpong,8,10,39,57,0,3,6,2280,114.000000,0
rma_pingpong,8,10,39,58,0,3,5,2249,112.450000,0
rma_pingpong,8,10,39,59,0,3,4,2249,112.450000,0
rma_pingpong,8,10,39,60,0,3,3,2118,105.900000,0
rma_pingpong,8,10,39,61,0,3,2,2118,105.900000,0
rma_pingpong,8,10,39,62,0,3,1,2050,102.500000,0
rma_pingpong,8,10,39,63,0,3,0,2050,102.500000,0
rma_pingpong,8,10,40,0,0,5,0,2165,108.250000,0
rma_pingpong,8,10,40,1,0,5,1,2163,108.150000,0
rma_pingpong,8,10,40,2,0,5,2,2248,112.400000,0
rma_pingpong,8,10,40,3,0,5,3,2248,112.400000,0
rma_pingpong,8,10,40,4,0,5,4,2305,115.250000,0
rma_pingpong,8,10,40,5,0,5,5,2305,115.250000,0
rma_pingpong,8,10,40,6,0,5,6,2388,119.400000,0
rma_pingpong,8,10,40,7,0,5,7,2388,119.400000,0
rma_pingpong,8,10,40,8,0,4,0,2163,108.150000,0
rma_pingpong,8,10,40,9,0,4,1,2165,108.250000,0
rma_pingpong,8,10,40,10,0,4,2,2248,112.400000,0
rma_pingpong,8,10,40,11,0,4,3,2248,112.400000,0
rma_pingpong,8,10,40,12,0,4,4,2305,115.250000,0
rma_pingpong,8,10,40,13,0,4,5,2305,115.250000,0
rma_pingpong,8,10,40,14,0,4,6,2390,119.500000,0
rma_pingpong,8,10,40,15,0,4,7,2390,119.500000,0
rma_pingpong,8,10,40,16,0,3,0,2050,102.500000,0
rma_pingpong,8,10,40,17,0,3,1,2050,102.500000,0
rma_pingpong,8,10,40,18,0,3,2,2163,108.150000,0
rma_pingpong,8,10,40,19,0,3,3,2169,108.450000,0
rma_pingpong,8,10,40,20,0,3,4,2248,112.400000,0
rma_pingpong,8,10,40,21,0,3,5,2248,112.400000,0
rma_pingpong,8,10,40,22,0,3,6,2280,114.000000,0
rma_pingpong,8,10,40,23,0,3,7,2280,114.000000,0
rma_pingpong,8,10,40,24,0,2,0,2050,102.500000,0
rma_pingpong,8,10,40,25,0,2,1,2050,102.500000,0
rma_pingpong,8,10,40,26,0,2,2,2163,108.150000,0
rma_pingpong,8,10,40,27,0,2,3,2169,108.450000,0
rma_pingpong,8,10,40,28,0,2,4,2248,112.400000,0
rma_pingpong,8,10,40,29,0,2,5,2248,112.400000,0
rma_pingpong,8,10,40,30,0,2,6,2280,114.000000,0
rma_pingpong,8,10,40,31,0,2,7,2280,114.000000,0
rma_pingpong,8,10,40,32,1,1,0,1968,98.400000,0
rma_pingpong,8,10,40,33,1,1,1,1968,98.400000,0
rma_pingpong,8,10,40,34,0,1,2,2050,102.500000,0
rma_pingpong,8,10,40,35,0,1,3,2050,102.500000,0
rma_pingpong,8,10,40,36,0,1,4,2132,106.600000,0
rma_pingpong,8,10,40,37,0,1,5,2132,106.600000,0
rma_pingpong,8,10,40,38,0,1,6,2248,112.400000,0
rma_pingpong,8,10,40,39,0,1,7,2189,109.450000,0
rma_pingpong,8,10,40,41,1,0,1,1968,98.400000,0
rma_pingpong,8,10,40,42,0,0,2,2050,102.500000,0
rma_pingpong,8,10,40,43,0,0,3,2050,102.500000,0
rma_pingpong,8,10,40,44,0,0,4,2132,106.600000,0
rma_pingpong,8,10,40,45,0,0,5,2132,106.600000,0
rma_pingpong,8,10,40,46,0,0,6,2249,112.450000,0
rma_pingpong,8,10,40,47,0,0,7,2248,112.400000,0
rma_pingpong,8,10,40,48,0,1,0,2050,102.500000,0
rma_pingpong,8,10,40,49,0,1,1,2050,102.500000,0
rma_pingpong,8,10,40,50,0,1,2,2132,106.600000,0
rma_pingpong,8,10,40,51,0,1,3,2132,106.600000,0
rma_pingpong,8,10,40,52,0,1,4,2248,112.400000,0
rma_pingpong,8,10,40,53,0,1,5,2248,112.400000,0
rma_pingpong,8,10,40,54,0,1,6,2280,114.000000,0
rma_pingpong,8,10,40,55,0,1,7,2280,114.000000,0
rma_pingpong,8,10,40,56,0,2,0,2050,102.500000,0
rma_pingpong,8,10,40,57,0,2,1,2050,102.500000,0
rma_pingpong,8,10,40,58,0,2,2,2132,106.600000,0
rma_pingpong,8,10,40,59,0,2,3,2132,106.600000,0
rma_pingpong,8,10,40,60,0,2,4,2248,112.400000,0
rma_pingpong,8,10,40,61,0,2,5,2248,112.400000,0
rma_pingpong,8,10,40,62,0,2,6,2280,114.000000,0
rma_pingpong,8,10,40,63,0,2,7,2280,114.000000,0
rma_pingpong,8,10,41,0,0,5,1,2163,108.150000,0
rma_pingpong,8,10,41,1,0,5,0,2169,108.450000,0
rma_pingpong,8,10,41,2,0,5,1,2248,112.400000,0
rma_pingpong,8,10,41,3,0,5,2,2248,112.400000,0
rma_pingpong,8,10,41,4,0,5,3,2305,115.250000,0
rma_pingpong,8,10,41,5,0,5,4,2309,115.450000,0
rma_pingpong,8,10,41,6,0,5,5,2388,119.400000,0
rma_pingpong,8,10,41,7,0,5,6,2390,119.500000,0
rma_pingpong,8,10,41,8,0,4,1,2169,108.450000,0
rma_pingpong,8,10,41,9,0,4,0,2169,108.450000,0
rma_pingpong,8,10,41,10,0,4,1,2248,112.400000,0
rma_pingpong,8,10,41,11,0,4,2,2248,112.400000,0
rma_pingpong,8,10,41,12,0,4,3,2309,115.450000,0
rma_pingpong,8,10,41,13,0,4,4,2309,115.450000,0
rma_pingpong,8,10,41,14,0,4,5,2388,119.400000,0
rma_pingpong,8,10,41,15,0,4,6,2388,119.400000,0
rma_pingpong,8,10,41,16,0,3,1,2050,102.500000,0
rma_pingpong,8,10,41,17,0,3,0,2050,102.500000,0
rma_pingpong,8,10,41,18,0,3,1,2169,108.450000,0
rma_pingpong,8,10,41,19,0,3,2,2165,108.250000,0
rma_pingpong,8,10,41,20,0,3,3,2248,112.400000,0
rma_pingpong,8,10,41,21,0,3,4,2248,112.400000,0
rma_pingpong,8,10,41,22,0,3,5,2280,114.000000,0
rma_pingpong,8,10,41,23,0,3,6,2280,114.000000,0
rma_pingpong,8,10,41,24,0,2,1,2050,102.500000,0
rma_pingpong,8,10,41,25,0,2,0,2050,102.500000,0
rma_pingpong,8,10,41,26,0,2,1,2169,108.450000,0
rma_pingpong,8,10,41,27,0,2,2,2165,108.250000,0
rma_pingpong,8,10,41,28,0,2,3,2248,112.400000,0
rma_pingpong,8,10,41,29,0,2,4,2248,112.400000,0
rma_pingpong,8,10,41,30,0,2,5,2280,114.000000,0
rma_pingpong,8,10,41,31,0,2,6,2280,114.000000,0
rma_pingpong,8,10,41,32,1,1,1,1968,98.400000,0
rma_pingpong,8,10,41,33,1,1,0,1968,98.400000,0
rma_pingpong,8,10,41,34,0,1,1,2050,102.500000,0
rma_pingpong,8,10,41,35,0,1,2,2050,102.500000,0
rma_pingpong,8,10,41,36,0,1,3,2132,106.600000,0
rma_pingpong,8,10,41,37,0,1,4,2132,106.600000,0
rma_pingpong,8,10,41,38,0,1,5,2249,112.450000,0
rma_pingpong,8,10,41,39,0,1,6,2249,112.450000,0
rma_pingpong,8,10,41,40,1,0,1,1968,98.400000,0
rma_pingpong,8,10,41,42,0,0,1,2050,102.500000,0
rma_pingpong,8,10,41,43,0,0,2,2050,102.500000,0
rma_pingpong,8,10,41,44,0,0,3,2132,106.600000,0
rma_pingpong,8,10,41,45,0,0,4,2132,106.600000,0
rma_pingpong,8,10,41,46,0,0,5,2249,112.450000,0
rma_pingpong,8,10,41,47,0,0,6,2249,112.450000,0
rma_pingpong,8,10,41,48,0,1,1,2050,102.500000,0
rma_pingpong,8,10,41,49,0,1,0,2050,102.500000,0
rma_pingpong,8,10,41,50,0,1,1,2132,106.600000,0
rma_pingpong,8,10,41,51,0,1,2,2132,106.600000,0
rma_pingpong,8,10,41,52,0,1,3,2249,112.450000,0
rma_pingpong,8,10,41,53,0,1,4,2249,112.450000,0
rma_pingpong,8,10,41,54,0,1,5,2280,114.000000,0
rma_pingpong,8,10,41,55,0,1,6,2280,114.000000,0
rma_pingpong,8,10,41,56,0,2,1,2050,102.500000,0
rma_pingpong,8,10,41,57,0,2,0,2050,102.500000,0
rma_pingpong,8,10,41,58,0,2,1,2132,106.600000,0
rma_pingpong,8,10,41,59,0,2,2,2132,106.600000,0
rma_pingpong,8,10,41,60,0,2,3,2249,112.450000,0
rma_pingpong,8,10,41,61,0,2,4,2249,112.450000,0
rma_pingpong,8,10,41,62,0,2,5,2280,114.000000,0
rma_pingpong,8,10,41,63,0,2,6,2280,114.000000,0
rma_pingpong,8,10,42,0,0,5,2,2248,112.400000,0
rma_pingpong,8,10,42,1,0,5,1,2248,112.400000,0
rma_pingpong,8,10,42,2,0,5,0,2165,108.250000,0
rma_pingpong,8,10,42,3,0,5,1,2165,108.250000,0
rma_pingpong,8,10,42,4,0,5,2,2248,112.400000,0
rma_pingpong,8,10,42,5,0,5,3,2248,112.400000,0
rma_pingpong,8,10,42,6,0,5,4,2305,115.250000,0
rma_pingpong,8,10,42,7,0,5,5,2305,115.250000,0
rma_pingpong,8,10,42,8,0,4,2,2248,112.400000,0
rma_pingpong,8,10,42,9,0,4,1,2248,112.400000,0
rma_pingpong,8,10,42,10,0,4,0,2169,108.450000,0
rma_pingpong,8,10,42,11,0,4,1,2169,108.450000,0
rma_pingpong,8,10,42,12,0,4,2,2248,112.400000,0
rma_pingpong,8,10,42,13,0,4,3,2248,112.400000,0
rma_pingpong,8,10,42,14,0,4,4,2305,115.250000,0
rma_pingpong,8,10,42,15,0,4,5,2305,115.250000,0
rma_pingpong,8,10,42,16,0,3,2,2132,106.600000,0
rma_pingpong,8,10,42,17,0,3,1,2132,106.600000,0
rma_pingpong,8,10,42,18,0,3,0,2108,105.400000,0
rma_pingpong,8,10,42,19,0,3,1,2108,105.400000,0
rma_pingpong,8,10,42,20,0,3,2,2165,108.250000,0
rma_pingpong,8,10,42,21,0,3,3,2163,108.150000,0
rma_pingpong,8,10,42,22,0,3,4,2249,112.450000,0
rma_pingpong,8,10,42,23,0,3,5,2249,112.450000,0
rma_pingpong,8,10,42,24,0,2,2,2132,106.600000,0
rma_pingpong,8,10,42,25,0,2,1,2132,106.600000,0
rma_pingpong,8,10,42,26,0,2,0,2108,105.400000,0
rma_pingpong,8,10,42,27,0,2,1,2108,105.400000,0
rma_pingpong,8,10,42,28,0,2,2,2165,108.250000,0
rma_pingpong,8,10,42,29,0,2,3,2163,108.150000,0
rma_pingpong,8,10,42,30,0,2,4,2249,112.450000,0
rma_pingpong,8,10,42,31,0,2,5,2249,112.450000,0
rma_pingpong,8,10,42,32,0,1,2,2050,102.500000,0
rma_pingpong,8,10,42,33,0,1,1,2050,102.500000,0
rma_pingpong,8,10,42,34,1,1,0,1968,98.400000,0
rma_pingpong,8,10,42,35,1,1,1,1968,98.400000,0
rma_pingpong,8,10,42,36,0,1,2,2050,102.500000,0
rma_pingpong,8,10,42,37,0,1,3,2049,102.450000,0
rma_pingpong,8,10,42,38,0,1,4,2132,106.600000,0
rma_pingpong,8,10,42,39,0,1,5,2118,105.900000,0
rma_pingpong,8,10,42,40,0,0,2,2050,102.500000,0
rma_pingpong,8,10,42,41,0,0,1,2050,102.500000,0
rma_pingpong,8,10,42,43,1,0,1,1968,98.400000,0
rma_pingpong,8,10,42,44,0,0,2,2050,102.500000,0
rma_pingpong,8,10,42,45,0,0,3,2050,102.500000,0
rma_pingpong,8,10,42,46,0,0,4,2118,105.900000,0
rma_pingpong,8,10,42,47,0,0,5,2132,106.600000,0
rma_pingpong,8,10,42,48,0,1,2,2132,106.600000,0
rma_pingpong,8,10,42,49,0,1,1,2132,106.600000,0
rma_pingpong,8,10,42,50,0,1,0,2050,102.500000,0
rma_pingpong,8,10,42,51,0,1,1,2050,102.500000,0
rma_pingpong,8,10,42,52,0,1,2,2132,106.600000,0
rma_pingpong,8,10,42,53,0,1,3,2118,105.900000,0
rma_pingpong,8,10,42,54,0,1,4,2249,112.450000,0
rma_pingpong,8,10,42,55,0,1,5,2189,109.450000,0
rma_pingpong,8,10,42,56,0,2,2,2132,106.600000,0
rma_pingpong,8,10,42,57,0,2,1,2132,106.600000,0
rma_pingpong,8,10,42,58,0,2,0,2050,102.500000,0
rma_pingpong,8,10,42,59,0,2,1,2050,102.500000,0
rma_pingpong,8,10,42,60,0,2,2,2132,106.600000,0
rma_pingpong,8,10,42,61,0,2,3,2118,105.900000,0
rma_pingpong,8,10,42,62,0,2,4,2249,112.450000,0
rma_pingpong,8,10,42,63,0,2,5,2189,109.450000,0
rma_pingpong,8,10,43,0,0,5,3,2248,112.400000,0
rma_pingpong,8,10,43,1,0,5,2,2248,112.400000,0
rma_pingpong,8,10,43,2,0,5,1,2165,108.250000,0
rma_pingpong,8,10,43,3,0,5,0,2165,108.250000,0
rma_pingpong,8,10,43,4,0,5,1,2248,112.400000,0
rma_pingpong,8,10,43,5,0,5,2,2248,112.400000,0
rma_pingpong,8,10,43,6,0,5,3,2305,115.250000,0
rma_pingpong,8,10,43,7,0,5,4,2305,115.250000,0
rma_pingpong,8,10,43,8,0,4,3,2248,112.400000,0
rma_pingpong,8,10,43,9,0,4,2,2248,112.400000,0
rma_pingpong,8,10,43,10,0,4,1,2169,108.450000,0
rma_pingpong,8,10,43,11,0,4,0,2163,108.150000,0
rma_pingpong,8,10,43,12,0,4,1,2248,112.400000,0
rma_pingpong,8,10,43,13,0,4,2,2248,112.400000,0
rma_pingpong,8,10,43,14,0,4,3,2305,115.250000,0
rma_pingpong,8,10,43,15,0,4,4,2305,115.250000,0
rma_pingpong,8,10,43,16,0,3,3,2132,106.600000,0
rma_pingpong,8,10,43,17,0,3,2,2132,106.600000,0
rma_pingpong,8,10,43,18,0,3,1,2108,105.400000,0
rma_pingpong,8,10,43,19,0,3,0,2108,105.400000,0
rma_pingpong,8,10,43,20,0,3,1,2165,108.250000,0
rma_pingpong,8,10,43,21,0,3,2,2163,108.150000,0
rma_pingpong,8,10,43,22,0,3,3,2249,112.450000,0
rma_pingpong,8,10,43,23,0,3,4,2249,112.450000,0
rma_pingpong,8,10,43,24,0,2,3,2132,106.600000,0
rma_pingpong,8,10,43,25,0,2,2,2132,106.600000,0
rma_pingpong,8,10,43,26,0,2,1,2108,105.400000,0
rma_pingpong,8,10,43,27,0,2,0,2108,105.400000,0
rma_pingpong,8,10,43,28,0,2,1,2165,108.250000,0
rma_pingpong,8,10,43,29,0,2,2,2163,108.150000,0
rma_pingpong,8,10,43,30,0,2,3,2249,112.450000,0
rma_pingpong,8,10,43,31,0,2,4,2249,112.450000,0
rma_pingpong,8,10,43,32,0,1,3,2050,102.500000,0
rma_pingpong,8,10,43,33,0,1,2,2050,102.500000,0
rma_pingpong,8,10,43,34,1,1,1,1968,98.400000,0
rma_pingpong,8,10,43,35,1,1,0,1968,98.400000,0
rma_pingpong,8,10,43,36,0,1,1,2050,102.500000,0
rma_pingpong,8,10,43,37,0,1,2,2050,102.500000,0
rma_pingpong,8,10,43,38,0,1,3,2132,106.600000,0
rma_pingpong,8,10,43,39,0,1,4,2132,106.600000,0
rma_pingpong,8,10,43,40,0,0,3,2050,102.500000,0
rma_pingpong,8,10,43,41,0,0,2,2050,102.500000,0
rma_pingpong,8,10,43,42,1,0,1,1968,98.400000,0
rma_pingpong,8,10,43,44,0,0,1,2050,102.500000,0
rma_pingpong,8,10,43,45,0,0,2,2050,102.500000,0
rma_pingpong,8,10,43,46,0,0,3,2118,105.900000,0
rma_pingpong,8,10,43,47,0,0,4,2132,106.600000,0
rma_pingpong,8,10,43,48,0,1,3,2132,106.600000,0
rma_pingpong,8,10,43,49,0,1,2,2132,106.600000,0
rma_pingpong,8,10,43,50,0,1,1,2050,102.500000,0
rma_pingpong,8,10,43,51,0,1,0,2050,102.500000,0
rma_pingpong,8,10,43,52,0,1,1,2132,106.600000,0
rma_pingpong,8,10,43,53,0,1,2,2132,106.600000,0
rma_pingpong,8,10,43,54,0,1,3,2249,112.450000,0
rma_pingpong,8,10,43,55,0,1,4,2249,112.450000,0
rma_pingpong,8,10,43,56,0,2,3,2132,106.600000,0
rma_pingpong,8,10,43,57,0,2,2,2132,106.600000,0
rma_pingpong,8,10,43,58,0,2,1,2050,102.500000,0
rma_pingpong,8,10,43,59,0,2,0,2050,102.500000,0
rma_pingpong,8,10,43,60,0,2,1,2132,106.600000,0
rma_pingpong,8,10,43,61,0,2,2,2132,106.600000,0
rma_pingpong,8,10,43,62,0,2,3,2249,112.450000,0
rma_pingpong,8,10,43,63,0,2,4,2249,112.450000,0
rma_pingpong,8,10,44,0,0,5,4,2309,115.450000,0
rma_pingpong,8,10,44,1,0,5,3,2309,115.450000,0
rma_pingpong,8,10,44,2,0,5,2,2248,112.400000,0
rma_pingpong,8,10,44,3,0,5,1,2248,112.400000,0
rma_pingpong,8,10,44,4,0,5,0,2165,108.250000,0
rma_pingpong,8,10,44,5,0,5,1,2165,108.250000,0
rma_pingpong,8,10,44,6,0,5,2,2248,112.400000,0
rma_pingpong,8,10,44,7,0,5,3,2248,112.400000,0
rma_pingpong,8,10,44,8,0,4,4,2305,115.250000,0
rma_pingpong,8,10,44,9,0,4,3,2305,115.250000,0
rma_pingpong,8,10,44,10,0,4,2,2248,112.400000,0
rma_pingpong,8,10,44,11,0,4,1,2248,112.400000,0
rma_pingpong,8,10,44,12,0,4,0,2169,108.450000,0
rma_pingpong,8,10,44,13,0,4,1,2169,108.450000,0
rma_pingpong,8,10,44,14,0,4,2,2248,112.400000,0
rma_pingpong,8,10,44,15,0,4,3,2248,112.400000,0
rma_pingpong,8,10,44,16,0,3,4,2249,112.450000,0
rma_pingpong,8,10,44,17,0,3,3,2248,112.400000,0
rma_pingpong,8,10,44,18,0,3,2,2169,108.450000,0
rma_pingpong,8,10,44,19,0,3,1,2169,108.450000,0
rma_pingpong,8,10,44,20,0,3,0,2108,105.400000,0
rma_pingpong,8,10,44,21,0,3,1,2108,105.400000,0
rma_pingpong,8,10,44,22,0,3,2,2132,106.600000,0
rma_pingpong,8,10,44,23,0,3,3,2132,106.600000,0
rma_pingpong,8,10,44,24,0,2,4,2249,112.450000,0
rma_pingpong,8,10,44,25,0,2,3,2248,112.400000,0
rma_pingpong,8,10,44,26,0,2,2,2169,108.450000,0
rma_pingpong,8,10,44,27,0,2,1,2169,108.450000,0
rma_pingpong,8,10,44,28,0,2,0,2108,105.400000,0
rma_pingpong,8,10,44,29,0,2,1,2108,105.400000,0
rma_pingpong,8,10,44,30,0,2,2,2132,106.600000,0
rma_pingpong,8,10,44,31,0,2,3,2132,106.600000,0
rma_pingpong,8,10,44,32,0,1,4,2132,106.600000,0
rma_pingpong,8,10,44,33,0,1,3,2132,106.600000,0
rma_pingpong,8,10,44,34,0,1,2,2050,102.500000,0
rma_pingpong,8,10,44,35,0,1,1,2050,102.500000,0
rma_pingpong,8,10,44,36,1,1,0,1968,98.400000,0
rma_pingpong,8,10,44,37,1,1,1,1968,98.400000,0
rma_pingpong,8,10,44,38,0,1,2,2050,102.500000,0
rma_pingpong,8,10,44,39,0,1,3,2049,102.450000,0
rma_pingpong,8,10,44,40,0,0,4,2132,106.600000,0
rma_pingpong,8,10,44,41,0,0,3,2132,106.600000,0
rma_pingpong,8,10,44,42,0,0,2,2050,102.500000,0
rma_pingpong,8,10,44,43,0,0,1,2050,102.500000,0
rma_pingpong,8,10,44,45,1,0,1,1968,98.400000,0
rma_pingpong,8,10,44,46,0,0,2,2050,102.500000,0
rma_pingpong,8,10,44,47,0,0,3,2050,102.500000,0
rma_pingpong,8,10,44,48,0,1,4,2249,112.450000,0
rma_pingpong,8,10,44,49,0,1,3,2249,112.450000,0
rma_pingpong,8,10,44,50,0,1,2,2132,106.600000,0
rma_pingpong,8,10,44,51,0,1,1,2132,106.600000,0
rma_pingpong,8,10,44,52,0,1,0,2050,102.500000,0
rma_pingpong,8,10,44,53,0,1,1,2050,102.500000,0
rma_pingpong,8,10,44,54,0,1,2,2132,106.600000,0
rma_pingpong,8,10,44,55,0,1,3,2118,105.900000,0
rma_pingpong,8,10,44,56,0,2,4,2248,112.400000,0
rma_pingpong,8,10,44,57,0,2,3,2249,112.450000,0
rma_pingpong,8,10,44,58,0,2,2,2132,106.600000,0
rma_pingpong,8,10,44,59,0,2,1,2132,106.600000,0
rma_pingpong,8,10,44,60,0,2,0,2050,102.500000,0
rma_pingpong,8,10,44,61,0,2,1,2050,102.500000,0
rma_pingpong,8,10,44,62,0,2,2,2132,106.600000,0
rma_pingpong,8,10,44,63,0,2,3,2118,105.900000,0
rma_pingpong,8,10,45,0,0,5,5,2305,115.250000,0
rma_pingpong,8,10,45,1,0,5,4,2305,115.250000,0
rma_pingpong,8,10,45,2,0,5,3,2248,112.400000,0
rma_pingpong,8,10,45,3,0,5,2,2248,112.400000,0
rma_pingpong,8,10,45,4,0,5,1,2165,108.250000,0
rma_pingpong,8,10,45,5,0,5,0,2165,108.250000,0
rma_pingpong,8,10,45,6,0,5,1,2248,112.400000,0
rma_pingpong,8,10,45,7,0,5,2,2248,112.400000,0
rma_pingpong,8,10,45,8,0,4,5,2305,115.250000,0
rma_pingpong,8,10,45,9,0,4,4,2305,115.250000,0
rma_pingpong,8,10,45,10,0,4,3,2248,112.400000,0
rma_pingpong,8,10,45,11,0,4,2,2248,112.400000,0
rma_pingpong,8,10,45,12,0,4,1,2169,108.450000,0
rma_pingpong,8,10,45,13,0,4,0,2163,108.150000,0
rma_pingpong,8,10,45,14,0,4,1,2248,112.400000,0
rma_pingpong,8,10,45,15,0,4,2,2248,112.400000,0
rma_pingpong,8,10,45,16,0,3,5,2249,112.450000,0
rma_pingpong,8,10,45,17,0,3,4,2248,112.400000,0
rma_pingpong,8,10,45,18,0,3,3,2169,108.450000,0
rma_pingpong,8,10,45,19,0,3,2,2169,108.450000,0
rma_pingpong,8,10,45,20,0,3,1,2108,105.400000,0
rma_pingpong,8,10,45,21,0,3,0,2108,105.400000,0
rma_pingpong,8,10,45,22,0,3,1,2132,106.600000,0
rma_pingpong,8,10,45,23,0,3,2,2132,106.600000,0
rma_pingpong,8,10,45,24,0,2,5,2249,112.450000,0
rma_pingpong,8,10,45,25,0,2,4,2248,112.400000,0
rma_pingpong,8,10,45,26,0,2,3,2169,108.450000,0
rma_pingpong,8,10,45,27,0,2,2,2169,108.450000,0
rma_pingpong,8,10,45,28,0,2,1,2108,105.400000,0
rma_pingpong,8,10,45,29,0,2,0,2108,105.400000,0
rma_pingpong,8,10,45,30,0,2,1,2132,106.600000,0
rma_pingpong,8,10,45,31,0,2,2,2132,106.600000,0
rma_pingpong,8,10,45,32,0,1,5,2132,106.600000,0
rma_pingpong,8,10,45,33,0,1,4,2132,106.600000,0
rma_pingpong,8,10,45,34,0,1,3,2050,102.500000,0
rma_pingpong,8,10,45,35,0,1,2,2050,102.500000,0
rma_pingpong,8,10,45,36,1,1,1,1968,98.400000,0
rma_pingpong,8,10,45,37,1,1,0,1968,98.400000,0
rma_pingpong,8,10,45,38,0,1,1,2050,102.500000,0
rma_pingpong,8,10,45,39,0,1,2,2050,102.500000,0
rma_pingpong,8,10,45,40,0,0,5,2132,106.600000,0
rma_pingpong,8,10,45,41,0,0,4,2132,106.600000,0
rma_pingpong,8,10,45,42,0,0,3,2050,102.500000,0
rma_pingpong,8,10,45,43,0,0,2,2050,102.500000,0
rma_pingpong,8,10,45,44,1,0,1,1968,98.400000,0
rma_pingpong,8,10,45,46,0,0,1,2050,102.500000,0
rma_pingpong,8,10,45,47,0,0,2,2050,102.500000,0
rma_pingpong,8,10,45,48,0,1,5,2249,112.450000,0
rma_pingpong,8,10,45,49,0,1,4,2249,112.450000,0
rma_pingpong,8,10,45,50,0,1,3,2118,105.900000,0
rma_pingpong,8,10,45,51,0,1,2,2118,105.900000,0
rma_pingpong,8,10,45,52,0,1,1,2050,102.500000,0
rma_pingpong,8,10,45,53,0,1,0,2050,102.500000,0
rma_pingpong,8,10,45,54,0,1,1,2132,106.600000,0
rma_pingpong,8,10,45,55,0,1,2,2132,106.600000,0
rma_pingpong,8,10,45,56,0,2,5,2248,112.400000,0
rma_pingpong,8,10,45,57,0,2,4,2249,112.450000,0
rma_pingpong,8,10,45,58,0,2,3,2118,105.900000,0
rma_pingpong,8,10,45,59,0,2,2,2118,105.900000,0
rma_pingpong,8,10,45,60,0,2,1,2050,102.500000,0
rma_pingpong,8,10,45,61,0,2,0,2050,102.500000,0
rma_pingpong,8,10,45,62,0,2,1,2132,106.600000,0
rma_pingpong,8,10,45,63,0,2,2,2132,106.600000,0
rma_pingpong,8,10,46,0,0,5,6,2390,119.500000,0
rma_pingpong,8,10,46,1,0,5,5,2388,119.400000,0
rma_pingpong,8,10,46,2,0,5,4,2305,115.250000,0
rma_pingpong,8,10,46,3,0,5,3,2305,115.250000,0
rma_pingpong,8,10,46,4,0,5,2,2248,112.400000,0
rma_pingpong,8,10,46,5,0,5,1,2248,112.400000,0
rma_pingpong,8,10,46,6,0,5,0,2165,108.250000,0
rma_pingpong,8,10,46,7,0,5,1,2165,108.250000,0
rma_pingpong,8,10,46,8,0,4,6,2388,119.400000,0
rma_pingpong,8,10,46,9,0,4,5,2390,119.500000,0
rma_pingpong,8,10,46,10,0,4,4,2309,115.450000,0
rma_pingpong,8,10,46,11,0,4,3,2305,115.250000,0
rma_pingpong,8,10,46,12,0,4,2,2248,112.400000,0
rma_pingpong,8,10,46,13,0,4,1,2248,112.400000,0
rma_pingpong,8,10,46,14,0,4,0,2169,108.450000,0
rma_pingpong,8,10,46,15,0,4,1,2169,108.450000,0
rma_pingpong,8,10,46,16,0,3,6,2280,114.000000,0
rma_pingpong,8,10,46,17,0,3,5,2280,114.000000,0
rma_pingpong,8,10,46,18,0,3,4,2248,112.400000,0
rma_pingpong,8,10,46,19,0,3,3,2248,112.400000,0
rma_pingpong,8,10,46,20,0,3,2,2169,108.450000,0
rma_pingpong,8,10,46,21,0,3,1,2169,108.450000,0
rma_pingpong,8,10,46,22,0,3,0,2050,102.500000,0
rma_pingpong,8,10,46,23,0,3,1,2050,102.500000,0
rma_pingpong,8,10,46,24,0,2,6,2280,114.000000,0
rma_pingpong,8,10,46,25,0,2,5,2280,114.000000,0
rma_pingpong,8,10,46,26,0,2,4,2248,112.400000,0
rma_pingpong,8,10,46,27,0,2,3,2248,112.400000,0
rma_pingpong,8,10,46,28,0,2,2,2169,108.450000,0
rma_pingpong,8,10,46,29,0,2,1,2169,108.450000,0
rma_pingpong,8,10,46,30,0,2,0,2050,102.500000,0
rma_pingpong,8,10,46,31,0,2,1,2050,102.500000,0
rma_pingpong,8,10,46,32,0,1,6,2249,112.450000,0
rma_pingpong,8,10,46,33,0,1,5,2248,112.400000,0
rma_pingpong,8,10,46,34,0,1,4,2132,106.600000,0
rma_pingpong,8,10,46,35,0,1,3,2132,106.600000,0
rma_pingpong,8,10,46,36,0,1,2,2050,102.500000,0
rma_pingpong,8,10,46,37,0,1,1,2050,102.500000,0
rma_pingpong,8,10,46,38,1,1,0,1968,98.400000,0
rma_pingpong,8,10,46,39,1,1,1,1968,98.400000,0
rma_pingpong,8,10,46,40,0,0,6,2249,112.450000,0
rma_pingpong,8,10,46,41,0,0,5,2248,112.400000,0
rma_pingpong,8,10,46,42,0,0,4,2132,106.600000,0
rma_pingpong,8,10,46,43,0,0,3,2132,106.600000,0
rma_pingpong,8,10,46,44,0,0,2,2050,102.500000,0
rma_pingpong,8,10,46,45,0,0,1,2050,102.500000,0
rma_pingpong,8,10,46,47,1,0,1,1968,98.400000,0
rma_pingpong,8,10,46,48,0,1,6,2280,114.000000,0
rma_pingpong,8,10,46,49,0,1,5,2280,114.000000,0
rma_pingpong,8,10,46,50,0,1,4,2249,112.450000,0
rma_pingpong,8,10,46,51,0,1,3,2249,112.450000,0
rma_pingpong,8,10,46,52,0,1,2,2132,106.600000,0
rma_pingpong,8,10,46,53,0,1,1,2132,106.600000,0
rma_pingpong,8,10,46,54,0,1,0,2050,102.500000,0
rma_pingpong,8,10,46,55,0,1,1,2050,102.500000,0
rma_pingpong,8,10,46,56,0,2,6,2280,114.000000,0
rma_pingpong,8,10,46,57,0,2,5,2280,114.000000,0
rma_pingpong,8,10,46,58,0,2,4,2249,112.450000,0
rma_pingpong,8,10,46,59,0,2,3,2249,112.450000,0
rma_pingpong,8,10,46,60,0,2,2,2132,106.600000,0
rma_pingpong,8,10,46,61,0,2,1,2132,106.600000,0
rma_pingpong,8,10,46,62,0,2,0,2050,102.500000,0
rma_pingpong,8,10,46,63,0,2,1,2050,102.500000,0
rma_pingpong,8,10,47,0,0,5,7,2388,119.400000,0
rma_pingpong,8,10,47,1,0,5,6,2388,119.400000,0
rma_pingpong,8,10,47,2,0,5,5,2305,115.250000,0
rma_pingpong,8,10,47,3,0,5,4,2305,115.250000,0
rma_pingpong,8,10,47,4,0,5,3,2248,112.400000,0
rma_pingpong,8,10,47,5,0,5,2,2248,112.400000,0
rma_pingpong,8,10,47,6,0,5,1,2165,108.250000,0
rma_pingpong,8,10,47,7,0,5,0,2165,108.250000,0
rma_pingpong,8,10,47,8,0,4,7,2388,119.400000,0
rma_pingpong,8,10,47,9,0,4,6,2390,119.500000,0
rma_pingpong,8,10,47,10,0,4,5,2309,115.450000,0
rma_pingpong,8,10,47,11,0,4,4,2305,115.250000,0
rma_pingpong,8,10,47,12,0,4,3,2248,112.400000,0
rma_pingpong,8,10,47,13,0,4,2,2248,112.400000,0
rma_pingpong,8,10,47,14,0,4,1,2169,108.450000,0
rma_pingpong,8,10,47,15,0,4,0,2163,108.150000,0
rma_pingpong,8,10,47,16,0,3,7,2280,114.000000,0
rma_pingpong,8,10,47,17,0,3,6,2280,114.000000,0
rma_pingpong,8,10,47,18,0,3,5,2248,112.400000,0
rma_pingpong,8,10,47,19,0,3,4,2248,112.400000,0
rma_pingpong,8,10,47,20,0,3,3,2169,108.450000,0
rma_pingpong,8,10,47,21,0,3,2,2169,108.450000,0
rma_pingpong,8,10,47,22,0,3,1,2050,102.500000,0
rma_pingpong,8,10,47,23,0,3,0,2050,102.500000,0
rma_pingpong,8,10,47,24,0,2,7,2280,114.000000,0
rma_pingpong,8,10,47,25,0,2,6,2280,114.000000,0
rma_pingpong,8,10,47,26,0,2,5,2248,112.400000,0
rma_pingpong,8,10,47,27,0,2,4,2248,112.400000,0
rma_pingpong,8,10,47,28,0,2,3,2169,108.450000,0
rma_pingpong,8,10,47,29,0,2,2,2169,108.450000,0
rma_pingpong,8,10,47,30,0,2,1,2050,102.500000,0
rma_pingpong,8,10,47,31,0,2,0,2050,102.500000,0
rma_pingpong,8,10,47,32,0,1,7,2189,109.450000,0
rma_pingpong,8,10,47,33,0,1,6,2249,112.450000,0
rma_pingpong,8,10,47,34,0,1,5,2132,106.600000,0
rma_pingpong,8,10,47,35,0,1,4,2132,106.600000,0
rma_pingpong,8,10,47,36,0,1,3,2050,102.500000,0
rma_pingpong,8,10,47,37,0,1,2,2050,102.500000,0
rma_pingpong,8,10,47,38,1,1,1,1968,98.400000,0
rma_pingpong,8,10,47,39,1,1,0,1968,98.400000,0
rma_pingpong,8,10,47,40,0,0,7,2249,112.450000,0
rma_pingpong,8,10,47,41,0,0,6,2248,112.400000,0
rma_pingpong,8,10,47,42,0,0,5,2132,106.600000,0
rma_pingpong,8,10,47,43,0,0,4,2132,106.600000,0
rma_pingpong,8,10,47,44,0,0,3,2050,102.500000,0
rma_pingpong,8,10,47,45,0,0,2,2050,102.500000,0
rma_pingpong,8,10,47,46,1,0,1,1968,98.400000,0
rma_pingpong,8,10,47,48,0,1,7,2280,114.000000,0
rma_pingpong,8,10,47,49,0,1,6,2280,114.000000,0
rma_pingpong,8,10,47,50,0,1,5,2249,112.450000,0
rma_pingpong,8,10,47,51,0,1,4,2249,112.450000,0
rma_pingpong,8,10,47,52,0,1,3,2118,105.900000,0
rma_pingpong,8,10,47,53,0,1,2,2118,105.900000,0
rma_pingpong,8,10,47,54,0,1,1,2050,102.500000,0
rma_pingpong,8,10,47,55,0,1,0,2050,102.500000,0
rma_pingpong,8,10,47,56,0,2,7,2280,114.000000,0
rma_pingpong,8,10,47,57,0,2,6,2280,114.000000,0
rma_pingpong,8,10,47,58,0,2,5,2249,112.450000,0
rma_pingpong,8,10,47,59,0,2,4,2249,112.450000,0
rma_pingpong,8,10,47,60,0,2,3,2118,105.900000,0
rma_pingpong,8,10,47,61,0,2,2,2118,105.900000,0
rma_pingpong,8,10,47,62,0,2,1,2050,102.500000,0
rma_pingpong,8,10,47,63,0,2,0,2050,102.500000,0
rma_pingpong,8,10,48,0,0,6,0,2248,112.400000,0
rma_pingpong,8,10,48,1,0,6,1,2248,112.400000,0
rma_pingpong,8,10,48,2,0,6,2,2305,115.250000,0
rma_pingpong,8,10,48,3,0,6,3,2309,115.450000,0
rma_pingpong,8,10,48,4,0,6,4,2388,119.400000,0
rma_pingpong,8,10,48,5,0,6,5,2390,119.500000,0
rma_pingpong,8,10,48,6,0,6,6,2468,123.400000,0
rma_pingpong,8,10,48,7,0,6,7,2468,123.400000,0
rma_pingpong,8,10,48,8,0,5,0,2248,112.400000,0
rma_pingpong,8,10,48,9,0,5,1,2248,112.400000,0
rma_pingpong,8,10,48,10,0,5,2,2309,115.450000,0
rma_pingpong,8,10,48,11,0,5,3,2309,115.450000,0
rma_pingpong,8,10,48,12,0,5,4,2388,119.400000,0
rma_pingpong,8,10,48,13,0,5,5,2388,119.400000,0
rma_pingpong,8,10,48,14,0,5,6,2468,123.400000,0
rma_pingpong,8,10,48,15,0,5,7,2468,123.400000,0
rma_pingpong,8,10,48,16,0,4,0,2132,106.600000,0
rma_pingpong,8,10,48,17,0,4,1,2132,106.600000,0
rma_pingpong,8,10,48,18,0,4,2,2248,112.400000,0
rma_pingpong,8,10,48,19,0,4,3,2248,112.400000,0
rma_pingpong,8,10,48,20,0,4,4,2305,115.250000,0
rma_pingpong,8,10,48,21,0,4,5,2305,115.250000,0
rma_pingpong,8,10,48,22,0,4,6,2388,119.400000,0
rma_pingpong,8,10,48,23,0,4,7,2388,119.400000,0
rma_pingpong,8,10,48,24,0,3,0,2132,106.600000,0
rma_pingpong,8,10,48,25,0,3,1,2132,106.600000,0
rma_pingpong,8,10,48,26,0,3,2,2248,112.400000,0
rma_pingpong,8,10,48,27,0,3,3,2248,112.400000,0
rma_pingpong,8,10,48,28,0,3,4,2305,115.250000,0
rma_pingpong,8,10,48,29,0,3,5,2305,115.250000,0
rma_pingpong,8,10,48,30,0,3,6,2388,119.400000,0
rma_pingpong,8,10,48,31,0,3,7,2388,119.400000,0
rma_pingpong,8,10,48,32,0,2,0,2050,102.500000,0
rma_pingpong,8,10,48,33,0,2,1,2050,102.500000,0
rma_pingpong,8,10,48,34,0,2,2,2132,106.600000,0
rma_pingpong,8,10,48,35,0,2,3,2132,106.600000,0
rma_pingpong,8,10,48,36,0,2,4,2249,112.450000,0
rma_pingpong,8,10,48,37,0,2,5,2249,112.450000,0
rma_pingpong,8,10,48,38,0,2,6,2280,114.000000,0
rma_pingpong,8,10,48,39,0,2,7,2280,114.000000,0
rma_pingpong,8,10,48,40,0,1,0,2050,102.500000,0
rma_pingpong,8,10,48,41,0,1,1,2050,102.500000,0
rma_pingpong,8,10,48,42,0,1,2,2132,106.600000,0
rma_pingpong,8,10,48,43,0,1,3,2132,106.600000,0
rma_pingpong,8,10,48,44,0,1,4,2249,112.450000,0
rma_pingpong,8,10,48,45,0,1,5,2249,112.450000,0
rma_pingpong,8,10,48,46,0,1,6,2280,114.000000,0
rma_pingpong,8,10,48,47,0,1,7,2280,114.000000,0
rma_pingpong,8,10,48,49,1,0,1,1968,98.400000,0
rma_pingpong,8,10,48,50,0,0,2,2050,102.500000,0
rma_pingpong,8,10,48,51,0,0,3,2050,102.500000,0
rma_pingpong,8,10,48,52,0,0,4,2132,106.600000,0
rma_pingpong,8,10,48,53,0,0,5,2132,106.600000,0
rma_pingpong,8,10,48,54,0,0,6,2249,112.450000,0
rma_pingpong,8,10,48,55,0,0,7,2248,112.400000,0
rma_pingpong,8,10,48,56,1,1,0,1968,98.400000,0
rma_pingpong,8,10,48,57,1,1,1,1968,98.400000,0
rma_pingpong,8,10,48,58,0,1,2,2050,102.500000,0
rma_pingpong,8,10,48,59,0,1,3,2050,102.500000,0
rma_pingpong,8,10,48,60,0,1,4,2132,106.600000,0
rma_pingpong,8,10,48,61,0,1,5,2132,106.600000,0
rma_pingpong,8,10,48,62,0,1,6,2248,112.400000,0
rma_pingpong,8,10,48,63,0,1,7,2189,109.450000,0
rma_pingpong,8,10,49,0,0,6,1,2248,112.400000,0
rma_pingpong,8,10,49,1,0,6,0,2248,112.400000,0
rma_pingpong,8,10,49,2,0,6,1,2309,115.450000,0
rma_pingpong,8,10,49,3,0,6,2,2309,115.450000,0
rma_pingpong,8,10,49,4,0,6,3,2390,119.500000,0
rma_pingpong,8,10,49,5,0,6,4,2388,119.400000,0
rma_pingpong,8,10,49,6,0,6,5,2468,123.400000,0
rma_pingpong,8,10,49,7,0,6,6,2468,123.400000,0
rma_pingpong,8,10,49,8,0,5,1,2248,112.400000,0
rma_pingpong,8,10,49,9,0,5,0,2248,112.400000,0
rma_pingpong,8,10,49,10,0,5,1,2305,115.250000,0
rma_pingpong,8,10,49,11,0,5,2,2309,115.450000,0
rma_pingpong,8,10,49,12,0,5,3,2388,119.400000,0
rma_pingpong,8,10,49,13,0,5,4,2390,119.500000,0
rma_pingpong,8,10,49,14,0,5,5,2468,123.400000,0
rma_pingpong,8,10,49,15,0,5,6,2468,123.400000,0
rma_pingpong,8,10,49,16,0,4,1,2118,105.900000,0
rma_pingpong,8,10,49,17,0,4,0,2132,106.600000,0
rma_pingpong,8,10,49,18,0,4,1,2248,112.400000,0
rma_pingpong,8,10,49,19,0,4,2,2248,112.400000,0
rma_pingpong,8,10,49,20,0,4,3,2309,115.450000,0
rma_pingpong,8,10,49,21,0,4,4,2309,115.450000,0
rma_pingpong,8,10,49,22,0,4,5,2388,119.400000,0
rma_pingpong,8,10,49,23,0,4,6,2388,119.400000,0
rma_pingpong,8,10,49,24,0,3,1,2118,105.900000,0
rma_pingpong,8,10,49,25,0,3,0,2132,106.600000,0
rma_pingpong,8,10,49,26,0,3,1,2248,112.400000,0
rma_pingpong,8,10,49,27,0,3,2,2248,112.400000,0
rma_pingpong,8,10,49,28,0,3,3,2309,115.450000,0
rma_pingpong,8,10,49,29,0,3,4,2309,115.450000,0
rma_pingpong,8,10,49,30,0,3,5,2388,119.400000,0
rma_pingpong,8,10,49,31,0,3,6,2388,119.400000,0
rma_pingpong,8,10,49,32,0,2,1,2050,102.500000,0
rma_pingpong,8,10,49,33,0,2,0,2050,102.500000,0
rma_pingpong,8,10,49,34,0,2,1,2118,105.900000,0
rma_pingpong,8,10,49,35,0,2,2,2132,106.600000,0
rma_pingpong,8,10,49,36,0,2,3,2249,112.450000,0
rma_pingpong,8,10,49,37,0,2,4,2249,112.450000,0
rma_pingpong,8,10,49,38,0,2,5,2280,114.000000,0
rma_pingpong,8,10,49,39,0,2,6,2280,114.000000,0
rma_pingpong,8,10,49,40,0,1,1,2050,102.500000,0
rma_pingpong,8,10,49,41,0,1,0,2050,102.500000,0
rma_pingpong,8,10,49,42,0,1,1,2118,105.900000,0
rma_pingpong,8,10,49,43,0,1,2,2132,106.600000,0
rma_pingpong,8,10,49,44,0,1,3,2249,112.450000,0
rma_pingpong,8,10,49,45,0,1,4,2249,112.450000,0
rma_pingpong,8,10,49,46,0,1,5,2280,114.000000,0
rma_pingpong,8,10,49,47,0,1,6,2280,114.000000,0
rma_pingpong,8,10,49,48,1,0,1,1968,98.400000,0
rma_pingpong,8,10,49,50,0,0,1,2050,102.500000,0
rma_pingpong,8,10,49,51,0,0,2,2050,102.500000,0
rma_pingpong,8,10,49,52,0,0,3,2132,106.600000,0
rma_pingpong,8,10,49,53,0,0,4,2132,106.600000,0
rma_pingpong,8,10,49,54,0,0,5,2249,112.450000,0
rma_pingpong,8,10,49,55,0,0,6,2249,112.450000,0
rma_pingpong,8,10,49,56,1,1,1,1968,98.400000,0
rma_pingpong,8,10,49,57,1,1,0,1968,98.400000,0
rma_pingpong,8,10,49,58,0,1,1,2050,102.500000,0
rma_pingpong,8,10,49,59,0,1,2,2050,102.500000,0
rma_pingpong,8,10,49,60,0,1,3,2132,106.600000,0
rma_pingpong,8,10,49,61,0,1,4,2132,106.600000,0
rma_pingpong,8,10,49,62,0,1,5,2249,112.450000,0
rma_pingpong,8,10,49,63,0,1,6,2249,112.450000,0
rma_pingpong,8,10,50,0,0,6,2,2309,115.450000,0
rma_pingpong,8,10,50,1,0,6,1,2309,115.450000,0
rma_pingpong,8,10,50,2,0,6,0,2248,112.400000,0
rma_pingpong,8,10,50,3,0,6,1,2248,112.400000,0
rma_pingpong,8,10,50,4,0,6,2,2309,115.450000,0
rma_pingpong,8,10,50,5,0,6,3,2305,115.250000,0
rma_pingpong,8,10,50,6,0,6,4,2388,119.400000,0
rma_pingpong,8,10,50,7,0,6,5,2388,119.400000,0
rma_pingpong,8,10,50,8,0,5,2,2305,115.250000,0
rma_pingpong,8,10,50,9,0,5,1,2305,115.250000,0
rma_pingpong,8,10,50,10,0,5,0,2248,112.400000,0
rma_pingpong,8,10,50,11,0,5,1,2248,112.400000,0
rma_pingpong,8,10,50,12,0,5,2,2305,115.250000,0
rma_pingpong,8,10,50,13,0,5,3,2305,115.250000,0
rma_pingpong,8,10,50,14,0,5,4,2390,119.500000,0
rma_pingpong,8,10,50,15,0,5,5,2390,119.500000,0
rma_pingpong,8,10,50,16,0,4,2,2249,112.450000,0
rma_pingpong,8,10,50,17,0,4,1,2248,112.400000,0
rma_pingpong,8,10,50,18,0,4,0,2169,108.450000,0
rma_pingpong,8,10,50,19,0,4,1,2169,108.450000,0
rma_pingpong,8,10,50,20,0,4,2,2248,112.400000,0
rma_pingpong,8,10,50,21,0,4,3,2248,112.400000,0
rma_pingpong,8,10,50,22,0,4,4,2280,114.000000,0
rma_pingpong,8,10,50,23,0,4,5,2280,114.000000,0
rma_pingpong,8,10,50,24,0,3,2,2249,112.450000,0
rma_pingpong,8,10,50,25,0,3,1,2248,112.400000,0
rma_pingpong,8,10,50,26,0,3,0,2169,108.450000,0
rma_pingpong,8,10,50,27,0,3,1,2169,108.450000,0
rma_pingpong,8,10,50,28,0,3,2,2248,112.400000,0
rma_pingpong,8,10,50,29,0,3,3,2248,112.400000,0
rma_pingpong,8,10,50,30,0,3,4,2280,114.000000,0
rma_pingpong,8,10,50,31,0,3,5,2280,114.000000,0
rma_pingpong,8,10,50,32,0,2,2,2132,106.600000,0
rma_pingpong,8,10,50,33,0,2,1,2132,106.600000,0
rma_pingpong,8,10,50,34,0,2,0,2050,102.500000,0
rma_pingpong,8,10,50,35,0,2,1,2050,102.500000,0
rma_pingpong,8,10,50,36,0,2,2,2132,106.600000,0
rma_pingpong,8,10,50,37,0,2,3,2132,106.600000,0
rma_pingpong,8,10,50,38,0,2,4,2249,112.450000,0
rma_pingpong,8,10,50,39,0,2,5,2249,112.450000,0
rma_pingpong,8,10,50,40,0,1,2,2132,106.600000,0
rma_pingpong,8,10,50,41,0,1,1,2132,106.600000,0
rma_pingpong,8,10,50,42,0,1,0,2050,102.500000,0
rma_pingpong,8,10,50,43,0,1,1,2050,102.500000,0
rma_pingpong,8,10,50,44,0,1,2,2132,106.600000,0
rma_pingpong,8,10,50,45,0,1,3,2132,106.600000,0
rma_pingpong,8,10,50,46,0,1,4,2249,112.450000,0
rma_pingpong,8,10,50,47,0,1,5,2249,112.450000,0
rma_pingpong,8,10,50,48,0,0,2,2050,102.500000,0
rma_pingpong,8,10,50,49,0,0,1,2050,102.500000,0
rma_pingpong,8,10,50,51,1,0,1,1968,98.400000,0
rma_pingpong,8,10,50,52,0,0,2,2050,102.500000,0
rma_pingpong,8,10,50,53,0,0,3,2050,102.500000,0
rma_pingpong,8,10,50,54,0,0,4,2118,105.900000,0
rma_pingpong,8,10,50,55,0,0,5,2132,106.600000,0
rma_pingpong,8,10,50,56,0,1,2,2050,102.500000,0
rma_pingpong,8,10,50,57,0,1,1,2050,102.500000,0
rma_pingpong,8,10,50,58,1,1,0,1968,98.400000,0
rma_pingpong,8,10,50,59,1,1,1,1968,98.400000,0
rma_pingpong,8,10,50,60,0,1,2,2050,102.500000,0
rma_pingpong,8,10,50,61,0,1,3,2049,102.450000,0
rma_pingpong,8,10,50,62,0,1,4,2132,106.600000,0
rma_pingpong,8,10,50,63,0,1,5,2118,105.900000,0
rma_pingpong,8,10,51,0,0,6,3,2305,115.250000,0
rma_pingpong,8,10,51,1,0,6,2,2305,115.250000,0
rma_pingpong,8,10,51,2,0,6,1,2248,112.400000,0
rma_pingpong,8,10,51,3,0,6,0,2248,112.400000,0
rma_pingpong,8,10,51,4,0,6,1,2309,115.450000,0
rma_pingpong,8,10,51,5,0,6,2,2305,115.250000,0
rma_pingpong,8,10,51,6,0,6,3,2388,119.400000,0
rma_pingpong,8,10,51,7,0,6,4,2388,119.400000,0
rma_pingpong,8,10,51,8,0,5,3,2305,115.250000,0
rma_pingpong,8,10,51,9,0,5,2,2305,115.250000,0
rma_pingpong,8,10,51,10,0,5,1,2248,112.400000,0
rma_pingpong,8,10,51,11,0,5,0,2248,112.400000,0
rma_pingpong,8,10,51,12,0,5,1,2305,115.250000,0
rma_pingpong,8,10,51,13,0,5,2,2305,115.250000,0
rma_pingpong,8,10,51,14,0,5,3,2390,119.500000,0
rma_pingpong,8,10,51,15,0,5,4,2390,119.500000,0
rma_pingpong,8,10,51,16,0,4,3,2249,112.450000,0
rma_pingpong,8,10,51,17,0,4,2,2248,112.400000,0
rma_pingpong,8,10,51,18,0,4,1,2169,108.450000,0
rma_pingpong,8,10,51,19,0,4,0,2163,108.150000,0
rma_pingpong,8,10,51,20,0,4,1,2248,112.400000,0
rma_pingpong,8,10,51,21,0,4,2,2248,112.400000,0
rma_pingpong,8,10,51,22,0,4,3,2280,114.000000,0
rma_pingpong,8,10,51,23,0,4,4,2280,114.000000,0
rma_pingpong,8,10,51,24,0,3,3,2249,112.450000,0
rma_pingpong,8,10,51,25,0,3,2,2248,112.400000,0
rma_pingpong,8,10,51,26,0,3,1,2169,108.450000,0
rma_pingpong,8,10,51,27,0,3,0,2163,108.150000,0
rma_pingpong,8,10,51,28,0,3,1,2248,112.400000,0
rma_pingpong,8,10,51,29,0,3,2,2248,112.400000,0
rma_pingpong,8,10,51,30,0,3,3,2280,114.000000,0
rma_pingpong,8,10,51,31,0,3,4,2280,114.000000,0
rma_pingpong,8,10,51,32,0,2,3,2132,106.600000,0
rma_pingpong,8,10,51,33,0,2,2,2132,106.600000,0
rma_pingpong,8,10,51,34,0,2,1,2050,102.500000,0
rma_pingpong,8,10,51,35,0,2,0,2050,102.500000,0
rma_pingpong,8,10,51,36,0,2,1,2132,106.600000,0
rma_pingpong,8,10,51,37,0,2,2,2132,106.600000,0
rma_pingpong,8,10,51,38,0,2,3,2249,112.450000,0
rma_pingpong,8,10,51,39,0,2,4,2249,112.450000,0
rma_pingpong,8,10,51,40,0,1,3,2132,106.600000,0
rma_pingpong,8,10,51,41,0,1,2,2132,106.600000,0
rma_pingpong,8,10,51,42,0,1,1,2050,102.500000,0
rma_pingpong,8,10,51,43,0,1,0,2050,102.500000,0
rma_pingpong,8,10,51,44,0,1,1,2132,106.600000,0
rma_pingpong,8,10,51,45,0,1,2,2132,106.600000,0
rma_pingpong,8,10,51,46,0,1,3,2249,112.450000,0
rma_pingpong,8,10,51,47,0,1,4,2249,112.450000,0
rma_pingpong,8,10,51,48,0,0,3,2050,102.500000,0
rma_pingpong,8,10,51,49,0,0,2,2050,102.500000,0
rma_pingpong,8,10,51,50,1,0,1,1968,98.400000,0
rma_pingpong,8,10,51,52,0,0,1,2050,102.500000,0
rma_pingpong,8,10,51,53,0,0,2,2050,102.500000,0
rma_pingpong,8,10,51,54,0,0,3,2118,105.900000,0
rma_pingpong,8,10,51,55,0,0,4,2132,106.600000,0
rma_pingpong,8,10,51,56,0,1,3,2050,102.500000,0
rma_pingpong,8,10,51,57,0,1,2,2050,102.500000,0
rma_pingpong,8,10,51,58,1,1,1,1968,98.400000,0
rma_pingpong,8,10,51,59,1,1,0,1968,98.400000,0
rma_pingpong,8,10,51,60,0,1,1,2050,102.500000,0
rma_pingpong,8,10,51,61,0,1,2,2050,102.500000,0
rma_pingpong,8,10,51,62,0,1,3,2132,106.600000,0
rma_pingpong,8,10,51,63,0,1,4,2132,106.600000,0
rma_pingpong,8,10,52,0,0,6,4,2388,119.400000,0
rma_pingpong,8,10,52,1,0,6,3,2388,119.400000,0
rma_pingpong,8,10,52,2,0,6,2,2305,115.250000,0
rma_pingpong,8,10,52,3,0,6,1,2305,115.250000,0
rma_pingpong,8,10,52,4,0,6,0,2248,112.400000,0
rma_pingpong,8,10,52,5,0,6,1,2248,112.400000,0
rma_pingpong,8,10,52,6,0,6,2,2309,115.450000,0
rma_pingpong,8,10,52,7,0,6,3,2305,115.250000,0
rma_pingpong,8,10,52,8,0,5,4,2388,119.400000,0
rma_pingpong,8,10,52,9,0,5,3,2390,119.500000,0
rma_pingpong,8,10,52,10,0,5,2,2309,115.450000,0
rma_pingpong,8,10,52,11,0,5,1,2305,115.250000,0
rma_pingpong,8,10,52,12,0,5,0,2248,112.400000,0
rma_pingpong,8,10,52,13,0,5,1,2248,112.400000,0
rma_pingpong,8,10,52,14,0,5,2,2305,115.250000,0
rma_pingpong,8,10,52,15,0,5,3,2305,115.250000,0
rma_pingpong,8,10,52,16,0,4,4,2280,114.000000,0
rma_pingpong,8,10,52,17,0,4,3,2280,114.000000,0
rma_pingpong,8,10,52,18,0,4,2,2248,112.400000,0
rma_pingpong,8,10,52,19,0,4,1,2248,112.400000,0
rma_pingpong,8,10,52,20,0,4,0,2169,108.450000,0
rma_pingpong,8,10,52,21,0,4,1,2169,108.450000,0
rma_pingpong,8,10,52,22,0,4,2,2249,112.450000,0
rma_pingpong,8,10,52,23,0,4,3,2249,112.450000,0
rma_pingpong,8,10,52,24,0,3,4,2280,114.000000,0
rma_pingpong,8,10,52,25,0,3,3,2280,114.000000,0
rma_pingpong,8,10,52,26,0,3,2,2248,112.400000,0
rma_pingpong,8,10,52,27,0,3,1,2248,112.400000,0
rma_pingpong,8,10,52,28,0,3,0,2169,108.450000,0
rma_pingpong,8,10,52,29,0,3,1,2169,108.450000,0
rma_pingpong,8,10,52,30,0,3,2,2249,112.450000,0
rma_pingpong,8,10,52,31,0,3,3,2249,112.450000,0
rma_pingpong,8,10,52,32,0,2,4,2249,112.450000,0
rma_pingpong,8,10,52,33,0,2,3,2248,112.400000,0
rma_pingpong,8,10,52,34,0,2,2,2132,106.600000,0
rma_pingpong,8,10,52,35,0,2,1,2132,106.600000,0
rma_pingpong,8,10,52,36,0,2,0,2050,102.500000,0
rma_pingpong,8,10,52,37,0,2,1,2050,102.500000,0
rma_pingpong,8,10,52,38,0,2,2,2132,106.600000,0
rma_pingpong,8,10,52,39,0,2,3,2132,106.600000,0
rma_pingpong,8,10,52,40,0,1,4,2249,112.450000,0
rma_pingpong,8,10,52,41,0,1,3,2248,112.400000,0
rma_pingpong,8,10,52,42,0,1,2,2132,106.600000,0
rma_pingpong,8,10,52,43,0,1,1,2132,106.600000,0
rma_pingpong,8,10,52,44,0,1,0,2050,102.500000,0
rma_pingpong,8,10,52,45,0,1,1,2050,102.500000,0
rma_pingpong,8,10,52,46,0,1,2,2132,106.600000,0
rma_pingpong,8,10,52,47,0,1,3,2132,106.600000,0
rma_pingpong,8,10,52,48,0,0,4,2132,106.600000,0
rma_pingpong,8,10,52,49,0,0,3,2132,106.600000,0
rma_pingpong,8,10,52,50,0,0,2,2050,102.500000,0
rma_pingpong,8,10,52,51,0,0,1,2050,102.500000,0
rma_pingpong,8,10,52,53,1,0,1,1968,98.400000,0
rma_pingpong,8,10,52,54,0,0,2,2050,102.500000,0
rma_pingpong,8,10,52,55,0,0,3,2050,102.500000,0
rma_pingpong,8,10,52,56,0,1,4,2132,106.600000,0
rma_pingpong,8,10,52,57,0,1,3,2132,106.600000,0
rma_pingpong,8,10,52,58,0,1,2,2050,102.500000,0
rma_pingpong,8,10,52,59,0,1,1,2050,102.500000,0
rma_pingpong,8,10,52,60,1,1,0,1968,98.400000,0
rma_pingpong,8,10,52,61,1,1,1,1968,98.400000,0
rma_pingpong,8,10,52,62,0,1,2,2050,102.500000,0
rma_pingpong,8,10,52,63,0,1,3,2049,102.450000,0
rma_pingpong,8,10,53,0,0,6,5,2390,119.500000,0
rma_pingpong,8,10,53,1,0,6,4,2388,119.400000,0
rma_pingpong,8,10,53,2,0,6,3,2305,115.250000,0
rma_pingpong,8,10,53,3,0,6,2,2305,115.250000,0
rma_pingpong,8,10,53,4,0,6,1,2248,112.400000,0
rma_pingpong,8,10,53,5,0,6,0,2248,112.400000,0
rma_pingpong,8,10,53,6,0,6,1,2309,115.450000,0
rma_pingpong,8,10,53,7,0,6,2,2305,115.250000,0
rma_pingpong,8,10,53,8,0,5,5,2388,119.400000,0
rma_pingpong,8,10,53,9,0,5,4,2390,119.500000,0
rma_pingpong,8,10,53,10,0,5,3,2309,115.450000,0
rma_pingpong,8,10,53,11,0,5,2,2305,115.250000,0
rma_pingpong,8,10,53,12,0,5,1,2248,112.400000,0
rma_pingpong,8,10,53,13,0,5,0,2248,112.400000,0
rma_pingpong,8,10,53,14,0,5,1,2305,115.250000,0
rma_pingpong,8,10,53,15,0,5,2,2305,115.250000,0
rma_pingpong,8,10,53,16,0,4,5,2280,114.000000,0
rma_pingpong,8,10,53,17,0,4,4,2280,114.000000,0
rma_pingpong,8,10,53,18,0,4,3,2248,112.400000,0
rma_pingpong,8,10,53,19,0,4,2,2248,112.400000,0
rma_pingpong,8,10,53,20,0,4,1,2169,108.450000,0
rma_pingpong,8,10,53,21,0,4,0,2163,108.150000,0
rma_pingpong,8,10,53,22,0,4,1,2249,112.450000,0
rma_pingpong,8,10,53,23,0,4,2,2249,112.450000,0
rma_pingpong,8,10,53,24,0,3,5,2280,114.000000,0
rma_pingpong,8,10,53,25,0,3,4,2280,114.000000,0
rma_pingpong,8,10,53,26,0,3,3,2248,112.400000,0
rma_pingpong,8,10,53,27,0,3,2,2248,112.400000,0
rma_pingpong,8,10,53,28,0,3,1,2169,108.450000,0
rma_pingpong,8,10,53,29,0,3,0,2163,108.150000,0
rma_pingpong,8,10,53,30,0,3,1,2249,112.450000,0
rma_pingpong,8,10,53,31,0,3,2,2249,112.450000,0
rma_pingpong,8,10,53,32,0,2,5,2249,112.450000,0
rma_pingpong,8,10,53,33,0,2,4,2248,112.400000,0
rma_pingpong,8,10,53,34,0,2,3,2132,106.600000,0
rma_pingpong,8,10,53,35,0,2,2,2132,106.600000,0
rma_pingpong,8,10,53,36,0,2,1,2050,102.500000,0
rma_pingpong,8,10,53,37,0,2,0,2050,102.500000,0
rma_pingpong,8,10,53,38,0,2,1,2132,106.600000,0
rma_pingpong,8,10,53,39,0,2,2,2132,106.600000,0
rma_pingpong,8,10,53,40,0,1,5,2249,112.450000,0
rma_pingpong,8,10,53,41,0,1,4,2248,112.400000,0
rma_pingpong,8,10,53,42,0,1,3,2132,106.600000,0
rma_pingpong,8,10,53,43,0,1,2,2132,106.600000,0
rma_pingpong,8,10,53,44,0,1,1,2050,102.500000,0
rma_pingpong,8,10,53,45,0,1,0,2050,102.500000,0
rma_pingpong,8,10,53,46,0,1,1,2132,106.600000,0
rma_pingpong,8,10,53,47,0,1,2,2132,106.600000,0
rma_pingpong,8,10,53,48,0,0,5,2132,106.600000,0
rma_pingpong,8,10,53,49,0,0,4,2132,106.600000,0
rma_pingpong,8,10,53,50,0,0,3,2050,102.500000,0
rma_pingpong,8,10,53,51,0,0,2,2050,102.500000,0
rma_pingpong,8,10,53,52,1,0,1,1968,98.400000,0
rma_pingpong,8,10,53,54,0,0,1,2050,102.500000,0
rma_pingpong,8,10,53,55,0,0,2,2050,102.500000,0
rma_pingpong,8,10,53,56,0,1,5,2132,106.600000,0
rma_pingpong,8,10,53,57,0,1,4,2132,106.600000,0
rma_pingpong,8,10,53,58,0,1,3,2050,102.500000,0
rma_pingpong,8,10,53,59,0,1,2,2050,102.500000,0
rma_pingpong,8,10,53,60,1,1,1,1968,98.400000,0
rma_pingpong,8,10,53,61,1,1,0,1968,98.400000,0
rma_pingpong,8,10,53,62,0,1,1,2050,102.500000,0
rma_pingpong,8,10,53,63,0,1,2,2050,102.500000,0
rma_pingpong,8,10,54,0,0,6,6,2468,123.400000,0
rma_pingpong,8,10,54,1,0,6,5,2468,123.400000,0
rma_pingpong,8,10,54,2,0,6,4,2388,119.400000,0
rma_pingpong,8,10,54,3,0,6,3,2388,119.400000,0
rma_pingpong,8,10,54,4,0,6,2,2305,115.250000,0
rma_pingpong,8,10,54,5,0,6,1,2305,115.250000,0
rma_pingpong,8,10,54,6,0,6,0,2248,112.400000,0
rma_pingpong,8,10,54,7,0,6,1,2248,112.400000,0
rma_pingpong,8,10,54,8,0,5,6,2468,123.400000,0
rma_pingpong,8,10,54,9,0,5,5,2468,123.400000,0
rma_pingpong,8,10,54,10,0,5,4,2390,119.500000,0
rma_pingpong,8,10,54,11,0,5,3,2390,119.500000,0
rma_pingpong,8,10,54,12,0,5,2,2309,115.450000,0
rma_pingpong,8,10,54,13,0,5,1,2305,115.250000,0
rma_pingpong,8,10,54,14,0,5,0,2248,112.400000,0
rma_pingpong,8,10,54,15,0,5,1,2248,112.400000,0
rma_pingpong,8,10,54,16,0,4,6,2388,119.400000,0
rma_pingpong,8,10,54,17,0,4,5,2388,119.400000,0
rma_pingpong,8,10,54,18,0,4,4,2309,115.450000,0
rma_pingpong,8,10,54,19,0,4,3,2305,115.250000,0
rma_pingpong,8,10,54,20,0,4,2,2248,112.400000,0
rma_pingpong,8,10,54,21,0,4,1,2248,112.400000,0
rma_pingpong,8,10,54,22,0,4,0,2132,106.600000,0
rma_pingpong,8,10,54,23,0,4,1,2132,106.600000,0
rma_pingpong,8,10,54,24,0,3,6,2388,119.400000,0
rma_pingpong,8,10,54,25,0,3,5,2388,119.400000,0
rma_pingpong,8,10,54,26,0,3,4,2309,115.450000,0
rma_pingpong,8,10,54,27,0,3,3,2305,115.250000,0
rma_pingpong,8,10,54,28,0,3,2,2248,112.400000,0
rma_pingpong,8,10,54,29,0,3,1,2248,112.400000,0
rma_pingpong,8,10,54,30,0,3,0,2132,106.600000,0
rma_pingpong,8,10,54,31,0,3,1,2132,106.600000,0
rma_pingpong,8,10,54,32,0,2,6,2280,114.000000,0
rma_pingpong,8,10,54,33,0,2,5,2280,114.000000,0
rma_pingpong,8,10,54,34,0,2,4,2249,112.450000,0
rma_pingpong,8,10,54,35,0,2,3,2248,112.400000,0
rma_pingpong,8,10,54,36,0,2,2,2132,106.600000,0
rma_pingpong,8,10,54,37,0,2,1,2132,106.600000,0
rma_pingpong,8,10,54,38,0,2,0,2050,102.500000,0
rma_pingpong,8,10,54,39,0,2,1,2050,102.500000,0
rma_pingpong,8,10,54,40,0,1,6,2280,114.000000,0
rma_pingpong,8,10,54,41,0,1,5,2280,114.000000,0
rma_pingpong,8,10,54,42,0,1,4,2249,112.450000,0
rma_pingpong,8,10,54,43,0,1,3,2248,112.400000,0
rma_pingpong,8,10,54,44,0,1,2,2132,106.600000,0
rma_pingpong,8,10,54,45,0,1,1,2132,106.600000,0
rma_pingpong,8,10,54,46,0,1,0,2050,102.500000,0
rma_pingpong,8,10,54,47,0,1,1,2050,102.500000,0
rma_pingpong,8,10,54,48,0,0,6,2249,112.450000,0
rma_pingpong,8,10,54,49,0,0,5,2248,112.400000,0
rma_pingpong,8,10,54,50,0,0,4,2132,106.600000,0
rma_pingpong,8,10,54,51,0,0,3,2132,106.600000,0
rma_pingpong,8,10,54,52,0,0,2,2050,102.500000,0
rma_pingpong,8,10,54,53,0,0,1,2050,102.500000,0
rma_pingpong,8,10,54,55,1,0,1,1968,98.400000,0
rma_pingpong,8,10,54,56,0,1,6,2249,112.450000,0
rma_pingpong,8,10,54,57,0,1,5,2248,112.400000,0
rma_pingpong,8,10,54,58,0,1,4,2132,106.600000,0
rma_pingpong,8,10,54,59,0,1,3,2132,106.600000,0
rma_pingpong,8,10,54,60,0,1,2,2050,102.500000,0
rma_pingpong,8,10,54,61,0,1,1,2050,102.500000,0
rma_pingpong,8,10,54,62,1,1,0,1968,98.400000,0
rma_pingpong,8,10,54,63,1,1,1,1968,98.400000,0
rma_pingpong,8,10,55,0,0,6,7,2468,123.400000,0
rma_pingpong,8,10,55,1,0,6,6,2468,123.400000,0
rma_pingpong,8,10,55,2,0,6,5,2388,119.400000,0
rma_pingpong,8,10,55,3,0,6,4,2388,119.400000,0
rma_pingpong,8,10,55,4,0,6,3,2305,115.250000,0
rma_pingpong,8,10,55,5,0,6,2,2305,115.250000,0
rma_pingpong,8,10,55,6,0,6,1,2248,112.400000,0
rma_pingpong,8,10,55,7,0,6,0,2248,112.400000,0
rma_pingpong,8,10,55,8,0,5,7,2468,123.400000,0
rma_pingpong,8,10,55,9,0,5,6,2468,123.400000,0
rma_pingpong,8,10,55,10,0,5,5,2390,119.500000,0
rma_pingpong,8,10,55,11,0,5,4,2390,119.500000,0
rma_pingpong,8,10,55,12,0,5,3,2309,115.450000,0
rma_pingpong,8,10,55,13,0,5,2,2305,115.250000,0
rma_pingpong,8,10,55,14,0,5,1,2248,112.400000,0
rma_pingpong,8,10,55,15,0,5,0,2248,112.400000,0
rma_pingpong,8,10,55,16,0,4,7,2388,119.400000,0
rma_pingpong,8,10,55,17,0,4,6,2388,119.400000,0
rma_pingpong,8,10,55,18,0,4,5,2309,115.450000,0
rma_pingpong,8,10,55,19,0,4,4,2305,115.250000,0
rma_pingpong,8,10,55,20,0,4,3,2248,112.400000,0
rma_pingpong,8,10,55,21,0,4,2,2248,112.400000,0
rma_pingpong,8,10,55,22,0,4,1,2132,106.600000,0
rma_pingpong,8,10,55,23,0,4,0,2132,106.600000,0
rma_pingpong,8,10,55,24,0,3,7,2388,119.400000,0
rma_pingpong,8,10,55,25,0,3,6,2388,119.400000,0
rma_pingpong,8,10,55,26,0,3,5,2309,115.450000,0
rma_pingpong,8,10,55,27,0,3,4,2305,115.250000,0
rma_pingpong,8,10,55,28,0,3,3,2248,112.400000,0
rma_pingpong,8,10,55,29,0,3,2,2248,112.400000,0
rma_pingpong,8,10,55,30,0,3,1,2132,106.600000,0
rma_pingpong,8,10,55,31,0,3,0,2132,106.600000,0
rma_pingpong,8,10,55,32,0,2,7,2280,114.000000,0
rma_pingpong,8,10,55,33,0,2,6,2280,114.000000,0
rma_pingpong,8,10,55,34,0,2,5,2249,112.450000,0
rma_pingpong,8,10,55,35,0,2,4,2248,112.400000,0
rma_pingpong,8,10,55,36,0,2,3,2132,106.600000,0
rma_pingpong,8,10,55,37,0,2,2,2132,106.600000,0
rma_pingpong,8,10,55,38,0,2,1,2050,102.500000,0
rma_pingpong,8,10,55,39,0,2,0,2050,102.500000,0
rma_pingpong,8,10,55,40,0,1,7,2280,114.000000,0
rma_pingpong,8,10,55,41,0,1,6,2280,114.000000,0
rma_pingpong,8,10,55,42,0,1,5,2249,112.450000,0
rma_pingpong,8,10,55,43,0,1,4,2248,112.400000,0
rma_pingpong,8,10,55,44,0,1,3,2132,106.600000,0
rma_pingpong,8,10,55,45,0,1,2,2132,106.600000,0
rma_pingpong,8,10,55,46,0,1,1,2050,102.500000,0
rma_pingpong,8,10,55,47,0,1,0,2050,102.500000,0
rma_pingpong,8,10,55,48,0,0,7,2249,112.450000,0
rma_pingpong,8,10,55,49,0,0,6,2248,112.400000,0
rma_pingpong,8,10,55,50,0,0,5,2132,106.600000,0
rma_pingpong,8,10,55,51,0,0,4,2132,106.600000,0
rma_pingpong,8,10,55,52,0,0,3,2050,102.500000,0
rma_pingpong,8,10,55,53,0,0,2,2050,102.500000,0
rma_pingpong,8,10,55,54,1,0,1,1968,98.400000,0
rma_pingpong,8,10,55,56,0,1,7,2189,109.450000,0
rma_pingpong,8,10,55,57,0,1,6,2249,112.450000,0
rma_pingpong,8,10,55,58,0,1,5,2132,106.600000,0
rma_pingpong,8,10,55,59,0,1,4,2132,106.600000,0
rma_pingpong,8,10,55,60,0,1,3,2050,102.500000,0
rma_pingpong,8,10,55,61,0,1,2,2050,102.500000,0
rma_pingpong,8,10,55,62,1,1,1,1968,98.400000,0
rma_pingpong,8,10,55,63,1,1,0,1968,98.400000,0
rma_pingpong,8,10,56,0,0,7,0,2248,112.400000,0
rma_pingpong,8,10,56,1,0,7,1,2248,112.400000,0
rma_pingpong,8,10,56,2,0,7,2,2305,115.250000,0
rma_pingpong,8,10,56,3,0,7,3,2309,115.450000,0
rma_pingpong,8,10,56,4,0,7,4,2388,119.400000,0
rma_pingpong,8,10,56,5,0,7,5,2390,119.500000,0
rma_pingpong,8,10,56,6,0,7,6,2468,123.400000,0
rma_pingpong,8,10,56,7,0,7,7,2468,123.400000,0
rma_pingpong,8,10,56,8,0,6,0,2248,112.400000,0
rma_pingpong,8,10,56,9,0,6,1,2248,112.400000,0
rma_pingpong,8,10,56,10,0,6,2,2309,115.450000,0
rma_pingpong,8,10,56,11,0,6,3,2309,115.450000,0
rma_pingpong,8,10,56,12,0,6,4,2388,119.400000,0
rma_pingpong,8,10,56,13,0,6,5,2388,119.400000,0
rma_pingpong,8,10,56,14,0,6,6,2468,123.400000,0
rma_pingpong,8,10,56,15,0,6,7,2468,123.400000,0
rma_pingpong,8,10,56,16,0,5,0,2132,106.600000,0
rma_pingpong,8,10,56,17,0,5,1,2132,106.600000,0
rma_pingpong,8,10,56,18,0,5,2,2248,112.400000,0
rma_pingpong,8,10,56,19,0,5,3,2248,112.400000,0
rma_pingpong,8,10,56,20,0,5,4,2305,115.250000,0
rma_pingpong,8,10,56,21,0,5,5,2305,115.250000,0
rma_pingpong,8,10,56,22,0,5,6,2388,119.400000,0
rma_pingpong,8,10,56,23,0,5,7,2388,119.400000,0
rma_pingpong,8,10,56,24,0,4,0,2132,106.600000,0
rma_pingpong,8,10,56,25,0,4,1,2132,106.600000,0
rma_pingpong,8,10,56,26,0,4,2,2248,112.400000,0
rma_pingpong,8,10,56,27,0,4,3,2248,112.400000,0
rma_pingpong,8,10,56,28,0,4,4,2305,115.250000,0
rma_pingpong,8,10,56,29,0,4,5,2305,115.250000,0
rma_pingpong,8,10,56,30,0,4,6,2388,119.400000,0
rma_pingpong,8,10,56,31,0,4,7,2388,119.400000,0
rma_pingpong,8,10,56,32,0,3,0,2050,102.500000,0
rma_pingpong,8,10,56,33,0,3,1,2050,102.500000,0
rma_pingpong,8,10,56,34,0,3,2,2132,106.600000,0
rma_pingpong,8,10,56,35,0,3,3,2132,106.600000,0
rma_pingpong,8,10,56,36,0,3,4,2249,112.450000,0
rma_pingpong,8,10,56,37,0,3,5,2249,112.450000,0
rma_pingpong,8,10,56,38,0,3,6,2280,114.000000,0
rma_pingpong,8,10,56,39,0,3,7,2280,114.000000,0
rma_pingpong,8,10,56,40,0,2,0,2050,102.500000,0
rma_pingpong,8,10,56,41,0,2,1,2050,102.500000,0
rma_pingpong,8,10,56,42,0,2,2,2132,106.600000,0
rma_pingpong,8,10,56,43,0,2,3,2132,106.600000,0
rma_pingpong,8,10,56,44,0,2,4,2249,112.450000,0
rma_pingpong,8,10,56,45,0,2,5,2249,112.450000,0
rma_pingpong,8,10,56,46,0,2,6,2280,114.000000,0
rma_pingpong,8,10,56,47,0,2,7,2280,114.000000,0
rma_pingpong,8,10,56,48,1,1,0,1968,98.400000,0
rma_pingpong,8,10,56,49,1,1,1,1968,98.400000,0
rma_pingpong,8,10,56,50,0,1,2,2050,102.500000,0
rma_pingpong,8,10,56,51,0,1,3,2050,102.500000,0
rma_pingpong,8,10,56,52,0,1,4,2132,106.600000,0
rma_pingpong,8,10,56,53,0,1,5,2132,106.600000,0
rma_pingpong,8,10,56,54,0,1,6,2248,112.400000,0
rma_pingpong,8,10,56,55,0,1,7,2189,109.450000,0
rma_pingpong,8,10,56,57,1,0,1,1968,98.400000,0
rma_pingpong,8,10,56,58,0,0,2,2050,102.500000,0
rma_pingpong,8,10,56,59,0,0,3,2050,102.500000,0
rma_pingpong,8,10,56,60,0,0,4,2132,106.600000,0
rma_pingpong,8,10,56,61,0,0,5,2132,106.600000,0
rma_pingpong,8,10,56,62,0,0,6,2249,112.450000,0
rma_pingpong,8,10,56,63,0,0,7,2248,112.400000,0
rma_pingpong,8,10,57,0,0,7,1,2248,112.400000,0
rma_pingpong,8,10,57,1,0,7,0,2248,112.400000,0
rma_pingpong,8,10,57,2,0,7,1,2309,115.450000,0
rma_pingpong,8,10,57,3,0,7,2,2309,115.450000,0
rma_pingpong,8,10,57,4,0,7,3,2390,119.500000,0
rma_pingpong,8,10,57,5,0,7,4,2388,119.400000,0
rma_pingpong,8,10,57,6,0,7,5,2468,123.400000,0
rma_pingpong,8,10,57,7,0,7,6,2468,123.400000,0
rma_pingpong,8,10,57,8,0,6,1,2248,112.400000,0
rma_pingpong,8,10,57,9,0,6,0,2248,112.400000,0
rma_pingpong,8,10,57,10,0,6,1,2305,115.250000,0
rma_pingpong,8,10,57,11,0,6,2,2309,115.450000,0
rma_pingpong,8,10,57,12,0,6,3,2388,119.400000,0
rma_pingpong,8,10,57,13,0,6,4,2390,119.500000,0
rma_pingpong,8,10,57,14,0,6,5,2468,123.400000,0
rma_pingpong,8,10,57,15,0,6,6,2468,123.400000,0
rma_pingpong,8,10,57,16,0,5,1,2118,105.900000,0
rma_pingpong,8,10,57,17,0,5,0,2132,106.600000,0
rma_pingpong,8,10,57,18,0,5,1,2248,112.400000,0
rma_pingpong,8,10,57,19,0,5,2,2248,112.400000,0
rma_pingpong,8,10,57,20,0,5,3,2309,115.450000,0
rma_pingpong,8,10,57,21,0,5,4,2309,115.450000,0
rma_pingpong,8,10,57,22,0,5,5,2388,119.400000,0
rma_pingpong,8,10,57,23,0,5,6,2388,119.400000,0
rma_pingpong,8,10,57,24,0,4,1,2118,105.900000,0
rma_pingpong,8,10,57,25,0,4,0,2132,106.600000,0
rma_pingpong,8,10,57,26,0,4,1,2248,112.400000,0
rma_pingpong,8,10,57,27,0,4,2,2248,112.400000,0
rma_pingpong,8,10,57,28,0,4,3,2309,115.450000,0
rma_pingpong,8,10,57,29,0,4,4,2309,115.450000,0
rma_pingpong,8,10,57,30,0,4,5,2388,119.400000,0
rma_pingpong,8,10,57,31,0,4,6,2388,119.400000,0
rma_pingpong,8,10,57,32,0,3,1,2050,102.500000,0
rma_pingpong,8,10,57,33,0,3,0,2050,102.500000,0
rma_pingpong,8,10,57,34,0,3,1,2118,105.900000,0
rma_pingpong,8,10,57,35,0,3,2,2132,106.600000,0
rma_pingpong,8,10,57,36,0,3,3,2249,112.450000,0
rma_pingpong,8,10,57,37,0,3,4,2249,112.450000,0
rma_pingpong,8,10,57,38,0,3,5,2280,114.000000,0
rma_pingpong,8,10,57,39,0,3,6,2280,114.000000,0
rma_pingpong,8,10,57,40,0,2,1,2050,102.500000,0
rma_pingpong,8,10,57,41,0,2,0,2050,102.500000,0
rma_pingpong,8,10,57,42,0,2,1,2118,105.900000,0
rma_pingpong,8,10,57,43,0,2,2,2132,106.600000,0
rma_pingpong,8,10,57,44,0,2,3,2249,112.450000,0
rma_pingpong,8,10,57,45,0,2,4,2249,112.450000,0
rma_pingpong,8,10,57,46,0,2,5,2280,114.000000,0
rma_pingpong,8,10,57,47,0,2,6,2280,114.000000,0
rma_pingpong,8,10,57,48,1,1,1,1968,98.400000,0
rma_pingpong,8,10,57,49,1,1,0,1968,98.400000,0
rma_pingpong,8,10,57,50,0,1,1,2050,102.500000,0
rma_pingpong,8,10,57,51,0,1,2,2050,102.500000,0
rma_pingpong,8,10,57,52,0,1,3,2132,106.600000,0
rma_pingpong,8,10,57,53,0,1,4,2132,106.600000,0
rma_pingpong,8,10,57,54,0,1,5,2249,112.450000,0
rma_pingpong,8,10,57,55,0,1,6,2249,112.450000,0
rma_pingpong,8,10,57,56,1,0,1,1968,98.400000,0
rma_pingpong,8,10,57,58,0,0,1,2050,102.500000,0
rma_pingpong,8,10,57,59,0,0,2,2050,102.500000,0
rma_pingpong,8,10,57,60,0,0,3,2132,106.600000,0
rma_pingpong,8,10,57,61,0,0,4,2132,106.600000,0
rma_pingpong,8,10,57,62,0,0,5,2249,112.450000,0
rma_pingpong,8,10,57,63,0,0,6,2249,112.450000,0
rma_pingpong,8,10,58,0,0,7,2,2305,115.250000,0
rma_pingpong,8,10,58,1,0,7,1,2305,115.250000,0
rma_pingpong,8,10,58,2,0,7,0,2248,112.400000,0
rma_pingpong,8,10,58,3,0,7,1,2248,112.400000,0
rma_pingpong,8,10,58,4,0,7,2,2309,115.450000,0
rma_pingpong,8,10,58,5,0,7,3,2305,115.250000,0
rma_pingpong,8,10,58,6,0,7,4,2388,119.400000,0
rma_pingpong,8,10,58,7,0,7,5,2388,119.400000,0
rma_pingpong,8,10,58,8,0,6,2,2305,115.250000,0
rma_pingpong,8,10,58,9,0,6,1,2305,115.250000,0
rma_pingpong,8,10,58,10,0,6,0,2248,112.400000,0
rma_pingpong,8,10,58,11,0,6,1,2248,112.400000,0
rma_pingpong,8,10,58,12,0,6,2,2305,115.250000,0
rma_pingpong,8,10,58,13,0,6,3,2305,115.250000,0
rma_pingpong,8,10,58,14,0,6,4,2390,119.500000,0
rma_pingpong,8,10,58,15,0,6,5,2390,119.500000,0
rma_pingpong,8,10,58,16,0,5,2,2249,112.450000,0
rma_pingpong,8,10,58,17,0,5,1,2248,112.400000,0
rma_pingpong,8,10,58,18,0,5,0,2169,108.450000,0
rma_pingpong,8,10,58,19,0,5,1,2169,108.450000,0
rma_pingpong,8,10,58,20,0,5,2,2248,112.400000,0
rma_pingpong,8,10,58,21,0,5,3,2248,112.400000,0
rma_pingpong,8,10,58,22,0,5,4,2280,114.000000,0
rma_pingpong,8,10,58,23,0,5,5,2280,114.000000,0
rma_pingpong,8,10,58,24,0,4,2,2249,112.450000,0
rma_pingpong,8,10,58,25,0,4,1,2248,112.400000,0
rma_pingpong,8,10,58,26,0,4,0,2169,108.450000,0
rma_pingpong,8,10,58,27,0,4,1,2169,108.450000,0
rma_pingpong,8,10,58,28,0,4,2,2248,112.400000,0
rma_pingpong,8,10,58,29,0,4,3,2248,112.400000,0
rma_pingpong,8,10,58,30,0,4,4,2280,114.000000,0
rma_pingpong,8,10,58,31,0,4,5,2280,114.000000,0
rma_pingpong,8,10,58,32,0,3,2,2132,106.600000,0
rma_pingpong,8,10,58,33,0,3,1,2132,106.600000,0
rma_pingpong,8,10,58,34,0,3,0,2050,102.500000,0
rma_pingpong,8,10,58,35,0,3,1,2050,102.500000,0
rma_pingpong,8,10,58,36,0,3,2,2132,106.600000,0
rma_pingpong,8,10,58,37,0,3,3,2132,106.600000,0
rma_pingpong,8,10,58,38,0,3,4,2249,112.450000,0
rma_pingpong,8,10,58,39,0,3,5,2249,112.450000,0
rma_pingpong,8,10,58,40,0,2,2,2132,106.600000,0
rma_pingpong,8,10,58,41,0,2,1,2132,106.600000,0
rma_pingpong,8,10,58,42,0,2,0,2050,102.500000,0
rma_pingpong,8,10,58,43,0,2,1,2050,102.500000,0
rma_pingpong,8,10,58,44,0,2,2,2132,106.600000,0
rma_pingpong,8,10,58,45,0,2,3,2132,106.600000,0
rma_pingpong,8,10,58,46,0,2,4,2249,112.450000,0
rma_pingpong,8,10,58,47,0,2,5,2249,112.450000,0
rma_pingpong,8,10,58,48,0,1,2,2050,102.500000,0
rma_pingpong,8,10,58,49,0,1,1,2050,102.500000,0
rma_pingpong,8,10,58,50,1,1,0,1968,98.400000,0
rma_pingpong,8,10,58,51,1,1,1,1968,98.400000,0
rma_pingpong,8,10,58,52,0,1,2,2050,102.500000,0
rma_pingpong,8,10,58,53,0,1,3,2049,102.450000,0
rma_pingpong,8,10,58,54,0,1,4,2132,106.600000,0
rma_pingpong,8,10,58,55,0,1,5,2118,105.900000,0
rma_pingpong,8,10,58,56,0,0,2,2050,102.500000,0
rma_pingpong,8,10,58,57,0,0,1,2050,102.500000,0
rma_pingpong,8,10,58,59,1,0,1,1968,98.400000,0
rma_pingpong,8,10,58,60,0,0,2,2050,102.500000,0
rma_pingpong,8,10,58,61,0,0,3,2050,102.500000,0
rma_pingpong,8,10,58,62,0,0,4,2118,105.900000,0
rma_pingpong,8,10,58,63,0,0,5,2132,106.600000,0
rma_pingpong,8,10,59,0,0,7,3,2305,115.250000,0
rma_pingpong,8,10,59,1,0,7,2,2305,115.250000,0
rma_pingpong,8,10,59,2,0,7,1,2248,112.400000,0
rma_pingpong,8,10,59,3,0,7,0,2248,112.400000,0
rma_pingpong,8,10,59,4,0,7,1,2309,115.450000,0
rma_pingpong,8,10,59,5,0,7,2,2305,115.250000,0
rma_pingpong,8,10,59,6,0,7,3,2388,119.400000,0
rma_pingpong,8,10,59,7,0,7,4,2388,119.400000,0
rma_pingpong,8,10,59,8,0,6,3,2305,115.250000,0
rma_pingpong,8,10,59,9,0,6,2,2305,115.250000,0
rma_pingpong,8,10,59,10,0,6,1,2248,112.400000,0
rma_pingpong,8,10,59,11,0,6,0,2248,112.400000,0
rma_pingpong,8,10,59,12,0,6,1,2305,115.250000,0
rma_pingpong,8,10,59,13,0,6,2,2305,115.250000,0
rma_pingpong,8,10,59,14,0,6,3,2390,119.500000,0
rma_pingpong,8,10,59,15,0,6,4,2390,119.500000,0
rma_pingpong,8,10,59,16,0,5,3,2249,112.450000,0
rma_pingpong,8,10,59,17,0,5,2,2248,112.400000,0
rma_pingpong,8,10,59,18,0,5,1,2169,108.450000,0
rma_pingpong,8,10,59,19,0,5,0,2163,108.150000,0
rma_pingpong,8,10,59,20,0,5,1,2248,112.400000,0
rma_pingpong,8,10,59,21,0,5,2,2248,112.400000,0
rma_pingpong,8,10,59,22,0,5,3,2280,114.000000,0
rma_pingpong,8,10,59,23,0,5,4,2280,114.000000,0
rma_pingpong,8,10,59,24,0,4,3,2249,112.450000,0
rma_pingpong,8,10,59,25,0,4,2,2248,112.400000,0
rma_pingpong,8,10,59,26,0,4,1,2169,108.450000,0
rma_pingpong,8,10,59,27,0,4,0,2163,108.150000,0
rma_pingpong,8,10,59,28,0,4,1,2248,112.400000,0
rma_pingpong,8,10,59,29,0,4,2,2248,112.400000,0
rma_pingpong,8,10,59,30,0,4,3,2280,114.000000,0
rma_pingpong,8,10,59,31,0,4,4,2280,114.000000,0
rma_pingpong,8,10,59,32,0,3,3,2132,106.600000,0
rma_pingpong,8,10,59,33,0,3,2,2132,106.600000,0
rma_pingpong,8,10,59,34,0,3,1,2050,102.500000,0
rma_pingpong,8,10,59,35,0,3,0,2050,102.500000,0
rma_pingpong,8,10,59,36,0,3,1,2132,106.600000,0
rma_pingpong,8,10,59,37,0,3,2,2132,106.600000,0
rma_pingpong,8,10,59,38,0,3,3,2249,112.450000,0
rma_pingpong,8,10,59,39,0,3,4,2249,112.450000,0
rma_pingpong,8,10,59,40,0,2,3,2132,106.600000,0
rma_pingpong,8,10,59,41,0,2,2,2132,106.600000,0
rma_pingpong,8,10,59,42,0,2,1,2050,102.500000,0
rma_pingpong,8,10,59,43,0,2,0,2050,102.500000,0
rma_pingpong,8,10,59,44,0,2,1,2132,106.600000,0
rma_pingpong,8,10,59,45,0,2,2,2132,106.600000,0
rma_pingpong,8,10,59,46,0,2,3,2249,112.450000,0
rma_pingpong,8,10,59,47,0,2,4,2249,112.450000,0
rma_pingpong,8,10,59,48,0,1,3,2050,102.500000,0
rma_pingpong,8,10,59,49,0,1,2,2050,102.500000,0
rma_pingpong,8,10,59,50,1,1,1,1968,98.400000,0
rma_pingpong,8,10,59,51,1,1,0,1968,98.400000,0
rma_pingpong,8,10,59,52,0,1,1,2050,102.500000,0
rma_pingpong,8,10,59,53,0,1,2,2050,102.500000,0
rma_pingpong,8,10,59,54,0,1,3,2132,106.600000,0
rma_pingpong,8,10,59,55,0,1,4,2132,106.600000,0
rma_pingpong,8,10,59,56,0,0,3,2050,102.500000,0
rma_pingpong,8,10,59,57,0,0,2,2050,102.500000,0
rma_pingpong,8,10,59,58,1,0,1,1968,98.400000,0
rma_pingpong,8,10,59,60,0,0,1,2050,102.500000,0
rma_pingpong,8,10,59,61,0,0,2,2050,102.500000,0
rma_pingpong,8,10,59,62,0,0,3,2118,105.900000,0
rma_pingpong,8,10,59,63,0,0,4,2132,106.600000,0
rma_pingpong,8,10,60,0,0,7,4,2390,119.500000,0
rma_pingpong,8,10,60,1,0,7,3,2388,119.400000,0
rma_pingpong,8,10,60,2,0,7,2,2305,115.250000,0
rma_pingpong,8,10,60,3,0,7,1,2305,115.250000,0
rma_pingpong,8,10,60,4,0,7,0,2248,112.400000,0
rma_pingpong,8,10,60,5,0,7,1,2248,112.400000,0
rma_pingpong,8,10,60,6,0,7,2,2309,115.450000,0
rma_pingpong,8,10,60,7,0,7,3,2305,115.250000,0
rma_pingpong,8,10,60,8,0,6,4,2388,119.400000,0
rma_pingpong,8,10,60,9,0,6,3,2390,119.500000,0
rma_pingpong,8,10,60,10,0,6,2,2309,115.450000,0
rma_pingpong,8,10,60,11,0,6,1,2305,115.250000,0
rma_pingpong,8,10,60,12,0,6,0,2248,112.400000,0
rma_pingpong,8,10,60,13,0,6,1,2248,112.400000,0
rma_pingpong,8,10,60,14,0,6,2,2305,115.250000,0
rma_pingpong,8,10,60,15,0,6,3,2305,115.250000,0
rma_pingpong,8,10,60,16,0,5,4,2280,114.000000,0
rma_pingpong,8,10,60,17,0,5,3,2280,114.000000,0
rma_pingpong,8,10,60,18,0,5,2,2248,112.400000,0
rma_pingpong,8,10,60,19,0,5,1,2248,112.400000,0
rma_pingpong,8,10,60,20,0,5,0,2169,108.450000,0
rma_pingpong,8,10,60,21,0,5,1,2169,108.450000,0
rma_pingpong,8,10,60,22,0,5,2,2249,112.450000,0
rma_pingpong,8,10,60,23,0,5,3,2249,112.450000,0
rma_pingpong,8,10,60,24,0,4,4,2280,114.000000,0
rma_pingpong,8,10,60,25,0,4,3,2280,114.000000,0
rma_pingpong,8,10,60,26,0,4,2,2248,112.400000,0
rma_pingpong,8,10,60,27,0,4,1,2248,112.400000,0
rma_pingpong,8,10,60,28,0,4,0,2169,108.450000,0
rma_pingpong,8,10,60,29,0,4,1,2169,108.450000,0
rma_pingpong,8,10,60,30,0,4,2,2249,112.450000,0
rma_pingpong,8,10,60,31,0,4,3,2249,112.450000,0
rma_pingpong,8,10,60,32,0,3,4,2249,112.450000,0
rma_pingpong,8,10,60,33,0,3,3,2248,112.400000,0
rma_pingpong,8,10,60,34,0,3,2,2132,106.600000,0
rma_pingpong,8,10,60,35,0,3,1,2132,106.600000,0
rma_pingpong,8,10,60,36,0,3,0,2050,102.500000,0
rma_pingpong,8,10,60,37,0,3,1,2050,102.500000,0
rma_pingpong,8,10,60,38,0,3,2,2132,106.600000,0
rma_pingpong,8,10,60,39,0,3,3,2132,106.600000,0
rma_pingpong,8,10,60,40,0,2,4,2249,112.450000,0
rma_pingpong,8,10,60,41,0,2,3,2248,112.400000,0
rma_pingpong,8,10,60,42,0,2,2,2132,106.600000,0
rma_pingpong,8,10,60,43,0,2,1,2132,106.600000,0
rma_pingpong,8,10,60,44,0,2,0,2050,102.500000,0
rma_pingpong,8,10,60,45,0,2,1,2050,102.500000,0
rma_pingpong,8,10,60,46,0,2,2,2132,106.600000,0
rma_pingpong,8,10,60,47,0,2,3,2132,106.600000,0
rma_pingpong,8,10,60,48,0,1,4,2132,106.600000,0
rma_pingpong,8,10,60,49,0,1,3,2132,106.600000,0
rma_pingpong,8,10,60,50,0,1,2,2050,102.500000,0
rma_pingpong,8,10,60,51,0,1,1,2050,102.500000,0
rma_pingpong,8,10,60,52,1,1,0,1968,98.400000,0
rma_pingpong,8,10,60,53,1,1,1,1968,98.400000,0
rma_pingpong,8,10,60,54,0,1,2,2050,102.500000,0
rma_pingpong,8,10,60,55,0,1,3,2049,102.450000,0
rma_pingpong,8,10,60,56,0,0,4,2132,106.600000,0
rma_pingpong,8,10,60,57,0,0,3,2132,106.600000,0
rma_pingpong,8,10,60,58,0,0,2,2050,102.500000,0
rma_pingpong,8,10,60,59,0,0,1,2050,102.500000,0
rma_pingpong,8,10,60,61,1,0,1,1968,98.400000,0
rma_pingpong,8,10,60,62,0,0,2,2050,102.500000,0
rma_pingpong,8,10,60,63,0,0,3,2050,102.500000,0
rma_pingpong,8,10,61,0,0,7,5,2388,119.400000,0
rma_pingpong,8,10,61,1,0,7,4,2388,119.400000,0
rma_pingpong,8,10,61,2,0,7,3,2305,115.250000,0
rma_pingpong,8,10,61,3,0,7,2,2305,115.250000,0
rma_pingpong,8,10,61,4,0,7,1,2248,112.400000,0
rma_pingpong,8,10,61,5,0,7,0,2248,112.400000,0
rma_pingpong,8,10,61,6,0,7,1,2309,115.450000,0
rma_pingpong,8,10,61,7,0,7,2,2305,115.250000,0
rma_pingpong,8,10,61,8,0,6,5,2388,119.400000,0
rma_pingpong,8,10,61,9,0,6,4,2390,119.500000,0
rma_pingpong,8,10,61,10,0,6,3,2309,115.450000,0
rma_pingpong,8,10,61,11,0,6,2,2305,115.250000,0
rma_pingpong,8,10,61,12,0,6,1,2248,112.400000,0
rma_pingpong,8,10,61,13,0,6,0,2248,112.400000,0
rma_pingpong,8,10,61,14,0,6,1,2305,115.250000,0
rma_pingpong,8,10,61,15,0,6,2,2305,115.250000,0
rma_pingpong,8,10,61,16,0,5,5,2280,114.000000,0
rma_pingpong,8,10,61,17,0,5,4,2280,114.000000,0
rma_pingpong,8,10,61,18,0,5,3,2248,112.400000,0
rma_pingpong,8,10,61,19,0,5,2,2248,112.400000,0
rma_pingpong,8,10,61,20,0,5,1,2169,108.450000,0
rma_pingpong,8,10,61,21,0,5,0,2163,108.150000,0
rma_pingpong,8,10,61,22,0,5,1,2249,112.450000,0
rma_pingpong,8,10,61,23,0,5,2,2249,112.450000,0
rma_pingpong,8,10,61,24,0,4,5,2280,114.000000,0
rma_pingpong,8,10,61,25,0,4,4,2280,114.000000,0
rma_pingpong,8,10,61,26,0,4,3,2248,112.400000,0
rma_pingpong,8,10,61,27,0,4,2,2248,112.400000,0
rma_pingpong,8,10,61,28,0,4,1,2169,108.450000,0
rma_pingpong,8,10,61,29,0,4,0,2163,108.150000,0
rma_pingpong,8,10,61,30,0,4,1,2249,112.450000,0
rma_pingpong,8,10,61,31,0,4,2,2249,112.450000,0
rma_pingpong,8,10,61,32,0,3,5,2249,112.450000,0
rma_pingpong,8,10,61,33,0,3,4,2248,112.400000,0
rma_pingpong,8,10,61,34,0,3,3,2132,106.600000,0
rma_pingpong,8,10,61,35,0,3,2,2132,106.600000,0
rma_pingpong,8,10,61,36,0,3,1,2050,102.500000,0
rma_pingpong,8,10,61,37,0,3,0,2050,102.500000,0
rma_pingpong,8,10,61,38,0,3,1,2132,106.600000,0
rma_pingpong,8,10,61,39,0,3,2,2132,106.600000,0
rma_pingpong,8,10,61,40,0,2,5,2249,112.450000,0
rma_pingpong,8,10,61,41,0,2,4,2248,112.400000,0
rma_pingpong,8,10,61,42,0,2,3,2132,106.600000,0
rma_pingpong,8,10,61,43,0,2,2,2132,106.600000,0
rma_pingpong,8,10,61,44,0,2,1,2050,102.500000,0
rma_pingpong,8,10,61,45,0,2,0,2050,102.500000,0
rma_pingpong,8,10,61,46,0,2,1,2132,106.600000,0
rma_pingpong,8,10,61,47,0,2,2,2132,106.600000,0
rma_pingpong,8,10,61,48,0,1,5,2132,106.600000,0
rma_pingpong,8,10,61,49,0,1,4,2132,106.600000,0
rma_pingpong,8,10,61,50,0,1,3,2050,102.500000,0
rma_pingpong,8,10,61,51,0,1,2,2050,102.500000,0
rma_pingpong,8,10,61,52,1,1,1,1968,98.400000,0
rma_pingpong,8,10,61,53,1,1,0,1968,98.400000,0
rma_pingpong,8,10,61,54,0,1,1,2050,102.500000,0
rma_pingpong,8,10,61,55,0,1,2,2050,102.500000,0
rma_pingpong,8,10,61,56,0,0,5,2132,106.600000,0
rma_pingpong,8,10,61,57,0,0,4,2132,106.600000,0
rma_pingpong,8,10,61,58,0,0,3,2050,102.500000,0
rma_pingpong,8,10,61,59,0,0,2,2050,102.500000,0
rma_pingpong,8,10,61,60,1,0,1,1968,98.400000,0
rma_pingpong,8,10,61,62,0,0,1,2050,102.500000,0
rma_pingpong,8,10,61,63,0,0,2,2050,102.500000,0
rma_pingpong,8,10,62,0,0,7,6,2468,123.400000,0
rma_pingpong,8,10,62,1,0,7,5,2468,123.400000,0
rma_pingpong,8,10,62,2,0,7,4,2388,119.400000,0
rma_pingpong,8,10,62,3,0,7,3,2388,119.400000,0
rma_pingpong,8,10,62,4,0,7,2,2305,115.250000,0
rma_pingpong,8,10,62,5,0,7,1,2305,115.250000,0
rma_pingpong,8,10,62,6,0,7,0,2248,112.400000,0
rma_pingpong,8,10,62,7,0,7,1,2248,112.400000,0
rma_pingpong,8,10,62,8,0,6,6,2468,123.400000,0
rma_pingpong,8,10,62,9,0,6,5,2468,123.400000,0
rma_pingpong,8,10,62,10,0,6,4,2390,119.500000,0
rma_pingpong,8,10,62,11,0,6,3,2390,119.500000,0
rma_pingpong,8,10,62,12,0,6,2,2309,115.450000,0
rma_pingpong,8,10,62,13,0,6,1,2305,115.250000,0
rma_pingpong,8,10,62,14,0,6,0,2248,112.400000,0
rma_pingpong,8,10,62,15,0,6,1,2248,112.400000,0
rma_pingpong,8,10,62,16,0,5,6,2388,119.400000,0
rma_pingpong,8,10,62,17,0,5,5,2388,119.400000,0
rma_pingpong,8,10,62,18,0,5,4,2309,115.450000,0
rma_pingpong,8,10,62,19,0,5,3,2305,115.250000,0
rma_pingpong,8,10,62,20,0,5,2,2248,112.400000,0
rma_pingpong,8,10,62,21,0,5,1,2248,112.400000,0
rma_pingpong,8,10,62,22,0,5,0,2132,106.600000,0
rma_pingpong,8,10,62,23,0,5,1,2132,106.600000,0
rma_pingpong,8,10,62,24,0,4,6,2388,119.400000,0
rma_pingpong,8,10,62,25,0,4,5,2388,119.400000,0
rma_pingpong,8,10,62,26,0,4,4,2309,115.450000,0
rma_pingpong,8,10,62,27,0,4,3,2305,115.250000,0
rma_pingpong,8,10,62,28,0,4,2,2248,112.400000,0
rma_pingpong,8,10,62,29,0,4,1,2248,112.400000,0
rma_pingpong,8,10,62,30,0,4,0,2132,106.600000,0
rma_pingpong,8,10,62,31,0,4,1,2132,106.600000,0
rma_pingpong,8,10,62,32,0,3,6,2280,114.000000,0
rma_pingpong,8,10,62,33,0,3,5,2280,114.000000,0
rma_pingpong,8,10,62,34,0,3,4,2249,112.450000,0
rma_pingpong,8,10,62,35,0,3,3,2248,112.400000,0
rma_pingpong,8,10,62,36,0,3,2,2132,106.600000,0
rma_pingpong,8,10,62,37,0,3,1,2132,106.600000,0
rma_pingpong,8,10,62,38,0,3,0,2050,102.500000,0
rma_pingpong,8,10,62,39,0,3,1,2050,102.500000,0
rma_pingpong,8,10,62,40,0,2,6,2280,114.000000,0
rma_pingpong,8,10,62,41,0,2,5,2280,114.000000,0
rma_pingpong,8,10,62,42,0,2,4,2249,112.450000,0
rma_pingpong,8,10,62,43,0,2,3,2248,112.400000,0
rma_pingpong,8,10,62,44,0,2,2,2132,106.600000,0
rma_pingpong,8,10,62,45,0,2,1,2132,106.600000,0
rma_pingpong,8,10,62,46,0,2,0,2050,102.500000,0
rma_pingpong,8,10,62,47,0,2,1,2050,102.500000,0
rma_pingpong,8,10,62,48,0,1,6,2249,112.450000,0
rma_pingpong,8,10,62,49,0,1,5,2248,112.400000,0
rma_pingpong,8,10,62,50,0,1,4,2132,106.600000,0
rma_pingpong,8,10,62,51,0,1,3,2132,106.600000,0
rma_pingpong,8,10,62,52,0,1,2,2050,102.500000,0
rma_pingpong,8,10,62,53,0,1,1,2050,102.500000,0
rma_pingpong,8,10,62,54,1,1,0,1968,98.400000,0
rma_pingpong,8,10,62,55,1,1,1,1968,98.400000,0
rma_pingpong,8,10,62,56,0,0,6,2249,112.450000,0
rma_pingpong,8,10,62,57,0,0,5,2248,112.400000,0
rma_pingpong,8,10,62,58,0,0,4,2132,106.600000,0
rma_pingpong,8,10,62,59,0,0,3,2132,106.600000,0
rma_pingpong,8,10,62,60,0,0,2,2050,102.500000,0
rma_pingpong,8,10,62,61,0,0,1,2050,102.500000,0
rma_pingpong,8,10,62,63,1,0,1,1968,98.400000,0
rma_pingpong,8,10,63,0,0,7,7,2468,123.400000,0
rma_pingpong,8,10,63,1,0,7,6,2468,123.400000,0
rma_pingpong,8,10,63,2,0,7,5,2388,119.400000,0
rma_pingpong,8,10,63,3,0,7,4,2388,119.400000,0
rma_pingpong,8,10,63,4,0,7,3,2305,115.250000,0
rma_pingpong,8,10,63,5,0,7,2,2305,115.250000,0
rma_pingpong,8,10,63,6,0,7,1,2248,112.400000,0
rma_pingpong,8,10,63,7,0,7,0,2248,112.400000,0
rma_pingpong,8,10,63,8,0,6,7,2468,123.400000,0
rma_pingpong,8,10,63,9,0,6,6,2468,123.400000,0
rma_pingpong,8,10,63,10,0,6,5,2390,119.500000,0
rma_pingpong,8,10,63,11,0,6,4,2390,119.500000,0
rma_pingpong,8,10,63,12,0,6,3,2309,115.450000,0
rma_pingpong,8,10,63,13,0,6,2,2305,115.250000,0
rma_pingpong,8,10,63,14,0,6,1,2248,112.400000,0
rma_pingpong,8,10,63,15,0,6,0,2248,112.400000,0
rma_pingpong,8,10,63,16,0,5,7,2388,119.400000,0
rma_pingpong,8,10,63,17,0,5,6,2388,119.400000,0
rma_pingpong,8,10,63,18,0,5,5,2309,115.450000,0
rma_pingpong,8,10,63,19,0,5,4,2305,115.250000,0
rma_pingpong,8,10,63,20,0,5,3,2248,112.400000,0
rma_pingpong,8,10,63,21,0,5,2,2248,112.400000,0
rma_pingpong,8,10,63,22,0,5,1,2132,106.600000,0
rma_pingpong,8,10,63,23,0,5,0,2132,106.600000,0
rma_pingpong,8,10,63,24,0,4,7,2388,119.400000,0
rma_pingpong,8,10,63,25,0,4,6,2388,119.400000,0
rma_pingpong,8,10,63,26,0,4,5,2309,115.450000,0
rma_pingpong,8,10,63,27,0,4,4,2305,115.250000,0
rma_pingpong,8,10,63,28,0,4,3,2248,112.400000,0
rma_pingpong,8,10,63,29,0,4,2,2248,112.400000,0
rma_pingpong,8,10,63,30,0,4,1,2132,106.600000,0
rma_pingpong,8,10,63,31,0,4,0,2132,106.600000,0
rma_pingpong,8,10,63,32,0,3,7,2280,114.000000,0
rma_pingpong,8,10,63,33,0,3,6,2280,114.000000,0
rma_pingpong,8,10,63,34,0,3,5,2249,112.450000,0
rma_pingpong,8,10,63,35,0,3,4,2248,112.400000,0
rma_pingpong,8,10,63,36,0,3,3,2132,106.600000,0
rma_pingpong,8,10,63,37,0,3,2,2132,106.600000,0
rma_pingpong,8,10,63,38,0,3,1,2050,102.500000,0
rma_pingpong,8,10,63,39,0,3,0,2050,102.500000,0
rma_pingpong,8,10,63,40,0,2,7,2280,114.000000,0
rma_pingpong,8,10,63,41,0,2,6,2280,114.000000,0
rma_pingpong,8,10,63,42,0,2,5,2249,112.450000,0
rma_pingpong,8,10,63,43,0,2,4,2248,112.400000,0
rma_pingpong,8,10,63,44,0,2,3,2132,106.600000,0
rma_pingpong,8,10,63,45,0,2,2,2132,106.600000,0
rma_pingpong,8,10,63,46,0,2,1,2050,102.500000,0
rma_pingpong,8,10,63,47,0,2,0,2050,102.500000,0
rma_pingpong,8,10,63,48,0,1,7,2189,109.450000,0
rma_pingpong,8,10,63,49,0,1,6,2249,112.450000,0
rma_pingpong,8,10,63,50,0,1,5,2132,106.600000,0
rma_pingpong,8,10,63,51,0,1,4,2132,106.600000,0
rma_pingpong,8,10,63,52,0,1,3,2050,102.500000,0
rma_pingpong,8,10,63,53,0,1,2,2050,102.500000,0
rma_pingpong,8,10,63,54,1,1,1,1968,98.400000,0
rma_pingpong,8,10,63,55,1,1,0,1968,98.400000,0
rma_pingpong,8,10,63,56,0,0,7,2249,112.450000,0
rma_pingpong,8,10,63,57,0,0,6,2248,112.400000,0
rma_pingpong,8,10,63,58,0,0,5,2132,106.600000,0
rma_pingpong,8,10,63,59,0,0,4,2132,106.600000,0
rma_pingpong,8,10,63,60,0,0,3,2050,102.500000,0
rma_pingpong,8,10,63,61,0,0,2,2050,102.500000,0
rma_pingpong,8,10,63,62,1,0,1,1968,98.400000,0
