case_id,phase,mode,bytes,reps,active_pes,offset,slot_stride,mapping,mapping_seed,cycles,cycles_per_op,aggregate_bytes_per_cycle,errors
1009,load,get,8,10000,1,0,131200,identity,20261005,4413562,441.356200,0.018125949,0
1010,load,get,16,10000,1,0,131200,identity,20261005,4410635,441.063500,0.036275956,0
1011,load,get,32,10000,1,0,131200,identity,20261005,4411558,441.155800,0.072536732,0
1012,load,get,64,10000,1,0,131200,identity,20261005,4410647,441.064700,0.145103428,0
1013,load,get,96,10000,1,0,131200,identity,20261005,4408386,440.838600,0.217766775,0
1014,load,get,124,10000,1,0,131200,identity,20261005,4414782,441.478200,0.280874571,0
1015,load,get,128,10000,1,0,131200,identity,20261005,4415824,441.582400,0.289866625,0
1016,load,get,132,10000,1,0,131200,identity,20261005,4547969,454.796900,0.290239445,0
1017,load,get,192,10000,1,0,131200,identity,20261005,4550280,455.028000,0.421952056,0
1018,load,get,252,10000,1,0,131200,identity,20261005,4550483,455.048300,0.553787367,0
1019,load,get,256,10000,1,0,131200,identity,20261005,4542810,454.281000,0.563527861,0
1020,load,get,260,10000,1,0,131200,identity,20261005,4666814,466.681400,0.557125268,0
1021,load,get,384,10000,1,0,131200,identity,20261005,4666551,466.655100,0.822877538,0
1022,load,get,512,10000,1,0,131200,identity,20261005,4794852,479.485200,1.067811895,0
1023,load,get,768,10000,1,0,131200,identity,20261005,4964971,496.497100,1.546836829,0
1024,load,get,1024,1000,1,0,131200,identity,20261005,546568,546.568000,1.873508877,0
1025,load,get,1536,1000,1,0,131200,identity,20261005,572782,572.782000,2.681648515,0
1026,load,get,2048,1000,1,0,131200,identity,20261005,596458,596.458000,3.433603037,0
1027,load,get,3072,1000,1,0,131200,identity,20261005,656277,656.277000,4.680950269,0
1028,load,get,4096,1000,1,0,131200,identity,20261005,718296,718.296000,5.702384532,0
1029,load,get,6144,1000,1,0,131200,identity,20261005,831932,831.932000,7.385218984,0
1030,load,get,8192,1000,1,0,131200,identity,20261005,977378,977.378000,8.381608753,0
1031,load,get,12288,1000,1,0,131200,identity,20261005,1208678,1208.678000,10.166479410,0
1032,load,get,16384,1000,1,0,131200,identity,20261005,1442866,1442.866000,11.355177820,0
1033,load,get,24576,1000,1,0,131200,identity,20261005,1899911,1899.911000,12.935342761,0
1034,load,get,32768,1000,1,0,131200,identity,20261005,2351006,2351.006000,13.937863196,0
1035,load,get,49152,1000,1,0,131200,identity,20261005,3266036,3266.036000,15.049436075,0
1036,load,get,65536,1000,1,0,131200,identity,20261005,4197360,4197.360000,15.613623802,0
1037,load,get,98304,1000,1,0,131200,identity,20261005,6017163,6017.163000,16.337267247,0
1038,load,get,131072,1000,1,0,131200,identity,20261005,7846343,7846.343000,16.704852184,0
1039,load,get,8,10000,1,4,131200,identity,20261005,4410612,441.061200,0.018138072,0
1040,load,get,16,10000,1,4,131200,identity,20261005,4413504,441.350400,0.036252375,0
1041,load,get,32,10000,1,4,131200,identity,20261005,4410377,441.037700,0.072556156,0
1042,load,get,64,10000,1,4,131200,identity,20261005,4418265,441.826500,0.144853240,0
1043,load,get,96,10000,1,4,131200,identity,20261005,4408539,440.853900,0.217759217,0
1044,load,get,124,10000,1,4,131200,identity,20261005,4411797,441.179700,0.281064609,0
1045,load,get,128,10000,1,4,131200,identity,20261005,4553891,455.389100,0.281078313,0
1046,load,get,132,10000,1,4,131200,identity,20261005,4557197,455.719700,0.289651731,0
1047,load,get,192,10000,1,4,131200,identity,20261005,4549444,454.944400,0.422029593,0
1048,load,get,252,10000,1,4,131200,identity,20261005,4557271,455.727100,0.552962508,0
1049,load,get,256,10000,1,4,131200,identity,20261005,4678643,467.864300,0.547167202,0
1050,load,get,260,10000,1,4,131200,identity,20261005,4681926,468.192600,0.555327017,0
1051,load,get,384,10000,1,4,131200,identity,20261005,4804771,480.477100,0.799205623,0
1052,load,get,512,10000,1,4,131200,identity,20261005,4907977,490.797700,1.043199673,0
1053,load,get,768,10000,1,4,131200,identity,20261005,5107587,510.758700,1.503645459,0
1054,load,get,1024,1000,1,4,131200,identity,20261005,554440,554.440000,1.846908592,0
1055,load,get,1536,1000,1,4,131200,identity,20261005,578333,578.333000,2.655909312,0
1056,load,get,2048,1000,1,4,131200,identity,20261005,613270,613.270000,3.339475272,0
1057,load,get,3072,1000,1,4,131200,identity,20261005,665883,665.883000,4.613423079,0
1058,load,get,4096,1000,1,4,131200,identity,20261005,719513,719.513000,5.692739395,0
1059,load,get,6144,1000,1,4,131200,identity,20261005,841835,841.835000,7.298342312,0
1060,load,get,8192,1000,1,4,131200,identity,20261005,965937,965.937000,8.480884364,0
1061,load,get,12288,1000,1,4,131200,identity,20261005,1214954,1214.954000,10.113963162,0
1062,load,get,16384,1000,1,4,131200,identity,20261005,1449620,1449.620000,11.302272320,0
1063,load,get,24576,1000,1,4,131200,identity,20261005,1901004,1901.004000,12.927905465,0
1064,load,get,32768,1000,1,4,131200,identity,20261005,2361797,2361.797000,13.874181397,0
1065,load,get,49152,1000,1,4,131200,identity,20261005,3272582,3272.582000,15.019333358,0
1066,load,get,65536,1000,1,4,131200,identity,20261005,4198384,4198.384000,15.609815586,0
1067,load,get,98304,1000,1,4,131200,identity,20261005,6032412,6032.412000,16.295969175,0
1068,load,get,131072,1000,1,4,131200,identity,20261005,7845277,7845.277000,16.707122005,0
1069,load,get,8,10000,2,0,131200,identity,20261005,4413718,441.371800,0.036250617,0
1070,load,get,16,10000,2,0,131200,identity,20261005,4419084,441.908400,0.072413197,0
1071,load,get,32,10000,2,0,131200,identity,20261005,4421549,442.154900,0.144745654,0
1072,load,get,64,10000,2,0,131200,identity,20261005,4415134,441.513400,0.289911926,0
1073,load,get,96,10000,2,0,131200,identity,20261005,4415095,441.509500,0.434871730,0
1074,load,get,124,10000,2,0,131200,identity,20261005,4414462,441.446200,0.561789863,0
1075,load,get,128,10000,2,0,131200,identity,20261005,4412949,441.294900,0.580110942,0
1076,load,get,132,10000,2,0,131200,identity,20261005,4566165,456.616500,0.578165704,0
1077,load,get,192,10000,2,0,131200,identity,20261005,4562665,456.266500,0.841613399,0
1078,load,get,252,10000,2,0,131200,identity,20261005,4562713,456.271300,1.104605966,0
1079,load,get,256,10000,2,0,131200,identity,20261005,4553088,455.308800,1.124511540,0
1080,load,get,260,10000,2,0,131200,identity,20261005,4672546,467.254600,1.112883640,0
1081,load,get,384,10000,2,0,131200,identity,20261005,4672073,467.207300,1.643809932,0
1082,load,get,512,10000,2,0,131200,identity,20261005,4813339,481.333900,2.127421318,0
1083,load,get,768,10000,2,0,131200,identity,20261005,5044223,504.422300,3.045067595,0
1084,load,get,1024,1000,2,0,131200,identity,20261005,553033,553.033000,3.703214817,0
1085,load,get,1536,1000,2,0,131200,identity,20261005,585342,585.342000,5.248213865,0
1086,load,get,2048,1000,2,0,131200,identity,20261005,630959,630.959000,6.491705483,0
1087,load,get,3072,1000,2,0,131200,identity,20261005,698748,698.748000,8.792869532,0
1088,load,get,4096,1000,2,0,131200,identity,20261005,775645,775.645000,10.561532660,0
1089,load,get,6144,1000,2,0,131200,identity,20261005,892297,892.297000,13.771199500,0
1090,load,get,8192,1000,2,0,131200,identity,20261005,1071045,1071.045000,15.297209734,0
1091,load,get,12288,1000,2,0,131200,identity,20261005,1510336,1510.336000,16.271875927,0
1092,load,get,16384,1000,2,0,131200,identity,20261005,1943010,1943.010000,16.864555509,0
1093,load,get,24576,1000,2,0,131200,identity,20261005,2849731,2849.731000,17.247943753,0
1094,load,get,32768,1000,2,0,131200,identity,20261005,3763807,3763.807000,17.412157425,0
1095,load,get,49152,1000,2,0,131200,identity,20261005,5675823,5675.823000,17.319778999,0
1096,load,get,65536,1000,2,0,131200,identity,20261005,7499228,7499.228000,17.478065742,0
1097,load,get,98304,1000,2,0,131200,identity,20261005,11302727,11302.727000,17.394740225,0
1098,load,get,131072,1000,2,0,131200,identity,20261005,15531733,15531.733000,16.877962041,0
1099,load,get,8,10000,2,4,131200,identity,20261005,4413189,441.318900,0.036254962,0
1100,load,get,16,10000,2,4,131200,identity,20261005,4415748,441.574800,0.072467904,0
1101,load,get,32,10000,2,4,131200,identity,20261005,4415954,441.595400,0.144929046,0
1102,load,get,64,10000,2,4,131200,identity,20261005,4378730,437.873000,0.292322203,0
1103,load,get,96,10000,2,4,131200,identity,20261005,4422124,442.212400,0.434180498,0
1104,load,get,124,10000,2,4,131200,identity,20261005,4399394,439.939400,0.563714002,0
1105,load,get,128,10000,2,4,131200,identity,20261005,4494786,449.478600,0.569548806,0
1106,load,get,132,10000,2,4,131200,identity,20261005,4492001,449.200100,0.587711356,0
1107,load,get,192,10000,2,4,131200,identity,20261005,4497384,449.738400,0.853829693,0
1108,load,get,252,10000,2,4,131200,identity,20261005,4501026,450.102600,1.119744698,0
1109,load,get,256,10000,2,4,131200,identity,20261005,4616712,461.671200,1.109014381,0
1110,load,get,260,10000,2,4,131200,identity,20261005,4687348,468.734800,1.109369306,0
1111,load,get,384,10000,2,4,131200,identity,20261005,4822788,482.278800,1.592439892,0
1112,load,get,512,10000,2,4,131200,identity,20261005,4942720,494.272000,2.071733782,0
1113,load,get,768,10000,2,4,131200,identity,20261005,5148132,514.813200,2.983606481,0
1114,load,get,1024,1000,2,4,131200,identity,20261005,562449,562.449000,3.641219026,0
1115,load,get,1536,1000,2,4,131200,identity,20261005,600768,600.768000,5.113454778,0
1116,load,get,2048,1000,2,4,131200,identity,20261005,643488,643.488000,6.365309066,0
1117,load,get,3072,1000,2,4,131200,identity,20261005,709217,709.217000,8.663074912,0
1118,load,get,4096,1000,2,4,131200,identity,20261005,795660,795.660000,10.295855013,0
1119,load,get,6144,1000,2,4,131200,identity,20261005,922368,922.368000,13.322231474,0
1120,load,get,8192,1000,2,4,131200,identity,20261005,1083275,1083.275000,15.124506704,0
1121,load,get,12288,1000,2,4,131200,identity,20261005,1519740,1519.740000,16.171187177,0
1122,load,get,16384,1000,2,4,131200,identity,20261005,1960690,1960.690000,16.712483870,0
1123,load,get,24576,1000,2,4,131200,identity,20261005,2871206,2871.206000,17.118938871,0
1124,load,get,32768,1000,2,4,131200,identity,20261005,3818279,3818.279000,17.163753618,0
1125,load,get,49152,1000,2,4,131200,identity,20261005,5702879,5702.879000,17.237609285,0
1126,load,get,65536,1000,2,4,131200,identity,20261005,7519821,7519.821000,17.430202128,0
1127,load,get,98304,1000,2,4,131200,identity,20261005,11344206,11344.206000,17.331138028,0
1128,load,get,131072,1000,2,4,131200,identity,20261005,15539103,15539.103000,16.869957037,0
1129,load,get,8,10000,4,0,131200,identity,20261005,5363604,536.360400,0.059661377,0
1130,load,get,16,10000,4,0,131200,identity,20261005,5362855,536.285500,0.119339419,0
1131,load,get,32,10000,4,0,131200,identity,20261005,5362252,536.225200,0.238705678,0
1132,load,get,64,10000,4,0,131200,identity,20261005,5360997,536.099700,0.477523117,0
1133,load,get,96,10000,4,0,131200,identity,20261005,5364787,536.478700,0.715778651,0
1134,load,get,124,10000,4,0,131200,identity,20261005,5367149,536.714900,0.924140545,0
1135,load,get,128,10000,4,0,131200,identity,20261005,5367591,536.759100,0.953872976,0
1136,load,get,132,10000,4,0,131200,identity,20261005,5625604,562.560400,0.938565886,0
1137,load,get,192,10000,4,0,131200,identity,20261005,5629165,562.916500,1.364323128,0
1138,load,get,252,10000,4,0,131200,identity,20261005,5630561,563.056100,1.790230139,0
1139,load,get,256,10000,4,0,131200,identity,20261005,5631002,563.100200,1.818504060,0
1140,load,get,260,10000,4,0,131200,identity,20261005,5716062,571.606200,1.819434429,0
1141,load,get,384,10000,4,0,131200,identity,20261005,5719756,571.975600,2.685429239,0
1142,load,get,512,10000,4,0,131200,identity,20261005,5922751,592.275100,3.457852609,0
1143,load,get,768,10000,4,0,131200,identity,20261005,6004719,600.471900,5.115976285,0
1144,load,get,1024,1000,4,0,131200,identity,20261005,655206,655.206000,6.251469004,0
1145,load,get,1536,1000,4,0,131200,identity,20261005,731867,731.867000,8.394967938,0
1146,load,get,2048,1000,4,0,131200,identity,20261005,786682,786.682000,10.413356350,0
1147,load,get,3072,1000,4,0,131200,identity,20261005,887898,887.898000,13.839427502,0
1148,load,get,4096,1000,4,0,131200,identity,20261005,1048062,1048.062000,15.632662953,0
1149,load,get,6144,1000,4,0,131200,identity,20261005,1429096,1429.096000,17.196885304,0
1150,load,get,8192,1000,4,0,131200,identity,20261005,1774101,1774.101000,18.470199836,0
1151,load,get,12288,1000,4,0,131200,identity,20261005,2892075,2892.075000,16.995409870,0
1152,load,get,16384,1000,4,0,131200,identity,20261005,3554302,3554.302000,18.438500724,0
1153,load,get,24576,1000,4,0,131200,identity,20261005,5083936,5083.936000,19.336199354,0
1154,load,get,32768,1000,4,0,131200,identity,20261005,6703647,6703.647000,19.552342180,0
1155,load,get,49152,1000,4,0,131200,identity,20261005,10009217,10009.217000,19.642695328,0
1156,load,get,65536,1000,4,0,131200,identity,20261005,13337432,13337.432000,19.654758127,0
1157,load,get,98304,1000,4,0,131200,identity,20261005,19901112,19901.112000,19.758493897,0
1158,load,get,131072,1000,4,0,131200,identity,20261005,26871704,26871.704000,19.510783536,0
1159,load,get,8,10000,4,4,131200,identity,20261005,5405856,540.585600,0.059195065,0
1160,load,get,16,10000,4,4,131200,identity,20261005,5404110,540.411000,0.118428381,0
1161,load,get,32,10000,4,4,131200,identity,20261005,5411418,541.141800,0.236536893,0
1162,load,get,64,10000,4,4,131200,identity,20261005,5406152,540.615200,0.473534595,0
1163,load,get,96,10000,4,4,131200,identity,20261005,5407454,540.745400,0.710130868,0
1164,load,get,124,10000,4,4,131200,identity,20261005,5404282,540.428200,0.917790744,0
1165,load,get,128,10000,4,4,131200,identity,20261005,5636930,563.693000,0.908295828,0
1166,load,get,132,10000,4,4,131200,identity,20261005,5641258,564.125800,0.935961447,0
1167,load,get,192,10000,4,4,131200,identity,20261005,5632632,563.263200,1.363483359,0
1168,load,get,252,10000,4,4,131200,identity,20261005,5635613,563.561300,1.788625301,0
1169,load,get,256,10000,4,4,131200,identity,20261005,5726340,572.634000,1.788227734,0
1170,load,get,260,10000,4,4,131200,identity,20261005,5739804,573.980400,1.811908560,0
1171,load,get,384,10000,4,4,131200,identity,20261005,5952944,595.294400,2.580235930,0
1172,load,get,512,10000,4,4,131200,identity,20261005,5914602,591.460200,3.462616758,0
1173,load,get,768,10000,4,4,131200,identity,20261005,6143143,614.314300,5.000697526,0
1174,load,get,1024,1000,4,4,131200,identity,20261005,653919,653.919000,6.263772730,0
1175,load,get,1536,1000,4,4,131200,identity,20261005,729332,729.332000,8.424147028,0
1176,load,get,2048,1000,4,4,131200,identity,20261005,791007,791.007000,10.356419096,0
1177,load,get,3072,1000,4,4,131200,identity,20261005,924090,924.090000,13.297406097,0
1178,load,get,4096,1000,4,4,131200,identity,20261005,1049845,1049.845000,15.606113283,0
1179,load,get,6144,1000,4,4,131200,identity,20261005,1442980,1442.980000,17.031421087,0
1180,load,get,8192,1000,4,4,131200,identity,20261005,1835177,1835.177000,17.855498407,0
1181,load,get,12288,1000,4,4,131200,identity,20261005,2884426,2884.426000,17.040478764,0
1182,load,get,16384,1000,4,4,131200,identity,20261005,3572614,3572.614000,18.343991262,0
1183,load,get,24576,1000,4,4,131200,identity,20261005,5113324,5113.324000,19.225067686,0
1184,load,get,32768,1000,4,4,131200,identity,20261005,6747202,6747.202000,19.426126563,0
1185,load,get,49152,1000,4,4,131200,identity,20261005,10073645,10073.645000,19.517066563,0
1186,load,get,65536,1000,4,4,131200,identity,20261005,13385846,13385.846000,19.583670692,0
1187,load,get,98304,1000,4,4,131200,identity,20261005,19966935,19966.935000,19.693358044,0
1188,load,get,131072,1000,4,4,131200,identity,20261005,26851933,26851.933000,19.525149270,0
1189,load,get,8,10000,8,0,131200,identity,20261005,5393651,539.365100,0.118658030,0
1190,load,get,16,10000,8,0,131200,identity,20261005,5395726,539.572600,0.237224796,0
1191,load,get,32,10000,8,0,131200,identity,20261005,5398757,539.875700,0.474183224,0
1192,load,get,64,10000,8,0,131200,identity,20261005,5399592,539.959200,0.948219791,0
1193,load,get,96,10000,8,0,131200,identity,20261005,5394998,539.499800,1.423540843,0
1194,load,get,124,10000,8,0,131200,identity,20261005,5394774,539.477400,1.838816603,0
1195,load,get,128,10000,8,0,131200,identity,20261005,5396519,539.651900,1.897519494,0
1196,load,get,132,10000,8,0,131200,identity,20261005,5679597,567.959700,1.859286847,0
1197,load,get,192,10000,8,0,131200,identity,20261005,5680802,568.080200,2.703843577,0
1198,load,get,252,10000,8,0,131200,identity,20261005,5681124,568.112400,3.548593553,0
1199,load,get,256,10000,8,0,131200,identity,20261005,5680102,568.010200,3.605569055,0
1200,load,get,260,10000,8,0,131200,identity,20261005,5774499,577.449900,3.602044091,0
1201,load,get,384,10000,8,0,131200,identity,20261005,5777406,577.740600,5.317265222,0
1202,load,get,512,10000,8,0,131200,identity,20261005,5992857,599.285700,6.834803500,0
1203,load,get,768,10000,8,0,131200,identity,20261005,6432681,643.268100,9.551227552,0
1204,load,get,1024,1000,8,0,131200,identity,20261005,829897,829.897000,9.871104486,0
1205,load,get,1536,1000,8,0,131200,identity,20261005,989629,989.629000,12.416774367,0
1206,load,get,2048,1000,8,0,131200,identity,20261005,1090805,1090.805000,15.020099835,0
1207,load,get,3072,1000,8,0,131200,identity,20261005,1405982,1405.982000,17.479597890,0
1208,load,get,4096,1000,8,0,131200,identity,20261005,1630628,1630.628000,20.095325237,0
1209,load,get,6144,1000,8,0,131200,identity,20261005,2526276,2526.276000,19.456306437,0
1210,load,get,8192,1000,8,0,131200,identity,20261005,3270767,3270.767000,20.036890430,0
1211,load,get,12288,1000,8,0,131200,identity,20261005,4876945,4876.945000,20.156880998,0
1212,load,get,16384,1000,8,0,131200,identity,20261005,6469213,6469.213000,20.260887994,0
1213,load,get,24576,1000,8,0,131200,identity,20261005,9542172,9542.172000,20.604114032,0
1214,load,get,32768,1000,8,0,131200,identity,20261005,12664475,12664.475000,20.699160447,0
1215,load,get,49152,1000,8,0,131200,identity,20261005,18983312,18983.312000,20.713772181,0
1216,load,get,65536,1000,8,0,131200,identity,20261005,25095676,25095.676000,20.891567137,0
1217,load,get,98304,1000,8,0,131200,identity,20261005,37560282,37560.282000,20.937861968,0
1218,load,get,131072,1000,8,0,131200,identity,20261005,50127979,50127.979000,20.917978760,0
1219,load,get,8,10000,8,4,131200,identity,20261005,5431847,543.184700,0.117823643,0
1220,load,get,16,10000,8,4,131200,identity,20261005,5425297,542.529700,0.235931784,0
1221,load,get,32,10000,8,4,131200,identity,20261005,5428751,542.875100,0.471563349,0
1222,load,get,64,10000,8,4,131200,identity,20261005,5429032,542.903200,0.943077882,0
1223,load,get,96,10000,8,4,131200,identity,20261005,5434764,543.476400,1.413124839,0
1224,load,get,124,10000,8,4,131200,identity,20261005,5429913,542.991300,1.826916932,0
1225,load,get,128,10000,8,4,131200,identity,20261005,5683979,568.397900,1.801554861,0
1226,load,get,132,10000,8,4,131200,identity,20261005,5685329,568.532900,1.857412298,0
1227,load,get,192,10000,8,4,131200,identity,20261005,5683351,568.335100,2.702630895,0
1228,load,get,252,10000,8,4,131200,identity,20261005,5687601,568.760100,3.544552440,0
1229,load,get,256,10000,8,4,131200,identity,20261005,5804826,580.482600,3.528098861,0
1230,load,get,260,10000,8,4,131200,identity,20261005,5792057,579.205700,3.591124880,0
1231,load,get,384,10000,8,4,131200,identity,20261005,6010061,601.006100,5.111428985,0
1232,load,get,512,10000,8,4,131200,identity,20261005,6116908,611.690800,6.696193567,0
1233,load,get,768,10000,8,4,131200,identity,20261005,6923472,692.347200,8.874160248,0
1234,load,get,1024,1000,8,4,131200,identity,20261005,841155,841.155000,9.738989841,0
1235,load,get,1536,1000,8,4,131200,identity,20261005,994136,994.136000,12.360481866,0
1236,load,get,2048,1000,8,4,131200,identity,20261005,1129360,1129.360000,14.507331586,0
1237,load,get,3072,1000,8,4,131200,identity,20261005,1441534,1441.534000,17.048505273,0
1238,load,get,4096,1000,8,4,131200,identity,20261005,1695597,1695.597000,19.325346766,0
1239,load,get,6144,1000,8,4,131200,identity,20261005,2574764,2574.764000,19.089904939,0
1240,load,get,8192,1000,8,4,131200,identity,20261005,3335726,3335.726000,19.646697600,0
1241,load,get,12288,1000,8,4,131200,identity,20261005,4930837,4930.837000,19.936574663,0
1242,load,get,16384,1000,8,4,131200,identity,20261005,6529734,6529.734000,20.073099456,0
1243,load,get,24576,1000,8,4,131200,identity,20261005,9597873,9597.873000,20.484538606,0
1244,load,get,32768,1000,8,4,131200,identity,20261005,12724155,12724.155000,20.602075344,0
1245,load,get,49152,1000,8,4,131200,identity,20261005,19025949,19025.949000,20.667352782,0
1246,load,get,65536,1000,8,4,131200,identity,20261005,25144858,25144.858000,20.850704347,0
1247,load,get,98304,1000,8,4,131200,identity,20261005,37623105,37623.105000,20.902899960,0
1248,load,get,131072,1000,8,4,131200,identity,20261005,50179272,50179.272000,20.896596507,0
1249,load,get,8,10000,16,0,131200,identity,20261005,5502908,550.290800,0.232604288,0
1250,load,get,16,10000,16,0,131200,identity,20261005,5504800,550.480000,0.465048685,0
1251,load,get,32,10000,16,0,131200,identity,20261005,5502182,550.218200,0.930539920,0
1252,load,get,64,10000,16,0,131200,identity,20261005,5505597,550.559700,1.859925454,0
1253,load,get,96,10000,16,0,131200,identity,20261005,5512054,551.205400,2.786620015,0
1254,load,get,124,10000,16,0,131200,identity,20261005,5510940,551.094000,3.600111778,0
1255,load,get,128,10000,16,0,131200,identity,20261005,5505337,550.533700,3.720026585,0
1256,load,get,132,10000,16,0,131200,identity,20261005,5787634,578.763400,3.649159570,0
1257,load,get,192,10000,16,0,131200,identity,20261005,5795057,579.505700,5.301069515,0
1258,load,get,252,10000,16,0,131200,identity,20261005,5794439,579.443900,6.958395800,0
1259,load,get,256,10000,16,0,131200,identity,20261005,5790743,579.074300,7.073358289,0
1260,load,get,260,10000,16,0,131200,identity,20261005,6174309,617.430900,6.737596061,0
1261,load,get,384,10000,16,0,131200,identity,20261005,6211182,621.118200,9.891837013,0
1262,load,get,512,10000,16,0,131200,identity,20261005,7067831,706.783100,11.590543124,0
1263,load,get,768,10000,16,0,131200,identity,20261005,8309272,830.927200,14.788299143,0
1264,load,get,1024,1000,16,0,131200,identity,20261005,1174137,1174.137000,13.954078613,0
1265,load,get,1536,1000,16,0,131200,identity,20261005,1588668,1588.668000,15.469563181,0
1266,load,get,2048,1000,16,0,131200,identity,20261005,1875687,1875.687000,17.469865708,0
1267,load,get,3072,1000,16,0,131200,identity,20261005,2557777,2557.777000,19.216686990,0
1268,load,get,4096,1000,16,0,131200,identity,20261005,3368279,3368.279000,19.456820531,0
1269,load,get,6144,1000,16,0,131200,identity,20261005,5396537,5396.537000,18.216126379,0
1270,load,get,8192,1000,16,0,131200,identity,20261005,7407414,7407.414000,17.694704252,0
1271,load,get,12288,1000,16,0,131200,identity,20261005,10297876,10297.876000,19.092092389,0
1272,load,get,16384,1000,16,0,131200,identity,20261005,12732298,12732.298000,20.588899192,0
1273,load,get,24576,1000,16,0,131200,identity,20261005,19170269,19170.269000,20.511762250,0
1274,load,get,32768,1000,16,0,131200,identity,20261005,25354502,25354.502000,20.678300051,0
1275,load,get,49152,1000,16,0,131200,identity,20261005,36973630,36973.630000,21.270078161,0
1276,load,get,65536,1000,16,0,131200,identity,20261005,49193174,49193.174000,21.315477631,0
1277,load,get,98304,1000,16,0,131200,identity,20261005,73806153,73806.153000,21.310743564,0
1278,load,get,131072,1000,16,0,131200,identity,20261005,99321292,99321.292000,21.114828027,0
1279,load,get,8,10000,16,4,131200,identity,20261005,5508893,550.889300,0.232351581,0
1280,load,get,16,10000,16,4,131200,identity,20261005,5509437,550.943700,0.464657278,0
1281,load,get,32,10000,16,4,131200,identity,20261005,5504389,550.438900,0.930166818,0
1282,load,get,64,10000,16,4,131200,identity,20261005,5512375,551.237500,1.857638495,0
1283,load,get,96,10000,16,4,131200,identity,20261005,5510584,551.058400,2.787363372,0
1284,load,get,124,10000,16,4,131200,identity,20261005,5510715,551.071500,3.600258769,0
1285,load,get,128,10000,16,4,131200,identity,20261005,5797124,579.712400,3.532786257,0
1286,load,get,132,10000,16,4,131200,identity,20261005,5804382,580.438200,3.638630262,0
1287,load,get,192,10000,16,4,131200,identity,20261005,5804225,580.422500,5.292696269,0
1288,load,get,252,10000,16,4,131200,identity,20261005,5811143,581.114300,6.938394047,0
1289,load,get,256,10000,16,4,131200,identity,20261005,6174883,617.488300,6.633324065,0
1290,load,get,260,10000,16,4,131200,identity,20261005,6212402,621.240200,6.696282694,0
1291,load,get,384,10000,16,4,131200,identity,20261005,7065893,706.589300,8.695291593,0
1292,load,get,512,10000,16,4,131200,identity,20261005,7544357,754.435700,10.858446916,0
1293,load,get,768,10000,16,4,131200,identity,20261005,9656167,965.616700,12.725546275,0
1294,load,get,1024,1000,16,4,131200,identity,20261005,1303531,1303.531000,12.568937754,0
1295,load,get,1536,1000,16,4,131200,identity,20261005,1616652,1616.652000,15.201787398,0
1296,load,get,2048,1000,16,4,131200,identity,20261005,1932661,1932.661000,16.954861717,0
1297,load,get,3072,1000,16,4,131200,identity,20261005,2647268,2647.268000,18.567066123,0
1298,load,get,4096,1000,16,4,131200,identity,20261005,3518682,3518.682000,18.625155669,0
1299,load,get,6144,1000,16,4,131200,identity,20261005,5561219,5561.219000,17.676700018,0
1300,load,get,8192,1000,16,4,131200,identity,20261005,7468080,7468.080000,17.550963568,0
1301,load,get,12288,1000,16,4,131200,identity,20261005,9996900,9996.900000,19.666896738,0
1302,load,get,16384,1000,16,4,131200,identity,20261005,13924652,13924.652000,18.825892381,0
1303,load,get,24576,1000,16,4,131200,identity,20261005,19244277,19244.277000,20.432879863,0
1304,load,get,32768,1000,16,4,131200,identity,20261005,24824765,24824.765000,21.119555412,0
1305,load,get,49152,1000,16,4,131200,identity,20261005,37046710,37046.710000,21.228119852,0
1306,load,get,65536,1000,16,4,131200,identity,20261005,49396706,49396.706000,21.227650281,0
1307,load,get,98304,1000,16,4,131200,identity,20261005,73718406,73718.406000,21.336109736,0
1308,load,get,131072,1000,16,4,131200,identity,20261005,99520148,99520.148000,21.072637472,0
1309,load,get,8,10000,32,0,131200,identity,20261005,5992984,599.298400,0.427166166,0
1310,load,get,16,10000,32,0,131200,identity,20261005,5994761,599.476100,0.854079087,0
1311,load,get,32,10000,32,0,131200,identity,20261005,6001268,600.126800,1.706306067,0
1312,load,get,64,10000,32,0,131200,identity,20261005,6000836,600.083600,3.412857808,0
1313,load,get,96,10000,32,0,131200,identity,20261005,5991985,599.198500,5.126848615,0
1314,load,get,124,10000,32,0,131200,identity,20261005,5991839,599.183900,6.622340821,0
1315,load,get,128,10000,32,0,131200,identity,20261005,5989398,598.939800,6.838750739,0
1316,load,get,132,10000,32,0,131200,identity,20261005,8069485,806.948500,5.234534794,0
1317,load,get,192,10000,32,0,131200,identity,20261005,8085395,808.539500,7.598886634,0
1318,load,get,252,10000,32,0,131200,identity,20261005,8068832,806.883200,9.994011525,0
1319,load,get,256,10000,32,0,131200,identity,20261005,8078011,807.801100,10.141110231,0
1320,load,get,260,10000,32,0,131200,identity,20261005,10738245,1073.824500,7.748007240,0
1321,load,get,384,10000,32,0,131200,identity,20261005,10754948,1075.494800,11.425438784,0
1322,load,get,512,10000,32,0,131200,identity,20261005,12804953,1280.495300,12.795048916,0
1323,load,get,768,10000,32,0,131200,identity,20261005,16607203,1660.720300,14.798398020,0
1324,load,get,1024,1000,32,0,131200,identity,20261005,2067576,2067.576000,15.848510526,0
1325,load,get,1536,1000,32,0,131200,identity,20261005,2741469,2741.469000,17.929073792,0
1326,load,get,2048,1000,32,0,131200,identity,20261005,3391273,3391.273000,19.324896580,0
1327,load,get,3072,1000,32,0,131200,identity,20261005,4891840,4891.840000,20.095505985,0
1328,load,get,4096,1000,32,0,131200,identity,20261005,6335423,6335.423000,20.688752748,0
1329,load,get,6144,1000,32,0,131200,identity,20261005,9614513,9614.513000,20.449085669,0
1330,load,get,8192,1000,32,0,131200,identity,20261005,12905193,12905.193000,20.313063121,0
1331,load,get,12288,1000,32,0,131200,identity,20261005,19237745,19237.745000,20.439817661,0
1332,load,get,16384,1000,32,0,131200,identity,20261005,25261175,25261.175000,20.754695694,0
1333,load,get,24576,1000,32,0,131200,identity,20261005,37224517,37224.517000,21.126721402,0
1334,load,get,32768,1000,32,0,131200,identity,20261005,49264950,49264.950000,21.284422292,0
1335,load,get,49152,1000,32,0,131200,identity,20261005,73348423,73348.423000,21.443733017,0
1336,load,get,65536,1000,32,0,131200,identity,20261005,97695556,97695.556000,21.466196477,0
1337,load,get,98304,1000,32,0,131200,identity,20261005,146554402,146554.402000,21.464575319,0
1338,load,get,131072,1000,32,0,131200,identity,20261005,196354436,196354.436000,21.360882318,0
1339,load,get,8,10000,32,4,131200,identity,20261005,5994631,599.463100,0.427048804,0
1340,load,get,16,10000,32,4,131200,identity,20261005,5989285,598.928500,0.854859971,0
1341,load,get,32,10000,32,4,131200,identity,20261005,5995428,599.542800,1.707968138,0
1342,load,get,64,10000,32,4,131200,identity,20261005,5994735,599.473500,3.416331164,0
1343,load,get,96,10000,32,4,131200,identity,20261005,6004668,600.466800,5.116019737,0
1344,load,get,124,10000,32,4,131200,identity,20261005,5987538,598.753800,6.627097815,0
1345,load,get,128,10000,32,4,131200,identity,20261005,8028803,802.880300,5.101632211,0
1346,load,get,132,10000,32,4,131200,identity,20261005,8101340,810.134000,5.213952260,0
1347,load,get,192,10000,32,4,131200,identity,20261005,8063901,806.390100,7.619141158,0
1348,load,get,252,10000,32,4,131200,identity,20261005,8055096,805.509600,10.011053872,0
1349,load,get,256,10000,32,4,131200,identity,20261005,10760957,1076.095700,7.612705822,0
1350,load,get,260,10000,32,4,131200,identity,20261005,10721415,1072.141500,7.760169716,0
1351,load,get,384,10000,32,4,131200,identity,20261005,12805434,1280.543400,9.595926229,0
1352,load,get,512,10000,32,4,131200,identity,20261005,15486506,1548.650600,10.579532917,0
1353,load,get,768,10000,32,4,131200,identity,20261005,17839753,1783.975300,13.775975486,0
1354,load,get,1024,1000,32,4,131200,identity,20261005,2297228,2297.228000,14.264147921,0
1355,load,get,1536,1000,32,4,131200,identity,20261005,2917076,2917.076000,16.849749544,0
1356,load,get,2048,1000,32,4,131200,identity,20261005,3577525,3577.525000,18.318809792,0
1357,load,get,3072,1000,32,4,131200,identity,20261005,5055684,5055.684000,19.444253241,0
1358,load,get,4096,1000,32,4,131200,identity,20261005,6535696,6535.696000,20.054788350,0
1359,load,get,6144,1000,32,4,131200,identity,20261005,9883302,9883.302000,19.892946710,0
1360,load,get,8192,1000,32,4,131200,identity,20261005,13316906,13316.906000,19.685052970,0
1361,load,get,12288,1000,32,4,131200,identity,20261005,19087745,19087.745000,20.600442850,0
1362,load,get,16384,1000,32,4,131200,identity,20261005,25316140,25316.140000,20.709634249,0
1363,load,get,24576,1000,32,4,131200,identity,20261005,37567490,37567.490000,20.933844662,0
1364,load,get,32768,1000,32,4,131200,identity,20261005,49302774,49302.774000,21.268093353,0
1365,load,get,49152,1000,32,4,131200,identity,20261005,73570691,73570.691000,21.378948310,0
1366,load,get,65536,1000,32,4,131200,identity,20261005,97970291,97970.291000,21.405999498,0
1367,load,get,98304,1000,32,4,131200,identity,20261005,146571873,146571.873000,21.462016795,0
1368,load,get,131072,1000,32,4,131200,identity,20261005,196602126,196602.126000,21.333970722,0
1369,load,get,8,10000,64,0,131200,identity,20261005,11405609,1140.560900,0.448901939,0
1370,load,get,16,10000,64,0,131200,identity,20261005,11421611,1142.161100,0.896546030,0
1371,load,get,32,10000,64,0,131200,identity,20261005,11418444,1141.844400,1.793589389,0
1372,load,get,64,10000,64,0,131200,identity,20261005,11422247,1142.224700,3.585984439,0
1373,load,get,96,10000,64,0,131200,identity,20261005,11413107,1141.310700,5.383284324,0
1374,load,get,124,10000,64,0,131200,identity,20261005,11416122,1141.612200,6.951572522,0
1375,load,get,128,10000,64,0,131200,identity,20261005,11416753,1141.675300,7.175420192,0
1376,load,get,132,10000,64,0,131200,identity,20261005,15863647,1586.364700,5.325383249,0
1377,load,get,192,10000,64,0,131200,identity,20261005,15841255,1584.125500,7.756961175,0
1378,load,get,252,10000,64,0,131200,identity,20261005,15850422,1585.042200,10.175123413,0
1379,load,get,256,10000,64,0,131200,identity,20261005,15860009,1586.000900,10.330385058,0
1380,load,get,260,10000,64,0,131200,identity,20261005,20069261,2006.926100,8.291286859,0
1381,load,get,384,10000,64,0,131200,identity,20261005,20067293,2006.729300,12.246793825,0
1382,load,get,512,10000,64,0,131200,identity,20261005,24823449,2482.344900,13.200421908,0
1383,load,get,768,10000,64,0,131200,identity,20261005,32492082,3249.208200,15.127377802,0
1384,load,get,1024,1000,64,0,131200,identity,20261005,3854856,3854.856000,17.000894456,0
1385,load,get,1536,1000,64,0,131200,identity,20261005,5213970,5213.970000,18.853963487,0
1386,load,get,2048,1000,64,0,131200,identity,20261005,6593383,6593.383000,19.879324468,0
1387,load,get,3072,1000,64,0,131200,identity,20261005,9665144,9665.144000,20.341962831,0
1388,load,get,4096,1000,64,0,131200,identity,20261005,13341318,13341.318000,19.649033176,0
1389,load,get,6144,1000,64,0,131200,identity,20261005,21084605,21084.605000,18.649436402,0
1390,load,get,8192,1000,64,0,131200,identity,20261005,25764697,25764.697000,20.349084641,0
1391,load,get,12288,1000,64,0,131200,identity,20261005,37843320,37843.320000,20.781263378,0
1392,load,get,16384,1000,64,0,131200,identity,20261005,50324530,50324.530000,20.836280041,0
1393,load,get,24576,1000,64,0,131200,identity,20261005,75208547,75208.547000,20.913367732,0
1394,load,get,32768,1000,64,0,131200,identity,20261005,100179548,100179.548000,20.933933541,0
1395,load,get,49152,1000,64,0,131200,identity,20261005,150123018,150123.018000,20.954334931,0
1396,load,get,65536,1000,64,0,131200,identity,20261005,200154625,200154.625000,20.955318919,0
1397,load,get,98304,1000,64,0,131200,identity,20261005,299916274,299916.274000,20.977374506,0
1398,load,get,131072,1000,64,0,131200,identity,20261005,402304886,402304.886000,20.851369923,0
1399,load,get,8,10000,64,4,131200,identity,20261005,11419483,1141.948300,0.448356550,0
1400,load,get,16,10000,64,4,131200,identity,20261005,11433106,1143.310600,0.895644631,0
1401,load,get,32,10000,64,4,131200,identity,20261005,11412639,1141.263900,1.794501692,0
1402,load,get,64,10000,64,4,131200,identity,20261005,11432031,1143.203100,3.582915407,0
1403,load,get,96,10000,64,4,131200,identity,20261005,11412000,1141.200000,5.383806519,0
1404,load,get,124,10000,64,4,131200,identity,20261005,11438082,1143.808200,6.938226182,0
1405,load,get,128,10000,64,4,131200,identity,20261005,15851152,1585.115200,5.168078636,0
1406,load,get,132,10000,64,4,131200,identity,20261005,15866107,1586.610700,5.324557562,0
1407,load,get,192,10000,64,4,131200,identity,20261005,15864592,1586.459200,7.745550595,0
1408,load,get,252,10000,64,4,131200,identity,20261005,15842084,1584.208400,10.180478780,0
1409,load,get,256,10000,64,4,131200,identity,20261005,20059673,2005.967300,8.167630649,0
1410,load,get,260,10000,64,4,131200,identity,20261005,20052168,2005.216800,8.298354572,0
1411,load,get,384,10000,64,4,131200,identity,20261005,24854888,2485.488800,9.887793500,0
1412,load,get,512,10000,64,4,131200,identity,20261005,28543580,2854.358000,11.479989546,0
1413,load,get,768,10000,64,4,131200,identity,20261005,33710691,3371.069100,14.580537670,0
1414,load,get,1024,1000,64,4,131200,identity,20261005,4146531,4146.531000,15.805018701,0
1415,load,get,1536,1000,64,4,131200,identity,20261005,5483686,5483.686000,17.926628184,0
1416,load,get,2048,1000,64,4,131200,identity,20261005,6946825,6946.825000,18.867900084,0
1417,load,get,3072,1000,64,4,131200,identity,20261005,10071617,10071.617000,19.520996480,0
1418,load,get,4096,1000,64,4,131200,identity,20261005,13702800,13702.800000,19.130688618,0
1419,load,get,6144,1000,64,4,131200,identity,20261005,21663330,21663.330000,18.151226058,0
1420,load,get,8192,1000,64,4,131200,identity,20261005,26188921,26188.921000,20.019457846,0
1421,load,get,12288,1000,64,4,131200,identity,20261005,38252692,38252.692000,20.558866811,0
1422,load,get,16384,1000,64,4,131200,identity,20261005,50775948,50775.948000,20.651037377,0
1423,load,get,24576,1000,64,4,131200,identity,20261005,75734423,75734.423000,20.768151888,0
1424,load,get,32768,1000,64,4,131200,identity,20261005,100541396,100541.396000,20.858592415,0
1425,load,get,49152,1000,64,4,131200,identity,20261005,150706855,150706.855000,20.873158026,0
1426,load,get,65536,1000,64,4,131200,identity,20261005,200387696,200387.696000,20.930945780,0
1427,load,get,98304,1000,64,4,131200,identity,20261005,300199249,300199.249000,20.957600730,0
1428,load,get,131072,1000,64,4,131200,identity,20261005,403733572,403733.572000,20.777583490,0
1429,load,put,8,10000,1,0,131200,identity,20261005,2400278,240.027800,0.033329473,0
1430,load,put,16,10000,1,0,131200,identity,20261005,2400298,240.029800,0.066658390,0
1431,load,put,32,10000,1,0,131200,identity,20261005,2400329,240.032900,0.133315058,0
1432,load,put,64,10000,1,0,131200,identity,20261005,2400382,240.038200,0.266624229,0
1433,load,put,96,10000,1,0,131200,identity,20261005,2453666,245.366600,0.391251295,0
1434,load,put,124,10000,1,0,131200,identity,20261005,3690667,369.066700,0.335982629,0
1435,load,put,128,10000,1,0,131200,identity,20261005,2403912,240.391200,0.532465415,0
1436,load,put,132,10000,1,0,131200,identity,20261005,2522066,252.206600,0.523380435,0
1437,load,put,192,10000,1,0,131200,identity,20261005,2522272,252.227200,0.761218457,0
1438,load,put,252,10000,1,0,131200,identity,20261005,3711429,371.142900,0.678983755,0
1439,load,put,256,10000,1,0,131200,identity,20261005,2523376,252.337600,1.014513889,0
1440,load,put,260,10000,1,0,131200,identity,20261005,2539193,253.919300,1.023947372,0
1441,load,put,384,10000,1,0,131200,identity,20261005,2605375,260.537500,1.473876121,0
1442,load,put,512,10000,1,0,131200,identity,20261005,2638981,263.898100,1.940142805,0
1443,load,put,768,10000,1,0,131200,identity,20261005,2767153,276.715300,2.775415743,0
1444,load,put,1024,1000,1,0,131200,identity,20261005,298750,298.750000,3.427615063,0
1445,load,put,1536,1000,1,0,131200,identity,20261005,327078,327.078000,4.696127529,0
1446,load,put,2048,1000,1,0,131200,identity,20261005,353795,353.795000,5.788662926,0
1447,load,put,3072,1000,1,0,131200,identity,20261005,409241,409.241000,7.506579253,0
1448,load,put,4096,1000,1,0,131200,identity,20261005,464943,464.943000,8.809682047,0
1449,load,put,6144,1000,1,0,131200,identity,20261005,576479,576.479000,10.657803667,0
1450,load,put,8192,1000,1,0,131200,identity,20261005,684867,684.867000,11.961446529,0
1451,load,put,12288,1000,1,0,131200,identity,20261005,902377,902.377000,13.617368350,0
1452,load,put,16384,1000,1,0,131200,identity,20261005,1121907,1121.907000,14.603706011,0
1453,load,put,24576,1000,1,0,131200,identity,20261005,1558583,1558.583000,15.768168907,0
1454,load,put,32768,1000,1,0,131200,identity,20261005,1994967,1994.967000,16.425334354,0
1455,load,put,49152,1000,1,0,131200,identity,20261005,2868552,2868.552000,17.134777407,0
1456,load,put,65536,1000,1,0,131200,identity,20261005,3744513,3744.513000,17.501875411,0
1457,load,put,98304,1000,1,0,131200,identity,20261005,5489027,5489.027000,17.909184998,0
1458,load,put,131072,1000,1,0,131200,identity,20261005,7233590,7233.590000,18.119910031,0
1459,load,put,8,10000,1,4,131200,identity,20261005,2360593,236.059300,0.033889790,0
1460,load,put,16,10000,1,4,131200,identity,20261005,2360652,236.065200,0.067777885,0
1461,load,put,32,10000,1,4,131200,identity,20261005,2360935,236.093500,0.135539521,0
1462,load,put,64,10000,1,4,131200,identity,20261005,3675981,367.598100,0.174103185,0
1463,load,put,96,10000,1,4,131200,identity,20261005,3677907,367.790700,0.261018019,0
1464,load,put,124,10000,1,4,131200,identity,20261005,3677943,367.794300,0.337144975,0
1465,load,put,128,10000,1,4,131200,identity,20261005,3867724,386.772400,0.330943987,0
1466,load,put,132,10000,1,4,131200,identity,20261005,3923741,392.374100,0.336413642,0
1467,load,put,192,10000,1,4,131200,identity,20261005,4522170,452.217000,0.424574928,0
1468,load,put,252,10000,1,4,131200,identity,20261005,3705881,370.588100,0.680000248,0
1469,load,put,256,10000,1,4,131200,identity,20261005,3721493,372.149300,0.687895960,0
1470,load,put,260,10000,1,4,131200,identity,20261005,3714697,371.469700,0.699922497,0
1471,load,put,384,10000,1,4,131200,identity,20261005,3735376,373.537600,1.028008961,0
1472,load,put,512,10000,1,4,131200,identity,20261005,4076002,407.600200,1.256132848,0
1473,load,put,768,10000,1,4,131200,identity,20261005,4369969,436.996900,1.757449538,0
1474,load,put,1024,1000,1,4,131200,identity,20261005,456281,456.281000,2.244231077,0
1475,load,put,1536,1000,1,4,131200,identity,20261005,477931,477.931000,3.213853046,0
1476,load,put,2048,1000,1,4,131200,identity,20261005,503155,503.155000,4.070316304,0
1477,load,put,3072,1000,1,4,131200,identity,20261005,583747,583.747000,5.262553812,0
1478,load,put,4096,1000,1,4,131200,identity,20261005,653664,653.664000,6.266216282,0
1479,load,put,6144,1000,1,4,131200,identity,20261005,707782,707.782000,8.680638954,0
1480,load,put,8192,1000,1,4,131200,identity,20261005,792057,792.057000,10.342689983,0
1481,load,put,12288,1000,1,4,131200,identity,20261005,1066860,1066.860000,11.517912378,0
1482,load,put,16384,1000,1,4,131200,identity,20261005,1436783,1436.783000,11.403252962,0
1483,load,put,24576,1000,1,4,131200,identity,20261005,1804760,1804.760000,13.617323079,0
1484,load,put,32768,1000,1,4,131200,identity,20261005,2115240,2115.240000,15.491386320,0
1485,load,put,49152,1000,1,4,131200,identity,20261005,2876833,2876.833000,17.085454734,0
1486,load,put,65536,1000,1,4,131200,identity,20261005,3747821,3747.821000,17.486427447,0
1487,load,put,98304,1000,1,4,131200,identity,20261005,5497286,5497.286000,17.882278637,0
1488,load,put,131072,1000,1,4,131200,identity,20261005,7240436,7240.436000,18.102777236,0
1489,load,put,8,10000,2,0,131200,identity,20261005,2401039,240.103900,0.066637818,0
1490,load,put,16,10000,2,0,131200,identity,20261005,2400980,240.098000,0.133278911,0
1491,load,put,32,10000,2,0,131200,identity,20261005,2400607,240.060700,0.266599239,0
1492,load,put,64,10000,2,0,131200,identity,20261005,2400642,240.064200,0.533190705,0
1493,load,put,96,10000,2,0,131200,identity,20261005,2460746,246.074600,0.780251192,0
1494,load,put,124,10000,2,0,131200,identity,20261005,3670583,367.058300,0.675641989,0
1495,load,put,128,10000,2,0,131200,identity,20261005,2419330,241.933000,1.058144197,0
1496,load,put,132,10000,2,0,131200,identity,20261005,2530878,253.087800,1.043116262,0
1497,load,put,192,10000,2,0,131200,identity,20261005,2534548,253.454800,1.515063041,0
1498,load,put,252,10000,2,0,131200,identity,20261005,3851313,385.131300,1.308644610,0
1499,load,put,256,10000,2,0,131200,identity,20261005,2532543,253.254300,2.021683344,0
1500,load,put,260,10000,2,0,131200,identity,20261005,2609146,260.914600,1.992989277,0
1501,load,put,384,10000,2,0,131200,identity,20261005,2608649,260.864900,2.944052649,0
1502,load,put,512,10000,2,0,131200,identity,20261005,2655646,265.564600,3.855935618,0
1503,load,put,768,10000,2,0,131200,identity,20261005,2766335,276.633500,5.552472857,0
1504,load,put,1024,1000,2,0,131200,identity,20261005,300657,300.657000,6.811748936,0
1505,load,put,1536,1000,2,0,131200,identity,20261005,327594,327.594000,9.377461126,0
1506,load,put,2048,1000,2,0,131200,identity,20261005,357090,357.090000,11.470497634,0
1507,load,put,3072,1000,2,0,131200,identity,20261005,411605,411.605000,14.926932374,0
1508,load,put,4096,1000,2,0,131200,identity,20261005,469486,469.486000,17.448869615,0
1509,load,put,6144,1000,2,0,131200,identity,20261005,669736,669.736000,18.347527981,0
1510,load,put,8192,1000,2,0,131200,identity,20261005,888064,888.064000,18.449120784,0
1511,load,put,12288,1000,2,0,131200,identity,20261005,1323555,1323.555000,18.568174349,0
1512,load,put,16384,1000,2,0,131200,identity,20261005,1760243,1760.243000,18.615611595,0
1513,load,put,24576,1000,2,0,131200,identity,20261005,2631911,2631.911000,18.675403538,0
1514,load,put,32768,1000,2,0,131200,identity,20261005,3505519,3505.519000,18.695091939,0
1515,load,put,49152,1000,2,0,131200,identity,20261005,5250450,5250.450000,18.722966603,0
1516,load,put,65536,1000,2,0,131200,identity,20261005,6995797,6995.797000,18.735820951,0
1517,load,put,98304,1000,2,0,131200,identity,20261005,10487799,10487.799000,18.746354693,0
1518,load,put,131072,1000,2,0,131200,identity,20261005,13987528,13987.528000,18.741267220,0
1519,load,put,8,10000,2,4,131200,identity,20261005,2360414,236.041400,0.067784719,0
1520,load,put,16,10000,2,4,131200,identity,20261005,2361320,236.132000,0.135517422,0
1521,load,put,32,10000,2,4,131200,identity,20261005,2360742,236.074200,0.271101205,0
1522,load,put,64,10000,2,4,131200,identity,20261005,3668800,366.880000,0.348887920,0
1523,load,put,96,10000,2,4,131200,identity,20261005,3670285,367.028500,0.523120139,0
1524,load,put,124,10000,2,4,131200,identity,20261005,3656786,365.678600,0.678191177,0
1525,load,put,128,10000,2,4,131200,identity,20261005,4192424,419.242400,0.610625261,0
1526,load,put,132,10000,2,4,131200,identity,20261005,4387218,438.721800,0.601748078,0
1527,load,put,192,10000,2,4,131200,identity,20261005,4719789,471.978900,0.813595693,0
1528,load,put,252,10000,2,4,131200,identity,20261005,3850845,385.084500,1.308803652,0
1529,load,put,256,10000,2,4,131200,identity,20261005,3793421,379.342100,1.349705187,0
1530,load,put,260,10000,2,4,131200,identity,20261005,3817430,381.743000,1.362172980,0
1531,load,put,384,10000,2,4,131200,identity,20261005,4129460,412.946000,1.859807336,0
1532,load,put,512,10000,2,4,131200,identity,20261005,4322082,432.208200,2.369228534,0
1533,load,put,768,10000,2,4,131200,identity,20261005,4734576,473.457600,3.244218701,0
1534,load,put,1024,1000,2,4,131200,identity,20261005,502448,502.448000,4.076043690,0
1535,load,put,1536,1000,2,4,131200,identity,20261005,558252,558.252000,5.502891167,0
1536,load,put,2048,1000,2,4,131200,identity,20261005,607522,607.522000,6.742142671,0
1537,load,put,3072,1000,2,4,131200,identity,20261005,755819,755.819000,8.128930339,0
1538,load,put,4096,1000,2,4,131200,identity,20261005,914779,914.779000,8.955168407,0
1539,load,put,6144,1000,2,4,131200,identity,20261005,1249552,1249.552000,9.833924479,0
1540,load,put,8192,1000,2,4,131200,identity,20261005,1380507,1380.507000,11.868103530,0
1541,load,put,12288,1000,2,4,131200,identity,20261005,1992851,1992.851000,12.332081024,0
1542,load,put,16384,1000,2,4,131200,identity,20261005,2115040,2115.040000,15.492851199,0
1543,load,put,24576,1000,2,4,131200,identity,20261005,2764374,2764.374000,17.780517397,0
1544,load,put,32768,1000,2,4,131200,identity,20261005,3555611,3555.611000,18.431712580,0
1545,load,put,49152,1000,2,4,131200,identity,20261005,5267369,5267.369000,18.662827685,0
1546,load,put,65536,1000,2,4,131200,identity,20261005,7010528,7010.528000,18.696451965,0
1547,load,put,98304,1000,2,4,131200,identity,20261005,10498400,10498.400000,18.727425131,0
1548,load,put,131072,1000,2,4,131200,identity,20261005,13993547,13993.547000,18.733206098,0
1549,load,put,8,10000,4,0,131200,identity,20261005,3731644,373.164400,0.085753089,0
1550,load,put,16,10000,4,0,131200,identity,20261005,3763523,376.352300,0.170053431,0
1551,load,put,32,10000,4,0,131200,identity,20261005,3743386,374.338600,0.341936418,0
1552,load,put,64,10000,4,0,131200,identity,20261005,3733809,373.380900,0.685626929,0
1553,load,put,96,10000,4,0,131200,identity,20261005,3736263,373.626300,1.027764908,0
1554,load,put,124,10000,4,0,131200,identity,20261005,8455477,845.547700,0.586602033,0
1555,load,put,128,10000,4,0,131200,identity,20261005,2469576,246.957600,2.073230384,0
1556,load,put,132,10000,4,0,131200,identity,20261005,3430484,343.048400,1.539141416,0
1557,load,put,192,10000,4,0,131200,identity,20261005,3377533,337.753300,2.273848990,0
1558,load,put,252,10000,4,0,131200,identity,20261005,7674245,767.424500,1.313484258,0
1559,load,put,256,10000,4,0,131200,identity,20261005,2540292,254.029200,4.031032653,0
1560,load,put,260,10000,4,0,131200,identity,20261005,2633215,263.321500,3.949544568,0
1561,load,put,384,10000,4,0,131200,identity,20261005,2609637,260.963700,5.885876082,0
1562,load,put,512,10000,4,0,131200,identity,20261005,2702452,270.245200,7.578302963,0
1563,load,put,768,10000,4,0,131200,identity,20261005,2819719,281.971900,10.894702628,0
1564,load,put,1024,1000,4,0,131200,identity,20261005,315898,315.898000,12.966210612,0
1565,load,put,1536,1000,4,0,131200,identity,20261005,351530,351.530000,17.477882400,0
1566,load,put,2048,1000,4,0,131200,identity,20261005,418929,418.929000,19.554626202,0
1567,load,put,3072,1000,4,0,131200,identity,20261005,616036,616.036000,19.946886221,0
1568,load,put,4096,1000,4,0,131200,identity,20261005,814981,814.981000,20.103536156,0
1569,load,put,6144,1000,4,0,131200,identity,20261005,1212077,1212.077000,20.275939565,0
1570,load,put,8192,1000,4,0,131200,identity,20261005,1616750,1616.750000,20.267821246,0
1571,load,put,12288,1000,4,0,131200,identity,20261005,2445715,2445.715000,20.097190392,0
1572,load,put,16384,1000,4,0,131200,identity,20261005,3261623,3261.623000,20.093064097,0
1573,load,put,24576,1000,4,0,131200,identity,20261005,4780804,4780.804000,20.562231792,0
1574,load,put,32768,1000,4,0,131200,identity,20261005,6305770,6305.770000,20.786041990,0
1575,load,put,49152,1000,4,0,131200,identity,20261005,9340382,9340.382000,21.049246166,0
1576,load,put,65536,1000,4,0,131200,identity,20261005,12362821,12362.821000,21.204221917,0
1577,load,put,98304,1000,4,0,131200,identity,20261005,18445687,18445.687000,21.317503653,0
1578,load,put,131072,1000,4,0,131200,identity,20261005,24585009,24585.009000,21.325515887,0
1579,load,put,8,10000,4,4,131200,identity,20261005,3738177,373.817700,0.085603223,0
1580,load,put,16,10000,4,4,131200,identity,20261005,3730753,373.075300,0.171547138,0
1581,load,put,32,10000,4,4,131200,identity,20261005,3738054,373.805400,0.342424160,0
1582,load,put,64,10000,4,4,131200,identity,20261005,7941325,794.132500,0.322364341,0
1583,load,put,96,10000,4,4,131200,identity,20261005,8352609,835.260900,0.459736592,0
1584,load,put,124,10000,4,4,131200,identity,20261005,7996313,799.631300,0.620285874,0
1585,load,put,128,10000,4,4,131200,identity,20261005,10053006,1005.300600,0.509300402,0
1586,load,put,132,10000,4,4,131200,identity,20261005,10128329,1012.832900,0.521310080,0
1587,load,put,192,10000,4,4,131200,identity,20261005,13051911,1305.191100,0.588419581,0
1588,load,put,252,10000,4,4,131200,identity,20261005,9047867,904.786700,1.114074732,0
1589,load,put,256,10000,4,4,131200,identity,20261005,8490863,849.086300,1.206002264,0
1590,load,put,260,10000,4,4,131200,identity,20261005,8599931,859.993100,1.209312028,0
1591,load,put,384,10000,4,4,131200,identity,20261005,8395672,839.567200,1.829514064,0
1592,load,put,512,10000,4,4,131200,identity,20261005,8784658,878.465800,2.331337202,0
1593,load,put,768,10000,4,4,131200,identity,20261005,8934845,893.484500,3.438224166,0
1594,load,put,1024,1000,4,4,131200,identity,20261005,957007,957.007000,4.280010491,0
1595,load,put,1536,1000,4,4,131200,identity,20261005,1064996,1064.996000,5.769035752,0
1596,load,put,2048,1000,4,4,131200,identity,20261005,1305764,1305.764000,6.273721745,0
1597,load,put,3072,1000,4,4,131200,identity,20261005,1790025,1790.025000,6.864708593,0
1598,load,put,4096,1000,4,4,131200,identity,20261005,2383569,2383.569000,6.873725913,0
1599,load,put,6144,1000,4,4,131200,identity,20261005,2496750,2496.750000,9.843196155,0
1600,load,put,8192,1000,4,4,131200,identity,20261005,2960122,2960.122000,11.069814014,0
1601,load,put,12288,1000,4,4,131200,identity,20261005,3468070,3468.070000,14.172724311,0
1602,load,put,16384,1000,4,4,131200,identity,20261005,3940506,3940.506000,16.631366632,0
1603,load,put,24576,1000,4,4,131200,identity,20261005,5395218,5395.218000,18.220579780,0
1604,load,put,32768,1000,4,4,131200,identity,20261005,6911293,6911.293000,18.964902805,0
1605,load,put,49152,1000,4,4,131200,identity,20261005,9931915,9931.915000,19.795578194,0
1606,load,put,65536,1000,4,4,131200,identity,20261005,12936989,12936.989000,20.263138509,0
1607,load,put,98304,1000,4,4,131200,identity,20261005,19019621,19019.621000,20.674228998,0
1608,load,put,131072,1000,4,4,131200,identity,20261005,25213462,25213.462000,20.793971094,0
1609,load,put,8,10000,8,0,131200,identity,20261005,3978249,397.824900,0.160874797,0
1610,load,put,16,10000,8,0,131200,identity,20261005,3979591,397.959100,0.321641093,0
1611,load,put,32,10000,8,0,131200,identity,20261005,3996342,399.634200,0.640585816,0
1612,load,put,64,10000,8,0,131200,identity,20261005,4002122,400.212200,1.279321320,0
1613,load,put,96,10000,8,0,131200,identity,20261005,3996433,399.643300,1.921713688,0
1614,load,put,124,10000,8,0,131200,identity,20261005,8051179,805.117900,1.232117681,0
1615,load,put,128,10000,8,0,131200,identity,20261005,2474289,247.428900,4.138562634,0
1616,load,put,132,10000,8,0,131200,identity,20261005,4928864,492.886400,2.142481513,0
1617,load,put,192,10000,8,0,131200,identity,20261005,4863256,486.325600,3.158377844,0
1618,load,put,252,10000,8,0,131200,identity,20261005,8645711,864.571100,2.331792030,0
1619,load,put,256,10000,8,0,131200,identity,20261005,2542372,254.237200,8.055469459,0
1620,load,put,260,10000,8,0,131200,identity,20261005,5498764,549.876400,3.782668251,0
1621,load,put,384,10000,8,0,131200,identity,20261005,2612390,261.239000,11.759346805,0
1622,load,put,512,10000,8,0,131200,identity,20261005,2713476,271.347600,15.095029401,0
1623,load,put,768,10000,8,0,131200,identity,20261005,3763697,376.369700,16.324374677,0
1624,load,put,1024,1000,8,0,131200,identity,20261005,475505,475.505000,17.227999706,0
1625,load,put,1536,1000,8,0,131200,identity,20261005,630244,630.244000,19.497210604,0
1626,load,put,2048,1000,8,0,131200,identity,20261005,836063,836.063000,19.596609346,0
1627,load,put,3072,1000,8,0,131200,identity,20261005,1266331,1266.331000,19.407248184,0
1628,load,put,4096,1000,8,0,131200,identity,20261005,1673347,1673.347000,19.582310184,0
1629,load,put,6144,1000,8,0,131200,identity,20261005,2557700,2557.700000,19.217265512,0
1630,load,put,8192,1000,8,0,131200,identity,20261005,3371253,3371.253000,19.439656413,0
1631,load,put,12288,1000,8,0,131200,identity,20261005,5004196,5004.196000,19.644314491,0
1632,load,put,16384,1000,8,0,131200,identity,20261005,6602120,6602.120000,19.853016910,0
1633,load,put,24576,1000,8,0,131200,identity,20261005,9803741,9803.741000,20.054385362,0
1634,load,put,32768,1000,8,0,131200,identity,20261005,12959010,12959.010000,20.228705742,0
1635,load,put,49152,1000,8,0,131200,identity,20261005,19314525,19314.525000,20.358564345,0
1636,load,put,65536,1000,8,0,131200,identity,20261005,25649456,25649.456000,20.440511487,0
1637,load,put,98304,1000,8,0,131200,identity,20261005,38314579,38314.579000,20.525659436,0
1638,load,put,131072,1000,8,0,131200,identity,20261005,50959827,50959.827000,20.576521973,0
1639,load,put,8,10000,8,4,131200,identity,20261005,3976975,397.697500,0.160926332,0
1640,load,put,16,10000,8,4,131200,identity,20261005,3998713,399.871300,0.320102993,0
1641,load,put,32,10000,8,4,131200,identity,20261005,3997743,399.774300,0.640361324,0
1642,load,put,64,10000,8,4,131200,identity,20261005,8036672,803.667200,0.637079627,0
1643,load,put,96,10000,8,4,131200,identity,20261005,8017445,801.744500,0.957911155,0
1644,load,put,124,10000,8,4,131200,identity,20261005,8031606,803.160600,1.235120348,0
1645,load,put,128,10000,8,4,131200,identity,20261005,10571979,1057.197900,0.968598216,0
1646,load,put,132,10000,8,4,131200,identity,20261005,10399281,1039.928100,1.015454818,0
1647,load,put,192,10000,8,4,131200,identity,20261005,13948796,1394.879600,1.101170309,0
1648,load,put,252,10000,8,4,131200,identity,20261005,8993854,899.385400,2.241530716,0
1649,load,put,256,10000,8,4,131200,identity,20261005,11912632,1191.263200,1.719183468,0
1650,load,put,260,10000,8,4,131200,identity,20261005,11766386,1176.638600,1.767747548,0
1651,load,put,384,10000,8,4,131200,identity,20261005,11958572,1195.857200,2.568868591,0
1652,load,put,512,10000,8,4,131200,identity,20261005,11396292,1139.629200,3.594151501,0
1653,load,put,768,10000,8,4,131200,identity,20261005,12310124,1231.012400,4.991013900,0
1654,load,put,1024,1000,8,4,131200,identity,20261005,1445588,1445.588000,5.666898176,0
1655,load,put,1536,1000,8,4,131200,identity,20261005,1733319,1733.319000,7.089289392,0
1656,load,put,2048,1000,8,4,131200,identity,20261005,2076899,2076.899000,7.888684043,0
1657,load,put,3072,1000,8,4,131200,identity,20261005,2796626,2796.626000,8.787732074,0
1658,load,put,4096,1000,8,4,131200,identity,20261005,3763908,3763.908000,8.705845095,0
1659,load,put,6144,1000,8,4,131200,identity,20261005,3618825,3618.825000,13.582309175,0
1660,load,put,8192,1000,8,4,131200,identity,20261005,4663635,4663.635000,14.052557715,0
1661,load,put,12288,1000,8,4,131200,identity,20261005,6172625,6172.625000,15.925801422,0
1662,load,put,16384,1000,8,4,131200,identity,20261005,7689242,7689.242000,17.046153574,0
1663,load,put,24576,1000,8,4,131200,identity,20261005,10945336,10945.336000,17.962719463,0
1664,load,put,32768,1000,8,4,131200,identity,20261005,14213431,14213.431000,18.443400471,0
1665,load,put,49152,1000,8,4,131200,identity,20261005,20594268,20594.268000,19.093468144,0
1666,load,put,65536,1000,8,4,131200,identity,20261005,26942693,26942.693000,19.459376240,0
1667,load,put,98304,1000,8,4,131200,identity,20261005,39664734,39664.734000,19.826982831,0
1668,load,put,131072,1000,8,4,131200,identity,20261005,52393814,52393.814000,20.013355012,0
1669,load,put,8,10000,16,0,131200,identity,20261005,7681614,768.161400,0.166631648,0
1670,load,put,16,10000,16,0,131200,identity,20261005,7733420,773.342000,0.331030773,0
1671,load,put,32,10000,16,0,131200,identity,20261005,7779387,777.938700,0.658149543,0
1672,load,put,64,10000,16,0,131200,identity,20261005,7757755,775.775500,1.319969501,0
1673,load,put,96,10000,16,0,131200,identity,20261005,7709057,770.905700,1.992461594,0
1674,load,put,124,10000,16,0,131200,identity,20261005,14574909,1457.490900,1.361243490,0
1675,load,put,128,10000,16,0,131200,identity,20261005,2474468,247.446800,8.276526510,0
1676,load,put,132,10000,16,0,131200,identity,20261005,7511679,751.167900,2.811621743,0
1677,load,put,192,10000,16,0,131200,identity,20261005,7508376,750.837600,4.091430690,0
1678,load,put,252,10000,16,0,131200,identity,20261005,13971340,1397.134000,2.885907866,0
1679,load,put,256,10000,16,0,131200,identity,20261005,2555855,255.585500,16.025948264,0
1680,load,put,260,10000,16,0,131200,identity,20261005,9228142,922.814200,4.507949704,0
1681,load,put,384,10000,16,0,131200,identity,20261005,3220433,322.043300,19.078179860,0
1682,load,put,512,10000,16,0,131200,identity,20261005,4229533,422.953300,19.368568587,0
1683,load,put,768,10000,16,0,131200,identity,20261005,6216268,621.626800,19.767487502,0
1684,load,put,1024,1000,16,0,131200,identity,20261005,833719,833.719000,19.651705191,0
1685,load,put,1536,1000,16,0,131200,identity,20261005,1293540,1293.540000,18.999025929,0
1686,load,put,2048,1000,16,0,131200,identity,20261005,1794821,1794.821000,18.256973815,0
1687,load,put,3072,1000,16,0,131200,identity,20261005,2880932,2880.932000,17.061145490,0
1688,load,put,4096,1000,16,0,131200,identity,20261005,3672391,3672.391000,17.845594328,0
1689,load,put,6144,1000,16,0,131200,identity,20261005,5183033,5183.033000,18.966500889,0
1690,load,put,8192,1000,16,0,131200,identity,20261005,6796204,6796.204000,19.286060277,0
1691,load,put,12288,1000,16,0,131200,identity,20261005,9963164,9963.164000,19.733490285,0
1692,load,put,16384,1000,16,0,131200,identity,20261005,13058394,13058.394000,20.074750387,0
1693,load,put,24576,1000,16,0,131200,identity,20261005,19338625,19338.625000,20.333193285,0
1694,load,put,32768,1000,16,0,131200,identity,20261005,25582191,25582.191000,20.494257118,0
1695,load,put,49152,1000,16,0,131200,identity,20261005,38334612,38334.612000,20.514933084,0
1696,load,put,65536,1000,16,0,131200,identity,20261005,51074163,51074.163000,20.530458815,0
1697,load,put,98304,1000,16,0,131200,identity,20261005,76187320,76187.320000,20.644695206,0
1698,load,put,131072,1000,16,0,131200,identity,20261005,102445678,102445.678000,20.470868473,0
1699,load,put,8,10000,16,4,131200,identity,20261005,7710445,771.044500,0.166008577,0
1700,load,put,16,10000,16,4,131200,identity,20261005,7720750,772.075000,0.331574005,0
1701,load,put,32,10000,16,4,131200,identity,20261005,7748326,774.832600,0.660787891,0
1702,load,put,64,10000,16,4,131200,identity,20261005,14452068,1445.206800,0.708549116,0
1703,load,put,96,10000,16,4,131200,identity,20261005,14758362,1475.836200,1.040765906,0
1704,load,put,124,10000,16,4,131200,identity,20261005,14573109,1457.310900,1.361411625,0
1705,load,put,128,10000,16,4,131200,identity,20261005,16144767,1614.476700,1.268522488,0
1706,load,put,132,10000,16,4,131200,identity,20261005,16198922,1619.892200,1.303790462,0
1707,load,put,192,10000,16,4,131200,identity,20261005,19506659,1950.665900,1.574846825,0
1708,load,put,252,10000,16,4,131200,identity,20261005,14449209,1444.920900,2.790464170,0
1709,load,put,256,10000,16,4,131200,identity,20261005,18854330,1885.433000,2.172445269,0
1710,load,put,260,10000,16,4,131200,identity,20261005,18757286,1875.728600,2.217804857,0
1711,load,put,384,10000,16,4,131200,identity,20261005,19071590,1907.159000,3.221545765,0
1712,load,put,512,10000,16,4,131200,identity,20261005,20403476,2040.347600,4.015002150,0
1713,load,put,768,10000,16,4,131200,identity,20261005,22459705,2245.970500,5.471131522,0
1714,load,put,1024,1000,16,4,131200,identity,20261005,3061774,3061.774000,5.351146100,0
1715,load,put,1536,1000,16,4,131200,identity,20261005,3500180,3500.180000,7.021353188,0
1716,load,put,2048,1000,16,4,131200,identity,20261005,4121819,4121.819000,7.949888144,0
1717,load,put,3072,1000,16,4,131200,identity,20261005,4849952,4849.952000,10.134533290,0
1718,load,put,4096,1000,16,4,131200,identity,20261005,6091312,6091.312000,10.758930096,0
1719,load,put,6144,1000,16,4,131200,identity,20261005,7193250,7193.250000,13.666145345,0
1720,load,put,8192,1000,16,4,131200,identity,20261005,9449703,9449.703000,13.870488840,0
1721,load,put,12288,1000,16,4,131200,identity,20261005,12503804,12503.804000,15.723854916,0
1722,load,put,16384,1000,16,4,131200,identity,20261005,15722318,15722.318000,16.673368393,0
1723,load,put,24576,1000,16,4,131200,identity,20261005,22125429,22125.429000,17.772129978,0
1724,load,put,32768,1000,16,4,131200,identity,20261005,28416865,28416.865000,18.449888825,0
1725,load,put,49152,1000,16,4,131200,identity,20261005,40770907,40770.907000,19.289048438,0
1726,load,put,65536,1000,16,4,131200,identity,20261005,53286989,53286.989000,19.677899234,0
1727,load,put,98304,1000,16,4,131200,identity,20261005,78731622,78731.622000,19.977538377,0
1728,load,put,131072,1000,16,4,131200,identity,20261005,105558975,105558.975000,19.867112200,0
1729,load,put,8,10000,32,0,131200,identity,20261005,9345764,934.576400,0.273920891,0
1730,load,put,16,10000,32,0,131200,identity,20261005,9254443,925.444300,0.553247775,0
1731,load,put,32,10000,32,0,131200,identity,20261005,9344293,934.429300,1.095856048,0
1732,load,put,64,10000,32,0,131200,identity,20261005,9308060,930.806000,2.200243660,0
1733,load,put,96,10000,32,0,131200,identity,20261005,9273644,927.364400,3.312613682,0
1734,load,put,124,10000,32,0,131200,identity,20261005,17734042,1773.404200,2.237504569,0
1735,load,put,128,10000,32,0,131200,identity,20261005,2609485,260.948500,15.696583809,0
1736,load,put,132,10000,32,0,131200,identity,20261005,11334041,1133.404100,3.726826116,0
1737,load,put,192,10000,32,0,131200,identity,20261005,11336440,1133.644000,5.419690838,0
1738,load,put,252,10000,32,0,131200,identity,20261005,19042798,1904.279800,4.234671817,0
1739,load,put,256,10000,32,0,131200,identity,20261005,4332962,433.296200,18.906235504,0
1740,load,put,260,10000,32,0,131200,identity,20261005,16508590,1650.859000,5.039800492,0
1741,load,put,384,10000,32,0,131200,identity,20261005,6443897,644.389700,19.069206103,0
1742,load,put,512,10000,32,0,131200,identity,20261005,8750258,875.025800,18.724019337,0
1743,load,put,768,10000,32,0,131200,identity,20261005,12845435,1284.543500,19.132088559,0
1744,load,put,1024,1000,32,0,131200,identity,20261005,1771009,1771.009000,18.502446910,0
1745,load,put,1536,1000,32,0,131200,identity,20261005,2812368,2812.368000,17.477086925,0
1746,load,put,2048,1000,32,0,131200,identity,20261005,3902971,3902.971000,16.791311029,0
1747,load,put,3072,1000,32,0,131200,identity,20261005,5904316,5904.316000,16.649515371,0
1748,load,put,4096,1000,32,0,131200,identity,20261005,7728662,7728.662000,16.959209757,0
1749,load,put,6144,1000,32,0,131200,identity,20261005,11152972,11152.972000,17.628305711,0
1750,load,put,8192,1000,32,0,131200,identity,20261005,15128223,15128.223000,17.328142241,0
1751,load,put,12288,1000,32,0,131200,identity,20261005,21705052,21705.052000,18.116335312,0
1752,load,put,16384,1000,32,0,131200,identity,20261005,28573038,28573.038000,18.349046398,0
1753,load,put,24576,1000,32,0,131200,identity,20261005,42441399,42441.399000,18.529832158,0
1754,load,put,32768,1000,32,0,131200,identity,20261005,56534995,56534.995000,18.547379371,0
1755,load,put,49152,1000,32,0,131200,identity,20261005,83951744,83951.744000,18.735334432,0
1756,load,put,65536,1000,32,0,131200,identity,20261005,111745415,111745.415000,18.767230852,0
1757,load,put,98304,1000,32,0,131200,identity,20261005,167382164,167382.164000,18.793687002,0
1758,load,put,131072,1000,32,0,131200,identity,20261005,227869117,227869.117000,18.406636473,0
1759,load,put,8,10000,32,4,131200,identity,20261005,9346355,934.635500,0.273903570,0
1760,load,put,16,10000,32,4,131200,identity,20261005,9294328,929.432800,0.550873608,0
1761,load,put,32,10000,32,4,131200,identity,20261005,9384845,938.484500,1.091120844,0
1762,load,put,64,10000,32,4,131200,identity,20261005,17686323,1768.632300,1.157956914,0
1763,load,put,96,10000,32,4,131200,identity,20261005,17684444,1768.444400,1.737119923,0
1764,load,put,124,10000,32,4,131200,identity,20261005,17729074,1772.907400,2.238131557,0
1765,load,put,128,10000,32,4,131200,identity,20261005,24805351,2480.535100,1.651256618,0
1766,load,put,132,10000,32,4,131200,identity,20261005,24967908,2496.790800,1.691771693,0
1767,load,put,192,10000,32,4,131200,identity,20261005,32386568,3238.656800,1.897082766,0
1768,load,put,252,10000,32,4,131200,identity,20261005,19887915,1988.791500,4.054723685,0
1769,load,put,256,10000,32,4,131200,identity,20261005,28459074,2845.907400,2.878519519,0
1770,load,put,260,10000,32,4,131200,identity,20261005,28651880,2865.188000,2.903823414,0
1771,load,put,384,10000,32,4,131200,identity,20261005,33901754,3390.175400,3.624591223,0
1772,load,put,512,10000,32,4,131200,identity,20261005,38768107,3876.810700,4.226154246,0
1773,load,put,768,10000,32,4,131200,identity,20261005,46237307,4623.730700,5.315188447,0
1774,load,put,1024,1000,32,4,131200,identity,20261005,5687691,5687.691000,5.761213118,0
1775,load,put,1536,1000,32,4,131200,identity,20261005,6768551,6768.551000,7.261820144,0
1776,load,put,2048,1000,32,4,131200,identity,20261005,8116361,8116.361000,8.074554594,0
1777,load,put,3072,1000,32,4,131200,identity,20261005,10255710,10255.710000,9.585294436,0
1778,load,put,4096,1000,32,4,131200,identity,20261005,12475339,12475.339000,10.506488040,0
1779,load,put,6144,1000,32,4,131200,identity,20261005,15221020,15221.020000,12.916874165,0
1780,load,put,8192,1000,32,4,131200,identity,20261005,19446846,19446.846000,13.480026530,0
1781,load,put,12288,1000,32,4,131200,identity,20261005,26756011,26756.011000,14.696361128,0
1782,load,put,16384,1000,32,4,131200,identity,20261005,34018336,34018.336000,15.411923734,0
1783,load,put,24576,1000,32,4,131200,identity,20261005,48216081,48216.081000,16.310574889,0
1784,load,put,32768,1000,32,4,131200,identity,20261005,62172712,62172.712000,16.865534191,0
1785,load,put,49152,1000,32,4,131200,identity,20261005,89746599,89746.599000,17.525611193,0
1786,load,put,65536,1000,32,4,131200,identity,20261005,117628300,117628.300000,17.828634776,0
1787,load,put,98304,1000,32,4,131200,identity,20261005,173778819,173778.819000,18.101906884,0
1788,load,put,131072,1000,32,4,131200,identity,20261005,232472754,232472.754000,18.042131509,0
1789,load,put,8,10000,64,0,131200,identity,20261005,19140179,1914.017900,0.267500111,0
1790,load,put,16,10000,64,0,131200,identity,20261005,19141446,1914.144600,0.534964809,0
1791,load,put,32,10000,64,0,131200,identity,20261005,19156370,1915.637000,1.069096076,0
1792,load,put,64,10000,64,0,131200,identity,20261005,19146076,1914.607600,2.139341764,0
1793,load,put,96,10000,64,0,131200,identity,20261005,19161831,1916.183100,3.206374172,0
1794,load,put,124,10000,64,0,131200,identity,20261005,35706678,3570.667800,2.222553439,0
1795,load,put,128,10000,64,0,131200,identity,20261005,4337497,433.749700,18.886468394,0
1796,load,put,132,10000,64,0,131200,identity,20261005,27317338,2731.733800,3.092541447,0
1797,load,put,192,10000,64,0,131200,identity,20261005,27186611,2718.661100,4.519871933,0
1798,load,put,252,10000,64,0,131200,identity,20261005,42808825,4280.882500,3.767447483,0
1799,load,put,256,10000,64,0,131200,identity,20261005,8841988,884.198800,18.529769550,0
1800,load,put,260,10000,64,0,131200,identity,20261005,35129350,3512.935000,4.736779929,0
1801,load,put,384,10000,64,0,131200,identity,20261005,14482448,1448.244800,16.969506813,0
1802,load,put,512,10000,64,0,131200,identity,20261005,21061123,2106.112300,15.558524586,0
1803,load,put,768,10000,64,0,131200,identity,20261005,34325052,3432.505200,14.319570441,0
1804,load,put,1024,1000,64,0,131200,identity,20261005,4794436,4794.436000,13.669178189,0
1805,load,put,1536,1000,64,0,131200,identity,20261005,6872268,6872.268000,14.304447964,0
1806,load,put,2048,1000,64,0,131200,identity,20261005,9019982,9019.982000,14.531292856,0
1807,load,put,3072,1000,64,0,131200,identity,20261005,13340694,13340.694000,14.737464183,0
1808,load,put,4096,1000,64,0,131200,identity,20261005,17556509,17556.509000,14.931442236,0
1809,load,put,6144,1000,64,0,131200,identity,20261005,25827772,25827.772000,15.224542016,0
1810,load,put,8192,1000,64,0,131200,identity,20261005,34683340,34683.340000,15.116421890,0
1811,load,put,12288,1000,64,0,131200,identity,20261005,51146524,51146.524000,15.376059573,0
1812,load,put,16384,1000,64,0,131200,identity,20261005,67969773,67969.773000,15.427092864,0
1813,load,put,24576,1000,64,0,131200,identity,20261005,101778951,101778.951000,15.453725791,0
1814,load,put,32768,1000,64,0,131200,identity,20261005,134886666,134886.666000,15.547511568,0
1815,load,put,49152,1000,64,0,131200,identity,20261005,202469227,202469.227000,15.536820319,0
1816,load,put,65536,1000,64,0,131200,identity,20261005,268850491,268850.491000,15.600879077,0
1817,load,put,98304,1000,64,0,131200,identity,20261005,403468238,403468.238000,15.593435635,0
1818,load,put,131072,1000,64,0,131200,identity,20261005,545392968,545392.968000,15.380851042,0
1819,load,put,8,10000,64,4,131200,identity,20261005,19082198,1908.219800,0.268312906,0
1820,load,put,16,10000,64,4,131200,identity,20261005,19234490,1923.449000,0.532376996,0
1821,load,put,32,10000,64,4,131200,identity,20261005,19106005,1910.600500,1.071914301,0
1822,load,put,64,10000,64,4,131200,identity,20261005,35766512,3576.651200,1.145205325,0
1823,load,put,96,10000,64,4,131200,identity,20261005,35692588,3569.258800,1.721365792,0
1824,load,put,124,10000,64,4,131200,identity,20261005,35739656,3573.965600,2.220502626,0
1825,load,put,128,10000,64,4,131200,identity,20261005,51897123,5189.712300,1.578507541,0
1826,load,put,132,10000,64,4,131200,identity,20261005,51654493,5165.449300,1.635482125,0
1827,load,put,192,10000,64,4,131200,identity,20261005,66817177,6681.717700,1.839048064,0
1828,load,put,252,10000,64,4,131200,identity,20261005,43760348,4376.034800,3.685528278,0
1829,load,put,256,10000,64,4,131200,identity,20261005,60608034,6060.803400,2.703271979,0
1830,load,put,260,10000,64,4,131200,identity,20261005,60578847,6057.884700,2.746833395,0
1831,load,put,384,10000,64,4,131200,identity,20261005,72114433,7211.443300,3.407916970,0
1832,load,put,512,10000,64,4,131200,identity,20261005,82270446,8227.044600,3.982961269,0
1833,load,put,768,10000,64,4,131200,identity,20261005,101953849,10195.384900,4.821004845,0
1834,load,put,1024,1000,64,4,131200,identity,20261005,11624228,11624.228000,5.637879780,0
1835,load,put,1536,1000,64,4,131200,identity,20261005,14203902,14203.902000,6.920915112,0
1836,load,put,2048,1000,64,4,131200,identity,20261005,15372037,15372.037000,8.526651348,0
1837,load,put,3072,1000,64,4,131200,identity,20261005,20892214,20892.214000,9.410587121,0
1838,load,put,4096,1000,64,4,131200,identity,20261005,24490814,24490.814000,10.703768360,0
1839,load,put,6144,1000,64,4,131200,identity,20261005,33527083,33527.083000,11.728309319,0
1840,load,put,8192,1000,64,4,131200,identity,20261005,42467107,42467.107000,12.345743260,0
1841,load,put,12288,1000,64,4,131200,identity,20261005,60379589,60379.589000,13.024798827,0
1842,load,put,16384,1000,64,4,131200,identity,20261005,78111800,78111.800000,13.424040926,0
1843,load,put,24576,1000,64,4,131200,identity,20261005,112915023,112915.023000,13.929625644,0
1844,load,put,32768,1000,64,4,131200,identity,20261005,146858596,146858.596000,14.280076598,0
1845,load,put,49152,1000,64,4,131200,identity,20261005,214239844,214239.844000,14.683207107,0
1846,load,put,65536,1000,64,4,131200,identity,20261005,281029225,281029.225000,14.924796522,0
1847,load,put,98304,1000,64,4,131200,identity,20261005,416628535,416628.535000,15.100876372,0
1848,load,put,131072,1000,64,4,131200,identity,20261005,556730692,556730.692000,15.067622677,0
1849,load,iget,8,10000,1,0,131200,identity,20261005,4407461,440.746100,0.018151040,0
1850,load,iget,16,10000,1,0,131200,identity,20261005,4410040,441.004000,0.036280850,0
1851,load,iget,32,10000,1,0,131200,identity,20261005,4410533,441.053300,0.072553589,0
1852,load,iget,64,10000,1,0,131200,identity,20261005,4408472,440.847200,0.145175018,0
1853,load,iget,96,10000,1,0,131200,identity,20261005,4411986,441.198600,0.217589086,0
1854,load,iget,124,10000,1,0,131200,identity,20261005,4414220,441.422000,0.280910331,0
1855,load,iget,128,10000,1,0,131200,identity,20261005,4412161,441.216100,0.290107274,0
1856,load,iget,132,10000,1,0,131200,identity,20261005,4546995,454.699500,0.290301617,0
1857,load,iget,192,10000,1,0,131200,identity,20261005,4545187,454.518700,0.422424864,0
1858,load,iget,252,10000,1,0,131200,identity,20261005,4540013,454.001300,0.555064490,0
1859,load,iget,256,10000,1,0,131200,identity,20261005,4492692,449.269200,0.569814267,0
1860,load,iget,260,10000,1,0,131200,identity,20261005,4616963,461.696300,0.563140749,0
1861,load,iget,384,10000,1,0,131200,identity,20261005,4622066,462.206600,0.830797310,0
1862,load,iget,512,10000,1,0,131200,identity,20261005,4748145,474.814500,1.078315848,0
1863,load,iget,768,10000,1,0,131200,identity,20261005,4951148,495.114800,1.551155409,0
1864,load,iget,1024,1000,1,0,131200,identity,20261005,546302,546.302000,1.874421108,0
1865,load,iget,1536,1000,1,0,131200,identity,20261005,571098,571.098000,2.689555908,0
1866,load,iget,2048,1000,1,0,131200,identity,20261005,595434,595.434000,3.439507989,0
1867,load,iget,3072,1000,1,0,131200,identity,20261005,651687,651.687000,4.713919412,0
1868,load,iget,4096,1000,1,0,131200,identity,20261005,716168,716.168000,5.719328426,0
1869,load,iget,6144,1000,1,0,131200,identity,20261005,826590,826.590000,7.432947410,0
1870,load,iget,8192,1000,1,0,131200,identity,20261005,954915,954.915000,8.578774027,0
1871,load,iget,12288,1000,1,0,131200,identity,20261005,1209635,1209.635000,10.158436222,0
1872,load,iget,16384,1000,1,0,131200,identity,20261005,1437285,1437.285000,11.399270152,0
1873,load,iget,24576,1000,1,0,131200,identity,20261005,1901625,1901.625000,12.923683692,0
1874,load,iget,32768,1000,1,0,131200,identity,20261005,2359679,2359.679000,13.886634580,0
1875,load,iget,49152,1000,1,0,131200,identity,20261005,3269648,3269.648000,15.032810871,0
1876,load,iget,65536,1000,1,0,131200,identity,20261005,4169660,4169.660000,15.717348657,0
1877,load,iget,98304,1000,1,0,131200,identity,20261005,6009007,6009.007000,16.359441751,0
1878,load,iget,131072,1000,1,0,131200,identity,20261005,7846873,7846.873000,16.703723891,0
1879,load,iget,8,10000,1,4,131200,identity,20261005,4412993,441.299300,0.018128286,0
1880,load,iget,16,10000,1,4,131200,identity,20261005,4411621,441.162100,0.036267848,0
1881,load,iget,32,10000,1,4,131200,identity,20261005,4419418,441.941800,0.072407724,0
1882,load,iget,64,10000,1,4,131200,identity,20261005,4415049,441.504900,0.144958754,0
1883,load,iget,96,10000,1,4,131200,identity,20261005,4409346,440.934600,0.217719362,0
1884,load,iget,124,10000,1,4,131200,identity,20261005,4413511,441.351100,0.280955457,0
1885,load,iget,128,10000,1,4,131200,identity,20261005,4538489,453.848900,0.282032192,0
1886,load,iget,132,10000,1,4,131200,identity,20261005,4544889,454.488900,0.290436136,0
1887,load,iget,192,10000,1,4,131200,identity,20261005,4545152,454.515200,0.422428117,0
1888,load,iget,252,10000,1,4,131200,identity,20261005,4546932,454.693200,0.554219856,0
1889,load,iget,256,10000,1,4,131200,identity,20261005,4670807,467.080700,0.548085160,0
1890,load,iget,260,10000,1,4,131200,identity,20261005,4670360,467.036000,0.556702267,0
1891,load,iget,384,10000,1,4,131200,identity,20261005,4797160,479.716000,0.800473614,0
1892,load,iget,512,10000,1,4,131200,identity,20261005,4932231,493.223100,1.038069790,0
1893,load,iget,768,10000,1,4,131200,identity,20261005,5093218,509.321800,1.507887548,0
1894,load,iget,1024,1000,1,4,131200,identity,20261005,556643,556.643000,1.839599169,0
1895,load,iget,1536,1000,1,4,131200,identity,20261005,577760,577.760000,2.658543340,0
1896,load,iget,2048,1000,1,4,131200,identity,20261005,611897,611.897000,3.346968526,0
1897,load,iget,3072,1000,1,4,131200,identity,20261005,666034,666.034000,4.612377146,0
1898,load,iget,4096,1000,1,4,131200,identity,20261005,722605,722.605000,5.668380374,0
1899,load,iget,6144,1000,1,4,131200,identity,20261005,834691,834.691000,7.360807772,0
1900,load,iget,8192,1000,1,4,131200,identity,20261005,958435,958.435000,8.547267159,0
1901,load,iget,12288,1000,1,4,131200,identity,20261005,1211277,1211.277000,10.144665506,0
1902,load,iget,16384,1000,1,4,131200,identity,20261005,1445914,1445.914000,11.331241001,0
1903,load,iget,24576,1000,1,4,131200,identity,20261005,1901552,1901.552000,12.924179828,0
1904,load,iget,32768,1000,1,4,131200,identity,20261005,2369966,2369.966000,13.826358690,0
1905,load,iget,49152,1000,1,4,131200,identity,20261005,3271402,3271.402000,15.024750856,0
1906,load,iget,65536,1000,1,4,131200,identity,20261005,4196560,4196.560000,15.616600263,0
1907,load,iget,98304,1000,1,4,131200,identity,20261005,6026224,6026.224000,16.312702614,0
1908,load,iget,131072,1000,1,4,131200,identity,20261005,7846824,7846.824000,16.703828199,0
1909,load,iget,8,10000,2,0,131200,identity,20261005,4411126,441.112600,0.036271918,0
1910,load,iget,16,10000,2,0,131200,identity,20261005,4411161,441.116100,0.072543260,0
1911,load,iget,32,10000,2,0,131200,identity,20261005,4414219,441.421900,0.144986010,0
1912,load,iget,64,10000,2,0,131200,identity,20261005,4412851,441.285100,0.290061912,0
1913,load,iget,96,10000,2,0,131200,identity,20261005,4415652,441.565200,0.434816874,0
1914,load,iget,124,10000,2,0,131200,identity,20261005,4376663,437.666300,0.566641754,0
1915,load,iget,128,10000,2,0,131200,identity,20261005,4408485,440.848500,0.580698358,0
1916,load,iget,132,10000,2,0,131200,identity,20261005,4547229,454.722900,0.580573356,0
1917,load,iget,192,10000,2,0,131200,identity,20261005,4551479,455.147900,0.843681801,0
1918,load,iget,252,10000,2,0,131200,identity,20261005,4553008,455.300800,1.106960497,0
1919,load,iget,256,10000,2,0,131200,identity,20261005,4555307,455.530700,1.123963764,0
1920,load,iget,260,10000,2,0,131200,identity,20261005,4676596,467.659600,1.111919867,0
1921,load,iget,384,10000,2,0,131200,identity,20261005,4679810,467.981000,1.641092267,0
1922,load,iget,512,10000,2,0,131200,identity,20261005,4816504,481.650400,2.126023356,0
1923,load,iget,768,10000,2,0,131200,identity,20261005,4976089,497.608900,3.086761511,0
1924,load,iget,1024,1000,2,0,131200,identity,20261005,552901,552.901000,3.704098925,0
1925,load,iget,1536,1000,2,0,131200,identity,20261005,582819,582.819000,5.270933171,0
1926,load,iget,2048,1000,2,0,131200,identity,20261005,635658,635.658000,6.443716590,0
1927,load,iget,3072,1000,2,0,131200,identity,20261005,690719,690.719000,8.895078896,0
1928,load,iget,4096,1000,2,0,131200,identity,20261005,780828,780.828000,10.491427049,0
1929,load,iget,6144,1000,2,0,131200,identity,20261005,899937,899.937000,13.654289134,0
1930,load,iget,8192,1000,2,0,131200,identity,20261005,1079410,1079.410000,15.178662417,0
1931,load,iget,12288,1000,2,0,131200,identity,20261005,1532510,1532.510000,16.036436956,0
1932,load,iget,16384,1000,2,0,131200,identity,20261005,1955664,1955.664000,16.755434471,0
1933,load,iget,24576,1000,2,0,131200,identity,20261005,2850520,2850.520000,17.243169667,0
1934,load,iget,32768,1000,2,0,131200,identity,20261005,3885870,3885.870000,16.865206505,0
1935,load,iget,49152,1000,2,0,131200,identity,20261005,5656310,5656.310000,17.379528350,0
1936,load,iget,65536,1000,2,0,131200,identity,20261005,7518573,7518.573000,17.433095349,0
1937,load,iget,98304,1000,2,0,131200,identity,20261005,11326685,11326.685000,17.357947184,0
1938,load,iget,131072,1000,2,0,131200,identity,20261005,15484278,15484.278000,16.929688294,0
1939,load,iget,8,10000,2,4,131200,identity,20261005,4416285,441.628500,0.036229546,0
1940,load,iget,16,10000,2,4,131200,identity,20261005,4413296,441.329600,0.072508166,0
1941,load,iget,32,10000,2,4,131200,identity,20261005,4409739,440.973900,0.145133306,0
1942,load,iget,64,10000,2,4,131200,identity,20261005,4411580,441.158000,0.290145481,0
1943,load,iget,96,10000,2,4,131200,identity,20261005,4411672,441.167200,0.435209145,0
1944,load,iget,124,10000,2,4,131200,identity,20261005,4410445,441.044500,0.562301536,0
1945,load,iget,128,10000,2,4,131200,identity,20261005,4546765,454.676500,0.563037676,0
1946,load,iget,132,10000,2,4,131200,identity,20261005,4551512,455.151200,0.580027033,0
1947,load,iget,192,10000,2,4,131200,identity,20261005,4547438,454.743800,0.844431524,0
1948,load,iget,252,10000,2,4,131200,identity,20261005,4560469,456.046900,1.105149492,0
1949,load,iget,256,10000,2,4,131200,identity,20261005,4671268,467.126800,1.096062140,0
1950,load,iget,260,10000,2,4,131200,identity,20261005,4671039,467.103900,1.113242685,0
1951,load,iget,384,10000,2,4,131200,identity,20261005,4808976,480.897600,1.597013585,0
1952,load,iget,512,10000,2,4,131200,identity,20261005,4945270,494.527000,2.070665505,0
1953,load,iget,768,10000,2,4,131200,identity,20261005,5109706,510.970600,3.006043792,0
1954,load,iget,1024,1000,2,4,131200,identity,20261005,565123,565.123000,3.623989822,0
1955,load,iget,1536,1000,2,4,131200,identity,20261005,603633,603.633000,5.089184985,0
1956,load,iget,2048,1000,2,4,131200,identity,20261005,636233,636.233000,6.437893036,0
1957,load,iget,3072,1000,2,4,131200,identity,20261005,709427,709.427000,8.660510525,0
1958,load,iget,4096,1000,2,4,131200,identity,20261005,790710,790.710000,10.360309089,0
1959,load,iget,6144,1000,2,4,131200,identity,20261005,904843,904.843000,13.580256464,0
1960,load,iget,8192,1000,2,4,131200,identity,20261005,1090455,1090.455000,15.024920790,0
1961,load,iget,12288,1000,2,4,131200,identity,20261005,1535051,1535.051000,16.009891528,0
1962,load,iget,16384,1000,2,4,131200,identity,20261005,1959571,1959.571000,16.722027423,0
1963,load,iget,24576,1000,2,4,131200,identity,20261005,2889733,2889.733000,17.009183893,0
1964,load,iget,32768,1000,2,4,131200,identity,20261005,3826634,3826.634000,17.126278604,0
1965,load,iget,49152,1000,2,4,131200,identity,20261005,5687957,5687.957000,17.282831076,0
1966,load,iget,65536,1000,2,4,131200,identity,20261005,7519140,7519.140000,17.431780762,0
1967,load,iget,98304,1000,2,4,131200,identity,20261005,11357991,11357.991000,17.310103521,0
1968,load,iget,131072,1000,2,4,131200,identity,20261005,15499016,15499.016000,16.913589869,0
1969,load,iget,8,10000,4,0,131200,identity,20261005,5367263,536.726300,0.059620704,0
1970,load,iget,16,10000,4,0,131200,identity,20261005,5368449,536.844900,0.119215066,0
1971,load,iget,32,10000,4,0,131200,identity,20261005,5371456,537.145600,0.238296656,0
1972,load,iget,64,10000,4,0,131200,identity,20261005,5365385,536.538500,0.477132582,0
1973,load,iget,96,10000,4,0,131200,identity,20261005,5368779,536.877900,0.715246428,0
1974,load,iget,124,10000,4,0,131200,identity,20261005,5367739,536.773900,0.924038967,0
1975,load,iget,128,10000,4,0,131200,identity,20261005,5369086,536.908600,0.953607374,0
1976,load,iget,132,10000,4,0,131200,identity,20261005,5554418,555.441800,0.950594644,0
1977,load,iget,192,10000,4,0,131200,identity,20261005,5554156,555.415600,1.382748342,0
1978,load,iget,252,10000,4,0,131200,identity,20261005,5560186,556.018600,1.812888993,0
1979,load,iget,256,10000,4,0,131200,identity,20261005,5555351,555.535100,1.843267869,0
1980,load,iget,260,10000,4,0,131200,identity,20261005,5706981,570.698100,1.822329529,0
1981,load,iget,384,10000,4,0,131200,identity,20261005,5698508,569.850800,2.695442386,0
1982,load,iget,512,10000,4,0,131200,identity,20261005,5912930,591.293000,3.463595882,0
1983,load,iget,768,10000,4,0,131200,identity,20261005,5913026,591.302600,5.195309474,0
1984,load,iget,1024,1000,4,0,131200,identity,20261005,653139,653.139000,6.271253133,0
1985,load,iget,1536,1000,4,0,131200,identity,20261005,724067,724.067000,8.485402594,0
1986,load,iget,2048,1000,4,0,131200,identity,20261005,769685,769.685000,10.643315122,0
1987,load,iget,3072,1000,4,0,131200,identity,20261005,885008,885.008000,13.884620252,0
1988,load,iget,4096,1000,4,0,131200,identity,20261005,1035416,1035.416000,15.823591677,0
1989,load,iget,6144,1000,4,0,131200,identity,20261005,1432613,1432.613000,17.154667730,0
1990,load,iget,8192,1000,4,0,131200,identity,20261005,1777517,1777.517000,18.434704141,0
1991,load,iget,12288,1000,4,0,131200,identity,20261005,2874522,2874.522000,17.099190752,0
1992,load,iget,16384,1000,4,0,131200,identity,20261005,3540602,3540.602000,18.509846631,0
1993,load,iget,24576,1000,4,0,131200,identity,20261005,5123624,5123.624000,19.186419612,0
1994,load,iget,32768,1000,4,0,131200,identity,20261005,6742000,6742.000000,19.441115396,0
1995,load,iget,49152,1000,4,0,131200,identity,20261005,10028899,10028.899000,19.604145979,0
1996,load,iget,65536,1000,4,0,131200,identity,20261005,13322918,13322.918000,19.676170040,0
1997,load,iget,98304,1000,4,0,131200,identity,20261005,19916001,19916.001000,19.743722648,0
1998,load,iget,131072,1000,4,0,131200,identity,20261005,26810602,26810.602000,19.555249076,0
1999,load,iget,8,10000,4,4,131200,identity,20261005,5376055,537.605500,0.059523201,0
2000,load,iget,16,10000,4,4,131200,identity,20261005,5374112,537.411200,0.119089442,0
2001,load,iget,32,10000,4,4,131200,identity,20261005,5374019,537.401900,0.238183006,0
2002,load,iget,64,10000,4,4,131200,identity,20261005,5376906,537.690600,0.476110239,0
2003,load,iget,96,10000,4,4,131200,identity,20261005,5379390,537.939000,0.713835584,0
2004,load,iget,124,10000,4,4,131200,identity,20261005,5374963,537.496300,0.922797050,0
2005,load,iget,128,10000,4,4,131200,identity,20261005,5610367,561.036700,0.912596270,0
2006,load,iget,132,10000,4,4,131200,identity,20261005,5609507,560.950700,0.941259187,0
2007,load,iget,192,10000,4,4,131200,identity,20261005,5612849,561.284900,1.368289081,0
2008,load,iget,252,10000,4,4,131200,identity,20261005,5613946,561.394600,1.795528493,0
2009,load,iget,256,10000,4,4,131200,identity,20261005,5758962,575.896200,1.778098206,0
2010,load,iget,260,10000,4,4,131200,identity,20261005,5746585,574.658500,1.809770498,0
2011,load,iget,384,10000,4,4,131200,identity,20261005,5922732,592.273200,2.593397777,0
2012,load,iget,512,10000,4,4,131200,identity,20261005,5914896,591.489600,3.462444648,0
2013,load,iget,768,10000,4,4,131200,identity,20261005,6136909,613.690900,5.005777338,0
2014,load,iget,1024,1000,4,4,131200,identity,20261005,659081,659.081000,6.214714125,0
2015,load,iget,1536,1000,4,4,131200,identity,20261005,738301,738.301000,8.321809127,0
2016,load,iget,2048,1000,4,4,131200,identity,20261005,799275,799.275000,10.249288418,0
2017,load,iget,3072,1000,4,4,131200,identity,20261005,912706,912.706000,13.463261992,0
2018,load,iget,4096,1000,4,4,131200,identity,20261005,1055942,1055.942000,15.516003720,0
2019,load,iget,6144,1000,4,4,131200,identity,20261005,1453589,1453.589000,16.907117486,0
2020,load,iget,8192,1000,4,4,131200,identity,20261005,1808909,1808.909000,18.114786316,0
2021,load,iget,12288,1000,4,4,131200,identity,20261005,2871422,2871.422000,17.117651115,0
2022,load,iget,16384,1000,4,4,131200,identity,20261005,3584121,3584.121000,18.285096960,0
2023,load,iget,24576,1000,4,4,131200,identity,20261005,5121506,5121.506000,19.194354161,0
2024,load,iget,32768,1000,4,4,131200,identity,20261005,6748711,6748.711000,19.421782915,0
2025,load,iget,49152,1000,4,4,131200,identity,20261005,10078903,10078.903000,19.506884827,0
2026,load,iget,65536,1000,4,4,131200,identity,20261005,13404353,13404.353000,19.556632088,0
2027,load,iget,98304,1000,4,4,131200,identity,20261005,20026348,20026.348000,19.634932939,0
2028,load,iget,131072,1000,4,4,131200,identity,20261005,26805234,26805.234000,19.559165199,0
2029,load,iget,8,10000,8,0,131200,identity,20261005,5399668,539.966800,0.118525806,0
2030,load,iget,16,10000,8,0,131200,identity,20261005,5400618,540.061800,0.237009913,0
2031,load,iget,32,10000,8,0,131200,identity,20261005,5402364,540.236400,0.473866626,0
2032,load,iget,64,10000,8,0,131200,identity,20261005,5399272,539.927200,0.948275990,0
2033,load,iget,96,10000,8,0,131200,identity,20261005,5403466,540.346600,1.421309952,0
2034,load,iget,124,10000,8,0,131200,identity,20261005,5397543,539.754300,1.837873269,0
2035,load,iget,128,10000,8,0,131200,identity,20261005,5400221,540.022100,1.896218692,0
2036,load,iget,132,10000,8,0,131200,identity,20261005,5620387,562.038700,1.878874177,0
2037,load,iget,192,10000,8,0,131200,identity,20261005,5628996,562.899600,2.728728178,0
2038,load,iget,252,10000,8,0,131200,identity,20261005,5628684,562.868400,3.581654255,0
2039,load,iget,256,10000,8,0,131200,identity,20261005,5629421,562.942100,3.638029559,0
2040,load,iget,260,10000,8,0,131200,identity,20261005,5757440,575.744000,3.612716763,0
2041,load,iget,384,10000,8,0,131200,identity,20261005,5755488,575.548800,5.337514386,0
2042,load,iget,512,10000,8,0,131200,identity,20261005,6002785,600.278500,6.823499426,0
2043,load,iget,768,10000,8,0,131200,identity,20261005,6412641,641.264100,9.581075878,0
2044,load,iget,1024,1000,8,0,131200,identity,20261005,812283,812.283000,10.085155051,0
2045,load,iget,1536,1000,8,0,131200,identity,20261005,1005731,1005.731000,12.217978764,0
2046,load,iget,2048,1000,8,0,131200,identity,20261005,1098229,1098.229000,14.918564343,0
2047,load,iget,3072,1000,8,0,131200,identity,20261005,1392553,1392.553000,17.648161327,0
2048,load,iget,4096,1000,8,0,131200,identity,20261005,1638213,1638.213000,20.002282975,0
2049,load,iget,6144,1000,8,0,131200,identity,20261005,2524823,2524.823000,19.467503267,0
2050,load,iget,8192,1000,8,0,131200,identity,20261005,3266521,3266.521000,20.062935459,0
2051,load,iget,12288,1000,8,0,131200,identity,20261005,4885575,4885.575000,20.121275387,0
2052,load,iget,16384,1000,8,0,131200,identity,20261005,6449017,6449.017000,20.324337802,0
2053,load,iget,24576,1000,8,0,131200,identity,20261005,9513259,9513.259000,20.666734712,0
2054,load,iget,32768,1000,8,0,131200,identity,20261005,12649786,12649.786000,20.723196424,0
2055,load,iget,49152,1000,8,0,131200,identity,20261005,18999109,18999.109000,20.696549507,0
2056,load,iget,65536,1000,8,0,131200,identity,20261005,25109988,25109.988000,20.879659520,0
2057,load,iget,98304,1000,8,0,131200,identity,20261005,37553150,37553.150000,20.941838434,0
2058,load,iget,131072,1000,8,0,131200,identity,20261005,50105760,50105.760000,20.927254671,0
2059,load,iget,8,10000,8,4,131200,identity,20261005,5409670,540.967000,0.118306662,0
2060,load,iget,16,10000,8,4,131200,identity,20261005,5408721,540.872100,0.236654839,0
2061,load,iget,32,10000,8,4,131200,identity,20261005,5409806,540.980600,0.473214751,0
2062,load,iget,64,10000,8,4,131200,identity,20261005,5415236,541.523600,0.945480492,0
2063,load,iget,96,10000,8,4,131200,identity,20261005,5405769,540.576900,1.420704436,0
2064,load,iget,124,10000,8,4,131200,identity,20261005,5408716,540.871600,1.834076701,0
2065,load,iget,128,10000,8,4,131200,identity,20261005,5675858,567.585800,1.804132521,0
2066,load,iget,132,10000,8,4,131200,identity,20261005,5678928,567.892800,1.859505879,0
2067,load,iget,192,10000,8,4,131200,identity,20261005,5680782,568.078200,2.703853096,0
2068,load,iget,252,10000,8,4,131200,identity,20261005,5673590,567.359000,3.553305755,0
2069,load,iget,256,10000,8,4,131200,identity,20261005,5782725,578.272500,3.541582904,0
2070,load,iget,260,10000,8,4,131200,identity,20261005,5785395,578.539500,3.595260133,0
2071,load,iget,384,10000,8,4,131200,identity,20261005,6003275,600.327500,5.117206858,0
2072,load,iget,512,10000,8,4,131200,identity,20261005,6091640,609.164000,6.723969243,0
2073,load,iget,768,10000,8,4,131200,identity,20261005,6941487,694.148700,8.851129448,0
2074,load,iget,1024,1000,8,4,131200,identity,20261005,856686,856.686000,9.562430109,0
2075,load,iget,1536,1000,8,4,131200,identity,20261005,984169,984.169000,12.485660491,0
2076,load,iget,2048,1000,8,4,131200,identity,20261005,1107806,1107.806000,14.789593124,0
2077,load,iget,3072,1000,8,4,131200,identity,20261005,1454677,1454.677000,16.894472106,0
2078,load,iget,4096,1000,8,4,131200,identity,20261005,1690451,1690.451000,19.384176175,0
2079,load,iget,6144,1000,8,4,131200,identity,20261005,2575442,2575.442000,19.084879411,0
2080,load,iget,8192,1000,8,4,131200,identity,20261005,3328514,3328.514000,19.689266742,0
2081,load,iget,12288,1000,8,4,131200,identity,20261005,4931950,4931.950000,19.932075548,0
2082,load,iget,16384,1000,8,4,131200,identity,20261005,6523331,6523.331000,20.092802282,0
2083,load,iget,24576,1000,8,4,131200,identity,20261005,9592029,9592.029000,20.497018931,0
2084,load,iget,32768,1000,8,4,131200,identity,20261005,12721635,12721.635000,20.606156363,0
2085,load,iget,49152,1000,8,4,131200,identity,20261005,19021981,19021.981000,20.671664008,0
2086,load,iget,65536,1000,8,4,131200,identity,20261005,25159390,25159.390000,20.838661033,0
2087,load,iget,98304,1000,8,4,131200,identity,20261005,37627215,37627.215000,20.900616748,0
2088,load,iget,131072,1000,8,4,131200,identity,20261005,50168946,50168.946000,20.900897539,0
2089,load,iget,8,10000,16,0,131200,identity,20261005,5494043,549.404300,0.232979611,0
2090,load,iget,16,10000,16,0,131200,identity,20261005,5492017,549.201700,0.466131114,0
2091,load,iget,32,10000,16,0,131200,identity,20261005,5490255,549.025500,0.932561420,0
2092,load,iget,64,10000,16,0,131200,identity,20261005,5492071,549.207100,1.864506122,0
2093,load,iget,96,10000,16,0,131200,identity,20261005,5490649,549.064900,2.797483503,0
2094,load,iget,124,10000,16,0,131200,identity,20261005,5490406,549.040600,3.613576118,0
2095,load,iget,128,10000,16,0,131200,identity,20261005,5491395,549.139500,3.729471291,0
2096,load,iget,132,10000,16,0,131200,identity,20261005,5775675,577.567500,3.656715449,0
2097,load,iget,192,10000,16,0,131200,identity,20261005,5773306,577.330600,5.321041358,0
2098,load,iget,252,10000,16,0,131200,identity,20261005,5778752,577.875200,6.977285061,0
2099,load,iget,256,10000,16,0,131200,identity,20261005,5784095,578.409500,7.081488115,0
2100,load,iget,260,10000,16,0,131200,identity,20261005,6204266,620.426600,6.705063903,0
2101,load,iget,384,10000,16,0,131200,identity,20261005,6210211,621.021100,9.893383655,0
2102,load,iget,512,10000,16,0,131200,identity,20261005,7127235,712.723500,11.493938393,0
2103,load,iget,768,10000,16,0,131200,identity,20261005,8332734,833.273400,14.746660580,0
2104,load,iget,1024,1000,16,0,131200,identity,20261005,1171428,1171.428000,13.986348286,0
2105,load,iget,1536,1000,16,0,131200,identity,20261005,1603737,1603.737000,15.324208396,0
2106,load,iget,2048,1000,16,0,131200,identity,20261005,1864994,1864.994000,17.570029716,0
2107,load,iget,3072,1000,16,0,131200,identity,20261005,2548700,2548.700000,19.285125750,0
2108,load,iget,4096,1000,16,0,131200,identity,20261005,3335958,3335.958000,19.645331266,0
2109,load,iget,6144,1000,16,0,131200,identity,20261005,5384964,5384.964000,18.255275244,0
2110,load,iget,8192,1000,16,0,131200,identity,20261005,7199185,7199.185000,18.206505320,0
2111,load,iget,12288,1000,16,0,131200,identity,20261005,10263454,10263.454000,19.156124244,0
2112,load,iget,16384,1000,16,0,131200,identity,20261005,12951443,12951.443000,20.240524550,0
2113,load,iget,24576,1000,16,0,131200,identity,20261005,19219753,19219.753000,20.458951788,0
2114,load,iget,32768,1000,16,0,131200,identity,20261005,25403071,25403.071000,20.638764502,0
2115,load,iget,49152,1000,16,0,131200,identity,20261005,37007429,37007.429000,21.250652133,0
2116,load,iget,65536,1000,16,0,131200,identity,20261005,49128560,49128.560000,21.343511798,0
2117,load,iget,98304,1000,16,0,131200,identity,20261005,73953682,73953.682000,21.268231107,0
2118,load,iget,131072,1000,16,0,131200,identity,20261005,99348695,99348.695000,21.109003998,0
2119,load,iget,8,10000,16,4,131200,identity,20261005,5499634,549.963400,0.232742761,0
2120,load,iget,16,10000,16,4,131200,identity,20261005,5500136,550.013600,0.465443036,0
2121,load,iget,32,10000,16,4,131200,identity,20261005,5503690,550.369000,0.930284954,0
2122,load,iget,64,10000,16,4,131200,identity,20261005,5497590,549.759000,1.862634354,0
2123,load,iget,96,10000,16,4,131200,identity,20261005,5504207,550.420700,2.790592723,0
2124,load,iget,124,10000,16,4,131200,identity,20261005,5497894,549.789400,3.608654514,0
2125,load,iget,128,10000,16,4,131200,identity,20261005,5789498,578.949800,3.537439688,0
2126,load,iget,132,10000,16,4,131200,identity,20261005,5784945,578.494500,3.650855799,0
2127,load,iget,192,10000,16,4,131200,identity,20261005,5792746,579.274600,5.303184362,0
2128,load,iget,252,10000,16,4,131200,identity,20261005,5784856,578.485600,6.969922847,0
2129,load,iget,256,10000,16,4,131200,identity,20261005,6221556,622.155600,6.583562054,0
2130,load,iget,260,10000,16,4,131200,identity,20261005,6207799,620.779900,6.701247898,0
2131,load,iget,384,10000,16,4,131200,identity,20261005,7061492,706.149200,8.700710841,0
2132,load,iget,512,10000,16,4,131200,identity,20261005,7457352,745.735200,10.985132524,0
2133,load,iget,768,10000,16,4,131200,identity,20261005,9927995,992.799500,12.377121463,0
2134,load,iget,1024,1000,16,4,131200,identity,20261005,1291288,1291.288000,12.688106759,0
2135,load,iget,1536,1000,16,4,131200,identity,20261005,1628457,1628.457000,15.091586698,0
2136,load,iget,2048,1000,16,4,131200,identity,20261005,1926893,1926.893000,17.005614738,0
2137,load,iget,3072,1000,16,4,131200,identity,20261005,2666543,2666.543000,18.432854824,0
2138,load,iget,4096,1000,16,4,131200,identity,20261005,3512668,3512.668000,18.657043592,0
2139,load,iget,6144,1000,16,4,131200,identity,20261005,5574494,5574.494000,17.634605042,0
2140,load,iget,8192,1000,16,4,131200,identity,20261005,7647982,7647.982000,17.138115649,0
2141,load,iget,12288,1000,16,4,131200,identity,20261005,9859770,9859.770000,19.940424574,0
2142,load,iget,16384,1000,16,4,131200,identity,20261005,13197519,13197.519000,19.863127304,0
2143,load,iget,24576,1000,16,4,131200,identity,20261005,19406036,19406.036000,20.262561607,0
2144,load,iget,32768,1000,16,4,131200,identity,20261005,25261941,25261.941000,20.754066364,0
2145,load,iget,49152,1000,16,4,131200,identity,20261005,37034021,37034.021000,21.235393262,0
2146,load,iget,65536,1000,16,4,131200,identity,20261005,49470649,49470.649000,21.195921646,0
2147,load,iget,98304,1000,16,4,131200,identity,20261005,73692156,73692.156000,21.343709906,0
2148,load,iget,131072,1000,16,4,131200,identity,20261005,99245611,99245.611000,21.130929407,0
2149,load,iget,8,10000,32,0,131200,identity,20261005,6003282,600.328200,0.426433408,0
2150,load,iget,16,10000,32,0,131200,identity,20261005,5992420,599.242000,0.854412741,0
2151,load,iget,32,10000,32,0,131200,identity,20261005,5995757,599.575700,1.707874419,0
2152,load,iget,64,10000,32,0,131200,identity,20261005,6007587,600.758700,3.409022624,0
2153,load,iget,96,10000,32,0,131200,identity,20261005,6006833,600.683300,5.114175806,0
2154,load,iget,124,10000,32,0,131200,identity,20261005,5990645,599.064500,6.623660724,0
2155,load,iget,128,10000,32,0,131200,identity,20261005,5992764,599.276400,6.834909568,0
2156,load,iget,132,10000,32,0,131200,identity,20261005,8074961,807.496100,5.230985017,0
2157,load,iget,192,10000,32,0,131200,identity,20261005,8111707,811.170700,7.574238073,0
2158,load,iget,252,10000,32,0,131200,identity,20261005,8073842,807.384200,9.987810017,0
2159,load,iget,256,10000,32,0,131200,identity,20261005,8056287,805.628700,10.168456015,0
2160,load,iget,260,10000,32,0,131200,identity,20261005,10732444,1073.244400,7.752195120,0
2161,load,iget,384,10000,32,0,131200,identity,20261005,10753982,1075.398200,11.426465099,0
2162,load,iget,512,10000,32,0,131200,identity,20261005,12814219,1281.421900,12.785796778,0
2163,load,iget,768,10000,32,0,131200,identity,20261005,16623361,1662.336100,14.784013895,0
2164,load,iget,1024,1000,32,0,131200,identity,20261005,2076628,2076.628000,15.779427033,0
2165,load,iget,1536,1000,32,0,131200,identity,20261005,2737992,2737.992000,17.951842080,0
2166,load,iget,2048,1000,32,0,131200,identity,20261005,3386662,3386.662000,19.351207767,0
2167,load,iget,3072,1000,32,0,131200,identity,20261005,4879273,4879.273000,20.147263742,0
2168,load,iget,4096,1000,32,0,131200,identity,20261005,6333788,6333.788000,20.694093329,0
2169,load,iget,6144,1000,32,0,131200,identity,20261005,9644279,9644.279000,20.385971828,0
2170,load,iget,8192,1000,32,0,131200,identity,20261005,13109474,13109.474000,19.996530753,0
2171,load,iget,12288,1000,32,0,131200,identity,20261005,18831548,18831.548000,20.880705081,0
2172,load,iget,16384,1000,32,0,131200,identity,20261005,25031277,25031.277000,20.945315734,0
2173,load,iget,24576,1000,32,0,131200,identity,20261005,37244405,37244.405000,21.115440024,0
2174,load,iget,32768,1000,32,0,131200,identity,20261005,49014663,49014.663000,21.393108426,0
2175,load,iget,49152,1000,32,0,131200,identity,20261005,73307996,73307.996000,21.455558545,0
2176,load,iget,65536,1000,32,0,131200,identity,20261005,97676275,97676.275000,21.470433839,0
2177,load,iget,98304,1000,32,0,131200,identity,20261005,146561899,146561.899000,21.463477353,0
2178,load,iget,131072,1000,32,0,131200,identity,20261005,196243893,196243.893000,21.372914774,0
2179,load,iget,8,10000,32,4,131200,identity,20261005,5987072,598.707200,0.427587976,0
2180,load,iget,16,10000,32,4,131200,identity,20261005,5996383,599.638300,0.853848061,0
2181,load,iget,32,10000,32,4,131200,identity,20261005,6008887,600.888700,1.704142548,0
2182,load,iget,64,10000,32,4,131200,identity,20261005,5984923,598.492300,3.421932078,0
2183,load,iget,96,10000,32,4,131200,identity,20261005,5987833,598.783300,5.130403603,0
2184,load,iget,124,10000,32,4,131200,identity,20261005,5998437,599.843700,6.615056556,0
2185,load,iget,128,10000,32,4,131200,identity,20261005,8099532,809.953200,5.057082310,0
2186,load,iget,132,10000,32,4,131200,identity,20261005,8075547,807.554700,5.230605431,0
2187,load,iget,192,10000,32,4,131200,identity,20261005,8063337,806.333700,7.619674088,0
2188,load,iget,252,10000,32,4,131200,identity,20261005,8101446,810.144600,9.953778622,0
2189,load,iget,256,10000,32,4,131200,identity,20261005,10753623,1075.362300,7.617897708,0
2190,load,iget,260,10000,32,4,131200,identity,20261005,10721490,1072.149000,7.760115432,0
2191,load,iget,384,10000,32,4,131200,identity,20261005,12805774,1280.577400,9.595671453,0
2192,load,iget,512,10000,32,4,131200,identity,20261005,15481091,1548.109100,10.583233443,0
2193,load,iget,768,10000,32,4,131200,identity,20261005,17849735,1784.973500,13.768271630,0
2194,load,iget,1024,1000,32,4,131200,identity,20261005,2293782,2293.782000,14.285577269,0
2195,load,iget,1536,1000,32,4,131200,identity,20261005,2905567,2905.567000,16.916491686,0
2196,load,iget,2048,1000,32,4,131200,identity,20261005,3592239,3592.239000,18.243774983,0
2197,load,iget,3072,1000,32,4,131200,identity,20261005,5043078,5043.078000,19.492857338,0
2198,load,iget,4096,1000,32,4,131200,identity,20261005,6531101,6531.101000,20.068898031,0
2199,load,iget,6144,1000,32,4,131200,identity,20261005,9906121,9906.121000,19.847122804,0
2200,load,iget,8192,1000,32,4,131200,identity,20261005,13481395,13481.395000,19.444871988,0
2201,load,iget,12288,1000,32,4,131200,identity,20261005,19201975,19201.975000,20.477893550,0
2202,load,iget,16384,1000,32,4,131200,identity,20261005,25232068,25232.068000,20.778637724,0
2203,load,iget,24576,1000,32,4,131200,identity,20261005,37446719,37446.719000,21.001359291,0
2204,load,iget,32768,1000,32,4,131200,identity,20261005,49514875,49514.875000,21.176989743,0
2205,load,iget,49152,1000,32,4,131200,identity,20261005,73579624,73579.624000,21.376352779,0
2206,load,iget,65536,1000,32,4,131200,identity,20261005,97986197,97986.197000,21.402524684,0
2207,load,iget,98304,1000,32,4,131200,identity,20261005,146577402,146577.402000,21.461207233,0
2208,load,iget,131072,1000,32,4,131200,identity,20261005,196420415,196420.415000,21.353707047,0
2209,load,iget,8,10000,64,0,131200,identity,20261005,11409186,1140.918600,0.448761200,0
2210,load,iget,16,10000,64,0,131200,identity,20261005,11394151,1139.415100,0.898706714,0
2211,load,iget,32,10000,64,0,131200,identity,20261005,11405879,1140.587900,1.795565252,0
2212,load,iget,64,10000,64,0,131200,identity,20261005,11392534,1139.253400,3.595337087,0
2213,load,iget,96,10000,64,0,131200,identity,20261005,11402276,1140.227600,5.388397895,0
2214,load,iget,124,10000,64,0,131200,identity,20261005,11396012,1139.601200,6.963839631,0
2215,load,iget,128,10000,64,0,131200,identity,20261005,11402808,1140.280800,7.184195332,0
2216,load,iget,132,10000,64,0,131200,identity,20261005,15844234,1584.423400,5.331908125,0
2217,load,iget,192,10000,64,0,131200,identity,20261005,15848735,1584.873500,7.753300185,0
2218,load,iget,252,10000,64,0,131200,identity,20261005,15856857,1585.685700,10.170994164,0
2219,load,iget,256,10000,64,0,131200,identity,20261005,15835273,1583.527300,10.346521970,0
2220,load,iget,260,10000,64,0,131200,identity,20261005,20058255,2005.825500,8.295836303,0
2221,load,iget,384,10000,64,0,131200,identity,20261005,20034283,2003.428300,12.266972569,0
2222,load,iget,512,10000,64,0,131200,identity,20261005,24832511,2483.251100,13.195604746,0
2223,load,iget,768,10000,64,0,131200,identity,20261005,32465015,3246.501500,15.139989925,0
2224,load,iget,1024,1000,64,0,131200,identity,20261005,3846913,3846.913000,17.035997435,0
2225,load,iget,1536,1000,64,0,131200,identity,20261005,5216557,5216.557000,18.844613411,0
2226,load,iget,2048,1000,64,0,131200,identity,20261005,6589263,6589.263000,19.891754207,0
2227,load,iget,3072,1000,64,0,131200,identity,20261005,9693069,9693.069000,20.283359171,0
2228,load,iget,4096,1000,64,0,131200,identity,20261005,13192411,13192.411000,19.870818154,0
2229,load,iget,6144,1000,64,0,131200,identity,20261005,20951491,20951.491000,18.767924440,0
2230,load,iget,8192,1000,64,0,131200,identity,20261005,25835631,25835.631000,20.293214437,0
2231,load,iget,12288,1000,64,0,131200,identity,20261005,37987324,37987.324000,20.702484860,0
2232,load,iget,16384,1000,64,0,131200,identity,20261005,50439811,50439.811000,20.788658387,0
2233,load,iget,24576,1000,64,0,131200,identity,20261005,75316430,75316.430000,20.883411495,0
2234,load,iget,32768,1000,64,0,131200,identity,20261005,100135258,100135.258000,20.943192656,0
2235,load,iget,49152,1000,64,0,131200,identity,20261005,150187534,150187.534000,20.945333585,0
2236,load,iget,65536,1000,64,0,131200,identity,20261005,200140264,200140.264000,20.956822561,0
2237,load,iget,98304,1000,64,0,131200,identity,20261005,299828936,299828.936000,20.983485063,0
2238,load,iget,131072,1000,64,0,131200,identity,20261005,402070958,402070.958000,20.863501412,0
2239,load,iget,8,10000,64,4,131200,identity,20261005,11401917,1140.191700,0.449047296,0
2240,load,iget,16,10000,64,4,131200,identity,20261005,11415101,1141.510100,0.897057328,0
2241,load,iget,32,10000,64,4,131200,identity,20261005,11407354,1140.735400,1.795333081,0
2242,load,iget,64,10000,64,4,131200,identity,20261005,11420359,1142.035900,3.586577270,0
2243,load,iget,96,10000,64,4,131200,identity,20261005,11402669,1140.266900,5.388212181,0
2244,load,iget,124,10000,64,4,131200,identity,20261005,11420979,1142.097900,6.948616226,0
2245,load,iget,128,10000,64,4,131200,identity,20261005,15859085,1585.908500,5.165493470,0
2246,load,iget,132,10000,64,4,131200,identity,20261005,15869690,1586.969000,5.323355403,0
2247,load,iget,192,10000,64,4,131200,identity,20261005,15859879,1585.987900,7.747852301,0
2248,load,iget,252,10000,64,4,131200,identity,20261005,15858760,1585.876000,10.169773677,0
2249,load,iget,256,10000,64,4,131200,identity,20261005,20026016,2002.601600,8.181357690,0
2250,load,iget,260,10000,64,4,131200,identity,20261005,20067672,2006.767200,8.291943380,0
2251,load,iget,384,10000,64,4,131200,identity,20261005,24813832,2481.383200,9.904153458,0
2252,load,iget,512,10000,64,4,131200,identity,20261005,28536335,2853.633500,11.482904164,0
2253,load,iget,768,10000,64,4,131200,identity,20261005,33729054,3372.905400,14.572599635,0
2254,load,iget,1024,1000,64,4,131200,identity,20261005,4155771,4155.771000,15.769877599,0
2255,load,iget,1536,1000,64,4,131200,identity,20261005,5497114,5497.114000,17.882838158,0
2256,load,iget,2048,1000,64,4,131200,identity,20261005,6942819,6942.819000,18.878786844,0
2257,load,iget,3072,1000,64,4,131200,identity,20261005,10065610,10065.610000,19.532646308,0
2258,load,iget,4096,1000,64,4,131200,identity,20261005,13697647,13697.647000,19.137885507,0
2259,load,iget,6144,1000,64,4,131200,identity,20261005,21757840,21757.840000,18.072382185,0
2260,load,iget,8192,1000,64,4,131200,identity,20261005,26240666,26240.666000,19.979980691,0
2261,load,iget,12288,1000,64,4,131200,identity,20261005,38187201,38187.201000,20.594125241,0
2262,load,iget,16384,1000,64,4,131200,identity,20261005,50721417,50721.417000,20.673239472,0
2263,load,iget,24576,1000,64,4,131200,identity,20261005,75609765,75609.765000,20.802392389,0
2264,load,iget,32768,1000,64,4,131200,identity,20261005,100476121,100476.121000,20.872143342,0
2265,load,iget,49152,1000,64,4,131200,identity,20261005,150591655,150591.655000,20.889125629,0
2266,load,iget,65536,1000,64,4,131200,identity,20261005,200431937,200431.937000,20.926325728,0
2267,load,iget,98304,1000,64,4,131200,identity,20261005,300554138,300554.138000,20.932854366,0
2268,load,iget,131072,1000,64,4,131200,identity,20261005,403108130,403108.130000,20.809820928,0
2269,load,iput,8,10000,1,0,131200,identity,20261005,2340252,234.025200,0.034184353,0
2270,load,iput,16,10000,1,0,131200,identity,20261005,2340230,234.023000,0.068369348,0
2271,load,iput,32,10000,1,0,131200,identity,20261005,2340246,234.024600,0.136737762,0
2272,load,iput,64,10000,1,0,131200,identity,20261005,2340306,234.030600,0.273468512,0
2273,load,iput,96,10000,1,0,131200,identity,20261005,2350407,235.040700,0.408439900,0
2274,load,iput,124,10000,1,0,131200,identity,20261005,3673759,367.375900,0.337528945,0
2275,load,iput,128,10000,1,0,131200,identity,20261005,2400101,240.010100,0.533310890,0
2276,load,iput,132,10000,1,0,131200,identity,20261005,2460473,246.047300,0.536482213,0
2277,load,iput,192,10000,1,0,131200,identity,20261005,2460298,246.029800,0.780393269,0
2278,load,iput,252,10000,1,0,131200,identity,20261005,3705148,370.514800,0.680134775,0
2279,load,iput,256,10000,1,0,131200,identity,20261005,2460441,246.044100,1.040463884,0
2280,load,iput,260,10000,1,0,131200,identity,20261005,2477777,247.777700,1.049327684,0
2281,load,iput,384,10000,1,0,131200,identity,20261005,2525429,252.542900,1.520533739,0
2282,load,iput,512,10000,1,0,131200,identity,20261005,2588751,258.875100,1.977787744,0
2283,load,iput,768,10000,1,0,131200,identity,20261005,2709948,270.994800,2.834002719,0
2284,load,iput,1024,1000,1,0,131200,identity,20261005,293070,293.070000,3.494045791,0
2285,load,iput,1536,1000,1,0,131200,identity,20261005,320843,320.843000,4.787388224,0
2286,load,iput,2048,1000,1,0,131200,identity,20261005,349135,349.135000,5.865925788,0
2287,load,iput,3072,1000,1,0,131200,identity,20261005,404588,404.588000,7.592909330,0
2288,load,iput,4096,1000,1,0,131200,identity,20261005,459617,459.617000,8.911767841,0
2289,load,iput,6144,1000,1,0,131200,identity,20261005,568702,568.702000,10.803549135,0
2290,load,iput,8192,1000,1,0,131200,identity,20261005,677413,677.413000,12.093065825,0
2291,load,iput,12288,1000,1,0,131200,identity,20261005,896363,896.363000,13.708731842,0
2292,load,iput,16384,1000,1,0,131200,identity,20261005,1115744,1115.744000,14.684372042,0
2293,load,iput,24576,1000,1,0,131200,identity,20261005,1551734,1551.734000,15.837766009,0
2294,load,iput,32768,1000,1,0,131200,identity,20261005,1989038,1989.038000,16.474295614,0
2295,load,iput,49152,1000,1,0,131200,identity,20261005,2863503,2863.503000,17.164989874,0
2296,load,iput,65536,1000,1,0,131200,identity,20261005,3734834,3734.834000,17.547232354,0
2297,load,iput,98304,1000,1,0,131200,identity,20261005,5480284,5480.284000,17.937756510,0
2298,load,iput,131072,1000,1,0,131200,identity,20261005,7226759,7226.759000,18.137037640,0
2299,load,iput,8,10000,1,4,131200,identity,20261005,2282776,228.277600,0.035045050,0
2300,load,iput,16,10000,1,4,131200,identity,20261005,2282575,228.257500,0.070096273,0
2301,load,iput,32,10000,1,4,131200,identity,20261005,2282790,228.279000,0.140179342,0
2302,load,iput,64,10000,1,4,131200,identity,20261005,3684069,368.406900,0.173720959,0
2303,load,iput,96,10000,1,4,131200,identity,20261005,3672910,367.291000,0.261373135,0
2304,load,iput,124,10000,1,4,131200,identity,20261005,3677904,367.790400,0.337148550,0
2305,load,iput,128,10000,1,4,131200,identity,20261005,3885798,388.579800,0.329404668,0
2306,load,iput,132,10000,1,4,131200,identity,20261005,3898599,389.859900,0.338583168,0
2307,load,iput,192,10000,1,4,131200,identity,20261005,4533799,453.379900,0.423485911,0
2308,load,iput,252,10000,1,4,131200,identity,20261005,3704291,370.429100,0.680292126,0
2309,load,iput,256,10000,1,4,131200,identity,20261005,3723210,372.321000,0.687578729,0
2310,load,iput,260,10000,1,4,131200,identity,20261005,3721861,372.186100,0.698575256,0
2311,load,iput,384,10000,1,4,131200,identity,20261005,3742895,374.289500,1.025943822,0
2312,load,iput,512,10000,1,4,131200,identity,20261005,4068480,406.848000,1.258455246,0
2313,load,iput,768,10000,1,4,131200,identity,20261005,4347593,434.759300,1.766494702,0
2314,load,iput,1024,1000,1,4,131200,identity,20261005,457545,457.545000,2.238031232,0
2315,load,iput,1536,1000,1,4,131200,identity,20261005,475933,475.933000,3.227345025,0
2316,load,iput,2048,1000,1,4,131200,identity,20261005,503630,503.630000,4.066477374,0
2317,load,iput,3072,1000,1,4,131200,identity,20261005,583160,583.160000,5.267851019,0
2318,load,iput,4096,1000,1,4,131200,identity,20261005,654031,654.031000,6.262700086,0
2319,load,iput,6144,1000,1,4,131200,identity,20261005,709799,709.799000,8.655971620,0
2320,load,iput,8192,1000,1,4,131200,identity,20261005,792997,792.997000,10.330430002,0
2321,load,iput,12288,1000,1,4,131200,identity,20261005,1062827,1062.827000,11.561618213,0
2322,load,iput,16384,1000,1,4,131200,identity,20261005,1472543,1472.543000,11.126330437,0
2323,load,iput,24576,1000,1,4,131200,identity,20261005,1839204,1839.204000,13.362302387,0
2324,load,iput,32768,1000,1,4,131200,identity,20261005,2127958,2127.958000,15.398800164,0
2325,load,iput,49152,1000,1,4,131200,identity,20261005,2869170,2869.170000,17.131086691,0
2326,load,iput,65536,1000,1,4,131200,identity,20261005,3740556,3740.556000,17.520390017,0
2327,load,iput,98304,1000,1,4,131200,identity,20261005,5485794,5485.794000,17.919739604,0
2328,load,iput,131072,1000,1,4,131200,identity,20261005,7233861,7233.861000,18.119231210,0
2329,load,iput,8,10000,2,0,131200,identity,20261005,2341309,234.130900,0.068337840,0
2330,load,iput,16,10000,2,0,131200,identity,20261005,2341596,234.159600,0.136658928,0
2331,load,iput,32,10000,2,0,131200,identity,20261005,2341882,234.188200,0.273284478,0
2332,load,iput,64,10000,2,0,131200,identity,20261005,2341698,234.169800,0.546611903,0
2333,load,iput,96,10000,2,0,131200,identity,20261005,2350902,235.090200,0.816707800,0
2334,load,iput,124,10000,2,0,131200,identity,20261005,3666952,366.695200,0.676311007,0
2335,load,iput,128,10000,2,0,131200,identity,20261005,2401014,240.101400,1.066216190,0
2336,load,iput,132,10000,2,0,131200,identity,20261005,2468162,246.816200,1.069621848,0
2337,load,iput,192,10000,2,0,131200,identity,20261005,2469174,246.917400,1.555175941,0
2338,load,iput,252,10000,2,0,131200,identity,20261005,3825349,382.534900,1.317526845,0
2339,load,iput,256,10000,2,0,131200,identity,20261005,2468699,246.869900,2.073966895,0
2340,load,iput,260,10000,2,0,131200,identity,20261005,2529885,252.988500,2.055429397,0
2341,load,iput,384,10000,2,0,131200,identity,20261005,2529537,252.953700,3.036128746,0
2342,load,iput,512,10000,2,0,131200,identity,20261005,2589159,258.915900,3.954952168,0
2343,load,iput,768,10000,2,0,131200,identity,20261005,2711138,271.113800,5.665517580,0
2344,load,iput,1024,1000,2,0,131200,identity,20261005,295110,295.110000,6.939785165,0
2345,load,iput,1536,1000,2,0,131200,identity,20261005,322879,322.879000,9.514400131,0
2346,load,iput,2048,1000,2,0,131200,identity,20261005,349925,349.925000,11.705365435,0
2347,load,iput,3072,1000,2,0,131200,identity,20261005,408187,408.187000,15.051924731,0
2348,load,iput,4096,1000,2,0,131200,identity,20261005,464477,464.477000,17.637041231,0
2349,load,iput,6144,1000,2,0,131200,identity,20261005,669388,669.388000,18.357066455,0
2350,load,iput,8192,1000,2,0,131200,identity,20261005,886716,886.716000,18.477167436,0
2351,load,iput,12288,1000,2,0,131200,identity,20261005,1324817,1324.817000,18.550486596,0
2352,load,iput,16384,1000,2,0,131200,identity,20261005,1762326,1762.326000,18.593608674,0
2353,load,iput,24576,1000,2,0,131200,identity,20261005,2631446,2631.446000,18.678703648,0
2354,load,iput,32768,1000,2,0,131200,identity,20261005,3505702,3505.702000,18.694116043,0
2355,load,iput,49152,1000,2,0,131200,identity,20261005,5251556,5251.556000,18.719023467,0
2356,load,iput,65536,1000,2,0,131200,identity,20261005,6997111,6997.111000,18.732302517,0
2357,load,iput,98304,1000,2,0,131200,identity,20261005,10488452,10488.452000,18.745187564,0
2358,load,iput,131072,1000,2,0,131200,identity,20261005,13981520,13981.520000,18.749320532,0
2359,load,iput,8,10000,2,4,131200,identity,20261005,2286504,228.650400,0.069975823,0
2360,load,iput,16,10000,2,4,131200,identity,20261005,2285870,228.587000,0.139990463,0
2361,load,iput,32,10000,2,4,131200,identity,20261005,2286065,228.606500,0.279957044,0
2362,load,iput,64,10000,2,4,131200,identity,20261005,3668338,366.833800,0.348931860,0
2363,load,iput,96,10000,2,4,131200,identity,20261005,3683532,368.353200,0.521238854,0
2364,load,iput,124,10000,2,4,131200,identity,20261005,3693380,369.338000,0.671471660,0
2365,load,iput,128,10000,2,4,131200,identity,20261005,4195617,419.561700,0.610160556,0
2366,load,iput,132,10000,2,4,131200,identity,20261005,4383144,438.314400,0.602307385,0
2367,load,iput,192,10000,2,4,131200,identity,20261005,5291142,529.114200,0.725741248,0
2368,load,iput,252,10000,2,4,131200,identity,20261005,3851934,385.193400,1.308433634,0
2369,load,iput,256,10000,2,4,131200,identity,20261005,3797076,379.707600,1.348405984,0
2370,load,iput,260,10000,2,4,131200,identity,20261005,3805002,380.500200,1.366622146,0
2371,load,iput,384,10000,2,4,131200,identity,20261005,4119253,411.925300,1.864415708,0
2372,load,iput,512,10000,2,4,131200,identity,20261005,4316683,431.668300,2.372191796,0
2373,load,iput,768,10000,2,4,131200,identity,20261005,4747220,474.722000,3.235577875,0
2374,load,iput,1024,1000,2,4,131200,identity,20261005,503685,503.685000,4.066033334,0
2375,load,iput,1536,1000,2,4,131200,identity,20261005,555806,555.806000,5.527108380,0
2376,load,iput,2048,1000,2,4,131200,identity,20261005,604255,604.255000,6.778595130,0
2377,load,iput,3072,1000,2,4,131200,identity,20261005,755824,755.824000,8.128876564,0
2378,load,iput,4096,1000,2,4,131200,identity,20261005,924672,924.672000,8.859357697,0
2379,load,iput,6144,1000,2,4,131200,identity,20261005,1249881,1249.881000,9.831335943,0
2380,load,iput,8192,1000,2,4,131200,identity,20261005,1387749,1387.749000,11.806169559,0
2381,load,iput,12288,1000,2,4,131200,identity,20261005,1998648,1998.648000,12.296312307,0
2382,load,iput,16384,1000,2,4,131200,identity,20261005,2131341,2131.341000,15.374358209,0
2383,load,iput,24576,1000,2,4,131200,identity,20261005,2786099,2786.099000,17.641871305,0
2384,load,iput,32768,1000,2,4,131200,identity,20261005,3548665,3548.665000,18.467790000,0
2385,load,iput,49152,1000,2,4,131200,identity,20261005,5267132,5267.132000,18.663667438,0
2386,load,iput,65536,1000,2,4,131200,identity,20261005,7008281,7008.281000,18.702446434,0
2387,load,iput,98304,1000,2,4,131200,identity,20261005,10498731,10498.731000,18.726834700,0
2388,load,iput,131072,1000,2,4,131200,identity,20261005,13992173,13992.173000,18.735045657,0
2389,load,iput,8,10000,4,0,131200,identity,20261005,3741990,374.199000,0.085515995,0
2390,load,iput,16,10000,4,0,131200,identity,20261005,3736800,373.680000,0.171269535,0
2391,load,iput,32,10000,4,0,131200,identity,20261005,3747148,374.714800,0.341593126,0
2392,load,iput,64,10000,4,0,131200,identity,20261005,3738022,373.802200,0.684854182,0
2393,load,iput,96,10000,4,0,131200,identity,20261005,3750898,375.089800,1.023754845,0
2394,load,iput,124,10000,4,0,131200,identity,20261005,7863543,786.354300,0.630758934,0
2395,load,iput,128,10000,4,0,131200,identity,20261005,2409329,240.932900,2.125072998,0
2396,load,iput,132,10000,4,0,131200,identity,20261005,3431422,343.142200,1.538720682,0
2397,load,iput,192,10000,4,0,131200,identity,20261005,3373069,337.306900,2.276858256,0
2398,load,iput,252,10000,4,0,131200,identity,20261005,7790604,779.060400,1.293866304,0
2399,load,iput,256,10000,4,0,131200,identity,20261005,2470110,247.011000,4.145564368,0
2400,load,iput,260,10000,4,0,131200,identity,20261005,2615072,261.507200,3.976945950,0
2401,load,iput,384,10000,4,0,131200,identity,20261005,2532186,253.218600,6.065905111,0
2402,load,iput,512,10000,4,0,131200,identity,20261005,2616220,261.622000,7.828087852,0
2403,load,iput,768,10000,4,0,131200,identity,20261005,2760533,276.053300,11.128285733,0
2404,load,iput,1024,1000,4,0,131200,identity,20261005,308716,308.716000,13.267857837,0
2405,load,iput,1536,1000,4,0,131200,identity,20261005,363762,363.762000,16.890164448,0
2406,load,iput,2048,1000,4,0,131200,identity,20261005,409975,409.975000,19.981706202,0
2407,load,iput,3072,1000,4,0,131200,identity,20261005,617691,617.691000,19.893441867,0
2408,load,iput,4096,1000,4,0,131200,identity,20261005,805664,805.664000,20.336020972,0
2409,load,iput,6144,1000,4,0,131200,identity,20261005,1211431,1211.431000,20.286751784,0
2410,load,iput,8192,1000,4,0,131200,identity,20261005,1625221,1625.221000,20.162181020,0
2411,load,iput,12288,1000,4,0,131200,identity,20261005,2449423,2449.423000,20.066766745,0
2412,load,iput,16384,1000,4,0,131200,identity,20261005,3238226,3238.226000,20.238241556,0
2413,load,iput,24576,1000,4,0,131200,identity,20261005,4773524,4773.524000,20.593590815,0
2414,load,iput,32768,1000,4,0,131200,identity,20261005,6293043,6293.043000,20.828079516,0
2415,load,iput,49152,1000,4,0,131200,identity,20261005,9368310,9368.310000,20.986495964,0
2416,load,iput,65536,1000,4,0,131200,identity,20261005,12385848,12385.848000,21.164800343,0
2417,load,iput,98304,1000,4,0,131200,identity,20261005,18436666,18436.666000,21.327934237,0
2418,load,iput,131072,1000,4,0,131200,identity,20261005,24586366,24586.366000,21.324338863,0
2419,load,iput,8,10000,4,4,131200,identity,20261005,3739848,373.984800,0.085564975,0
2420,load,iput,16,10000,4,4,131200,identity,20261005,3739146,373.914600,0.171162078,0
2421,load,iput,32,10000,4,4,131200,identity,20261005,3742922,374.292200,0.341978807,0
2422,load,iput,64,10000,4,4,131200,identity,20261005,8044250,804.425000,0.318239736,0
2423,load,iput,96,10000,4,4,131200,identity,20261005,7911827,791.182700,0.485349338,0
2424,load,iput,124,10000,4,4,131200,identity,20261005,7876733,787.673300,0.629702695,0
2425,load,iput,128,10000,4,4,131200,identity,20261005,10071977,1007.197700,0.508341113,0
2426,load,iput,132,10000,4,4,131200,identity,20261005,10103927,1010.392700,0.522569096,0
2427,load,iput,192,10000,4,4,131200,identity,20261005,13076032,1307.603200,0.587334139,0
2428,load,iput,252,10000,4,4,131200,identity,20261005,9042075,904.207500,1.114788364,0
2429,load,iput,256,10000,4,4,131200,identity,20261005,8554769,855.476900,1.196993163,0
2430,load,iput,260,10000,4,4,131200,identity,20261005,8634834,863.483400,1.204423849,0
2431,load,iput,384,10000,4,4,131200,identity,20261005,8351837,835.183700,1.839116352,0
2432,load,iput,512,10000,4,4,131200,identity,20261005,8751914,875.191400,2.340059557,0
2433,load,iput,768,10000,4,4,131200,identity,20261005,8995901,899.590100,3.414888625,0
2434,load,iput,1024,1000,4,4,131200,identity,20261005,960948,960.948000,4.262457490,0
2435,load,iput,1536,1000,4,4,131200,identity,20261005,1068852,1068.852000,5.748223327,0
2436,load,iput,2048,1000,4,4,131200,identity,20261005,1314531,1314.531000,6.231880420,0
2437,load,iput,3072,1000,4,4,131200,identity,20261005,1784501,1784.501000,6.885958596,0
2438,load,iput,4096,1000,4,4,131200,identity,20261005,2352986,2352.986000,6.963067354,0
2439,load,iput,6144,1000,4,4,131200,identity,20261005,2501191,2501.191000,9.825719027,0
2440,load,iput,8192,1000,4,4,131200,identity,20261005,3044968,3044.968000,10.761361039,0
2441,load,iput,12288,1000,4,4,131200,identity,20261005,3468448,3468.448000,14.171179732,0
2442,load,iput,16384,1000,4,4,131200,identity,20261005,3928178,3928.178000,16.683561692,0
2443,load,iput,24576,1000,4,4,131200,identity,20261005,5410020,5410.020000,18.170727650,0
2444,load,iput,32768,1000,4,4,131200,identity,20261005,6914045,6914.045000,18.957354197,0
2445,load,iput,49152,1000,4,4,131200,identity,20261005,9931826,9931.826000,19.795755584,0
2446,load,iput,65536,1000,4,4,131200,identity,20261005,12978234,12978.234000,20.198741986,0
2447,load,iput,98304,1000,4,4,131200,identity,20261005,19018453,19018.453000,20.675498685,0
2448,load,iput,131072,1000,4,4,131200,identity,20261005,25182463,25182.463000,20.819567967,0
2449,load,iput,8,10000,8,0,131200,identity,20261005,3982616,398.261600,0.160698395,0
2450,load,iput,16,10000,8,0,131200,identity,20261005,3984663,398.466300,0.321231683,0
2451,load,iput,32,10000,8,0,131200,identity,20261005,3985478,398.547800,0.642331986,0
2452,load,iput,64,10000,8,0,131200,identity,20261005,3981147,398.114700,1.286061530,0
2453,load,iput,96,10000,8,0,131200,identity,20261005,3991009,399.100900,1.924325402,0
2454,load,iput,124,10000,8,0,131200,identity,20261005,8031081,803.108100,1.235201089,0
2455,load,iput,128,10000,8,0,131200,identity,20261005,2408953,240.895300,4.250809377,0
2456,load,iput,132,10000,8,0,131200,identity,20261005,4925887,492.588700,2.143776339,0
2457,load,iput,192,10000,8,0,131200,identity,20261005,4905985,490.598500,3.130869744,0
2458,load,iput,252,10000,8,0,131200,identity,20261005,8656131,865.613100,2.328985086,0
2459,load,iput,256,10000,8,0,131200,identity,20261005,2479745,247.974500,8.258913719,0
2460,load,iput,260,10000,8,0,131200,identity,20261005,5493269,549.326900,3.786452111,0
2461,load,iput,384,10000,8,0,131200,identity,20261005,2572175,257.217500,11.943199821,0
2462,load,iput,512,10000,8,0,131200,identity,20261005,2661191,266.119100,15.391604736,0
2463,load,iput,768,10000,8,0,131200,identity,20261005,3774063,377.406300,16.279537464,0
2464,load,iput,1024,1000,8,0,131200,identity,20261005,472325,472.325000,17.343989838,0
2465,load,iput,1536,1000,8,0,131200,identity,20261005,637844,637.844000,19.264898627,0
2466,load,iput,2048,1000,8,0,131200,identity,20261005,843020,843.020000,19.434888852,0
2467,load,iput,3072,1000,8,0,131200,identity,20261005,1261208,1261.208000,19.486080012,0
2468,load,iput,4096,1000,8,0,131200,identity,20261005,1674414,1674.414000,19.569831595,0
2469,load,iput,6144,1000,8,0,131200,identity,20261005,2551439,2551.439000,19.264422939,0
2470,load,iput,8192,1000,8,0,131200,identity,20261005,3389065,3389.065000,19.337486888,0
2471,load,iput,12288,1000,8,0,131200,identity,20261005,5004126,5004.126000,19.644589285,0
2472,load,iput,16384,1000,8,0,131200,identity,20261005,6637156,6637.156000,19.748217459,0
2473,load,iput,24576,1000,8,0,131200,identity,20261005,9784652,9784.652000,20.093509713,0
2474,load,iput,32768,1000,8,0,131200,identity,20261005,12950428,12950.428000,20.242110917,0
2475,load,iput,49152,1000,8,0,131200,identity,20261005,19302581,19302.581000,20.371161763,0
2476,load,iput,65536,1000,8,0,131200,identity,20261005,25639076,25639.076000,20.448786844,0
2477,load,iput,98304,1000,8,0,131200,identity,20261005,38284457,38284.457000,20.541808912,0
2478,load,iput,131072,1000,8,0,131200,identity,20261005,50994282,50994.282000,20.562619158,0
2479,load,iput,8,10000,8,4,131200,identity,20261005,3984321,398.432100,0.160629628,0
2480,load,iput,16,10000,8,4,131200,identity,20261005,3974620,397.462000,0.322043365,0
2481,load,iput,32,10000,8,4,131200,identity,20261005,3984875,398.487500,0.642429185,0
2482,load,iput,64,10000,8,4,131200,identity,20261005,8013684,801.368400,0.638907149,0
2483,load,iput,96,10000,8,4,131200,identity,20261005,8022281,802.228100,0.957333706,0
2484,load,iput,124,10000,8,4,131200,identity,20261005,7998380,799.838000,1.240251151,0
2485,load,iput,128,10000,8,4,131200,identity,20261005,10480267,1048.026700,0.977074344,0
2486,load,iput,132,10000,8,4,131200,identity,20261005,10479852,1047.985200,1.007647818,0
2487,load,iput,192,10000,8,4,131200,identity,20261005,14023153,1402.315300,1.095331414,0
2488,load,iput,252,10000,8,4,131200,identity,20261005,9115303,911.530300,2.211665372,0
2489,load,iput,256,10000,8,4,131200,identity,20261005,11892442,1189.244200,1.722102155,0
2490,load,iput,260,10000,8,4,131200,identity,20261005,11937975,1193.797500,1.742339048,0
2491,load,iput,384,10000,8,4,131200,identity,20261005,11818208,1181.820800,2.599378857,0
2492,load,iput,512,10000,8,4,131200,identity,20261005,11363951,1136.395100,3.604380202,0
2493,load,iput,768,10000,8,4,131200,identity,20261005,12340119,1234.011900,4.978882294,0
2494,load,iput,1024,1000,8,4,131200,identity,20261005,1438688,1438.688000,5.694076826,0
2495,load,iput,1536,1000,8,4,131200,identity,20261005,1714782,1714.782000,7.165925465,0
2496,load,iput,2048,1000,8,4,131200,identity,20261005,2083764,2083.764000,7.862694624,0
2497,load,iput,3072,1000,8,4,131200,identity,20261005,2786489,2786.489000,8.819701065,0
2498,load,iput,4096,1000,8,4,131200,identity,20261005,3740437,3740.437000,8.760473709,0
2499,load,iput,6144,1000,8,4,131200,identity,20261005,3607442,3607.442000,13.625167085,0
2500,load,iput,8192,1000,8,4,131200,identity,20261005,4629017,4629.017000,14.157649453,0
2501,load,iput,12288,1000,8,4,131200,identity,20261005,6151545,6151.545000,15.980375662,0
2502,load,iput,16384,1000,8,4,131200,identity,20261005,7662572,7662.572000,17.105483642,0
2503,load,iput,24576,1000,8,4,131200,identity,20261005,10942996,10942.996000,17.966560529,0
2504,load,iput,32768,1000,8,4,131200,identity,20261005,14197077,14197.077000,18.464645927,0
2505,load,iput,49152,1000,8,4,131200,identity,20261005,20607578,20607.578000,19.081136075,0
2506,load,iput,65536,1000,8,4,131200,identity,20261005,26920469,26920.469000,19.475440788,0
2507,load,iput,98304,1000,8,4,131200,identity,20261005,39662624,39662.624000,19.828037600,0
2508,load,iput,131072,1000,8,4,131200,identity,20261005,52428055,52428.055000,20.000284199,0
2509,load,iput,8,10000,16,0,131200,identity,20261005,7736754,773.675400,0.165444061,0
2510,load,iput,16,10000,16,0,131200,identity,20261005,7737509,773.750900,0.330855835,0
2511,load,iput,32,10000,16,0,131200,identity,20261005,7727107,772.710700,0.662602446,0
2512,load,iput,64,10000,16,0,131200,identity,20261005,7643877,764.387700,1.339634324,0
2513,load,iput,96,10000,16,0,131200,identity,20261005,7711149,771.114900,1.991921048,0
2514,load,iput,124,10000,16,0,131200,identity,20261005,14543380,1454.338000,1.364194568,0
2515,load,iput,128,10000,16,0,131200,identity,20261005,2410037,241.003700,8.497794847,0
2516,load,iput,132,10000,16,0,131200,identity,20261005,7557830,755.783000,2.794452905,0
2517,load,iput,192,10000,16,0,131200,identity,20261005,7484837,748.483700,4.104297796,0
2518,load,iput,252,10000,16,0,131200,identity,20261005,13956416,1395.641600,2.888993851,0
2519,load,iput,256,10000,16,0,131200,identity,20261005,2494326,249.432600,16.421269714,0
2520,load,iput,260,10000,16,0,131200,identity,20261005,9281195,928.119500,4.482181443,0
2521,load,iput,384,10000,16,0,131200,identity,20261005,3105368,310.536800,19.785094713,0
2522,load,iput,512,10000,16,0,131200,identity,20261005,4221221,422.122100,19.406707206,0
2523,load,iput,768,10000,16,0,131200,identity,20261005,6187486,618.748600,19.859438874,0
2524,load,iput,1024,1000,16,0,131200,identity,20261005,837993,837.993000,19.551475967,0
2525,load,iput,1536,1000,16,0,131200,identity,20261005,1296217,1296.217000,18.959788369,0
2526,load,iput,2048,1000,16,0,131200,identity,20261005,1801364,1801.364000,18.190659967,0
2527,load,iput,3072,1000,16,0,131200,identity,20261005,2877649,2877.649000,17.080609901,0
2528,load,iput,4096,1000,16,0,131200,identity,20261005,3761596,3761.596000,17.422391985,0
2529,load,iput,6144,1000,16,0,131200,identity,20261005,5188260,5188.260000,18.947392768,0
2530,load,iput,8192,1000,16,0,131200,identity,20261005,6823296,6823.296000,19.209484683,0
2531,load,iput,12288,1000,16,0,131200,identity,20261005,9914839,9914.839000,19.829671465,0
2532,load,iput,16384,1000,16,0,131200,identity,20261005,13027642,13027.642000,20.122137222,0
2533,load,iput,24576,1000,16,0,131200,identity,20261005,19310743,19310.743000,20.362551560,0
2534,load,iput,32768,1000,16,0,131200,identity,20261005,25649678,25649.678000,20.440334573,0
2535,load,iput,49152,1000,16,0,131200,identity,20261005,38423732,38423.732000,20.467350751,0
2536,load,iput,65536,1000,16,0,131200,identity,20261005,51023194,51023.194000,20.550967468,0
2537,load,iput,98304,1000,16,0,131200,identity,20261005,76233974,76233.974000,20.632060976,0
2538,load,iput,131072,1000,16,0,131200,identity,20261005,102677742,102677.742000,20.424601858,0
2539,load,iput,8,10000,16,4,131200,identity,20261005,7707861,770.786100,0.166064230,0
2540,load,iput,16,10000,16,4,131200,identity,20261005,7666930,766.693000,0.333901575,0
2541,load,iput,32,10000,16,4,131200,identity,20261005,7762979,776.297900,0.659540622,0
2542,load,iput,64,10000,16,4,131200,identity,20261005,14506493,1450.649300,0.705890804,0
2543,load,iput,96,10000,16,4,131200,identity,20261005,14684298,1468.429800,1.046015274,0
2544,load,iput,124,10000,16,4,131200,identity,20261005,14777495,1477.749500,1.342582082,0
2545,load,iput,128,10000,16,4,131200,identity,20261005,16173115,1617.311500,1.266299040,0
2546,load,iput,132,10000,16,4,131200,identity,20261005,16169054,1616.905400,1.306198866,0
2547,load,iput,192,10000,16,4,131200,identity,20261005,19460891,1946.089100,1.578550540,0
2548,load,iput,252,10000,16,4,131200,identity,20261005,14485542,1448.554200,2.783465058,0
2549,load,iput,256,10000,16,4,131200,identity,20261005,18535307,1853.530700,2.209836611,0
2550,load,iput,260,10000,16,4,131200,identity,20261005,18644706,1864.470600,2.231196351,0
2551,load,iput,384,10000,16,4,131200,identity,20261005,19075929,1907.592900,3.220812994,0
2552,load,iput,512,10000,16,4,131200,identity,20261005,20564460,2056.446000,3.983571657,0
2553,load,iput,768,10000,16,4,131200,identity,20261005,22467716,2246.771600,5.469180757,0
2554,load,iput,1024,1000,16,4,131200,identity,20261005,3061200,3061.200000,5.352149484,0
2555,load,iput,1536,1000,16,4,131200,identity,20261005,3507886,3507.886000,7.005928927,0
2556,load,iput,2048,1000,16,4,131200,identity,20261005,4139989,4139.989000,7.914996876,0
2557,load,iput,3072,1000,16,4,131200,identity,20261005,4935179,4935.179000,9.959517173,0
2558,load,iput,4096,1000,16,4,131200,identity,20261005,6229037,6229.037000,10.521048438,0
2559,load,iput,6144,1000,16,4,131200,identity,20261005,7212854,7212.854000,13.629001779,0
2560,load,iput,8192,1000,16,4,131200,identity,20261005,9448622,9448.622000,13.872075738,0
2561,load,iput,12288,1000,16,4,131200,identity,20261005,12453696,12453.696000,15.787120546,0
2562,load,iput,16384,1000,16,4,131200,identity,20261005,15750062,15750.062000,16.643997973,0
2563,load,iput,24576,1000,16,4,131200,identity,20261005,22201188,22201.188000,17.711484629,0
2564,load,iput,32768,1000,16,4,131200,identity,20261005,28446828,28446.828000,18.430455585,0
2565,load,iput,49152,1000,16,4,131200,identity,20261005,40778188,40778.188000,19.285604353,0
2566,load,iput,65536,1000,16,4,131200,identity,20261005,53364138,53364.138000,19.649450723,0
2567,load,iput,98304,1000,16,4,131200,identity,20261005,78692495,78692.495000,19.987471486,0
2568,load,iput,131072,1000,16,4,131200,identity,20261005,106463863,106463.863000,19.698251979,0
2569,load,iput,8,10000,32,0,131200,identity,20261005,9281272,928.127200,0.275824262,0
2570,load,iput,16,10000,32,0,131200,identity,20261005,9333478,933.347800,0.548562926,0
2571,load,iput,32,10000,32,0,131200,identity,20261005,9269850,926.985000,1.104656494,0
2572,load,iput,64,10000,32,0,131200,identity,20261005,9303985,930.398500,2.201207332,0
2573,load,iput,96,10000,32,0,131200,identity,20261005,9322861,932.286100,3.295125820,0
2574,load,iput,124,10000,32,0,131200,identity,20261005,17706395,1770.639500,2.240998238,0
2575,load,iput,128,10000,32,0,131200,identity,20261005,2534022,253.402200,16.164026990,0
2576,load,iput,132,10000,32,0,131200,identity,20261005,11306127,1130.612700,3.736027377,0
2577,load,iput,192,10000,32,0,131200,identity,20261005,11386000,1138.600000,5.396100474,0
2578,load,iput,252,10000,32,0,131200,identity,20261005,19040326,1904.032600,4.235221603,0
2579,load,iput,256,10000,32,0,131200,identity,20261005,4344499,434.449900,18.856029199,0
2580,load,iput,260,10000,32,0,131200,identity,20261005,16533083,1653.308300,5.032334260,0
2581,load,iput,384,10000,32,0,131200,identity,20261005,6470489,647.048900,18.990836705,0
2582,load,iput,512,10000,32,0,131200,identity,20261005,8718175,871.817500,18.792923978,0
2583,load,iput,768,10000,32,0,131200,identity,20261005,12908233,1290.823300,19.039011769,0
2584,load,iput,1024,1000,32,0,131200,identity,20261005,1772909,1772.909000,18.482618115,0
2585,load,iput,1536,1000,32,0,131200,identity,20261005,2811872,2811.872000,17.480169794,0
2586,load,iput,2048,1000,32,0,131200,identity,20261005,3892369,3892.369000,16.837047053,0
2587,load,iput,3072,1000,32,0,131200,identity,20261005,5956904,5956.904000,16.502532188,0
2588,load,iput,4096,1000,32,0,131200,identity,20261005,7739702,7739.702000,16.935018945,0
2589,load,iput,6144,1000,32,0,131200,identity,20261005,11102811,11102.811000,17.707948014,0
2590,load,iput,8192,1000,32,0,131200,identity,20261005,14854588,14854.588000,17.647342356,0
2591,load,iput,12288,1000,32,0,131200,identity,20261005,21690842,21690.842000,18.128203599,0
2592,load,iput,16384,1000,32,0,131200,identity,20261005,28550333,28550.333000,18.363638701,0
2593,load,iput,24576,1000,32,0,131200,identity,20261005,42366626,42366.626000,18.562535520,0
2594,load,iput,32768,1000,32,0,131200,identity,20261005,56148047,56148.047000,18.675199869,0
2595,load,iput,49152,1000,32,0,131200,identity,20261005,83922226,83922.226000,18.741924219,0
2596,load,iput,65536,1000,32,0,131200,identity,20261005,111715113,111715.113000,18.772321342,0
2597,load,iput,98304,1000,32,0,131200,identity,20261005,167064039,167064.039000,18.829474128,0
2598,load,iput,131072,1000,32,0,131200,identity,20261005,227467490,227467.490000,18.439136072,0
2599,load,iput,8,10000,32,4,131200,identity,20261005,9329561,932.956100,0.274396620,0
2600,load,iput,16,10000,32,4,131200,identity,20261005,9360272,936.027200,0.546992651,0
2601,load,iput,32,10000,32,4,131200,identity,20261005,9287223,928.722300,1.102590085,0
2602,load,iput,64,10000,32,4,131200,identity,20261005,17690572,1769.057200,1.157678791,0
2603,load,iput,96,10000,32,4,131200,identity,20261005,17719421,1771.942100,1.733690960,0
2604,load,iput,124,10000,32,4,131200,identity,20261005,17704916,1770.491600,2.241185443,0
2605,load,iput,128,10000,32,4,131200,identity,20261005,24953581,2495.358100,1.641447775,0
2606,load,iput,132,10000,32,4,131200,identity,20261005,24760850,2476.085000,1.705918819,0
2607,load,iput,192,10000,32,4,131200,identity,20261005,32579609,3257.960900,1.885842154,0
2608,load,iput,252,10000,32,4,131200,identity,20261005,19836821,1983.682100,4.065167498,0
2609,load,iput,256,10000,32,4,131200,identity,20261005,28563994,2856.399400,2.867946268,0
2610,load,iput,260,10000,32,4,131200,identity,20261005,28680709,2868.070900,2.900904577,0
2611,load,iput,384,10000,32,4,131200,identity,20261005,33852363,3385.236300,3.629879545,0
2612,load,iput,512,10000,32,4,131200,identity,20261005,38660868,3866.086800,4.237876915,0
2613,load,iput,768,10000,32,4,131200,identity,20261005,46017546,4601.754600,5.340571616,0
2614,load,iput,1024,1000,32,4,131200,identity,20261005,5700127,5700.127000,5.748643846,0
2615,load,iput,1536,1000,32,4,131200,identity,20261005,6781462,6781.462000,7.247994606,0
2616,load,iput,2048,1000,32,4,131200,identity,20261005,8139748,8139.748000,8.051354907,0
2617,load,iput,3072,1000,32,4,131200,identity,20261005,10252481,10252.481000,9.588313307,0
2618,load,iput,4096,1000,32,4,131200,identity,20261005,12456200,12456.200000,10.522631300,0
2619,load,iput,6144,1000,32,4,131200,identity,20261005,15210322,15210.322000,12.925959095,0
2620,load,iput,8192,1000,32,4,131200,identity,20261005,19507801,19507.801000,13.437906200,0
2621,load,iput,12288,1000,32,4,131200,identity,20261005,26677800,26677.800000,14.739446281,0
2622,load,iput,16384,1000,32,4,131200,identity,20261005,34010525,34010.525000,15.415463301,0
2623,load,iput,24576,1000,32,4,131200,identity,20261005,48238428,48238.428000,16.303018830,0
2624,load,iput,32768,1000,32,4,131200,identity,20261005,62248676,62248.676000,16.844952654,0
2625,load,iput,49152,1000,32,4,131200,identity,20261005,89681823,89681.823000,17.538269712,0
2626,load,iput,65536,1000,32,4,131200,identity,20261005,117626439,117626.439000,17.828916848,0
2627,load,iput,98304,1000,32,4,131200,identity,20261005,173554655,173554.655000,18.125287391,0
2628,load,iput,131072,1000,32,4,131200,identity,20261005,232521030,232521.030000,18.038385603,0
2629,load,iput,8,10000,64,0,131200,identity,20261005,19149201,1914.920100,0.267374080,0
2630,load,iput,16,10000,64,0,131200,identity,20261005,19139614,1913.961400,0.535016014,0
2631,load,iput,32,10000,64,0,131200,identity,20261005,19134083,1913.408300,1.070341338,0
2632,load,iput,64,10000,64,0,131200,identity,20261005,19180634,1918.063400,2.135487284,0
2633,load,iput,96,10000,64,0,131200,identity,20261005,19160633,1916.063300,3.206574647,0
2634,load,iput,124,10000,64,0,131200,identity,20261005,35754094,3575.409400,2.219605956,0
2635,load,iput,128,10000,64,0,131200,identity,20261005,4338484,433.848400,18.882171745,0
2636,load,iput,132,10000,64,0,131200,identity,20261005,27351912,2735.191200,3.088632341,0
2637,load,iput,192,10000,64,0,131200,identity,20261005,27196223,2719.622300,4.518274468,0
2638,load,iput,252,10000,64,0,131200,identity,20261005,42852025,4285.202500,3.763649442,0
2639,load,iput,256,10000,64,0,131200,identity,20261005,8832426,883.242600,18.549829911,0
2640,load,iput,260,10000,64,0,131200,identity,20261005,35173949,3517.394900,4.730773903,0
2641,load,iput,384,10000,64,0,131200,identity,20261005,14490003,1449.000300,16.960659014,0
2642,load,iput,512,10000,64,0,131200,identity,20261005,20998136,2099.813600,15.605194671,0
2643,load,iput,768,10000,64,0,131200,identity,20261005,34400827,3440.082700,14.288028599,0
2644,load,iput,1024,1000,64,0,131200,identity,20261005,4734007,4734.007000,13.843663518,0
2645,load,iput,1536,1000,64,0,131200,identity,20261005,6878675,6878.675000,14.291124381,0
2646,load,iput,2048,1000,64,0,131200,identity,20261005,9002291,9002.291000,14.559849265,0
2647,load,iput,3072,1000,64,0,131200,identity,20261005,13340298,13340.298000,14.737901657,0
2648,load,iput,4096,1000,64,0,131200,identity,20261005,17354536,17354.536000,15.105215144,0
2649,load,iput,6144,1000,64,0,131200,identity,20261005,25688401,25688.401000,15.307141928,0
2650,load,iput,8192,1000,64,0,131200,identity,20261005,34800787,34800.787000,15.065406423,0
2651,load,iput,12288,1000,64,0,131200,identity,20261005,51251229,51251.229000,15.344646662,0
2652,load,iput,16384,1000,64,0,131200,identity,20261005,67993278,67993.278000,15.421759780,0
2653,load,iput,24576,1000,64,0,131200,identity,20261005,101548927,101548.927000,15.488730866,0
2654,load,iput,32768,1000,64,0,131200,identity,20261005,134806619,134806.619000,15.556743545,0
2655,load,iput,49152,1000,64,0,131200,identity,20261005,202305707,202305.707000,15.549378446,0
2656,load,iput,65536,1000,64,0,131200,identity,20261005,269338670,269338.670000,15.572602330,0
2657,load,iput,98304,1000,64,0,131200,identity,20261005,404740531,404740.531000,15.544418011,0
2658,load,iput,131072,1000,64,0,131200,identity,20261005,549936966,549936.966000,15.253762738,0
2659,load,iput,8,10000,64,4,131200,identity,20261005,19065527,1906.552700,0.268547520,0
2660,load,iput,16,10000,64,4,131200,identity,20261005,19060217,1906.021700,0.537244670,0
2661,load,iput,32,10000,64,4,131200,identity,20261005,19072232,1907.223200,1.073812441,0
2662,load,iput,64,10000,64,4,131200,identity,20261005,35717372,3571.737200,1.146780900,0
2663,load,iput,96,10000,64,4,131200,identity,20261005,35721725,3572.172500,1.719961732,0
2664,load,iput,124,10000,64,4,131200,identity,20261005,35740590,3574.059000,2.220444598,0
2665,load,iput,128,10000,64,4,131200,identity,20261005,51769955,5176.995500,1.582384995,0
2666,load,iput,132,10000,64,4,131200,identity,20261005,51663385,5166.338500,1.635200636,0
2667,load,iput,192,10000,64,4,131200,identity,20261005,66763862,6676.386200,1.840516656,0
2668,load,iput,252,10000,64,4,131200,identity,20261005,43798736,4379.873600,3.682298046,0
2669,load,iput,256,10000,64,4,131200,identity,20261005,60676960,6067.696000,2.700201197,0
2670,load,iput,260,10000,64,4,131200,identity,20261005,60633166,6063.316600,2.744372610,0
2671,load,iput,384,10000,64,4,131200,identity,20261005,72325895,7232.589500,3.397953112,0
2672,load,iput,512,10000,64,4,131200,identity,20261005,82493801,8249.380100,3.972177255,0
2673,load,iput,768,10000,64,4,131200,identity,20261005,101944884,10194.488400,4.821428803,0
2674,load,iput,1024,1000,64,4,131200,identity,20261005,11640645,11640.645000,5.629928582,0
2675,load,iput,1536,1000,64,4,131200,identity,20261005,14175323,14175.323000,6.934868433,0
2676,load,iput,2048,1000,64,4,131200,identity,20261005,15456694,15456.694000,8.479950499,0
2677,load,iput,3072,1000,64,4,131200,identity,20261005,20954617,20954.617000,9.382562325,0
2678,load,iput,4096,1000,64,4,131200,identity,20261005,24452044,24452.044000,10.720739747,0
2679,load,iput,6144,1000,64,4,131200,identity,20261005,33442550,33442.550000,11.757955060,0
2680,load,iput,8192,1000,64,4,131200,identity,20261005,42469460,42469.460000,12.345059250,0
2681,load,iput,12288,1000,64,4,131200,identity,20261005,60330262,60330.262000,13.035448114,0
2682,load,iput,16384,1000,64,4,131200,identity,20261005,77860514,77860.514000,13.467365499,0
2683,load,iput,24576,1000,64,4,131200,identity,20261005,112875913,112875.913000,13.934452074,0
2684,load,iput,32768,1000,64,4,131200,identity,20261005,146609516,146609.516000,14.304337517,0
2685,load,iput,49152,1000,64,4,131200,identity,20261005,213899193,213899.193000,14.706591249,0
2686,load,iput,65536,1000,64,4,131200,identity,20261005,280560408,280560.408000,14.949735887,0
2687,load,iput,98304,1000,64,4,131200,identity,20261005,417274504,417274.504000,15.077499199,0
2688,load,iput,131072,1000,64,4,131200,identity,20261005,558266663,558266.663000,15.026166805,0
